ToolCount,ToolInfo,Frame#,PortHandle,Face#,timespec_s,timespec_ns,TransformStatus,Q0,Qx,Qy,Qz,Tx,Ty,Tz,Error,#Markers
1,,278190,Port:10,0,0,0,Missing,,,,,,,,,0
1,,278206,Port:10,0,0,0,Missing,,,,,,,,,0
1,,278222,Port:10,0,0,0,Missing,,,,,,,,,0
1,,278230,Port:10,0,0,0,Missing,,,,,,,,,0
1,,278246,Port:10,0,0,0,Missing,,,,,,,,,0
1,,278262,Port:10,0,0,0,Missing,,,,,,,,,0
1,,278278,Port:10,0,0,0,Missing,,,,,,,,,0
1,,278294,Port:10,0,0,0,Missing,,,,,,,,,0
1,,278310,Port:10,0,0,0,Missing,,,,,,,,,0
1,,278326,Port:10,0,0,0,Missing,,,,,,,,,0
1,,278350,Port:10,0,0,0,Missing,,,,,,,,,0
1,,278366,Port:10,0,0,0,Missing,,,,,,,,,0
1,,278382,Port:10,0,0,0,Missing,,,,,,,,,0
1,,278398,Port:10,0,0,0,Missing,,,,,,,,,0
1,,278414,Port:10,0,0,0,Missing,,,,,,,,,0
1,,278430,Port:10,0,0,0,Missing,,,,,,,,,0
1,,278446,Port:10,0,0,0,Missing,,,,,,,,,0
1,,278462,Port:10,0,0,0,Missing,,,,,,,,,0
1,,278470,Port:10,0,0,0,Missing,,,,,,,,,0
1,,278486,Port:10,0,0,0,Missing,,,,,,,,,0
1,,278502,Port:10,0,0,0,Missing,,,,,,,,,0
1,,278518,Port:10,0,0,0,Missing,,,,,,,,,0
1,,278534,Port:10,0,0,0,Missing,,,,,,,,,0
1,,278550,Port:10,0,0,0,Missing,,,,,,,,,0
1,,278566,Port:10,0,0,0,Missing,,,,,,,,,0
1,,278590,Port:10,0,0,0,Missing,,,,,,,,,0
1,,278606,Port:10,0,0,0,Missing,,,,,,,,,0
1,,278622,Port:10,0,0,0,Missing,,,,,,,,,0
1,,278638,Port:10,0,0,0,Missing,,,,,,,,,0
1,,278654,Port:10,0,0,0,Missing,,,,,,,,,0
1,,278670,Port:10,0,0,0,Missing,,,,,,,,,0
1,,278686,Port:10,0,0,0,Missing,,,,,,,,,0
1,,278702,Port:10,0,0,0,Missing,,,,,,,,,0
1,,278710,Port:10,0,0,0,Missing,,,,,,,,,0
1,,278726,Port:10,0,0,0,Missing,,,,,,,,,0
1,,278742,Port:10,0,0,0,Missing,,,,,,,,,0
1,,278758,Port:10,0,0,0,Missing,,,,,,,,,0
1,,278774,Port:10,0,0,0,Missing,,,,,,,,,0
1,,278790,Port:10,0,0,0,Missing,,,,,,,,,0
1,,278806,Port:10,0,0,0,Missing,,,,,,,,,0
1,,278838,Port:10,0,0,0,Missing,,,,,,,,,0
1,,278846,Port:10,0,0,0,Missing,,,,,,,,,0
1,,278862,Port:10,0,0,0,Missing,,,,,,,,,0
1,,278878,Port:10,0,0,0,Missing,,,,,,,,,0
1,,278894,Port:10,0,0,0,Missing,,,,,,,,,0
1,,278910,Port:10,0,0,0,Missing,,,,,,,,,0
1,,278926,Port:10,0,0,0,Missing,,,,,,,,,0
1,,278942,Port:10,0,0,0,Missing,,,,,,,,,0
1,,278950,Port:10,0,0,0,Missing,,,,,,,,,0
1,,278966,Port:10,0,0,0,Missing,,,,,,,,,0
1,,278982,Port:10,0,0,0,Missing,,,,,,,,,0
1,,278998,Port:10,0,0,0,Missing,,,,,,,,,0
1,,279014,Port:10,0,0,0,Missing,,,,,,,,,0
1,,279030,Port:10,0,0,0,Missing,,,,,,,,,0
1,,279046,Port:10,0,0,0,Missing,,,,,,,,,0
1,,279078,Port:10,0,0,0,Missing,,,,,,,,,0
1,,279086,Port:10,0,0,0,Missing,,,,,,,,,0
1,,279102,Port:10,0,0,0,Missing,,,,,,,,,0
1,,279118,Port:10,0,0,0,Missing,,,,,,,,,0
1,,279134,Port:10,0,0,0,Missing,,,,,,,,,0
1,,279150,Port:10,0,0,0,Missing,,,,,,,,,0
1,,279166,Port:10,0,0,0,Missing,,,,,,,,,0
1,,279182,Port:10,0,0,0,Missing,,,,,,,,,0
1,,279190,Port:10,0,0,0,Missing,,,,,,,,,0
1,,279206,Port:10,0,0,0,Missing,,,,,,,,,0
1,,279222,Port:10,0,0,0,Missing,,,,,,,,,0
1,,279246,Port:10,0,0,0,Missing,,,,,,,,,0
1,,279254,Port:10,0,0,0,Missing,,,,,,,,,0
1,,279270,Port:10,0,0,0,Missing,,,,,,,,,0
1,,279286,Port:10,0,0,0,Missing,,,,,,,,,0
1,,279310,Port:10,0,0,0,Missing,,,,,,,,,0
1,,279326,Port:10,0,0,0,Missing,,,,,,,,,0
1,,279342,Port:10,0,0,0,Missing,,,,,,,,,0
1,,279366,Port:10,0,0,0,Missing,,,,,,,,,0
1,,279374,Port:10,0,0,0,Missing,,,,,,,,,0
1,,279390,Port:10,0,0,0,Missing,,,,,,,,,0
1,,279406,Port:10,0,0,0,Missing,,,,,,,,,0
1,,279422,Port:10,0,0,0,Missing,,,,,,,,,0
1,,279438,Port:10,0,0,0,Missing,,,,,,,,,0
1,,279446,Port:10,0,0,0,Missing,,,,,,,,,0
1,,279462,Port:10,0,0,0,Missing,,,,,,,,,0
1,,279486,Port:10,0,0,0,Missing,,,,,,,,,0
1,,279494,Port:10,0,0,0,Missing,,,,,,,,,0
1,,279510,Port:10,0,0,0,Missing,,,,,,,,,0
1,,279526,Port:10,0,0,0,Missing,,,,,,,,,0
1,,279558,Port:10,0,0,0,Missing,,,,,,,,,0
1,,279566,Port:10,0,0,0,Missing,,,,,,,,,0
1,,279582,Port:10,0,0,0,Missing,,,,,,,,,0
1,,279606,Port:10,0,0,0,Missing,,,,,,,,,0
1,,279614,Port:10,0,0,0,Missing,,,,,,,,,0
1,,279630,Port:10,0,0,0,Missing,,,,,,,,,0
1,,279646,Port:10,0,0,0,Missing,,,,,,,,,0
1,,279662,Port:10,0,0,0,Missing,,,,,,,,,0
1,,279678,Port:10,0,0,0,Missing,,,,,,,,,0
1,,279686,Port:10,0,0,0,Missing,,,,,,,,,0
1,,279702,Port:10,0,0,0,Missing,,,,,,,,,0
1,,279718,Port:10,0,0,0,Missing,,,,,,,,,0
1,,279734,Port:10,0,0,0,Missing,,,,,,,,,0
1,,279750,Port:10,0,0,0,Missing,,,,,,,,,0
1,,279766,Port:10,0,0,0,Missing,,,,,,,,,0
1,,279798,Port:10,0,0,0,Missing,,,,,,,,,0
1,,279806,Port:10,0,0,0,Missing,,,,,,,,,0
1,,279822,Port:10,0,0,0,Missing,,,,,,,,,0
1,,279846,Port:10,0,0,0,Missing,,,,,,,,,0
1,,279854,Port:10,0,0,0,Missing,,,,,,,,,0
1,,279870,Port:10,0,0,0,Missing,,,,,,,,,0
1,,279886,Port:10,0,0,0,Missing,,,,,,,,,0
1,,279902,Port:10,0,0,0,Missing,,,,,,,,,0
1,,279918,Port:10,0,0,0,Missing,,,,,,,,,0
1,,279926,Port:10,0,0,0,Missing,,,,,,,,,0
1,,279942,Port:10,0,0,0,Missing,,,,,,,,,0
1,,279966,Port:10,0,0,0,Missing,,,,,,,,,0
1,,279974,Port:10,0,0,0,Missing,,,,,,,,,0
1,,279990,Port:10,0,0,0,Missing,,,,,,,,,0
1,,280022,Port:10,0,0,0,Missing,,,,,,,,,0
1,,280038,Port:10,0,0,0,Missing,,,,,,,,,0
1,,280046,Port:10,0,0,0,Missing,,,,,,,,,0
1,,280062,Port:10,0,0,0,Missing,,,,,,,,,0
1,,280086,Port:10,0,0,0,Missing,,,,,,,,,0
1,,280094,Port:10,0,0,0,Missing,,,,,,,,,0
1,,280110,Port:10,0,0,0,Missing,,,,,,,,,0
1,,280126,Port:10,0,0,0,Missing,,,,,,,,,0
1,,280142,Port:10,0,0,0,Missing,,,,,,,,,0
1,,280158,Port:10,0,0,0,Missing,,,,,,,,,0
1,,280166,Port:10,0,0,0,Missing,,,,,,,,,0
1,,280182,Port:10,0,0,0,Missing,,,,,,,,,0
1,,280206,Port:10,0,0,0,Missing,,,,,,,,,0
1,,280214,Port:10,0,0,0,Missing,,,,,,,,,0
1,,280230,Port:10,0,0,0,Missing,,,,,,,,,0
1,,280262,Port:10,0,0,0,Missing,,,,,,,,,0
1,,280278,Port:10,0,0,0,Missing,,,,,,,,,0
1,,280286,Port:10,0,0,0,Missing,,,,,,,,,0
1,,280302,Port:10,0,0,0,Missing,,,,,,,,,0
1,,280326,Port:10,0,0,0,Missing,,,,,,,,,0
1,,280334,Port:10,0,0,0,Missing,,,,,,,,,0
1,,280350,Port:10,0,0,0,Missing,,,,,,,,,0
1,,280366,Port:10,0,0,0,Missing,,,,,,,,,0
1,,280382,Port:10,0,0,0,Missing,,,,,,,,,0
1,,280398,Port:10,0,0,0,Missing,,,,,,,,,0
1,,280406,Port:10,0,0,0,Missing,,,,,,,,,0
1,,280430,Port:10,0,0,0,Missing,,,,,,,,,0
1,,280446,Port:10,0,0,0,Missing,,,,,,,,,0
1,,280454,Port:10,0,0,0,Missing,,,,,,,,,0
1,,280470,Port:10,0,0,0,Missing,,,,,,,,,0
1,,280502,Port:10,0,0,0,Missing,,,,,,,,,0
1,,280518,Port:10,0,0,0,Missing,,,,,,,,,0
1,,280526,Port:10,0,0,0,Missing,,,,,,,,,0
1,,280550,Port:10,0,0,0,Missing,,,,,,,,,0
1,,280566,Port:10,0,0,0,Missing,,,,,,,,,0
1,,280574,Port:10,0,0,0,Missing,,,,,,,,,0
1,,280590,Port:10,0,0,0,Missing,,,,,,,,,0
1,,280606,Port:10,0,0,0,Missing,,,,,,,,,0
1,,280622,Port:10,0,0,0,Missing,,,,,,,,,0
1,,280638,Port:10,0,0,0,Missing,,,,,,,,,0
1,,280646,Port:10,0,0,0,Missing,,,,,,,,,0
1,,280670,Port:10,0,0,0,Missing,,,,,,,,,0
1,,280686,Port:10,0,0,0,Missing,,,,,,,,,0
1,,280694,Port:10,0,0,0,Missing,,,,,,,,,0
1,,280710,Port:10,0,0,0,Missing,,,,,,,,,0
1,,280742,Port:10,0,0,0,Missing,,,,,,,,,0
1,,280758,Port:10,0,0,0,Missing,,,,,,,,,0
1,,280766,Port:10,0,0,0,Missing,,,,,,,,,0
1,,280790,Port:10,0,0,0,Missing,,,,,,,,,0
1,,280806,Port:10,0,0,0,Missing,,,,,,,,,0
1,,280814,Port:10,0,0,0,Missing,,,,,,,,,0
1,,280830,Port:10,0,0,0,Missing,,,,,,,,,0
1,,280846,Port:10,0,0,0,Missing,,,,,,,,,0
1,,280862,Port:10,0,0,0,Missing,,,,,,,,,0
1,,280878,Port:10,0,0,0,Missing,,,,,,,,,0
1,,280886,Port:10,0,0,0,Missing,,,,,,,,,0
1,,280910,Port:10,0,0,0,Missing,,,,,,,,,0
1,,280926,Port:10,0,0,0,Missing,,,,,,,,,0
1,,280934,Port:10,0,0,0,Missing,,,,,,,,,0
1,,280950,Port:10,0,0,0,Missing,,,,,,,,,0
1,,280982,Port:10,0,0,0,Missing,,,,,,,,,0
1,,280998,Port:10,0,0,0,Missing,,,,,,,,,0
1,,281006,Port:10,0,0,0,Missing,,,,,,,,,0
1,,281030,Port:10,0,0,0,Missing,,,,,,,,,0
1,,281046,Port:10,0,0,0,Missing,,,,,,,,,0
1,,281054,Port:10,0,0,0,Missing,,,,,,,,,0
1,,281070,Port:10,0,0,0,Missing,,,,,,,,,0
1,,281086,Port:10,0,0,0,Missing,,,,,,,,,0
1,,281102,Port:10,0,0,0,Missing,,,,,,,,,0
1,,281118,Port:10,0,0,0,Missing,,,,,,,,,0
1,,281126,Port:10,0,0,0,Missing,,,,,,,,,0
1,,281150,Port:10,0,0,0,Missing,,,,,,,,,0
1,,281166,Port:10,0,0,0,Missing,,,,,,,,,0
1,,281174,Port:10,0,0,0,Missing,,,,,,,,,0
1,,281190,Port:10,0,0,0,Missing,,,,,,,,,0
1,,281222,Port:10,0,0,0,Missing,,,,,,,,,0
1,,281238,Port:10,0,0,0,Missing,,,,,,,,,0
1,,281246,Port:10,0,0,0,Missing,,,,,,,,,0
1,,281270,Port:10,0,0,0,Missing,,,,,,,,,0
1,,281286,Port:10,0,0,0,Missing,,,,,,,,,0
1,,281294,Port:10,0,0,0,Missing,,,,,,,,,0
1,,281310,Port:10,0,0,0,Missing,,,,,,,,,0
1,,281326,Port:10,0,0,0,Missing,,,,,,,,,0
1,,281342,Port:10,0,0,0,Missing,,,,,,,,,0
1,,281358,Port:10,0,0,0,Missing,,,,,,,,,0
1,,281366,Port:10,0,0,0,Missing,,,,,,,,,0
1,,281390,Port:10,0,0,0,Missing,,,,,,,,,0
1,,281406,Port:10,0,0,0,Missing,,,,,,,,,0
1,,281414,Port:10,0,0,0,Missing,,,,,,,,,0
1,,281446,Port:10,0,0,0,Missing,,,,,,,,,0
1,,281462,Port:10,0,0,0,Missing,,,,,,,,,0
1,,281478,Port:10,0,0,0,Missing,,,,,,,,,0
1,,281494,Port:10,0,0,0,Missing,,,,,,,,,0
1,,281510,Port:10,0,0,0,Missing,,,,,,,,,0
1,,281526,Port:10,0,0,0,Missing,,,,,,,,,0
1,,281534,Port:10,0,0,0,Missing,,,,,,,,,0
1,,281550,Port:10,0,0,0,Missing,,,,,,,,,0
1,,281566,Port:10,0,0,0,Missing,,,,,,,,,0
1,,281582,Port:10,0,0,0,Missing,,,,,,,,,0
1,,281598,Port:10,0,0,0,Missing,,,,,,,,,0
1,,281614,Port:10,0,0,0,Missing,,,,,,,,,0
1,,281630,Port:10,0,0,0,Missing,,,,,,,,,0
1,,281646,Port:10,0,0,0,Missing,,,,,,,,,0
1,,281654,Port:10,0,0,0,Missing,,,,,,,,,0
1,,281670,Port:10,0,0,0,Missing,,,,,,,,,0
1,,281702,Port:10,0,0,0,Missing,,,,,,,,,0
1,,281718,Port:10,0,0,0,Missing,,,,,,,,,0
1,,281734,Port:10,0,0,0,Missing,,,,,,,,,0
1,,281750,Port:10,0,0,0,Missing,,,,,,,,,0
1,,281766,Port:10,0,0,0,Missing,,,,,,,,,0
1,,281774,Port:10,0,0,0,Missing,,,,,,,,,0
1,,281790,Port:10,0,0,0,Missing,,,,,,,,,0
1,,281806,Port:10,0,0,0,Missing,,,,,,,,,0
1,,281822,Port:10,0,0,0,Missing,,,,,,,,,0
1,,281838,Port:10,0,0,0,Missing,,,,,,,,,0
1,,281854,Port:10,0,0,0,Missing,,,,,,,,,0
1,,281870,Port:10,0,0,0,Missing,,,,,,,,,0
1,,281886,Port:10,0,0,0,Missing,,,,,,,,,0
1,,281894,Port:10,0,0,0,Missing,,,,,,,,,0
1,,281910,Port:10,0,0,0,Missing,,,,,,,,,0
1,,281942,Port:10,0,0,0,Missing,,,,,,,,,0
1,,281958,Port:10,0,0,0,Missing,,,,,,,,,0
1,,281974,Port:10,0,0,0,Missing,,,,,,,,,0
1,,281990,Port:10,0,0,0,Missing,,,,,,,,,0
1,,282006,Port:10,0,0,0,Missing,,,,,,,,,0
1,,282014,Port:10,0,0,0,Missing,,,,,,,,,0
1,,282030,Port:10,0,0,0,Missing,,,,,,,,,0
1,,282046,Port:10,0,0,0,Missing,,,,,,,,,0
1,,282062,Port:10,0,0,0,Missing,,,,,,,,,0
1,,282078,Port:10,0,0,0,Missing,,,,,,,,,0
1,,282094,Port:10,0,0,0,Missing,,,,,,,,,0
1,,282110,Port:10,0,0,0,Missing,,,,,,,,,0
1,,282126,Port:10,0,0,0,Missing,,,,,,,,,0
1,,282134,Port:10,0,0,0,Missing,,,,,,,,,0
1,,282150,Port:10,0,0,0,Missing,,,,,,,,,0
1,,282182,Port:10,0,0,0,Missing,,,,,,,,,0
1,,282198,Port:10,0,0,0,Missing,,,,,,,,,0
1,,282214,Port:10,0,0,0,Missing,,,,,,,,,0
1,,282230,Port:10,0,0,0,Missing,,,,,,,,,0
1,,282246,Port:10,0,0,0,Missing,,,,,,,,,0
1,,282254,Port:10,0,0,0,Missing,,,,,,,,,0
1,,282270,Port:10,0,0,0,Missing,,,,,,,,,0
1,,282286,Port:10,0,0,0,Missing,,,,,,,,,0
1,,282302,Port:10,0,0,0,Missing,,,,,,,,,0
1,,282318,Port:10,0,0,0,Missing,,,,,,,,,0
1,,282334,Port:10,0,0,0,Missing,,,,,,,,,0
1,,282350,Port:10,0,0,0,Missing,,,,,,,,,0
1,,282366,Port:10,0,0,0,Missing,,,,,,,,,0
1,,282374,Port:10,0,0,0,Missing,,,,,,,,,0
1,,282390,Port:10,0,0,0,Missing,,,,,,,,,0
1,,282422,Port:10,0,0,0,Missing,,,,,,,,,0
1,,282438,Port:10,0,0,0,Missing,,,,,,,,,0
1,,282454,Port:10,0,0,0,Missing,,,,,,,,,0
1,,282470,Port:10,0,0,0,Missing,,,,,,,,,0
1,,282486,Port:10,0,0,0,Missing,,,,,,,,,0
1,,282494,Port:10,0,0,0,Missing,,,,,,,,,0
1,,282510,Port:10,0,0,0,Missing,,,,,,,,,0
1,,282526,Port:10,0,0,0,Missing,,,,,,,,,0
1,,282542,Port:10,0,0,0,Missing,,,,,,,,,0
1,,282558,Port:10,0,0,0,Missing,,,,,,,,,0
1,,282574,Port:10,0,0,0,Missing,,,,,,,,,0
1,,282590,Port:10,0,0,0,Missing,,,,,,,,,0
1,,282606,Port:10,0,0,0,Missing,,,,,,,,,0
1,,282614,Port:10,0,0,0,Missing,,,,,,,,,0
1,,282630,Port:10,0,0,0,Missing,,,,,,,,,0
1,,282662,Port:10,0,0,0,Missing,,,,,,,,,0
1,,282678,Port:10,0,0,0,Missing,,,,,,,,,0
1,,282694,Port:10,0,0,0,Missing,,,,,,,,,0
1,,282710,Port:10,0,0,0,Missing,,,,,,,,,0
1,,282726,Port:10,0,0,0,Missing,,,,,,,,,0
1,,282734,Port:10,0,0,0,Missing,,,,,,,,,0
1,,282750,Port:10,0,0,0,Missing,,,,,,,,,0
1,,282766,Port:10,0,0,0,Missing,,,,,,,,,0
1,,282782,Port:10,0,0,0,Missing,,,,,,,,,0
1,,282798,Port:10,0,0,0,Missing,,,,,,,,,0
1,,282814,Port:10,0,0,0,Missing,,,,,,,,,0
1,,282830,Port:10,0,0,0,Missing,,,,,,,,,0
1,,282846,Port:10,0,0,0,Missing,,,,,,,,,0
1,,282862,Port:10,0,0,0,Missing,,,,,,,,,0
1,,282886,Port:10,0,0,0,Missing,,,,,,,,,0
1,,282902,Port:10,0,0,0,Missing,,,,,,,,,0
1,,282918,Port:10,0,0,0,Missing,,,,,,,,,0
1,,282934,Port:10,0,0,0,Missing,,,,,,,,,0
1,,282950,Port:10,0,0,0,Missing,,,,,,,,,0
1,,282966,Port:10,0,0,0,Missing,,,,,,,,,0
1,,282974,Port:10,0,0,0,Missing,,,,,,,,,0
1,,282990,Port:10,0,0,0,Missing,,,,,,,,,0
1,,283006,Port:10,0,0,0,Missing,,,,,,,,,0
1,,283022,Port:10,0,0,0,Missing,,,,,,,,,0
1,,283038,Port:10,0,0,0,Missing,,,,,,,,,0
1,,283054,Port:10,0,0,0,Missing,,,,,,,,,0
1,,283070,Port:10,0,0,0,Missing,,,,,,,,,0
1,,283086,Port:10,0,0,0,Missing,,,,,,,,,0
1,,283094,Port:10,0,0,0,Missing,,,,,,,,,0
1,,283126,Port:10,0,0,0,Missing,,,,,,,,,0
1,,283142,Port:10,0,0,0,Missing,,,,,,,,,0
1,,283158,Port:10,0,0,0,Missing,,,,,,,,,0
1,,283174,Port:10,0,0,0,Missing,,,,,,,,,0
1,,283190,Port:10,0,0,0,Missing,,,,,,,,,0
1,,283206,Port:10,0,0,0,Missing,,,,,,,,,0
1,,283214,Port:10,0,0,0,Missing,,,,,,,,,0
1,,283230,Port:10,0,0,0,Missing,,,,,,,,,0
1,,283246,Port:10,0,0,0,Missing,,,,,,,,,0
1,,283262,Port:10,0,0,0,Missing,,,,,,,,,0
1,,283278,Port:10,0,0,0,Missing,,,,,,,,,0
1,,283294,Port:10,0,0,0,Missing,,,,,,,,,0
1,,283310,Port:10,0,0,0,Missing,,,,,,,,,0
1,,283326,Port:10,0,0,0,Missing,,,,,,,,,0
1,,283334,Port:10,0,0,0,Missing,,,,,,,,,0
1,,283366,Port:10,0,0,0,Missing,,,,,,,,,0
1,,283382,Port:10,0,0,0,Missing,,,,,,,,,0
1,,283398,Port:10,0,0,0,Missing,,,,,,,,,0
1,,283414,Port:10,0,0,0,Missing,,,,,,,,,0
1,,283430,Port:10,0,0,0,Missing,,,,,,,,,0
1,,283446,Port:10,0,0,0,Missing,,,,,,,,,0
1,,283454,Port:10,0,0,0,Missing,,,,,,,,,0
1,,283470,Port:10,0,0,0,Missing,,,,,,,,,0
1,,283486,Port:10,0,0,0,Missing,,,,,,,,,0
1,,283502,Port:10,0,0,0,Missing,,,,,,,,,0
1,,283518,Port:10,0,0,0,Missing,,,,,,,,,0
1,,283534,Port:10,0,0,0,Missing,,,,,,,,,0
1,,283550,Port:10,0,0,0,Missing,,,,,,,,,0
1,,283566,Port:10,0,0,0,Missing,,,,,,,,,0
1,,283574,Port:10,0,0,0,Missing,,,,,,,,,0
1,,283606,Port:10,0,0,0,Missing,,,,,,,,,0
1,,283622,Port:10,0,0,0,Missing,,,,,,,,,0
1,,283638,Port:10,0,0,0,Missing,,,,,,,,,0
1,,283654,Port:10,0,0,0,Missing,,,,,,,,,0
1,,283670,Port:10,0,0,0,Missing,,,,,,,,,0
1,,283686,Port:10,0,0,0,Missing,,,,,,,,,0
1,,283694,Port:10,0,0,0,Missing,,,,,,,,,0
1,,283710,Port:10,0,0,0,Missing,,,,,,,,,0
1,,283726,Port:10,0,0,0,Missing,,,,,,,,,0
1,,283742,Port:10,0,0,0,Missing,,,,,,,,,0
1,,283758,Port:10,0,0,0,Missing,,,,,,,,,0
1,,283774,Port:10,0,0,0,Missing,,,,,,,,,0
1,,283790,Port:10,0,0,0,Missing,,,,,,,,,0
1,,283806,Port:10,0,0,0,Missing,,,,,,,,,0
1,,283814,Port:10,0,0,0,Missing,,,,,,,,,0
1,,283846,Port:10,0,0,0,Missing,,,,,,,,,0
1,,283862,Port:10,0,0,0,Missing,,,,,,,,,0
1,,283878,Port:10,0,0,0,Missing,,,,,,,,,0
1,,283894,Port:10,0,0,0,Missing,,,,,,,,,0
1,,283910,Port:10,0,0,0,Missing,,,,,,,,,0
1,,283926,Port:10,0,0,0,Missing,,,,,,,,,0
1,,283934,Port:10,0,0,0,Missing,,,,,,,,,0
1,,283950,Port:10,0,0,0,Missing,,,,,,,,,0
1,,283966,Port:10,0,0,0,Missing,,,,,,,,,0
1,,283982,Port:10,0,0,0,Missing,,,,,,,,,0
1,,283998,Port:10,0,0,0,Missing,,,,,,,,,0
1,,284014,Port:10,0,0,0,Missing,,,,,,,,,0
1,,284030,Port:10,0,0,0,Missing,,,,,,,,,0
1,,284046,Port:10,0,0,0,Missing,,,,,,,,,0
1,,284054,Port:10,0,0,0,Missing,,,,,,,,,0
1,,284086,Port:10,0,0,0,Missing,,,,,,,,,0
1,,284102,Port:10,0,0,0,Missing,,,,,,,,,0
1,,284118,Port:10,0,0,0,Missing,,,,,,,,,0
1,,284134,Port:10,0,0,0,Missing,,,,,,,,,0
1,,284150,Port:10,0,0,0,Missing,,,,,,,,,0
1,,284166,Port:10,0,0,0,Missing,,,,,,,,,0
1,,284174,Port:10,0,0,0,Missing,,,,,,,,,0
1,,284190,Port:10,0,0,0,Missing,,,,,,,,,0
1,,284206,Port:10,0,0,0,Missing,,,,,,,,,0
1,,284222,Port:10,0,0,0,Missing,,,,,,,,,0
1,,284238,Port:10,0,0,0,Missing,,,,,,,,,0
1,,284254,Port:10,0,0,0,Missing,,,,,,,,,0
1,,284270,Port:10,0,0,0,Missing,,,,,,,,,0
1,,284286,Port:10,0,0,0,Missing,,,,,,,,,0
1,,284310,Port:10,0,0,0,Missing,,,,,,,,,0
1,,284334,Port:10,0,0,0,Missing,,,,,,,,,0
1,,284342,Port:10,0,0,0,Missing,,,,,,,,,0
1,,284358,Port:10,0,0,0,Missing,,,,,,,,,0
1,,284374,Port:10,0,0,0,Missing,,,,,,,,,0
1,,284390,Port:10,0,0,0,Missing,,,,,,,,,0
1,,284406,Port:10,0,0,0,Missing,,,,,,,,,0
1,,284414,Port:10,0,0,0,Missing,,,,,,,,,0
1,,284430,Port:10,0,0,0,Missing,,,,,,,,,0
1,,284454,Port:10,0,0,0,Missing,,,,,,,,,0
1,,284462,Port:10,0,0,0,Missing,,,,,,,,,0
1,,284478,Port:10,0,0,0,Missing,,,,,,,,,0
1,,284494,Port:10,0,0,0,Missing,,,,,,,,,0
1,,284510,Port:10,0,0,0,Missing,,,,,,,,,0
1,,284526,Port:10,0,0,0,Missing,,,,,,,,,0
1,,284534,Port:10,0,0,0,Missing,,,,,,,,,0
1,,284574,Port:10,0,0,0,Missing,,,,,,,,,0
1,,284582,Port:10,0,0,0,Missing,,,,,,,,,0
1,,284598,Port:10,0,0,0,Missing,,,,,,,,,0
1,,284614,Port:10,0,0,0,Missing,,,,,,,,,0
1,,284630,Port:10,0,0,0,Missing,,,,,,,,,0
1,,284646,Port:10,0,0,0,Missing,,,,,,,,,0
1,,284662,Port:10,0,0,0,Missing,,,,,,,,,0
1,,284670,Port:10,0,0,0,Missing,,,,,,,,,0
1,,284694,Port:10,0,0,0,Missing,,,,,,,,,0
1,,284702,Port:10,0,0,0,Missing,,,,,,,,,0
1,,284718,Port:10,0,0,0,Missing,,,,,,,,,0
1,,284734,Port:10,0,0,0,Missing,,,,,,,,,0
1,,284750,Port:10,0,0,0,Missing,,,,,,,,,0
1,,284766,Port:10,0,0,0,Missing,,,,,,,,,0
1,,284790,Port:10,0,0,0,Missing,,,,,,,,,0
1,,284806,Port:10,0,0,0,Missing,,,,,,,,,0
1,,284822,Port:10,0,0,0,Missing,,,,,,,,,0
1,,284838,Port:10,0,0,0,Missing,,,,,,,,,0
1,,284854,Port:10,0,0,0,Missing,,,,,,,,,0
1,,284870,Port:10,0,0,0,Missing,,,,,,,,,0
1,,284886,Port:10,0,0,0,Missing,,,,,,,,,0
1,,284894,Port:10,0,0,0,Missing,,,,,,,,,0
1,,284910,Port:10,0,0,0,Missing,,,,,,,,,0
1,,284934,Port:10,0,0,0,Missing,,,,,,,,,0
1,,284942,Port:10,0,0,0,Missing,,,,,,,,,0
1,,284958,Port:10,0,0,0,Missing,,,,,,,,,0
1,,284974,Port:10,0,0,0,Missing,,,,,,,,,0
1,,284990,Port:10,0,0,0,Missing,,,,,,,,,0
1,,285006,Port:10,0,0,0,Missing,,,,,,,,,0
1,,285030,Port:10,0,0,0,Missing,,,,,,,,,0
1,,285054,Port:10,0,0,0,Missing,,,,,,,,,0
1,,285062,Port:10,0,0,0,Missing,,,,,,,,,0
1,,285078,Port:10,0,0,0,Missing,,,,,,,,,0
1,,285094,Port:10,0,0,0,Missing,,,,,,,,,0
1,,285110,Port:10,0,0,0,Missing,,,,,,,,,0
1,,285126,Port:10,0,0,0,Missing,,,,,,,,,0
1,,285134,Port:10,0,0,0,Missing,,,,,,,,,0
1,,285150,Port:10,0,0,0,Missing,,,,,,,,,0
1,,285174,Port:10,0,0,0,Missing,,,,,,,,,0
1,,285182,Port:10,0,0,0,Missing,,,,,,,,,0
1,,285198,Port:10,0,0,0,Missing,,,,,,,,,0
1,,285214,Port:10,0,0,0,Missing,,,,,,,,,0
1,,285230,Port:10,0,0,0,Missing,,,,,,,,,0
1,,285246,Port:10,0,0,0,Missing,,,,,,,,,0
1,,285270,Port:10,0,0,0,Missing,,,,,,,,,0
1,,285286,Port:10,0,0,0,Missing,,,,,,,,,0
1,,285302,Port:10,0,0,0,Missing,,,,,,,,,0
1,,285318,Port:10,0,0,0,Missing,,,,,,,,,0
1,,285334,Port:10,0,0,0,Missing,,,,,,,,,0
1,,285350,Port:10,0,0,0,Missing,,,,,,,,,0
1,,285366,Port:10,0,0,0,Missing,,,,,,,,,0
1,,285374,Port:10,0,0,0,Missing,,,,,,,,,0
1,,285398,Port:10,0,0,0,Missing,,,,,,,,,0
1,,285406,Port:10,0,0,0,Missing,,,,,,,,,0
1,,285422,Port:10,0,0,0,Missing,,,,,,,,,0
1,,285438,Port:10,0,0,0,Missing,,,,,,,,,0
1,,285454,Port:10,0,0,0,Missing,,,,,,,,,0
1,,285470,Port:10,0,0,0,Missing,,,,,,,,,0
1,,285486,Port:10,0,0,0,Missing,,,,,,,,,0
1,,285518,Port:10,0,0,0,Missing,,,,,,,,,0
1,,285534,Port:10,0,0,0,Missing,,,,,,,,,0
1,,285542,Port:10,0,0,0,Missing,,,,,,,,,0
1,,285558,Port:10,0,0,0,Missing,,,,,,,,,0
1,,285574,Port:10,0,0,0,Missing,,,,,,,,,0
1,,285590,Port:10,0,0,0,Missing,,,,,,,,,0
1,,285606,Port:10,0,0,0,Missing,,,,,,,,,0
1,,285614,Port:10,0,0,0,Missing,,,,,,,,,0
1,,285638,Port:10,0,0,0,Missing,,,,,,,,,0
1,,285654,Port:10,0,0,0,Missing,,,,,,,,,0
1,,285670,Port:10,0,0,0,Missing,,,,,,,,,0
1,,285678,Port:10,0,0,0,Missing,,,,,,,,,0
1,,285694,Port:10,0,0,0,Missing,,,,,,,,,0
1,,285710,Port:10,0,0,0,Missing,,,,,,,,,0
1,,285726,Port:10,0,0,0,Missing,,,,,,,,,0
1,,285758,Port:10,0,0,0,Missing,,,,,,,,,0
1,,285774,Port:10,0,0,0,Missing,,,,,,,,,0
1,,285782,Port:10,0,0,0,Missing,,,,,,,,,0
1,,285798,Port:10,0,0,0,Missing,,,,,,,,,0
1,,285814,Port:10,0,0,0,Missing,,,,,,,,,0
1,,285830,Port:10,0,0,0,Missing,,,,,,,,,0
1,,285846,Port:10,0,0,0,Missing,,,,,,,,,0
1,,285854,Port:10,0,0,0,Missing,,,,,,,,,0
1,,285878,Port:10,0,0,0,Missing,,,,,,,,,0
1,,285894,Port:10,0,0,0,Missing,,,,,,,,,0
1,,285910,Port:10,0,0,0,Missing,,,,,,,,,0
1,,285918,Port:10,0,0,0,Missing,,,,,,,,,0
1,,285934,Port:10,0,0,0,Missing,,,,,,,,,0
1,,285950,Port:10,0,0,0,Missing,,,,,,,,,0
1,,285966,Port:10,0,0,0,Missing,,,,,,,,,0
1,,285998,Port:10,0,0,0,Missing,,,,,,,,,0
1,,286014,Port:10,0,0,0,Missing,,,,,,,,,0
1,,286022,Port:10,0,0,0,Missing,,,,,,,,,0
1,,286038,Port:10,0,0,0,Missing,,,,,,,,,0
1,,286054,Port:10,0,0,0,Missing,,,,,,,,,0
1,,286070,Port:10,0,0,0,Missing,,,,,,,,,0
1,,286086,Port:10,0,0,0,Missing,,,,,,,,,0
1,,286102,Port:10,0,0,0,Missing,,,,,,,,,0
1,,286118,Port:10,0,0,0,Missing,,,,,,,,,0
1,,286134,Port:10,0,0,0,Missing,,,,,,,,,0
1,,286142,Port:10,0,0,0,Missing,,,,,,,,,0
1,,286158,Port:10,0,0,0,Missing,,,,,,,,,0
1,,286174,Port:10,0,0,0,Missing,,,,,,,,,0
1,,286190,Port:10,0,0,0,Missing,,,,,,,,,0
1,,286214,Port:10,0,0,0,Missing,,,,,,,,,0
1,,286238,Port:10,0,0,0,Missing,,,,,,,,,0
1,,286246,Port:10,0,0,0,Missing,,,,,,,,,0
1,,286262,Port:10,0,0,0,Missing,,,,,,,,,0
1,,286278,Port:10,0,0,0,Missing,,,,,,,,,0
1,,286294,Port:10,0,0,0,Missing,,,,,,,,,0
1,,286310,Port:10,0,0,0,Missing,,,,,,,,,0
1,,286326,Port:10,0,0,0,Missing,,,,,,,,,0
1,,286334,Port:10,0,0,0,Missing,,,,,,,,,0
1,,286358,Port:10,0,0,0,Missing,,,,,,,,,0
1,,286374,Port:10,0,0,0,Missing,,,,,,,,,0
1,,286382,Port:10,0,0,0,Missing,,,,,,,,,0
1,,286398,Port:10,0,0,0,Missing,,,,,,,,,0
1,,286414,Port:10,0,0,0,Missing,,,,,,,,,0
1,,286430,Port:10,0,0,0,Missing,,,,,,,,,0
1,,286446,Port:10,0,0,0,Missing,,,,,,,,,0
1,,286462,Port:10,0,0,0,Missing,,,,,,,,,0
1,,286478,Port:10,0,0,0,Missing,,,,,,,,,0
1,,286494,Port:10,0,0,0,Missing,,,,,,,,,0
1,,286518,Port:10,0,0,0,Missing,,,,,,,,,0
1,,286534,Port:10,0,0,0,Missing,,,,,,,,,0
1,,286550,Port:10,0,0,0,Missing,,,,,,,,,0
1,,286566,Port:10,0,0,0,Missing,,,,,,,,,0
1,,286582,Port:10,0,0,0,Missing,,,,,,,,,0
1,,286598,Port:10,0,0,0,Missing,,,,,,,,,0
1,,286614,Port:10,0,0,0,Missing,,,,,,,,,0
1,,286630,Port:10,0,0,0,Missing,,,,,,,,,0
1,,286638,Port:10,0,0,0,Missing,,,,,,,,,0
1,,286654,Port:10,0,0,0,Missing,,,,,,,,,0
1,,286670,Port:10,0,0,0,Missing,,,,,,,,,0
1,,286686,Port:10,0,0,0,Missing,,,,,,,,,0
1,,286702,Port:10,0,0,0,Missing,,,,,,,,,0
1,,286718,Port:10,0,0,0,Missing,,,,,,,,,0
1,,286750,Port:10,0,0,0,Missing,,,,,,,,,0
1,,286758,Port:10,0,0,0,Missing,,,,,,,,,0
1,,286774,Port:10,0,0,0,Missing,,,,,,,,,0
1,,286790,Port:10,0,0,0,Missing,,,,,,,,,0
1,,286806,Port:10,0,0,0,Missing,,,,,,,,,0
1,,286822,Port:10,0,0,0,Missing,,,,,,,,,0
1,,286838,Port:10,0,0,0,Missing,,,,,,,,,0
1,,286854,Port:10,0,0,0,Missing,,,,,,,,,0
1,,286862,Port:10,0,0,0,Missing,,,,,,,,,0
1,,286878,Port:10,0,0,0,Missing,,,,,,,,,0
1,,286894,Port:10,0,0,0,Missing,,,,,,,,,0
1,,286910,Port:10,0,0,0,Missing,,,,,,,,,0
1,,286926,Port:10,0,0,0,Missing,,,,,,,,,0
1,,286942,Port:10,0,0,0,Missing,,,,,,,,,0
1,,286958,Port:10,0,0,0,Missing,,,,,,,,,0
1,,286982,Port:10,0,0,0,Missing,,,,,,,,,0
1,,286998,Port:10,0,0,0,Missing,,,,,,,,,0
1,,287014,Port:10,0,0,0,Missing,,,,,,,,,0
1,,287030,Port:10,0,0,0,Missing,,,,,,,,,0
1,,287046,Port:10,0,0,0,Missing,,,,,,,,,0
1,,287062,Port:10,0,0,0,Missing,,,,,,,,,0
1,,287078,Port:10,0,0,0,Missing,,,,,,,,,0
1,,287094,Port:10,0,0,0,Missing,,,,,,,,,0
1,,287110,Port:10,0,0,0,Missing,,,,,,,,,0
1,,287118,Port:10,0,0,0,Missing,,,,,,,,,0
1,,287134,Port:10,0,0,0,Missing,,,,,,,,,0
1,,287150,Port:10,0,0,0,Missing,,,,,,,,,0
1,,287166,Port:10,0,0,0,Missing,,,,,,,,,0
1,,287182,Port:10,0,0,0,Missing,,,,,,,,,0
1,,287198,Port:10,0,0,0,Missing,,,,,,,,,0
1,,287214,Port:10,0,0,0,Missing,,,,,,,,,0
1,,287238,Port:10,0,0,0,Missing,,,,,,,,,0
1,,287254,Port:10,0,0,0,Missing,,,,,,,,,0
1,,287270,Port:10,0,0,0,Missing,,,,,,,,,0
1,,287286,Port:10,0,0,0,Missing,,,,,,,,,0
1,,287302,Port:10,0,0,0,Missing,,,,,,,,,0
1,,287318,Port:10,0,0,0,Missing,,,,,,,,,0
1,,287334,Port:10,0,0,0,Missing,,,,,,,,,0
1,,287350,Port:10,0,0,0,Missing,,,,,,,,,0
1,,287358,Port:10,0,0,0,Missing,,,,,,,,,0
1,,287374,Port:10,0,0,0,Missing,,,,,,,,,0
1,,287390,Port:10,0,0,0,Missing,,,,,,,,,0
1,,287406,Port:10,0,0,0,Missing,,,,,,,,,0
1,,287422,Port:10,0,0,0,Missing,,,,,,,,,0
1,,287438,Port:10,0,0,0,Missing,,,,,,,,,0
1,,287470,Port:10,0,0,0,Missing,,,,,,,,,0
1,,287478,Port:10,0,0,0,Missing,,,,,,,,,0
1,,287494,Port:10,0,0,0,Missing,,,,,,,,,0
1,,287510,Port:10,0,0,0,Missing,,,,,,,,,0
1,,287526,Port:10,0,0,0,Missing,,,,,,,,,0
1,,287542,Port:10,0,0,0,Missing,,,,,,,,,0
1,,287558,Port:10,0,0,0,Missing,,,,,,,,,0
1,,287574,Port:10,0,0,0,Missing,,,,,,,,,0
1,,287590,Port:10,0,0,0,Missing,,,,,,,,,0
1,,287598,Port:10,0,0,0,Missing,,,,,,,,,0
1,,287614,Port:10,0,0,0,Missing,,,,,,,,,0
1,,287630,Port:10,0,0,0,Missing,,,,,,,,,0
1,,287646,Port:10,0,0,0,Missing,,,,,,,,,0
1,,287662,Port:10,0,0,0,Missing,,,,,,,,,0
1,,287694,Port:10,0,0,0,Missing,,,,,,,,,0
1,,287710,Port:10,0,0,0,Missing,,,,,,,,,0
1,,287718,Port:10,0,0,0,Missing,,,,,,,,,0
1,,287734,Port:10,0,0,0,Missing,,,,,,,,,0
1,,287750,Port:10,0,0,0,Missing,,,,,,,,,0
1,,287766,Port:10,0,0,0,Missing,,,,,,,,,0
1,,287782,Port:10,0,0,0,Missing,,,,,,,,,0
1,,287798,Port:10,0,0,0,Missing,,,,,,,,,0
1,,287814,Port:10,0,0,0,Missing,,,,,,,,,0
1,,287830,Port:10,0,0,0,Missing,,,,,,,,,0
1,,287838,Port:10,0,0,0,Missing,,,,,,,,,0
1,,287854,Port:10,0,0,0,Missing,,,,,,,,,0
1,,287870,Port:10,0,0,0,Missing,,,,,,,,,0
1,,287886,Port:10,0,0,0,Missing,,,,,,,,,0
1,,287918,Port:10,0,0,0,Missing,,,,,,,,,0
1,,287934,Port:10,0,0,0,Missing,,,,,,,,,0
1,,287950,Port:10,0,0,0,Missing,,,,,,,,,0
1,,287958,Port:10,0,0,0,Missing,,,,,,,,,0
1,,287974,Port:10,0,0,0,Missing,,,,,,,,,0
1,,287990,Port:10,0,0,0,Missing,,,,,,,,,0
1,,288006,Port:10,0,0,0,Missing,,,,,,,,,0
1,,288022,Port:10,0,0,0,Missing,,,,,,,,,0
1,,288038,Port:10,0,0,0,Missing,,,,,,,,,0
1,,288054,Port:10,0,0,0,Missing,,,,,,,,,0
1,,288070,Port:10,0,0,0,Missing,,,,,,,,,0
1,,288078,Port:10,0,0,0,Missing,,,,,,,,,0
1,,288094,Port:10,0,0,0,Missing,,,,,,,,,0
1,,288110,Port:10,0,0,0,Missing,,,,,,,,,0
1,,288126,Port:10,0,0,0,Missing,,,,,,,,,0
1,,288142,Port:10,0,0,0,Missing,,,,,,,,,0
1,,288158,Port:10,0,0,0,Missing,,,,,,,,,0
1,,288182,Port:10,0,0,0,Missing,,,,,,,,,0
1,,288198,Port:10,0,0,0,Missing,,,,,,,,,0
1,,288214,Port:10,0,0,0,Missing,,,,,,,,,0
1,,288230,Port:10,0,0,0,Missing,,,,,,,,,0
1,,288246,Port:10,0,0,0,Missing,,,,,,,,,0
1,,288262,Port:10,0,0,0,Missing,,,,,,,,,0
1,,288278,Port:10,0,0,0,Missing,,,,,,,,,0
1,,288294,Port:10,0,0,0,Missing,,,,,,,,,0
1,,288310,Port:10,0,0,0,Missing,,,,,,,,,0
1,,288318,Port:10,0,0,0,Missing,,,,,,,,,0
1,,288334,Port:10,0,0,0,Missing,,,,,,,,,0
1,,288350,Port:10,0,0,0,Missing,,,,,,,,,0
1,,288366,Port:10,0,0,0,Missing,,,,,,,,,0
1,,288382,Port:10,0,0,0,Missing,,,,,,,,,0
1,,288398,Port:10,0,0,0,Missing,,,,,,,,,0
1,,288430,Port:10,0,0,0,Missing,,,,,,,,,0
1,,288438,Port:10,0,0,0,Missing,,,,,,,,,0
1,,288454,Port:10,0,0,0,Missing,,,,,,,,,0
1,,288470,Port:10,0,0,0,Missing,,,,,,,,,0
1,,288486,Port:10,0,0,0,Missing,,,,,,,,,0
1,,288502,Port:10,0,0,0,Missing,,,,,,,,,0
1,,288518,Port:10,0,0,0,Missing,,,,,,,,,0
1,,288534,Port:10,0,0,0,Missing,,,,,,,,,0
1,,288550,Port:10,0,0,0,Missing,,,,,,,,,0
1,,288558,Port:10,0,0,0,Missing,,,,,,,,,0
1,,288574,Port:10,0,0,0,Missing,,,,,,,,,0
1,,288590,Port:10,0,0,0,Missing,,,,,,,,,0
1,,288606,Port:10,0,0,0,Missing,,,,,,,,,0
1,,288622,Port:10,0,0,0,Missing,,,,,,,,,0
1,,288638,Port:10,0,0,0,Missing,,,,,,,,,0
1,,288662,Port:10,0,0,0,Missing,,,,,,,,,0
1,,288678,Port:10,0,0,0,Missing,,,,,,,,,0
1,,288694,Port:10,0,0,0,Missing,,,,,,,,,0
1,,288710,Port:10,0,0,0,Missing,,,,,,,,,0
1,,288726,Port:10,0,0,0,Missing,,,,,,,,,0
1,,288742,Port:10,0,0,0,Missing,,,,,,,,,0
1,,288758,Port:10,0,0,0,Missing,,,,,,,,,0
1,,288774,Port:10,0,0,0,Missing,,,,,,,,,0
1,,288790,Port:10,0,0,0,Missing,,,,,,,,,0
1,,288798,Port:10,0,0,0,Missing,,,,,,,,,0
1,,288814,Port:10,0,0,0,Missing,,,,,,,,,0
1,,288838,Port:10,0,0,0,Missing,,,,,,,,,0
1,,288846,Port:10,0,0,0,Missing,,,,,,,,,0
1,,288862,Port:10,0,0,0,Missing,,,,,,,,,0
1,,288878,Port:10,0,0,0,Missing,,,,,,,,,0
1,,288910,Port:10,0,0,0,Missing,,,,,,,,,0
1,,288918,Port:10,0,0,0,Missing,,,,,,,,,0
1,,288934,Port:10,0,0,0,Missing,,,,,,,,,0
1,,288958,Port:10,0,0,0,Missing,,,,,,,,,0
1,,288966,Port:10,0,0,0,Missing,,,,,,,,,0
1,,288982,Port:10,0,0,0,Missing,,,,,,,,,0
1,,288998,Port:10,0,0,0,Missing,,,,,,,,,0
1,,289014,Port:10,0,0,0,Missing,,,,,,,,,0
1,,289030,Port:10,0,0,0,Missing,,,,,,,,,0
1,,289038,Port:10,0,0,0,Missing,,,,,,,,,0
1,,289054,Port:10,0,0,0,Missing,,,,,,,,,0
1,,289078,Port:10,0,0,0,Missing,,,,,,,,,0
1,,289086,Port:10,0,0,0,Missing,,,,,,,,,0
1,,289102,Port:10,0,0,0,Missing,,,,,,,,,0
1,,289118,Port:10,0,0,0,Missing,,,,,,,,,0
1,,289150,Port:10,0,0,0,Missing,,,,,,,,,0
1,,289158,Port:10,0,0,0,Missing,,,,,,,,,0
1,,289174,Port:10,0,0,0,Missing,,,,,,,,,0
1,,289190,Port:10,0,0,0,Missing,,,,,,,,,0
1,,289206,Port:10,0,0,0,Missing,,,,,,,,,0
1,,289222,Port:10,0,0,0,Missing,,,,,,,,,0
1,,289238,Port:10,0,0,0,Missing,,,,,,,,,0
1,,289254,Port:10,0,0,0,Missing,,,,,,,,,0
1,,289270,Port:10,0,0,0,Missing,,,,,,,,,0
1,,289278,Port:10,0,0,0,Missing,,,,,,,,,0
1,,289294,Port:10,0,0,0,Missing,,,,,,,,,0
1,,289318,Port:10,0,0,0,Missing,,,,,,,,,0
1,,289326,Port:10,0,0,0,Missing,,,,,,,,,0
1,,289342,Port:10,0,0,0,Missing,,,,,,,,,0
1,,289358,Port:10,0,0,0,Missing,,,,,,,,,0
1,,289390,Port:10,0,0,0,Missing,,,,,,,,,0
1,,289398,Port:10,0,0,0,Missing,,,,,,,,,0
1,,289414,Port:10,0,0,0,Missing,,,,,,,,,0
1,,289438,Port:10,0,0,0,Missing,,,,,,,,,0
1,,289446,Port:10,0,0,0,Missing,,,,,,,,,0
1,,289462,Port:10,0,0,0,Missing,,,,,,,,,0
1,,289478,Port:10,0,0,0,Missing,,,,,,,,,0
1,,289494,Port:10,0,0,0,Missing,,,,,,,,,0
1,,289510,Port:10,0,0,0,Missing,,,,,,,,,0
1,,289518,Port:10,0,0,0,Missing,,,,,,,,,0
1,,289534,Port:10,0,0,0,Missing,,,,,,,,,0
1,,289558,Port:10,0,0,0,Missing,,,,,,,,,0
1,,289566,Port:10,0,0,0,Missing,,,,,,,,,0
1,,289582,Port:10,0,0,0,Missing,,,,,,,,,0
1,,289598,Port:10,0,0,0,Missing,,,,,,,,,0
1,,289630,Port:10,0,0,0,Missing,,,,,,,,,0
1,,289638,Port:10,0,0,0,Missing,,,,,,,,,0
1,,289654,Port:10,0,0,0,Missing,,,,,,,,,0
1,,289678,Port:10,0,0,0,Missing,,,,,,,,,0
1,,289686,Port:10,0,0,0,Missing,,,,,,,,,0
1,,289702,Port:10,0,0,0,Missing,,,,,,,,,0
1,,289718,Port:10,0,0,0,Missing,,,,,,,,,0
1,,289734,Port:10,0,0,0,Missing,,,,,,,,,0
1,,289750,Port:10,0,0,0,Missing,,,,,,,,,0
1,,289758,Port:10,0,0,0,Missing,,,,,,,,,0
1,,289774,Port:10,0,0,0,Missing,,,,,,,,,0
1,,289798,Port:10,0,0,0,Missing,,,,,,,,,0
1,,289806,Port:10,0,0,0,Missing,,,,,,,,,0
1,,289822,Port:10,0,0,0,Missing,,,,,,,,,0
1,,289838,Port:10,0,0,0,Missing,,,,,,,,,0
1,,289870,Port:10,0,0,0,Missing,,,,,,,,,0
1,,289878,Port:10,0,0,0,Missing,,,,,,,,,0
1,,289902,Port:10,0,0,0,Missing,,,,,,,,,0
1,,289918,Port:10,0,0,0,Missing,,,,,,,,,0
1,,289926,Port:10,0,0,0,Missing,,,,,,,,,0
1,,289942,Port:10,0,0,0,Missing,,,,,,,,,0
1,,289958,Port:10,0,0,0,Missing,,,,,,,,,0
1,,289974,Port:10,0,0,0,Missing,,,,,,,,,0
1,,289990,Port:10,0,0,0,Missing,,,,,,,,,0
1,,289998,Port:10,0,0,0,Missing,,,,,,,,,0
1,,290022,Port:10,0,0,0,Missing,,,,,,,,,0
1,,290038,Port:10,0,0,0,Missing,,,,,,,,,0
1,,290046,Port:10,0,0,0,Missing,,,,,,,,,0
1,,290062,Port:10,0,0,0,Missing,,,,,,,,,0
1,,290078,Port:10,0,0,0,Missing,,,,,,,,,0
1,,290110,Port:10,0,0,0,Missing,,,,,,,,,0
1,,290118,Port:10,0,0,0,Missing,,,,,,,,,0
1,,290142,Port:10,0,0,0,Missing,,,,,,,,,0
1,,290158,Port:10,0,0,0,Missing,,,,,,,,,0
1,,290166,Port:10,0,0,0,Missing,,,,,,,,,0
1,,290182,Port:10,0,0,0,Missing,,,,,,,,,0
1,,290198,Port:10,0,0,0,Missing,,,,,,,,,0
1,,290214,Port:10,0,0,0,Missing,,,,,,,,,0
1,,290230,Port:10,0,0,0,Missing,,,,,,,,,0
1,,290238,Port:10,0,0,0,Missing,,,,,,,,,0
1,,290262,Port:10,0,0,0,Missing,,,,,,,,,0
1,,290278,Port:10,0,0,0,Missing,,,,,,,,,0
1,,290286,Port:10,0,0,0,Missing,,,,,,,,,0
1,,290302,Port:10,0,0,0,Missing,,,,,,,,,0
1,,290318,Port:10,0,0,0,Missing,,,,,,,,,0
1,,290350,Port:10,0,0,0,Missing,,,,,,,,,0
1,,290358,Port:10,0,0,0,Missing,,,,,,,,,0
1,,290382,Port:10,0,0,0,Missing,,,,,,,,,0
1,,290398,Port:10,0,0,0,Missing,,,,,,,,,0
1,,290406,Port:10,0,0,0,Missing,,,,,,,,,0
1,,290422,Port:10,0,0,0,Missing,,,,,,,,,0
1,,290438,Port:10,0,0,0,Missing,,,,,,,,,0
1,,290454,Port:10,0,0,0,Missing,,,,,,,,,0
1,,290470,Port:10,0,0,0,Missing,,,,,,,,,0
1,,290478,Port:10,0,0,0,Missing,,,,,,,,,0
1,,290502,Port:10,0,0,0,Missing,,,,,,,,,0
1,,290518,Port:10,0,0,0,Missing,,,,,,,,,0
1,,290526,Port:10,0,0,0,Missing,,,,,,,,,0
1,,290542,Port:10,0,0,0,Missing,,,,,,,,,0
1,,290558,Port:10,0,0,0,Missing,,,,,,,,,0
1,,290590,Port:10,0,0,0,Missing,,,,,,,,,0
1,,290598,Port:10,0,0,0,Missing,,,,,,,,,0
1,,290622,Port:10,0,0,0,Missing,,,,,,,,,0
1,,290638,Port:10,0,0,0,Missing,,,,,,,,,0
1,,290646,Port:10,0,0,0,Missing,,,,,,,,,0
1,,290662,Port:10,0,0,0,Missing,,,,,,,,,0
1,,290678,Port:10,0,0,0,Missing,,,,,,,,,0
1,,290694,Port:10,0,0,0,Missing,,,,,,,,,0
1,,290710,Port:10,0,0,0,Missing,,,,,,,,,0
1,,290726,Port:10,0,0,0,Missing,,,,,,,,,0
1,,290742,Port:10,0,0,0,Missing,,,,,,,,,0
1,,290758,Port:10,0,0,0,Missing,,,,,,,,,0
1,,290774,Port:10,0,0,0,Missing,,,,,,,,,0
1,,290782,Port:10,0,0,0,Missing,,,,,,,,,0
1,,290798,Port:10,0,0,0,Missing,,,,,,,,,0
1,,290830,Port:10,0,0,0,Missing,,,,,,,,,0
1,,290838,Port:10,0,0,0,Missing,,,,,,,,,0
1,,290862,Port:10,0,0,0,Missing,,,,,,,,,0
1,,290878,Port:10,0,0,0,Missing,,,,,,,,,0
1,,290886,Port:10,0,0,0,Missing,,,,,,,,,0
1,,290902,Port:10,0,0,0,Missing,,,,,,,,,0
1,,290918,Port:10,0,0,0,Missing,,,,,,,,,0
1,,290934,Port:10,0,0,0,Missing,,,,,,,,,0
1,,290950,Port:10,0,0,0,Missing,,,,,,,,,0
1,,290966,Port:10,0,0,0,Missing,,,,,,,,,0
1,,290982,Port:10,0,0,0,Missing,,,,,,,,,0
1,,290990,Port:10,0,0,0,Missing,,,,,,,,,0
1,,291014,Port:10,0,0,0,Missing,,,,,,,,,0
1,,291022,Port:10,0,0,0,Missing,,,,,,,,,0
1,,291054,Port:10,0,0,0,Missing,,,,,,,,,0
1,,291070,Port:10,0,0,0,Missing,,,,,,,,,0
1,,291086,Port:10,0,0,0,Missing,,,,,,,,,0
1,,291102,Port:10,0,0,0,Missing,,,,,,,,,0
1,,291118,Port:10,0,0,0,Missing,,,,,,,,,0
1,,291126,Port:10,0,0,0,Missing,,,,,,,,,0
1,,291142,Port:10,0,0,0,Missing,,,,,,,,,0
1,,291158,Port:10,0,0,0,Missing,,,,,,,,,0
1,,291174,Port:10,0,0,0,Missing,,,,,,,,,0
1,,291190,Port:10,0,0,0,Missing,,,,,,,,,0
1,,291206,Port:10,0,0,0,Missing,,,,,,,,,0
1,,291222,Port:10,0,0,0,Missing,,,,,,,,,0
1,,291238,Port:10,0,0,0,Missing,,,,,,,,,0
1,,291246,Port:10,0,0,0,Missing,,,,,,,,,0
1,,291262,Port:10,0,0,0,Missing,,,,,,,,,0
1,,291294,Port:10,0,0,0,Missing,,,,,,,,,0
1,,291310,Port:10,0,0,0,Missing,,,,,,,,,0
1,,291326,Port:10,0,0,0,Missing,,,,,,,,,0
1,,291342,Port:10,0,0,0,Missing,,,,,,,,,0
1,,291358,Port:10,0,0,0,Missing,,,,,,,,,0
1,,291366,Port:10,0,0,0,Missing,,,,,,,,,0
1,,291382,Port:10,0,0,0,Missing,,,,,,,,,0
1,,291398,Port:10,0,0,0,Missing,,,,,,,,,0
1,,291414,Port:10,0,0,0,Missing,,,,,,,,,0
1,,291430,Port:10,0,0,0,Missing,,,,,,,,,0
1,,291446,Port:10,0,0,0,Missing,,,,,,,,,0
1,,291462,Port:10,0,0,0,Missing,,,,,,,,,0
1,,291478,Port:10,0,0,0,Missing,,,,,,,,,0
1,,291494,Port:10,0,0,0,Missing,,,,,,,,,0
1,,291502,Port:10,0,0,0,Missing,,,,,,,,,0
1,,291534,Port:10,0,0,0,Missing,,,,,,,,,0
1,,291550,Port:10,0,0,0,Missing,,,,,,,,,0
1,,291566,Port:10,0,0,0,Missing,,,,,,,,,0
1,,291582,Port:10,0,0,0,Missing,,,,,,,,,0
1,,291598,Port:10,0,0,0,Missing,,,,,,,,,0
1,,291606,Port:10,0,0,0,Missing,,,,,,,,,0
1,,291622,Port:10,0,0,0,Missing,,,,,,,,,0
1,,291638,Port:10,0,0,0,Missing,,,,,,,,,0
1,,291654,Port:10,0,0,0,Missing,,,,,,,,,0
1,,291670,Port:10,0,0,0,Missing,,,,,,,,,0
1,,291686,Port:10,0,0,0,Missing,,,,,,,,,0
1,,291702,Port:10,0,0,0,Missing,,,,,,,,,0
1,,291718,Port:10,0,0,0,Missing,,,,,,,,,0
1,,291734,Port:10,0,0,0,Missing,,,,,,,,,0
1,,291742,Port:10,0,0,0,Missing,,,,,,,,,0
1,,291774,Port:10,0,0,0,Missing,,,,,,,,,0
1,,291790,Port:10,0,0,0,Missing,,,,,,,,,0
1,,291806,Port:10,0,0,0,Missing,,,,,,,,,0
1,,291822,Port:10,0,0,0,Missing,,,,,,,,,0
1,,291838,Port:10,0,0,0,Missing,,,,,,,,,0
1,,291854,Port:10,0,0,0,Missing,,,,,,,,,0
1,,291862,Port:10,0,0,0,Missing,,,,,,,,,0
1,,291878,Port:10,0,0,0,Missing,,,,,,,,,0
1,,291894,Port:10,0,0,0,Missing,,,,,,,,,0
1,,291910,Port:10,0,0,0,Missing,,,,,,,,,0
1,,291926,Port:10,0,0,0,Missing,,,,,,,,,0
1,,291942,Port:10,0,0,0,Missing,,,,,,,,,0
1,,291958,Port:10,0,0,0,Missing,,,,,,,,,0
1,,291974,Port:10,0,0,0,Missing,,,,,,,,,0
1,,291982,Port:10,0,0,0,Missing,,,,,,,,,0
1,,292014,Port:10,0,0,0,Missing,,,,,,,,,0
1,,292030,Port:10,0,0,0,Missing,,,,,,,,,0
1,,292046,Port:10,0,0,0,Missing,,,,,,,,,0
1,,292062,Port:10,0,0,0,Missing,,,,,,,,,0
1,,292078,Port:10,0,0,0,Missing,,,,,,,,,0
1,,292094,Port:10,0,0,0,Missing,,,,,,,,,0
1,,292102,Port:10,0,0,0,Missing,,,,,,,,,0
1,,292118,Port:10,0,0,0,Missing,,,,,,,,,0
1,,292134,Port:10,0,0,0,Missing,,,,,,,,,0
1,,292150,Port:10,0,0,0,Missing,,,,,,,,,0
1,,292166,Port:10,0,0,0,Missing,,,,,,,,,0
1,,292182,Port:10,0,0,0,Missing,,,,,,,,,0
1,,292198,Port:10,0,0,0,Missing,,,,,,,,,0
1,,292214,Port:10,0,0,0,Missing,,,,,,,,,0
1,,292222,Port:10,0,0,0,Missing,,,,,,,,,0
1,,292254,Port:10,0,0,0,Missing,,,,,,,,,0
1,,292270,Port:10,0,0,0,Missing,,,,,,,,,0
1,,292286,Port:10,0,0,0,Missing,,,,,,,,,0
1,,292302,Port:10,0,0,0,Missing,,,,,,,,,0
1,,292318,Port:10,0,0,0,Missing,,,,,,,,,0
1,,292334,Port:10,0,0,0,Missing,,,,,,,,,0
1,,292342,Port:10,0,0,0,Missing,,,,,,,,,0
1,,292358,Port:10,0,0,0,Missing,,,,,,,,,0
1,,292374,Port:10,0,0,0,Missing,,,,,,,,,0
1,,292390,Port:10,0,0,0,Missing,,,,,,,,,0
1,,292406,Port:10,0,0,0,Missing,,,,,,,,,0
1,,292422,Port:10,0,0,0,Missing,,,,,,,,,0
1,,292438,Port:10,0,0,0,Missing,,,,,,,,,0
1,,292454,Port:10,0,0,0,Missing,,,,,,,,,0
1,,292462,Port:10,0,0,0,Missing,,,,,,,,,0
1,,292494,Port:10,0,0,0,Missing,,,,,,,,,0
1,,292510,Port:10,0,0,0,Missing,,,,,,,,,0
1,,292526,Port:10,0,0,0,Missing,,,,,,,,,0
1,,292542,Port:10,0,0,0,Missing,,,,,,,,,0
1,,292558,Port:10,0,0,0,Missing,,,,,,,,,0
1,,292574,Port:10,0,0,0,Missing,,,,,,,,,0
1,,292582,Port:10,0,0,0,Missing,,,,,,,,,0
1,,292598,Port:10,0,0,0,Missing,,,,,,,,,0
1,,292614,Port:10,0,0,0,Missing,,,,,,,,,0
1,,292630,Port:10,0,0,0,Missing,,,,,,,,,0
1,,292646,Port:10,0,0,0,Missing,,,,,,,,,0
1,,292662,Port:10,0,0,0,Missing,,,,,,,,,0
1,,292678,Port:10,0,0,0,Missing,,,,,,,,,0
1,,292694,Port:10,0,0,0,Missing,,,,,,,,,0
1,,292702,Port:10,0,0,0,Missing,,,,,,,,,0
1,,292734,Port:10,0,0,0,Missing,,,,,,,,,0
1,,292750,Port:10,0,0,0,Missing,,,,,,,,,0
1,,292766,Port:10,0,0,0,Missing,,,,,,,,,0
1,,292782,Port:10,0,0,0,Missing,,,,,,,,,0
1,,292798,Port:10,0,0,0,Missing,,,,,,,,,0
1,,292814,Port:10,0,0,0,Missing,,,,,,,,,0
1,,292822,Port:10,0,0,0,Missing,,,,,,,,,0
1,,292838,Port:10,0,0,0,Missing,,,,,,,,,0
1,,292854,Port:10,0,0,0,Missing,,,,,,,,,0
1,,292870,Port:10,0,0,0,Missing,,,,,,,,,0
1,,292886,Port:10,0,0,0,Missing,,,,,,,,,0
1,,292902,Port:10,0,0,0,Missing,,,,,,,,,0
1,,292918,Port:10,0,0,0,Missing,,,,,,,,,0
1,,292934,Port:10,0,0,0,Missing,,,,,,,,,0
1,,292942,Port:10,0,0,0,Missing,,,,,,,,,0
1,,292974,Port:10,0,0,0,Missing,,,,,,,,,0
1,,292990,Port:10,0,0,0,Missing,,,,,,,,,0
1,,293006,Port:10,0,0,0,Missing,,,,,,,,,0
1,,293022,Port:10,0,0,0,Missing,,,,,,,,,0
1,,293038,Port:10,0,0,0,Missing,,,,,,,,,0
1,,293046,Port:10,0,0,0,Missing,,,,,,,,,0
1,,293062,Port:10,0,0,0,Missing,,,,,,,,,0
1,,293078,Port:10,0,0,0,Missing,,,,,,,,,0
1,,293094,Port:10,0,0,0,Missing,,,,,,,,,0
1,,293110,Port:10,0,0,0,Missing,,,,,,,,,0
1,,293126,Port:10,0,0,0,Missing,,,,,,,,,0
1,,293142,Port:10,0,0,0,Missing,,,,,,,,,0
1,,293158,Port:10,0,0,0,Missing,,,,,,,,,0
1,,293174,Port:10,0,0,0,Missing,,,,,,,,,0
1,,293182,Port:10,0,0,0,Missing,,,,,,,,,0
1,,293222,Port:10,0,0,0,Missing,,,,,,,,,0
1,,293230,Port:10,0,0,0,Missing,,,,,,,,,0
1,,293246,Port:10,0,0,0,Missing,,,,,,,,,0
1,,293262,Port:10,0,0,0,Missing,,,,,,,,,0
1,,293278,Port:10,0,0,0,Missing,,,,,,,,,0
1,,293286,Port:10,0,0,0,Missing,,,,,,,,,0
1,,293302,Port:10,0,0,0,Missing,,,,,,,,,0
1,,293318,Port:10,0,0,0,Missing,,,,,,,,,0
1,,293334,Port:10,0,0,0,Missing,,,,,,,,,0
1,,293350,Port:10,0,0,0,Missing,,,,,,,,,0
1,,293366,Port:10,0,0,0,Missing,,,,,,,,,0
1,,293382,Port:10,0,0,0,Missing,,,,,,,,,0
1,,293398,Port:10,0,0,0,Missing,,,,,,,,,0
1,,293414,Port:10,0,0,0,Missing,,,,,,,,,0
1,,293422,Port:10,0,0,0,Missing,,,,,,,,,0
1,,293454,Port:10,0,0,0,Missing,,,,,,,,,0
1,,293470,Port:10,0,0,0,Missing,,,,,,,,,0
1,,293486,Port:10,0,0,0,Missing,,,,,,,,,0
1,,293502,Port:10,0,0,0,Missing,,,,,,,,,0
1,,293518,Port:10,0,0,0,Missing,,,,,,,,,0
1,,293534,Port:10,0,0,0,Missing,,,,,,,,,0
1,,293542,Port:10,0,0,0,Missing,,,,,,,,,0
1,,293558,Port:10,0,0,0,Missing,,,,,,,,,0
1,,293574,Port:10,0,0,0,Missing,,,,,,,,,0
1,,293590,Port:10,0,0,0,Missing,,,,,,,,,0
1,,293606,Port:10,0,0,0,Missing,,,,,,,,,0
1,,293622,Port:10,0,0,0,Missing,,,,,,,,,0
1,,293638,Port:10,0,0,0,Missing,,,,,,,,,0
1,,293654,Port:10,0,0,0,Missing,,,,,,,,,0
1,,293662,Port:10,0,0,0,Missing,,,,,,,,,0
1,,293694,Port:10,0,0,0,Missing,,,,,,,,,0
1,,293710,Port:10,0,0,0,Missing,,,,,,,,,0
1,,293726,Port:10,0,0,0,Missing,,,,,,,,,0
1,,293742,Port:10,0,0,0,Missing,,,,,,,,,0
1,,293758,Port:10,0,0,0,Missing,,,,,,,,,0
1,,293774,Port:10,0,0,0,Missing,,,,,,,,,0
1,,293782,Port:10,0,0,0,Missing,,,,,,,,,0
1,,293798,Port:10,0,0,0,Missing,,,,,,,,,0
1,,293814,Port:10,0,0,0,Missing,,,,,,,,,0
1,,293830,Port:10,0,0,0,Missing,,,,,,,,,0
1,,293846,Port:10,0,0,0,Missing,,,,,,,,,0
1,,293862,Port:10,0,0,0,Missing,,,,,,,,,0
1,,293878,Port:10,0,0,0,Missing,,,,,,,,,0
1,,293894,Port:10,0,0,0,Missing,,,,,,,,,0
1,,293918,Port:10,0,0,0,Missing,,,,,,,,,0
1,,293934,Port:10,0,0,0,Missing,,,,,,,,,0
1,,293950,Port:10,0,0,0,Missing,,,,,,,,,0
1,,293966,Port:10,0,0,0,Missing,,,,,,,,,0
1,,293982,Port:10,0,0,0,Missing,,,,,,,,,0
1,,293998,Port:10,0,0,0,Missing,,,,,,,,,0
1,,294014,Port:10,0,0,0,Missing,,,,,,,,,0
1,,294022,Port:10,0,0,0,Missing,,,,,,,,,0
1,,294038,Port:10,0,0,0,Missing,,,,,,,,,0
1,,294054,Port:10,0,0,0,Missing,,,,,,,,,0
1,,294070,Port:10,0,0,0,Missing,,,,,,,,,0
1,,294086,Port:10,0,0,0,Missing,,,,,,,,,0
1,,294102,Port:10,0,0,0,Missing,,,,,,,,,0
1,,294118,Port:10,0,0,0,Missing,,,,,,,,,0
1,,294134,Port:10,0,0,0,Missing,,,,,,,,,0
1,,294142,Port:10,0,0,0,Missing,,,,,,,,,0
1,,294182,Port:10,0,0,0,Missing,,,,,,,,,0
1,,294190,Port:10,0,0,0,Missing,,,,,,,,,0
1,,294206,Port:10,0,0,0,Missing,,,,,,,,,0
1,,294222,Port:10,0,0,0,Missing,,,,,,,,,0
1,,294238,Port:10,0,0,0,Missing,,,,,,,,,0
1,,294254,Port:10,0,0,0,Missing,,,,,,,,,0
1,,294262,Port:10,0,0,0,Missing,,,,,,,,,0
1,,294278,Port:10,0,0,0,Missing,,,,,,,,,0
1,,294302,Port:10,0,0,0,Missing,,,,,,,,,0
1,,294310,Port:10,0,0,0,Missing,,,,,,,,,0
1,,294326,Port:10,0,0,0,Missing,,,,,,,,,0
1,,294342,Port:10,0,0,0,Missing,,,,,,,,,0
1,,294358,Port:10,0,0,0,Missing,,,,,,,,,0
1,,294374,Port:10,0,0,0,Missing,,,,,,,,,0
1,,294398,Port:10,0,0,0,Missing,,,,,,,,,0
1,,294422,Port:10,0,0,0,Missing,,,,,,,,,0
1,,294430,Port:10,0,0,0,Missing,,,,,,,,,0
1,,294446,Port:10,0,0,0,Missing,,,,,,,,,0
1,,294462,Port:10,0,0,0,Missing,,,,,,,,,0
1,,294478,Port:10,0,0,0,Missing,,,,,,,,,0
1,,294494,Port:10,0,0,0,Missing,,,,,,,,,0
1,,294502,Port:10,0,0,0,Missing,,,,,,,,,0
1,,294518,Port:10,0,0,0,Missing,,,,,,,,,0
1,,294542,Port:10,0,0,0,Missing,,,,,,,,,0
1,,294550,Port:10,0,0,0,Missing,,,,,,,,,0
1,,294566,Port:10,0,0,0,Missing,,,,,,,,,0
1,,294582,Port:10,0,0,0,Missing,,,,,,,,,0
1,,294598,Port:10,0,0,0,Missing,,,,,,,,,0
1,,294614,Port:10,0,0,0,Missing,,,,,,,,,0
1,,294622,Port:10,0,0,0,Missing,,,,,,,,,0
1,,294662,Port:10,0,0,0,Missing,,,,,,,,,0
1,,294678,Port:10,0,0,0,Missing,,,,,,,,,0
1,,294686,Port:10,0,0,0,Missing,,,,,,,,,0
1,,294702,Port:10,0,0,0,Missing,,,,,,,,,0
1,,294718,Port:10,0,0,0,Missing,,,,,,,,,0
1,,294734,Port:10,0,0,0,Missing,,,,,,,,,0
1,,294750,Port:10,0,0,0,Missing,,,,,,,,,0
1,,294758,Port:10,0,0,0,Missing,,,,,,,,,0
1,,294782,Port:10,0,0,0,Missing,,,,,,,,,0
1,,294790,Port:10,0,0,0,Missing,,,,,,,,,0
1,,294806,Port:10,0,0,0,Missing,,,,,,,,,0
1,,294822,Port:10,0,0,0,Missing,,,,,,,,,0
1,,294838,Port:10,0,0,0,Missing,,,,,,,,,0
1,,294854,Port:10,0,0,0,Missing,,,,,,,,,0
1,,294878,Port:10,0,0,0,Missing,,,,,,,,,0
1,,294902,Port:10,0,0,0,Missing,,,,,,,,,0
1,,294910,Port:10,0,0,0,Missing,,,,,,,,,0
1,,294926,Port:10,0,0,0,Missing,,,,,,,,,0
1,,294942,Port:10,0,0,0,Missing,,,,,,,,,0
1,,294958,Port:10,0,0,0,Missing,,,,,,,,,0
1,,294974,Port:10,0,0,0,Missing,,,,,,,,,0
1,,294982,Port:10,0,0,0,Missing,,,,,,,,,0
1,,294998,Port:10,0,0,0,Missing,,,,,,,,,0
1,,295022,Port:10,0,0,0,Missing,,,,,,,,,0
1,,295030,Port:10,0,0,0,Missing,,,,,,,,,0
1,,295046,Port:10,0,0,0,Missing,,,,,,,,,0
1,,295062,Port:10,0,0,0,Missing,,,,,,,,,0
1,,295078,Port:10,0,0,0,Missing,,,,,,,,,0
1,,295094,Port:10,0,0,0,Missing,,,,,,,,,0
1,,295118,Port:10,0,0,0,Missing,,,,,,,,,0
1,,295142,Port:10,0,0,0,Missing,,,,,,,,,0
1,,295158,Port:10,0,0,0,Missing,,,,,,,,,0
1,,295166,Port:10,0,0,0,Missing,,,,,,,,,0
1,,295182,Port:10,0,0,0,Missing,,,,,,,,,0
1,,295198,Port:10,0,0,0,Missing,,,,,,,,,0
1,,295214,Port:10,0,0,0,Missing,,,,,,,,,0
1,,295222,Port:10,0,0,0,Missing,,,,,,,,,0
1,,295238,Port:10,0,0,0,Missing,,,,,,,,,0
1,,295262,Port:10,0,0,0,Missing,,,,,,,,,0
1,,295270,Port:10,0,0,0,Missing,,,,,,,,,0
1,,295286,Port:10,0,0,0,Missing,,,,,,,,,0
1,,295302,Port:10,0,0,0,Missing,,,,,,,,,0
1,,295318,Port:10,0,0,0,Missing,,,,,,,,,0
1,,295334,Port:10,0,0,0,Missing,,,,,,,,,0
1,,295366,Port:10,0,0,0,Missing,,,,,,,,,0
1,,295382,Port:10,0,0,0,Missing,,,,,,,,,0
1,,295398,Port:10,0,0,0,Missing,,,,,,,,,0
1,,295406,Port:10,0,0,0,Missing,,,,,,,,,0
1,,295422,Port:10,0,0,0,Missing,,,,,,,,,0
1,,295438,Port:10,0,0,0,Missing,,,,,,,,,0
1,,295454,Port:10,0,0,0,Missing,,,,,,,,,0
1,,295470,Port:10,0,0,0,Missing,,,,,,,,,0
1,,295486,Port:10,0,0,0,Missing,,,,,,,,,0
1,,295502,Port:10,0,0,0,Missing,,,,,,,,,0
1,,295510,Port:10,0,0,0,Missing,,,,,,,,,0
1,,295526,Port:10,0,0,0,Missing,,,,,,,,,0
1,,295542,Port:10,0,0,0,Missing,,,,,,,,,0
1,,295558,Port:10,0,0,0,Missing,,,,,,,,,0
1,,295574,Port:10,0,0,0,Missing,,,,,,,,,0
1,,295606,Port:10,0,0,0,Missing,,,,,,,,,0
1,,295622,Port:10,0,0,0,Missing,,,,,,,,,0
1,,295630,Port:10,0,0,0,Missing,,,,,,,,,0
1,,295646,Port:10,0,0,0,Missing,,,,,,,,,0
1,,295662,Port:10,0,0,0,Missing,,,,,,,,,0
1,,295678,Port:10,0,0,0,Missing,,,,,,,,,0
1,,295694,Port:10,0,0,0,Missing,,,,,,,,,0
1,,295702,Port:10,0,0,0,Missing,,,,,,,,,0
1,,295726,Port:10,0,0,0,Missing,,,,,,,,,0
1,,295742,Port:10,0,0,0,Missing,,,,,,,,,0
1,,295750,Port:10,0,0,0,Missing,,,,,,,,,0
1,,295766,Port:10,0,0,0,Missing,,,,,,,,,0
1,,295782,Port:10,0,0,0,Missing,,,,,,,,,0
1,,295798,Port:10,0,0,0,Missing,,,,,,,,,0
1,,295814,Port:10,0,0,0,Missing,,,,,,,,,0
1,,295846,Port:10,0,0,0,Missing,,,,,,,,,0
1,,295862,Port:10,0,0,0,Missing,,,,,,,,,0
1,,295878,Port:10,0,0,0,Missing,,,,,,,,,0
1,,295886,Port:10,0,0,0,Missing,,,,,,,,,0
1,,295902,Port:10,0,0,0,Missing,,,,,,,,,0
1,,295918,Port:10,0,0,0,Missing,,,,,,,,,0
1,,295934,Port:10,0,0,0,Missing,,,,,,,,,0
1,,295942,Port:10,0,0,0,Missing,,,,,,,,,0
1,,295966,Port:10,0,0,0,Missing,,,,,,,,,0
1,,295982,Port:10,0,0,0,Missing,,,,,,,,,0
1,,295998,Port:10,0,0,0,Missing,,,,,,,,,0
1,,296006,Port:10,0,0,0,Missing,,,,,,,,,0
1,,296022,Port:10,0,0,0,Missing,,,,,,,,,0
1,,296038,Port:10,0,0,0,Missing,,,,,,,,,0
1,,296054,Port:10,0,0,0,Missing,,,,,,,,,0
1,,296086,Port:10,0,0,0,Missing,,,,,,,,,0
1,,296102,Port:10,0,0,0,Missing,,,,,,,,,0
1,,296110,Port:10,0,0,0,Missing,,,,,,,,,0
1,,296126,Port:10,0,0,0,Missing,,,,,,,,,0
1,,296142,Port:10,0,0,0,Missing,,,,,,,,,0
1,,296158,Port:10,0,0,0,Missing,,,,,,,,,0
1,,296174,Port:10,0,0,0,Missing,,,,,,,,,0
1,,296182,Port:10,0,0,0,Missing,,,,,,,,,0
1,,296206,Port:10,0,0,0,Missing,,,,,,,,,0
1,,296222,Port:10,0,0,0,Missing,,,,,,,,,0
1,,296238,Port:10,0,0,0,Missing,,,,,,,,,0
1,,296246,Port:10,0,0,0,Missing,,,,,,,,,0
1,,296262,Port:10,0,0,0,Missing,,,,,,,,,0
1,,296278,Port:10,0,0,0,Missing,,,,,,,,,0
1,,296294,Port:10,0,0,0,Missing,,,,,,,,,0
1,,296326,Port:10,0,0,0,Missing,,,,,,,,,0
1,,296342,Port:10,0,0,0,Missing,,,,,,,,,0
1,,296350,Port:10,0,0,0,Missing,,,,,,,,,0
1,,296366,Port:10,0,0,0,Missing,,,,,,,,,0
1,,296382,Port:10,0,0,0,Missing,,,,,,,,,0
1,,296398,Port:10,0,0,0,Missing,,,,,,,,,0
1,,296414,Port:10,0,0,0,Missing,,,,,,,,,0
1,,296430,Port:10,0,0,0,Missing,,,,,,,,,0
1,,296446,Port:10,0,0,0,Missing,,,,,,,,,0
1,,296462,Port:10,0,0,0,Missing,,,,,,,,,0
1,,296478,Port:10,0,0,0,Missing,,,,,,,,,0
1,,296486,Port:10,0,0,0,Missing,,,,,,,,,0
1,,296502,Port:10,0,0,0,Missing,,,,,,,,,0
1,,296518,Port:10,0,0,0,Missing,,,,,,,,,0
1,,296534,Port:10,0,0,0,Missing,,,,,,,,,0
1,,296550,Port:10,0,0,0,Missing,,,,,,,,,0
1,,296566,Port:10,0,0,0,Missing,,,,,,,,,0
1,,296582,Port:10,0,0,0,Missing,,,,,,,,,0
1,,296606,Port:10,0,0,0,Missing,,,,,,,,,0
1,,296622,Port:10,0,0,0,Missing,,,,,,,,,0
1,,296638,Port:10,0,0,0,Missing,,,,,,,,,0
1,,296654,Port:10,0,0,0,Missing,,,,,,,,,0
1,,296670,Port:10,0,0,0,Missing,,,,,,,,,0
1,,296686,Port:10,0,0,0,Missing,,,,,,,,,0
1,,296702,Port:10,0,0,0,Missing,,,,,,,,,0
1,,296718,Port:10,0,0,0,Missing,,,,,,,,,0
1,,296726,Port:10,0,0,0,Missing,,,,,,,,,0
1,,296742,Port:10,0,0,0,Missing,,,,,,,,,0
1,,296758,Port:10,0,0,0,Missing,,,,,,,,,0
1,,296774,Port:10,0,0,0,Missing,,,,,,,,,0
1,,296790,Port:10,0,0,0,Missing,,,,,,,,,0
1,,296806,Port:10,0,0,0,Missing,,,,,,,,,0
1,,296822,Port:10,0,0,0,Missing,,,,,,,,,0
1,,296846,Port:10,0,0,0,Missing,,,,,,,,,0
1,,296862,Port:10,0,0,0,Missing,,,,,,,,,0
1,,296878,Port:10,0,0,0,Missing,,,,,,,,,0
1,,296894,Port:10,0,0,0,Missing,,,,,,,,,0
1,,296910,Port:10,0,0,0,Missing,,,,,,,,,0
1,,296926,Port:10,0,0,0,Missing,,,,,,,,,0
1,,296942,Port:10,0,0,0,Missing,,,,,,,,,0
1,,296958,Port:10,0,0,0,Missing,,,,,,,,,0
1,,296966,Port:10,0,0,0,Missing,,,,,,,,,0
1,,296982,Port:10,0,0,0,Missing,,,,,,,,,0
1,,296998,Port:10,0,0,0,Missing,,,,,,,,,0
1,,297030,Port:10,0,0,0,Missing,,,,,,,,,0
1,,297046,Port:10,0,0,0,Missing,,,,,,,,,0
1,,297062,Port:10,0,0,0,Missing,,,,,,,,,0
1,,297078,Port:10,0,0,0,Missing,,,,,,,,,0
1,,297086,Port:10,0,0,0,Missing,,,,,,,,,0
1,,297102,Port:10,0,0,0,Missing,,,,,,,,,0
1,,297118,Port:10,0,0,0,Missing,,,,,,,,,0
1,,297134,Port:10,0,0,0,Missing,,,,,,,,,0
1,,297150,Port:10,0,0,0,Missing,,,,,,,,,0
1,,297166,Port:10,0,0,0,Missing,,,,,,,,,0
1,,297182,Port:10,0,0,0,Missing,,,,,,,,,0
1,,297198,Port:10,0,0,0,Missing,,,,,,,,,0
1,,297206,Port:10,0,0,0,Missing,,,,,,,,,0
1,,297222,Port:10,0,0,0,Missing,,,,,,,,,0
1,,297238,Port:10,0,0,0,Missing,,,,,,,,,0
1,,297270,Port:10,0,0,0,Missing,,,,,,,,,0
1,,297286,Port:10,0,0,0,Missing,,,,,,,,,0
1,,297302,Port:10,0,0,0,Missing,,,,,,,,,0
1,,297318,Port:10,0,0,0,Missing,,,,,,,,,0
1,,297326,Port:10,0,0,0,Missing,,,,,,,,,0
1,,297342,Port:10,0,0,0,Missing,,,,,,,,,0
1,,297358,Port:10,0,0,0,Missing,,,,,,,,,0
1,,297374,Port:10,0,0,0,Missing,,,,,,,,,0
1,,297390,Port:10,0,0,0,Missing,,,,,,,,,0
1,,297406,Port:10,0,0,0,Missing,,,,,,,,,0
1,,297422,Port:10,0,0,0,Missing,,,,,,,,,0
1,,297438,Port:10,0,0,0,Missing,,,,,,,,,0
1,,297446,Port:10,0,0,0,Missing,,,,,,,,,0
1,,297462,Port:10,0,0,0,Missing,,,,,,,,,0
1,,297478,Port:10,0,0,0,Missing,,,,,,,,,0
1,,297510,Port:10,0,0,0,Missing,,,,,,,,,0
1,,297526,Port:10,0,0,0,Missing,,,,,,,,,0
1,,297542,Port:10,0,0,0,Missing,,,,,,,,,0
1,,297558,Port:10,0,0,0,Missing,,,,,,,,,0
1,,297566,Port:10,0,0,0,Missing,,,,,,,,,0
1,,297582,Port:10,0,0,0,Missing,,,,,,,,,0
1,,297598,Port:10,0,0,0,Missing,,,,,,,,,0
1,,297614,Port:10,0,0,0,Missing,,,,,,,,,0
1,,297630,Port:10,0,0,0,Missing,,,,,,,,,0
1,,297646,Port:10,0,0,0,Missing,,,,,,,,,0
1,,297662,Port:10,0,0,0,Missing,,,,,,,,,0
1,,297678,Port:10,0,0,0,Missing,,,,,,,,,0
1,,297686,Port:10,0,0,0,Missing,,,,,,,,,0
1,,297702,Port:10,0,0,0,Missing,,,,,,,,,0
1,,297718,Port:10,0,0,0,Missing,,,,,,,,,0
1,,297734,Port:10,0,0,0,Missing,,,,,,,,,0
1,,297750,Port:10,0,0,0,Missing,,,,,,,,,0
1,,297766,Port:10,0,0,0,Missing,,,,,,,,,0
1,,297798,Port:10,0,0,0,Missing,,,,,,,,,0
1,,297806,Port:10,0,0,0,Missing,,,,,,,,,0
1,,297822,Port:10,0,0,0,Missing,,,,,,,,,0
1,,297838,Port:10,0,0,0,Missing,,,,,,,,,0
1,,297854,Port:10,0,0,0,Missing,,,,,,,,,0
1,,297870,Port:10,0,0,0,Missing,,,,,,,,,0
1,,297886,Port:10,0,0,0,Missing,,,,,,,,,0
1,,297902,Port:10,0,0,0,Missing,,,,,,,,,0
1,,297918,Port:10,0,0,0,Missing,,,,,,,,,0
1,,297934,Port:10,0,0,0,Missing,,,,,,,,,0
1,,297942,Port:10,0,0,0,Missing,,,,,,,,,0
1,,297958,Port:10,0,0,0,Missing,,,,,,,,,0
1,,297974,Port:10,0,0,0,Missing,,,,,,,,,0
1,,297990,Port:10,0,0,0,Missing,,,,,,,,,0
1,,298006,Port:10,0,0,0,Missing,,,,,,,,,0
1,,298038,Port:10,0,0,0,Missing,,,,,,,,,0
1,,298046,Port:10,0,0,0,Missing,,,,,,,,,0
1,,298062,Port:10,0,0,0,Missing,,,,,,,,,0
1,,298078,Port:10,0,0,0,Missing,,,,,,,,,0
1,,298094,Port:10,0,0,0,Missing,,,,,,,,,0
1,,298110,Port:10,0,0,0,Missing,,,,,,,,,0
1,,298126,Port:10,0,0,0,Missing,,,,,,,,,0
1,,298142,Port:10,0,0,0,Missing,,,,,,,,,0
1,,298158,Port:10,0,0,0,Missing,,,,,,,,,0
1,,298174,Port:10,0,0,0,Missing,,,,,,,,,0
1,,298182,Port:10,0,0,0,Missing,,,,,,,,,0
1,,298198,Port:10,0,0,0,Missing,,,,,,,,,0
1,,298214,Port:10,0,0,0,Missing,,,,,,,,,0
1,,298230,Port:10,0,0,0,Missing,,,,,,,,,0
1,,298246,Port:10,0,0,0,Missing,,,,,,,,,0
1,,298278,Port:10,0,0,0,Missing,,,,,,,,,0
1,,298286,Port:10,0,0,0,Missing,,,,,,,,,0
1,,298302,Port:10,0,0,0,Missing,,,,,,,,,0
1,,298318,Port:10,0,0,0,Missing,,,,,,,,,0
1,,298334,Port:10,0,0,0,Missing,,,,,,,,,0
1,,298350,Port:10,0,0,0,Missing,,,,,,,,,0
1,,298366,Port:10,0,0,0,Missing,,,,,,,,,0
1,,298382,Port:10,0,0,0,Missing,,,,,,,,,0
1,,298398,Port:10,0,0,0,Missing,,,,,,,,,0
1,,298414,Port:10,0,0,0,Missing,,,,,,,,,0
1,,298422,Port:10,0,0,0,Missing,,,,,,,,,0
1,,298438,Port:10,0,0,0,Missing,,,,,,,,,0
1,,298454,Port:10,0,0,0,Missing,,,,,,,,,0
1,,298470,Port:10,0,0,0,Missing,,,,,,,,,0
1,,298486,Port:10,0,0,0,Missing,,,,,,,,,0
1,,298518,Port:10,0,0,0,Missing,,,,,,,,,0
1,,298526,Port:10,0,0,0,Missing,,,,,,,,,0
1,,298542,Port:10,0,0,0,Missing,,,,,,,,,0
1,,298558,Port:10,0,0,0,Missing,,,,,,,,,0
1,,298574,Port:10,0,0,0,Missing,,,,,,,,,0
1,,298590,Port:10,0,0,0,Missing,,,,,,,,,0
1,,298606,Port:10,0,0,0,Missing,,,,,,,,,0
1,,298622,Port:10,0,0,0,Missing,,,,,,,,,0
1,,298638,Port:10,0,0,0,Missing,,,,,,,,,0
1,,298654,Port:10,0,0,0,Missing,,,,,,,,,0
1,,298662,Port:10,0,0,0,Missing,,,,,,,,,0
1,,298686,Port:10,0,0,0,Missing,,,,,,,,,0
1,,298694,Port:10,0,0,0,Missing,,,,,,,,,0
1,,298710,Port:10,0,0,0,Missing,,,,,,,,,0
1,,298726,Port:10,0,0,0,Missing,,,,,,,,,0
1,,298758,Port:10,0,0,0,Missing,,,,,,,,,0
1,,298766,Port:10,0,0,0,Missing,,,,,,,,,0
1,,298782,Port:10,0,0,0,Missing,,,,,,,,,0
1,,298806,Port:10,0,0,0,Missing,,,,,,,,,0
1,,298814,Port:10,0,0,0,Missing,,,,,,,,,0
1,,298830,Port:10,0,0,0,Missing,,,,,,,,,0
1,,298846,Port:10,0,0,0,Missing,,,,,,,,,0
1,,298862,Port:10,0,0,0,Missing,,,,,,,,,0
1,,298878,Port:10,0,0,0,Missing,,,,,,,,,0
1,,298886,Port:10,0,0,0,Missing,,,,,,,,,0
1,,298902,Port:10,0,0,0,Missing,,,,,,,,,0
1,,298926,Port:10,0,0,0,Missing,,,,,,,,,0
1,,298942,Port:10,0,0,0,Missing,,,,,,,,,0
1,,298950,Port:10,0,0,0,Missing,,,,,,,,,0
1,,298966,Port:10,0,0,0,Missing,,,,,,,,,0
1,,298998,Port:10,0,0,0,Missing,,,,,,,,,0
1,,299006,Port:10,0,0,0,Missing,,,,,,,,,0
1,,299022,Port:10,0,0,0,Missing,,,,,,,,,0
1,,299046,Port:10,0,0,0,Missing,,,,,,,,,0
1,,299054,Port:10,0,0,0,Missing,,,,,,,,,0
1,,299070,Port:10,0,0,0,Missing,,,,,,,,,0
1,,299086,Port:10,0,0,0,Missing,,,,,,,,,0
1,,299102,Port:10,0,0,0,Missing,,,,,,,,,0
1,,299118,Port:10,0,0,0,Missing,,,,,,,,,0
1,,299134,Port:10,0,0,0,Missing,,,,,,,,,0
1,,299142,Port:10,0,0,0,Missing,,,,,,,,,0
1,,299166,Port:10,0,0,0,Missing,,,,,,,,,0
1,,299174,Port:10,0,0,0,Missing,,,,,,,,,0
1,,299190,Port:10,0,0,0,Missing,,,,,,,,,0
1,,299206,Port:10,0,0,0,Missing,,,,,,,,,0
1,,299238,Port:10,0,0,0,Missing,,,,,,,,,0
1,,299246,Port:10,0,0,0,Missing,,,,,,,,,0
1,,299262,Port:10,0,0,0,Missing,,,,,,,,,0
1,,299286,Port:10,0,0,0,Missing,,,,,,,,,0
1,,299294,Port:10,0,0,0,Missing,,,,,,,,,0
1,,299310,Port:10,0,0,0,Missing,,,,,,,,,0
1,,299326,Port:10,0,0,0,Missing,,,,,,,,,0
1,,299342,Port:10,0,0,0,Missing,,,,,,,,,0
1,,299358,Port:10,0,0,0,Missing,,,,,,,,,0
1,,299366,Port:10,0,0,0,Missing,,,,,,,,,0
1,,299382,Port:10,0,0,0,Missing,,,,,,,,,0
1,,299406,Port:10,0,0,0,Missing,,,,,,,,,0
1,,299422,Port:10,0,0,0,Missing,,,,,,,,,0
1,,299430,Port:10,0,0,0,Missing,,,,,,,,,0
1,,299446,Port:10,0,0,0,Missing,,,,,,,,,0
1,,299478,Port:10,0,0,0,Missing,,,,,,,,,0
1,,299486,Port:10,0,0,0,Missing,,,,,,,,,0
1,,299502,Port:10,0,0,0,Missing,,,,,,,,,0
1,,299526,Port:10,0,0,0,Missing,,,,,,,,,0
1,,299534,Port:10,0,0,0,Missing,,,,,,,,,0
1,,299550,Port:10,0,0,0,Missing,,,,,,,,,0
1,,299566,Port:10,0,0,0,Missing,,,,,,,,,0
1,,299582,Port:10,0,0,0,Missing,,,,,,,,,0
1,,299598,Port:10,0,0,0,Missing,,,,,,,,,0
1,,299606,Port:10,0,0,0,Missing,,,,,,,,,0
1,,299622,Port:10,0,0,0,Missing,,,,,,,,,0
1,,299646,Port:10,0,0,0,Missing,,,,,,,,,0
1,,299654,Port:10,0,0,0,Missing,,,,,,,,,0
1,,299670,Port:10,0,0,0,Missing,,,,,,,,,0
1,,299702,Port:10,0,0,0,Missing,,,,,,,,,0
1,,299718,Port:10,0,0,0,Missing,,,,,,,,,0
1,,299726,Port:10,0,0,0,Missing,,,,,,,,,0
1,,299742,Port:10,0,0,0,Missing,,,,,,,,,0
1,,299766,Port:10,0,0,0,Missing,,,,,,,,,0
1,,299774,Port:10,0,0,0,Missing,,,,,,,,,0
1,,299790,Port:10,0,0,0,Missing,,,,,,,,,0
1,,299806,Port:10,0,0,0,Missing,,,,,,,,,0
1,,299822,Port:10,0,0,0,Missing,,,,,,,,,0
1,,299838,Port:10,0,0,0,Missing,,,,,,,,,0
1,,299854,Port:10,0,0,0,Missing,,,,,,,,,0
1,,299870,Port:10,0,0,0,Missing,,,,,,,,,0
1,,299886,Port:10,0,0,0,Missing,,,,,,,,,0
1,,299894,Port:10,0,0,0,Missing,,,,,,,,,0
1,,299910,Port:10,0,0,0,Missing,,,,,,,,,0
1,,299942,Port:10,0,0,0,Missing,,,,,,,,,0
1,,299958,Port:10,0,0,0,Missing,,,,,,,,,0
1,,299966,Port:10,0,0,0,Missing,,,,,,,,,0
1,,299990,Port:10,0,0,0,Missing,,,,,,,,,0
1,,300006,Port:10,0,0,0,Missing,,,,,,,,,0
1,,300014,Port:10,0,0,0,Missing,,,,,,,,,0
1,,300030,Port:10,0,0,0,Missing,,,,,,,,,0
1,,300046,Port:10,0,0,0,Missing,,,,,,,,,0
1,,300062,Port:10,0,0,0,Missing,,,,,,,,,0
1,,300078,Port:10,0,0,0,Missing,,,,,,,,,0
1,,300086,Port:10,0,0,0,Missing,,,,,,,,,0
1,,300110,Port:10,0,0,0,Missing,,,,,,,,,0
1,,300126,Port:10,0,0,0,Missing,,,,,,,,,0
1,,300134,Port:10,0,0,0,Missing,,,,,,,,,0
1,,300150,Port:10,0,0,0,Missing,,,,,,,,,0
1,,300182,Port:10,0,0,0,Missing,,,,,,,,,0
1,,300198,Port:10,0,0,0,Missing,,,,,,,,,0
1,,300206,Port:10,0,0,0,Missing,,,,,,,,,0
1,,300230,Port:10,0,0,0,Missing,,,,,,,,,0
1,,300246,Port:10,0,0,0,Missing,,,,,,,,,0
1,,300254,Port:10,0,0,0,Missing,,,,,,,,,0
1,,300270,Port:10,0,0,0,Missing,,,,,,,,,0
1,,300286,Port:10,0,0,0,Missing,,,,,,,,,0
1,,300302,Port:10,0,0,0,Missing,,,,,,,,,0
1,,300318,Port:10,0,0,0,Missing,,,,,,,,,0
1,,300326,Port:10,0,0,0,Missing,,,,,,,,,0
1,,300350,Port:10,0,0,0,Missing,,,,,,,,,0
1,,300366,Port:10,0,0,0,Missing,,,,,,,,,0
1,,300374,Port:10,0,0,0,Missing,,,,,,,,,0
1,,300390,Port:10,0,0,0,Missing,,,,,,,,,0
1,,300422,Port:10,0,0,0,Missing,,,,,,,,,0
1,,300438,Port:10,0,0,0,Missing,,,,,,,,,0
1,,300446,Port:10,0,0,0,Missing,,,,,,,,,0
1,,300470,Port:10,0,0,0,Missing,,,,,,,,,0
1,,300486,Port:10,0,0,0,Missing,,,,,,,,,0
1,,300494,Port:10,0,0,0,Missing,,,,,,,,,0
1,,300510,Port:10,0,0,0,Missing,,,,,,,,,0
1,,300526,Port:10,0,0,0,Missing,,,,,,,,,0
1,,300542,Port:10,0,0,0,Missing,,,,,,,,,0
1,,300558,Port:10,0,0,0,Missing,,,,,,,,,0
1,,300574,Port:10,0,0,0,Missing,,,,,,,,,0
1,,300590,Port:10,0,0,0,Missing,,,,,,,,,0
1,,300606,Port:10,0,0,0,Missing,,,,,,,,,0
1,,300614,Port:10,0,0,0,Missing,,,,,,,,,0
1,,300630,Port:10,0,0,0,Missing,,,,,,,,,0
1,,300662,Port:10,0,0,0,Missing,,,,,,,,,0
1,,300678,Port:10,0,0,0,Missing,,,,,,,,,0
1,,300686,Port:10,0,0,0,Missing,,,,,,,,,0
1,,300710,Port:10,0,0,0,Missing,,,,,,,,,0
1,,300726,Port:10,0,0,0,Missing,,,,,,,,,0
1,,300734,Port:10,0,0,0,Missing,,,,,,,,,0
1,,300750,Port:10,0,0,0,Missing,,,,,,,,,0
1,,300766,Port:10,0,0,0,Missing,,,,,,,,,0
1,,300782,Port:10,0,0,0,Missing,,,,,,,,,0
1,,300798,Port:10,0,0,0,Missing,,,,,,,,,0
1,,300806,Port:10,0,0,0,Missing,,,,,,,,,0
1,,300830,Port:10,0,0,0,Missing,,,,,,,,,0
1,,300846,Port:10,0,0,0,Missing,,,,,,,,,0
1,,300862,Port:10,0,0,0,Missing,,,,,,,,,0
1,,300870,Port:10,0,0,0,Missing,,,,,,,,,0
1,,300902,Port:10,0,0,0,Missing,,,,,,,,,0
1,,300918,Port:10,0,0,0,Missing,,,,,,,,,0
1,,300934,Port:10,0,0,0,Missing,,,,,,,,,0
1,,300950,Port:10,0,0,0,Missing,,,,,,,,,0
1,,300966,Port:10,0,0,0,Missing,,,,,,,,,0
1,,300974,Port:10,0,0,0,Missing,,,,,,,,,0
1,,300990,Port:10,0,0,0,Missing,,,,,,,,,0
1,,301006,Port:10,0,0,0,Missing,,,,,,,,,0
1,,301022,Port:10,0,0,0,Missing,,,,,,,,,0
1,,301038,Port:10,0,0,0,Missing,,,,,,,,,0
1,,301054,Port:10,0,0,0,Missing,,,,,,,,,0
1,,301070,Port:10,0,0,0,Missing,,,,,,,,,0
1,,301086,Port:10,0,0,0,Missing,,,,,,,,,0
1,,301102,Port:10,0,0,0,Missing,,,,,,,,,0
1,,301110,Port:10,0,0,0,Missing,,,,,,,,,0
1,,301142,Port:10,0,0,0,Missing,,,,,,,,,0
1,,301158,Port:10,0,0,0,Missing,,,,,,,,,0
1,,301174,Port:10,0,0,0,Missing,,,,,,,,,0
1,,301190,Port:10,0,0,0,Missing,,,,,,,,,0
1,,301206,Port:10,0,0,0,Missing,,,,,,,,,0
1,,301214,Port:10,0,0,0,Missing,,,,,,,,,0
1,,301230,Port:10,0,0,0,Missing,,,,,,,,,0
1,,301246,Port:10,0,0,0,Missing,,,,,,,,,0
1,,301262,Port:10,0,0,0,Missing,,,,,,,,,0
1,,301278,Port:10,0,0,0,Missing,,,,,,,,,0
1,,301294,Port:10,0,0,0,Missing,,,,,,,,,0
1,,301310,Port:10,0,0,0,Missing,,,,,,,,,0
1,,301326,Port:10,0,0,0,Missing,,,,,,,,,0
1,,301342,Port:10,0,0,0,Missing,,,,,,,,,0
1,,301350,Port:10,0,0,0,Missing,,,,,,,,,0
1,,301382,Port:10,0,0,0,Missing,,,,,,,,,0
1,,301398,Port:10,0,0,0,Missing,,,,,,,,,0
1,,301414,Port:10,0,0,0,Missing,,,,,,,,,0
1,,301430,Port:10,0,0,0,Missing,,,,,,,,,0
1,,301446,Port:10,0,0,0,Missing,,,,,,,,,0
1,,301454,Port:10,0,0,0,Missing,,,,,,,,,0
1,,301470,Port:10,0,0,0,Missing,,,,,,,,,0
1,,301486,Port:10,0,0,0,Missing,,,,,,,,,0
1,,301502,Port:10,0,0,0,Missing,,,,,,,,,0
1,,301518,Port:10,0,0,0,Missing,,,,,,,,,0
1,,301534,Port:10,0,0,0,Missing,,,,,,,,,0
1,,301550,Port:10,0,0,0,Missing,,,,,,,,,0
1,,301566,Port:10,0,0,0,Missing,,,,,,,,,0
1,,301582,Port:10,0,0,0,Missing,,,,,,,,,0
1,,301590,Port:10,0,0,0,Missing,,,,,,,,,0
1,,301622,Port:10,0,0,0,Missing,,,,,,,,,0
1,,301638,Port:10,0,0,0,Missing,,,,,,,,,0
1,,301654,Port:10,0,0,0,Missing,,,,,,,,,0
1,,301670,Port:10,0,0,0,Missing,,,,,,,,,0
1,,301686,Port:10,0,0,0,Missing,,,,,,,,,0
1,,301702,Port:10,0,0,0,Missing,,,,,,,,,0
1,,301710,Port:10,0,0,0,Missing,,,,,,,,,0
1,,301726,Port:10,0,0,0,Missing,,,,,,,,,0
1,,301742,Port:10,0,0,0,Missing,,,,,,,,,0
1,,301758,Port:10,0,0,0,Missing,,,,,,,,,0
1,,301774,Port:10,0,0,0,Missing,,,,,,,,,0
1,,301790,Port:10,0,0,0,Missing,,,,,,,,,0
1,,301806,Port:10,0,0,0,Missing,,,,,,,,,0
1,,301814,Port:10,0,0,0,Missing,,,,,,,,,0
1,,301830,Port:10,0,0,0,Missing,,,,,,,,,0
1,,301862,Port:10,0,0,0,Missing,,,,,,,,,0
1,,301878,Port:10,0,0,0,Missing,,,,,,,,,0
1,,301894,Port:10,0,0,0,Missing,,,,,,,,,0
1,,301910,Port:10,0,0,0,Missing,,,,,,,,,0
1,,301926,Port:10,0,0,0,Missing,,,,,,,,,0
1,,301934,Port:10,0,0,0,Missing,,,,,,,,,0
1,,301950,Port:10,0,0,0,Missing,,,,,,,,,0
1,,301966,Port:10,0,0,0,Missing,,,,,,,,,0
1,,301982,Port:10,0,0,0,Missing,,,,,,,,,0
1,,301998,Port:10,0,0,0,Missing,,,,,,,,,0
1,,302014,Port:10,0,0,0,Missing,,,,,,,,,0
1,,302030,Port:10,0,0,0,Missing,,,,,,,,,0
1,,302046,Port:10,0,0,0,Missing,,,,,,,,,0
1,,302062,Port:10,0,0,0,Missing,,,,,,,,,0
1,,302070,Port:10,0,0,0,Missing,,,,,,,,,0
1,,302102,Port:10,0,0,0,Missing,,,,,,,,,0
1,,302118,Port:10,0,0,0,Missing,,,,,,,,,0
1,,302134,Port:10,0,0,0,Missing,,,,,,,,,0
1,,302150,Port:10,0,0,0,Missing,,,,,,,,,0
1,,302166,Port:10,0,0,0,Missing,,,,,,,,,0
1,,302174,Port:10,0,0,0,Missing,,,,,,,,,0
1,,302190,Port:10,0,0,0,Missing,,,,,,,,,0
1,,302206,Port:10,0,0,0,Missing,,,,,,,,,0
1,,302222,Port:10,0,0,0,Missing,,,,,,,,,0
1,,302238,Port:10,0,0,0,Missing,,,,,,,,,0
1,,302254,Port:10,0,0,0,Missing,,,,,,,,,0
1,,302270,Port:10,0,0,0,Missing,,,,,,,,,0
1,,302286,Port:10,0,0,0,Missing,,,,,,,,,0
1,,302302,Port:10,0,0,0,Missing,,,,,,,,,0
1,,302310,Port:10,0,0,0,Missing,,,,,,,,,0
1,,302342,Port:10,0,0,0,Missing,,,,,,,,,0
1,,302358,Port:10,0,0,0,Missing,,,,,,,,,0
1,,302374,Port:10,0,0,0,Missing,,,,,,,,,0
1,,302390,Port:10,0,0,0,Missing,,,,,,,,,0
1,,302406,Port:10,0,0,0,Missing,,,,,,,,,0
1,,302414,Port:10,0,0,0,Missing,,,,,,,,,0
1,,302430,Port:10,0,0,0,Missing,,,,,,,,,0
1,,302446,Port:10,0,0,0,Missing,,,,,,,,,0
1,,302462,Port:10,0,0,0,Missing,,,,,,,,,0
1,,302478,Port:10,0,0,0,Missing,,,,,,,,,0
1,,302494,Port:10,0,0,0,Missing,,,,,,,,,0
1,,302510,Port:10,0,0,0,Missing,,,,,,,,,0
1,,302526,Port:10,0,0,0,Missing,,,,,,,,,0
1,,302542,Port:10,0,0,0,Missing,,,,,,,,,0
1,,302566,Port:10,0,0,0,Missing,,,,,,,,,0
1,,302582,Port:10,0,0,0,Missing,,,,,,,,,0
1,,302598,Port:10,0,0,0,Missing,,,,,,,,,0
1,,302614,Port:10,0,0,0,Missing,,,,,,,,,0
1,,302630,Port:10,0,0,0,Missing,,,,,,,,,0
1,,302646,Port:10,0,0,0,Missing,,,,,,,,,0
1,,302662,Port:10,0,0,0,Missing,,,,,,,,,0
1,,302670,Port:10,0,0,0,Missing,,,,,,,,,0
1,,302686,Port:10,0,0,0,Missing,,,,,,,,,0
1,,302702,Port:10,0,0,0,Missing,,,,,,,,,0
1,,302718,Port:10,0,0,0,Missing,,,,,,,,,0
1,,302734,Port:10,0,0,0,Missing,,,,,,,,,0
1,,302750,Port:10,0,0,0,Missing,,,,,,,,,0
1,,302766,Port:10,0,0,0,Missing,,,,,,,,,0
1,,302782,Port:10,0,0,0,Missing,,,,,,,,,0
1,,302806,Port:10,0,0,0,Missing,,,,,,,,,0
1,,302822,Port:10,0,0,0,Missing,,,,,,,,,0
1,,302838,Port:10,0,0,0,Missing,,,,,,,,,0
1,,302854,Port:10,0,0,0,Missing,,,,,,,,,0
1,,302870,Port:10,0,0,0,Missing,,,,,,,,,0
1,,302886,Port:10,0,0,0,Missing,,,,,,,,,0
1,,302902,Port:10,0,0,0,Missing,,,,,,,,,0
1,,302910,Port:10,0,0,0,Missing,,,,,,,,,0
1,,302926,Port:10,0,0,0,Missing,,,,,,,,,0
1,,302942,Port:10,0,0,0,Missing,,,,,,,,,0
1,,302958,Port:10,0,0,0,Missing,,,,,,,,,0
1,,302974,Port:10,0,0,0,Missing,,,,,,,,,0
1,,302990,Port:10,0,0,0,Missing,,,,,,,,,0
1,,303006,Port:10,0,0,0,Missing,,,,,,,,,0
1,,303022,Port:10,0,0,0,Missing,,,,,,,,,0
1,,303046,Port:10,0,0,0,Missing,,,,,,,,,0
1,,303062,Port:10,0,0,0,Missing,,,,,,,,,0
1,,303078,Port:10,0,0,0,Missing,,,,,,,,,0
1,,303094,Port:10,0,0,0,Missing,,,,,,,,,0
1,,303110,Port:10,0,0,0,Missing,,,,,,,,,0
1,,303126,Port:10,0,0,0,Missing,,,,,,,,,0
1,,303142,Port:10,0,0,0,Missing,,,,,,,,,0
1,,303150,Port:10,0,0,0,Missing,,,,,,,,,0
1,,303166,Port:10,0,0,0,Missing,,,,,,,,,0
1,,303190,Port:10,0,0,0,Missing,,,,,,,,,0
1,,303198,Port:10,0,0,0,Missing,,,,,,,,,0
1,,303214,Port:10,0,0,0,Missing,,,,,,,,,0
1,,303230,Port:10,0,0,0,Missing,,,,,,,,,0
1,,303246,Port:10,0,0,0,Missing,,,,,,,,,0
1,,303262,Port:10,0,0,0,Missing,,,,,,,,,0
1,,303286,Port:10,0,0,0,Missing,,,,,,,,,0
1,,303310,Port:10,0,0,0,Missing,,,,,,,,,0
1,,303318,Port:10,0,0,0,Missing,,,,,,,,,0
1,,303334,Port:10,0,0,0,Missing,,,,,,,,,0
1,,303350,Port:10,0,0,0,Missing,,,,,,,,,0
1,,303366,Port:10,0,0,0,Missing,,,,,,,,,0
1,,303382,Port:10,0,0,0,Missing,,,,,,,,,0
1,,303390,Port:10,0,0,0,Missing,,,,,,,,,0
1,,303406,Port:10,0,0,0,Missing,,,,,,,,,0
1,,303430,Port:10,0,0,0,Missing,,,,,,,,,0
1,,303438,Port:10,0,0,0,Missing,,,,,,,,,0
1,,303454,Port:10,0,0,0,Missing,,,,,,,,,0
1,,303470,Port:10,0,0,0,Missing,,,,,,,,,0
1,,303486,Port:10,0,0,0,Missing,,,,,,,,,0
1,,303502,Port:10,0,0,0,Missing,,,,,,,,,0
1,,303526,Port:10,0,0,0,Missing,,,,,,,,,0
1,,303550,Port:10,0,0,0,Missing,,,,,,,,,0
1,,303558,Port:10,0,0,0,Missing,,,,,,,,,0
1,,303574,Port:10,0,0,0,Missing,,,,,,,,,0
1,,303590,Port:10,0,0,0,Missing,,,,,,,,,0
1,,303606,Port:10,0,0,0,Missing,,,,,,,,,0
1,,303622,Port:10,0,0,0,Missing,,,,,,,,,0
1,,303630,Port:10,0,0,0,Missing,,,,,,,,,0
1,,303646,Port:10,0,0,0,Missing,,,,,,,,,0
1,,303670,Port:10,0,0,0,Missing,,,,,,,,,0
1,,303678,Port:10,0,0,0,Missing,,,,,,,,,0
1,,303694,Port:10,0,0,0,Missing,,,,,,,,,0
1,,303710,Port:10,0,0,0,Missing,,,,,,,,,0
1,,303726,Port:10,0,0,0,Missing,,,,,,,,,0
1,,303742,Port:10,0,0,0,Missing,,,,,,,,,0
1,,303766,Port:10,0,0,0,Missing,,,,,,,,,0
1,,303790,Port:10,0,0,0,Missing,,,,,,,,,0
1,,303798,Port:10,0,0,0,Missing,,,,,,,,,0
1,,303814,Port:10,0,0,0,Missing,,,,,,,,,0
1,,303830,Port:10,0,0,0,Missing,,,,,,,,,0
1,,303846,Port:10,0,0,0,Missing,,,,,,,,,0
1,,303862,Port:10,0,0,0,Missing,,,,,,,,,0
1,,303870,Port:10,0,0,0,Missing,,,,,,,,,0
1,,303886,Port:10,0,0,0,Missing,,,,,,,,,0
1,,303910,Port:10,0,0,0,Missing,,,,,,,,,0
1,,303918,Port:10,0,0,0,Missing,,,,,,,,,0
1,,303934,Port:10,0,0,0,Missing,,,,,,,,,0
1,,303950,Port:10,0,0,0,Missing,,,,,,,,,0
1,,303966,Port:10,0,0,0,Missing,,,,,,,,,0
1,,303974,Port:10,0,0,0,Missing,,,,,,,,,0
1,,304006,Port:10,0,0,0,Missing,,,,,,,,,0
1,,304030,Port:10,0,0,0,Missing,,,,,,,,,0
1,,304038,Port:10,0,0,0,Missing,,,,,,,,,0
1,,304054,Port:10,0,0,0,Missing,,,,,,,,,0
1,,304070,Port:10,0,0,0,Missing,,,,,,,,,0
1,,304086,Port:10,0,0,0,Missing,,,,,,,,,0
1,,304102,Port:10,0,0,0,Missing,,,,,,,,,0
1,,304110,Port:10,0,0,0,Missing,,,,,,,,,0
1,,304126,Port:10,0,0,0,Missing,,,,,,,,,0
1,,304150,Port:10,0,0,0,Missing,,,,,,,,,0
1,,304158,Port:10,0,0,0,Missing,,,,,,,,,0
1,,304174,Port:10,0,0,0,Missing,,,,,,,,,0
1,,304190,Port:10,0,0,0,Missing,,,,,,,,,0
1,,304206,Port:10,0,0,0,Missing,,,,,,,,,0
1,,304222,Port:10,0,0,0,Missing,,,,,,,,,0
1,,304246,Port:10,0,0,0,Missing,,,,,,,,,0
1,,304270,Port:10,0,0,0,Missing,,,,,,,,,0
1,,304278,Port:10,0,0,0,Missing,,,,,,,,,0
1,,304294,Port:10,0,0,0,Missing,,,,,,,,,0
1,,304310,Port:10,0,0,0,Missing,,,,,,,,,0
1,,304326,Port:10,0,0,0,Missing,,,,,,,,,0
1,,304342,Port:10,0,0,0,Missing,,,,,,,,,0
1,,304350,Port:10,0,0,0,Missing,,,,,,,,,0
1,,304374,Port:10,0,0,0,Missing,,,,,,,,,0
1,,304390,Port:10,0,0,0,Missing,,,,,,,,,0
1,,304398,Port:10,0,0,0,Missing,,,,,,,,,0
1,,304414,Port:10,0,0,0,Missing,,,,,,,,,0
1,,304430,Port:10,0,0,0,Missing,,,,,,,,,0
1,,304446,Port:10,0,0,0,Missing,,,,,,,,,0
1,,304470,Port:10,0,0,0,Missing,,,,,,,,,0
1,,304494,Port:10,0,0,0,Missing,,,,,,,,,0
1,,304510,Port:10,0,0,0,Missing,,,,,,,,,0
1,,304518,Port:10,0,0,0,Missing,,,,,,,,,0
1,,304534,Port:10,0,0,0,Missing,,,,,,,,,0
1,,304550,Port:10,0,0,0,Missing,,,,,,,,,0
1,,304566,Port:10,0,0,0,Missing,,,,,,,,,0
1,,304582,Port:10,0,0,0,Missing,,,,,,,,,0
1,,304590,Port:10,0,0,0,Missing,,,,,,,,,0
1,,304614,Port:10,0,0,0,Missing,,,,,,,,,0
1,,304630,Port:10,0,0,0,Missing,,,,,,,,,0
1,,304638,Port:10,0,0,0,Missing,,,,,,,,,0
1,,304654,Port:10,0,0,0,Missing,,,,,,,,,0
1,,304670,Port:10,0,0,0,Missing,,,,,,,,,0
1,,304686,Port:10,0,0,0,Missing,,,,,,,,,0
1,,304702,Port:10,0,0,0,Missing,,,,,,,,,0
1,,304734,Port:10,0,0,0,Missing,,,,,,,,,0
1,,304750,Port:10,0,0,0,Missing,,,,,,,,,0
1,,304758,Port:10,0,0,0,Missing,,,,,,,,,0
1,,304774,Port:10,0,0,0,Missing,,,,,,,,,0
1,,304790,Port:10,0,0,0,Missing,,,,,,,,,0
1,,304806,Port:10,0,0,0,Missing,,,,,,,,,0
1,,304822,Port:10,0,0,0,Missing,,,,,,,,,0
1,,304830,Port:10,0,0,0,Missing,,,,,,,,,0
1,,304854,Port:10,0,0,0,Missing,,,,,,,,,0
1,,304870,Port:10,0,0,0,Missing,,,,,,,,,0
1,,304878,Port:10,0,0,0,Missing,,,,,,,,,0
1,,304894,Port:10,0,0,0,Missing,,,,,,,,,0
1,,304910,Port:10,0,0,0,Missing,,,,,,,,,0
1,,304926,Port:10,0,0,0,Missing,,,,,,,,,0
1,,304942,Port:10,0,0,0,Missing,,,,,,,,,0
1,,304974,Port:10,0,0,0,Missing,,,,,,,,,0
1,,304990,Port:10,0,0,0,Missing,,,,,,,,,0
1,,304998,Port:10,0,0,0,Missing,,,,,,,,,0
1,,305014,Port:10,0,0,0,Missing,,,,,,,,,0
1,,305030,Port:10,0,0,0,Missing,,,,,,,,,0
1,,305046,Port:10,0,0,0,Missing,,,,,,,,,0
1,,305062,Port:10,0,0,0,Missing,,,,,,,,,0
1,,305070,Port:10,0,0,0,Missing,,,,,,,,,0
1,,305094,Port:10,0,0,0,Missing,,,,,,,,,0
1,,305110,Port:10,0,0,0,Missing,,,,,,,,,0
1,,305118,Port:10,0,0,0,Missing,,,,,,,,,0
1,,305134,Port:10,0,0,0,Missing,,,,,,,,,0
1,,305150,Port:10,0,0,0,Missing,,,,,,,,,0
1,,305166,Port:10,0,0,0,Missing,,,,,,,,,0
1,,305182,Port:10,0,0,0,Missing,,,,,,,,,0
1,,305214,Port:10,0,0,0,Missing,,,,,,,,,0
1,,305230,Port:10,0,0,0,Missing,,,,,,,,,0
1,,305238,Port:10,0,0,0,Missing,,,,,,,,,0
1,,305254,Port:10,0,0,0,Missing,,,,,,,,,0
1,,305270,Port:10,0,0,0,Missing,,,,,,,,,0
1,,305286,Port:10,0,0,0,Missing,,,,,,,,,0
1,,305302,Port:10,0,0,0,Missing,,,,,,,,,0
1,,305310,Port:10,0,0,0,Missing,,,,,,,,,0
1,,305334,Port:10,0,0,0,Missing,,,,,,,,,0
1,,305350,Port:10,0,0,0,Missing,,,,,,,,,0
1,,305358,Port:10,0,0,0,Missing,,,,,,,,,0
1,,305374,Port:10,0,0,0,Missing,,,,,,,,,0
1,,305390,Port:10,0,0,0,Missing,,,,,,,,,0
1,,305406,Port:10,0,0,0,Missing,,,,,,,,,0
1,,305438,Port:10,0,0,0,Missing,,,,,,,,,0
1,,305454,Port:10,0,0,0,Missing,,,,,,,,,0
1,,305470,Port:10,0,0,0,Missing,,,,,,,,,0
1,,305478,Port:10,0,0,0,Missing,,,,,,,,,0
1,,305494,Port:10,0,0,0,Missing,,,,,,,,,0
1,,305510,Port:10,0,0,0,Missing,,,,,,,,,0
1,,305526,Port:10,0,0,0,Missing,,,,,,,,,0
1,,305542,Port:10,0,0,0,Missing,,,,,,,,,0
1,,305558,Port:10,0,0,0,Missing,,,,,,,,,0
1,,305574,Port:10,0,0,0,Missing,,,,,,,,,0
1,,305590,Port:10,0,0,0,Missing,,,,,,,,,0
1,,305598,Port:10,0,0,0,Missing,,,,,,,,,0
1,,305614,Port:10,0,0,0,Missing,,,,,,,,,0
1,,305630,Port:10,0,0,0,Missing,,,,,,,,,0
1,,305646,Port:10,0,0,0,Missing,,,,,,,,,0
1,,305678,Port:10,0,0,0,Missing,,,,,,,,,0
1,,305694,Port:10,0,0,0,Missing,,,,,,,,,0
1,,305710,Port:10,0,0,0,Missing,,,,,,,,,0
1,,305726,Port:10,0,0,0,Missing,,,,,,,,,0
1,,305734,Port:10,0,0,0,Missing,,,,,,,,,0
1,,305750,Port:10,0,0,0,Missing,,,,,,,,,0
1,,305766,Port:10,0,0,0,Missing,,,,,,,,,0
1,,305782,Port:10,0,0,0,Missing,,,,,,,,,0
1,,305798,Port:10,0,0,0,Missing,,,,,,,,,0
1,,305814,Port:10,0,0,0,Missing,,,,,,,,,0
1,,305830,Port:10,0,0,0,Missing,,,,,,,,,0
1,,305838,Port:10,0,0,0,Missing,,,,,,,,,0
1,,305854,Port:10,0,0,0,Missing,,,,,,,,,0
1,,305870,Port:10,0,0,0,Missing,,,,,,,,,0
1,,305886,Port:10,0,0,0,Missing,,,,,,,,,0
1,,305918,Port:10,0,0,0,Missing,,,,,,,,,0
1,,305934,Port:10,0,0,0,Missing,,,,,,,,,0
1,,305950,Port:10,0,0,0,Missing,,,,,,,,,0
1,,305966,Port:10,0,0,0,Missing,,,,,,,,,0
1,,305974,Port:10,0,0,0,Missing,,,,,,,,,0
1,,305990,Port:10,0,0,0,Missing,,,,,,,,,0
1,,306006,Port:10,0,0,0,Missing,,,,,,,,,0
1,,306022,Port:10,0,0,0,Missing,,,,,,,,,0
1,,306038,Port:10,0,0,0,Missing,,,,,,,,,0
1,,306054,Port:10,0,0,0,Missing,,,,,,,,,0
1,,306070,Port:10,0,0,0,Missing,,,,,,,,,0
1,,306078,Port:10,0,0,0,Missing,,,,,,,,,0
1,,306094,Port:10,0,0,0,Missing,,,,,,,,,0
1,,306110,Port:10,0,0,0,Missing,,,,,,,,,0
1,,306142,Port:10,0,0,0,Missing,,,,,,,,,0
1,,306158,Port:10,0,0,0,Missing,,,,,,,,,0
1,,306174,Port:10,0,0,0,Missing,,,,,,,,,0
1,,306190,Port:10,0,0,0,Missing,,,,,,,,,0
1,,306198,Port:10,0,0,0,Missing,,,,,,,,,0
1,,306214,Port:10,0,0,0,Missing,,,,,,,,,0
1,,306230,Port:10,0,0,0,Missing,,,,,,,,,0
1,,306246,Port:10,0,0,0,Missing,,,,,,,,,0
1,,306262,Port:10,0,0,0,Missing,,,,,,,,,0
1,,306278,Port:10,0,0,0,Missing,,,,,,,,,0
1,,306294,Port:10,0,0,0,Missing,,,,,,,,,0
1,,306310,Port:10,0,0,0,Missing,,,,,,,,,0
1,,306318,Port:10,0,0,0,Missing,,,,,,,,,0
1,,306334,Port:10,0,0,0,Missing,,,,,,,,,0
1,,306350,Port:10,0,0,0,Missing,,,,,,,,,0
1,,306366,Port:10,0,0,0,Missing,,,,,,,,,0
1,,306398,Port:10,0,0,0,Missing,,,,,,,,,0
1,,306414,Port:10,0,0,0,Missing,,,,,,,,,0
1,,306430,Port:10,0,0,0,Missing,,,,,,,,,0
1,,306438,Port:10,0,0,0,Missing,,,,,,,,,0
1,,306454,Port:10,0,0,0,Missing,,,,,,,,,0
1,,306470,Port:10,0,0,0,Missing,,,,,,,,,0
1,,306486,Port:10,0,0,0,Missing,,,,,,,,,0
1,,306502,Port:10,0,0,0,Missing,,,,,,,,,0
1,,306518,Port:10,0,0,0,Missing,,,,,,,,,0
1,,306534,Port:10,0,0,0,Missing,,,,,,,,,0
1,,306550,Port:10,0,0,0,Missing,,,,,,,,,0
1,,306566,Port:10,0,0,0,Missing,,,,,,,,,0
1,,306574,Port:10,0,0,0,Missing,,,,,,,,,0
1,,306590,Port:10,0,0,0,Missing,,,,,,,,,0
1,,306606,Port:10,0,0,0,Missing,,,,,,,,,0
1,,306622,Port:10,0,0,0,Missing,,,,,,,,,0
1,,306638,Port:10,0,0,0,Missing,,,,,,,,,0
1,,306654,Port:10,0,0,0,Missing,,,,,,,,,0
1,,306678,Port:10,0,0,0,Missing,,,,,,,,,0
1,,306694,Port:10,0,0,0,Missing,,,,,,,,,0
1,,306710,Port:10,0,0,0,Missing,,,,,,,,,0
1,,306726,Port:10,0,0,0,Missing,,,,,,,,,0
1,,306742,Port:10,0,0,0,Missing,,,,,,,,,0
1,,306758,Port:10,0,0,0,Missing,,,,,,,,,0
1,,306774,Port:10,0,0,0,Missing,,,,,,,,,0
1,,306790,Port:10,0,0,0,Missing,,,,,,,,,0
1,,306798,Port:10,0,0,0,Missing,,,,,,,,,0
1,,306814,Port:10,0,0,0,Missing,,,,,,,,,0
1,,306830,Port:10,0,0,0,Missing,,,,,,,,,0
1,,306846,Port:10,0,0,0,Missing,,,,,,,,,0
1,,306862,Port:10,0,0,0,Missing,,,,,,,,,0
1,,306878,Port:10,0,0,0,Missing,,,,,,,,,0
1,,306894,Port:10,0,0,0,Missing,,,,,,,,,0
1,,306926,Port:10,0,0,0,Missing,,,,,,,,,0
1,,306934,Port:10,0,0,0,Missing,,,,,,,,,0
1,,306950,Port:10,0,0,0,Missing,,,,,,,,,0
1,,306966,Port:10,0,0,0,Missing,,,,,,,,,0
1,,306982,Port:10,0,0,0,Missing,,,,,,,,,0
1,,306998,Port:10,0,0,0,Missing,,,,,,,,,0
1,,307014,Port:10,0,0,0,Missing,,,,,,,,,0
1,,307030,Port:10,0,0,0,Missing,,,,,,,,,0
1,,307046,Port:10,0,0,0,Missing,,,,,,,,,0
1,,307054,Port:10,0,0,0,Missing,,,,,,,,,0
1,,307070,Port:10,0,0,0,Missing,,,,,,,,,0
1,,307086,Port:10,0,0,0,Missing,,,,,,,,,0
1,,307102,Port:10,0,0,0,Missing,,,,,,,,,0
1,,307118,Port:10,0,0,0,Missing,,,,,,,,,0
1,,307134,Port:10,0,0,0,Missing,,,,,,,,,0
1,,307166,Port:10,0,0,0,Missing,,,,,,,,,0
1,,307174,Port:10,0,0,0,Missing,,,,,,,,,0
1,,307190,Port:10,0,0,0,Missing,,,,,,,,,0
1,,307206,Port:10,0,0,0,Missing,,,,,,,,,0
1,,307222,Port:10,0,0,0,Missing,,,,,,,,,0
1,,307238,Port:10,0,0,0,Missing,,,,,,,,,0
1,,307254,Port:10,0,0,0,Missing,,,,,,,,,0
1,,307270,Port:10,0,0,0,Missing,,,,,,,,,0
1,,307278,Port:10,0,0,0,Missing,,,,,,,,,0
1,,307294,Port:10,0,0,0,Missing,,,,,,,,,0
1,,307310,Port:10,0,0,0,Missing,,,,,,,,,0
1,,307326,Port:10,0,0,0,Missing,,,,,,,,,0
1,,307342,Port:10,0,0,0,Missing,,,,,,,,,0
1,,307358,Port:10,0,0,0,Missing,,,,,,,,,0
1,,307374,Port:10,0,0,0,Missing,,,,,,,,,0
1,,307406,Port:10,0,0,0,Missing,,,,,,,,,0
1,,307414,Port:10,0,0,0,Missing,,,,,,,,,0
1,,307430,Port:10,0,0,0,Missing,,,,,,,,,0
1,,307446,Port:10,0,0,0,Missing,,,,,,,,,0
1,,307462,Port:10,0,0,0,Missing,,,,,,,,,0
1,,307478,Port:10,0,0,0,Missing,,,,,,,,,0
1,,307494,Port:10,0,0,0,Missing,,,,,,,,,0
1,,307510,Port:10,0,0,0,Missing,,,,,,,,,0
1,,307518,Port:10,0,0,0,Missing,,,,,,,,,0
1,,307534,Port:10,0,0,0,Missing,,,,,,,,,0
1,,307550,Port:10,0,0,0,Missing,,,,,,,,,0
1,,307566,Port:10,0,0,0,Missing,,,,,,,,,0
1,,307582,Port:10,0,0,0,Missing,,,,,,,,,0
1,,307598,Port:10,0,0,0,Missing,,,,,,,,,0
1,,307630,Port:10,0,0,0,Missing,,,,,,,,,0
1,,307646,Port:10,0,0,0,Missing,,,,,,,,,0
1,,307654,Port:10,0,0,0,Missing,,,,,,,,,0
1,,307670,Port:10,0,0,0,Missing,,,,,,,,,0
1,,307694,Port:10,0,0,0,Missing,,,,,,,,,0
1,,307702,Port:10,0,0,0,Missing,,,,,,,,,0
1,,307718,Port:10,0,0,0,Missing,,,,,,,,,0
1,,307734,Port:10,0,0,0,Missing,,,,,,,,,0
1,,307750,Port:10,0,0,0,Missing,,,,,,,,,0
1,,307758,Port:10,0,0,0,Missing,,,,,,,,,0
1,,307774,Port:10,0,0,0,Missing,,,,,,,,,0
1,,307790,Port:10,0,0,0,Missing,,,,,,,,,0
1,,307814,Port:10,0,0,0,Missing,,,,,,,,,0
1,,307822,Port:10,0,0,0,Missing,,,,,,,,,0
1,,307838,Port:10,0,0,0,Missing,,,,,,,,,0
1,,307854,Port:10,0,0,0,Missing,,,,,,,,,0
1,,307878,Port:10,0,0,0,Missing,,,,,,,,,0
1,,307894,Port:10,0,0,0,Missing,,,,,,,,,0
1,,307910,Port:10,0,0,0,Missing,,,,,,,,,0
1,,307934,Port:10,0,0,0,Missing,,,,,,,,,0
1,,307942,Port:10,0,0,0,Missing,,,,,,,,,0
1,,307958,Port:10,0,0,0,Missing,,,,,,,,,0
1,,307974,Port:10,0,0,0,Missing,,,,,,,,,0
1,,307990,Port:10,0,0,0,Missing,,,,,,,,,0
1,,307998,Port:10,0,0,0,Missing,,,,,,,,,0
1,,308014,Port:10,0,0,0,Missing,,,,,,,,,0
1,,308030,Port:10,0,0,0,Missing,,,,,,,,,0
1,,308054,Port:10,0,0,0,Missing,,,,,,,,,0
1,,308062,Port:10,0,0,0,Missing,,,,,,,,,0
1,,308078,Port:10,0,0,0,Missing,,,,,,,,,0
1,,308094,Port:10,0,0,0,Missing,,,,,,,,,0
1,,308126,Port:10,0,0,0,Missing,,,,,,,,,0
1,,308134,Port:10,0,0,0,Missing,,,,,,,,,0
1,,308150,Port:10,0,0,0,Missing,,,,,,,,,0
1,,308174,Port:10,0,0,0,Missing,,,,,,,,,0
1,,308182,Port:10,0,0,0,Missing,,,,,,,,,0
1,,308198,Port:10,0,0,0,Missing,,,,,,,,,0
1,,308214,Port:10,0,0,0,Missing,,,,,,,,,0
1,,308230,Port:10,0,0,0,Missing,,,,,,,,,0
1,,308238,Port:10,0,0,0,Missing,,,,,,,,,0
1,,308254,Port:10,0,0,0,Missing,,,,,,,,,0
1,,308270,Port:10,0,0,0,Missing,,,,,,,,,0
1,,308294,Port:10,0,0,0,Missing,,,,,,,,,0
1,,308302,Port:10,0,0,0,Missing,,,,,,,,,0
1,,308318,Port:10,0,0,0,Missing,,,,,,,,,0
1,,308350,Port:10,0,0,0,Missing,,,,,,,,,0
1,,308366,Port:10,0,0,0,Missing,,,,,,,,,0
1,,308374,Port:10,0,0,0,Missing,,,,,,,,,0
1,,308390,Port:10,0,0,0,Missing,,,,,,,,,0
1,,308414,Port:10,0,0,0,Missing,,,,,,,,,0
1,,308422,Port:10,0,0,0,Missing,,,,,,,,,0
1,,308438,Port:10,0,0,0,Missing,,,,,,,,,0
1,,308454,Port:10,0,0,0,Missing,,,,,,,,,0
1,,308470,Port:10,0,0,0,Missing,,,,,,,,,0
1,,308486,Port:10,0,0,0,Missing,,,,,,,,,0
1,,308494,Port:10,0,0,0,Missing,,,,,,,,,0
1,,308510,Port:10,0,0,0,Missing,,,,,,,,,0
1,,308534,Port:10,0,0,0,Missing,,,,,,,,,0
1,,308542,Port:10,0,0,0,Missing,,,,,,,,,0
1,,308558,Port:10,0,0,0,Missing,,,,,,,,,0
1,,308590,Port:10,0,0,0,Missing,,,,,,,,,0
1,,308606,Port:10,0,0,0,Missing,,,,,,,,,0
1,,308614,Port:10,0,0,0,Missing,,,,,,,,,0
1,,308630,Port:10,0,0,0,Missing,,,,,,,,,0
1,,308646,Port:10,0,0,0,Missing,,,,,,,,,0
1,,308662,Port:10,0,0,0,Missing,,,,,,,,,0
1,,308678,Port:10,0,0,0,Missing,,,,,,,,,0
1,,308694,Port:10,0,0,0,Missing,,,,,,,,,0
1,,308710,Port:10,0,0,0,Missing,,,,,,,,,0
1,,308726,Port:10,0,0,0,Missing,,,,,,,,,0
1,,308734,Port:10,0,0,0,Missing,,,,,,,,,0
1,,308750,Port:10,0,0,0,Missing,,,,,,,,,0
1,,308774,Port:10,0,0,0,Missing,,,,,,,,,0
1,,308782,Port:10,0,0,0,Missing,,,,,,,,,0
1,,308798,Port:10,0,0,0,Missing,,,,,,,,,0
1,,308830,Port:10,0,0,0,Missing,,,,,,,,,0
1,,308838,Port:10,0,0,0,Missing,,,,,,,,,0
1,,308854,Port:10,0,0,0,Missing,,,,,,,,,0
1,,308878,Port:10,0,0,0,Missing,,,,,,,,,0
1,,308894,Port:10,0,0,0,Missing,,,,,,,,,0
1,,308902,Port:10,0,0,0,Missing,,,,,,,,,0
1,,308918,Port:10,0,0,0,Missing,,,,,,,,,0
1,,308934,Port:10,0,0,0,Missing,,,,,,,,,0
1,,308950,Port:10,0,0,0,Missing,,,,,,,,,0
1,,308966,Port:10,0,0,0,Missing,,,,,,,,,0
1,,308974,Port:10,0,0,0,Missing,,,,,,,,,0
1,,308998,Port:10,0,0,0,Missing,,,,,,,,,0
1,,309014,Port:10,0,0,0,Missing,,,,,,,,,0
1,,309022,Port:10,0,0,0,Missing,,,,,,,,,0
1,,309038,Port:10,0,0,0,Missing,,,,,,,,,0
1,,309070,Port:10,0,0,0,Missing,,,,,,,,,0
1,,309078,Port:10,0,0,0,Missing,,,,,,,,,0
1,,309094,Port:10,0,0,0,Missing,,,,,,,,,0
1,,309118,Port:10,0,0,0,Missing,,,,,,,,,0
1,,309134,Port:10,0,0,0,Missing,,,,,,,,,0
1,,309142,Port:10,0,0,0,Missing,,,,,,,,,0
1,,309158,Port:10,0,0,0,Missing,,,,,,,,,0
1,,309174,Port:10,0,0,0,Missing,,,,,,,,,0
1,,309190,Port:10,0,0,0,Missing,,,,,,,,,0
1,,309206,Port:10,0,0,0,Missing,,,,,,,,,0
1,,309214,Port:10,0,0,0,Missing,,,,,,,,,0
1,,309238,Port:10,0,0,0,Missing,,,,,,,,,0
1,,309254,Port:10,0,0,0,Missing,,,,,,,,,0
1,,309262,Port:10,0,0,0,Missing,,,,,,,,,0
1,,309278,Port:10,0,0,0,Missing,,,,,,,,,0
1,,309310,Port:10,0,0,0,Missing,,,,,,,,,0
1,,309326,Port:10,0,0,0,Missing,,,,,,,,,0
1,,309334,Port:10,0,0,0,Missing,,,,,,,,,0
1,,309358,Port:10,0,0,0,Missing,,,,,,,,,0
1,,309374,Port:10,0,0,0,Missing,,,,,,,,,0
1,,309382,Port:10,0,0,0,Missing,,,,,,,,,0
1,,309398,Port:10,0,0,0,Missing,,,,,,,,,0
1,,309414,Port:10,0,0,0,Missing,,,,,,,,,0
1,,309430,Port:10,0,0,0,Missing,,,,,,,,,0
1,,309446,Port:10,0,0,0,Missing,,,,,,,,,0
1,,309454,Port:10,0,0,0,Missing,,,,,,,,,0
1,,309478,Port:10,0,0,0,Missing,,,,,,,,,0
1,,309494,Port:10,0,0,0,Missing,,,,,,,,,0
1,,309510,Port:10,0,0,0,Missing,,,,,,,,,0
1,,309518,Port:10,0,0,0,Missing,,,,,,,,,0
1,,309550,Port:10,0,0,0,Missing,,,,,,,,,0
1,,309566,Port:10,0,0,0,Missing,,,,,,,,,0
1,,309574,Port:10,0,0,0,Missing,,,,,,,,,0
1,,309598,Port:10,0,0,0,Missing,,,,,,,,,0
1,,309614,Port:10,0,0,0,Missing,,,,,,,,,0
1,,309622,Port:10,0,0,0,Missing,,,,,,,,,0
1,,309638,Port:10,0,0,0,Missing,,,,,,,,,0
1,,309654,Port:10,0,0,0,Missing,,,,,,,,,0
1,,309670,Port:10,0,0,0,Missing,,,,,,,,,0
1,,309686,Port:10,0,0,0,Missing,,,,,,,,,0
1,,309694,Port:10,0,0,0,Missing,,,,,,,,,0
1,,309718,Port:10,0,0,0,Missing,,,,,,,,,0
1,,309734,Port:10,0,0,0,Missing,,,,,,,,,0
1,,309742,Port:10,0,0,0,Missing,,,,,,,,,0
1,,309774,Port:10,0,0,0,Missing,,,,,,,,,0
1,,309790,Port:10,0,0,0,Missing,,,,,,,,,0
1,,309806,Port:10,0,0,0,Missing,,,,,,,,,0
1,,309814,Port:10,0,0,0,Missing,,,,,,,,,0
1,,309838,Port:10,0,0,0,Missing,,,,,,,,,0
1,,309854,Port:10,0,0,0,Missing,,,,,,,,,0
1,,309862,Port:10,0,0,0,Missing,,,,,,,,,0
1,,309878,Port:10,0,0,0,Missing,,,,,,,,,0
1,,309894,Port:10,0,0,0,Missing,,,,,,,,,0
1,,309910,Port:10,0,0,0,Missing,,,,,,,,,0
1,,309926,Port:10,0,0,0,Missing,,,,,,,,,0
1,,309942,Port:10,0,0,0,Missing,,,,,,,,,0
1,,309958,Port:10,0,0,0,Missing,,,,,,,,,0
1,,309974,Port:10,0,0,0,Missing,,,,,,,,,0
1,,309990,Port:10,0,0,0,Missing,,,,,,,,,0
1,,309998,Port:10,0,0,0,Missing,,,,,,,,,0
1,,310030,Port:10,0,0,0,Missing,,,,,,,,,0
1,,310046,Port:10,0,0,0,Missing,,,,,,,,,0
1,,310062,Port:10,0,0,0,Missing,,,,,,,,,0
1,,310078,Port:10,0,0,0,Missing,,,,,,,,,0
1,,310094,Port:10,0,0,0,Missing,,,,,,,,,0
1,,310102,Port:10,0,0,0,Missing,,,,,,,,,0
1,,310118,Port:10,0,0,0,Missing,,,,,,,,,0
1,,310134,Port:10,0,0,0,Missing,,,,,,,,,0
1,,310150,Port:10,0,0,0,Missing,,,,,,,,,0
1,,310166,Port:10,0,0,0,Missing,,,,,,,,,0
1,,310182,Port:10,0,0,0,Missing,,,,,,,,,0
1,,310198,Port:10,0,0,0,Missing,,,,,,,,,0
1,,310214,Port:10,0,0,0,Missing,,,,,,,,,0
1,,310230,Port:10,0,0,0,Missing,,,,,,,,,0
1,,310238,Port:10,0,0,0,Missing,,,,,,,,,0
1,,310270,Port:10,0,0,0,Missing,,,,,,,,,0
1,,310286,Port:10,0,0,0,Missing,,,,,,,,,0
1,,310302,Port:10,0,0,0,Missing,,,,,,,,,0
1,,310318,Port:10,0,0,0,Missing,,,,,,,,,0
1,,310334,Port:10,0,0,0,Missing,,,,,,,,,0
1,,310342,Port:10,0,0,0,Missing,,,,,,,,,0
1,,310358,Port:10,0,0,0,Missing,,,,,,,,,0
1,,310374,Port:10,0,0,0,Missing,,,,,,,,,0
1,,310390,Port:10,0,0,0,Missing,,,,,,,,,0
1,,310406,Port:10,0,0,0,Missing,,,,,,,,,0
1,,310422,Port:10,0,0,0,Missing,,,,,,,,,0
1,,310438,Port:10,0,0,0,Missing,,,,,,,,,0
1,,310454,Port:10,0,0,0,Missing,,,,,,,,,0
1,,310470,Port:10,0,0,0,Missing,,,,,,,,,0
1,,310478,Port:10,0,0,0,Missing,,,,,,,,,0
1,,310510,Port:10,0,0,0,Missing,,,,,,,,,0
1,,310526,Port:10,0,0,0,Missing,,,,,,,,,0
1,,310542,Port:10,0,0,0,Missing,,,,,,,,,0
1,,310558,Port:10,0,0,0,Missing,,,,,,,,,0
1,,310574,Port:10,0,0,0,Missing,,,,,,,,,0
1,,310582,Port:10,0,0,0,Missing,,,,,,,,,0
1,,310598,Port:10,0,0,0,Missing,,,,,,,,,0
1,,310614,Port:10,0,0,0,Missing,,,,,,,,,0
1,,310630,Port:10,0,0,0,Missing,,,,,,,,,0
1,,310646,Port:10,0,0,0,Missing,,,,,,,,,0
1,,310662,Port:10,0,0,0,Missing,,,,,,,,,0
1,,310678,Port:10,0,0,0,Missing,,,,,,,,,0
1,,310694,Port:10,0,0,0,Missing,,,,,,,,,0
1,,310710,Port:10,0,0,0,Missing,,,,,,,,,0
1,,310718,Port:10,0,0,0,Missing,,,,,,,,,0
1,,310750,Port:10,0,0,0,Missing,,,,,,,,,0
1,,310766,Port:10,0,0,0,Missing,,,,,,,,,0
1,,310782,Port:10,0,0,0,Missing,,,,,,,,,0
1,,310798,Port:10,0,0,0,Missing,,,,,,,,,0
1,,310814,Port:10,0,0,0,Missing,,,,,,,,,0
1,,310822,Port:10,0,0,0,Missing,,,,,,,,,0
1,,310838,Port:10,0,0,0,Missing,,,,,,,,,0
1,,310854,Port:10,0,0,0,Missing,,,,,,,,,0
1,,310870,Port:10,0,0,0,Missing,,,,,,,,,0
1,,310886,Port:10,0,0,0,Missing,,,,,,,,,0
1,,310902,Port:10,0,0,0,Missing,,,,,,,,,0
1,,310918,Port:10,0,0,0,Missing,,,,,,,,,0
1,,310934,Port:10,0,0,0,Missing,,,,,,,,,0
1,,310942,Port:10,0,0,0,Missing,,,,,,,,,0
1,,310974,Port:10,0,0,0,Missing,,,,,,,,,0
1,,310990,Port:10,0,0,0,Missing,,,,,,,,,0
1,,311006,Port:10,0,0,0,Missing,,,,,,,,,0
1,,311022,Port:10,0,0,0,Missing,,,,,,,,,0
1,,311038,Port:10,0,0,0,Missing,,,,,,,,,0
1,,311054,Port:10,0,0,0,Missing,,,,,,,,,0
1,,311062,Port:10,0,0,0,Missing,,,,,,,,,0
1,,311078,Port:10,0,0,0,Missing,,,,,,,,,0
1,,311094,Port:10,0,0,0,Missing,,,,,,,,,0
1,,311110,Port:10,0,0,0,Missing,,,,,,,,,0
1,,311126,Port:10,0,0,0,Missing,,,,,,,,,0
1,,311142,Port:10,0,0,0,Missing,,,,,,,,,0
1,,311158,Port:10,0,0,0,Missing,,,,,,,,,0
1,,311174,Port:10,0,0,0,Missing,,,,,,,,,0
1,,311182,Port:10,0,0,0,Missing,,,,,,,,,0
1,,311214,Port:10,0,0,0,Missing,,,,,,,,,0
1,,311230,Port:10,0,0,0,Missing,,,,,,,,,0
1,,311246,Port:10,0,0,0,Missing,,,,,,,,,0
1,,311262,Port:10,0,0,0,Missing,,,,,,,,,0
1,,311278,Port:10,0,0,0,Missing,,,,,,,,,0
1,,311294,Port:10,0,0,0,Missing,,,,,,,,,0
1,,311302,Port:10,0,0,0,Missing,,,,,,,,,0
1,,311318,Port:10,0,0,0,Missing,,,,,,,,,0
1,,311334,Port:10,0,0,0,Missing,,,,,,,,,0
1,,311350,Port:10,0,0,0,Missing,,,,,,,,,0
1,,311366,Port:10,0,0,0,Missing,,,,,,,,,0
1,,311382,Port:10,0,0,0,Missing,,,,,,,,,0
1,,311398,Port:10,0,0,0,Missing,,,,,,,,,0
1,,311414,Port:10,0,0,0,Missing,,,,,,,,,0
1,,311422,Port:10,0,0,0,Missing,,,,,,,,,0
1,,311438,Port:10,0,0,0,Missing,,,,,,,,,0
1,,311470,Port:10,0,0,0,Missing,,,,,,,,,0
1,,311486,Port:10,0,0,0,Missing,,,,,,,,,0
1,,311502,Port:10,0,0,0,Missing,,,,,,,,,0
1,,311518,Port:10,0,0,0,Missing,,,,,,,,,0
1,,311534,Port:10,0,0,0,Missing,,,,,,,,,0
1,,311542,Port:10,0,0,0,Missing,,,,,,,,,0
1,,311558,Port:10,0,0,0,Missing,,,,,,,,,0
1,,311574,Port:10,0,0,0,Missing,,,,,,,,,0
1,,311590,Port:10,0,0,0,Missing,,,,,,,,,0
1,,311606,Port:10,0,0,0,Missing,,,,,,,,,0
1,,311622,Port:10,0,0,0,Missing,,,,,,,,,0
1,,311638,Port:10,0,0,0,Missing,,,,,,,,,0
1,,311654,Port:10,0,0,0,Missing,,,,,,,,,0
1,,311662,Port:10,0,0,0,Missing,,,,,,,,,0
1,,311694,Port:10,0,0,0,Missing,,,,,,,,,0
1,,311710,Port:10,0,0,0,Missing,,,,,,,,,0
1,,311726,Port:10,0,0,0,Missing,,,,,,,,,0
1,,311742,Port:10,0,0,0,Missing,,,,,,,,,0
1,,311758,Port:10,0,0,0,Missing,,,,,,,,,0
1,,311774,Port:10,0,0,0,Missing,,,,,,,,,0
1,,311782,Port:10,0,0,0,Missing,,,,,,,,,0
1,,311798,Port:10,0,0,0,Missing,,,,,,,,,0
1,,311814,Port:10,0,0,0,Missing,,,,,,,,,0
1,,311830,Port:10,0,0,0,Missing,,,,,,,,,0
1,,311846,Port:10,0,0,0,Missing,,,,,,,,,0
1,,311862,Port:10,0,0,0,Missing,,,,,,,,,0
1,,311878,Port:10,0,0,0,Missing,,,,,,,,,0
1,,311894,Port:10,0,0,0,Missing,,,,,,,,,0
1,,311902,Port:10,0,0,0,Missing,,,,,,,,,0
1,,311934,Port:10,0,0,0,Missing,,,,,,,,,0
1,,311950,Port:10,0,0,0,Missing,,,,,,,,,0
1,,311966,Port:10,0,0,0,Missing,,,,,,,,,0
1,,311982,Port:10,0,0,0,Missing,,,,,,,,,0
1,,311998,Port:10,0,0,0,Missing,,,,,,,,,0
1,,312014,Port:10,0,0,0,Missing,,,,,,,,,0
1,,312022,Port:10,0,0,0,Missing,,,,,,,,,0
1,,312038,Port:10,0,0,0,Missing,,,,,,,,,0
1,,312054,Port:10,0,0,0,Missing,,,,,,,,,0
1,,312070,Port:10,0,0,0,Missing,,,,,,,,,0
1,,312086,Port:10,0,0,0,Missing,,,,,,,,,0
1,,312102,Port:10,0,0,0,Missing,,,,,,,,,0
1,,312118,Port:10,0,0,0,Missing,,,,,,,,,0
1,,312134,Port:10,0,0,0,Missing,,,,,,,,,0
1,,312142,Port:10,0,0,0,Missing,,,,,,,,,0
1,,312174,Port:10,0,0,0,Missing,,,,,,,,,0
1,,312190,Port:10,0,0,0,Missing,,,,,,,,,0
1,,312206,Port:10,0,0,0,Missing,,,,,,,,,0
1,,312222,Port:10,0,0,0,Missing,,,,,,,,,0
1,,312238,Port:10,0,0,0,Missing,,,,,,,,,0
1,,312254,Port:10,0,0,0,Missing,,,,,,,,,0
1,,312262,Port:10,0,0,0,Missing,,,,,,,,,0
1,,312278,Port:10,0,0,0,Missing,,,,,,,,,0
1,,312294,Port:10,0,0,0,Missing,,,,,,,,,0
1,,312318,Port:10,0,0,0,Missing,,,,,,,,,0
1,,312326,Port:10,0,0,0,Missing,,,,,,,,,0
1,,312342,Port:10,0,0,0,Missing,,,,,,,,,0
1,,312358,Port:10,0,0,0,Missing,,,,,,,,,0
1,,312374,Port:10,0,0,0,Missing,,,,,,,,,0
1,,312382,Port:10,0,0,0,Missing,,,,,,,,,0
1,,312414,Port:10,0,0,0,Missing,,,,,,,,,0
1,,312430,Port:10,0,0,0,Missing,,,,,,,,,0
1,,312446,Port:10,0,0,0,Missing,,,,,,,,,0
1,,312462,Port:10,0,0,0,Missing,,,,,,,,,0
1,,312478,Port:10,0,0,0,Missing,,,,,,,,,0
1,,312494,Port:10,0,0,0,Missing,,,,,,,,,0
1,,312510,Port:10,0,0,0,Missing,,,,,,,,,0
1,,312518,Port:10,0,0,0,Missing,,,,,,,,,0
1,,312534,Port:10,0,0,0,Missing,,,,,,,,,0
1,,312558,Port:10,0,0,0,Missing,,,,,,,,,0
1,,312566,Port:10,0,0,0,Missing,,,,,,,,,0
1,,312582,Port:10,0,0,0,Missing,,,,,,,,,0
1,,312598,Port:10,0,0,0,Missing,,,,,,,,,0
1,,312614,Port:10,0,0,0,Missing,,,,,,,,,0
1,,312622,Port:10,0,0,0,Missing,,,,,,,,,0
1,,312654,Port:10,0,0,0,Missing,,,,,,,,,0
1,,312670,Port:10,0,0,0,Missing,,,,,,,,,0
1,,312686,Port:10,0,0,0,Missing,,,,,,,,,0
1,,312702,Port:10,0,0,0,Missing,,,,,,,,,0
1,,312718,Port:10,0,0,0,Missing,,,,,,,,,0
1,,312734,Port:10,0,0,0,Missing,,,,,,,,,0
1,,312750,Port:10,0,0,0,Missing,,,,,,,,,0
1,,312758,Port:10,0,0,0,Missing,,,,,,,,,0
1,,312774,Port:10,0,0,0,Missing,,,,,,,,,0
1,,312790,Port:10,0,0,0,Missing,,,,,,,,,0
1,,312806,Port:10,0,0,0,Missing,,,,,,,,,0
1,,312822,Port:10,0,0,0,Missing,,,,,,,,,0
1,,312838,Port:10,0,0,0,Missing,,,,,,,,,0
1,,312854,Port:10,0,0,0,Missing,,,,,,,,,0
1,,312862,Port:10,0,0,0,Missing,,,,,,,,,0
1,,312894,Port:10,0,0,0,Missing,,,,,,,,,0
1,,312910,Port:10,0,0,0,Missing,,,,,,,,,0
1,,312926,Port:10,0,0,0,Missing,,,,,,,,,0
1,,312942,Port:10,0,0,0,Missing,,,,,,,,,0
1,,312958,Port:10,0,0,0,Missing,,,,,,,,,0
1,,312974,Port:10,0,0,0,Missing,,,,,,,,,0
1,,312982,Port:10,0,0,0,Missing,,,,,,,,,0
1,,312998,Port:10,0,0,0,Missing,,,,,,,,,0
1,,313022,Port:10,0,0,0,Missing,,,,,,,,,0
1,,313038,Port:10,0,0,0,Missing,,,,,,,,,0
1,,313046,Port:10,0,0,0,Missing,,,,,,,,,0
1,,313062,Port:10,0,0,0,Missing,,,,,,,,,0
1,,313078,Port:10,0,0,0,Missing,,,,,,,,,0
1,,313094,Port:10,0,0,0,Missing,,,,,,,,,0
1,,313118,Port:10,0,0,0,Missing,,,,,,,,,0
1,,313142,Port:10,0,0,0,Missing,,,,,,,,,0
1,,313150,Port:10,0,0,0,Missing,,,,,,,,,0
1,,313166,Port:10,0,0,0,Missing,,,,,,,,,0
1,,313182,Port:10,0,0,0,Missing,,,,,,,,,0
1,,313198,Port:10,0,0,0,Missing,,,,,,,,,0
1,,313214,Port:10,0,0,0,Missing,,,,,,,,,0
1,,313230,Port:10,0,0,0,Missing,,,,,,,,,0
1,,313238,Port:10,0,0,0,Missing,,,,,,,,,0
1,,313262,Port:10,0,0,0,Missing,,,,,,,,,0
1,,313270,Port:10,0,0,0,Missing,,,,,,,,,0
1,,313286,Port:10,0,0,0,Missing,,,,,,,,,0
1,,313302,Port:10,0,0,0,Missing,,,,,,,,,0
1,,313318,Port:10,0,0,0,Missing,,,,,,,,,0
1,,313334,Port:10,0,0,0,Missing,,,,,,,,,0
1,,313342,Port:10,0,0,0,Missing,,,,,,,,,0
1,,313382,Port:10,0,0,0,Missing,,,,,,,,,0
1,,313398,Port:10,0,0,0,Missing,,,,,,,,,0
1,,313406,Port:10,0,0,0,Missing,,,,,,,,,0
1,,313422,Port:10,0,0,0,Missing,,,,,,,,,0
1,,313438,Port:10,0,0,0,Missing,,,,,,,,,0
1,,313454,Port:10,0,0,0,Missing,,,,,,,,,0
1,,313470,Port:10,0,0,0,Missing,,,,,,,,,0
1,,313478,Port:10,0,0,0,Missing,,,,,,,,,0
1,,313502,Port:10,0,0,0,Missing,,,,,,,,,0
1,,313518,Port:10,0,0,0,Missing,,,,,,,,,0
1,,313526,Port:10,0,0,0,Missing,,,,,,,,,0
1,,313542,Port:10,0,0,0,Missing,,,,,,,,,0
1,,313558,Port:10,0,0,0,Missing,,,,,,,,,0
1,,313574,Port:10,0,0,0,Missing,,,,,,,,,0
1,,313582,Port:10,0,0,0,Missing,,,,,,,,,0
1,,313622,Port:10,0,0,0,Missing,,,,,,,,,0
1,,313630,Port:10,0,0,0,Missing,,,,,,,,,0
1,,313646,Port:10,0,0,0,Missing,,,,,,,,,0
1,,313662,Port:10,0,0,0,Missing,,,,,,,,,0
1,,313678,Port:10,0,0,0,Missing,,,,,,,,,0
1,,313694,Port:10,0,0,0,Missing,,,,,,,,,0
1,,313710,Port:10,0,0,0,Missing,,,,,,,,,0
1,,313718,Port:10,0,0,0,Missing,,,,,,,,,0
1,,313742,Port:10,0,0,0,Missing,,,,,,,,,0
1,,313758,Port:10,0,0,0,Missing,,,,,,,,,0
1,,313766,Port:10,0,0,0,Missing,,,,,,,,,0
1,,313782,Port:10,0,0,0,Missing,,,,,,,,,0
1,,313798,Port:10,0,0,0,Missing,,,,,,,,,0
1,,313814,Port:10,0,0,0,Missing,,,,,,,,,0
1,,313822,Port:10,0,0,0,Missing,,,,,,,,,0
1,,313862,Port:10,0,0,0,Missing,,,,,,,,,0
1,,313878,Port:10,0,0,0,Missing,,,,,,,,,0
1,,313886,Port:10,0,0,0,Missing,,,,,,,,,0
1,,313902,Port:10,0,0,0,Missing,,,,,,,,,0
1,,313918,Port:10,0,0,0,Missing,,,,,,,,,0
1,,313934,Port:10,0,0,0,Missing,,,,,,,,,0
1,,313950,Port:10,0,0,0,Missing,,,,,,,,,0
1,,313958,Port:10,0,0,0,Missing,,,,,,,,,0
1,,313982,Port:10,0,0,0,Missing,,,,,,,,,0
1,,313998,Port:10,0,0,0,Missing,,,,,,,,,0
1,,314006,Port:10,0,0,0,Missing,,,,,,,,,0
1,,314022,Port:10,0,0,0,Missing,,,,,,,,,0
1,,314038,Port:10,0,0,0,Missing,,,,,,,,,0
1,,314054,Port:10,0,0,0,Missing,,,,,,,,,0
1,,314070,Port:10,0,0,0,Missing,,,,,,,,,0
1,,314086,Port:10,0,0,0,Missing,,,,,,,,,0
1,,314102,Port:10,0,0,0,Missing,,,,,,,,,0
1,,314118,Port:10,0,0,0,Missing,,,,,,,,,0
1,,314142,Port:10,0,0,0,Missing,,,,,,,,,0
1,,314158,Port:10,0,0,0,Missing,,,,,,,,,0
1,,314174,Port:10,0,0,0,Missing,,,,,,,,,0
1,,314190,Port:10,0,0,0,Missing,,,,,,,,,0
1,,314206,Port:10,0,0,0,Missing,,,,,,,,,0
1,,314222,Port:10,0,0,0,Missing,,,,,,,,,0
1,,314238,Port:10,0,0,0,Missing,,,,,,,,,0
1,,314246,Port:10,0,0,0,Missing,,,,,,,,,0
1,,314262,Port:10,0,0,0,Missing,,,,,,,,,0
1,,314278,Port:10,0,0,0,Missing,,,,,,,,,0
1,,314294,Port:10,0,0,0,Missing,,,,,,,,,0
1,,314310,Port:10,0,0,0,Missing,,,,,,,,,0
1,,314334,Port:10,0,0,0,Missing,,,,,,,,,0
1,,314358,Port:10,0,0,0,Missing,,,,,,,,,0
1,,314366,Port:10,0,0,0,Missing,,,,,,,,,0
1,,314382,Port:10,0,0,0,Missing,,,,,,,,,0
1,,314398,Port:10,0,0,0,Missing,,,,,,,,,0
1,,314414,Port:10,0,0,0,Missing,,,,,,,,,0
1,,314430,Port:10,0,0,0,Missing,,,,,,,,,0
1,,314446,Port:10,0,0,0,Missing,,,,,,,,,0
1,,314454,Port:10,0,0,0,Missing,,,,,,,,,0
1,,314478,Port:10,0,0,0,Missing,,,,,,,,,0
1,,314486,Port:10,0,0,0,Missing,,,,,,,,,0
1,,314502,Port:10,0,0,0,Missing,,,,,,,,,0
1,,314518,Port:10,0,0,0,Missing,,,,,,,,,0
1,,314534,Port:10,0,0,0,Missing,,,,,,,,,0
1,,314550,Port:10,0,0,0,Missing,,,,,,,,,0
1,,314582,Port:10,0,0,0,Missing,,,,,,,,,0
1,,314598,Port:10,0,0,0,Missing,,,,,,,,,0
1,,314606,Port:10,0,0,0,Missing,,,,,,,,,0
1,,314622,Port:10,0,0,0,Missing,,,,,,,,,0
1,,314638,Port:10,0,0,0,Missing,,,,,,,,,0
1,,314654,Port:10,0,0,0,Missing,,,,,,,,,0
1,,314670,Port:10,0,0,0,Missing,,,,,,,,,0
1,,314678,Port:10,0,0,0,Missing,,,,,,,,,0
1,,314702,Port:10,0,0,0,Missing,,,,,,,,,0
1,,314718,Port:10,0,0,0,Missing,,,,,,,,,0
1,,314726,Port:10,0,0,0,Missing,,,,,,,,,0
1,,314742,Port:10,0,0,0,Missing,,,,,,,,,0
1,,314758,Port:10,0,0,0,Missing,,,,,,,,,0
1,,314774,Port:10,0,0,0,Missing,,,,,,,,,0
1,,314798,Port:10,0,0,0,Missing,,,,,,,,,0
1,,314822,Port:10,0,0,0,Missing,,,,,,,,,0
1,,314838,Port:10,0,0,0,Missing,,,,,,,,,0
1,,314846,Port:10,0,0,0,Missing,,,,,,,,,0
1,,314862,Port:10,0,0,0,Missing,,,,,,,,,0
1,,314878,Port:10,0,0,0,Missing,,,,,,,,,0
1,,314894,Port:10,0,0,0,Missing,,,,,,,,,0
1,,314910,Port:10,0,0,0,Missing,,,,,,,,,0
1,,314918,Port:10,0,0,0,Missing,,,,,,,,,0
1,,314942,Port:10,0,0,0,Missing,,,,,,,,,0
1,,314958,Port:10,0,0,0,Missing,,,,,,,,,0
1,,314966,Port:10,0,0,0,Missing,,,,,,,,,0
1,,314982,Port:10,0,0,0,Missing,,,,,,,,,0
1,,314998,Port:10,0,0,0,Missing,,,,,,,,,0
1,,315014,Port:10,0,0,0,Missing,,,,,,,,,0
1,,315030,Port:10,0,0,0,Missing,,,,,,,,,0
1,,315062,Port:10,0,0,0,Missing,,,,,,,,,0
1,,315078,Port:10,0,0,0,Missing,,,,,,,,,0
1,,315086,Port:10,0,0,0,Missing,,,,,,,,,0
1,,315102,Port:10,0,0,0,Missing,,,,,,,,,0
1,,315118,Port:10,0,0,0,Missing,,,,,,,,,0
1,,315134,Port:10,0,0,0,Missing,,,,,,,,,0
1,,315150,Port:10,0,0,0,Missing,,,,,,,,,0
1,,315158,Port:10,0,0,0,Missing,,,,,,,,,0
1,,315182,Port:10,0,0,0,Missing,,,,,,,,,0
1,,315198,Port:10,0,0,0,Missing,,,,,,,,,0
1,,315206,Port:10,0,0,0,Missing,,,,,,,,,0
1,,315222,Port:10,0,0,0,Missing,,,,,,,,,0
1,,315238,Port:10,0,0,0,Missing,,,,,,,,,0
1,,315254,Port:10,0,0,0,Missing,,,,,,,,,0
1,,315278,Port:10,0,0,0,Missing,,,,,,,,,0
1,,315302,Port:10,0,0,0,Missing,,,,,,,,,0
1,,315318,Port:10,0,0,0,Missing,,,,,,,,,0
1,,315326,Port:10,0,0,0,Missing,,,,,,,,,0
1,,315342,Port:10,0,0,0,Missing,,,,,,,,,0
1,,315358,Port:10,0,0,0,Missing,,,,,,,,,0
1,,315374,Port:10,0,0,0,Missing,,,,,,,,,0
1,,315390,Port:10,0,0,0,Missing,,,,,,,,,0
1,,315398,Port:10,0,0,0,Missing,,,,,,,,,0
1,,315422,Port:10,0,0,0,Missing,,,,,,,,,0
1,,315438,Port:10,0,0,0,Missing,,,,,,,,,0
1,,315446,Port:10,0,0,0,Missing,,,,,,,,,0
1,,315462,Port:10,0,0,0,Missing,,,,,,,,,0
1,,315478,Port:10,0,0,0,Missing,,,,,,,,,0
1,,315494,Port:10,0,0,0,Missing,,,,,,,,,0
1,,315510,Port:10,0,0,0,Missing,,,,,,,,,0
1,,315542,Port:10,0,0,0,Missing,,,,,,,,,0
1,,315558,Port:10,0,0,0,Missing,,,,,,,,,0
1,,315566,Port:10,0,0,0,Missing,,,,,,,,,0
1,,315582,Port:10,0,0,0,Missing,,,,,,,,,0
1,,315598,Port:10,0,0,0,Missing,,,,,,,,,0
1,,315614,Port:10,0,0,0,Missing,,,,,,,,,0
1,,315630,Port:10,0,0,0,Missing,,,,,,,,,0
1,,315638,Port:10,0,0,0,Missing,,,,,,,,,0
1,,315662,Port:10,0,0,0,Missing,,,,,,,,,0
1,,315678,Port:10,0,0,0,Missing,,,,,,,,,0
1,,315686,Port:10,0,0,0,Missing,,,,,,,,,0
1,,315702,Port:10,0,0,0,Missing,,,,,,,,,0
1,,315718,Port:10,0,0,0,Missing,,,,,,,,,0
1,,315734,Port:10,0,0,0,Missing,,,,,,,,,0
1,,315750,Port:10,0,0,0,Missing,,,,,,,,,0
1,,315766,Port:10,0,0,0,Missing,,,,,,,,,0
1,,315782,Port:10,0,0,0,Missing,,,,,,,,,0
1,,315798,Port:10,0,0,0,Missing,,,,,,,,,0
1,,315822,Port:10,0,0,0,Missing,,,,,,,,,0
1,,315838,Port:10,0,0,0,Missing,,,,,,,,,0
1,,315854,Port:10,0,0,0,Missing,,,,,,,,,0
1,,315870,Port:10,0,0,0,Missing,,,,,,,,,0
1,,315886,Port:10,0,0,0,Missing,,,,,,,,,0
1,,315902,Port:10,0,0,0,Missing,,,,,,,,,0
1,,315918,Port:10,0,0,0,Missing,,,,,,,,,0
1,,315926,Port:10,0,0,0,Missing,,,,,,,,,0
1,,315942,Port:10,0,0,0,Missing,,,,,,,,,0
1,,315958,Port:10,0,0,0,Missing,,,,,,,,,0
1,,315974,Port:10,0,0,0,Missing,,,,,,,,,0
1,,315990,Port:10,0,0,0,Missing,,,,,,,,,0
1,,316006,Port:10,0,0,0,Missing,,,,,,,,,0
1,,316022,Port:10,0,0,0,Missing,,,,,,,,,0
1,,316038,Port:10,0,0,0,Missing,,,,,,,,,0
1,,316062,Port:10,0,0,0,Missing,,,,,,,,,0
1,,316078,Port:10,0,0,0,Missing,,,,,,,,,0
1,,316094,Port:10,0,0,0,Missing,,,,,,,,,0
1,,316110,Port:10,0,0,0,Missing,,,,,,,,,0
1,,316126,Port:10,0,0,0,Missing,,,,,,,,,0
1,,316142,Port:10,0,0,0,Missing,,,,,,,,,0
1,,316158,Port:10,0,0,0,Missing,,,,,,,,,0
1,,316166,Port:10,0,0,0,Missing,,,,,,,,,0
1,,316182,Port:10,0,0,0,Missing,,,,,,,,,0
1,,316198,Port:10,0,0,0,Missing,,,,,,,,,0
1,,316214,Port:10,0,0,0,Missing,,,,,,,,,0
1,,316246,Port:10,0,0,0,Missing,,,,,,,,,0
1,,316262,Port:10,0,0,0,Missing,,,,,,,,,0
1,,316278,Port:10,0,0,0,Missing,,,,,,,,,0
1,,316294,Port:10,0,0,0,Missing,,,,,,,,,0
1,,316302,Port:10,0,0,0,Missing,,,,,,,,,0
1,,316318,Port:10,0,0,0,Missing,,,,,,,,,0
1,,316334,Port:10,0,0,0,Missing,,,,,,,,,0
1,,316350,Port:10,0,0,0,Missing,,,,,,,,,0
1,,316366,Port:10,0,0,0,Missing,,,,,,,,,0
1,,316382,Port:10,0,0,0,Missing,,,,,,,,,0
1,,316398,Port:10,0,0,0,Missing,,,,,,,,,0
1,,316414,Port:10,0,0,0,Missing,,,,,,,,,0
1,,316422,Port:10,0,0,0,Missing,,,,,,,,,0
1,,316438,Port:10,0,0,0,Missing,,,,,,,,,0
1,,316454,Port:10,0,0,0,Missing,,,,,,,,,0
1,,316486,Port:10,0,0,0,Missing,,,,,,,,,0
1,,316502,Port:10,0,0,0,Missing,,,,,,,,,0
1,,316518,Port:10,0,0,0,Missing,,,,,,,,,0
1,,316526,Port:10,0,0,0,Missing,,,,,,,,,0
1,,316542,Port:10,0,0,0,Missing,,,,,,,,,0
1,,316558,Port:10,0,0,0,Missing,,,,,,,,,0
1,,316574,Port:10,0,0,0,Missing,,,,,,,,,0
1,,316590,Port:10,0,0,0,Missing,,,,,,,,,0
1,,316606,Port:10,0,0,0,Missing,,,,,,,,,0
1,,316622,Port:10,0,0,0,Missing,,,,,,,,,0
1,,316638,Port:10,0,0,0,Missing,,,,,,,,,0
1,,316646,Port:10,0,0,0,Missing,,,,,,,,,0
1,,316662,Port:10,0,0,0,Missing,,,,,,,,,0
1,,316678,Port:10,0,0,0,Missing,,,,,,,,,0
1,,316694,Port:10,0,0,0,Missing,,,,,,,,,0
1,,316726,Port:10,0,0,0,Missing,,,,,,,,,0
1,,316742,Port:10,0,0,0,Missing,,,,,,,,,0
1,,316758,Port:10,0,0,0,Missing,,,,,,,,,0
1,,316774,Port:10,0,0,0,Missing,,,,,,,,,0
1,,316782,Port:10,0,0,0,Missing,,,,,,,,,0
1,,316798,Port:10,0,0,0,Missing,,,,,,,,,0
1,,316814,Port:10,0,0,0,Missing,,,,,,,,,0
1,,316830,Port:10,0,0,0,Missing,,,,,,,,,0
1,,316846,Port:10,0,0,0,Missing,,,,,,,,,0
1,,316862,Port:10,0,0,0,Missing,,,,,,,,,0
1,,316878,Port:10,0,0,0,Missing,,,,,,,,,0
1,,316894,Port:10,0,0,0,Missing,,,,,,,,,0
1,,316902,Port:10,0,0,0,Missing,,,,,,,,,0
1,,316918,Port:10,0,0,0,Missing,,,,,,,,,0
1,,316934,Port:10,0,0,0,Missing,,,,,,,,,0
1,,316950,Port:10,0,0,0,Missing,,,,,,,,,0
1,,316966,Port:10,0,0,0,Missing,,,,,,,,,0
1,,316982,Port:10,0,0,0,Missing,,,,,,,,,0
1,,317014,Port:10,0,0,0,Missing,,,,,,,,,0
1,,317022,Port:10,0,0,0,Missing,,,,,,,,,0
1,,317038,Port:10,0,0,0,Missing,,,,,,,,,0
1,,317054,Port:10,0,0,0,Missing,,,,,,,,,0
1,,317070,Port:10,0,0,0,Missing,,,,,,,,,0
1,,317086,Port:10,0,0,0,Missing,,,,,,,,,0
1,,317102,Port:10,0,0,0,Missing,,,,,,,,,0
1,,317118,Port:10,0,0,0,Missing,,,,,,,,,0
1,,317126,Port:10,0,0,0,Missing,,,,,,,,,0
1,,317142,Port:10,0,0,0,Missing,,,,,,,,,0
1,,317158,Port:10,0,0,0,Missing,,,,,,,,,0
1,,317174,Port:10,0,0,0,Missing,,,,,,,,,0
1,,317190,Port:10,0,0,0,Missing,,,,,,,,,0
1,,317206,Port:10,0,0,0,Missing,,,,,,,,,0
1,,317238,Port:10,0,0,0,Missing,,,,,,,,,0
1,,317254,Port:10,0,0,0,Missing,,,,,,,,,0
1,,317262,Port:10,0,0,0,Missing,,,,,,,,,0
1,,317278,Port:10,0,0,0,Missing,,,,,,,,,0
1,,317294,Port:10,0,0,0,Missing,,,,,,,,,0
1,,317310,Port:10,0,0,0,Missing,,,,,,,,,0
1,,317326,Port:10,0,0,0,Missing,,,,,,,,,0
1,,317342,Port:10,0,0,0,Missing,,,,,,,,,0
1,,317358,Port:10,0,0,0,Missing,,,,,,,,,0
1,,317366,Port:10,0,0,0,Missing,,,,,,,,,0
1,,317382,Port:10,0,0,0,Missing,,,,,,,,,0
1,,317398,Port:10,0,0,0,Missing,,,,,,,,,0
1,,317414,Port:10,0,0,0,Missing,,,,,,,,,0
1,,317430,Port:10,0,0,0,Missing,,,,,,,,,0
1,,317446,Port:10,0,0,0,Missing,,,,,,,,,0
1,,317462,Port:10,0,0,0,Missing,,,,,,,,,0
1,,317486,Port:10,0,0,0,Missing,,,,,,,,,0
1,,317502,Port:10,0,0,0,Missing,,,,,,,,,0
1,,317518,Port:10,0,0,0,Missing,,,,,,,,,0
1,,317534,Port:10,0,0,0,Missing,,,,,,,,,0
1,,317550,Port:10,0,0,0,Missing,,,,,,,,,0
1,,317566,Port:10,0,0,0,Missing,,,,,,,,,0
1,,317582,Port:10,0,0,0,Missing,,,,,,,,,0
1,,317598,Port:10,0,0,0,Missing,,,,,,,,,0
1,,317614,Port:10,0,0,0,Missing,,,,,,,,,0
1,,317622,Port:10,0,0,0,Missing,,,,,,,,,0
1,,317638,Port:10,0,0,0,Missing,,,,,,,,,0
1,,317654,Port:10,0,0,0,Missing,,,,,,,,,0
1,,317670,Port:10,0,0,0,Missing,,,,,,,,,0
1,,317686,Port:10,0,0,0,Missing,,,,,,,,,0
1,,317718,Port:10,0,0,0,Missing,,,,,,,,,0
1,,317734,Port:10,0,0,0,Missing,,,,,,,,,0
1,,317742,Port:10,0,0,0,Missing,,,,,,,,,0
1,,317758,Port:10,0,0,0,Missing,,,,,,,,,0
1,,317774,Port:10,0,0,0,Missing,,,,,,,,,0
1,,317790,Port:10,0,0,0,Missing,,,,,,,,,0
1,,317806,Port:10,0,0,0,Missing,,,,,,,,,0
1,,317822,Port:10,0,0,0,Missing,,,,,,,,,0
1,,317838,Port:10,0,0,0,Missing,,,,,,,,,0
1,,317854,Port:10,0,0,0,Missing,,,,,,,,,0
1,,317862,Port:10,0,0,0,Missing,,,,,,,,,0
1,,317878,Port:10,0,0,0,Missing,,,,,,,,,0
1,,317902,Port:10,0,0,0,Missing,,,,,,,,,0
1,,317910,Port:10,0,0,0,Missing,,,,,,,,,0
1,,317926,Port:10,0,0,0,Missing,,,,,,,,,0
1,,317942,Port:10,0,0,0,Missing,,,,,,,,,0
1,,317974,Port:10,0,0,0,Missing,,,,,,,,,0
1,,317982,Port:10,0,0,0,Missing,,,,,,,,,0
1,,317998,Port:10,0,0,0,Missing,,,,,,,,,0
1,,318014,Port:10,0,0,0,Missing,,,,,,,,,0
1,,318030,Port:10,0,0,0,Missing,,,,,,,,,0
1,,318046,Port:10,0,0,0,Missing,,,,,,,,,0
1,,318062,Port:10,0,0,0,Missing,,,,,,,,,0
1,,318078,Port:10,0,0,0,Missing,,,,,,,,,0
1,,318086,Port:10,0,0,0,Missing,,,,,,,,,0
1,,318102,Port:10,0,0,0,Missing,,,,,,,,,0
1,,318118,Port:10,0,0,0,Missing,,,,,,,,,0
1,,318142,Port:10,0,0,0,Missing,,,,,,,,,0
1,,318150,Port:10,0,0,0,Missing,,,,,,,,,0
1,,318166,Port:10,0,0,0,Missing,,,,,,,,,0
1,,318198,Port:10,0,0,0,Missing,,,,,,,,,0
1,,318214,Port:10,0,0,0,Missing,,,,,,,,,0
1,,318222,Port:10,0,0,0,Missing,,,,,,,,,0
1,,318238,Port:10,0,0,0,Missing,,,,,,,,,0
1,,318262,Port:10,0,0,0,Missing,,,,,,,,,0
1,,318270,Port:10,0,0,0,Missing,,,,,,,,,0
1,,318286,Port:10,0,0,0,Missing,,,,,,,,,0
1,,318302,Port:10,0,0,0,Missing,,,,,,,,,0
1,,318318,Port:10,0,0,0,Missing,,,,,,,,,0
1,,318334,Port:10,0,0,0,Missing,,,,,,,,,0
1,,318342,Port:10,0,0,0,Missing,,,,,,,,,0
1,,318358,Port:10,0,0,0,Missing,,,,,,,,,0
1,,318382,Port:10,0,0,0,Missing,,,,,,,,,0
1,,318390,Port:10,0,0,0,Missing,,,,,,,,,0
1,,318406,Port:10,0,0,0,Missing,,,,,,,,,0
1,,318422,Port:10,0,0,0,Missing,,,,,,,,,0
1,,318454,Port:10,0,0,0,Missing,,,,,,,,,0
1,,318462,Port:10,0,0,0,Missing,,,,,,,,,0
1,,318478,Port:10,0,0,0,Missing,,,,,,,,,0
1,,318502,Port:10,0,0,0,Missing,,,,,,,,,0
1,,318510,Port:10,0,0,0,Missing,,,,,,,,,0
1,,318526,Port:10,0,0,0,Missing,,,,,,,,,0
1,,318542,Port:10,0,0,0,Missing,,,,,,,,,0
1,,318558,Port:10,0,0,0,Missing,,,,,,,,,0
1,,318574,Port:10,0,0,0,Missing,,,,,,,,,0
1,,318582,Port:10,0,0,0,Missing,,,,,,,,,0
1,,318598,Port:10,0,0,0,Missing,,,,,,,,,0
1,,318622,Port:10,0,0,0,Missing,,,,,,,,,0
1,,318630,Port:10,0,0,0,Missing,,,,,,,,,0
1,,318646,Port:10,0,0,0,Missing,,,,,,,,,0
1,,318662,Port:10,0,0,0,Missing,,,,,,,,,0
1,,318694,Port:10,0,0,0,Missing,,,,,,,,,0
1,,318702,Port:10,0,0,0,Missing,,,,,,,,,0
1,,318718,Port:10,0,0,0,Missing,,,,,,,,,0
1,,318742,Port:10,0,0,0,Missing,,,,,,,,,0
1,,318750,Port:10,0,0,0,Missing,,,,,,,,,0
1,,318766,Port:10,0,0,0,Missing,,,,,,,,,0
1,,318782,Port:10,0,0,0,Missing,,,,,,,,,0
1,,318798,Port:10,0,0,0,Missing,,,,,,,,,0
1,,318814,Port:10,0,0,0,Missing,,,,,,,,,0
1,,318822,Port:10,0,0,0,Missing,,,,,,,,,0
1,,318838,Port:10,0,0,0,Missing,,,,,,,,,0
1,,318862,Port:10,0,0,0,Missing,,,,,,,,,0
1,,318870,Port:10,0,0,0,Missing,,,,,,,,,0
1,,318886,Port:10,0,0,0,Missing,,,,,,,,,0
1,,318918,Port:10,0,0,0,Missing,,,,,,,,,0
1,,318934,Port:10,0,0,0,Missing,,,,,,,,,0
1,,318942,Port:10,0,0,0,Missing,,,,,,,,,0
1,,318958,Port:10,0,0,0,Missing,,,,,,,,,0
1,,318982,Port:10,0,0,0,Missing,,,,,,,,,0
1,,318990,Port:10,0,0,0,Missing,,,,,,,,,0
1,,319006,Port:10,0,0,0,Missing,,,,,,,,,0
1,,319022,Port:10,0,0,0,Missing,,,,,,,,,0
1,,319038,Port:10,0,0,0,Missing,,,,,,,,,0
1,,319054,Port:10,0,0,0,Missing,,,,,,,,,0
1,,319062,Port:10,0,0,0,Missing,,,,,,,,,0
1,,319086,Port:10,0,0,0,Missing,,,,,,,,,0
1,,319102,Port:10,0,0,0,Missing,,,,,,,,,0
1,,319110,Port:10,0,0,0,Missing,,,,,,,,,0
1,,319126,Port:10,0,0,0,Missing,,,,,,,,,0
1,,319158,Port:10,0,0,0,Missing,,,,,,,,,0
1,,319174,Port:10,0,0,0,Missing,,,,,,,,,0
1,,319182,Port:10,0,0,0,Missing,,,,,,,,,0
1,,319206,Port:10,0,0,0,Missing,,,,,,,,,0
1,,319222,Port:10,0,0,0,Missing,,,,,,,,,0
1,,319230,Port:10,0,0,0,Missing,,,,,,,,,0
1,,319246,Port:10,0,0,0,Missing,,,,,,,,,0
1,,319262,Port:10,0,0,0,Missing,,,,,,,,,0
1,,319278,Port:10,0,0,0,Missing,,,,,,,,,0
1,,319294,Port:10,0,0,0,Missing,,,,,,,,,0
1,,319302,Port:10,0,0,0,Missing,,,,,,,,,0
1,,319326,Port:10,0,0,0,Missing,,,,,,,,,0
1,,319342,Port:10,0,0,0,Missing,,,,,,,,,0
1,,319350,Port:10,0,0,0,Missing,,,,,,,,,0
1,,319366,Port:10,0,0,0,Missing,,,,,,,,,0
1,,319398,Port:10,0,0,0,Missing,,,,,,,,,0
1,,319414,Port:10,0,0,0,Missing,,,,,,,,,0
1,,319422,Port:10,0,0,0,Missing,,,,,,,,,0
1,,319446,Port:10,0,0,0,Missing,,,,,,,,,0
1,,319462,Port:10,0,0,0,Missing,,,,,,,,,0
1,,319470,Port:10,0,0,0,Missing,,,,,,,,,0
1,,319486,Port:10,0,0,0,Missing,,,,,,,,,0
1,,319502,Port:10,0,0,0,Missing,,,,,,,,,0
1,,319518,Port:10,0,0,0,Missing,,,,,,,,,0
1,,319534,Port:10,0,0,0,Missing,,,,,,,,,0
1,,319542,Port:10,0,0,0,Missing,,,,,,,,,0
1,,319566,Port:10,0,0,0,Missing,,,,,,,,,0
1,,319582,Port:10,0,0,0,Missing,,,,,,,,,0
1,,319590,Port:10,0,0,0,Missing,,,,,,,,,0
1,,319606,Port:10,0,0,0,Missing,,,,,,,,,0
1,,319638,Port:10,0,0,0,Missing,,,,,,,,,0
1,,319654,Port:10,0,0,0,Missing,,,,,,,,,0
1,,319662,Port:10,0,0,0,Missing,,,,,,,,,0
1,,319686,Port:10,0,0,0,Missing,,,,,,,,,0
1,,319702,Port:10,0,0,0,Missing,,,,,,,,,0
1,,319710,Port:10,0,0,0,Missing,,,,,,,,,0
1,,319726,Port:10,0,0,0,Missing,,,,,,,,,0
1,,319742,Port:10,0,0,0,Missing,,,,,,,,,0
1,,319758,Port:10,0,0,0,Missing,,,,,,,,,0
1,,319774,Port:10,0,0,0,Missing,,,,,,,,,0
1,,319782,Port:10,0,0,0,Missing,,,,,,,,,0
1,,319806,Port:10,0,0,0,Missing,,,,,,,,,0
1,,319822,Port:10,0,0,0,Missing,,,,,,,,,0
1,,319830,Port:10,0,0,0,Missing,,,,,,,,,0
1,,319862,Port:10,0,0,0,Missing,,,,,,,,,0
1,,319878,Port:10,0,0,0,Missing,,,,,,,,,0
1,,319894,Port:10,0,0,0,Missing,,,,,,,,,0
1,,319902,Port:10,0,0,0,Missing,,,,,,,,,0
1,,319926,Port:10,0,0,0,Missing,,,,,,,,,0
1,,319942,Port:10,0,0,0,Missing,,,,,,,,,0
1,,319950,Port:10,0,0,0,Missing,,,,,,,,,0
1,,319966,Port:10,0,0,0,Missing,,,,,,,,,0
1,,319982,Port:10,0,0,0,Missing,,,,,,,,,0
1,,319998,Port:10,0,0,0,Missing,,,,,,,,,0
1,,320014,Port:10,0,0,0,Missing,,,,,,,,,0
1,,320022,Port:10,0,0,0,Missing,,,,,,,,,0
1,,320046,Port:10,0,0,0,Missing,,,,,,,,,0
1,,320062,Port:10,0,0,0,Missing,,,,,,,,,0
1,,320070,Port:10,0,0,0,Missing,,,,,,,,,0
1,,320086,Port:10,0,0,0,Missing,,,,,,,,,0
1,,320118,Port:10,0,0,0,Missing,,,,,,,,,0
1,,320134,Port:10,0,0,0,Missing,,,,,,,,,0
1,,320150,Port:10,0,0,0,Missing,,,,,,,,,0
1,,320166,Port:10,0,0,0,Missing,,,,,,,,,0
1,,320182,Port:10,0,0,0,Missing,,,,,,,,,0
1,,320190,Port:10,0,0,0,Missing,,,,,,,,,0
1,,320206,Port:10,0,0,0,Missing,,,,,,,,,0
1,,320222,Port:10,0,0,0,Missing,,,,,,,,,0
1,,320238,Port:10,0,0,0,Missing,,,,,,,,,0
1,,320254,Port:10,0,0,0,Missing,,,,,,,,,0
1,,320270,Port:10,0,0,0,Missing,,,,,,,,,0
1,,320286,Port:10,0,0,0,Missing,,,,,,,,,0
1,,320302,Port:10,0,0,0,Missing,,,,,,,,,0
1,,320310,Port:10,0,0,0,Missing,,,,,,,,,0
1,,320326,Port:10,0,0,0,Missing,,,,,,,,,0
1,,320358,Port:10,0,0,0,Missing,,,,,,,,,0
1,,320374,Port:10,0,0,0,Missing,,,,,,,,,0
1,,320390,Port:10,0,0,0,Missing,,,,,,,,,0
1,,320406,Port:10,0,0,0,Missing,,,,,,,,,0
1,,320422,Port:10,0,0,0,Missing,,,,,,,,,0
1,,320430,Port:10,0,0,0,Missing,,,,,,,,,0
1,,320446,Port:10,0,0,0,Missing,,,,,,,,,0
1,,320462,Port:10,0,0,0,Missing,,,,,,,,,0
1,,320478,Port:10,0,0,0,Missing,,,,,,,,,0
1,,320494,Port:10,0,0,0,Missing,,,,,,,,,0
1,,320510,Port:10,0,0,0,Missing,,,,,,,,,0
1,,320526,Port:10,0,0,0,Missing,,,,,,,,,0
1,,320542,Port:10,0,0,0,Missing,,,,,,,,,0
1,,320550,Port:10,0,0,0,Missing,,,,,,,,,0
1,,320566,Port:10,0,0,0,Missing,,,,,,,,,0
1,,320598,Port:10,0,0,0,Missing,,,,,,,,,0
1,,320614,Port:10,0,0,0,Missing,,,,,,,,,0
1,,320630,Port:10,0,0,0,Missing,,,,,,,,,0
1,,320646,Port:10,0,0,0,Missing,,,,,,,,,0
1,,320662,Port:10,0,0,0,Missing,,,,,,,,,0
1,,320670,Port:10,0,0,0,Missing,,,,,,,,,0
1,,320686,Port:10,0,0,0,Missing,,,,,,,,,0
1,,320702,Port:10,0,0,0,Missing,,,,,,,,,0
1,,320718,Port:10,0,0,0,Missing,,,,,,,,,0
1,,320734,Port:10,0,0,0,Missing,,,,,,,,,0
1,,320750,Port:10,0,0,0,Missing,,,,,,,,,0
1,,320766,Port:10,0,0,0,Missing,,,,,,,,,0
1,,320782,Port:10,0,0,0,Missing,,,,,,,,,0
1,,320798,Port:10,0,0,0,Missing,,,,,,,,,0
1,,320806,Port:10,0,0,0,Missing,,,,,,,,,0
1,,320838,Port:10,0,0,0,Missing,,,,,,,,,0
1,,320854,Port:10,0,0,0,Missing,,,,,,,,,0
1,,320870,Port:10,0,0,0,Missing,,,,,,,,,0
1,,320886,Port:10,0,0,0,Missing,,,,,,,,,0
1,,320902,Port:10,0,0,0,Missing,,,,,,,,,0
1,,320918,Port:10,0,0,0,Missing,,,,,,,,,0
1,,320926,Port:10,0,0,0,Missing,,,,,,,,,0
1,,320942,Port:10,0,0,0,Missing,,,,,,,,,0
1,,320958,Port:10,0,0,0,Missing,,,,,,,,,0
1,,320974,Port:10,0,0,0,Missing,,,,,,,,,0
1,,320990,Port:10,0,0,0,Missing,,,,,,,,,0
1,,321006,Port:10,0,0,0,Missing,,,,,,,,,0
1,,321022,Port:10,0,0,0,Missing,,,,,,,,,0
1,,321030,Port:10,0,0,0,Missing,,,,,,,,,0
1,,321046,Port:10,0,0,0,Missing,,,,,,,,,0
1,,321078,Port:10,0,0,0,Missing,,,,,,,,,0
1,,321094,Port:10,0,0,0,Missing,,,,,,,,,0
1,,321110,Port:10,0,0,0,Missing,,,,,,,,,0
1,,321126,Port:10,0,0,0,Missing,,,,,,,,,0
1,,321142,Port:10,0,0,0,Missing,,,,,,,,,0
1,,321150,Port:10,0,0,0,Missing,,,,,,,,,0
1,,321166,Port:10,0,0,0,Missing,,,,,,,,,0
1,,321182,Port:10,0,0,0,Missing,,,,,,,,,0
1,,321198,Port:10,0,0,0,Missing,,,,,,,,,0
1,,321214,Port:10,0,0,0,Missing,,,,,,,,,0
1,,321230,Port:10,0,0,0,Missing,,,,,,,,,0
1,,321246,Port:10,0,0,0,Missing,,,,,,,,,0
1,,321262,Port:10,0,0,0,Missing,,,,,,,,,0
1,,321270,Port:10,0,0,0,Missing,,,,,,,,,0
1,,321286,Port:10,0,0,0,Missing,,,,,,,,,0
1,,321318,Port:10,0,0,0,Missing,,,,,,,,,0
1,,321334,Port:10,0,0,0,Missing,,,,,,,,,0
1,,321350,Port:10,0,0,0,Missing,,,,,,,,,0
1,,321366,Port:10,0,0,0,Missing,,,,,,,,,0
1,,321382,Port:10,0,0,0,Missing,,,,,,,,,0
1,,321390,Port:10,0,0,0,Missing,,,,,,,,,0
1,,321406,Port:10,0,0,0,Missing,,,,,,,,,0
1,,321422,Port:10,0,0,0,Missing,,,,,,,,,0
1,,321438,Port:10,0,0,0,Missing,,,,,,,,,0
1,,321454,Port:10,0,0,0,Missing,,,,,,,,,0
1,,321470,Port:10,0,0,0,Missing,,,,,,,,,0
1,,321486,Port:10,0,0,0,Missing,,,,,,,,,0
1,,321502,Port:10,0,0,0,Missing,,,,,,,,,0
1,,321518,Port:10,0,0,0,Missing,,,,,,,,,0
1,,321542,Port:10,0,0,0,Missing,,,,,,,,,0
1,,321558,Port:10,0,0,0,Missing,,,,,,,,,0
1,,321574,Port:10,0,0,0,Missing,,,,,,,,,0
1,,321590,Port:10,0,0,0,Missing,,,,,,,,,0
1,,321606,Port:10,0,0,0,Missing,,,,,,,,,0
1,,321622,Port:10,0,0,0,Missing,,,,,,,,,0
1,,321630,Port:10,0,0,0,Missing,,,,,,,,,0
1,,321646,Port:10,0,0,0,Missing,,,,,,,,,0
1,,321662,Port:10,0,0,0,Missing,,,,,,,,,0
1,,321678,Port:10,0,0,0,Missing,,,,,,,,,0
1,,321694,Port:10,0,0,0,Missing,,,,,,,,,0
1,,321710,Port:10,0,0,0,Missing,,,,,,,,,0
1,,321726,Port:10,0,0,0,Missing,,,,,,,,,0
1,,321742,Port:10,0,0,0,Missing,,,,,,,,,0
1,,321758,Port:10,0,0,0,Missing,,,,,,,,,0
1,,321782,Port:10,0,0,0,Missing,,,,,,,,,0
1,,321798,Port:10,0,0,0,Missing,,,,,,,,,0
1,,321814,Port:10,0,0,0,Missing,,,,,,,,,0
1,,321830,Port:10,0,0,0,Missing,,,,,,,,,0
1,,321846,Port:10,0,0,0,Missing,,,,,,,,,0
1,,321862,Port:10,0,0,0,Missing,,,,,,,,,0
1,,321870,Port:10,0,0,0,Missing,,,,,,,,,0
1,,321886,Port:10,0,0,0,Missing,,,,,,,,,0
1,,321902,Port:10,0,0,0,Missing,,,,,,,,,0
1,,321918,Port:10,0,0,0,Missing,,,,,,,,,0
1,,321934,Port:10,0,0,0,Missing,,,,,,,,,0
1,,321950,Port:10,0,0,0,Missing,,,,,,,,,0
1,,321966,Port:10,0,0,0,Missing,,,,,,,,,0
1,,321982,Port:10,0,0,0,Missing,,,,,,,,,0
1,,321998,Port:10,0,0,0,Missing,,,,,,,,,0
1,,322022,Port:10,0,0,0,Missing,,,,,,,,,0
1,,322038,Port:10,0,0,0,Missing,,,,,,,,,0
1,,322054,Port:10,0,0,0,Missing,,,,,,,,,0
1,,322070,Port:10,0,0,0,Missing,,,,,,,,,0
1,,322086,Port:10,0,0,0,Missing,,,,,,,,,0
1,,322102,Port:10,0,0,0,Missing,,,,,,,,,0
1,,322118,Port:10,0,0,0,Missing,,,,,,,,,0
1,,322126,Port:10,0,0,0,Missing,,,,,,,,,0
1,,322142,Port:10,0,0,0,Missing,,,,,,,,,0
1,,322158,Port:10,0,0,0,Missing,,,,,,,,,0
1,,322174,Port:10,0,0,0,Missing,,,,,,,,,0
1,,322190,Port:10,0,0,0,Missing,,,,,,,,,0
1,,322206,Port:10,0,0,0,Missing,,,,,,,,,0
1,,322222,Port:10,0,0,0,Missing,,,,,,,,,0
1,,322230,Port:10,0,0,0,Missing,,,,,,,,,0
1,,322262,Port:10,0,0,0,Missing,,,,,,,,,0
1,,322278,Port:10,0,0,0,Missing,,,,,,,,,0
1,,322294,Port:10,0,0,0,Missing,,,,,,,,,0
1,,322310,Port:10,0,0,0,Missing,,,,,,,,,0
1,,322326,Port:10,0,0,0,Missing,,,,,,,,,0
1,,322342,Port:10,0,0,0,Missing,,,,,,,,,0
1,,322358,Port:10,0,0,0,Missing,,,,,,,,,0
1,,322366,Port:10,0,0,0,Missing,,,,,,,,,0
1,,322382,Port:10,0,0,0,Missing,,,,,,,,,0
1,,322398,Port:10,0,0,0,Missing,,,,,,,,,0
1,,322414,Port:10,0,0,0,Missing,,,,,,,,,0
1,,322430,Port:10,0,0,0,Missing,,,,,,,,,0
1,,322446,Port:10,0,0,0,Missing,,,,,,,,,0
1,,322462,Port:10,0,0,0,Missing,,,,,,,,,0
1,,322478,Port:10,0,0,0,Missing,,,,,,,,,0
1,,322502,Port:10,0,0,0,Missing,,,,,,,,,0
1,,322526,Port:10,0,0,0,Missing,,,,,,,,,0
1,,322534,Port:10,0,0,0,Missing,,,,,,,,,0
1,,322550,Port:10,0,0,0,Missing,,,,,,,,,0
1,,322566,Port:10,0,0,0,Missing,,,,,,,,,0
1,,322582,Port:10,0,0,0,Missing,,,,,,,,,0
1,,322598,Port:10,0,0,0,Missing,,,,,,,,,0
1,,322606,Port:10,0,0,0,Missing,,,,,,,,,0
1,,322622,Port:10,0,0,0,Missing,,,,,,,,,0
1,,322638,Port:10,0,0,0,Missing,,,,,,,,,0
1,,322654,Port:10,0,0,0,Missing,,,,,,,,,0
1,,322670,Port:10,0,0,0,Missing,,,,,,,,,0
1,,322686,Port:10,0,0,0,Missing,,,,,,,,,0
1,,322702,Port:10,0,0,0,Missing,,,,,,,,,0
1,,322718,Port:10,0,0,0,Missing,,,,,,,,,0
1,,322742,Port:10,0,0,0,Missing,,,,,,,,,0
1,,322766,Port:10,0,0,0,Missing,,,,,,,,,0
1,,322774,Port:10,0,0,0,Missing,,,,,,,,,0
1,,322790,Port:10,0,0,0,Missing,,,,,,,,,0
1,,322806,Port:10,0,0,0,Missing,,,,,,,,,0
1,,322822,Port:10,0,0,0,Missing,,,,,,,,,0
1,,322838,Port:10,0,0,0,Missing,,,,,,,,,0
1,,322846,Port:10,0,0,0,Missing,,,,,,,,,0
1,,322862,Port:10,0,0,0,Missing,,,,,,,,,0
1,,322878,Port:10,0,0,0,Missing,,,,,,,,,0
1,,322894,Port:10,0,0,0,Missing,,,,,,,,,0
1,,322910,Port:10,0,0,0,Missing,,,,,,,,,0
1,,322926,Port:10,0,0,0,Missing,,,,,,,,,0
1,,322942,Port:10,0,0,0,Missing,,,,,,,,,0
1,,322958,Port:10,0,0,0,Missing,,,,,,,,,0
1,,322982,Port:10,0,0,0,Missing,,,,,,,,,0
1,,323006,Port:10,0,0,0,Missing,,,,,,,,,0
1,,323014,Port:10,0,0,0,Missing,,,,,,,,,0
1,,323030,Port:10,0,0,0,Missing,,,,,,,,,0
1,,323046,Port:10,0,0,0,Missing,,,,,,,,,0
1,,323062,Port:10,0,0,0,Missing,,,,,,,,,0
1,,323070,Port:10,0,0,0,Missing,,,,,,,,,0
1,,323086,Port:10,0,0,0,Missing,,,,,,,,,0
1,,323102,Port:10,0,0,0,Missing,,,,,,,,,0
1,,323126,Port:10,0,0,0,Missing,,,,,,,,,0
1,,323134,Port:10,0,0,0,Missing,,,,,,,,,0
1,,323150,Port:10,0,0,0,Missing,,,,,,,,,0
1,,323166,Port:10,0,0,0,Missing,,,,,,,,,0
1,,323182,Port:10,0,0,0,Missing,,,,,,,,,0
1,,323206,Port:10,0,0,0,Missing,,,,,,,,,0
1,,323230,Port:10,0,0,0,Missing,,,,,,,,,0
1,,323246,Port:10,0,0,0,Missing,,,,,,,,,0
1,,323254,Port:10,0,0,0,Missing,,,,,,,,,0
1,,323270,Port:10,0,0,0,Missing,,,,,,,,,0
1,,323286,Port:10,0,0,0,Missing,,,,,,,,,0
1,,323302,Port:10,0,0,0,Missing,,,,,,,,,0
1,,323310,Port:10,0,0,0,Missing,,,,,,,,,0
1,,323326,Port:10,0,0,0,Missing,,,,,,,,,0
1,,323350,Port:10,0,0,0,Missing,,,,,,,,,0
1,,323366,Port:10,0,0,0,Missing,,,,,,,,,0
1,,323374,Port:10,0,0,0,Missing,,,,,,,,,0
1,,323390,Port:10,0,0,0,Missing,,,,,,,,,0
1,,323406,Port:10,0,0,0,Missing,,,,,,,,,0
1,,323422,Port:10,0,0,0,Missing,,,,,,,,,0
1,,323430,Port:10,0,0,0,Missing,,,,,,,,,0
1,,323470,Port:10,0,0,0,Missing,,,,,,,,,0
1,,323486,Port:10,0,0,0,Missing,,,,,,,,,0
1,,323494,Port:10,0,0,0,Missing,,,,,,,,,0
1,,323510,Port:10,0,0,0,Missing,,,,,,,,,0
1,,323526,Port:10,0,0,0,Missing,,,,,,,,,0
1,,323542,Port:10,0,0,0,Missing,,,,,,,,,0
1,,323550,Port:10,0,0,0,Missing,,,,,,,,,0
1,,323566,Port:10,0,0,0,Missing,,,,,,,,,0
1,,323590,Port:10,0,0,0,Missing,,,,,,,,,0
1,,323606,Port:10,0,0,0,Missing,,,,,,,,,0
1,,323614,Port:10,0,0,0,Missing,,,,,,,,,0
1,,323630,Port:10,0,0,0,Missing,,,,,,,,,0
1,,323646,Port:10,0,0,0,Missing,,,,,,,,,0
1,,323662,Port:10,0,0,0,Missing,,,,,,,,,0
1,,323670,Port:10,0,0,0,Missing,,,,,,,,,0
1,,323710,Port:10,0,0,0,Missing,,,,,,,,,0
1,,323726,Port:10,0,0,0,Missing,,,,,,,,,0
1,,323734,Port:10,0,0,0,Missing,,,,,,,,,0
1,,323750,Port:10,0,0,0,Missing,,,,,,,,,0
1,,323766,Port:10,0,0,0,Missing,,,,,,,,,0
1,,323782,Port:10,0,0,0,Missing,,,,,,,,,0
1,,323790,Port:10,0,0,0,Missing,,,,,,,,,0
1,,323814,Port:10,0,0,0,Missing,,,,,,,,,0
1,,323830,Port:10,0,0,0,Missing,,,,,,,,,0
1,,323846,Port:10,0,0,0,Missing,,,,,,,,,0
1,,323854,Port:10,0,0,0,Missing,,,,,,,,,0
1,,323870,Port:10,0,0,0,Missing,,,,,,,,,0
1,,323886,Port:10,0,0,0,Missing,,,,,,,,,0
1,,323902,Port:10,0,0,0,Missing,,,,,,,,,0
1,,323910,Port:10,0,0,0,Missing,,,,,,,,,0
1,,323934,Port:10,0,0,0,Missing,,,,,,,,,0
1,,323950,Port:10,0,0,0,Missing,,,,,,,,,0
1,,323974,Port:10,0,0,0,Missing,,,,,,,,,0
1,,323990,Port:10,0,0,0,Missing,,,,,,,,,0
1,,324006,Port:10,0,0,0,Missing,,,,,,,,,0
1,,324022,Port:10,0,0,0,Missing,,,,,,,,,0
1,,324030,Port:10,0,0,0,Missing,,,,,,,,,0
1,,324054,Port:10,0,0,0,Missing,,,,,,,,,0
1,,324070,Port:10,0,0,0,Missing,,,,,,,,,0
1,,324078,Port:10,0,0,0,Missing,,,,,,,,,0
1,,324094,Port:10,0,0,0,Missing,,,,,,,,,0
1,,324110,Port:10,0,0,0,Missing,,,,,,,,,0
1,,324126,Port:10,0,0,0,Missing,,,,,,,,,0
1,,324142,Port:10,0,0,0,Missing,,,,,,,,,0
1,,324174,Port:10,0,0,0,Missing,,,,,,,,,0
1,,324190,Port:10,0,0,0,Missing,,,,,,,,,0
1,,324206,Port:10,0,0,0,Missing,,,,,,,,,0
1,,324214,Port:10,0,0,0,Missing,,,,,,,,,0
1,,324230,Port:10,0,0,0,Missing,,,,,,,,,0
1,,324246,Port:10,0,0,0,Missing,,,,,,,,,0
1,,324262,Port:10,0,0,0,Missing,,,,,,,,,0
1,,324278,Port:10,0,0,0,Missing,,,,,,,,,0
1,,324294,Port:10,0,0,0,Missing,,,,,,,,,0
1,,324310,Port:10,0,0,0,Missing,,,,,,,,,0
1,,324318,Port:10,0,0,0,Missing,,,,,,,,,0
1,,324334,Port:10,0,0,0,Missing,,,,,,,,,0
1,,324350,Port:10,0,0,0,Missing,,,,,,,,,0
1,,324366,Port:10,0,0,0,Missing,,,,,,,,,0
1,,324382,Port:10,0,0,0,Missing,,,,,,,,,0
1,,324414,Port:10,0,0,0,Missing,,,,,,,,,0
1,,324430,Port:10,0,0,0,Missing,,,,,,,,,0
1,,324438,Port:10,0,0,0,Missing,,,,,,,,,0
1,,324454,Port:10,0,0,0,Missing,,,,,,,,,0
1,,324470,Port:10,0,0,0,Missing,,,,,,,,,0
1,,324486,Port:10,0,0,0,Missing,,,,,,,,,0
1,,324502,Port:10,0,0,0,Missing,,,,,,,,,0
1,,324518,Port:10,0,0,0,Missing,,,,,,,,,0
1,,324534,Port:10,0,0,0,Missing,,,,,,,,,0
1,,324550,Port:10,0,0,0,Missing,,,,,,,,,0
1,,324566,Port:10,0,0,0,Missing,,,,,,,,,0
1,,324574,Port:10,0,0,0,Missing,,,,,,,,,0
1,,324590,Port:10,0,0,0,Missing,,,,,,,,,0
1,,324606,Port:10,0,0,0,Missing,,,,,,,,,0
1,,324622,Port:10,0,0,0,Missing,,,,,,,,,0
1,,324654,Port:10,0,0,0,Missing,,,,,,,,,0
1,,324670,Port:10,0,0,0,Missing,,,,,,,,,0
1,,324686,Port:10,0,0,0,Missing,,,,,,,,,0
1,,324694,Port:10,0,0,0,Missing,,,,,,,,,0
1,,324710,Port:10,0,0,0,Missing,,,,,,,,,0
1,,324726,Port:10,0,0,0,Missing,,,,,,,,,0
1,,324742,Port:10,0,0,0,Missing,,,,,,,,,0
1,,324758,Port:10,0,0,0,Missing,,,,,,,,,0
1,,324774,Port:10,0,0,0,Missing,,,,,,,,,0
1,,324790,Port:10,0,0,0,Missing,,,,,,,,,0
1,,324806,Port:10,0,0,0,Missing,,,,,,,,,0
1,,324814,Port:10,0,0,0,Missing,,,,,,,,,0
1,,324830,Port:10,0,0,0,Missing,,,,,,,,,0
1,,324846,Port:10,0,0,0,Missing,,,,,,,,,0
1,,324862,Port:10,0,0,0,Missing,,,,,,,,,0
1,,324878,Port:10,0,0,0,Missing,,,,,,,,,0
1,,324894,Port:10,0,0,0,Missing,,,,,,,,,0
1,,324910,Port:10,0,0,0,Missing,,,,,,,,,0
1,,324934,Port:10,0,0,0,Missing,,,,,,,,,0
1,,324950,Port:10,0,0,0,Missing,,,,,,,,,0
1,,324966,Port:10,0,0,0,Missing,,,,,,,,,0
1,,324982,Port:10,0,0,0,Missing,,,,,,,,,0
1,,324998,Port:10,0,0,0,Missing,,,,,,,,,0
1,,325014,Port:10,0,0,0,Missing,,,,,,,,,0
1,,325030,Port:10,0,0,0,Missing,,,,,,,,,0
1,,325046,Port:10,0,0,0,Missing,,,,,,,,,0
1,,325054,Port:10,0,0,0,Missing,,,,,,,,,0
1,,325070,Port:10,0,0,0,Missing,,,,,,,,,0
1,,325086,Port:10,0,0,0,Missing,,,,,,,,,0
1,,325102,Port:10,0,0,0,Missing,,,,,,,,,0
1,,325118,Port:10,0,0,0,Missing,,,,,,,,,0
1,,325134,Port:10,0,0,0,Missing,,,,,,,,,0
1,,325150,Port:10,0,0,0,Missing,,,,,,,,,0
1,,325166,Port:10,0,0,0,Missing,,,,,,,,,0
1,,325190,Port:10,0,0,0,Missing,,,,,,,,,0
1,,325206,Port:10,0,0,0,Missing,,,,,,,,,0
1,,325222,Port:10,0,0,0,Missing,,,,,,,,,0
1,,325238,Port:10,0,0,0,Missing,,,,,,,,,0
1,,325254,Port:10,0,0,0,Missing,,,,,,,,,0
1,,325270,Port:10,0,0,0,Missing,,,,,,,,,0
1,,325286,Port:10,0,0,0,Missing,,,,,,,,,0
1,,325294,Port:10,0,0,0,Missing,,,,,,,,,0
1,,325310,Port:10,0,0,0,Missing,,,,,,,,,0
1,,325326,Port:10,0,0,0,Missing,,,,,,,,,0
1,,325342,Port:10,0,0,0,Missing,,,,,,,,,0
1,,325358,Port:10,0,0,0,Missing,,,,,,,,,0
1,,325374,Port:10,0,0,0,Missing,,,,,,,,,0
1,,325390,Port:10,0,0,0,Missing,,,,,,,,,0
1,,325414,Port:10,0,0,0,Missing,,,,,,,,,0
1,,325430,Port:10,0,0,0,Missing,,,,,,,,,0
1,,325446,Port:10,0,0,0,Missing,,,,,,,,,0
1,,325462,Port:10,0,0,0,Missing,,,,,,,,,0
1,,325478,Port:10,0,0,0,Missing,,,,,,,,,0
1,,325494,Port:10,0,0,0,Missing,,,,,,,,,0
1,,325510,Port:10,0,0,0,Missing,,,,,,,,,0
1,,325526,Port:10,0,0,0,Missing,,,,,,,,,0
1,,325534,Port:10,0,0,0,Missing,,,,,,,,,0
1,,325550,Port:10,0,0,0,Missing,,,,,,,,,0
1,,325566,Port:10,0,0,0,Missing,,,,,,,,,0
1,,325582,Port:10,0,0,0,Missing,,,,,,,,,0
1,,325598,Port:10,0,0,0,Missing,,,,,,,,,0
1,,325614,Port:10,0,0,0,Missing,,,,,,,,,0
1,,325630,Port:10,0,0,0,Missing,,,,,,,,,0
1,,325654,Port:10,0,0,0,Missing,,,,,,,,,0
1,,325670,Port:10,0,0,0,Missing,,,,,,,,,0
1,,325686,Port:10,0,0,0,Missing,,,,,,,,,0
1,,325702,Port:10,0,0,0,Missing,,,,,,,,,0
1,,325718,Port:10,0,0,0,Missing,,,,,,,,,0
1,,325734,Port:10,0,0,0,Missing,,,,,,,,,0
1,,325750,Port:10,0,0,0,Missing,,,,,,,,,0
1,,325766,Port:10,0,0,0,Missing,,,,,,,,,0
1,,325774,Port:10,0,0,0,Missing,,,,,,,,,0
1,,325790,Port:10,0,0,0,Missing,,,,,,,,,0
1,,325806,Port:10,0,0,0,Missing,,,,,,,,,0
1,,325822,Port:10,0,0,0,Missing,,,,,,,,,0
1,,325838,Port:10,0,0,0,Missing,,,,,,,,,0
1,,325854,Port:10,0,0,0,Missing,,,,,,,,,0
1,,325870,Port:10,0,0,0,Missing,,,,,,,,,0
1,,325894,Port:10,0,0,0,Missing,,,,,,,,,0
1,,325910,Port:10,0,0,0,Missing,,,,,,,,,0
1,,325926,Port:10,0,0,0,Missing,,,,,,,,,0
1,,325942,Port:10,0,0,0,Missing,,,,,,,,,0
1,,325958,Port:10,0,0,0,Missing,,,,,,,,,0
1,,325974,Port:10,0,0,0,Missing,,,,,,,,,0
1,,325990,Port:10,0,0,0,Missing,,,,,,,,,0
1,,326006,Port:10,0,0,0,Missing,,,,,,,,,0
1,,326014,Port:10,0,0,0,Missing,,,,,,,,,0
1,,326030,Port:10,0,0,0,Missing,,,,,,,,,0
1,,326046,Port:10,0,0,0,Missing,,,,,,,,,0
1,,326062,Port:10,0,0,0,Missing,,,,,,,,,0
1,,326078,Port:10,0,0,0,Missing,,,,,,,,,0
1,,326094,Port:10,0,0,0,Missing,,,,,,,,,0
1,,326126,Port:10,0,0,0,Missing,,,,,,,,,0
1,,326134,Port:10,0,0,0,Missing,,,,,,,,,0
1,,326150,Port:10,0,0,0,Missing,,,,,,,,,0
1,,326166,Port:10,0,0,0,Missing,,,,,,,,,0
1,,326182,Port:10,0,0,0,Missing,,,,,,,,,0
1,,326198,Port:10,0,0,0,Missing,,,,,,,,,0
1,,326214,Port:10,0,0,0,Missing,,,,,,,,,0
1,,326230,Port:10,0,0,0,Missing,,,,,,,,,0
1,,326246,Port:10,0,0,0,Missing,,,,,,,,,0
1,,326254,Port:10,0,0,0,Missing,,,,,,,,,0
1,,326270,Port:10,0,0,0,Missing,,,,,,,,,0
1,,326286,Port:10,0,0,0,Missing,,,,,,,,,0
1,,326302,Port:10,0,0,0,Missing,,,,,,,,,0
1,,326318,Port:10,0,0,0,Missing,,,,,,,,,0
1,,326334,Port:10,0,0,0,Missing,,,,,,,,,0
1,,326350,Port:10,0,0,0,Missing,,,,,,,,,0
1,,326374,Port:10,0,0,0,Missing,,,,,,,,,0
1,,326390,Port:10,0,0,0,Missing,,,,,,,,,0
1,,326406,Port:10,0,0,0,Missing,,,,,,,,,0
1,,326422,Port:10,0,0,0,Missing,,,,,,,,,0
1,,326438,Port:10,0,0,0,Missing,,,,,,,,,0
1,,326454,Port:10,0,0,0,Missing,,,,,,,,,0
1,,326470,Port:10,0,0,0,Missing,,,,,,,,,0
1,,326486,Port:10,0,0,0,Missing,,,,,,,,,0
1,,326494,Port:10,0,0,0,Missing,,,,,,,,,0
1,,326510,Port:10,0,0,0,Missing,,,,,,,,,0
1,,326526,Port:10,0,0,0,Missing,,,,,,,,,0
1,,326542,Port:10,0,0,0,Missing,,,,,,,,,0
1,,326558,Port:10,0,0,0,Missing,,,,,,,,,0
1,,326574,Port:10,0,0,0,Missing,,,,,,,,,0
1,,326606,Port:10,0,0,0,Missing,,,,,,,,,0
1,,326614,Port:10,0,0,0,Missing,,,,,,,,,0
1,,326630,Port:10,0,0,0,Missing,,,,,,,,,0
1,,326646,Port:10,0,0,0,Missing,,,,,,,,,0
1,,326662,Port:10,0,0,0,Missing,,,,,,,,,0
1,,326678,Port:10,0,0,0,Missing,,,,,,,,,0
1,,326694,Port:10,0,0,0,Missing,,,,,,,,,0
1,,326710,Port:10,0,0,0,Missing,,,,,,,,,0
1,,326726,Port:10,0,0,0,Missing,,,,,,,,,0
1,,326734,Port:10,0,0,0,Missing,,,,,,,,,0
1,,326750,Port:10,0,0,0,Missing,,,,,,,,,0
1,,326766,Port:10,0,0,0,Missing,,,,,,,,,0
1,,326782,Port:10,0,0,0,Missing,,,,,,,,,0
1,,326798,Port:10,0,0,0,Missing,,,,,,,,,0
1,,326814,Port:10,0,0,0,Missing,,,,,,,,,0
1,,326830,Port:10,0,0,0,Missing,,,,,,,,,0
1,,326854,Port:10,0,0,0,Missing,,,,,,,,,0
1,,326870,Port:10,0,0,0,Missing,,,,,,,,,0
1,,326886,Port:10,0,0,0,Missing,,,,,,,,,0
1,,326902,Port:10,0,0,0,Missing,,,,,,,,,0
1,,326918,Port:10,0,0,0,Missing,,,,,,,,,0
1,,326934,Port:10,0,0,0,Missing,,,,,,,,,0
1,,326950,Port:10,0,0,0,Missing,,,,,,,,,0
1,,326966,Port:10,0,0,0,Missing,,,,,,,,,0
1,,326974,Port:10,0,0,0,Missing,,,,,,,,,0
1,,326990,Port:10,0,0,0,Missing,,,,,,,,,0
1,,327006,Port:10,0,0,0,Missing,,,,,,,,,0
1,,327022,Port:10,0,0,0,Missing,,,,,,,,,0
1,,327038,Port:10,0,0,0,Missing,,,,,,,,,0
1,,327054,Port:10,0,0,0,Missing,,,,,,,,,0
1,,327086,Port:10,0,0,0,Missing,,,,,,,,,0
1,,327094,Port:10,0,0,0,Missing,,,,,,,,,0
1,,327110,Port:10,0,0,0,Missing,,,,,,,,,0
1,,327126,Port:10,0,0,0,Missing,,,,,,,,,0
1,,327142,Port:10,0,0,0,Missing,,,,,,,,,0
1,,327158,Port:10,0,0,0,Missing,,,,,,,,,0
1,,327174,Port:10,0,0,0,Missing,,,,,,,,,0
1,,327190,Port:10,0,0,0,Missing,,,,,,,,,0
1,,327206,Port:10,0,0,0,Missing,,,,,,,,,0
1,,327214,Port:10,0,0,0,Missing,,,,,,,,,0
1,,327230,Port:10,0,0,0,Missing,,,,,,,,,0
1,,327254,Port:10,0,0,0,Missing,,,,,,,,,0
1,,327262,Port:10,0,0,0,Missing,,,,,,,,,0
1,,327278,Port:10,0,0,0,Missing,,,,,,,,,0
1,,327294,Port:10,0,0,0,Missing,,,,,,,,,0
1,,327326,Port:10,0,0,0,Missing,,,,,,,,,0
1,,327334,Port:10,0,0,0,Missing,,,,,,,,,0
1,,327350,Port:10,0,0,0,Missing,,,,,,,,,0
1,,327374,Port:10,0,0,0,Missing,,,,,,,,,0
1,,327382,Port:10,0,0,0,Missing,,,,,,,,,0
1,,327398,Port:10,0,0,0,Missing,,,,,,,,,0
1,,327414,Port:10,0,0,0,Missing,,,,,,,,,0
1,,327430,Port:10,0,0,0,Missing,,,,,,,,,0
1,,327446,Port:10,0,0,0,Missing,,,,,,,,,0
1,,327454,Port:10,0,0,0,Missing,,,,,,,,,0
1,,327470,Port:10,0,0,0,Missing,,,,,,,,,0
1,,327494,Port:10,0,0,0,Missing,,,,,,,,,0
1,,327502,Port:10,0,0,0,Missing,,,,,,,,,0
1,,327518,Port:10,0,0,0,Missing,,,,,,,,,0
1,,327534,Port:10,0,0,0,Missing,,,,,,,,,0
1,,327566,Port:10,0,0,0,Missing,,,,,,,,,0
1,,327574,Port:10,0,0,0,Missing,,,,,,,,,0
1,,327590,Port:10,0,0,0,Missing,,,,,,,,,0
1,,327614,Port:10,0,0,0,Missing,,,,,,,,,0
1,,327622,Port:10,0,0,0,Missing,,,,,,,,,0
1,,327638,Port:10,0,0,0,Missing,,,,,,,,,0
1,,327654,Port:10,0,0,0,Missing,,,,,,,,,0
1,,327670,Port:10,0,0,0,Missing,,,,,,,,,0
1,,327686,Port:10,0,0,0,Missing,,,,,,,,,0
1,,327694,Port:10,0,0,0,Missing,,,,,,,,,0
1,,327710,Port:10,0,0,0,Missing,,,,,,,,,0
1,,327734,Port:10,0,0,0,Missing,,,,,,,,,0
1,,327742,Port:10,0,0,0,Missing,,,,,,,,,0
1,,327758,Port:10,0,0,0,Missing,,,,,,,,,0
1,,327774,Port:10,0,0,0,Missing,,,,,,,,,0
1,,327806,Port:10,0,0,0,Missing,,,,,,,,,0
1,,327814,Port:10,0,0,0,Missing,,,,,,,,,0
1,,327830,Port:10,0,0,0,Missing,,,,,,,,,0
1,,327854,Port:10,0,0,0,Missing,,,,,,,,,0
1,,327862,Port:10,0,0,0,Missing,,,,,,,,,0
1,,327878,Port:10,0,0,0,Missing,,,,,,,,,0
1,,327894,Port:10,0,0,0,Missing,,,,,,,,,0
1,,327910,Port:10,0,0,0,Missing,,,,,,,,,0
1,,327926,Port:10,0,0,0,Missing,,,,,,,,,0
1,,327934,Port:10,0,0,0,Missing,,,,,,,,,0
1,,327950,Port:10,0,0,0,Missing,,,,,,,,,0
1,,327974,Port:10,0,0,0,Missing,,,,,,,,,0
1,,327982,Port:10,0,0,0,Missing,,,,,,,,,0
1,,327998,Port:10,0,0,0,Missing,,,,,,,,,0
1,,328014,Port:10,0,0,0,Missing,,,,,,,,,0
1,,328046,Port:10,0,0,0,Missing,,,,,,,,,0
1,,328054,Port:10,0,0,0,Missing,,,,,,,,,0
1,,328070,Port:10,0,0,0,Missing,,,,,,,,,0
1,,328094,Port:10,0,0,0,Missing,,,,,,,,,0
1,,328102,Port:10,0,0,0,Missing,,,,,,,,,0
1,,328118,Port:10,0,0,0,Missing,,,,,,,,,0
1,,328134,Port:10,0,0,0,Missing,,,,,,,,,0
1,,328150,Port:10,0,0,0,Missing,,,,,,,,,0
1,,328166,Port:10,0,0,0,Missing,,,,,,,,,0
1,,328174,Port:10,0,0,0,Missing,,,,,,,,,0
1,,328190,Port:10,0,0,0,Missing,,,,,,,,,0
1,,328214,Port:10,0,0,0,Missing,,,,,,,,,0
1,,328222,Port:10,0,0,0,Missing,,,,,,,,,0
1,,328238,Port:10,0,0,0,Missing,,,,,,,,,0
1,,328254,Port:10,0,0,0,Missing,,,,,,,,,0
1,,328286,Port:10,0,0,0,Missing,,,,,,,,,0
1,,328294,Port:10,0,0,0,Missing,,,,,,,,,0
1,,328318,Port:10,0,0,0,Missing,,,,,,,,,0
1,,328334,Port:10,0,0,0,Missing,,,,,,,,,0
1,,328350,Port:10,0,0,0,Missing,,,,,,,,,0
1,,328358,Port:10,0,0,0,Missing,,,,,,,,,0
1,,328374,Port:10,0,0,0,Missing,,,,,,,,,0
1,,328390,Port:10,0,0,0,Missing,,,,,,,,,0
1,,328406,Port:10,0,0,0,Missing,,,,,,,,,0
1,,328414,Port:10,0,0,0,Missing,,,,,,,,,0
1,,328438,Port:10,0,0,0,Missing,,,,,,,,,0
1,,328454,Port:10,0,0,0,Missing,,,,,,,,,0
1,,328462,Port:10,0,0,0,Missing,,,,,,,,,0
1,,328478,Port:10,0,0,0,Missing,,,,,,,,,0
1,,328494,Port:10,0,0,0,Missing,,,,,,,,,0
1,,328526,Port:10,0,0,0,Missing,,,,,,,,,0
1,,328534,Port:10,0,0,0,Missing,,,,,,,,,0
1,,328558,Port:10,0,0,0,Missing,,,,,,,,,0
1,,328574,Port:10,0,0,0,Missing,,,,,,,,,0
1,,328582,Port:10,0,0,0,Missing,,,,,,,,,0
1,,328598,Port:10,0,0,0,Missing,,,,,,,,,0
1,,328614,Port:10,0,0,0,Missing,,,,,,,,,0
1,,328630,Port:10,0,0,0,Missing,,,,,,,,,0
1,,328646,Port:10,0,0,0,Missing,,,,,,,,,0
1,,328662,Port:10,0,0,0,Missing,,,,,,,,,0
1,,328678,Port:10,0,0,0,Missing,,,,,,,,,0
1,,328694,Port:10,0,0,0,Missing,,,,,,,,,0
1,,328702,Port:10,0,0,0,Missing,,,,,,,,,0
1,,328718,Port:10,0,0,0,Missing,,,,,,,,,0
1,,328734,Port:10,0,0,0,Missing,,,,,,,,,0
1,,328766,Port:10,0,0,0,Missing,,,,,,,,,0
1,,328774,Port:10,0,0,0,Missing,,,,,,,,,0
1,,328798,Port:10,0,0,0,Missing,,,,,,,,,0
1,,328814,Port:10,0,0,0,Missing,,,,,,,,,0
1,,328822,Port:10,0,0,0,Missing,,,,,,,,,0
1,,328838,Port:10,0,0,0,Missing,,,,,,,,,0
1,,328854,Port:10,0,0,0,Missing,,,,,,,,,0
1,,328870,Port:10,0,0,0,Missing,,,,,,,,,0
1,,328886,Port:10,0,0,0,Missing,,,,,,,,,0
1,,328902,Port:10,0,0,0,Missing,,,,,,,,,0
1,,328918,Port:10,0,0,0,Missing,,,,,,,,,0
1,,328934,Port:10,0,0,0,Missing,,,,,,,,,0
1,,328942,Port:10,0,0,0,Missing,,,,,,,,,0
1,,328958,Port:10,0,0,0,Missing,,,,,,,,,0
1,,328974,Port:10,0,0,0,Missing,,,,,,,,,0
1,,329006,Port:10,0,0,0,Missing,,,,,,,,,0
1,,329014,Port:10,0,0,0,Missing,,,,,,,,,0
1,,329038,Port:10,0,0,0,Missing,,,,,,,,,0
1,,329054,Port:10,0,0,0,Missing,,,,,,,,,0
1,,329062,Port:10,0,0,0,Missing,,,,,,,,,0
1,,329078,Port:10,0,0,0,Missing,,,,,,,,,0
1,,329094,Port:10,0,0,0,Missing,,,,,,,,,0
1,,329110,Port:10,0,0,0,Missing,,,,,,,,,0
1,,329126,Port:10,0,0,0,Missing,,,,,,,,,0
1,,329142,Port:10,0,0,0,Missing,,,,,,,,,0
1,,329158,Port:10,0,0,0,Missing,,,,,,,,,0
1,,329174,Port:10,0,0,0,Missing,,,,,,,,,0
1,,329190,Port:10,0,0,0,Missing,,,,,,,,,0
1,,329198,Port:10,0,0,0,Missing,,,,,,,,,0
1,,329214,Port:10,0,0,0,Missing,,,,,,,,,0
1,,329246,Port:10,0,0,0,Missing,,,,,,,,,0
1,,329254,Port:10,0,0,0,Missing,,,,,,,,,0
1,,329278,Port:10,0,0,0,Missing,,,,,,,,,0
1,,329294,Port:10,0,0,0,Missing,,,,,,,,,0
1,,329302,Port:10,0,0,0,Missing,,,,,,,,,0
1,,329318,Port:10,0,0,0,Missing,,,,,,,,,0
1,,329334,Port:10,0,0,0,Missing,,,,,,,,,0
1,,329350,Port:10,0,0,0,Missing,,,,,,,,,0
1,,329366,Port:10,0,0,0,Missing,,,,,,,,,0
1,,329382,Port:10,0,0,0,Missing,,,,,,,,,0
1,,329398,Port:10,0,0,0,Missing,,,,,,,,,0
1,,329414,Port:10,0,0,0,Missing,,,,,,,,,0
1,,329422,Port:10,0,0,0,Missing,,,,,,,,,0
1,,329438,Port:10,0,0,0,Missing,,,,,,,,,0
1,,329454,Port:10,0,0,0,Missing,,,,,,,,,0
1,,329486,Port:10,0,0,0,Missing,,,,,,,,,0
1,,329502,Port:10,0,0,0,Missing,,,,,,,,,0
1,,329518,Port:10,0,0,0,Missing,,,,,,,,,0
1,,329534,Port:10,0,0,0,Missing,,,,,,,,,0
1,,329542,Port:10,0,0,0,Missing,,,,,,,,,0
1,,329558,Port:10,0,0,0,Missing,,,,,,,,,0
1,,329574,Port:10,0,0,0,Missing,,,,,,,,,0
1,,329590,Port:10,0,0,0,Missing,,,,,,,,,0
1,,329606,Port:10,0,0,0,Missing,,,,,,,,,0
1,,329622,Port:10,0,0,0,Missing,,,,,,,,,0
1,,329638,Port:10,0,0,0,Missing,,,,,,,,,0
1,,329654,Port:10,0,0,0,Missing,,,,,,,,,0
1,,329662,Port:10,0,0,0,Missing,,,,,,,,,0
1,,329678,Port:10,0,0,0,Missing,,,,,,,,,0
1,,329710,Port:10,0,0,0,Missing,,,,,,,,,0
1,,329726,Port:10,0,0,0,Missing,,,,,,,,,0
1,,329742,Port:10,0,0,0,Missing,,,,,,,,,0
1,,329758,Port:10,0,0,0,Missing,,,,,,,,,0
1,,329774,Port:10,0,0,0,Missing,,,,,,,,,0
1,,329790,Port:10,0,0,0,Missing,,,,,,,,,0
1,,329798,Port:10,0,0,0,Missing,,,,,,,,,0
1,,329814,Port:10,0,0,0,Missing,,,,,,,,,0
1,,329830,Port:10,0,0,0,Missing,,,,,,,,,0
1,,329846,Port:10,0,0,0,Missing,,,,,,,,,0
1,,329862,Port:10,0,0,0,Missing,,,,,,,,,0
1,,329878,Port:10,0,0,0,Missing,,,,,,,,,0
1,,329894,Port:10,0,0,0,Missing,,,,,,,,,0
1,,329910,Port:10,0,0,0,Missing,,,,,,,,,0
1,,329918,Port:10,0,0,0,Missing,,,,,,,,,0
1,,329950,Port:10,0,0,0,Missing,,,,,,,,,0
1,,329966,Port:10,0,0,0,Missing,,,,,,,,,0
1,,329982,Port:10,0,0,0,Missing,,,,,,,,,0
1,,329998,Port:10,0,0,0,Missing,,,,,,,,,0
1,,330014,Port:10,0,0,0,Missing,,,,,,,,,0
1,,330030,Port:10,0,0,0,Missing,,,,,,,,,0
1,,330038,Port:10,0,0,0,Missing,,,,,,,,,0
1,,330054,Port:10,0,0,0,Missing,,,,,,,,,0
1,,330070,Port:10,0,0,0,Missing,,,,,,,,,0
1,,330086,Port:10,0,0,0,Missing,,,,,,,,,0
1,,330102,Port:10,0,0,0,Missing,,,,,,,,,0
1,,330118,Port:10,0,0,0,Missing,,,,,,,,,0
1,,330134,Port:10,0,0,0,Missing,,,,,,,,,0
1,,330150,Port:10,0,0,0,Missing,,,,,,,,,0
1,,330158,Port:10,0,0,0,Missing,,,,,,,,,0
1,,330190,Port:10,0,0,0,Missing,,,,,,,,,0
1,,330206,Port:10,0,0,0,Missing,,,,,,,,,0
1,,330222,Port:10,0,0,0,Missing,,,,,,,,,0
1,,330238,Port:10,0,0,0,Missing,,,,,,,,,0
1,,330254,Port:10,0,0,0,Missing,,,,,,,,,0
1,,330270,Port:10,0,0,0,Missing,,,,,,,,,0
1,,330278,Port:10,0,0,0,Missing,,,,,,,,,0
1,,330294,Port:10,0,0,0,Missing,,,,,,,,,0
1,,330310,Port:10,0,0,0,Missing,,,,,,,,,0
1,,330326,Port:10,0,0,0,Missing,,,,,,,,,0
1,,330342,Port:10,0,0,0,Missing,,,,,,,,,0
1,,330358,Port:10,0,0,0,Missing,,,,,,,,,0
1,,330374,Port:10,0,0,0,Missing,,,,,,,,,0
1,,330390,Port:10,0,0,0,Missing,,,,,,,,,0
1,,330398,Port:10,0,0,0,Missing,,,,,,,,,0
1,,330430,Port:10,0,0,0,Missing,,,,,,,,,0
1,,330446,Port:10,0,0,0,Missing,,,,,,,,,0
1,,330462,Port:10,0,0,0,Missing,,,,,,,,,0
1,,330478,Port:10,0,0,0,Missing,,,,,,,,,0
1,,330494,Port:10,0,0,0,Missing,,,,,,,,,0
1,,330510,Port:10,0,0,0,Missing,,,,,,,,,0
1,,330518,Port:10,0,0,0,Missing,,,,,,,,,0
1,,330534,Port:10,0,0,0,Missing,,,,,,,,,0
1,,330550,Port:10,0,0,0,Missing,,,,,,,,,0
1,,330566,Port:10,0,0,0,Missing,,,,,,,,,0
1,,330582,Port:10,0,0,0,Missing,,,,,,,,,0
1,,330598,Port:10,0,0,0,Missing,,,,,,,,,0
1,,330614,Port:10,0,0,0,Missing,,,,,,,,,0
1,,330630,Port:10,0,0,0,Missing,,,,,,,,,0
1,,330638,Port:10,0,0,0,Missing,,,,,,,,,0
1,,330670,Port:10,0,0,0,Missing,,,,,,,,,0
1,,330686,Port:10,0,0,0,Missing,,,,,,,,,0
1,,330702,Port:10,0,0,0,Missing,,,,,,,,,0
1,,330718,Port:10,0,0,0,Missing,,,,,,,,,0
1,,330734,Port:10,0,0,0,Missing,,,,,,,,,0
1,,330750,Port:10,0,0,0,Missing,,,,,,,,,0
1,,330758,Port:10,0,0,0,Missing,,,,,,,,,0
1,,330774,Port:10,0,0,0,Missing,,,,,,,,,0
1,,330790,Port:10,0,0,0,Missing,,,,,,,,,0
1,,330806,Port:10,0,0,0,Missing,,,,,,,,,0
1,,330822,Port:10,0,0,0,Missing,,,,,,,,,0
1,,330838,Port:10,0,0,0,Missing,,,,,,,,,0
1,,330854,Port:10,0,0,0,Missing,,,,,,,,,0
1,,330870,Port:10,0,0,0,Missing,,,,,,,,,0
1,,330878,Port:10,0,0,0,Missing,,,,,,,,,0
1,,330910,Port:10,0,0,0,Missing,,,,,,,,,0
1,,330926,Port:10,0,0,0,Missing,,,,,,,,,0
1,,330942,Port:10,0,0,0,Missing,,,,,,,,,0
1,,330958,Port:10,0,0,0,Missing,,,,,,,,,0
1,,330974,Port:10,0,0,0,Missing,,,,,,,,,0
1,,330990,Port:10,0,0,0,Missing,,,,,,,,,0
1,,330998,Port:10,0,0,0,Missing,,,,,,,,,0
1,,331014,Port:10,0,0,0,Missing,,,,,,,,,0
1,,331030,Port:10,0,0,0,Missing,,,,,,,,,0
1,,331046,Port:10,0,0,0,Missing,,,,,,,,,0
1,,331062,Port:10,0,0,0,Missing,,,,,,,,,0
1,,331078,Port:10,0,0,0,Missing,,,,,,,,,0
1,,331094,Port:10,0,0,0,Missing,,,,,,,,,0
1,,331110,Port:10,0,0,0,Missing,,,,,,,,,0
1,,331118,Port:10,0,0,0,Missing,,,,,,,,,0
1,,331150,Port:10,0,0,0,Missing,,,,,,,,,0
1,,331166,Port:10,0,0,0,Missing,,,,,,,,,0
1,,331182,Port:10,0,0,0,Missing,,,,,,,,,0
1,,331198,Port:10,0,0,0,Missing,,,,,,,,,0
1,,331214,Port:10,0,0,0,Missing,,,,,,,,,0
1,,331230,Port:10,0,0,0,Missing,,,,,,,,,0
1,,331238,Port:10,0,0,0,Missing,,,,,,,,,0
1,,331254,Port:10,0,0,0,Missing,,,,,,,,,0
1,,331270,Port:10,0,0,0,Missing,,,,,,,,,0
1,,331286,Port:10,0,0,0,Missing,,,,,,,,,0
1,,331302,Port:10,0,0,0,Missing,,,,,,,,,0
1,,331318,Port:10,0,0,0,Missing,,,,,,,,,0
1,,331334,Port:10,0,0,0,Missing,,,,,,,,,0
1,,331350,Port:10,0,0,0,Missing,,,,,,,,,0
1,,331374,Port:10,0,0,0,Missing,,,,,,,,,0
1,,331390,Port:10,0,0,0,Missing,,,,,,,,,0
1,,331406,Port:10,0,0,0,Missing,,,,,,,,,0
1,,331422,Port:10,0,0,0,Missing,,,,,,,,,0
1,,331438,Port:10,0,0,0,Missing,,,,,,,,,0
1,,331454,Port:10,0,0,0,Missing,,,,,,,,,0
1,,331470,Port:10,0,0,0,Missing,,,,,,,,,0
1,,331478,Port:10,0,0,0,Missing,,,,,,,,,0
1,,331494,Port:10,0,0,0,Missing,,,,,,,,,0
1,,331510,Port:10,0,0,0,Missing,,,,,,,,,0
1,,331526,Port:10,0,0,0,Missing,,,,,,,,,0
1,,331542,Port:10,0,0,0,Missing,,,,,,,,,0
1,,331558,Port:10,0,0,0,Missing,,,,,,,,,0
1,,331574,Port:10,0,0,0,Missing,,,,,,,,,0
1,,331590,Port:10,0,0,0,Missing,,,,,,,,,0
1,,331598,Port:10,0,0,0,Missing,,,,,,,,,0
1,,331638,Port:10,0,0,0,Missing,,,,,,,,,0
1,,331646,Port:10,0,0,0,Missing,,,,,,,,,0
1,,331662,Port:10,0,0,0,Missing,,,,,,,,,0
1,,331678,Port:10,0,0,0,Missing,,,,,,,,,0
1,,331694,Port:10,0,0,0,Missing,,,,,,,,,0
1,,331710,Port:10,0,0,0,Missing,,,,,,,,,0
1,,331718,Port:10,0,0,0,Missing,,,,,,,,,0
1,,331734,Port:10,0,0,0,Missing,,,,,,,,,0
1,,331758,Port:10,0,0,0,Missing,,,,,,,,,0
1,,331766,Port:10,0,0,0,Missing,,,,,,,,,0
1,,331782,Port:10,0,0,0,Missing,,,,,,,,,0
1,,331798,Port:10,0,0,0,Missing,,,,,,,,,0
1,,331814,Port:10,0,0,0,Missing,,,,,,,,,0
1,,331830,Port:10,0,0,0,Missing,,,,,,,,,0
1,,331838,Port:10,0,0,0,Missing,,,,,,,,,0
1,,331862,Port:10,0,0,0,Missing,,,,,,,,,0
1,,331894,Port:10,0,0,0,Missing,,,,,,,,,0
1,,331902,Port:10,0,0,0,Missing,,,,,,,,,0
1,,331918,Port:10,0,0,0,Missing,,,,,,,,,0
1,,331934,Port:10,0,0,0,Missing,,,,,,,,,0
1,,331942,Port:10,0,0,0,Missing,,,,,,,,,0
1,,331966,Port:10,0,0,0,Missing,,,,,,,,,0
1,,331982,Port:10,0,0,0,Missing,,,,,,,,,0
1,,331990,Port:10,0,0,0,Missing,,,,,,,,,0
1,,332006,Port:10,0,0,0,Missing,,,,,,,,,0
1,,332022,Port:10,0,0,0,Missing,,,,,,,,,0
1,,332038,Port:10,0,0,0,Missing,,,,,,,,,0
1,,332054,Port:10,0,0,0,Missing,,,,,,,,,0
1,,332062,Port:10,0,0,0,Missing,,,,,,,,,0
1,,332086,Port:10,0,0,0,Missing,,,,,,,,,0
1,,332102,Port:10,0,0,0,Missing,,,,,,,,,0
1,,332110,Port:10,0,0,0,Missing,,,,,,,,,0
1,,332142,Port:10,0,0,0,Missing,,,,,,,,,0
1,,332158,Port:10,0,0,0,Missing,,,,,,,,,0
1,,332174,Port:10,0,0,0,Missing,,,,,,,,,0
1,,332182,Port:10,0,0,0,Missing,,,,,,,,,0
1,,332206,Port:10,0,0,0,Missing,,,,,,,,,0
1,,332222,Port:10,0,0,0,Missing,,,,,,,,,0
1,,332230,Port:10,0,0,0,Missing,,,,,,,,,0
1,,332246,Port:10,0,0,0,Missing,,,,,,,,,0
1,,332262,Port:10,0,0,0,Missing,,,,,,,,,0
1,,332278,Port:10,0,0,0,Missing,,,,,,,,,0
1,,332294,Port:10,0,0,0,Missing,,,,,,,,,0
1,,332302,Port:10,0,0,0,Missing,,,,,,,,,0
1,,332326,Port:10,0,0,0,Missing,,,,,,,,,0
1,,332342,Port:10,0,0,0,Missing,,,,,,,,,0
1,,332350,Port:10,0,0,0,Missing,,,,,,,,,0
1,,332382,Port:10,0,0,0,Missing,,,,,,,,,0
1,,332398,Port:10,0,0,0,Missing,,,,,,,,,0
1,,332414,Port:10,0,0,0,Missing,,,,,,,,,0
1,,332430,Port:10,0,0,0,Missing,,,,,,,,,0
1,,332446,Port:10,0,0,0,Missing,,,,,,,,,0
1,,332462,Port:10,0,0,0,Missing,,,,,,,,,0
1,,332470,Port:10,0,0,0,Missing,,,,,,,,,0
1,,332486,Port:10,0,0,0,Missing,,,,,,,,,0
1,,332502,Port:10,0,0,0,Missing,,,,,,,,,0
1,,332518,Port:10,0,0,0,Missing,,,,,,,,,0
1,,332534,Port:10,0,0,0,Missing,,,,,,,,,0
1,,332542,Port:10,0,0,0,Missing,,,,,,,,,0
1,,332566,Port:10,0,0,0,Missing,,,,,,,,,0
1,,332582,Port:10,0,0,0,Missing,,,,,,,,,0
1,,332590,Port:10,0,0,0,Missing,,,,,,,,,0
1,,332622,Port:10,0,0,0,Missing,,,,,,,,,0
1,,332638,Port:10,0,0,0,Missing,,,,,,,,,0
1,,332654,Port:10,0,0,0,Missing,,,,,,,,,0
1,,332662,Port:10,0,0,0,Missing,,,,,,,,,0
1,,332686,Port:10,0,0,0,Missing,,,,,,,,,0
1,,332702,Port:10,0,0,0,Missing,,,,,,,,,0
1,,332710,Port:10,0,0,0,Missing,,,,,,,,,0
1,,332726,Port:10,0,0,0,Missing,,,,,,,,,0
1,,332742,Port:10,0,0,0,Missing,,,,,,,,,0
1,,332758,Port:10,0,0,0,Missing,,,,,,,,,0
1,,332774,Port:10,0,0,0,Missing,,,,,,,,,0
1,,332782,Port:10,0,0,0,Missing,,,,,,,,,0
1,,332806,Port:10,0,0,0,Missing,,,,,,,,,0
1,,332822,Port:10,0,0,0,Missing,,,,,,,,,0
1,,332830,Port:10,0,0,0,Missing,,,,,,,,,0
1,,332862,Port:10,0,0,0,Missing,,,,,,,,,0
1,,332878,Port:10,0,0,0,Missing,,,,,,,,,0
1,,332894,Port:10,0,0,0,Missing,,,,,,,,,0
1,,332910,Port:10,0,0,0,Missing,,,,,,,,,0
1,,332926,Port:10,0,0,0,Missing,,,,,,,,,0
1,,332942,Port:10,0,0,0,Missing,,,,,,,,,0
1,,332950,Port:10,0,0,0,Missing,,,,,,,,,0
1,,332966,Port:10,0,0,0,Missing,,,,,,,,,0
1,,332982,Port:10,0,0,0,Missing,,,,,,,,,0
1,,332998,Port:10,0,0,0,Missing,,,,,,,,,0
1,,333014,Port:10,0,0,0,Missing,,,,,,,,,0
1,,333030,Port:10,0,0,0,Missing,,,,,,,,,0
1,,333046,Port:10,0,0,0,Missing,,,,,,,,,0
1,,333062,Port:10,0,0,0,Missing,,,,,,,,,0
1,,333086,Port:10,0,0,0,Missing,,,,,,,,,0
1,,333102,Port:10,0,0,0,Missing,,,,,,,,,0
1,,333118,Port:10,0,0,0,Missing,,,,,,,,,0
1,,333134,Port:10,0,0,0,Missing,,,,,,,,,0
1,,333150,Port:10,0,0,0,Missing,,,,,,,,,0
1,,333166,Port:10,0,0,0,Missing,,,,,,,,,0
1,,333182,Port:10,0,0,0,Missing,,,,,,,,,0
1,,333190,Port:10,0,0,0,Missing,,,,,,,,,0
1,,333206,Port:10,0,0,0,Missing,,,,,,,,,0
1,,333222,Port:10,0,0,0,Missing,,,,,,,,,0
1,,333238,Port:10,0,0,0,Missing,,,,,,,,,0
1,,333254,Port:10,0,0,0,Missing,,,,,,,,,0
1,,333270,Port:10,0,0,0,Missing,,,,,,,,,0
1,,333286,Port:10,0,0,0,Missing,,,,,,,,,0
1,,333302,Port:10,0,0,0,Missing,,,,,,,,,0
1,,333310,Port:10,0,0,0,Missing,,,,,,,,,0
1,,333342,Port:10,0,0,0,Missing,,,,,,,,,0
1,,333358,Port:10,0,0,0,Missing,,,,,,,,,0
1,,333374,Port:10,0,0,0,Missing,,,,,,,,,0
1,,333390,Port:10,0,0,0,Missing,,,,,,,,,0
1,,333406,Port:10,0,0,0,Missing,,,,,,,,,0
1,,333422,Port:10,0,0,0,Missing,,,,,,,,,0
1,,333438,Port:10,0,0,0,Missing,,,,,,,,,0
1,,333446,Port:10,0,0,0,Missing,,,,,,,,,0
1,,333462,Port:10,0,0,0,Missing,,,,,,,,,0
1,,333478,Port:10,0,0,0,Missing,,,,,,,,,0
1,,333494,Port:10,0,0,0,Missing,,,,,,,,,0
1,,333510,Port:10,0,0,0,Missing,,,,,,,,,0
1,,333526,Port:10,0,0,0,Missing,,,,,,,,,0
1,,333542,Port:10,0,0,0,Missing,,,,,,,,,0
1,,333566,Port:10,0,0,0,Missing,,,,,,,,,0
1,,333582,Port:10,0,0,0,Missing,,,,,,,,,0
1,,333598,Port:10,0,0,0,Missing,,,,,,,,,0
1,,333614,Port:10,0,0,0,Missing,,,,,,,,,0
1,,333630,Port:10,0,0,0,Missing,,,,,,,,,0
1,,333646,Port:10,0,0,0,Missing,,,,,,,,,0
1,,333662,Port:10,0,0,0,Missing,,,,,,,,,0
1,,333670,Port:10,0,0,0,Missing,,,,,,,,,0
1,,333686,Port:10,0,0,0,Missing,,,,,,,,,0
1,,333702,Port:10,0,0,0,Missing,,,,,,,,,0
1,,333718,Port:10,0,0,0,Missing,,,,,,,,,0
1,,333734,Port:10,0,0,0,Missing,,,,,,,,,0
1,,333750,Port:10,0,0,0,Missing,,,,,,,,,0
1,,333766,Port:10,0,0,0,Missing,,,,,,,,,0
1,,333782,Port:10,0,0,0,Missing,,,,,,,,,0
1,,333806,Port:10,0,0,0,Missing,,,,,,,,,0
1,,333822,Port:10,0,0,0,Missing,,,,,,,,,0
1,,333838,Port:10,0,0,0,Missing,,,,,,,,,0
1,,333854,Port:10,0,0,0,Missing,,,,,,,,,0
1,,333870,Port:10,0,0,0,Missing,,,,,,,,,0
1,,333886,Port:10,0,0,0,Missing,,,,,,,,,0
1,,333902,Port:10,0,0,0,Missing,,,,,,,,,0
1,,333910,Port:10,0,0,0,Missing,,,,,,,,,0
1,,333926,Port:10,0,0,0,Missing,,,,,,,,,0
1,,333942,Port:10,0,0,0,Missing,,,,,,,,,0
1,,333958,Port:10,0,0,0,Missing,,,,,,,,,0
1,,333974,Port:10,0,0,0,Missing,,,,,,,,,0
1,,333990,Port:10,0,0,0,Missing,,,,,,,,,0
1,,334006,Port:10,0,0,0,Missing,,,,,,,,,0
1,,334022,Port:10,0,0,0,Missing,,,,,,,,,0
1,,334046,Port:10,0,0,0,Missing,,,,,,,,,0
1,,334062,Port:10,0,0,0,Missing,,,,,,,,,0
1,,334078,Port:10,0,0,0,Missing,,,,,,,,,0
1,,334094,Port:10,0,0,0,Missing,,,,,,,,,0
1,,334110,Port:10,0,0,0,Missing,,,,,,,,,0
1,,334126,Port:10,0,0,0,Missing,,,,,,,,,0
1,,334142,Port:10,0,0,0,Missing,,,,,,,,,0
1,,334150,Port:10,0,0,0,Missing,,,,,,,,,0
1,,334166,Port:10,0,0,0,Missing,,,,,,,,,0
1,,334182,Port:10,0,0,0,Missing,,,,,,,,,0
1,,334198,Port:10,0,0,0,Missing,,,,,,,,,0
1,,334214,Port:10,0,0,0,Missing,,,,,,,,,0
1,,334230,Port:10,0,0,0,Missing,,,,,,,,,0
1,,334246,Port:10,0,0,0,Missing,,,,,,,,,0
1,,334262,Port:10,0,0,0,Missing,,,,,,,,,0
1,,334286,Port:10,0,0,0,Missing,,,,,,,,,0
1,,334302,Port:10,0,0,0,Missing,,,,,,,,,0
1,,334318,Port:10,0,0,0,Missing,,,,,,,,,0
1,,334334,Port:10,0,0,0,Missing,,,,,,,,,0
1,,334350,Port:10,0,0,0,Missing,,,,,,,,,0
1,,334366,Port:10,0,0,0,Missing,,,,,,,,,0
1,,334382,Port:10,0,0,0,Missing,,,,,,,,,0
1,,334398,Port:10,0,0,0,Missing,,,,,,,,,0
1,,334406,Port:10,0,0,0,Missing,,,,,,,,,0
1,,334422,Port:10,0,0,0,Missing,,,,,,,,,0
1,,334438,Port:10,0,0,0,Missing,,,,,,,,,0
1,,334454,Port:10,0,0,0,Missing,,,,,,,,,0
1,,334470,Port:10,0,0,0,Missing,,,,,,,,,0
1,,334486,Port:10,0,0,0,Missing,,,,,,,,,0
1,,334502,Port:10,0,0,0,Missing,,,,,,,,,0
1,,334526,Port:10,0,0,0,Missing,,,,,,,,,0
1,,334542,Port:10,0,0,0,Missing,,,,,,,,,0
1,,334558,Port:10,0,0,0,Missing,,,,,,,,,0
1,,334574,Port:10,0,0,0,Missing,,,,,,,,,0
1,,334590,Port:10,0,0,0,Missing,,,,,,,,,0
1,,334606,Port:10,0,0,0,Missing,,,,,,,,,0
1,,334622,Port:10,0,0,0,Missing,,,,,,,,,0
1,,334638,Port:10,0,0,0,Missing,,,,,,,,,0
1,,334646,Port:10,0,0,0,Missing,,,,,,,,,0
1,,334662,Port:10,0,0,0,Missing,,,,,,,,,0
1,,334678,Port:10,0,0,0,Missing,,,,,,,,,0
1,,334694,Port:10,0,0,0,Missing,,,,,,,,,0
1,,334710,Port:10,0,0,0,Missing,,,,,,,,,0
1,,334726,Port:10,0,0,0,Missing,,,,,,,,,0
1,,334742,Port:10,0,0,0,Missing,,,,,,,,,0
1,,334766,Port:10,0,0,0,Missing,,,,,,,,,0
1,,334782,Port:10,0,0,0,Missing,,,,,,,,,0
1,,334798,Port:10,0,0,0,Missing,,,,,,,,,0
1,,334814,Port:10,0,0,0,Missing,,,,,,,,,0
1,,334830,Port:10,0,0,0,Missing,,,,,,,,,0
1,,334846,Port:10,0,0,0,Missing,,,,,,,,,0
1,,334862,Port:10,0,0,0,Missing,,,,,,,,,0
1,,334878,Port:10,0,0,0,Missing,,,,,,,,,0
1,,334886,Port:10,0,0,0,Missing,,,,,,,,,0
1,,334902,Port:10,0,0,0,Missing,,,,,,,,,0
1,,334918,Port:10,0,0,0,Missing,,,,,,,,,0
1,,334934,Port:10,0,0,0,Missing,,,,,,,,,0
1,,334950,Port:10,0,0,0,Missing,,,,,,,,,0
1,,334966,Port:10,0,0,0,Missing,,,,,,,,,0
1,,334982,Port:10,0,0,0,Missing,,,,,,,,,0
1,,335006,Port:10,0,0,0,Missing,,,,,,,,,0
1,,335022,Port:10,0,0,0,Missing,,,,,,,,,0
1,,335038,Port:10,0,0,0,Missing,,,,,,,,,0
1,,335054,Port:10,0,0,0,Missing,,,,,,,,,0
1,,335070,Port:10,0,0,0,Missing,,,,,,,,,0
1,,335086,Port:10,0,0,0,Missing,,,,,,,,,0
1,,335102,Port:10,0,0,0,Missing,,,,,,,,,0
1,,335118,Port:10,0,0,0,Missing,,,,,,,,,0
1,,335126,Port:10,0,0,0,Missing,,,,,,,,,0
1,,335142,Port:10,0,0,0,Missing,,,,,,,,,0
1,,335166,Port:10,0,0,0,Missing,,,,,,,,,0
1,,335174,Port:10,0,0,0,Missing,,,,,,,,,0
1,,335190,Port:10,0,0,0,Missing,,,,,,,,,0
1,,335206,Port:10,0,0,0,Missing,,,,,,,,,0
1,,335222,Port:10,0,0,0,Missing,,,,,,,,,0
1,,335246,Port:10,0,0,0,Missing,,,,,,,,,0
1,,335262,Port:10,0,0,0,Missing,,,,,,,,,0
1,,335286,Port:10,0,0,0,Missing,,,,,,,,,0
1,,335294,Port:10,0,0,0,Missing,,,,,,,,,0
1,,335310,Port:10,0,0,0,Missing,,,,,,,,,0
1,,335326,Port:10,0,0,0,Missing,,,,,,,,,0
1,,335342,Port:10,0,0,0,Missing,,,,,,,,,0
1,,335358,Port:10,0,0,0,Missing,,,,,,,,,0
1,,335366,Port:10,0,0,0,Missing,,,,,,,,,0
1,,335382,Port:10,0,0,0,Missing,,,,,,,,,0
1,,335406,Port:10,0,0,0,Missing,,,,,,,,,0
1,,335414,Port:10,0,0,0,Missing,,,,,,,,,0
1,,335430,Port:10,0,0,0,Missing,,,,,,,,,0
1,,335446,Port:10,0,0,0,Missing,,,,,,,,,0
1,,335462,Port:10,0,0,0,Missing,,,,,,,,,0
1,,335486,Port:10,0,0,0,Missing,,,,,,,,,0
1,,335502,Port:10,0,0,0,Missing,,,,,,,,,0
1,,335526,Port:10,0,0,0,Missing,,,,,,,,,0
1,,335534,Port:10,0,0,0,Missing,,,,,,,,,0
1,,335550,Port:10,0,0,0,Missing,,,,,,,,,0
1,,335566,Port:10,0,0,0,Missing,,,,,,,,,0
1,,335582,Port:10,0,0,0,Missing,,,,,,,,,0
1,,335598,Port:10,0,0,0,Missing,,,,,,,,,0
1,,335606,Port:10,0,0,0,Missing,,,,,,,,,0
1,,335622,Port:10,0,0,0,Missing,,,,,,,,,0
1,,335646,Port:10,0,0,0,Missing,,,,,,,,,0
1,,335654,Port:10,0,0,0,Missing,,,,,,,,,0
1,,335670,Port:10,0,0,0,Missing,,,,,,,,,0
1,,335686,Port:10,0,0,0,Missing,,,,,,,,,0
1,,335702,Port:10,0,0,0,Missing,,,,,,,,,0
1,,335726,Port:10,0,0,0,Missing,,,,,,,,,0
1,,335742,Port:10,0,0,0,Missing,,,,,,,,,0
1,,335766,Port:10,0,0,0,Missing,,,,,,,,,0
1,,335774,Port:10,0,0,0,Missing,,,,,,,,,0
1,,335790,Port:10,0,0,0,Missing,,,,,,,,,0
1,,335806,Port:10,0,0,0,Missing,,,,,,,,,0
1,,335822,Port:10,0,0,0,Missing,,,,,,,,,0
1,,335838,Port:10,0,0,0,Missing,,,,,,,,,0
1,,335846,Port:10,0,0,0,Missing,,,,,,,,,0
1,,335862,Port:10,0,0,0,Missing,,,,,,,,,0
1,,335886,Port:10,0,0,0,Missing,,,,,,,,,0
1,,335894,Port:10,0,0,0,Missing,,,,,,,,,0
1,,335910,Port:10,0,0,0,Missing,,,,,,,,,0
1,,335926,Port:10,0,0,0,Missing,,,,,,,,,0
1,,335942,Port:10,0,0,0,Missing,,,,,,,,,0
1,,335966,Port:10,0,0,0,Missing,,,,,,,,,0
1,,335982,Port:10,0,0,0,Missing,,,,,,,,,0
1,,336006,Port:10,0,0,0,Missing,,,,,,,,,0
1,,336014,Port:10,0,0,0,Missing,,,,,,,,,0
1,,336030,Port:10,0,0,0,Missing,,,,,,,,,0
1,,336046,Port:10,0,0,0,Missing,,,,,,,,,0
1,,336062,Port:10,0,0,0,Missing,,,,,,,,,0
1,,336078,Port:10,0,0,0,Missing,,,,,,,,,0
1,,336086,Port:10,0,0,0,Missing,,,,,,,,,0
1,,336102,Port:10,0,0,0,Missing,,,,,,,,,0
1,,336126,Port:10,0,0,0,Missing,,,,,,,,,0
1,,336134,Port:10,0,0,0,Missing,,,,,,,,,0
1,,336150,Port:10,0,0,0,Missing,,,,,,,,,0
1,,336166,Port:10,0,0,0,Missing,,,,,,,,,0
1,,336182,Port:10,0,0,0,Missing,,,,,,,,,0
1,,336206,Port:10,0,0,0,Missing,,,,,,,,,0
1,,336222,Port:10,0,0,0,Missing,,,,,,,,,0
1,,336246,Port:10,0,0,0,Missing,,,,,,,,,0
1,,336254,Port:10,0,0,0,Missing,,,,,,,,,0
1,,336270,Port:10,0,0,0,Missing,,,,,,,,,0
1,,336286,Port:10,0,0,0,Missing,,,,,,,,,0
1,,336302,Port:10,0,0,0,Missing,,,,,,,,,0
1,,336318,Port:10,0,0,0,Missing,,,,,,,,,0
1,,336326,Port:10,0,0,0,Missing,,,,,,,,,0
1,,336350,Port:10,0,0,0,Missing,,,,,,,,,0
1,,336366,Port:10,0,0,0,Missing,,,,,,,,,0
1,,336374,Port:10,0,0,0,Missing,,,,,,,,,0
1,,336390,Port:10,0,0,0,Missing,,,,,,,,,0
1,,336406,Port:10,0,0,0,Missing,,,,,,,,,0
1,,336438,Port:10,0,0,0,Missing,,,,,,,,,0
1,,336446,Port:10,0,0,0,Missing,,,,,,,,,0
1,,336470,Port:10,0,0,0,Missing,,,,,,,,,0
1,,336486,Port:10,0,0,0,Missing,,,,,,,,,0
1,,336494,Port:10,0,0,0,Missing,,,,,,,,,0
1,,336510,Port:10,0,0,0,Missing,,,,,,,,,0
1,,336526,Port:10,0,0,0,Missing,,,,,,,,,0
1,,336542,Port:10,0,0,0,Missing,,,,,,,,,0
1,,336558,Port:10,0,0,0,Missing,,,,,,,,,0
1,,336566,Port:10,0,0,0,Missing,,,,,,,,,0
1,,336590,Port:10,0,0,0,Missing,,,,,,,,,0
1,,336606,Port:10,0,0,0,Missing,,,,,,,,,0
1,,336614,Port:10,0,0,0,Missing,,,,,,,,,0
1,,336630,Port:10,0,0,0,Missing,,,,,,,,,0
1,,336646,Port:10,0,0,0,Missing,,,,,,,,,0
1,,336678,Port:10,0,0,0,Missing,,,,,,,,,0
1,,336686,Port:10,0,0,0,Missing,,,,,,,,,0
1,,336710,Port:10,0,0,0,Missing,,,,,,,,,0
1,,336726,Port:10,0,0,0,Missing,,,,,,,,,0
1,,336734,Port:10,0,0,0,Missing,,,,,,,,,0
1,,336750,Port:10,0,0,0,Missing,,,,,,,,,0
1,,336766,Port:10,0,0,0,Missing,,,,,,,,,0
1,,336782,Port:10,0,0,0,Missing,,,,,,,,,0
1,,336798,Port:10,0,0,0,Missing,,,,,,,,,0
1,,336806,Port:10,0,0,0,Missing,,,,,,,,,0
1,,336830,Port:10,0,0,0,Missing,,,,,,,,,0
1,,336846,Port:10,0,0,0,Missing,,,,,,,,,0
1,,336862,Port:10,0,0,0,Missing,,,,,,,,,0
1,,336870,Port:10,0,0,0,Missing,,,,,,,,,0
1,,336886,Port:10,0,0,0,Missing,,,,,,,,,0
1,,336918,Port:10,0,0,0,Missing,,,,,,,,,0
1,,336926,Port:10,0,0,0,Missing,,,,,,,,,0
1,,336950,Port:10,0,0,0,Missing,,,,,,,,,0
1,,336966,Port:10,0,0,0,Missing,,,,,,,,,0
1,,336974,Port:10,0,0,0,Missing,,,,,,,,,0
1,,336990,Port:10,0,0,0,Missing,,,,,,,,,0
1,,337006,Port:10,0,0,0,Missing,,,,,,,,,0
1,,337022,Port:10,0,0,0,Missing,,,,,,,,,0
1,,337038,Port:10,0,0,0,Missing,,,,,,,,,0
1,,337054,Port:10,0,0,0,Missing,,,,,,,,,0
1,,337070,Port:10,0,0,0,Missing,,,,,,,,,0
1,,337086,Port:10,0,0,0,Missing,,,,,,,,,0
1,,337094,Port:10,0,0,0,Missing,,,,,,,,,0
1,,337110,Port:10,0,0,0,Missing,,,,,,,,,0
1,,337126,Port:10,0,0,0,Missing,,,,,,,,,0
1,,337158,Port:10,0,0,0,Missing,,,,,,,,,0
1,,337166,Port:10,0,0,0,Missing,,,,,,,,,0
1,,337190,Port:10,0,0,0,Missing,,,,,,,,,0
1,,337206,Port:10,0,0,0,Missing,,,,,,,,,0
1,,337214,Port:10,0,0,0,Missing,,,,,,,,,0
1,,337230,Port:10,0,0,0,Missing,,,,,,,,,0
1,,337246,Port:10,0,0,0,Missing,,,,,,,,,0
1,,337262,Port:10,0,0,0,Missing,,,,,,,,,0
1,,337278,Port:10,0,0,0,Missing,,,,,,,,,0
1,,337294,Port:10,0,0,0,Missing,,,,,,,,,0
1,,337310,Port:10,0,0,0,Missing,,,,,,,,,0
1,,337326,Port:10,0,0,0,Missing,,,,,,,,,0
1,,337334,Port:10,0,0,0,Missing,,,,,,,,,0
1,,337350,Port:10,0,0,0,Missing,,,,,,,,,0
1,,337366,Port:10,0,0,0,Missing,,,,,,,,,0
1,,337398,Port:10,0,0,0,Missing,,,,,,,,,0
1,,337414,Port:10,0,0,0,Missing,,,,,,,,,0
1,,337430,Port:10,0,0,0,Missing,,,,,,,,,0
1,,337446,Port:10,0,0,0,Missing,,,,,,,,,0
1,,337454,Port:10,0,0,0,Missing,,,,,,,,,0
1,,337470,Port:10,0,0,0,Missing,,,,,,,,,0
1,,337486,Port:10,0,0,0,Missing,,,,,,,,,0
1,,337502,Port:10,0,0,0,Missing,,,,,,,,,0
1,,337518,Port:10,0,0,0,Missing,,,,,,,,,0
1,,337534,Port:10,0,0,0,Missing,,,,,,,,,0
1,,337550,Port:10,0,0,0,Missing,,,,,,,,,0
1,,337566,Port:10,0,0,0,Missing,,,,,,,,,0
1,,337582,Port:10,0,0,0,Missing,,,,,,,,,0
1,,337590,Port:10,0,0,0,Missing,,,,,,,,,0
1,,337606,Port:10,0,0,0,Missing,,,,,,,,,0
1,,337638,Port:10,0,0,0,Missing,,,,,,,,,0
1,,337654,Port:10,0,0,0,Missing,,,,,,,,,0
1,,337670,Port:10,0,0,0,Missing,,,,,,,,,0
1,,337686,Port:10,0,0,0,Missing,,,,,,,,,0
1,,337694,Port:10,0,0,0,Missing,,,,,,,,,0
1,,337710,Port:10,0,0,0,Missing,,,,,,,,,0
1,,337726,Port:10,0,0,0,Missing,,,,,,,,,0
1,,337742,Port:10,0,0,0,Missing,,,,,,,,,0
1,,337758,Port:10,0,0,0,Missing,,,,,,,,,0
1,,337774,Port:10,0,0,0,Missing,,,,,,,,,0
1,,337790,Port:10,0,0,0,Missing,,,,,,,,,0
1,,337806,Port:10,0,0,0,Missing,,,,,,,,,0
1,,337822,Port:10,0,0,0,Missing,,,,,,,,,0
1,,337830,Port:10,0,0,0,Missing,,,,,,,,,0
1,,337862,Port:10,0,0,0,Missing,,,,,,,,,0
1,,337878,Port:10,0,0,0,Missing,,,,,,,,,0
1,,337894,Port:10,0,0,0,Missing,,,,,,,,,0
1,,337910,Port:10,0,0,0,Missing,,,,,,,,,0
1,,337926,Port:10,0,0,0,Missing,,,,,,,,,0
1,,337934,Port:10,0,0,0,Missing,,,,,,,,,0
1,,337950,Port:10,0,0,0,Missing,,,,,,,,,0
1,,337966,Port:10,0,0,0,Missing,,,,,,,,,0
1,,337982,Port:10,0,0,0,Missing,,,,,,,,,0
1,,337998,Port:10,0,0,0,Missing,,,,,,,,,0
1,,338014,Port:10,0,0,0,Missing,,,,,,,,,0
1,,338030,Port:10,0,0,0,Missing,,,,,,,,,0
1,,338046,Port:10,0,0,0,Missing,,,,,,,,,0
1,,338062,Port:10,0,0,0,Missing,,,,,,,,,0
1,,338070,Port:10,0,0,0,Missing,,,,,,,,,0
1,,338086,Port:10,0,0,0,Missing,,,,,,,,,0
1,,338118,Port:10,0,0,0,Missing,,,,,,,,,0
1,,338134,Port:10,0,0,0,Missing,,,,,,,,,0
1,,338150,Port:10,0,0,0,Missing,,,,,,,,,0
1,,338166,Port:10,0,0,0,Missing,,,,,,,,,0
1,,338174,Port:10,0,0,0,Missing,,,,,,,,,0
1,,338190,Port:10,0,0,0,Missing,,,,,,,,,0
1,,338206,Port:10,0,0,0,Missing,,,,,,,,,0
1,,338222,Port:10,0,0,0,Missing,,,,,,,,,0
1,,338238,Port:10,0,0,0,Missing,,,,,,,,,0
1,,338254,Port:10,0,0,0,Missing,,,,,,,,,0
1,,338270,Port:10,0,0,0,Missing,,,,,,,,,0
1,,338286,Port:10,0,0,0,Missing,,,,,,,,,0
1,,338302,Port:10,0,0,0,Missing,,,,,,,,,0
1,,338310,Port:10,0,0,0,Missing,,,,,,,,,0
1,,338326,Port:10,0,0,0,Missing,,,,,,,,,0
1,,338358,Port:10,0,0,0,Missing,,,,,,,,,0
1,,338374,Port:10,0,0,0,Missing,,,,,,,,,0
1,,338390,Port:10,0,0,0,Missing,,,,,,,,,0
1,,338406,Port:10,0,0,0,Missing,,,,,,,,,0
1,,338414,Port:10,0,0,0,Missing,,,,,,,,,0
1,,338430,Port:10,0,0,0,Missing,,,,,,,,,0
1,,338446,Port:10,0,0,0,Missing,,,,,,,,,0
1,,338462,Port:10,0,0,0,Missing,,,,,,,,,0
1,,338478,Port:10,0,0,0,Missing,,,,,,,,,0
1,,338494,Port:10,0,0,0,Missing,,,,,,,,,0
1,,338510,Port:10,0,0,0,Missing,,,,,,,,,0
1,,338526,Port:10,0,0,0,Missing,,,,,,,,,0
1,,338542,Port:10,0,0,0,Missing,,,,,,,,,0
1,,338550,Port:10,0,0,0,Missing,,,,,,,,,0
1,,338566,Port:10,0,0,0,Missing,,,,,,,,,0
1,,338598,Port:10,0,0,0,Missing,,,,,,,,,0
1,,338614,Port:10,0,0,0,Missing,,,,,,,,,0
1,,338630,Port:10,0,0,0,Missing,,,,,,,,,0
1,,338646,Port:10,0,0,0,Missing,,,,,,,,,0
1,,338654,Port:10,0,0,0,Missing,,,,,,,,,0
1,,338670,Port:10,0,0,0,Missing,,,,,,,,,0
1,,338686,Port:10,0,0,0,Missing,,,,,,,,,0
1,,338702,Port:10,0,0,0,Missing,,,,,,,,,0
1,,338718,Port:10,0,0,0,Missing,,,,,,,,,0
1,,338734,Port:10,0,0,0,Missing,,,,,,,,,0
1,,338750,Port:10,0,0,0,Missing,,,,,,,,,0
1,,338766,Port:10,0,0,0,Missing,,,,,,,,,0
1,,338782,Port:10,0,0,0,Missing,,,,,,,,,0
1,,338790,Port:10,0,0,0,Missing,,,,,,,,,0
1,,338806,Port:10,0,0,0,Missing,,,,,,,,,0
1,,338838,Port:10,0,0,0,Missing,,,,,,,,,0
1,,338854,Port:10,0,0,0,Missing,,,,,,,,,0
1,,338870,Port:10,0,0,0,Missing,,,,,,,,,0
1,,338886,Port:10,0,0,0,Missing,,,,,,,,,0
1,,338894,Port:10,0,0,0,Missing,,,,,,,,,0
1,,338910,Port:10,0,0,0,Missing,,,,,,,,,0
1,,338926,Port:10,0,0,0,Missing,,,,,,,,,0
1,,338942,Port:10,0,0,0,Missing,,,,,,,,,0
1,,338958,Port:10,0,0,0,Missing,,,,,,,,,0
1,,338974,Port:10,0,0,0,Missing,,,,,,,,,0
1,,338990,Port:10,0,0,0,Missing,,,,,,,,,0
1,,339006,Port:10,0,0,0,Missing,,,,,,,,,0
1,,339014,Port:10,0,0,0,Missing,,,,,,,,,0
1,,339030,Port:10,0,0,0,Missing,,,,,,,,,0
1,,339062,Port:10,0,0,0,Missing,,,,,,,,,0
1,,339078,Port:10,0,0,0,Missing,,,,,,,,,0
1,,339094,Port:10,0,0,0,Missing,,,,,,,,,0
1,,339110,Port:10,0,0,0,Missing,,,,,,,,,0
1,,339126,Port:10,0,0,0,Missing,,,,,,,,,0
1,,339134,Port:10,0,0,0,Missing,,,,,,,,,0
1,,339150,Port:10,0,0,0,Missing,,,,,,,,,0
1,,339166,Port:10,0,0,0,Missing,,,,,,,,,0
1,,339182,Port:10,0,0,0,Missing,,,,,,,,,0
1,,339198,Port:10,0,0,0,Missing,,,,,,,,,0
1,,339214,Port:10,0,0,0,Missing,,,,,,,,,0
1,,339230,Port:10,0,0,0,Missing,,,,,,,,,0
1,,339246,Port:10,0,0,0,Missing,,,,,,,,,0
1,,339262,Port:10,0,0,0,Missing,,,,,,,,,0
1,,339270,Port:10,0,0,0,Missing,,,,,,,,,0
1,,339302,Port:10,0,0,0,Missing,,,,,,,,,0
1,,339318,Port:10,0,0,0,Missing,,,,,,,,,0
1,,339334,Port:10,0,0,0,Missing,,,,,,,,,0
1,,339350,Port:10,0,0,0,Missing,,,,,,,,,0
1,,339366,Port:10,0,0,0,Missing,,,,,,,,,0
1,,339374,Port:10,0,0,0,Missing,,,,,,,,,0
1,,339390,Port:10,0,0,0,Missing,,,,,,,,,0
1,,339406,Port:10,0,0,0,Missing,,,,,,,,,0
1,,339422,Port:10,0,0,0,Missing,,,,,,,,,0
1,,339438,Port:10,0,0,0,Missing,,,,,,,,,0
1,,339454,Port:10,0,0,0,Missing,,,,,,,,,0
1,,339470,Port:10,0,0,0,Missing,,,,,,,,,0
1,,339486,Port:10,0,0,0,Missing,,,,,,,,,0
1,,339502,Port:10,0,0,0,Missing,,,,,,,,,0
1,,339510,Port:10,0,0,0,Missing,,,,,,,,,0
1,,339542,Port:10,0,0,0,Missing,,,,,,,,,0
1,,339558,Port:10,0,0,0,Missing,,,,,,,,,0
1,,339574,Port:10,0,0,0,Missing,,,,,,,,,0
1,,339590,Port:10,0,0,0,Missing,,,,,,,,,0
1,,339606,Port:10,0,0,0,Missing,,,,,,,,,0
1,,339622,Port:10,0,0,0,Missing,,,,,,,,,0
1,,339630,Port:10,0,0,0,Missing,,,,,,,,,0
1,,339646,Port:10,0,0,0,Missing,,,,,,,,,0
1,,339670,Port:10,0,0,0,Missing,,,,,,,,,0
1,,339678,Port:10,0,0,0,Missing,,,,,,,,,0
1,,339694,Port:10,0,0,0,Missing,,,,,,,,,0
1,,339710,Port:10,0,0,0,Missing,,,,,,,,,0
1,,339726,Port:10,0,0,0,Missing,,,,,,,,,0
1,,339742,Port:10,0,0,0,Missing,,,,,,,,,0
1,,339750,Port:10,0,0,0,Missing,,,,,,,,,0
1,,339790,Port:10,0,0,0,Missing,,,,,,,,,0
1,,339798,Port:10,0,0,0,Missing,,,,,,,,,0
1,,339814,Port:10,0,0,0,Missing,,,,,,,,,0
1,,339830,Port:10,0,0,0,Missing,,,,,,,,,0
1,,339846,Port:10,0,0,0,Missing,,,,,,,,,0
1,,339862,Port:10,0,0,0,Missing,,,,,,,,,0
1,,339870,Port:10,0,0,0,Missing,,,,,,,,,0
1,,339886,Port:10,0,0,0,Missing,,,,,,,,,0
1,,339910,Port:10,0,0,0,Missing,,,,,,,,,0
1,,339918,Port:10,0,0,0,Missing,,,,,,,,,0
1,,339934,Port:10,0,0,0,Missing,,,,,,,,,0
1,,339950,Port:10,0,0,0,Missing,,,,,,,,,0
1,,339966,Port:10,0,0,0,Missing,,,,,,,,,0
1,,339982,Port:10,0,0,0,Missing,,,,,,,,,0
1,,339990,Port:10,0,0,0,Missing,,,,,,,,,0
1,,340030,Port:10,0,0,0,Missing,,,,,,,,,0
1,,340038,Port:10,0,0,0,Missing,,,,,,,,,0
1,,340054,Port:10,0,0,0,Missing,,,,,,,,,0
1,,340070,Port:10,0,0,0,Missing,,,,,,,,,0
1,,340086,Port:10,0,0,0,Missing,,,,,,,,,0
1,,340094,Port:10,0,0,0,Missing,,,,,,,,,0
1,,340110,Port:10,0,0,0,Missing,,,,,,,,,0
1,,340126,Port:10,0,0,0,Missing,,,,,,,,,0
1,,340150,Port:10,0,0,0,Missing,,,,,,,,,0
1,,340158,Port:10,0,0,0,Missing,,,,,,,,,0
1,,340174,Port:10,0,0,0,Missing,,,,,,,,,0
1,,340190,Port:10,0,0,0,Missing,,,,,,,,,0
1,,340206,Port:10,0,0,0,Missing,,,,,,,,,0
1,,340222,Port:10,0,0,0,Missing,,,,,,,,,0
1,,340230,Port:10,0,0,0,Missing,,,,,,,,,0
1,,340270,Port:10,0,0,0,Missing,,,,,,,,,0
1,,340278,Port:10,0,0,0,Missing,,,,,,,,,0
1,,340294,Port:10,0,0,0,Missing,,,,,,,,,0
1,,340310,Port:10,0,0,0,Missing,,,,,,,,,0
1,,340326,Port:10,0,0,0,Missing,,,,,,,,,0
1,,340334,Port:10,0,0,0,Missing,,,,,,,,,0
1,,340350,Port:10,0,0,0,Missing,,,,,,,,,0
1,,340366,Port:10,0,0,0,Missing,,,,,,,,,0
1,,340390,Port:10,0,0,0,Missing,,,,,,,,,0
1,,340398,Port:10,0,0,0,Missing,,,,,,,,,0
1,,340414,Port:10,0,0,0,Missing,,,,,,,,,0
1,,340430,Port:10,0,0,0,Missing,,,,,,,,,0
1,,340446,Port:10,0,0,0,Missing,,,,,,,,,0
1,,340462,Port:10,0,0,0,Missing,,,,,,,,,0
1,,340470,Port:10,0,0,0,Missing,,,,,,,,,0
1,,340510,Port:10,0,0,0,Missing,,,,,,,,,0
1,,340518,Port:10,0,0,0,Missing,,,,,,,,,0
1,,340534,Port:10,0,0,0,Missing,,,,,,,,,0
1,,340550,Port:10,0,0,0,Missing,,,,,,,,,0
1,,340566,Port:10,0,0,0,Missing,,,,,,,,,0
1,,340582,Port:10,0,0,0,Missing,,,,,,,,,0
1,,340590,Port:10,0,0,0,Missing,,,,,,,,,0
1,,340606,Port:10,0,0,0,Missing,,,,,,,,,0
1,,340630,Port:10,0,0,0,Missing,,,,,,,,,0
1,,340638,Port:10,0,0,0,Missing,,,,,,,,,0
1,,340654,Port:10,0,0,0,Missing,,,,,,,,,0
1,,340670,Port:10,0,0,0,Missing,,,,,,,,,0
1,,340686,Port:10,0,0,0,Missing,,,,,,,,,0
1,,340702,Port:10,0,0,0,Missing,,,,,,,,,0
1,,340710,Port:10,0,0,0,Missing,,,,,,,,,0
1,,340734,Port:10,0,0,0,Missing,,,,,,,,,0
1,,340750,Port:10,0,0,0,Missing,,,,,,,,,0
1,,340758,Port:10,0,0,0,Missing,,,,,,,,,0
1,,340790,Port:10,0,0,0,Missing,,,,,,,,,0
1,,340806,Port:10,0,0,0,Missing,,,,,,,,,0
1,,340822,Port:10,0,0,0,Missing,,,,,,,,,0
1,,340830,Port:10,0,0,0,Missing,,,,,,,,,0
1,,340854,Port:10,0,0,0,Missing,,,,,,,,,0
1,,340870,Port:10,0,0,0,Missing,,,,,,,,,0
1,,340878,Port:10,0,0,0,Missing,,,,,,,,,0
1,,340894,Port:10,0,0,0,Missing,,,,,,,,,0
1,,340910,Port:10,0,0,0,Missing,,,,,,,,,0
1,,340926,Port:10,0,0,0,Missing,,,,,,,,,0
1,,340942,Port:10,0,0,0,Missing,,,,,,,,,0
1,,340950,Port:10,0,0,0,Missing,,,,,,,,,0
1,,340974,Port:10,0,0,0,Missing,,,,,,,,,0
1,,340990,Port:10,0,0,0,Missing,,,,,,,,,0
1,,340998,Port:10,0,0,0,Missing,,,,,,,,,0
1,,341030,Port:10,0,0,0,Missing,,,,,,,,,0
1,,341046,Port:10,0,0,0,Missing,,,,,,,,,0
1,,341062,Port:10,0,0,0,Missing,,,,,,,,,0
1,,341094,Port:10,0,0,0,Missing,,,,,,,,,0
1,,341110,Port:10,0,0,0,Missing,,,,,,,,,0
1,,341118,Port:10,0,0,0,Missing,,,,,,,,,0
1,,341134,Port:10,0,0,0,Missing,,,,,,,,,0
1,,341150,Port:10,0,0,0,Missing,,,,,,,,,0
1,,341166,Port:10,0,0,0,Missing,,,,,,,,,0
1,,341182,Port:10,0,0,0,Missing,,,,,,,,,0
1,,341214,Port:10,0,0,0,Missing,,,,,,,,,0
1,,341230,Port:10,0,0,0,Missing,,,,,,,,,0
1,,341238,Port:10,0,0,0,Missing,,,,,,,,,0
1,,341254,Port:10,0,0,0,Missing,,,,,,,,,0
1,,341270,Port:10,0,0,0,Missing,,,,,,,,,0
1,,341286,Port:10,0,0,0,Missing,,,,,,,,,0
1,,341302,Port:10,0,0,0,Missing,,,,,,,,,0
1,,341310,Port:10,0,0,0,Missing,,,,,,,,,0
1,,341334,Port:10,0,0,0,Missing,,,,,,,,,0
1,,341350,Port:10,0,0,0,Missing,,,,,,,,,0
1,,341358,Port:10,0,0,0,Missing,,,,,,,,,0
1,,341374,Port:10,0,0,0,Missing,,,,,,,,,0
1,,341390,Port:10,0,0,0,Missing,,,,,,,,,0
1,,341406,Port:10,0,0,0,Missing,,,,,,,,,0
1,,341422,Port:10,0,0,0,Missing,,,,,,,,,0
1,,341454,Port:10,0,0,0,Missing,,,,,,,,,0
1,,341470,Port:10,0,0,0,Missing,,,,,,,,,0
1,,341478,Port:10,0,0,0,Missing,,,,,,,,,0
1,,341494,Port:10,0,0,0,Missing,,,,,,,,,0
1,,341510,Port:10,0,0,0,Missing,,,,,,,,,0
1,,341526,Port:10,0,0,0,Missing,,,,,,,,,0
1,,341542,Port:10,0,0,0,Missing,,,,,,,,,0
1,,341550,Port:10,0,0,0,Missing,,,,,,,,,0
1,,341574,Port:10,0,0,0,Missing,,,,,,,,,0
1,,341590,Port:10,0,0,0,Missing,,,,,,,,,0
1,,341598,Port:10,0,0,0,Missing,,,,,,,,,0
1,,341614,Port:10,0,0,0,Missing,,,,,,,,,0
1,,341630,Port:10,0,0,0,Missing,,,,,,,,,0
1,,341646,Port:10,0,0,0,Missing,,,,,,,,,0
1,,341662,Port:10,0,0,0,Missing,,,,,,,,,0
1,,341694,Port:10,0,0,0,Missing,,,,,,,,,0
1,,341710,Port:10,0,0,0,Missing,,,,,,,,,0
1,,341718,Port:10,0,0,0,Missing,,,,,,,,,0
1,,341734,Port:10,0,0,0,Missing,,,,,,,,,0
1,,341750,Port:10,0,0,0,Missing,,,,,,,,,0
1,,341766,Port:10,0,0,0,Missing,,,,,,,,,0
1,,341782,Port:10,0,0,0,Missing,,,,,,,,,0
1,,341790,Port:10,0,0,0,Missing,,,,,,,,,0
1,,341814,Port:10,0,0,0,Missing,,,,,,,,,0
1,,341830,Port:10,0,0,0,Missing,,,,,,,,,0
1,,341838,Port:10,0,0,0,Missing,,,,,,,,,0
1,,341854,Port:10,0,0,0,Missing,,,,,,,,,0
1,,341870,Port:10,0,0,0,Missing,,,,,,,,,0
1,,341886,Port:10,0,0,0,Missing,,,,,,,,,0
1,,341902,Port:10,0,0,0,Missing,,,,,,,,,0
1,,341918,Port:10,0,0,0,Missing,,,,,,,,,0
1,,341934,Port:10,0,0,0,Missing,,,,,,,,,0
1,,341950,Port:10,0,0,0,Missing,,,,,,,,,0
1,,341974,Port:10,0,0,0,Missing,,,,,,,,,0
1,,341990,Port:10,0,0,0,Missing,,,,,,,,,0
1,,342006,Port:10,0,0,0,Missing,,,,,,,,,0
1,,342022,Port:10,0,0,0,Missing,,,,,,,,,0
1,,342038,Port:10,0,0,0,Missing,,,,,,,,,0
1,,342054,Port:10,0,0,0,Missing,,,,,,,,,0
1,,342070,Port:10,0,0,0,Missing,,,,,,,,,0
1,,342078,Port:10,0,0,0,Missing,,,,,,,,,0
1,,342094,Port:10,0,0,0,Missing,,,,,,,,,0
1,,342110,Port:10,0,0,0,Missing,,,,,,,,,0
1,,342126,Port:10,0,0,0,Missing,,,,,,,,,0
1,,342142,Port:10,0,0,0,Missing,,,,,,,,,0
1,,342158,Port:10,0,0,0,Missing,,,,,,,,,0
1,,342174,Port:10,0,0,0,Missing,,,,,,,,,0
1,,342190,Port:10,0,0,0,Missing,,,,,,,,,0
1,,342214,Port:10,0,0,0,Missing,,,,,,,,,0
1,,342230,Port:10,0,0,0,Missing,,,,,,,,,0
1,,342246,Port:10,0,0,0,Missing,,,,,,,,,0
1,,342262,Port:10,0,0,0,Missing,,,,,,,,,0
1,,342278,Port:10,0,0,0,Missing,,,,,,,,,0
1,,342294,Port:10,0,0,0,Missing,,,,,,,,,0
1,,342310,Port:10,0,0,0,Missing,,,,,,,,,0
1,,342318,Port:10,0,0,0,Missing,,,,,,,,,0
1,,342334,Port:10,0,0,0,Missing,,,,,,,,,0
1,,342350,Port:10,0,0,0,Missing,,,,,,,,,0
1,,342366,Port:10,0,0,0,Missing,,,,,,,,,0
1,,342382,Port:10,0,0,0,Missing,,,,,,,,,0
1,,342398,Port:10,0,0,0,Missing,,,,,,,,,0
1,,342414,Port:10,0,0,0,Missing,,,,,,,,,0
1,,342438,Port:10,0,0,0,Missing,,,,,,,,,0
1,,342454,Port:10,0,0,0,Missing,,,,,,,,,0
1,,342470,Port:10,0,0,0,Missing,,,,,,,,,0
1,,342486,Port:10,0,0,0,Missing,,,,,,,,,0
1,,342502,Port:10,0,0,0,Missing,,,,,,,,,0
1,,342518,Port:10,0,0,0,Missing,,,,,,,,,0
1,,342534,Port:10,0,0,0,Missing,,,,,,,,,0
1,,342550,Port:10,0,0,0,Missing,,,,,,,,,0
1,,342558,Port:10,0,0,0,Missing,,,,,,,,,0
1,,342574,Port:10,0,0,0,Missing,,,,,,,,,0
1,,342590,Port:10,0,0,0,Missing,,,,,,,,,0
1,,342606,Port:10,0,0,0,Missing,,,,,,,,,0
1,,342622,Port:10,0,0,0,Missing,,,,,,,,,0
1,,342638,Port:10,0,0,0,Missing,,,,,,,,,0
1,,342654,Port:10,0,0,0,Missing,,,,,,,,,0
1,,342670,Port:10,0,0,0,Missing,,,,,,,,,0
1,,342694,Port:10,0,0,0,Missing,,,,,,,,,0
1,,342710,Port:10,0,0,0,Missing,,,,,,,,,0
1,,342726,Port:10,0,0,0,Missing,,,,,,,,,0
1,,342742,Port:10,0,0,0,Missing,,,,,,,,,0
1,,342758,Port:10,0,0,0,Missing,,,,,,,,,0
1,,342774,Port:10,0,0,0,Missing,,,,,,,,,0
1,,342790,Port:10,0,0,0,Missing,,,,,,,,,0
1,,342798,Port:10,0,0,0,Missing,,,,,,,,,0
1,,342814,Port:10,0,0,0,Missing,,,,,,,,,0
1,,342830,Port:10,0,0,0,Missing,,,,,,,,,0
1,,342846,Port:10,0,0,0,Missing,,,,,,,,,0
1,,342862,Port:10,0,0,0,Missing,,,,,,,,,0
1,,342878,Port:10,0,0,0,Missing,,,,,,,,,0
1,,342894,Port:10,0,0,0,Missing,,,,,,,,,0
1,,342910,Port:10,0,0,0,Missing,,,,,,,,,0
1,,342934,Port:10,0,0,0,Missing,,,,,,,,,0
1,,342950,Port:10,0,0,0,Missing,,,,,,,,,0
1,,342966,Port:10,0,0,0,Missing,,,,,,,,,0
1,,342982,Port:10,0,0,0,Missing,,,,,,,,,0
1,,342998,Port:10,0,0,0,Missing,,,,,,,,,0
1,,343014,Port:10,0,0,0,Missing,,,,,,,,,0
1,,343022,Port:10,0,0,0,Missing,,,,,,,,,0
1,,343038,Port:10,0,0,0,Missing,,,,,,,,,0
1,,343054,Port:10,0,0,0,Missing,,,,,,,,,0
1,,343070,Port:10,0,0,0,Missing,,,,,,,,,0
1,,343086,Port:10,0,0,0,Missing,,,,,,,,,0
1,,343102,Port:10,0,0,0,Missing,,,,,,,,,0
1,,343118,Port:10,0,0,0,Missing,,,,,,,,,0
1,,343134,Port:10,0,0,0,Missing,,,,,,,,,0
1,,343150,Port:10,0,0,0,Missing,,,,,,,,,0
1,,343174,Port:10,0,0,0,Missing,,,,,,,,,0
1,,343190,Port:10,0,0,0,Missing,,,,,,,,,0
1,,343206,Port:10,0,0,0,Missing,,,,,,,,,0
1,,343222,Port:10,0,0,0,Missing,,,,,,,,,0
1,,343238,Port:10,0,0,0,Missing,,,,,,,,,0
1,,343254,Port:10,0,0,0,Missing,,,,,,,,,0
1,,343270,Port:10,0,0,0,Missing,,,,,,,,,0
1,,343278,Port:10,0,0,0,Missing,,,,,,,,,0
1,,343294,Port:10,0,0,0,Missing,,,,,,,,,0
1,,343310,Port:10,0,0,0,Missing,,,,,,,,,0
1,,343326,Port:10,0,0,0,Missing,,,,,,,,,0
1,,343342,Port:10,0,0,0,Missing,,,,,,,,,0
1,,343358,Port:10,0,0,0,Missing,,,,,,,,,0
1,,343374,Port:10,0,0,0,Missing,,,,,,,,,0
1,,343398,Port:10,0,0,0,Missing,,,,,,,,,0
1,,343414,Port:10,0,0,0,Missing,,,,,,,,,0
1,,343430,Port:10,0,0,0,Missing,,,,,,,,,0
1,,343446,Port:10,0,0,0,Missing,,,,,,,,,0
1,,343462,Port:10,0,0,0,Missing,,,,,,,,,0
1,,343478,Port:10,0,0,0,Missing,,,,,,,,,0
1,,343494,Port:10,0,0,0,Missing,,,,,,,,,0
1,,343510,Port:10,0,0,0,Missing,,,,,,,,,0
1,,343518,Port:10,0,0,0,Missing,,,,,,,,,0
1,,343534,Port:10,0,0,0,Missing,,,,,,,,,0
1,,343550,Port:10,0,0,0,Missing,,,,,,,,,0
1,,343566,Port:10,0,0,0,Missing,,,,,,,,,0
1,,343582,Port:10,0,0,0,Missing,,,,,,,,,0
1,,343598,Port:10,0,0,0,Missing,,,,,,,,,0
1,,343614,Port:10,0,0,0,Missing,,,,,,,,,0
1,,343638,Port:10,0,0,0,Missing,,,,,,,,,0
1,,343654,Port:10,0,0,0,Missing,,,,,,,,,0
1,,343670,Port:10,0,0,0,Missing,,,,,,,,,0
1,,343686,Port:10,0,0,0,Missing,,,,,,,,,0
1,,343702,Port:10,0,0,0,Missing,,,,,,,,,0
1,,343718,Port:10,0,0,0,Missing,,,,,,,,,0
1,,343734,Port:10,0,0,0,Missing,,,,,,,,,0
1,,343750,Port:10,0,0,0,Missing,,,,,,,,,0
1,,343758,Port:10,0,0,0,Missing,,,,,,,,,0
1,,343774,Port:10,0,0,0,Missing,,,,,,,,,0
1,,343790,Port:10,0,0,0,Missing,,,,,,,,,0
1,,343806,Port:10,0,0,0,Missing,,,,,,,,,0
1,,343822,Port:10,0,0,0,Missing,,,,,,,,,0
1,,343838,Port:10,0,0,0,Missing,,,,,,,,,0
1,,343854,Port:10,0,0,0,Missing,,,,,,,,,0
1,,343870,Port:10,0,0,0,Missing,,,,,,,,,0
1,,343894,Port:10,0,0,0,Missing,,,,,,,,,0
1,,343910,Port:10,0,0,0,Missing,,,,,,,,,0
1,,343926,Port:10,0,0,0,Missing,,,,,,,,,0
1,,343942,Port:10,0,0,0,Missing,,,,,,,,,0
1,,343958,Port:10,0,0,0,Missing,,,,,,,,,0
1,,343974,Port:10,0,0,0,Missing,,,,,,,,,0
1,,343982,Port:10,0,0,0,Missing,,,,,,,,,0
1,,343998,Port:10,0,0,0,Missing,,,,,,,,,0
1,,344014,Port:10,0,0,0,Missing,,,,,,,,,0
1,,344030,Port:10,0,0,0,Missing,,,,,,,,,0
1,,344046,Port:10,0,0,0,Missing,,,,,,,,,0
1,,344062,Port:10,0,0,0,Missing,,,,,,,,,0
1,,344078,Port:10,0,0,0,Missing,,,,,,,,,0
1,,344094,Port:10,0,0,0,Missing,,,,,,,,,0
1,,344110,Port:10,0,0,0,Missing,,,,,,,,,0
1,,344134,Port:10,0,0,0,Missing,,,,,,,,,0
1,,344150,Port:10,0,0,0,Missing,,,,,,,,,0
1,,344166,Port:10,0,0,0,Missing,,,,,,,,,0
1,,344182,Port:10,0,0,0,Missing,,,,,,,,,0
1,,344198,Port:10,0,0,0,Missing,,,,,,,,,0
1,,344214,Port:10,0,0,0,Missing,,,,,,,,,0
1,,344230,Port:10,0,0,0,Missing,,,,,,,,,0
1,,344238,Port:10,0,0,0,Missing,,,,,,,,,0
1,,344254,Port:10,0,0,0,Missing,,,,,,,,,0
1,,344270,Port:10,0,0,0,Missing,,,,,,,,,0
1,,344294,Port:10,0,0,0,Missing,,,,,,,,,0
1,,344302,Port:10,0,0,0,Missing,,,,,,,,,0
1,,344318,Port:10,0,0,0,Missing,,,,,,,,,0
1,,344334,Port:10,0,0,0,Missing,,,,,,,,,0
1,,344350,Port:10,0,0,0,Missing,,,,,,,,,0
1,,344374,Port:10,0,0,0,Missing,,,,,,,,,0
1,,344390,Port:10,0,0,0,Missing,,,,,,,,,0
1,,344406,Port:10,0,0,0,Missing,,,,,,,,,0
1,,344422,Port:10,0,0,0,Missing,,,,,,,,,0
1,,344438,Port:10,0,0,0,Missing,,,,,,,,,0
1,,344454,Port:10,0,0,0,Missing,,,,,,,,,0
1,,344470,Port:10,0,0,0,Missing,,,,,,,,,0
1,,344478,Port:10,0,0,0,Missing,,,,,,,,,0
1,,344494,Port:10,0,0,0,Missing,,,,,,,,,0
1,,344510,Port:10,0,0,0,Missing,,,,,,,,,0
1,,344526,Port:10,0,0,0,Missing,,,,,,,,,0
1,,344542,Port:10,0,0,0,Missing,,,,,,,,,0
1,,344558,Port:10,0,0,0,Missing,,,,,,,,,0
1,,344574,Port:10,0,0,0,Missing,,,,,,,,,0
1,,344598,Port:10,0,0,0,Missing,,,,,,,,,0
1,,344614,Port:10,0,0,0,Missing,,,,,,,,,0
1,,344630,Port:10,0,0,0,Missing,,,,,,,,,0
1,,344646,Port:10,0,0,0,Missing,,,,,,,,,0
1,,344662,Port:10,0,0,0,Missing,,,,,,,,,0
1,,344678,Port:10,0,0,0,Missing,,,,,,,,,0
1,,344694,Port:10,0,0,0,Missing,,,,,,,,,0
1,,344710,Port:10,0,0,0,Missing,,,,,,,,,0
1,,344726,Port:10,0,0,0,Missing,,,,,,,,,0
1,,344734,Port:10,0,0,0,Missing,,,,,,,,,0
1,,344750,Port:10,0,0,0,Missing,,,,,,,,,0
1,,344766,Port:10,0,0,0,Missing,,,,,,,,,0
1,,344782,Port:10,0,0,0,Missing,,,,,,,,,0
1,,344798,Port:10,0,0,0,Missing,,,,,,,,,0
1,,344814,Port:10,0,0,0,Missing,,,,,,,,,0
1,,344830,Port:10,0,0,0,Missing,,,,,,,,,0
1,,344854,Port:10,0,0,0,Missing,,,,,,,,,0
1,,344870,Port:10,0,0,0,Missing,,,,,,,,,0
1,,344894,Port:10,0,0,0,Missing,,,,,,,,,0
1,,344902,Port:10,0,0,0,Missing,,,,,,,,,0
1,,344918,Port:10,0,0,0,Missing,,,,,,,,,0
1,,344934,Port:10,0,0,0,Missing,,,,,,,,,0
1,,344950,Port:10,0,0,0,Missing,,,,,,,,,0
1,,344958,Port:10,0,0,0,Missing,,,,,,,,,0
1,,344974,Port:10,0,0,0,Missing,,,,,,,,,0
1,,344990,Port:10,0,0,0,Missing,,,,,,,,,0
1,,345014,Port:10,0,0,0,Missing,,,,,,,,,0
1,,345022,Port:10,0,0,0,Missing,,,,,,,,,0
1,,345038,Port:10,0,0,0,Missing,,,,,,,,,0
1,,345054,Port:10,0,0,0,Missing,,,,,,,,,0
1,,345070,Port:10,0,0,0,Missing,,,,,,,,,0
1,,345094,Port:10,0,0,0,Missing,,,,,,,,,0
1,,345110,Port:10,0,0,0,Missing,,,,,,,,,0
1,,345126,Port:10,0,0,0,Missing,,,,,,,,,0
1,,345142,Port:10,0,0,0,Missing,,,,,,,,,0
1,,345158,Port:10,0,0,0,Missing,,,,,,,,,0
1,,345174,Port:10,0,0,0,Missing,,,,,,,,,0
1,,345190,Port:10,0,0,0,Missing,,,,,,,,,0
1,,345198,Port:10,0,0,0,Missing,,,,,,,,,0
1,,345214,Port:10,0,0,0,Missing,,,,,,,,,0
1,,345230,Port:10,0,0,0,Missing,,,,,,,,,0
1,,345254,Port:10,0,0,0,Missing,,,,,,,,,0
1,,345262,Port:10,0,0,0,Missing,,,,,,,,,0
1,,345278,Port:10,0,0,0,Missing,,,,,,,,,0
1,,345302,Port:10,0,0,0,Missing,,,,,,,,,0
1,,345326,Port:10,0,0,0,Missing,,,,,,,,,0
1,,345334,Port:10,0,0,0,Missing,,,,,,,,,0
1,,345350,Port:10,0,0,0,Missing,,,,,,,,,0
1,,345366,Port:10,0,0,0,Missing,,,,,,,,,0
1,,345382,Port:10,0,0,0,Missing,,,,,,,,,0
1,,345398,Port:10,0,0,0,Missing,,,,,,,,,0
1,,345414,Port:10,0,0,0,Missing,,,,,,,,,0
1,,345422,Port:10,0,0,0,Missing,,,,,,,,,0
1,,345446,Port:10,0,0,0,Missing,,,,,,,,,0
1,,345454,Port:10,0,0,0,Missing,,,,,,,,,0
1,,345478,Port:10,0,0,0,Missing,,,,,,,,,0
1,,345486,Port:10,0,0,0,Missing,,,,,,,,,0
1,,345502,Port:10,0,0,0,Missing,,,,,,,,,0
1,,345518,Port:10,0,0,0,Missing,,,,,,,,,0
1,,345550,Port:10,0,0,0,Missing,,,,,,,,,0
1,,345566,Port:10,0,0,0,Missing,,,,,,,,,0
1,,345574,Port:10,0,0,0,Missing,,,,,,,,,0
1,,345590,Port:10,0,0,0,Missing,,,,,,,,,0
1,,345614,Port:10,0,0,0,Missing,,,,,,,,,0
1,,345622,Port:10,0,0,0,Missing,,,,,,,,,0
1,,345638,Port:10,0,0,0,Missing,,,,,,,,,0
1,,345654,Port:10,0,0,0,Missing,,,,,,,,,0
1,,345670,Port:10,0,0,0,Missing,,,,,,,,,0
1,,345686,Port:10,0,0,0,Missing,,,,,,,,,0
1,,345702,Port:10,0,0,0,Missing,,,,,,,,,0
1,,345710,Port:10,0,0,0,Missing,,,,,,,,,0
1,,345726,Port:10,0,0,0,Missing,,,,,,,,,0
1,,345742,Port:10,0,0,0,Missing,,,,,,,,,0
1,,345758,Port:10,0,0,0,Missing,,,,,,,,,0
1,,345774,Port:10,0,0,0,Missing,,,,,,,,,0
1,,345790,Port:10,0,0,0,Missing,,,,,,,,,0
1,,345822,Port:10,0,0,0,Missing,,,,,,,,,0
1,,345830,Port:10,0,0,0,Missing,,,,,,,,,0
