ToolCount,ToolInfo,Frame#,PortHandle,Face#,timespec_s,timespec_ns,TransformStatus,Q0,Qx,Qy,Qz,Tx,Ty,Tz,Error,#Markers
1,,244478,Port:10,0,0,0,Missing,,,,,,,,,0
1,,244486,Port:10,0,0,0,Missing,,,,,,,,,0
1,,244502,Port:10,0,0,0,Missing,,,,,,,,,0
1,,244518,Port:10,0,0,0,Missing,,,,,,,,,0
1,,244534,Port:10,0,0,0,Missing,,,,,,,,,0
1,,244550,Port:10,0,0,0,Missing,,,,,,,,,0
1,,244566,Port:10,0,0,0,Missing,,,,,,,,,0
1,,244582,Port:10,0,0,0,Missing,,,,,,,,,0
1,,244598,Port:10,0,0,0,Missing,,,,,,,,,0
1,,244614,Port:10,0,0,0,Missing,,,,,,,,,0
1,,244630,Port:10,0,0,0,Missing,,,,,,,,,0
1,,244638,Port:10,0,0,0,Missing,,,,,,,,,0
1,,244654,Port:10,0,0,0,Missing,,,,,,,,,0
1,,244670,Port:10,0,0,0,Missing,,,,,,,,,0
1,,244686,Port:10,0,0,0,Missing,,,,,,,,,0
1,,244702,Port:10,0,0,0,Missing,,,,,,,,,0
1,,244718,Port:10,0,0,0,Missing,,,,,,,,,0
1,,244734,Port:10,0,0,0,Missing,,,,,,,,,0
1,,244750,Port:10,0,0,0,Missing,,,,,,,,,0
1,,244758,Port:10,0,0,0,Missing,,,,,,,,,0
1,,244774,Port:10,0,0,0,Missing,,,,,,,,,0
1,,244790,Port:10,0,0,0,Missing,,,,,,,,,0
1,,244806,Port:10,0,0,0,Missing,,,,,,,,,0
1,,244822,Port:10,0,0,0,Missing,,,,,,,,,0
1,,244838,Port:10,0,0,0,Missing,,,,,,,,,0
1,,244854,Port:10,0,0,0,Missing,,,,,,,,,0
1,,244870,Port:10,0,0,0,Missing,,,,,,,,,0
1,,244886,Port:10,0,0,0,Missing,,,,,,,,,0
1,,244894,Port:10,0,0,0,Missing,,,,,,,,,0
1,,244926,Port:10,0,0,0,Missing,,,,,,,,,0
1,,244942,Port:10,0,0,0,Missing,,,,,,,,,0
1,,244958,Port:10,0,0,0,Missing,,,,,,,,,0
1,,244974,Port:10,0,0,0,Missing,,,,,,,,,0
1,,244990,Port:10,0,0,0,Missing,,,,,,,,,0
1,,244998,Port:10,0,0,0,Missing,,,,,,,,,0
1,,245014,Port:10,0,0,0,Missing,,,,,,,,,0
1,,245030,Port:10,0,0,0,Missing,,,,,,,,,0
1,,245046,Port:10,0,0,0,Missing,,,,,,,,,0
1,,245062,Port:10,0,0,0,Missing,,,,,,,,,0
1,,245078,Port:10,0,0,0,Missing,,,,,,,,,0
1,,245094,Port:10,0,0,0,Missing,,,,,,,,,0
1,,245110,Port:10,0,0,0,Missing,,,,,,,,,0
1,,245118,Port:10,0,0,0,Missing,,,,,,,,,0
1,,245134,Port:10,0,0,0,Missing,,,,,,,,,0
1,,245166,Port:10,0,0,0,Missing,,,,,,,,,0
1,,245182,Port:10,0,0,0,Missing,,,,,,,,,0
1,,245198,Port:10,0,0,0,Missing,,,,,,,,,0
1,,245214,Port:10,0,0,0,Missing,,,,,,,,,0
1,,245230,Port:10,0,0,0,Missing,,,,,,,,,0
1,,245238,Port:10,0,0,0,Missing,,,,,,,,,0
1,,245254,Port:10,0,0,0,Missing,,,,,,,,,0
1,,245270,Port:10,0,0,0,Missing,,,,,,,,,0
1,,245286,Port:10,0,0,0,Missing,,,,,,,,,0
1,,245302,Port:10,0,0,0,Missing,,,,,,,,,0
1,,245318,Port:10,0,0,0,Missing,,,,,,,,,0
1,,245334,Port:10,0,0,0,Missing,,,,,,,,,0
1,,245350,Port:10,0,0,0,Missing,,,,,,,,,0
1,,245358,Port:10,0,0,0,Missing,,,,,,,,,0
1,,245382,Port:10,0,0,0,Missing,,,,,,,,,0
1,,245398,Port:10,0,0,0,Missing,,,,,,,,,0
1,,245406,Port:10,0,0,0,Missing,,,,,,,,,0
1,,245438,Port:10,0,0,0,Missing,,,,,,,,,0
1,,245454,Port:10,0,0,0,Missing,,,,,,,,,0
1,,245470,Port:10,0,0,0,Missing,,,,,,,,,0
1,,245478,Port:10,0,0,0,Missing,,,,,,,,,0
1,,245502,Port:10,0,0,0,Missing,,,,,,,,,0
1,,245518,Port:10,0,0,0,Missing,,,,,,,,,0
1,,245526,Port:10,0,0,0,Missing,,,,,,,,,0
1,,245542,Port:10,0,0,0,Missing,,,,,,,,,0
1,,245558,Port:10,0,0,0,Missing,,,,,,,,,0
1,,245574,Port:10,0,0,0,Missing,,,,,,,,,0
1,,245590,Port:10,0,0,0,Missing,,,,,,,,,0
1,,245598,Port:10,0,0,0,Missing,,,,,,,,,0
1,,245622,Port:10,0,0,0,Missing,,,,,,,,,0
1,,245638,Port:10,0,0,0,Missing,,,,,,,,,0
1,,245646,Port:10,0,0,0,Missing,,,,,,,,,0
1,,245678,Port:10,0,0,0,Missing,,,,,,,,,0
1,,245694,Port:10,0,0,0,Missing,,,,,,,,,0
1,,245702,Port:10,0,0,0,Missing,,,,,,,,,0
1,,245718,Port:10,0,0,0,Missing,,,,,,,,,0
1,,245742,Port:10,0,0,0,Missing,,,,,,,,,0
1,,245758,Port:10,0,0,0,Missing,,,,,,,,,0
1,,245766,Port:10,0,0,0,Missing,,,,,,,,,0
1,,245782,Port:10,0,0,0,Missing,,,,,,,,,0
1,,245798,Port:10,0,0,0,Missing,,,,,,,,,0
1,,245814,Port:10,0,0,0,Missing,,,,,,,,,0
1,,245830,Port:10,0,0,0,Missing,,,,,,,,,0
1,,245838,Port:10,0,0,0,Missing,,,,,,,,,0
1,,245862,Port:10,0,0,0,Missing,,,,,,,,,0
1,,245878,Port:10,0,0,0,Missing,,,,,,,,,0
1,,245886,Port:10,0,0,0,Missing,,,,,,,,,0
1,,245918,Port:10,0,0,0,Missing,,,,,,,,,0
1,,245934,Port:10,0,0,0,Missing,,,,,,,,,0
1,,245950,Port:10,0,0,0,Missing,,,,,,,,,0
1,,245958,Port:10,0,0,0,Missing,,,,,,,,,0
1,,245982,Port:10,0,0,0,Missing,,,,,,,,,0
1,,245990,Port:10,0,0,0,Missing,,,,,,,,,0
1,,246006,Port:10,0,0,0,Missing,,,,,,,,,0
1,,246022,Port:10,0,0,0,Missing,,,,,,,,,0
1,,246038,Port:10,0,0,0,Missing,,,,,,,,,0
1,,246054,Port:10,0,0,0,Missing,,,,,,,,,0
1,,246070,Port:10,0,0,0,Missing,,,,,,,,,0
1,,246086,Port:10,0,0,0,Missing,,,,,,,,,0
1,,246094,Port:10,0,0,0,Missing,,,,,,,,,0
1,,246126,Port:10,0,0,0,Missing,,,,,,,,,0
1,,246142,Port:10,0,0,0,Missing,,,,,,,,,0
1,,246158,Port:10,0,0,0,Missing,,,,,,,,,0
1,,246174,Port:10,0,0,0,Missing,,,,,,,,,0
1,,246190,Port:10,0,0,0,Missing,,,,,,,,,0
1,,246206,Port:10,0,0,0,Missing,,,,,,,,,0
1,,246214,Port:10,0,0,0,Missing,,,,,,,,,0
1,,246230,Port:10,0,0,0,Missing,,,,,,,,,0
1,,246246,Port:10,0,0,0,Missing,,,,,,,,,0
1,,246262,Port:10,0,0,0,Missing,,,,,,,,,0
1,,246278,Port:10,0,0,0,Missing,,,,,,,,,0
1,,246294,Port:10,0,0,0,Missing,,,,,,,,,0
1,,246310,Port:10,0,0,0,Missing,,,,,,,,,0
1,,246326,Port:10,0,0,0,Missing,,,,,,,,,0
1,,246334,Port:10,0,0,0,Missing,,,,,,,,,0
1,,246366,Port:10,0,0,0,Missing,,,,,,,,,0
1,,246382,Port:10,0,0,0,Missing,,,,,,,,,0
1,,246398,Port:10,0,0,0,Missing,,,,,,,,,0
1,,246414,Port:10,0,0,0,Missing,,,,,,,,,0
1,,246430,Port:10,0,0,0,Missing,,,,,,,,,0
1,,246438,Port:10,0,0,0,Missing,,,,,,,,,0
1,,246462,Port:10,0,0,0,Missing,,,,,,,,,0
1,,246478,Port:10,0,0,0,Missing,,,,,,,,,0
1,,246486,Port:10,0,0,0,Missing,,,,,,,,,0
1,,246502,Port:10,0,0,0,Missing,,,,,,,,,0
1,,246518,Port:10,0,0,0,Missing,,,,,,,,,0
1,,246534,Port:10,0,0,0,Missing,,,,,,,,,0
1,,246550,Port:10,0,0,0,Missing,,,,,,,,,0
1,,246558,Port:10,0,0,0,Missing,,,,,,,,,0
1,,246582,Port:10,0,0,0,Missing,,,,,,,,,0
1,,246598,Port:10,0,0,0,Missing,,,,,,,,,0
1,,246606,Port:10,0,0,0,Missing,,,,,,,,,0
1,,246638,Port:10,0,0,0,Missing,,,,,,,,,0
1,,246654,Port:10,0,0,0,Missing,,,,,,,,,0
1,,246670,Port:10,0,0,0,Missing,,,,,,,,,0
1,,246678,Port:10,0,0,0,Missing,,,,,,,,,0
1,,246702,Port:10,0,0,0,Missing,,,,,,,,,0
1,,246718,Port:10,0,0,0,Missing,,,,,,,,,0
1,,246726,Port:10,0,0,0,Missing,,,,,,,,,0
1,,246742,Port:10,0,0,0,Missing,,,,,,,,,0
1,,246758,Port:10,0,0,0,Missing,,,,,,,,,0
1,,246774,Port:10,0,0,0,Missing,,,,,,,,,0
1,,246790,Port:10,0,0,0,Missing,,,,,,,,,0
1,,246806,Port:10,0,0,0,Missing,,,,,,,,,0
1,,246814,Port:10,0,0,0,Missing,,,,,,,,,0
1,,246846,Port:10,0,0,0,Missing,,,,,,,,,0
1,,246862,Port:10,0,0,0,Missing,,,,,,,,,0
1,,246878,Port:10,0,0,0,Missing,,,,,,,,,0
1,,246894,Port:10,0,0,0,Missing,,,,,,,,,0
1,,246910,Port:10,0,0,0,Missing,,,,,,,,,0
1,,246926,Port:10,0,0,0,Missing,,,,,,,,,0
1,,246942,Port:10,0,0,0,Missing,,,,,,,,,0
1,,246950,Port:10,0,0,0,Missing,,,,,,,,,0
1,,246966,Port:10,0,0,0,Missing,,,,,,,,,0
1,,246990,Port:10,0,0,0,Missing,,,,,,,,,0
1,,246998,Port:10,0,0,0,Missing,,,,,,,,,0
1,,247014,Port:10,0,0,0,Missing,,,,,,,,,0
1,,247030,Port:10,0,0,0,Missing,,,,,,,,,0
1,,247046,Port:10,0,0,0,Missing,,,,,,,,,0
1,,247062,Port:10,0,0,0,Missing,,,,,,,,,0
1,,247086,Port:10,0,0,0,Missing,,,,,,,,,0
1,,247110,Port:10,0,0,0,Missing,,,,,,,,,0
1,,247118,Port:10,0,0,0,Missing,,,,,,,,,0
1,,247134,Port:10,0,0,0,Missing,,,,,,,,,0
1,,247150,Port:10,0,0,0,Missing,,,,,,,,,0
1,,247166,Port:10,0,0,0,Missing,,,,,,,,,0
1,,247174,Port:10,0,0,0,Missing,,,,,,,,,0
1,,247198,Port:10,0,0,0,Missing,,,,,,,,,0
1,,247214,Port:10,0,0,0,Missing,,,,,,,,,0
1,,247222,Port:10,0,0,0,Missing,,,,,,,,,0
1,,247238,Port:10,0,0,0,Missing,,,,,,,,,0
1,,247254,Port:10,0,0,0,Missing,,,,,,,,,0
1,,247270,Port:10,0,0,0,Missing,,,,,,,,,0
1,,247286,Port:10,0,0,0,Missing,,,,,,,,,0
1,,247302,Port:10,0,0,0,Missing,,,,,,,,,0
1,,247318,Port:10,0,0,0,Missing,,,,,,,,,0
1,,247334,Port:10,0,0,0,Missing,,,,,,,,,0
1,,247358,Port:10,0,0,0,Missing,,,,,,,,,0
1,,247374,Port:10,0,0,0,Missing,,,,,,,,,0
1,,247390,Port:10,0,0,0,Missing,,,,,,,,,0
1,,247406,Port:10,0,0,0,Missing,,,,,,,,,0
1,,247422,Port:10,0,0,0,Missing,,,,,,,,,0
1,,247438,Port:10,0,0,0,Missing,,,,,,,,,0
1,,247454,Port:10,0,0,0,Missing,,,,,,,,,0
1,,247462,Port:10,0,0,0,Missing,,,,,,,,,0
1,,247478,Port:10,0,0,0,Missing,,,,,,,,,0
1,,247494,Port:10,0,0,0,Missing,,,,,,,,,0
1,,247510,Port:10,0,0,0,Missing,,,,,,,,,0
1,,247518,Port:10,0,0,0,Missing,,,,,,,,,0
1,,247542,Port:10,0,0,0,Missing,,,,,,,,,0
1,,247558,Port:10,0,0,0,Missing,,,,,,,,,0
1,,247582,Port:10,0,0,0,Missing,,,,,,,,,0
1,,247598,Port:10,0,0,0,Missing,,,,,,,,,0
1,,247614,Port:10,0,0,0,Missing,,,,,,,,,0
1,,247630,Port:10,0,0,0,Missing,,,,,,,,,0
1,,247646,Port:10,0,0,0,Missing,,,,,,,,,0
1,,247662,Port:10,0,0,0,Missing,,,,,,,,,0
1,,247678,Port:10,0,0,0,Missing,,,,,,,,,0
1,,247686,Port:10,0,0,0,Missing,,,,,,,,,0
1,,247702,Port:10,0,0,0,Missing,,,,,,,,,0
1,,247718,Port:10,0,0,0,Missing,,,,,,,,,0
1,,247734,Port:10,0,0,0,Missing,,,,,,,,,0
1,,247750,Port:10,0,0,0,Missing,,,,,,,,,0
1,,247766,Port:10,0,0,0,Missing,,,,,,,,,0
1,,247782,Port:10,0,0,0,Missing,,,,,,,,,0
1,,247798,Port:10,0,0,0,Missing,,,,,,,,,0
1,,247822,Port:10,0,0,0,Missing,,,,,,,,,0
1,,247838,Port:10,0,0,0,Missing,,,,,,,,,0
1,,247854,Port:10,0,0,0,Missing,,,,,,,,,0
1,,247870,Port:10,0,0,0,Missing,,,,,,,,,0
1,,247886,Port:10,0,0,0,Missing,,,,,,,,,0
1,,247902,Port:10,0,0,0,Missing,,,,,,,,,0
1,,247910,Port:10,0,0,0,Missing,,,,,,,,,0
1,,247934,Port:10,0,0,0,Missing,,,,,,,,,0
1,,247942,Port:10,0,0,0,Missing,,,,,,,,,0
1,,247958,Port:10,0,0,0,Missing,,,,,,,,,0
1,,247974,Port:10,0,0,0,Missing,,,,,,,,,0
1,,247990,Port:10,0,0,0,Missing,,,,,,,,,0
1,,248006,Port:10,0,0,0,Missing,,,,,,,,,0
1,,248038,Port:10,0,0,0,Missing,,,,,,,,,0
1,,248054,Port:10,0,0,0,Missing,,,,,,,,,0
1,,248062,Port:10,0,0,0,Missing,,,,,,,,,0
1,,248078,Port:10,0,0,0,Missing,,,,,,,,,0
1,,248094,Port:10,0,0,0,Missing,,,,,,,,,0
1,,248110,Port:10,0,0,0,Missing,,,,,,,,,0
1,,248126,Port:10,0,0,0,Missing,,,,,,,,,0
1,,248142,Port:10,0,0,0,Missing,,,,,,,,,0
1,,248158,Port:10,0,0,0,Missing,,,,,,,,,0
1,,248174,Port:10,0,0,0,Missing,,,,,,,,,0
1,,248182,Port:10,0,0,0,Missing,,,,,,,,,0
1,,248198,Port:10,0,0,0,Missing,,,,,,,,,0
1,,248214,Port:10,0,0,0,Missing,,,,,,,,,0
1,,248230,Port:10,0,0,0,Missing,,,,,,,,,0
1,,248246,Port:10,0,0,0,Missing,,,,,,,,,0
1,,248262,Port:10,0,0,0,Missing,,,,,,,,,0
1,,248278,Port:10,0,0,0,Missing,,,,,,,,,0
1,,248294,Port:10,0,0,0,Missing,,,,,,,,,0
1,,248318,Port:10,0,0,0,Missing,,,,,,,,,0
1,,248334,Port:10,0,0,0,Missing,,,,,,,,,0
1,,248350,Port:10,0,0,0,Missing,,,,,,,,,0
1,,248366,Port:10,0,0,0,Missing,,,,,,,,,0
1,,248382,Port:10,0,0,0,Missing,,,,,,,,,0
1,,248390,Port:10,0,0,0,Missing,,,,,,,,,0
1,,248406,Port:10,0,0,0,Missing,,,,,,,,,0
1,,248430,Port:10,0,0,0,Missing,,,,,,,,,0
1,,248438,Port:10,0,0,0,Missing,,,,,,,,,0
1,,248454,Port:10,0,0,0,Missing,,,,,,,,,0
1,,248470,Port:10,0,0,0,Missing,,,,,,,,,0
1,,248486,Port:10,0,0,0,Missing,,,,,,,,,0
1,,248502,Port:10,0,0,0,Missing,,,,,,,,,0
1,,248526,Port:10,0,0,0,Missing,,,,,,,,,0
1,,248550,Port:10,0,0,0,Missing,,,,,,,,,0
1,,248558,Port:10,0,0,0,Missing,,,,,,,,,0
1,,248574,Port:10,0,0,0,Missing,,,,,,,,,0
1,,248590,Port:10,0,0,0,Missing,,,,,,,,,0
1,,248606,Port:10,0,0,0,Missing,,,,,,,,,0
1,,248622,Port:10,0,0,0,Missing,,,,,,,,,0
1,,248630,Port:10,0,0,0,Missing,,,,,,,,,0
1,,248646,Port:10,0,0,0,Missing,,,,,,,,,0
1,,248670,Port:10,0,0,0,Missing,,,,,,,,,0
1,,248678,Port:10,0,0,0,Missing,,,,,,,,,0
1,,248694,Port:10,0,0,0,Missing,,,,,,,,,0
1,,248710,Port:10,0,0,0,Missing,,,,,,,,,0
1,,248726,Port:10,0,0,0,Missing,,,,,,,,,0
1,,248742,Port:10,0,0,0,Missing,,,,,,,,,0
1,,248766,Port:10,0,0,0,Missing,,,,,,,,,0
1,,248790,Port:10,0,0,0,Missing,,,,,,,,,0
1,,248798,Port:10,0,0,0,Missing,,,,,,,,,0
1,,248814,Port:10,0,0,0,Missing,,,,,,,,,0
1,,248830,Port:10,0,0,0,Missing,,,,,,,,,0
1,,248846,Port:10,0,0,0,Missing,,,,,,,,,0
1,,248862,Port:10,0,0,0,Missing,,,,,,,,,0
1,,248870,Port:10,0,0,0,Missing,,,,,,,,,0
1,,248886,Port:10,0,0,0,Missing,,,,,,,,,0
1,,248910,Port:10,0,0,0,Missing,,,,,,,,,0
1,,248918,Port:10,0,0,0,Missing,,,,,,,,,0
1,,248934,Port:10,0,0,0,Missing,,,,,,,,,0
1,,248950,Port:10,0,0,0,Missing,,,,,,,,,0
1,,248966,Port:10,0,0,0,Missing,,,,,,,,,0
1,,248982,Port:10,0,0,0,Missing,,,,,,,,,0
1,,249006,Port:10,0,0,0,Missing,,,,,,,,,0
1,,249030,Port:10,0,0,0,Missing,,,,,,,,,0
1,,249038,Port:10,0,0,0,Missing,,,,,,,,,0
1,,249054,Port:10,0,0,0,Missing,,,,,,,,,0
1,,249070,Port:10,0,0,0,Missing,,,,,,,,,0
1,,249086,Port:10,0,0,0,Missing,,,,,,,,,0
1,,249094,Port:10,0,0,0,Missing,,,,,,,,,0
1,,249118,Port:10,0,0,0,Missing,,,,,,,,,0
1,,249134,Port:10,0,0,0,Missing,,,,,,,,,0
1,,249150,Port:10,0,0,0,Missing,,,,,,,,,0
1,,249158,Port:10,0,0,0,Missing,,,,,,,,,0
1,,249174,Port:10,0,0,0,Missing,,,,,,,,,0
1,,249190,Port:10,0,0,0,Missing,,,,,,,,,0
1,,249206,Port:10,0,0,0,Missing,,,,,,,,,0
1,,249222,Port:10,0,0,0,Missing,,,,,,,,,0
1,,249238,Port:10,0,0,0,Missing,,,,,,,,,0
1,,249254,Port:10,0,0,0,Missing,,,,,,,,,0
1,,249278,Port:10,0,0,0,Missing,,,,,,,,,0
1,,249294,Port:10,0,0,0,Missing,,,,,,,,,0
1,,249310,Port:10,0,0,0,Missing,,,,,,,,,0
1,,249326,Port:10,0,0,0,Missing,,,,,,,,,0
1,,249342,Port:10,0,0,0,Missing,,,,,,,,,0
1,,249358,Port:10,0,0,0,Missing,,,,,,,,,0
1,,249374,Port:10,0,0,0,Missing,,,,,,,,,0
1,,249382,Port:10,0,0,0,Missing,,,,,,,,,0
1,,249398,Port:10,0,0,0,Missing,,,,,,,,,0
1,,249414,Port:10,0,0,0,Missing,,,,,,,,,0
1,,249430,Port:10,0,0,0,Missing,,,,,,,,,0
1,,249446,Port:10,0,0,0,Missing,,,,,,,,,0
1,,249462,Port:10,0,0,0,Missing,,,,,,,,,0
1,,249478,Port:10,0,0,0,Missing,,,,,,,,,0
1,,249494,Port:10,0,0,0,Missing,,,,,,,,,0
1,,249518,Port:10,0,0,0,Missing,,,,,,,,,0
1,,249534,Port:10,0,0,0,Missing,,,,,,,,,0
1,,249550,Port:10,0,0,0,Missing,,,,,,,,,0
1,,249566,Port:10,0,0,0,Missing,,,,,,,,,0
1,,249582,Port:10,0,0,0,Missing,,,,,,,,,0
1,,249598,Port:10,0,0,0,Missing,,,,,,,,,0
1,,249614,Port:10,0,0,0,Missing,,,,,,,,,0
1,,249630,Port:10,0,0,0,Missing,,,,,,,,,0
1,,249638,Port:10,0,0,0,Missing,,,,,,,,,0
1,,249654,Port:10,0,0,0,Missing,,,,,,,,,0
1,,249670,Port:10,0,0,0,Missing,,,,,,,,,0
1,,249686,Port:10,0,0,0,Missing,,,,,,,,,0
1,,249702,Port:10,0,0,0,Missing,,,,,,,,,0
1,,249718,Port:10,0,0,0,Missing,,,,,,,,,0
1,,249734,Port:10,0,0,0,Missing,,,,,,,,,0
1,,249766,Port:10,0,0,0,Missing,,,,,,,,,0
1,,249774,Port:10,0,0,0,Missing,,,,,,,,,0
1,,249790,Port:10,0,0,0,Missing,,,,,,,,,0
1,,249806,Port:10,0,0,0,Missing,,,,,,,,,0
1,,249822,Port:10,0,0,0,Missing,,,,,,,,,0
1,,249838,Port:10,0,0,0,Missing,,,,,,,,,0
1,,249854,Port:10,0,0,0,Missing,,,,,,,,,0
1,,249870,Port:10,0,0,0,Missing,,,,,,,,,0
1,,249878,Port:10,0,0,0,Missing,,,,,,,,,0
1,,249894,Port:10,0,0,0,Missing,,,,,,,,,0
1,,249910,Port:10,0,0,0,Missing,,,,,,,,,0
1,,249926,Port:10,0,0,0,Missing,,,,,,,,,0
1,,249942,Port:10,0,0,0,Missing,,,,,,,,,0
1,,249958,Port:10,0,0,0,Missing,,,,,,,,,0
1,,249974,Port:10,0,0,0,Missing,,,,,,,,,0
1,,249998,Port:10,0,0,0,Missing,,,,,,,,,0
1,,250014,Port:10,0,0,0,Missing,,,,,,,,,0
1,,250030,Port:10,0,0,0,Missing,,,,,,,,,0
1,,250046,Port:10,0,0,0,Missing,,,,,,,,,0
1,,250062,Port:10,0,0,0,Missing,,,,,,,,,0
1,,250078,Port:10,0,0,0,Missing,,,,,,,,,0
1,,250094,Port:10,0,0,0,Missing,,,,,,,,,0
1,,250102,Port:10,0,0,0,Missing,,,,,,,,,0
1,,250118,Port:10,0,0,0,Missing,,,,,,,,,0
1,,250142,Port:10,0,0,0,Missing,,,,,,,,,0
1,,250150,Port:10,0,0,0,Missing,,,,,,,,,0
1,,250166,Port:10,0,0,0,Missing,,,,,,,,,0
1,,250182,Port:10,0,0,0,Missing,,,,,,,,,0
1,,250198,Port:10,0,0,0,Missing,,,,,,,,,0
1,,250230,Port:10,0,0,0,Missing,,,,,,,,,0
1,,250238,Port:10,0,0,0,Missing,,,,,,,,,0
1,,250254,Port:10,0,0,0,Missing,,,,,,,,,0
1,,250270,Port:10,0,0,0,Missing,,,,,,,,,0
1,,250286,Port:10,0,0,0,Missing,,,,,,,,,0
1,,250302,Port:10,0,0,0,Missing,,,,,,,,,0
1,,250318,Port:10,0,0,0,Missing,,,,,,,,,0
1,,250334,Port:10,0,0,0,Missing,,,,,,,,,0
1,,250342,Port:10,0,0,0,Missing,,,,,,,,,0
1,,250358,Port:10,0,0,0,Missing,,,,,,,,,0
1,,250374,Port:10,0,0,0,Missing,,,,,,,,,0
1,,250390,Port:10,0,0,0,Missing,,,,,,,,,0
1,,250406,Port:10,0,0,0,Missing,,,,,,,,,0
1,,250422,Port:10,0,0,0,Missing,,,,,,,,,0
1,,250446,Port:10,0,0,0,Missing,,,,,,,,,0
1,,250470,Port:10,0,0,0,Missing,,,,,,,,,0
1,,250486,Port:10,0,0,0,Missing,,,,,,,,,0
1,,250494,Port:10,0,0,0,Missing,,,,,,,,,0
1,,250510,Port:10,0,0,0,Missing,,,,,,,,,0
1,,250526,Port:10,0,0,0,Missing,,,,,,,,,0
1,,250542,Port:10,0,0,0,Missing,,,,,,,,,0
1,,250558,Port:10,0,0,0,Missing,,,,,,,,,0
1,,250574,Port:10,0,0,0,Missing,,,,,,,,,0
1,,250590,Port:10,0,0,0,Missing,,,,,,,,,0
1,,250606,Port:10,0,0,0,Missing,,,,,,,,,0
1,,250622,Port:10,0,0,0,Missing,,,,,,,,,0
1,,250630,Port:10,0,0,0,Missing,,,,,,,,,0
1,,250646,Port:10,0,0,0,Missing,,,,,,,,,0
1,,250662,Port:10,0,0,0,Missing,,,,,,,,,0
1,,250678,Port:10,0,0,0,Missing,,,,,,,,,0
1,,250710,Port:10,0,0,0,Missing,,,,,,,,,0
1,,250718,Port:10,0,0,0,Missing,,,,,,,,,0
1,,250742,Port:10,0,0,0,Missing,,,,,,,,,0
1,,250750,Port:10,0,0,0,Missing,,,,,,,,,0
1,,250766,Port:10,0,0,0,Missing,,,,,,,,,0
1,,250782,Port:10,0,0,0,Missing,,,,,,,,,0
1,,250798,Port:10,0,0,0,Missing,,,,,,,,,0
1,,250814,Port:10,0,0,0,Missing,,,,,,,,,0
1,,250822,Port:10,0,0,0,Missing,,,,,,,,,0
1,,250846,Port:10,0,0,0,Missing,,,,,,,,,0
1,,250862,Port:10,0,0,0,Missing,,,,,,,,,0
1,,250870,Port:10,0,0,0,Missing,,,,,,,,,0
1,,250886,Port:10,0,0,0,Missing,,,,,,,,,0
1,,250902,Port:10,0,0,0,Missing,,,,,,,,,0
1,,250918,Port:10,0,0,0,Missing,,,,,,,,,0
1,,250934,Port:10,0,0,0,Missing,,,,,,,,,0
1,,250958,Port:10,0,0,0,Missing,,,,,,,,,0
1,,250982,Port:10,0,0,0,Missing,,,,,,,,,0
1,,250990,Port:10,0,0,0,Missing,,,,,,,,,0
1,,251006,Port:10,0,0,0,Missing,,,,,,,,,0
1,,251022,Port:10,0,0,0,Missing,,,,,,,,,0
1,,251038,Port:10,0,0,0,Missing,,,,,,,,,0
1,,251054,Port:10,0,0,0,Missing,,,,,,,,,0
1,,251070,Port:10,0,0,0,Missing,,,,,,,,,0
1,,251086,Port:10,0,0,0,Missing,,,,,,,,,0
1,,251094,Port:10,0,0,0,Missing,,,,,,,,,0
1,,251110,Port:10,0,0,0,Missing,,,,,,,,,0
1,,251126,Port:10,0,0,0,Missing,,,,,,,,,0
1,,251142,Port:10,0,0,0,Missing,,,,,,,,,0
1,,251158,Port:10,0,0,0,Missing,,,,,,,,,0
1,,251174,Port:10,0,0,0,Missing,,,,,,,,,0
1,,251206,Port:10,0,0,0,Missing,,,,,,,,,0
1,,251214,Port:10,0,0,0,Missing,,,,,,,,,0
1,,251230,Port:10,0,0,0,Missing,,,,,,,,,0
1,,251246,Port:10,0,0,0,Missing,,,,,,,,,0
1,,251262,Port:10,0,0,0,Missing,,,,,,,,,0
1,,251278,Port:10,0,0,0,Missing,,,,,,,,,0
1,,251294,Port:10,0,0,0,Missing,,,,,,,,,0
1,,251310,Port:10,0,0,0,Missing,,,,,,,,,0
1,,251318,Port:10,0,0,0,Missing,,,,,,,,,0
1,,251342,Port:10,0,0,0,Missing,,,,,,,,,0
1,,251350,Port:10,0,0,0,Missing,,,,,,,,,0
1,,251366,Port:10,0,0,0,Missing,,,,,,,,,0
1,,251382,Port:10,0,0,0,Missing,,,,,,,,,0
1,,251414,Port:10,0,0,0,Missing,,,,,,,,,0
1,,251430,Port:10,0,0,0,Missing,,,,,,,,,0
1,,251454,Port:10,0,0,0,Missing,,,,,,,,,0
1,,251462,Port:10,0,0,0,Missing,,,,,,,,,0
1,,251478,Port:10,0,0,0,Missing,,,,,,,,,0
1,,251494,Port:10,0,0,0,Missing,,,,,,,,,0
1,,251510,Port:10,0,0,0,Missing,,,,,,,,,0
1,,251526,Port:10,0,0,0,Missing,,,,,,,,,0
1,,251542,Port:10,0,0,0,Missing,,,,,,,,,0
1,,251550,Port:10,0,0,0,Missing,,,,,,,,,0
1,,251566,Port:10,0,0,0,Missing,,,,,,,,,0
1,,251582,Port:10,0,0,0,Missing,,,,,,,,,0
1,,251598,Port:10,0,0,0,Missing,,,,,,,,,0
1,,251614,Port:10,0,0,0,Missing,,,,,,,,,0
1,,251630,Port:10,0,0,0,Missing,,,,,,,,,0
1,,251646,Port:10,0,0,0,Missing,,,,,,,,,0
1,,251662,Port:10,0,0,0,Missing,,,,,,,,,0
1,,251670,Port:10,0,0,0,Missing,,,,,,,,,0
1,,251686,Port:10,0,0,0,Missing,,,,,,,,,0
1,,251702,Port:10,0,0,0,Missing,,,,,,,,,0
1,,251718,Port:10,0,0,0,Missing,,,,,,,,,0
1,,251734,Port:10,0,0,0,Missing,,,,,,,,,0
1,,251758,Port:10,0,0,0,Missing,,,,,,,,,0
1,,251774,Port:10,0,0,0,Missing,,,,,,,,,0
1,,251790,Port:10,0,0,0,Missing,,,,,,,,,0
1,,251806,Port:10,0,0,0,Missing,,,,,,,,,0
1,,251822,Port:10,0,0,0,Missing,,,,,,,,,0
1,,251838,Port:10,0,0,0,Missing,,,,,,,,,0
1,,251854,Port:10,0,0,0,Missing,,,,,,,,,0
1,,251870,Port:10,0,0,0,Missing,,,,,,,,,0
1,,251886,Port:10,0,0,0,Missing,,,,,,,,,0
1,,251902,Port:10,0,0,0,Missing,,,,,,,,,0
1,,251910,Port:10,0,0,0,Missing,,,,,,,,,0
1,,251926,Port:10,0,0,0,Missing,,,,,,,,,0
1,,251942,Port:10,0,0,0,Missing,,,,,,,,,0
1,,251958,Port:10,0,0,0,Missing,,,,,,,,,0
1,,251974,Port:10,0,0,0,Missing,,,,,,,,,0
1,,251990,Port:10,0,0,0,Missing,,,,,,,,,0
1,,252014,Port:10,0,0,0,Missing,,,,,,,,,0
1,,252030,Port:10,0,0,0,Missing,,,,,,,,,0
1,,252046,Port:10,0,0,0,Missing,,,,,,,,,0
1,,252062,Port:10,0,0,0,Missing,,,,,,,,,0
1,,252078,Port:10,0,0,0,Missing,,,,,,,,,0
1,,252094,Port:10,0,0,0,Missing,,,,,,,,,0
1,,252110,Port:10,0,0,0,Missing,,,,,,,,,0
1,,252126,Port:10,0,0,0,Missing,,,,,,,,,0
1,,252134,Port:10,0,0,0,Missing,,,,,,,,,0
1,,252158,Port:10,0,0,0,Missing,,,,,,,,,0
1,,252166,Port:10,0,0,0,Missing,,,,,,,,,0
1,,252182,Port:10,0,0,0,Missing,,,,,,,,,0
1,,252198,Port:10,0,0,0,Missing,,,,,,,,,0
1,,252214,Port:10,0,0,0,Missing,,,,,,,,,0
1,,252246,Port:10,0,0,0,Missing,,,,,,,,,0
1,,252254,Port:10,0,0,0,Missing,,,,,,,,,0
1,,252270,Port:10,0,0,0,Missing,,,,,,,,,0
1,,252294,Port:10,0,0,0,Missing,,,,,,,,,0
1,,252302,Port:10,0,0,0,Missing,,,,,,,,,0
1,,252318,Port:10,0,0,0,Missing,,,,,,,,,0
1,,252334,Port:10,0,0,0,Missing,,,,,,,,,0
1,,252350,Port:10,0,0,0,Missing,,,,,,,,,0
1,,252366,Port:10,0,0,0,Missing,,,,,,,,,0
1,,252374,Port:10,0,0,0,Missing,,,,,,,,,0
1,,252390,Port:10,0,0,0,Missing,,,,,,,,,0
1,,252414,Port:10,0,0,0,Missing,,,,,,,,,0
1,,252422,Port:10,0,0,0,Missing,,,,,,,,,0
1,,252454,Port:10,0,0,0,Missing,,,,,,,,,0
1,,252470,Port:10,0,0,0,Missing,,,,,,,,,0
1,,252486,Port:10,0,0,0,Missing,,,,,,,,,0
1,,252494,Port:10,0,0,0,Missing,,,,,,,,,0
1,,252510,Port:10,0,0,0,Missing,,,,,,,,,0
1,,252526,Port:10,0,0,0,Missing,,,,,,,,,0
1,,252542,Port:10,0,0,0,Missing,,,,,,,,,0
1,,252558,Port:10,0,0,0,Missing,,,,,,,,,0
1,,252574,Port:10,0,0,0,Missing,,,,,,,,,0
1,,252590,Port:10,0,0,0,Missing,,,,,,,,,0
1,,252606,Port:10,0,0,0,Missing,,,,,,,,,0
1,,252622,Port:10,0,0,0,Missing,,,,,,,,,0
1,,252638,Port:10,0,0,0,Missing,,,,,,,,,0
1,,252646,Port:10,0,0,0,Missing,,,,,,,,,0
1,,252662,Port:10,0,0,0,Missing,,,,,,,,,0
1,,252678,Port:10,0,0,0,Missing,,,,,,,,,0
1,,252710,Port:10,0,0,0,Missing,,,,,,,,,0
1,,252726,Port:10,0,0,0,Missing,,,,,,,,,0
1,,252742,Port:10,0,0,0,Missing,,,,,,,,,0
1,,252758,Port:10,0,0,0,Missing,,,,,,,,,0
1,,252766,Port:10,0,0,0,Missing,,,,,,,,,0
1,,252782,Port:10,0,0,0,Missing,,,,,,,,,0
1,,252798,Port:10,0,0,0,Missing,,,,,,,,,0
1,,252814,Port:10,0,0,0,Missing,,,,,,,,,0
1,,252830,Port:10,0,0,0,Missing,,,,,,,,,0
1,,252846,Port:10,0,0,0,Missing,,,,,,,,,0
1,,252862,Port:10,0,0,0,Missing,,,,,,,,,0
1,,252878,Port:10,0,0,0,Missing,,,,,,,,,0
1,,252886,Port:10,0,0,0,Missing,,,,,,,,,0
1,,252902,Port:10,0,0,0,Missing,,,,,,,,,0
1,,252918,Port:10,0,0,0,Missing,,,,,,,,,0
1,,252934,Port:10,0,0,0,Missing,,,,,,,,,0
1,,252966,Port:10,0,0,0,Missing,,,,,,,,,0
1,,252974,Port:10,0,0,0,Missing,,,,,,,,,0
1,,252990,Port:10,0,0,0,Missing,,,,,,,,,0
1,,253014,Port:10,0,0,0,Missing,,,,,,,,,0
1,,253022,Port:10,0,0,0,Missing,,,,,,,,,0
1,,253038,Port:10,0,0,0,Missing,,,,,,,,,0
1,,253054,Port:10,0,0,0,Missing,,,,,,,,,0
1,,253070,Port:10,0,0,0,Missing,,,,,,,,,0
1,,253086,Port:10,0,0,0,Missing,,,,,,,,,0
1,,253094,Port:10,0,0,0,Missing,,,,,,,,,0
1,,253110,Port:10,0,0,0,Missing,,,,,,,,,0
1,,253134,Port:10,0,0,0,Missing,,,,,,,,,0
1,,253142,Port:10,0,0,0,Missing,,,,,,,,,0
1,,253158,Port:10,0,0,0,Missing,,,,,,,,,0
1,,253174,Port:10,0,0,0,Missing,,,,,,,,,0
1,,253206,Port:10,0,0,0,Missing,,,,,,,,,0
1,,253214,Port:10,0,0,0,Missing,,,,,,,,,0
1,,253230,Port:10,0,0,0,Missing,,,,,,,,,0
1,,253254,Port:10,0,0,0,Missing,,,,,,,,,0
1,,253262,Port:10,0,0,0,Missing,,,,,,,,,0
1,,253278,Port:10,0,0,0,Missing,,,,,,,,,0
1,,253294,Port:10,0,0,0,Missing,,,,,,,,,0
1,,253310,Port:10,0,0,0,Missing,,,,,,,,,0
1,,253326,Port:10,0,0,0,Missing,,,,,,,,,0
1,,253342,Port:10,0,0,0,Missing,,,,,,,,,0
1,,253350,Port:10,0,0,0,Missing,,,,,,,,,0
1,,253366,Port:10,0,0,0,Missing,,,,,,,,,0
1,,253382,Port:10,0,0,0,Missing,,,,,,,,,0
1,,253414,Port:10,0,0,0,Missing,,,,,,,,,0
1,,253430,Port:10,0,0,0,Missing,,,,,,,,,0
1,,253446,Port:10,0,0,0,Missing,,,,,,,,,0
1,,253462,Port:10,0,0,0,Missing,,,,,,,,,0
1,,253470,Port:10,0,0,0,Missing,,,,,,,,,0
1,,253486,Port:10,0,0,0,Missing,,,,,,,,,0
1,,253502,Port:10,0,0,0,Missing,,,,,,,,,0
1,,253518,Port:10,0,0,0,Missing,,,,,,,,,0
1,,253534,Port:10,0,0,0,Missing,,,,,,,,,0
1,,253550,Port:10,0,0,0,Missing,,,,,,,,,0
1,,253566,Port:10,0,0,0,Missing,,,,,,,,,0
1,,253582,Port:10,0,0,0,Missing,,,,,,,,,0
1,,253590,Port:10,0,0,0,Missing,,,,,,,,,0
1,,253606,Port:10,0,0,0,Missing,,,,,,,,,0
1,,253622,Port:10,0,0,0,Missing,,,,,,,,,0
1,,253654,Port:10,0,0,0,Missing,,,,,,,,,0
1,,253670,Port:10,0,0,0,Missing,,,,,,,,,0
1,,253686,Port:10,0,0,0,Missing,,,,,,,,,0
1,,253694,Port:10,0,0,0,Missing,,,,,,,,,0
1,,253710,Port:10,0,0,0,Missing,,,,,,,,,0
1,,253734,Port:10,0,0,0,Missing,,,,,,,,,0
1,,253750,Port:10,0,0,0,Missing,,,,,,,,,0
1,,253758,Port:10,0,0,0,Missing,,,,,,,,,0
1,,253774,Port:10,0,0,0,Missing,,,,,,,,,0
1,,253790,Port:10,0,0,0,Missing,,,,,,,,,0
1,,253806,Port:10,0,0,0,Missing,,,,,,,,,0
1,,253822,Port:10,0,0,0,Missing,,,,,,,,,0
1,,253838,Port:10,0,0,0,Missing,,,,,,,,,0
1,,253854,Port:10,0,0,0,Missing,,,,,,,,,0
1,,253862,Port:10,0,0,0,Missing,,,,,,,,,0
1,,253878,Port:10,0,0,0,Missing,,,,,,,,,0
1,,253910,Port:10,0,0,0,Missing,,,,,,,,,0
1,,253926,Port:10,0,0,0,Missing,,,,,,,,,0
1,,253942,Port:10,0,0,0,Missing,,,,,,,,,0
1,,253958,Port:10,0,0,0,Missing,,,,,,,,,0
1,,253974,Port:10,0,0,0,Missing,,,,,,,,,0
1,,253982,Port:10,0,0,0,Missing,,,,,,,,,0
1,,253998,Port:10,0,0,0,Missing,,,,,,,,,0
1,,254014,Port:10,0,0,0,Missing,,,,,,,,,0
1,,254030,Port:10,0,0,0,Missing,,,,,,,,,0
1,,254046,Port:10,0,0,0,Missing,,,,,,,,,0
1,,254062,Port:10,0,0,0,Missing,,,,,,,,,0
1,,254078,Port:10,0,0,0,Missing,,,,,,,,,0
1,,254094,Port:10,0,0,0,Missing,,,,,,,,,0
1,,254102,Port:10,0,0,0,Missing,,,,,,,,,0
1,,254134,Port:10,0,0,0,Missing,,,,,,,,,0
1,,254150,Port:10,0,0,0,Missing,,,,,,,,,0
1,,254166,Port:10,0,0,0,Missing,,,,,,,,,0
1,,254182,Port:10,0,0,0,Missing,,,,,,,,,0
1,,254198,Port:10,0,0,0,Missing,,,,,,,,,0
1,,254206,Port:10,0,0,0,Missing,,,,,,,,,0
1,,254222,Port:10,0,0,0,Missing,,,,,,,,,0
1,,254238,Port:10,0,0,0,Missing,,,,,,,,,0
1,,254254,Port:10,0,0,0,Missing,,,,,,,,,0
1,,254270,Port:10,0,0,0,Missing,,,,,,,,,0
1,,254286,Port:10,0,0,0,Missing,,,,,,,,,0
1,,254302,Port:10,0,0,0,Missing,,,,,,,,,0
1,,254310,Port:10,0,0,0,Missing,,,,,,,,,0
1,,254334,Port:10,0,0,0,Missing,,,,,,,,,0
1,,254342,Port:10,0,0,0,Missing,,,,,,,,,0
1,,254358,Port:10,0,0,0,Missing,,,,,,,,,0
1,,254374,Port:10,0,0,0,Missing,,,,,,,,,0
1,,254406,Port:10,0,0,0,Missing,,,,,,,,,0
1,,254414,Port:10,0,0,0,Missing,,,,,,,,,0
1,,254438,Port:10,0,0,0,Missing,,,,,,,,,0
1,,254446,Port:10,0,0,0,Missing,,,,,,,,,0
1,,254462,Port:10,0,0,0,Missing,,,,,,,,,0
1,,254478,Port:10,0,0,0,Missing,,,,,,,,,0
1,,254494,Port:10,0,0,0,Missing,,,,,,,,,0
1,,254510,Port:10,0,0,0,Missing,,,,,,,,,0
1,,254526,Port:10,0,0,0,Missing,,,,,,,,,0
1,,254542,Port:10,0,0,0,Missing,,,,,,,,,0
1,,254558,Port:10,0,0,0,Missing,,,,,,,,,0
1,,254566,Port:10,0,0,0,Missing,,,,,,,,,0
1,,254582,Port:10,0,0,0,Missing,,,,,,,,,0
1,,254606,Port:10,0,0,0,Missing,,,,,,,,,0
1,,254614,Port:10,0,0,0,Missing,,,,,,,,,0
1,,254646,Port:10,0,0,0,Missing,,,,,,,,,0
1,,254662,Port:10,0,0,0,Missing,,,,,,,,,0
1,,254670,Port:10,0,0,0,Missing,,,,,,,,,0
1,,254694,Port:10,0,0,0,Missing,,,,,,,,,0
1,,254702,Port:10,0,0,0,Missing,,,,,,,,,0
1,,254718,Port:10,0,0,0,Missing,,,,,,,,,0
1,,254734,Port:10,0,0,0,Missing,,,,,,,,,0
1,,254750,Port:10,0,0,0,Missing,,,,,,,,,0
1,,254766,Port:10,0,0,0,Missing,,,,,,,,,0
1,,254782,Port:10,0,0,0,Missing,,,,,,,,,0
1,,254798,Port:10,0,0,0,Missing,,,,,,,,,0
1,,254814,Port:10,0,0,0,Missing,,,,,,,,,0
1,,254830,Port:10,0,0,0,Missing,,,,,,,,,0
1,,254854,Port:10,0,0,0,Missing,,,,,,,,,0
1,,254870,Port:10,0,0,0,Missing,,,,,,,,,0
1,,254886,Port:10,0,0,0,Missing,,,,,,,,,0
1,,254902,Port:10,0,0,0,Missing,,,,,,,,,0
1,,254918,Port:10,0,0,0,Missing,,,,,,,,,0
1,,254934,Port:10,0,0,0,Missing,,,,,,,,,0
1,,254942,Port:10,0,0,0,Missing,,,,,,,,,0
1,,254958,Port:10,0,0,0,Missing,,,,,,,,,0
1,,254974,Port:10,0,0,0,Missing,,,,,,,,,0
1,,254990,Port:10,0,0,0,Missing,,,,,,,,,0
1,,255006,Port:10,0,0,0,Missing,,,,,,,,,0
1,,255022,Port:10,0,0,0,Missing,,,,,,,,,0
1,,255038,Port:10,0,0,0,Missing,,,,,,,,,0
1,,255054,Port:10,0,0,0,Missing,,,,,,,,,0
1,,255062,Port:10,0,0,0,Missing,,,,,,,,,0
1,,255094,Port:10,0,0,0,Missing,,,,,,,,,0
1,,255110,Port:10,0,0,0,Missing,,,,,,,,,0
1,,255126,Port:10,0,0,0,Missing,,,,,,,,,0
1,,255142,Port:10,0,0,0,Missing,,,,,,,,,0
1,,255158,Port:10,0,0,0,Missing,,,,,,,,,0
1,,255174,Port:10,0,0,0,Missing,,,,,,,,,0
1,,255190,Port:10,0,0,0,Missing,,,,,,,,,0
1,,255198,Port:10,0,0,0,Missing,,,,,,,,,0
1,,255214,Port:10,0,0,0,Missing,,,,,,,,,0
1,,255230,Port:10,0,0,0,Missing,,,,,,,,,0
1,,255246,Port:10,0,0,0,Missing,,,,,,,,,0
1,,255262,Port:10,0,0,0,Missing,,,,,,,,,0
1,,255278,Port:10,0,0,0,Missing,,,,,,,,,0
1,,255294,Port:10,0,0,0,Missing,,,,,,,,,0
1,,255310,Port:10,0,0,0,Missing,,,,,,,,,0
1,,255318,Port:10,0,0,0,Missing,,,,,,,,,0
1,,255350,Port:10,0,0,0,Missing,,,,,,,,,0
1,,255366,Port:10,0,0,0,Missing,,,,,,,,,0
1,,255382,Port:10,0,0,0,Missing,,,,,,,,,0
1,,255390,Port:10,0,0,0,Missing,,,,,,,,,0
1,,255414,Port:10,0,0,0,Missing,,,,,,,,,0
1,,255430,Port:10,0,0,0,Missing,,,,,,,,,0
1,,255438,Port:10,0,0,0,Missing,,,,,,,,,0
1,,255454,Port:10,0,0,0,Missing,,,,,,,,,0
1,,255470,Port:10,0,0,0,Missing,,,,,,,,,0
1,,255486,Port:10,0,0,0,Missing,,,,,,,,,0
1,,255502,Port:10,0,0,0,Missing,,,,,,,,,0
1,,255518,Port:10,0,0,0,Missing,,,,,,,,,0
1,,255534,Port:10,0,0,0,Missing,,,,,,,,,0
1,,255550,Port:10,0,0,0,Missing,,,,,,,,,0
1,,255566,Port:10,0,0,0,Missing,,,,,,,,,0
1,,255590,Port:10,0,0,0,Missing,,,,,,,,,0
1,,255606,Port:10,0,0,0,Missing,,,,,,,,,0
1,,255622,Port:10,0,0,0,Missing,,,,,,,,,0
1,,255638,Port:10,0,0,0,Missing,,,,,,,,,0
1,,255654,Port:10,0,0,0,Missing,,,,,,,,,0
1,,255662,Port:10,0,0,0,Missing,,,,,,,,,0
1,,255678,Port:10,0,0,0,Missing,,,,,,,,,0
1,,255694,Port:10,0,0,0,Missing,,,,,,,,,0
1,,255710,Port:10,0,0,0,Missing,,,,,,,,,0
1,,255726,Port:10,0,0,0,Missing,,,,,,,,,0
1,,255742,Port:10,0,0,0,Missing,,,,,,,,,0
1,,255758,Port:10,0,0,0,Missing,,,,,,,,,0
1,,255774,Port:10,0,0,0,Missing,,,,,,,,,0
1,,255782,Port:10,0,0,0,Missing,,,,,,,,,0
1,,255806,Port:10,0,0,0,Missing,,,,,,,,,0
1,,255814,Port:10,0,0,0,Missing,,,,,,,,,0
1,,255846,Port:10,0,0,0,Missing,,,,,,,,,0
1,,255862,Port:10,0,0,0,Missing,,,,,,,,,0
1,,255878,Port:10,0,0,0,Missing,,,,,,,,,0
1,,255894,Port:10,0,0,0,Missing,,,,,,,,,0
1,,255902,Port:10,0,0,0,Missing,,,,,,,,,0
1,,255918,Port:10,0,0,0,Missing,,,,,,,,,0
1,,255942,Port:10,0,0,0,Missing,,,,,,,,,0
1,,255950,Port:10,0,0,0,Missing,,,,,,,,,0
1,,255966,Port:10,0,0,0,Missing,,,,,,,,,0
1,,255982,Port:10,0,0,0,Missing,,,,,,,,,0
1,,255998,Port:10,0,0,0,Missing,,,,,,,,,0
1,,256014,Port:10,0,0,0,Missing,,,,,,,,,0
1,,256030,Port:10,0,0,0,Missing,,,,,,,,,0
1,,256038,Port:10,0,0,0,Missing,,,,,,,,,0
1,,256070,Port:10,0,0,0,Missing,,,,,,,,,0
1,,256086,Port:10,0,0,0,Missing,,,,,,,,,0
1,,256102,Port:10,0,0,0,Missing,,,,,,,,,0
1,,256118,Port:10,0,0,0,Missing,,,,,,,,,0
1,,256134,Port:10,0,0,0,Missing,,,,,,,,,0
1,,256142,Port:10,0,0,0,Missing,,,,,,,,,0
1,,256158,Port:10,0,0,0,Missing,,,,,,,,,0
1,,256174,Port:10,0,0,0,Missing,,,,,,,,,0
1,,256190,Port:10,0,0,0,Missing,,,,,,,,,0
1,,256206,Port:10,0,0,0,Missing,,,,,,,,,0
1,,256222,Port:10,0,0,0,Missing,,,,,,,,,0
1,,256238,Port:10,0,0,0,Missing,,,,,,,,,0
1,,256254,Port:10,0,0,0,Missing,,,,,,,,,0
1,,256270,Port:10,0,0,0,Missing,,,,,,,,,0
1,,256286,Port:10,0,0,0,Missing,,,,,,,,,0
1,,256294,Port:10,0,0,0,Missing,,,,,,,,,0
1,,256326,Port:10,0,0,0,Missing,,,,,,,,,0
1,,256342,Port:10,0,0,0,Missing,,,,,,,,,0
1,,256358,Port:10,0,0,0,Missing,,,,,,,,,0
1,,256374,Port:10,0,0,0,Missing,,,,,,,,,0
1,,256390,Port:10,0,0,0,Missing,,,,,,,,,0
1,,256406,Port:10,0,0,0,Missing,,,,,,,,,0
1,,256422,Port:10,0,0,0,Missing,,,,,,,,,0
1,,256430,Port:10,0,0,0,Missing,,,,,,,,,0
1,,256454,Port:10,0,0,0,Missing,,,,,,,,,0
1,,256470,Port:10,0,0,0,Missing,,,,,,,,,0
1,,256478,Port:10,0,0,0,Missing,,,,,,,,,0
1,,256494,Port:10,0,0,0,Missing,,,,,,,,,0
1,,256510,Port:10,0,0,0,Missing,,,,,,,,,0
1,,256526,Port:10,0,0,0,Missing,,,,,,,,,0
1,,256542,Port:10,0,0,0,Missing,,,,,,,,,0
1,,256558,Port:10,0,0,0,Missing,,,,,,,,,0
1,,256574,Port:10,0,0,0,Missing,,,,,,,,,0
1,,256590,Port:10,0,0,0,Missing,,,,,,,,,0
1,,256606,Port:10,0,0,0,Missing,,,,,,,,,0
1,,256614,Port:10,0,0,0,Missing,,,,,,,,,0
1,,256646,Port:10,0,0,0,Missing,,,,,,,,,0
1,,256662,Port:10,0,0,0,Missing,,,,,,,,,0
1,,256678,Port:10,0,0,0,Missing,,,,,,,,,0
1,,256694,Port:10,0,0,0,Missing,,,,,,,,,0
1,,256702,Port:10,0,0,0,Missing,,,,,,,,,0
1,,256726,Port:10,0,0,0,Missing,,,,,,,,,0
1,,256734,Port:10,0,0,0,Missing,,,,,,,,,0
1,,256750,Port:10,0,0,0,Missing,,,,,,,,,0
1,,256766,Port:10,0,0,0,Missing,,,,,,,,,0
1,,256782,Port:10,0,0,0,Missing,,,,,,,,,0
1,,256798,Port:10,0,0,0,Missing,,,,,,,,,0
1,,256814,Port:10,0,0,0,Missing,,,,,,,,,0
1,,256830,Port:10,0,0,0,Missing,,,,,,,,,0
1,,256846,Port:10,0,0,0,Missing,,,,,,,,,0
1,,256854,Port:10,0,0,0,Missing,,,,,,,,,0
1,,256886,Port:10,0,0,0,Missing,,,,,,,,,0
1,,256902,Port:10,0,0,0,Missing,,,,,,,,,0
1,,256918,Port:10,0,0,0,Missing,,,,,,,,,0
1,,256934,Port:10,0,0,0,Missing,,,,,,,,,0
1,,256950,Port:10,0,0,0,Missing,,,,,,,,,0
1,,256958,Port:10,0,0,0,Missing,,,,,,,,,0
1,,256982,Port:10,0,0,0,Missing,,,,,,,,,0
1,,256990,Port:10,0,0,0,Missing,,,,,,,,,0
1,,257006,Port:10,0,0,0,Missing,,,,,,,,,0
1,,257022,Port:10,0,0,0,Missing,,,,,,,,,0
1,,257038,Port:10,0,0,0,Missing,,,,,,,,,0
1,,257054,Port:10,0,0,0,Missing,,,,,,,,,0
1,,257070,Port:10,0,0,0,Missing,,,,,,,,,0
1,,257078,Port:10,0,0,0,Missing,,,,,,,,,0
1,,257110,Port:10,0,0,0,Missing,,,,,,,,,0
1,,257126,Port:10,0,0,0,Missing,,,,,,,,,0
1,,257142,Port:10,0,0,0,Missing,,,,,,,,,0
1,,257158,Port:10,0,0,0,Missing,,,,,,,,,0
1,,257174,Port:10,0,0,0,Missing,,,,,,,,,0
1,,257182,Port:10,0,0,0,Missing,,,,,,,,,0
1,,257206,Port:10,0,0,0,Missing,,,,,,,,,0
1,,257222,Port:10,0,0,0,Missing,,,,,,,,,0
1,,257230,Port:10,0,0,0,Missing,,,,,,,,,0
1,,257246,Port:10,0,0,0,Missing,,,,,,,,,0
1,,257262,Port:10,0,0,0,Missing,,,,,,,,,0
1,,257278,Port:10,0,0,0,Missing,,,,,,,,,0
1,,257294,Port:10,0,0,0,Missing,,,,,,,,,0
1,,257310,Port:10,0,0,0,Missing,,,,,,,,,0
1,,257318,Port:10,0,0,0,Missing,,,,,,,,,0
1,,257350,Port:10,0,0,0,Missing,,,,,,,,,0
1,,257366,Port:10,0,0,0,Missing,,,,,,,,,0
1,,257382,Port:10,0,0,0,Missing,,,,,,,,,0
1,,257398,Port:10,0,0,0,Missing,,,,,,,,,0
1,,257414,Port:10,0,0,0,Missing,,,,,,,,,0
1,,257430,Port:10,0,0,0,Missing,,,,,,,,,0
1,,257446,Port:10,0,0,0,Missing,,,,,,,,,0
1,,257454,Port:10,0,0,0,Missing,,,,,,,,,0
1,,257470,Port:10,0,0,0,Missing,,,,,,,,,0
1,,257486,Port:10,0,0,0,Missing,,,,,,,,,0
1,,257502,Port:10,0,0,0,Missing,,,,,,,,,0
1,,257518,Port:10,0,0,0,Missing,,,,,,,,,0
1,,257534,Port:10,0,0,0,Missing,,,,,,,,,0
1,,257550,Port:10,0,0,0,Missing,,,,,,,,,0
1,,257566,Port:10,0,0,0,Missing,,,,,,,,,0
1,,257590,Port:10,0,0,0,Missing,,,,,,,,,0
1,,257606,Port:10,0,0,0,Missing,,,,,,,,,0
1,,257622,Port:10,0,0,0,Missing,,,,,,,,,0
1,,257638,Port:10,0,0,0,Missing,,,,,,,,,0
1,,257654,Port:10,0,0,0,Missing,,,,,,,,,0
1,,257670,Port:10,0,0,0,Missing,,,,,,,,,0
1,,257686,Port:10,0,0,0,Missing,,,,,,,,,0
1,,257694,Port:10,0,0,0,Missing,,,,,,,,,0
1,,257710,Port:10,0,0,0,Missing,,,,,,,,,0
1,,257726,Port:10,0,0,0,Missing,,,,,,,,,0
1,,257742,Port:10,0,0,0,Missing,,,,,,,,,0
1,,257758,Port:10,0,0,0,Missing,,,,,,,,,0
1,,257774,Port:10,0,0,0,Missing,,,,,,,,,0
1,,257790,Port:10,0,0,0,Missing,,,,,,,,,0
1,,257806,Port:10,0,0,0,Missing,,,,,,,,,0
1,,257814,Port:10,0,0,0,Missing,,,,,,,,,0
1,,257846,Port:10,0,0,0,Missing,,,,,,,,,0
1,,257862,Port:10,0,0,0,Missing,,,,,,,,,0
1,,257878,Port:10,0,0,0,Missing,,,,,,,,,0
1,,257894,Port:10,0,0,0,Missing,,,,,,,,,0
1,,257910,Port:10,0,0,0,Missing,,,,,,,,,0
1,,257926,Port:10,0,0,0,Missing,,,,,,,,,0
1,,257942,Port:10,0,0,0,Missing,,,,,,,,,0
1,,257950,Port:10,0,0,0,Missing,,,,,,,,,0
1,,257966,Port:10,0,0,0,Missing,,,,,,,,,0
1,,257982,Port:10,0,0,0,Missing,,,,,,,,,0
1,,257998,Port:10,0,0,0,Missing,,,,,,,,,0
1,,258014,Port:10,0,0,0,Missing,,,,,,,,,0
1,,258030,Port:10,0,0,0,Missing,,,,,,,,,0
1,,258062,Port:10,0,0,0,Missing,,,,,,,,,0
1,,258070,Port:10,0,0,0,Missing,,,,,,,,,0
1,,258086,Port:10,0,0,0,Missing,,,,,,,,,0
1,,258102,Port:10,0,0,0,Missing,,,,,,,,,0
1,,258118,Port:10,0,0,0,Missing,,,,,,,,,0
1,,258134,Port:10,0,0,0,Missing,,,,,,,,,0
1,,258150,Port:10,0,0,0,Missing,,,,,,,,,0
1,,258166,Port:10,0,0,0,Missing,,,,,,,,,0
1,,258182,Port:10,0,0,0,Missing,,,,,,,,,0
1,,258190,Port:10,0,0,0,Missing,,,,,,,,,0
1,,258206,Port:10,0,0,0,Missing,,,,,,,,,0
1,,258222,Port:10,0,0,0,Missing,,,,,,,,,0
1,,258238,Port:10,0,0,0,Missing,,,,,,,,,0
1,,258254,Port:10,0,0,0,Missing,,,,,,,,,0
1,,258270,Port:10,0,0,0,Missing,,,,,,,,,0
1,,258278,Port:10,0,0,0,Missing,,,,,,,,,0
1,,258310,Port:10,0,0,0,Missing,,,,,,,,,0
1,,258334,Port:10,0,0,0,Missing,,,,,,,,,0
1,,258342,Port:10,0,0,0,Missing,,,,,,,,,0
1,,258358,Port:10,0,0,0,Missing,,,,,,,,,0
1,,258374,Port:10,0,0,0,Missing,,,,,,,,,0
1,,258390,Port:10,0,0,0,Missing,,,,,,,,,0
1,,258398,Port:10,0,0,0,Missing,,,,,,,,,0
1,,258422,Port:10,0,0,0,Missing,,,,,,,,,0
1,,258430,Port:10,0,0,0,Missing,,,,,,,,,0
1,,258446,Port:10,0,0,0,Missing,,,,,,,,,0
1,,258462,Port:10,0,0,0,Missing,,,,,,,,,0
1,,258478,Port:10,0,0,0,Missing,,,,,,,,,0
1,,258494,Port:10,0,0,0,Missing,,,,,,,,,0
1,,258510,Port:10,0,0,0,Missing,,,,,,,,,0
1,,258542,Port:10,0,0,0,Missing,,,,,,,,,0
1,,258558,Port:10,0,0,0,Missing,,,,,,,,,0
1,,258566,Port:10,0,0,0,Missing,,,,,,,,,0
1,,258582,Port:10,0,0,0,Missing,,,,,,,,,0
1,,258598,Port:10,0,0,0,Missing,,,,,,,,,0
1,,258614,Port:10,0,0,0,Missing,,,,,,,,,0
1,,258630,Port:10,0,0,0,Missing,,,,,,,,,0
1,,258638,Port:10,0,0,0,Missing,,,,,,,,,0
1,,258662,Port:10,0,0,0,Missing,,,,,,,,,0
1,,258670,Port:10,0,0,0,Missing,,,,,,,,,0
1,,258686,Port:10,0,0,0,Missing,,,,,,,,,0
1,,258702,Port:10,0,0,0,Missing,,,,,,,,,0
1,,258718,Port:10,0,0,0,Missing,,,,,,,,,0
1,,258734,Port:10,0,0,0,Missing,,,,,,,,,0
1,,258750,Port:10,0,0,0,Missing,,,,,,,,,0
1,,258766,Port:10,0,0,0,Missing,,,,,,,,,0
1,,258782,Port:10,0,0,0,Missing,,,,,,,,,0
1,,258806,Port:10,0,0,0,Missing,,,,,,,,,0
1,,258822,Port:10,0,0,0,Missing,,,,,,,,,0
1,,258838,Port:10,0,0,0,Missing,,,,,,,,,0
1,,258854,Port:10,0,0,0,Missing,,,,,,,,,0
1,,258870,Port:10,0,0,0,Missing,,,,,,,,,0
1,,258886,Port:10,0,0,0,Missing,,,,,,,,,0
1,,258894,Port:10,0,0,0,Missing,,,,,,,,,0
1,,258918,Port:10,0,0,0,Missing,,,,,,,,,0
1,,258934,Port:10,0,0,0,Missing,,,,,,,,,0
1,,258942,Port:10,0,0,0,Missing,,,,,,,,,0
1,,258958,Port:10,0,0,0,Missing,,,,,,,,,0
1,,258974,Port:10,0,0,0,Missing,,,,,,,,,0
1,,258990,Port:10,0,0,0,Missing,,,,,,,,,0
1,,259014,Port:10,0,0,0,Missing,,,,,,,,,0
1,,259038,Port:10,0,0,0,Missing,,,,,,,,,0
1,,259046,Port:10,0,0,0,Missing,,,,,,,,,0
1,,259062,Port:10,0,0,0,Missing,,,,,,,,,0
1,,259078,Port:10,0,0,0,Missing,,,,,,,,,0
1,,259094,Port:10,0,0,0,Missing,,,,,,,,,0
1,,259110,Port:10,0,0,0,Missing,,,,,,,,,0
1,,259126,Port:10,0,0,0,Missing,,,,,,,,,0
1,,259142,Port:10,0,0,0,Missing,,,,,,,,,0
1,,259150,Port:10,0,0,0,Missing,,,,,,,,,0
1,,259166,Port:10,0,0,0,Missing,,,,,,,,,0
1,,259182,Port:10,0,0,0,Missing,,,,,,,,,0
1,,259198,Port:10,0,0,0,Missing,,,,,,,,,0
1,,259214,Port:10,0,0,0,Missing,,,,,,,,,0
1,,259230,Port:10,0,0,0,Missing,,,,,,,,,0
1,,259246,Port:10,0,0,0,Missing,,,,,,,,,0
1,,259270,Port:10,0,0,0,Missing,,,,,,,,,0
1,,259294,Port:10,0,0,0,Missing,,,,,,,,,0
1,,259302,Port:10,0,0,0,Missing,,,,,,,,,0
1,,259318,Port:10,0,0,0,Missing,,,,,,,,,0
1,,259334,Port:10,0,0,0,Missing,,,,,,,,,0
1,,259350,Port:10,0,0,0,Missing,,,,,,,,,0
1,,259366,Port:10,0,0,0,Missing,,,,,,,,,0
1,,259374,Port:10,0,0,0,Missing,,,,,,,,,0
1,,259390,Port:10,0,0,0,Missing,,,,,,,,,0
1,,259414,Port:10,0,0,0,Missing,,,,,,,,,0
1,,259422,Port:10,0,0,0,Missing,,,,,,,,,0
1,,259438,Port:10,0,0,0,Missing,,,,,,,,,0
1,,259454,Port:10,0,0,0,Missing,,,,,,,,,0
1,,259470,Port:10,0,0,0,Missing,,,,,,,,,0
1,,259486,Port:10,0,0,0,Missing,,,,,,,,,0
1,,259510,Port:10,0,0,0,Missing,,,,,,,,,0
1,,259526,Port:10,0,0,0,Missing,,,,,,,,,0
1,,259542,Port:10,0,0,0,Missing,,,,,,,,,0
1,,259558,Port:10,0,0,0,Missing,,,,,,,,,0
1,,259574,Port:10,0,0,0,Missing,,,,,,,,,0
1,,259590,Port:10,0,0,0,Missing,,,,,,,,,0
1,,259606,Port:10,0,0,0,Missing,,,,,,,,,0
1,,259622,Port:10,0,0,0,Missing,,,,,,,,,0
1,,259638,Port:10,0,0,0,Missing,,,,,,,,,0
1,,259646,Port:10,0,0,0,Missing,,,,,,,,,0
1,,259662,Port:10,0,0,0,Missing,,,,,,,,,0
1,,259678,Port:10,0,0,0,Missing,,,,,,,,,0
1,,259694,Port:10,0,0,0,Missing,,,,,,,,,0
1,,259710,Port:10,0,0,0,Missing,,,,,,,,,0
1,,259742,Port:10,0,0,0,Missing,,,,,,,,,0
1,,259758,Port:10,0,0,0,Missing,,,,,,,,,0
1,,259766,Port:10,0,0,0,Missing,,,,,,,,,0
1,,259782,Port:10,0,0,0,Missing,,,,,,,,,0
1,,259798,Port:10,0,0,0,Missing,,,,,,,,,0
1,,259814,Port:10,0,0,0,Missing,,,,,,,,,0
1,,259830,Port:10,0,0,0,Missing,,,,,,,,,0
1,,259846,Port:10,0,0,0,Missing,,,,,,,,,0
1,,259862,Port:10,0,0,0,Missing,,,,,,,,,0
1,,259870,Port:10,0,0,0,Missing,,,,,,,,,0
1,,259894,Port:10,0,0,0,Missing,,,,,,,,,0
1,,259910,Port:10,0,0,0,Missing,,,,,,,,,0
1,,259918,Port:10,0,0,0,Missing,,,,,,,,,0
1,,259934,Port:10,0,0,0,Missing,,,,,,,,,0
1,,259950,Port:10,0,0,0,Missing,,,,,,,,,0
1,,259966,Port:10,0,0,0,Missing,,,,,,,,,0
1,,259990,Port:10,0,0,0,Missing,,,,,,,,,0
1,,260014,Port:10,0,0,0,Missing,,,,,,,,,0
1,,260030,Port:10,0,0,0,Missing,,,,,,,,,0
1,,260038,Port:10,0,0,0,Missing,,,,,,,,,0
1,,260054,Port:10,0,0,0,Missing,,,,,,,,,0
1,,260070,Port:10,0,0,0,Missing,,,,,,,,,0
1,,260086,Port:10,0,0,0,Missing,,,,,,,,,0
1,,260102,Port:10,0,0,0,Missing,,,,,,,,,0
1,,260110,Port:10,0,0,0,Missing,,,,,,,,,0
1,,260134,Port:10,0,0,0,Missing,,,,,,,,,0
1,,260150,Port:10,0,0,0,Missing,,,,,,,,,0
1,,260158,Port:10,0,0,0,Missing,,,,,,,,,0
1,,260174,Port:10,0,0,0,Missing,,,,,,,,,0
1,,260190,Port:10,0,0,0,Missing,,,,,,,,,0
1,,260206,Port:10,0,0,0,Missing,,,,,,,,,0
1,,260222,Port:10,0,0,0,Missing,,,,,,,,,0
1,,260254,Port:10,0,0,0,Missing,,,,,,,,,0
1,,260270,Port:10,0,0,0,Missing,,,,,,,,,0
1,,260278,Port:10,0,0,0,Missing,,,,,,,,,0
1,,260294,Port:10,0,0,0,Missing,,,,,,,,,0
1,,260310,Port:10,0,0,0,Missing,,,,,,,,,0
1,,260326,Port:10,0,0,0,Missing,,,,,,,,,0
1,,260342,Port:10,0,0,0,Missing,,,,,,,,,0
1,,260358,Port:10,0,0,0,Missing,,,,,,,,,0
1,,260366,Port:10,0,0,0,Missing,,,,,,,,,0
1,,260382,Port:10,0,0,0,Missing,,,,,,,,,0
1,,260398,Port:10,0,0,0,Missing,,,,,,,,,0
1,,260414,Port:10,0,0,0,Missing,,,,,,,,,0
1,,260430,Port:10,0,0,0,Missing,,,,,,,,,0
1,,260446,Port:10,0,0,0,Missing,,,,,,,,,0
1,,260462,Port:10,0,0,0,Missing,,,,,,,,,0
1,,260486,Port:10,0,0,0,Missing,,,,,,,,,0
1,,260510,Port:10,0,0,0,Missing,,,,,,,,,0
1,,260518,Port:10,0,0,0,Missing,,,,,,,,,0
1,,260534,Port:10,0,0,0,Missing,,,,,,,,,0
1,,260550,Port:10,0,0,0,Missing,,,,,,,,,0
1,,260566,Port:10,0,0,0,Missing,,,,,,,,,0
1,,260582,Port:10,0,0,0,Missing,,,,,,,,,0
1,,260598,Port:10,0,0,0,Missing,,,,,,,,,0
1,,260606,Port:10,0,0,0,Missing,,,,,,,,,0
1,,260622,Port:10,0,0,0,Missing,,,,,,,,,0
1,,260646,Port:10,0,0,0,Missing,,,,,,,,,0
1,,260654,Port:10,0,0,0,Missing,,,,,,,,,0
1,,260670,Port:10,0,0,0,Missing,,,,,,,,,0
1,,260686,Port:10,0,0,0,Missing,,,,,,,,,0
1,,260710,Port:10,0,0,0,Missing,,,,,,,,,0
1,,260726,Port:10,0,0,0,Missing,,,,,,,,,0
1,,260742,Port:10,0,0,0,Missing,,,,,,,,,0
1,,260766,Port:10,0,0,0,Missing,,,,,,,,,0
1,,260774,Port:10,0,0,0,Missing,,,,,,,,,0
1,,260790,Port:10,0,0,0,Missing,,,,,,,,,0
1,,260806,Port:10,0,0,0,Missing,,,,,,,,,0
1,,260822,Port:10,0,0,0,Missing,,,,,,,,,0
1,,260830,Port:10,0,0,0,Missing,,,,,,,,,0
1,,260846,Port:10,0,0,0,Missing,,,,,,,,,0
1,,260862,Port:10,0,0,0,Missing,,,,,,,,,0
1,,260886,Port:10,0,0,0,Missing,,,,,,,,,0
1,,260894,Port:10,0,0,0,Missing,,,,,,,,,0
1,,260910,Port:10,0,0,0,Missing,,,,,,,,,0
1,,260926,Port:10,0,0,0,Missing,,,,,,,,,0
1,,260958,Port:10,0,0,0,Missing,,,,,,,,,0
1,,260966,Port:10,0,0,0,Missing,,,,,,,,,0
1,,260990,Port:10,0,0,0,Missing,,,,,,,,,0
1,,260998,Port:10,0,0,0,Missing,,,,,,,,,0
1,,261014,Port:10,0,0,0,Missing,,,,,,,,,0
1,,261030,Port:10,0,0,0,Missing,,,,,,,,,0
1,,261046,Port:10,0,0,0,Missing,,,,,,,,,0
1,,261062,Port:10,0,0,0,Missing,,,,,,,,,0
1,,261078,Port:10,0,0,0,Missing,,,,,,,,,0
1,,261094,Port:10,0,0,0,Missing,,,,,,,,,0
1,,261110,Port:10,0,0,0,Missing,,,,,,,,,0
1,,261118,Port:10,0,0,0,Missing,,,,,,,,,0
1,,261134,Port:10,0,0,0,Missing,,,,,,,,,0
1,,261150,Port:10,0,0,0,Missing,,,,,,,,,0
1,,261182,Port:10,0,0,0,Missing,,,,,,,,,0
1,,261198,Port:10,0,0,0,Missing,,,,,,,,,0
1,,261214,Port:10,0,0,0,Missing,,,,,,,,,0
1,,261230,Port:10,0,0,0,Missing,,,,,,,,,0
1,,261238,Port:10,0,0,0,Missing,,,,,,,,,0
1,,261254,Port:10,0,0,0,Missing,,,,,,,,,0
1,,261270,Port:10,0,0,0,Missing,,,,,,,,,0
1,,261286,Port:10,0,0,0,Missing,,,,,,,,,0
1,,261302,Port:10,0,0,0,Missing,,,,,,,,,0
1,,261318,Port:10,0,0,0,Missing,,,,,,,,,0
1,,261334,Port:10,0,0,0,Missing,,,,,,,,,0
1,,261350,Port:10,0,0,0,Missing,,,,,,,,,0
1,,261358,Port:10,0,0,0,Missing,,,,,,,,,0
1,,261374,Port:10,0,0,0,Missing,,,,,,,,,0
1,,261390,Port:10,0,0,0,Missing,,,,,,,,,0
1,,261406,Port:10,0,0,0,Missing,,,,,,,,,0
1,,261438,Port:10,0,0,0,Missing,,,,,,,,,0
1,,261446,Port:10,0,0,0,Missing,,,,,,,,,0
1,,261470,Port:10,0,0,0,Missing,,,,,,,,,0
1,,261486,Port:10,0,0,0,Missing,,,,,,,,,0
1,,261494,Port:10,0,0,0,Missing,,,,,,,,,0
1,,261510,Port:10,0,0,0,Missing,,,,,,,,,0
1,,261526,Port:10,0,0,0,Missing,,,,,,,,,0
1,,261542,Port:10,0,0,0,Missing,,,,,,,,,0
1,,261558,Port:10,0,0,0,Missing,,,,,,,,,0
1,,261566,Port:10,0,0,0,Missing,,,,,,,,,0
1,,261590,Port:10,0,0,0,Missing,,,,,,,,,0
1,,261606,Port:10,0,0,0,Missing,,,,,,,,,0
1,,261614,Port:10,0,0,0,Missing,,,,,,,,,0
1,,261630,Port:10,0,0,0,Missing,,,,,,,,,0
1,,261646,Port:10,0,0,0,Missing,,,,,,,,,0
1,,261678,Port:10,0,0,0,Missing,,,,,,,,,0
1,,261686,Port:10,0,0,0,Missing,,,,,,,,,0
1,,261710,Port:10,0,0,0,Missing,,,,,,,,,0
1,,261726,Port:10,0,0,0,Missing,,,,,,,,,0
1,,261734,Port:10,0,0,0,Missing,,,,,,,,,0
1,,261750,Port:10,0,0,0,Missing,,,,,,,,,0
1,,261766,Port:10,0,0,0,Missing,,,,,,,,,0
1,,261782,Port:10,0,0,0,Missing,,,,,,,,,0
1,,261798,Port:10,0,0,0,Missing,,,,,,,,,0
1,,261814,Port:10,0,0,0,Missing,,,,,,,,,0
1,,261822,Port:10,0,0,0,Missing,,,,,,,,,0
1,,261838,Port:10,0,0,0,Missing,,,,,,,,,0
1,,261854,Port:10,0,0,0,Missing,,,,,,,,,0
1,,261870,Port:10,0,0,0,Missing,,,,,,,,,0
1,,261886,Port:10,0,0,0,Missing,,,,,,,,,0
1,,261902,Port:10,0,0,0,Missing,,,,,,,,,0
1,,261934,Port:10,0,0,0,Missing,,,,,,,,,0
1,,261942,Port:10,0,0,0,Missing,,,,,,,,,0
1,,261958,Port:10,0,0,0,Missing,,,,,,,,,0
1,,261974,Port:10,0,0,0,Missing,,,,,,,,,0
1,,261990,Port:10,0,0,0,Missing,,,,,,,,,0
1,,262006,Port:10,0,0,0,Missing,,,,,,,,,0
1,,262022,Port:10,0,0,0,Missing,,,,,,,,,0
1,,262038,Port:10,0,0,0,Missing,,,,,,,,,0
1,,262054,Port:10,0,0,0,Missing,,,,,,,,,0
1,,262062,Port:10,0,0,0,Missing,,,,,,,,,0
1,,262078,Port:10,0,0,0,Missing,,,,,,,,,0
1,,262094,Port:10,0,0,0,Missing,,,,,,,,,0
1,,262110,Port:10,0,0,0,Missing,,,,,,,,,0
1,,262126,Port:10,0,0,0,Missing,,,,,,,,,0
1,,262158,Port:10,0,0,0,Missing,,,,,,,,,0
1,,262166,Port:10,0,0,0,Missing,,,,,,,,,0
1,,262190,Port:10,0,0,0,Missing,,,,,,,,,0
1,,262206,Port:10,0,0,0,Missing,,,,,,,,,0
1,,262214,Port:10,0,0,0,Missing,,,,,,,,,0
1,,262230,Port:10,0,0,0,Missing,,,,,,,,,0
1,,262246,Port:10,0,0,0,Missing,,,,,,,,,0
1,,262262,Port:10,0,0,0,Missing,,,,,,,,,0
1,,262278,Port:10,0,0,0,Missing,,,,,,,,,0
1,,262286,Port:10,0,0,0,Missing,,,,,,,,,0
1,,262310,Port:10,0,0,0,Missing,,,,,,,,,0
1,,262326,Port:10,0,0,0,Missing,,,,,,,,,0
1,,262334,Port:10,0,0,0,Missing,,,,,,,,,0
1,,262350,Port:10,0,0,0,Missing,,,,,,,,,0
1,,262366,Port:10,0,0,0,Missing,,,,,,,,,0
1,,262398,Port:10,0,0,0,Missing,,,,,,,,,0
1,,262406,Port:10,0,0,0,Missing,,,,,,,,,0
1,,262430,Port:10,0,0,0,Missing,,,,,,,,,0
1,,262446,Port:10,0,0,0,Missing,,,,,,,,,0
1,,262454,Port:10,0,0,0,Missing,,,,,,,,,0
1,,262470,Port:10,0,0,0,Missing,,,,,,,,,0
1,,262486,Port:10,0,0,0,Missing,,,,,,,,,0
1,,262502,Port:10,0,0,0,Missing,,,,,,,,,0
1,,262518,Port:10,0,0,0,Missing,,,,,,,,,0
1,,262534,Port:10,0,0,0,Missing,,,,,,,,,0
1,,262550,Port:10,0,0,0,Missing,,,,,,,,,0
1,,262566,Port:10,0,0,0,Missing,,,,,,,,,0
1,,262574,Port:10,0,0,0,Missing,,,,,,,,,0
1,,262590,Port:10,0,0,0,Missing,,,,,,,,,0
1,,262606,Port:10,0,0,0,Missing,,,,,,,,,0
1,,262638,Port:10,0,0,0,Missing,,,,,,,,,0
1,,262654,Port:10,0,0,0,Missing,,,,,,,,,0
1,,262670,Port:10,0,0,0,Missing,,,,,,,,,0
1,,262686,Port:10,0,0,0,Missing,,,,,,,,,0
1,,262694,Port:10,0,0,0,Missing,,,,,,,,,0
1,,262710,Port:10,0,0,0,Missing,,,,,,,,,0
1,,262726,Port:10,0,0,0,Missing,,,,,,,,,0
1,,262742,Port:10,0,0,0,Missing,,,,,,,,,0
1,,262758,Port:10,0,0,0,Missing,,,,,,,,,0
1,,262774,Port:10,0,0,0,Missing,,,,,,,,,0
1,,262790,Port:10,0,0,0,Missing,,,,,,,,,0
1,,262798,Port:10,0,0,0,Missing,,,,,,,,,0
1,,262814,Port:10,0,0,0,Missing,,,,,,,,,0
1,,262830,Port:10,0,0,0,Missing,,,,,,,,,0
1,,262846,Port:10,0,0,0,Missing,,,,,,,,,0
1,,262862,Port:10,0,0,0,Missing,,,,,,,,,0
1,,262886,Port:10,0,0,0,Missing,,,,,,,,,0
1,,262910,Port:10,0,0,0,Missing,,,,,,,,,0
1,,262926,Port:10,0,0,0,Missing,,,,,,,,,0
1,,262942,Port:10,0,0,0,Missing,,,,,,,,,0
1,,262950,Port:10,0,0,0,Missing,,,,,,,,,0
1,,262966,Port:10,0,0,0,Missing,,,,,,,,,0
1,,262982,Port:10,0,0,0,Missing,,,,,,,,,0
1,,262998,Port:10,0,0,0,Missing,,,,,,,,,0
1,,263014,Port:10,0,0,0,Missing,,,,,,,,,0
1,,263030,Port:10,0,0,0,Missing,,,,,,,,,0
1,,263038,Port:10,0,0,0,Missing,,,,,,,,,0
1,,263062,Port:10,0,0,0,Missing,,,,,,,,,0
1,,263070,Port:10,0,0,0,Missing,,,,,,,,,0
1,,263086,Port:10,0,0,0,Missing,,,,,,,,,0
1,,263102,Port:10,0,0,0,Missing,,,,,,,,,0
1,,263134,Port:10,0,0,0,Missing,,,,,,,,,0
1,,263142,Port:10,0,0,0,Missing,,,,,,,,,0
1,,263158,Port:10,0,0,0,Missing,,,,,,,,,0
1,,263182,Port:10,0,0,0,Missing,,,,,,,,,0
1,,263190,Port:10,0,0,0,Missing,,,,,,,,,0
1,,263206,Port:10,0,0,0,Missing,,,,,,,,,0
1,,263222,Port:10,0,0,0,Missing,,,,,,,,,0
1,,263238,Port:10,0,0,0,Missing,,,,,,,,,0
1,,263254,Port:10,0,0,0,Missing,,,,,,,,,0
1,,263270,Port:10,0,0,0,Missing,,,,,,,,,0
1,,263286,Port:10,0,0,0,Missing,,,,,,,,,0
1,,263294,Port:10,0,0,0,Missing,,,,,,,,,0
1,,263318,Port:10,0,0,0,Missing,,,,,,,,,0
1,,263342,Port:10,0,0,0,Missing,,,,,,,,,0
1,,263358,Port:10,0,0,0,Missing,,,,,,,,,0
1,,263374,Port:10,0,0,0,Missing,,,,,,,,,0
1,,263390,Port:10,0,0,0,Missing,,,,,,,,,0
1,,263398,Port:10,0,0,0,Missing,,,,,,,,,0
1,,263414,Port:10,0,0,0,Missing,,,,,,,,,0
1,,263430,Port:10,0,0,0,Missing,,,,,,,,,0
1,,263446,Port:10,0,0,0,Missing,,,,,,,,,0
1,,263462,Port:10,0,0,0,Missing,,,,,,,,,0
1,,263478,Port:10,0,0,0,Missing,,,,,,,,,0
1,,263494,Port:10,0,0,0,Missing,,,,,,,,,0
1,,263510,Port:10,0,0,0,Missing,,,,,,,,,0
1,,263518,Port:10,0,0,0,Missing,,,,,,,,,0
1,,263534,Port:10,0,0,0,Missing,,,,,,,,,0
1,,263550,Port:10,0,0,0,Missing,,,,,,,,,0
1,,263566,Port:10,0,0,0,Missing,,,,,,,,,0
1,,263582,Port:10,0,0,0,Missing,,,,,,,,,0
1,,263614,Port:10,0,0,0,Missing,,,,,,,,,0
1,,263622,Port:10,0,0,0,Missing,,,,,,,,,0
1,,263646,Port:10,0,0,0,Missing,,,,,,,,,0
1,,263678,Port:10,0,0,0,Missing,,,,,,,,,0
1,,263710,Port:10,0,0,0,Missing,,,,,,,,,0
1,,263726,Port:10,0,0,0,Missing,,,,,,,,,0
1,,263742,Port:10,0,0,0,Missing,,,,,,,,,0
1,,263750,Port:10,0,0,0,Missing,,,,,,,,,0
1,,263766,Port:10,0,0,0,Missing,,,,,,,,,0
1,,263782,Port:10,0,0,0,Missing,,,,,,,,,0
1,,263798,Port:10,0,0,0,Missing,,,,,,,,,0
1,,263814,Port:10,0,0,0,Missing,,,,,,,,,0
1,,263830,Port:10,0,0,0,Missing,,,,,,,,,0
1,,263846,Port:10,0,0,0,Missing,,,,,,,,,0
1,,263862,Port:10,0,0,0,Missing,,,,,,,,,0
1,,263870,Port:10,0,0,0,Missing,,,,,,,,,0
1,,263886,Port:10,0,0,0,Missing,,,,,,,,,0
1,,263918,Port:10,0,0,0,Missing,,,,,,,,,0
1,,263934,Port:10,0,0,0,Missing,,,,,,,,,0
1,,263950,Port:10,0,0,0,Missing,,,,,,,,,0
1,,263966,Port:10,0,0,0,Missing,,,,,,,,,0
1,,263982,Port:10,0,0,0,Missing,,,,,,,,,0
1,,263990,Port:10,0,0,0,Missing,,,,,,,,,0
1,,264006,Port:10,0,0,0,Missing,,,,,,,,,0
1,,264022,Port:10,0,0,0,Missing,,,,,,,,,0
1,,264038,Port:10,0,0,0,Missing,,,,,,,,,0
1,,264054,Port:10,0,0,0,Missing,,,,,,,,,0
1,,264070,Port:10,0,0,0,Missing,,,,,,,,,0
1,,264086,Port:10,0,0,0,Missing,,,,,,,,,0
1,,264094,Port:10,0,0,0,Missing,,,,,,,,,0
1,,264126,Port:10,0,0,0,Missing,,,,,,,,,0
1,,264142,Port:10,0,0,0,Missing,,,,,,,,,0
1,,264158,Port:10,0,0,0,Missing,,,,,,,,,0
1,,264174,Port:10,0,0,0,Missing,,,,,,,,,0
1,,264190,Port:10,0,0,0,Missing,,,,,,,,,0
1,,264206,Port:10,0,0,0,Missing,,,,,,,,,0
1,,264222,Port:10,0,0,0,Missing,,,,,,,,,0
1,,264230,Port:10,0,0,0,Missing,,,,,,,,,0
1,,264246,Port:10,0,0,0,Missing,,,,,,,,,0
1,,264262,Port:10,0,0,0,Missing,,,,,,,,,0
1,,264278,Port:10,0,0,0,Missing,,,,,,,,,0
1,,264294,Port:10,0,0,0,Missing,,,,,,,,,0
1,,264310,Port:10,0,0,0,Missing,,,,,,,,,0
1,,264326,Port:10,0,0,0,Missing,,,,,,,,,0
1,,264342,Port:10,0,0,0,Missing,,,,,,,,,0
1,,264350,Port:10,0,0,0,Missing,,,,,,,,,0
1,,264366,Port:10,0,0,0,Missing,,,,,,,,,0
1,,264382,Port:10,0,0,0,Missing,,,,,,,,,0
1,,264414,Port:10,0,0,0,Missing,,,,,,,,,0
1,,264430,Port:10,0,0,0,Missing,,,,,,,,,0
1,,264446,Port:10,0,0,0,Missing,,,,,,,,,0
1,,264454,Port:10,0,0,0,Missing,,,,,,,,,0
1,,264470,Port:10,0,0,0,Missing,,,,,,,,,0
1,,264486,Port:10,0,0,0,Missing,,,,,,,,,0
1,,264502,Port:10,0,0,0,Missing,,,,,,,,,0
1,,264518,Port:10,0,0,0,Missing,,,,,,,,,0
1,,264534,Port:10,0,0,0,Missing,,,,,,,,,0
1,,264550,Port:10,0,0,0,Missing,,,,,,,,,0
1,,264558,Port:10,0,0,0,Missing,,,,,,,,,0
1,,264574,Port:10,0,0,0,Missing,,,,,,,,,0
1,,264598,Port:10,0,0,0,Missing,,,,,,,,,0
1,,264606,Port:10,0,0,0,Missing,,,,,,,,,0
1,,264622,Port:10,0,0,0,Missing,,,,,,,,,0
1,,264654,Port:10,0,0,0,Missing,,,,,,,,,0
1,,264670,Port:10,0,0,0,Missing,,,,,,,,,0
1,,264678,Port:10,0,0,0,Missing,,,,,,,,,0
1,,264694,Port:10,0,0,0,Missing,,,,,,,,,0
1,,264718,Port:10,0,0,0,Missing,,,,,,,,,0
1,,264726,Port:10,0,0,0,Missing,,,,,,,,,0
1,,264742,Port:10,0,0,0,Missing,,,,,,,,,0
1,,264758,Port:10,0,0,0,Missing,,,,,,,,,0
1,,264774,Port:10,0,0,0,Missing,,,,,,,,,0
1,,264790,Port:10,0,0,0,Missing,,,,,,,,,0
1,,264806,Port:10,0,0,0,Missing,,,,,,,,,0
1,,264822,Port:10,0,0,0,Missing,,,,,,,,,0
1,,264830,Port:10,0,0,0,Missing,,,,,,,,,0
1,,264862,Port:10,0,0,0,Missing,,,,,,,,,0
1,,264878,Port:10,0,0,0,Missing,,,,,,,,,0
1,,264894,Port:10,0,0,0,Missing,,,,,,,,,0
1,,264910,Port:10,0,0,0,Missing,,,,,,,,,0
1,,264926,Port:10,0,0,0,Missing,,,,,,,,,0
1,,264934,Port:10,0,0,0,Missing,,,,,,,,,0
1,,264950,Port:10,0,0,0,Missing,,,,,,,,,0
1,,264966,Port:10,0,0,0,Missing,,,,,,,,,0
1,,264982,Port:10,0,0,0,Missing,,,,,,,,,0
1,,264998,Port:10,0,0,0,Missing,,,,,,,,,0
1,,265014,Port:10,0,0,0,Missing,,,,,,,,,0
1,,265030,Port:10,0,0,0,Missing,,,,,,,,,0
1,,265046,Port:10,0,0,0,Missing,,,,,,,,,0
1,,265054,Port:10,0,0,0,Missing,,,,,,,,,0
1,,265070,Port:10,0,0,0,Missing,,,,,,,,,0
1,,265086,Port:10,0,0,0,Missing,,,,,,,,,0
1,,265118,Port:10,0,0,0,Missing,,,,,,,,,0
1,,265134,Port:10,0,0,0,Missing,,,,,,,,,0
1,,265150,Port:10,0,0,0,Missing,,,,,,,,,0
1,,265166,Port:10,0,0,0,Missing,,,,,,,,,0
1,,265182,Port:10,0,0,0,Missing,,,,,,,,,0
1,,265190,Port:10,0,0,0,Missing,,,,,,,,,0
1,,265214,Port:10,0,0,0,Missing,,,,,,,,,0
1,,265222,Port:10,0,0,0,Missing,,,,,,,,,0
1,,265238,Port:10,0,0,0,Missing,,,,,,,,,0
1,,265254,Port:10,0,0,0,Missing,,,,,,,,,0
1,,265270,Port:10,0,0,0,Missing,,,,,,,,,0
1,,265286,Port:10,0,0,0,Missing,,,,,,,,,0
1,,265294,Port:10,0,0,0,Missing,,,,,,,,,0
1,,265318,Port:10,0,0,0,Missing,,,,,,,,,0
1,,265334,Port:10,0,0,0,Missing,,,,,,,,,0
1,,265342,Port:10,0,0,0,Missing,,,,,,,,,0
1,,265374,Port:10,0,0,0,Missing,,,,,,,,,0
1,,265390,Port:10,0,0,0,Missing,,,,,,,,,0
1,,265406,Port:10,0,0,0,Missing,,,,,,,,,0
1,,265414,Port:10,0,0,0,Missing,,,,,,,,,0
1,,265438,Port:10,0,0,0,Missing,,,,,,,,,0
1,,265454,Port:10,0,0,0,Missing,,,,,,,,,0
1,,265462,Port:10,0,0,0,Missing,,,,,,,,,0
1,,265478,Port:10,0,0,0,Missing,,,,,,,,,0
1,,265494,Port:10,0,0,0,Missing,,,,,,,,,0
1,,265510,Port:10,0,0,0,Missing,,,,,,,,,0
1,,265526,Port:10,0,0,0,Missing,,,,,,,,,0
1,,265542,Port:10,0,0,0,Missing,,,,,,,,,0
1,,265558,Port:10,0,0,0,Missing,,,,,,,,,0
1,,265574,Port:10,0,0,0,Missing,,,,,,,,,0
1,,265598,Port:10,0,0,0,Missing,,,,,,,,,0
1,,265614,Port:10,0,0,0,Missing,,,,,,,,,0
1,,265630,Port:10,0,0,0,Missing,,,,,,,,,0
1,,265646,Port:10,0,0,0,Missing,,,,,,,,,0
1,,265662,Port:10,0,0,0,Missing,,,,,,,,,0
1,,265670,Port:10,0,0,0,Missing,,,,,,,,,0
1,,265686,Port:10,0,0,0,Missing,,,,,,,,,0
1,,265702,Port:10,0,0,0,Missing,,,,,,,,,0
1,,265718,Port:10,0,0,0,Missing,,,,,,,,,0
1,,265734,Port:10,0,0,0,Missing,,,,,,,,,0
1,,265750,Port:10,0,0,0,Missing,,,,,,,,,0
1,,265766,Port:10,0,0,0,Missing,,,,,,,,,0
1,,265782,Port:10,0,0,0,Missing,,,,,,,,,0
1,,265798,Port:10,0,0,0,Missing,,,,,,,,,0
1,,265806,Port:10,0,0,0,Missing,,,,,,,,,0
1,,265838,Port:10,0,0,0,Missing,,,,,,,,,0
1,,265854,Port:10,0,0,0,Missing,,,,,,,,,0
1,,265870,Port:10,0,0,0,Missing,,,,,,,,,0
1,,265886,Port:10,0,0,0,Missing,,,,,,,,,0
1,,265902,Port:10,0,0,0,Missing,,,,,,,,,0
1,,265910,Port:10,0,0,0,Missing,,,,,,,,,0
1,,265926,Port:10,0,0,0,Missing,,,,,,,,,0
1,,265942,Port:10,0,0,0,Missing,,,,,,,,,0
1,,265958,Port:10,0,0,0,Missing,,,,,,,,,0
1,,265974,Port:10,0,0,0,Missing,,,,,,,,,0
1,,265990,Port:10,0,0,0,Missing,,,,,,,,,0
1,,266006,Port:10,0,0,0,Missing,,,,,,,,,0
1,,266022,Port:10,0,0,0,Missing,,,,,,,,,0
1,,266038,Port:10,0,0,0,Missing,,,,,,,,,0
1,,266054,Port:10,0,0,0,Missing,,,,,,,,,0
1,,266078,Port:10,0,0,0,Missing,,,,,,,,,0
1,,266094,Port:10,0,0,0,Missing,,,,,,,,,0
1,,266110,Port:10,0,0,0,Missing,,,,,,,,,0
1,,266126,Port:10,0,0,0,Missing,,,,,,,,,0
1,,266142,Port:10,0,0,0,Missing,,,,,,,,,0
1,,266158,Port:10,0,0,0,Missing,,,,,,,,,0
1,,266166,Port:10,0,0,0,Missing,,,,,,,,,0
1,,266182,Port:10,0,0,0,Missing,,,,,,,,,0
1,,266198,Port:10,0,0,0,Missing,,,,,,,,,0
1,,266214,Port:10,0,0,0,Missing,,,,,,,,,0
1,,266230,Port:10,0,0,0,Missing,,,,,,,,,0
1,,266246,Port:10,0,0,0,Missing,,,,,,,,,0
1,,266254,Port:10,0,0,0,Missing,,,,,,,,,0
1,,266270,Port:10,0,0,0,Missing,,,,,,,,,0
1,,266286,Port:10,0,0,0,Missing,,,,,,,,,0
1,,266318,Port:10,0,0,0,Missing,,,,,,,,,0
1,,266334,Port:10,0,0,0,Missing,,,,,,,,,0
1,,266350,Port:10,0,0,0,Missing,,,,,,,,,0
1,,266366,Port:10,0,0,0,Missing,,,,,,,,,0
1,,266374,Port:10,0,0,0,Missing,,,,,,,,,0
1,,266398,Port:10,0,0,0,Missing,,,,,,,,,0
1,,266414,Port:10,0,0,0,Missing,,,,,,,,,0
1,,266422,Port:10,0,0,0,Missing,,,,,,,,,0
1,,266438,Port:10,0,0,0,Missing,,,,,,,,,0
1,,266454,Port:10,0,0,0,Missing,,,,,,,,,0
1,,266470,Port:10,0,0,0,Missing,,,,,,,,,0
1,,266486,Port:10,0,0,0,Missing,,,,,,,,,0
1,,266494,Port:10,0,0,0,Missing,,,,,,,,,0
1,,266518,Port:10,0,0,0,Missing,,,,,,,,,0
1,,266542,Port:10,0,0,0,Missing,,,,,,,,,0
1,,266558,Port:10,0,0,0,Missing,,,,,,,,,0
1,,266574,Port:10,0,0,0,Missing,,,,,,,,,0
1,,266590,Port:10,0,0,0,Missing,,,,,,,,,0
1,,266606,Port:10,0,0,0,Missing,,,,,,,,,0
1,,266622,Port:10,0,0,0,Missing,,,,,,,,,0
1,,266638,Port:10,0,0,0,Missing,,,,,,,,,0
1,,266646,Port:10,0,0,0,Missing,,,,,,,,,0
1,,266662,Port:10,0,0,0,Missing,,,,,,,,,0
1,,266678,Port:10,0,0,0,Missing,,,,,,,,,0
1,,266694,Port:10,0,0,0,Missing,,,,,,,,,0
1,,266710,Port:10,0,0,0,Missing,,,,,,,,,0
1,,266726,Port:10,0,0,0,Missing,,,,,,,,,0
1,,266742,Port:10,0,0,0,Missing,,,,,,,,,0
1,,266750,Port:10,0,0,0,Missing,,,,,,,,,0
1,,266790,Port:10,0,0,0,Missing,,,,,,,,,0
1,,266798,Port:10,0,0,0,Missing,,,,,,,,,0
1,,266814,Port:10,0,0,0,Missing,,,,,,,,,0
1,,266830,Port:10,0,0,0,Missing,,,,,,,,,0
1,,266846,Port:10,0,0,0,Missing,,,,,,,,,0
1,,266862,Port:10,0,0,0,Missing,,,,,,,,,0
1,,266878,Port:10,0,0,0,Missing,,,,,,,,,0
1,,266886,Port:10,0,0,0,Missing,,,,,,,,,0
1,,266902,Port:10,0,0,0,Missing,,,,,,,,,0
1,,266918,Port:10,0,0,0,Missing,,,,,,,,,0
1,,266934,Port:10,0,0,0,Missing,,,,,,,,,0
1,,266950,Port:10,0,0,0,Missing,,,,,,,,,0
1,,266966,Port:10,0,0,0,Missing,,,,,,,,,0
1,,266982,Port:10,0,0,0,Missing,,,,,,,,,0
1,,266990,Port:10,0,0,0,Missing,,,,,,,,,0
1,,267022,Port:10,0,0,0,Missing,,,,,,,,,0
1,,267038,Port:10,0,0,0,Missing,,,,,,,,,0
1,,267054,Port:10,0,0,0,Missing,,,,,,,,,0
1,,267070,Port:10,0,0,0,Missing,,,,,,,,,0
1,,267086,Port:10,0,0,0,Missing,,,,,,,,,0
1,,267102,Port:10,0,0,0,Missing,,,,,,,,,0
1,,267118,Port:10,0,0,0,Missing,,,,,,,,,0
1,,267134,Port:10,0,0,0,Missing,,,,,,,,,0
1,,267150,Port:10,0,0,0,Missing,,,,,,,,,0
1,,267158,Port:10,0,0,0,Missing,,,,,,,,,0
1,,267174,Port:10,0,0,0,Missing,,,,,,,,,0
1,,267190,Port:10,0,0,0,Missing,,,,,,,,,0
1,,267206,Port:10,0,0,0,Missing,,,,,,,,,0
1,,267222,Port:10,0,0,0,Missing,,,,,,,,,0
1,,267246,Port:10,0,0,0,Missing,,,,,,,,,0
1,,267270,Port:10,0,0,0,Missing,,,,,,,,,0
1,,267278,Port:10,0,0,0,Missing,,,,,,,,,0
1,,267294,Port:10,0,0,0,Missing,,,,,,,,,0
1,,267310,Port:10,0,0,0,Missing,,,,,,,,,0
1,,267326,Port:10,0,0,0,Missing,,,,,,,,,0
1,,267342,Port:10,0,0,0,Missing,,,,,,,,,0
1,,267350,Port:10,0,0,0,Missing,,,,,,,,,0
1,,267366,Port:10,0,0,0,Missing,,,,,,,,,0
1,,267390,Port:10,0,0,0,Missing,,,,,,,,,0
1,,267398,Port:10,0,0,0,Missing,,,,,,,,,0
1,,267414,Port:10,0,0,0,Missing,,,,,,,,,0
1,,267430,Port:10,0,0,0,Missing,,,,,,,,,0
1,,267446,Port:10,0,0,0,Missing,,,,,,,,,0
1,,267462,Port:10,0,0,0,Missing,,,,,,,,,0
1,,267470,Port:10,0,0,0,Missing,,,,,,,,,0
1,,267510,Port:10,0,0,0,Missing,,,,,,,,,0
1,,267518,Port:10,0,0,0,Missing,,,,,,,,,0
1,,267534,Port:10,0,0,0,Missing,,,,,,,,,0
1,,267550,Port:10,0,0,0,Missing,,,,,,,,,0
1,,267566,Port:10,0,0,0,Missing,,,,,,,,,0
1,,267582,Port:10,0,0,0,Missing,,,,,,,,,0
1,,267598,Port:10,0,0,0,Missing,,,,,,,,,0
1,,267614,Port:10,0,0,0,Missing,,,,,,,,,0
1,,267630,Port:10,0,0,0,Missing,,,,,,,,,0
1,,267638,Port:10,0,0,0,Missing,,,,,,,,,0
1,,267654,Port:10,0,0,0,Missing,,,,,,,,,0
1,,267670,Port:10,0,0,0,Missing,,,,,,,,,0
1,,267686,Port:10,0,0,0,Missing,,,,,,,,,0
1,,267702,Port:10,0,0,0,Missing,,,,,,,,,0
1,,267718,Port:10,0,0,0,Missing,,,,,,,,,0
1,,267734,Port:10,0,0,0,Missing,,,,,,,,,0
1,,267742,Port:10,0,0,0,Missing,,,,,,,,,0
1,,267774,Port:10,0,0,0,Missing,,,,,,,,,0
1,,267790,Port:10,0,0,0,Missing,,,,,,,,,0
1,,267806,Port:10,0,0,0,Missing,,,,,,,,,0
1,,267822,Port:10,0,0,0,Missing,,,,,,,,,0
1,,267838,Port:10,0,0,0,Missing,,,,,,,,,0
1,,267854,Port:10,0,0,0,Missing,,,,,,,,,0
1,,267862,Port:10,0,0,0,Missing,,,,,,,,,0
1,,267878,Port:10,0,0,0,Missing,,,,,,,,,0
1,,267894,Port:10,0,0,0,Missing,,,,,,,,,0
1,,267910,Port:10,0,0,0,Missing,,,,,,,,,0
1,,267926,Port:10,0,0,0,Missing,,,,,,,,,0
1,,267942,Port:10,0,0,0,Missing,,,,,,,,,0
1,,267958,Port:10,0,0,0,Missing,,,,,,,,,0
1,,267974,Port:10,0,0,0,Missing,,,,,,,,,0
1,,267990,Port:10,0,0,0,Missing,,,,,,,,,0
1,,268014,Port:10,0,0,0,Missing,,,,,,,,,0
1,,268030,Port:10,0,0,0,Missing,,,,,,,,,0
1,,268046,Port:10,0,0,0,Missing,,,,,,,,,0
1,,268062,Port:10,0,0,0,Missing,,,,,,,,,0
1,,268078,Port:10,0,0,0,Missing,,,,,,,,,0
1,,268094,Port:10,0,0,0,Missing,,,,,,,,,0
1,,268110,Port:10,0,0,0,Missing,,,,,,,,,0
1,,268118,Port:10,0,0,0,Missing,,,,,,,,,0
1,,268134,Port:10,0,0,0,Missing,,,,,,,,,0
1,,268150,Port:10,0,0,0,Missing,,,,,,,,,0
1,,268166,Port:10,0,0,0,Missing,,,,,,,,,0
1,,268182,Port:10,0,0,0,Missing,,,,,,,,,0
1,,268198,Port:10,0,0,0,Missing,,,,,,,,,0
1,,268214,Port:10,0,0,0,Missing,,,,,,,,,0
1,,268230,Port:10,0,0,0,Missing,,,,,,,,,0
1,,268254,Port:10,0,0,0,Missing,,,,,,,,,0
1,,268270,Port:10,0,0,0,Missing,,,,,,,,,0
1,,268286,Port:10,0,0,0,Missing,,,,,,,,,0
1,,268310,Port:10,0,0,0,Missing,,,,,,,,,0
1,,268326,Port:10,0,0,0,Missing,,,,,,,,,0
1,,268334,Port:10,0,0,0,Missing,,,,,,,,,0
1,,268350,Port:10,0,0,0,Missing,,,,,,,,,0
1,,268366,Port:10,0,0,0,Missing,,,,,,,,,0
1,,268382,Port:10,0,0,0,Missing,,,,,,,,,0
1,,268398,Port:10,0,0,0,Missing,,,,,,,,,0
1,,268414,Port:10,0,0,0,Missing,,,,,,,,,0
1,,268430,Port:10,0,0,0,Missing,,,,,,,,,0
1,,268446,Port:10,0,0,0,Missing,,,,,,,,,0
1,,268454,Port:10,0,0,0,Missing,,,,,,,,,0
1,,268470,Port:10,0,0,0,Missing,,,,,,,,,0
1,,268486,Port:10,0,0,0,Missing,,,,,,,,,0
1,,268502,Port:10,0,0,0,Missing,,,,,,,,,0
1,,268518,Port:10,0,0,0,Missing,,,,,,,,,0
1,,268534,Port:10,0,0,0,Missing,,,,,,,,,0
1,,268550,Port:10,0,0,0,Missing,,,,,,,,,0
1,,268566,Port:10,0,0,0,Missing,,,,,,,,,0
1,,268590,Port:10,0,0,0,Missing,,,,,,,,,0
1,,268606,Port:10,0,0,0,Missing,,,,,,,,,0
1,,268622,Port:10,0,0,0,Missing,,,,,,,,,0
1,,268638,Port:10,0,0,0,Missing,,,,,,,,,0
1,,268654,Port:10,0,0,0,Missing,,,,,,,,,0
1,,268670,Port:10,0,0,0,Missing,,,,,,,,,0
1,,268678,Port:10,0,0,0,Missing,,,,,,,,,0
1,,268694,Port:10,0,0,0,Missing,,,,,,,,,0
1,,268710,Port:10,0,0,0,Missing,,,,,,,,,0
1,,268726,Port:10,0,0,0,Missing,,,,,,,,,0
1,,268742,Port:10,0,0,0,Missing,,,,,,,,,0
1,,268758,Port:10,0,0,0,Missing,,,,,,,,,0
1,,268774,Port:10,0,0,0,Missing,,,,,,,,,0
1,,268790,Port:10,0,0,0,Missing,,,,,,,,,0
1,,268814,Port:10,0,0,0,Missing,,,,,,,,,0
1,,268830,Port:10,0,0,0,Missing,,,,,,,,,0
1,,268846,Port:10,0,0,0,Missing,,,,,,,,,0
1,,268862,Port:10,0,0,0,Missing,,,,,,,,,0
1,,268878,Port:10,0,0,0,Missing,,,,,,,,,0
1,,268894,Port:10,0,0,0,Missing,,,,,,,,,0
1,,268910,Port:10,0,0,0,Missing,,,,,,,,,0
1,,268918,Port:10,0,0,0,Missing,,,,,,,,,0
1,,268934,Port:10,0,0,0,Missing,,,,,,,,,0
1,,268950,Port:10,0,0,0,Missing,,,,,,,,,0
1,,268966,Port:10,0,0,0,Missing,,,,,,,,,0
1,,268982,Port:10,0,0,0,Missing,,,,,,,,,0
1,,268998,Port:10,0,0,0,Missing,,,,,,,,,0
1,,269014,Port:10,0,0,0,Missing,,,,,,,,,0
1,,269038,Port:10,0,0,0,Missing,,,,,,,,,0
1,,269054,Port:10,0,0,0,Missing,,,,,,,,,0
1,,269070,Port:10,0,0,0,Missing,,,,,,,,,0
1,,269086,Port:10,0,0,0,Missing,,,,,,,,,0
1,,269102,Port:10,0,0,0,Missing,,,,,,,,,0
1,,269118,Port:10,0,0,0,Missing,,,,,,,,,0
1,,269126,Port:10,0,0,0,Missing,,,,,,,,,0
1,,269150,Port:10,0,0,0,Missing,,,,,,,,,0
1,,269166,Port:10,0,0,0,Missing,,,,,,,,,0
1,,269174,Port:10,0,0,0,Missing,,,,,,,,,0
1,,269190,Port:10,0,0,0,Missing,,,,,,,,,0
1,,269206,Port:10,0,0,0,Missing,,,,,,,,,0
1,,269222,Port:10,0,0,0,Missing,,,,,,,,,0
1,,269238,Port:10,0,0,0,Missing,,,,,,,,,0
1,,269270,Port:10,0,0,0,Missing,,,,,,,,,0
1,,269286,Port:10,0,0,0,Missing,,,,,,,,,0
1,,269294,Port:10,0,0,0,Missing,,,,,,,,,0
1,,269310,Port:10,0,0,0,Missing,,,,,,,,,0
1,,269326,Port:10,0,0,0,Missing,,,,,,,,,0
1,,269342,Port:10,0,0,0,Missing,,,,,,,,,0
1,,269358,Port:10,0,0,0,Missing,,,,,,,,,0
1,,269374,Port:10,0,0,0,Missing,,,,,,,,,0
1,,269390,Port:10,0,0,0,Missing,,,,,,,,,0
1,,269406,Port:10,0,0,0,Missing,,,,,,,,,0
1,,269414,Port:10,0,0,0,Missing,,,,,,,,,0
1,,269430,Port:10,0,0,0,Missing,,,,,,,,,0
1,,269446,Port:10,0,0,0,Missing,,,,,,,,,0
1,,269462,Port:10,0,0,0,Missing,,,,,,,,,0
1,,269478,Port:10,0,0,0,Missing,,,,,,,,,0
1,,269494,Port:10,0,0,0,Missing,,,,,,,,,0
1,,269510,Port:10,0,0,0,Missing,,,,,,,,,0
1,,269534,Port:10,0,0,0,Missing,,,,,,,,,0
1,,269550,Port:10,0,0,0,Missing,,,,,,,,,0
1,,269566,Port:10,0,0,0,Missing,,,,,,,,,0
1,,269582,Port:10,0,0,0,Missing,,,,,,,,,0
1,,269598,Port:10,0,0,0,Missing,,,,,,,,,0
1,,269614,Port:10,0,0,0,Missing,,,,,,,,,0
1,,269630,Port:10,0,0,0,Missing,,,,,,,,,0
1,,269638,Port:10,0,0,0,Missing,,,,,,,,,0
1,,269654,Port:10,0,0,0,Missing,,,,,,,,,0
1,,269670,Port:10,0,0,0,Missing,,,,,,,,,0
1,,269686,Port:10,0,0,0,Missing,,,,,,,,,0
1,,269702,Port:10,0,0,0,Missing,,,,,,,,,0
1,,269718,Port:10,0,0,0,Missing,,,,,,,,,0
1,,269734,Port:10,0,0,0,Missing,,,,,,,,,0
1,,269758,Port:10,0,0,0,Missing,,,,,,,,,0
1,,269774,Port:10,0,0,0,Missing,,,,,,,,,0
1,,269790,Port:10,0,0,0,Missing,,,,,,,,,0
1,,269806,Port:10,0,0,0,Missing,,,,,,,,,0
1,,269822,Port:10,0,0,0,Missing,,,,,,,,,0
1,,269838,Port:10,0,0,0,Missing,,,,,,,,,0
1,,269854,Port:10,0,0,0,Missing,,,,,,,,,0
1,,269870,Port:10,0,0,0,Missing,,,,,,,,,0
1,,269886,Port:10,0,0,0,Missing,,,,,,,,,0
1,,269894,Port:10,0,0,0,Missing,,,,,,,,,0
1,,269910,Port:10,0,0,0,Missing,,,,,,,,,0
1,,269926,Port:10,0,0,0,Missing,,,,,,,,,0
1,,269942,Port:10,0,0,0,Missing,,,,,,,,,0
1,,269958,Port:10,0,0,0,Missing,,,,,,,,,0
1,,269974,Port:10,0,0,0,Missing,,,,,,,,,0
1,,269990,Port:10,0,0,0,Missing,,,,,,,,,0
1,,270006,Port:10,0,0,0,Missing,,,,,,,,,0
1,,270030,Port:10,0,0,0,Missing,,,,,,,,,0
1,,270046,Port:10,0,0,0,Missing,,,,,,,,,0
1,,270062,Port:10,0,0,0,Missing,,,,,,,,,0
1,,270078,Port:10,0,0,0,Missing,,,,,,,,,0
1,,270094,Port:10,0,0,0,Missing,,,,,,,,,0
1,,270110,Port:10,0,0,0,Missing,,,,,,,,,0
1,,270126,Port:10,0,0,0,Missing,,,,,,,,,0
1,,270142,Port:10,0,0,0,Missing,,,,,,,,,0
1,,270150,Port:10,0,0,0,Missing,,,,,,,,,0
1,,270166,Port:10,0,0,0,Missing,,,,,,,,,0
1,,270182,Port:10,0,0,0,Missing,,,,,,,,,0
1,,270198,Port:10,0,0,0,Missing,,,,,,,,,0
1,,270214,Port:10,0,0,0,Missing,,,,,,,,,0
1,,270230,Port:10,0,0,0,Missing,,,,,,,,,0
1,,270254,Port:10,0,0,0,Missing,,,,,,,,,0
1,,270270,Port:10,0,0,0,Missing,,,,,,,,,0
1,,270294,Port:10,0,0,0,Missing,,,,,,,,,0
1,,270302,Port:10,0,0,0,Missing,,,,,,,,,0
1,,270318,Port:10,0,0,0,Missing,,,,,,,,,0
1,,270334,Port:10,0,0,0,Missing,,,,,,,,,0
1,,270350,Port:10,0,0,0,Missing,,,,,,,,,0
1,,270366,Port:10,0,0,0,Missing,,,,,,,,,0
1,,270374,Port:10,0,0,0,Missing,,,,,,,,,0
1,,270390,Port:10,0,0,0,Missing,,,,,,,,,0
1,,270414,Port:10,0,0,0,Missing,,,,,,,,,0
1,,270422,Port:10,0,0,0,Missing,,,,,,,,,0
1,,270438,Port:10,0,0,0,Missing,,,,,,,,,0
1,,270454,Port:10,0,0,0,Missing,,,,,,,,,0
1,,270470,Port:10,0,0,0,Missing,,,,,,,,,0
1,,270494,Port:10,0,0,0,Missing,,,,,,,,,0
1,,270510,Port:10,0,0,0,Missing,,,,,,,,,0
1,,270534,Port:10,0,0,0,Missing,,,,,,,,,0
1,,270542,Port:10,0,0,0,Missing,,,,,,,,,0
1,,270558,Port:10,0,0,0,Missing,,,,,,,,,0
1,,270574,Port:10,0,0,0,Missing,,,,,,,,,0
1,,270590,Port:10,0,0,0,Missing,,,,,,,,,0
1,,270606,Port:10,0,0,0,Missing,,,,,,,,,0
1,,270614,Port:10,0,0,0,Missing,,,,,,,,,0
1,,270630,Port:10,0,0,0,Missing,,,,,,,,,0
1,,270654,Port:10,0,0,0,Missing,,,,,,,,,0
1,,270662,Port:10,0,0,0,Missing,,,,,,,,,0
1,,270678,Port:10,0,0,0,Missing,,,,,,,,,0
1,,270694,Port:10,0,0,0,Missing,,,,,,,,,0
1,,270726,Port:10,0,0,0,Missing,,,,,,,,,0
1,,270734,Port:10,0,0,0,Missing,,,,,,,,,0
1,,270750,Port:10,0,0,0,Missing,,,,,,,,,0
1,,270774,Port:10,0,0,0,Missing,,,,,,,,,0
1,,270782,Port:10,0,0,0,Missing,,,,,,,,,0
1,,270798,Port:10,0,0,0,Missing,,,,,,,,,0
1,,270814,Port:10,0,0,0,Missing,,,,,,,,,0
1,,270830,Port:10,0,0,0,Missing,,,,,,,,,0
1,,270846,Port:10,0,0,0,Missing,,,,,,,,,0
1,,270854,Port:10,0,0,0,Missing,,,,,,,,,0
1,,270870,Port:10,0,0,0,Missing,,,,,,,,,0
1,,270894,Port:10,0,0,0,Missing,,,,,,,,,0
1,,270902,Port:10,0,0,0,Missing,,,,,,,,,0
1,,270918,Port:10,0,0,0,Missing,,,,,,,,,0
1,,270934,Port:10,0,0,0,Missing,,,,,,,,,0
1,,270958,Port:10,0,0,0,Missing,,,,,,,,,0
1,,270982,Port:10,0,0,0,Missing,,,,,,,,,0
1,,270990,Port:10,0,0,0,Missing,,,,,,,,,0
1,,271006,Port:10,0,0,0,Missing,,,,,,,,,0
1,,271022,Port:10,0,0,0,Missing,,,,,,,,,0
1,,271038,Port:10,0,0,0,Missing,,,,,,,,,0
1,,271054,Port:10,0,0,0,Missing,,,,,,,,,0
1,,271070,Port:10,0,0,0,Missing,,,,,,,,,0
1,,271086,Port:10,0,0,0,Missing,,,,,,,,,0
1,,271102,Port:10,0,0,0,Missing,,,,,,,,,0
1,,271110,Port:10,0,0,0,Missing,,,,,,,,,0
1,,271126,Port:10,0,0,0,Missing,,,,,,,,,0
1,,271142,Port:10,0,0,0,Missing,,,,,,,,,0
1,,271158,Port:10,0,0,0,Missing,,,,,,,,,0
1,,271174,Port:10,0,0,0,Missing,,,,,,,,,0
1,,271190,Port:10,0,0,0,Missing,,,,,,,,,0
1,,271206,Port:10,0,0,0,Missing,,,,,,,,,0
1,,271230,Port:10,0,0,0,Missing,,,,,,,,,0
1,,271246,Port:10,0,0,0,Missing,,,,,,,,,0
1,,271262,Port:10,0,0,0,Missing,,,,,,,,,0
1,,271278,Port:10,0,0,0,Missing,,,,,,,,,0
1,,271294,Port:10,0,0,0,Missing,,,,,,,,,0
1,,271310,Port:10,0,0,0,Missing,,,,,,,,,0
1,,271326,Port:10,0,0,0,Missing,,,,,,,,,0
1,,271342,Port:10,0,0,0,Missing,,,,,,,,,0
1,,271350,Port:10,0,0,0,Missing,,,,,,,,,0
1,,271366,Port:10,0,0,0,Missing,,,,,,,,,0
1,,271382,Port:10,0,0,0,Missing,,,,,,,,,0
1,,271414,Port:10,0,0,0,Missing,,,,,,,,,0
1,,271430,Port:10,0,0,0,Missing,,,,,,,,,0
1,,271446,Port:10,0,0,0,Missing,,,,,,,,,0
1,,271462,Port:10,0,0,0,Missing,,,,,,,,,0
1,,271470,Port:10,0,0,0,Missing,,,,,,,,,0
1,,271486,Port:10,0,0,0,Missing,,,,,,,,,0
1,,271502,Port:10,0,0,0,Missing,,,,,,,,,0
1,,271518,Port:10,0,0,0,Missing,,,,,,,,,0
1,,271534,Port:10,0,0,0,Missing,,,,,,,,,0
1,,271550,Port:10,0,0,0,Missing,,,,,,,,,0
1,,271566,Port:10,0,0,0,Missing,,,,,,,,,0
1,,271582,Port:10,0,0,0,Missing,,,,,,,,,0
1,,271590,Port:10,0,0,0,Missing,,,,,,,,,0
1,,271606,Port:10,0,0,0,Missing,,,,,,,,,0
1,,271622,Port:10,0,0,0,Missing,,,,,,,,,0
1,,271654,Port:10,0,0,0,Missing,,,,,,,,,0
1,,271670,Port:10,0,0,0,Missing,,,,,,,,,0
1,,271686,Port:10,0,0,0,Missing,,,,,,,,,0
1,,271702,Port:10,0,0,0,Missing,,,,,,,,,0
1,,271710,Port:10,0,0,0,Missing,,,,,,,,,0
1,,271726,Port:10,0,0,0,Missing,,,,,,,,,0
1,,271742,Port:10,0,0,0,Missing,,,,,,,,,0
1,,271758,Port:10,0,0,0,Missing,,,,,,,,,0
1,,271774,Port:10,0,0,0,Missing,,,,,,,,,0
1,,271790,Port:10,0,0,0,Missing,,,,,,,,,0
1,,271806,Port:10,0,0,0,Missing,,,,,,,,,0
1,,271822,Port:10,0,0,0,Missing,,,,,,,,,0
1,,271838,Port:10,0,0,0,Missing,,,,,,,,,0
1,,271846,Port:10,0,0,0,Missing,,,,,,,,,0
1,,271862,Port:10,0,0,0,Missing,,,,,,,,,0
1,,271894,Port:10,0,0,0,Missing,,,,,,,,,0
1,,271910,Port:10,0,0,0,Missing,,,,,,,,,0
1,,271926,Port:10,0,0,0,Missing,,,,,,,,,0
1,,271942,Port:10,0,0,0,Missing,,,,,,,,,0
1,,271950,Port:10,0,0,0,Missing,,,,,,,,,0
1,,271966,Port:10,0,0,0,Missing,,,,,,,,,0
1,,271982,Port:10,0,0,0,Missing,,,,,,,,,0
1,,271998,Port:10,0,0,0,Missing,,,,,,,,,0
1,,272014,Port:10,0,0,0,Missing,,,,,,,,,0
1,,272030,Port:10,0,0,0,Missing,,,,,,,,,0
1,,272046,Port:10,0,0,0,Missing,,,,,,,,,0
1,,272062,Port:10,0,0,0,Missing,,,,,,,,,0
1,,272070,Port:10,0,0,0,Missing,,,,,,,,,0
1,,272086,Port:10,0,0,0,Missing,,,,,,,,,0
1,,272102,Port:10,0,0,0,Missing,,,,,,,,,0
1,,272118,Port:10,0,0,0,Missing,,,,,,,,,0
1,,272134,Port:10,0,0,0,Missing,,,,,,,,,0
1,,272150,Port:10,0,0,0,Missing,,,,,,,,,0
1,,272182,Port:10,0,0,0,Missing,,,,,,,,,0
1,,272190,Port:10,0,0,0,Missing,,,,,,,,,0
1,,272206,Port:10,0,0,0,Missing,,,,,,,,,0
1,,272222,Port:10,0,0,0,Missing,,,,,,,,,0
1,,272238,Port:10,0,0,0,Missing,,,,,,,,,0
1,,272254,Port:10,0,0,0,Missing,,,,,,,,,0
1,,272270,Port:10,0,0,0,Missing,,,,,,,,,0
1,,272286,Port:10,0,0,0,Missing,,,,,,,,,0
1,,272302,Port:10,0,0,0,Missing,,,,,,,,,0
1,,272318,Port:10,0,0,0,Missing,,,,,,,,,0
1,,272326,Port:10,0,0,0,Missing,,,,,,,,,0
1,,272342,Port:10,0,0,0,Missing,,,,,,,,,0
1,,272366,Port:10,0,0,0,Missing,,,,,,,,,0
1,,272374,Port:10,0,0,0,Missing,,,,,,,,,0
1,,272390,Port:10,0,0,0,Missing,,,,,,,,,0
1,,272422,Port:10,0,0,0,Missing,,,,,,,,,0
1,,272430,Port:10,0,0,0,Missing,,,,,,,,,0
1,,272446,Port:10,0,0,0,Missing,,,,,,,,,0
1,,272462,Port:10,0,0,0,Missing,,,,,,,,,0
1,,272478,Port:10,0,0,0,Missing,,,,,,,,,0
1,,272494,Port:10,0,0,0,Missing,,,,,,,,,0
1,,272510,Port:10,0,0,0,Missing,,,,,,,,,0
1,,272526,Port:10,0,0,0,Missing,,,,,,,,,0
1,,272542,Port:10,0,0,0,Missing,,,,,,,,,0
1,,272550,Port:10,0,0,0,Missing,,,,,,,,,0
1,,272574,Port:10,0,0,0,Missing,,,,,,,,,0
1,,272590,Port:10,0,0,0,Missing,,,,,,,,,0
1,,272598,Port:10,0,0,0,Missing,,,,,,,,,0
1,,272614,Port:10,0,0,0,Missing,,,,,,,,,0
1,,272646,Port:10,0,0,0,Missing,,,,,,,,,0
1,,272662,Port:10,0,0,0,Missing,,,,,,,,,0
1,,272670,Port:10,0,0,0,Missing,,,,,,,,,0
1,,272694,Port:10,0,0,0,Missing,,,,,,,,,0
1,,272710,Port:10,0,0,0,Missing,,,,,,,,,0
1,,272718,Port:10,0,0,0,Missing,,,,,,,,,0
1,,272734,Port:10,0,0,0,Missing,,,,,,,,,0
1,,272750,Port:10,0,0,0,Missing,,,,,,,,,0
1,,272766,Port:10,0,0,0,Missing,,,,,,,,,0
1,,272782,Port:10,0,0,0,Missing,,,,,,,,,0
1,,272790,Port:10,0,0,0,Missing,,,,,,,,,0
1,,272814,Port:10,0,0,0,Missing,,,,,,,,,0
1,,272830,Port:10,0,0,0,Missing,,,,,,,,,0
1,,272838,Port:10,0,0,0,Missing,,,,,,,,,0
1,,272854,Port:10,0,0,0,Missing,,,,,,,,,0
1,,272886,Port:10,0,0,0,Missing,,,,,,,,,0
1,,272902,Port:10,0,0,0,Missing,,,,,,,,,0
1,,272918,Port:10,0,0,0,Missing,,,,,,,,,0
1,,272926,Port:10,0,0,0,Missing,,,,,,,,,0
1,,272942,Port:10,0,0,0,Missing,,,,,,,,,0
1,,272958,Port:10,0,0,0,Missing,,,,,,,,,0
1,,272974,Port:10,0,0,0,Missing,,,,,,,,,0
1,,272990,Port:10,0,0,0,Missing,,,,,,,,,0
1,,273006,Port:10,0,0,0,Missing,,,,,,,,,0
1,,273022,Port:10,0,0,0,Missing,,,,,,,,,0
1,,273030,Port:10,0,0,0,Missing,,,,,,,,,0
1,,273046,Port:10,0,0,0,Missing,,,,,,,,,0
1,,273070,Port:10,0,0,0,Missing,,,,,,,,,0
1,,273086,Port:10,0,0,0,Missing,,,,,,,,,0
1,,273110,Port:10,0,0,0,Missing,,,,,,,,,0
1,,273126,Port:10,0,0,0,Missing,,,,,,,,,0
1,,273142,Port:10,0,0,0,Missing,,,,,,,,,0
1,,273158,Port:10,0,0,0,Missing,,,,,,,,,0
1,,273166,Port:10,0,0,0,Missing,,,,,,,,,0
1,,273190,Port:10,0,0,0,Missing,,,,,,,,,0
1,,273206,Port:10,0,0,0,Missing,,,,,,,,,0
1,,273214,Port:10,0,0,0,Missing,,,,,,,,,0
1,,273230,Port:10,0,0,0,Missing,,,,,,,,,0
1,,273246,Port:10,0,0,0,Missing,,,,,,,,,0
1,,273262,Port:10,0,0,0,Missing,,,,,,,,,0
1,,273270,Port:10,0,0,0,Missing,,,,,,,,,0
1,,273294,Port:10,0,0,0,Missing,,,,,,,,,0
1,,273302,Port:10,0,0,0,Missing,,,,,,,,,0
1,,273318,Port:10,0,0,0,Missing,,,,,,,,,0
1,,273350,Port:10,0,0,0,Missing,,,,,,,,,0
1,,273366,Port:10,0,0,0,Missing,,,,,,,,,0
1,,273382,Port:10,0,0,0,Missing,,,,,,,,,0
1,,273398,Port:10,0,0,0,Missing,,,,,,,,,0
1,,273406,Port:10,0,0,0,Missing,,,,,,,,,0
1,,273422,Port:10,0,0,0,Missing,,,,,,,,,0
1,,273438,Port:10,0,0,0,Missing,,,,,,,,,0
1,,273454,Port:10,0,0,0,Missing,,,,,,,,,0
1,,273470,Port:10,0,0,0,Missing,,,,,,,,,0
1,,273486,Port:10,0,0,0,Missing,,,,,,,,,0
1,,273502,Port:10,0,0,0,Missing,,,,,,,,,0
1,,273518,Port:10,0,0,0,Missing,,,,,,,,,0
1,,273526,Port:10,0,0,0,Missing,,,,,,,,,0
1,,273550,Port:10,0,0,0,Missing,,,,,,,,,0
1,,273566,Port:10,0,0,0,Missing,,,,,,,,,0
1,,273574,Port:10,0,0,0,Missing,,,,,,,,,0
1,,273590,Port:10,0,0,0,Missing,,,,,,,,,0
1,,273622,Port:10,0,0,0,Missing,,,,,,,,,0
1,,273630,Port:10,0,0,0,Missing,,,,,,,,,0
1,,273654,Port:10,0,0,0,Missing,,,,,,,,,0
1,,273662,Port:10,0,0,0,Missing,,,,,,,,,0
1,,273678,Port:10,0,0,0,Missing,,,,,,,,,0
1,,273694,Port:10,0,0,0,Missing,,,,,,,,,0
1,,273710,Port:10,0,0,0,Missing,,,,,,,,,0
1,,273726,Port:10,0,0,0,Missing,,,,,,,,,0
1,,273742,Port:10,0,0,0,Missing,,,,,,,,,0
1,,273758,Port:10,0,0,0,Missing,,,,,,,,,0
1,,273774,Port:10,0,0,0,Missing,,,,,,,,,0
1,,273790,Port:10,0,0,0,Missing,,,,,,,,,0
1,,273798,Port:10,0,0,0,Missing,,,,,,,,,0
1,,273830,Port:10,0,0,0,Missing,,,,,,,,,0
1,,273846,Port:10,0,0,0,Missing,,,,,,,,,0
1,,273862,Port:10,0,0,0,Missing,,,,,,,,,0
1,,273878,Port:10,0,0,0,Missing,,,,,,,,,0
1,,273886,Port:10,0,0,0,Missing,,,,,,,,,0
1,,273910,Port:10,0,0,0,Missing,,,,,,,,,0
1,,273918,Port:10,0,0,0,Missing,,,,,,,,,0
1,,273934,Port:10,0,0,0,Missing,,,,,,,,,0
1,,273950,Port:10,0,0,0,Missing,,,,,,,,,0
1,,273966,Port:10,0,0,0,Missing,,,,,,,,,0
1,,273982,Port:10,0,0,0,Missing,,,,,,,,,0
1,,273998,Port:10,0,0,0,Missing,,,,,,,,,0
1,,274014,Port:10,0,0,0,Missing,,,,,,,,,0
1,,274030,Port:10,0,0,0,Missing,,,,,,,,,0
1,,274038,Port:10,0,0,0,Missing,,,,,,,,,0
1,,274054,Port:10,0,0,0,Missing,,,,,,,,,0
1,,274086,Port:10,0,0,0,Missing,,,,,,,,,0
1,,274102,Port:10,0,0,0,Missing,,,,,,,,,0
1,,274118,Port:10,0,0,0,Missing,,,,,,,,,0
1,,274134,Port:10,0,0,0,Missing,,,,,,,,,0
1,,274142,Port:10,0,0,0,Missing,,,,,,,,,0
1,,274158,Port:10,0,0,0,Missing,,,,,,,,,0
1,,274174,Port:10,0,0,0,Missing,,,,,,,,,0
1,,274190,Port:10,0,0,0,Missing,,,,,,,,,0
1,,274206,Port:10,0,0,0,Missing,,,,,,,,,0
1,,274222,Port:10,0,0,0,Missing,,,,,,,,,0
1,,274238,Port:10,0,0,0,Missing,,,,,,,,,0
1,,274254,Port:10,0,0,0,Missing,,,,,,,,,0
1,,274262,Port:10,0,0,0,Missing,,,,,,,,,0
1,,274286,Port:10,0,0,0,Missing,,,,,,,,,0
1,,274310,Port:10,0,0,0,Missing,,,,,,,,,0
1,,274326,Port:10,0,0,0,Missing,,,,,,,,,0
1,,274342,Port:10,0,0,0,Missing,,,,,,,,,0
1,,274358,Port:10,0,0,0,Missing,,,,,,,,,0
1,,274374,Port:10,0,0,0,Missing,,,,,,,,,0
1,,274382,Port:10,0,0,0,Missing,,,,,,,,,0
1,,274398,Port:10,0,0,0,Missing,,,,,,,,,0
1,,274414,Port:10,0,0,0,Missing,,,,,,,,,0
1,,274430,Port:10,0,0,0,Missing,,,,,,,,,0
1,,274446,Port:10,0,0,0,Missing,,,,,,,,,0
1,,274462,Port:10,0,0,0,Missing,,,,,,,,,0
1,,274478,Port:10,0,0,0,Missing,,,,,,,,,0
1,,274494,Port:10,0,0,0,Missing,,,,,,,,,0
1,,274502,Port:10,0,0,0,Missing,,,,,,,,,0
1,,274534,Port:10,0,0,0,Missing,,,,,,,,,0
1,,274550,Port:10,0,0,0,Missing,,,,,,,,,0
1,,274574,Port:10,0,0,0,Missing,,,,,,,,,0
1,,274590,Port:10,0,0,0,Missing,,,,,,,,,0
1,,274598,Port:10,0,0,0,Missing,,,,,,,,,0
1,,274614,Port:10,0,0,0,Missing,,,,,,,,,0
1,,274630,Port:10,0,0,0,Missing,,,,,,,,,0
1,,274646,Port:10,0,0,0,Missing,,,,,,,,,0
1,,274662,Port:10,0,0,0,Missing,,,,,,,,,0
1,,274678,Port:10,0,0,0,Missing,,,,,,,,,0
1,,274694,Port:10,0,0,0,Missing,,,,,,,,,0
1,,274702,Port:10,0,0,0,Missing,,,,,,,,,0
1,,274718,Port:10,0,0,0,Missing,,,,,,,,,0
1,,274734,Port:10,0,0,0,Missing,,,,,,,,,0
1,,274750,Port:10,0,0,0,Missing,,,,,,,,,0
1,,274766,Port:10,0,0,0,Missing,,,,,,,,,0
1,,274782,Port:10,0,0,0,Missing,,,,,,,,,0
1,,274798,Port:10,0,0,0,Missing,,,,,,,,,0
1,,274814,Port:10,0,0,0,Missing,,,,,,,,,0
1,,274830,Port:10,0,0,0,Missing,,,,,,,,,0
1,,274838,Port:10,0,0,0,Missing,,,,,,,,,0
1,,274870,Port:10,0,0,0,Missing,,,,,,,,,0
1,,274886,Port:10,0,0,0,Missing,,,,,,,,,0
1,,274902,Port:10,0,0,0,Missing,,,,,,,,,0
1,,274918,Port:10,0,0,0,Missing,,,,,,,,,0
1,,274934,Port:10,0,0,0,Missing,,,,,,,,,0
1,,274950,Port:10,0,0,0,Missing,,,,,,,,,0
1,,274958,Port:10,0,0,0,Missing,,,,,,,,,0
1,,274974,Port:10,0,0,0,Missing,,,,,,,,,0
1,,274990,Port:10,0,0,0,Missing,,,,,,,,,0
1,,275006,Port:10,0,0,0,Missing,,,,,,,,,0
1,,275022,Port:10,0,0,0,Missing,,,,,,,,,0
1,,275038,Port:10,0,0,0,Missing,,,,,,,,,0
1,,275054,Port:10,0,0,0,Missing,,,,,,,,,0
1,,275070,Port:10,0,0,0,Missing,,,,,,,,,0
1,,275086,Port:10,0,0,0,Missing,,,,,,,,,0
1,,275110,Port:10,0,0,0,Missing,,,,,,,,,0
1,,275126,Port:10,0,0,0,Missing,,,,,,,,,0
1,,275142,Port:10,0,0,0,Missing,,,,,,,,,0
1,,275158,Port:10,0,0,0,Missing,,,,,,,,,0
1,,275174,Port:10,0,0,0,Missing,,,,,,,,,0
1,,275190,Port:10,0,0,0,Missing,,,,,,,,,0
1,,275198,Port:10,0,0,0,Missing,,,,,,,,,0
1,,275214,Port:10,0,0,0,Missing,,,,,,,,,0
1,,275230,Port:10,0,0,0,Missing,,,,,,,,,0
1,,275246,Port:10,0,0,0,Missing,,,,,,,,,0
1,,275278,Port:10,0,0,0,Missing,,,,,,,,,0
1,,275294,Port:10,0,0,0,Missing,,,,,,,,,0
1,,275302,Port:10,0,0,0,Missing,,,,,,,,,0
1,,275326,Port:10,0,0,0,Missing,,,,,,,,,0
1,,275334,Port:10,0,0,0,Missing,,,,,,,,,0
1,,275350,Port:10,0,0,0,Missing,,,,,,,,,0
1,,275366,Port:10,0,0,0,Missing,,,,,,,,,0
1,,275382,Port:10,0,0,0,Missing,,,,,,,,,0
1,,275398,Port:10,0,0,0,Missing,,,,,,,,,0
1,,275414,Port:10,0,0,0,Missing,,,,,,,,,0
1,,275430,Port:10,0,0,0,Missing,,,,,,,,,0
1,,275446,Port:10,0,0,0,Missing,,,,,,,,,0
1,,275454,Port:10,0,0,0,Missing,,,,,,,,,0
1,,275470,Port:10,0,0,0,Missing,,,,,,,,,0
1,,275486,Port:10,0,0,0,Missing,,,,,,,,,0
1,,275502,Port:10,0,0,0,Missing,,,,,,,,,0
1,,275518,Port:10,0,0,0,Missing,,,,,,,,,0
1,,275534,Port:10,0,0,0,Missing,,,,,,,,,0
1,,275550,Port:10,0,0,0,Missing,,,,,,,,,0
1,,275558,Port:10,0,0,0,Missing,,,,,,,,,0
1,,275590,Port:10,0,0,0,Missing,,,,,,,,,0
1,,275606,Port:10,0,0,0,Missing,,,,,,,,,0
1,,275622,Port:10,0,0,0,Missing,,,,,,,,,0
1,,275638,Port:10,0,0,0,Missing,,,,,,,,,0
1,,275654,Port:10,0,0,0,Missing,,,,,,,,,0
1,,275670,Port:10,0,0,0,Missing,,,,,,,,,0
1,,275678,Port:10,0,0,0,Missing,,,,,,,,,0
1,,275694,Port:10,0,0,0,Missing,,,,,,,,,0
1,,275710,Port:10,0,0,0,Missing,,,,,,,,,0
1,,275726,Port:10,0,0,0,Missing,,,,,,,,,0
1,,275742,Port:10,0,0,0,Missing,,,,,,,,,0
1,,275758,Port:10,0,0,0,Missing,,,,,,,,,0
1,,275774,Port:10,0,0,0,Missing,,,,,,,,,0
1,,275790,Port:10,0,0,0,Missing,,,,,,,,,0
1,,275806,Port:10,0,0,0,Missing,,,,,,,,,0
1,,275830,Port:10,0,0,0,Missing,,,,,,,,,0
1,,275846,Port:10,0,0,0,Missing,,,,,,,,,0
1,,275862,Port:10,0,0,0,Missing,,,,,,,,,0
1,,275878,Port:10,0,0,0,Missing,,,,,,,,,0
1,,275894,Port:10,0,0,0,Missing,,,,,,,,,0
1,,275910,Port:10,0,0,0,Missing,,,,,,,,,0
1,,275926,Port:10,0,0,0,Missing,,,,,,,,,0
1,,275934,Port:10,0,0,0,Missing,,,,,,,,,0
1,,275958,Port:10,0,0,0,Missing,,,,,,,,,0
1,,275966,Port:10,0,0,0,Missing,,,,,,,,,0
1,,275982,Port:10,0,0,0,Missing,,,,,,,,,0
1,,275998,Port:10,0,0,0,Missing,,,,,,,,,0
1,,276014,Port:10,0,0,0,Missing,,,,,,,,,0
1,,276030,Port:10,0,0,0,Missing,,,,,,,,,0
1,,276046,Port:10,0,0,0,Missing,,,,,,,,,0
1,,276070,Port:10,0,0,0,Missing,,,,,,,,,0
1,,276086,Port:10,0,0,0,Missing,,,,,,,,,0
1,,276102,Port:10,0,0,0,Missing,,,,,,,,,0
1,,276118,Port:10,0,0,0,Missing,,,,,,,,,0
1,,276134,Port:10,0,0,0,Missing,,,,,,,,,0
1,,276150,Port:10,0,0,0,Missing,,,,,,,,,0
1,,276158,Port:10,0,0,0,Missing,,,,,,,,,0
1,,276174,Port:10,0,0,0,Missing,,,,,,,,,0
1,,276190,Port:10,0,0,0,Missing,,,,,,,,,0
1,,276206,Port:10,0,0,0,Missing,,,,,,,,,0
1,,276222,Port:10,0,0,0,Missing,,,,,,,,,0
1,,276238,Port:10,0,0,0,Missing,,,,,,,,,0
1,,276254,Port:10,0,0,0,Missing,,,,,,,,,0
1,,276270,Port:10,0,0,0,Missing,,,,,,,,,0
1,,276286,Port:10,0,0,0,Missing,,,,,,,,,0
1,,276302,Port:10,0,0,0,Missing,,,,,,,,,0
1,,276326,Port:10,0,0,0,Missing,,,,,,,,,0
1,,276342,Port:10,0,0,0,Missing,,,,,,,,,0
1,,276358,Port:10,0,0,0,Missing,,,,,,,,,0
1,,276374,Port:10,0,0,0,Missing,,,,,,,,,0
1,,276390,Port:10,0,0,0,Missing,,,,,,,,,0
1,,276398,Port:10,0,0,0,Missing,,,,,,,,,0
1,,276414,Port:10,0,0,0,Missing,,,,,,,,,0
1,,276430,Port:10,0,0,0,Missing,,,,,,,,,0
1,,276446,Port:10,0,0,0,Missing,,,,,,,,,0
1,,276462,Port:10,0,0,0,Missing,,,,,,,,,0
1,,276478,Port:10,0,0,0,Missing,,,,,,,,,0
1,,276494,Port:10,0,0,0,Missing,,,,,,,,,0
1,,276510,Port:10,0,0,0,Missing,,,,,,,,,0
1,,276526,Port:10,0,0,0,Missing,,,,,,,,,0
1,,276550,Port:10,0,0,0,Missing,,,,,,,,,0
1,,276566,Port:10,0,0,0,Missing,,,,,,,,,0
1,,276582,Port:10,0,0,0,Missing,,,,,,,,,0
1,,276598,Port:10,0,0,0,Missing,,,,,,,,,0
1,,276614,Port:10,0,0,0,Missing,,,,,,,,,0
1,,276630,Port:10,0,0,0,Missing,,,,,,,,,0
1,,276646,Port:10,0,0,0,Missing,,,,,,,,,0
1,,276654,Port:10,0,0,0,Missing,,,,,,,,,0
1,,276670,Port:10,0,0,0,Missing,,,,,,,,,0
1,,276686,Port:10,0,0,0,Missing,,,,,,,,,0
1,,276702,Port:10,0,0,0,Missing,,,,,,,,,0
1,,276718,Port:10,0,0,0,Missing,,,,,,,,,0
1,,276734,Port:10,0,0,0,Missing,,,,,,,,,0
1,,276750,Port:10,0,0,0,Missing,,,,,,,,,0
1,,276774,Port:10,0,0,0,Missing,,,,,,,,,0
1,,276798,Port:10,0,0,0,Missing,,,,,,,,,0
1,,276806,Port:10,0,0,0,Missing,,,,,,,,,0
1,,276822,Port:10,0,0,0,Missing,,,,,,,,,0
1,,276838,Port:10,0,0,0,Missing,,,,,,,,,0
1,,276854,Port:10,0,0,0,Missing,,,,,,,,,0
1,,276870,Port:10,0,0,0,Missing,,,,,,,,,0
1,,276878,Port:10,0,0,0,Missing,,,,,,,,,0
1,,276902,Port:10,0,0,0,Missing,,,,,,,,,0
1,,276910,Port:10,0,0,0,Missing,,,,,,,,,0
1,,276926,Port:10,0,0,0,Missing,,,,,,,,,0
1,,276942,Port:10,0,0,0,Missing,,,,,,,,,0
1,,276958,Port:10,0,0,0,Missing,,,,,,,,,0
1,,276974,Port:10,0,0,0,Missing,,,,,,,,,0
1,,276990,Port:10,0,0,0,Missing,,,,,,,,,0
1,,277006,Port:10,0,0,0,Missing,,,,,,,,,0
1,,277014,Port:10,0,0,0,Missing,,,,,,,,,0
1,,277046,Port:10,0,0,0,Missing,,,,,,,,,0
1,,277062,Port:10,0,0,0,Missing,,,,,,,,,0
1,,277078,Port:10,0,0,0,Missing,,,,,,,,,0
1,,277094,Port:10,0,0,0,Missing,,,,,,,,,0
1,,277110,Port:10,0,0,0,Missing,,,,,,,,,0
1,,277126,Port:10,0,0,0,Missing,,,,,,,,,0
1,,277134,Port:10,0,0,0,Missing,,,,,,,,,0
1,,277158,Port:10,0,0,0,Missing,,,,,,,,,0
1,,277166,Port:10,0,0,0,Missing,,,,,,,,,0
1,,277182,Port:10,0,0,0,Missing,,,,,,,,,0
1,,277198,Port:10,0,0,0,Missing,,,,,,,,,0
1,,277214,Port:10,0,0,0,Missing,,,,,,,,,0
1,,277230,Port:10,0,0,0,Missing,,,,,,,,,0
1,,277246,Port:10,0,0,0,Missing,,,,,,,,,0
1,,277262,Port:10,0,0,0,Missing,,,,,,,,,0
1,,277278,Port:10,0,0,0,Missing,,,,,,,,,0
1,,277302,Port:10,0,0,0,Missing,,,,,,,,,0
1,,277318,Port:10,0,0,0,Missing,,,,,,,,,0
1,,277334,Port:10,0,0,0,Missing,,,,,,,,,0
1,,277350,Port:10,0,0,0,Missing,,,,,,,,,0
1,,277358,Port:10,0,0,0,Missing,,,,,,,,,0
1,,277382,Port:10,0,0,0,Missing,,,,,,,,,0
1,,277390,Port:10,0,0,0,Missing,,,,,,,,,0
1,,277406,Port:10,0,0,0,Missing,,,,,,,,,0
1,,277422,Port:10,0,0,0,Missing,,,,,,,,,0
1,,277438,Port:10,0,0,0,Missing,,,,,,,,,0
1,,277454,Port:10,0,0,0,Missing,,,,,,,,,0
1,,277470,Port:10,0,0,0,Missing,,,,,,,,,0
1,,277486,Port:10,0,0,0,Missing,,,,,,,,,0
1,,277502,Port:10,0,0,0,Missing,,,,,,,,,0
1,,277518,Port:10,0,0,0,Missing,,,,,,,,,0
1,,277542,Port:10,0,0,0,Missing,,,,,,,,,0
1,,277558,Port:10,0,0,0,Missing,,,,,,,,,0
1,,277574,Port:10,0,0,0,Missing,,,,,,,,,0
1,,277590,Port:10,0,0,0,Missing,,,,,,,,,0
1,,277606,Port:10,0,0,0,Missing,,,,,,,,,0
1,,277614,Port:10,0,0,0,Missing,,,,,,,,,0
1,,277630,Port:10,0,0,0,Missing,,,,,,,,,0
1,,277646,Port:10,0,0,0,Missing,,,,,,,,,0
1,,277662,Port:10,0,0,0,Missing,,,,,,,,,0
1,,277678,Port:10,0,0,0,Missing,,,,,,,,,0
1,,277694,Port:10,0,0,0,Missing,,,,,,,,,0
1,,277710,Port:10,0,0,0,Missing,,,,,,,,,0
1,,277726,Port:10,0,0,0,Missing,,,,,,,,,0
1,,277742,Port:10,0,0,0,Missing,,,,,,,,,0
1,,277758,Port:10,0,0,0,Missing,,,,,,,,,0
1,,277782,Port:10,0,0,0,Missing,,,,,,,,,0
1,,277798,Port:10,0,0,0,Missing,,,,,,,,,0
1,,277814,Port:10,0,0,0,Missing,,,,,,,,,0
1,,277830,Port:10,0,0,0,Missing,,,,,,,,,0
1,,277846,Port:10,0,0,0,Missing,,,,,,,,,0
1,,277862,Port:10,0,0,0,Missing,,,,,,,,,0
1,,277870,Port:10,0,0,0,Missing,,,,,,,,,0
1,,277886,Port:10,0,0,0,Missing,,,,,,,,,0
1,,277902,Port:10,0,0,0,Missing,,,,,,,,,0
1,,277918,Port:10,0,0,0,Missing,,,,,,,,,0
1,,277934,Port:10,0,0,0,Missing,,,,,,,,,0
1,,277950,Port:10,0,0,0,Missing,,,,,,,,,0
1,,277966,Port:10,0,0,0,Missing,,,,,,,,,0
1,,277982,Port:10,0,0,0,Missing,,,,,,,,,0
1,,278006,Port:10,0,0,0,Missing,,,,,,,,,0
1,,278022,Port:10,0,0,0,Missing,,,,,,,,,0
1,,278038,Port:10,0,0,0,Missing,,,,,,,,,0
1,,278054,Port:10,0,0,0,Missing,,,,,,,,,0
1,,278070,Port:10,0,0,0,Missing,,,,,,,,,0
1,,278086,Port:10,0,0,0,Missing,,,,,,,,,0
1,,278094,Port:10,0,0,0,Missing,,,,,,,,,0
1,,278118,Port:10,0,0,0,Missing,,,,,,,,,0
1,,278126,Port:10,0,0,0,Missing,,,,,,,,,0
1,,278142,Port:10,0,0,0,Missing,,,,,,,,,0
1,,278158,Port:10,0,0,0,Missing,,,,,,,,,0
1,,278174,Port:10,0,0,0,Missing,,,,,,,,,0
1,,278190,Port:10,0,0,0,Missing,,,,,,,,,0
1,,278206,Port:10,0,0,0,Missing,,,,,,,,,0
1,,278238,Port:10,0,0,0,Missing,,,,,,,,,0
1,,278246,Port:10,0,0,0,Missing,,,,,,,,,0
1,,278262,Port:10,0,0,0,Missing,,,,,,,,,0
1,,278278,Port:10,0,0,0,Missing,,,,,,,,,0
1,,278294,Port:10,0,0,0,Missing,,,,,,,,,0
1,,278310,Port:10,0,0,0,Missing,,,,,,,,,0
1,,278326,Port:10,0,0,0,Missing,,,,,,,,,0
1,,278342,Port:10,0,0,0,Missing,,,,,,,,,0
1,,278350,Port:10,0,0,0,Missing,,,,,,,,,0
1,,278374,Port:10,0,0,0,Missing,,,,,,,,,0
1,,278382,Port:10,0,0,0,Missing,,,,,,,,,0
1,,278398,Port:10,0,0,0,Missing,,,,,,,,,0
1,,278414,Port:10,0,0,0,Missing,,,,,,,,,0
1,,278430,Port:10,0,0,0,Missing,,,,,,,,,0
1,,278446,Port:10,0,0,0,Missing,,,,,,,,,0
1,,278478,Port:10,0,0,0,Missing,,,,,,,,,0
1,,278494,Port:10,0,0,0,Missing,,,,,,,,,0
1,,278502,Port:10,0,0,0,Missing,,,,,,,,,0
1,,278518,Port:10,0,0,0,Missing,,,,,,,,,0
1,,278534,Port:10,0,0,0,Missing,,,,,,,,,0
1,,278550,Port:10,0,0,0,Missing,,,,,,,,,0
1,,278566,Port:10,0,0,0,Missing,,,,,,,,,0
1,,278582,Port:10,0,0,0,Missing,,,,,,,,,0
1,,278598,Port:10,0,0,0,Missing,,,,,,,,,0
1,,278606,Port:10,0,0,0,Missing,,,,,,,,,0
1,,278622,Port:10,0,0,0,Missing,,,,,,,,,0
1,,278638,Port:10,0,0,0,Missing,,,,,,,,,0
1,,278654,Port:10,0,0,0,Missing,,,,,,,,,0
1,,278686,Port:10,0,0,0,Missing,,,,,,,,,0
1,,278702,Port:10,0,0,0,Missing,,,,,,,,,0
1,,278710,Port:10,0,0,0,Missing,,,,,,,,,0
1,,278726,Port:10,0,0,0,Missing,,,,,,,,,0
1,,278742,Port:10,0,0,0,Missing,,,,,,,,,0
1,,278758,Port:10,0,0,0,Missing,,,,,,,,,0
1,,278774,Port:10,0,0,0,Missing,,,,,,,,,0
1,,278790,Port:10,0,0,0,Missing,,,,,,,,,0
1,,278806,Port:10,0,0,0,Missing,,,,,,,,,0
1,,278822,Port:10,0,0,0,Missing,,,,,,,,,0
1,,278838,Port:10,0,0,0,Missing,,,,,,,,,0
1,,278846,Port:10,0,0,0,Missing,,,,,,,,,0
1,,278870,Port:10,0,0,0,Missing,,,,,,,,,0
1,,278878,Port:10,0,0,0,Missing,,,,,,,,,0
1,,278894,Port:10,0,0,0,Missing,,,,,,,,,0
1,,278910,Port:10,0,0,0,Missing,,,,,,,,,0
1,,278926,Port:10,0,0,0,Missing,,,,,,,,,0
1,,278942,Port:10,0,0,0,Missing,,,,,,,,,0
1,,278974,Port:10,0,0,0,Missing,,,,,,,,,0
1,,278982,Port:10,0,0,0,Missing,,,,,,,,,0
1,,278998,Port:10,0,0,0,Missing,,,,,,,,,0
1,,279014,Port:10,0,0,0,Missing,,,,,,,,,0
1,,279030,Port:10,0,0,0,Missing,,,,,,,,,0
1,,279046,Port:10,0,0,0,Missing,,,,,,,,,0
1,,279062,Port:10,0,0,0,Missing,,,,,,,,,0
1,,279078,Port:10,0,0,0,Missing,,,,,,,,,0
1,,279086,Port:10,0,0,0,Missing,,,,,,,,,0
1,,279102,Port:10,0,0,0,Missing,,,,,,,,,0
1,,279118,Port:10,0,0,0,Missing,,,,,,,,,0
1,,279134,Port:10,0,0,0,Missing,,,,,,,,,0
1,,279150,Port:10,0,0,0,Missing,,,,,,,,,0
1,,279166,Port:10,0,0,0,Missing,,,,,,,,,0
1,,279198,Port:10,0,0,0,Missing,,,,,,,,,0
1,,279206,Port:10,0,0,0,Missing,,,,,,,,,0
1,,279222,Port:10,0,0,0,Missing,,,,,,,,,0
1,,279238,Port:10,0,0,0,Missing,,,,,,,,,0
1,,279254,Port:10,0,0,0,Missing,,,,,,,,,0
1,,279270,Port:10,0,0,0,Missing,,,,,,,,,0
1,,279286,Port:10,0,0,0,Missing,,,,,,,,,0
1,,279302,Port:10,0,0,0,Missing,,,,,,,,,0
1,,279318,Port:10,0,0,0,Missing,,,,,,,,,0
1,,279334,Port:10,0,0,0,Missing,,,,,,,,,0
1,,279342,Port:10,0,0,0,Missing,,,,,,,,,0
1,,279358,Port:10,0,0,0,Missing,,,,,,,,,0
1,,279374,Port:10,0,0,0,Missing,,,,,,,,,0
1,,279390,Port:10,0,0,0,Missing,,,,,,,,,0
1,,279406,Port:10,0,0,0,Missing,,,,,,,,,0
1,,279422,Port:10,0,0,0,Missing,,,,,,,,,0
1,,279446,Port:10,0,0,0,Missing,,,,,,,,,0
1,,279462,Port:10,0,0,0,Missing,,,,,,,,,0
1,,279478,Port:10,0,0,0,Missing,,,,,,,,,0
1,,279494,Port:10,0,0,0,Missing,,,,,,,,,0
1,,279510,Port:10,0,0,0,Missing,,,,,,,,,0
1,,279526,Port:10,0,0,0,Missing,,,,,,,,,0
1,,279542,Port:10,0,0,0,Missing,,,,,,,,,0
1,,279558,Port:10,0,0,0,Missing,,,,,,,,,0
1,,279566,Port:10,0,0,0,Missing,,,,,,,,,0
1,,279582,Port:10,0,0,0,Missing,,,,,,,,,0
1,,279598,Port:10,0,0,0,Missing,,,,,,,,,0
1,,279622,Port:10,0,0,0,Missing,,,,,,,,,0
1,,279638,Port:10,0,0,0,Missing,,,,,,,,,0
1,,279646,Port:10,0,0,0,Missing,,,,,,,,,0
1,,279662,Port:10,0,0,0,Missing,,,,,,,,,0
1,,279678,Port:10,0,0,0,Missing,,,,,,,,,0
1,,279694,Port:10,0,0,0,Missing,,,,,,,,,0
1,,279710,Port:10,0,0,0,Missing,,,,,,,,,0
1,,279726,Port:10,0,0,0,Missing,,,,,,,,,0
1,,279758,Port:10,0,0,0,Missing,,,,,,,,,0
1,,279774,Port:10,0,0,0,Missing,,,,,,,,,0
1,,279790,Port:10,0,0,0,Missing,,,,,,,,,0
1,,279798,Port:10,0,0,0,Missing,,,,,,,,,0
1,,279814,Port:10,0,0,0,Missing,,,,,,,,,0
1,,279830,Port:10,0,0,0,Missing,,,,,,,,,0
1,,279846,Port:10,0,0,0,Missing,,,,,,,,,0
1,,279862,Port:10,0,0,0,Missing,,,,,,,,,0
1,,279878,Port:10,0,0,0,Missing,,,,,,,,,0
1,,279894,Port:10,0,0,0,Missing,,,,,,,,,0
1,,279902,Port:10,0,0,0,Missing,,,,,,,,,0
1,,279918,Port:10,0,0,0,Missing,,,,,,,,,0
1,,279934,Port:10,0,0,0,Missing,,,,,,,,,0
1,,279950,Port:10,0,0,0,Missing,,,,,,,,,0
1,,279966,Port:10,0,0,0,Missing,,,,,,,,,0
1,,279982,Port:10,0,0,0,Missing,,,,,,,,,0
1,,280014,Port:10,0,0,0,Missing,,,,,,,,,0
1,,280030,Port:10,0,0,0,Missing,,,,,,,,,0
1,,280038,Port:10,0,0,0,Missing,,,,,,,,,0
1,,280054,Port:10,0,0,0,Missing,,,,,,,,,0
1,,280070,Port:10,0,0,0,Missing,,,,,,,,,0
1,,280086,Port:10,0,0,0,Missing,,,,,,,,,0
1,,280102,Port:10,0,0,0,Missing,,,,,,,,,0
1,,280118,Port:10,0,0,0,Missing,,,,,,,,,0
1,,280134,Port:10,0,0,0,Missing,,,,,,,,,0
1,,280150,Port:10,0,0,0,Missing,,,,,,,,,0
1,,280158,Port:10,0,0,0,Missing,,,,,,,,,0
1,,280174,Port:10,0,0,0,Missing,,,,,,,,,0
1,,280190,Port:10,0,0,0,Missing,,,,,,,,,0
1,,280206,Port:10,0,0,0,Missing,,,,,,,,,0
1,,280238,Port:10,0,0,0,Missing,,,,,,,,,0
1,,280246,Port:10,0,0,0,Missing,,,,,,,,,0
1,,280270,Port:10,0,0,0,Missing,,,,,,,,,0
1,,280286,Port:10,0,0,0,Missing,,,,,,,,,0
1,,280294,Port:10,0,0,0,Missing,,,,,,,,,0
1,,280310,Port:10,0,0,0,Missing,,,,,,,,,0
1,,280326,Port:10,0,0,0,Missing,,,,,,,,,0
1,,280342,Port:10,0,0,0,Missing,,,,,,,,,0
1,,280358,Port:10,0,0,0,Missing,,,,,,,,,0
1,,280366,Port:10,0,0,0,Missing,,,,,,,,,0
1,,280390,Port:10,0,0,0,Missing,,,,,,,,,0
1,,280406,Port:10,0,0,0,Missing,,,,,,,,,0
1,,280414,Port:10,0,0,0,Missing,,,,,,,,,0
1,,280430,Port:10,0,0,0,Missing,,,,,,,,,0
1,,280446,Port:10,0,0,0,Missing,,,,,,,,,0
1,,280478,Port:10,0,0,0,Missing,,,,,,,,,0
1,,280486,Port:10,0,0,0,Missing,,,,,,,,,0
1,,280510,Port:10,0,0,0,Missing,,,,,,,,,0
1,,280526,Port:10,0,0,0,Missing,,,,,,,,,0
1,,280534,Port:10,0,0,0,Missing,,,,,,,,,0
1,,280550,Port:10,0,0,0,Missing,,,,,,,,,0
1,,280566,Port:10,0,0,0,Missing,,,,,,,,,0
1,,280582,Port:10,0,0,0,Missing,,,,,,,,,0
1,,280598,Port:10,0,0,0,Missing,,,,,,,,,0
1,,280614,Port:10,0,0,0,Missing,,,,,,,,,0
1,,280630,Port:10,0,0,0,Missing,,,,,,,,,0
1,,280638,Port:10,0,0,0,Missing,,,,,,,,,0
1,,280654,Port:10,0,0,0,Missing,,,,,,,,,0
1,,280670,Port:10,0,0,0,Missing,,,,,,,,,0
1,,280702,Port:10,0,0,0,Missing,,,,,,,,,0
1,,280718,Port:10,0,0,0,Missing,,,,,,,,,0
1,,280734,Port:10,0,0,0,Missing,,,,,,,,,0
1,,280750,Port:10,0,0,0,Missing,,,,,,,,,0
1,,280758,Port:10,0,0,0,Missing,,,,,,,,,0
1,,280774,Port:10,0,0,0,Missing,,,,,,,,,0
1,,280790,Port:10,0,0,0,Missing,,,,,,,,,0
1,,280806,Port:10,0,0,0,Missing,,,,,,,,,0
1,,280822,Port:10,0,0,0,Missing,,,,,,,,,0
1,,280838,Port:10,0,0,0,Missing,,,,,,,,,0
1,,280854,Port:10,0,0,0,Missing,,,,,,,,,0
1,,280870,Port:10,0,0,0,Missing,,,,,,,,,0
1,,280878,Port:10,0,0,0,Missing,,,,,,,,,0
1,,280894,Port:10,0,0,0,Missing,,,,,,,,,0
1,,280910,Port:10,0,0,0,Missing,,,,,,,,,0
1,,280942,Port:10,0,0,0,Missing,,,,,,,,,0
1,,280958,Port:10,0,0,0,Missing,,,,,,,,,0
1,,280966,Port:10,0,0,0,Missing,,,,,,,,,0
1,,280982,Port:10,0,0,0,Missing,,,,,,,,,0
1,,281006,Port:10,0,0,0,Missing,,,,,,,,,0
1,,281022,Port:10,0,0,0,Missing,,,,,,,,,0
1,,281030,Port:10,0,0,0,Missing,,,,,,,,,0
1,,281046,Port:10,0,0,0,Missing,,,,,,,,,0
1,,281062,Port:10,0,0,0,Missing,,,,,,,,,0
1,,281078,Port:10,0,0,0,Missing,,,,,,,,,0
1,,281086,Port:10,0,0,0,Missing,,,,,,,,,0
1,,281102,Port:10,0,0,0,Missing,,,,,,,,,0
1,,281126,Port:10,0,0,0,Missing,,,,,,,,,0
1,,281142,Port:10,0,0,0,Missing,,,,,,,,,0
1,,281150,Port:10,0,0,0,Missing,,,,,,,,,0
1,,281166,Port:10,0,0,0,Missing,,,,,,,,,0
1,,281182,Port:10,0,0,0,Missing,,,,,,,,,0
1,,281214,Port:10,0,0,0,Missing,,,,,,,,,0
1,,281222,Port:10,0,0,0,Missing,,,,,,,,,0
1,,281246,Port:10,0,0,0,Missing,,,,,,,,,0
1,,281262,Port:10,0,0,0,Missing,,,,,,,,,0
1,,281270,Port:10,0,0,0,Missing,,,,,,,,,0
1,,281286,Port:10,0,0,0,Missing,,,,,,,,,0
1,,281302,Port:10,0,0,0,Missing,,,,,,,,,0
1,,281318,Port:10,0,0,0,Missing,,,,,,,,,0
1,,281334,Port:10,0,0,0,Missing,,,,,,,,,0
1,,281350,Port:10,0,0,0,Missing,,,,,,,,,0
1,,281366,Port:10,0,0,0,Missing,,,,,,,,,0
1,,281382,Port:10,0,0,0,Missing,,,,,,,,,0
1,,281390,Port:10,0,0,0,Missing,,,,,,,,,0
1,,281406,Port:10,0,0,0,Missing,,,,,,,,,0
1,,281438,Port:10,0,0,0,Missing,,,,,,,,,0
1,,281446,Port:10,0,0,0,Missing,,,,,,,,,0
1,,281470,Port:10,0,0,0,Missing,,,,,,,,,0
1,,281486,Port:10,0,0,0,Missing,,,,,,,,,0
1,,281494,Port:10,0,0,0,Missing,,,,,,,,,0
1,,281510,Port:10,0,0,0,Missing,,,,,,,,,0
1,,281526,Port:10,0,0,0,Missing,,,,,,,,,0
1,,281542,Port:10,0,0,0,Missing,,,,,,,,,0
1,,281558,Port:10,0,0,0,Missing,,,,,,,,,0
1,,281574,Port:10,0,0,0,Missing,,,,,,,,,0
1,,281590,Port:10,0,0,0,Missing,,,,,,,,,0
1,,281606,Port:10,0,0,0,Missing,,,,,,,,,0
1,,281622,Port:10,0,0,0,Missing,,,,,,,,,0
1,,281630,Port:10,0,0,0,Missing,,,,,,,,,0
1,,281646,Port:10,0,0,0,Missing,,,,,,,,,0
1,,281678,Port:10,0,0,0,Missing,,,,,,,,,0
1,,281686,Port:10,0,0,0,Missing,,,,,,,,,0
1,,281710,Port:10,0,0,0,Missing,,,,,,,,,0
1,,281726,Port:10,0,0,0,Missing,,,,,,,,,0
1,,281734,Port:10,0,0,0,Missing,,,,,,,,,0
1,,281750,Port:10,0,0,0,Missing,,,,,,,,,0
1,,281766,Port:10,0,0,0,Missing,,,,,,,,,0
1,,281782,Port:10,0,0,0,Missing,,,,,,,,,0
1,,281798,Port:10,0,0,0,Missing,,,,,,,,,0
1,,281814,Port:10,0,0,0,Missing,,,,,,,,,0
1,,281830,Port:10,0,0,0,Missing,,,,,,,,,0
1,,281838,Port:10,0,0,0,Missing,,,,,,,,,0
1,,281854,Port:10,0,0,0,Missing,,,,,,,,,0
1,,281870,Port:10,0,0,0,Missing,,,,,,,,,0
1,,281894,Port:10,0,0,0,Missing,,,,,,,,,0
1,,281902,Port:10,0,0,0,Missing,,,,,,,,,0
1,,281934,Port:10,0,0,0,Missing,,,,,,,,,0
1,,281950,Port:10,0,0,0,Missing,,,,,,,,,0
1,,281966,Port:10,0,0,0,Missing,,,,,,,,,0
1,,281974,Port:10,0,0,0,Missing,,,,,,,,,0
1,,281990,Port:10,0,0,0,Missing,,,,,,,,,0
1,,282006,Port:10,0,0,0,Missing,,,,,,,,,0
1,,282022,Port:10,0,0,0,Missing,,,,,,,,,0
1,,282038,Port:10,0,0,0,Missing,,,,,,,,,0
1,,282054,Port:10,0,0,0,Missing,,,,,,,,,0
1,,282070,Port:10,0,0,0,Missing,,,,,,,,,0
1,,282086,Port:10,0,0,0,Missing,,,,,,,,,0
1,,282102,Port:10,0,0,0,Missing,,,,,,,,,0
1,,282126,Port:10,0,0,0,Missing,,,,,,,,,0
1,,282142,Port:10,0,0,0,Missing,,,,,,,,,0
1,,282158,Port:10,0,0,0,Missing,,,,,,,,,0
1,,282174,Port:10,0,0,0,Missing,,,,,,,,,0
1,,282190,Port:10,0,0,0,Missing,,,,,,,,,0
1,,282198,Port:10,0,0,0,Missing,,,,,,,,,0
1,,282222,Port:10,0,0,0,Missing,,,,,,,,,0
1,,282230,Port:10,0,0,0,Missing,,,,,,,,,0
1,,282246,Port:10,0,0,0,Missing,,,,,,,,,0
1,,282262,Port:10,0,0,0,Missing,,,,,,,,,0
1,,282278,Port:10,0,0,0,Missing,,,,,,,,,0
1,,282294,Port:10,0,0,0,Missing,,,,,,,,,0
1,,282310,Port:10,0,0,0,Missing,,,,,,,,,0
1,,282318,Port:10,0,0,0,Missing,,,,,,,,,0
1,,282342,Port:10,0,0,0,Missing,,,,,,,,,0
1,,282350,Port:10,0,0,0,Missing,,,,,,,,,0
1,,282366,Port:10,0,0,0,Missing,,,,,,,,,0
1,,282382,Port:10,0,0,0,Missing,,,,,,,,,0
1,,282398,Port:10,0,0,0,Missing,,,,,,,,,0
1,,282422,Port:10,0,0,0,Missing,,,,,,,,,0
1,,282438,Port:10,0,0,0,Missing,,,,,,,,,0
1,,282454,Port:10,0,0,0,Missing,,,,,,,,,0
1,,282478,Port:10,0,0,0,Missing,,,,,,,,,0
1,,282486,Port:10,0,0,0,Missing,,,,,,,,,0
1,,282502,Port:10,0,0,0,Missing,,,,,,,,,0
1,,282518,Port:10,0,0,0,Missing,,,,,,,,,0
1,,282534,Port:10,0,0,0,Missing,,,,,,,,,0
1,,282550,Port:10,0,0,0,Missing,,,,,,,,,0
1,,282566,Port:10,0,0,0,Missing,,,,,,,,,0
1,,282582,Port:10,0,0,0,Missing,,,,,,,,,0
1,,282598,Port:10,0,0,0,Missing,,,,,,,,,0
1,,282606,Port:10,0,0,0,Missing,,,,,,,,,0
1,,282638,Port:10,0,0,0,Missing,,,,,,,,,0
1,,282654,Port:10,0,0,0,Missing,,,,,,,,,0
1,,282670,Port:10,0,0,0,Missing,,,,,,,,,0
1,,282678,Port:10,0,0,0,Missing,,,,,,,,,0
1,,282694,Port:10,0,0,0,Missing,,,,,,,,,0
1,,282710,Port:10,0,0,0,Missing,,,,,,,,,0
1,,282726,Port:10,0,0,0,Missing,,,,,,,,,0
1,,282742,Port:10,0,0,0,Missing,,,,,,,,,0
1,,282758,Port:10,0,0,0,Missing,,,,,,,,,0
1,,282774,Port:10,0,0,0,Missing,,,,,,,,,0
1,,282790,Port:10,0,0,0,Missing,,,,,,,,,0
1,,282806,Port:10,0,0,0,Missing,,,,,,,,,0
1,,282822,Port:10,0,0,0,Missing,,,,,,,,,0
1,,282830,Port:10,0,0,0,Missing,,,,,,,,,0
1,,282846,Port:10,0,0,0,Missing,,,,,,,,,0
1,,282878,Port:10,0,0,0,Missing,,,,,,,,,0
1,,282894,Port:10,0,0,0,Missing,,,,,,,,,0
1,,282910,Port:10,0,0,0,Missing,,,,,,,,,0
1,,282926,Port:10,0,0,0,Missing,,,,,,,,,0
1,,282934,Port:10,0,0,0,Missing,,,,,,,,,0
1,,282958,Port:10,0,0,0,Missing,,,,,,,,,0
1,,282966,Port:10,0,0,0,Missing,,,,,,,,,0
1,,282982,Port:10,0,0,0,Missing,,,,,,,,,0
1,,282998,Port:10,0,0,0,Missing,,,,,,,,,0
1,,283014,Port:10,0,0,0,Missing,,,,,,,,,0
1,,283030,Port:10,0,0,0,Missing,,,,,,,,,0
1,,283046,Port:10,0,0,0,Missing,,,,,,,,,0
1,,283054,Port:10,0,0,0,Missing,,,,,,,,,0
1,,283070,Port:10,0,0,0,Missing,,,,,,,,,0
1,,283102,Port:10,0,0,0,Missing,,,,,,,,,0
1,,283118,Port:10,0,0,0,Missing,,,,,,,,,0
1,,283134,Port:10,0,0,0,Missing,,,,,,,,,0
1,,283150,Port:10,0,0,0,Missing,,,,,,,,,0
1,,283166,Port:10,0,0,0,Missing,,,,,,,,,0
1,,283182,Port:10,0,0,0,Missing,,,,,,,,,0
1,,283190,Port:10,0,0,0,Missing,,,,,,,,,0
1,,283214,Port:10,0,0,0,Missing,,,,,,,,,0
1,,283222,Port:10,0,0,0,Missing,,,,,,,,,0
1,,283238,Port:10,0,0,0,Missing,,,,,,,,,0
1,,283254,Port:10,0,0,0,Missing,,,,,,,,,0
1,,283270,Port:10,0,0,0,Missing,,,,,,,,,0
1,,283286,Port:10,0,0,0,Missing,,,,,,,,,0
1,,283302,Port:10,0,0,0,Missing,,,,,,,,,0
1,,283310,Port:10,0,0,0,Missing,,,,,,,,,0
1,,283334,Port:10,0,0,0,Missing,,,,,,,,,0
1,,283342,Port:10,0,0,0,Missing,,,,,,,,,0
1,,283374,Port:10,0,0,0,Missing,,,,,,,,,0
1,,283390,Port:10,0,0,0,Missing,,,,,,,,,0
1,,283398,Port:10,0,0,0,Missing,,,,,,,,,0
1,,283422,Port:10,0,0,0,Missing,,,,,,,,,0
1,,283438,Port:10,0,0,0,Missing,,,,,,,,,0
1,,283446,Port:10,0,0,0,Missing,,,,,,,,,0
1,,283462,Port:10,0,0,0,Missing,,,,,,,,,0
1,,283478,Port:10,0,0,0,Missing,,,,,,,,,0
1,,283494,Port:10,0,0,0,Missing,,,,,,,,,0
1,,283510,Port:10,0,0,0,Missing,,,,,,,,,0
1,,283526,Port:10,0,0,0,Missing,,,,,,,,,0
1,,283534,Port:10,0,0,0,Missing,,,,,,,,,0
1,,283558,Port:10,0,0,0,Missing,,,,,,,,,0
1,,283582,Port:10,0,0,0,Missing,,,,,,,,,0
1,,283598,Port:10,0,0,0,Missing,,,,,,,,,0
1,,283614,Port:10,0,0,0,Missing,,,,,,,,,0
1,,283630,Port:10,0,0,0,Missing,,,,,,,,,0
1,,283646,Port:10,0,0,0,Missing,,,,,,,,,0
1,,283654,Port:10,0,0,0,Missing,,,,,,,,,0
1,,283678,Port:10,0,0,0,Missing,,,,,,,,,0
1,,283686,Port:10,0,0,0,Missing,,,,,,,,,0
1,,283702,Port:10,0,0,0,Missing,,,,,,,,,0
1,,283718,Port:10,0,0,0,Missing,,,,,,,,,0
1,,283734,Port:10,0,0,0,Missing,,,,,,,,,0
1,,283750,Port:10,0,0,0,Missing,,,,,,,,,0
1,,283766,Port:10,0,0,0,Missing,,,,,,,,,0
1,,283782,Port:10,0,0,0,Missing,,,,,,,,,0
1,,283806,Port:10,0,0,0,Missing,,,,,,,,,0
1,,283822,Port:10,0,0,0,Missing,,,,,,,,,0
1,,283838,Port:10,0,0,0,Missing,,,,,,,,,0
1,,283854,Port:10,0,0,0,Missing,,,,,,,,,0
1,,283870,Port:10,0,0,0,Missing,,,,,,,,,0
1,,283886,Port:10,0,0,0,Missing,,,,,,,,,0
1,,283894,Port:10,0,0,0,Missing,,,,,,,,,0
1,,283910,Port:10,0,0,0,Missing,,,,,,,,,0
1,,283926,Port:10,0,0,0,Missing,,,,,,,,,0
1,,283942,Port:10,0,0,0,Missing,,,,,,,,,0
1,,283958,Port:10,0,0,0,Missing,,,,,,,,,0
1,,283974,Port:10,0,0,0,Missing,,,,,,,,,0
1,,283990,Port:10,0,0,0,Missing,,,,,,,,,0
1,,284006,Port:10,0,0,0,Missing,,,,,,,,,0
1,,284022,Port:10,0,0,0,Missing,,,,,,,,,0
1,,284030,Port:10,0,0,0,Missing,,,,,,,,,0
1,,284046,Port:10,0,0,0,Missing,,,,,,,,,0
1,,284078,Port:10,0,0,0,Missing,,,,,,,,,0
1,,284094,Port:10,0,0,0,Missing,,,,,,,,,0
1,,284110,Port:10,0,0,0,Missing,,,,,,,,,0
1,,284126,Port:10,0,0,0,Missing,,,,,,,,,0
1,,284142,Port:10,0,0,0,Missing,,,,,,,,,0
1,,284150,Port:10,0,0,0,Missing,,,,,,,,,0
1,,284166,Port:10,0,0,0,Missing,,,,,,,,,0
1,,284182,Port:10,0,0,0,Missing,,,,,,,,,0
1,,284198,Port:10,0,0,0,Missing,,,,,,,,,0
1,,284214,Port:10,0,0,0,Missing,,,,,,,,,0
1,,284230,Port:10,0,0,0,Missing,,,,,,,,,0
1,,284246,Port:10,0,0,0,Missing,,,,,,,,,0
1,,284254,Port:10,0,0,0,Missing,,,,,,,,,0
1,,284270,Port:10,0,0,0,Missing,,,,,,,,,0
1,,284286,Port:10,0,0,0,Missing,,,,,,,,,0
1,,284318,Port:10,0,0,0,Missing,,,,,,,,,0
1,,284334,Port:10,0,0,0,Missing,,,,,,,,,0
1,,284350,Port:10,0,0,0,Missing,,,,,,,,,0
1,,284366,Port:10,0,0,0,Missing,,,,,,,,,0
1,,284382,Port:10,0,0,0,Missing,,,,,,,,,0
1,,284390,Port:10,0,0,0,Missing,,,,,,,,,0
1,,284414,Port:10,0,0,0,Missing,,,,,,,,,0
1,,284422,Port:10,0,0,0,Missing,,,,,,,,,0
1,,284438,Port:10,0,0,0,Missing,,,,,,,,,0
1,,284454,Port:10,0,0,0,Missing,,,,,,,,,0
1,,284470,Port:10,0,0,0,Missing,,,,,,,,,0
1,,284486,Port:10,0,0,0,Missing,,,,,,,,,0
1,,284502,Port:10,0,0,0,Missing,,,,,,,,,0
1,,284518,Port:10,0,0,0,Missing,,,,,,,,,0
1,,284526,Port:10,0,0,0,Missing,,,,,,,,,0
1,,284550,Port:10,0,0,0,Missing,,,,,,,,,0
1,,284574,Port:10,0,0,0,Missing,,,,,,,,,0
1,,284590,Port:10,0,0,0,Missing,,,,,,,,,0
1,,284606,Port:10,0,0,0,Missing,,,,,,,,,0
1,,284622,Port:10,0,0,0,Missing,,,,,,,,,0
1,,284654,Port:10,0,0,0,Missing,,,,,,,,,0
1,,284662,Port:10,0,0,0,Missing,,,,,,,,,0
1,,284678,Port:10,0,0,0,Missing,,,,,,,,,0
1,,284694,Port:10,0,0,0,Missing,,,,,,,,,0
1,,284710,Port:10,0,0,0,Missing,,,,,,,,,0
1,,284726,Port:10,0,0,0,Missing,,,,,,,,,0
1,,284742,Port:10,0,0,0,Missing,,,,,,,,,0
1,,284758,Port:10,0,0,0,Missing,,,,,,,,,0
1,,284774,Port:10,0,0,0,Missing,,,,,,,,,0
1,,284782,Port:10,0,0,0,Missing,,,,,,,,,0
1,,284814,Port:10,0,0,0,Missing,,,,,,,,,0
1,,284830,Port:10,0,0,0,Missing,,,,,,,,,0
1,,284846,Port:10,0,0,0,Missing,,,,,,,,,0
1,,284862,Port:10,0,0,0,Missing,,,,,,,,,0
1,,284870,Port:10,0,0,0,Missing,,,,,,,,,0
1,,284886,Port:10,0,0,0,Missing,,,,,,,,,0
1,,284910,Port:10,0,0,0,Missing,,,,,,,,,0
1,,284918,Port:10,0,0,0,Missing,,,,,,,,,0
1,,284934,Port:10,0,0,0,Missing,,,,,,,,,0
1,,284950,Port:10,0,0,0,Missing,,,,,,,,,0
1,,284966,Port:10,0,0,0,Missing,,,,,,,,,0
1,,284982,Port:10,0,0,0,Missing,,,,,,,,,0
1,,284990,Port:10,0,0,0,Missing,,,,,,,,,0
1,,285014,Port:10,0,0,0,Missing,,,,,,,,,0
1,,285022,Port:10,0,0,0,Missing,,,,,,,,,0
1,,285038,Port:10,0,0,0,Missing,,,,,,,,,0
1,,285070,Port:10,0,0,0,Missing,,,,,,,,,0
1,,285086,Port:10,0,0,0,Missing,,,,,,,,,0
1,,285102,Port:10,0,0,0,Missing,,,,,,,,,0
1,,285118,Port:10,0,0,0,Missing,,,,,,,,,0
1,,285126,Port:10,0,0,0,Missing,,,,,,,,,0
1,,285142,Port:10,0,0,0,Missing,,,,,,,,,0
1,,285158,Port:10,0,0,0,Missing,,,,,,,,,0
1,,285174,Port:10,0,0,0,Missing,,,,,,,,,0
1,,285190,Port:10,0,0,0,Missing,,,,,,,,,0
1,,285206,Port:10,0,0,0,Missing,,,,,,,,,0
1,,285222,Port:10,0,0,0,Missing,,,,,,,,,0
1,,285230,Port:10,0,0,0,Missing,,,,,,,,,0
1,,285270,Port:10,0,0,0,Missing,,,,,,,,,0
1,,285278,Port:10,0,0,0,Missing,,,,,,,,,0
1,,285294,Port:10,0,0,0,Missing,,,,,,,,,0
1,,285310,Port:10,0,0,0,Missing,,,,,,,,,0
1,,285326,Port:10,0,0,0,Missing,,,,,,,,,0
1,,285342,Port:10,0,0,0,Missing,,,,,,,,,0
1,,285350,Port:10,0,0,0,Missing,,,,,,,,,0
1,,285366,Port:10,0,0,0,Missing,,,,,,,,,0
1,,285390,Port:10,0,0,0,Missing,,,,,,,,,0
1,,285406,Port:10,0,0,0,Missing,,,,,,,,,0
1,,285414,Port:10,0,0,0,Missing,,,,,,,,,0
1,,285430,Port:10,0,0,0,Missing,,,,,,,,,0
1,,285446,Port:10,0,0,0,Missing,,,,,,,,,0
1,,285462,Port:10,0,0,0,Missing,,,,,,,,,0
1,,285470,Port:10,0,0,0,Missing,,,,,,,,,0
1,,285502,Port:10,0,0,0,Missing,,,,,,,,,0
1,,285518,Port:10,0,0,0,Missing,,,,,,,,,0
1,,285534,Port:10,0,0,0,Missing,,,,,,,,,0
1,,285550,Port:10,0,0,0,Missing,,,,,,,,,0
1,,285566,Port:10,0,0,0,Missing,,,,,,,,,0
1,,285582,Port:10,0,0,0,Missing,,,,,,,,,0
1,,285598,Port:10,0,0,0,Missing,,,,,,,,,0
1,,285614,Port:10,0,0,0,Missing,,,,,,,,,0
1,,285630,Port:10,0,0,0,Missing,,,,,,,,,0
1,,285638,Port:10,0,0,0,Missing,,,,,,,,,0
1,,285654,Port:10,0,0,0,Missing,,,,,,,,,0
1,,285670,Port:10,0,0,0,Missing,,,,,,,,,0
1,,285686,Port:10,0,0,0,Missing,,,,,,,,,0
1,,285702,Port:10,0,0,0,Missing,,,,,,,,,0
1,,285718,Port:10,0,0,0,Missing,,,,,,,,,0
1,,285734,Port:10,0,0,0,Missing,,,,,,,,,0
1,,285742,Port:10,0,0,0,Missing,,,,,,,,,0
1,,285774,Port:10,0,0,0,Missing,,,,,,,,,0
1,,285790,Port:10,0,0,0,Missing,,,,,,,,,0
1,,285806,Port:10,0,0,0,Missing,,,,,,,,,0
1,,285822,Port:10,0,0,0,Missing,,,,,,,,,0
1,,285838,Port:10,0,0,0,Missing,,,,,,,,,0
1,,285854,Port:10,0,0,0,Missing,,,,,,,,,0
1,,285870,Port:10,0,0,0,Missing,,,,,,,,,0
1,,285878,Port:10,0,0,0,Missing,,,,,,,,,0
1,,285894,Port:10,0,0,0,Missing,,,,,,,,,0
1,,285910,Port:10,0,0,0,Missing,,,,,,,,,0
1,,285926,Port:10,0,0,0,Missing,,,,,,,,,0
1,,285942,Port:10,0,0,0,Missing,,,,,,,,,0
1,,285958,Port:10,0,0,0,Missing,,,,,,,,,0
1,,285966,Port:10,0,0,0,Missing,,,,,,,,,0
1,,285990,Port:10,0,0,0,Missing,,,,,,,,,0
1,,286014,Port:10,0,0,0,Missing,,,,,,,,,0
1,,286030,Port:10,0,0,0,Missing,,,,,,,,,0
1,,286046,Port:10,0,0,0,Missing,,,,,,,,,0
1,,286062,Port:10,0,0,0,Missing,,,,,,,,,0
1,,286078,Port:10,0,0,0,Missing,,,,,,,,,0
1,,286086,Port:10,0,0,0,Missing,,,,,,,,,0
1,,286110,Port:10,0,0,0,Missing,,,,,,,,,0
1,,286126,Port:10,0,0,0,Missing,,,,,,,,,0
1,,286134,Port:10,0,0,0,Missing,,,,,,,,,0
1,,286150,Port:10,0,0,0,Missing,,,,,,,,,0
1,,286166,Port:10,0,0,0,Missing,,,,,,,,,0
1,,286182,Port:10,0,0,0,Missing,,,,,,,,,0
1,,286198,Port:10,0,0,0,Missing,,,,,,,,,0
1,,286214,Port:10,0,0,0,Missing,,,,,,,,,0
1,,286230,Port:10,0,0,0,Missing,,,,,,,,,0
1,,286254,Port:10,0,0,0,Missing,,,,,,,,,0
1,,286270,Port:10,0,0,0,Missing,,,,,,,,,0
1,,286286,Port:10,0,0,0,Missing,,,,,,,,,0
1,,286302,Port:10,0,0,0,Missing,,,,,,,,,0
1,,286318,Port:10,0,0,0,Missing,,,,,,,,,0
1,,286334,Port:10,0,0,0,Missing,,,,,,,,,0
1,,286350,Port:10,0,0,0,Missing,,,,,,,,,0
1,,286366,Port:10,0,0,0,Missing,,,,,,,,,0
1,,286374,Port:10,0,0,0,Missing,,,,,,,,,0
1,,286390,Port:10,0,0,0,Missing,,,,,,,,,0
1,,286406,Port:10,0,0,0,Missing,,,,,,,,,0
1,,286422,Port:10,0,0,0,Missing,,,,,,,,,0
1,,286446,Port:10,0,0,0,Missing,,,,,,,,,0
1,,286470,Port:10,0,0,0,Missing,,,,,,,,,0
1,,286478,Port:10,0,0,0,Missing,,,,,,,,,0
1,,286502,Port:10,0,0,0,Missing,,,,,,,,,0
1,,286510,Port:10,0,0,0,Missing,,,,,,,,,0
1,,286526,Port:10,0,0,0,Missing,,,,,,,,,0
1,,286542,Port:10,0,0,0,Missing,,,,,,,,,0
1,,286558,Port:10,0,0,0,Missing,,,,,,,,,0
1,,286574,Port:10,0,0,0,Missing,,,,,,,,,0
1,,286590,Port:10,0,0,0,Missing,,,,,,,,,0
1,,286598,Port:10,0,0,0,Missing,,,,,,,,,0
1,,286614,Port:10,0,0,0,Missing,,,,,,,,,0
1,,286630,Port:10,0,0,0,Missing,,,,,,,,,0
1,,286646,Port:10,0,0,0,Missing,,,,,,,,,0
1,,286662,Port:10,0,0,0,Missing,,,,,,,,,0
1,,286678,Port:10,0,0,0,Missing,,,,,,,,,0
1,,286694,Port:10,0,0,0,Missing,,,,,,,,,0
1,,286710,Port:10,0,0,0,Missing,,,,,,,,,0
1,,286742,Port:10,0,0,0,Missing,,,,,,,,,0
1,,286750,Port:10,0,0,0,Missing,,,,,,,,,0
1,,286766,Port:10,0,0,0,Missing,,,,,,,,,0
1,,286782,Port:10,0,0,0,Missing,,,,,,,,,0
1,,286798,Port:10,0,0,0,Missing,,,,,,,,,0
1,,286814,Port:10,0,0,0,Missing,,,,,,,,,0
1,,286822,Port:10,0,0,0,Missing,,,,,,,,,0
1,,286846,Port:10,0,0,0,Missing,,,,,,,,,0
1,,286854,Port:10,0,0,0,Missing,,,,,,,,,0
1,,286870,Port:10,0,0,0,Missing,,,,,,,,,0
1,,286886,Port:10,0,0,0,Missing,,,,,,,,,0
1,,286902,Port:10,0,0,0,Missing,,,,,,,,,0
1,,286918,Port:10,0,0,0,Missing,,,,,,,,,0
1,,286926,Port:10,0,0,0,Missing,,,,,,,,,0
1,,286966,Port:10,0,0,0,Missing,,,,,,,,,0
1,,286974,Port:10,0,0,0,Missing,,,,,,,,,0
1,,286990,Port:10,0,0,0,Missing,,,,,,,,,0
1,,287006,Port:10,0,0,0,Missing,,,,,,,,,0
1,,287022,Port:10,0,0,0,Missing,,,,,,,,,0
1,,287038,Port:10,0,0,0,Missing,,,,,,,,,0
1,,287054,Port:10,0,0,0,Missing,,,,,,,,,0
1,,287062,Port:10,0,0,0,Missing,,,,,,,,,0
1,,287078,Port:10,0,0,0,Missing,,,,,,,,,0
1,,287094,Port:10,0,0,0,Missing,,,,,,,,,0
1,,287110,Port:10,0,0,0,Missing,,,,,,,,,0
1,,287126,Port:10,0,0,0,Missing,,,,,,,,,0
1,,287142,Port:10,0,0,0,Missing,,,,,,,,,0
1,,287158,Port:10,0,0,0,Missing,,,,,,,,,0
1,,287174,Port:10,0,0,0,Missing,,,,,,,,,0
1,,287190,Port:10,0,0,0,Missing,,,,,,,,,0
1,,287214,Port:10,0,0,0,Missing,,,,,,,,,0
1,,287230,Port:10,0,0,0,Missing,,,,,,,,,0
1,,287246,Port:10,0,0,0,Missing,,,,,,,,,0
1,,287262,Port:10,0,0,0,Missing,,,,,,,,,0
1,,287278,Port:10,0,0,0,Missing,,,,,,,,,0
1,,287294,Port:10,0,0,0,Missing,,,,,,,,,0
1,,287310,Port:10,0,0,0,Missing,,,,,,,,,0
1,,287318,Port:10,0,0,0,Missing,,,,,,,,,0
1,,287334,Port:10,0,0,0,Missing,,,,,,,,,0
1,,287350,Port:10,0,0,0,Missing,,,,,,,,,0
1,,287366,Port:10,0,0,0,Missing,,,,,,,,,0
1,,287382,Port:10,0,0,0,Missing,,,,,,,,,0
1,,287398,Port:10,0,0,0,Missing,,,,,,,,,0
1,,287422,Port:10,0,0,0,Missing,,,,,,,,,0
1,,287446,Port:10,0,0,0,Missing,,,,,,,,,0
1,,287454,Port:10,0,0,0,Missing,,,,,,,,,0
1,,287470,Port:10,0,0,0,Missing,,,,,,,,,0
1,,287486,Port:10,0,0,0,Missing,,,,,,,,,0
1,,287502,Port:10,0,0,0,Missing,,,,,,,,,0
1,,287518,Port:10,0,0,0,Missing,,,,,,,,,0
1,,287534,Port:10,0,0,0,Missing,,,,,,,,,0
1,,287542,Port:10,0,0,0,Missing,,,,,,,,,0
1,,287558,Port:10,0,0,0,Missing,,,,,,,,,0
1,,287582,Port:10,0,0,0,Missing,,,,,,,,,0
1,,287590,Port:10,0,0,0,Missing,,,,,,,,,0
1,,287606,Port:10,0,0,0,Missing,,,,,,,,,0
1,,287622,Port:10,0,0,0,Missing,,,,,,,,,0
1,,287638,Port:10,0,0,0,Missing,,,,,,,,,0
1,,287654,Port:10,0,0,0,Missing,,,,,,,,,0
1,,287678,Port:10,0,0,0,Missing,,,,,,,,,0
1,,287694,Port:10,0,0,0,Missing,,,,,,,,,0
1,,287710,Port:10,0,0,0,Missing,,,,,,,,,0
1,,287726,Port:10,0,0,0,Missing,,,,,,,,,0
1,,287742,Port:10,0,0,0,Missing,,,,,,,,,0
1,,287758,Port:10,0,0,0,Missing,,,,,,,,,0
1,,287774,Port:10,0,0,0,Missing,,,,,,,,,0
1,,287790,Port:10,0,0,0,Missing,,,,,,,,,0
1,,287806,Port:10,0,0,0,Missing,,,,,,,,,0
1,,287814,Port:10,0,0,0,Missing,,,,,,,,,0
1,,287830,Port:10,0,0,0,Missing,,,,,,,,,0
