ToolCount,ToolInfo,Frame#,PortHandle,Face#,timespec_s,timespec_ns,TransformStatus,Q0,Qx,Qy,Qz,Tx,Ty,Tz,Error,#Markers
1,,504894,Port:10,0,0,0,Missing,,,,,,,,,0
1,,504910,Port:10,0,0,0,Missing,,,,,,,,,0
1,,504926,Port:10,0,0,0,Missing,,,,,,,,,0
1,,504942,Port:10,0,0,0,Missing,,,,,,,,,0
1,,504958,Port:10,0,0,0,Missing,,,,,,,,,0
1,,504974,Port:10,0,0,0,Missing,,,,,,,,,0
1,,504990,Port:10,0,0,0,Missing,,,,,,,,,0
1,,505006,Port:10,0,0,0,Missing,,,,,,,,,0
1,,505014,Port:10,0,0,0,Missing,,,,,,,,,0
1,,505030,Port:10,0,0,0,Missing,,,,,,,,,0
1,,505054,Port:10,0,0,0,Missing,,,,,,,,,0
1,,505062,Port:10,0,0,0,Missing,,,,,,,,,0
1,,505078,Port:10,0,0,0,Missing,,,,,,,,,0
1,,505094,Port:10,0,0,0,Missing,,,,,,,,,0
1,,505110,Port:10,0,0,0,Missing,,,,,,,,,0
1,,505126,Port:10,0,0,0,Missing,,,,,,,,,0
1,,505150,Port:10,0,0,0,Missing,,,,,,,,,0
1,,505174,Port:10,0,0,0,Missing,,,,,,,,,0
1,,505182,Port:10,0,0,0,Missing,,,,,,,,,0
1,,505198,Port:10,0,0,0,Missing,,,,,,,,,0
1,,505214,Port:10,0,0,0,Missing,,,,,,,,,0
1,,505230,Port:10,0,0,0,Missing,,,,,,,,,0
1,,505246,Port:10,0,0,0,Missing,,,,,,,,,0
1,,505254,Port:10,0,0,0,Missing,,,,,,,,,0
1,,505270,Port:10,0,0,0,Missing,,,,,,,,,0
1,,505294,Port:10,0,0,0,Missing,,,,,,,,,0
1,,505302,Port:10,0,0,0,Missing,,,,,,,,,0
1,,505318,Port:10,0,0,0,Missing,,,,,,,,,0
1,,505334,Port:10,0,0,0,Missing,,,,,,,,,0
1,,505350,Port:10,0,0,0,Missing,,,,,,,,,0
1,,505366,Port:10,0,0,0,Missing,,,,,,,,,0
1,,505374,Port:10,0,0,0,Missing,,,,,,,,,0
1,,505414,Port:10,0,0,0,Missing,,,,,,,,,0
1,,505422,Port:10,0,0,0,Missing,,,,,,,,,0
1,,505438,Port:10,0,0,0,Missing,,,,,,,,,0
1,,505454,Port:10,0,0,0,Missing,,,,,,,,,0
1,,505470,Port:10,0,0,0,Missing,,,,,,,,,0
1,,505486,Port:10,0,0,0,Missing,,,,,,,,,0
1,,505494,Port:10,0,0,0,Missing,,,,,,,,,0
1,,505510,Port:10,0,0,0,Missing,,,,,,,,,0
1,,505534,Port:10,0,0,0,Missing,,,,,,,,,0
1,,505542,Port:10,0,0,0,Missing,,,,,,,,,0
1,,505558,Port:10,0,0,0,Missing,,,,,,,,,0
1,,505574,Port:10,0,0,0,Missing,,,,,,,,,0
1,,505590,Port:10,0,0,0,Missing,,,,,,,,,0
1,,505606,Port:10,0,0,0,Missing,,,,,,,,,0
1,,505614,Port:10,0,0,0,Missing,,,,,,,,,0
1,,505654,Port:10,0,0,0,Missing,,,,,,,,,0
1,,505662,Port:10,0,0,0,Missing,,,,,,,,,0
1,,505678,Port:10,0,0,0,Missing,,,,,,,,,0
1,,505694,Port:10,0,0,0,Missing,,,,,,,,,0
1,,505710,Port:10,0,0,0,Missing,,,,,,,,,0
1,,505726,Port:10,0,0,0,Missing,,,,,,,,,0
1,,505734,Port:10,0,0,0,Missing,,,,,,,,,0
1,,505750,Port:10,0,0,0,Missing,,,,,,,,,0
1,,505774,Port:10,0,0,0,Missing,,,,,,,,,0
1,,505782,Port:10,0,0,0,Missing,,,,,,,,,0
1,,505798,Port:10,0,0,0,Missing,,,,,,,,,0
1,,505814,Port:10,0,0,0,Missing,,,,,,,,,0
1,,505830,Port:10,0,0,0,Missing,,,,,,,,,0
1,,505846,Port:10,0,0,0,Missing,,,,,,,,,0
1,,505854,Port:10,0,0,0,Missing,,,,,,,,,0
1,,505894,Port:10,0,0,0,Missing,,,,,,,,,0
1,,505902,Port:10,0,0,0,Missing,,,,,,,,,0
1,,505918,Port:10,0,0,0,Missing,,,,,,,,,0
1,,505934,Port:10,0,0,0,Missing,,,,,,,,,0
1,,505950,Port:10,0,0,0,Missing,,,,,,,,,0
1,,505966,Port:10,0,0,0,Missing,,,,,,,,,0
1,,505974,Port:10,0,0,0,Missing,,,,,,,,,0
1,,505998,Port:10,0,0,0,Missing,,,,,,,,,0
1,,506014,Port:10,0,0,0,Missing,,,,,,,,,0
1,,506022,Port:10,0,0,0,Missing,,,,,,,,,0
1,,506038,Port:10,0,0,0,Missing,,,,,,,,,0
1,,506054,Port:10,0,0,0,Missing,,,,,,,,,0
1,,506070,Port:10,0,0,0,Missing,,,,,,,,,0
1,,506086,Port:10,0,0,0,Missing,,,,,,,,,0
1,,506118,Port:10,0,0,0,Missing,,,,,,,,,0
1,,506134,Port:10,0,0,0,Missing,,,,,,,,,0
1,,506142,Port:10,0,0,0,Missing,,,,,,,,,0
1,,506158,Port:10,0,0,0,Missing,,,,,,,,,0
1,,506174,Port:10,0,0,0,Missing,,,,,,,,,0
1,,506190,Port:10,0,0,0,Missing,,,,,,,,,0
1,,506206,Port:10,0,0,0,Missing,,,,,,,,,0
1,,506214,Port:10,0,0,0,Missing,,,,,,,,,0
1,,506238,Port:10,0,0,0,Missing,,,,,,,,,0
1,,506254,Port:10,0,0,0,Missing,,,,,,,,,0
1,,506262,Port:10,0,0,0,Missing,,,,,,,,,0
1,,506278,Port:10,0,0,0,Missing,,,,,,,,,0
1,,506294,Port:10,0,0,0,Missing,,,,,,,,,0
1,,506310,Port:10,0,0,0,Missing,,,,,,,,,0
1,,506326,Port:10,0,0,0,Missing,,,,,,,,,0
1,,506358,Port:10,0,0,0,Missing,,,,,,,,,0
1,,506374,Port:10,0,0,0,Missing,,,,,,,,,0
1,,506382,Port:10,0,0,0,Missing,,,,,,,,,0
1,,506398,Port:10,0,0,0,Missing,,,,,,,,,0
1,,506414,Port:10,0,0,0,Missing,,,,,,,,,0
1,,506430,Port:10,0,0,0,Missing,,,,,,,,,0
1,,506446,Port:10,0,0,0,Missing,,,,,,,,,0
1,,506454,Port:10,0,0,0,Missing,,,,,,,,,0
1,,506478,Port:10,0,0,0,Missing,,,,,,,,,0
1,,506494,Port:10,0,0,0,Missing,,,,,,,,,0
1,,506502,Port:10,0,0,0,Missing,,,,,,,,,0
1,,506518,Port:10,0,0,0,Missing,,,,,,,,,0
1,,506534,Port:10,0,0,0,Missing,,,,,,,,,0
1,,506550,Port:10,0,0,0,Missing,,,,,,,,,0
1,,506566,Port:10,0,0,0,Missing,,,,,,,,,0
1,,506598,Port:10,0,0,0,Missing,,,,,,,,,0
1,,506614,Port:10,0,0,0,Missing,,,,,,,,,0
1,,506622,Port:10,0,0,0,Missing,,,,,,,,,0
1,,506638,Port:10,0,0,0,Missing,,,,,,,,,0
1,,506654,Port:10,0,0,0,Missing,,,,,,,,,0
1,,506670,Port:10,0,0,0,Missing,,,,,,,,,0
1,,506686,Port:10,0,0,0,Missing,,,,,,,,,0
1,,506694,Port:10,0,0,0,Missing,,,,,,,,,0
1,,506718,Port:10,0,0,0,Missing,,,,,,,,,0
1,,506734,Port:10,0,0,0,Missing,,,,,,,,,0
1,,506742,Port:10,0,0,0,Missing,,,,,,,,,0
1,,506758,Port:10,0,0,0,Missing,,,,,,,,,0
1,,506774,Port:10,0,0,0,Missing,,,,,,,,,0
1,,506790,Port:10,0,0,0,Missing,,,,,,,,,0
1,,506806,Port:10,0,0,0,Missing,,,,,,,,,0
1,,506822,Port:10,0,0,0,Missing,,,,,,,,,0
1,,506838,Port:10,0,0,0,Missing,,,,,,,,,0
1,,506854,Port:10,0,0,0,Missing,,,,,,,,,0
1,,506878,Port:10,0,0,0,Missing,,,,,,,,,0
1,,506894,Port:10,0,0,0,Missing,,,,,,,,,0
1,,506910,Port:10,0,0,0,Missing,,,,,,,,,0
1,,506926,Port:10,0,0,0,Missing,,,,,,,,,0
1,,506942,Port:10,0,0,0,Missing,,,,,,,,,0
1,,506958,Port:10,0,0,0,Missing,,,,,,,,,0
1,,506974,Port:10,0,0,0,Missing,,,,,,,,,0
1,,506982,Port:10,0,0,0,Missing,,,,,,,,,0
1,,506998,Port:10,0,0,0,Missing,,,,,,,,,0
1,,507014,Port:10,0,0,0,Missing,,,,,,,,,0
1,,507030,Port:10,0,0,0,Missing,,,,,,,,,0
1,,507046,Port:10,0,0,0,Missing,,,,,,,,,0
1,,507062,Port:10,0,0,0,Missing,,,,,,,,,0
1,,507078,Port:10,0,0,0,Missing,,,,,,,,,0
1,,507094,Port:10,0,0,0,Missing,,,,,,,,,0
1,,507118,Port:10,0,0,0,Missing,,,,,,,,,0
1,,507134,Port:10,0,0,0,Missing,,,,,,,,,0
1,,507150,Port:10,0,0,0,Missing,,,,,,,,,0
1,,507166,Port:10,0,0,0,Missing,,,,,,,,,0
1,,507182,Port:10,0,0,0,Missing,,,,,,,,,0
1,,507198,Port:10,0,0,0,Missing,,,,,,,,,0
1,,507214,Port:10,0,0,0,Missing,,,,,,,,,0
1,,507222,Port:10,0,0,0,Missing,,,,,,,,,0
1,,507238,Port:10,0,0,0,Missing,,,,,,,,,0
1,,507254,Port:10,0,0,0,Missing,,,,,,,,,0
1,,507270,Port:10,0,0,0,Missing,,,,,,,,,0
1,,507286,Port:10,0,0,0,Missing,,,,,,,,,0
1,,507302,Port:10,0,0,0,Missing,,,,,,,,,0
1,,507318,Port:10,0,0,0,Missing,,,,,,,,,0
1,,507334,Port:10,0,0,0,Missing,,,,,,,,,0
1,,507358,Port:10,0,0,0,Missing,,,,,,,,,0
1,,507374,Port:10,0,0,0,Missing,,,,,,,,,0
1,,507390,Port:10,0,0,0,Missing,,,,,,,,,0
1,,507406,Port:10,0,0,0,Missing,,,,,,,,,0
1,,507422,Port:10,0,0,0,Missing,,,,,,,,,0
1,,507438,Port:10,0,0,0,Missing,,,,,,,,,0
1,,507454,Port:10,0,0,0,Missing,,,,,,,,,0
1,,507470,Port:10,0,0,0,Missing,,,,,,,,,0
1,,507478,Port:10,0,0,0,Missing,,,,,,,,,0
1,,507494,Port:10,0,0,0,Missing,,,,,,,,,0
1,,507510,Port:10,0,0,0,Missing,,,,,,,,,0
1,,507526,Port:10,0,0,0,Missing,,,,,,,,,0
1,,507542,Port:10,0,0,0,Missing,,,,,,,,,0
1,,507558,Port:10,0,0,0,Missing,,,,,,,,,0
1,,507574,Port:10,0,0,0,Missing,,,,,,,,,0
1,,507598,Port:10,0,0,0,Missing,,,,,,,,,0
1,,507614,Port:10,0,0,0,Missing,,,,,,,,,0
1,,507630,Port:10,0,0,0,Missing,,,,,,,,,0
1,,507646,Port:10,0,0,0,Missing,,,,,,,,,0
1,,507662,Port:10,0,0,0,Missing,,,,,,,,,0
1,,507678,Port:10,0,0,0,Missing,,,,,,,,,0
1,,507694,Port:10,0,0,0,Missing,,,,,,,,,0
1,,507702,Port:10,0,0,0,Missing,,,,,,,,,0
1,,507718,Port:10,0,0,0,Missing,,,,,,,,,0
1,,507734,Port:10,0,0,0,Missing,,,,,,,,,0
1,,507750,Port:10,0,0,0,Missing,,,,,,,,,0
1,,507766,Port:10,0,0,0,Missing,,,,,,,,,0
1,,507782,Port:10,0,0,0,Missing,,,,,,,,,0
1,,507798,Port:10,0,0,0,Missing,,,,,,,,,0
1,,507814,Port:10,0,0,0,Missing,,,,,,,,,0
1,,507838,Port:10,0,0,0,Missing,,,,,,,,,0
1,,507854,Port:10,0,0,0,Missing,,,,,,,,,0
1,,507870,Port:10,0,0,0,Missing,,,,,,,,,0
1,,507886,Port:10,0,0,0,Missing,,,,,,,,,0
1,,507902,Port:10,0,0,0,Missing,,,,,,,,,0
1,,507918,Port:10,0,0,0,Missing,,,,,,,,,0
1,,507934,Port:10,0,0,0,Missing,,,,,,,,,0
1,,507942,Port:10,0,0,0,Missing,,,,,,,,,0
1,,507958,Port:10,0,0,0,Missing,,,,,,,,,0
1,,507974,Port:10,0,0,0,Missing,,,,,,,,,0
1,,507990,Port:10,0,0,0,Missing,,,,,,,,,0
1,,508006,Port:10,0,0,0,Missing,,,,,,,,,0
1,,508022,Port:10,0,0,0,Missing,,,,,,,,,0
1,,508038,Port:10,0,0,0,Missing,,,,,,,,,0
1,,508054,Port:10,0,0,0,Missing,,,,,,,,,0
1,,508078,Port:10,0,0,0,Missing,,,,,,,,,0
1,,508094,Port:10,0,0,0,Missing,,,,,,,,,0
1,,508110,Port:10,0,0,0,Missing,,,,,,,,,0
1,,508126,Port:10,0,0,0,Missing,,,,,,,,,0
1,,508142,Port:10,0,0,0,Missing,,,,,,,,,0
1,,508158,Port:10,0,0,0,Missing,,,,,,,,,0
1,,508174,Port:10,0,0,0,Missing,,,,,,,,,0
1,,508182,Port:10,0,0,0,Missing,,,,,,,,,0
1,,508198,Port:10,0,0,0,Missing,,,,,,,,,0
1,,508214,Port:10,0,0,0,Missing,,,,,,,,,0
1,,508230,Port:10,0,0,0,Missing,,,,,,,,,0
1,,508246,Port:10,0,0,0,Missing,,,,,,,,,0
1,,508262,Port:10,0,0,0,Missing,,,,,,,,,0
1,,508278,Port:10,0,0,0,Missing,,,,,,,,,0
1,,508302,Port:10,0,0,0,Missing,,,,,,,,,0
1,,508318,Port:10,0,0,0,Missing,,,,,,,,,0
1,,508334,Port:10,0,0,0,Missing,,,,,,,,,0
1,,508350,Port:10,0,0,0,Missing,,,,,,,,,0
1,,508366,Port:10,0,0,0,Missing,,,,,,,,,0
1,,508382,Port:10,0,0,0,Missing,,,,,,,,,0
1,,508398,Port:10,0,0,0,Missing,,,,,,,,,0
1,,508414,Port:10,0,0,0,Missing,,,,,,,,,0
1,,508422,Port:10,0,0,0,Missing,,,,,,,,,0
1,,508438,Port:10,0,0,0,Missing,,,,,,,,,0
1,,508454,Port:10,0,0,0,Missing,,,,,,,,,0
1,,508470,Port:10,0,0,0,Missing,,,,,,,,,0
1,,508486,Port:10,0,0,0,Missing,,,,,,,,,0
1,,508502,Port:10,0,0,0,Missing,,,,,,,,,0
1,,508518,Port:10,0,0,0,Missing,,,,,,,,,0
1,,508534,Port:10,0,0,0,Missing,,,,,,,,,0
1,,508558,Port:10,0,0,0,Missing,,,,,,,,,0
1,,508574,Port:10,0,0,0,Missing,,,,,,,,,0
1,,508590,Port:10,0,0,0,Missing,,,,,,,,,0
1,,508606,Port:10,0,0,0,Missing,,,,,,,,,0
1,,508622,Port:10,0,0,0,Missing,,,,,,,,,0
1,,508638,Port:10,0,0,0,Missing,,,,,,,,,0
1,,508654,Port:10,0,0,0,Missing,,,,,,,,,0
1,,508662,Port:10,0,0,0,Missing,,,,,,,,,0
1,,508678,Port:10,0,0,0,Missing,,,,,,,,,0
1,,508694,Port:10,0,0,0,Missing,,,,,,,,,0
1,,508710,Port:10,0,0,0,Missing,,,,,,,,,0
1,,508726,Port:10,0,0,0,Missing,,,,,,,,,0
1,,508742,Port:10,0,0,0,Missing,,,,,,,,,0
1,,508758,Port:10,0,0,0,Missing,,,,,,,,,0
1,,508782,Port:10,0,0,0,Missing,,,,,,,,,0
1,,508798,Port:10,0,0,0,Missing,,,,,,,,,0
1,,508814,Port:10,0,0,0,Missing,,,,,,,,,0
1,,508830,Port:10,0,0,0,Missing,,,,,,,,,0
1,,508846,Port:10,0,0,0,Missing,,,,,,,,,0
1,,508862,Port:10,0,0,0,Missing,,,,,,,,,0
1,,508878,Port:10,0,0,0,Missing,,,,,,,,,0
1,,508894,Port:10,0,0,0,Missing,,,,,,,,,0
1,,508910,Port:10,0,0,0,Missing,,,,,,,,,0
1,,508918,Port:10,0,0,0,Missing,,,,,,,,,0
1,,508934,Port:10,0,0,0,Missing,,,,,,,,,0
1,,508950,Port:10,0,0,0,Missing,,,,,,,,,0
1,,508966,Port:10,0,0,0,Missing,,,,,,,,,0
1,,508982,Port:10,0,0,0,Missing,,,,,,,,,0
1,,508998,Port:10,0,0,0,Missing,,,,,,,,,0
1,,509022,Port:10,0,0,0,Missing,,,,,,,,,0
1,,509038,Port:10,0,0,0,Missing,,,,,,,,,0
1,,509054,Port:10,0,0,0,Missing,,,,,,,,,0
1,,509070,Port:10,0,0,0,Missing,,,,,,,,,0
1,,509086,Port:10,0,0,0,Missing,,,,,,,,,0
1,,509102,Port:10,0,0,0,Missing,,,,,,,,,0
1,,509118,Port:10,0,0,0,Missing,,,,,,,,,0
1,,509134,Port:10,0,0,0,Missing,,,,,,,,,0
1,,509150,Port:10,0,0,0,Missing,,,,,,,,,0
1,,509158,Port:10,0,0,0,Missing,,,,,,,,,0
1,,509174,Port:10,0,0,0,Missing,,,,,,,,,0
1,,509198,Port:10,0,0,0,Missing,,,,,,,,,0
1,,509206,Port:10,0,0,0,Missing,,,,,,,,,0
1,,509222,Port:10,0,0,0,Missing,,,,,,,,,0
1,,509238,Port:10,0,0,0,Missing,,,,,,,,,0
1,,509262,Port:10,0,0,0,Missing,,,,,,,,,0
1,,509278,Port:10,0,0,0,Missing,,,,,,,,,0
1,,509294,Port:10,0,0,0,Missing,,,,,,,,,0
1,,509318,Port:10,0,0,0,Missing,,,,,,,,,0
1,,509326,Port:10,0,0,0,Missing,,,,,,,,,0
1,,509342,Port:10,0,0,0,Missing,,,,,,,,,0
1,,509358,Port:10,0,0,0,Missing,,,,,,,,,0
1,,509374,Port:10,0,0,0,Missing,,,,,,,,,0
1,,509390,Port:10,0,0,0,Missing,,,,,,,,,0
1,,509398,Port:10,0,0,0,Missing,,,,,,,,,0
1,,509414,Port:10,0,0,0,Missing,,,,,,,,,0
1,,509430,Port:10,0,0,0,Missing,,,,,,,,,0
1,,509446,Port:10,0,0,0,Missing,,,,,,,,,0
1,,509462,Port:10,0,0,0,Missing,,,,,,,,,0
1,,509478,Port:10,0,0,0,Missing,,,,,,,,,0
1,,509510,Port:10,0,0,0,Missing,,,,,,,,,0
1,,509518,Port:10,0,0,0,Missing,,,,,,,,,0
1,,509534,Port:10,0,0,0,Missing,,,,,,,,,0
1,,509558,Port:10,0,0,0,Missing,,,,,,,,,0
1,,509566,Port:10,0,0,0,Missing,,,,,,,,,0
1,,509582,Port:10,0,0,0,Missing,,,,,,,,,0
1,,509598,Port:10,0,0,0,Missing,,,,,,,,,0
1,,509614,Port:10,0,0,0,Missing,,,,,,,,,0
1,,509622,Port:10,0,0,0,Missing,,,,,,,,,0
1,,509638,Port:10,0,0,0,Missing,,,,,,,,,0
1,,509654,Port:10,0,0,0,Missing,,,,,,,,,0
1,,509678,Port:10,0,0,0,Missing,,,,,,,,,0
1,,509686,Port:10,0,0,0,Missing,,,,,,,,,0
1,,509702,Port:10,0,0,0,Missing,,,,,,,,,0
1,,509718,Port:10,0,0,0,Missing,,,,,,,,,0
1,,509742,Port:10,0,0,0,Missing,,,,,,,,,0
1,,509758,Port:10,0,0,0,Missing,,,,,,,,,0
1,,509774,Port:10,0,0,0,Missing,,,,,,,,,0
1,,509798,Port:10,0,0,0,Missing,,,,,,,,,0
1,,509806,Port:10,0,0,0,Missing,,,,,,,,,0
1,,509822,Port:10,0,0,0,Missing,,,,,,,,,0
1,,509838,Port:10,0,0,0,Missing,,,,,,,,,0
1,,509854,Port:10,0,0,0,Missing,,,,,,,,,0
1,,509862,Port:10,0,0,0,Missing,,,,,,,,,0
1,,509878,Port:10,0,0,0,Missing,,,,,,,,,0
1,,509894,Port:10,0,0,0,Missing,,,,,,,,,0
1,,509918,Port:10,0,0,0,Missing,,,,,,,,,0
1,,509926,Port:10,0,0,0,Missing,,,,,,,,,0
1,,509942,Port:10,0,0,0,Missing,,,,,,,,,0
1,,509958,Port:10,0,0,0,Missing,,,,,,,,,0
1,,509974,Port:10,0,0,0,Missing,,,,,,,,,0
1,,509998,Port:10,0,0,0,Missing,,,,,,,,,0
1,,510022,Port:10,0,0,0,Missing,,,,,,,,,0
1,,510030,Port:10,0,0,0,Missing,,,,,,,,,0
1,,510046,Port:10,0,0,0,Missing,,,,,,,,,0
1,,510062,Port:10,0,0,0,Missing,,,,,,,,,0
1,,510078,Port:10,0,0,0,Missing,,,,,,,,,0
1,,510094,Port:10,0,0,0,Missing,,,,,,,,,0
1,,510102,Port:10,0,0,0,Missing,,,,,,,,,0
1,,510118,Port:10,0,0,0,Missing,,,,,,,,,0
1,,510142,Port:10,0,0,0,Missing,,,,,,,,,0
1,,510150,Port:10,0,0,0,Missing,,,,,,,,,0
1,,510166,Port:10,0,0,0,Missing,,,,,,,,,0
1,,510182,Port:10,0,0,0,Missing,,,,,,,,,0
1,,510198,Port:10,0,0,0,Missing,,,,,,,,,0
1,,510222,Port:10,0,0,0,Missing,,,,,,,,,0
1,,510238,Port:10,0,0,0,Missing,,,,,,,,,0
1,,510262,Port:10,0,0,0,Missing,,,,,,,,,0
1,,510278,Port:10,0,0,0,Missing,,,,,,,,,0
1,,510286,Port:10,0,0,0,Missing,,,,,,,,,0
1,,510302,Port:10,0,0,0,Missing,,,,,,,,,0
1,,510318,Port:10,0,0,0,Missing,,,,,,,,,0
1,,510334,Port:10,0,0,0,Missing,,,,,,,,,0
1,,510342,Port:10,0,0,0,Missing,,,,,,,,,0
1,,510358,Port:10,0,0,0,Missing,,,,,,,,,0
1,,510382,Port:10,0,0,0,Missing,,,,,,,,,0
1,,510390,Port:10,0,0,0,Missing,,,,,,,,,0
1,,510406,Port:10,0,0,0,Missing,,,,,,,,,0
1,,510422,Port:10,0,0,0,Missing,,,,,,,,,0
1,,510438,Port:10,0,0,0,Missing,,,,,,,,,0
1,,510462,Port:10,0,0,0,Missing,,,,,,,,,0
1,,510478,Port:10,0,0,0,Missing,,,,,,,,,0
1,,510502,Port:10,0,0,0,Missing,,,,,,,,,0
1,,510518,Port:10,0,0,0,Missing,,,,,,,,,0
1,,510526,Port:10,0,0,0,Missing,,,,,,,,,0
1,,510542,Port:10,0,0,0,Missing,,,,,,,,,0
1,,510558,Port:10,0,0,0,Missing,,,,,,,,,0
1,,510574,Port:10,0,0,0,Missing,,,,,,,,,0
1,,510582,Port:10,0,0,0,Missing,,,,,,,,,0
1,,510598,Port:10,0,0,0,Missing,,,,,,,,,0
1,,510622,Port:10,0,0,0,Missing,,,,,,,,,0
1,,510630,Port:10,0,0,0,Missing,,,,,,,,,0
1,,510646,Port:10,0,0,0,Missing,,,,,,,,,0
1,,510662,Port:10,0,0,0,Missing,,,,,,,,,0
1,,510678,Port:10,0,0,0,Missing,,,,,,,,,0
1,,510710,Port:10,0,0,0,Missing,,,,,,,,,0
1,,510726,Port:10,0,0,0,Missing,,,,,,,,,0
1,,510742,Port:10,0,0,0,Missing,,,,,,,,,0
1,,510750,Port:10,0,0,0,Missing,,,,,,,,,0
1,,510766,Port:10,0,0,0,Missing,,,,,,,,,0
1,,510782,Port:10,0,0,0,Missing,,,,,,,,,0
1,,510798,Port:10,0,0,0,Missing,,,,,,,,,0
1,,510814,Port:10,0,0,0,Missing,,,,,,,,,0
1,,510822,Port:10,0,0,0,Missing,,,,,,,,,0
1,,510846,Port:10,0,0,0,Missing,,,,,,,,,0
1,,510862,Port:10,0,0,0,Missing,,,,,,,,,0
1,,510870,Port:10,0,0,0,Missing,,,,,,,,,0
1,,510886,Port:10,0,0,0,Missing,,,,,,,,,0
1,,510902,Port:10,0,0,0,Missing,,,,,,,,,0
1,,510918,Port:10,0,0,0,Missing,,,,,,,,,0
1,,510942,Port:10,0,0,0,Missing,,,,,,,,,0
1,,510966,Port:10,0,0,0,Missing,,,,,,,,,0
1,,510982,Port:10,0,0,0,Missing,,,,,,,,,0
1,,510990,Port:10,0,0,0,Missing,,,,,,,,,0
1,,511006,Port:10,0,0,0,Missing,,,,,,,,,0
1,,511022,Port:10,0,0,0,Missing,,,,,,,,,0
1,,511038,Port:10,0,0,0,Missing,,,,,,,,,0
1,,511054,Port:10,0,0,0,Missing,,,,,,,,,0
1,,511070,Port:10,0,0,0,Missing,,,,,,,,,0
1,,511086,Port:10,0,0,0,Missing,,,,,,,,,0
1,,511102,Port:10,0,0,0,Missing,,,,,,,,,0
1,,511110,Port:10,0,0,0,Missing,,,,,,,,,0
1,,511126,Port:10,0,0,0,Missing,,,,,,,,,0
1,,511142,Port:10,0,0,0,Missing,,,,,,,,,0
1,,511174,Port:10,0,0,0,Missing,,,,,,,,,0
1,,511190,Port:10,0,0,0,Missing,,,,,,,,,0
1,,511206,Port:10,0,0,0,Missing,,,,,,,,,0
1,,511222,Port:10,0,0,0,Missing,,,,,,,,,0
1,,511230,Port:10,0,0,0,Missing,,,,,,,,,0
1,,511246,Port:10,0,0,0,Missing,,,,,,,,,0
1,,511262,Port:10,0,0,0,Missing,,,,,,,,,0
1,,511278,Port:10,0,0,0,Missing,,,,,,,,,0
1,,511294,Port:10,0,0,0,Missing,,,,,,,,,0
1,,511302,Port:10,0,0,0,Missing,,,,,,,,,0
1,,511326,Port:10,0,0,0,Missing,,,,,,,,,0
1,,511342,Port:10,0,0,0,Missing,,,,,,,,,0
1,,511350,Port:10,0,0,0,Missing,,,,,,,,,0
1,,511366,Port:10,0,0,0,Missing,,,,,,,,,0
1,,511382,Port:10,0,0,0,Missing,,,,,,,,,0
1,,511414,Port:10,0,0,0,Missing,,,,,,,,,0
1,,511430,Port:10,0,0,0,Missing,,,,,,,,,0
1,,511446,Port:10,0,0,0,Missing,,,,,,,,,0
1,,511462,Port:10,0,0,0,Missing,,,,,,,,,0
1,,511470,Port:10,0,0,0,Missing,,,,,,,,,0
1,,511486,Port:10,0,0,0,Missing,,,,,,,,,0
1,,511502,Port:10,0,0,0,Missing,,,,,,,,,0
1,,511518,Port:10,0,0,0,Missing,,,,,,,,,0
1,,511534,Port:10,0,0,0,Missing,,,,,,,,,0
1,,511550,Port:10,0,0,0,Missing,,,,,,,,,0
1,,511566,Port:10,0,0,0,Missing,,,,,,,,,0
1,,511582,Port:10,0,0,0,Missing,,,,,,,,,0
1,,511590,Port:10,0,0,0,Missing,,,,,,,,,0
1,,511606,Port:10,0,0,0,Missing,,,,,,,,,0
1,,511622,Port:10,0,0,0,Missing,,,,,,,,,0
1,,511654,Port:10,0,0,0,Missing,,,,,,,,,0
1,,511670,Port:10,0,0,0,Missing,,,,,,,,,0
1,,511686,Port:10,0,0,0,Missing,,,,,,,,,0
1,,511702,Port:10,0,0,0,Missing,,,,,,,,,0
1,,511710,Port:10,0,0,0,Missing,,,,,,,,,0
1,,511726,Port:10,0,0,0,Missing,,,,,,,,,0
1,,511742,Port:10,0,0,0,Missing,,,,,,,,,0
1,,511758,Port:10,0,0,0,Missing,,,,,,,,,0
1,,511774,Port:10,0,0,0,Missing,,,,,,,,,0
1,,511790,Port:10,0,0,0,Missing,,,,,,,,,0
1,,511806,Port:10,0,0,0,Missing,,,,,,,,,0
1,,511822,Port:10,0,0,0,Missing,,,,,,,,,0
1,,511838,Port:10,0,0,0,Missing,,,,,,,,,0
1,,511846,Port:10,0,0,0,Missing,,,,,,,,,0
1,,511862,Port:10,0,0,0,Missing,,,,,,,,,0
1,,511894,Port:10,0,0,0,Missing,,,,,,,,,0
1,,511910,Port:10,0,0,0,Missing,,,,,,,,,0
1,,511926,Port:10,0,0,0,Missing,,,,,,,,,0
1,,511942,Port:10,0,0,0,Missing,,,,,,,,,0
1,,511950,Port:10,0,0,0,Missing,,,,,,,,,0
1,,511966,Port:10,0,0,0,Missing,,,,,,,,,0
1,,511982,Port:10,0,0,0,Missing,,,,,,,,,0
1,,511998,Port:10,0,0,0,Missing,,,,,,,,,0
1,,512014,Port:10,0,0,0,Missing,,,,,,,,,0
1,,512030,Port:10,0,0,0,Missing,,,,,,,,,0
1,,512046,Port:10,0,0,0,Missing,,,,,,,,,0
1,,512062,Port:10,0,0,0,Missing,,,,,,,,,0
1,,512078,Port:10,0,0,0,Missing,,,,,,,,,0
1,,512086,Port:10,0,0,0,Missing,,,,,,,,,0
1,,512102,Port:10,0,0,0,Missing,,,,,,,,,0
1,,512134,Port:10,0,0,0,Missing,,,,,,,,,0
1,,512150,Port:10,0,0,0,Missing,,,,,,,,,0
1,,512166,Port:10,0,0,0,Missing,,,,,,,,,0
1,,512182,Port:10,0,0,0,Missing,,,,,,,,,0
1,,512190,Port:10,0,0,0,Missing,,,,,,,,,0
1,,512206,Port:10,0,0,0,Missing,,,,,,,,,0
1,,512222,Port:10,0,0,0,Missing,,,,,,,,,0
1,,512238,Port:10,0,0,0,Missing,,,,,,,,,0
1,,512254,Port:10,0,0,0,Missing,,,,,,,,,0
1,,512270,Port:10,0,0,0,Missing,,,,,,,,,0
1,,512286,Port:10,0,0,0,Missing,,,,,,,,,0
1,,512302,Port:10,0,0,0,Missing,,,,,,,,,0
1,,512318,Port:10,0,0,0,Missing,,,,,,,,,0
1,,512326,Port:10,0,0,0,Missing,,,,,,,,,0
1,,512342,Port:10,0,0,0,Missing,,,,,,,,,0
1,,512374,Port:10,0,0,0,Missing,,,,,,,,,0
1,,512390,Port:10,0,0,0,Missing,,,,,,,,,0
1,,512406,Port:10,0,0,0,Missing,,,,,,,,,0
1,,512422,Port:10,0,0,0,Missing,,,,,,,,,0
1,,512438,Port:10,0,0,0,Missing,,,,,,,,,0
1,,512446,Port:10,0,0,0,Missing,,,,,,,,,0
1,,512462,Port:10,0,0,0,Missing,,,,,,,,,0
1,,512478,Port:10,0,0,0,Missing,,,,,,,,,0
1,,512494,Port:10,0,0,0,Missing,,,,,,,,,0
1,,512510,Port:10,0,0,0,Missing,,,,,,,,,0
1,,512526,Port:10,0,0,0,Missing,,,,,,,,,0
1,,512542,Port:10,0,0,0,Missing,,,,,,,,,0
1,,512558,Port:10,0,0,0,Missing,,,,,,,,,0
1,,512566,Port:10,0,0,0,Missing,,,,,,,,,0
1,,512582,Port:10,0,0,0,Missing,,,,,,,,,0
1,,512614,Port:10,0,0,0,Missing,,,,,,,,,0
1,,512630,Port:10,0,0,0,Missing,,,,,,,,,0
1,,512646,Port:10,0,0,0,Missing,,,,,,,,,0
1,,512662,Port:10,0,0,0,Missing,,,,,,,,,0
1,,512678,Port:10,0,0,0,Missing,,,,,,,,,0
1,,512686,Port:10,0,0,0,Missing,,,,,,,,,0
1,,512702,Port:10,0,0,0,Missing,,,,,,,,,0
1,,512718,Port:10,0,0,0,Missing,,,,,,,,,0
1,,512734,Port:10,0,0,0,Missing,,,,,,,,,0
1,,512750,Port:10,0,0,0,Missing,,,,,,,,,0
1,,512766,Port:10,0,0,0,Missing,,,,,,,,,0
1,,512782,Port:10,0,0,0,Missing,,,,,,,,,0
1,,512798,Port:10,0,0,0,Missing,,,,,,,,,0
1,,512806,Port:10,0,0,0,Missing,,,,,,,,,0
1,,512838,Port:10,0,0,0,Missing,,,,,,,,,0
1,,512854,Port:10,0,0,0,Missing,,,,,,,,,0
1,,512870,Port:10,0,0,0,Missing,,,,,,,,,0
1,,512886,Port:10,0,0,0,Missing,,,,,,,,,0
1,,512902,Port:10,0,0,0,Missing,,,,,,,,,0
1,,512918,Port:10,0,0,0,Missing,,,,,,,,,0
1,,512926,Port:10,0,0,0,Missing,,,,,,,,,0
1,,512942,Port:10,0,0,0,Missing,,,,,,,,,0
1,,512958,Port:10,0,0,0,Missing,,,,,,,,,0
1,,512974,Port:10,0,0,0,Missing,,,,,,,,,0
1,,512990,Port:10,0,0,0,Missing,,,,,,,,,0
1,,513006,Port:10,0,0,0,Missing,,,,,,,,,0
1,,513022,Port:10,0,0,0,Missing,,,,,,,,,0
1,,513038,Port:10,0,0,0,Missing,,,,,,,,,0
1,,513046,Port:10,0,0,0,Missing,,,,,,,,,0
1,,513062,Port:10,0,0,0,Missing,,,,,,,,,0
1,,513094,Port:10,0,0,0,Missing,,,,,,,,,0
1,,513110,Port:10,0,0,0,Missing,,,,,,,,,0
1,,513126,Port:10,0,0,0,Missing,,,,,,,,,0
1,,513142,Port:10,0,0,0,Missing,,,,,,,,,0
1,,513158,Port:10,0,0,0,Missing,,,,,,,,,0
1,,513166,Port:10,0,0,0,Missing,,,,,,,,,0
1,,513182,Port:10,0,0,0,Missing,,,,,,,,,0
1,,513198,Port:10,0,0,0,Missing,,,,,,,,,0
1,,513214,Port:10,0,0,0,Missing,,,,,,,,,0
1,,513230,Port:10,0,0,0,Missing,,,,,,,,,0
1,,513246,Port:10,0,0,0,Missing,,,,,,,,,0
1,,513262,Port:10,0,0,0,Missing,,,,,,,,,0
1,,513278,Port:10,0,0,0,Missing,,,,,,,,,0
1,,513286,Port:10,0,0,0,Missing,,,,,,,,,0
1,,513302,Port:10,0,0,0,Missing,,,,,,,,,0
1,,513334,Port:10,0,0,0,Missing,,,,,,,,,0
1,,513350,Port:10,0,0,0,Missing,,,,,,,,,0
1,,513366,Port:10,0,0,0,Missing,,,,,,,,,0
1,,513382,Port:10,0,0,0,Missing,,,,,,,,,0
1,,513398,Port:10,0,0,0,Missing,,,,,,,,,0
1,,513406,Port:10,0,0,0,Missing,,,,,,,,,0
1,,513422,Port:10,0,0,0,Missing,,,,,,,,,0
1,,513438,Port:10,0,0,0,Missing,,,,,,,,,0
1,,513454,Port:10,0,0,0,Missing,,,,,,,,,0
1,,513470,Port:10,0,0,0,Missing,,,,,,,,,0
1,,513486,Port:10,0,0,0,Missing,,,,,,,,,0
1,,513502,Port:10,0,0,0,Missing,,,,,,,,,0
1,,513518,Port:10,0,0,0,Missing,,,,,,,,,0
1,,513526,Port:10,0,0,0,Missing,,,,,,,,,0
1,,513558,Port:10,0,0,0,Missing,,,,,,,,,0
1,,513574,Port:10,0,0,0,Missing,,,,,,,,,0
1,,513590,Port:10,0,0,0,Missing,,,,,,,,,0
1,,513606,Port:10,0,0,0,Missing,,,,,,,,,0
1,,513622,Port:10,0,0,0,Missing,,,,,,,,,0
1,,513638,Port:10,0,0,0,Missing,,,,,,,,,0
1,,513646,Port:10,0,0,0,Missing,,,,,,,,,0
1,,513662,Port:10,0,0,0,Missing,,,,,,,,,0
1,,513678,Port:10,0,0,0,Missing,,,,,,,,,0
1,,513694,Port:10,0,0,0,Missing,,,,,,,,,0
1,,513710,Port:10,0,0,0,Missing,,,,,,,,,0
1,,513726,Port:10,0,0,0,Missing,,,,,,,,,0
1,,513742,Port:10,0,0,0,Missing,,,,,,,,,0
1,,513758,Port:10,0,0,0,Missing,,,,,,,,,0
1,,513766,Port:10,0,0,0,Missing,,,,,,,,,0
1,,513782,Port:10,0,0,0,Missing,,,,,,,,,0
1,,513814,Port:10,0,0,0,Missing,,,,,,,,,0
1,,513830,Port:10,0,0,0,Missing,,,,,,,,,0
1,,513846,Port:10,0,0,0,Missing,,,,,,,,,0
1,,513862,Port:10,0,0,0,Missing,,,,,,,,,0
1,,513878,Port:10,0,0,0,Missing,,,,,,,,,0
1,,513886,Port:10,0,0,0,Missing,,,,,,,,,0
1,,513902,Port:10,0,0,0,Missing,,,,,,,,,0
1,,513926,Port:10,0,0,0,Missing,,,,,,,,,0
1,,513934,Port:10,0,0,0,Missing,,,,,,,,,0
1,,513950,Port:10,0,0,0,Missing,,,,,,,,,0
1,,513966,Port:10,0,0,0,Missing,,,,,,,,,0
1,,513982,Port:10,0,0,0,Missing,,,,,,,,,0
1,,513998,Port:10,0,0,0,Missing,,,,,,,,,0
1,,514006,Port:10,0,0,0,Missing,,,,,,,,,0
1,,514046,Port:10,0,0,0,Missing,,,,,,,,,0
1,,514054,Port:10,0,0,0,Missing,,,,,,,,,0
1,,514070,Port:10,0,0,0,Missing,,,,,,,,,0
1,,514086,Port:10,0,0,0,Missing,,,,,,,,,0
1,,514102,Port:10,0,0,0,Missing,,,,,,,,,0
1,,514118,Port:10,0,0,0,Missing,,,,,,,,,0
1,,514126,Port:10,0,0,0,Missing,,,,,,,,,0
1,,514142,Port:10,0,0,0,Missing,,,,,,,,,0
1,,514166,Port:10,0,0,0,Missing,,,,,,,,,0
1,,514182,Port:10,0,0,0,Missing,,,,,,,,,0
1,,514190,Port:10,0,0,0,Missing,,,,,,,,,0
1,,514206,Port:10,0,0,0,Missing,,,,,,,,,0
1,,514222,Port:10,0,0,0,Missing,,,,,,,,,0
1,,514238,Port:10,0,0,0,Missing,,,,,,,,,0
1,,514246,Port:10,0,0,0,Missing,,,,,,,,,0
1,,514286,Port:10,0,0,0,Missing,,,,,,,,,0
1,,514294,Port:10,0,0,0,Missing,,,,,,,,,0
1,,514310,Port:10,0,0,0,Missing,,,,,,,,,0
1,,514326,Port:10,0,0,0,Missing,,,,,,,,,0
1,,514342,Port:10,0,0,0,Missing,,,,,,,,,0
1,,514358,Port:10,0,0,0,Missing,,,,,,,,,0
1,,514366,Port:10,0,0,0,Missing,,,,,,,,,0
1,,514382,Port:10,0,0,0,Missing,,,,,,,,,0
1,,514406,Port:10,0,0,0,Missing,,,,,,,,,0
1,,514414,Port:10,0,0,0,Missing,,,,,,,,,0
1,,514430,Port:10,0,0,0,Missing,,,,,,,,,0
1,,514446,Port:10,0,0,0,Missing,,,,,,,,,0
1,,514462,Port:10,0,0,0,Missing,,,,,,,,,0
1,,514478,Port:10,0,0,0,Missing,,,,,,,,,0
1,,514486,Port:10,0,0,0,Missing,,,,,,,,,0
1,,514526,Port:10,0,0,0,Missing,,,,,,,,,0
1,,514534,Port:10,0,0,0,Missing,,,,,,,,,0
1,,514550,Port:10,0,0,0,Missing,,,,,,,,,0
1,,514566,Port:10,0,0,0,Missing,,,,,,,,,0
1,,514582,Port:10,0,0,0,Missing,,,,,,,,,0
1,,514598,Port:10,0,0,0,Missing,,,,,,,,,0
1,,514606,Port:10,0,0,0,Missing,,,,,,,,,0
1,,514622,Port:10,0,0,0,Missing,,,,,,,,,0
1,,514646,Port:10,0,0,0,Missing,,,,,,,,,0
1,,514654,Port:10,0,0,0,Missing,,,,,,,,,0
1,,514670,Port:10,0,0,0,Missing,,,,,,,,,0
1,,514686,Port:10,0,0,0,Missing,,,,,,,,,0
1,,514702,Port:10,0,0,0,Missing,,,,,,,,,0
1,,514718,Port:10,0,0,0,Missing,,,,,,,,,0
1,,514726,Port:10,0,0,0,Missing,,,,,,,,,0
1,,514766,Port:10,0,0,0,Missing,,,,,,,,,0
1,,514774,Port:10,0,0,0,Missing,,,,,,,,,0
1,,514790,Port:10,0,0,0,Missing,,,,,,,,,0
1,,514806,Port:10,0,0,0,Missing,,,,,,,,,0
1,,514822,Port:10,0,0,0,Missing,,,,,,,,,0
1,,514838,Port:10,0,0,0,Missing,,,,,,,,,0
1,,514846,Port:10,0,0,0,Missing,,,,,,,,,0
1,,514862,Port:10,0,0,0,Missing,,,,,,,,,0
1,,514886,Port:10,0,0,0,Missing,,,,,,,,,0
1,,514894,Port:10,0,0,0,Missing,,,,,,,,,0
1,,514910,Port:10,0,0,0,Missing,,,,,,,,,0
1,,514926,Port:10,0,0,0,Missing,,,,,,,,,0
1,,514942,Port:10,0,0,0,Missing,,,,,,,,,0
1,,514958,Port:10,0,0,0,Missing,,,,,,,,,0
1,,514966,Port:10,0,0,0,Missing,,,,,,,,,0
1,,515006,Port:10,0,0,0,Missing,,,,,,,,,0
1,,515014,Port:10,0,0,0,Missing,,,,,,,,,0
1,,515030,Port:10,0,0,0,Missing,,,,,,,,,0
1,,515046,Port:10,0,0,0,Missing,,,,,,,,,0
1,,515062,Port:10,0,0,0,Missing,,,,,,,,,0
1,,515078,Port:10,0,0,0,Missing,,,,,,,,,0
1,,515086,Port:10,0,0,0,Missing,,,,,,,,,0
1,,515110,Port:10,0,0,0,Missing,,,,,,,,,0
1,,515126,Port:10,0,0,0,Missing,,,,,,,,,0
1,,515134,Port:10,0,0,0,Missing,,,,,,,,,0
1,,515150,Port:10,0,0,0,Missing,,,,,,,,,0
1,,515166,Port:10,0,0,0,Missing,,,,,,,,,0
1,,515182,Port:10,0,0,0,Missing,,,,,,,,,0
1,,515198,Port:10,0,0,0,Missing,,,,,,,,,0
1,,515206,Port:10,0,0,0,Missing,,,,,,,,,0
1,,515230,Port:10,0,0,0,Missing,,,,,,,,,0
1,,515246,Port:10,0,0,0,Missing,,,,,,,,,0
1,,515254,Port:10,0,0,0,Missing,,,,,,,,,0
1,,515286,Port:10,0,0,0,Missing,,,,,,,,,0
1,,515302,Port:10,0,0,0,Missing,,,,,,,,,0
1,,515318,Port:10,0,0,0,Missing,,,,,,,,,0
1,,515326,Port:10,0,0,0,Missing,,,,,,,,,0
1,,515350,Port:10,0,0,0,Missing,,,,,,,,,0
1,,515366,Port:10,0,0,0,Missing,,,,,,,,,0
1,,515374,Port:10,0,0,0,Missing,,,,,,,,,0
1,,515390,Port:10,0,0,0,Missing,,,,,,,,,0
1,,515406,Port:10,0,0,0,Missing,,,,,,,,,0
1,,515422,Port:10,0,0,0,Missing,,,,,,,,,0
1,,515438,Port:10,0,0,0,Missing,,,,,,,,,0
1,,515446,Port:10,0,0,0,Missing,,,,,,,,,0
1,,515470,Port:10,0,0,0,Missing,,,,,,,,,0
1,,515486,Port:10,0,0,0,Missing,,,,,,,,,0
1,,515510,Port:10,0,0,0,Missing,,,,,,,,,0
1,,515526,Port:10,0,0,0,Missing,,,,,,,,,0
1,,515542,Port:10,0,0,0,Missing,,,,,,,,,0
1,,515558,Port:10,0,0,0,Missing,,,,,,,,,0
1,,515566,Port:10,0,0,0,Missing,,,,,,,,,0
1,,515590,Port:10,0,0,0,Missing,,,,,,,,,0
1,,515606,Port:10,0,0,0,Missing,,,,,,,,,0
1,,515614,Port:10,0,0,0,Missing,,,,,,,,,0
1,,515630,Port:10,0,0,0,Missing,,,,,,,,,0
1,,515646,Port:10,0,0,0,Missing,,,,,,,,,0
1,,515662,Port:10,0,0,0,Missing,,,,,,,,,0
1,,515678,Port:10,0,0,0,Missing,,,,,,,,,0
1,,515686,Port:10,0,0,0,Missing,,,,,,,,,0
1,,515710,Port:10,0,0,0,Missing,,,,,,,,,0
1,,515726,Port:10,0,0,0,Missing,,,,,,,,,0
1,,515734,Port:10,0,0,0,Missing,,,,,,,,,0
1,,515766,Port:10,0,0,0,Missing,,,,,,,,,0
1,,515782,Port:10,0,0,0,Missing,,,,,,,,,0
1,,515798,Port:10,0,0,0,Missing,,,,,,,,,0
1,,515814,Port:10,0,0,0,Missing,,,,,,,,,0
1,,515830,Port:10,0,0,0,Missing,,,,,,,,,0
1,,515846,Port:10,0,0,0,Missing,,,,,,,,,0
1,,515854,Port:10,0,0,0,Missing,,,,,,,,,0
1,,515870,Port:10,0,0,0,Missing,,,,,,,,,0
1,,515886,Port:10,0,0,0,Missing,,,,,,,,,0
1,,515902,Port:10,0,0,0,Missing,,,,,,,,,0
1,,515918,Port:10,0,0,0,Missing,,,,,,,,,0
1,,515926,Port:10,0,0,0,Missing,,,,,,,,,0
1,,515950,Port:10,0,0,0,Missing,,,,,,,,,0
1,,515966,Port:10,0,0,0,Missing,,,,,,,,,0
1,,515974,Port:10,0,0,0,Missing,,,,,,,,,0
1,,516006,Port:10,0,0,0,Missing,,,,,,,,,0
1,,516022,Port:10,0,0,0,Missing,,,,,,,,,0
1,,516038,Port:10,0,0,0,Missing,,,,,,,,,0
1,,516054,Port:10,0,0,0,Missing,,,,,,,,,0
1,,516070,Port:10,0,0,0,Missing,,,,,,,,,0
1,,516086,Port:10,0,0,0,Missing,,,,,,,,,0
1,,516102,Port:10,0,0,0,Missing,,,,,,,,,0
1,,516110,Port:10,0,0,0,Missing,,,,,,,,,0
1,,516126,Port:10,0,0,0,Missing,,,,,,,,,0
1,,516142,Port:10,0,0,0,Missing,,,,,,,,,0
1,,516158,Port:10,0,0,0,Missing,,,,,,,,,0
1,,516174,Port:10,0,0,0,Missing,,,,,,,,,0
1,,516190,Port:10,0,0,0,Missing,,,,,,,,,0
1,,516206,Port:10,0,0,0,Missing,,,,,,,,,0
1,,516214,Port:10,0,0,0,Missing,,,,,,,,,0
1,,516246,Port:10,0,0,0,Missing,,,,,,,,,0
1,,516262,Port:10,0,0,0,Missing,,,,,,,,,0
1,,516278,Port:10,0,0,0,Missing,,,,,,,,,0
1,,516294,Port:10,0,0,0,Missing,,,,,,,,,0
1,,516310,Port:10,0,0,0,Missing,,,,,,,,,0
1,,516326,Port:10,0,0,0,Missing,,,,,,,,,0
1,,516334,Port:10,0,0,0,Missing,,,,,,,,,0
1,,516350,Port:10,0,0,0,Missing,,,,,,,,,0
1,,516366,Port:10,0,0,0,Missing,,,,,,,,,0
1,,516382,Port:10,0,0,0,Missing,,,,,,,,,0
1,,516398,Port:10,0,0,0,Missing,,,,,,,,,0
1,,516414,Port:10,0,0,0,Missing,,,,,,,,,0
1,,516430,Port:10,0,0,0,Missing,,,,,,,,,0
1,,516446,Port:10,0,0,0,Missing,,,,,,,,,0
1,,516454,Port:10,0,0,0,Missing,,,,,,,,,0
1,,516486,Port:10,0,0,0,Missing,,,,,,,,,0
1,,516502,Port:10,0,0,0,Missing,,,,,,,,,0
1,,516518,Port:10,0,0,0,Missing,,,,,,,,,0
1,,516534,Port:10,0,0,0,Missing,,,,,,,,,0
1,,516550,Port:10,0,0,0,Missing,,,,,,,,,0
1,,516566,Port:10,0,0,0,Missing,,,,,,,,,0
1,,516582,Port:10,0,0,0,Missing,,,,,,,,,0
1,,516590,Port:10,0,0,0,Missing,,,,,,,,,0
1,,516606,Port:10,0,0,0,Missing,,,,,,,,,0
1,,516622,Port:10,0,0,0,Missing,,,,,,,,,0
1,,516638,Port:10,0,0,0,Missing,,,,,,,,,0
1,,516654,Port:10,0,0,0,Missing,,,,,,,,,0
1,,516670,Port:10,0,0,0,Missing,,,,,,,,,0
1,,516686,Port:10,0,0,0,Missing,,,,,,,,,0
1,,516694,Port:10,0,0,0,Missing,,,,,,,,,0
1,,516726,Port:10,0,0,0,Missing,,,,,,,,,0
1,,516742,Port:10,0,0,0,Missing,,,,,,,,,0
1,,516758,Port:10,0,0,0,Missing,,,,,,,,,0
1,,516774,Port:10,0,0,0,Missing,,,,,,,,,0
1,,516790,Port:10,0,0,0,Missing,,,,,,,,,0
1,,516806,Port:10,0,0,0,Missing,,,,,,,,,0
1,,516814,Port:10,0,0,0,Missing,,,,,,,,,0
1,,516830,Port:10,0,0,0,Missing,,,,,,,,,0
1,,516846,Port:10,0,0,0,Missing,,,,,,,,,0
1,,516862,Port:10,0,0,0,Missing,,,,,,,,,0
1,,516878,Port:10,0,0,0,Missing,,,,,,,,,0
1,,516894,Port:10,0,0,0,Missing,,,,,,,,,0
1,,516910,Port:10,0,0,0,Missing,,,,,,,,,0
1,,516926,Port:10,0,0,0,Missing,,,,,,,,,0
1,,516950,Port:10,0,0,0,Missing,,,,,,,,,0
1,,516966,Port:10,0,0,0,Missing,,,,,,,,,0
1,,516982,Port:10,0,0,0,Missing,,,,,,,,,0
1,,516998,Port:10,0,0,0,Missing,,,,,,,,,0
1,,517014,Port:10,0,0,0,Missing,,,,,,,,,0
1,,517030,Port:10,0,0,0,Missing,,,,,,,,,0
1,,517046,Port:10,0,0,0,Missing,,,,,,,,,0
1,,517062,Port:10,0,0,0,Missing,,,,,,,,,0
1,,517070,Port:10,0,0,0,Missing,,,,,,,,,0
1,,517086,Port:10,0,0,0,Missing,,,,,,,,,0
1,,517102,Port:10,0,0,0,Missing,,,,,,,,,0
1,,517118,Port:10,0,0,0,Missing,,,,,,,,,0
1,,517134,Port:10,0,0,0,Missing,,,,,,,,,0
1,,517150,Port:10,0,0,0,Missing,,,,,,,,,0
1,,517166,Port:10,0,0,0,Missing,,,,,,,,,0
1,,517190,Port:10,0,0,0,Missing,,,,,,,,,0
1,,517206,Port:10,0,0,0,Missing,,,,,,,,,0
1,,517222,Port:10,0,0,0,Missing,,,,,,,,,0
1,,517238,Port:10,0,0,0,Missing,,,,,,,,,0
1,,517254,Port:10,0,0,0,Missing,,,,,,,,,0
1,,517270,Port:10,0,0,0,Missing,,,,,,,,,0
1,,517286,Port:10,0,0,0,Missing,,,,,,,,,0
1,,517302,Port:10,0,0,0,Missing,,,,,,,,,0
1,,517310,Port:10,0,0,0,Missing,,,,,,,,,0
1,,517326,Port:10,0,0,0,Missing,,,,,,,,,0
1,,517342,Port:10,0,0,0,Missing,,,,,,,,,0
1,,517358,Port:10,0,0,0,Missing,,,,,,,,,0
1,,517374,Port:10,0,0,0,Missing,,,,,,,,,0
1,,517390,Port:10,0,0,0,Missing,,,,,,,,,0
1,,517406,Port:10,0,0,0,Missing,,,,,,,,,0
1,,517430,Port:10,0,0,0,Missing,,,,,,,,,0
1,,517446,Port:10,0,0,0,Missing,,,,,,,,,0
1,,517462,Port:10,0,0,0,Missing,,,,,,,,,0
1,,517478,Port:10,0,0,0,Missing,,,,,,,,,0
1,,517494,Port:10,0,0,0,Missing,,,,,,,,,0
1,,517510,Port:10,0,0,0,Missing,,,,,,,,,0
1,,517526,Port:10,0,0,0,Missing,,,,,,,,,0
1,,517542,Port:10,0,0,0,Missing,,,,,,,,,0
1,,517550,Port:10,0,0,0,Missing,,,,,,,,,0
1,,517566,Port:10,0,0,0,Missing,,,,,,,,,0
1,,517582,Port:10,0,0,0,Missing,,,,,,,,,0
1,,517598,Port:10,0,0,0,Missing,,,,,,,,,0
1,,517614,Port:10,0,0,0,Missing,,,,,,,,,0
1,,517630,Port:10,0,0,0,Missing,,,,,,,,,0
1,,517646,Port:10,0,0,0,Missing,,,,,,,,,0
1,,517670,Port:10,0,0,0,Missing,,,,,,,,,0
1,,517686,Port:10,0,0,0,Missing,,,,,,,,,0
1,,517702,Port:10,0,0,0,Missing,,,,,,,,,0
1,,517718,Port:10,0,0,0,Missing,,,,,,,,,0
1,,517734,Port:10,0,0,0,Missing,,,,,,,,,0
1,,517750,Port:10,0,0,0,Missing,,,,,,,,,0
1,,517766,Port:10,0,0,0,Missing,,,,,,,,,0
1,,517782,Port:10,0,0,0,Missing,,,,,,,,,0
1,,517790,Port:10,0,0,0,Missing,,,,,,,,,0
1,,517806,Port:10,0,0,0,Missing,,,,,,,,,0
1,,517822,Port:10,0,0,0,Missing,,,,,,,,,0
1,,517838,Port:10,0,0,0,Missing,,,,,,,,,0
1,,517854,Port:10,0,0,0,Missing,,,,,,,,,0
1,,517870,Port:10,0,0,0,Missing,,,,,,,,,0
1,,517886,Port:10,0,0,0,Missing,,,,,,,,,0
1,,517910,Port:10,0,0,0,Missing,,,,,,,,,0
1,,517926,Port:10,0,0,0,Missing,,,,,,,,,0
1,,517942,Port:10,0,0,0,Missing,,,,,,,,,0
1,,517958,Port:10,0,0,0,Missing,,,,,,,,,0
1,,517974,Port:10,0,0,0,Missing,,,,,,,,,0
1,,517990,Port:10,0,0,0,Missing,,,,,,,,,0
1,,518006,Port:10,0,0,0,Missing,,,,,,,,,0
1,,518022,Port:10,0,0,0,Missing,,,,,,,,,0
1,,518030,Port:10,0,0,0,Missing,,,,,,,,,0
1,,518046,Port:10,0,0,0,Missing,,,,,,,,,0
1,,518062,Port:10,0,0,0,Missing,,,,,,,,,0
1,,518078,Port:10,0,0,0,Missing,,,,,,,,,0
1,,518094,Port:10,0,0,0,Missing,,,,,,,,,0
1,,518110,Port:10,0,0,0,Missing,,,,,,,,,0
1,,518142,Port:10,0,0,0,Missing,,,,,,,,,0
1,,518150,Port:10,0,0,0,Missing,,,,,,,,,0
1,,518166,Port:10,0,0,0,Missing,,,,,,,,,0
1,,518182,Port:10,0,0,0,Missing,,,,,,,,,0
1,,518198,Port:10,0,0,0,Missing,,,,,,,,,0
1,,518214,Port:10,0,0,0,Missing,,,,,,,,,0
1,,518230,Port:10,0,0,0,Missing,,,,,,,,,0
1,,518246,Port:10,0,0,0,Missing,,,,,,,,,0
1,,518262,Port:10,0,0,0,Missing,,,,,,,,,0
1,,518270,Port:10,0,0,0,Missing,,,,,,,,,0
1,,518286,Port:10,0,0,0,Missing,,,,,,,,,0
1,,518302,Port:10,0,0,0,Missing,,,,,,,,,0
1,,518318,Port:10,0,0,0,Missing,,,,,,,,,0
1,,518334,Port:10,0,0,0,Missing,,,,,,,,,0
1,,518350,Port:10,0,0,0,Missing,,,,,,,,,0
1,,518374,Port:10,0,0,0,Missing,,,,,,,,,0
1,,518390,Port:10,0,0,0,Missing,,,,,,,,,0
1,,518406,Port:10,0,0,0,Missing,,,,,,,,,0
1,,518430,Port:10,0,0,0,Missing,,,,,,,,,0
1,,518438,Port:10,0,0,0,Missing,,,,,,,,,0
1,,518454,Port:10,0,0,0,Missing,,,,,,,,,0
1,,518470,Port:10,0,0,0,Missing,,,,,,,,,0
1,,518486,Port:10,0,0,0,Missing,,,,,,,,,0
1,,518502,Port:10,0,0,0,Missing,,,,,,,,,0
1,,518510,Port:10,0,0,0,Missing,,,,,,,,,0
1,,518526,Port:10,0,0,0,Missing,,,,,,,,,0
1,,518550,Port:10,0,0,0,Missing,,,,,,,,,0
1,,518558,Port:10,0,0,0,Missing,,,,,,,,,0
1,,518574,Port:10,0,0,0,Missing,,,,,,,,,0
1,,518590,Port:10,0,0,0,Missing,,,,,,,,,0
1,,518606,Port:10,0,0,0,Missing,,,,,,,,,0
1,,518630,Port:10,0,0,0,Missing,,,,,,,,,0
1,,518646,Port:10,0,0,0,Missing,,,,,,,,,0
1,,518662,Port:10,0,0,0,Missing,,,,,,,,,0
1,,518678,Port:10,0,0,0,Missing,,,,,,,,,0
1,,518694,Port:10,0,0,0,Missing,,,,,,,,,0
1,,518710,Port:10,0,0,0,Missing,,,,,,,,,0
1,,518726,Port:10,0,0,0,Missing,,,,,,,,,0
1,,518742,Port:10,0,0,0,Missing,,,,,,,,,0
1,,518750,Port:10,0,0,0,Missing,,,,,,,,,0
1,,518766,Port:10,0,0,0,Missing,,,,,,,,,0
1,,518790,Port:10,0,0,0,Missing,,,,,,,,,0
1,,518798,Port:10,0,0,0,Missing,,,,,,,,,0
1,,518814,Port:10,0,0,0,Missing,,,,,,,,,0
1,,518830,Port:10,0,0,0,Missing,,,,,,,,,0
1,,518846,Port:10,0,0,0,Missing,,,,,,,,,0
1,,518870,Port:10,0,0,0,Missing,,,,,,,,,0
1,,518886,Port:10,0,0,0,Missing,,,,,,,,,0
1,,518910,Port:10,0,0,0,Missing,,,,,,,,,0
1,,518918,Port:10,0,0,0,Missing,,,,,,,,,0
1,,518934,Port:10,0,0,0,Missing,,,,,,,,,0
1,,518950,Port:10,0,0,0,Missing,,,,,,,,,0
1,,518966,Port:10,0,0,0,Missing,,,,,,,,,0
1,,518982,Port:10,0,0,0,Missing,,,,,,,,,0
1,,518990,Port:10,0,0,0,Missing,,,,,,,,,0
1,,519006,Port:10,0,0,0,Missing,,,,,,,,,0
1,,519030,Port:10,0,0,0,Missing,,,,,,,,,0
1,,519038,Port:10,0,0,0,Missing,,,,,,,,,0
1,,519054,Port:10,0,0,0,Missing,,,,,,,,,0
1,,519070,Port:10,0,0,0,Missing,,,,,,,,,0
1,,519086,Port:10,0,0,0,Missing,,,,,,,,,0
1,,519110,Port:10,0,0,0,Missing,,,,,,,,,0
1,,519126,Port:10,0,0,0,Missing,,,,,,,,,0
1,,519150,Port:10,0,0,0,Missing,,,,,,,,,0
1,,519158,Port:10,0,0,0,Missing,,,,,,,,,0
1,,519174,Port:10,0,0,0,Missing,,,,,,,,,0
1,,519190,Port:10,0,0,0,Missing,,,,,,,,,0
1,,519206,Port:10,0,0,0,Missing,,,,,,,,,0
1,,519222,Port:10,0,0,0,Missing,,,,,,,,,0
1,,519230,Port:10,0,0,0,Missing,,,,,,,,,0
1,,519246,Port:10,0,0,0,Missing,,,,,,,,,0
1,,519270,Port:10,0,0,0,Missing,,,,,,,,,0
1,,519278,Port:10,0,0,0,Missing,,,,,,,,,0
1,,519294,Port:10,0,0,0,Missing,,,,,,,,,0
1,,519310,Port:10,0,0,0,Missing,,,,,,,,,0
1,,519326,Port:10,0,0,0,Missing,,,,,,,,,0
1,,519350,Port:10,0,0,0,Missing,,,,,,,,,0
1,,519366,Port:10,0,0,0,Missing,,,,,,,,,0
1,,519390,Port:10,0,0,0,Missing,,,,,,,,,0
1,,519398,Port:10,0,0,0,Missing,,,,,,,,,0
1,,519414,Port:10,0,0,0,Missing,,,,,,,,,0
1,,519430,Port:10,0,0,0,Missing,,,,,,,,,0
1,,519446,Port:10,0,0,0,Missing,,,,,,,,,0
1,,519462,Port:10,0,0,0,Missing,,,,,,,,,0
1,,519470,Port:10,0,0,0,Missing,,,,,,,,,0
1,,519486,Port:10,0,0,0,Missing,,,,,,,,,0
1,,519510,Port:10,0,0,0,Missing,,,,,,,,,0
1,,519518,Port:10,0,0,0,Missing,,,,,,,,,0
1,,519534,Port:10,0,0,0,Missing,,,,,,,,,0
1,,519550,Port:10,0,0,0,Missing,,,,,,,,,0
1,,519566,Port:10,0,0,0,Missing,,,,,,,,,0
1,,519590,Port:10,0,0,0,Missing,,,,,,,,,0
1,,519614,Port:10,0,0,0,Missing,,,,,,,,,0
1,,519630,Port:10,0,0,0,Missing,,,,,,,,,0
1,,519638,Port:10,0,0,0,Missing,,,,,,,,,0
1,,519654,Port:10,0,0,0,Missing,,,,,,,,,0
1,,519670,Port:10,0,0,0,Missing,,,,,,,,,0
1,,519686,Port:10,0,0,0,Missing,,,,,,,,,0
1,,519702,Port:10,0,0,0,Missing,,,,,,,,,0
1,,519710,Port:10,0,0,0,Missing,,,,,,,,,0
1,,519734,Port:10,0,0,0,Missing,,,,,,,,,0
1,,519750,Port:10,0,0,0,Missing,,,,,,,,,0
1,,519758,Port:10,0,0,0,Missing,,,,,,,,,0
1,,519774,Port:10,0,0,0,Missing,,,,,,,,,0
1,,519790,Port:10,0,0,0,Missing,,,,,,,,,0
1,,519806,Port:10,0,0,0,Missing,,,,,,,,,0
1,,519830,Port:10,0,0,0,Missing,,,,,,,,,0
1,,519854,Port:10,0,0,0,Missing,,,,,,,,,0
1,,519870,Port:10,0,0,0,Missing,,,,,,,,,0
1,,519878,Port:10,0,0,0,Missing,,,,,,,,,0
1,,519894,Port:10,0,0,0,Missing,,,,,,,,,0
1,,519910,Port:10,0,0,0,Missing,,,,,,,,,0
1,,519926,Port:10,0,0,0,Missing,,,,,,,,,0
1,,519942,Port:10,0,0,0,Missing,,,,,,,,,0
1,,519950,Port:10,0,0,0,Missing,,,,,,,,,0
1,,519974,Port:10,0,0,0,Missing,,,,,,,,,0
1,,519990,Port:10,0,0,0,Missing,,,,,,,,,0
1,,520006,Port:10,0,0,0,Missing,,,,,,,,,0
1,,520014,Port:10,0,0,0,Missing,,,,,,,,,0
1,,520030,Port:10,0,0,0,Missing,,,,,,,,,0
1,,520062,Port:10,0,0,0,Missing,,,,,,,,,0
1,,520070,Port:10,0,0,0,Missing,,,,,,,,,0
1,,520094,Port:10,0,0,0,Missing,,,,,,,,,0
1,,520110,Port:10,0,0,0,Missing,,,,,,,,,0
1,,520118,Port:10,0,0,0,Missing,,,,,,,,,0
1,,520134,Port:10,0,0,0,Missing,,,,,,,,,0
1,,520150,Port:10,0,0,0,Missing,,,,,,,,,0
1,,520166,Port:10,0,0,0,Missing,,,,,,,,,0
1,,520182,Port:10,0,0,0,Missing,,,,,,,,,0
1,,520190,Port:10,0,0,0,Missing,,,,,,,,,0
1,,520214,Port:10,0,0,0,Missing,,,,,,,,,0
1,,520230,Port:10,0,0,0,Missing,,,,,,,,,0
1,,520238,Port:10,0,0,0,Missing,,,,,,,,,0
1,,520254,Port:10,0,0,0,Missing,,,,,,,,,0
1,,520270,Port:10,0,0,0,Missing,,,,,,,,,0
1,,520302,Port:10,0,0,0,Missing,,,,,,,,,0
1,,520310,Port:10,0,0,0,Missing,,,,,,,,,0
1,,520334,Port:10,0,0,0,Missing,,,,,,,,,0
1,,520350,Port:10,0,0,0,Missing,,,,,,,,,0
1,,520358,Port:10,0,0,0,Missing,,,,,,,,,0
1,,520374,Port:10,0,0,0,Missing,,,,,,,,,0
1,,520390,Port:10,0,0,0,Missing,,,,,,,,,0
1,,520406,Port:10,0,0,0,Missing,,,,,,,,,0
1,,520422,Port:10,0,0,0,Missing,,,,,,,,,0
1,,520430,Port:10,0,0,0,Missing,,,,,,,,,0
1,,520454,Port:10,0,0,0,Missing,,,,,,,,,0
1,,520470,Port:10,0,0,0,Missing,,,,,,,,,0
1,,520478,Port:10,0,0,0,Missing,,,,,,,,,0
1,,520494,Port:10,0,0,0,Missing,,,,,,,,,0
1,,520510,Port:10,0,0,0,Missing,,,,,,,,,0
1,,520542,Port:10,0,0,0,Missing,,,,,,,,,0
1,,520550,Port:10,0,0,0,Missing,,,,,,,,,0
1,,520574,Port:10,0,0,0,Missing,,,,,,,,,0
1,,520590,Port:10,0,0,0,Missing,,,,,,,,,0
1,,520598,Port:10,0,0,0,Missing,,,,,,,,,0
1,,520614,Port:10,0,0,0,Missing,,,,,,,,,0
1,,520630,Port:10,0,0,0,Missing,,,,,,,,,0
1,,520646,Port:10,0,0,0,Missing,,,,,,,,,0
1,,520662,Port:10,0,0,0,Missing,,,,,,,,,0
1,,520678,Port:10,0,0,0,Missing,,,,,,,,,0
1,,520694,Port:10,0,0,0,Missing,,,,,,,,,0
1,,520710,Port:10,0,0,0,Missing,,,,,,,,,0
1,,520726,Port:10,0,0,0,Missing,,,,,,,,,0
1,,520734,Port:10,0,0,0,Missing,,,,,,,,,0
1,,520750,Port:10,0,0,0,Missing,,,,,,,,,0
1,,520782,Port:10,0,0,0,Missing,,,,,,,,,0
1,,520798,Port:10,0,0,0,Missing,,,,,,,,,0
1,,520814,Port:10,0,0,0,Missing,,,,,,,,,0
1,,520830,Port:10,0,0,0,Missing,,,,,,,,,0
1,,520838,Port:10,0,0,0,Missing,,,,,,,,,0
1,,520854,Port:10,0,0,0,Missing,,,,,,,,,0
1,,520870,Port:10,0,0,0,Missing,,,,,,,,,0
1,,520886,Port:10,0,0,0,Missing,,,,,,,,,0
1,,520902,Port:10,0,0,0,Missing,,,,,,,,,0
1,,520918,Port:10,0,0,0,Missing,,,,,,,,,0
1,,520934,Port:10,0,0,0,Missing,,,,,,,,,0
1,,520950,Port:10,0,0,0,Missing,,,,,,,,,0
1,,520966,Port:10,0,0,0,Missing,,,,,,,,,0
1,,520974,Port:10,0,0,0,Missing,,,,,,,,,0
1,,521006,Port:10,0,0,0,Missing,,,,,,,,,0
1,,521022,Port:10,0,0,0,Missing,,,,,,,,,0
1,,521038,Port:10,0,0,0,Missing,,,,,,,,,0
1,,521054,Port:10,0,0,0,Missing,,,,,,,,,0
1,,521070,Port:10,0,0,0,Missing,,,,,,,,,0
1,,521086,Port:10,0,0,0,Missing,,,,,,,,,0
1,,521094,Port:10,0,0,0,Missing,,,,,,,,,0
1,,521110,Port:10,0,0,0,Missing,,,,,,,,,0
1,,521126,Port:10,0,0,0,Missing,,,,,,,,,0
1,,521142,Port:10,0,0,0,Missing,,,,,,,,,0
1,,521158,Port:10,0,0,0,Missing,,,,,,,,,0
1,,521174,Port:10,0,0,0,Missing,,,,,,,,,0
1,,521190,Port:10,0,0,0,Missing,,,,,,,,,0
1,,521206,Port:10,0,0,0,Missing,,,,,,,,,0
1,,521214,Port:10,0,0,0,Missing,,,,,,,,,0
1,,521230,Port:10,0,0,0,Missing,,,,,,,,,0
1,,521262,Port:10,0,0,0,Missing,,,,,,,,,0
1,,521278,Port:10,0,0,0,Missing,,,,,,,,,0
1,,521294,Port:10,0,0,0,Missing,,,,,,,,,0
1,,521310,Port:10,0,0,0,Missing,,,,,,,,,0
1,,521318,Port:10,0,0,0,Missing,,,,,,,,,0
1,,521334,Port:10,0,0,0,Missing,,,,,,,,,0
1,,521350,Port:10,0,0,0,Missing,,,,,,,,,0
1,,521366,Port:10,0,0,0,Missing,,,,,,,,,0
1,,521382,Port:10,0,0,0,Missing,,,,,,,,,0
1,,521398,Port:10,0,0,0,Missing,,,,,,,,,0
1,,521414,Port:10,0,0,0,Missing,,,,,,,,,0
1,,521430,Port:10,0,0,0,Missing,,,,,,,,,0
1,,521446,Port:10,0,0,0,Missing,,,,,,,,,0
1,,521454,Port:10,0,0,0,Missing,,,,,,,,,0
1,,521470,Port:10,0,0,0,Missing,,,,,,,,,0
1,,521502,Port:10,0,0,0,Missing,,,,,,,,,0
1,,521518,Port:10,0,0,0,Missing,,,,,,,,,0
1,,521534,Port:10,0,0,0,Missing,,,,,,,,,0
1,,521550,Port:10,0,0,0,Missing,,,,,,,,,0
1,,521558,Port:10,0,0,0,Missing,,,,,,,,,0
1,,521574,Port:10,0,0,0,Missing,,,,,,,,,0
1,,521590,Port:10,0,0,0,Missing,,,,,,,,,0
1,,521606,Port:10,0,0,0,Missing,,,,,,,,,0
1,,521622,Port:10,0,0,0,Missing,,,,,,,,,0
1,,521638,Port:10,0,0,0,Missing,,,,,,,,,0
1,,521654,Port:10,0,0,0,Missing,,,,,,,,,0
1,,521670,Port:10,0,0,0,Missing,,,,,,,,,0
1,,521686,Port:10,0,0,0,Missing,,,,,,,,,0
1,,521694,Port:10,0,0,0,Missing,,,,,,,,,0
1,,521710,Port:10,0,0,0,Missing,,,,,,,,,0
1,,521742,Port:10,0,0,0,Missing,,,,,,,,,0
1,,521758,Port:10,0,0,0,Missing,,,,,,,,,0
1,,521774,Port:10,0,0,0,Missing,,,,,,,,,0
1,,521790,Port:10,0,0,0,Missing,,,,,,,,,0
1,,521798,Port:10,0,0,0,Missing,,,,,,,,,0
1,,521814,Port:10,0,0,0,Missing,,,,,,,,,0
1,,521830,Port:10,0,0,0,Missing,,,,,,,,,0
1,,521846,Port:10,0,0,0,Missing,,,,,,,,,0
1,,521862,Port:10,0,0,0,Missing,,,,,,,,,0
1,,521878,Port:10,0,0,0,Missing,,,,,,,,,0
1,,521894,Port:10,0,0,0,Missing,,,,,,,,,0
1,,521910,Port:10,0,0,0,Missing,,,,,,,,,0
1,,521926,Port:10,0,0,0,Missing,,,,,,,,,0
1,,521934,Port:10,0,0,0,Missing,,,,,,,,,0
1,,521950,Port:10,0,0,0,Missing,,,,,,,,,0
1,,521982,Port:10,0,0,0,Missing,,,,,,,,,0
1,,521998,Port:10,0,0,0,Missing,,,,,,,,,0
1,,522014,Port:10,0,0,0,Missing,,,,,,,,,0
1,,522030,Port:10,0,0,0,Missing,,,,,,,,,0
1,,522038,Port:10,0,0,0,Missing,,,,,,,,,0
1,,522054,Port:10,0,0,0,Missing,,,,,,,,,0
1,,522070,Port:10,0,0,0,Missing,,,,,,,,,0
1,,522086,Port:10,0,0,0,Missing,,,,,,,,,0
1,,522102,Port:10,0,0,0,Missing,,,,,,,,,0
1,,522118,Port:10,0,0,0,Missing,,,,,,,,,0
1,,522134,Port:10,0,0,0,Missing,,,,,,,,,0
1,,522150,Port:10,0,0,0,Missing,,,,,,,,,0
1,,522166,Port:10,0,0,0,Missing,,,,,,,,,0
1,,522174,Port:10,0,0,0,Missing,,,,,,,,,0
1,,522206,Port:10,0,0,0,Missing,,,,,,,,,0
1,,522222,Port:10,0,0,0,Missing,,,,,,,,,0
1,,522238,Port:10,0,0,0,Missing,,,,,,,,,0
1,,522254,Port:10,0,0,0,Missing,,,,,,,,,0
1,,522270,Port:10,0,0,0,Missing,,,,,,,,,0
1,,522286,Port:10,0,0,0,Missing,,,,,,,,,0
1,,522294,Port:10,0,0,0,Missing,,,,,,,,,0
1,,522310,Port:10,0,0,0,Missing,,,,,,,,,0
1,,522326,Port:10,0,0,0,Missing,,,,,,,,,0
1,,522342,Port:10,0,0,0,Missing,,,,,,,,,0
1,,522358,Port:10,0,0,0,Missing,,,,,,,,,0
1,,522374,Port:10,0,0,0,Missing,,,,,,,,,0
1,,522390,Port:10,0,0,0,Missing,,,,,,,,,0
1,,522406,Port:10,0,0,0,Missing,,,,,,,,,0
1,,522414,Port:10,0,0,0,Missing,,,,,,,,,0
1,,522430,Port:10,0,0,0,Missing,,,,,,,,,0
1,,522462,Port:10,0,0,0,Missing,,,,,,,,,0
1,,522478,Port:10,0,0,0,Missing,,,,,,,,,0
1,,522494,Port:10,0,0,0,Missing,,,,,,,,,0
1,,522510,Port:10,0,0,0,Missing,,,,,,,,,0
1,,522518,Port:10,0,0,0,Missing,,,,,,,,,0
1,,522534,Port:10,0,0,0,Missing,,,,,,,,,0
1,,522550,Port:10,0,0,0,Missing,,,,,,,,,0
1,,522566,Port:10,0,0,0,Missing,,,,,,,,,0
1,,522582,Port:10,0,0,0,Missing,,,,,,,,,0
1,,522598,Port:10,0,0,0,Missing,,,,,,,,,0
1,,522614,Port:10,0,0,0,Missing,,,,,,,,,0
1,,522630,Port:10,0,0,0,Missing,,,,,,,,,0
1,,522638,Port:10,0,0,0,Missing,,,,,,,,,0
1,,522654,Port:10,0,0,0,Missing,,,,,,,,,0
1,,522670,Port:10,0,0,0,Missing,,,,,,,,,0
1,,522702,Port:10,0,0,0,Missing,,,,,,,,,0
1,,522718,Port:10,0,0,0,Missing,,,,,,,,,0
1,,522734,Port:10,0,0,0,Missing,,,,,,,,,0
1,,522750,Port:10,0,0,0,Missing,,,,,,,,,0
1,,522758,Port:10,0,0,0,Missing,,,,,,,,,0
1,,522774,Port:10,0,0,0,Missing,,,,,,,,,0
1,,522790,Port:10,0,0,0,Missing,,,,,,,,,0
1,,522806,Port:10,0,0,0,Missing,,,,,,,,,0
1,,522822,Port:10,0,0,0,Missing,,,,,,,,,0
1,,522838,Port:10,0,0,0,Missing,,,,,,,,,0
1,,522854,Port:10,0,0,0,Missing,,,,,,,,,0
1,,522870,Port:10,0,0,0,Missing,,,,,,,,,0
1,,522886,Port:10,0,0,0,Missing,,,,,,,,,0
1,,522894,Port:10,0,0,0,Missing,,,,,,,,,0
1,,522934,Port:10,0,0,0,Missing,,,,,,,,,0
1,,522942,Port:10,0,0,0,Missing,,,,,,,,,0
1,,522958,Port:10,0,0,0,Missing,,,,,,,,,0
1,,522974,Port:10,0,0,0,Missing,,,,,,,,,0
1,,522990,Port:10,0,0,0,Missing,,,,,,,,,0
1,,523006,Port:10,0,0,0,Missing,,,,,,,,,0
1,,523014,Port:10,0,0,0,Missing,,,,,,,,,0
1,,523030,Port:10,0,0,0,Missing,,,,,,,,,0
1,,523054,Port:10,0,0,0,Missing,,,,,,,,,0
1,,523062,Port:10,0,0,0,Missing,,,,,,,,,0
1,,523078,Port:10,0,0,0,Missing,,,,,,,,,0
1,,523094,Port:10,0,0,0,Missing,,,,,,,,,0
1,,523110,Port:10,0,0,0,Missing,,,,,,,,,0
1,,523126,Port:10,0,0,0,Missing,,,,,,,,,0
1,,523134,Port:10,0,0,0,Missing,,,,,,,,,0
1,,523174,Port:10,0,0,0,Missing,,,,,,,,,0
1,,523182,Port:10,0,0,0,Missing,,,,,,,,,0
1,,523198,Port:10,0,0,0,Missing,,,,,,,,,0
1,,523214,Port:10,0,0,0,Missing,,,,,,,,,0
1,,523230,Port:10,0,0,0,Missing,,,,,,,,,0
1,,523246,Port:10,0,0,0,Missing,,,,,,,,,0
1,,523254,Port:10,0,0,0,Missing,,,,,,,,,0
1,,523270,Port:10,0,0,0,Missing,,,,,,,,,0
1,,523286,Port:10,0,0,0,Missing,,,,,,,,,0
1,,523302,Port:10,0,0,0,Missing,,,,,,,,,0
1,,523318,Port:10,0,0,0,Missing,,,,,,,,,0
1,,523334,Port:10,0,0,0,Missing,,,,,,,,,0
1,,523350,Port:10,0,0,0,Missing,,,,,,,,,0
1,,523366,Port:10,0,0,0,Missing,,,,,,,,,0
1,,523374,Port:10,0,0,0,Missing,,,,,,,,,0
1,,523414,Port:10,0,0,0,Missing,,,,,,,,,0
1,,523422,Port:10,0,0,0,Missing,,,,,,,,,0
1,,523438,Port:10,0,0,0,Missing,,,,,,,,,0
1,,523454,Port:10,0,0,0,Missing,,,,,,,,,0
1,,523470,Port:10,0,0,0,Missing,,,,,,,,,0
1,,523486,Port:10,0,0,0,Missing,,,,,,,,,0
1,,523494,Port:10,0,0,0,Missing,,,,,,,,,0
1,,523510,Port:10,0,0,0,Missing,,,,,,,,,0
1,,523534,Port:10,0,0,0,Missing,,,,,,,,,0
1,,523542,Port:10,0,0,0,Missing,,,,,,,,,0
1,,523558,Port:10,0,0,0,Missing,,,,,,,,,0
1,,523574,Port:10,0,0,0,Missing,,,,,,,,,0
1,,523590,Port:10,0,0,0,Missing,,,,,,,,,0
1,,523606,Port:10,0,0,0,Missing,,,,,,,,,0
1,,523614,Port:10,0,0,0,Missing,,,,,,,,,0
1,,523654,Port:10,0,0,0,Missing,,,,,,,,,0
1,,523662,Port:10,0,0,0,Missing,,,,,,,,,0
1,,523678,Port:10,0,0,0,Missing,,,,,,,,,0
1,,523694,Port:10,0,0,0,Missing,,,,,,,,,0
1,,523710,Port:10,0,0,0,Missing,,,,,,,,,0
1,,523718,Port:10,0,0,0,Missing,,,,,,,,,0
1,,523734,Port:10,0,0,0,Missing,,,,,,,,,0
1,,523750,Port:10,0,0,0,Missing,,,,,,,,,0
1,,523774,Port:10,0,0,0,Missing,,,,,,,,,0
1,,523782,Port:10,0,0,0,Missing,,,,,,,,,0
1,,523798,Port:10,0,0,0,Missing,,,,,,,,,0
1,,523814,Port:10,0,0,0,Missing,,,,,,,,,0
1,,523830,Port:10,0,0,0,Missing,,,,,,,,,0
1,,523846,Port:10,0,0,0,Missing,,,,,,,,,0
1,,523854,Port:10,0,0,0,Missing,,,,,,,,,0
1,,523870,Port:10,0,0,0,Missing,,,,,,,,,0
1,,523902,Port:10,0,0,0,Missing,,,,,,,,,0
1,,523918,Port:10,0,0,0,Missing,,,,,,,,,0
1,,523934,Port:10,0,0,0,Missing,,,,,,,,,0
1,,523950,Port:10,0,0,0,Missing,,,,,,,,,0
1,,523966,Port:10,0,0,0,Missing,,,,,,,,,0
1,,523974,Port:10,0,0,0,Missing,,,,,,,,,0
1,,523990,Port:10,0,0,0,Missing,,,,,,,,,0
1,,524006,Port:10,0,0,0,Missing,,,,,,,,,0
1,,524022,Port:10,0,0,0,Missing,,,,,,,,,0
1,,524038,Port:10,0,0,0,Missing,,,,,,,,,0
1,,524054,Port:10,0,0,0,Missing,,,,,,,,,0
1,,524070,Port:10,0,0,0,Missing,,,,,,,,,0
1,,524086,Port:10,0,0,0,Missing,,,,,,,,,0
1,,524094,Port:10,0,0,0,Missing,,,,,,,,,0
1,,524118,Port:10,0,0,0,Missing,,,,,,,,,0
1,,524134,Port:10,0,0,0,Missing,,,,,,,,,0
1,,524142,Port:10,0,0,0,Missing,,,,,,,,,0
1,,524158,Port:10,0,0,0,Missing,,,,,,,,,0
1,,524190,Port:10,0,0,0,Missing,,,,,,,,,0
1,,524206,Port:10,0,0,0,Missing,,,,,,,,,0
1,,524214,Port:10,0,0,0,Missing,,,,,,,,,0
1,,524238,Port:10,0,0,0,Missing,,,,,,,,,0
1,,524254,Port:10,0,0,0,Missing,,,,,,,,,0
1,,524262,Port:10,0,0,0,Missing,,,,,,,,,0
1,,524278,Port:10,0,0,0,Missing,,,,,,,,,0
1,,524294,Port:10,0,0,0,Missing,,,,,,,,,0
1,,524310,Port:10,0,0,0,Missing,,,,,,,,,0
1,,524326,Port:10,0,0,0,Missing,,,,,,,,,0
1,,524334,Port:10,0,0,0,Missing,,,,,,,,,0
1,,524358,Port:10,0,0,0,Missing,,,,,,,,,0
1,,524374,Port:10,0,0,0,Missing,,,,,,,,,0
1,,524382,Port:10,0,0,0,Missing,,,,,,,,,0
1,,524414,Port:10,0,0,0,Missing,,,,,,,,,0
1,,524430,Port:10,0,0,0,Missing,,,,,,,,,0
1,,524446,Port:10,0,0,0,Missing,,,,,,,,,0
1,,524454,Port:10,0,0,0,Missing,,,,,,,,,0
1,,524478,Port:10,0,0,0,Missing,,,,,,,,,0
1,,524494,Port:10,0,0,0,Missing,,,,,,,,,0
1,,524502,Port:10,0,0,0,Missing,,,,,,,,,0
1,,524518,Port:10,0,0,0,Missing,,,,,,,,,0
1,,524534,Port:10,0,0,0,Missing,,,,,,,,,0
1,,524550,Port:10,0,0,0,Missing,,,,,,,,,0
1,,524566,Port:10,0,0,0,Missing,,,,,,,,,0
1,,524574,Port:10,0,0,0,Missing,,,,,,,,,0
1,,524598,Port:10,0,0,0,Missing,,,,,,,,,0
1,,524614,Port:10,0,0,0,Missing,,,,,,,,,0
1,,524622,Port:10,0,0,0,Missing,,,,,,,,,0
1,,524654,Port:10,0,0,0,Missing,,,,,,,,,0
1,,524670,Port:10,0,0,0,Missing,,,,,,,,,0
1,,524686,Port:10,0,0,0,Missing,,,,,,,,,0
1,,524694,Port:10,0,0,0,Missing,,,,,,,,,0
1,,524718,Port:10,0,0,0,Missing,,,,,,,,,0
1,,524734,Port:10,0,0,0,Missing,,,,,,,,,0
1,,524742,Port:10,0,0,0,Missing,,,,,,,,,0
1,,524758,Port:10,0,0,0,Missing,,,,,,,,,0
1,,524774,Port:10,0,0,0,Missing,,,,,,,,,0
1,,524790,Port:10,0,0,0,Missing,,,,,,,,,0
1,,524806,Port:10,0,0,0,Missing,,,,,,,,,0
1,,524814,Port:10,0,0,0,Missing,,,,,,,,,0
1,,524838,Port:10,0,0,0,Missing,,,,,,,,,0
1,,524854,Port:10,0,0,0,Missing,,,,,,,,,0
1,,524862,Port:10,0,0,0,Missing,,,,,,,,,0
1,,524894,Port:10,0,0,0,Missing,,,,,,,,,0
1,,524910,Port:10,0,0,0,Missing,,,,,,,,,0
1,,524926,Port:10,0,0,0,Missing,,,,,,,,,0
1,,524934,Port:10,0,0,0,Missing,,,,,,,,,0
1,,524958,Port:10,0,0,0,Missing,,,,,,,,,0
1,,524974,Port:10,0,0,0,Missing,,,,,,,,,0
1,,524982,Port:10,0,0,0,Missing,,,,,,,,,0
1,,524998,Port:10,0,0,0,Missing,,,,,,,,,0
1,,525014,Port:10,0,0,0,Missing,,,,,,,,,0
1,,525030,Port:10,0,0,0,Missing,,,,,,,,,0
1,,525046,Port:10,0,0,0,Missing,,,,,,,,,0
1,,525054,Port:10,0,0,0,Missing,,,,,,,,,0
1,,525078,Port:10,0,0,0,Missing,,,,,,,,,0
1,,525094,Port:10,0,0,0,Missing,,,,,,,,,0
1,,525102,Port:10,0,0,0,Missing,,,,,,,,,0
1,,525134,Port:10,0,0,0,Missing,,,,,,,,,0
1,,525150,Port:10,0,0,0,Missing,,,,,,,,,0
1,,525166,Port:10,0,0,0,Missing,,,,,,,,,0
1,,525182,Port:10,0,0,0,Missing,,,,,,,,,0
1,,525198,Port:10,0,0,0,Missing,,,,,,,,,0
1,,525214,Port:10,0,0,0,Missing,,,,,,,,,0
1,,525222,Port:10,0,0,0,Missing,,,,,,,,,0
1,,525238,Port:10,0,0,0,Missing,,,,,,,,,0
1,,525254,Port:10,0,0,0,Missing,,,,,,,,,0
1,,525270,Port:10,0,0,0,Missing,,,,,,,,,0
1,,525286,Port:10,0,0,0,Missing,,,,,,,,,0
1,,525302,Port:10,0,0,0,Missing,,,,,,,,,0
1,,525318,Port:10,0,0,0,Missing,,,,,,,,,0
1,,525334,Port:10,0,0,0,Missing,,,,,,,,,0
1,,525358,Port:10,0,0,0,Missing,,,,,,,,,0
1,,525374,Port:10,0,0,0,Missing,,,,,,,,,0
1,,525390,Port:10,0,0,0,Missing,,,,,,,,,0
1,,525406,Port:10,0,0,0,Missing,,,,,,,,,0
1,,525422,Port:10,0,0,0,Missing,,,,,,,,,0
1,,525438,Port:10,0,0,0,Missing,,,,,,,,,0
1,,525454,Port:10,0,0,0,Missing,,,,,,,,,0
1,,525462,Port:10,0,0,0,Missing,,,,,,,,,0
1,,525478,Port:10,0,0,0,Missing,,,,,,,,,0
1,,525494,Port:10,0,0,0,Missing,,,,,,,,,0
1,,525510,Port:10,0,0,0,Missing,,,,,,,,,0
1,,525526,Port:10,0,0,0,Missing,,,,,,,,,0
1,,525542,Port:10,0,0,0,Missing,,,,,,,,,0
1,,525558,Port:10,0,0,0,Missing,,,,,,,,,0
1,,525574,Port:10,0,0,0,Missing,,,,,,,,,0
1,,525598,Port:10,0,0,0,Missing,,,,,,,,,0
1,,525614,Port:10,0,0,0,Missing,,,,,,,,,0
1,,525630,Port:10,0,0,0,Missing,,,,,,,,,0
1,,525646,Port:10,0,0,0,Missing,,,,,,,,,0
1,,525662,Port:10,0,0,0,Missing,,,,,,,,,0
1,,525678,Port:10,0,0,0,Missing,,,,,,,,,0
1,,525694,Port:10,0,0,0,Missing,,,,,,,,,0
1,,525702,Port:10,0,0,0,Missing,,,,,,,,,0
1,,525718,Port:10,0,0,0,Missing,,,,,,,,,0
1,,525734,Port:10,0,0,0,Missing,,,,,,,,,0
1,,525750,Port:10,0,0,0,Missing,,,,,,,,,0
1,,525766,Port:10,0,0,0,Missing,,,,,,,,,0
1,,525782,Port:10,0,0,0,Missing,,,,,,,,,0
1,,525798,Port:10,0,0,0,Missing,,,,,,,,,0
1,,525814,Port:10,0,0,0,Missing,,,,,,,,,0
1,,525838,Port:10,0,0,0,Missing,,,,,,,,,0
1,,525854,Port:10,0,0,0,Missing,,,,,,,,,0
1,,525870,Port:10,0,0,0,Missing,,,,,,,,,0
1,,525886,Port:10,0,0,0,Missing,,,,,,,,,0
1,,525902,Port:10,0,0,0,Missing,,,,,,,,,0
1,,525918,Port:10,0,0,0,Missing,,,,,,,,,0
1,,525934,Port:10,0,0,0,Missing,,,,,,,,,0
1,,525942,Port:10,0,0,0,Missing,,,,,,,,,0
1,,525958,Port:10,0,0,0,Missing,,,,,,,,,0
1,,525974,Port:10,0,0,0,Missing,,,,,,,,,0
1,,525990,Port:10,0,0,0,Missing,,,,,,,,,0
1,,526006,Port:10,0,0,0,Missing,,,,,,,,,0
1,,526022,Port:10,0,0,0,Missing,,,,,,,,,0
1,,526038,Port:10,0,0,0,Missing,,,,,,,,,0
1,,526054,Port:10,0,0,0,Missing,,,,,,,,,0
1,,526078,Port:10,0,0,0,Missing,,,,,,,,,0
1,,526094,Port:10,0,0,0,Missing,,,,,,,,,0
1,,526110,Port:10,0,0,0,Missing,,,,,,,,,0
1,,526126,Port:10,0,0,0,Missing,,,,,,,,,0
1,,526142,Port:10,0,0,0,Missing,,,,,,,,,0
1,,526158,Port:10,0,0,0,Missing,,,,,,,,,0
1,,526174,Port:10,0,0,0,Missing,,,,,,,,,0
1,,526190,Port:10,0,0,0,Missing,,,,,,,,,0
1,,526198,Port:10,0,0,0,Missing,,,,,,,,,0
1,,526214,Port:10,0,0,0,Missing,,,,,,,,,0
1,,526230,Port:10,0,0,0,Missing,,,,,,,,,0
1,,526246,Port:10,0,0,0,Missing,,,,,,,,,0
1,,526262,Port:10,0,0,0,Missing,,,,,,,,,0
1,,526278,Port:10,0,0,0,Missing,,,,,,,,,0
1,,526294,Port:10,0,0,0,Missing,,,,,,,,,0
1,,526318,Port:10,0,0,0,Missing,,,,,,,,,0
1,,526334,Port:10,0,0,0,Missing,,,,,,,,,0
1,,526350,Port:10,0,0,0,Missing,,,,,,,,,0
1,,526366,Port:10,0,0,0,Missing,,,,,,,,,0
1,,526382,Port:10,0,0,0,Missing,,,,,,,,,0
1,,526398,Port:10,0,0,0,Missing,,,,,,,,,0
1,,526414,Port:10,0,0,0,Missing,,,,,,,,,0
1,,526422,Port:10,0,0,0,Missing,,,,,,,,,0
1,,526438,Port:10,0,0,0,Missing,,,,,,,,,0
1,,526454,Port:10,0,0,0,Missing,,,,,,,,,0
1,,526470,Port:10,0,0,0,Missing,,,,,,,,,0
1,,526486,Port:10,0,0,0,Missing,,,,,,,,,0
1,,526502,Port:10,0,0,0,Missing,,,,,,,,,0
1,,526518,Port:10,0,0,0,Missing,,,,,,,,,0
1,,526534,Port:10,0,0,0,Missing,,,,,,,,,0
1,,526558,Port:10,0,0,0,Missing,,,,,,,,,0
1,,526574,Port:10,0,0,0,Missing,,,,,,,,,0
1,,526590,Port:10,0,0,0,Missing,,,,,,,,,0
1,,526606,Port:10,0,0,0,Missing,,,,,,,,,0
1,,526622,Port:10,0,0,0,Missing,,,,,,,,,0
1,,526638,Port:10,0,0,0,Missing,,,,,,,,,0
1,,526654,Port:10,0,0,0,Missing,,,,,,,,,0
1,,526662,Port:10,0,0,0,Missing,,,,,,,,,0
1,,526678,Port:10,0,0,0,Missing,,,,,,,,,0
1,,526694,Port:10,0,0,0,Missing,,,,,,,,,0
1,,526710,Port:10,0,0,0,Missing,,,,,,,,,0
1,,526726,Port:10,0,0,0,Missing,,,,,,,,,0
1,,526742,Port:10,0,0,0,Missing,,,,,,,,,0
1,,526758,Port:10,0,0,0,Missing,,,,,,,,,0
1,,526782,Port:10,0,0,0,Missing,,,,,,,,,0
1,,526798,Port:10,0,0,0,Missing,,,,,,,,,0
1,,526814,Port:10,0,0,0,Missing,,,,,,,,,0
1,,526830,Port:10,0,0,0,Missing,,,,,,,,,0
1,,526846,Port:10,0,0,0,Missing,,,,,,,,,0
1,,526862,Port:10,0,0,0,Missing,,,,,,,,,0
1,,526878,Port:10,0,0,0,Missing,,,,,,,,,0
1,,526894,Port:10,0,0,0,Missing,,,,,,,,,0
1,,526902,Port:10,0,0,0,Missing,,,,,,,,,0
1,,526918,Port:10,0,0,0,Missing,,,,,,,,,0
1,,526934,Port:10,0,0,0,Missing,,,,,,,,,0
1,,526950,Port:10,0,0,0,Missing,,,,,,,,,0
1,,526966,Port:10,0,0,0,Missing,,,,,,,,,0
1,,526982,Port:10,0,0,0,Missing,,,,,,,,,0
1,,526998,Port:10,0,0,0,Missing,,,,,,,,,0
1,,527022,Port:10,0,0,0,Missing,,,,,,,,,0
1,,527038,Port:10,0,0,0,Missing,,,,,,,,,0
1,,527054,Port:10,0,0,0,Missing,,,,,,,,,0
1,,527070,Port:10,0,0,0,Missing,,,,,,,,,0
1,,527086,Port:10,0,0,0,Missing,,,,,,,,,0
1,,527102,Port:10,0,0,0,Missing,,,,,,,,,0
1,,527118,Port:10,0,0,0,Missing,,,,,,,,,0
1,,527134,Port:10,0,0,0,Missing,,,,,,,,,0
1,,527142,Port:10,0,0,0,Missing,,,,,,,,,0
1,,527158,Port:10,0,0,0,Missing,,,,,,,,,0
1,,527174,Port:10,0,0,0,Missing,,,,,,,,,0
1,,527190,Port:10,0,0,0,Missing,,,,,,,,,0
1,,527206,Port:10,0,0,0,Missing,,,,,,,,,0
1,,527222,Port:10,0,0,0,Missing,,,,,,,,,0
1,,527238,Port:10,0,0,0,Missing,,,,,,,,,0
1,,527254,Port:10,0,0,0,Missing,,,,,,,,,0
1,,527278,Port:10,0,0,0,Missing,,,,,,,,,0
1,,527294,Port:10,0,0,0,Missing,,,,,,,,,0
1,,527310,Port:10,0,0,0,Missing,,,,,,,,,0
1,,527326,Port:10,0,0,0,Missing,,,,,,,,,0
1,,527342,Port:10,0,0,0,Missing,,,,,,,,,0
1,,527358,Port:10,0,0,0,Missing,,,,,,,,,0
1,,527374,Port:10,0,0,0,Missing,,,,,,,,,0
1,,527382,Port:10,0,0,0,Missing,,,,,,,,,0
1,,527398,Port:10,0,0,0,Missing,,,,,,,,,0
1,,527414,Port:10,0,0,0,Missing,,,,,,,,,0
1,,527430,Port:10,0,0,0,Missing,,,,,,,,,0
1,,527446,Port:10,0,0,0,Missing,,,,,,,,,0
1,,527462,Port:10,0,0,0,Missing,,,,,,,,,0
1,,527478,Port:10,0,0,0,Missing,,,,,,,,,0
1,,527494,Port:10,0,0,0,Missing,,,,,,,,,0
1,,527518,Port:10,0,0,0,Missing,,,,,,,,,0
1,,527534,Port:10,0,0,0,Missing,,,,,,,,,0
1,,527558,Port:10,0,0,0,Missing,,,,,,,,,0
1,,527566,Port:10,0,0,0,Missing,,,,,,,,,0
1,,527582,Port:10,0,0,0,Missing,,,,,,,,,0
1,,527598,Port:10,0,0,0,Missing,,,,,,,,,0
1,,527614,Port:10,0,0,0,Missing,,,,,,,,,0
1,,527630,Port:10,0,0,0,Missing,,,,,,,,,0
1,,527638,Port:10,0,0,0,Missing,,,,,,,,,0
1,,527654,Port:10,0,0,0,Missing,,,,,,,,,0
1,,527678,Port:10,0,0,0,Missing,,,,,,,,,0
1,,527686,Port:10,0,0,0,Missing,,,,,,,,,0
1,,527702,Port:10,0,0,0,Missing,,,,,,,,,0
1,,527718,Port:10,0,0,0,Missing,,,,,,,,,0
1,,527734,Port:10,0,0,0,Missing,,,,,,,,,0
1,,527758,Port:10,0,0,0,Missing,,,,,,,,,0
1,,527774,Port:10,0,0,0,Missing,,,,,,,,,0
1,,527798,Port:10,0,0,0,Missing,,,,,,,,,0
1,,527806,Port:10,0,0,0,Missing,,,,,,,,,0
1,,527822,Port:10,0,0,0,Missing,,,,,,,,,0
1,,527838,Port:10,0,0,0,Missing,,,,,,,,,0
1,,527854,Port:10,0,0,0,Missing,,,,,,,,,0
1,,527870,Port:10,0,0,0,Missing,,,,,,,,,0
1,,527878,Port:10,0,0,0,Missing,,,,,,,,,0
1,,527894,Port:10,0,0,0,Missing,,,,,,,,,0
1,,527910,Port:10,0,0,0,Missing,,,,,,,,,0
1,,527926,Port:10,0,0,0,Missing,,,,,,,,,0
1,,527942,Port:10,0,0,0,Missing,,,,,,,,,0
1,,527958,Port:10,0,0,0,Missing,,,,,,,,,0
1,,527974,Port:10,0,0,0,Missing,,,,,,,,,0
1,,527998,Port:10,0,0,0,Missing,,,,,,,,,0
1,,528014,Port:10,0,0,0,Missing,,,,,,,,,0
1,,528038,Port:10,0,0,0,Missing,,,,,,,,,0
1,,528046,Port:10,0,0,0,Missing,,,,,,,,,0
1,,528062,Port:10,0,0,0,Missing,,,,,,,,,0
1,,528078,Port:10,0,0,0,Missing,,,,,,,,,0
1,,528094,Port:10,0,0,0,Missing,,,,,,,,,0
1,,528110,Port:10,0,0,0,Missing,,,,,,,,,0
1,,528118,Port:10,0,0,0,Missing,,,,,,,,,0
1,,528134,Port:10,0,0,0,Missing,,,,,,,,,0
1,,528158,Port:10,0,0,0,Missing,,,,,,,,,0
1,,528166,Port:10,0,0,0,Missing,,,,,,,,,0
1,,528182,Port:10,0,0,0,Missing,,,,,,,,,0
1,,528198,Port:10,0,0,0,Missing,,,,,,,,,0
1,,528214,Port:10,0,0,0,Missing,,,,,,,,,0
1,,528238,Port:10,0,0,0,Missing,,,,,,,,,0
1,,528254,Port:10,0,0,0,Missing,,,,,,,,,0
1,,528270,Port:10,0,0,0,Missing,,,,,,,,,0
1,,528286,Port:10,0,0,0,Missing,,,,,,,,,0
1,,528302,Port:10,0,0,0,Missing,,,,,,,,,0
1,,528318,Port:10,0,0,0,Missing,,,,,,,,,0
1,,528334,Port:10,0,0,0,Missing,,,,,,,,,0
1,,528342,Port:10,0,0,0,Missing,,,,,,,,,0
1,,528358,Port:10,0,0,0,Missing,,,,,,,,,0
1,,528374,Port:10,0,0,0,Missing,,,,,,,,,0
1,,528390,Port:10,0,0,0,Missing,,,,,,,,,0
1,,528406,Port:10,0,0,0,Missing,,,,,,,,,0
1,,528422,Port:10,0,0,0,Missing,,,,,,,,,0
1,,528438,Port:10,0,0,0,Missing,,,,,,,,,0
1,,528454,Port:10,0,0,0,Missing,,,,,,,,,0
1,,528478,Port:10,0,0,0,Missing,,,,,,,,,0
1,,528494,Port:10,0,0,0,Missing,,,,,,,,,0
1,,528510,Port:10,0,0,0,Missing,,,,,,,,,0
1,,528526,Port:10,0,0,0,Missing,,,,,,,,,0
1,,528542,Port:10,0,0,0,Missing,,,,,,,,,0
1,,528558,Port:10,0,0,0,Missing,,,,,,,,,0
1,,528574,Port:10,0,0,0,Missing,,,,,,,,,0
1,,528582,Port:10,0,0,0,Missing,,,,,,,,,0
1,,528598,Port:10,0,0,0,Missing,,,,,,,,,0
1,,528622,Port:10,0,0,0,Missing,,,,,,,,,0
1,,528630,Port:10,0,0,0,Missing,,,,,,,,,0
1,,528646,Port:10,0,0,0,Missing,,,,,,,,,0
1,,528662,Port:10,0,0,0,Missing,,,,,,,,,0
1,,528678,Port:10,0,0,0,Missing,,,,,,,,,0
1,,528694,Port:10,0,0,0,Missing,,,,,,,,,0
1,,528718,Port:10,0,0,0,Missing,,,,,,,,,0
1,,528742,Port:10,0,0,0,Missing,,,,,,,,,0
1,,528758,Port:10,0,0,0,Missing,,,,,,,,,0
1,,528766,Port:10,0,0,0,Missing,,,,,,,,,0
1,,528782,Port:10,0,0,0,Missing,,,,,,,,,0
1,,528798,Port:10,0,0,0,Missing,,,,,,,,,0
1,,528814,Port:10,0,0,0,Missing,,,,,,,,,0
1,,528830,Port:10,0,0,0,Missing,,,,,,,,,0
1,,528838,Port:10,0,0,0,Missing,,,,,,,,,0
1,,528862,Port:10,0,0,0,Missing,,,,,,,,,0
1,,528878,Port:10,0,0,0,Missing,,,,,,,,,0
1,,528886,Port:10,0,0,0,Missing,,,,,,,,,0
1,,528902,Port:10,0,0,0,Missing,,,,,,,,,0
1,,528918,Port:10,0,0,0,Missing,,,,,,,,,0
1,,528950,Port:10,0,0,0,Missing,,,,,,,,,0
1,,528958,Port:10,0,0,0,Missing,,,,,,,,,0
1,,528982,Port:10,0,0,0,Missing,,,,,,,,,0
1,,528998,Port:10,0,0,0,Missing,,,,,,,,,0
1,,529006,Port:10,0,0,0,Missing,,,,,,,,,0
1,,529022,Port:10,0,0,0,Missing,,,,,,,,,0
1,,529038,Port:10,0,0,0,Missing,,,,,,,,,0
1,,529054,Port:10,0,0,0,Missing,,,,,,,,,0
1,,529062,Port:10,0,0,0,Missing,,,,,,,,,0
1,,529078,Port:10,0,0,0,Missing,,,,,,,,,0
1,,529102,Port:10,0,0,0,Missing,,,,,,,,,0
1,,529118,Port:10,0,0,0,Missing,,,,,,,,,0
1,,529126,Port:10,0,0,0,Missing,,,,,,,,,0
1,,529142,Port:10,0,0,0,Missing,,,,,,,,,0
1,,529158,Port:10,0,0,0,Missing,,,,,,,,,0
1,,529190,Port:10,0,0,0,Missing,,,,,,,,,0
1,,529198,Port:10,0,0,0,Missing,,,,,,,,,0
1,,529222,Port:10,0,0,0,Missing,,,,,,,,,0
1,,529238,Port:10,0,0,0,Missing,,,,,,,,,0
1,,529246,Port:10,0,0,0,Missing,,,,,,,,,0
1,,529262,Port:10,0,0,0,Missing,,,,,,,,,0
1,,529278,Port:10,0,0,0,Missing,,,,,,,,,0
1,,529294,Port:10,0,0,0,Missing,,,,,,,,,0
1,,529310,Port:10,0,0,0,Missing,,,,,,,,,0
1,,529318,Port:10,0,0,0,Missing,,,,,,,,,0
1,,529342,Port:10,0,0,0,Missing,,,,,,,,,0
1,,529358,Port:10,0,0,0,Missing,,,,,,,,,0
1,,529366,Port:10,0,0,0,Missing,,,,,,,,,0
1,,529382,Port:10,0,0,0,Missing,,,,,,,,,0
1,,529398,Port:10,0,0,0,Missing,,,,,,,,,0
1,,529430,Port:10,0,0,0,Missing,,,,,,,,,0
1,,529438,Port:10,0,0,0,Missing,,,,,,,,,0
1,,529462,Port:10,0,0,0,Missing,,,,,,,,,0
1,,529478,Port:10,0,0,0,Missing,,,,,,,,,0
1,,529486,Port:10,0,0,0,Missing,,,,,,,,,0
1,,529502,Port:10,0,0,0,Missing,,,,,,,,,0
1,,529518,Port:10,0,0,0,Missing,,,,,,,,,0
1,,529534,Port:10,0,0,0,Missing,,,,,,,,,0
1,,529550,Port:10,0,0,0,Missing,,,,,,,,,0
1,,529558,Port:10,0,0,0,Missing,,,,,,,,,0
1,,529582,Port:10,0,0,0,Missing,,,,,,,,,0
1,,529598,Port:10,0,0,0,Missing,,,,,,,,,0
1,,529606,Port:10,0,0,0,Missing,,,,,,,,,0
1,,529622,Port:10,0,0,0,Missing,,,,,,,,,0
1,,529638,Port:10,0,0,0,Missing,,,,,,,,,0
1,,529670,Port:10,0,0,0,Missing,,,,,,,,,0
1,,529686,Port:10,0,0,0,Missing,,,,,,,,,0
1,,529702,Port:10,0,0,0,Missing,,,,,,,,,0
1,,529718,Port:10,0,0,0,Missing,,,,,,,,,0
1,,529726,Port:10,0,0,0,Missing,,,,,,,,,0
1,,529742,Port:10,0,0,0,Missing,,,,,,,,,0
1,,529758,Port:10,0,0,0,Missing,,,,,,,,,0
1,,529774,Port:10,0,0,0,Missing,,,,,,,,,0
1,,529790,Port:10,0,0,0,Missing,,,,,,,,,0
1,,529806,Port:10,0,0,0,Missing,,,,,,,,,0
1,,529822,Port:10,0,0,0,Missing,,,,,,,,,0
1,,529838,Port:10,0,0,0,Missing,,,,,,,,,0
1,,529846,Port:10,0,0,0,Missing,,,,,,,,,0
1,,529862,Port:10,0,0,0,Missing,,,,,,,,,0
1,,529878,Port:10,0,0,0,Missing,,,,,,,,,0
1,,529910,Port:10,0,0,0,Missing,,,,,,,,,0
1,,529926,Port:10,0,0,0,Missing,,,,,,,,,0
1,,529942,Port:10,0,0,0,Missing,,,,,,,,,0
1,,529958,Port:10,0,0,0,Missing,,,,,,,,,0
1,,529966,Port:10,0,0,0,Missing,,,,,,,,,0
1,,529982,Port:10,0,0,0,Missing,,,,,,,,,0
1,,529998,Port:10,0,0,0,Missing,,,,,,,,,0
1,,530014,Port:10,0,0,0,Missing,,,,,,,,,0
1,,530030,Port:10,0,0,0,Missing,,,,,,,,,0
1,,530046,Port:10,0,0,0,Missing,,,,,,,,,0
1,,530062,Port:10,0,0,0,Missing,,,,,,,,,0
1,,530078,Port:10,0,0,0,Missing,,,,,,,,,0
1,,530086,Port:10,0,0,0,Missing,,,,,,,,,0
1,,530102,Port:10,0,0,0,Missing,,,,,,,,,0
1,,530118,Port:10,0,0,0,Missing,,,,,,,,,0
1,,530150,Port:10,0,0,0,Missing,,,,,,,,,0
1,,530166,Port:10,0,0,0,Missing,,,,,,,,,0
1,,530182,Port:10,0,0,0,Missing,,,,,,,,,0
1,,530198,Port:10,0,0,0,Missing,,,,,,,,,0
1,,530206,Port:10,0,0,0,Missing,,,,,,,,,0
1,,530222,Port:10,0,0,0,Missing,,,,,,,,,0
1,,530238,Port:10,0,0,0,Missing,,,,,,,,,0
1,,530254,Port:10,0,0,0,Missing,,,,,,,,,0
1,,530270,Port:10,0,0,0,Missing,,,,,,,,,0
1,,530286,Port:10,0,0,0,Missing,,,,,,,,,0
1,,530302,Port:10,0,0,0,Missing,,,,,,,,,0
1,,530318,Port:10,0,0,0,Missing,,,,,,,,,0
1,,530326,Port:10,0,0,0,Missing,,,,,,,,,0
1,,530342,Port:10,0,0,0,Missing,,,,,,,,,0
1,,530358,Port:10,0,0,0,Missing,,,,,,,,,0
1,,530390,Port:10,0,0,0,Missing,,,,,,,,,0
1,,530406,Port:10,0,0,0,Missing,,,,,,,,,0
1,,530422,Port:10,0,0,0,Missing,,,,,,,,,0
1,,530438,Port:10,0,0,0,Missing,,,,,,,,,0
1,,530446,Port:10,0,0,0,Missing,,,,,,,,,0
1,,530462,Port:10,0,0,0,Missing,,,,,,,,,0
1,,530478,Port:10,0,0,0,Missing,,,,,,,,,0
1,,530494,Port:10,0,0,0,Missing,,,,,,,,,0
1,,530510,Port:10,0,0,0,Missing,,,,,,,,,0
1,,530526,Port:10,0,0,0,Missing,,,,,,,,,0
1,,530542,Port:10,0,0,0,Missing,,,,,,,,,0
1,,530558,Port:10,0,0,0,Missing,,,,,,,,,0
1,,530566,Port:10,0,0,0,Missing,,,,,,,,,0
1,,530582,Port:10,0,0,0,Missing,,,,,,,,,0
1,,530598,Port:10,0,0,0,Missing,,,,,,,,,0
1,,530630,Port:10,0,0,0,Missing,,,,,,,,,0
1,,530646,Port:10,0,0,0,Missing,,,,,,,,,0
1,,530662,Port:10,0,0,0,Missing,,,,,,,,,0
1,,530678,Port:10,0,0,0,Missing,,,,,,,,,0
1,,530686,Port:10,0,0,0,Missing,,,,,,,,,0
1,,530702,Port:10,0,0,0,Missing,,,,,,,,,0
1,,530718,Port:10,0,0,0,Missing,,,,,,,,,0
1,,530734,Port:10,0,0,0,Missing,,,,,,,,,0
1,,530750,Port:10,0,0,0,Missing,,,,,,,,,0
1,,530766,Port:10,0,0,0,Missing,,,,,,,,,0
1,,530782,Port:10,0,0,0,Missing,,,,,,,,,0
1,,530798,Port:10,0,0,0,Missing,,,,,,,,,0
1,,530806,Port:10,0,0,0,Missing,,,,,,,,,0
1,,530822,Port:10,0,0,0,Missing,,,,,,,,,0
1,,530854,Port:10,0,0,0,Missing,,,,,,,,,0
1,,530870,Port:10,0,0,0,Missing,,,,,,,,,0
1,,530886,Port:10,0,0,0,Missing,,,,,,,,,0
1,,530902,Port:10,0,0,0,Missing,,,,,,,,,0
1,,530918,Port:10,0,0,0,Missing,,,,,,,,,0
1,,530926,Port:10,0,0,0,Missing,,,,,,,,,0
1,,530942,Port:10,0,0,0,Missing,,,,,,,,,0
1,,530958,Port:10,0,0,0,Missing,,,,,,,,,0
1,,530974,Port:10,0,0,0,Missing,,,,,,,,,0
1,,530990,Port:10,0,0,0,Missing,,,,,,,,,0
1,,531006,Port:10,0,0,0,Missing,,,,,,,,,0
1,,531022,Port:10,0,0,0,Missing,,,,,,,,,0
1,,531038,Port:10,0,0,0,Missing,,,,,,,,,0
1,,531046,Port:10,0,0,0,Missing,,,,,,,,,0
1,,531062,Port:10,0,0,0,Missing,,,,,,,,,0
1,,531078,Port:10,0,0,0,Missing,,,,,,,,,0
1,,531110,Port:10,0,0,0,Missing,,,,,,,,,0
1,,531126,Port:10,0,0,0,Missing,,,,,,,,,0
1,,531142,Port:10,0,0,0,Missing,,,,,,,,,0
1,,531158,Port:10,0,0,0,Missing,,,,,,,,,0
1,,531166,Port:10,0,0,0,Missing,,,,,,,,,0
1,,531182,Port:10,0,0,0,Missing,,,,,,,,,0
1,,531198,Port:10,0,0,0,Missing,,,,,,,,,0
1,,531214,Port:10,0,0,0,Missing,,,,,,,,,0
1,,531230,Port:10,0,0,0,Missing,,,,,,,,,0
1,,531246,Port:10,0,0,0,Missing,,,,,,,,,0
1,,531262,Port:10,0,0,0,Missing,,,,,,,,,0
1,,531278,Port:10,0,0,0,Missing,,,,,,,,,0
1,,531286,Port:10,0,0,0,Missing,,,,,,,,,0
1,,531302,Port:10,0,0,0,Missing,,,,,,,,,0
1,,531318,Port:10,0,0,0,Missing,,,,,,,,,0
1,,531350,Port:10,0,0,0,Missing,,,,,,,,,0
1,,531366,Port:10,0,0,0,Missing,,,,,,,,,0
1,,531382,Port:10,0,0,0,Missing,,,,,,,,,0
1,,531398,Port:10,0,0,0,Missing,,,,,,,,,0
1,,531406,Port:10,0,0,0,Missing,,,,,,,,,0
1,,531422,Port:10,0,0,0,Missing,,,,,,,,,0
1,,531438,Port:10,0,0,0,Missing,,,,,,,,,0
1,,531454,Port:10,0,0,0,Missing,,,,,,,,,0
1,,531470,Port:10,0,0,0,Missing,,,,,,,,,0
1,,531486,Port:10,0,0,0,Missing,,,,,,,,,0
1,,531502,Port:10,0,0,0,Missing,,,,,,,,,0
1,,531518,Port:10,0,0,0,Missing,,,,,,,,,0
1,,531526,Port:10,0,0,0,Missing,,,,,,,,,0
1,,531542,Port:10,0,0,0,Missing,,,,,,,,,0
1,,531558,Port:10,0,0,0,Missing,,,,,,,,,0
1,,531590,Port:10,0,0,0,Missing,,,,,,,,,0
1,,531606,Port:10,0,0,0,Missing,,,,,,,,,0
1,,531622,Port:10,0,0,0,Missing,,,,,,,,,0
1,,531638,Port:10,0,0,0,Missing,,,,,,,,,0
1,,531646,Port:10,0,0,0,Missing,,,,,,,,,0
1,,531662,Port:10,0,0,0,Missing,,,,,,,,,0
1,,531678,Port:10,0,0,0,Missing,,,,,,,,,0
1,,531694,Port:10,0,0,0,Missing,,,,,,,,,0
1,,531710,Port:10,0,0,0,Missing,,,,,,,,,0
1,,531726,Port:10,0,0,0,Missing,,,,,,,,,0
1,,531742,Port:10,0,0,0,Missing,,,,,,,,,0
1,,531758,Port:10,0,0,0,Missing,,,,,,,,,0
1,,531774,Port:10,0,0,0,Missing,,,,,,,,,0
1,,531782,Port:10,0,0,0,Missing,,,,,,,,,0
1,,531814,Port:10,0,0,0,Missing,,,,,,,,,0
1,,531830,Port:10,0,0,0,Missing,,,,,,,,,0
1,,531846,Port:10,0,0,0,Missing,,,,,,,,,0
1,,531862,Port:10,0,0,0,Missing,,,,,,,,,0
1,,531878,Port:10,0,0,0,Missing,,,,,,,,,0
1,,531886,Port:10,0,0,0,Missing,,,,,,,,,0
1,,531902,Port:10,0,0,0,Missing,,,,,,,,,0
1,,531918,Port:10,0,0,0,Missing,,,,,,,,,0
1,,531934,Port:10,0,0,0,Missing,,,,,,,,,0
1,,531950,Port:10,0,0,0,Missing,,,,,,,,,0
1,,531966,Port:10,0,0,0,Missing,,,,,,,,,0
1,,531982,Port:10,0,0,0,Missing,,,,,,,,,0
1,,531998,Port:10,0,0,0,Missing,,,,,,,,,0
1,,532006,Port:10,0,0,0,Missing,,,,,,,,,0
1,,532022,Port:10,0,0,0,Missing,,,,,,,,,0
1,,532054,Port:10,0,0,0,Missing,,,,,,,,,0
1,,532070,Port:10,0,0,0,Missing,,,,,,,,,0
1,,532086,Port:10,0,0,0,Missing,,,,,,,,,0
1,,532102,Port:10,0,0,0,Missing,,,,,,,,,0
1,,532118,Port:10,0,0,0,Missing,,,,,,,,,0
1,,532126,Port:10,0,0,0,Missing,,,,,,,,,0
1,,532142,Port:10,0,0,0,Missing,,,,,,,,,0
1,,532158,Port:10,0,0,0,Missing,,,,,,,,,0
1,,532174,Port:10,0,0,0,Missing,,,,,,,,,0
1,,532190,Port:10,0,0,0,Missing,,,,,,,,,0
1,,532206,Port:10,0,0,0,Missing,,,,,,,,,0
1,,532222,Port:10,0,0,0,Missing,,,,,,,,,0
1,,532238,Port:10,0,0,0,Missing,,,,,,,,,0
1,,532254,Port:10,0,0,0,Missing,,,,,,,,,0
1,,532262,Port:10,0,0,0,Missing,,,,,,,,,0
1,,532294,Port:10,0,0,0,Missing,,,,,,,,,0
1,,532310,Port:10,0,0,0,Missing,,,,,,,,,0
1,,532326,Port:10,0,0,0,Missing,,,,,,,,,0
1,,532342,Port:10,0,0,0,Missing,,,,,,,,,0
1,,532358,Port:10,0,0,0,Missing,,,,,,,,,0
1,,532366,Port:10,0,0,0,Missing,,,,,,,,,0
1,,532382,Port:10,0,0,0,Missing,,,,,,,,,0
1,,532398,Port:10,0,0,0,Missing,,,,,,,,,0
1,,532414,Port:10,0,0,0,Missing,,,,,,,,,0
1,,532430,Port:10,0,0,0,Missing,,,,,,,,,0
1,,532446,Port:10,0,0,0,Missing,,,,,,,,,0
1,,532462,Port:10,0,0,0,Missing,,,,,,,,,0
1,,532478,Port:10,0,0,0,Missing,,,,,,,,,0
1,,532486,Port:10,0,0,0,Missing,,,,,,,,,0
1,,532502,Port:10,0,0,0,Missing,,,,,,,,,0
1,,532534,Port:10,0,0,0,Missing,,,,,,,,,0
1,,532550,Port:10,0,0,0,Missing,,,,,,,,,0
1,,532566,Port:10,0,0,0,Missing,,,,,,,,,0
1,,532582,Port:10,0,0,0,Missing,,,,,,,,,0
1,,532598,Port:10,0,0,0,Missing,,,,,,,,,0
1,,532606,Port:10,0,0,0,Missing,,,,,,,,,0
1,,532622,Port:10,0,0,0,Missing,,,,,,,,,0
1,,532638,Port:10,0,0,0,Missing,,,,,,,,,0
1,,532654,Port:10,0,0,0,Missing,,,,,,,,,0
1,,532670,Port:10,0,0,0,Missing,,,,,,,,,0
1,,532686,Port:10,0,0,0,Missing,,,,,,,,,0
1,,532702,Port:10,0,0,0,Missing,,,,,,,,,0
1,,532718,Port:10,0,0,0,Missing,,,,,,,,,0
1,,532726,Port:10,0,0,0,Missing,,,,,,,,,0
1,,532742,Port:10,0,0,0,Missing,,,,,,,,,0
1,,532766,Port:10,0,0,0,Missing,,,,,,,,,0
1,,532774,Port:10,0,0,0,Missing,,,,,,,,,0
1,,532790,Port:10,0,0,0,Missing,,,,,,,,,0
1,,532822,Port:10,0,0,0,Missing,,,,,,,,,0
1,,532838,Port:10,0,0,0,Missing,,,,,,,,,0
1,,532846,Port:10,0,0,0,Missing,,,,,,,,,0
1,,532862,Port:10,0,0,0,Missing,,,,,,,,,0
1,,532886,Port:10,0,0,0,Missing,,,,,,,,,0
1,,532894,Port:10,0,0,0,Missing,,,,,,,,,0
1,,532910,Port:10,0,0,0,Missing,,,,,,,,,0
1,,532926,Port:10,0,0,0,Missing,,,,,,,,,0
1,,532942,Port:10,0,0,0,Missing,,,,,,,,,0
1,,532958,Port:10,0,0,0,Missing,,,,,,,,,0
1,,532974,Port:10,0,0,0,Missing,,,,,,,,,0
1,,532982,Port:10,0,0,0,Missing,,,,,,,,,0
1,,533006,Port:10,0,0,0,Missing,,,,,,,,,0
1,,533022,Port:10,0,0,0,Missing,,,,,,,,,0
1,,533046,Port:10,0,0,0,Missing,,,,,,,,,0
1,,533062,Port:10,0,0,0,Missing,,,,,,,,,0
1,,533078,Port:10,0,0,0,Missing,,,,,,,,,0
1,,533086,Port:10,0,0,0,Missing,,,,,,,,,0
1,,533102,Port:10,0,0,0,Missing,,,,,,,,,0
1,,533126,Port:10,0,0,0,Missing,,,,,,,,,0
1,,533134,Port:10,0,0,0,Missing,,,,,,,,,0
1,,533150,Port:10,0,0,0,Missing,,,,,,,,,0
1,,533166,Port:10,0,0,0,Missing,,,,,,,,,0
1,,533182,Port:10,0,0,0,Missing,,,,,,,,,0
1,,533206,Port:10,0,0,0,Missing,,,,,,,,,0
1,,533222,Port:10,0,0,0,Missing,,,,,,,,,0
1,,533246,Port:10,0,0,0,Missing,,,,,,,,,0
1,,533254,Port:10,0,0,0,Missing,,,,,,,,,0
1,,533270,Port:10,0,0,0,Missing,,,,,,,,,0
1,,533286,Port:10,0,0,0,Missing,,,,,,,,,0
1,,533302,Port:10,0,0,0,Missing,,,,,,,,,0
1,,533318,Port:10,0,0,0,Missing,,,,,,,,,0
1,,533326,Port:10,0,0,0,Missing,,,,,,,,,0
1,,533342,Port:10,0,0,0,Missing,,,,,,,,,0
1,,533366,Port:10,0,0,0,Missing,,,,,,,,,0
1,,533374,Port:10,0,0,0,Missing,,,,,,,,,0
1,,533390,Port:10,0,0,0,Missing,,,,,,,,,0
1,,533406,Port:10,0,0,0,Missing,,,,,,,,,0
1,,533422,Port:10,0,0,0,Missing,,,,,,,,,0
1,,533438,Port:10,0,0,0,Missing,,,,,,,,,0
1,,533454,Port:10,0,0,0,Missing,,,,,,,,,0
1,,533486,Port:10,0,0,0,Missing,,,,,,,,,0
1,,533494,Port:10,0,0,0,Missing,,,,,,,,,0
1,,533510,Port:10,0,0,0,Missing,,,,,,,,,0
1,,533526,Port:10,0,0,0,Missing,,,,,,,,,0
1,,533542,Port:10,0,0,0,Missing,,,,,,,,,0
1,,533558,Port:10,0,0,0,Missing,,,,,,,,,0
1,,533566,Port:10,0,0,0,Missing,,,,,,,,,0
1,,533582,Port:10,0,0,0,Missing,,,,,,,,,0
1,,533606,Port:10,0,0,0,Missing,,,,,,,,,0
1,,533614,Port:10,0,0,0,Missing,,,,,,,,,0
1,,533630,Port:10,0,0,0,Missing,,,,,,,,,0
1,,533646,Port:10,0,0,0,Missing,,,,,,,,,0
1,,533662,Port:10,0,0,0,Missing,,,,,,,,,0
1,,533678,Port:10,0,0,0,Missing,,,,,,,,,0
1,,533694,Port:10,0,0,0,Missing,,,,,,,,,0
1,,533726,Port:10,0,0,0,Missing,,,,,,,,,0
1,,533734,Port:10,0,0,0,Missing,,,,,,,,,0
1,,533750,Port:10,0,0,0,Missing,,,,,,,,,0
1,,533766,Port:10,0,0,0,Missing,,,,,,,,,0
1,,533782,Port:10,0,0,0,Missing,,,,,,,,,0
1,,533798,Port:10,0,0,0,Missing,,,,,,,,,0
1,,533806,Port:10,0,0,0,Missing,,,,,,,,,0
1,,533822,Port:10,0,0,0,Missing,,,,,,,,,0
1,,533846,Port:10,0,0,0,Missing,,,,,,,,,0
1,,533854,Port:10,0,0,0,Missing,,,,,,,,,0
1,,533870,Port:10,0,0,0,Missing,,,,,,,,,0
1,,533886,Port:10,0,0,0,Missing,,,,,,,,,0
1,,533902,Port:10,0,0,0,Missing,,,,,,,,,0
1,,533918,Port:10,0,0,0,Missing,,,,,,,,,0
1,,533934,Port:10,0,0,0,Missing,,,,,,,,,0
1,,533950,Port:10,0,0,0,Missing,,,,,,,,,0
1,,533966,Port:10,0,0,0,Missing,,,,,,,,,0
1,,533974,Port:10,0,0,0,Missing,,,,,,,,,0
1,,534006,Port:10,0,0,0,Missing,,,,,,,,,0
1,,534022,Port:10,0,0,0,Missing,,,,,,,,,0
1,,534038,Port:10,0,0,0,Missing,,,,,,,,,0
1,,534054,Port:10,0,0,0,Missing,,,,,,,,,0
1,,534070,Port:10,0,0,0,Missing,,,,,,,,,0
1,,534086,Port:10,0,0,0,Missing,,,,,,,,,0
1,,534094,Port:10,0,0,0,Missing,,,,,,,,,0
1,,534110,Port:10,0,0,0,Missing,,,,,,,,,0
1,,534126,Port:10,0,0,0,Missing,,,,,,,,,0
1,,534142,Port:10,0,0,0,Missing,,,,,,,,,0
1,,534158,Port:10,0,0,0,Missing,,,,,,,,,0
1,,534174,Port:10,0,0,0,Missing,,,,,,,,,0
1,,534190,Port:10,0,0,0,Missing,,,,,,,,,0
1,,534206,Port:10,0,0,0,Missing,,,,,,,,,0
1,,534222,Port:10,0,0,0,Missing,,,,,,,,,0
1,,534246,Port:10,0,0,0,Missing,,,,,,,,,0
1,,534262,Port:10,0,0,0,Missing,,,,,,,,,0
1,,534278,Port:10,0,0,0,Missing,,,,,,,,,0
1,,534294,Port:10,0,0,0,Missing,,,,,,,,,0
1,,534310,Port:10,0,0,0,Missing,,,,,,,,,0
1,,534326,Port:10,0,0,0,Missing,,,,,,,,,0
1,,534342,Port:10,0,0,0,Missing,,,,,,,,,0
1,,534350,Port:10,0,0,0,Missing,,,,,,,,,0
1,,534366,Port:10,0,0,0,Missing,,,,,,,,,0
1,,534382,Port:10,0,0,0,Missing,,,,,,,,,0
1,,534398,Port:10,0,0,0,Missing,,,,,,,,,0
1,,534406,Port:10,0,0,0,Missing,,,,,,,,,0
1,,534430,Port:10,0,0,0,Missing,,,,,,,,,0
1,,534446,Port:10,0,0,0,Missing,,,,,,,,,0
1,,534462,Port:10,0,0,0,Missing,,,,,,,,,0
1,,534486,Port:10,0,0,0,Missing,,,,,,,,,0
1,,534502,Port:10,0,0,0,Missing,,,,,,,,,0
1,,534518,Port:10,0,0,0,Missing,,,,,,,,,0
1,,534534,Port:10,0,0,0,Missing,,,,,,,,,0
1,,534550,Port:10,0,0,0,Missing,,,,,,,,,0
1,,534566,Port:10,0,0,0,Missing,,,,,,,,,0
1,,534574,Port:10,0,0,0,Missing,,,,,,,,,0
1,,534590,Port:10,0,0,0,Missing,,,,,,,,,0
1,,534606,Port:10,0,0,0,Missing,,,,,,,,,0
1,,534622,Port:10,0,0,0,Missing,,,,,,,,,0
1,,534638,Port:10,0,0,0,Missing,,,,,,,,,0
1,,534654,Port:10,0,0,0,Missing,,,,,,,,,0
1,,534670,Port:10,0,0,0,Missing,,,,,,,,,0
1,,534686,Port:10,0,0,0,Missing,,,,,,,,,0
1,,534702,Port:10,0,0,0,Missing,,,,,,,,,0
1,,534726,Port:10,0,0,0,Missing,,,,,,,,,0
1,,534742,Port:10,0,0,0,Missing,,,,,,,,,0
1,,534758,Port:10,0,0,0,Missing,,,,,,,,,0
1,,534766,Port:10,0,0,0,Missing,,,,,,,,,0
1,,534790,Port:10,0,0,0,Missing,,,,,,,,,0
1,,534806,Port:10,0,0,0,Missing,,,,,,,,,0
1,,534822,Port:10,0,0,0,Missing,,,,,,,,,0
1,,534830,Port:10,0,0,0,Missing,,,,,,,,,0
1,,534846,Port:10,0,0,0,Missing,,,,,,,,,0
1,,534862,Port:10,0,0,0,Missing,,,,,,,,,0
1,,534878,Port:10,0,0,0,Missing,,,,,,,,,0
1,,534894,Port:10,0,0,0,Missing,,,,,,,,,0
1,,534910,Port:10,0,0,0,Missing,,,,,,,,,0
1,,534926,Port:10,0,0,0,Missing,,,,,,,,,0
1,,534934,Port:10,0,0,0,Missing,,,,,,,,,0
1,,534966,Port:10,0,0,0,Missing,,,,,,,,,0
1,,534982,Port:10,0,0,0,Missing,,,,,,,,,0
1,,534998,Port:10,0,0,0,Missing,,,,,,,,,0
1,,535014,Port:10,0,0,0,Missing,,,,,,,,,0
1,,535030,Port:10,0,0,0,Missing,,,,,,,,,0
1,,535046,Port:10,0,0,0,Missing,,,,,,,,,0
1,,535062,Port:10,0,0,0,Missing,,,,,,,,,0
1,,535070,Port:10,0,0,0,Missing,,,,,,,,,0
1,,535086,Port:10,0,0,0,Missing,,,,,,,,,0
1,,535102,Port:10,0,0,0,Missing,,,,,,,,,0
1,,535118,Port:10,0,0,0,Missing,,,,,,,,,0
1,,535134,Port:10,0,0,0,Missing,,,,,,,,,0
1,,535150,Port:10,0,0,0,Missing,,,,,,,,,0
1,,535166,Port:10,0,0,0,Missing,,,,,,,,,0
1,,535182,Port:10,0,0,0,Missing,,,,,,,,,0
1,,535206,Port:10,0,0,0,Missing,,,,,,,,,0
1,,535222,Port:10,0,0,0,Missing,,,,,,,,,0
1,,535238,Port:10,0,0,0,Missing,,,,,,,,,0
1,,535254,Port:10,0,0,0,Missing,,,,,,,,,0
1,,535270,Port:10,0,0,0,Missing,,,,,,,,,0
1,,535286,Port:10,0,0,0,Missing,,,,,,,,,0
1,,535294,Port:10,0,0,0,Missing,,,,,,,,,0
1,,535310,Port:10,0,0,0,Missing,,,,,,,,,0
1,,535326,Port:10,0,0,0,Missing,,,,,,,,,0
1,,535342,Port:10,0,0,0,Missing,,,,,,,,,0
1,,535358,Port:10,0,0,0,Missing,,,,,,,,,0
1,,535374,Port:10,0,0,0,Missing,,,,,,,,,0
1,,535390,Port:10,0,0,0,Missing,,,,,,,,,0
1,,535406,Port:10,0,0,0,Missing,,,,,,,,,0
1,,535422,Port:10,0,0,0,Missing,,,,,,,,,0
1,,535446,Port:10,0,0,0,Missing,,,,,,,,,0
1,,535462,Port:10,0,0,0,Missing,,,,,,,,,0
1,,535478,Port:10,0,0,0,Missing,,,,,,,,,0
1,,535494,Port:10,0,0,0,Missing,,,,,,,,,0
1,,535510,Port:10,0,0,0,Missing,,,,,,,,,0
1,,535526,Port:10,0,0,0,Missing,,,,,,,,,0
1,,535534,Port:10,0,0,0,Missing,,,,,,,,,0
1,,535550,Port:10,0,0,0,Missing,,,,,,,,,0
1,,535566,Port:10,0,0,0,Missing,,,,,,,,,0
1,,535582,Port:10,0,0,0,Missing,,,,,,,,,0
1,,535598,Port:10,0,0,0,Missing,,,,,,,,,0
1,,535614,Port:10,0,0,0,Missing,,,,,,,,,0
1,,535630,Port:10,0,0,0,Missing,,,,,,,,,0
1,,535646,Port:10,0,0,0,Missing,,,,,,,,,0
1,,535662,Port:10,0,0,0,Missing,,,,,,,,,0
1,,535686,Port:10,0,0,0,Missing,,,,,,,,,0
1,,535702,Port:10,0,0,0,Missing,,,,,,,,,0
1,,535718,Port:10,0,0,0,Missing,,,,,,,,,0
1,,535734,Port:10,0,0,0,Missing,,,,,,,,,0
1,,535750,Port:10,0,0,0,Missing,,,,,,,,,0
1,,535766,Port:10,0,0,0,Missing,,,,,,,,,0
1,,535782,Port:10,0,0,0,Missing,,,,,,,,,0
1,,535790,Port:10,0,0,0,Missing,,,,,,,,,0
1,,535806,Port:10,0,0,0,Missing,,,,,,,,,0
1,,535822,Port:10,0,0,0,Missing,,,,,,,,,0
1,,535838,Port:10,0,0,0,Missing,,,,,,,,,0
1,,535854,Port:10,0,0,0,Missing,,,,,,,,,0
1,,535870,Port:10,0,0,0,Missing,,,,,,,,,0
1,,535886,Port:10,0,0,0,Missing,,,,,,,,,0
1,,535910,Port:10,0,0,0,Missing,,,,,,,,,0
1,,535926,Port:10,0,0,0,Missing,,,,,,,,,0
1,,535942,Port:10,0,0,0,Missing,,,,,,,,,0
1,,535958,Port:10,0,0,0,Missing,,,,,,,,,0
1,,535974,Port:10,0,0,0,Missing,,,,,,,,,0
1,,535990,Port:10,0,0,0,Missing,,,,,,,,,0
1,,536006,Port:10,0,0,0,Missing,,,,,,,,,0
1,,536022,Port:10,0,0,0,Missing,,,,,,,,,0
1,,536030,Port:10,0,0,0,Missing,,,,,,,,,0
1,,536046,Port:10,0,0,0,Missing,,,,,,,,,0
1,,536062,Port:10,0,0,0,Missing,,,,,,,,,0
1,,536078,Port:10,0,0,0,Missing,,,,,,,,,0
1,,536094,Port:10,0,0,0,Missing,,,,,,,,,0
1,,536110,Port:10,0,0,0,Missing,,,,,,,,,0
1,,536126,Port:10,0,0,0,Missing,,,,,,,,,0
1,,536142,Port:10,0,0,0,Missing,,,,,,,,,0
1,,536166,Port:10,0,0,0,Missing,,,,,,,,,0
1,,536182,Port:10,0,0,0,Missing,,,,,,,,,0
1,,536198,Port:10,0,0,0,Missing,,,,,,,,,0
1,,536214,Port:10,0,0,0,Missing,,,,,,,,,0
1,,536230,Port:10,0,0,0,Missing,,,,,,,,,0
1,,536246,Port:10,0,0,0,Missing,,,,,,,,,0
1,,536262,Port:10,0,0,0,Missing,,,,,,,,,0
1,,536270,Port:10,0,0,0,Missing,,,,,,,,,0
1,,536286,Port:10,0,0,0,Missing,,,,,,,,,0
1,,536302,Port:10,0,0,0,Missing,,,,,,,,,0
1,,536318,Port:10,0,0,0,Missing,,,,,,,,,0
1,,536334,Port:10,0,0,0,Missing,,,,,,,,,0
1,,536366,Port:10,0,0,0,Missing,,,,,,,,,0
1,,536382,Port:10,0,0,0,Missing,,,,,,,,,0
1,,536390,Port:10,0,0,0,Missing,,,,,,,,,0
1,,536406,Port:10,0,0,0,Missing,,,,,,,,,0
1,,536422,Port:10,0,0,0,Missing,,,,,,,,,0
1,,536438,Port:10,0,0,0,Missing,,,,,,,,,0
1,,536454,Port:10,0,0,0,Missing,,,,,,,,,0
1,,536470,Port:10,0,0,0,Missing,,,,,,,,,0
1,,536486,Port:10,0,0,0,Missing,,,,,,,,,0
1,,536502,Port:10,0,0,0,Missing,,,,,,,,,0
1,,536510,Port:10,0,0,0,Missing,,,,,,,,,0
1,,536526,Port:10,0,0,0,Missing,,,,,,,,,0
1,,536542,Port:10,0,0,0,Missing,,,,,,,,,0
1,,536558,Port:10,0,0,0,Missing,,,,,,,,,0
1,,536574,Port:10,0,0,0,Missing,,,,,,,,,0
1,,536590,Port:10,0,0,0,Missing,,,,,,,,,0
1,,536606,Port:10,0,0,0,Missing,,,,,,,,,0
1,,536622,Port:10,0,0,0,Missing,,,,,,,,,0
1,,536646,Port:10,0,0,0,Missing,,,,,,,,,0
1,,536662,Port:10,0,0,0,Missing,,,,,,,,,0
1,,536678,Port:10,0,0,0,Missing,,,,,,,,,0
1,,536694,Port:10,0,0,0,Missing,,,,,,,,,0
1,,536710,Port:10,0,0,0,Missing,,,,,,,,,0
1,,536726,Port:10,0,0,0,Missing,,,,,,,,,0
1,,536742,Port:10,0,0,0,Missing,,,,,,,,,0
1,,536750,Port:10,0,0,0,Missing,,,,,,,,,0
1,,536766,Port:10,0,0,0,Missing,,,,,,,,,0
1,,536782,Port:10,0,0,0,Missing,,,,,,,,,0
1,,536798,Port:10,0,0,0,Missing,,,,,,,,,0
1,,536814,Port:10,0,0,0,Missing,,,,,,,,,0
1,,536830,Port:10,0,0,0,Missing,,,,,,,,,0
1,,536846,Port:10,0,0,0,Missing,,,,,,,,,0
1,,536870,Port:10,0,0,0,Missing,,,,,,,,,0
1,,536886,Port:10,0,0,0,Missing,,,,,,,,,0
1,,536902,Port:10,0,0,0,Missing,,,,,,,,,0
1,,536918,Port:10,0,0,0,Missing,,,,,,,,,0
1,,536934,Port:10,0,0,0,Missing,,,,,,,,,0
1,,536950,Port:10,0,0,0,Missing,,,,,,,,,0
1,,536966,Port:10,0,0,0,Missing,,,,,,,,,0
1,,536982,Port:10,0,0,0,Missing,,,,,,,,,0
1,,536990,Port:10,0,0,0,Missing,,,,,,,,,0
1,,537006,Port:10,0,0,0,Missing,,,,,,,,,0
1,,537030,Port:10,0,0,0,Missing,,,,,,,,,0
1,,537038,Port:10,0,0,0,Missing,,,,,,,,,0
1,,537054,Port:10,0,0,0,Missing,,,,,,,,,0
1,,537070,Port:10,0,0,0,Missing,,,,,,,,,0
1,,537086,Port:10,0,0,0,Missing,,,,,,,,,0
1,,537110,Port:10,0,0,0,Missing,,,,,,,,,0
1,,537126,Port:10,0,0,0,Missing,,,,,,,,,0
1,,537150,Port:10,0,0,0,Missing,,,,,,,,,0
1,,537158,Port:10,0,0,0,Missing,,,,,,,,,0
1,,537174,Port:10,0,0,0,Missing,,,,,,,,,0
1,,537190,Port:10,0,0,0,Missing,,,,,,,,,0
1,,537206,Port:10,0,0,0,Missing,,,,,,,,,0
1,,537222,Port:10,0,0,0,Missing,,,,,,,,,0
1,,537230,Port:10,0,0,0,Missing,,,,,,,,,0
1,,537246,Port:10,0,0,0,Missing,,,,,,,,,0
1,,537270,Port:10,0,0,0,Missing,,,,,,,,,0
1,,537278,Port:10,0,0,0,Missing,,,,,,,,,0
1,,537294,Port:10,0,0,0,Missing,,,,,,,,,0
1,,537310,Port:10,0,0,0,Missing,,,,,,,,,0
1,,537326,Port:10,0,0,0,Missing,,,,,,,,,0
1,,537350,Port:10,0,0,0,Missing,,,,,,,,,0
1,,537366,Port:10,0,0,0,Missing,,,,,,,,,0
1,,537390,Port:10,0,0,0,Missing,,,,,,,,,0
1,,537398,Port:10,0,0,0,Missing,,,,,,,,,0
1,,537414,Port:10,0,0,0,Missing,,,,,,,,,0
1,,537430,Port:10,0,0,0,Missing,,,,,,,,,0
1,,537446,Port:10,0,0,0,Missing,,,,,,,,,0
1,,537454,Port:10,0,0,0,Missing,,,,,,,,,0
1,,537470,Port:10,0,0,0,Missing,,,,,,,,,0
1,,537486,Port:10,0,0,0,Missing,,,,,,,,,0
1,,537510,Port:10,0,0,0,Missing,,,,,,,,,0
1,,537518,Port:10,0,0,0,Missing,,,,,,,,,0
1,,537534,Port:10,0,0,0,Missing,,,,,,,,,0
1,,537550,Port:10,0,0,0,Missing,,,,,,,,,0
1,,537566,Port:10,0,0,0,Missing,,,,,,,,,0
1,,537590,Port:10,0,0,0,Missing,,,,,,,,,0
1,,537606,Port:10,0,0,0,Missing,,,,,,,,,0
1,,537630,Port:10,0,0,0,Missing,,,,,,,,,0
1,,537638,Port:10,0,0,0,Missing,,,,,,,,,0
1,,537654,Port:10,0,0,0,Missing,,,,,,,,,0
1,,537670,Port:10,0,0,0,Missing,,,,,,,,,0
1,,537686,Port:10,0,0,0,Missing,,,,,,,,,0
1,,537702,Port:10,0,0,0,Missing,,,,,,,,,0
1,,537710,Port:10,0,0,0,Missing,,,,,,,,,0
1,,537734,Port:10,0,0,0,Missing,,,,,,,,,0
1,,537750,Port:10,0,0,0,Missing,,,,,,,,,0
1,,537758,Port:10,0,0,0,Missing,,,,,,,,,0
1,,537774,Port:10,0,0,0,Missing,,,,,,,,,0
1,,537790,Port:10,0,0,0,Missing,,,,,,,,,0
1,,537806,Port:10,0,0,0,Missing,,,,,,,,,0
1,,537830,Port:10,0,0,0,Missing,,,,,,,,,0
1,,537854,Port:10,0,0,0,Missing,,,,,,,,,0
1,,537870,Port:10,0,0,0,Missing,,,,,,,,,0
1,,537878,Port:10,0,0,0,Missing,,,,,,,,,0
1,,537894,Port:10,0,0,0,Missing,,,,,,,,,0
1,,537910,Port:10,0,0,0,Missing,,,,,,,,,0
1,,537926,Port:10,0,0,0,Missing,,,,,,,,,0
1,,537942,Port:10,0,0,0,Missing,,,,,,,,,0
1,,537950,Port:10,0,0,0,Missing,,,,,,,,,0
1,,537974,Port:10,0,0,0,Missing,,,,,,,,,0
1,,537990,Port:10,0,0,0,Missing,,,,,,,,,0
1,,537998,Port:10,0,0,0,Missing,,,,,,,,,0
1,,538014,Port:10,0,0,0,Missing,,,,,,,,,0
1,,538030,Port:10,0,0,0,Missing,,,,,,,,,0
1,,538046,Port:10,0,0,0,Missing,,,,,,,,,0
1,,538070,Port:10,0,0,0,Missing,,,,,,,,,0
1,,538094,Port:10,0,0,0,Missing,,,,,,,,,0
1,,538110,Port:10,0,0,0,Missing,,,,,,,,,0
1,,538118,Port:10,0,0,0,Missing,,,,,,,,,0
1,,538134,Port:10,0,0,0,Missing,,,,,,,,,0
1,,538150,Port:10,0,0,0,Missing,,,,,,,,,0
1,,538166,Port:10,0,0,0,Missing,,,,,,,,,0
1,,538182,Port:10,0,0,0,Missing,,,,,,,,,0
1,,538190,Port:10,0,0,0,Missing,,,,,,,,,0
1,,538214,Port:10,0,0,0,Missing,,,,,,,,,0
1,,538230,Port:10,0,0,0,Missing,,,,,,,,,0
1,,538238,Port:10,0,0,0,Missing,,,,,,,,,0
1,,538254,Port:10,0,0,0,Missing,,,,,,,,,0
1,,538270,Port:10,0,0,0,Missing,,,,,,,,,0
1,,538286,Port:10,0,0,0,Missing,,,,,,,,,0
1,,538310,Port:10,0,0,0,Missing,,,,,,,,,0
1,,538334,Port:10,0,0,0,Missing,,,,,,,,,0
1,,538350,Port:10,0,0,0,Missing,,,,,,,,,0
1,,538358,Port:10,0,0,0,Missing,,,,,,,,,0
1,,538374,Port:10,0,0,0,Missing,,,,,,,,,0
1,,538390,Port:10,0,0,0,Missing,,,,,,,,,0
1,,538406,Port:10,0,0,0,Missing,,,,,,,,,0
1,,538422,Port:10,0,0,0,Missing,,,,,,,,,0
1,,538430,Port:10,0,0,0,Missing,,,,,,,,,0
1,,538454,Port:10,0,0,0,Missing,,,,,,,,,0
1,,538470,Port:10,0,0,0,Missing,,,,,,,,,0
1,,538478,Port:10,0,0,0,Missing,,,,,,,,,0
1,,538494,Port:10,0,0,0,Missing,,,,,,,,,0
1,,538510,Port:10,0,0,0,Missing,,,,,,,,,0
1,,538542,Port:10,0,0,0,Missing,,,,,,,,,0
1,,538550,Port:10,0,0,0,Missing,,,,,,,,,0
1,,538574,Port:10,0,0,0,Missing,,,,,,,,,0
1,,538590,Port:10,0,0,0,Missing,,,,,,,,,0
1,,538598,Port:10,0,0,0,Missing,,,,,,,,,0
1,,538614,Port:10,0,0,0,Missing,,,,,,,,,0
1,,538630,Port:10,0,0,0,Missing,,,,,,,,,0
1,,538646,Port:10,0,0,0,Missing,,,,,,,,,0
1,,538662,Port:10,0,0,0,Missing,,,,,,,,,0
1,,538670,Port:10,0,0,0,Missing,,,,,,,,,0
1,,538694,Port:10,0,0,0,Missing,,,,,,,,,0
1,,538710,Port:10,0,0,0,Missing,,,,,,,,,0
1,,538718,Port:10,0,0,0,Missing,,,,,,,,,0
1,,538734,Port:10,0,0,0,Missing,,,,,,,,,0
1,,538750,Port:10,0,0,0,Missing,,,,,,,,,0
1,,538766,Port:10,0,0,0,Missing,,,,,,,,,0
1,,538798,Port:10,0,0,0,Missing,,,,,,,,,0
1,,538814,Port:10,0,0,0,Missing,,,,,,,,,0
1,,538830,Port:10,0,0,0,Missing,,,,,,,,,0
1,,538838,Port:10,0,0,0,Missing,,,,,,,,,0
1,,538854,Port:10,0,0,0,Missing,,,,,,,,,0
1,,538870,Port:10,0,0,0,Missing,,,,,,,,,0
1,,538886,Port:10,0,0,0,Missing,,,,,,,,,0
1,,538902,Port:10,0,0,0,Missing,,,,,,,,,0
1,,538918,Port:10,0,0,0,Missing,,,,,,,,,0
1,,538934,Port:10,0,0,0,Missing,,,,,,,,,0
1,,538950,Port:10,0,0,0,Missing,,,,,,,,,0
1,,538958,Port:10,0,0,0,Missing,,,,,,,,,0
1,,538974,Port:10,0,0,0,Missing,,,,,,,,,0
1,,538990,Port:10,0,0,0,Missing,,,,,,,,,0
1,,539006,Port:10,0,0,0,Missing,,,,,,,,,0
1,,539038,Port:10,0,0,0,Missing,,,,,,,,,0
1,,539054,Port:10,0,0,0,Missing,,,,,,,,,0
1,,539070,Port:10,0,0,0,Missing,,,,,,,,,0
1,,539078,Port:10,0,0,0,Missing,,,,,,,,,0
1,,539094,Port:10,0,0,0,Missing,,,,,,,,,0
1,,539110,Port:10,0,0,0,Missing,,,,,,,,,0
1,,539126,Port:10,0,0,0,Missing,,,,,,,,,0
1,,539142,Port:10,0,0,0,Missing,,,,,,,,,0
1,,539158,Port:10,0,0,0,Missing,,,,,,,,,0
1,,539174,Port:10,0,0,0,Missing,,,,,,,,,0
1,,539190,Port:10,0,0,0,Missing,,,,,,,,,0
1,,539198,Port:10,0,0,0,Missing,,,,,,,,,0
1,,539214,Port:10,0,0,0,Missing,,,,,,,,,0
1,,539230,Port:10,0,0,0,Missing,,,,,,,,,0
1,,539246,Port:10,0,0,0,Missing,,,,,,,,,0
1,,539278,Port:10,0,0,0,Missing,,,,,,,,,0
1,,539294,Port:10,0,0,0,Missing,,,,,,,,,0
1,,539310,Port:10,0,0,0,Missing,,,,,,,,,0
1,,539318,Port:10,0,0,0,Missing,,,,,,,,,0
1,,539334,Port:10,0,0,0,Missing,,,,,,,,,0
1,,539350,Port:10,0,0,0,Missing,,,,,,,,,0
1,,539366,Port:10,0,0,0,Missing,,,,,,,,,0
1,,539382,Port:10,0,0,0,Missing,,,,,,,,,0
1,,539398,Port:10,0,0,0,Missing,,,,,,,,,0
1,,539414,Port:10,0,0,0,Missing,,,,,,,,,0
1,,539430,Port:10,0,0,0,Missing,,,,,,,,,0
1,,539438,Port:10,0,0,0,Missing,,,,,,,,,0
1,,539454,Port:10,0,0,0,Missing,,,,,,,,,0
1,,539470,Port:10,0,0,0,Missing,,,,,,,,,0
1,,539486,Port:10,0,0,0,Missing,,,,,,,,,0
1,,539518,Port:10,0,0,0,Missing,,,,,,,,,0
1,,539534,Port:10,0,0,0,Missing,,,,,,,,,0
1,,539550,Port:10,0,0,0,Missing,,,,,,,,,0
1,,539558,Port:10,0,0,0,Missing,,,,,,,,,0
1,,539574,Port:10,0,0,0,Missing,,,,,,,,,0
1,,539590,Port:10,0,0,0,Missing,,,,,,,,,0
1,,539606,Port:10,0,0,0,Missing,,,,,,,,,0
1,,539622,Port:10,0,0,0,Missing,,,,,,,,,0
1,,539638,Port:10,0,0,0,Missing,,,,,,,,,0
1,,539654,Port:10,0,0,0,Missing,,,,,,,,,0
1,,539670,Port:10,0,0,0,Missing,,,,,,,,,0
1,,539678,Port:10,0,0,0,Missing,,,,,,,,,0
1,,539694,Port:10,0,0,0,Missing,,,,,,,,,0
1,,539710,Port:10,0,0,0,Missing,,,,,,,,,0
1,,539742,Port:10,0,0,0,Missing,,,,,,,,,0
1,,539758,Port:10,0,0,0,Missing,,,,,,,,,0
1,,539774,Port:10,0,0,0,Missing,,,,,,,,,0
1,,539790,Port:10,0,0,0,Missing,,,,,,,,,0
1,,539798,Port:10,0,0,0,Missing,,,,,,,,,0
1,,539814,Port:10,0,0,0,Missing,,,,,,,,,0
1,,539830,Port:10,0,0,0,Missing,,,,,,,,,0
1,,539846,Port:10,0,0,0,Missing,,,,,,,,,0
1,,539862,Port:10,0,0,0,Missing,,,,,,,,,0
1,,539878,Port:10,0,0,0,Missing,,,,,,,,,0
1,,539894,Port:10,0,0,0,Missing,,,,,,,,,0
1,,539910,Port:10,0,0,0,Missing,,,,,,,,,0
1,,539918,Port:10,0,0,0,Missing,,,,,,,,,0
1,,539934,Port:10,0,0,0,Missing,,,,,,,,,0
1,,539950,Port:10,0,0,0,Missing,,,,,,,,,0
1,,539982,Port:10,0,0,0,Missing,,,,,,,,,0
1,,539998,Port:10,0,0,0,Missing,,,,,,,,,0
1,,540014,Port:10,0,0,0,Missing,,,,,,,,,0
1,,540030,Port:10,0,0,0,Missing,,,,,,,,,0
1,,540038,Port:10,0,0,0,Missing,,,,,,,,,0
1,,540054,Port:10,0,0,0,Missing,,,,,,,,,0
1,,540070,Port:10,0,0,0,Missing,,,,,,,,,0
1,,540086,Port:10,0,0,0,Missing,,,,,,,,,0
1,,540102,Port:10,0,0,0,Missing,,,,,,,,,0
1,,540118,Port:10,0,0,0,Missing,,,,,,,,,0
1,,540134,Port:10,0,0,0,Missing,,,,,,,,,0
1,,540150,Port:10,0,0,0,Missing,,,,,,,,,0
1,,540158,Port:10,0,0,0,Missing,,,,,,,,,0
1,,540174,Port:10,0,0,0,Missing,,,,,,,,,0
1,,540190,Port:10,0,0,0,Missing,,,,,,,,,0
1,,540222,Port:10,0,0,0,Missing,,,,,,,,,0
1,,540238,Port:10,0,0,0,Missing,,,,,,,,,0
1,,540254,Port:10,0,0,0,Missing,,,,,,,,,0
1,,540270,Port:10,0,0,0,Missing,,,,,,,,,0
1,,540278,Port:10,0,0,0,Missing,,,,,,,,,0
1,,540294,Port:10,0,0,0,Missing,,,,,,,,,0
1,,540310,Port:10,0,0,0,Missing,,,,,,,,,0
1,,540326,Port:10,0,0,0,Missing,,,,,,,,,0
1,,540342,Port:10,0,0,0,Missing,,,,,,,,,0
1,,540358,Port:10,0,0,0,Missing,,,,,,,,,0
1,,540374,Port:10,0,0,0,Missing,,,,,,,,,0
1,,540390,Port:10,0,0,0,Missing,,,,,,,,,0
1,,540398,Port:10,0,0,0,Missing,,,,,,,,,0
1,,540414,Port:10,0,0,0,Missing,,,,,,,,,0
1,,540430,Port:10,0,0,0,Missing,,,,,,,,,0
1,,540462,Port:10,0,0,0,Missing,,,,,,,,,0
1,,540478,Port:10,0,0,0,Missing,,,,,,,,,0
1,,540494,Port:10,0,0,0,Missing,,,,,,,,,0
1,,540510,Port:10,0,0,0,Missing,,,,,,,,,0
1,,540518,Port:10,0,0,0,Missing,,,,,,,,,0
1,,540534,Port:10,0,0,0,Missing,,,,,,,,,0
1,,540550,Port:10,0,0,0,Missing,,,,,,,,,0
1,,540566,Port:10,0,0,0,Missing,,,,,,,,,0
1,,540582,Port:10,0,0,0,Missing,,,,,,,,,0
1,,540598,Port:10,0,0,0,Missing,,,,,,,,,0
1,,540614,Port:10,0,0,0,Missing,,,,,,,,,0
1,,540630,Port:10,0,0,0,Missing,,,,,,,,,0
1,,540646,Port:10,0,0,0,Missing,,,,,,,,,0
1,,540654,Port:10,0,0,0,Missing,,,,,,,,,0
1,,540670,Port:10,0,0,0,Missing,,,,,,,,,0
1,,540702,Port:10,0,0,0,Missing,,,,,,,,,0
1,,540718,Port:10,0,0,0,Missing,,,,,,,,,0
1,,540734,Port:10,0,0,0,Missing,,,,,,,,,0
1,,540750,Port:10,0,0,0,Missing,,,,,,,,,0
1,,540758,Port:10,0,0,0,Missing,,,,,,,,,0
1,,540774,Port:10,0,0,0,Missing,,,,,,,,,0
1,,540790,Port:10,0,0,0,Missing,,,,,,,,,0
1,,540806,Port:10,0,0,0,Missing,,,,,,,,,0
1,,540822,Port:10,0,0,0,Missing,,,,,,,,,0
1,,540838,Port:10,0,0,0,Missing,,,,,,,,,0
1,,540854,Port:10,0,0,0,Missing,,,,,,,,,0
1,,540870,Port:10,0,0,0,Missing,,,,,,,,,0
1,,540878,Port:10,0,0,0,Missing,,,,,,,,,0
1,,540894,Port:10,0,0,0,Missing,,,,,,,,,0
1,,540910,Port:10,0,0,0,Missing,,,,,,,,,0
1,,540942,Port:10,0,0,0,Missing,,,,,,,,,0
1,,540958,Port:10,0,0,0,Missing,,,,,,,,,0
1,,540974,Port:10,0,0,0,Missing,,,,,,,,,0
1,,540990,Port:10,0,0,0,Missing,,,,,,,,,0
1,,540998,Port:10,0,0,0,Missing,,,,,,,,,0
1,,541014,Port:10,0,0,0,Missing,,,,,,,,,0
1,,541030,Port:10,0,0,0,Missing,,,,,,,,,0
1,,541054,Port:10,0,0,0,Missing,,,,,,,,,0
1,,541062,Port:10,0,0,0,Missing,,,,,,,,,0
1,,541078,Port:10,0,0,0,Missing,,,,,,,,,0
1,,541094,Port:10,0,0,0,Missing,,,,,,,,,0
1,,541110,Port:10,0,0,0,Missing,,,,,,,,,0
1,,541118,Port:10,0,0,0,Missing,,,,,,,,,0
1,,541134,Port:10,0,0,0,Missing,,,,,,,,,0
1,,541150,Port:10,0,0,0,Missing,,,,,,,,,0
1,,541174,Port:10,0,0,0,Missing,,,,,,,,,0
1,,541182,Port:10,0,0,0,Missing,,,,,,,,,0
1,,541198,Port:10,0,0,0,Missing,,,,,,,,,0
1,,541230,Port:10,0,0,0,Missing,,,,,,,,,0
1,,541238,Port:10,0,0,0,Missing,,,,,,,,,0
1,,541254,Port:10,0,0,0,Missing,,,,,,,,,0
1,,541270,Port:10,0,0,0,Missing,,,,,,,,,0
1,,541286,Port:10,0,0,0,Missing,,,,,,,,,0
1,,541302,Port:10,0,0,0,Missing,,,,,,,,,0
1,,541318,Port:10,0,0,0,Missing,,,,,,,,,0
1,,541334,Port:10,0,0,0,Missing,,,,,,,,,0
1,,541350,Port:10,0,0,0,Missing,,,,,,,,,0
1,,541358,Port:10,0,0,0,Missing,,,,,,,,,0
1,,541374,Port:10,0,0,0,Missing,,,,,,,,,0
1,,541390,Port:10,0,0,0,Missing,,,,,,,,,0
1,,541414,Port:10,0,0,0,Missing,,,,,,,,,0
1,,541422,Port:10,0,0,0,Missing,,,,,,,,,0
1,,541438,Port:10,0,0,0,Missing,,,,,,,,,0
1,,541470,Port:10,0,0,0,Missing,,,,,,,,,0
1,,541478,Port:10,0,0,0,Missing,,,,,,,,,0
1,,541494,Port:10,0,0,0,Missing,,,,,,,,,0
1,,541510,Port:10,0,0,0,Missing,,,,,,,,,0
1,,541526,Port:10,0,0,0,Missing,,,,,,,,,0
1,,541542,Port:10,0,0,0,Missing,,,,,,,,,0
1,,541558,Port:10,0,0,0,Missing,,,,,,,,,0
1,,541574,Port:10,0,0,0,Missing,,,,,,,,,0
1,,541590,Port:10,0,0,0,Missing,,,,,,,,,0
1,,541598,Port:10,0,0,0,Missing,,,,,,,,,0
1,,541614,Port:10,0,0,0,Missing,,,,,,,,,0
1,,541630,Port:10,0,0,0,Missing,,,,,,,,,0
1,,541654,Port:10,0,0,0,Missing,,,,,,,,,0
1,,541662,Port:10,0,0,0,Missing,,,,,,,,,0
1,,541678,Port:10,0,0,0,Missing,,,,,,,,,0
1,,541710,Port:10,0,0,0,Missing,,,,,,,,,0
1,,541726,Port:10,0,0,0,Missing,,,,,,,,,0
1,,541734,Port:10,0,0,0,Missing,,,,,,,,,0
1,,541750,Port:10,0,0,0,Missing,,,,,,,,,0
1,,541774,Port:10,0,0,0,Missing,,,,,,,,,0
1,,541782,Port:10,0,0,0,Missing,,,,,,,,,0
1,,541798,Port:10,0,0,0,Missing,,,,,,,,,0
1,,541814,Port:10,0,0,0,Missing,,,,,,,,,0
1,,541830,Port:10,0,0,0,Missing,,,,,,,,,0
1,,541846,Port:10,0,0,0,Missing,,,,,,,,,0
1,,541854,Port:10,0,0,0,Missing,,,,,,,,,0
1,,541870,Port:10,0,0,0,Missing,,,,,,,,,0
1,,541894,Port:10,0,0,0,Missing,,,,,,,,,0
1,,541902,Port:10,0,0,0,Missing,,,,,,,,,0
1,,541918,Port:10,0,0,0,Missing,,,,,,,,,0
1,,541950,Port:10,0,0,0,Missing,,,,,,,,,0
1,,541958,Port:10,0,0,0,Missing,,,,,,,,,0
1,,541974,Port:10,0,0,0,Missing,,,,,,,,,0
1,,541990,Port:10,0,0,0,Missing,,,,,,,,,0
1,,542006,Port:10,0,0,0,Missing,,,,,,,,,0
1,,542022,Port:10,0,0,0,Missing,,,,,,,,,0
1,,542038,Port:10,0,0,0,Missing,,,,,,,,,0
1,,542054,Port:10,0,0,0,Missing,,,,,,,,,0
1,,542070,Port:10,0,0,0,Missing,,,,,,,,,0
1,,542078,Port:10,0,0,0,Missing,,,,,,,,,0
1,,542094,Port:10,0,0,0,Missing,,,,,,,,,0
1,,542110,Port:10,0,0,0,Missing,,,,,,,,,0
1,,542134,Port:10,0,0,0,Missing,,,,,,,,,0
1,,542142,Port:10,0,0,0,Missing,,,,,,,,,0
1,,542158,Port:10,0,0,0,Missing,,,,,,,,,0
1,,542190,Port:10,0,0,0,Missing,,,,,,,,,0
1,,542206,Port:10,0,0,0,Missing,,,,,,,,,0
1,,542214,Port:10,0,0,0,Missing,,,,,,,,,0
1,,542238,Port:10,0,0,0,Missing,,,,,,,,,0
1,,542254,Port:10,0,0,0,Missing,,,,,,,,,0
1,,542262,Port:10,0,0,0,Missing,,,,,,,,,0
1,,542278,Port:10,0,0,0,Missing,,,,,,,,,0
1,,542294,Port:10,0,0,0,Missing,,,,,,,,,0
1,,542310,Port:10,0,0,0,Missing,,,,,,,,,0
1,,542326,Port:10,0,0,0,Missing,,,,,,,,,0
1,,542334,Port:10,0,0,0,Missing,,,,,,,,,0
1,,542358,Port:10,0,0,0,Missing,,,,,,,,,0
1,,542374,Port:10,0,0,0,Missing,,,,,,,,,0
1,,542382,Port:10,0,0,0,Missing,,,,,,,,,0
1,,542414,Port:10,0,0,0,Missing,,,,,,,,,0
1,,542430,Port:10,0,0,0,Missing,,,,,,,,,0
1,,542438,Port:10,0,0,0,Missing,,,,,,,,,0
1,,542454,Port:10,0,0,0,Missing,,,,,,,,,0
1,,542478,Port:10,0,0,0,Missing,,,,,,,,,0
1,,542494,Port:10,0,0,0,Missing,,,,,,,,,0
1,,542502,Port:10,0,0,0,Missing,,,,,,,,,0
1,,542518,Port:10,0,0,0,Missing,,,,,,,,,0
1,,542534,Port:10,0,0,0,Missing,,,,,,,,,0
1,,542550,Port:10,0,0,0,Missing,,,,,,,,,0
1,,542566,Port:10,0,0,0,Missing,,,,,,,,,0
1,,542574,Port:10,0,0,0,Missing,,,,,,,,,0
1,,542598,Port:10,0,0,0,Missing,,,,,,,,,0
1,,542614,Port:10,0,0,0,Missing,,,,,,,,,0
1,,542622,Port:10,0,0,0,Missing,,,,,,,,,0
1,,542654,Port:10,0,0,0,Missing,,,,,,,,,0
1,,542670,Port:10,0,0,0,Missing,,,,,,,,,0
1,,542686,Port:10,0,0,0,Missing,,,,,,,,,0
1,,542694,Port:10,0,0,0,Missing,,,,,,,,,0
1,,542718,Port:10,0,0,0,Missing,,,,,,,,,0
1,,542726,Port:10,0,0,0,Missing,,,,,,,,,0
1,,542742,Port:10,0,0,0,Missing,,,,,,,,,0
1,,542758,Port:10,0,0,0,Missing,,,,,,,,,0
1,,542774,Port:10,0,0,0,Missing,,,,,,,,,0
1,,542790,Port:10,0,0,0,Missing,,,,,,,,,0
1,,542806,Port:10,0,0,0,Missing,,,,,,,,,0
1,,542814,Port:10,0,0,0,Missing,,,,,,,,,0
1,,542838,Port:10,0,0,0,Missing,,,,,,,,,0
1,,542854,Port:10,0,0,0,Missing,,,,,,,,,0
1,,542862,Port:10,0,0,0,Missing,,,,,,,,,0
1,,542894,Port:10,0,0,0,Missing,,,,,,,,,0
1,,542910,Port:10,0,0,0,Missing,,,,,,,,,0
1,,542926,Port:10,0,0,0,Missing,,,,,,,,,0
1,,542934,Port:10,0,0,0,Missing,,,,,,,,,0
1,,542958,Port:10,0,0,0,Missing,,,,,,,,,0
1,,542974,Port:10,0,0,0,Missing,,,,,,,,,0
1,,542982,Port:10,0,0,0,Missing,,,,,,,,,0
1,,542998,Port:10,0,0,0,Missing,,,,,,,,,0
1,,543014,Port:10,0,0,0,Missing,,,,,,,,,0
1,,543030,Port:10,0,0,0,Missing,,,,,,,,,0
1,,543046,Port:10,0,0,0,Missing,,,,,,,,,0
1,,543054,Port:10,0,0,0,Missing,,,,,,,,,0
1,,543078,Port:10,0,0,0,Missing,,,,,,,,,0
1,,543094,Port:10,0,0,0,Missing,,,,,,,,,0
1,,543102,Port:10,0,0,0,Missing,,,,,,,,,0
1,,543134,Port:10,0,0,0,Missing,,,,,,,,,0
1,,543150,Port:10,0,0,0,Missing,,,,,,,,,0
1,,543166,Port:10,0,0,0,Missing,,,,,,,,,0
1,,543174,Port:10,0,0,0,Missing,,,,,,,,,0
1,,543198,Port:10,0,0,0,Missing,,,,,,,,,0
1,,543214,Port:10,0,0,0,Missing,,,,,,,,,0
1,,543222,Port:10,0,0,0,Missing,,,,,,,,,0
1,,543238,Port:10,0,0,0,Missing,,,,,,,,,0
1,,543254,Port:10,0,0,0,Missing,,,,,,,,,0
1,,543270,Port:10,0,0,0,Missing,,,,,,,,,0
1,,543286,Port:10,0,0,0,Missing,,,,,,,,,0
1,,543302,Port:10,0,0,0,Missing,,,,,,,,,0
1,,543318,Port:10,0,0,0,Missing,,,,,,,,,0
1,,543334,Port:10,0,0,0,Missing,,,,,,,,,0
1,,543342,Port:10,0,0,0,Missing,,,,,,,,,0
1,,543374,Port:10,0,0,0,Missing,,,,,,,,,0
1,,543390,Port:10,0,0,0,Missing,,,,,,,,,0
1,,543406,Port:10,0,0,0,Missing,,,,,,,,,0
1,,543422,Port:10,0,0,0,Missing,,,,,,,,,0
1,,543438,Port:10,0,0,0,Missing,,,,,,,,,0
1,,543454,Port:10,0,0,0,Missing,,,,,,,,,0
1,,543462,Port:10,0,0,0,Missing,,,,,,,,,0
1,,543478,Port:10,0,0,0,Missing,,,,,,,,,0
1,,543494,Port:10,0,0,0,Missing,,,,,,,,,0
1,,543510,Port:10,0,0,0,Missing,,,,,,,,,0
1,,543526,Port:10,0,0,0,Missing,,,,,,,,,0
1,,543542,Port:10,0,0,0,Missing,,,,,,,,,0
1,,543558,Port:10,0,0,0,Missing,,,,,,,,,0
1,,543574,Port:10,0,0,0,Missing,,,,,,,,,0
1,,543582,Port:10,0,0,0,Missing,,,,,,,,,0
1,,543614,Port:10,0,0,0,Missing,,,,,,,,,0
1,,543630,Port:10,0,0,0,Missing,,,,,,,,,0
1,,543646,Port:10,0,0,0,Missing,,,,,,,,,0
1,,543662,Port:10,0,0,0,Missing,,,,,,,,,0
1,,543678,Port:10,0,0,0,Missing,,,,,,,,,0
1,,543694,Port:10,0,0,0,Missing,,,,,,,,,0
1,,543702,Port:10,0,0,0,Missing,,,,,,,,,0
1,,543718,Port:10,0,0,0,Missing,,,,,,,,,0
1,,543734,Port:10,0,0,0,Missing,,,,,,,,,0
1,,543750,Port:10,0,0,0,Missing,,,,,,,,,0
1,,543766,Port:10,0,0,0,Missing,,,,,,,,,0
1,,543782,Port:10,0,0,0,Missing,,,,,,,,,0
1,,543798,Port:10,0,0,0,Missing,,,,,,,,,0
1,,543814,Port:10,0,0,0,Missing,,,,,,,,,0
1,,543822,Port:10,0,0,0,Missing,,,,,,,,,0
1,,543854,Port:10,0,0,0,Missing,,,,,,,,,0
1,,543870,Port:10,0,0,0,Missing,,,,,,,,,0
1,,543886,Port:10,0,0,0,Missing,,,,,,,,,0
1,,543902,Port:10,0,0,0,Missing,,,,,,,,,0
1,,543918,Port:10,0,0,0,Missing,,,,,,,,,0
1,,543934,Port:10,0,0,0,Missing,,,,,,,,,0
1,,543942,Port:10,0,0,0,Missing,,,,,,,,,0
1,,543958,Port:10,0,0,0,Missing,,,,,,,,,0
1,,543974,Port:10,0,0,0,Missing,,,,,,,,,0
1,,543990,Port:10,0,0,0,Missing,,,,,,,,,0
1,,544006,Port:10,0,0,0,Missing,,,,,,,,,0
1,,544022,Port:10,0,0,0,Missing,,,,,,,,,0
1,,544038,Port:10,0,0,0,Missing,,,,,,,,,0
1,,544054,Port:10,0,0,0,Missing,,,,,,,,,0
1,,544062,Port:10,0,0,0,Missing,,,,,,,,,0
1,,544094,Port:10,0,0,0,Missing,,,,,,,,,0
1,,544110,Port:10,0,0,0,Missing,,,,,,,,,0
1,,544126,Port:10,0,0,0,Missing,,,,,,,,,0
1,,544142,Port:10,0,0,0,Missing,,,,,,,,,0
1,,544158,Port:10,0,0,0,Missing,,,,,,,,,0
1,,544174,Port:10,0,0,0,Missing,,,,,,,,,0
1,,544182,Port:10,0,0,0,Missing,,,,,,,,,0
1,,544198,Port:10,0,0,0,Missing,,,,,,,,,0
1,,544214,Port:10,0,0,0,Missing,,,,,,,,,0
1,,544230,Port:10,0,0,0,Missing,,,,,,,,,0
1,,544246,Port:10,0,0,0,Missing,,,,,,,,,0
1,,544262,Port:10,0,0,0,Missing,,,,,,,,,0
1,,544278,Port:10,0,0,0,Missing,,,,,,,,,0
1,,544294,Port:10,0,0,0,Missing,,,,,,,,,0
1,,544318,Port:10,0,0,0,Missing,,,,,,,,,0
1,,544334,Port:10,0,0,0,Missing,,,,,,,,,0
1,,544350,Port:10,0,0,0,Missing,,,,,,,,,0
1,,544366,Port:10,0,0,0,Missing,,,,,,,,,0
1,,544382,Port:10,0,0,0,Missing,,,,,,,,,0
1,,544398,Port:10,0,0,0,Missing,,,,,,,,,0
1,,544414,Port:10,0,0,0,Missing,,,,,,,,,0
1,,544422,Port:10,0,0,0,Missing,,,,,,,,,0
1,,544438,Port:10,0,0,0,Missing,,,,,,,,,0
1,,544454,Port:10,0,0,0,Missing,,,,,,,,,0
1,,544470,Port:10,0,0,0,Missing,,,,,,,,,0
1,,544486,Port:10,0,0,0,Missing,,,,,,,,,0
1,,544502,Port:10,0,0,0,Missing,,,,,,,,,0
1,,544518,Port:10,0,0,0,Missing,,,,,,,,,0
1,,544534,Port:10,0,0,0,Missing,,,,,,,,,0
1,,544542,Port:10,0,0,0,Missing,,,,,,,,,0
1,,544574,Port:10,0,0,0,Missing,,,,,,,,,0
1,,544590,Port:10,0,0,0,Missing,,,,,,,,,0
1,,544606,Port:10,0,0,0,Missing,,,,,,,,,0
1,,544622,Port:10,0,0,0,Missing,,,,,,,,,0
1,,544638,Port:10,0,0,0,Missing,,,,,,,,,0
1,,544654,Port:10,0,0,0,Missing,,,,,,,,,0
1,,544662,Port:10,0,0,0,Missing,,,,,,,,,0
1,,544678,Port:10,0,0,0,Missing,,,,,,,,,0
1,,544694,Port:10,0,0,0,Missing,,,,,,,,,0
1,,544710,Port:10,0,0,0,Missing,,,,,,,,,0
1,,544726,Port:10,0,0,0,Missing,,,,,,,,,0
1,,544742,Port:10,0,0,0,Missing,,,,,,,,,0
1,,544758,Port:10,0,0,0,Missing,,,,,,,,,0
1,,544774,Port:10,0,0,0,Missing,,,,,,,,,0
1,,544798,Port:10,0,0,0,Missing,,,,,,,,,0
1,,544814,Port:10,0,0,0,Missing,,,,,,,,,0
1,,544830,Port:10,0,0,0,Missing,,,,,,,,,0
1,,544846,Port:10,0,0,0,Missing,,,,,,,,,0
1,,544862,Port:10,0,0,0,Missing,,,,,,,,,0
1,,544878,Port:10,0,0,0,Missing,,,,,,,,,0
1,,544894,Port:10,0,0,0,Missing,,,,,,,,,0
1,,544902,Port:10,0,0,0,Missing,,,,,,,,,0
1,,544918,Port:10,0,0,0,Missing,,,,,,,,,0
1,,544934,Port:10,0,0,0,Missing,,,,,,,,,0
1,,544950,Port:10,0,0,0,Missing,,,,,,,,,0
1,,544966,Port:10,0,0,0,Missing,,,,,,,,,0
1,,544982,Port:10,0,0,0,Missing,,,,,,,,,0
1,,544998,Port:10,0,0,0,Missing,,,,,,,,,0
1,,545014,Port:10,0,0,0,Missing,,,,,,,,,0
1,,545022,Port:10,0,0,0,Missing,,,,,,,,,0
1,,545054,Port:10,0,0,0,Missing,,,,,,,,,0
1,,545070,Port:10,0,0,0,Missing,,,,,,,,,0
1,,545086,Port:10,0,0,0,Missing,,,,,,,,,0
1,,545102,Port:10,0,0,0,Missing,,,,,,,,,0
1,,545118,Port:10,0,0,0,Missing,,,,,,,,,0
1,,545134,Port:10,0,0,0,Missing,,,,,,,,,0
1,,545142,Port:10,0,0,0,Missing,,,,,,,,,0
1,,545158,Port:10,0,0,0,Missing,,,,,,,,,0
1,,545174,Port:10,0,0,0,Missing,,,,,,,,,0
1,,545190,Port:10,0,0,0,Missing,,,,,,,,,0
1,,545206,Port:10,0,0,0,Missing,,,,,,,,,0
1,,545222,Port:10,0,0,0,Missing,,,,,,,,,0
1,,545238,Port:10,0,0,0,Missing,,,,,,,,,0
1,,545254,Port:10,0,0,0,Missing,,,,,,,,,0
1,,545262,Port:10,0,0,0,Missing,,,,,,,,,0
1,,545294,Port:10,0,0,0,Missing,,,,,,,,,0
1,,545310,Port:10,0,0,0,Missing,,,,,,,,,0
1,,545326,Port:10,0,0,0,Missing,,,,,,,,,0
1,,545342,Port:10,0,0,0,Missing,,,,,,,,,0
1,,545358,Port:10,0,0,0,Missing,,,,,,,,,0
1,,545374,Port:10,0,0,0,Missing,,,,,,,,,0
1,,545382,Port:10,0,0,0,Missing,,,,,,,,,0
1,,545398,Port:10,0,0,0,Missing,,,,,,,,,0
1,,545414,Port:10,0,0,0,Missing,,,,,,,,,0
1,,545430,Port:10,0,0,0,Missing,,,,,,,,,0
1,,545446,Port:10,0,0,0,Missing,,,,,,,,,0
1,,545462,Port:10,0,0,0,Missing,,,,,,,,,0
1,,545478,Port:10,0,0,0,Mi