ToolCount,ToolInfo,Frame#,PortHandle,Face#,timespec_s,timespec_ns,TransformStatus,Q0,Qx,Qy,Qz,Tx,Ty,Tz,Error,#Markers
1,,391702,Port:10,0,0,0,Missing,,,,,,,,,0
1,,391718,Port:10,0,0,0,Missing,,,,,,,,,0
1,,391734,Port:10,0,0,0,Missing,,,,,,,,,0
1,,391750,Port:10,0,0,0,Missing,,,,,,,,,0
1,,391766,Port:10,0,0,0,Missing,,,,,,,,,0
1,,391782,Port:10,0,0,0,Missing,,,,,,,,,0
1,,391798,Port:10,0,0,0,Missing,,,,,,,,,0
1,,391822,Port:10,0,0,0,Missing,,,,,,,,,0
1,,391846,Port:10,0,0,0,Missing,,,,,,,,,0
1,,391854,Port:10,0,0,0,Missing,,,,,,,,,0
1,,391870,Port:10,0,0,0,Missing,,,,,,,,,0
1,,391886,Port:10,0,0,0,Missing,,,,,,,,,0
1,,391902,Port:10,0,0,0,Missing,,,,,,,,,0
1,,391918,Port:10,0,0,0,Missing,,,,,,,,,0
1,,391926,Port:10,0,0,0,Missing,,,,,,,,,0
1,,391942,Port:10,0,0,0,Missing,,,,,,,,,0
1,,391966,Port:10,0,0,0,Missing,,,,,,,,,0
1,,391982,Port:10,0,0,0,Missing,,,,,,,,,0
1,,391990,Port:10,0,0,0,Missing,,,,,,,,,0
1,,392006,Port:10,0,0,0,Missing,,,,,,,,,0
1,,392022,Port:10,0,0,0,Missing,,,,,,,,,0
1,,392038,Port:10,0,0,0,Missing,,,,,,,,,0
1,,392070,Port:10,0,0,0,Missing,,,,,,,,,0
1,,392086,Port:10,0,0,0,Missing,,,,,,,,,0
1,,392094,Port:10,0,0,0,Missing,,,,,,,,,0
1,,392110,Port:10,0,0,0,Missing,,,,,,,,,0
1,,392126,Port:10,0,0,0,Missing,,,,,,,,,0
1,,392142,Port:10,0,0,0,Missing,,,,,,,,,0
1,,392158,Port:10,0,0,0,Missing,,,,,,,,,0
1,,392166,Port:10,0,0,0,Missing,,,,,,,,,0
1,,392190,Port:10,0,0,0,Missing,,,,,,,,,0
1,,392206,Port:10,0,0,0,Missing,,,,,,,,,0
1,,392222,Port:10,0,0,0,Missing,,,,,,,,,0
1,,392230,Port:10,0,0,0,Missing,,,,,,,,,0
1,,392246,Port:10,0,0,0,Missing,,,,,,,,,0
1,,392262,Port:10,0,0,0,Missing,,,,,,,,,0
1,,392278,Port:10,0,0,0,Missing,,,,,,,,,0
1,,392310,Port:10,0,0,0,Missing,,,,,,,,,0
1,,392326,Port:10,0,0,0,Missing,,,,,,,,,0
1,,392334,Port:10,0,0,0,Missing,,,,,,,,,0
1,,392350,Port:10,0,0,0,Missing,,,,,,,,,0
1,,392366,Port:10,0,0,0,Missing,,,,,,,,,0
1,,392382,Port:10,0,0,0,Missing,,,,,,,,,0
1,,392398,Port:10,0,0,0,Missing,,,,,,,,,0
1,,392406,Port:10,0,0,0,Missing,,,,,,,,,0
1,,392430,Port:10,0,0,0,Missing,,,,,,,,,0
1,,392446,Port:10,0,0,0,Missing,,,,,,,,,0
1,,392454,Port:10,0,0,0,Missing,,,,,,,,,0
1,,392470,Port:10,0,0,0,Missing,,,,,,,,,0
1,,392486,Port:10,0,0,0,Missing,,,,,,,,,0
1,,392502,Port:10,0,0,0,Missing,,,,,,,,,0
1,,392518,Port:10,0,0,0,Missing,,,,,,,,,0
1,,392550,Port:10,0,0,0,Missing,,,,,,,,,0
1,,392566,Port:10,0,0,0,Missing,,,,,,,,,0
1,,392574,Port:10,0,0,0,Missing,,,,,,,,,0
1,,392590,Port:10,0,0,0,Missing,,,,,,,,,0
1,,392606,Port:10,0,0,0,Missing,,,,,,,,,0
1,,392622,Port:10,0,0,0,Missing,,,,,,,,,0
1,,392638,Port:10,0,0,0,Missing,,,,,,,,,0
1,,392646,Port:10,0,0,0,Missing,,,,,,,,,0
1,,392670,Port:10,0,0,0,Missing,,,,,,,,,0
1,,392686,Port:10,0,0,0,Missing,,,,,,,,,0
1,,392694,Port:10,0,0,0,Missing,,,,,,,,,0
1,,392710,Port:10,0,0,0,Missing,,,,,,,,,0
1,,392726,Port:10,0,0,0,Missing,,,,,,,,,0
1,,392742,Port:10,0,0,0,Missing,,,,,,,,,0
1,,392758,Port:10,0,0,0,Missing,,,,,,,,,0
1,,392790,Port:10,0,0,0,Missing,,,,,,,,,0
1,,392806,Port:10,0,0,0,Missing,,,,,,,,,0
1,,392814,Port:10,0,0,0,Missing,,,,,,,,,0
1,,392830,Port:10,0,0,0,Missing,,,,,,,,,0
1,,392846,Port:10,0,0,0,Missing,,,,,,,,,0
1,,392862,Port:10,0,0,0,Missing,,,,,,,,,0
1,,392878,Port:10,0,0,0,Missing,,,,,,,,,0
1,,392886,Port:10,0,0,0,Missing,,,,,,,,,0
1,,392910,Port:10,0,0,0,Missing,,,,,,,,,0
1,,392926,Port:10,0,0,0,Missing,,,,,,,,,0
1,,392942,Port:10,0,0,0,Missing,,,,,,,,,0
1,,392950,Port:10,0,0,0,Missing,,,,,,,,,0
1,,392966,Port:10,0,0,0,Missing,,,,,,,,,0
1,,392982,Port:10,0,0,0,Missing,,,,,,,,,0
1,,392998,Port:10,0,0,0,Missing,,,,,,,,,0
1,,393030,Port:10,0,0,0,Missing,,,,,,,,,0
1,,393046,Port:10,0,0,0,Missing,,,,,,,,,0
1,,393054,Port:10,0,0,0,Missing,,,,,,,,,0
1,,393070,Port:10,0,0,0,Missing,,,,,,,,,0
1,,393086,Port:10,0,0,0,Missing,,,,,,,,,0
1,,393102,Port:10,0,0,0,Missing,,,,,,,,,0
1,,393118,Port:10,0,0,0,Missing,,,,,,,,,0
1,,393126,Port:10,0,0,0,Missing,,,,,,,,,0
1,,393150,Port:10,0,0,0,Missing,,,,,,,,,0
1,,393166,Port:10,0,0,0,Missing,,,,,,,,,0
1,,393174,Port:10,0,0,0,Missing,,,,,,,,,0
1,,393190,Port:10,0,0,0,Missing,,,,,,,,,0
1,,393206,Port:10,0,0,0,Missing,,,,,,,,,0
1,,393222,Port:10,0,0,0,Missing,,,,,,,,,0
1,,393238,Port:10,0,0,0,Missing,,,,,,,,,0
1,,393254,Port:10,0,0,0,Missing,,,,,,,,,0
1,,393270,Port:10,0,0,0,Missing,,,,,,,,,0
1,,393294,Port:10,0,0,0,Missing,,,,,,,,,0
1,,393310,Port:10,0,0,0,Missing,,,,,,,,,0
1,,393326,Port:10,0,0,0,Missing,,,,,,,,,0
1,,393342,Port:10,0,0,0,Missing,,,,,,,,,0
1,,393358,Port:10,0,0,0,Missing,,,,,,,,,0
1,,393374,Port:10,0,0,0,Missing,,,,,,,,,0
1,,393390,Port:10,0,0,0,Missing,,,,,,,,,0
1,,393406,Port:10,0,0,0,Missing,,,,,,,,,0
1,,393414,Port:10,0,0,0,Missing,,,,,,,,,0
1,,393430,Port:10,0,0,0,Missing,,,,,,,,,0
1,,393446,Port:10,0,0,0,Missing,,,,,,,,,0
1,,393462,Port:10,0,0,0,Missing,,,,,,,,,0
1,,393478,Port:10,0,0,0,Missing,,,,,,,,,0
1,,393494,Port:10,0,0,0,Missing,,,,,,,,,0
1,,393510,Port:10,0,0,0,Missing,,,,,,,,,0
1,,393526,Port:10,0,0,0,Missing,,,,,,,,,0
1,,393550,Port:10,0,0,0,Missing,,,,,,,,,0
1,,393566,Port:10,0,0,0,Missing,,,,,,,,,0
1,,393582,Port:10,0,0,0,Missing,,,,,,,,,0
1,,393598,Port:10,0,0,0,Missing,,,,,,,,,0
1,,393614,Port:10,0,0,0,Missing,,,,,,,,,0
1,,393630,Port:10,0,0,0,Missing,,,,,,,,,0
1,,393646,Port:10,0,0,0,Missing,,,,,,,,,0
1,,393662,Port:10,0,0,0,Missing,,,,,,,,,0
1,,393670,Port:10,0,0,0,Missing,,,,,,,,,0
1,,393686,Port:10,0,0,0,Missing,,,,,,,,,0
1,,393702,Port:10,0,0,0,Missing,,,,,,,,,0
1,,393734,Port:10,0,0,0,Missing,,,,,,,,,0
1,,393750,Port:10,0,0,0,Missing,,,,,,,,,0
1,,393766,Port:10,0,0,0,Missing,,,,,,,,,0
1,,393774,Port:10,0,0,0,Missing,,,,,,,,,0
1,,393790,Port:10,0,0,0,Missing,,,,,,,,,0
1,,393806,Port:10,0,0,0,Missing,,,,,,,,,0
1,,393822,Port:10,0,0,0,Missing,,,,,,,,,0
1,,393838,Port:10,0,0,0,Missing,,,,,,,,,0
1,,393854,Port:10,0,0,0,Missing,,,,,,,,,0
1,,393870,Port:10,0,0,0,Missing,,,,,,,,,0
1,,393886,Port:10,0,0,0,Missing,,,,,,,,,0
1,,393902,Port:10,0,0,0,Missing,,,,,,,,,0
1,,393910,Port:10,0,0,0,Missing,,,,,,,,,0
1,,393926,Port:10,0,0,0,Missing,,,,,,,,,0
1,,393942,Port:10,0,0,0,Missing,,,,,,,,,0
1,,393974,Port:10,0,0,0,Missing,,,,,,,,,0
1,,393990,Port:10,0,0,0,Missing,,,,,,,,,0
1,,394006,Port:10,0,0,0,Missing,,,,,,,,,0
1,,394014,Port:10,0,0,0,Missing,,,,,,,,,0
1,,394030,Port:10,0,0,0,Missing,,,,,,,,,0
1,,394046,Port:10,0,0,0,Missing,,,,,,,,,0
1,,394062,Port:10,0,0,0,Missing,,,,,,,,,0
1,,394078,Port:10,0,0,0,Missing,,,,,,,,,0
1,,394094,Port:10,0,0,0,Missing,,,,,,,,,0
1,,394110,Port:10,0,0,0,Missing,,,,,,,,,0
1,,394126,Port:10,0,0,0,Missing,,,,,,,,,0
1,,394134,Port:10,0,0,0,Missing,,,,,,,,,0
1,,394150,Port:10,0,0,0,Missing,,,,,,,,,0
1,,394166,Port:10,0,0,0,Missing,,,,,,,,,0
1,,394182,Port:10,0,0,0,Missing,,,,,,,,,0
1,,394198,Port:10,0,0,0,Missing,,,,,,,,,0
1,,394230,Port:10,0,0,0,Missing,,,,,,,,,0
1,,394246,Port:10,0,0,0,Missing,,,,,,,,,0
1,,394262,Port:10,0,0,0,Missing,,,,,,,,,0
1,,394270,Port:10,0,0,0,Missing,,,,,,,,,0
1,,394286,Port:10,0,0,0,Missing,,,,,,,,,0
1,,394302,Port:10,0,0,0,Missing,,,,,,,,,0
1,,394318,Port:10,0,0,0,Missing,,,,,,,,,0
1,,394334,Port:10,0,0,0,Missing,,,,,,,,,0
1,,394350,Port:10,0,0,0,Missing,,,,,,,,,0
1,,394366,Port:10,0,0,0,Missing,,,,,,,,,0
1,,394382,Port:10,0,0,0,Missing,,,,,,,,,0
1,,394390,Port:10,0,0,0,Missing,,,,,,,,,0
1,,394406,Port:10,0,0,0,Missing,,,,,,,,,0
1,,394422,Port:10,0,0,0,Missing,,,,,,,,,0
1,,394438,Port:10,0,0,0,Missing,,,,,,,,,0
1,,394454,Port:10,0,0,0,Missing,,,,,,,,,0
1,,394470,Port:10,0,0,0,Missing,,,,,,,,,0
1,,394502,Port:10,0,0,0,Missing,,,,,,,,,0
1,,394510,Port:10,0,0,0,Missing,,,,,,,,,0
1,,394526,Port:10,0,0,0,Missing,,,,,,,,,0
1,,394542,Port:10,0,0,0,Missing,,,,,,,,,0
1,,394558,Port:10,0,0,0,Missing,,,,,,,,,0
1,,394574,Port:10,0,0,0,Missing,,,,,,,,,0
1,,394590,Port:10,0,0,0,Missing,,,,,,,,,0
1,,394606,Port:10,0,0,0,Missing,,,,,,,,,0
1,,394614,Port:10,0,0,0,Missing,,,,,,,,,0
1,,394630,Port:10,0,0,0,Missing,,,,,,,,,0
1,,394646,Port:10,0,0,0,Missing,,,,,,,,,0
1,,394662,Port:10,0,0,0,Missing,,,,,,,,,0
1,,394678,Port:10,0,0,0,Missing,,,,,,,,,0
1,,394694,Port:10,0,0,0,Missing,,,,,,,,,0
1,,394726,Port:10,0,0,0,Missing,,,,,,,,,0
1,,394742,Port:10,0,0,0,Missing,,,,,,,,,0
1,,394750,Port:10,0,0,0,Missing,,,,,,,,,0
1,,394766,Port:10,0,0,0,Missing,,,,,,,,,0
1,,394782,Port:10,0,0,0,Missing,,,,,,,,,0
1,,394798,Port:10,0,0,0,Missing,,,,,,,,,0
1,,394814,Port:10,0,0,0,Missing,,,,,,,,,0
1,,394830,Port:10,0,0,0,Missing,,,,,,,,,0
1,,394846,Port:10,0,0,0,Missing,,,,,,,,,0
1,,394862,Port:10,0,0,0,Missing,,,,,,,,,0
1,,394870,Port:10,0,0,0,Missing,,,,,,,,,0
1,,394886,Port:10,0,0,0,Missing,,,,,,,,,0
1,,394902,Port:10,0,0,0,Missing,,,,,,,,,0
1,,394918,Port:10,0,0,0,Missing,,,,,,,,,0
1,,394934,Port:10,0,0,0,Missing,,,,,,,,,0
1,,394950,Port:10,0,0,0,Missing,,,,,,,,,0
1,,394982,Port:10,0,0,0,Missing,,,,,,,,,0
1,,394990,Port:10,0,0,0,Missing,,,,,,,,,0
1,,395006,Port:10,0,0,0,Missing,,,,,,,,,0
1,,395022,Port:10,0,0,0,Missing,,,,,,,,,0
1,,395038,Port:10,0,0,0,Missing,,,,,,,,,0
1,,395054,Port:10,0,0,0,Missing,,,,,,,,,0
1,,395070,Port:10,0,0,0,Missing,,,,,,,,,0
1,,395086,Port:10,0,0,0,Missing,,,,,,,,,0
1,,395102,Port:10,0,0,0,Missing,,,,,,,,,0
1,,395110,Port:10,0,0,0,Missing,,,,,,,,,0
1,,395126,Port:10,0,0,0,Missing,,,,,,,,,0
1,,395142,Port:10,0,0,0,Missing,,,,,,,,,0
1,,395158,Port:10,0,0,0,Missing,,,,,,,,,0
1,,395174,Port:10,0,0,0,Missing,,,,,,,,,0
1,,395190,Port:10,0,0,0,Missing,,,,,,,,,0
1,,395222,Port:10,0,0,0,Missing,,,,,,,,,0
1,,395230,Port:10,0,0,0,Missing,,,,,,,,,0
1,,395246,Port:10,0,0,0,Missing,,,,,,,,,0
1,,395262,Port:10,0,0,0,Missing,,,,,,,,,0
1,,395278,Port:10,0,0,0,Missing,,,,,,,,,0
1,,395294,Port:10,0,0,0,Missing,,,,,,,,,0
1,,395310,Port:10,0,0,0,Missing,,,,,,,,,0
1,,395326,Port:10,0,0,0,Missing,,,,,,,,,0
1,,395342,Port:10,0,0,0,Missing,,,,,,,,,0
1,,395350,Port:10,0,0,0,Missing,,,,,,,,,0
1,,395366,Port:10,0,0,0,Missing,,,,,,,,,0
1,,395382,Port:10,0,0,0,Missing,,,,,,,,,0
1,,395398,Port:10,0,0,0,Missing,,,,,,,,,0
1,,395414,Port:10,0,0,0,Missing,,,,,,,,,0
1,,395430,Port:10,0,0,0,Missing,,,,,,,,,0
1,,395462,Port:10,0,0,0,Missing,,,,,,,,,0
1,,395470,Port:10,0,0,0,Missing,,,,,,,,,0
1,,395486,Port:10,0,0,0,Missing,,,,,,,,,0
1,,395510,Port:10,0,0,0,Missing,,,,,,,,,0
1,,395518,Port:10,0,0,0,Missing,,,,,,,,,0
1,,395534,Port:10,0,0,0,Missing,,,,,,,,,0
1,,395550,Port:10,0,0,0,Missing,,,,,,,,,0
1,,395566,Port:10,0,0,0,Missing,,,,,,,,,0
1,,395582,Port:10,0,0,0,Missing,,,,,,,,,0
1,,395590,Port:10,0,0,0,Missing,,,,,,,,,0
1,,395606,Port:10,0,0,0,Missing,,,,,,,,,0
1,,395630,Port:10,0,0,0,Missing,,,,,,,,,0
1,,395638,Port:10,0,0,0,Missing,,,,,,,,,0
1,,395654,Port:10,0,0,0,Missing,,,,,,,,,0
1,,395670,Port:10,0,0,0,Missing,,,,,,,,,0
1,,395702,Port:10,0,0,0,Missing,,,,,,,,,0
1,,395710,Port:10,0,0,0,Missing,,,,,,,,,0
1,,395726,Port:10,0,0,0,Missing,,,,,,,,,0
1,,395750,Port:10,0,0,0,Missing,,,,,,,,,0
1,,395758,Port:10,0,0,0,Missing,,,,,,,,,0
1,,395774,Port:10,0,0,0,Missing,,,,,,,,,0
1,,395790,Port:10,0,0,0,Missing,,,,,,,,,0
1,,395806,Port:10,0,0,0,Missing,,,,,,,,,0
1,,395822,Port:10,0,0,0,Missing,,,,,,,,,0
1,,395830,Port:10,0,0,0,Missing,,,,,,,,,0
1,,395846,Port:10,0,0,0,Missing,,,,,,,,,0
1,,395870,Port:10,0,0,0,Missing,,,,,,,,,0
1,,395878,Port:10,0,0,0,Missing,,,,,,,,,0
1,,395894,Port:10,0,0,0,Missing,,,,,,,,,0
1,,395910,Port:10,0,0,0,Missing,,,,,,,,,0
1,,395942,Port:10,0,0,0,Missing,,,,,,,,,0
1,,395950,Port:10,0,0,0,Missing,,,,,,,,,0
1,,395966,Port:10,0,0,0,Missing,,,,,,,,,0
1,,395990,Port:10,0,0,0,Missing,,,,,,,,,0
1,,395998,Port:10,0,0,0,Missing,,,,,,,,,0
1,,396014,Port:10,0,0,0,Missing,,,,,,,,,0
1,,396030,Port:10,0,0,0,Missing,,,,,,,,,0
1,,396046,Port:10,0,0,0,Missing,,,,,,,,,0
1,,396062,Port:10,0,0,0,Missing,,,,,,,,,0
1,,396070,Port:10,0,0,0,Missing,,,,,,,,,0
1,,396086,Port:10,0,0,0,Missing,,,,,,,,,0
1,,396110,Port:10,0,0,0,Missing,,,,,,,,,0
1,,396118,Port:10,0,0,0,Missing,,,,,,,,,0
1,,396134,Port:10,0,0,0,Missing,,,,,,,,,0
1,,396150,Port:10,0,0,0,Missing,,,,,,,,,0
1,,396182,Port:10,0,0,0,Missing,,,,,,,,,0
1,,396190,Port:10,0,0,0,Missing,,,,,,,,,0
1,,396206,Port:10,0,0,0,Missing,,,,,,,,,0
1,,396230,Port:10,0,0,0,Missing,,,,,,,,,0
1,,396238,Port:10,0,0,0,Missing,,,,,,,,,0
1,,396254,Port:10,0,0,0,Missing,,,,,,,,,0
1,,396270,Port:10,0,0,0,Missing,,,,,,,,,0
1,,396286,Port:10,0,0,0,Missing,,,,,,,,,0
1,,396302,Port:10,0,0,0,Missing,,,,,,,,,0
1,,396310,Port:10,0,0,0,Missing,,,,,,,,,0
1,,396326,Port:10,0,0,0,Missing,,,,,,,,,0
1,,396350,Port:10,0,0,0,Missing,,,,,,,,,0
1,,396358,Port:10,0,0,0,Missing,,,,,,,,,0
1,,396374,Port:10,0,0,0,Missing,,,,,,,,,0
1,,396406,Port:10,0,0,0,Missing,,,,,,,,,0
1,,396422,Port:10,0,0,0,Missing,,,,,,,,,0
1,,396430,Port:10,0,0,0,Missing,,,,,,,,,0
1,,396446,Port:10,0,0,0,Missing,,,,,,,,,0
1,,396470,Port:10,0,0,0,Missing,,,,,,,,,0
1,,396478,Port:10,0,0,0,Missing,,,,,,,,,0
1,,396494,Port:10,0,0,0,Missing,,,,,,,,,0
1,,396510,Port:10,0,0,0,Missing,,,,,,,,,0
1,,396526,Port:10,0,0,0,Missing,,,,,,,,,0
1,,396542,Port:10,0,0,0,Missing,,,,,,,,,0
1,,396550,Port:10,0,0,0,Missing,,,,,,,,,0
1,,396566,Port:10,0,0,0,Missing,,,,,,,,,0
1,,396590,Port:10,0,0,0,Missing,,,,,,,,,0
1,,396598,Port:10,0,0,0,Missing,,,,,,,,,0
1,,396614,Port:10,0,0,0,Missing,,,,,,,,,0
1,,396646,Port:10,0,0,0,Missing,,,,,,,,,0
1,,396662,Port:10,0,0,0,Missing,,,,,,,,,0
1,,396670,Port:10,0,0,0,Missing,,,,,,,,,0
1,,396694,Port:10,0,0,0,Missing,,,,,,,,,0
1,,396710,Port:10,0,0,0,Missing,,,,,,,,,0
1,,396718,Port:10,0,0,0,Missing,,,,,,,,,0
1,,396734,Port:10,0,0,0,Missing,,,,,,,,,0
1,,396750,Port:10,0,0,0,Missing,,,,,,,,,0
1,,396766,Port:10,0,0,0,Missing,,,,,,,,,0
1,,396782,Port:10,0,0,0,Missing,,,,,,,,,0
1,,396790,Port:10,0,0,0,Missing,,,,,,,,,0
1,,396814,Port:10,0,0,0,Missing,,,,,,,,,0
1,,396830,Port:10,0,0,0,Missing,,,,,,,,,0
1,,396838,Port:10,0,0,0,Missing,,,,,,,,,0
1,,396854,Port:10,0,0,0,Missing,,,,,,,,,0
1,,396886,Port:10,0,0,0,Missing,,,,,,,,,0
1,,396902,Port:10,0,0,0,Missing,,,,,,,,,0
1,,396910,Port:10,0,0,0,Missing,,,,,,,,,0
1,,396934,Port:10,0,0,0,Missing,,,,,,,,,0
1,,396950,Port:10,0,0,0,Missing,,,,,,,,,0
1,,396958,Port:10,0,0,0,Missing,,,,,,,,,0
1,,396974,Port:10,0,0,0,Missing,,,,,,,,,0
1,,396990,Port:10,0,0,0,Missing,,,,,,,,,0
1,,397006,Port:10,0,0,0,Missing,,,,,,,,,0
1,,397022,Port:10,0,0,0,Missing,,,,,,,,,0
1,,397030,Port:10,0,0,0,Missing,,,,,,,,,0
1,,397054,Port:10,0,0,0,Missing,,,,,,,,,0
1,,397070,Port:10,0,0,0,Missing,,,,,,,,,0
1,,397086,Port:10,0,0,0,Missing,,,,,,,,,0
1,,397094,Port:10,0,0,0,Missing,,,,,,,,,0
1,,397126,Port:10,0,0,0,Missing,,,,,,,,,0
1,,397142,Port:10,0,0,0,Missing,,,,,,,,,0
1,,397150,Port:10,0,0,0,Missing,,,,,,,,,0
1,,397174,Port:10,0,0,0,Missing,,,,,,,,,0
1,,397190,Port:10,0,0,0,Missing,,,,,,,,,0
1,,397198,Port:10,0,0,0,Missing,,,,,,,,,0
1,,397214,Port:10,0,0,0,Missing,,,,,,,,,0
1,,397230,Port:10,0,0,0,Missing,,,,,,,,,0
1,,397246,Port:10,0,0,0,Missing,,,,,,,,,0
1,,397262,Port:10,0,0,0,Missing,,,,,,,,,0
1,,397270,Port:10,0,0,0,Missing,,,,,,,,,0
1,,397294,Port:10,0,0,0,Missing,,,,,,,,,0
1,,397310,Port:10,0,0,0,Missing,,,,,,,,,0
1,,397318,Port:10,0,0,0,Missing,,,,,,,,,0
1,,397334,Port:10,0,0,0,Missing,,,,,,,,,0
1,,397366,Port:10,0,0,0,Missing,,,,,,,,,0
1,,397382,Port:10,0,0,0,Missing,,,,,,,,,0
1,,397390,Port:10,0,0,0,Missing,,,,,,,,,0
1,,397414,Port:10,0,0,0,Missing,,,,,,,,,0
1,,397430,Port:10,0,0,0,Missing,,,,,,,,,0
1,,397438,Port:10,0,0,0,Missing,,,,,,,,,0
1,,397454,Port:10,0,0,0,Missing,,,,,,,,,0
1,,397470,Port:10,0,0,0,Missing,,,,,,,,,0
1,,397486,Port:10,0,0,0,Missing,,,,,,,,,0
1,,397502,Port:10,0,0,0,Missing,,,,,,,,,0
1,,397510,Port:10,0,0,0,Missing,,,,,,,,,0
1,,397534,Port:10,0,0,0,Missing,,,,,,,,,0
1,,397550,Port:10,0,0,0,Missing,,,,,,,,,0
1,,397558,Port:10,0,0,0,Missing,,,,,,,,,0
1,,397574,Port:10,0,0,0,Missing,,,,,,,,,0
1,,397606,Port:10,0,0,0,Missing,,,,,,,,,0
1,,397622,Port:10,0,0,0,Missing,,,,,,,,,0
1,,397630,Port:10,0,0,0,Missing,,,,,,,,,0
1,,397654,Port:10,0,0,0,Missing,,,,,,,,,0
1,,397670,Port:10,0,0,0,Missing,,,,,,,,,0
1,,397678,Port:10,0,0,0,Missing,,,,,,,,,0
1,,397694,Port:10,0,0,0,Missing,,,,,,,,,0
1,,397710,Port:10,0,0,0,Missing,,,,,,,,,0
1,,397726,Port:10,0,0,0,Missing,,,,,,,,,0
1,,397742,Port:10,0,0,0,Missing,,,,,,,,,0
1,,397758,Port:10,0,0,0,Missing,,,,,,,,,0
1,,397774,Port:10,0,0,0,Missing,,,,,,,,,0
1,,397790,Port:10,0,0,0,Missing,,,,,,,,,0
1,,397798,Port:10,0,0,0,Missing,,,,,,,,,0
1,,397814,Port:10,0,0,0,Missing,,,,,,,,,0
1,,397846,Port:10,0,0,0,Missing,,,,,,,,,0
1,,397862,Port:10,0,0,0,Missing,,,,,,,,,0
1,,397878,Port:10,0,0,0,Missing,,,,,,,,,0
1,,397894,Port:10,0,0,0,Missing,,,,,,,,,0
1,,397910,Port:10,0,0,0,Missing,,,,,,,,,0
1,,397918,Port:10,0,0,0,Missing,,,,,,,,,0
1,,397934,Port:10,0,0,0,Missing,,,,,,,,,0
1,,397950,Port:10,0,0,0,Missing,,,,,,,,,0
1,,397966,Port:10,0,0,0,Missing,,,,,,,,,0
1,,397982,Port:10,0,0,0,Missing,,,,,,,,,0
1,,397998,Port:10,0,0,0,Missing,,,,,,,,,0
1,,398014,Port:10,0,0,0,Missing,,,,,,,,,0
1,,398030,Port:10,0,0,0,Missing,,,,,,,,,0
1,,398038,Port:10,0,0,0,Missing,,,,,,,,,0
1,,398054,Port:10,0,0,0,Missing,,,,,,,,,0
1,,398086,Port:10,0,0,0,Missing,,,,,,,,,0
1,,398102,Port:10,0,0,0,Missing,,,,,,,,,0
1,,398118,Port:10,0,0,0,Missing,,,,,,,,,0
1,,398134,Port:10,0,0,0,Missing,,,,,,,,,0
1,,398150,Port:10,0,0,0,Missing,,,,,,,,,0
1,,398158,Port:10,0,0,0,Missing,,,,,,,,,0
1,,398174,Port:10,0,0,0,Missing,,,,,,,,,0
1,,398190,Port:10,0,0,0,Missing,,,,,,,,,0
1,,398206,Port:10,0,0,0,Missing,,,,,,,,,0
1,,398222,Port:10,0,0,0,Missing,,,,,,,,,0
1,,398238,Port:10,0,0,0,Missing,,,,,,,,,0
1,,398254,Port:10,0,0,0,Missing,,,,,,,,,0
1,,398270,Port:10,0,0,0,Missing,,,,,,,,,0
1,,398278,Port:10,0,0,0,Missing,,,,,,,,,0
1,,398294,Port:10,0,0,0,Missing,,,,,,,,,0
1,,398326,Port:10,0,0,0,Missing,,,,,,,,,0
1,,398342,Port:10,0,0,0,Missing,,,,,,,,,0
1,,398358,Port:10,0,0,0,Missing,,,,,,,,,0
1,,398374,Port:10,0,0,0,Missing,,,,,,,,,0
1,,398390,Port:10,0,0,0,Missing,,,,,,,,,0
1,,398398,Port:10,0,0,0,Missing,,,,,,,,,0
1,,398414,Port:10,0,0,0,Missing,,,,,,,,,0
1,,398430,Port:10,0,0,0,Missing,,,,,,,,,0
1,,398446,Port:10,0,0,0,Missing,,,,,,,,,0
1,,398462,Port:10,0,0,0,Missing,,,,,,,,,0
1,,398478,Port:10,0,0,0,Missing,,,,,,,,,0
1,,398494,Port:10,0,0,0,Missing,,,,,,,,,0
1,,398510,Port:10,0,0,0,Missing,,,,,,,,,0
1,,398526,Port:10,0,0,0,Missing,,,,,,,,,0
1,,398534,Port:10,0,0,0,Missing,,,,,,,,,0
1,,398566,Port:10,0,0,0,Missing,,,,,,,,,0
1,,398582,Port:10,0,0,0,Missing,,,,,,,,,0
1,,398598,Port:10,0,0,0,Missing,,,,,,,,,0
1,,398614,Port:10,0,0,0,Missing,,,,,,,,,0
1,,398630,Port:10,0,0,0,Missing,,,,,,,,,0
1,,398638,Port:10,0,0,0,Missing,,,,,,,,,0
1,,398654,Port:10,0,0,0,Missing,,,,,,,,,0
1,,398670,Port:10,0,0,0,Missing,,,,,,,,,0
1,,398686,Port:10,0,0,0,Missing,,,,,,,,,0
1,,398702,Port:10,0,0,0,Missing,,,,,,,,,0
1,,398718,Port:10,0,0,0,Missing,,,,,,,,,0
1,,398734,Port:10,0,0,0,Missing,,,,,,,,,0
1,,398750,Port:10,0,0,0,Missing,,,,,,,,,0
1,,398766,Port:10,0,0,0,Missing,,,,,,,,,0
1,,398774,Port:10,0,0,0,Missing,,,,,,,,,0
1,,398806,Port:10,0,0,0,Missing,,,,,,,,,0
1,,398822,Port:10,0,0,0,Missing,,,,,,,,,0
1,,398838,Port:10,0,0,0,Missing,,,,,,,,,0
1,,398854,Port:10,0,0,0,Missing,,,,,,,,,0
1,,398870,Port:10,0,0,0,Missing,,,,,,,,,0
1,,398886,Port:10,0,0,0,Missing,,,,,,,,,0
1,,398894,Port:10,0,0,0,Missing,,,,,,,,,0
1,,398910,Port:10,0,0,0,Missing,,,,,,,,,0
1,,398926,Port:10,0,0,0,Missing,,,,,,,,,0
1,,398942,Port:10,0,0,0,Missing,,,,,,,,,0
1,,398958,Port:10,0,0,0,Missing,,,,,,,,,0
1,,398974,Port:10,0,0,0,Missing,,,,,,,,,0
1,,398990,Port:10,0,0,0,Missing,,,,,,,,,0
1,,398998,Port:10,0,0,0,Missing,,,,,,,,,0
1,,399030,Port:10,0,0,0,Missing,,,,,,,,,0
1,,399046,Port:10,0,0,0,Missing,,,,,,,,,0
1,,399062,Port:10,0,0,0,Missing,,,,,,,,,0
1,,399078,Port:10,0,0,0,Missing,,,,,,,,,0
1,,399094,Port:10,0,0,0,Missing,,,,,,,,,0
1,,399110,Port:10,0,0,0,Missing,,,,,,,,,0
1,,399118,Port:10,0,0,0,Missing,,,,,,,,,0
1,,399134,Port:10,0,0,0,Missing,,,,,,,,,0
1,,399150,Port:10,0,0,0,Missing,,,,,,,,,0
1,,399166,Port:10,0,0,0,Missing,,,,,,,,,0
1,,399182,Port:10,0,0,0,Missing,,,,,,,,,0
1,,399198,Port:10,0,0,0,Missing,,,,,,,,,0
1,,399214,Port:10,0,0,0,Missing,,,,,,,,,0
1,,399230,Port:10,0,0,0,Missing,,,,,,,,,0
1,,399238,Port:10,0,0,0,Missing,,,,,,,,,0
1,,399270,Port:10,0,0,0,Missing,,,,,,,,,0
1,,399286,Port:10,0,0,0,Missing,,,,,,,,,0
1,,399302,Port:10,0,0,0,Missing,,,,,,,,,0
1,,399318,Port:10,0,0,0,Missing,,,,,,,,,0
1,,399334,Port:10,0,0,0,Missing,,,,,,,,,0
1,,399350,Port:10,0,0,0,Missing,,,,,,,,,0
1,,399358,Port:10,0,0,0,Missing,,,,,,,,,0
1,,399374,Port:10,0,0,0,Missing,,,,,,,,,0
1,,399398,Port:10,0,0,0,Missing,,,,,,,,,0
1,,399406,Port:10,0,0,0,Missing,,,,,,,,,0
1,,399422,Port:10,0,0,0,Missing,,,,,,,,,0
1,,399438,Port:10,0,0,0,Missing,,,,,,,,,0
1,,399454,Port:10,0,0,0,Missing,,,,,,,,,0
1,,399470,Port:10,0,0,0,Missing,,,,,,,,,0
1,,399478,Port:10,0,0,0,Missing,,,,,,,,,0
1,,399518,Port:10,0,0,0,Missing,,,,,,,,,0
1,,399526,Port:10,0,0,0,Missing,,,,,,,,,0
1,,399542,Port:10,0,0,0,Missing,,,,,,,,,0
1,,399558,Port:10,0,0,0,Missing,,,,,,,,,0
1,,399574,Port:10,0,0,0,Missing,,,,,,,,,0
1,,399590,Port:10,0,0,0,Missing,,,,,,,,,0
1,,399598,Port:10,0,0,0,Missing,,,,,,,,,0
1,,399614,Port:10,0,0,0,Missing,,,,,,,,,0
1,,399638,Port:10,0,0,0,Missing,,,,,,,,,0
1,,399646,Port:10,0,0,0,Missing,,,,,,,,,0
1,,399662,Port:10,0,0,0,Missing,,,,,,,,,0
1,,399678,Port:10,0,0,0,Missing,,,,,,,,,0
1,,399694,Port:10,0,0,0,Missing,,,,,,,,,0
1,,399710,Port:10,0,0,0,Missing,,,,,,,,,0
1,,399718,Port:10,0,0,0,Missing,,,,,,,,,0
1,,399758,Port:10,0,0,0,Missing,,,,,,,,,0
1,,399766,Port:10,0,0,0,Missing,,,,,,,,,0
1,,399782,Port:10,0,0,0,Missing,,,,,,,,,0
1,,399798,Port:10,0,0,0,Missing,,,,,,,,,0
1,,399814,Port:10,0,0,0,Missing,,,,,,,,,0
1,,399830,Port:10,0,0,0,Missing,,,,,,,,,0
1,,399838,Port:10,0,0,0,Missing,,,,,,,,,0
1,,399854,Port:10,0,0,0,Missing,,,,,,,,,0
1,,399878,Port:10,0,0,0,Missing,,,,,,,,,0
1,,399886,Port:10,0,0,0,Missing,,,,,,,,,0
1,,399902,Port:10,0,0,0,Missing,,,,,,,,,0
1,,399918,Port:10,0,0,0,Missing,,,,,,,,,0
1,,399934,Port:10,0,0,0,Missing,,,,,,,,,0
1,,399950,Port:10,0,0,0,Missing,,,,,,,,,0
1,,399974,Port:10,0,0,0,Missing,,,,,,,,,0
1,,399998,Port:10,0,0,0,Missing,,,,,,,,,0
1,,400006,Port:10,0,0,0,Missing,,,,,,,,,0
1,,400022,Port:10,0,0,0,Missing,,,,,,,,,0
1,,400038,Port:10,0,0,0,Missing,,,,,,,,,0
1,,400054,Port:10,0,0,0,Missing,,,,,,,,,0
1,,400070,Port:10,0,0,0,Missing,,,,,,,,,0
1,,400078,Port:10,0,0,0,Missing,,,,,,,,,0
1,,400094,Port:10,0,0,0,Missing,,,,,,,,,0
1,,400118,Port:10,0,0,0,Missing,,,,,,,,,0
1,,400126,Port:10,0,0,0,Missing,,,,,,,,,0
1,,400142,Port:10,0,0,0,Missing,,,,,,,,,0
1,,400158,Port:10,0,0,0,Missing,,,,,,,,,0
1,,400174,Port:10,0,0,0,Missing,,,,,,,,,0
1,,400190,Port:10,0,0,0,Missing,,,,,,,,,0
1,,400198,Port:10,0,0,0,Missing,,,,,,,,,0
1,,400238,Port:10,0,0,0,Missing,,,,,,,,,0
1,,400246,Port:10,0,0,0,Missing,,,,,,,,,0
1,,400262,Port:10,0,0,0,Missing,,,,,,,,,0
1,,400278,Port:10,0,0,0,Missing,,,,,,,,,0
1,,400294,Port:10,0,0,0,Missing,,,,,,,,,0
1,,400310,Port:10,0,0,0,Missing,,,,,,,,,0
1,,400318,Port:10,0,0,0,Missing,,,,,,,,,0
1,,400334,Port:10,0,0,0,Missing,,,,,,,,,0
1,,400358,Port:10,0,0,0,Missing,,,,,,,,,0
1,,400366,Port:10,0,0,0,Missing,,,,,,,,,0
1,,400382,Port:10,0,0,0,Missing,,,,,,,,,0
1,,400398,Port:10,0,0,0,Missing,,,,,,,,,0
1,,400414,Port:10,0,0,0,Missing,,,,,,,,,0
1,,400430,Port:10,0,0,0,Missing,,,,,,,,,0
1,,400438,Port:10,0,0,0,Missing,,,,,,,,,0
1,,400462,Port:10,0,0,0,Missing,,,,,,,,,0
1,,400478,Port:10,0,0,0,Missing,,,,,,,,,0
1,,400502,Port:10,0,0,0,Missing,,,,,,,,,0
1,,400518,Port:10,0,0,0,Missing,,,,,,,,,0
1,,400534,Port:10,0,0,0,Missing,,,,,,,,,0
1,,400550,Port:10,0,0,0,Missing,,,,,,,,,0
1,,400558,Port:10,0,0,0,Missing,,,,,,,,,0
1,,400582,Port:10,0,0,0,Missing,,,,,,,,,0
1,,400598,Port:10,0,0,0,Missing,,,,,,,,,0
1,,400606,Port:10,0,0,0,Missing,,,,,,,,,0
1,,400622,Port:10,0,0,0,Missing,,,,,,,,,0
1,,400638,Port:10,0,0,0,Missing,,,,,,,,,0
1,,400654,Port:10,0,0,0,Missing,,,,,,,,,0
1,,400670,Port:10,0,0,0,Missing,,,,,,,,,0
1,,400702,Port:10,0,0,0,Missing,,,,,,,,,0
1,,400718,Port:10,0,0,0,Missing,,,,,,,,,0
1,,400726,Port:10,0,0,0,Missing,,,,,,,,,0
1,,400742,Port:10,0,0,0,Missing,,,,,,,,,0
1,,400758,Port:10,0,0,0,Missing,,,,,,,,,0
1,,400774,Port:10,0,0,0,Missing,,,,,,,,,0
1,,400790,Port:10,0,0,0,Missing,,,,,,,,,0
1,,400798,Port:10,0,0,0,Missing,,,,,,,,,0
1,,400822,Port:10,0,0,0,Missing,,,,,,,,,0
1,,400838,Port:10,0,0,0,Missing,,,,,,,,,0
1,,400846,Port:10,0,0,0,Missing,,,,,,,,,0
1,,400862,Port:10,0,0,0,Missing,,,,,,,,,0
1,,400878,Port:10,0,0,0,Missing,,,,,,,,,0
1,,400894,Port:10,0,0,0,Missing,,,,,,,,,0
1,,400910,Port:10,0,0,0,Missing,,,,,,,,,0
1,,400942,Port:10,0,0,0,Missing,,,,,,,,,0
1,,400958,Port:10,0,0,0,Missing,,,,,,,,,0
1,,400966,Port:10,0,0,0,Missing,,,,,,,,,0
1,,400982,Port:10,0,0,0,Missing,,,,,,,,,0
1,,400998,Port:10,0,0,0,Missing,,,,,,,,,0
1,,401014,Port:10,0,0,0,Missing,,,,,,,,,0
1,,401030,Port:10,0,0,0,Missing,,,,,,,,,0
1,,401038,Port:10,0,0,0,Missing,,,,,,,,,0
1,,401062,Port:10,0,0,0,Missing,,,,,,,,,0
1,,401078,Port:10,0,0,0,Missing,,,,,,,,,0
1,,401086,Port:10,0,0,0,Missing,,,,,,,,,0
1,,401102,Port:10,0,0,0,Missing,,,,,,,,,0
1,,401118,Port:10,0,0,0,Missing,,,,,,,,,0
1,,401134,Port:10,0,0,0,Missing,,,,,,,,,0
1,,401150,Port:10,0,0,0,Missing,,,,,,,,,0
1,,401158,Port:10,0,0,0,Missing,,,,,,,,,0
1,,401198,Port:10,0,0,0,Missing,,,,,,,,,0
1,,401206,Port:10,0,0,0,Missing,,,,,,,,,0
1,,401222,Port:10,0,0,0,Missing,,,,,,,,,0
1,,401238,Port:10,0,0,0,Missing,,,,,,,,,0
1,,401254,Port:10,0,0,0,Missing,,,,,,,,,0
1,,401270,Port:10,0,0,0,Missing,,,,,,,,,0
1,,401278,Port:10,0,0,0,Missing,,,,,,,,,0
1,,401302,Port:10,0,0,0,Missing,,,,,,,,,0
1,,401318,Port:10,0,0,0,Missing,,,,,,,,,0
1,,401326,Port:10,0,0,0,Missing,,,,,,,,,0
1,,401342,Port:10,0,0,0,Missing,,,,,,,,,0
1,,401358,Port:10,0,0,0,Missing,,,,,,,,,0
1,,401374,Port:10,0,0,0,Missing,,,,,,,,,0
1,,401390,Port:10,0,0,0,Missing,,,,,,,,,0
1,,401422,Port:10,0,0,0,Missing,,,,,,,,,0
1,,401438,Port:10,0,0,0,Missing,,,,,,,,,0
1,,401446,Port:10,0,0,0,Missing,,,,,,,,,0
1,,401462,Port:10,0,0,0,Missing,,,,,,,,,0
1,,401478,Port:10,0,0,0,Missing,,,,,,,,,0
1,,401494,Port:10,0,0,0,Missing,,,,,,,,,0
1,,401510,Port:10,0,0,0,Missing,,,,,,,,,0
1,,401526,Port:10,0,0,0,Missing,,,,,,,,,0
1,,401542,Port:10,0,0,0,Missing,,,,,,,,,0
1,,401558,Port:10,0,0,0,Missing,,,,,,,,,0
1,,401566,Port:10,0,0,0,Missing,,,,,,,,,0
1,,401582,Port:10,0,0,0,Missing,,,,,,,,,0
1,,401598,Port:10,0,0,0,Missing,,,,,,,,,0
1,,401614,Port:10,0,0,0,Missing,,,,,,,,,0
1,,401630,Port:10,0,0,0,Missing,,,,,,,,,0
1,,401646,Port:10,0,0,0,Missing,,,,,,,,,0
1,,401662,Port:10,0,0,0,Missing,,,,,,,,,0
1,,401678,Port:10,0,0,0,Missing,,,,,,,,,0
1,,401702,Port:10,0,0,0,Missing,,,,,,,,,0
1,,401718,Port:10,0,0,0,Missing,,,,,,,,,0
1,,401734,Port:10,0,0,0,Missing,,,,,,,,,0
1,,401750,Port:10,0,0,0,Missing,,,,,,,,,0
1,,401766,Port:10,0,0,0,Missing,,,,,,,,,0
1,,401782,Port:10,0,0,0,Missing,,,,,,,,,0
1,,401798,Port:10,0,0,0,Missing,,,,,,,,,0
1,,401806,Port:10,0,0,0,Missing,,,,,,,,,0
1,,401822,Port:10,0,0,0,Missing,,,,,,,,,0
1,,401838,Port:10,0,0,0,Missing,,,,,,,,,0
1,,401854,Port:10,0,0,0,Missing,,,,,,,,,0
1,,401870,Port:10,0,0,0,Missing,,,,,,,,,0
1,,401886,Port:10,0,0,0,Missing,,,,,,,,,0
1,,401902,Port:10,0,0,0,Missing,,,,,,,,,0
1,,401918,Port:10,0,0,0,Missing,,,,,,,,,0
1,,401942,Port:10,0,0,0,Missing,,,,,,,,,0
1,,401958,Port:10,0,0,0,Missing,,,,,,,,,0
1,,401974,Port:10,0,0,0,Missing,,,,,,,,,0
1,,401990,Port:10,0,0,0,Missing,,,,,,,,,0
1,,402006,Port:10,0,0,0,Missing,,,,,,,,,0
1,,402022,Port:10,0,0,0,Missing,,,,,,,,,0
1,,402038,Port:10,0,0,0,Missing,,,,,,,,,0
1,,402046,Port:10,0,0,0,Missing,,,,,,,,,0
1,,402062,Port:10,0,0,0,Missing,,,,,,,,,0
1,,402078,Port:10,0,0,0,Missing,,,,,,,,,0
1,,402094,Port:10,0,0,0,Missing,,,,,,,,,0
1,,402110,Port:10,0,0,0,Missing,,,,,,,,,0
1,,402126,Port:10,0,0,0,Missing,,,,,,,,,0
1,,402142,Port:10,0,0,0,Missing,,,,,,,,,0
1,,402158,Port:10,0,0,0,Missing,,,,,,,,,0
1,,402182,Port:10,0,0,0,Missing,,,,,,,,,0
1,,402198,Port:10,0,0,0,Missing,,,,,,,,,0
1,,402214,Port:10,0,0,0,Missing,,,,,,,,,0
1,,402230,Port:10,0,0,0,Missing,,,,,,,,,0
1,,402246,Port:10,0,0,0,Missing,,,,,,,,,0
1,,402262,Port:10,0,0,0,Missing,,,,,,,,,0
1,,402278,Port:10,0,0,0,Missing,,,,,,,,,0
1,,402286,Port:10,0,0,0,Missing,,,,,,,,,0
1,,402302,Port:10,0,0,0,Missing,,,,,,,,,0
1,,402318,Port:10,0,0,0,Missing,,,,,,,,,0
1,,402334,Port:10,0,0,0,Missing,,,,,,,,,0
1,,402350,Port:10,0,0,0,Missing,,,,,,,,,0
1,,402366,Port:10,0,0,0,Missing,,,,,,,,,0
1,,402382,Port:10,0,0,0,Missing,,,,,,,,,0
1,,402398,Port:10,0,0,0,Missing,,,,,,,,,0
1,,402422,Port:10,0,0,0,Missing,,,,,,,,,0
1,,402438,Port:10,0,0,0,Missing,,,,,,,,,0
1,,402454,Port:10,0,0,0,Missing,,,,,,,,,0
1,,402470,Port:10,0,0,0,Missing,,,,,,,,,0
1,,402486,Port:10,0,0,0,Missing,,,,,,,,,0
1,,402502,Port:10,0,0,0,Missing,,,,,,,,,0
1,,402518,Port:10,0,0,0,Missing,,,,,,,,,0
1,,402534,Port:10,0,0,0,Missing,,,,,,,,,0
1,,402542,Port:10,0,0,0,Missing,,,,,,,,,0
1,,402558,Port:10,0,0,0,Missing,,,,,,,,,0
1,,402574,Port:10,0,0,0,Missing,,,,,,,,,0
1,,402590,Port:10,0,0,0,Missing,,,,,,,,,0
1,,402606,Port:10,0,0,0,Missing,,,,,,,,,0
1,,402622,Port:10,0,0,0,Missing,,,,,,,,,0
1,,402638,Port:10,0,0,0,Missing,,,,,,,,,0
1,,402662,Port:10,0,0,0,Missing,,,,,,,,,0
1,,402678,Port:10,0,0,0,Missing,,,,,,,,,0
1,,402694,Port:10,0,0,0,Missing,,,,,,,,,0
1,,402710,Port:10,0,0,0,Missing,,,,,,,,,0
1,,402726,Port:10,0,0,0,Missing,,,,,,,,,0
1,,402742,Port:10,0,0,0,Missing,,,,,,,,,0
1,,402758,Port:10,0,0,0,Missing,,,,,,,,,0
1,,402774,Port:10,0,0,0,Missing,,,,,,,,,0
1,,402782,Port:10,0,0,0,Missing,,,,,,,,,0
1,,402798,Port:10,0,0,0,Missing,,,,,,,,,0
1,,402814,Port:10,0,0,0,Missing,,,,,,,,,0
1,,402830,Port:10,0,0,0,Missing,,,,,,,,,0
1,,402846,Port:10,0,0,0,Missing,,,,,,,,,0
1,,402862,Port:10,0,0,0,Missing,,,,,,,,,0
1,,402878,Port:10,0,0,0,Missing,,,,,,,,,0
1,,402902,Port:10,0,0,0,Missing,,,,,,,,,0
1,,402918,Port:10,0,0,0,Missing,,,,,,,,,0
1,,402934,Port:10,0,0,0,Missing,,,,,,,,,0
1,,402950,Port:10,0,0,0,Missing,,,,,,,,,0
1,,402966,Port:10,0,0,0,Missing,,,,,,,,,0
1,,402982,Port:10,0,0,0,Missing,,,,,,,,,0
1,,402998,Port:10,0,0,0,Missing,,,,,,,,,0
1,,403014,Port:10,0,0,0,Missing,,,,,,,,,0
1,,403022,Port:10,0,0,0,Missing,,,,,,,,,0
1,,403038,Port:10,0,0,0,Missing,,,,,,,,,0
1,,403054,Port:10,0,0,0,Missing,,,,,,,,,0
1,,403070,Port:10,0,0,0,Missing,,,,,,,,,0
1,,403086,Port:10,0,0,0,Missing,,,,,,,,,0
1,,403102,Port:10,0,0,0,Missing,,,,,,,,,0
1,,403118,Port:10,0,0,0,Missing,,,,,,,,,0
1,,403142,Port:10,0,0,0,Missing,,,,,,,,,0
1,,403158,Port:10,0,0,0,Missing,,,,,,,,,0
1,,403174,Port:10,0,0,0,Missing,,,,,,,,,0
1,,403190,Port:10,0,0,0,Missing,,,,,,,,,0
1,,403206,Port:10,0,0,0,Missing,,,,,,,,,0
1,,403222,Port:10,0,0,0,Missing,,,,,,,,,0
1,,403238,Port:10,0,0,0,Missing,,,,,,,,,0
1,,403246,Port:10,0,0,0,Missing,,,,,,,,,0
1,,403262,Port:10,0,0,0,Missing,,,,,,,,,0
1,,403286,Port:10,0,0,0,Missing,,,,,,,,,0
1,,403294,Port:10,0,0,0,Missing,,,,,,,,,0
1,,403310,Port:10,0,0,0,Missing,,,,,,,,,0
1,,403326,Port:10,0,0,0,Missing,,,,,,,,,0
1,,403342,Port:10,0,0,0,Missing,,,,,,,,,0
1,,403366,Port:10,0,0,0,Missing,,,,,,,,,0
1,,403382,Port:10,0,0,0,Missing,,,,,,,,,0
1,,403406,Port:10,0,0,0,Missing,,,,,,,,,0
1,,403414,Port:10,0,0,0,Missing,,,,,,,,,0
1,,403430,Port:10,0,0,0,Missing,,,,,,,,,0
1,,403446,Port:10,0,0,0,Missing,,,,,,,,,0
1,,403462,Port:10,0,0,0,Missing,,,,,,,,,0
1,,403478,Port:10,0,0,0,Missing,,,,,,,,,0
1,,403486,Port:10,0,0,0,Missing,,,,,,,,,0
1,,403502,Port:10,0,0,0,Missing,,,,,,,,,0
1,,403526,Port:10,0,0,0,Missing,,,,,,,,,0
1,,403534,Port:10,0,0,0,Missing,,,,,,,,,0
1,,403550,Port:10,0,0,0,Missing,,,,,,,,,0
1,,403566,Port:10,0,0,0,Missing,,,,,,,,,0
1,,403582,Port:10,0,0,0,Missing,,,,,,,,,0
1,,403606,Port:10,0,0,0,Missing,,,,,,,,,0
1,,403622,Port:10,0,0,0,Missing,,,,,,,,,0
1,,403646,Port:10,0,0,0,Missing,,,,,,,,,0
1,,403654,Port:10,0,0,0,Missing,,,,,,,,,0
1,,403670,Port:10,0,0,0,Missing,,,,,,,,,0
1,,403686,Port:10,0,0,0,Missing,,,,,,,,,0
1,,403702,Port:10,0,0,0,Missing,,,,,,,,,0
1,,403718,Port:10,0,0,0,Missing,,,,,,,,,0
1,,403726,Port:10,0,0,0,Missing,,,,,,,,,0
1,,403742,Port:10,0,0,0,Missing,,,,,,,,,0
1,,403766,Port:10,0,0,0,Missing,,,,,,,,,0
1,,403774,Port:10,0,0,0,Missing,,,,,,,,,0
1,,403790,Port:10,0,0,0,Missing,,,,,,,,,0
1,,403806,Port:10,0,0,0,Missing,,,,,,,,,0
1,,403822,Port:10,0,0,0,Missing,,,,,,,,,0
1,,403846,Port:10,0,0,0,Missing,,,,,,,,,0
1,,403862,Port:10,0,0,0,Missing,,,,,,,,,0
1,,403886,Port:10,0,0,0,Missing,,,,,,,,,0
1,,403894,Port:10,0,0,0,Missing,,,,,,,,,0
1,,403910,Port:10,0,0,0,Missing,,,,,,,,,0
1,,403926,Port:10,0,0,0,Missing,,,,,,,,,0
1,,403942,Port:10,0,0,0,Missing,,,,,,,,,0
1,,403958,Port:10,0,0,0,Missing,,,,,,,,,0
1,,403966,Port:10,0,0,0,Missing,,,,,,,,,0
1,,403982,Port:10,0,0,0,Missing,,,,,,,,,0
1,,404006,Port:10,0,0,0,Missing,,,,,,,,,0
1,,404014,Port:10,0,0,0,Missing,,,,,,,,,0
1,,404030,Port:10,0,0,0,Missing,,,,,,,,,0
1,,404046,Port:10,0,0,0,Missing,,,,,,,,,0
1,,404062,Port:10,0,0,0,Missing,,,,,,,,,0
1,,404086,Port:10,0,0,0,Missing,,,,,,,,,0
1,,404102,Port:10,0,0,0,Missing,,,,,,,,,0
1,,404126,Port:10,0,0,0,Missing,,,,,,,,,0
1,,404134,Port:10,0,0,0,Missing,,,,,,,,,0
1,,404150,Port:10,0,0,0,Missing,,,,,,,,,0
1,,404166,Port:10,0,0,0,Missing,,,,,,,,,0
1,,404182,Port:10,0,0,0,Missing,,,,,,,,,0
1,,404198,Port:10,0,0,0,Missing,,,,,,,,,0
1,,404206,Port:10,0,0,0,Missing,,,,,,,,,0
1,,404230,Port:10,0,0,0,Missing,,,,,,,,,0
1,,404246,Port:10,0,0,0,Missing,,,,,,,,,0
1,,404254,Port:10,0,0,0,Missing,,,,,,,,,0
1,,404270,Port:10,0,0,0,Missing,,,,,,,,,0
1,,404286,Port:10,0,0,0,Missing,,,,,,,,,0
1,,404318,Port:10,0,0,0,Missing,,,,,,,,,0
1,,404326,Port:10,0,0,0,Missing,,,,,,,,,0
1,,404350,Port:10,0,0,0,Missing,,,,,,,,,0
1,,404366,Port:10,0,0,0,Missing,,,,,,,,,0
1,,404374,Port:10,0,0,0,Missing,,,,,,,,,0
1,,404390,Port:10,0,0,0,Missing,,,,,,,,,0
1,,404406,Port:10,0,0,0,Missing,,,,,,,,,0
1,,404422,Port:10,0,0,0,Missing,,,,,,,,,0
1,,404438,Port:10,0,0,0,Missing,,,,,,,,,0
1,,404446,Port:10,0,0,0,Missing,,,,,,,,,0
1,,404470,Port:10,0,0,0,Missing,,,,,,,,,0
1,,404486,Port:10,0,0,0,Missing,,,,,,,,,0
1,,404494,Port:10,0,0,0,Missing,,,,,,,,,0
1,,404510,Port:10,0,0,0,Missing,,,,,,,,,0
1,,404526,Port:10,0,0,0,Missing,,,,,,,,,0
1,,404558,Port:10,0,0,0,Missing,,,,,,,,,0
1,,404566,Port:10,0,0,0,Missing,,,,,,,,,0
1,,404590,Port:10,0,0,0,Missing,,,,,,,,,0
1,,404606,Port:10,0,0,0,Missing,,,,,,,,,0
1,,404614,Port:10,0,0,0,Missing,,,,,,,,,0
1,,404630,Port:10,0,0,0,Missing,,,,,,,,,0
1,,404646,Port:10,0,0,0,Missing,,,,,,,,,0
1,,404662,Port:10,0,0,0,Missing,,,,,,,,,0
1,,404678,Port:10,0,0,0,Missing,,,,,,,,,0
1,,404686,Port:10,0,0,0,Missing,,,,,,,,,0
1,,404710,Port:10,0,0,0,Missing,,,,,,,,,0
1,,404726,Port:10,0,0,0,Missing,,,,,,,,,0
1,,404734,Port:10,0,0,0,Missing,,,,,,,,,0
1,,404750,Port:10,0,0,0,Missing,,,,,,,,,0
1,,404766,Port:10,0,0,0,Missing,,,,,,,,,0
1,,404798,Port:10,0,0,0,Missing,,,,,,,,,0
1,,404814,Port:10,0,0,0,Missing,,,,,,,,,0
1,,404830,Port:10,0,0,0,Missing,,,,,,,,,0
1,,404846,Port:10,0,0,0,Missing,,,,,,,,,0
1,,404854,Port:10,0,0,0,Missing,,,,,,,,,0
1,,404870,Port:10,0,0,0,Missing,,,,,,,,,0
1,,404886,Port:10,0,0,0,Missing,,,,,,,,,0
1,,404902,Port:10,0,0,0,Missing,,,,,,,,,0
1,,404918,Port:10,0,0,0,Missing,,,,,,,,,0
1,,404934,Port:10,0,0,0,Missing,,,,,,,,,0
1,,404950,Port:10,0,0,0,Missing,,,,,,,,,0
1,,404966,Port:10,0,0,0,Missing,,,,,,,,,0
1,,404974,Port:10,0,0,0,Missing,,,,,,,,,0
1,,404990,Port:10,0,0,0,Missing,,,,,,,,,0
1,,405006,Port:10,0,0,0,Missing,,,,,,,,,0
1,,405022,Port:10,0,0,0,Missing,,,,,,,,,0
1,,405054,Port:10,0,0,0,Missing,,,,,,,,,0
1,,405070,Port:10,0,0,0,Missing,,,,,,,,,0
1,,405086,Port:10,0,0,0,Missing,,,,,,,,,0
1,,405094,Port:10,0,0,0,Missing,,,,,,,,,0
1,,405110,Port:10,0,0,0,Missing,,,,,,,,,0
1,,405126,Port:10,0,0,0,Missing,,,,,,,,,0
1,,405142,Port:10,0,0,0,Missing,,,,,,,,,0
1,,405158,Port:10,0,0,0,Missing,,,,,,,,,0
1,,405174,Port:10,0,0,0,Missing,,,,,,,,,0
1,,405190,Port:10,0,0,0,Missing,,,,,,,,,0
1,,405206,Port:10,0,0,0,Missing,,,,,,,,,0
1,,405214,Port:10,0,0,0,Missing,,,,,,,,,0
1,,405230,Port:10,0,0,0,Missing,,,,,,,,,0
1,,405262,Port:10,0,0,0,Missing,,,,,,,,,0
1,,405278,Port:10,0,0,0,Missing,,,,,,,,,0
1,,405294,Port:10,0,0,0,Missing,,,,,,,,,0
1,,405310,Port:10,0,0,0,Missing,,,,,,,,,0
1,,405326,Port:10,0,0,0,Missing,,,,,,,,,0
1,,405334,Port:10,0,0,0,Missing,,,,,,,,,0
1,,405350,Port:10,0,0,0,Missing,,,,,,,,,0
1,,405366,Port:10,0,0,0,Missing,,,,,,,,,0
1,,405382,Port:10,0,0,0,Missing,,,,,,,,,0
1,,405398,Port:10,0,0,0,Missing,,,,,,,,,0
1,,405414,Port:10,0,0,0,Missing,,,,,,,,,0
1,,405430,Port:10,0,0,0,Missing,,,,,,,,,0
1,,405446,Port:10,0,0,0,Missing,,,,,,,,,0
1,,405454,Port:10,0,0,0,Missing,,,,,,,,,0
1,,405470,Port:10,0,0,0,Missing,,,,,,,,,0
1,,405486,Port:10,0,0,0,Missing,,,,,,,,,0
1,,405518,Port:10,0,0,0,Missing,,,,,,,,,0
1,,405534,Port:10,0,0,0,Missing,,,,,,,,,0
1,,405550,Port:10,0,0,0,Missing,,,,,,,,,0
1,,405566,Port:10,0,0,0,Missing,,,,,,,,,0
1,,405574,Port:10,0,0,0,Missing,,,,,,,,,0
1,,405590,Port:10,0,0,0,Missing,,,,,,,,,0
1,,405606,Port:10,0,0,0,Missing,,,,,,,,,0
1,,405622,Port:10,0,0,0,Missing,,,,,,,,,0
1,,405638,Port:10,0,0,0,Missing,,,,,,,,,0
1,,405654,Port:10,0,0,0,Missing,,,,,,,,,0
1,,405670,Port:10,0,0,0,Missing,,,,,,,,,0
1,,405686,Port:10,0,0,0,Missing,,,,,,,,,0
1,,405694,Port:10,0,0,0,Missing,,,,,,,,,0
1,,405710,Port:10,0,0,0,Missing,,,,,,,,,0
1,,405726,Port:10,0,0,0,Missing,,,,,,,,,0
1,,405758,Port:10,0,0,0,Missing,,,,,,,,,0
1,,405774,Port:10,0,0,0,Missing,,,,,,,,,0
1,,405790,Port:10,0,0,0,Missing,,,,,,,,,0
1,,405806,Port:10,0,0,0,Missing,,,,,,,,,0
1,,405814,Port:10,0,0,0,Missing,,,,,,,,,0
1,,405830,Port:10,0,0,0,Missing,,,,,,,,,0
1,,405846,Port:10,0,0,0,Missing,,,,,,,,,0
1,,405862,Port:10,0,0,0,Missing,,,,,,,,,0
1,,405878,Port:10,0,0,0,Missing,,,,,,,,,0
1,,405894,Port:10,0,0,0,Missing,,,,,,,,,0
1,,405910,Port:10,0,0,0,Missing,,,,,,,,,0
1,,405926,Port:10,0,0,0,Missing,,,,,,,,,0
1,,405942,Port:10,0,0,0,Missing,,,,,,,,,0
1,,405950,Port:10,0,0,0,Missing,,,,,,,,,0
1,,405966,Port:10,0,0,0,Missing,,,,,,,,,0
1,,405998,Port:10,0,0,0,Missing,,,,,,,,,0
1,,406014,Port:10,0,0,0,Missing,,,,,,,,,0
1,,406030,Port:10,0,0,0,Missing,,,,,,,,,0
1,,406046,Port:10,0,0,0,Missing,,,,,,,,,0
1,,406054,Port:10,0,0,0,Missing,,,,,,,,,0
1,,406070,Port:10,0,0,0,Missing,,,,,,,,,0
1,,406086,Port:10,0,0,0,Missing,,,,,,,,,0
1,,406102,Port:10,0,0,0,Missing,,,,,,,,,0
1,,406118,Port:10,0,0,0,Missing,,,,,,,,,0
1,,406134,Port:10,0,0,0,Missing,,,,,,,,,0
1,,406150,Port:10,0,0,0,Missing,,,,,,,,,0
1,,406166,Port:10,0,0,0,Missing,,,,,,,,,0
1,,406182,Port:10,0,0,0,Missing,,,,,,,,,0
1,,406190,Port:10,0,0,0,Missing,,,,,,,,,0
1,,406206,Port:10,0,0,0,Missing,,,,,,,,,0
1,,406238,Port:10,0,0,0,Missing,,,,,,,,,0
1,,406254,Port:10,0,0,0,Missing,,,,,,,,,0
1,,406270,Port:10,0,0,0,Missing,,,,,,,,,0
1,,406286,Port:10,0,0,0,Missing,,,,,,,,,0
1,,406294,Port:10,0,0,0,Missing,,,,,,,,,0
1,,406310,Port:10,0,0,0,Missing,,,,,,,,,0
1,,406326,Port:10,0,0,0,Missing,,,,,,,,,0
1,,406342,Port:10,0,0,0,Missing,,,,,,,,,0
1,,406358,Port:10,0,0,0,Missing,,,,,,,,,0
1,,406374,Port:10,0,0,0,Missing,,,,,,,,,0
1,,406390,Port:10,0,0,0,Missing,,,,,,,,,0
1,,406406,Port:10,0,0,0,Missing,,,,,,,,,0
1,,406414,Port:10,0,0,0,Missing,,,,,,,,,0
1,,406430,Port:10,0,0,0,Missing,,,,,,,,,0
1,,406462,Port:10,0,0,0,Missing,,,,,,,,,0
1,,406478,Port:10,0,0,0,Missing,,,,,,,,,0
1,,406494,Port:10,0,0,0,Missing,,,,,,,,,0
1,,406510,Port:10,0,0,0,Missing,,,,,,,,,0
1,,406526,Port:10,0,0,0,Missing,,,,,,,,,0
1,,406534,Port:10,0,0,0,Missing,,,,,,,,,0
1,,406550,Port:10,0,0,0,Missing,,,,,,,,,0
1,,406566,Port:10,0,0,0,Missing,,,,,,,,,0
1,,406582,Port:10,0,0,0,Missing,,,,,,,,,0
1,,406598,Port:10,0,0,0,Missing,,,,,,,,,0
1,,406614,Port:10,0,0,0,Missing,,,,,,,,,0
1,,406630,Port:10,0,0,0,Missing,,,,,,,,,0
1,,406646,Port:10,0,0,0,Missing,,,,,,,,,0
1,,406662,Port:10,0,0,0,Missing,,,,,,,,,0
1,,406670,Port:10,0,0,0,Missing,,,,,,,,,0
1,,406702,Port:10,0,0,0,Missing,,,,,,,,,0
1,,406718,Port:10,0,0,0,Missing,,,,,,,,,0
1,,406734,Port:10,0,0,0,Missing,,,,,,,,,0
1,,406750,Port:10,0,0,0,Missing,,,,,,,,,0
1,,406766,Port:10,0,0,0,Missing,,,,,,,,,0
1,,406774,Port:10,0,0,0,Missing,,,,,,,,,0
1,,406790,Port:10,0,0,0,Missing,,,,,,,,,0
1,,406806,Port:10,0,0,0,Missing,,,,,,,,,0
1,,406822,Port:10,0,0,0,Missing,,,,,,,,,0
1,,406838,Port:10,0,0,0,Missing,,,,,,,,,0
1,,406854,Port:10,0,0,0,Missing,,,,,,,,,0
1,,406870,Port:10,0,0,0,Missing,,,,,,,,,0
1,,406886,Port:10,0,0,0,Missing,,,,,,,,,0
1,,406902,Port:10,0,0,0,Missing,,,,,,,,,0
1,,406910,Port:10,0,0,0,Missing,,,,,,,,,0
1,,406942,Port:10,0,0,0,Missing,,,,,,,,,0
1,,406958,Port:10,0,0,0,Missing,,,,,,,,,0
1,,406974,Port:10,0,0,0,Missing,,,,,,,,,0
1,,406990,Port:10,0,0,0,Missing,,,,,,,,,0
1,,407006,Port:10,0,0,0,Missing,,,,,,,,,0
1,,407022,Port:10,0,0,0,Missing,,,,,,,,,0
1,,407030,Port:10,0,0,0,Missing,,,,,,,,,0
1,,407046,Port:10,0,0,0,Missing,,,,,,,,,0
1,,407062,Port:10,0,0,0,Missing,,,,,,,,,0
1,,407078,Port:10,0,0,0,Missing,,,,,,,,,0
1,,407094,Port:10,0,0,0,Missing,,,,,,,,,0
1,,407110,Port:10,0,0,0,Missing,,,,,,,,,0
1,,407126,Port:10,0,0,0,Missing,,,,,,,,,0
1,,407134,Port:10,0,0,0,Missing,,,,,,,,,0
1,,407150,Port:10,0,0,0,Missing,,,,,,,,,0
1,,407182,Port:10,0,0,0,Missing,,,,,,,,,0
1,,407198,Port:10,0,0,0,Missing,,,,,,,,,0
1,,407214,Port:10,0,0,0,Missing,,,,,,,,,0
1,,407230,Port:10,0,0,0,Missing,,,,,,,,,0
1,,407246,Port:10,0,0,0,Missing,,,,,,,,,0
1,,407254,Port:10,0,0,0,Missing,,,,,,,,,0
1,,407270,Port:10,0,0,0,Missing,,,,,,,,,0
1,,407286,Port:10,0,0,0,Missing,,,,,,,,,0
1,,407302,Port:10,0,0,0,Missing,,,,,,,,,0
1,,407318,Port:10,0,0,0,Missing,,,,,,,,,0
1,,407334,Port:10,0,0,0,Missing,,,,,,,,,0
1,,407350,Port:10,0,0,0,Missing,,,,,,,,,0
1,,407366,Port:10,0,0,0,Missing,,,,,,,,,0
1,,407374,Port:10,0,0,0,Missing,,,,,,,,,0
1,,407390,Port:10,0,0,0,Missing,,,,,,,,,0
1,,407430,Port:10,0,0,0,Missing,,,,,,,,,0
1,,407438,Port:10,0,0,0,Missing,,,,,,,,,0
1,,407454,Port:10,0,0,0,Missing,,,,,,,,,0
1,,407470,Port:10,0,0,0,Missing,,,,,,,,,0
1,,407486,Port:10,0,0,0,Missing,,,,,,,,,0
1,,407494,Port:10,0,0,0,Missing,,,,,,,,,0
1,,407510,Port:10,0,0,0,Missing,,,,,,,,,0
1,,407526,Port:10,0,0,0,Missing,,,,,,,,,0
1,,407550,Port:10,0,0,0,Missing,,,,,,,,,0
1,,407558,Port:10,0,0,0,Missing,,,,,,,,,0
1,,407574,Port:10,0,0,0,Missing,,,,,,,,,0
1,,407590,Port:10,0,0,0,Missing,,,,,,,,,0
1,,407606,Port:10,0,0,0,Missing,,,,,,,,,0
1,,407622,Port:10,0,0,0,Missing,,,,,,,,,0
1,,407630,Port:10,0,0,0,Missing,,,,,,,,,0
1,,407670,Port:10,0,0,0,Missing,,,,,,,,,0
1,,407678,Port:10,0,0,0,Missing,,,,,,,,,0
1,,407694,Port:10,0,0,0,Missing,,,,,,,,,0
1,,407710,Port:10,0,0,0,Missing,,,,,,,,,0
1,,407726,Port:10,0,0,0,Missing,,,,,,,,,0
1,,407742,Port:10,0,0,0,Missing,,,,,,,,,0
1,,407750,Port:10,0,0,0,Missing,,,,,,,,,0
1,,407766,Port:10,0,0,0,Missing,,,,,,,,,0
1,,407782,Port:10,0,0,0,Missing,,,,,,,,,0
1,,407798,Port:10,0,0,0,Missing,,,,,,,,,0
1,,407814,Port:10,0,0,0,Missing,,,,,,,,,0
1,,407830,Port:10,0,0,0,Missing,,,,,,,,,0
1,,407846,Port:10,0,0,0,Missing,,,,,,,,,0
1,,407862,Port:10,0,0,0,Missing,,,,,,,,,0
1,,407870,Port:10,0,0,0,Missing,,,,,,,,,0
1,,407910,Port:10,0,0,0,Missing,,,,,,,,,0
1,,407918,Port:10,0,0,0,Missing,,,,,,,,,0
1,,407934,Port:10,0,0,0,Missing,,,,,,,,,0
1,,407950,Port:10,0,0,0,Missing,,,,,,,,,0
1,,407966,Port:10,0,0,0,Missing,,,,,,,,,0
1,,407982,Port:10,0,0,0,Missing,,,,,,,,,0
1,,407990,Port:10,0,0,0,Missing,,,,,,,,,0
1,,408006,Port:10,0,0,0,Missing,,,,,,,,,0
1,,408030,Port:10,0,0,0,Missing,,,,,,,,,0
1,,408038,Port:10,0,0,0,Missing,,,,,,,,,0
1,,408054,Port:10,0,0,0,Missing,,,,,,,,,0
1,,408070,Port:10,0,0,0,Missing,,,,,,,,,0
1,,408086,Port:10,0,0,0,Missing,,,,,,,,,0
1,,408102,Port:10,0,0,0,Missing,,,,,,,,,0
1,,408110,Port:10,0,0,0,Missing,,,,,,,,,0
1,,408134,Port:10,0,0,0,Missing,,,,,,,,,0
1,,408142,Port:10,0,0,0,Missing,,,,,,,,,0
1,,408174,Port:10,0,0,0,Missing,,,,,,,,,0
1,,408190,Port:10,0,0,0,Missing,,,,,,,,,0
1,,408206,Port:10,0,0,0,Missing,,,,,,,,,0
1,,408222,Port:10,0,0,0,Missing,,,,,,,,,0
1,,408230,Port:10,0,0,0,Missing,,,,,,,,,0
1,,408254,Port:10,0,0,0,Missing,,,,,,,,,0
1,,408270,Port:10,0,0,0,Missing,,,,,,,,,0
1,,408278,Port:10,0,0,0,Missing,,,,,,,,,0
1,,408294,Port:10,0,0,0,Missing,,,,,,,,,0
1,,408310,Port:10,0,0,0,Missing,,,,,,,,,0
1,,408326,Port:10,0,0,0,Missing,,,,,,,,,0
1,,408342,Port:10,0,0,0,Missing,,,,,,,,,0
1,,408350,Port:10,0,0,0,Missing,,,,,,,,,0
1,,408374,Port:10,0,0,0,Missing,,,,,,,,,0
1,,408390,Port:10,0,0,0,Missing,,,,,,,,,0
1,,408398,Port:10,0,0,0,Missing,,,,,,,,,0
1,,408430,Port:10,0,0,0,Missing,,,,,,,,,0
1,,408446,Port:10,0,0,0,Missing,,,,,,,,,0
1,,408462,Port:10,0,0,0,Missing,,,,,,,,,0
1,,408470,Port:10,0,0,0,Missing,,,,,,,,,0
1,,408494,Port:10,0,0,0,Missing,,,,,,,,,0
1,,408510,Port:10,0,0,0,Missing,,,,,,,,,0
1,,408518,Port:10,0,0,0,Missing,,,,,,,,,0
1,,408534,Port:10,0,0,0,Missing,,,,,,,,,0
1,,408550,Port:10,0,0,0,Missing,,,,,,,,,0
1,,408566,Port:10,0,0,0,Missing,,,,,,,,,0
1,,408574,Port:10,0,0,0,Missing,,,,,,,,,0
1,,408590,Port:10,0,0,0,Missing,,,,,,,,,0
1,,408614,Port:10,0,0,0,Missing,,,,,,,,,0
1,,408622,Port:10,0,0,0,Missing,,,,,,,,,0
1,,408638,Port:10,0,0,0,Missing,,,,,,,,,0
1,,408670,Port:10,0,0,0,Missing,,,,,,,,,0
1,,408686,Port:10,0,0,0,Missing,,,,,,,,,0
1,,408702,Port:10,0,0,0,Missing,,,,,,,,,0
1,,408718,Port:10,0,0,0,Missing,,,,,,,,,0
1,,408734,Port:10,0,0,0,Missing,,,,,,,,,0
1,,408750,Port:10,0,0,0,Missing,,,,,,,,,0
1,,408758,Port:10,0,0,0,Missing,,,,,,,,,0
1,,408774,Port:10,0,0,0,Missing,,,,,,,,,0
1,,408790,Port:10,0,0,0,Missing,,,,,,,,,0
1,,408806,Port:10,0,0,0,Missing,,,,,,,,,0
1,,408822,Port:10,0,0,0,Missing,,,,,,,,,0
1,,408838,Port:10,0,0,0,Missing,,,,,,,,,0
1,,408854,Port:10,0,0,0,Missing,,,,,,,,,0
1,,408862,Port:10,0,0,0,Missing,,,,,,,,,0
1,,408878,Port:10,0,0,0,Missing,,,,,,,,,0
1,,408910,Port:10,0,0,0,Missing,,,,,,,,,0
1,,408926,Port:10,0,0,0,Missing,,,,,,,,,0
1,,408942,Port:10,0,0,0,Missing,,,,,,,,,0
1,,408958,Port:10,0,0,0,Missing,,,,,,,,,0
1,,408974,Port:10,0,0,0,Missing,,,,,,,,,0
1,,408990,Port:10,0,0,0,Missing,,,,,,,,,0
1,,408998,Port:10,0,0,0,Missing,,,,,,,,,0
1,,409014,Port:10,0,0,0,Missing,,,,,,,,,0
1,,409030,Port:10,0,0,0,Missing,,,,,,,,,0
1,,409046,Port:10,0,0,0,Missing,,,,,,,,,0
1,,409062,Port:10,0,0,0,Missing,,,,,,,,,0
1,,409078,Port:10,0,0,0,Missing,,,,,,,,,0
1,,409094,Port:10,0,0,0,Missing,,,,,,,,,0
1,,409110,Port:10,0,0,0,Missing,,,,,,,,,0
1,,409134,Port:10,0,0,0,Missing,,,,,,,,,0
1,,409150,Port:10,0,0,0,Missing,,,,,,,,,0
1,,409166,Port:10,0,0,0,Missing,,,,,,,,,0
1,,409182,Port:10,0,0,0,Missing,,,,,,,,,0
1,,409198,Port:10,0,0,0,Missing,,,,,,,,,0
1,,409214,Port:10,0,0,0,Missing,,,,,,,,,0
1,,409222,Port:10,0,0,0,Missing,,,,,,,,,0
1,,409238,Port:10,0,0,0,Missing,,,,,,,,,0
1,,409254,Port:10,0,0,0,Missing,,,,,,,,,0
1,,409270,Port:10,0,0,0,Missing,,,,,,,,,0
1,,409286,Port:10,0,0,0,Missing,,,,,,,,,0
1,,409302,Port:10,0,0,0,Missing,,,,,,,,,0
1,,409318,Port:10,0,0,0,Missing,,,,,,,,,0
1,,409334,Port:10,0,0,0,Missing,,,,,,,,,0
1,,409350,Port:10,0,0,0,Missing,,,,,,,,,0
1,,409374,Port:10,0,0,0,Missing,,,,,,,,,0
1,,409390,Port:10,0,0,0,Missing,,,,,,,,,0
1,,409406,Port:10,0,0,0,Missing,,,,,,,,,0
1,,409422,Port:10,0,0,0,Missing,,,,,,,,,0
1,,409438,Port:10,0,0,0,Missing,,,,,,,,,0
1,,409454,Port:10,0,0,0,Missing,,,,,,,,,0
1,,409470,Port:10,0,0,0,Missing,,,,,,,,,0
1,,409478,Port:10,0,0,0,Missing,,,,,,,,,0
1,,409494,Port:10,0,0,0,Missing,,,,,,,,,0
1,,409510,Port:10,0,0,0,Missing,,,,,,,,,0
1,,409526,Port:10,0,0,0,Missing,,,,,,,,,0
1,,409542,Port:10,0,0,0,Missing,,,,,,,,,0
1,,409558,Port:10,0,0,0,Missing,,,,,,,,,0
1,,409574,Port:10,0,0,0,Missing,,,,,,,,,0
1,,409590,Port:10,0,0,0,Missing,,,,,,,,,0
1,,409614,Port:10,0,0,0,Missing,,,,,,,,,0
1,,409630,Port:10,0,0,0,Missing,,,,,,,,,0
1,,409646,Port:10,0,0,0,Missing,,,,,,,,,0
1,,409662,Port:10,0,0,0,Missing,,,,,,,,,0
1,,409678,Port:10,0,0,0,Missing,,,,,,,,,0
1,,409694,Port:10,0,0,0,Missing,,,,,,,,,0
1,,409710,Port:10,0,0,0,Missing,,,,,,,,,0
1,,409718,Port:10,0,0,0,Missing,,,,,,,,,0
1,,409734,Port:10,0,0,0,Missing,,,,,,,,,0
1,,409750,Port:10,0,0,0,Missing,,,,,,,,,0
1,,409766,Port:10,0,0,0,Missing,,,,,,,,,0
1,,409782,Port:10,0,0,0,Missing,,,,,,,,,0
1,,409798,Port:10,0,0,0,Missing,,,,,,,,,0
1,,409814,Port:10,0,0,0,Missing,,,,,,,,,0
1,,409830,Port:10,0,0,0,Missing,,,,,,,,,0
1,,409854,Port:10,0,0,0,Missing,,,,,,,,,0
1,,409870,Port:10,0,0,0,Missing,,,,,,,,,0
1,,409886,Port:10,0,0,0,Missing,,,,,,,,,0
1,,409902,Port:10,0,0,0,Missing,,,,,,,,,0
1,,409918,Port:10,0,0,0,Missing,,,,,,,,,0
1,,409934,Port:10,0,0,0,Missing,,,,,,,,,0
1,,409950,Port:10,0,0,0,Missing,,,,,,,,,0
1,,409958,Port:10,0,0,0,Missing,,,,,,,,,0
1,,409974,Port:10,0,0,0,Missing,,,,,,,,,0
1,,409990,Port:10,0,0,0,Missing,,,,,,,,,0
1,,410006,Port:10,0,0,0,Missing,,,,,,,,,0
1,,410022,Port:10,0,0,0,Missing,,,,,,,,,0
1,,410038,Port:10,0,0,0,Missing,,,,,,,,,0
1,,410054,Port:10,0,0,0,Missing,,,,,,,,,0
1,,410070,Port:10,0,0,0,Missing,,,,,,,,,0
1,,410094,Port:10,0,0,0,Missing,,,,,,,,,0
1,,410110,Port:10,0,0,0,Missing,,,,,,,,,0
1,,410126,Port:10,0,0,0,Missing,,,,,,,,,0
1,,410142,Port:10,0,0,0,Missing,,,,,,,,,0
1,,410158,Port:10,0,0,0,Missing,,,,,,,,,0
1,,410174,Port:10,0,0,0,Missing,,,,,,,,,0
1,,410190,Port:10,0,0,0,Missing,,,,,,,,,0
1,,410198,Port:10,0,0,0,Missing,,,,,,,,,0
1,,410214,Port:10,0,0,0,Missing,,,,,,,,,0
1,,410230,Port:10,0,0,0,Missing,,,,,,,,,0
1,,410246,Port:10,0,0,0,Missing,,,,,,,,,0
1,,410262,Port:10,0,0,0,Missing,,,,,,,,,0
1,,410278,Port:10,0,0,0,Missing,,,,,,,,,0
1,,410294,Port:10,0,0,0,Missing,,,,,,,,,0
1,,410318,Port:10,0,0,0,Missing,,,,,,,,,0
1,,410334,Port:10,0,0,0,Missing,,,,,,,,,0
1,,410350,Port:10,0,0,0,Missing,,,,,,,,,0
1,,410366,Port:10,0,0,0,Missing,,,,,,,,,0
1,,410382,Port:10,0,0,0,Missing,,,,,,,,,0
1,,410398,Port:10,0,0,0,Missing,,,,,,,,,0
1,,410414,Port:10,0,0,0,Missing,,,,,,,,,0
1,,410430,Port:10,0,0,0,Missing,,,,,,,,,0
1,,410438,Port:10,0,0,0,Missing,,,,,,,,,0
1,,410454,Port:10,0,0,0,Missing,,,,,,,,,0
1,,410470,Port:10,0,0,0,Missing,,,,,,,,,0
1,,410486,Port:10,0,0,0,Missing,,,,,,,,,0
1,,410502,Port:10,0,0,0,Missing,,,,,,,,,0
1,,410518,Port:10,0,0,0,Missing,,,,,,,,,0
1,,410534,Port:10,0,0,0,Missing,,,,,,,,,0
1,,410550,Port:10,0,0,0,Missing,,,,,,,,,0
1,,410574,Port:10,0,0,0,Missing,,,,,,,,,0
1,,410590,Port:10,0,0,0,Missing,,,,,,,,,0
1,,410606,Port:10,0,0,0,Missing,,,,,,,,,0
1,,410622,Port:10,0,0,0,Missing,,,,,,,,,0
1,,410638,Port:10,0,0,0,Missing,,,,,,,,,0
1,,410654,Port:10,0,0,0,Missing,,,,,,,,,0
1,,410670,Port:10,0,0,0,Missing,,,,,,,,,0
1,,410678,Port:10,0,0,0,Missing,,,,,,,,,0
1,,410694,Port:10,0,0,0,Missing,,,,,,,,,0
1,,410710,Port:10,0,0,0,Missing,,,,,,,,,0
1,,410726,Port:10,0,0,0,Missing,,,,,,,,,0
1,,410742,Port:10,0,0,0,Missing,,,,,,,,,0
1,,410758,Port:10,0,0,0,Missing,,,,,,,,,0
1,,410774,Port:10,0,0,0,Missing,,,,,,,,,0
1,,410798,Port:10,0,0,0,Missing,,,,,,,,,0
1,,410814,Port:10,0,0,0,Missing,,,,,,,,,0
1,,410830,Port:10,0,0,0,Missing,,,,,,,,,0
1,,410846,Port:10,0,0,0,Missing,,,,,,,,,0
1,,410862,Port:10,0,0,0,Missing,,,,,,,,,0
1,,410878,Port:10,0,0,0,Missing,,,,,,,,,0
1,,410894,Port:10,0,0,0,Missing,,,,,,,,,0
1,,410910,Port:10,0,0,0,Missing,,,,,,,,,0
1,,410918,Port:10,0,0,0,Missing,,,,,,,,,0
1,,410934,Port:10,0,0,0,Missing,,,,,,,,,0
1,,410950,Port:10,0,0,0,Missing,,,,,,,,,0
1,,410966,Port:10,0,0,0,Missing,,,,,,,,,0
1,,410982,Port:10,0,0,0,Missing,,,,,,,,,0
1,,410998,Port:10,0,0,0,Missing,,,,,,,,,0
1,,411014,Port:10,0,0,0,Missing,,,,,,,,,0
1,,411030,Port:10,0,0,0,Missing,,,,,,,,,0
1,,411054,Port:10,0,0,0,Missing,,,,,,,,,0
1,,411070,Port:10,0,0,0,Missing,,,,,,,,,0
1,,411086,Port:10,0,0,0,Missing,,,,,,,,,0
1,,411102,Port:10,0,0,0,Missing,,,,,,,,,0
1,,411118,Port:10,0,0,0,Missing,,,,,,,,,0
1,,411134,Port:10,0,0,0,Missing,,,,,,,,,0
1,,411150,Port:10,0,0,0,Missing,,,,,,,,,0
1,,411158,Port:10,0,0,0,Missing,,,,,,,,,0
1,,411174,Port:10,0,0,0,Missing,,,,,,,,,0
1,,411190,Port:10,0,0,0,Missing,,,,,,,,,0
1,,411206,Port:10,0,0,0,Missing,,,,,,,,,0
1,,411222,Port:10,0,0,0,Missing,,,,,,,,,0
1,,411238,Port:10,0,0,0,Missing,,,,,,,,,0
1,,411254,Port:10,0,0,0,Missing,,,,,,,,,0
1,,411270,Port:10,0,0,0,Missing,,,,,,,,,0
1,,411294,Port:10,0,0,0,Missing,,,,,,,,,0
1,,411310,Port:10,0,0,0,Missing,,,,,,,,,0
1,,411326,Port:10,0,0,0,Missing,,,,,,,,,0
1,,411342,Port:10,0,0,0,Missing,,,,,,,,,0
1,,411358,Port:10,0,0,0,Missing,,,,,,,,,0
1,,411374,Port:10,0,0,0,Missing,,,,,,,,,0
1,,411390,Port:10,0,0,0,Missing,,,,,,,,,0
1,,411398,Port:10,0,0,0,Missing,,,,,,,,,0
1,,411414,Port:10,0,0,0,Missing,,,,,,,,,0
1,,411430,Port:10,0,0,0,Missing,,,,,,,,,0
1,,411446,Port:10,0,0,0,Missing,,,,,,,,,0
1,,411462,Port:10,0,0,0,Missing,,,,,,,,,0
1,,411478,Port:10,0,0,0,Missing,,,,,,,,,0
1,,411494,Port:10,0,0,0,Missing,,,,,,,,,0
1,,411510,Port:10,0,0,0,Missing,,,,,,,,,0
1,,411534,Port:10,0,0,0,Missing,,,,,,,,,0
1,,411550,Port:10,0,0,0,Missing,,,,,,,,,0
1,,411566,Port:10,0,0,0,Missing,,,,,,,,,0
1,,411582,Port:10,0,0,0,Missing,,,,,,,,,0
1,,411598,Port:10,0,0,0,Missing,,,,,,,,,0
1,,411614,Port:10,0,0,0,Missing,,,,,,,,,0
1,,411630,Port:10,0,0,0,Missing,,,,,,,,,0
1,,411638,Port:10,0,0,0,Missing,,,,,,,,,0
1,,411654,Port:10,0,0,0,Missing,,,,,,,,,0
1,,411670,Port:10,0,0,0,Missing,,,,,,,,,0
1,,411686,Port:10,0,0,0,Missing,,,,,,,,,0
1,,411702,Port:10,0,0,0,Missing,,,,,,,,,0
1,,411718,Port:10,0,0,0,Missing,,,,,,,,,0
1,,411734,Port:10,0,0,0,Missing,,,,,,,,,0
1,,411758,Port:10,0,0,0,Missing,,,,,,,,,0
1,,411774,Port:10,0,0,0,Missing,,,,,,,,,0
1,,411790,Port:10,0,0,0,Missing,,,,,,,,,0
1,,411806,Port:10,0,0,0,Missing,,,,,,,,,0
1,,411822,Port:10,0,0,0,Missing,,,,,,,,,0
1,,411838,Port:10,0,0,0,Missing,,,,,,,,,0
1,,411854,Port:10,0,0,0,Missing,,,,,,,,,0
1,,411870,Port:10,0,0,0,Missing,,,,,,,,,0
1,,411878,Port:10,0,0,0,Missing,,,,,,,,,0
1,,411894,Port:10,0,0,0,Missing,,,,,,,,,0
1,,411910,Port:10,0,0,0,Missing,,,,,,,,,0
1,,411926,Port:10,0,0,0,Missing,,,,,,,,,0
1,,411942,Port:10,0,0,0,Missing,,,,,,,,,0
1,,411958,Port:10,0,0,0,Missing,,,,,,,,,0
1,,411974,Port:10,0,0,0,Missing,,,,,,,,,0
1,,411998,Port:10,0,0,0,Missing,,,,,,,,,0
1,,412014,Port:10,0,0,0,Missing,,,,,,,,,0
1,,412038,Port:10,0,0,0,Missing,,,,,,,,,0
1,,412046,Port:10,0,0,0,Missing,,,,,,,,,0
1,,412062,Port:10,0,0,0,Missing,,,,,,,,,0
1,,412078,Port:10,0,0,0,Missing,,,,,,,,,0
1,,412094,Port:10,0,0,0,Missing,,,,,,,,,0
1,,412110,Port:10,0,0,0,Missing,,,,,,,,,0
1,,412118,Port:10,0,0,0,Missing,,,,,,,,,0
1,,412134,Port:10,0,0,0,Missing,,,,,,,,,0
1,,412158,Port:10,0,0,0,Missing,,,,,,,,,0
1,,412166,Port:10,0,0,0,Missing,,,,,,,,,0
1,,412182,Port:10,0,0,0,Missing,,,,,,,,,0
1,,412198,Port:10,0,0,0,Missing,,,,,,,,,0
1,,412214,Port:10,0,0,0,Missing,,,,,,,,,0
1,,412246,Port:10,0,0,0,Missing,,,,,,,,,0
1,,412262,Port:10,0,0,0,Missing,,,,,,,,,0
1,,412270,Port:10,0,0,0,Missing,,,,,,,,,0
1,,412286,Port:10,0,0,0,Missing,,,,,,,,,0
1,,412302,Port:10,0,0,0,Missing,,,,,,,,,0
1,,412318,Port:10,0,0,0,Missing,,,,,,,,,0
1,,412334,Port:10,0,0,0,Missing,,,,,,,,,0
1,,412342,Port:10,0,0,0,Missing,,,,,,,,,0
1,,412366,Port:10,0,0,0,Missing,,,,,,,,,0
1,,412382,Port:10,0,0,0,Missing,,,,,,,,,0
1,,412390,Port:10,0,0,0,Missing,,,,,,,,,0
1,,412406,Port:10,0,0,0,Missing,,,,,,,,,0
1,,412422,Port:10,0,0,0,Missing,,,,,,,,,0
1,,412438,Port:10,0,0,0,Missing,,,,,,,,,0
1,,412462,Port:10,0,0,0,Missing,,,,,,,,,0
1,,412486,Port:10,0,0,0,Missing,,,,,,,,,0
1,,412502,Port:10,0,0,0,Missing,,,,,,,,,0
1,,412510,Port:10,0,0,0,Missing,,,,,,,,,0
1,,412526,Port:10,0,0,0,Missing,,,,,,,,,0
1,,412542,Port:10,0,0,0,Missing,,,,,,,,,0
1,,412558,Port:10,0,0,0,Missing,,,,,,,,,0
1,,412574,Port:10,0,0,0,Missing,,,,,,,,,0
1,,412590,Port:10,0,0,0,Missing,,,,,,,,,0
1,,412606,Port:10,0,0,0,Missing,,,,,,,,,0
1,,412622,Port:10,0,0,0,Missing,,,,,,,,,0
1,,412630,Port:10,0,0,0,Missing,,,,,,,,,0
1,,412646,Port:10,0,0,0,Missing,,,,,,,,,0
1,,412662,Port:10,0,0,0,Missing,,,,,,,,,0
1,,412678,Port:10,0,0,0,Missing,,,,,,,,,0
1,,412694,Port:10,0,0,0,Missing,,,,,,,,,0
1,,412710,Port:10,0,0,0,Missing,,,,,,,,,0
1,,412726,Port:10,0,0,0,Missing,,,,,,,,,0
1,,412750,Port:10,0,0,0,Missing,,,,,,,,,0
1,,412766,Port:10,0,0,0,Missing,,,,,,,,,0
1,,412782,Port:10,0,0,0,Missing,,,,,,,,,0
1,,412798,Port:10,0,0,0,Missing,,,,,,,,,0
1,,412814,Port:10,0,0,0,Missing,,,,,,,,,0
1,,412830,Port:10,0,0,0,Missing,,,,,,,,,0
1,,412846,Port:10,0,0,0,Missing,,,,,,,,,0
1,,412862,Port:10,0,0,0,Missing,,,,,,,,,0
1,,412870,Port:10,0,0,0,Missing,,,,,,,,,0
1,,412886,Port:10,0,0,0,Missing,,,,,,,,,0
1,,412902,Port:10,0,0,0,Missing,,,,,,,,,0
1,,412918,Port:10,0,0,0,Missing,,,,,,,,,0
1,,412934,Port:10,0,0,0,Missing,,,,,,,,,0
1,,412950,Port:10,0,0,0,Missing,,,,,,,,,0
1,,412966,Port:10,0,0,0,Missing,,,,,,,,,0
1,,412990,Port:10,0,0,0,Missing,,,,,,,,,0
1,,413006,Port:10,0,0,0,Missing,,,,,,,,,0
1,,413022,Port:10,0,0,0,Missing,,,,,,,,,0
1,,413038,Port:10,0,0,0,Missing,,,,,,,,,0
1,,413054,Port:10,0,0,0,Missing,,,,,,,,,0
1,,413070,Port:10,0,0,0,Missing,,,,,,,,,0
1,,413086,Port:10,0,0,0,Missing,,,,,,,,,0
1,,413102,Port:10,0,0,0,Missing,,,,,,,,,0
1,,413110,Port:10,0,0,0,Missing,,,,,,,,,0
1,,413126,Port:10,0,0,0,Missing,,,,,,,,,0
1,,413142,Port:10,0,0,0,Missing,,,,,,,,,0
1,,413158,Port:10,0,0,0,Missing,,,,,,,,,0
1,,413174,Port:10,0,0,0,Missing,,,,,,,,,0
1,,413190,Port:10,0,0,0,Missing,,,,,,,,,0
1,,413222,Port:10,0,0,0,Missing,,,,,,,,,0
1,,413230,Port:10,0,0,0,Missing,,,,,,,,,0
1,,413246,Port:10,0,0,0,Missing,,,,,,,,,0
1,,413262,Port:10,0,0,0,Missing,,,,,,,,,0
1,,413278,Port:10,0,0,0,Missing,,,,,,,,,0
1,,413294,Port:10,0,0,0,Missing,,,,,,,,,0
1,,413310,Port:10,0,0,0,Missing,,,,,,,,,0
1,,413326,Port:10,0,0,0,Missing,,,,,,,,,0
1,,413342,Port:10,0,0,0,Missing,,,,,,,,,0
1,,413350,Port:10,0,0,0,Missing,,,,,,,,,0
1,,413366,Port:10,0,0,0,Missing,,,,,,,,,0
1,,413382,Port:10,0,0,0,Missing,,,,,,,,,0
1,,413398,Port:10,0,0,0,Missing,,,,,,,,,0
1,,413414,Port:10,0,0,0,Missing,,,,,,,,,0
1,,413430,Port:10,0,0,0,Missing,,,,,,,,,0
1,,413462,Port:10,0,0,0,Missing,,,,,,,,,0
1,,413470,Port:10,0,0,0,Missing,,,,,,,,,0
1,,413486,Port:10,0,0,0,Missing,,,,,,,,,0
1,,413502,Port:10,0,0,0,Missing,,,,,,,,,0
1,,413518,Port:10,0,0,0,Missing,,,,,,,,,0
1,,413534,Port:10,0,0,0,Missing,,,,,,,,,0
1,,413550,Port:10,0,0,0,Missing,,,,,,,,,0
1,,413566,Port:10,0,0,0,Missing,,,,,,,,,0
1,,413582,Port:10,0,0,0,Missing,,,,,,,,,0
1,,413590,Port:10,0,0,0,Missing,,,,,,,,,0
1,,413606,Port:10,0,0,0,Missing,,,,,,,,,0
1,,413622,Port:10,0,0,0,Missing,,,,,,,,,0
1,,413638,Port:10,0,0,0,Missing,,,,,,,,,0
1,,413654,Port:10,0,0,0,Missing,,,,,,,,,0
1,,413670,Port:10,0,0,0,Missing,,,,,,,,,0
1,,413702,Port:10,0,0,0,Missing,,,,,,,,,0
1,,413710,Port:10,0,0,0,Missing,,,,,,,,,0
1,,413726,Port:10,0,0,0,Missing,,,,,,,,,0
1,,413742,Port:10,0,0,0,Missing,,,,,,,,,0
1,,413758,Port:10,0,0,0,Missing,,,,,,,,,0
1,,413774,Port:10,0,0,0,Missing,,,,,,,,,0
1,,413790,Port:10,0,0,0,Missing,,,,,,,,,0
1,,413806,Port:10,0,0,0,Missing,,,,,,,,,0
1,,413822,Port:10,0,0,0,Missing,,,,,,,,,0
1,,413830,Port:10,0,0,0,Missing,,,,,,,,,0
1,,413846,Port:10,0,0,0,Missing,,,,,,,,,0
1,,413862,Port:10,0,0,0,Missing,,,,,,,,,0
1,,413878,Port:10,0,0,0,Missing,,,,,,,,,0
1,,413894,Port:10,0,0,0,Missing,,,,,,,,,0
1,,413910,Port:10,0,0,0,Missing,,,,,,,,,0
1,,413942,Port:10,0,0,0,Missing,,,,,,,,,0
1,,413950,Port:10,0,0,0,Missing,,,,,,,,,0
1,,413966,Port:10,0,0,0,Missing,,,,,,,,,0
1,,413982,Port:10,0,0,0,Missing,,,,,,,,,0
1,,413998,Port:10,0,0,0,Missing,,,,,,,,,0
1,,414014,Port:10,0,0,0,Missing,,,,,,,,,0
1,,414030,Port:10,0,0,0,Missing,,,,,,,,,0
1,,414046,Port:10,0,0,0,Missing,,,,,,,,,0
1,,414062,Port:10,0,0,0,Missing,,,,,,,,,0
1,,414070,Port:10,0,0,0,Missing,,,,,,,,,0
1,,414086,Port:10,0,0,0,Missing,,,,,,,,,0
1,,414102,Port:10,0,0,0,Missing,,,,,,,,,0
1,,414118,Port:10,0,0,0,Missing,,,,,,,,,0
1,,414134,Port:10,0,0,0,Missing,,,,,,,,,0
1,,414150,Port:10,0,0,0,Missing,,,,,,,,,0
1,,414182,Port:10,0,0,0,Missing,,,,,,,,,0
1,,414190,Port:10,0,0,0,Missing,,,,,,,,,0
1,,414206,Port:10,0,0,0,Missing,,,,,,,,,0
1,,414222,Port:10,0,0,0,Missing,,,,,,,,,0
1,,414238,Port:10,0,0,0,Missing,,,,,,,,,0
1,,414254,Port:10,0,0,0,Missing,,,,,,,,,0
1,,414270,Port:10,0,0,0,Missing,,,,,,,,,0
1,,414286,Port:10,0,0,0,Missing,,,,,,,,,0
1,,414302,Port:10,0,0,0,Missing,,,,,,,,,0
1,,414310,Port:10,0,0,0,Missing,,,,,,,,,0
1,,414326,Port:10,0,0,0,Missing,,,,,,,,,0
1,,414350,Port:10,0,0,0,Missing,,,,,,,,,0
1,,414358,Port:10,0,0,0,Missing,,,,,,,,,0
1,,414374,Port:10,0,0,0,Missing,,,,,,,,,0
1,,414390,Port:10,0,0,0,Missing,,,,,,,,,0
1,,414422,Port:10,0,0,0,Missing,,,,,,,,,0
1,,414430,Port:10,0,0,0,Missing,,,,,,,,,0
1,,414446,Port:10,0,0,0,Missing,,,,,,,,,0
1,,414470,Port:10,0,0,0,Missing,,,,,,,,,0
1,,414478,Port:10,0,0,0,Missing,,,,,,,,,0
1,,414494,Port:10,0,0,0,Missing,,,,,,,,,0
1,,414510,Port:10,0,0,0,Missing,,,,,,,,,0
1,,414526,Port:10,0,0,0,Missing,,,,,,,,,0
1,,414542,Port:10,0,0,0,Missing,,,,,,,,,0
1,,414550,Port:10,0,0,0,Missing,,,,,,,,,0
1,,414566,Port:10,0,0,0,Missing,,,,,,,,,0
1,,414590,Port:10,0,0,0,Missing,,,,,,,,,0
1,,414598,Port:10,0,0,0,Missing,,,,,,,,,0
1,,414614,Port:10,0,0,0,Missing,,,,,,,,,0
1,,414630,Port:10,0,0,0,Missing,,,,,,,,,0
1,,414662,Port:10,0,0,0,Missing,,,,,,,,,0
1,,414670,Port:10,0,0,0,Missing,,,,,,,,,0
1,,414686,Port:10,0,0,0,Missing,,,,,,,,,0
1,,414710,Port:10,0,0,0,Missing,,,,,,,,,0
1,,414718,Port:10,0,0,0,Missing,,,,,,,,,0
1,,414734,Port:10,0,0,0,Missing,,,,,,,,,0
1,,414750,Port:10,0,0,0,Missing,,,,,,,,,0
1,,414766,Port:10,0,0,0,Missing,,,,,,,,,0
1,,414782,Port:10,0,0,0,Missing,,,,,,,,,0
1,,414790,Port:10,0,0,0,Missing,,,,,,,,,0
1,,414806,Port:10,0,0,0,Missing,,,,,,,,,0
1,,414830,Port:10,0,0,0,Missing,,,,,,,,,0
1,,414846,Port:10,0,0,0,Missing,,,,,,,,,0
1,,414854,Port:10,0,0,0,Missing,,,,,,,,,0
1,,414870,Port:10,0,0,0,Missing,,,,,,,,,0
1,,414902,Port:10,0,0,0,Missing,,,,,,,,,0
1,,414910,Port:10,0,0,0,Missing,,,,,,,,,0
1,,414926,Port:10,0,0,0,Missing,,,,,,,,,0
1,,414950,Port:10,0,0,0,Missing,,,,,,,,,0
1,,414958,Port:10,0,0,0,Missing,,,,,,,,,0
1,,414974,Port:10,0,0,0,Missing,,,,,,,,,0
1,,414990,Port:10,0,0,0,Missing,,,,,,,,,0
1,,415006,Port:10,0,0,0,Missing,,,,,,,,,0
1,,415022,Port:10,0,0,0,Missing,,,,,,,,,0
1,,415038,Port:10,0,0,0,Missing,,,,,,,,,0
1,,415046,Port:10,0,0,0,Missing,,,,,,,,,0
1,,415070,Port:10,0,0,0,Missing,,,,,,,,,0
1,,415078,Port:10,0,0,0,Missing,,,,,,,,,0
1,,415094,Port:10,0,0,0,Missing,,,,,,,,,0
1,,415110,Port:10,0,0,0,Missing,,,,,,,,,0
1,,415142,Port:10,0,0,0,Missing,,,,,,,,,0
1,,415150,Port:10,0,0,0,Missing,,,,,,,,,0
1,,415166,Port:10,0,0,0,Missing,,,,,,,,,0
1,,415190,Port:10,0,0,0,Missing,,,,,,,,,0
1,,415198,Port:10,0,0,0,Missing,,,,,,,,,0
1,,415214,Port:10,0,0,0,Missing,,,,,,,,,0
1,,415230,Port:10,0,0,0,Missing,,,,,,,,,0
1,,415246,Port:10,0,0,0,Missing,,,,,,,,,0
1,,415262,Port:10,0,0,0,Missing,,,,,,,,,0
1,,415278,Port:10,0,0,0,Missing,,,,,,,,,0
1,,415286,Port:10,0,0,0,Missing,,,,,,,,,0
1,,415310,Port:10,0,0,0,Missing,,,,,,,,,0
1,,415318,Port:10,0,0,0,Missing,,,,,,,,,0
1,,415334,Port:10,0,0,0,Missing,,,,,,,,,0
1,,415366,Port:10,0,0,0,Missing,,,,,,,,,0
1,,415382,Port:10,0,0,0,Missing,,,,,,,,,0
1,,415390,Port:10,0,0,0,Missing,,,,,,,,,0
1,,415406,Port:10,0,0,0,Missing,,,,,,,,,0
1,,415430,Port:10,0,0,0,Missing,,,,,,,,,0
1,,415438,Port:10,0,0,0,Missing,,,,,,,,,0
1,,415454,Port:10,0,0,0,Missing,,,,,,,,,0
1,,415470,Port:10,0,0,0,Missing,,,,,,,,,0
1,,415486,Port:10,0,0,0,Missing,,,,,,,,,0
1,,415502,Port:10,0,0,0,Missing,,,,,,,,,0
1,,415518,Port:10,0,0,0,Missing,,,,,,,,,0
1,,415534,Port:10,0,0,0,Missing,,,,,,,,,0
1,,415550,Port:10,0,0,0,Missing,,,,,,,,,0
1,,415566,Port:10,0,0,0,Missing,,,,,,,,,0
1,,415574,Port:10,0,0,0,Missing,,,,,,,,,0
1,,415606,Port:10,0,0,0,Missing,,,,,,,,,0
1,,415622,Port:10,0,0,0,Missing,,,,,,,,,0
1,,415630,Port:10,0,0,0,Missing,,,,,,,,,0
1,,415654,Port:10,0,0,0,Missing,,,,,,,,,0
1,,415670,Port:10,0,0,0,Missing,,,,,,,,,0
1,,415678,Port:10,0,0,0,Missing,,,,,,,,,0
1,,415694,Port:10,0,0,0,Missing,,,,,,,,,0
1,,415710,Port:10,0,0,0,Missing,,,,,,,,,0
1,,415726,Port:10,0,0,0,Missing,,,,,,,,,0
1,,415742,Port:10,0,0,0,Missing,,,,,,,,,0
1,,415758,Port:10,0,0,0,Missing,,,,,,,,,0
1,,415774,Port:10,0,0,0,Missing,,,,,,,,,0
1,,415790,Port:10,0,0,0,Missing,,,,,,,,,0
1,,415806,Port:10,0,0,0,Missing,,,,,,,,,0
1,,415814,Port:10,0,0,0,Missing,,,,,,,,,0
1,,415830,Port:10,0,0,0,Missing,,,,,,,,,0
1,,415862,Port:10,0,0,0,Missing,,,,,,,,,0
1,,415870,Port:10,0,0,0,Missing,,,,,,,,,0
1,,415894,Port:10,0,0,0,Missing,,,,,,,,,0
1,,415910,Port:10,0,0,0,Missing,,,,,,,,,0
1,,415918,Port:10,0,0,0,Missing,,,,,,,,,0
1,,415934,Port:10,0,0,0,Missing,,,,,,,,,0
1,,415950,Port:10,0,0,0,Missing,,,,,,,,,0
1,,415966,Port:10,0,0,0,Missing,,,,,,,,,0
1,,415982,Port:10,0,0,0,Missing,,,,,,,,,0
1,,415998,Port:10,0,0,0,Missing,,,,,,,,,0
1,,416014,Port:10,0,0,0,Missing,,,,,,,,,0
1,,416030,Port:10,0,0,0,Missing,,,,,,,,,0
1,,416046,Port:10,0,0,0,Missing,,,,,,,,,0
1,,416054,Port:10,0,0,0,Missing,,,,,,,,,0
1,,416086,Port:10,0,0,0,Missing,,,,,,,,,0
1,,416102,Port:10,0,0,0,Missing,,,,,,,,,0
1,,416110,Port:10,0,0,0,Missing,,,,,,,,,0
1,,416134,Port:10,0,0,0,Missing,,,,,,,,,0
1,,416150,Port:10,0,0,0,Missing,,,,,,,,,0
1,,416158,Port:10,0,0,0,Missing,,,,,,,,,0
1,,416174,Port:10,0,0,0,Missing,,,,,,,,,0
1,,416190,Port:10,0,0,0,Missing,,,,,,,,,0
1,,416206,Port:10,0,0,0,Missing,,,,,,,,,0
1,,416222,Port:10,0,0,0,Missing,,,,,,,,,0
1,,416238,Port:10,0,0,0,Missing,,,,,,,,,0
1,,416254,Port:10,0,0,0,Missing,,,,,,,,,0
1,,416270,Port:10,0,0,0,Missing,,,,,,,,,0
1,,416286,Port:10,0,0,0,Missing,,,,,,,,,0
1,,416294,Port:10,0,0,0,Missing,,,,,,,,,0
1,,416326,Port:10,0,0,0,Missing,,,,,,,,,0
1,,416342,Port:10,0,0,0,Missing,,,,,,,,,0
1,,416350,Port:10,0,0,0,Missing,,,,,,,,,0
1,,416374,Port:10,0,0,0,Missing,,,,,,,,,0
1,,416390,Port:10,0,0,0,Missing,,,,,,,,,0
1,,416398,Port:10,0,0,0,Missing,,,,,,,,,0
1,,416414,Port:10,0,0,0,Missing,,,,,,,,,0
1,,416430,Port:10,0,0,0,Missing,,,,,,,,,0
1,,416446,Port:10,0,0,0,Missing,,,,,,,,,0
1,,416462,Port:10,0,0,0,Missing,,,,,,,,,0
1,,416478,Port:10,0,0,0,Missing,,,,,,,,,0
1,,416494,Port:10,0,0,0,Missing,,,,,,,,,0
1,,416510,Port:10,0,0,0,Missing,,,,,,,,,0
1,,416526,Port:10,0,0,0,Missing,,,,,,,,,0
1,,416534,Port:10,0,0,0,Missing,,,,,,,,,0
1,,416566,Port:10,0,0,0,Missing,,,,,,,,,0
1,,416582,Port:10,0,0,0,Missing,,,,,,,,,0
1,,416598,Port:10,0,0,0,Missing,,,,,,,,,0
1,,416614,Port:10,0,0,0,Missing,,,,,,,,,0
1,,416630,Port:10,0,0,0,Missing,,,,,,,,,0
1,,416638,Port:10,0,0,0,Missing,,,,,,,,,0
1,,416654,Port:10,0,0,0,Missing,,,,,,,,,0
1,,416670,Port:10,0,0,0,Missing,,,,,,,,,0
1,,416686,Port:10,0,0,0,Missing,,,,,,,,,0
1,,416702,Port:10,0,0,0,Missing,,,,,,,,,0
1,,416718,Port:10,0,0,0,Missing,,,,,,,,,0
1,,416734,Port:10,0,0,0,Missing,,,,,,,,,0
1,,416750,Port:10,0,0,0,Missing,,,,,,,,,0
1,,416766,Port:10,0,0,0,Missing,,,,,,,,,0
1,,416774,Port:10,0,0,0,Missing,,,,,,,,,0
1,,416806,Port:10,0,0,0,Missing,,,,,,,,,0
1,,416822,Port:10,0,0,0,Missing,,,,,,,,,0
1,,416838,Port:10,0,0,0,Missing,,,,,,,,,0
1,,416854,Port:10,0,0,0,Missing,,,,,,,,,0
1,,416870,Port:10,0,0,0,Missing,,,,,,,,,0
1,,416886,Port:10,0,0,0,Missing,,,,,,,,,0
1,,416894,Port:10,0,0,0,Missing,,,,,,,,,0
1,,416910,Port:10,0,0,0,Missing,,,,,,,,,0
1,,416926,Port:10,0,0,0,Missing,,,,,,,,,0
1,,416942,Port:10,0,0,0,Missing,,,,,,,,,0
1,,416958,Port:10,0,0,0,Missing,,,,,,,,,0
1,,416974,Port:10,0,0,0,Missing,,,,,,,,,0
1,,416990,Port:10,0,0,0,Missing,,,,,,,,,0
1,,417006,Port:10,0,0,0,Missing,,,,,,,,,0
1,,417014,Port:10,0,0,0,Missing,,,,,,,,,0
1,,417046,Port:10,0,0,0,Missing,,,,,,,,,0
1,,417062,Port:10,0,0,0,Missing,,,,,,,,,0
1,,417078,Port:10,0,0,0,Missing,,,,,,,,,0
1,,417094,Port:10,0,0,0,Missing,,,,,,,,,0
1,,417110,Port:10,0,0,0,Missing,,,,,,,,,0
1,,417118,Port:10,0,0,0,Missing,,,,,,,,,0
1,,417134,Port:10,0,0,0,Missing,,,,,,,,,0
1,,417150,Port:10,0,0,0,Missing,,,,,,,,,0
1,,417166,Port:10,0,0,0,Missing,,,,,,,,,0
1,,417182,Port:10,0,0,0,Missing,,,,,,,,,0
1,,417198,Port:10,0,0,0,Missing,,,,,,,,,0
1,,417214,Port:10,0,0,0,Missing,,,,,,,,,0
1,,417230,Port:10,0,0,0,Missing,,,,,,,,,0
1,,417246,Port:10,0,0,0,Missing,,,,,,,,,0
1,,417254,Port:10,0,0,0,Missing,,,,,,,,,0
1,,417286,Port:10,0,0,0,Missing,,,,,,,,,0
1,,417302,Port:10,0,0,0,Missing,,,,,,,,,0
1,,417318,Port:10,0,0,0,Missing,,,,,,,,,0
1,,417334,Port:10,0,0,0,Missing,,,,,,,,,0
1,,417350,Port:10,0,0,0,Missing,,,,,,,,,0
1,,417358,Port:10,0,0,0,Missing,,,,,,,,,0
1,,417374,Port:10,0,0,0,Missing,,,,,,,,,0
1,,417390,Port:10,0,0,0,Missing,,,,,,,,,0
1,,417406,Port:10,0,0,0,Missing,,,,,,,,,0
1,,417422,Port:10,0,0,0,Missing,,,,,,,,,0
1,,417438,Port:10,0,0,0,Missing,,,,,,,,,0
1,,417454,Port:10,0,0,0,Missing,,,,,,,,,0
1,,417470,Port:10,0,0,0,Missing,,,,,,,,,0
1,,417486,Port:10,0,0,0,Missing,,,,,,,,,0
1,,417494,Port:10,0,0,0,Missing,,,,,,,,,0
1,,417526,Port:10,0,0,0,Missing,,,,,,,,,0
1,,417542,Port:10,0,0,0,Missing,,,,,,,,,0
1,,417558,Port:10,0,0,0,Missing,,,,,,,,,0
1,,417574,Port:10,0,0,0,Missing,,,,,,,,,0
1,,417590,Port:10,0,0,0,Missing,,,,,,,,,0
1,,417606,Port:10,0,0,0,Missing,,,,,,,,,0
1,,417614,Port:10,0,0,0,Missing,,,,,,,,,0
1,,417630,Port:10,0,0,0,Missing,,,,,,,,,0
1,,417646,Port:10,0,0,0,Missing,,,,,,,,,0
1,,417662,Port:10,0,0,0,Missing,,,,,,,,,0
1,,417678,Port:10,0,0,0,Missing,,,,,,,,,0
1,,417694,Port:10,0,0,0,Missing,,,,,,,,,0
1,,417710,Port:10,0,0,0,Missing,,,,,,,,,0
1,,417726,Port:10,0,0,0,Missing,,,,,,,,,0
1,,417734,Port:10,0,0,0,Missing,,,,,,,,,0
1,,417766,Port:10,0,0,0,Missing,,,,,,,,,0
1,,417782,Port:10,0,0,0,Missing,,,,,,,,,0
1,,417798,Port:10,0,0,0,Missing,,,,,,,,,0
1,,417814,Port:10,0,0,0,Missing,,,,,,,,,0
1,,417830,Port:10,0,0,0,Missing,,,,,,,,,0
1,,417846,Port:10,0,0,0,Missing,,,,,,,,,0
1,,417854,Port:10,0,0,0,Missing,,,,,,,,,0
1,,417870,Port:10,0,0,0,Missing,,,,,,,,,0
1,,417886,Port:10,0,0,0,Missing,,,,,,,,,0
1,,417902,Port:10,0,0,0,Missing,,,,,,,,,0
1,,417918,Port:10,0,0,0,Missing,,,,,,,,,0
1,,417934,Port:10,0,0,0,Missing,,,,,,,,,0
1,,417950,Port:10,0,0,0,Missing,,,,,,,,,0
1,,417966,Port:10,0,0,0,Missing,,,,,,,,,0
1,,417990,Port:10,0,0,0,Missing,,,,,,,,,0
1,,418006,Port:10,0,0,0,Missing,,,,,,,,,0
1,,418022,Port:10,0,0,0,Missing,,,,,,,,,0
1,,418038,Port:10,0,0,0,Missing,,,,,,,,,0
1,,418054,Port:10,0,0,0,Missing,,,,,,,,,0
1,,418070,Port:10,0,0,0,Missing,,,,,,,,,0
1,,418086,Port:10,0,0,0,Missing,,,,,,,,,0
1,,418094,Port:10,0,0,0,Missing,,,,,,,,,0
1,,418110,Port:10,0,0,0,Missing,,,,,,,,,0
1,,418126,Port:10,0,0,0,Missing,,,,,,,,,0
1,,418142,Port:10,0,0,0,Missing,,,,,,,,,0
1,,418158,Port:10,0,0,0,Missing,,,,,,,,,0
1,,418174,Port:10,0,0,0,Missing,,,,,,,,,0
1,,418190,Port:10,0,0,0,Missing,,,,,,,,,0
1,,418206,Port:10,0,0,0,Missing,,,,,,,,,0
1,,418214,Port:10,0,0,0,Missing,,,,,,,,,0
1,,418246,Port:10,0,0,0,Missing,,,,,,,,,0
1,,418262,Port:10,0,0,0,Missing,,,,,,,,,0
1,,418278,Port:10,0,0,0,Missing,,,,,,,,,0
1,,418294,Port:10,0,0,0,Missing,,,,,,,,,0
1,,418310,Port:10,0,0,0,Missing,,,,,,,,,0
1,,418326,Port:10,0,0,0,Missing,,,,,,,,,0
1,,418334,Port:10,0,0,0,Missing,,,,,,,,,0
1,,418350,Port:10,0,0,0,Missing,,,,,,,,,0
1,,418366,Port:10,0,0,0,Missing,,,,,,,,,0
1,,418382,Port:10,0,0,0,Missing,,,,,,,,,0
1,,418398,Port:10,0,0,0,Missing,,,,,,,,,0
1,,418414,Port:10,0,0,0,Missing,,,,,,,,,0
1,,418430,Port:10,0,0,0,Missing,,,,,,,,,0
1,,418446,Port:10,0,0,0,Missing,,,,,,,,,0
1,,418454,Port:10,0,0,0,Missing,,,,,,,,,0
1,,418486,Port:10,0,0,0,Missing,,,,,,,,,0
1,,418502,Port:10,0,0,0,Missing,,,,,,,,,0
1,,418518,Port:10,0,0,0,Missing,,,,,,,,,0
1,,418534,Port:10,0,0,0,Missing,,,,,,,,,0
1,,418550,Port:10,0,0,0,Missing,,,,,,,,,0
1,,418558,Port:10,0,0,0,Missing,,,,,,,,,0
1,,418574,Port:10,0,0,0,Missing,,,,,,,,,0
1,,418598,Port:10,0,0,0,Missing,,,,,,,,,0
1,,418614,Port:10,0,0,0,Missing,,,,,,,,,0
1,,418622,Port:10,0,0,0,Missing,,,,,,,,,0
1,,418638,Port:10,0,0,0,Missing,,,,,,,,,0
1,,418654,Port:10,0,0,0,Missing,,,,,,,,,0
1,,418670,Port:10,0,0,0,Missing,,,,,,,,,0
1,,418678,Port:10,0,0,0,Missing,,,,,,,,,0
1,,418718,Port:10,0,0,0,Missing,,,,,,,,,0
1,,418726,Port:10,0,0,0,Missing,,,,,,,,,0
1,,418742,Port:10,0,0,0,Missing,,,,,,,,,0
1,,418758,Port:10,0,0,0,Missing,,,,,,,,,0
1,,418774,Port:10,0,0,0,Missing,,,,,,,,,0
1,,418790,Port:10,0,0,0,Missing,,,,,,,,,0
1,,418798,Port:10,0,0,0,Missing,,,,,,,,,0
1,,418814,Port:10,0,0,0,Missing,,,,,,,,,0
1,,418838,Port:10,0,0,0,Missing,,,,,,,,,0
1,,418854,Port:10,0,0,0,Missing,,,,,,,,,0
1,,418862,Port:10,0,0,0,Missing,,,,,,,,,0
1,,418878,Port:10,0,0,0,Missing,,,,,,,,,0
1,,418894,Port:10,0,0,0,Missing,,,,,,,,,0
1,,418910,Port:10,0,0,0,Missing,,,,,,,,,0
1,,418926,Port:10,0,0,0,Missing,,,,,,,,,0
1,,418934,Port:10,0,0,0,Missing,,,,,,,,,0
1,,418966,Port:10,0,0,0,Missing,,,,,,,,,0
1,,418982,Port:10,0,0,0,Missing,,,,,,,,,0
1,,418998,Port:10,0,0,0,Missing,,,,,,,,,0
1,,419014,Port:10,0,0,0,Missing,,,,,,,,,0
1,,419030,Port:10,0,0,0,Missing,,,,,,,,,0
1,,419046,Port:10,0,0,0,Missing,,,,,,,,,0
1,,419062,Port:10,0,0,0,Missing,,,,,,,,,0
1,,419070,Port:10,0,0,0,Missing,,,,,,,,,0
1,,419086,Port:10,0,0,0,Missing,,,,,,,,,0
1,,419102,Port:10,0,0,0,Missing,,,,,,,,,0
1,,419118,Port:10,0,0,0,Missing,,,,,,,,,0
1,,419134,Port:10,0,0,0,Missing,,,,,,,,,0
1,,419150,Port:10,0,0,0,Missing,,,,,,,,,0
1,,419166,Port:10,0,0,0,Missing,,,,,,,,,0
1,,419174,Port:10,0,0,0,Missing,,,,,,,,,0
1,,419206,Port:10,0,0,0,Missing,,,,,,,,,0
1,,419222,Port:10,0,0,0,Missing,,,,,,,,,0
1,,419238,Port:10,0,0,0,Missing,,,,,,,,,0
1,,419254,Port:10,0,0,0,Missing,,,,,,,,,0
1,,419270,Port:10,0,0,0,Missing,,,,,,,,,0
1,,419286,Port:10,0,0,0,Missing,,,,,,,,,0
1,,419294,Port:10,0,0,0,Missing,,,,,,,,,0
1,,419310,Port:10,0,0,0,Missing,,,,,,,,,0
1,,419326,Port:10,0,0,0,Missing,,,,,,,,,0
1,,419342,Port:10,0,0,0,Missing,,,,,,,,,0
1,,419358,Port:10,0,0,0,Missing,,,,,,,,,0
1,,419374,Port:10,0,0,0,Missing,,,,,,,,,0
1,,419390,Port:10,0,0,0,Missing,,,,,,,,,0
1,,419406,Port:10,0,0,0,Missing,,,,,,,,,0
1,,419430,Port:10,0,0,0,Missing,,,,,,,,,0
1,,419446,Port:10,0,0,0,Missing,,,,,,,,,0
1,,419462,Port:10,0,0,0,Missing,,,,,,,,,0
1,,419478,Port:10,0,0,0,Missing,,,,,,,,,0
1,,419494,Port:10,0,0,0,Missing,,,,,,,,,0
1,,419510,Port:10,0,0,0,Missing,,,,,,,,,0
1,,419526,Port:10,0,0,0,Missing,,,,,,,,,0
1,,419534,Port:10,0,0,0,Missing,,,,,,,,,0
1,,419550,Port:10,0,0,0,Missing,,,,,,,,,0
1,,419566,Port:10,0,0,0,Missing,,,,,,,,,0
1,,419582,Port:10,0,0,0,Missing,,,,,,,,,0
1,,419598,Port:10,0,0,0,Missing,,,,,,,,,0
1,,419614,Port:10,0,0,0,Missing,,,,,,,,,0
1,,419630,Port:10,0,0,0,Missing,,,,,,,,,0
1,,419646,Port:10,0,0,0,Missing,,,,,,,,,0
1,,419654,Port:10,0,0,0,Missing,,,,,,,,,0
1,,419686,Port:10,0,0,0,Missing,,,,,,,,,0
1,,419710,Port:10,0,0,0,Missing,,,,,,,,,0
1,,419718,Port:10,0,0,0,Missing,,,,,,,,,0
1,,419734,Port:10,0,0,0,Missing,,,,,,,,,0
1,,419750,Port:10,0,0,0,Missing,,,,,,,,,0
1,,419766,Port:10,0,0,0,Missing,,,,,,,,,0
1,,419782,Port:10,0,0,0,Missing,,,,,,,,,0
1,,419790,Port:10,0,0,0,Missing,,,,,,,,,0
1,,419806,Port:10,0,0,0,Missing,,,,,,,,,0
1,,419822,Port:10,0,0,0,Missing,,,,,,,,,0
1,,419838,Port:10,0,0,0,Missing,,,,,,,,,0
1,,419854,Port:10,0,0,0,Missing,,,,,,,,,0
1,,419870,Port:10,0,0,0,Missing,,,,,,,,,0
1,,419886,Port:10,0,0,0,Missing,,,,,,,,,0
1,,419894,Port:10,0,0,0,Missing,,,,,,,,,0
1,,419926,Port:10,0,0,0,Missing,,,,,,,,,0
1,,419942,Port:10,0,0,0,Missing,,,,,,,,,0
1,,419958,Port:10,0,0,0,Missing,,,,,,,,,0
1,,419974,Port:10,0,0,0,Missing,,,,,,,,,0
1,,419990,Port:10,0,0,0,Missing,,,,,,,,,0
1,,420006,Port:10,0,0,0,Missing,,,,,,,,,0
1,,420014,Port:10,0,0,0,Missing,,,,,,,,,0
1,,420030,Port:10,0,0,0,Missing,,,,,,,,,0
1,,420054,Port:10,0,0,0,Missing,,,,,,,,,0
1,,420070,Port:10,0,0,0,Missing,,,,,,,,,0
1,,420078,Port:10,0,0,0,Missing,,,,,,,,,0
1,,420094,Port:10,0,0,0,Missing,,,,,,,,,0
1,,420110,Port:10,0,0,0,Missing,,,,,,,,,0
1,,420126,Port:10,0,0,0,Missing,,,,,,,,,0
1,,420150,Port:10,0,0,0,Missing,,,,,,,,,0
1,,420174,Port:10,0,0,0,Missing,,,,,,,,,0
1,,420190,Port:10,0,0,0,Missing,,,,,,,,,0
1,,420198,Port:10,0,0,0,Missing,,,,,,,,,0
1,,420214,Port:10,0,0,0,Missing,,,,,,,,,0
1,,420230,Port:10,0,0,0,Missing,,,,,,,,,0
1,,420246,Port:10,0,0,0,Missing,,,,,,,,,0
1,,420262,Port:10,0,0,0,Missing,,,,,,,,,0
1,,420270,Port:10,0,0,0,Missing,,,,,,,,,0
1,,420294,Port:10,0,0,0,Missing,,,,,,,,,0
1,,420302,Port:10,0,0,0,Missing,,,,,,,,,0
1,,420318,Port:10,0,0,0,Missing,,,,,,,,,0
1,,420334,Port:10,0,0,0,Missing,,,,,,,,,0
1,,420350,Port:10,0,0,0,Missing,,,,,,,,,0
1,,420366,Port:10,0,0,0,Missing,,,,,,,,,0
1,,420374,Port:10,0,0,0,Missing,,,,,,,,,0
1,,420414,Port:10,0,0,0,Missing,,,,,,,,,0
1,,420430,Port:10,0,0,0,Missing,,,,,,,,,0
1,,420438,Port:10,0,0,0,Missing,,,,,,,,,0
1,,420454,Port:10,0,0,0,Missing,,,,,,,,,0
1,,420470,Port:10,0,0,0,Missing,,,,,,,,,0
1,,420486,Port:10,0,0,0,Missing,,,,,,,,,0
1,,420502,Port:10,0,0,0,Missing,,,,,,,,,0
1,,420510,Port:10,0,0,0,Missing,,,,,,,,,0
1,,420534,Port:10,0,0,0,Missing,,,,,,,,,0
1,,420542,Port:10,0,0,0,Missing,,,,,,,,,0
1,,420558,Port:10,0,0,0,Missing,,,,,,,,,0
1,,420574,Port:10,0,0,0,Missing,,,,,,,,,0
1,,420590,Port:10,0,0,0,Missing,,,,,,,,,0
1,,420606,Port:10,0,0,0,Missing,,,,,,,,,0
1,,420630,Port:10,0,0,0,Missing,,,,,,,,,0
1,,420654,Port:10,0,0,0,Missing,,,,,,,,,0
1,,420662,Port:10,0,0,0,Missing,,,,,,,,,0
1,,420678,Port:10,0,0,0,Missing,,,,,,,,,0
1,,420694,Port:10,0,0,0,Missing,,,,,,,,,0
1,,420710,Port:10,0,0,0,Missing,,,,,,,,,0
1,,420726,Port:10,0,0,0,Missing,,,,,,,,,0
1,,420734,Port:10,0,0,0,Missing,,,,,,,,,0
1,,420750,Port:10,0,0,0,Missing,,,,,,,,,0
1,,420774,Port:10,0,0,0,Missing,,,,,,,,,0
1,,420790,Port:10,0,0,0,Missing,,,,,,,,,0
1,,420798,Port:10,0,0,0,Missing,,,,,,,,,0
1,,420814,Port:10,0,0,0,Missing,,,,,,,,,0
1,,420830,Port:10,0,0,0,Missing,,,,,,,,,0
1,,420846,Port:10,0,0,0,Missing,,,,,,,,,0
1,,420870,Port:10,0,0,0,Missing,,,,,,,,,0
1,,420894,Port:10,0,0,0,Missing,,,,,,,,,0
1,,420910,Port:10,0,0,0,Missing,,,,,,,,,0
1,,420918,Port:10,0,0,0,Missing,,,,,,,,,0
1,,420934,Port:10,0,0,0,Missing,,,,,,,,,0
1,,420950,Port:10,0,0,0,Missing,,,,,,,,,0
1,,420966,Port:10,0,0,0,Missing,,,,,,,,,0
1,,420982,Port:10,0,0,0,Missing,,,,,,,,,0
1,,420990,Port:10,0,0,0,Missing,,,,,,,,,0
1,,421014,Port:10,0,0,0,Missing,,,,,,,,,0
1,,421022,Port:10,0,0,0,Missing,,,,,,,,,0
1,,421038,Port:10,0,0,0,Missing,,,,,,,,,0
1,,421054,Port:10,0,0,0,Missing,,,,,,,,,0
1,,421070,Port:10,0,0,0,Missing,,,,,,,,,0
1,,421086,Port:10,0,0,0,Missing,,,,,,,,,0
1,,421110,Port:10,0,0,0,Missing,,,,,,,,,0
1,,421134,Port:10,0,0,0,Missing,,,,,,,,,0
1,,421150,Port:10,0,0,0,Missing,,,,,,,,,0
1,,421158,Port:10,0,0,0,Missing,,,,,,,,,0
1,,421174,Port:10,0,0,0,Missing,,,,,,,,,0
1,,421190,Port:10,0,0,0,Missing,,,,,,,,,0
1,,421206,Port:10,0,0,0,Missing,,,,,,,,,0
1,,421222,Port:10,0,0,0,Missing,,,,,,,,,0
1,,421238,Port:10,0,0,0,Missing,,,,,,,,,0
1,,421254,Port:10,0,0,0,Missing,,,,,,,,,0
1,,421262,Port:10,0,0,0,Missing,,,,,,,,,0
1,,421278,Port:10,0,0,0,Missing,,,,,,,,,0
1,,421294,Port:10,0,0,0,Missing,,,,,,,,,0
1,,421310,Port:10,0,0,0,Missing,,,,,,,,,0
1,,421326,Port:10,0,0,0,Missing,,,,,,,,,0
1,,421358,Port:10,0,0,0,Missing,,,,,,,,,0
1,,421374,Port:10,0,0,0,Missing,,,,,,,,,0
1,,421390,Port:10,0,0,0,Missing,,,,,,,,,0
1,,421398,Port:10,0,0,0,Missing,,,,,,,,,0
1,,421414,Port:10,0,0,0,Missing,,,,,,,,,0
1,,421430,Port:10,0,0,0,Missing,,,,,,,,,0
1,,421446,Port:10,0,0,0,Missing,,,,,,,,,0
1,,421454,Port:10,0,0,0,Missing,,,,,,,,,0
1,,421478,Port:10,0,0,0,Missing,,,,,,,,,0
1,,421494,Port:10,0,0,0,Missing,,,,,,,,,0
1,,421510,Port:10,0,0,0,Missing,,,,,,,,,0
1,,421518,Port:10,0,0,0,Missing,,,,,,,,,0
1,,421534,Port:10,0,0,0,Missing,,,,,,,,,0
1,,421550,Port:10,0,0,0,Missing,,,,,,,,,0
1,,421566,Port:10,0,0,0,Missing,,,,,,,,,0
1,,421582,Port:10,0,0,0,Missing,,,,,,,,,0
1,,421614,Port:10,0,0,0,Missing,,,,,,,,,0
1,,421630,Port:10,0,0,0,Missing,,,,,,,,,0
1,,421638,Port:10,0,0,0,Missing,,,,,,,,,0
1,,421654,Port:10,0,0,0,Missing,,,,,,,,,0
1,,421670,Port:10,0,0,0,Missing,,,,,,,,,0
1,,421686,Port:10,0,0,0,Missing,,,,,,,,,0
1,,421702,Port:10,0,0,0,Missing,,,,,,,,,0
1,,421718,Port:10,0,0,0,Missing,,,,,,,,,0
1,,421734,Port:10,0,0,0,Missing,,,,,,,,,0
1,,421750,Port:10,0,0,0,Missing,,,,,,,,,0
1,,421758,Port:10,0,0,0,Missing,,,,,,,,,0
1,,421774,Port:10,0,0,0,Missing,,,,,,,,,0
1,,421790,Port:10,0,0,0,Missing,,,,,,,,,0
1,,421806,Port:10,0,0,0,Missing,,,,,,,,,0
1,,421838,Port:10,0,0,0,Missing,,,,,,,,,0
1,,421854,Port:10,0,0,0,Missing,,,,,,,,,0
1,,421862,Port:10,0,0,0,Missing,,,,,,,,,0
1,,421878,Port:10,0,0,0,Missing,,,,,,,,,0
1,,421894,Port:10,0,0,0,Missing,,,,,,,,,0
1,,421910,Port:10,0,0,0,Missing,,,,,,,,,0
1,,421926,Port:10,0,0,0,Missing,,,,,,,,,0
1,,421942,Port:10,0,0,0,Missing,,,,,,,,,0
1,,421958,Port:10,0,0,0,Missing,,,,,,,,,0
1,,421974,Port:10,0,0,0,Missing,,,,,,,,,0
1,,421982,Port:10,0,0,0,Missing,,,,,,,,,0
1,,421998,Port:10,0,0,0,Missing,,,,,,,,,0
1,,422014,Port:10,0,0,0,Missing,,,,,,,,,0
1,,422030,Port:10,0,0,0,Missing,,,,,,,,,0
1,,422046,Port:10,0,0,0,Missing,,,,,,,,,0
1,,422062,Port:10,0,0,0,Missing,,,,,,,,,0
1,,422078,Port:10,0,0,0,Missing,,,,,,,,,0
1,,422094,Port:10,0,0,0,Missing,,,,,,,,,0
1,,422118,Port:10,0,0,0,Missing,,,,,,,,,0
1,,422134,Port:10,0,0,0,Missing,,,,,,,,,0
1,,422150,Port:10,0,0,0,Missing,,,,,,,,,0
1,,422166,Port:10,0,0,0,Missing,,,,,,,,,0
1,,422182,Port:10,0,0,0,Missing,,,,,,,,,0
1,,422198,Port:10,0,0,0,Missing,,,,,,,,,0
1,,422214,Port:10,0,0,0,Missing,,,,,,,,,0
1,,422222,Port:10,0,0,0,Missing,,,,,,,,,0
1,,422238,Port:10,0,0,0,Missing,,,,,,,,,0
1,,422254,Port:10,0,0,0,Missing,,,,,,,,,0
1,,422270,Port:10,0,0,0,Missing,,,,,,,,,0
1,,422286,Port:10,0,0,0,Missing,,,,,,,,,0
1,,422302,Port:10,0,0,0,Missing,,,,,,,,,0
1,,422318,Port:10,0,0,0,Missing,,,,,,,,,0
1,,422342,Port:10,0,0,0,Missing,,,,,,,,,0
1,,422358,Port:10,0,0,0,Missing,,,,,,,,,0
1,,422374,Port:10,0,0,0,Missing,,,,,,,,,0
1,,422390,Port:10,0,0,0,Missing,,,,,,,,,0
1,,422406,Port:10,0,0,0,Missing,,,,,,,,,0
1,,422422,Port:10,0,0,0,Missing,,,,,,,,,0
1,,422438,Port:10,0,0,0,Missing,,,,,,,,,0
1,,422454,Port:10,0,0,0,Missing,,,,,,,,,0
1,,422462,Port:10,0,0,0,Missing,,,,,,,,,0
1,,422478,Port:10,0,0,0,Missing,,,,,,,,,0
1,,422494,Port:10,0,0,0,Missing,,,,,,,,,0
1,,422510,Port:10,0,0,0,Missing,,,,,,,,,0
1,,422526,Port:10,0,0,0,Missing,,,,,,,,,0
1,,422542,Port:10,0,0,0,Missing,,,,,,,,,0
1,,422558,Port:10,0,0,0,Missing,,,,,,,,,0
1,,422582,Port:10,0,0,0,Missing,,,,,,,,,0
1,,422598,Port:10,0,0,0,Missing,,,,,,,,,0
1,,422614,Port:10,0,0,0,Missing,,,,,,,,,0
1,,422630,Port:10,0,0,0,Missing,,,,,,,,,0
1,,422646,Port:10,0,0,0,Missing,,,,,,,,,0
1,,422662,Port:10,0,0,0,Missing,,,,,,,,,0
1,,422678,Port:10,0,0,0,Missing,,,,,,,,,0
1,,422694,Port:10,0,0,0,Missing,,,,,,,,,0
1,,422702,Port:10,0,0,0,Missing,,,,,,,,,0
1,,422718,Port:10,0,0,0,Missing,,,,,,,,,0
1,,422734,Port:10,0,0,0,Missing,,,,,,,,,0
1,,422750,Port:10,0,0,0,Missing,,,,,,,,,0
1,,422766,Port:10,0,0,0,Missing,,,,,,,,,0
1,,422782,Port:10,0,0,0,Missing,,,,,,,,,0
1,,422798,Port:10,0,0,0,Missing,,,,,,,,,0
1,,422830,Port:10,0,0,0,Missing,,,,,,,,,0
1,,422838,Port:10,0,0,0,Missing,,,,,,,,,0
1,,422854,Port:10,0,0,0,Missing,,,,,,,,,0
1,,422870,Port:10,0,0,0,Missing,,,,,,,,,0
1,,422886,Port:10,0,0,0,Missing,,,,,,,,,0
1,,422902,Port:10,0,0,0,Missing,,,,,,,,,0
1,,422918,Port:10,0,0,0,Missing,,,,,,,,,0
1,,422934,Port:10,0,0,0,Missing,,,,,,,,,0
1,,422942,Port:10,0,0,0,Missing,,,,,,,,,0
1,,422958,Port:10,0,0,0,Missing,,,,,,,,,0
1,,422974,Port:10,0,0,0,Missing,,,,,,,,,0
1,,422990,Port:10,0,0,0,Missing,,,,,,,,,0
1,,423006,Port:10,0,0,0,Missing,,,,,,,,,0
1,,423022,Port:10,0,0,0,Missing,,,,,,,,,0
1,,423038,Port:10,0,0,0,Missing,,,,,,,,,0
1,,423070,Port:10,0,0,0,Missing,,,,,,,,,0
1,,423078,Port:10,0,0,0,Missing,,,,,,,,,0
1,,423094,Port:10,0,0,0,Missing,,,,,,,,,0
1,,423110,Port:10,0,0,0,Missing,,,,,,,,,0
1,,423126,Port:10,0,0,0,Missing,,,,,,,,,0
1,,423142,Port:10,0,0,0,Missing,,,,,,,,,0
1,,423158,Port:10,0,0,0,Missing,,,,,,,,,0
1,,423174,Port:10,0,0,0,Missing,,,,,,,,,0
1,,423190,Port:10,0,0,0,Missing,,,,,,,,,0
1,,423198,Port:10,0,0,0,Missing,,,,,,,,,0
1,,423214,Port:10,0,0,0,Missing,,,,,,,,,0
1,,423230,Port:10,0,0,0,Missing,,,,,,,,,0
1,,423246,Port:10,0,0,0,Missing,,,,,,,,,0
1,,423262,Port:10,0,0,0,Missing,,,,,,,,,0
1,,423278,Port:10,0,0,0,Missing,,,,,,,,,0
1,,423302,Port:10,0,0,0,Missing,,,,,,,,,0
1,,423318,Port:10,0,0,0,Missing,,,,,,,,,0
1,,423334,Port:10,0,0,0,Missing,,,,,,,,,0
1,,423358,Port:10,0,0,0,Missing,,,,,,,,,0
1,,423366,Port:10,0,0,0,Missing,,,,,,,,,0
1,,423382,Port:10,0,0,0,Missing,,,,,,,,,0
1,,423398,Port:10,0,0,0,Missing,,,,,,,,,0
1,,423414,Port:10,0,0,0,Missing,,,,,,,,,0
1,,423430,Port:10,0,0,0,Missing,,,,,,,,,0
1,,423438,Port:10,0,0,0,Missing,,,,,,,,,0
1,,423454,Port:10,0,0,0,Missing,,,,,,,,,0
1,,423478,Port:10,0,0,0,Missing,,,,,,,,,0
1,,423486,Port:10,0,0,0,Missing,,,,,,,,,0
1,,423502,Port:10,0,0,0,Missing,,,,,,,,,0
1,,423518,Port:10,0,0,0,Missing,,,,,,,,,0
1,,423550,Port:10,0,0,0,Missing,,,,,,,,,0
1,,423558,Port:10,0,0,0,Missing,,,,,,,,,0
1,,423574,Port:10,0,0,0,Missing,,,,,,,,,0
1,,423598,Port:10,0,0,0,Missing,,,,,,,,,0
1,,423606,Port:10,0,0,0,Missing,,,,,,,,,0
1,,423622,Port:10,0,0,0,Missing,,,,,,,,,0
1,,423638,Port:10,0,0,0,Missing,,,,,,,,,0
1,,423654,Port:10,0,0,0,Missing,,,,,,,,,0
1,,423670,Port:10,0,0,0,Missing,,,,,,,,,0
1,,423678,Port:10,0,0,0,Missing,,,,,,,,,0
1,,423694,Port:10,0,0,0,Missing,,,,,,,,,0
1,,423710,Port:10,0,0,0,Missing,,,,,,,,,0
1,,423726,Port:10,0,0,0,Missing,,,,,,,,,0
1,,423742,Port:10,0,0,0,Missing,,,,,,,,,0
1,,423774,Port:10,0,0,0,Missing,,,,,,,,,0
1,,423790,Port:10,0,0,0,Missing,,,,,,,,,0
1,,423798,Port:10,0,0,0,Missing,,,,,,,,,0
1,,423814,Port:10,0,0,0,Missing,,,,,,,,,0
1,,423838,Port:10,0,0,0,Missing,,,,,,,,,0
1,,423846,Port:10,0,0,0,Missing,,,,,,,,,0
1,,423862,Port:10,0,0,0,Missing,,,,,,,,,0
1,,423878,Port:10,0,0,0,Missing,,,,,,,,,0
1,,423894,Port:10,0,0,0,Missing,,,,,,,,,0
1,,423902,Port:10,0,0,0,Missing,,,,,,,,,0
1,,423918,Port:10,0,0,0,Missing,,,,,,,,,0
1,,423934,Port:10,0,0,0,Missing,,,,,,,,,0
1,,423958,Port:10,0,0,0,Missing,,,,,,,,,0
1,,423966,Port:10,0,0,0,Missing,,,,,,,,,0
1,,423982,Port:10,0,0,0,Missing,,,,,,,,,0
1,,424014,Port:10,0,0,0,Missing,,,,,,,,,0
1,,424030,Port:10,0,0,0,Missing,,,,,,,,,0
1,,424038,Port:10,0,0,0,Missing,,,,,,,,,0
1,,424054,Port:10,0,0,0,Missing,,,,,,,,,0
1,,424078,Port:10,0,0,0,Missing,,,,,,,,,0
1,,424086,Port:10,0,0,0,Missing,,,,,,,,,0
1,,424102,Port:10,0,0,0,Missing,,,,,,,,,0
1,,424118,Port:10,0,0,0,Missing,,,,,,,,,0
1,,424134,Port:10,0,0,0,Missing,,,,,,,,,0
1,,424150,Port:10,0,0,0,Missing,,,,,,,,,0
1,,424158,Port:10,0,0,0,Missing,,,,,,,,,0
1,,424174,Port:10,0,0,0,Missing,,,,,,,,,0
1,,424198,Port:10,0,0,0,Missing,,,,,,,,,0
1,,424206,Port:10,0,0,0,Missing,,,,,,,,,0
1,,424222,Port:10,0,0,0,Missing,,,,,,,,,0
1,,424254,Port:10,0,0,0,Missing,,,,,,,,,0
1,,424270,Port:10,0,0,0,Missing,,,,,,,,,0
1,,424278,Port:10,0,0,0,Missing,,,,,,,,,0
1,,424294,Port:10,0,0,0,Missing,,,,,,,,,0
1,,424318,Port:10,0,0,0,Missing,,,,,,,,,0
1,,424326,Port:10,0,0,0,Missing,,,,,,,,,0
1,,424342,Port:10,0,0,0,Missing,,,,,,,,,0
1,,424358,Port:10,0,0,0,Missing,,,,,,,,,0
1,,424374,Port:10,0,0,0,Missing,,,,,,,,,0
1,,424390,Port:10,0,0,0,Missing,,,,,,,,,0
1,,424398,Port:10,0,0,0,Missing,,,,,,,,,0
1,,424422,Port:10,0,0,0,Missing,,,,,,,,,0
1,,424438,Port:10,0,0,0,Missing,,,,,,,,,0
1,,424446,Port:10,0,0,0,Missing,,,,,,,,,0
1,,424462,Port:10,0,0,0,Missing,,,,,,,,,0
1,,424478,Port:10,0,0,0,Missing,,,,,,,,,0
1,,424510,Port:10,0,0,0,Missing,,,,,,,,,0
1,,424518,Port:10,0,0,0,Missing,,,,,,,,,0
1,,424542,Port:10,0,0,0,Missing,,,,,,,,,0
1,,424558,Port:10,0,0,0,Missing,,,,,,,,,0
1,,424566,Port:10,0,0,0,Missing,,,,,,,,,0
1,,424582,Port:10,0,0,0,Missing,,,,,,,,,0
1,,424598,Port:10,0,0,0,Missing,,,,,,,,,0
1,,424614,Port:10,0,0,0,Missing,,,,,,,,,0
1,,424630,Port:10,0,0,0,Missing,,,,,,,,,0
1,,424638,Port:10,0,0,0,Missing,,,,,,,,,0
1,,424662,Port:10,0,0,0,Missing,,,,,,,,,0
1,,424678,Port:10,0,0,0,Missing,,,,,,,,,0
1,,424686,Port:10,0,0,0,Missing,,,,,,,,,0
1,,424702,Port:10,0,0,0,Missing,,,,,,,,,0
1,,424734,Port:10,0,0,0,Missing,,,,,,,,,0
1,,424750,Port:10,0,0,0,Missing,,,,,,,,,0
1,,424758,Port:10,0,0,0,Missing,,,,,,,,,0
1,,424782,Port:10,0,0,0,Missing,,,,,,,,,0
1,,424798,Port:10,0,0,0,Missing,,,,,,,,,0
1,,424806,Port:10,0,0,0,Missing,,,,,,,,,0
1,,424822,Port:10,0,0,0,Missing,,,,,,,,,0
1,,424838,Port:10,0,0,0,Missing,,,,,,,,,0
1,,424854,Port:10,0,0,0,Missing,,,,,,,,,0
1,,424870,Port:10,0,0,0,Missing,,,,,,,,,0
1,,424878,Port:10,0,0,0,Missing,,,,,,,,,0
1,,424902,Port:10,0,0,0,Missing,,,,,,,,,0
1,,424918,Port:10,0,0,0,Missing,,,,,,,,,0
1,,424926,Port:10,0,0,0,Missing,,,,,,,,,0
1,,424942,Port:10,0,0,0,Missing,,,,,,,,,0
1,,424958,Port:10,0,0,0,Missing,,,,,,,,,0
1,,424990,Port:10,0,0,0,Missing,,,,,,,,,0
1,,424998,Port:10,0,0,0,Missing,,,,,,,,,0
1,,425022,Port:10,0,0,0,Missing,,,,,,,,,0
1,,425038,Port:10,0,0,0,Missing,,,,,,,,,0
1,,425046,Port:10,0,0,0,Missing,,,,,,,,,0
1,,425062,Port:10,0,0,0,Missing,,,,,,,,,0
1,,425078,Port:10,0,0,0,Missing,,,,,,,,,0
1,,425094,Port:10,0,0,0,Missing,,,,,,,,,0
1,,425110,Port:10,0,0,0,Missing,,,,,,,,,0
1,,425118,Port:10,0,0,0,Missing,,,,,,,,,0
1,,425142,Port:10,0,0,0,Missing,,,,,,,,,0
1,,425158,Port:10,0,0,0,Missing,,,,,,,,,0
1,,425166,Port:10,0,0,0,Missing,,,,,,,,,0
1,,425182,Port:10,0,0,0,Missing,,,,,,,,,0
1,,425214,Port:10,0,0,0,Missing,,,,,,,,,0
1,,425230,Port:10,0,0,0,Missing,,,,,,,,,0
1,,425238,Port:10,0,0,0,Missing,,,,,,,,,0
1,,425262,Port:10,0,0,0,Missing,,,,,,,,,0
1,,425278,Port:10,0,0,0,Missing,,,,,,,,,0
1,,425286,Port:10,0,0,0,Missing,,,,,,,,,0
1,,425302,Port:10,0,0,0,Missing,,,,,,,,,0
1,,425318,Port:10,0,0,0,Missing,,,,,,,,,0
1,,425334,Port:10,0,0,0,Missing,,,,,,,,,0
1,,425350,Port:10,0,0,0,Missing,,,,,,,,,0
1,,425358,Port:10,0,0,0,Missing,,,,,,,,,0
1,,425382,Port:10,0,0,0,Missing,,,,,,,,,0
1,,425398,Port:10,0,0,0,Missing,,,,,,,,,0
1,,425406,Port:10,0,0,0,Missing,,,,,,,,,0
1,,425422,Port:10,0,0,0,Missing,,,,,,,,,0
1,,425454,Port:10,0,0,0,Missing,,,,,,,,,0
1,,425470,Port:10,0,0,0,Missing,,,,,,,,,0
1,,425486,Port:10,0,0,0,Missing,,,,,,,,,0
1,,425502,Port:10,0,0,0,Missing,,,,,,,,,0
1,,425518,Port:10,0,0,0,Missing,,,,,,,,,0
1,,425526,Port:10,0,0,0,Missing,,,,,,,,,0
1,,425542,Port:10,0,0,0,Missing,,,,,,,,,0
1,,425558,Port:10,0,0,0,Missing,,,,,,,,,0
1,,425574,Port:10,0,0,0,Missing,,,,,,,,,0
1,,425590,Port:10,0,0,0,Missing,,,,,,,,,0
1,,425606,Port:10,0,0,0,Missing,,,,,,,,,0
1,,425622,Port:10,0,0,0,Missing,,,,,,,,,0
1,,425638,Port:10,0,0,0,Missing,,,,,,,,,0
1,,425646,Port:10,0,0,0,Missing,,,,,,,,,0
1,,425662,Port:10,0,0,0,Missing,,,,,,,,,0
1,,425694,Port:10,0,0,0,Missing,,,,,,,,,0
1,,425710,Port:10,0,0,0,Missing,,,,,,,,,0
1,,425726,Port:10,0,0,0,Missing,,,,,,,,,0
1,,425742,Port:10,0,0,0,Missing,,,,,,,,,0
1,,425758,Port:10,0,0,0,Missing,,,,,,,,,0
1,,425766,Port:10,0,0,0,Missing,,,,,,,,,0
1,,425782,Port:10,0,0,0,Missing,,,,,,,,,0
1,,425798,Port:10,0,0,0,Missing,,,,,,,,,0
1,,425814,Port:10,0,0,0,Missing,,,,,,,,,0
1,,425830,Port:10,0,0,0,Missing,,,,,,,,,0
1,,425846,Port:10,0,0,0,Missing,,,,,,,,,0
1,,425862,Port:10,0,0,0,Missing,,,,,,,,,0
1,,425878,Port:10,0,0,0,Missing,,,,,,,,,0
1,,425886,Port:10,0,0,0,Missing,,,,,,,,,0
1,,425902,Port:10,0,0,0,Missing,,,,,,,,,0
1,,425934,Port:10,0,0,0,Missing,,,,,,,,,0
1,,425950,Port:10,0,0,0,Missing,,,,,,,,,0
1,,425966,Port:10,0,0,0,Missing,,,,,,,,,0
1,,425982,Port:10,0,0,0,Missing,,,,,,,,,0
1,,425998,Port:10,0,0,0,Missing,,,,,,,,,0
1,,426006,Port:10,0,0,0,Missing,,,,,,,,,0
1,,426022,Port:10,0,0,0,Missing,,,,,,,,,0
1,,426038,Port:10,0,0,0,Missing,,,,,,,,,0
1,,426054,Port:10,0,0,0,Missing,,,,,,,,,0
1,,426070,Port:10,0,0,0,Missing,,,,,,,,,0
1,,426086,Port:10,0,0,0,Missing,,,,,,,,,0
1,,426102,Port:10,0,0,0,Missing,,,,,,,,,0
1,,426118,Port:10,0,0,0,Missing,,,,,,,,,0
1,,426126,Port:10,0,0,0,Missing,,,,,,,,,0
1,,426142,Port:10,0,0,0,Missing,,,,,,,,,0
1,,426174,Port:10,0,0,0,Missing,,,,,,,,,0
1,,426190,Port:10,0,0,0,Missing,,,,,,,,,0
1,,426206,Port:10,0,0,0,Missing,,,,,,,,,0
1,,426222,Port:10,0,0,0,Missing,,,,,,,,,0
1,,426238,Port:10,0,0,0,Missing,,,,,,,,,0
1,,426246,Port:10,0,0,0,Missing,,,,,,,,,0
1,,426262,Port:10,0,0,0,Missing,,,,,,,,,0
1,,426278,Port:10,0,0,0,Missing,,,,,,,,,0
1,,426294,Port:10,0,0,0,Missing,,,,,,,,,0
1,,426310,Port:10,0,0,0,Missing,,,,,,,,,0
1,,426326,Port:10,0,0,0,Missing,,,,,,,,,0
1,,426342,Port:10,0,0,0,Missing,,,,,,,,,0
1,,426358,Port:10,0,0,0,Missing,,,,,,,,,0
1,,426366,Port:10,0,0,0,Missing,,,,,,,,,0
1,,426382,Port:10,0,0,0,Missing,,,,,,,,,0
1,,426414,Port:10,0,0,0,Missing,,,,,,,,,0
1,,426430,Port:10,0,0,0,Missing,,,,,,,,,0
1,,426446,Port:10,0,0,0,Missing,,,,,,,,,0
1,,426462,Port:10,0,0,0,Missing,,,,,,,,,0
1,,426478,Port:10,0,0,0,Missing,,,,,,,,,0
1,,426486,Port:10,0,0,0,Missing,,,,,,,,,0
1,,426502,Port:10,0,0,0,Missing,,,,,,,,,0
1,,426518,Port:10,0,0,0,Missing,,,,,,,,,0
1,,426534,Port:10,0,0,0,Missing,,,,,,,,,0
1,,426550,Port:10,0,0,0,Missing,,,,,,,,,0
1,,426566,Port:10,0,0,0,Missing,,,,,,,,,0
1,,426582,Port:10,0,0,0,Missing,,,,,,,,,0
1,,426598,Port:10,0,0,0,Missing,,,,,,,,,0
1,,426606,Port:10,0,0,0,Missing,,,,,,,,,0
1,,426638,Port:10,0,0,0,Missing,,,,,,,,,0
1,,426654,Port:10,0,0,0,Missing,,,,,,,,,0
1,,426670,Port:10,0,0,0,Missing,,,,,,,,,0
1,,426686,Port:10,0,0,0,Missing,,,,,,,,,0
1,,426702,Port:10,0,0,0,Missing,,,,,,,,,0
1,,426718,Port:10,0,0,0,Missing,,,,,,,,,0
1,,426726,Port:10,0,0,0,Missing,,,,,,,,,0
1,,426742,Port:10,0,0,0,Missing,,,,,,,,,0
1,,426758,Port:10,0,0,0,Missing,,,,,,,,,0
1,,426774,Port:10,0,0,0,Missing,,,,,,,,,0
1,,426790,Port:10,0,0,0,Missing,,,,,,,,,0
1,,426806,Port:10,0,0,0,Missing,,,,,,,,,0
1,,426822,Port:10,0,0,0,Missing,,,,,,,,,0
1,,426838,Port:10,0,0,0,Missing,,,,,,,,,0
1,,426854,Port:10,0,0,0,Missing,,,,,,,,,0
1,,426862,Port:10,0,0,0,Missing,,,,,,,,,0
1,,426894,Port:10,0,0,0,Missing,,,,,,,,,0
1,,426910,Port:10,0,0,0,Missing,,,,,,,,,0
1,,426926,Port:10,0,0,0,Missing,,,,,,,,,0
1,,426942,Port:10,0,0,0,Missing,,,,,,,,,0
1,,426958,Port:10,0,0,0,Missing,,,,,,,,,0
1,,426966,Port:10,0,0,0,Missing,,,,,,,,,0
1,,426982,Port:10,0,0,0,Missing,,,,,,,,,0
1,,426998,Port:10,0,0,0,Missing,,,,,,,,,0
1,,427014,Port:10,0,0,0,Missing,,,,,,,,,0
1,,427030,Port:10,0,0,0,Missing,,,,,,,,,0
1,,427046,Port:10,0,0,0,Missing,,,,,,,,,0
1,,427062,Port:10,0,0,0,Missing,,,,,,,,,0
1,,427078,Port:10,0,0,0,Missing,,,,,,,,,0
1,,427094,Port:10,0,0,0,Missing,,,,,,,,,0
1,,427102,Port:10,0,0,0,Missing,,,,,,,,,0
1,,427134,Port:10,0,0,0,Missing,,,,,,,,,0
1,,427150,Port:10,0,0,0,Missing,,,,,,,,,0
1,,427166,Port:10,0,0,0,Missing,,,,,,,,,0
1,,427182,Port:10,0,0,0,Missing,,,,,,,,,0
1,,427198,Port:10,0,0,0,Missing,,,,,,,,,0
1,,427206,Port:10,0,0,0,Missing,,,,,,,,,0
1,,427222,Port:10,0,0,0,Missing,,,,,,,,,0
1,,427238,Port:10,0,0,0,Missing,,,,,,,,,0
1,,427254,Port:10,0,0,0,Missing,,,,,,,,,0
1,,427270,Port:10,0,0,0,Missing,,,,,,,,,0
1,,427286,Port:10,0,0,0,Missing,,,,,,,,,0
1,,427302,Port:10,0,0,0,Missing,,,,,,,,,0
1,,427318,Port:10,0,0,0,Missing,,,,,,,,,0
1,,427334,Port:10,0,0,0,Missing,,,,,,,,,0
1,,427342,Port:10,0,0,0,Missing,,,,,,,,,0
1,,427374,Port:10,0,0,0,Missing,,,,,,,,,0
1,,427390,Port:10,0,0,0,Missing,,,,,,,,,0
1,,427406,Port:10,0,0,0,Missing,,,,,,,,,0
1,,427422,Port:10,0,0,0,Missing,,,,,,,,,0
1,,427438,Port:10,0,0,0,Missing,,,,,,,,,0
1,,427454,Port:10,0,0,0,Missing,,,,,,,,,0
1,,427462,Port:10,0,0,0,Missing,,,,,,,,,0
1,,427478,Port:10,0,0,0,Missing,,,,,,,,,0
1,,427494,Port:10,0,0,0,Missing,,,,,,,,,0
1,,427510,Port:10,0,0,0,Missing,,,,,,,,,0
1,,427526,Port:10,0,0,0,Missing,,,,,,,,,0
1,,427542,Port:10,0,0,0,Missing,,,,,,,,,0
1,,427558,Port:10,0,0,0,Missing,,,,,,,,,0
1,,427574,Port:10,0,0,0,Missing,,,,,,,,,0
1,,427582,Port:10,0,0,0,Missing,,,,,,,,,0
1,,427614,Port:10,0,0,0,Missing,,,,,,,,,0
1,,427630,Port:10,0,0,0,Missing,,,,,,,,,0
1,,427646,Port:10,0,0,0,Missing,,,,,,,,,0
1,,427662,Port:10,0,0,0,Missing,,,,,,,,,0
1,,427678,Port:10,0,0,0,Missing,,,,,,,,,0
1,,427686,Port:10,0,0,0,Missing,,,,,,,,,0
1,,427702,Port:10,0,0,0,Missing,,,,,,,,,0
1,,427718,Port:10,0,0,0,Missing,,,,,,,,,0
1,,427734,Port:10,0,0,0,Missing,,,,,,,,,0
1,,427750,Port:10,0,0,0,Missing,,,,,,,,,0
1,,427766,Port:10,0,0,0,Missing,,,,,,,,,0
1,,427782,Port:10,0,0,0,Missing,,,,,,,,,0
1,,427798,Port:10,0,0,0,Missing,,,,,,,,,0
1,,427814,Port:10,0,0,0,Missing,,,,,,,,,0
1,,427822,Port:10,0,0,0,Missing,,,,,,,,,0
1,,427854,Port:10,0,0,0,Missing,,,,,,,,,0
1,,427870,Port:10,0,0,0,Missing,,,,,,,,,0
1,,427886,Port:10,0,0,0,Missing,,,,,,,,,0
1,,427902,Port:10,0,0,0,Missing,,,,,,,,,0
1,,427918,Port:10,0,0,0,Missing,,,,,,,,,0
1,,427934,Port:10,0,0,0,Missing,,,,,,,,,0
1,,427942,Port:10,0,0,0,Missing,,,,,,,,,0
1,,427958,Port:10,0,0,0,Missing,,,,,,,,,0
1,,427974,Port:10,0,0,0,Missing,,,,,,,,,0
1,,427990,Port:10,0,0,0,Missing,,,,,,,,,0
1,,428006,Port:10,0,0,0,Missing,,,,,,,,,0
1,,428022,Port:10,0,0,0,Missing,,,,,,,,,0
1,,428038,Port:10,0,0,0,Missing,,,,,,,,,0
1,,428054,Port:10,0,0,0,Missing,,,,,,,,,0
1,,428062,Port:10,0,0,0,Missing,,,,,,,,,0
1,,428094,Port:10,0,0,0,Missing,,,,,,,,,0
1,,428110,Port:10,0,0,0,Missing,,,,,,,,,0
1,,428126,Port:10,0,0,0,Missing,,,,,,,,,0
1,,428142,Port:10,0,0,0,Missing,,,,,,,,,0
1,,428158,Port:10,0,0,0,Missing,,,,,,,,,0
1,,428166,Port:10,0,0,0,Missing,,,,,,,,,0
1,,428182,Port:10,0,0,0,Missing,,,,,,,,,0
1,,428198,Port:10,0,0,0,Missing,,,,,,,,,0
1,,428214,Port:10,0,0,0,Missing,,,,,,,,,0
1,,428230,Port:10,0,0,0,Missing,,,,,,,,,0
1,,428246,Port:10,0,0,0,Missing,,,,,,,,,0
1,,428262,Port:10,0,0,0,Missing,,,,,,,,,0
1,,428278,Port:10,0,0,0,Missing,,,,,,,,,0
1,,428286,Port:10,0,0,0,Missing,,,,,,,,,0
1,,428318,Port:10,0,0,0,Missing,,,,,,,,,0
1,,428334,Port:10,0,0,0,Missing,,,,,,,,,0
1,,428350,Port:10,0,0,0,Missing,,,,,,,,,0
1,,428366,Port:10,0,0,0,Missing,,,,,,,,,0
1,,428382,Port:10,0,0,0,Missing,,,,,,,,,0
1,,428398,Port:10,0,0,0,Missing,,,,,,,,,0
1,,428414,Port:10,0,0,0,Missing,,,,,,,,,0
1,,428422,Port:10,0,0,0,Missing,,,,,,,,,0
1,,428438,Port:10,0,0,0,Missing,,,,,,,,,0
1,,428454,Port:10,0,0,0,Missing,,,,,,,,,0
1,,428470,Port:10,0,0,0,Missing,,,,,,,,,0
1,,428486,Port:10,0,0,0,Missing,,,,,,,,,0
1,,428502,Port:10,0,0,0,Missing,,,,,,,,,0
1,,428518,Port:10,0,0,0,Missing,,,,,,,,,0
1,,428534,Port:10,0,0,0,Missing,,,,,,,,,0
1,,428558,Port:10,0,0,0,Missing,,,,,,,,,0
1,,428574,Port:10,0,0,0,Missing,,,,,,,,,0
1,,428590,Port:10,0,0,0,Missing,,,,,,,,,0
1,,428606,Port:10,0,0,0,Missing,,,,,,,,,0
1,,428622,Port:10,0,0,0,Missing,,,,,,,,,0
1,,428638,Port:10,0,0,0,Missing,,,,,,,,,0
1,,428646,Port:10,0,0,0,Missing,,,,,,,,,0
1,,428662,Port:10,0,0,0,Missing,,,,,,,,,0
1,,428678,Port:10,0,0,0,Missing,,,,,,,,,0
1,,428694,Port:10,0,0,0,Missing,,,,,,,,,0
1,,428710,Port:10,0,0,0,Missing,,,,,,,,,0
1,,428726,Port:10,0,0,0,Missing,,,,,,,,,0
1,,428742,Port:10,0,0,0,Missing,,,,,,,,,0
1,,428758,Port:10,0,0,0,Missing,,,,,,,,,0
1,,428766,Port:10,0,0,0,Missing,,,,,,,,,0
1,,428798,Port:10,0,0,0,Missing,,,,,,,,,0
1,,428814,Port:10,0,0,0,Missing,,,,,,,,,0
1,,428830,Port:10,0,0,0,Missing,,,,,,,,,0
1,,428846,Port:10,0,0,0,Missing,,,,,,,,,0
1,,428862,Port:10,0,0,0,Missing,,,,,,,,,0
1,,428878,Port:10,0,0,0,Missing,,,,,,,,,0
1,,428894,Port:10,0,0,0,Missing,,,,,,,,,0
1,,428902,Port:10,0,0,0,Missing,,,,,,,,,0
1,,428926,Port:10,0,0,0,Missing,,,,,,,,,0
1,,428942,Port:10,0,0,0,Missing,,,,,,,,,0
1,,428950,Port:10,0,0,0,Missing,,,,,,,,,0
1,,428966,Port:10,0,0,0,Missing,,,,,,,,,0
1,,428982,Port:10,0,0,0,Missing,,,,,,,,,0
1,,428998,Port:10,0,0,0,Missing,,,,,,,,,0
1,,429006,Port:10,0,0,0,Missing,,,,,,,,,0
1,,429046,Port:10,0,0,0,Missing,,,,,,,,,0
1,,429062,Port:10,0,0,0,Missing,,,,,,,,,0
1,,429070,Port:10,0,0,0,Missing,,,,,,,,,0
1,,429086,Port:10,0,0,0,Missing,,,,,,,,,0
1,,429102,Port:10,0,0,0,Missing,,,,,,,,,0
1,,429118,Port:10,0,0,0,Missing,,,,,,,,,0
1,,429126,Port:10,0,0,0,Missing,,,,,,,,,0
1,,429142,Port:10,0,0,0,Missing,,,,,,,,,0
1,,429166,Port:10,0,0,0,Missing,,,,,,,,,0
1,,429182,Port:10,0,0,0,Missing,,,,,,,,,0
1,,429190,Port:10,0,0,0,Missing,,,,,,,,,0
1,,429206,Port:10,0,0,0,Missing,,,,,,,,,0
1,,429222,Port:10,0,0,0,Missing,,,,,,,,,0
1,,429238,Port:10,0,0,0,Missing,,,,,,,,,0
1,,429254,Port:10,0,0,0,Missing,,,,,,,,,0
1,,429286,Port:10,0,0,0,Missing,,,,,,,,,0
1,,429294,Port:10,0,0,0,Missing,,,,,,,,,0
1,,429310,Port:10,0,0,0,Missing,,,,,,,,,0
1,,429326,Port:10,0,0,0,Missing,,,,,,,,,0
1,,429342,Port:10,0,0,0,Missing,,,,,,,,,0
1,,429358,Port:10,0,0,0,Missing,,,,,,,,,0
1,,429374,Port:10,0,0,0,Missing,,,,,,,,,0
1,,429382,Port:10,0,0,0,Missing,,,,,,,,,0
1,,429406,Port:10,0,0,0,Missing,,,,,,,,,0
1,,429422,Port:10,0,0,0,Missing,,,,,,,,,0
1,,429430,Port:10,0,0,0,Missing,,,,,,,,,0
1,,429446,Port:10,0,0,0,Missing,,,,,,,,,0
1,,429462,Port:10,0,0,0,Missing,,,,,,,,,0
1,,429478,Port:10,0,0,0,Missing,,,,,,,,,0
1,,429502,Port:10,0,0,0,Missing,,,,,,,,,0
1,,429526,Port:10,0,0,0,Missing,,,,,,,,,0
1,,429542,Port:10,0,0,0,Missing,,,,,,,,,0
1,,429550,Port:10,0,0,0,Missing,,,,,,,,,0
1,,429566,Port:10,0,0,0,Missing,,,,,,,,,0
1,,429582,Port:10,0,0,0,Missing,,,,,,,,,0
1,,429598,Port:10,0,0,0,Missing,,,,,,,,,0
1,,429614,Port:10,0,0,0,Missing,,,,,,,,,0
1,,429622,Port:10,0,0,0,Missing,,,,,,,,,0
1,,429646,Port:10,0,0,0,Missing,,,,,,,,,0
1,,429654,Port:10,0,0,0,Missing,,,,,,,,,0
1,,429670,Port:10,0,0,0,Missing,,,,,,,,,0
1,,429686,Port:10,0,0,0,Missing,,,,,,,,,0
1,,429702,Port:10,0,0,0,Missing,,,,,,,,,0
1,,429718,Port:10,0,0,0,Missing,,,,,,,,,0
1,,429726,Port:10,0,0,0,Missing,,,,,,,,,0
1,,429766,Port:10,0,0,0,Missing,,,,,,,,,0
1,,429782,Port:10,0,0,0,Missing,,,,,,,,,0
1,,429790,Port:10,0,0,0,Missing,,,,,,,,,0
1,,429806,Port:10,0,0,0,Missing,,,,,,,,,0
1,,429822,Port:10,0,0,0,Missing,,,,,,,,,0
1,,429838,Port:10,0,0,0,Missing,,,,,,,,,0
1,,429854,Port:10,0,0,0,Missing,,,,,,,,,0
1,,429862,Port:10,0,0,0,Missing,,,,,,,,,0
1,,429886,Port:10,0,0,0,Missing,,,,,,,,,0
1,,429902,Port:10,0,0,0,Missing,,,,,,,,,0
1,,429910,Port:10,0,0,0,Missing,,,,,,,,,0
1,,429926,Port:10,0,0,0,Missing,,,,,,,,,0
1,,429942,Port:10,0,0,0,Missing,,,,,,,,,0
1,,429958,Port:10,0,0,0,Missing,,,,,,,,,0
1,,429974,Port:10,0,0,0,Missing,,,,,,,,,0
1,,429990,Port:10,0,0,0,Missing,,,,,,,,,0
1,,430006,Port:10,0,0,0,Missing,,,,,,,,,0
1,,430030,Port:10,0,0,0,Missing,,,,,,,,,0
1,,430046,Port:10,0,0,0,Missing,,,,,,,,,0
1,,430062,Port:10,0,0,0,Missing,,,,,,,,,0
1,,430078,Port:10,0,0,0,Missing,,,,,,,,,0
1,,430094,Port:10,0,0,0,Missing,,,,,,,,,0
1,,430110,Port:10,0,0,0,Missing,,,,,,,,,0
1,,430126,Port:10,0,0,0,Missing,,,,,,,,,0
1,,430142,Port:10,0,0,0,Missing,,,,,,,,,0
1,,430150,Port:10,0,0,0,Missing,,,,,,,,,0
1,,430166,Port:10,0,0,0,Missing,,,,,,,,,0
1,,430182,Port:10,0,0,0,Missing,,,,,,,,,0
1,,430198,Port:10,0,0,0,Missing,,,,,,,,,0
1,,430214,Port:10,0,0,0,Missing,,,,,,,,,0
1,,430230,Port:10,0,0,0,Missing,,,,,,,,,0
1,,430246,Port:10,0,0,0,Missing,,,,,,,,,0
1,,430270,Port:10,0,0,0,Missing,,,,,,,,,0
1,,430286,Port:10,0,0,0,Missing,,,,,,,,,0
1,,430302,Port:10,0,0,0,Missing,,,,,,,,,0
1,,430318,Port:10,0,0,0,Missing,,,,,,,,,0
1,,430334,Port:10,0,0,0,Missing,,,,,,,,,0
1,,430350,Port:10,0,0,0,Missing,,,,,,,,,0
1,,430366,Port:10,0,0,0,Missing,,,,,,,,,0
1,,430382,Port:10,0,0,0,Missing,,,,,,,,,0
1,,430390,Port:10,0,0,0,Missing,,,,,,,,,0
1,,430406,Port:10,0,0,0,Missing,,,,,,,,,0
1,,430422,Port:10,0,0,0,Missing,,,,,,,,,0
1,,430438,Port:10,0,0,0,Missing,,,,,,,,,0
1,,430446,Port:10,0,0,0,Missing,,,,,,,,,0
1,,430470,Port:10,0,0,0,Missing,,,,,,,,,0
1,,430486,Port:10,0,0,0,Missing,,,,,,,,,0
1,,430502,Port:10,0,0,0,Missing,,,,,,,,,0
1,,430526,Port:10,0,0,0,Missing,,,,,,,,,0
1,,430542,Port:10,0,0,0,Missing,,,,,,,,,0
1,,430558,Port:10,0,0,0,Missing,,,,,,,,,0
1,,430574,Port:10,0,0,0,Missing,,,,,,,,,0
1,,430590,Port:10,0,0,0,Missing,,,,,,,,,0
1,,430606,Port:10,0,0,0,Missing,,,,,,,,,0
1,,430622,Port:10,0,0,0,Missing,,,,,,,,,0
1,,430630,Port:10,0,0,0,Missing,,,,,,,,,0
1,,430646,Port:10,0,0,0,Missing,,,,,,,,,0
1,,430662,Port:10,0,0,0,Missing,,,,,,,,,0
1,,430678,Port:10,0,0,0,Missing,,,,,,,,,0
1,,430694,Port:10,0,0,0,Missing,,,,,,,,,0
1,,430710,Port:10,0,0,0,Missing,,,,,,,,,0
1,,430726,Port:10,0,0,0,Missing,,,,,,,,,0
1,,430742,Port:10,0,0,0,Missing,,,,,,,,,0
1,,430766,Port:10,0,0,0,Missing,,,,,,,,,0
1,,430782,Port:10,0,0,0,Missing,,,,,,,,,0
1,,430798,Port:10,0,0,0,Missing,,,,,,,,,0
1,,430814,Port:10,0,0,0,Missing,,,,,,,,,0
1,,430830,Port:10,0,0,0,Missing,,,,,,,,,0
1,,430846,Port:10,0,0,0,Missing,,,,,,,,,0
1,,430862,Port:10,0,0,0,Missing,,,,,,,,,0
1,,430870,Port:10,0,0,0,Missing,,,,,,,,,0
1,,430886,Port:10,0,0,0,Missing,,,,,,,,,0
1,,430902,Port:10,0,0,0,Missing,,,,,,,,,0
1,,430918,Port:10,0,0,0,Missing,,,,,,,,,0
1,,430934,Port:10,0,0,0,Missing,,,,,,,,,0
1,,430950,Port:10,0,0,0,Missing,,,,,,,,,0
1,,430966,Port:10,0,0,0,Missing,,,,,,,,,0
1,,430974,Port:10,0,0,0,Missing,,,,,,,,,0
1,,431006,Port:10,0,0,0,Missing,,,,,,,,,0
1,,431022,Port:10,0,0,0,Missing,,,,,,,,,0
1,,431038,Port:10,0,0,0,Missing,,,,,,,,,0
1,,431054,Port:10,0,0,0,Missing,,,,,,,,,0
1,,431070,Port:10,0,0,0,Missing,,,,,,,,,0
1,,431086,Port:10,0,0,0,Missing,,,,,,,,,0
1,,431102,Port:10,0,0,0,Missing,,,,,,,,,0
1,,431110,Port:10,0,0,0,Missing,,,,,,,,,0
1,,431126,Port:10,0,0,0,Missing,,,,,,,,,0
1,,431142,Port:10,0,0,0,Missing,,,,,,,,,0
1,,431158,Port:10,0,0,0,Missing,,,,,,,,,0
1,,431174,Port:10,0,0,0,Missing,,,,,,,,,0
1,,431190,Port:10,0,0,0,Missing,,,,,,,,,0
1,,431206,Port:10,0,0,0,Missing,,,,,,,,,0
1,,431230,Port:10,0,0,0,Missing,,,,,,,,,0
1,,431246,Port:10,0,0,0,Missing,,,,,,,,,0
1,,431262,Port:10,0,0,0,Missing,,,,,,,,,0
1,,431278,Port:10,0,0,0,Missing,,,,,,,,,0
1,,431294,Port:10,0,0,0,Missing,,,,,,,,,0
1,,431310,Port:10,0,0,0,Missing,,,,,,,,,0
1,,431326,Port:10,0,0,0,Missing,,,,,,,,,0
1,,431342,Port:10,0,0,0,Missing,,,,,,,,,0
1,,431350,Port:10,0,0,0,Missing,,,,,,,,,0
1,,431366,Port:10,0,0,0,Missing,,,,,,,,,0
1,,431382,Port:10,0,0,0,Missing,,,,,,,,,0
1,,431398,Port:10,0,0,0,Missing,,,,,,,,,0
1,,431414,Port:10,0,0,0,Missing,,,,,,,,,0
1,,431430,Port:10,0,0,0,Missing,,,,,,,,,0
1,,431446,Port:10,0,0,0,Missing,,,,,,,,,0
1,,431470,Port:10,0,0,0,Missing,,,,,,,,,0
1,,431486,Port:10,0,0,0,Missing,,,,,,,,,0
1,,431502,Port:10,0,0,0,Missing,,,,,,,,,0
1,,431518,Port:10,0,0,0,Missing,,,,,,,,,0
1,,431534,Port:10,0,0,0,Missing,,,,,,,,,0
1,,431550,Port:10,0,0,0,Missing,,,,,,,,,0
1,,431566,Port:10,0,0,0,Missing,,,,,,,,,0
1,,431582,Port:10,0,0,0,Missing,,,,,,,,,0
1,,431590,Port:10,0,0,0,Missing,,,,,,,,,0
1,,431606,Port:10,0,0,0,Missing,,,,,,,,,0
1,,431622,Port:10,0,0,0,Missing,,,,,,,,,0
1,,431638,Port:10,0,0,0,Missing,,,,,,,,,0
1,,431654,Port:10,0,0,0,Missing,,,,,,,,,0
1,,431670,Port:10,0,0,0,Missing,,,,,,,,,0
1,,431686,Port:10,0,0,0,Missing,,,,,,,,,0
1,,431710,Port:10,0,0,0,Missing,,,,,,,,,0
1,,431726,Port:10,0,0,0,Missing,,,,,,,,,0
1,,431742,Port:10,0,0,0,Missing,,,,,,,,,0
1,,431758,Port:10,0,0,0,Missing,,,,,,,,,0
1,,431774,Port:10,0,0,0,Missing,,,,,,,,,0
1,,431790,Port:10,0,0,0,Missing,,,,,,,,,0
1,,431806,Port:10,0,0,0,Missing,,,,,,,,,0
1,,431822,Port:10,0,0,0,Missing,,,,,,,,,0
1,,431830,Port:10,0,0,0,Missing,,,,,,,,,0
1,,431846,Port:10,0,0,0,Missing,,,,,,,,,0
1,,431862,Port:10,0,0,0,Missing,,,,,,,,,0
1,,431878,Port:10,0,0,0,Missing,,,,,,,,,0
1,,431894,Port:10,0,0,0,Missing,,,,,,,,,0
1,,431910,Port:10,0,0,0,Missing,,,,,,,,,0
1,,431926,Port:10,0,0,0,Missing,,,,,,,,,0
1,,431950,Port:10,0,0,0,Missing,,,,,,,,,0
1,,431966,Port:10,0,0,0,Missing,,,,,,,,,0
1,,431982,Port:10,0,0,0,Missing,,,,,,,,,0
1,,431998,Port:10,0,0,0,Missing,,,,,,,,,0
1,,432014,Port:10,0,0,0,Missing,,,,,,,,,0
1,,432030,Port:10,0,0,0,Missing,,,,,,,,,0
1,,432046,Port:10,0,0,0,Missing,,,,,,,,,0
1,,432062,Port:10,0,0,0,Missing,,,,,,,,,0
1,,432070,Port:10,0,0,0,Missing,,,,,,,,,0
1,,432086,Port:10,0,0,0,Missing,,,,,,,,,0
1,,432102,Port:10,0,0,0,Missing,,,,,,,,,0
1,,432118,Port:10,0,0,0,Missing,,,,,,,,,0
1,,432134,Port:10,0,0,0,Missing,,,,,,,,,0
1,,432150,Port:10,0,0,0,Missing,,,,,,,,,0
1,,432166,Port:10,0,0,0,Missing,,,,,,,,,0
1,,432190,Port:10,0,0,0,Missing,,,,,,,,,0
1,,432206,Port:10,0,0,0,Missing,,,,,,,,,0
1,,432222,Port:10,0,0,0,Missing,,,,,,,,,0
1,,432238,Port:10,0,0,0,Missing,,,,,,,,,0
1,,432254,Port:10,0,0,0,Missing,,,,,,,,,0
1,,432270,Port:10,0,0,0,Missing,,,,,,,,,0
1,,432286,Port:10,0,0,0,Missing,,,,,,,,,0
1,,432302,Port:10,0,0,0,Missing,,,,,,,,,0
1,,432310,Port:10,0,0,0,Missing,,,,,,,,,0
1,,432326,Port:10,0,0,0,Missing,,,,,,,,,0
1,,432342,Port:10,0,0,0,Missing,,,,,,,,,0
1,,432358,Port:10,0,0,0,Missing,,,,,,,,,0
1,,432374,Port:10,0,0,0,Missing,,,,,,,,,0
1,,432390,Port:10,0,0,0,Missing,,,,,,,,,0
1,,432422,Port:10,0,0,0,Missing,,,,,,,,,0
1,,432430,Port:10,0,0,0,Missing,,,,,,,,,0
1,,432446,Port:10,0,0,0,Missing,,,,,,,,,0
1,,432462,Port:10,0,0,0,Missing,,,,,,,,,0
1,,432478,Port:10,0,0,0,Missing,,,,,,,,,0
1,,432494,Port:10,0,0,0,Missing,,,,,,,,,0
1,,432510,Port:10,0,0,0,Missing,,,,,,,,,0
1,,432526,Port:10,0,0,0,Missing,,,,,,,,,0
1,,432542,Port:10,0,0,0,Missing,,,,,,,,,0
1,,432550,Port:10,0,0,0,Missing,,,,,,,,,0
1,,432566,Port:10,0,0,0,Missing,,,,,,,,,0
1,,432582,Port:10,0,0,0,Missing,,,,,,,,,0
1,,432598,Port:10,0,0,0,Missing,,,,,,,,,0
1,,432614,Port:10,0,0,0,Missing,,,,,,,,,0
1,,432630,Port:10,0,0,0,Missing,,,,,,,,,0
1,,432646,Port:10,0,0,0,Missing,,,,,,,,,0
1,,432670,Port:10,0,0,0,Missing,,,,,,,,,0
1,,432686,Port:10,0,0,0,Missing,,,,,,,,,0
1,,432702,Port:10,0,0,0,Missing,,,,,,,,,0
1,,432718,Port:10,0,0,0,Missing,,,,,,,,,0
1,,432734,Port:10,0,0,0,Missing,,,,,,,,,0
1,,432750,Port:10,0,0,0,Missing,,,,,,,,,0
1,,432766,Port:10,0,0,0,Missing,,,,,,,,,0
1,,432782,Port:10,0,0,0,Missing,,,,,,,,,0
1,,432790,Port:10,0,0,0,Missing,,,,,,,,,0
1,,432806,Port:10,0,0,0,Missing,,,,,,,,,0
1,,432822,Port:10,0,0,0,Missing,,,,,,,,,0
1,,432838,Port:10,0,0,0,Missing,,,,,,,,,0
1,,432854,Port:10,0,0,0,Missing,,,,,,,,,0
1,,432870,Port:10,0,0,0,Missing,,,,,,,,,0
1,,432886,Port:10,0,0,0,Missing,,,,,,,,,0
1,,432910,Port:10,0,0,0,Missing,,,,,,,,,0
1,,432926,Port:10,0,0,0,Missing,,,,,,,,,0
1,,432942,Port:10,0,0,0,Missing,,,,,,,,,0
1,,432966,Port:10,0,0,0,Missing,,,,,,,,,0
1,,432974,Port:10,0,0,0,Missing,,,,,,,,,0
1,,432990,Port:10,0,0,0,Missing,,,,,,,,,0
1,,433006,Port:10,0,0,0,Missing,,,,,,,,,0
1,,433022,Port:10,0,0,0,Missing,,,,,,,,,0
1,,433030,Port:10,0,0,0,Missing,,,,,,,,,0
1,,433046,Port:10,0,0,0,Missing,,,,,,,,,0
1,,433062,Port:10,0,0,0,Missing,,,,,,,,,0
1,,433078,Port:10,0,0,0,Missing,,,,,,,,,0
1,,433094,Port:10,0,0,0,Missing,,,,,,,,,0
1,,433110,Port:10,0,0,0,Missing,,,,,,,,,0
1,,433126,Port:10,0,0,0,Missing,,,,,,,,,0
1,,433150,Port:10,0,0,0,Missing,,,,,,,,,0
1,,433166,Port:10,0,0,0,Missing,,,,,,,,,0
1,,433182,Port:10,0,0,0,Missing,,,,,,,,,0
1,,433198,Port:10,0,0,0,Missing,,,,,,,,,0
1,,433214,Port:10,0,0,0,Missing,,,,,,,,,0
1,,433230,Port:10,0,0,0,Missing,,,,,,,,,0
1,,433246,Port:10,0,0,0,Missing,,,,,,,,,0
1,,433262,Port:10,0,0,0,Missing,,,,,,,,,0
1,,433270,Port:10,0,0,0,Missing,,,,,,,,,0
1,,433286,Port:10,0,0,0,Missing,,,,,,,,,0
1,,433302,Port:10,0,0,0,Missing,,,,,,,,,0
1,,433318,Port:10,0,0,0,Missing,,,,,,,,,0
1,,433334,Port:10,0,0,0,Missing,,,,,,,,,0
1,,433350,Port:10,0,0,0,Missing,,,,,,,,,0
1,,433366,Port:10,0,0,0,Missing,,,,,,,,,0
1,,433390,Port:10,0,0,0,Missing,,,,,,,,,0
1,,433406,Port:10,0,0,0,Missing,,,,,,,,,0
1,,433430,Port:10,0,0,0,Missing,,,,,,,,,0
1,,433438,Port:10,0,0,0,Missing,,,,,,,,,0
1,,433454,Port:10,0,0,0,Missing,,,,,,,,,0
1,,433470,Port:10,0,0,0,Missing,,,,,,,,,0
1,,433486,Port:10,0,0,0,Missing,,,,,,,,,0
1,,433502,Port:10,0,0,0,Missing,,,,,,,,,0
1,,433510,Port:10,0,0,0,Missing,,,,,,,,,0
1,,433526,Port:10,0,0,0,Missing,,,,,,,,,0
1,,433550,Port:10,0,0,0,Missing,,,,,,,,,0
1,,433558,Port:10,0,0,0,Missing,,,,,,,,,0
1,,433574,Port:10,0,0,0,Missing,,,,,,,,,0
1,,433590,Port:10,0,0,0,Missing,,,,,,,,,0
1,,433622,Port:10,0,0,0,Missing,,,,,,,,,0
1,,433630,Port:10,0,0,0,Missing,,,,,,,,,0
1,,433646,Port:10,0,0,0,Missing,,,,,,,,,0
1,,433670,Port:10,0,0,0,Missing,,,,,,,,,0
1,,433686,Port:10,0,0,0,Missing,,,,,,,,,0
1,,433694,Port:10,0,0,0,Missing,,,,,,,,,0
1,,433710,Port:10,0,0,0,Missing,,,,,,,,,0
1,,433726,Port:10,0,0,0,Missing,,,,,,,,,0
1,,433742,Port:10,0,0,0,Missing,,,,,,,,,0
1,,433750,Port:10,0,0,0,Missing,,,,,,,,,0
1,,433766,Port:10,0,0,0,Missing,,,,,,,,,0
1,,433790,Port:10,0,0,0,Missing,,,,,,,,,0
1,,433798,Port:10,0,0,0,Missing,,,,,,,,,0
1,,433814,Port:10,0,0,0,Missing,,,,,,,,,0
1,,433830,Port:10,0,0,0,Missing,,,,,,,,,0
1,,433862,Port:10,0,0,0,Missing,,,,,,,,,0
1,,433870,Port:10,0,0,0,Missing,,,,,,,,,0
1,,433886,Port:10,0,0,0,Missing,,,,,,,,,0
1,,433910,Port:10,0,0,0,Missing,,,,,,,,,0
1,,433926,Port:10,0,0,0,Missing,,,,,,,,,0
1,,433934,Port:10,0,0,0,Missing,,,,,,,,,0
1,,433950,Port:10,0,0,0,Missing,,,,,,,,,0
1,,433966,Port:10,0,0,0,Missing,,,,,,,,,0
1,,433982,Port:10,0,0,0,Missing,,,,,,,,,0
1,,433998,Port:10,0,0,0,Missing,,,,,,,,,0
1,,434006,Port:10,0,0,0,Missing,,,,,,,,,0
1,,434030,Port:10,0,0,0,Missing,,,,,,,,,0
1,,434046,Port:10,0,0,0,Missing,,,,,,,,,0
1,,434054,Port:10,0,0,0,Missing,,,,,,,,,0
1,,434070,Port:10,0,0,0,Missing,,,,,,,,,0
1,,434102,Port:10,0,0,0,Missing,,,,,,,,,0
1,,434118,Port:10,0,0,0,Missing,,,,,,,,,0
1,,434126,Port:10,0,0,0,Missing,,,,,,,,,0
1,,434150,Port:10,0,0,0,Missing,,,,,,,,,0
1,,434166,Port:10,0,0,0,Missing,,,,,,,,,0
1,,434174,Port:10,0,0,0,Missing,,,,,,,,,0
1,,434190,Port:10,0,0,0,Missing,,,,,,,,,0
1,,434206,Port:10,0,0,0,Missing,,,,,,,,,0
1,,434222,Port:10,0,0,0,Missing,,,,,,,,,0
1,,434238,Port:10,0,0,0,Missing,,,,,,,,,0
1,,434246,Port:10,0,0,0,Missing,,,,,,,,,0
1,,434270,Port:10,0,0,0,Missing,,,,,,,,,0
1,,434278,Port:10,0,0,0,Missing,,,,,,,,,0
1,,434294,Port:10,0,0,0,Missing,,,,,,,,,0
1,,434310,Port:10,0,0,0,Missing,,,,,,,,,0
1,,434342,Port:10,0,0,0,Missing,,,,,,,,,0
1,,434358,Port:10,0,0,0,Missing,,,,,,,,,0
1,,434366,Port:10,0,0,0,Missing,,,,,,,,,0
1,,434390,Port:10,0,0,0,Missing,,,,,,,,,0
1,,434398,Port:10,0,0,0,Missing,,,,,,,,,0
1,,434414,Port:10,0,0,0,Missing,,,,,,,,,0
1,,434430,Port:10,0,0,0,Missing,,,,,,,,,0
1,,434446,Port:10,0,0,0,Missing,,,,,,,,,0
1,,434462,Port:10,0,0,0,Missing,,,,,,,,,0
1,,434478,Port:10,0,0,0,Missing,,,,,,,,,0
1,,434494,Port:10,0,0,0,Missing,,,,,,,,,0
1,,434510,Port:10,0,0,0,Missing,,,,,,,,,0
1,,434526,Port:10,0,0,0,Missing,,,,,,,,,0
1,,434534,Port:10,0,0,0,Missing,,,,,,,,,0
1,,434550,Port:10,0,0,0,Missing,,,,,,,,,0
1,,434582,Port:10,0,0,0,Missing,,,,,,,,,0
1,,434598,Port:10,0,0,0,Missing,,,,,,,,,0
1,,434614,Port:10,0,0,0,Missing,,,,,,,,,0
1,,434630,Port:10,0,0,0,Missing,,,,,,,,,0
1,,434638,Port:10,0,0,0,Missing,,,,,,,,,0
1,,434654,Port:10,0,0,0,Missing,,,,,,,,,0
1,,434670,Port:10,0,0,0,Missing,,,,,,,,,0
1,,434686,Port:10,0,0,0,Missing,,,,,,,,,0
1,,434702,Port:10,0,0,0,Missing,,,,,,,,,0
1,,434710,Port:10,0,0,0,Missing,,,,,,,,,0
1,,434734,Port:10,0,0,0,Missing,,,,,,,,,0
1,,434750,Port:10,0,0,0,Missing,,,,,,,,,0
1,,434766,Port:10,0,0,0,Missing,,,,,,,,,0
1,,434774,Port:10,0,0,0,Missing,,,,,,,,,0
1,,434790,Port:10,0,0,0,Missing,,,,,,,,,0
1,,434822,Port:10,0,0,0,Missing,,,,,,,,,0
1,,434830,Port:10,0,0,0,Missing,,,,,,,,,0
1,,434854,Port:10,0,0,0,Missing,,,,,,,,,0
1,,434870,Port:10,0,0,0,Missing,,,,,,,,,0
1,,434886,Port:10,0,0,0,Missing,,,,,,,,,0
1,,434894,Port:10,0,0,0,Missing,,,,,,,,,0
1,,434910,Port:10,0,0,0,Missing,,,,,,,,,0
1,,434926,Port:10,0,0,0,Missing,,,,,,,,,0
1,,434942,Port:10,0,0,0,Missing,,,,,,,,,0
1,,434958,Port:10,0,0,0,Missing,,,,,,,,,0
1,,434974,Port:10,0,0,0,Missing,,,,,,,,,0
1,,434990,Port:10,0,0,0,Missing,,,,,,,,,0
1,,435006,Port:10,0,0,0,Missing,,,,,,,,,0
1,,435014,Port:10,0,0,0,Missing,,,,,,,,,0
1,,435030,Port:10,0,0,0,Missing,,,,,,,,,0
1,,435062,Port:10,0,0,0,Missing,,,,,,,,,0
1,,435078,Port:10,0,0,0,Missing,,,,,,,,,0
1,,435094,Port:10,0,0,0,Missing,,,,,,,,,0
1,,435110,Port:10,0,0,0,Missing,,,,,,,,,0
1,,435126,Port:10,0,0,0,Missing,,,,,,,,,0
1,,435134,Port:10,0,0,0,Missing,,,,,,,,,0
1,,435150,Port:10,0,0,0,Missing,,,,,,,,,0
1,,435166,Port:10,0,0,0,Missing,,,,,,,,,0
1,,435182,Port:10,0,0,0,Missing,,,,,,,,,0
1,,435198,Port:10,0,0,0,Missing,,,,,,,,,0
1,,435214,Port:10,0,0,0,Missing,,,,,,,,,0
1,,435230,Port:10,0,0,0,Missing,,,,,,,,,0
1,,435246,Port:10,0,0,0,Missing,,,,,,,,,0
1,,435254,Port:10,0,0,0,Missing,,,,,,,,,0
1,,435270,Port:10,0,0,0,Missing,,,,,,,,,0
1,,435302,Port:10,0,0,0,Missing,,,,,,,,,0
1,,435318,Port:10,0,0,0,Missing,,,,,,,,,0
1,,435334,Port:10,0,0,0,Missing,,,,,,,,,0
1,,435350,Port:10,0,0,0,Missing,,,,,,,,,0
1,,435366,Port:10,0,0,0,Missing,,,,,,,,,0
1,,435374,Port:10,0,0,0,Missing,,,,,,,,,0
1,,435390,Port:10,0,0,0,Missing,,,,,,,,,0
1,,435406,Port:10,0,0,0,Missing,,,,,,,,,0
1,,435422,Port:10,0,0,0,Missing,,,,,,,,,0
1,,435438,Port:10,0,0,0,Missing,,,,,,,,,0
1,,435454,Port:10,0,0,0,Missing,,,,,,,,,0
1,,435470,Port:10,0,0,0,Missing,,,,,,,,,0
1,,435486,Port:10,0,0,0,Missing,,,,,,,,,0
1,,435494,Port:10,0,0,0,Missing,,,,,,,,,0
1,,435510,Port:10,0,0,0,Missing,,,,,,,,,0
1,,435542,Port:10,0,0,0,Missing,,,,,,,,,0
1,,435558,Port:10,0,0,0,Missing,,,,,,,,,0
1,,435574,Port:10,0,0,0,Missing,,,,,,,,,0
1,,435590,Port:10,0,0,0,Missing,,,,,,,,,0
1,,435606,Port:10,0,0,0,Missing,,,,,,,,,0
1,,435614,Port:10,0,0,0,Missing,,,,,,,,,0
1,,435630,Port:10,0,0,0,Missing,,,,,,,,,0
1,,435646,Port:10,0,0,0,Missing,,,,,,,,,0
1,,435662,Port:10,0,0,0,Missing,,,,,,,,,0
1,,435678,Port:10,0,0,0,Missing,,,,,,,,,0
1,,435694,Port:10,0,0,0,Missing,,,,,,,,,0
1,,435710,Port:10,0,0,0,Missing,,,,,,,,,0
1,,435726,Port:10,0,0,0,Missing,,,,,,,,,0
1,,435734,Port:10,0,0,0,Missing,,,,,,,,,0
1,,435750,Port:10,0,0,0,Missing,,,,,,,,,0
1,,435782,Port:10,0,0,0,Missing,,,,,,,,,0
1,,435798,Port:10,0,0,0,Missing,,,,,,,,,0
1,,435814,Port:10,0,0,0,Missing,,,,,,,,,0
1,,435830,Port:10,0,0,0,Missing,,,,,,,,,0
1,,435846,Port:10,0,0,0,Missing,,,,,,,,,0
1,,435854,Port:10,0,0,0,Missing,,,,,,,,,0
1,,435870,Port:10,0,0,0,Missing,,,,,,,,,0
1,,435886,Port:10,0,0,0,Missing,,,,,,,,,0
1,,435902,Port:10,0,0,0,Missing,,,,,,,,,0
1,,435918,Port:10,0,0,0,Missing,,,,,,,,,0
1,,435934,Port:10,0,0,0,Missing,,,,,,,,,0
1,,435950,Port:10,0,0,0,Missing,,,,,,,,,0
1,,435966,Port:10,0,0,0,Missing,,,,,,,,,0
1,,435974,Port:10,0,0,0,Missing,,,,,,,,,0
1,,435990,Port:10,0,0,0,Missing,,,,,,,,,0
1,,436022,Port:10,0,0,0,Missing,,,,,,,,,0
1,,436038,Port:10,0,0,0,Missing,,,,,,,,,0
1,,436054,Port:10,0,0,0,Missing,,,,,,,,,0
1,,436070,Port:10,0,0,0,Missing,,,,,,,,,0
1,,436086,Port:10,0,0,0,Missing,,,,,,,,,0
1,,436094,Port:10,0,0,0,Missing,,,,,,,,,0
1,,436110,Port:10,0,0,0,Missing,,,,,,,,,0
1,,436126,Port:10,0,0,0,Missing,,,,,,,,,0
1,,436142,Port:10,0,0,0,Missing,,,,,,,,,0
1,,436158,Port:10,0,0,0,Missing,,,,,,,,,0
1,,436174,Port:10,0,0,0,Missing,,,,,,,,,0
1,,436190,Port:10,0,0,0,Missing,,,,,,,,,0
1,,436206,Port:10,0,0,0,Missing,,,,,,,,,0
1,,436214,Port:10,0,0,0,Missing,,,,,,,,,0
1,,436230,Port:10,0,0,0,Missing,,,,,,,,,0
1,,436262,Port:10,0,0,0,Missing,,,,,,,,,0
1,,436278,Port:10,0,0,0,Missing,,,,,,,,,0
1,,436294,Port:10,0,0,0,Missing,,,,,,,,,0
1,,436310,Port:10,0,0,0,Missing,,,,,,,,,0
1,,436326,Port:10,0,0,0,Missing,,,,,,,,,0
1,,436334,Port:10,0,0,0,Missing,,,,,,,,,0
1,,436350,Port:10,0,0,0,Missing,,,,,,,,,0
1,,436366,Port:10,0,0,0,Missing,,,,,,,,,0
1,,436382,Port:10,0,0,0,Missing,,,,,,,,,0
1,,436398,Port:10,0,0,0,Missing,,,,,,,,,0
1,,436414,Port:10,0,0,0,Missing,,,,,,,,,0
1,,436430,Port:10,0,0,0,Missing,,,,,,,,,0
1,,436446,Port:10,0,0,0,Missing,,,,,,,,,0
1,,436454,Port:10,0,0,0,Missing,,,,,,,,,0
1,,436486,Port:10,0,0,0,Missing,,,,,,,,,0
1,,436502,Port:10,0,0,0,Missing,,,,,,,,,0
1,,436518,Port:10,0,0,0,Missing,,,,,,,,,0
1,,436534,Port:10,0,0,0,Missing,,,,,,,,,0
1,,436550,Port:10,0,0,0,Missing,,,,,,,,,0
1,,436566,Port:10,0,0,0,Missing,,,,,,,,,0
1,,436574,Port:10,0,0,0,Missing,,,,,,,,,0
1,,436590,Port:10,0,0,0,Missing,,,,,,,,,0
1,,436606,Port:10,0,0,0,Missing,,,,,,,,,0
1,,436622,Port:10,0,0,0,Missing,,,,,,,,,0
1,,436638,Port:10,0,0,0,Missing,,,,,,,,,0
1,,436654,Port:10,0,0,0,Missing,,,,,,,,,0
1,,436670,Port:10,0,0,0,Missing,,,,,,,,,0
1,,436686,Port:10,0,0,0,Missing,,,,,,,,,0
1,,436694,Port:10,0,0,0,Missing,,,,,,,,,0
1,,436710,Port:10,0,0,0,Missing,,,,,,,,,0
1,,436742,Port:10,0,0,0,Missing,,,,,,,,,0
1,,436758,Port:10,0,0,0,Missing,,,,,,,,,0
1,,436774,Port:10,0,0,0,Missing,,,,,,,,,0
1,,436790,Port:10,0,0,0,Missing,,,,,,,,,0
1,,436806,Port:10,0,0,0,Missing,,,,,,,,,0
1,,436814,Port:10,0,0,0,Missing,,,,,,,,,0
1,,436830,Port:10,0,0,0,Missing,,,,,,,,,0
1,,436846,Port:10,0,0,0,Missing,,,,,,,,,0
1,,436862,Port:10,0,0,0,Missing,,,,,,,,,0
1,,436878,Port:10,0,0,0,Missing,,,,,,,,,0
1,,436894,Port:10,0,0,0,Missing,,,,,,,,,0
1,,436910,Port:10,0,0,0,Missing,,,,,,,,,0
1,,436926,Port:10,0,0,0,Missing,,,,,,,,,0
1,,436934,Port:10,0,0,0,Missing,,,,,,,,,0
1,,436966,Port:10,0,0,0,Missing,,,,,,,,,0
1,,436982,Port:10,0,0,0,Missing,,,,,,,,,0
1,,436998,Port:10,0,0,0,Missing,,,,,,,,,0
1,,437014,Port:10,0,0,0,Missing,,,,,,,,,0
1,,437030,Port:10,0,0,0,Missing,,,,,,,,,0
1,,437046,Port:10,0,0,0,Missing,,,,,,,,,0
1,,437054,Port:10,0,0,0,Missing,,,,,,,,,0
1,,437070,Port:10,0,0,0,Missing,,,,,,,,,0
1,,437086,Port:10,0,0,0,Missing,,,,,,,,,0
1,,437110,Port:10,0,0,0,Missing,,,,,,,,,0
1,,437118,Port:10,0,0,0,Missing,,,,,,,,,0
1,,437134,Port:10,0,0,0,Missing,,,,,,,,,0
1,,437150,Port:10,0,0,0,Missing,,,,,,,,,0
1,,437166,Port:10,0,0,0,Missing,,,,,,,,,0
1,,437174,Port:10,0,0,0,Missing,,,,,,,,,0
1,,437206,Port:10,0,0,0,Missing,,,,,,,,,0
1,,437222,Port:10,0,0,0,Missing,,,,,,,,,0
1,,437238,Port:10,0,0,0,Missing,,,,,,,,,0
1,,437254,Port:10,0,0,0,Missing,,,,,,,,,0
1,,437270,Port:10,0,0,0,Missing,,,,,,,,,0
1,,437286,Port:10,0,0,0,Missing,,,,,,,,,0
1,,437294,Port:10,0,0,0,Missing,,,,,,,,,0
1,,437310,Port:10,0,0,0,Missing,,,,,,,,,0
1,,437326,Port:10,0,0,0,Missing,,,,,,,,,0
1,,437342,Port:10,0,0,0,Missing,,,,,,,,,0
1,,437358,Port:10,0,0,0,Missing,,,,,,,,,0
1,,437374,Port:10,0,0,0,Missing,,,,,,,,,0
1,,437390,Port:10,0,0,0,Missing,,,,,,,,,0
1,,437406,Port:10,0,0,0,Missing,,,,,,,,,0
1,,437414,Port:10,0,0,0,Missing,,,,,,,,,0
1,,437446,Port:10,0,0,0,Missing,,,,,,,,,0
1,,437462,Port:10,0,0,0,Missing,,,,,,,,,0
1,,437478,Port:10,0,0,0,Missing,,,,,,,,,0
1,,437494,Port:10,0,0,0,Missing,,,,,,,,,0
1,,437510,Port:10,0,0,0,Missing,,,,,,,,,0
1,,437526,Port:10,0,0,0,Missing,,,,,,,,,0
1,,437534,Port:10,0,0,0,Missing,,,,,,,,,0
1,,437550,Port:10,0,0,0,Missing,,,,,,,,,0
1,,437566,Port:10,0,0,0,Missing,,,,,,,,,0
1,,437582,Port:10,0,0,0,Missing,,,,,,,,,0
1,,437598,Port:10,0,0,0,Missing,,,,,,,,,0
1,,437614,Port:10,0,0,0,Missing,,,,,,,,,0
1,,437630,Port:10,0,0,0,Missing,,,,,,,,,0
1,,437646,Port:10,0,0,0,Missing,,,,,,,,,0
1,,437654,Port:10,0,0,0,Missing,,,,,,,,,0
1,,437686,Port:10,0,0,0,Missing,,,,,,,,,0
1,,437702,Port:10,0,0,0,Missing,,,,,,,,,0
1,,437718,Port:10,0,0,0,Missing,,,,,,,,,0
1,,437734,Port:10,0,0,0,Missing,,,,,,,,,0
1,,437750,Port:10,0,0,0,Missing,,,,,,,,,0
1,,437766,Port:10,0,0,0,Missing,,,,,,,,,0
1,,437774,Port:10,0,0,0,Missing,,,,,,,,,0
1,,437790,Port:10,0,0,0,Missing,,,,,,,,,0
1,,437806,Port:10,0,0,0,Missing,,,,,,,,,0
1,,437822,Port:10,0,0,0,Missing,,,,,,,,,0
1,,437838,Port:10,0,0,0,Missing,,,,,,,,,0
1,,437854,Port:10,0,0,0,Missing,,,,,,,,,0
1,,437870,Port:10,0,0,0,Missing,,,,,,,,,0
1,,437886,Port:10,0,0,0,Missing,,,,,,,,,0
1,,437894,Port:10,0,0,0,Missing,,,,,,,,,0
1,,437934,Port:10,0,0,0,Missing,,,,,,,,,0
1,,437942,Port:10,0,0,0,Missing,,,,,,,,,0
1,,437958,Port:10,0,0,0,Missing,,,,,,,,,0
1,,437974,Port:10,0,0,0,Missing,,,,,,,,,0
1,,437990,Port:10,0,0,0,Missing,,,,,,,,,0
1,,438006,Port:10,0,0,0,Missing,,,,,,,,,0
1,,438014,Port:10,0,0,0,Missing,,,,,,,,,0
1,,438030,Port:10,0,0,0,Missing,,,,,,,,,0
1,,438054,Port:10,0,0,0,Missing,,,,,,,,,0
1,,438062,Port:10,0,0,0,Missing,,,,,,,,,0
1,,438078,Port:10,0,0,0,Missing,,,,,,,,,0
1,,438094,Port:10,0,0,0,Missing,,,,,,,,,0
1,,438110,Port:10,0,0,0,Missing,,,,,,,,,0
1,,438126,Port:10,0,0,0,Missing,,,,,,,,,0
1,,438134,Port:10,0,0,0,Missing,,,,,,,,,0
1,,438150,Port:10,0,0,0,Missing,,,,,,,,,0
1,,438182,Port:10,0,0,0,Missing,,,,,,,,,0
1,,438198,Port:10,0,0,0,Missing,,,,,,,,,0
1,,438214,Port:10,0,0,0,Missing,,,,,,,,,0
1,,438230,Port:10,0,0,0,Missing,,,,,,,,,0
1,,438246,Port:10,0,0,0,Missing,,,,,,,,,0
1,,438254,Port:10,0,0,0,Missing,,,,,,,,,0
1,,438270,Port:10,0,0,0,Missing,,,,,,,,,0
1,,438294,Port:10,0,0,0,Missing,,,,,,,,,0
1,,438302,Port:10,0,0,0,Missing,,,,,,,,,0
1,,438318,Port:10,0,0,0,Missing,,,,,,,,,0
1,,438334,Port:10,0,0,0,Missing,,,,,,,,,0
1,,438350,Port:10,0,0,0,Missing,,,,,,,,,0
1,,438366,Port:10,0,0,0,Missing,,,,,,,,,0
1,,438374,Port:10,0,0,0,Missing,,,,,,,,,0
1,,438414,Port:10,0,0,0,Missing,,,,,,,,,0
1,,438422,Port:10,0,0,0,Missing,,,,,,,,,0
1,,438438,Port:10,0,0,0,Missing,,,,,,,,,0
1,,438454,Port:10,0,0,0,Missing,,,,,,,,,0
1,,438470,Port:10,0,0,0,Missing,,,,,,,,,0
1,,438486,Port:10,0,0,0,Missing,,,,,,,,,0
1,,438494,Port:10,0,0,0,Missing,,,,,,,,,0
1,,438510,Port:10,0,0,0,Missing,,,,,,,,,0
1,,438534,Port:10,0,0,0,Missing,,,,,,,,,0
1,,438542,Port:10,0,0,0,Missing,,,,,,,,,0
1,,438558,Port:10,0,0,0,Missing,,,,,,,,,0
1,,438574,Port:10,0,0,0,Missing,,,,,,,,,0
1,,438590,Port:10,0,0,0,Missing,,,,,,,,,0
1,,438606,Port:10,0,0,0,Missing,,,,,,,,,0
1,,438614,Port:10,0,0,0,Missing,,,,,,,,,0
1,,438654,Port:10,0,0,0,Missing,,,,,,,,,0
1,,438662,Port:10,0,0,0,Missing,,,,,,,,,0
1,,438678,Port:10,0,0,0,Missing,,,,,,,,,0
1,,438694,Port:10,0,0,0,Missing,,,,,,,,,0
1,,438710,Port:10,0,0,0,Missing,,,,,,,,,0
1,,438726,Port:10,0,0,0,Missing,,,,,,,,,0
1,,438734,Port:10,0,0,0,Missing,,,,,,,,,0
1,,438750,Port:10,0,0,0,Missing,,,,,,,,,0
1,,438774,Port:10,0,0,0,Missing,,,,,,,,,0
1,,438782,Port:10,0,0,0,Missing,,,,,,,,,0
1,,438798,Port:10,0,0,0,Missing,,,,,,,,,0
1,,438814,Port:10,0,0,0,Missing,,,,,,,,,0
1,,438830,Port:10,0,0,0,Missing,,,,,,,,,0
1,,438846,Port:10,0,0,0,Missing,,,,,,,,,0
1,,438854,Port:10,0,0,0,Missing,,,,,,,,,0
1,,438894,Port:10,0,0,0,Missing,,,,,,,,,0
1,,438902,Port:10,0,0,0,Missing,,,,,,,,,0
1,,438918,Port:10,0,0,0,Missing,,,,,,,,,0
1,,438934,Port:10,0,0,0,Missing,,,,,,,,,0
1,,438950,Port:10,0,0,0,Missing,,,,,,,,,0
1,,438966,Port:10,0,0,0,Missing,,,,,,,,,0
1,,438974,Port:10,0,0,0,Missing,,,,,,,,,0
1,,438998,Port:10,0,0,0,Missing,,,,,,,,,0
1,,439014,Port:10,0,0,0,Missing,,,,,,,,,0
1,,439022,Port:10,0,0,0,Missing,,,,,,,,,0
1,,439038,Port:10,0,0,0,Missing,,,,,,,,,0
1,,439054,Port:10,0,0,0,Missing,,,,,,,,,0
1,,439070,Port:10,0,0,0,Missing,,,,,,,,,0
1,,439086,Port:10,0,0,0,Missing,,,,,,,,,0
1,,439094,Port:10,0,0,0,Missing,,,,,,,,,0
1,,439118,Port:10,0,0,0,Missing,,,,,,,,,0
1,,439134,Port:10,0,0,0,Missing,,,,,,,,,0
1,,439142,Port:10,0,0,0,Missing,,,,,,,,,0
1,,439174,Port:10,0,0,0,Missing,,,,,,,,,0
1,,439190,Port:10,0,0,0,Missing,,,,,,,,,0
1,,439206,Port:10,0,0,0,Missing,,,,,,,,,0
1,,439214,Port:10,0,0,0,Missing,,,,,,,,,0
1,,439238,Port:10,0,0,0,Missing,,,,,,,,,0
1,,439254,Port:10,0,0,0,Missing,,,,,,,,,0
1,,439262,Port:10,0,0,0,Missing,,,,,,,,,0
1,,439278,Port:10,0,0,0,Missing,,,,,,,,,0
1,,439294,Port:10,0,0,0,Missing,,,,,,,,,0
1,,439310,Port:10,0,0,0,Missing,,,,,,,,,0
1,,439326,Port:10,0,0,0,Missing,,,,,,,,,0
1,,439342,Port:10,0,0,0,Missing,,,,,,,,,0
1,,439358,Port:10,0,0,0,Missing,,,,,,,,,0
1,,439374,Port:10,0,0,0,Missing,,,,,,,,,0
1,,439390,Port:10,0,0,0,Missing,,,,,,,,,0
1,,439414,Port:10,0,0,0,Missing,,,,,,,,,0
1,,439430,Port:10,0,0,0,Missing,,,,,,,,,0
1,,439446,Port:10,0,0,0,Missing,,,,,,,,,0
1,,439462,Port:10,0,0,0,Missing,,,,,,,,,0
1,,439478,Port:10,0,0,0,Missing,,,,,,,,,0
1,,439494,Port:10,0,0,0,Missing,,,,,,,,,0
1,,439510,Port:10,0,0,0,Missing,,,,,,,,,0
1,,439518,Port:10,0,0,0,Missing,,,,,,,,,0
1,,439534,Port:10,0,0,0,Missing,,,,,,,,,0
1,,439550,Port:10,0,0,0,Missing,,,,,,,,,0
1,,439566,Port:10,0,0,0,Missing,,,,,,,,,0
1,,439582,Port:10,0,0,0,Missing,,,,,,,,,0
1,,439598,Port:10,0,0,0,Missing,,,,,,,,,0
1,,439614,Port:10,0,0,0,Missing,,,,,,,,,0
1,,439638,Port:10,0,0,0,Missing,,,,,,,,,0
1,,439654,Port:10,0,0,0,Missing,,,,,,,,,0
1,,439670,Port:10,0,0,0,Missing,,,,,,,,,0
1,,439686,Port:10,0,0,0,Missing,,,,,,,,,0
1,,439694,Port:10,0,0,0,Missing,,,,,,,,,0
1,,439718,Port:10,0,0,0,Missing,,,,,,,,,0
1,,439734,Port:10,0,0,0,Missing,,,,,,,,,0
1,,439750,Port:10,0,0,0,Missing,,,,,,,,,0
1,,439758,Port:10,0,0,0,Missing,,,,,,,,,0
1,,439774,Port:10,0,0,0,Missing,,,,,,,,,0
1,,439790,Port:10,0,0,0,Missing,,,,,,,,,0
1,,439806,Port:10,0,0,0,Missing,,,,,,,,,0
1,,439838,Port:10,0,0,0,Missing,,,,,,,,,0
1,,439854,Port:10,0,0,0,Missing,,,,,,,,,0
1,,439862,Port:10,0,0,0,Missing,,,,,,,,,0
1,,439878,Port:10,0,0,0,Missing,,,,,,,,,0
1,,439894,Port:10,0,0,0,Missing,,,,,,,,,0
1,,439910,Port:10,0,0,0,Missing,,,,,,,,,0
1,,439926,Port:10,0,0,0,Missing,,,,,,,,,0
1,,439934,Port:10,0,0,0,Missing,,,,,,,,,0
1,,439958,Port:10,0,0,0,Missing,,,,,,,,,0
1,,439974,Port:10,0,0,0,Missing,,,,,,,,,0
1,,439990,Port:10,0,0,0,Missing,,,,,,,,,0
1,,439998,Port:10,0,0,0,Missing,,,,,,,,,0
1,,440014,Port:10,0,0,0,Missing,,,,,,,,,0
1,,440030,Port:10,0,0,0,Missing,,,,,,,,,0
1,,440046,Port:10,0,0,0,Missing,,,,,,,,,0
1,,440078,Port:10,0,0,0,Missing,,,,,,,,,0
1,,440094,Port:10,0,0,0,Missing,,,,,,,,,0
1,,440102,Port:10,0,0,0,Missing,,,,,,,,,0
1,,440118,Port:10,0,0,0,Missing,,,,,,,,,0
1,,440134,Port:10,0,0,0,Missing,,,,,,,,,0
1,,440150,Port:10,0,0,0,Missing,,,,,,,,,0
1,,440166,Port:10,0,0,0,Missing,,,,,,,,,0
1,,440182,Port:10,0,0,0,Missing,,,,,,,,,0
1,,440198,Port:10,0,0,0,Missing,,,,,,,,,0
1,,440214,Port:10,0,0,0,Missing,,,,,,,,,0
1,,440230,Port:10,0,0,0,Missing,,,,,,,,,0
1,,440238,Port:10,0,0,0,Missing,,,,,,,,,0
1,,440254,Port:10,0,0,0,Missing,,,,,,,,,0
1,,440270,Port:10,0,0,0,Missing,,,,,,,,,0
1,,440286,Port:10,0,0,0,Missing,,,,,,,,,0
1,,440302,Port:10,0,0,0,Missing,,,,,,,,,0
1,,440318,Port:10,0,0,0,Missing,,,,,,,,,0
1,,440334,Port:10,0,0,0,Missing,,,,,,,,,0
1,,440358,Port:10,0,0,0,Missing,,,,,,,,,0
1,,440374,Port:10,0,0,0,Missing,,,,,,,,,0
1,,440390,Port:10,0,0,0,Missing,,,,,,,,,0
1,,440406,Port:10,0,0,0,Missing,,,,,,,,,0
1,,440422,Port:10,0,0,0,Missing,,,,,,,,,0
1,,440438,Port:10,0,0,0,Missing,,,,,,,,,0
1,,440454,Port:10,0,0,0,Missing,,,,,,,,,0
1,,440462,Port:10,0,0,0,Missing,,,,,,,,,0
1,,440478,Port:10,0,0,0,Missing,,,,,,,,,0
1,,440494,Port:10,0,0,0,Missing,,,,,,,,,0
1,,440510,Port:10,0,0,0,Missing,,,,,,,,,0
1,,440526,Port:10,0,0,0,Missing,,,,,,,,,0
1,,440542,Port:10,0,0,0,Missing,,,,,,,,,0
1,,440558,Port:10,0,0,0,Missing,,,,,,,,,0
1,,440574,Port:10,0,0,0,Missing,,,,,,,,,0
1,,440598,Port:10,0,0,0,Missing,,,,,,,,,0
1,,440614,Port:10,0,0,0,Missing,,,,,,,,,0
1,,440630,Port:10,0,0,0,Missing,,,,,,,,,0
1,,440646,Port:10,0,0,0,Missing,,,,,,,,,0
1,,440662,Port:10,0,0,0,Missing,,,,,,,,,0
1,,440678,Port:10,0,0,0,Missing,,,,,,,,,0
1,,440694,Port:10,0,0,0,Missing,,,,,,,,,0
1,,440710,Port:10,0,0,0,Missing,,,,,,,,,0
1,,440718,Port:10,0,0,0,Missing,,,,,,,,,0
1,,440734,Port:10,0,0,0,Missing,,,,,,,,,0
1,,440750,Port:10,0,0,0,Missing,,,,,,,,,0
1,,440766,Port:10,0,0,0,Missing,,,,,,,,,0
1,,440782,Port:10,0,0,0,Missing,,,,,,,,,0
1,,440798,Port:10,0,0,0,Missing,,,,,,,,,0
1,,440814,Port:10,0,0,0,Missing,,,,,,,,,0
1,,440838,Port:10,0,0,0,Missing,,,,,,,,,0
1,,440854,Port:10,0,0,0,Missing,,,,,,,,,0
1,,440870,Port:10,0,0,0,Missing,,,,,,,,,0
1,,440886,Port:10,0,0,0,Missing,,,,,,,,,0
1,,440902,Port:10,0,0,0,Missing,,,,,,,,,0
1,,440918,Port:10,0,0,0,Missing,,,,,,,,,0
1,,440934,Port:10,0,0,0,Missing,,,,,,,,,0
1,,440950,Port:10,0,0,0,Missing,,,,,,,,,0
1,,440958,Port:10,0,0,0,Missing,,,,,,,,,0
1,,440974,Port:10,0,0,0,Missing,,,,,,,,,0
1,,440990,Port:10,0,0,0,Missing,,,,,,,,,0
1,,441006,Port:10,0,0,0,Missing,,,,,,,,,0
1,,441022,Port:10,0,0,0,Missing,,,,,,,,,0
1,,441038,Port:10,0,0,0,Missing,,,,,,,,,0
1,,441054,Port:10,0,0,0,Missing,,,,,,,,,0
1,,441070,Port:10,0,0,0,Missing,,,,,,,,,0
1,,441094,Port:10,0,0,0,Missing,,,,,,,,,0
1,,441110,Port:10,0,0,0,Missing,,,,,,,,,0
1,,441126,Port:10,0,0,0,Missing,,,,,,,,,0
1,,441142,Port:10,0,0,0,Missing,,,,,,,,,0
1,,441158,Port:10,0,0,0,Missing,,,,,,,,,0
1,,441174,Port:10,0,0,0,Missing,,,,,,,,,0
1,,441190,Port:10,0,0,0,Missing,,,,,,,,,0
1,,441198,Port:10,0,0,0,Missing,,,,,,,,,0
1,,441214,Port:10,0,0,0,Missing,,,,,,,,,0
1,,441230,Port:10,0,0,0,Missing,,,,,,,,,0
1,,441246,Port:10,0,0,0,Missing,,,,,,,,,0
1,,441262,Port:10,0,0,0,Missing,,,,,,,,,0
1,,441278,Port:10,0,0,0,Missing,,,,,,,,,0
1,,441310,Port:10,0,0,0,Missing,,,,,,,,,0
1,,441318,Port:10,0,0,0,Missing,,,,,,,,,0
1,,441334,Port:10,0,0,0,Missing,,,,,,,,,0
1,,441350,Port:10,0,0,0,Missing,,,,,,,,,0
1,,441366,Port:10,0,0,0,Missing,,,,,,,,,0
1,,441382,Port:10,0,0,0,Missing,,,,,,,,,0
1,,441398,Port:10,0,0,0,Missing,,,,,,,,,0
1,,441414,Port:10,0,0,0,Missing,,,,,,,,,0
1,,441430,Port:10,0,0,0,Missing,,,,,,,,,0
1,,441438,Port:10,0,0,0,Missing,,,,,,,,,0
1,,441454,Port:10,0,0,0,Missing,,,,,,,,,0
1,,441470,Port:10,0,0,0,Missing,,,,,,,,,0
1,,441486,Port:10,0,0,0,Missing,,,,,,,,,0
1,,441502,Port:10,0,0,0,Missing,,,,,,,,,0
1,,441518,Port:10,0,0,0,Missing,,,,,,,,,0
1,,441542,Port:10,0,0,0,Missing,,,,,,,,,0
1,,441558,Port:10,0,0,0,Missing,,,,,,,,,0
1,,441574,Port:10,0,0,0,Missing,,,,,,,,,0
1,,441590,Port:10,0,0,0,Missing,,,,,,,,,0
1,,441606,Port:10,0,0,0,Missing,,,,,,,,,0
1,,441622,Port:10,0,0,0,Missing,,,,,,,,,0
1,,441638,Port:10,0,0,0,Missing,,,,,,,,,0
1,,441654,Port:10,0,0,0,Missing,,,,,,,,,0
1,,441670,Port:10,0,0,0,Missing,,,,,,,,,0
1,,441678,Port:10,0,0,0,Missing,,,,,,,,,0
1,,441694,Port:10,0,0,0,Missing,,,,,,,,,0
1,,441710,Port:10,0,0,0,Missing,,,,,,,,,0
1,,441726,Port:10,0,0,0,Missing,,,,,,,,,0
1,,441742,Port:10,0,0,0,Missing,,,,,,,,,0
1,,441758,Port:10,0,0,0,Missing,,,,,,,,,0
1,,441774,Port:10,0,0,0,Missing,,,,,,,,,0
1,,441790,Port:10,0,0,0,Missing,,,,,,,,,0
1,,441814,Port:10,0,0,0,Missing,,,,,,,,,0
1,,441830,Port:10,0,0,0,Missing,,,,,,,,,0
1,,441846,Port:10,0,0,0,Missing,,,,,,,,,0
1,,441862,Port:10,0,0,0,Missing,,,,,,,,,0
1,,441878,Port:10,0,0,0,Missing,,,,,,,,,0
1,,441894,Port:10,0,0,0,Missing,,,,,,,,,0
1,,441910,Port:10,0,0,0,Missing,,,,,,,,,0
1,,441918,Port:10,0,0,0,Missing,,,,,,,,,0
1,,441934,Port:10,0,0,0,Missing,,,,,,,,,0
1,,441950,Port:10,0,0,0,Missing,,,,,,,,,0
1,,441966,Port:10,0,0,0,Missing,,,,,,,,,0
1,,441982,Port:10,0,0,0,Missing,,,,,,,,,0
1,,441998,Port:10,0,0,0,Missing,,,,,,,,,0
1,,442014,Port:10,0,0,0,Missing,,,,,,,,,0
1,,442038,Port:10,0,0,0,Missing,,,,,,,,,0
1,,442054,Port:10,0,0,0,Missing,,,,,,,,,0
1,,442070,Port:10,0,0,0,Missing,,,,,,,,,0
1,,442086,Port:10,0,0,0,Missing,,,,,,,,,0
1,,442102,Port:10,0,0,0,Missing,,,,,,,,,0
1,,442118,Port:10,0,0,0,Missing,,,,,,,,,0
1,,442134,Port:10,0,0,0,Missing,,,,,,,,,0
1,,442150,Port:10,0,0,0,Missing,,,,,,,,,0
1,,442158,Port:10,0,0,0,Missing,,,,,,,,,0
1,,442174,Port:10,0,0,0,Missing,,,,,,,,,0
1,,442190,Port:10,0,0,0,Missing,,,,,,,,,0
1,,442206,Port:10,0,0,0,Missing,,,,,,,,,0
1,,442222,Port:10,0,0,0,Missing,,,,,,,,,0
1,,442238,Port:10,0,0,0,Missing,,,,,,,,,0
1,,442254,Port:10,0,0,0,Missing,,,,,,,,,0
1,,442278,Port:10,0,0,0,Missing,,,,,,,,,0
1,,442294,Port:10,0,0,0,Missing,,,,,,,,,0
1,,442310,Port:10,0,0,0,Missing,,,,,,,,,0
1,,442326,Port:10,0,0,0,Missing,,,,,,,,,0
1,,442342,Port:10,0,0,0,Missing,,,,,,,,,0
1,,442358,Port:10,0,0,0,Missing,,,,,,,,,0
1,,442374,Port:10,0,0,0,Missing,,,,,,,,,0
1,,442382,Port:10,0,0,0,Missing,,,,,,,,,0
1,,442406,Port:10,0,0,0,Missing,,,,,,,,,0
1,,442414,Port:10,0,0,0,Missing,,,,,,,,,0
1,,442430,Port:10,0,0,0,Missing,,,,,,,,,0
1,,442446,Port:10,0,0,0,Missing,,,,,,,,,0
1,,442478,Port:10,0,0,0,Missing,,,,,,,,,0
1,,442486,Port:10,0,0,0,Missing,,,,,,,,,0
1,,442510,Port:10,0,0,0,Missing,,,,,,,,,0
1,,442518,Port:10,0,0,0,Missing,,,,,,,,,0
1,,442534,Port:10,0,0,0,Missing,,,,,,,,,0
1,,442550,Port:10,0,0,0,Missing,,,,,,,,,0
1,,442566,Port:10,0,0,0,Missing,,,,,,,,,0
1,,442582,Port:10,0,0,0,Missing,,,,,,,,,0
1,,442598,Port:10,0,0,0,Missing,,,,,,,,,0
1,,442614,Port:10,0,0,0,Missing,,,,,,,,,0
1,,442630,Port:10,0,0,0,Missing,,,,,,,,,0
1,,442646,Port:10,0,0,0,Missing,,,,,,,,,0
1,,442654,Port:10,0,0,0,Missing,,,,,,,,,0
1,,442670,Port:10,0,0,0,Missing,,,,,,,,,0
1,,442702,Port:10,0,0,0,Missing,,,,,,,,,0
1,,442718,Port:10,0,0,0,Missing,,,,,,,,,0
1,,442734,Port:10,0,0,0,Missing,,,,,,,,,0
1,,442750,Port:10,0,0,0,Missing,,,,,,,,,0
1,,442766,Port:10,0,0,0,Missing,,,,,,,,,0
1,,442774,Port:10,0,0,0,Missing,,,,,,,,,0
1,,442790,Port:10,0,0,0,Missing,,,,,,,,,0
1,,442806,Port:10,0,0,0,Missing,,,,,,,,,0
1,,442822,Port:10,0,0,0,Missing,,,,,,,,,0
1,,442838,Port:10,0,0,0,Missing,,,,,,,,,0
1,,442854,Port:10,0,0,0,Missing,,,,,,,,,0
1,,442870,Port:10,0,0,0,Missing,,,,,,,,,0
1,,442886,Port:10,0,0,0,Missing,,,,,,,,,0
1,,442894,Port:10,0,0,0,Missing,,,,,,,,,0
1,,442910,Port:10,0,0,0,Missing,,,,,,,,,0
1,,442926,Port:10,0,0,0,Missing,,,,,,,,,0
1,,442942,Port:10,0,0,0,Missing,,,,,,,,,0
1,,442958,Port:10,0,0,0,Missing,,,,,,,,,0
1,,442974,Port:10,0,0,0,Missing,,,,,,,,,0
1,,443006,Port:10,0,0,0,Missing,,,,,,,,,0
1,,443014,Port:10,0,0,0,Missing,,,,,,,,,0
1,,443030,Port:10,0,0,0,Missing,,,,,,,,,0
1,,443046,Port:10,0,0,0,Missing,,,,,,,,,0
1,,443062,Port:10,0,0,0,Missing,,,,,,,,,0
1,,443078,Port:10,0,0,0,Missing,,,,,,,,,0
1,,443094,Port:10,0,0,0,Missing,,,,,,,,,0
1,,443102,Port:10,0,0,0,Missing,,,,,,,,,0
1,,443118,Port:10,0,0,0,Missing,,,,,,,,,0
1,,443134,Port:10,0,0,0,Missing,,,,,,,,,0
1,,443150,Port:10,0,0,0,Missing,,,,,,,,,0
1,,443166,Port:10,0,0,0,Missing,,,,,,,,,0
1,,443182,Port:10,0,0,0,Missing,,,,,,,,,0
1,,443198,Port:10,0,0,0,Missing,,,,,,,,,0
1,,443230,Port:10,0,0,0,Missing,,,,,,,,,0
1,,443238,Port:10,0,0,0,Missing,,,,,,,,,0
1,,443254,Port:10,0,0,0,Missing,,,,,,,,,0
1,,443278,Port:10,0,0,0,Missing,,,,,,,,,0
1,,443286,Port:10,0,0,0,Missing,,,,,,,,,0
1,,443302,Port:10,0,0,0,Missing,,,,,,,,,0
1,,443318,Port:10,0,0,0,Missing,,,,,,,,,0
1,,443334,Port:10,0,0,0,Missing,,,,,,,,,0
1,,443350,Port:10,0,0,0,Missing,,,,,,,,,0
1,,443358,Port:10,0,0,0,Missing,,,,,,,,,0
1,,443374,Port:10,0,0,0,Missing,,,,,,,,,0
1,,443390,Port:10,0,0,0,Missing,,,,,,,,,0
1,,443406,Port:10,0,0,0,Missing,,,,,,,,,0
1,,443422,Port:10,0,0,0,Missing,,,,,,,,,0
1,,443438,Port:10,0,0,0,Missing,,,,,,,,,0
1,,443462,Port:10,0,0,0,Missing,,,,,,,,,0
1,,443486,Port:10,0,0,0,Missing,,,,,,,,,0
1,,443502,Port:10,0,0,0,Missing,,,,,,,,,0
1,,443510,Port:10,0,0,0,Missing,,,,,,,,,0
1,,443526,Port:10,0,0,0,Missing,,,,,,,,,0
1,,443542,Port:10,0,0,0,Missing,,,,,,,,,0
1,,443558,Port:10,0,0,0,Missing,,,,,,,,,0
1,,443574,Port:10,0,0,0,Missing,,,,,,,,,0
1,,443590,Port:10,0,0,0,Missing,,,,,,,,,0
1,,443606,Port:10,0,0,0,Missing,,,,,,,,,0
1,,443622,Port:10,0,0,0,Missing,,,,,,,,,0
1,,443638,Port:10,0,0,0,Missing,,,,,,,,,0
1,,443646,Port:10,0,0,0,Missing,,,,,,,,,0
1,,443662,Port:10,0,0,0,Missing,,,,,,,,,0
1,,443678,Port:10,0,0,0,Missing,,,,,,,,,0
1,,443710,Port:10,0,0,0,Missing,,,,,,,,,0
1,,443726,Port:10,0,0,0,Missing,,,,,,,,,0
1,,443742,Port:10,0,0,0,Missing,,,,,,,,,0
1,,443750,Port:10,0,0,0,Missing,,,,,,,,,0
1,,443766,Port:10,0,0,0,Missing,,,,,,,,,0
1,,443782,Port:10,0,0,0,Missing,,,,,,,,,0
1,,443798,Port:10,0,0,0,Missing,,,,,,,,,0
