ToolCount,ToolInfo,Frame#,PortHandle,Face#,timespec_s,timespec_ns,TransformStatus,Q0,Qx,Qy,Qz,Tx,Ty,Tz,Error,#Markers
1,,151830,Port:10,0,0,0,Missing,,,,,,,,,0
1,,151846,Port:10,0,0,0,Missing,,,,,,,,,0
1,,151854,Port:10,0,0,0,Missing,,,,,,,,,0
1,,151886,Port:10,0,0,0,Missing,,,,,,,,,0
1,,151902,Port:10,0,0,0,Missing,,,,,,,,,0
1,,151910,Port:10,0,0,0,Missing,,,,,,,,,0
1,,151934,Port:10,0,0,0,Missing,,,,,,,,,0
1,,151942,Port:10,0,0,0,Missing,,,,,,,,,0
1,,151958,Port:10,0,0,0,Missing,,,,,,,,,0
1,,151974,Port:10,0,0,0,Missing,,,,,,,,,0
1,,151990,Port:10,0,0,0,Missing,,,,,,,,,0
1,,152006,Port:10,0,0,0,Missing,,,,,,,,,0
1,,152022,Port:10,0,0,0,Missing,,,,,,,,,0
1,,152038,Port:10,0,0,0,Missing,,,,,,,,,0
1,,152054,Port:10,0,0,0,Missing,,,,,,,,,0
1,,152070,Port:10,0,0,0,Missing,,,,,,,,,0
1,,152086,Port:10,0,0,0,Missing,,,,,,,,,0
1,,152110,Port:10,0,0,0,Missing,,,,,,,,,0
1,,152126,Port:10,0,0,0,Missing,,,,,,,,,0
1,,152142,Port:10,0,0,0,Missing,,,,,,,,,0
1,,152158,Port:10,0,0,0,Missing,,,,,,,,,0
1,,152174,Port:10,0,0,0,Missing,,,,,,,,,0
1,,152190,Port:10,0,0,0,Missing,,,,,,,,,0
1,,152206,Port:10,0,0,0,Missing,,,,,,,,,0
1,,152214,Port:10,0,0,0,Missing,,,,,,,,,0
1,,152230,Port:10,0,0,0,Missing,,,,,,,,,0
1,,152246,Port:10,0,0,0,Missing,,,,,,,,,0
1,,152262,Port:10,0,0,0,Missing,,,,,,,,,0
1,,152278,Port:10,0,0,0,Missing,,,,,,,,,0
1,,152294,Port:10,0,0,0,Missing,,,,,,,,,0
1,,152310,Port:10,0,0,0,Missing,,,,,,,,,0
1,,152326,Port:10,0,0,0,Missing,,,,,,,,,0
1,,152350,Port:10,0,0,0,Missing,,,,,,,,,0
1,,152366,Port:10,0,0,0,Missing,,,,,,,,,0
1,,152382,Port:10,0,0,0,Missing,,,,,,,,,0
1,,152398,Port:10,0,0,0,Missing,,,,,,,,,0
1,,152414,Port:10,0,0,0,Missing,,,,,,,,,0
1,,152430,Port:10,0,0,0,Missing,,,,,,,,,0
1,,152438,Port:10,0,0,0,Missing,,,,,,,,,0
1,,152454,Port:10,0,0,0,Missing,,,,,,,,,0
1,,152470,Port:10,0,0,0,Missing,,,,,,,,,0
1,,152486,Port:10,0,0,0,Missing,,,,,,,,,0
1,,152502,Port:10,0,0,0,Missing,,,,,,,,,0
1,,152518,Port:10,0,0,0,Missing,,,,,,,,,0
1,,152534,Port:10,0,0,0,Missing,,,,,,,,,0
1,,152550,Port:10,0,0,0,Missing,,,,,,,,,0
1,,152574,Port:10,0,0,0,Missing,,,,,,,,,0
1,,152590,Port:10,0,0,0,Missing,,,,,,,,,0
1,,152606,Port:10,0,0,0,Missing,,,,,,,,,0
1,,152622,Port:10,0,0,0,Missing,,,,,,,,,0
1,,152638,Port:10,0,0,0,Missing,,,,,,,,,0
1,,152654,Port:10,0,0,0,Missing,,,,,,,,,0
1,,152670,Port:10,0,0,0,Missing,,,,,,,,,0
1,,152678,Port:10,0,0,0,Missing,,,,,,,,,0
1,,152694,Port:10,0,0,0,Missing,,,,,,,,,0
1,,152710,Port:10,0,0,0,Missing,,,,,,,,,0
1,,152726,Port:10,0,0,0,Missing,,,,,,,,,0
1,,152742,Port:10,0,0,0,Missing,,,,,,,,,0
1,,152758,Port:10,0,0,0,Missing,,,,,,,,,0
1,,152774,Port:10,0,0,0,Missing,,,,,,,,,0
1,,152798,Port:10,0,0,0,Missing,,,,,,,,,0
1,,152814,Port:10,0,0,0,Missing,,,,,,,,,0
1,,152830,Port:10,0,0,0,Missing,,,,,,,,,0
1,,152846,Port:10,0,0,0,Missing,,,,,,,,,0
1,,152862,Port:10,0,0,0,Missing,,,,,,,,,0
1,,152878,Port:10,0,0,0,Missing,,,,,,,,,0
1,,152894,Port:10,0,0,0,Missing,,,,,,,,,0
1,,152910,Port:10,0,0,0,Missing,,,,,,,,,0
1,,152918,Port:10,0,0,0,Missing,,,,,,,,,0
1,,152934,Port:10,0,0,0,Missing,,,,,,,,,0
1,,152950,Port:10,0,0,0,Missing,,,,,,,,,0
1,,152966,Port:10,0,0,0,Missing,,,,,,,,,0
1,,152982,Port:10,0,0,0,Missing,,,,,,,,,0
1,,152998,Port:10,0,0,0,Missing,,,,,,,,,0
1,,153014,Port:10,0,0,0,Missing,,,,,,,,,0
1,,153030,Port:10,0,0,0,Missing,,,,,,,,,0
1,,153054,Port:10,0,0,0,Missing,,,,,,,,,0
1,,153070,Port:10,0,0,0,Missing,,,,,,,,,0
1,,153086,Port:10,0,0,0,Missing,,,,,,,,,0
1,,153102,Port:10,0,0,0,Missing,,,,,,,,,0
1,,153118,Port:10,0,0,0,Missing,,,,,,,,,0
1,,153134,Port:10,0,0,0,Missing,,,,,,,,,0
1,,153150,Port:10,0,0,0,Missing,,,,,,,,,0
1,,153166,Port:10,0,0,0,Missing,,,,,,,,,0
1,,153174,Port:10,0,0,0,Missing,,,,,,,,,0
1,,153190,Port:10,0,0,0,Missing,,,,,,,,,0
1,,153206,Port:10,0,0,0,Missing,,,,,,,,,0
1,,153222,Port:10,0,0,0,Missing,,,,,,,,,0
1,,153238,Port:10,0,0,0,Missing,,,,,,,,,0
1,,153254,Port:10,0,0,0,Missing,,,,,,,,,0
1,,153270,Port:10,0,0,0,Missing,,,,,,,,,0
1,,153294,Port:10,0,0,0,Missing,,,,,,,,,0
1,,153310,Port:10,0,0,0,Missing,,,,,,,,,0
1,,153326,Port:10,0,0,0,Missing,,,,,,,,,0
1,,153342,Port:10,0,0,0,Missing,,,,,,,,,0
1,,153358,Port:10,0,0,0,Missing,,,,,,,,,0
1,,153374,Port:10,0,0,0,Missing,,,,,,,,,0
1,,153382,Port:10,0,0,0,Missing,,,,,,,,,0
1,,153398,Port:10,0,0,0,Missing,,,,,,,,,0
1,,153422,Port:10,0,0,0,Missing,,,,,,,,,0
1,,153438,Port:10,0,0,0,Missing,,,,,,,,,0
1,,153446,Port:10,0,0,0,Missing,,,,,,,,,0
1,,153462,Port:10,0,0,0,Missing,,,,,,,,,0
1,,153478,Port:10,0,0,0,Missing,,,,,,,,,0
1,,153494,Port:10,0,0,0,Missing,,,,,,,,,0
1,,153518,Port:10,0,0,0,Missing,,,,,,,,,0
1,,153542,Port:10,0,0,0,Missing,,,,,,,,,0
1,,153550,Port:10,0,0,0,Missing,,,,,,,,,0
1,,153566,Port:10,0,0,0,Missing,,,,,,,,,0
1,,153582,Port:10,0,0,0,Missing,,,,,,,,,0
1,,153598,Port:10,0,0,0,Missing,,,,,,,,,0
1,,153614,Port:10,0,0,0,Missing,,,,,,,,,0
1,,153622,Port:10,0,0,0,Missing,,,,,,,,,0
1,,153638,Port:10,0,0,0,Missing,,,,,,,,,0
1,,153662,Port:10,0,0,0,Missing,,,,,,,,,0
1,,153678,Port:10,0,0,0,Missing,,,,,,,,,0
1,,153686,Port:10,0,0,0,Missing,,,,,,,,,0
1,,153702,Port:10,0,0,0,Missing,,,,,,,,,0
1,,153718,Port:10,0,0,0,Missing,,,,,,,,,0
1,,153734,Port:10,0,0,0,Missing,,,,,,,,,0
1,,153750,Port:10,0,0,0,Missing,,,,,,,,,0
1,,153766,Port:10,0,0,0,Missing,,,,,,,,,0
1,,153790,Port:10,0,0,0,Missing,,,,,,,,,0
1,,153806,Port:10,0,0,0,Missing,,,,,,,,,0
1,,153822,Port:10,0,0,0,Missing,,,,,,,,,0
1,,153838,Port:10,0,0,0,Missing,,,,,,,,,0
1,,153854,Port:10,0,0,0,Missing,,,,,,,,,0
1,,153870,Port:10,0,0,0,Missing,,,,,,,,,0
1,,153886,Port:10,0,0,0,Missing,,,,,,,,,0
1,,153894,Port:10,0,0,0,Missing,,,,,,,,,0
1,,153910,Port:10,0,0,0,Missing,,,,,,,,,0
1,,153926,Port:10,0,0,0,Missing,,,,,,,,,0
1,,153942,Port:10,0,0,0,Missing,,,,,,,,,0
1,,153958,Port:10,0,0,0,Missing,,,,,,,,,0
1,,153974,Port:10,0,0,0,Missing,,,,,,,,,0
1,,154006,Port:10,0,0,0,Missing,,,,,,,,,0
1,,154046,Port:10,0,0,0,Missing,,,,,,,,,0
1,,154062,Port:10,0,0,0,Missing,,,,,,,,,0
1,,154078,Port:10,0,0,0,Missing,,,,,,,,,0
1,,154094,Port:10,0,0,0,Missing,,,,,,,,,0
1,,154110,Port:10,0,0,0,Missing,,,,,,,,,0
1,,154126,Port:10,0,0,0,Missing,,,,,,,,,0
1,,154134,Port:10,0,0,0,Missing,,,,,,,,,0
1,,154150,Port:10,0,0,0,Missing,,,,,,,,,0
1,,154174,Port:10,0,0,0,Missing,,,,,,,,,0
1,,154182,Port:10,0,0,0,Missing,,,,,,,,,0
1,,154198,Port:10,0,0,0,Missing,,,,,,,,,0
1,,154214,Port:10,0,0,0,Missing,,,,,,,,,0
1,,154230,Port:10,0,0,0,Missing,,,,,,,,,0
1,,154254,Port:10,0,0,0,Missing,,,,,,,,,0
1,,154270,Port:10,0,0,0,Missing,,,,,,,,,0
1,,154294,Port:10,0,0,0,Missing,,,,,,,,,0
1,,154302,Port:10,0,0,0,Missing,,,,,,,,,0
1,,154318,Port:10,0,0,0,Missing,,,,,,,,,0
1,,154334,Port:10,0,0,0,Missing,,,,,,,,,0
1,,154350,Port:10,0,0,0,Missing,,,,,,,,,0
1,,154366,Port:10,0,0,0,Missing,,,,,,,,,0
1,,154374,Port:10,0,0,0,Missing,,,,,,,,,0
1,,154390,Port:10,0,0,0,Missing,,,,,,,,,0
1,,154414,Port:10,0,0,0,Missing,,,,,,,,,0
1,,154422,Port:10,0,0,0,Missing,,,,,,,,,0
1,,154438,Port:10,0,0,0,Missing,,,,,,,,,0
1,,154454,Port:10,0,0,0,Missing,,,,,,,,,0
1,,154470,Port:10,0,0,0,Missing,,,,,,,,,0
1,,154494,Port:10,0,0,0,Missing,,,,,,,,,0
1,,154510,Port:10,0,0,0,Missing,,,,,,,,,0
1,,154534,Port:10,0,0,0,Missing,,,,,,,,,0
1,,154542,Port:10,0,0,0,Missing,,,,,,,,,0
1,,154558,Port:10,0,0,0,Missing,,,,,,,,,0
1,,154574,Port:10,0,0,0,Missing,,,,,,,,,0
1,,154590,Port:10,0,0,0,Missing,,,,,,,,,0
1,,154606,Port:10,0,0,0,Missing,,,,,,,,,0
1,,154614,Port:10,0,0,0,Missing,,,,,,,,,0
1,,154630,Port:10,0,0,0,Missing,,,,,,,,,0
1,,154654,Port:10,0,0,0,Missing,,,,,,,,,0
1,,154662,Port:10,0,0,0,Missing,,,,,,,,,0
1,,154678,Port:10,0,0,0,Missing,,,,,,,,,0
1,,154694,Port:10,0,0,0,Missing,,,,,,,,,0
1,,154710,Port:10,0,0,0,Missing,,,,,,,,,0
1,,154734,Port:10,0,0,0,Missing,,,,,,,,,0
1,,154750,Port:10,0,0,0,Missing,,,,,,,,,0
1,,154774,Port:10,0,0,0,Missing,,,,,,,,,0
1,,154782,Port:10,0,0,0,Missing,,,,,,,,,0
1,,154798,Port:10,0,0,0,Missing,,,,,,,,,0
1,,154814,Port:10,0,0,0,Missing,,,,,,,,,0
1,,154830,Port:10,0,0,0,Missing,,,,,,,,,0
1,,154846,Port:10,0,0,0,Missing,,,,,,,,,0
1,,154854,Port:10,0,0,0,Missing,,,,,,,,,0
1,,154870,Port:10,0,0,0,Missing,,,,,,,,,0
1,,154894,Port:10,0,0,0,Missing,,,,,,,,,0
1,,154902,Port:10,0,0,0,Missing,,,,,,,,,0
1,,154918,Port:10,0,0,0,Missing,,,,,,,,,0
1,,154934,Port:10,0,0,0,Missing,,,,,,,,,0
1,,154966,Port:10,0,0,0,Missing,,,,,,,,,0
1,,154982,Port:10,0,0,0,Missing,,,,,,,,,0
1,,154998,Port:10,0,0,0,Missing,,,,,,,,,0
1,,155006,Port:10,0,0,0,Missing,,,,,,,,,0
1,,155022,Port:10,0,0,0,Missing,,,,,,,,,0
1,,155038,Port:10,0,0,0,Missing,,,,,,,,,0
1,,155054,Port:10,0,0,0,Missing,,,,,,,,,0
1,,155070,Port:10,0,0,0,Missing,,,,,,,,,0
1,,155086,Port:10,0,0,0,Missing,,,,,,,,,0
1,,155102,Port:10,0,0,0,Missing,,,,,,,,,0
1,,155118,Port:10,0,0,0,Missing,,,,,,,,,0
1,,155126,Port:10,0,0,0,Missing,,,,,,,,,0
1,,155142,Port:10,0,0,0,Missing,,,,,,,,,0
1,,155158,Port:10,0,0,0,Missing,,,,,,,,,0
1,,155190,Port:10,0,0,0,Missing,,,,,,,,,0
1,,155206,Port:10,0,0,0,Missing,,,,,,,,,0
1,,155222,Port:10,0,0,0,Missing,,,,,,,,,0
1,,155238,Port:10,0,0,0,Missing,,,,,,,,,0
1,,155246,Port:10,0,0,0,Missing,,,,,,,,,0
1,,155262,Port:10,0,0,0,Missing,,,,,,,,,0
1,,155278,Port:10,0,0,0,Missing,,,,,,,,,0
1,,155294,Port:10,0,0,0,Missing,,,,,,,,,0
1,,155310,Port:10,0,0,0,Missing,,,,,,,,,0
1,,155326,Port:10,0,0,0,Missing,,,,,,,,,0
1,,155342,Port:10,0,0,0,Missing,,,,,,,,,0
1,,155350,Port:10,0,0,0,Missing,,,,,,,,,0
1,,155366,Port:10,0,0,0,Missing,,,,,,,,,0
1,,155382,Port:10,0,0,0,Missing,,,,,,,,,0
1,,155398,Port:10,0,0,0,Missing,,,,,,,,,0
1,,155414,Port:10,0,0,0,Missing,,,,,,,,,0
1,,155430,Port:10,0,0,0,Missing,,,,,,,,,0
1,,155446,Port:10,0,0,0,Missing,,,,,,,,,0
1,,155470,Port:10,0,0,0,Missing,,,,,,,,,0
1,,155486,Port:10,0,0,0,Missing,,,,,,,,,0
1,,155502,Port:10,0,0,0,Missing,,,,,,,,,0
1,,155518,Port:10,0,0,0,Missing,,,,,,,,,0
1,,155534,Port:10,0,0,0,Missing,,,,,,,,,0
1,,155550,Port:10,0,0,0,Missing,,,,,,,,,0
1,,155566,Port:10,0,0,0,Missing,,,,,,,,,0
1,,155582,Port:10,0,0,0,Missing,,,,,,,,,0
1,,155590,Port:10,0,0,0,Missing,,,,,,,,,0
1,,155606,Port:10,0,0,0,Missing,,,,,,,,,0
1,,155622,Port:10,0,0,0,Missing,,,,,,,,,0
1,,155638,Port:10,0,0,0,Missing,,,,,,,,,0
1,,155654,Port:10,0,0,0,Missing,,,,,,,,,0
1,,155670,Port:10,0,0,0,Missing,,,,,,,,,0
1,,155694,Port:10,0,0,0,Missing,,,,,,,,,0
1,,155710,Port:10,0,0,0,Missing,,,,,,,,,0
1,,155734,Port:10,0,0,0,Missing,,,,,,,,,0
1,,155742,Port:10,0,0,0,Missing,,,,,,,,,0
1,,155758,Port:10,0,0,0,Missing,,,,,,,,,0
1,,155774,Port:10,0,0,0,Missing,,,,,,,,,0
1,,155790,Port:10,0,0,0,Missing,,,,,,,,,0
1,,155806,Port:10,0,0,0,Missing,,,,,,,,,0
1,,155814,Port:10,0,0,0,Missing,,,,,,,,,0
1,,155830,Port:10,0,0,0,Missing,,,,,,,,,0
1,,155854,Port:10,0,0,0,Missing,,,,,,,,,0
1,,155870,Port:10,0,0,0,Missing,,,,,,,,,0
1,,155878,Port:10,0,0,0,Missing,,,,,,,,,0
1,,155894,Port:10,0,0,0,Missing,,,,,,,,,0
1,,155910,Port:10,0,0,0,Missing,,,,,,,,,0
1,,155934,Port:10,0,0,0,Missing,,,,,,,,,0
1,,155950,Port:10,0,0,0,Missing,,,,,,,,,0
1,,155974,Port:10,0,0,0,Missing,,,,,,,,,0
1,,155982,Port:10,0,0,0,Missing,,,,,,,,,0
1,,155998,Port:10,0,0,0,Missing,,,,,,,,,0
1,,156014,Port:10,0,0,0,Missing,,,,,,,,,0
1,,156030,Port:10,0,0,0,Missing,,,,,,,,,0
1,,156046,Port:10,0,0,0,Missing,,,,,,,,,0
1,,156054,Port:10,0,0,0,Missing,,,,,,,,,0
1,,156070,Port:10,0,0,0,Missing,,,,,,,,,0
1,,156094,Port:10,0,0,0,Missing,,,,,,,,,0
1,,156110,Port:10,0,0,0,Missing,,,,,,,,,0
1,,156118,Port:10,0,0,0,Missing,,,,,,,,,0
1,,156134,Port:10,0,0,0,Missing,,,,,,,,,0
1,,156150,Port:10,0,0,0,Missing,,,,,,,,,0
1,,156182,Port:10,0,0,0,Missing,,,,,,,,,0
1,,156190,Port:10,0,0,0,Missing,,,,,,,,,0
1,,156214,Port:10,0,0,0,Missing,,,,,,,,,0
1,,156230,Port:10,0,0,0,Missing,,,,,,,,,0
1,,156238,Port:10,0,0,0,Missing,,,,,,,,,0
1,,156254,Port:10,0,0,0,Missing,,,,,,,,,0
1,,156270,Port:10,0,0,0,Missing,,,,,,,,,0
1,,156286,Port:10,0,0,0,Missing,,,,,,,,,0
1,,156302,Port:10,0,0,0,Missing,,,,,,,,,0
1,,156310,Port:10,0,0,0,Missing,,,,,,,,,0
1,,156334,Port:10,0,0,0,Missing,,,,,,,,,0
1,,156350,Port:10,0,0,0,Missing,,,,,,,,,0
1,,156358,Port:10,0,0,0,Missing,,,,,,,,,0
1,,156374,Port:10,0,0,0,Missing,,,,,,,,,0
1,,156406,Port:10,0,0,0,Missing,,,,,,,,,0
1,,156422,Port:10,0,0,0,Missing,,,,,,,,,0
1,,156438,Port:10,0,0,0,Missing,,,,,,,,,0
1,,156446,Port:10,0,0,0,Missing,,,,,,,,,0
1,,156462,Port:10,0,0,0,Missing,,,,,,,,,0
1,,156478,Port:10,0,0,0,Missing,,,,,,,,,0
1,,156494,Port:10,0,0,0,Missing,,,,,,,,,0
1,,156510,Port:10,0,0,0,Missing,,,,,,,,,0
1,,156526,Port:10,0,0,0,Missing,,,,,,,,,0
1,,156542,Port:10,0,0,0,Missing,,,,,,,,,0
1,,156558,Port:10,0,0,0,Missing,,,,,,,,,0
1,,156566,Port:10,0,0,0,Missing,,,,,,,,,0
1,,156582,Port:10,0,0,0,Missing,,,,,,,,,0
1,,156598,Port:10,0,0,0,Missing,,,,,,,,,0
1,,156614,Port:10,0,0,0,Missing,,,,,,,,,0
1,,156630,Port:10,0,0,0,Missing,,,,,,,,,0
1,,156646,Port:10,0,0,0,Missing,,,,,,,,,0
1,,156678,Port:10,0,0,0,Missing,,,,,,,,,0
1,,156686,Port:10,0,0,0,Missing,,,,,,,,,0
1,,156702,Port:10,0,0,0,Missing,,,,,,,,,0
1,,156726,Port:10,0,0,0,Missing,,,,,,,,,0
1,,156734,Port:10,0,0,0,Missing,,,,,,,,,0
1,,156750,Port:10,0,0,0,Missing,,,,,,,,,0
1,,156766,Port:10,0,0,0,Missing,,,,,,,,,0
1,,156782,Port:10,0,0,0,Missing,,,,,,,,,0
1,,156798,Port:10,0,0,0,Missing,,,,,,,,,0
1,,156806,Port:10,0,0,0,Missing,,,,,,,,,0
1,,156830,Port:10,0,0,0,Missing,,,,,,,,,0
1,,156838,Port:10,0,0,0,Missing,,,,,,,,,0
1,,156870,Port:10,0,0,0,Missing,,,,,,,,,0
1,,156886,Port:10,0,0,0,Missing,,,,,,,,,0
1,,156902,Port:10,0,0,0,Missing,,,,,,,,,0
1,,156918,Port:10,0,0,0,Missing,,,,,,,,,0
1,,156934,Port:10,0,0,0,Missing,,,,,,,,,0
1,,156942,Port:10,0,0,0,Missing,,,,,,,,,0
1,,156958,Port:10,0,0,0,Missing,,,,,,,,,0
1,,156974,Port:10,0,0,0,Missing,,,,,,,,,0
1,,156990,Port:10,0,0,0,Missing,,,,,,,,,0
1,,157006,Port:10,0,0,0,Missing,,,,,,,,,0
1,,157022,Port:10,0,0,0,Missing,,,,,,,,,0
1,,157038,Port:10,0,0,0,Missing,,,,,,,,,0
1,,157054,Port:10,0,0,0,Missing,,,,,,,,,0
1,,157062,Port:10,0,0,0,Missing,,,,,,,,,0
1,,157078,Port:10,0,0,0,Missing,,,,,,,,,0
1,,157110,Port:10,0,0,0,Missing,,,,,,,,,0
1,,157126,Port:10,0,0,0,Missing,,,,,,,,,0
1,,157142,Port:10,0,0,0,Missing,,,,,,,,,0
1,,157158,Port:10,0,0,0,Missing,,,,,,,,,0
1,,157174,Port:10,0,0,0,Missing,,,,,,,,,0
1,,157182,Port:10,0,0,0,Missing,,,,,,,,,0
1,,157198,Port:10,0,0,0,Missing,,,,,,,,,0
1,,157214,Port:10,0,0,0,Missing,,,,,,,,,0
1,,157230,Port:10,0,0,0,Missing,,,,,,,,,0
1,,157246,Port:10,0,0,0,Missing,,,,,,,,,0
1,,157262,Port:10,0,0,0,Missing,,,,,,,,,0
1,,157278,Port:10,0,0,0,Missing,,,,,,,,,0
1,,157286,Port:10,0,0,0,Missing,,,,,,,,,0
1,,157302,Port:10,0,0,0,Missing,,,,,,,,,0
1,,157326,Port:10,0,0,0,Missing,,,,,,,,,0
1,,157334,Port:10,0,0,0,Missing,,,,,,,,,0
1,,157350,Port:10,0,0,0,Missing,,,,,,,,,0
1,,157366,Port:10,0,0,0,Missing,,,,,,,,,0
1,,157398,Port:10,0,0,0,Missing,,,,,,,,,0
1,,157406,Port:10,0,0,0,Missing,,,,,,,,,0
1,,157422,Port:10,0,0,0,Missing,,,,,,,,,0
1,,157446,Port:10,0,0,0,Missing,,,,,,,,,0
1,,157454,Port:10,0,0,0,Missing,,,,,,,,,0
1,,157470,Port:10,0,0,0,Missing,,,,,,,,,0
1,,157486,Port:10,0,0,0,Missing,,,,,,,,,0
1,,157502,Port:10,0,0,0,Missing,,,,,,,,,0
1,,157518,Port:10,0,0,0,Missing,,,,,,,,,0
1,,157526,Port:10,0,0,0,Missing,,,,,,,,,0
1,,157542,Port:10,0,0,0,Missing,,,,,,,,,0
1,,157566,Port:10,0,0,0,Missing,,,,,,,,,0
1,,157574,Port:10,0,0,0,Missing,,,,,,,,,0
1,,157590,Port:10,0,0,0,Missing,,,,,,,,,0
1,,157606,Port:10,0,0,0,Missing,,,,,,,,,0
1,,157622,Port:10,0,0,0,Missing,,,,,,,,,0
1,,157654,Port:10,0,0,0,Missing,,,,,,,,,0
1,,157662,Port:10,0,0,0,Missing,,,,,,,,,0
1,,157678,Port:10,0,0,0,Missing,,,,,,,,,0
1,,157694,Port:10,0,0,0,Missing,,,,,,,,,0
1,,157710,Port:10,0,0,0,Missing,,,,,,,,,0
1,,157726,Port:10,0,0,0,Missing,,,,,,,,,0
1,,157742,Port:10,0,0,0,Missing,,,,,,,,,0
1,,157758,Port:10,0,0,0,Missing,,,,,,,,,0
1,,157774,Port:10,0,0,0,Missing,,,,,,,,,0
1,,157790,Port:10,0,0,0,Missing,,,,,,,,,0
1,,157798,Port:10,0,0,0,Missing,,,,,,,,,0
1,,157830,Port:10,0,0,0,Missing,,,,,,,,,0
1,,157846,Port:10,0,0,0,Missing,,,,,,,,,0
1,,157862,Port:10,0,0,0,Missing,,,,,,,,,0
1,,157878,Port:10,0,0,0,Missing,,,,,,,,,0
1,,157894,Port:10,0,0,0,Missing,,,,,,,,,0
1,,157910,Port:10,0,0,0,Missing,,,,,,,,,0
1,,157918,Port:10,0,0,0,Missing,,,,,,,,,0
1,,157934,Port:10,0,0,0,Missing,,,,,,,,,0
1,,157950,Port:10,0,0,0,Missing,,,,,,,,,0
1,,157966,Port:10,0,0,0,Missing,,,,,,,,,0
1,,157982,Port:10,0,0,0,Missing,,,,,,,,,0
1,,157990,Port:10,0,0,0,Missing,,,,,,,,,0
1,,158014,Port:10,0,0,0,Missing,,,,,,,,,0
1,,158030,Port:10,0,0,0,Missing,,,,,,,,,0
1,,158046,Port:10,0,0,0,Missing,,,,,,,,,0
1,,158054,Port:10,0,0,0,Missing,,,,,,,,,0
1,,158086,Port:10,0,0,0,Missing,,,,,,,,,0
1,,158102,Port:10,0,0,0,Missing,,,,,,,,,0
1,,158118,Port:10,0,0,0,Missing,,,,,,,,,0
1,,158134,Port:10,0,0,0,Missing,,,,,,,,,0
1,,158150,Port:10,0,0,0,Missing,,,,,,,,,0
1,,158166,Port:10,0,0,0,Missing,,,,,,,,,0
1,,158174,Port:10,0,0,0,Missing,,,,,,,,,0
1,,158190,Port:10,0,0,0,Missing,,,,,,,,,0
1,,158206,Port:10,0,0,0,Missing,,,,,,,,,0
1,,158222,Port:10,0,0,0,Missing,,,,,,,,,0
1,,158238,Port:10,0,0,0,Missing,,,,,,,,,0
1,,158254,Port:10,0,0,0,Missing,,,,,,,,,0
1,,158270,Port:10,0,0,0,Missing,,,,,,,,,0
1,,158286,Port:10,0,0,0,Missing,,,,,,,,,0
1,,158294,Port:10,0,0,0,Missing,,,,,,,,,0
1,,158326,Port:10,0,0,0,Missing,,,,,,,,,0
1,,158342,Port:10,0,0,0,Missing,,,,,,,,,0
1,,158358,Port:10,0,0,0,Missing,,,,,,,,,0
1,,158374,Port:10,0,0,0,Missing,,,,,,,,,0
1,,158390,Port:10,0,0,0,Missing,,,,,,,,,0
1,,158398,Port:10,0,0,0,Missing,,,,,,,,,0
1,,158414,Port:10,0,0,0,Missing,,,,,,,,,0
1,,158430,Port:10,0,0,0,Missing,,,,,,,,,0
1,,158446,Port:10,0,0,0,Missing,,,,,,,,,0
1,,158462,Port:10,0,0,0,Missing,,,,,,,,,0
1,,158478,Port:10,0,0,0,Missing,,,,,,,,,0
1,,158494,Port:10,0,0,0,Missing,,,,,,,,,0
1,,158510,Port:10,0,0,0,Missing,,,,,,,,,0
1,,158518,Port:10,0,0,0,Missing,,,,,,,,,0
1,,158550,Port:10,0,0,0,Missing,,,,,,,,,0
1,,158566,Port:10,0,0,0,Missing,,,,,,,,,0
1,,158582,Port:10,0,0,0,Missing,,,,,,,,,0
1,,158598,Port:10,0,0,0,Missing,,,,,,,,,0
1,,158614,Port:10,0,0,0,Missing,,,,,,,,,0
1,,158630,Port:10,0,0,0,Missing,,,,,,,,,0
1,,158638,Port:10,0,0,0,Missing,,,,,,,,,0
1,,158654,Port:10,0,0,0,Missing,,,,,,,,,0
1,,158670,Port:10,0,0,0,Missing,,,,,,,,,0
1,,158686,Port:10,0,0,0,Missing,,,,,,,,,0
1,,158702,Port:10,0,0,0,Missing,,,,,,,,,0
1,,158718,Port:10,0,0,0,Missing,,,,,,,,,0
1,,158734,Port:10,0,0,0,Missing,,,,,,,,,0
1,,158742,Port:10,0,0,0,Missing,,,,,,,,,0
1,,158766,Port:10,0,0,0,Missing,,,,,,,,,0
1,,158774,Port:10,0,0,0,Missing,,,,,,,,,0
1,,158806,Port:10,0,0,0,Missing,,,,,,,,,0
1,,158822,Port:10,0,0,0,Missing,,,,,,,,,0
1,,158838,Port:10,0,0,0,Missing,,,,,,,,,0
1,,158854,Port:10,0,0,0,Missing,,,,,,,,,0
1,,158870,Port:10,0,0,0,Missing,,,,,,,,,0
1,,158886,Port:10,0,0,0,Missing,,,,,,,,,0
1,,158894,Port:10,0,0,0,Missing,,,,,,,,,0
1,,158910,Port:10,0,0,0,Missing,,,,,,,,,0
1,,158926,Port:10,0,0,0,Missing,,,,,,,,,0
1,,158942,Port:10,0,0,0,Missing,,,,,,,,,0
1,,158958,Port:10,0,0,0,Missing,,,,,,,,,0
1,,158974,Port:10,0,0,0,Missing,,,,,,,,,0
1,,158990,Port:10,0,0,0,Missing,,,,,,,,,0
1,,159006,Port:10,0,0,0,Missing,,,,,,,,,0
1,,159014,Port:10,0,0,0,Missing,,,,,,,,,0
1,,159046,Port:10,0,0,0,Missing,,,,,,,,,0
1,,159062,Port:10,0,0,0,Missing,,,,,,,,,0
1,,159078,Port:10,0,0,0,Missing,,,,,,,,,0
1,,159094,Port:10,0,0,0,Missing,,,,,,,,,0
1,,159110,Port:10,0,0,0,Missing,,,,,,,,,0
1,,159126,Port:10,0,0,0,Missing,,,,,,,,,0
1,,159134,Port:10,0,0,0,Missing,,,,,,,,,0
1,,159150,Port:10,0,0,0,Missing,,,,,,,,,0
1,,159166,Port:10,0,0,0,Missing,,,,,,,,,0
1,,159182,Port:10,0,0,0,Missing,,,,,,,,,0
1,,159198,Port:10,0,0,0,Missing,,,,,,,,,0
1,,159214,Port:10,0,0,0,Missing,,,,,,,,,0
1,,159230,Port:10,0,0,0,Missing,,,,,,,,,0
1,,159246,Port:10,0,0,0,Missing,,,,,,,,,0
1,,159254,Port:10,0,0,0,Missing,,,,,,,,,0
1,,159286,Port:10,0,0,0,Missing,,,,,,,,,0
1,,159302,Port:10,0,0,0,Missing,,,,,,,,,0
1,,159318,Port:10,0,0,0,Missing,,,,,,,,,0
1,,159334,Port:10,0,0,0,Missing,,,,,,,,,0
1,,159350,Port:10,0,0,0,Missing,,,,,,,,,0
1,,159366,Port:10,0,0,0,Missing,,,,,,,,,0
1,,159374,Port:10,0,0,0,Missing,,,,,,,,,0
1,,159390,Port:10,0,0,0,Missing,,,,,,,,,0
1,,159406,Port:10,0,0,0,Missing,,,,,,,,,0
1,,159422,Port:10,0,0,0,Missing,,,,,,,,,0
1,,159438,Port:10,0,0,0,Missing,,,,,,,,,0
1,,159454,Port:10,0,0,0,Missing,,,,,,,,,0
1,,159470,Port:10,0,0,0,Missing,,,,,,,,,0
1,,159486,Port:10,0,0,0,Missing,,,,,,,,,0
1,,159494,Port:10,0,0,0,Missing,,,,,,,,,0
1,,159526,Port:10,0,0,0,Missing,,,,,,,,,0
1,,159542,Port:10,0,0,0,Missing,,,,,,,,,0
1,,159558,Port:10,0,0,0,Missing,,,,,,,,,0
1,,159574,Port:10,0,0,0,Missing,,,,,,,,,0
1,,159582,Port:10,0,0,0,Missing,,,,,,,,,0
1,,159606,Port:10,0,0,0,Missing,,,,,,,,,0
1,,159622,Port:10,0,0,0,Missing,,,,,,,,,0
1,,159630,Port:10,0,0,0,Missing,,,,,,,,,0
1,,159646,Port:10,0,0,0,Missing,,,,,,,,,0
1,,159662,Port:10,0,0,0,Missing,,,,,,,,,0
1,,159678,Port:10,0,0,0,Missing,,,,,,,,,0
1,,159694,Port:10,0,0,0,Missing,,,,,,,,,0
1,,159702,Port:10,0,0,0,Missing,,,,,,,,,0
1,,159726,Port:10,0,0,0,Missing,,,,,,,,,0
1,,159742,Port:10,0,0,0,Missing,,,,,,,,,0
1,,159750,Port:10,0,0,0,Missing,,,,,,,,,0
1,,159782,Port:10,0,0,0,Missing,,,,,,,,,0
1,,159798,Port:10,0,0,0,Missing,,,,,,,,,0
1,,159814,Port:10,0,0,0,Missing,,,,,,,,,0
1,,159822,Port:10,0,0,0,Missing,,,,,,,,,0
1,,159846,Port:10,0,0,0,Missing,,,,,,,,,0
1,,159862,Port:10,0,0,0,Missing,,,,,,,,,0
1,,159870,Port:10,0,0,0,Missing,,,,,,,,,0
1,,159886,Port:10,0,0,0,Missing,,,,,,,,,0
1,,159902,Port:10,0,0,0,Missing,,,,,,,,,0
1,,159918,Port:10,0,0,0,Missing,,,,,,,,,0
1,,159934,Port:10,0,0,0,Missing,,,,,,,,,0
1,,159950,Port:10,0,0,0,Missing,,,,,,,,,0
1,,159966,Port:10,0,0,0,Missing,,,,,,,,,0
1,,159974,Port:10,0,0,0,Missing,,,,,,,,,0
1,,160006,Port:10,0,0,0,Missing,,,,,,,,,0
1,,160022,Port:10,0,0,0,Missing,,,,,,,,,0
1,,160038,Port:10,0,0,0,Missing,,,,,,,,,0
1,,160054,Port:10,0,0,0,Missing,,,,,,,,,0
1,,160070,Port:10,0,0,0,Missing,,,,,,,,,0
1,,160086,Port:10,0,0,0,Missing,,,,,,,,,0
1,,160094,Port:10,0,0,0,Missing,,,,,,,,,0
1,,160110,Port:10,0,0,0,Missing,,,,,,,,,0
1,,160126,Port:10,0,0,0,Missing,,,,,,,,,0
1,,160142,Port:10,0,0,0,Missing,,,,,,,,,0
1,,160158,Port:10,0,0,0,Missing,,,,,,,,,0
1,,160174,Port:10,0,0,0,Missing,,,,,,,,,0
1,,160190,Port:10,0,0,0,Missing,,,,,,,,,0
1,,160206,Port:10,0,0,0,Missing,,,,,,,,,0
1,,160214,Port:10,0,0,0,Missing,,,,,,,,,0
1,,160246,Port:10,0,0,0,Missing,,,,,,,,,0
1,,160262,Port:10,0,0,0,Missing,,,,,,,,,0
1,,160278,Port:10,0,0,0,Missing,,,,,,,,,0
1,,160294,Port:10,0,0,0,Missing,,,,,,,,,0
1,,160310,Port:10,0,0,0,Missing,,,,,,,,,0
1,,160326,Port:10,0,0,0,Missing,,,,,,,,,0
1,,160334,Port:10,0,0,0,Missing,,,,,,,,,0
1,,160350,Port:10,0,0,0,Missing,,,,,,,,,0
1,,160374,Port:10,0,0,0,Missing,,,,,,,,,0
1,,160382,Port:10,0,0,0,Missing,,,,,,,,,0
1,,160398,Port:10,0,0,0,Missing,,,,,,,,,0
1,,160414,Port:10,0,0,0,Missing,,,,,,,,,0
1,,160430,Port:10,0,0,0,Missing,,,,,,,,,0
1,,160446,Port:10,0,0,0,Missing,,,,,,,,,0
1,,160470,Port:10,0,0,0,Missing,,,,,,,,,0
1,,160486,Port:10,0,0,0,Missing,,,,,,,,,0
1,,160502,Port:10,0,0,0,Missing,,,,,,,,,0
1,,160518,Port:10,0,0,0,Missing,,,,,,,,,0
1,,160534,Port:10,0,0,0,Missing,,,,,,,,,0
1,,160550,Port:10,0,0,0,Missing,,,,,,,,,0
1,,160558,Port:10,0,0,0,Missing,,,,,,,,,0
1,,160574,Port:10,0,0,0,Missing,,,,,,,,,0
1,,160598,Port:10,0,0,0,Missing,,,,,,,,,0
1,,160606,Port:10,0,0,0,Missing,,,,,,,,,0
1,,160622,Port:10,0,0,0,Missing,,,,,,,,,0
1,,160638,Port:10,0,0,0,Missing,,,,,,,,,0
1,,160654,Port:10,0,0,0,Missing,,,,,,,,,0
1,,160670,Port:10,0,0,0,Missing,,,,,,,,,0
1,,160678,Port:10,0,0,0,Missing,,,,,,,,,0
1,,160718,Port:10,0,0,0,Missing,,,,,,,,,0
1,,160726,Port:10,0,0,0,Missing,,,,,,,,,0
1,,160742,Port:10,0,0,0,Missing,,,,,,,,,0
1,,160758,Port:10,0,0,0,Missing,,,,,,,,,0
1,,160774,Port:10,0,0,0,Missing,,,,,,,,,0
1,,160790,Port:10,0,0,0,Missing,,,,,,,,,0
1,,160806,Port:10,0,0,0,Missing,,,,,,,,,0
1,,160814,Port:10,0,0,0,Missing,,,,,,,,,0
1,,160838,Port:10,0,0,0,Missing,,,,,,,,,0
1,,160846,Port:10,0,0,0,Missing,,,,,,,,,0
1,,160862,Port:10,0,0,0,Missing,,,,,,,,,0
1,,160878,Port:10,0,0,0,Missing,,,,,,,,,0
1,,160894,Port:10,0,0,0,Missing,,,,,,,,,0
1,,160910,Port:10,0,0,0,Missing,,,,,,,,,0
1,,160926,Port:10,0,0,0,Missing,,,,,,,,,0
1,,160958,Port:10,0,0,0,Missing,,,,,,,,,0
1,,160974,Port:10,0,0,0,Missing,,,,,,,,,0
1,,160982,Port:10,0,0,0,Missing,,,,,,,,,0
1,,160998,Port:10,0,0,0,Missing,,,,,,,,,0
1,,161014,Port:10,0,0,0,Missing,,,,,,,,,0
1,,161030,Port:10,0,0,0,Missing,,,,,,,,,0
1,,161038,Port:10,0,0,0,Missing,,,,,,,,,0
1,,161062,Port:10,0,0,0,Missing,,,,,,,,,0
1,,161070,Port:10,0,0,0,Missing,,,,,,,,,0
1,,161086,Port:10,0,0,0,Missing,,,,,,,,,0
1,,161102,Port:10,0,0,0,Missing,,,,,,,,,0
1,,161118,Port:10,0,0,0,Missing,,,,,,,,,0
1,,161134,Port:10,0,0,0,Missing,,,,,,,,,0
1,,161150,Port:10,0,0,0,Missing,,,,,,,,,0
1,,161166,Port:10,0,0,0,Missing,,,,,,,,,0
1,,161182,Port:10,0,0,0,Missing,,,,,,,,,0
1,,161206,Port:10,0,0,0,Missing,,,,,,,,,0
1,,161222,Port:10,0,0,0,Missing,,,,,,,,,0
1,,161238,Port:10,0,0,0,Missing,,,,,,,,,0
1,,161254,Port:10,0,0,0,Missing,,,,,,,,,0
1,,161270,Port:10,0,0,0,Missing,,,,,,,,,0
1,,161286,Port:10,0,0,0,Missing,,,,,,,,,0
1,,161302,Port:10,0,0,0,Missing,,,,,,,,,0
1,,161310,Port:10,0,0,0,Missing,,,,,,,,,0
1,,161326,Port:10,0,0,0,Missing,,,,,,,,,0
1,,161350,Port:10,0,0,0,Missing,,,,,,,,,0
1,,161358,Port:10,0,0,0,Missing,,,,,,,,,0
1,,161374,Port:10,0,0,0,Missing,,,,,,,,,0
1,,161390,Port:10,0,0,0,Missing,,,,,,,,,0
1,,161406,Port:10,0,0,0,Missing,,,,,,,,,0
1,,161414,Port:10,0,0,0,Missing,,,,,,,,,0
1,,161446,Port:10,0,0,0,Missing,,,,,,,,,0
1,,161462,Port:10,0,0,0,Missing,,,,,,,,,0
1,,161478,Port:10,0,0,0,Missing,,,,,,,,,0
1,,161494,Port:10,0,0,0,Missing,,,,,,,,,0
1,,161510,Port:10,0,0,0,Missing,,,,,,,,,0
1,,161526,Port:10,0,0,0,Missing,,,,,,,,,0
1,,161542,Port:10,0,0,0,Missing,,,,,,,,,0
1,,161550,Port:10,0,0,0,Missing,,,,,,,,,0
1,,161566,Port:10,0,0,0,Missing,,,,,,,,,0
1,,161582,Port:10,0,0,0,Missing,,,,,,,,,0
1,,161598,Port:10,0,0,0,Missing,,,,,,,,,0
1,,161614,Port:10,0,0,0,Missing,,,,,,,,,0
1,,161630,Port:10,0,0,0,Missing,,,,,,,,,0
1,,161646,Port:10,0,0,0,Missing,,,,,,,,,0
1,,161662,Port:10,0,0,0,Missing,,,,,,,,,0
1,,161686,Port:10,0,0,0,Missing,,,,,,,,,0
1,,161702,Port:10,0,0,0,Missing,,,,,,,,,0
1,,161718,Port:10,0,0,0,Missing,,,,,,,,,0
1,,161734,Port:10,0,0,0,Missing,,,,,,,,,0
1,,161750,Port:10,0,0,0,Missing,,,,,,,,,0
1,,161766,Port:10,0,0,0,Missing,,,,,,,,,0
1,,161782,Port:10,0,0,0,Missing,,,,,,,,,0
1,,161790,Port:10,0,0,0,Missing,,,,,,,,,0
1,,161806,Port:10,0,0,0,Missing,,,,,,,,,0
1,,161830,Port:10,0,0,0,Missing,,,,,,,,,0
1,,161838,Port:10,0,0,0,Missing,,,,,,,,,0
1,,161854,Port:10,0,0,0,Missing,,,,,,,,,0
1,,161870,Port:10,0,0,0,Missing,,,,,,,,,0
1,,161886,Port:10,0,0,0,Missing,,,,,,,,,0
1,,161918,Port:10,0,0,0,Missing,,,,,,,,,0
1,,161934,Port:10,0,0,0,Missing,,,,,,,,,0
1,,161942,Port:10,0,0,0,Missing,,,,,,,,,0
1,,161958,Port:10,0,0,0,Missing,,,,,,,,,0
1,,161974,Port:10,0,0,0,Missing,,,,,,,,,0
1,,161990,Port:10,0,0,0,Missing,,,,,,,,,0
1,,162006,Port:10,0,0,0,Missing,,,,,,,,,0
1,,162014,Port:10,0,0,0,Missing,,,,,,,,,0
1,,162038,Port:10,0,0,0,Missing,,,,,,,,,0
1,,162054,Port:10,0,0,0,Missing,,,,,,,,,0
1,,162062,Port:10,0,0,0,Missing,,,,,,,,,0
1,,162078,Port:10,0,0,0,Missing,,,,,,,,,0
1,,162094,Port:10,0,0,0,Missing,,,,,,,,,0
1,,162110,Port:10,0,0,0,Missing,,,,,,,,,0
1,,162126,Port:10,0,0,0,Missing,,,,,,,,,0
1,,162158,Port:10,0,0,0,Missing,,,,,,,,,0
1,,162174,Port:10,0,0,0,Missing,,,,,,,,,0
1,,162182,Port:10,0,0,0,Missing,,,,,,,,,0
1,,162198,Port:10,0,0,0,Missing,,,,,,,,,0
1,,162214,Port:10,0,0,0,Missing,,,,,,,,,0
1,,162230,Port:10,0,0,0,Missing,,,,,,,,,0
1,,162246,Port:10,0,0,0,Missing,,,,,,,,,0
1,,162262,Port:10,0,0,0,Missing,,,,,,,,,0
1,,162278,Port:10,0,0,0,Missing,,,,,,,,,0
1,,162286,Port:10,0,0,0,Missing,,,,,,,,,0
1,,162302,Port:10,0,0,0,Missing,,,,,,,,,0
1,,162318,Port:10,0,0,0,Missing,,,,,,,,,0
1,,162334,Port:10,0,0,0,Missing,,,,,,,,,0
1,,162350,Port:10,0,0,0,Missing,,,,,,,,,0
1,,162366,Port:10,0,0,0,Missing,,,,,,,,,0
1,,162382,Port:10,0,0,0,Missing,,,,,,,,,0
1,,162398,Port:10,0,0,0,Missing,,,,,,,,,0
1,,162422,Port:10,0,0,0,Missing,,,,,,,,,0
1,,162438,Port:10,0,0,0,Missing,,,,,,,,,0
1,,162454,Port:10,0,0,0,Missing,,,,,,,,,0
1,,162470,Port:10,0,0,0,Missing,,,,,,,,,0
1,,162486,Port:10,0,0,0,Missing,,,,,,,,,0
1,,162502,Port:10,0,0,0,Missing,,,,,,,,,0
1,,162518,Port:10,0,0,0,Missing,,,,,,,,,0
1,,162526,Port:10,0,0,0,Missing,,,,,,,,,0
1,,162542,Port:10,0,0,0,Missing,,,,,,,,,0
1,,162558,Port:10,0,0,0,Missing,,,,,,,,,0
1,,162574,Port:10,0,0,0,Missing,,,,,,,,,0
1,,162590,Port:10,0,0,0,Missing,,,,,,,,,0
1,,162606,Port:10,0,0,0,Missing,,,,,,,,,0
1,,162638,Port:10,0,0,0,Missing,,,,,,,,,0
1,,162654,Port:10,0,0,0,Missing,,,,,,,,,0
1,,162662,Port:10,0,0,0,Missing,,,,,,,,,0
1,,162678,Port:10,0,0,0,Missing,,,,,,,,,0
1,,162694,Port:10,0,0,0,Missing,,,,,,,,,0
1,,162710,Port:10,0,0,0,Missing,,,,,,,,,0
1,,162726,Port:10,0,0,0,Missing,,,,,,,,,0
1,,162734,Port:10,0,0,0,Missing,,,,,,,,,0
1,,162758,Port:10,0,0,0,Missing,,,,,,,,,0
1,,162774,Port:10,0,0,0,Missing,,,,,,,,,0
1,,162782,Port:10,0,0,0,Missing,,,,,,,,,0
1,,162798,Port:10,0,0,0,Missing,,,,,,,,,0
1,,162814,Port:10,0,0,0,Missing,,,,,,,,,0
1,,162830,Port:10,0,0,0,Missing,,,,,,,,,0
1,,162846,Port:10,0,0,0,Missing,,,,,,,,,0
1,,162878,Port:10,0,0,0,Missing,,,,,,,,,0
1,,162894,Port:10,0,0,0,Missing,,,,,,,,,0
1,,162902,Port:10,0,0,0,Missing,,,,,,,,,0
1,,162918,Port:10,0,0,0,Missing,,,,,,,,,0
1,,162934,Port:10,0,0,0,Missing,,,,,,,,,0
1,,162950,Port:10,0,0,0,Missing,,,,,,,,,0
1,,162966,Port:10,0,0,0,Missing,,,,,,,,,0
1,,162982,Port:10,0,0,0,Missing,,,,,,,,,0
1,,162998,Port:10,0,0,0,Missing,,,,,,,,,0
1,,163006,Port:10,0,0,0,Missing,,,,,,,,,0
1,,163030,Port:10,0,0,0,Missing,,,,,,,,,0
1,,163038,Port:10,0,0,0,Missing,,,,,,,,,0
1,,163054,Port:10,0,0,0,Missing,,,,,,,,,0
1,,163070,Port:10,0,0,0,Missing,,,,,,,,,0
1,,163086,Port:10,0,0,0,Missing,,,,,,,,,0
1,,163102,Port:10,0,0,0,Missing,,,,,,,,,0
1,,163126,Port:10,0,0,0,Missing,,,,,,,,,0
1,,163150,Port:10,0,0,0,Missing,,,,,,,,,0
1,,163158,Port:10,0,0,0,Missing,,,,,,,,,0
1,,163174,Port:10,0,0,0,Missing,,,,,,,,,0
1,,163190,Port:10,0,0,0,Missing,,,,,,,,,0
1,,163206,Port:10,0,0,0,Missing,,,,,,,,,0
1,,163222,Port:10,0,0,0,Missing,,,,,,,,,0
1,,163238,Port:10,0,0,0,Missing,,,,,,,,,0
1,,163246,Port:10,0,0,0,Missing,,,,,,,,,0
1,,163270,Port:10,0,0,0,Missing,,,,,,,,,0
1,,163286,Port:10,0,0,0,Missing,,,,,,,,,0
1,,163294,Port:10,0,0,0,Missing,,,,,,,,,0
1,,163310,Port:10,0,0,0,Missing,,,,,,,,,0
1,,163326,Port:10,0,0,0,Missing,,,,,,,,,0
1,,163342,Port:10,0,0,0,Missing,,,,,,,,,0
1,,163374,Port:10,0,0,0,Missing,,,,,,,,,0
1,,163382,Port:10,0,0,0,Missing,,,,,,,,,0
1,,163398,Port:10,0,0,0,Missing,,,,,,,,,0
1,,163414,Port:10,0,0,0,Missing,,,,,,,,,0
1,,163430,Port:10,0,0,0,Missing,,,,,,,,,0
1,,163446,Port:10,0,0,0,Missing,,,,,,,,,0
1,,163462,Port:10,0,0,0,Missing,,,,,,,,,0
1,,163478,Port:10,0,0,0,Missing,,,,,,,,,0
1,,163494,Port:10,0,0,0,Missing,,,,,,,,,0
1,,163502,Port:10,0,0,0,Missing,,,,,,,,,0
1,,163518,Port:10,0,0,0,Missing,,,,,,,,,0
1,,163534,Port:10,0,0,0,Missing,,,,,,,,,0
1,,163550,Port:10,0,0,0,Missing,,,,,,,,,0
1,,163566,Port:10,0,0,0,Missing,,,,,,,,,0
1,,163582,Port:10,0,0,0,Missing,,,,,,,,,0
1,,163598,Port:10,0,0,0,Missing,,,,,,,,,0
1,,163622,Port:10,0,0,0,Missing,,,,,,,,,0
1,,163638,Port:10,0,0,0,Missing,,,,,,,,,0
1,,163654,Port:10,0,0,0,Missing,,,,,,,,,0
1,,163670,Port:10,0,0,0,Missing,,,,,,,,,0
1,,163686,Port:10,0,0,0,Missing,,,,,,,,,0
1,,163702,Port:10,0,0,0,Missing,,,,,,,,,0
1,,163718,Port:10,0,0,0,Missing,,,,,,,,,0
1,,163734,Port:10,0,0,0,Missing,,,,,,,,,0
1,,163750,Port:10,0,0,0,Missing,,,,,,,,,0
1,,163758,Port:10,0,0,0,Missing,,,,,,,,,0
1,,163774,Port:10,0,0,0,Missing,,,,,,,,,0
1,,163790,Port:10,0,0,0,Missing,,,,,,,,,0
1,,163806,Port:10,0,0,0,Missing,,,,,,,,,0
1,,163838,Port:10,0,0,0,Missing,,,,,,,,,0
1,,163854,Port:10,0,0,0,Missing,,,,,,,,,0
1,,163870,Port:10,0,0,0,Missing,,,,,,,,,0
1,,163878,Port:10,0,0,0,Missing,,,,,,,,,0
1,,163894,Port:10,0,0,0,Missing,,,,,,,,,0
1,,163910,Port:10,0,0,0,Missing,,,,,,,,,0
1,,163926,Port:10,0,0,0,Missing,,,,,,,,,0
1,,163942,Port:10,0,0,0,Missing,,,,,,,,,0
1,,163958,Port:10,0,0,0,Missing,,,,,,,,,0
1,,163974,Port:10,0,0,0,Missing,,,,,,,,,0
1,,163990,Port:10,0,0,0,Missing,,,,,,,,,0
1,,163998,Port:10,0,0,0,Missing,,,,,,,,,0
1,,164014,Port:10,0,0,0,Missing,,,,,,,,,0
1,,164030,Port:10,0,0,0,Missing,,,,,,,,,0
1,,164046,Port:10,0,0,0,Missing,,,,,,,,,0
1,,164078,Port:10,0,0,0,Missing,,,,,,,,,0
1,,164094,Port:10,0,0,0,Missing,,,,,,,,,0
1,,164110,Port:10,0,0,0,Missing,,,,,,,,,0
1,,164126,Port:10,0,0,0,Missing,,,,,,,,,0
1,,164134,Port:10,0,0,0,Missing,,,,,,,,,0
1,,164150,Port:10,0,0,0,Missing,,,,,,,,,0
1,,164166,Port:10,0,0,0,Missing,,,,,,,,,0
1,,164182,Port:10,0,0,0,Missing,,,,,,,,,0
1,,164198,Port:10,0,0,0,Missing,,,,,,,,,0
1,,164206,Port:10,0,0,0,Missing,,,,,,,,,0
1,,164222,Port:10,0,0,0,Missing,,,,,,,,,0
1,,164246,Port:10,0,0,0,Missing,,,,,,,,,0
1,,164262,Port:10,0,0,0,Missing,,,,,,,,,0
1,,164270,Port:10,0,0,0,Missing,,,,,,,,,0
1,,164286,Port:10,0,0,0,Missing,,,,,,,,,0
1,,164302,Port:10,0,0,0,Missing,,,,,,,,,0
1,,164334,Port:10,0,0,0,Missing,,,,,,,,,0
1,,164342,Port:10,0,0,0,Missing,,,,,,,,,0
1,,164366,Port:10,0,0,0,Missing,,,,,,,,,0
1,,164374,Port:10,0,0,0,Missing,,,,,,,,,0
1,,164390,Port:10,0,0,0,Missing,,,,,,,,,0
1,,164406,Port:10,0,0,0,Missing,,,,,,,,,0
1,,164422,Port:10,0,0,0,Missing,,,,,,,,,0
1,,164438,Port:10,0,0,0,Missing,,,,,,,,,0
1,,164446,Port:10,0,0,0,Missing,,,,,,,,,0
1,,164462,Port:10,0,0,0,Missing,,,,,,,,,0
1,,164486,Port:10,0,0,0,Missing,,,,,,,,,0
1,,164494,Port:10,0,0,0,Missing,,,,,,,,,0
1,,164510,Port:10,0,0,0,Missing,,,,,,,,,0
1,,164526,Port:10,0,0,0,Missing,,,,,,,,,0
1,,164542,Port:10,0,0,0,Missing,,,,,,,,,0
1,,164558,Port:10,0,0,0,Missing,,,,,,,,,0
1,,164582,Port:10,0,0,0,Missing,,,,,,,,,0
1,,164598,Port:10,0,0,0,Missing,,,,,,,,,0
1,,164614,Port:10,0,0,0,Missing,,,,,,,,,0
1,,164630,Port:10,0,0,0,Missing,,,,,,,,,0
1,,164646,Port:10,0,0,0,Missing,,,,,,,,,0
1,,164662,Port:10,0,0,0,Missing,,,,,,,,,0
1,,164678,Port:10,0,0,0,Missing,,,,,,,,,0
1,,164694,Port:10,0,0,0,Missing,,,,,,,,,0
1,,164710,Port:10,0,0,0,Missing,,,,,,,,,0
1,,164718,Port:10,0,0,0,Missing,,,,,,,,,0
1,,164734,Port:10,0,0,0,Missing,,,,,,,,,0
1,,164750,Port:10,0,0,0,Missing,,,,,,,,,0
1,,164766,Port:10,0,0,0,Missing,,,,,,,,,0
1,,164782,Port:10,0,0,0,Missing,,,,,,,,,0
1,,164798,Port:10,0,0,0,Missing,,,,,,,,,0
1,,164830,Port:10,0,0,0,Missing,,,,,,,,,0
1,,164838,Port:10,0,0,0,Missing,,,,,,,,,0
1,,164854,Port:10,0,0,0,Missing,,,,,,,,,0
1,,164870,Port:10,0,0,0,Missing,,,,,,,,,0
1,,164886,Port:10,0,0,0,Missing,,,,,,,,,0
1,,164902,Port:10,0,0,0,Missing,,,,,,,,,0
1,,164918,Port:10,0,0,0,Missing,,,,,,,,,0
1,,164934,Port:10,0,0,0,Missing,,,,,,,,,0
1,,164950,Port:10,0,0,0,Missing,,,,,,,,,0
1,,164966,Port:10,0,0,0,Missing,,,,,,,,,0
1,,164982,Port:10,0,0,0,Missing,,,,,,,,,0
1,,164990,Port:10,0,0,0,Missing,,,,,,,,,0
1,,165006,Port:10,0,0,0,Missing,,,,,,,,,0
1,,165022,Port:10,0,0,0,Missing,,,,,,,,,0
1,,165054,Port:10,0,0,0,Missing,,,,,,,,,0
1,,165062,Port:10,0,0,0,Missing,,,,,,,,,0
1,,165086,Port:10,0,0,0,Missing,,,,,,,,,0
1,,165102,Port:10,0,0,0,Missing,,,,,,,,,0
1,,165110,Port:10,0,0,0,Missing,,,,,,,,,0
1,,165126,Port:10,0,0,0,Missing,,,,,,,,,0
1,,165142,Port:10,0,0,0,Missing,,,,,,,,,0
1,,165158,Port:10,0,0,0,Missing,,,,,,,,,0
1,,165174,Port:10,0,0,0,Missing,,,,,,,,,0
1,,165190,Port:10,0,0,0,Missing,,,,,,,,,0
1,,165206,Port:10,0,0,0,Missing,,,,,,,,,0
1,,165222,Port:10,0,0,0,Missing,,,,,,,,,0
1,,165230,Port:10,0,0,0,Missing,,,,,,,,,0
1,,165246,Port:10,0,0,0,Missing,,,,,,,,,0
1,,165262,Port:10,0,0,0,Missing,,,,,,,,,0
1,,165294,Port:10,0,0,0,Missing,,,,,,,,,0
1,,165310,Port:10,0,0,0,Missing,,,,,,,,,0
1,,165318,Port:10,0,0,0,Missing,,,,,,,,,0
1,,165334,Port:10,0,0,0,Missing,,,,,,,,,0
1,,165350,Port:10,0,0,0,Missing,,,,,,,,,0
1,,165366,Port:10,0,0,0,Missing,,,,,,,,,0
1,,165382,Port:10,0,0,0,Missing,,,,,,,,,0
1,,165398,Port:10,0,0,0,Missing,,,,,,,,,0
1,,165414,Port:10,0,0,0,Missing,,,,,,,,,0
1,,165430,Port:10,0,0,0,Missing,,,,,,,,,0
1,,165438,Port:10,0,0,0,Missing,,,,,,,,,0
1,,165454,Port:10,0,0,0,Missing,,,,,,,,,0
1,,165478,Port:10,0,0,0,Missing,,,,,,,,,0
1,,165486,Port:10,0,0,0,Missing,,,,,,,,,0
1,,165502,Port:10,0,0,0,Missing,,,,,,,,,0
1,,165518,Port:10,0,0,0,Missing,,,,,,,,,0
1,,165550,Port:10,0,0,0,Missing,,,,,,,,,0
1,,165558,Port:10,0,0,0,Missing,,,,,,,,,0
1,,165574,Port:10,0,0,0,Missing,,,,,,,,,0
1,,165598,Port:10,0,0,0,Missing,,,,,,,,,0
1,,165606,Port:10,0,0,0,Missing,,,,,,,,,0
1,,165622,Port:10,0,0,0,Missing,,,,,,,,,0
1,,165638,Port:10,0,0,0,Missing,,,,,,,,,0
1,,165654,Port:10,0,0,0,Missing,,,,,,,,,0
1,,165670,Port:10,0,0,0,Missing,,,,,,,,,0
1,,165686,Port:10,0,0,0,Missing,,,,,,,,,0
1,,165702,Port:10,0,0,0,Missing,,,,,,,,,0
1,,165718,Port:10,0,0,0,Missing,,,,,,,,,0
1,,165726,Port:10,0,0,0,Missing,,,,,,,,,0
1,,165742,Port:10,0,0,0,Missing,,,,,,,,,0
1,,165774,Port:10,0,0,0,Missing,,,,,,,,,0
1,,165782,Port:10,0,0,0,Missing,,,,,,,,,0
1,,165806,Port:10,0,0,0,Missing,,,,,,,,,0
1,,165822,Port:10,0,0,0,Missing,,,,,,,,,0
1,,165830,Port:10,0,0,0,Missing,,,,,,,,,0
1,,165846,Port:10,0,0,0,Missing,,,,,,,,,0
1,,165862,Port:10,0,0,0,Missing,,,,,,,,,0
1,,165878,Port:10,0,0,0,Missing,,,,,,,,,0
1,,165894,Port:10,0,0,0,Missing,,,,,,,,,0
1,,165910,Port:10,0,0,0,Missing,,,,,,,,,0
1,,165926,Port:10,0,0,0,Missing,,,,,,,,,0
1,,165942,Port:10,0,0,0,Missing,,,,,,,,,0
1,,165950,Port:10,0,0,0,Missing,,,,,,,,,0
1,,165966,Port:10,0,0,0,Missing,,,,,,,,,0
1,,165982,Port:10,0,0,0,Missing,,,,,,,,,0
1,,166022,Port:10,0,0,0,Missing,,,,,,,,,0
1,,166054,Port:10,0,0,0,Missing,,,,,,,,,0
1,,166070,Port:10,0,0,0,Missing,,,,,,,,,0
1,,166086,Port:10,0,0,0,Missing,,,,,,,,,0
1,,166102,Port:10,0,0,0,Missing,,,,,,,,,0
1,,166118,Port:10,0,0,0,Missing,,,,,,,,,0
1,,166134,Port:10,0,0,0,Missing,,,,,,,,,0
1,,166150,Port:10,0,0,0,Missing,,,,,,,,,0
1,,166166,Port:10,0,0,0,Missing,,,,,,,,,0
1,,166174,Port:10,0,0,0,Missing,,,,,,,,,0
1,,166190,Port:10,0,0,0,Missing,,,,,,,,,0
1,,166222,Port:10,0,0,0,Missing,,,,,,,,,0
1,,166238,Port:10,0,0,0,Missing,,,,,,,,,0
1,,166254,Port:10,0,0,0,Missing,,,,,,,,,0
1,,166270,Port:10,0,0,0,Missing,,,,,,,,,0
1,,166286,Port:10,0,0,0,Missing,,,,,,,,,0
1,,166294,Port:10,0,0,0,Missing,,,,,,,,,0
1,,166310,Port:10,0,0,0,Missing,,,,,,,,,0
1,,166326,Port:10,0,0,0,Missing,,,,,,,,,0
1,,166342,Port:10,0,0,0,Missing,,,,,,,,,0
1,,166358,Port:10,0,0,0,Missing,,,,,,,,,0
1,,166374,Port:10,0,0,0,Missing,,,,,,,,,0
1,,166390,Port:10,0,0,0,Missing,,,,,,,,,0
1,,166406,Port:10,0,0,0,Missing,,,,,,,,,0
1,,166422,Port:10,0,0,0,Missing,,,,,,,,,0
1,,166430,Port:10,0,0,0,Missing,,,,,,,,,0
1,,166446,Port:10,0,0,0,Missing,,,,,,,,,0
1,,166462,Port:10,0,0,0,Missing,,,,,,,,,0
1,,166494,Port:10,0,0,0,Missing,,,,,,,,,0
1,,166510,Port:10,0,0,0,Missing,,,,,,,,,0
1,,166526,Port:10,0,0,0,Missing,,,,,,,,,0
1,,166542,Port:10,0,0,0,Missing,,,,,,,,,0
1,,166550,Port:10,0,0,0,Missing,,,,,,,,,0
1,,166566,Port:10,0,0,0,Missing,,,,,,,,,0
1,,166582,Port:10,0,0,0,Missing,,,,,,,,,0
1,,166598,Port:10,0,0,0,Missing,,,,,,,,,0
1,,166614,Port:10,0,0,0,Missing,,,,,,,,,0
1,,166630,Port:10,0,0,0,Missing,,,,,,,,,0
1,,166646,Port:10,0,0,0,Missing,,,,,,,,,0
1,,166662,Port:10,0,0,0,Missing,,,,,,,,,0
1,,166678,Port:10,0,0,0,Missing,,,,,,,,,0
1,,166686,Port:10,0,0,0,Missing,,,,,,,,,0
1,,166702,Port:10,0,0,0,Missing,,,,,,,,,0
1,,166734,Port:10,0,0,0,Missing,,,,,,,,,0
1,,166750,Port:10,0,0,0,Missing,,,,,,,,,0
1,,166766,Port:10,0,0,0,Missing,,,,,,,,,0
1,,166782,Port:10,0,0,0,Missing,,,,,,,,,0
1,,166790,Port:10,0,0,0,Missing,,,,,,,,,0
1,,166806,Port:10,0,0,0,Missing,,,,,,,,,0
1,,166822,Port:10,0,0,0,Missing,,,,,,,,,0
1,,166838,Port:10,0,0,0,Missing,,,,,,,,,0
1,,166854,Port:10,0,0,0,Missing,,,,,,,,,0
1,,166870,Port:10,0,0,0,Missing,,,,,,,,,0
1,,166886,Port:10,0,0,0,Missing,,,,,,,,,0
1,,166902,Port:10,0,0,0,Missing,,,,,,,,,0
1,,166910,Port:10,0,0,0,Missing,,,,,,,,,0
1,,166926,Port:10,0,0,0,Missing,,,,,,,,,0
1,,166958,Port:10,0,0,0,Missing,,,,,,,,,0
1,,166974,Port:10,0,0,0,Missing,,,,,,,,,0
1,,166990,Port:10,0,0,0,Missing,,,,,,,,,0
1,,167006,Port:10,0,0,0,Missing,,,,,,,,,0
1,,167014,Port:10,0,0,0,Missing,,,,,,,,,0
1,,167030,Port:10,0,0,0,Missing,,,,,,,,,0
1,,167046,Port:10,0,0,0,Missing,,,,,,,,,0
1,,167062,Port:10,0,0,0,Missing,,,,,,,,,0
1,,167078,Port:10,0,0,0,Missing,,,,,,,,,0
1,,167094,Port:10,0,0,0,Missing,,,,,,,,,0
1,,167110,Port:10,0,0,0,Missing,,,,,,,,,0
1,,167126,Port:10,0,0,0,Missing,,,,,,,,,0
1,,167142,Port:10,0,0,0,Missing,,,,,,,,,0
1,,167150,Port:10,0,0,0,Missing,,,,,,,,,0
1,,167166,Port:10,0,0,0,Missing,,,,,,,,,0
1,,167190,Port:10,0,0,0,Missing,,,,,,,,,0
1,,167214,Port:10,0,0,0,Missing,,,,,,,,,0
1,,167230,Port:10,0,0,0,Missing,,,,,,,,,0
1,,167246,Port:10,0,0,0,Missing,,,,,,,,,0
1,,167262,Port:10,0,0,0,Missing,,,,,,,,,0
1,,167270,Port:10,0,0,0,Missing,,,,,,,,,0
1,,167286,Port:10,0,0,0,Missing,,,,,,,,,0
1,,167302,Port:10,0,0,0,Missing,,,,,,,,,0
1,,167318,Port:10,0,0,0,Missing,,,,,,,,,0
1,,167334,Port:10,0,0,0,Missing,,,,,,,,,0
1,,167350,Port:10,0,0,0,Missing,,,,,,,,,0
1,,167366,Port:10,0,0,0,Missing,,,,,,,,,0
1,,167382,Port:10,0,0,0,Missing,,,,,,,,,0
1,,167390,Port:10,0,0,0,Missing,,,,,,,,,0
1,,167406,Port:10,0,0,0,Missing,,,,,,,,,0
1,,167430,Port:10,0,0,0,Missing,,,,,,,,,0
1,,167438,Port:10,0,0,0,Missing,,,,,,,,,0
1,,167454,Port:10,0,0,0,Missing,,,,,,,,,0
1,,167486,Port:10,0,0,0,Missing,,,,,,,,,0
1,,167502,Port:10,0,0,0,Missing,,,,,,,,,0
1,,167510,Port:10,0,0,0,Missing,,,,,,,,,0
1,,167526,Port:10,0,0,0,Missing,,,,,,,,,0
1,,167542,Port:10,0,0,0,Missing,,,,,,,,,0
1,,167558,Port:10,0,0,0,Missing,,,,,,,,,0
1,,167574,Port:10,0,0,0,Missing,,,,,,,,,0
1,,167590,Port:10,0,0,0,Missing,,,,,,,,,0
1,,167606,Port:10,0,0,0,Missing,,,,,,,,,0
1,,167614,Port:10,0,0,0,Missing,,,,,,,,,0
1,,167638,Port:10,0,0,0,Missing,,,,,,,,,0
1,,167654,Port:10,0,0,0,Missing,,,,,,,,,0
1,,167662,Port:10,0,0,0,Missing,,,,,,,,,0
1,,167678,Port:10,0,0,0,Missing,,,,,,,,,0
1,,167710,Port:10,0,0,0,Missing,,,,,,,,,0
1,,167726,Port:10,0,0,0,Missing,,,,,,,,,0
1,,167734,Port:10,0,0,0,Missing,,,,,,,,,0
1,,167758,Port:10,0,0,0,Missing,,,,,,,,,0
1,,167774,Port:10,0,0,0,Missing,,,,,,,,,0
1,,167782,Port:10,0,0,0,Missing,,,,,,,,,0
1,,167798,Port:10,0,0,0,Missing,,,,,,,,,0
1,,167814,Port:10,0,0,0,Missing,,,,,,,,,0
1,,167830,Port:10,0,0,0,Missing,,,,,,,,,0
1,,167846,Port:10,0,0,0,Missing,,,,,,,,,0
1,,167854,Port:10,0,0,0,Missing,,,,,,,,,0
1,,167878,Port:10,0,0,0,Missing,,,,,,,,,0
1,,167894,Port:10,0,0,0,Missing,,,,,,,,,0
1,,167902,Port:10,0,0,0,Missing,,,,,,,,,0
1,,167918,Port:10,0,0,0,Missing,,,,,,,,,0
1,,167950,Port:10,0,0,0,Missing,,,,,,,,,0
1,,167966,Port:10,0,0,0,Missing,,,,,,,,,0
1,,167982,Port:10,0,0,0,Missing,,,,,,,,,0
1,,167998,Port:10,0,0,0,Missing,,,,,,,,,0
1,,168006,Port:10,0,0,0,Missing,,,,,,,,,0
1,,168022,Port:10,0,0,0,Missing,,,,,,,,,0
1,,168038,Port:10,0,0,0,Missing,,,,,,,,,0
1,,168054,Port:10,0,0,0,Missing,,,,,,,,,0
1,,168070,Port:10,0,0,0,Missing,,,,,,,,,0
1,,168086,Port:10,0,0,0,Missing,,,,,,,,,0
1,,168102,Port:10,0,0,0,Missing,,,,,,,,,0
1,,168118,Port:10,0,0,0,Missing,,,,,,,,,0
1,,168126,Port:10,0,0,0,Missing,,,,,,,,,0
1,,168142,Port:10,0,0,0,Missing,,,,,,,,,0
1,,168174,Port:10,0,0,0,Missing,,,,,,,,,0
1,,168190,Port:10,0,0,0,Missing,,,,,,,,,0
1,,168206,Port:10,0,0,0,Missing,,,,,,,,,0
1,,168222,Port:10,0,0,0,Missing,,,,,,,,,0
1,,168238,Port:10,0,0,0,Missing,,,,,,,,,0
1,,168246,Port:10,0,0,0,Missing,,,,,,,,,0
1,,168262,Port:10,0,0,0,Missing,,,,,,,,,0
1,,168278,Port:10,0,0,0,Missing,,,,,,,,,0
1,,168294,Port:10,0,0,0,Missing,,,,,,,,,0
1,,168310,Port:10,0,0,0,Missing,,,,,,,,,0
1,,168326,Port:10,0,0,0,Missing,,,,,,,,,0
1,,168342,Port:10,0,0,0,Missing,,,,,,,,,0
1,,168350,Port:10,0,0,0,Missing,,,,,,,,,0
1,,168374,Port:10,0,0,0,Missing,,,,,,,,,0
1,,168382,Port:10,0,0,0,Missing,,,,,,,,,0
1,,168398,Port:10,0,0,0,Missing,,,,,,,,,0
1,,168430,Port:10,0,0,0,Missing,,,,,,,,,0
1,,168446,Port:10,0,0,0,Missing,,,,,,,,,0
1,,168454,Port:10,0,0,0,Missing,,,,,,,,,0
1,,168478,Port:10,0,0,0,Missing,,,,,,,,,0
1,,168494,Port:10,0,0,0,Missing,,,,,,,,,0
1,,168502,Port:10,0,0,0,Missing,,,,,,,,,0
1,,168518,Port:10,0,0,0,Missing,,,,,,,,,0
1,,168534,Port:10,0,0,0,Missing,,,,,,,,,0
1,,168550,Port:10,0,0,0,Missing,,,,,,,,,0
1,,168566,Port:10,0,0,0,Missing,,,,,,,,,0
1,,168574,Port:10,0,0,0,Missing,,,,,,,,,0
1,,168598,Port:10,0,0,0,Missing,,,,,,,,,0
1,,168614,Port:10,0,0,0,Missing,,,,,,,,,0
1,,168622,Port:10,0,0,0,Missing,,,,,,,,,0
1,,168638,Port:10,0,0,0,Missing,,,,,,,,,0
1,,168670,Port:10,0,0,0,Missing,,,,,,,,,0
1,,168686,Port:10,0,0,0,Missing,,,,,,,,,0
1,,168694,Port:10,0,0,0,Missing,,,,,,,,,0
1,,168718,Port:10,0,0,0,Missing,,,,,,,,,0
1,,168734,Port:10,0,0,0,Missing,,,,,,,,,0
1,,168750,Port:10,0,0,0,Missing,,,,,,,,,0
1,,168758,Port:10,0,0,0,Missing,,,,,,,,,0
1,,168774,Port:10,0,0,0,Missing,,,,,,,,,0
1,,168790,Port:10,0,0,0,Missing,,,,,,,,,0
1,,168806,Port:10,0,0,0,Missing,,,,,,,,,0
1,,168822,Port:10,0,0,0,Missing,,,,,,,,,0
1,,168830,Port:10,0,0,0,Missing,,,,,,,,,0
1,,168846,Port:10,0,0,0,Missing,,,,,,,,,0
1,,168870,Port:10,0,0,0,Missing,,,,,,,,,0
1,,168878,Port:10,0,0,0,Missing,,,,,,,,,0
1,,168894,Port:10,0,0,0,Missing,,,,,,,,,0
1,,168926,Port:10,0,0,0,Missing,,,,,,,,,0
1,,168942,Port:10,0,0,0,Missing,,,,,,,,,0
1,,168950,Port:10,0,0,0,Missing,,,,,,,,,0
1,,168966,Port:10,0,0,0,Missing,,,,,,,,,0
1,,168990,Port:10,0,0,0,Missing,,,,,,,,,0
1,,168998,Port:10,0,0,0,Missing,,,,,,,,,0
1,,169014,Port:10,0,0,0,Missing,,,,,,,,,0
1,,169030,Port:10,0,0,0,Missing,,,,,,,,,0
1,,169046,Port:10,0,0,0,Missing,,,,,,,,,0
1,,169062,Port:10,0,0,0,Missing,,,,,,,,,0
1,,169070,Port:10,0,0,0,Missing,,,,,,,,,0
1,,169086,Port:10,0,0,0,Missing,,,,,,,,,0
1,,169110,Port:10,0,0,0,Missing,,,,,,,,,0
1,,169118,Port:10,0,0,0,Missing,,,,,,,,,0
1,,169150,Port:10,0,0,0,Missing,,,,,,,,,0
1,,169166,Port:10,0,0,0,Missing,,,,,,,,,0
1,,169182,Port:10,0,0,0,Missing,,,,,,,,,0
1,,169198,Port:10,0,0,0,Missing,,,,,,,,,0
1,,169206,Port:10,0,0,0,Missing,,,,,,,,,0
1,,169222,Port:10,0,0,0,Missing,,,,,,,,,0
1,,169238,Port:10,0,0,0,Missing,,,,,,,,,0
1,,169254,Port:10,0,0,0,Missing,,,,,,,,,0
1,,169270,Port:10,0,0,0,Missing,,,,,,,,,0
1,,169286,Port:10,0,0,0,Missing,,,,,,,,,0
1,,169302,Port:10,0,0,0,Missing,,,,,,,,,0
1,,169318,Port:10,0,0,0,Missing,,,,,,,,,0
1,,169334,Port:10,0,0,0,Missing,,,,,,,,,0
1,,169342,Port:10,0,0,0,Missing,,,,,,,,,0
1,,169374,Port:10,0,0,0,Missing,,,,,,,,,0
1,,169390,Port:10,0,0,0,Missing,,,,,,,,,0
1,,169406,Port:10,0,0,0,Missing,,,,,,,,,0
1,,169422,Port:10,0,0,0,Missing,,,,,,,,,0
1,,169438,Port:10,0,0,0,Missing,,,,,,,,,0
1,,169454,Port:10,0,0,0,Missing,,,,,,,,,0
1,,169462,Port:10,0,0,0,Missing,,,,,,,,,0
1,,169478,Port:10,0,0,0,Missing,,,,,,,,,0
1,,169494,Port:10,0,0,0,Missing,,,,,,,,,0
1,,169510,Port:10,0,0,0,Missing,,,,,,,,,0
1,,169526,Port:10,0,0,0,Missing,,,,,,,,,0
1,,169542,Port:10,0,0,0,Missing,,,,,,,,,0
1,,169558,Port:10,0,0,0,Missing,,,,,,,,,0
1,,169574,Port:10,0,0,0,Missing,,,,,,,,,0
1,,169582,Port:10,0,0,0,Missing,,,,,,,,,0
1,,169614,Port:10,0,0,0,Missing,,,,,,,,,0
1,,169630,Port:10,0,0,0,Missing,,,,,,,,,0
1,,169646,Port:10,0,0,0,Missing,,,,,,,,,0
1,,169662,Port:10,0,0,0,Missing,,,,,,,,,0
1,,169678,Port:10,0,0,0,Missing,,,,,,,,,0
1,,169694,Port:10,0,0,0,Missing,,,,,,,,,0
1,,169702,Port:10,0,0,0,Missing,,,,,,,,,0
1,,169718,Port:10,0,0,0,Missing,,,,,,,,,0
1,,169734,Port:10,0,0,0,Missing,,,,,,,,,0
1,,169750,Port:10,0,0,0,Missing,,,,,,,,,0
1,,169766,Port:10,0,0,0,Missing,,,,,,,,,0
1,,169782,Port:10,0,0,0,Missing,,,,,,,,,0
1,,169798,Port:10,0,0,0,Missing,,,,,,,,,0
1,,169814,Port:10,0,0,0,Missing,,,,,,,,,0
1,,169822,Port:10,0,0,0,Missing,,,,,,,,,0
1,,169854,Port:10,0,0,0,Missing,,,,,,,,,0
1,,169870,Port:10,0,0,0,Missing,,,,,,,,,0
1,,169886,Port:10,0,0,0,Missing,,,,,,,,,0
1,,169902,Port:10,0,0,0,Missing,,,,,,,,,0
1,,169918,Port:10,0,0,0,Missing,,,,,,,,,0
1,,169926,Port:10,0,0,0,Missing,,,,,,,,,0
1,,169950,Port:10,0,0,0,Missing,,,,,,,,,0
1,,169966,Port:10,0,0,0,Missing,,,,,,,,,0
1,,169974,Port:10,0,0,0,Missing,,,,,,,,,0
1,,169990,Port:10,0,0,0,Missing,,,,,,,,,0
1,,170006,Port:10,0,0,0,Missing,,,,,,,,,0
1,,170022,Port:10,0,0,0,Missing,,,,,,,,,0
1,,170038,Port:10,0,0,0,Missing,,,,,,,,,0
1,,170046,Port:10,0,0,0,Missing,,,,,,,,,0
1,,170070,Port:10,0,0,0,Missing,,,,,,,,,0
1,,170086,Port:10,0,0,0,Missing,,,,,,,,,0
1,,170110,Port:10,0,0,0,Missing,,,,,,,,,0
1,,170126,Port:10,0,0,0,Missing,,,,,,,,,0
1,,170142,Port:10,0,0,0,Missing,,,,,,,,,0
1,,170158,Port:10,0,0,0,Missing,,,,,,,,,0
1,,170166,Port:10,0,0,0,Missing,,,,,,,,,0
1,,170190,Port:10,0,0,0,Missing,,,,,,,,,0
1,,170206,Port:10,0,0,0,Missing,,,,,,,,,0
1,,170214,Port:10,0,0,0,Missing,,,,,,,,,0
1,,170230,Port:10,0,0,0,Missing,,,,,,,,,0
1,,170246,Port:10,0,0,0,Missing,,,,,,,,,0
1,,170262,Port:10,0,0,0,Missing,,,,,,,,,0
1,,170278,Port:10,0,0,0,Missing,,,,,,,,,0
1,,170294,Port:10,0,0,0,Missing,,,,,,,,,0
1,,170302,Port:10,0,0,0,Missing,,,,,,,,,0
1,,170334,Port:10,0,0,0,Missing,,,,,,,,,0
1,,170350,Port:10,0,0,0,Missing,,,,,,,,,0
1,,170366,Port:10,0,0,0,Missing,,,,,,,,,0
1,,170382,Port:10,0,0,0,Missing,,,,,,,,,0
1,,170398,Port:10,0,0,0,Missing,,,,,,,,,0
1,,170414,Port:10,0,0,0,Missing,,,,,,,,,0
1,,170422,Port:10,0,0,0,Missing,,,,,,,,,0
1,,170438,Port:10,0,0,0,Missing,,,,,,,,,0
1,,170454,Port:10,0,0,0,Missing,,,,,,,,,0
1,,170470,Port:10,0,0,0,Missing,,,,,,,,,0
1,,170486,Port:10,0,0,0,Missing,,,,,,,,,0
1,,170502,Port:10,0,0,0,Missing,,,,,,,,,0
1,,170518,Port:10,0,0,0,Missing,,,,,,,,,0
1,,170534,Port:10,0,0,0,Missing,,,,,,,,,0
1,,170542,Port:10,0,0,0,Missing,,,,,,,,,0
1,,170574,Port:10,0,0,0,Missing,,,,,,,,,0
1,,170590,Port:10,0,0,0,Missing,,,,,,,,,0
1,,170606,Port:10,0,0,0,Missing,,,,,,,,,0
1,,170622,Port:10,0,0,0,Missing,,,,,,,,,0
1,,170638,Port:10,0,0,0,Missing,,,,,,,,,0
1,,170654,Port:10,0,0,0,Missing,,,,,,,,,0
1,,170662,Port:10,0,0,0,Missing,,,,,,,,,0
1,,170686,Port:10,0,0,0,Missing,,,,,,,,,0
1,,170694,Port:10,0,0,0,Missing,,,,,,,,,0
1,,170710,Port:10,0,0,0,Missing,,,,,,,,,0
1,,170726,Port:10,0,0,0,Missing,,,,,,,,,0
1,,170742,Port:10,0,0,0,Missing,,,,,,,,,0
1,,170758,Port:10,0,0,0,Missing,,,,,,,,,0
1,,170766,Port:10,0,0,0,Missing,,,,,,,,,0
1,,170790,Port:10,0,0,0,Missing,,,,,,,,,0
1,,170806,Port:10,0,0,0,Missing,,,,,,,,,0
1,,170814,Port:10,0,0,0,Missing,,,,,,,,,0
1,,170846,Port:10,0,0,0,Missing,,,,,,,,,0
1,,170862,Port:10,0,0,0,Missing,,,,,,,,,0
1,,170878,Port:10,0,0,0,Missing,,,,,,,,,0
1,,170886,Port:10,0,0,0,Missing,,,,,,,,,0
1,,170910,Port:10,0,0,0,Missing,,,,,,,,,0
1,,170926,Port:10,0,0,0,Missing,,,,,,,,,0
1,,170934,Port:10,0,0,0,Missing,,,,,,,,,0
1,,170950,Port:10,0,0,0,Missing,,,,,,,,,0
1,,170966,Port:10,0,0,0,Missing,,,,,,,,,0
1,,170982,Port:10,0,0,0,Missing,,,,,,,,,0
1,,170998,Port:10,0,0,0,Missing,,,,,,,,,0
1,,171006,Port:10,0,0,0,Missing,,,,,,,,,0
1,,171030,Port:10,0,0,0,Missing,,,,,,,,,0
1,,171054,Port:10,0,0,0,Missing,,,,,,,,,0
1,,171070,Port:10,0,0,0,Missing,,,,,,,,,0
1,,171086,Port:10,0,0,0,Missing,,,,,,,,,0
1,,171102,Port:10,0,0,0,Missing,,,,,,,,,0
1,,171118,Port:10,0,0,0,Missing,,,,,,,,,0
1,,171134,Port:10,0,0,0,Missing,,,,,,,,,0
1,,171142,Port:10,0,0,0,Missing,,,,,,,,,0
1,,171158,Port:10,0,0,0,Missing,,,,,,,,,0
1,,171174,Port:10,0,0,0,Missing,,,,,,,,,0
1,,171190,Port:10,0,0,0,Missing,,,,,,,,,0
1,,171206,Port:10,0,0,0,Missing,,,,,,,,,0
1,,171222,Port:10,0,0,0,Missing,,,,,,,,,0
1,,171238,Port:10,0,0,0,Missing,,,,,,,,,0
1,,171254,Port:10,0,0,0,Missing,,,,,,,,,0
1,,171278,Port:10,0,0,0,Missing,,,,,,,,,0
1,,171302,Port:10,0,0,0,Missing,,,,,,,,,0
1,,171310,Port:10,0,0,0,Missing,,,,,,,,,0
1,,171326,Port:10,0,0,0,Missing,,,,,,,,,0
1,,171342,Port:10,0,0,0,Missing,,,,,,,,,0
1,,171358,Port:10,0,0,0,Missing,,,,,,,,,0
1,,171374,Port:10,0,0,0,Missing,,,,,,,,,0
1,,171382,Port:10,0,0,0,Missing,,,,,,,,,0
1,,171398,Port:10,0,0,0,Missing,,,,,,,,,0
1,,171422,Port:10,0,0,0,Missing,,,,,,,,,0
1,,171430,Port:10,0,0,0,Missing,,,,,,,,,0
1,,171446,Port:10,0,0,0,Missing,,,,,,,,,0
1,,171462,Port:10,0,0,0,Missing,,,,,,,,,0
1,,171478,Port:10,0,0,0,Missing,,,,,,,,,0
1,,171510,Port:10,0,0,0,Missing,,,,,,,,,0
1,,171526,Port:10,0,0,0,Missing,,,,,,,,,0
1,,171542,Port:10,0,0,0,Missing,,,,,,,,,0
1,,171550,Port:10,0,0,0,Missing,,,,,,,,,0
1,,171566,Port:10,0,0,0,Missing,,,,,,,,,0
1,,171582,Port:10,0,0,0,Missing,,,,,,,,,0
1,,171598,Port:10,0,0,0,Missing,,,,,,,,,0
1,,171606,Port:10,0,0,0,Missing,,,,,,,,,0
1,,171630,Port:10,0,0,0,Missing,,,,,,,,,0
1,,171646,Port:10,0,0,0,Missing,,,,,,,,,0
1,,171654,Port:10,0,0,0,Missing,,,,,,,,,0
1,,171670,Port:10,0,0,0,Missing,,,,,,,,,0
1,,171686,Port:10,0,0,0,Missing,,,,,,,,,0
1,,171702,Port:10,0,0,0,Missing,,,,,,,,,0
1,,171718,Port:10,0,0,0,Missing,,,,,,,,,0
1,,171734,Port:10,0,0,0,Missing,,,,,,,,,0
1,,171750,Port:10,0,0,0,Missing,,,,,,,,,0
1,,171766,Port:10,0,0,0,Missing,,,,,,,,,0
1,,171790,Port:10,0,0,0,Missing,,,,,,,,,0
1,,171806,Port:10,0,0,0,Missing,,,,,,,,,0
1,,171822,Port:10,0,0,0,Missing,,,,,,,,,0
1,,171838,Port:10,0,0,0,Missing,,,,,,,,,0
1,,171854,Port:10,0,0,0,Missing,,,,,,,,,0
1,,171870,Port:10,0,0,0,Missing,,,,,,,,,0
1,,171878,Port:10,0,0,0,Missing,,,,,,,,,0
1,,171894,Port:10,0,0,0,Missing,,,,,,,,,0
1,,171918,Port:10,0,0,0,Missing,,,,,,,,,0
1,,171926,Port:10,0,0,0,Missing,,,,,,,,,0
1,,171942,Port:10,0,0,0,Missing,,,,,,,,,0
1,,171958,Port:10,0,0,0,Missing,,,,,,,,,0
1,,171974,Port:10,0,0,0,Missing,,,,,,,,,0
1,,171990,Port:10,0,0,0,Missing,,,,,,,,,0
1,,172014,Port:10,0,0,0,Missing,,,,,,,,,0
1,,172038,Port:10,0,0,0,Missing,,,,,,,,,0
1,,172046,Port:10,0,0,0,Missing,,,,,,,,,0
1,,172062,Port:10,0,0,0,Missing,,,,,,,,,0
1,,172078,Port:10,0,0,0,Missing,,,,,,,,,0
1,,172094,Port:10,0,0,0,Missing,,,,,,,,,0
1,,172110,Port:10,0,0,0,Missing,,,,,,,,,0
1,,172118,Port:10,0,0,0,Missing,,,,,,,,,0
1,,172134,Port:10,0,0,0,Missing,,,,,,,,,0
1,,172158,Port:10,0,0,0,Missing,,,,,,,,,0
1,,172166,Port:10,0,0,0,Missing,,,,,,,,,0
1,,172182,Port:10,0,0,0,Missing,,,,,,,,,0
1,,172198,Port:10,0,0,0,Missing,,,,,,,,,0
1,,172214,Port:10,0,0,0,Missing,,,,,,,,,0
1,,172238,Port:10,0,0,0,Missing,,,,,,,,,0
1,,172262,Port:10,0,0,0,Missing,,,,,,,,,0
1,,172278,Port:10,0,0,0,Missing,,,,,,,,,0
1,,172286,Port:10,0,0,0,Missing,,,,,,,,,0
1,,172302,Port:10,0,0,0,Missing,,,,,,,,,0
1,,172318,Port:10,0,0,0,Missing,,,,,,,,,0
1,,172334,Port:10,0,0,0,Missing,,,,,,,,,0
1,,172350,Port:10,0,0,0,Missing,,,,,,,,,0
1,,172358,Port:10,0,0,0,Missing,,,,,,,,,0
1,,172382,Port:10,0,0,0,Missing,,,,,,,,,0
1,,172398,Port:10,0,0,0,Missing,,,,,,,,,0
1,,172406,Port:10,0,0,0,Missing,,,,,,,,,0
1,,172422,Port:10,0,0,0,Missing,,,,,,,,,0
1,,172438,Port:10,0,0,0,Missing,,,,,,,,,0
1,,172454,Port:10,0,0,0,Missing,,,,,,,,,0
1,,172478,Port:10,0,0,0,Missing,,,,,,,,,0
1,,172502,Port:10,0,0,0,Missing,,,,,,,,,0
1,,172518,Port:10,0,0,0,Missing,,,,,,,,,0
1,,172526,Port:10,0,0,0,Missing,,,,,,,,,0
1,,172542,Port:10,0,0,0,Missing,,,,,,,,,0
1,,172558,Port:10,0,0,0,Missing,,,,,,,,,0
1,,172574,Port:10,0,0,0,Missing,,,,,,,,,0
1,,172582,Port:10,0,0,0,Missing,,,,,,,,,0
1,,172606,Port:10,0,0,0,Missing,,,,,,,,,0
1,,172622,Port:10,0,0,0,Missing,,,,,,,,,0
1,,172630,Port:10,0,0,0,Missing,,,,,,,,,0
1,,172646,Port:10,0,0,0,Missing,,,,,,,,,0
1,,172662,Port:10,0,0,0,Missing,,,,,,,,,0
1,,172678,Port:10,0,0,0,Missing,,,,,,,,,0
1,,172694,Port:10,0,0,0,Missing,,,,,,,,,0
1,,172710,Port:10,0,0,0,Missing,,,,,,,,,0
1,,172726,Port:10,0,0,0,Missing,,,,,,,,,0
1,,172750,Port:10,0,0,0,Missing,,,,,,,,,0
1,,172766,Port:10,0,0,0,Missing,,,,,,,,,0
1,,172782,Port:10,0,0,0,Missing,,,,,,,,,0
1,,172798,Port:10,0,0,0,Missing,,,,,,,,,0
1,,172814,Port:10,0,0,0,Missing,,,,,,,,,0
1,,172830,Port:10,0,0,0,Missing,,,,,,,,,0
1,,172846,Port:10,0,0,0,Missing,,,,,,,,,0
1,,172862,Port:10,0,0,0,Missing,,,,,,,,,0
1,,172870,Port:10,0,0,0,Missing,,,,,,,,,0
1,,172886,Port:10,0,0,0,Missing,,,,,,,,,0
1,,172902,Port:10,0,0,0,Missing,,,,,,,,,0
1,,172918,Port:10,0,0,0,Missing,,,,,,,,,0
1,,172934,Port:10,0,0,0,Missing,,,,,,,,,0
1,,172950,Port:10,0,0,0,Missing,,,,,,,,,0
1,,172966,Port:10,0,0,0,Missing,,,,,,,,,0
1,,172998,Port:10,0,0,0,Missing,,,,,,,,,0
1,,173006,Port:10,0,0,0,Missing,,,,,,,,,0
1,,173022,Port:10,0,0,0,Missing,,,,,,,,,0
1,,173038,Port:10,0,0,0,Missing,,,,,,,,,0
1,,173054,Port:10,0,0,0,Missing,,,,,,,,,0
1,,173070,Port:10,0,0,0,Missing,,,,,,,,,0
1,,173078,Port:10,0,0,0,Missing,,,,,,,,,0
1,,173102,Port:10,0,0,0,Missing,,,,,,,,,0
1,,173118,Port:10,0,0,0,Missing,,,,,,,,,0
1,,173126,Port:10,0,0,0,Missing,,,,,,,,,0
1,,173142,Port:10,0,0,0,Missing,,,,,,,,,0
1,,173158,Port:10,0,0,0,Missing,,,,,,,,,0
1,,173174,Port:10,0,0,0,Missing,,,,,,,,,0
1,,173198,Port:10,0,0,0,Missing,,,,,,,,,0
1,,173222,Port:10,0,0,0,Missing,,,,,,,,,0
1,,173238,Port:10,0,0,0,Missing,,,,,,,,,0
1,,173254,Port:10,0,0,0,Missing,,,,,,,,,0
1,,173262,Port:10,0,0,0,Missing,,,,,,,,,0
1,,173278,Port:10,0,0,0,Missing,,,,,,,,,0
1,,173294,Port:10,0,0,0,Missing,,,,,,,,,0
1,,173310,Port:10,0,0,0,Missing,,,,,,,,,0
1,,173318,Port:10,0,0,0,Missing,,,,,,,,,0
1,,173342,Port:10,0,0,0,Missing,,,,,,,,,0
1,,173358,Port:10,0,0,0,Missing,,,,,,,,,0
1,,173366,Port:10,0,0,0,Missing,,,,,,,,,0
1,,173382,Port:10,0,0,0,Missing,,,,,,,,,0
1,,173398,Port:10,0,0,0,Missing,,,,,,,,,0
1,,173414,Port:10,0,0,0,Missing,,,,,,,,,0
1,,173430,Port:10,0,0,0,Missing,,,,,,,,,0
1,,173446,Port:10,0,0,0,Missing,,,,,,,,,0
1,,173470,Port:10,0,0,0,Missing,,,,,,,,,0
1,,173486,Port:10,0,0,0,Missing,,,,,,,,,0
1,,173502,Port:10,0,0,0,Missing,,,,,,,,,0
1,,173518,Port:10,0,0,0,Missing,,,,,,,,,0
1,,173534,Port:10,0,0,0,Missing,,,,,,,,,0
1,,173550,Port:10,0,0,0,Missing,,,,,,,,,0
1,,173566,Port:10,0,0,0,Missing,,,,,,,,,0
1,,173582,Port:10,0,0,0,Missing,,,,,,,,,0
1,,173590,Port:10,0,0,0,Missing,,,,,,,,,0
1,,173606,Port:10,0,0,0,Missing,,,,,,,,,0
1,,173622,Port:10,0,0,0,Missing,,,,,,,,,0
1,,173638,Port:10,0,0,0,Missing,,,,,,,,,0
1,,173654,Port:10,0,0,0,Missing,,,,,,,,,0
1,,173670,Port:10,0,0,0,Missing,,,,,,,,,0
1,,173686,Port:10,0,0,0,Missing,,,,,,,,,0
1,,173718,Port:10,0,0,0,Missing,,,,,,,,,0
1,,173726,Port:10,0,0,0,Missing,,,,,,,,,0
1,,173742,Port:10,0,0,0,Missing,,,,,,,,,0
1,,173758,Port:10,0,0,0,Missing,,,,,,,,,0
1,,173774,Port:10,0,0,0,Missing,,,,,,,,,0
1,,173790,Port:10,0,0,0,Missing,,,,,,,,,0
1,,173806,Port:10,0,0,0,Missing,,,,,,,,,0
1,,173822,Port:10,0,0,0,Missing,,,,,,,,,0
1,,173830,Port:10,0,0,0,Missing,,,,,,,,,0
1,,173846,Port:10,0,0,0,Missing,,,,,,,,,0
1,,173870,Port:10,0,0,0,Missing,,,,,,,,,0
1,,173878,Port:10,0,0,0,Missing,,,,,,,,,0
1,,173894,Port:10,0,0,0,Missing,,,,,,,,,0
1,,173910,Port:10,0,0,0,Missing,,,,,,,,,0
1,,173942,Port:10,0,0,0,Missing,,,,,,,,,0
1,,173950,Port:10,0,0,0,Missing,,,,,,,,,0
1,,173966,Port:10,0,0,0,Missing,,,,,,,,,0
1,,173990,Port:10,0,0,0,Missing,,,,,,,,,0
1,,173998,Port:10,0,0,0,Missing,,,,,,,,,0
1,,174014,Port:10,0,0,0,Missing,,,,,,,,,0
1,,174030,Port:10,0,0,0,Missing,,,,,,,,,0
1,,174046,Port:10,0,0,0,Missing,,,,,,,,,0
1,,174054,Port:10,0,0,0,Missing,,,,,,,,,0
1,,174070,Port:10,0,0,0,Missing,,,,,,,,,0
1,,174086,Port:10,0,0,0,Missing,,,,,,,,,0
1,,174110,Port:10,0,0,0,Missing,,,,,,,,,0
1,,174118,Port:10,0,0,0,Missing,,,,,,,,,0
1,,174134,Port:10,0,0,0,Missing,,,,,,,,,0
1,,174150,Port:10,0,0,0,Missing,,,,,,,,,0
1,,174182,Port:10,0,0,0,Missing,,,,,,,,,0
1,,174190,Port:10,0,0,0,Missing,,,,,,,,,0
1,,174206,Port:10,0,0,0,Missing,,,,,,,,,0
1,,174230,Port:10,0,0,0,Missing,,,,,,,,,0
1,,174238,Port:10,0,0,0,Missing,,,,,,,,,0
1,,174254,Port:10,0,0,0,Missing,,,,,,,,,0
1,,174270,Port:10,0,0,0,Missing,,,,,,,,,0
1,,174286,Port:10,0,0,0,Missing,,,,,,,,,0
1,,174294,Port:10,0,0,0,Missing,,,,,,,,,0
1,,174310,Port:10,0,0,0,Missing,,,,,,,,,0
1,,174334,Port:10,0,0,0,Missing,,,,,,,,,0
1,,174350,Port:10,0,0,0,Missing,,,,,,,,,0
1,,174358,Port:10,0,0,0,Missing,,,,,,,,,0
1,,174374,Port:10,0,0,0,Missing,,,,,,,,,0
1,,174390,Port:10,0,0,0,Missing,,,,,,,,,0
1,,174422,Port:10,0,0,0,Missing,,,,,,,,,0
1,,174430,Port:10,0,0,0,Missing,,,,,,,,,0
1,,174454,Port:10,0,0,0,Missing,,,,,,,,,0
1,,174470,Port:10,0,0,0,Missing,,,,,,,,,0
1,,174478,Port:10,0,0,0,Missing,,,,,,,,,0
1,,174494,Port:10,0,0,0,Missing,,,,,,,,,0
1,,174510,Port:10,0,0,0,Missing,,,,,,,,,0
1,,174526,Port:10,0,0,0,Missing,,,,,,,,,0
1,,174542,Port:10,0,0,0,Missing,,,,,,,,,0
1,,174558,Port:10,0,0,0,Missing,,,,,,,,,0
1,,174574,Port:10,0,0,0,Missing,,,,,,,,,0
1,,174582,Port:10,0,0,0,Missing,,,,,,,,,0
1,,174598,Port:10,0,0,0,Missing,,,,,,,,,0
1,,174614,Port:10,0,0,0,Missing,,,,,,,,,0
1,,174646,Port:10,0,0,0,Missing,,,,,,,,,0
1,,174662,Port:10,0,0,0,Missing,,,,,,,,,0
1,,174678,Port:10,0,0,0,Missing,,,,,,,,,0
1,,174694,Port:10,0,0,0,Missing,,,,,,,,,0
1,,174702,Port:10,0,0,0,Missing,,,,,,,,,0
1,,174718,Port:10,0,0,0,Missing,,,,,,,,,0
1,,174734,Port:10,0,0,0,Missing,,,,,,,,,0
1,,174750,Port:10,0,0,0,Missing,,,,,,,,,0
1,,174766,Port:10,0,0,0,Missing,,,,,,,,,0
1,,174782,Port:10,0,0,0,Missing,,,,,,,,,0
1,,174798,Port:10,0,0,0,Missing,,,,,,,,,0
1,,174814,Port:10,0,0,0,Missing,,,,,,,,,0
1,,174822,Port:10,0,0,0,Missing,,,,,,,,,0
1,,174838,Port:10,0,0,0,Missing,,,,,,,,,0
1,,174854,Port:10,0,0,0,Missing,,,,,,,,,0
1,,174886,Port:10,0,0,0,Missing,,,,,,,,,0
1,,174902,Port:10,0,0,0,Missing,,,,,,,,,0
1,,174918,Port:10,0,0,0,Missing,,,,,,,,,0
1,,174926,Port:10,0,0,0,Missing,,,,,,,,,0
1,,174942,Port:10,0,0,0,Missing,,,,,,,,,0
1,,174958,Port:10,0,0,0,Missing,,,,,,,,,0
1,,174974,Port:10,0,0,0,Missing,,,,,,,,,0
1,,174990,Port:10,0,0,0,Missing,,,,,,,,,0
1,,175006,Port:10,0,0,0,Missing,,,,,,,,,0
1,,175022,Port:10,0,0,0,Missing,,,,,,,,,0
1,,175038,Port:10,0,0,0,Missing,,,,,,,,,0
1,,175046,Port:10,0,0,0,Missing,,,,,,,,,0
1,,175062,Port:10,0,0,0,Missing,,,,,,,,,0
1,,175078,Port:10,0,0,0,Missing,,,,,,,,,0
1,,175102,Port:10,0,0,0,Missing,,,,,,,,,0
1,,175110,Port:10,0,0,0,Missing,,,,,,,,,0
1,,175126,Port:10,0,0,0,Missing,,,,,,,,,0
1,,175158,Port:10,0,0,0,Missing,,,,,,,,,0
1,,175166,Port:10,0,0,0,Missing,,,,,,,,,0
1,,175182,Port:10,0,0,0,Missing,,,,,,,,,0
1,,175198,Port:10,0,0,0,Missing,,,,,,,,,0
1,,175214,Port:10,0,0,0,Missing,,,,,,,,,0
1,,175230,Port:10,0,0,0,Missing,,,,,,,,,0
1,,175246,Port:10,0,0,0,Missing,,,,,,,,,0
1,,175262,Port:10,0,0,0,Missing,,,,,,,,,0
1,,175278,Port:10,0,0,0,Missing,,,,,,,,,0
1,,175286,Port:10,0,0,0,Missing,,,,,,,,,0
1,,175302,Port:10,0,0,0,Missing,,,,,,,,,0
1,,175318,Port:10,0,0,0,Missing,,,,,,,,,0
1,,175342,Port:10,0,0,0,Missing,,,,,,,,,0
1,,175350,Port:10,0,0,0,Missing,,,,,,,,,0
1,,175366,Port:10,0,0,0,Missing,,,,,,,,,0
1,,175398,Port:10,0,0,0,Missing,,,,,,,,,0
1,,175406,Port:10,0,0,0,Missing,,,,,,,,,0
1,,175422,Port:10,0,0,0,Missing,,,,,,,,,0
1,,175438,Port:10,0,0,0,Missing,,,,,,,,,0
1,,175454,Port:10,0,0,0,Missing,,,,,,,,,0
1,,175470,Port:10,0,0,0,Missing,,,,,,,,,0
1,,175486,Port:10,0,0,0,Missing,,,,,,,,,0
1,,175502,Port:10,0,0,0,Missing,,,,,,,,,0
1,,175518,Port:10,0,0,0,Missing,,,,,,,,,0
1,,175526,Port:10,0,0,0,Missing,,,,,,,,,0
1,,175542,Port:10,0,0,0,Missing,,,,,,,,,0
1,,175558,Port:10,0,0,0,Missing,,,,,,,,,0
1,,175574,Port:10,0,0,0,Missing,,,,,,,,,0
1,,175590,Port:10,0,0,0,Missing,,,,,,,,,0
1,,175606,Port:10,0,0,0,Missing,,,,,,,,,0
1,,175638,Port:10,0,0,0,Missing,,,,,,,,,0
1,,175646,Port:10,0,0,0,Missing,,,,,,,,,0
1,,175670,Port:10,0,0,0,Missing,,,,,,,,,0
1,,175678,Port:10,0,0,0,Missing,,,,,,,,,0
1,,175694,Port:10,0,0,0,Missing,,,,,,,,,0
1,,175710,Port:10,0,0,0,Missing,,,,,,,,,0
1,,175726,Port:10,0,0,0,Missing,,,,,,,,,0
1,,175742,Port:10,0,0,0,Missing,,,,,,,,,0
1,,175750,Port:10,0,0,0,Missing,,,,,,,,,0
1,,175774,Port:10,0,0,0,Missing,,,,,,,,,0
1,,175790,Port:10,0,0,0,Missing,,,,,,,,,0
1,,175806,Port:10,0,0,0,Missing,,,,,,,,,0
1,,175814,Port:10,0,0,0,Missing,,,,,,,,,0
1,,175830,Port:10,0,0,0,Missing,,,,,,,,,0
1,,175862,Port:10,0,0,0,Missing,,,,,,,,,0
1,,175870,Port:10,0,0,0,Missing,,,,,,,,,0
1,,175894,Port:10,0,0,0,Missing,,,,,,,,,0
1,,175910,Port:10,0,0,0,Missing,,,,,,,,,0
1,,175918,Port:10,0,0,0,Missing,,,,,,,,,0
1,,175934,Port:10,0,0,0,Missing,,,,,,,,,0
1,,175950,Port:10,0,0,0,Missing,,,,,,,,,0
1,,175966,Port:10,0,0,0,Missing,,,,,,,,,0
1,,175982,Port:10,0,0,0,Missing,,,,,,,,,0
1,,175998,Port:10,0,0,0,Missing,,,,,,,,,0
1,,176014,Port:10,0,0,0,Missing,,,,,,,,,0
1,,176030,Port:10,0,0,0,Missing,,,,,,,,,0
1,,176046,Port:10,0,0,0,Missing,,,,,,,,,0
1,,176054,Port:10,0,0,0,Missing,,,,,,,,,0
1,,176070,Port:10,0,0,0,Missing,,,,,,,,,0
1,,176102,Port:10,0,0,0,Missing,,,,,,,,,0
1,,176118,Port:10,0,0,0,Missing,,,,,,,,,0
1,,176134,Port:10,0,0,0,Missing,,,,,,,,,0
1,,176150,Port:10,0,0,0,Missing,,,,,,,,,0
1,,176166,Port:10,0,0,0,Missing,,,,,,,,,0
1,,176174,Port:10,0,0,0,Missing,,,,,,,,,0
1,,176190,Port:10,0,0,0,Missing,,,,,,,,,0
1,,176206,Port:10,0,0,0,Missing,,,,,,,,,0
1,,176222,Port:10,0,0,0,Missing,,,,,,,,,0
1,,176238,Port:10,0,0,0,Missing,,,,,,,,,0
1,,176254,Port:10,0,0,0,Missing,,,,,,,,,0
1,,176270,Port:10,0,0,0,Missing,,,,,,,,,0
1,,176286,Port:10,0,0,0,Missing,,,,,,,,,0
1,,176294,Port:10,0,0,0,Missing,,,,,,,,,0
1,,176326,Port:10,0,0,0,Missing,,,,,,,,,0
1,,176342,Port:10,0,0,0,Missing,,,,,,,,,0
1,,176358,Port:10,0,0,0,Missing,,,,,,,,,0
1,,176374,Port:10,0,0,0,Missing,,,,,,,,,0
1,,176390,Port:10,0,0,0,Missing,,,,,,,,,0
1,,176398,Port:10,0,0,0,Missing,,,,,,,,,0
1,,176414,Port:10,0,0,0,Missing,,,,,,,,,0
1,,176430,Port:10,0,0,0,Missing,,,,,,,,,0
1,,176446,Port:10,0,0,0,Missing,,,,,,,,,0
1,,176462,Port:10,0,0,0,Missing,,,,,,,,,0
1,,176478,Port:10,0,0,0,Missing,,,,,,,,,0
1,,176494,Port:10,0,0,0,Missing,,,,,,,,,0
1,,176510,Port:10,0,0,0,Missing,,,,,,,,,0
1,,176518,Port:10,0,0,0,Missing,,,,,,,,,0
1,,176534,Port:10,0,0,0,Missing,,,,,,,,,0
1,,176566,Port:10,0,0,0,Missing,,,,,,,,,0
1,,176582,Port:10,0,0,0,Missing,,,,,,,,,0
1,,176598,Port:10,0,0,0,Missing,,,,,,,,,0
1,,176614,Port:10,0,0,0,Missing,,,,,,,,,0
1,,176630,Port:10,0,0,0,Missing,,,,,,,,,0
1,,176638,Port:10,0,0,0,Missing,,,,,,,,,0
1,,176654,Port:10,0,0,0,Missing,,,,,,,,,0
1,,176670,Port:10,0,0,0,Missing,,,,,,,,,0
1,,176686,Port:10,0,0,0,Missing,,,,,,,,,0
1,,176702,Port:10,0,0,0,Missing,,,,,,,,,0
1,,176718,Port:10,0,0,0,Missing,,,,,,,,,0
1,,176734,Port:10,0,0,0,Missing,,,,,,,,,0
1,,176750,Port:10,0,0,0,Missing,,,,,,,,,0
1,,176758,Port:10,0,0,0,Missing,,,,,,,,,0
1,,176774,Port:10,0,0,0,Missing,,,,,,,,,0
1,,176806,Port:10,0,0,0,Missing,,,,,,,,,0
1,,176822,Port:10,0,0,0,Missing,,,,,,,,,0
1,,176838,Port:10,0,0,0,Missing,,,,,,,,,0
1,,176854,Port:10,0,0,0,Missing,,,,,,,,,0
1,,176870,Port:10,0,0,0,Missing,,,,,,,,,0
1,,176886,Port:10,0,0,0,Missing,,,,,,,,,0
1,,176894,Port:10,0,0,0,Missing,,,,,,,,,0
1,,176910,Port:10,0,0,0,Missing,,,,,,,,,0
1,,176926,Port:10,0,0,0,Missing,,,,,,,,,0
1,,176942,Port:10,0,0,0,Missing,,,,,,,,,0
1,,176958,Port:10,0,0,0,Missing,,,,,,,,,0
1,,176974,Port:10,0,0,0,Missing,,,,,,,,,0
1,,176990,Port:10,0,0,0,Missing,,,,,,,,,0
1,,177006,Port:10,0,0,0,Missing,,,,,,,,,0
1,,177014,Port:10,0,0,0,Missing,,,,,,,,,0
1,,177030,Port:10,0,0,0,Missing,,,,,,,,,0
1,,177062,Port:10,0,0,0,Missing,,,,,,,,,0
1,,177078,Port:10,0,0,0,Missing,,,,,,,,,0
1,,177094,Port:10,0,0,0,Missing,,,,,,,,,0
1,,177110,Port:10,0,0,0,Missing,,,,,,,,,0
1,,177126,Port:10,0,0,0,Missing,,,,,,,,,0
1,,177134,Port:10,0,0,0,Missing,,,,,,,,,0
1,,177150,Port:10,0,0,0,Missing,,,,,,,,,0
1,,177166,Port:10,0,0,0,Missing,,,,,,,,,0
1,,177182,Port:10,0,0,0,Missing,,,,,,,,,0
1,,177198,Port:10,0,0,0,Missing,,,,,,,,,0
1,,177214,Port:10,0,0,0,Missing,,,,,,,,,0
1,,177230,Port:10,0,0,0,Missing,,,,,,,,,0
1,,177238,Port:10,0,0,0,Missing,,,,,,,,,0
1,,177254,Port:10,0,0,0,Missing,,,,,,,,,0
1,,177286,Port:10,0,0,0,Missing,,,,,,,,,0
1,,177302,Port:10,0,0,0,Missing,,,,,,,,,0
1,,177318,Port:10,0,0,0,Missing,,,,,,,,,0
1,,177334,Port:10,0,0,0,Missing,,,,,,,,,0
1,,177350,Port:10,0,0,0,Missing,,,,,,,,,0
1,,177358,Port:10,0,0,0,Missing,,,,,,,,,0
1,,177422,Port:10,0,0,0,Missing,,,,,,,,,0
1,,177446,Port:10,0,0,0,Missing,,,,,,,,,0
1,,177454,Port:10,0,0,0,Missing,,,,,,,,,0
1,,177470,Port:10,0,0,0,Missing,,,,,,,,,0
1,,177478,Port:10,0,0,0,Missing,,,,,,,,,0
1,,177494,Port:10,0,0,0,Missing,,,,,,,,,0
1,,177526,Port:10,0,0,0,Missing,,,,,,,,,0
1,,177542,Port:10,0,0,0,Missing,,,,,,,,,0
1,,177558,Port:10,0,0,0,Missing,,,,,,,,,0
1,,177574,Port:10,0,0,0,Missing,,,,,,,,,0
1,,177582,Port:10,0,0,0,Missing,,,,,,,,,0
1,,177606,Port:10,0,0,0,Missing,,,,,,,,,0
1,,177614,Port:10,0,0,0,Missing,,,,,,,,,0
1,,177630,Port:10,0,0,0,Missing,,,,,,,,,0
1,,177646,Port:10,0,0,0,Missing,,,,,,,,,0
1,,177662,Port:10,0,0,0,Missing,,,,,,,,,0
1,,177678,Port:10,0,0,0,Missing,,,,,,,,,0
1,,177694,Port:10,0,0,0,Missing,,,,,,,,,0
1,,177710,Port:10,0,0,0,Missing,,,,,,,,,0
1,,177726,Port:10,0,0,0,Missing,,,,,,,,,0
1,,177742,Port:10,0,0,0,Missing,,,,,,,,,0
1,,177750,Port:10,0,0,0,Missing,,,,,,,,,0
1,,177782,Port:10,0,0,0,Missing,,,,,,,,,0
1,,177798,Port:10,0,0,0,Missing,,,,,,,,,0
1,,177814,Port:10,0,0,0,Missing,,,,,,,,,0
1,,177830,Port:10,0,0,0,Missing,,,,,,,,,0
1,,177846,Port:10,0,0,0,Missing,,,,,,,,,0
1,,177854,Port:10,0,0,0,Missing,,,,,,,,,0
1,,177870,Port:10,0,0,0,Missing,,,,,,,,,0
1,,177886,Port:10,0,0,0,Missing,,,,,,,,,0
1,,177902,Port:10,0,0,0,Missing,,,,,,,,,0
1,,177918,Port:10,0,0,0,Missing,,,,,,,,,0
1,,177934,Port:10,0,0,0,Missing,,,,,,,,,0
1,,177950,Port:10,0,0,0,Missing,,,,,,,,,0
1,,177966,Port:10,0,0,0,Missing,,,,,,,,,0
1,,177982,Port:10,0,0,0,Missing,,,,,,,,,0
1,,177998,Port:10,0,0,0,Missing,,,,,,,,,0
1,,178006,Port:10,0,0,0,Missing,,,,,,,,,0
1,,178038,Port:10,0,0,0,Missing,,,,,,,,,0
1,,178054,Port:10,0,0,0,Missing,,,,,,,,,0
1,,178062,Port:10,0,0,0,Missing,,,,,,,,,0
1,,178086,Port:10,0,0,0,Missing,,,,,,,,,0
1,,178094,Port:10,0,0,0,Missing,,,,,,,,,0
1,,178110,Port:10,0,0,0,Missing,,,,,,,,,0
1,,178126,Port:10,0,0,0,Missing,,,,,,,,,0
1,,178142,Port:10,0,0,0,Missing,,,,,,,,,0
1,,178158,Port:10,0,0,0,Missing,,,,,,,,,0
1,,178174,Port:10,0,0,0,Missing,,,,,,,,,0
1,,178182,Port:10,0,0,0,Missing,,,,,,,,,0
1,,178206,Port:10,0,0,0,Missing,,,,,,,,,0
1,,178222,Port:10,0,0,0,Missing,,,,,,,,,0
1,,178230,Port:10,0,0,0,Missing,,,,,,,,,0
1,,178246,Port:10,0,0,0,Missing,,,,,,,,,0
1,,178278,Port:10,0,0,0,Missing,,,,,,,,,0
1,,178294,Port:10,0,0,0,Missing,,,,,,,,,0
1,,178302,Port:10,0,0,0,Missing,,,,,,,,,0
1,,178326,Port:10,0,0,0,Missing,,,,,,,,,0
1,,178342,Port:10,0,0,0,Missing,,,,,,,,,0
1,,178350,Port:10,0,0,0,Missing,,,,,,,,,0
1,,178366,Port:10,0,0,0,Missing,,,,,,,,,0
1,,178382,Port:10,0,0,0,Missing,,,,,,,,,0
1,,178398,Port:10,0,0,0,Missing,,,,,,,,,0
1,,178414,Port:10,0,0,0,Missing,,,,,,,,,0
1,,178430,Port:10,0,0,0,Missing,,,,,,,,,0
1,,178446,Port:10,0,0,0,Missing,,,,,,,,,0
1,,178454,Port:10,0,0,0,Missing,,,,,,,,,0
1,,178494,Port:10,0,0,0,Missing,,,,,,,,,0
1,,178502,Port:10,0,0,0,Missing,,,,,,,,,0
1,,178518,Port:10,0,0,0,Missing,,,,,,,,,0
1,,178534,Port:10,0,0,0,Missing,,,,,,,,,0
1,,178550,Port:10,0,0,0,Missing,,,,,,,,,0
1,,178566,Port:10,0,0,0,Missing,,,,,,,,,0
1,,178574,Port:10,0,0,0,Missing,,,,,,,,,0
1,,178590,Port:10,0,0,0,Missing,,,,,,,,,0
1,,178614,Port:10,0,0,0,Missing,,,,,,,,,0
1,,178622,Port:10,0,0,0,Missing,,,,,,,,,0
1,,178638,Port:10,0,0,0,Missing,,,,,,,,,0
1,,178654,Port:10,0,0,0,Missing,,,,,,,,,0
1,,178670,Port:10,0,0,0,Missing,,,,,,,,,0
1,,178686,Port:10,0,0,0,Missing,,,,,,,,,0
1,,178710,Port:10,0,0,0,Missing,,,,,,,,,0
1,,178726,Port:10,0,0,0,Missing,,,,,,,,,0
1,,178742,Port:10,0,0,0,Missing,,,,,,,,,0
1,,178758,Port:10,0,0,0,Missing,,,,,,,,,0
1,,178774,Port:10,0,0,0,Missing,,,,,,,,,0
1,,178790,Port:10,0,0,0,Missing,,,,,,,,,0
1,,178806,Port:10,0,0,0,Missing,,,,,,,,,0
1,,178822,Port:10,0,0,0,Missing,,,,,,,,,0
1,,178838,Port:10,0,0,0,Missing,,,,,,,,,0
1,,178846,Port:10,0,0,0,Missing,,,,,,,,,0
1,,178862,Port:10,0,0,0,Missing,,,,,,,,,0
1,,178878,Port:10,0,0,0,Missing,,,,,,,,,0
1,,178894,Port:10,0,0,0,Missing,,,,,,,,,0
1,,178910,Port:10,0,0,0,Missing,,,,,,,,,0
1,,178926,Port:10,0,0,0,Missing,,,,,,,,,0
1,,178942,Port:10,0,0,0,Missing,,,,,,,,,0
1,,178958,Port:10,0,0,0,Missing,,,,,,,,,0
1,,178966,Port:10,0,0,0,Missing,,,,,,,,,0
1,,178998,Port:10,0,0,0,Missing,,,,,,,,,0
1,,179014,Port:10,0,0,0,Missing,,,,,,,,,0
1,,179022,Port:10,0,0,0,Missing,,,,,,,,,0
1,,179046,Port:10,0,0,0,Missing,,,,,,,,,0
1,,179054,Port:10,0,0,0,Missing,,,,,,,,,0
1,,179078,Port:10,0,0,0,Missing,,,,,,,,,0
1,,179086,Port:10,0,0,0,Missing,,,,,,,,,0
1,,179102,Port:10,0,0,0,Missing,,,,,,,,,0
1,,179118,Port:10,0,0,0,Missing,,,,,,,,,0
1,,179134,Port:10,0,0,0,Missing,,,,,,,,,0
1,,179150,Port:10,0,0,0,Missing,,,,,,,,,0
1,,179166,Port:10,0,0,0,Missing,,,,,,,,,0
1,,179190,Port:10,0,0,0,Missing,,,,,,,,,0
1,,179214,Port:10,0,0,0,Missing,,,,,,,,,0
1,,179222,Port:10,0,0,0,Missing,,,,,,,,,0
1,,179238,Port:10,0,0,0,Missing,,,,,,,,,0
1,,179254,Port:10,0,0,0,Missing,,,,,,,,,0
1,,179270,Port:10,0,0,0,Missing,,,,,,,,,0
1,,179286,Port:10,0,0,0,Missing,,,,,,,,,0
1,,179294,Port:10,0,0,0,Missing,,,,,,,,,0
1,,179318,Port:10,0,0,0,Missing,,,,,,,,,0
1,,179334,Port:10,0,0,0,Missing,,,,,,,,,0
1,,179342,Port:10,0,0,0,Missing,,,,,,,,,0
1,,179358,Port:10,0,0,0,Missing,,,,,,,,,0
1,,179374,Port:10,0,0,0,Missing,,,,,,,,,0
1,,179390,Port:10,0,0,0,Missing,,,,,,,,,0
1,,179406,Port:10,0,0,0,Missing,,,,,,,,,0
1,,179414,Port:10,0,0,0,Missing,,,,,,,,,0
1,,179438,Port:10,0,0,0,Missing,,,,,,,,,0
1,,179454,Port:10,0,0,0,Missing,,,,,,,,,0
1,,179462,Port:10,0,0,0,Missing,,,,,,,,,0
1,,179494,Port:10,0,0,0,Missing,,,,,,,,,0
1,,179510,Port:10,0,0,0,Missing,,,,,,,,,0
1,,179526,Port:10,0,0,0,Missing,,,,,,,,,0
1,,179542,Port:10,0,0,0,Missing,,,,,,,,,0
1,,179550,Port:10,0,0,0,Missing,,,,,,,,,0
1,,179566,Port:10,0,0,0,Missing,,,,,,,,,0
1,,179582,Port:10,0,0,0,Missing,,,,,,,,,0
1,,179598,Port:10,0,0,0,Missing,,,,,,,,,0
1,,179614,Port:10,0,0,0,Missing,,,,,,,,,0
1,,179630,Port:10,0,0,0,Missing,,,,,,,,,0
1,,179646,Port:10,0,0,0,Missing,,,,,,,,,0
1,,179662,Port:10,0,0,0,Missing,,,,,,,,,0
1,,179686,Port:10,0,0,0,Missing,,,,,,,,,0
1,,179702,Port:10,0,0,0,Missing,,,,,,,,,0
1,,179718,Port:10,0,0,0,Missing,,,,,,,,,0
1,,179734,Port:10,0,0,0,Missing,,,,,,,,,0
1,,179750,Port:10,0,0,0,Missing,,,,,,,,,0
1,,179766,Port:10,0,0,0,Missing,,,,,,,,,0
1,,179782,Port:10,0,0,0,Missing,,,,,,,,,0
1,,179790,Port:10,0,0,0,Missing,,,,,,,,,0
1,,179806,Port:10,0,0,0,Missing,,,,,,,,,0
1,,179822,Port:10,0,0,0,Missing,,,,,,,,,0
1,,179838,Port:10,0,0,0,Missing,,,,,,,,,0
1,,179854,Port:10,0,0,0,Missing,,,,,,,,,0
1,,179870,Port:10,0,0,0,Missing,,,,,,,,,0
1,,179886,Port:10,0,0,0,Missing,,,,,,,,,0
1,,179894,Port:10,0,0,0,Missing,,,,,,,,,0
1,,179934,Port:10,0,0,0,Missing,,,,,,,,,0
1,,179942,Port:10,0,0,0,Missing,,,,,,,,,0
1,,179958,Port:10,0,0,0,Missing,,,,,,,,,0
1,,179974,Port:10,0,0,0,Missing,,,,,,,,,0
1,,179990,Port:10,0,0,0,Missing,,,,,,,,,0
1,,180006,Port:10,0,0,0,Missing,,,,,,,,,0
1,,180014,Port:10,0,0,0,Missing,,,,,,,,,0
1,,180038,Port:10,0,0,0,Missing,,,,,,,,,0
1,,180054,Port:10,0,0,0,Missing,,,,,,,,,0
1,,180062,Port:10,0,0,0,Missing,,,,,,,,,0
1,,180078,Port:10,0,0,0,Missing,,,,,,,,,0
1,,180094,Port:10,0,0,0,Missing,,,,,,,,,0
1,,180110,Port:10,0,0,0,Missing,,,,,,,,,0
1,,180126,Port:10,0,0,0,Missing,,,,,,,,,0
1,,180134,Port:10,0,0,0,Missing,,,,,,,,,0
1,,180158,Port:10,0,0,0,Missing,,,,,,,,,0
1,,180174,Port:10,0,0,0,Missing,,,,,,,,,0
1,,180198,Port:10,0,0,0,Missing,,,,,,,,,0
1,,180214,Port:10,0,0,0,Missing,,,,,,,,,0
1,,180230,Port:10,0,0,0,Missing,,,,,,,,,0
1,,180246,Port:10,0,0,0,Missing,,,,,,,,,0
1,,180254,Port:10,0,0,0,Missing,,,,,,,,,0
1,,180270,Port:10,0,0,0,Missing,,,,,,,,,0
1,,180294,Port:10,0,0,0,Missing,,,,,,,,,0
1,,180302,Port:10,0,0,0,Missing,,,,,,,,,0
1,,180318,Port:10,0,0,0,Missing,,,,,,,,,0
1,,180334,Port:10,0,0,0,Missing,,,,,,,,,0
1,,180350,Port:10,0,0,0,Missing,,,,,,,,,0
1,,180366,Port:10,0,0,0,Missing,,,,,,,,,0
1,,180374,Port:10,0,0,0,Missing,,,,,,,,,0
1,,180398,Port:10,0,0,0,Missing,,,,,,,,,0
1,,180414,Port:10,0,0,0,Missing,,,,,,,,,0
1,,180422,Port:10,0,0,0,Missing,,,,,,,,,0
1,,180454,Port:10,0,0,0,Missing,,,,,,,,,0
1,,180470,Port:10,0,0,0,Missing,,,,,,,,,0
1,,180486,Port:10,0,0,0,Missing,,,,,,,,,0
1,,180494,Port:10,0,0,0,Missing,,,,,,,,,0
1,,180518,Port:10,0,0,0,Missing,,,,,,,,,0
1,,180534,Port:10,0,0,0,Missing,,,,,,,,,0
1,,180542,Port:10,0,0,0,Missing,,,,,,,,,0
1,,180558,Port:10,0,0,0,Missing,,,,,,,,,0
1,,180574,Port:10,0,0,0,Missing,,,,,,,,,0
1,,180590,Port:10,0,0,0,Missing,,,,,,,,,0
1,,180606,Port:10,0,0,0,Missing,,,,,,,,,0
1,,180638,Port:10,0,0,0,Missing,,,,,,,,,0
1,,180654,Port:10,0,0,0,Missing,,,,,,,,,0
1,,180662,Port:10,0,0,0,Missing,,,,,,,,,0
1,,180678,Port:10,0,0,0,Missing,,,,,,,,,0
1,,180694,Port:10,0,0,0,Missing,,,,,,,,,0
1,,180710,Port:10,0,0,0,Missing,,,,,,,,,0
1,,180726,Port:10,0,0,0,Missing,,,,,,,,,0
1,,180742,Port:10,0,0,0,Missing,,,,,,,,,0
1,,180758,Port:10,0,0,0,Missing,,,,,,,,,0
1,,180766,Port:10,0,0,0,Missing,,,,,,,,,0
1,,180782,Port:10,0,0,0,Missing,,,,,,,,,0
1,,180798,Port:10,0,0,0,Missing,,,,,,,,,0
1,,180814,Port:10,0,0,0,Missing,,,,,,,,,0
1,,180830,Port:10,0,0,0,Missing,,,,,,,,,0
1,,180846,Port:10,0,0,0,Missing,,,,,,,,,0
1,,180862,Port:10,0,0,0,Missing,,,,,,,,,0
1,,180878,Port:10,0,0,0,Missing,,,,,,,,,0
1,,180902,Port:10,0,0,0,Missing,,,,,,,,,0
1,,180918,Port:10,0,0,0,Missing,,,,,,,,,0
1,,180934,Port:10,0,0,0,Missing,,,,,,,,,0
1,,180966,Port:10,0,0,0,Missing,,,,,,,,,0
1,,180974,Port:10,0,0,0,Missing,,,,,,,,,0
1,,181022,Port:10,0,0,0,Missing,,,,,,,,,0
1,,181046,Port:10,0,0,0,Missing,,,,,,,,,0
1,,181054,Port:10,0,0,0,Missing,,,,,,,,,0
1,,181070,Port:10,0,0,0,Missing,,,,,,,,,0
1,,181086,Port:10,0,0,0,Missing,,,,,,,,,0
1,,181102,Port:10,0,0,0,Missing,,,,,,,,,0
1,,181118,Port:10,0,0,0,Missing,,,,,,,,,0
1,,181142,Port:10,0,0,0,Missing,,,,,,,,,0
1,,181174,Port:10,0,0,0,Missing,,,,,,,,,0
1,,181206,Port:10,0,0,0,Missing,,,,,,,,,0
1,,181222,Port:10,0,0,0,Missing,,,,,,,,,0
1,,181238,Port:10,0,0,0,Missing,,,,,,,,,0
1,,181262,Port:10,0,0,0,Missing,,,,,,,,,0
1,,181278,Port:10,0,0,0,Missing,,,,,,,,,0
1,,181294,Port:10,0,0,0,Missing,,,,,,,,,0
1,,181310,Port:10,0,0,0,Missing,,,,,,,,,0
1,,181326,Port:10,0,0,0,Missing,,,,,,,,,0
1,,181342,Port:10,0,0,0,Missing,,,,,,,,,0
1,,181358,Port:10,0,0,0,Missing,,,,,,,,,0
1,,181374,Port:10,0,0,0,Missing,,,,,,,,,0
1,,181382,Port:10,0,0,0,Missing,,,,,,,,,0
1,,181398,Port:10,0,0,0,Missing,,,,,,,,,0
1,,181414,Port:10,0,0,0,Missing,,,,,,,,,0
1,,181430,Port:10,0,0,0,Missing,,,,,,,,,0
1,,181446,Port:10,0,0,0,Missing,,,,,,,,,0
1,,181462,Port:10,0,0,0,Missing,,,,,,,,,0
1,,181478,Port:10,0,0,0,Missing,,,,,,,,,0
1,,181486,Port:10,0,0,0,Missing,,,,,,,,,0
1,,181502,Port:10,0,0,0,Missing,,,,,,,,,0
1,,181518,Port:10,0,0,0,Missing,,,,,,,,,0
1,,181534,Port:10,0,0,0,Missing,,,,,,,,,0
1,,181550,Port:10,0,0,0,Missing,,,,,,,,,0
1,,181566,Port:10,0,0,0,Missing,,,,,,,,,0
1,,181582,Port:10,0,0,0,Missing,,,,,,,,,0
1,,181606,Port:10,0,0,0,Missing,,,,,,,,,0
1,,181622,Port:10,0,0,0,Missing,,,,,,,,,0
1,,181638,Port:10,0,0,0,Missing,,,,,,,,,0
1,,181654,Port:10,0,0,0,Missing,,,,,,,,,0
1,,181670,Port:10,0,0,0,Missing,,,,,,,,,0
1,,181686,Port:10,0,0,0,Missing,,,,,,,,,0
1,,181702,Port:10,0,0,0,Missing,,,,,,,,,0
1,,181718,Port:10,0,0,0,Missing,,,,,,,,,0
1,,181726,Port:10,0,0,0,Missing,,,,,,,,,0
1,,181742,Port:10,0,0,0,Missing,,,,,,,,,0
1,,181758,Port:10,0,0,0,Missing,,,,,,,,,0
1,,181774,Port:10,0,0,0,Missing,,,,,,,,,0
1,,181790,Port:10,0,0,0,Missing,,,,,,,,,0
1,,181806,Port:10,0,0,0,Missing,,,,,,,,,0
1,,181822,Port:10,0,0,0,Missing,,,,,,,,,0
1,,181838,Port:10,0,0,0,Missing,,,,,,,,,0
1,,181854,Port:10,0,0,0,Missing,,,,,,,,,0
1,,181870,Port:10,0,0,0,Missing,,,,,,,,,0
1,,181894,Port:10,0,0,0,Missing,,,,,,,,,0
1,,181910,Port:10,0,0,0,Missing,,,,,,,,,0
1,,181926,Port:10,0,0,0,Missing,,,,,,,,,0
1,,181942,Port:10,0,0,0,Missing,,,,,,,,,0
1,,181958,Port:10,0,0,0,Missing,,,,,,,,,0
1,,181974,Port:10,0,0,0,Missing,,,,,,,,,0
1,,181982,Port:10,0,0,0,Missing,,,,,,,,,0
1,,181998,Port:10,0,0,0,Missing,,,,,,,,,0
1,,182014,Port:10,0,0,0,Missing,,,,,,,,,0
1,,182030,Port:10,0,0,0,Missing,,,,,,,,,0
1,,182046,Port:10,0,0,0,Missing,,,,,,,,,0
1,,182062,Port:10,0,0,0,Missing,,,,,,,,,0
1,,182078,Port:10,0,0,0,Missing,,,,,,,,,0
1,,182094,Port:10,0,0,0,Missing,,,,,,,,,0
1,,182110,Port:10,0,0,0,Missing,,,,,,,,,0
1,,182134,Port:10,0,0,0,Missing,,,,,,,,,0
1,,182150,Port:10,0,0,0,Missing,,,,,,,,,0
1,,182166,Port:10,0,0,0,Missing,,,,,,,,,0
1,,182182,Port:10,0,0,0,Missing,,,,,,,,,0
1,,182198,Port:10,0,0,0,Missing,,,,,,,,,0
1,,182214,Port:10,0,0,0,Missing,,,,,,,,,0
1,,182222,Port:10,0,0,0,Missing,,,,,,,,,0
1,,182238,Port:10,0,0,0,Missing,,,,,,,,,0
1,,182254,Port:10,0,0,0,Missing,,,,,,,,,0
1,,182270,Port:10,0,0,0,Missing,,,,,,,,,0
1,,182286,Port:10,0,0,0,Missing,,,,,,,,,0
1,,182302,Port:10,0,0,0,Missing,,,,,,,,,0
1,,182318,Port:10,0,0,0,Missing,,,,,,,,,0
1,,182334,Port:10,0,0,0,Missing,,,,,,,,,0
1,,182358,Port:10,0,0,0,Missing,,,,,,,,,0
1,,182374,Port:10,0,0,0,Missing,,,,,,,,,0
1,,182390,Port:10,0,0,0,Missing,,,,,,,,,0
1,,182406,Port:10,0,0,0,Missing,,,,,,,,,0
1,,182422,Port:10,0,0,0,Missing,,,,,,,,,0
1,,182438,Port:10,0,0,0,Missing,,,,,,,,,0
1,,182454,Port:10,0,0,0,Missing,,,,,,,,,0
1,,182462,Port:10,0,0,0,Missing,,,,,,,,,0
1,,182478,Port:10,0,0,0,Missing,,,,,,,,,0
1,,182494,Port:10,0,0,0,Missing,,,,,,,,,0
1,,182510,Port:10,0,0,0,Missing,,,,,,,,,0
1,,182526,Port:10,0,0,0,Missing,,,,,,,,,0
1,,182542,Port:10,0,0,0,Missing,,,,,,,,,0
1,,182566,Port:10,0,0,0,Missing,,,,,,,,,0
1,,182582,Port:10,0,0,0,Missing,,,,,,,,,0
1,,182598,Port:10,0,0,0,Missing,,,,,,,,,0
1,,182614,Port:10,0,0,0,Missing,,,,,,,,,0
1,,182630,Port:10,0,0,0,Missing,,,,,,,,,0
1,,182646,Port:10,0,0,0,Missing,,,,,,,,,0
1,,182662,Port:10,0,0,0,Missing,,,,,,,,,0
1,,182678,Port:10,0,0,0,Missing,,,,,,,,,0
1,,182694,Port:10,0,0,0,Missing,,,,,,,,,0
1,,182710,Port:10,0,0,0,Missing,,,,,,,,,0
1,,182726,Port:10,0,0,0,Missing,,,,,,,,,0
1,,182734,Port:10,0,0,0,Missing,,,,,,,,,0
1,,182750,Port:10,0,0,0,Missing,,,,,,,,,0
1,,182766,Port:10,0,0,0,Missing,,,,,,,,,0
1,,182798,Port:10,0,0,0,Missing,,,,,,,,,0
1,,182814,Port:10,0,0,0,Missing,,,,,,,,,0
1,,182830,Port:10,0,0,0,Missing,,,,,,,,,0
1,,182838,Port:10,0,0,0,Missing,,,,,,,,,0
1,,182854,Port:10,0,0,0,Missing,,,,,,,,,0
1,,182870,Port:10,0,0,0,Missing,,,,,,,,,0
1,,182886,Port:10,0,0,0,Missing,,,,,,,,,0
1,,182902,Port:10,0,0,0,Missing,,,,,,,,,0
1,,182918,Port:10,0,0,0,Missing,,,,,,,,,0
1,,182934,Port:10,0,0,0,Missing,,,,,,,,,0
1,,182942,Port:10,0,0,0,Missing,,,,,,,,,0
1,,182958,Port:10,0,0,0,Missing,,,,,,,,,0
1,,182974,Port:10,0,0,0,Missing,,,,,,,,,0
1,,182990,Port:10,0,0,0,Missing,,,,,,,,,0
1,,183006,Port:10,0,0,0,Missing,,,,,,,,,0
1,,183022,Port:10,0,0,0,Missing,,,,,,,,,0
1,,183054,Port:10,0,0,0,Missing,,,,,,,,,0
1,,183062,Port:10,0,0,0,Missing,,,,,,,,,0
1,,183078,Port:10,0,0,0,Missing,,,,,,,,,0
1,,183094,Port:10,0,0,0,Missing,,,,,,,,,0
1,,183110,Port:10,0,0,0,Missing,,,,,,,,,0
1,,183126,Port:10,0,0,0,Missing,,,,,,,,,0
1,,183142,Port:10,0,0,0,Missing,,,,,,,,,0
1,,183158,Port:10,0,0,0,Missing,,,,,,,,,0
1,,183174,Port:10,0,0,0,Missing,,,,,,,,,0
1,,183182,Port:10,0,0,0,Missing,,,,,,,,,0
1,,183206,Port:10,0,0,0,Missing,,,,,,,,,0
1,,183222,Port:10,0,0,0,Missing,,,,,,,,,0
1,,183230,Port:10,0,0,0,Missing,,,,,,,,,0
1,,183246,Port:10,0,0,0,Missing,,,,,,,,,0
1,,183262,Port:10,0,0,0,Missing,,,,,,,,,0
1,,183278,Port:10,0,0,0,Missing,,,,,,,,,0
1,,183302,Port:10,0,0,0,Missing,,,,,,,,,0
1,,183326,Port:10,0,0,0,Missing,,,,,,,,,0
1,,183334,Port:10,0,0,0,Missing,,,,,,,,,0
1,,183358,Port:10,0,0,0,Missing,,,,,,,,,0
1,,183366,Port:10,0,0,0,Missing,,,,,,,,,0
1,,183382,Port:10,0,0,0,Missing,,,,,,,,,0
1,,183398,Port:10,0,0,0,Missing,,,,,,,,,0
1,,183414,Port:10,0,0,0,Missing,,,,,,,,,0
1,,183422,Port:10,0,0,0,Missing,,,,,,,,,0
1,,183438,Port:10,0,0,0,Missing,,,,,,,,,0
1,,183454,Port:10,0,0,0,Missing,,,,,,,,,0
1,,183470,Port:10,0,0,0,Missing,,,,,,,,,0
1,,183486,Port:10,0,0,0,Missing,,,,,,,,,0
1,,183502,Port:10,0,0,0,Missing,,,,,,,,,0
1,,183534,Port:10,0,0,0,Missing,,,,,,,,,0
1,,183542,Port:10,0,0,0,Missing,,,,,,,,,0
1,,183558,Port:10,0,0,0,Missing,,,,,,,,,0
1,,183574,Port:10,0,0,0,Missing,,,,,,,,,0
1,,183590,Port:10,0,0,0,Missing,,,,,,,,,0
1,,183606,Port:10,0,0,0,Missing,,,,,,,,,0
1,,183622,Port:10,0,0,0,Missing,,,,,,,,,0
1,,183638,Port:10,0,0,0,Missing,,,,,,,,,0
1,,183654,Port:10,0,0,0,Missing,,,,,,,,,0
1,,183670,Port:10,0,0,0,Missing,,,,,,,,,0
1,,183678,Port:10,0,0,0,Missing,,,,,,,,,0
1,,183694,Port:10,0,0,0,Missing,,,,,,,,,0
1,,183718,Port:10,0,0,0,Missing,,,,,,,,,0
1,,183726,Port:10,0,0,0,Missing,,,,,,,,,0
1,,183742,Port:10,0,0,0,Missing,,,,,,,,,0
1,,183758,Port:10,0,0,0,Missing,,,,,,,,,0
1,,183774,Port:10,0,0,0,Missing,,,,,,,,,0
1,,183806,Port:10,0,0,0,Missing,,,,,,,,,0
1,,183814,Port:10,0,0,0,Missing,,,,,,,,,0
1,,183830,Port:10,0,0,0,Missing,,,,,,,,,0
1,,183846,Port:10,0,0,0,Missing,,,,,,,,,0
1,,183862,Port:10,0,0,0,Missing,,,,,,,,,0
1,,183878,Port:10,0,0,0,Missing,,,,,,,,,0
1,,183894,Port:10,0,0,0,Missing,,,,,,,,,0
1,,183910,Port:10,0,0,0,Missing,,,,,,,,,0
1,,183926,Port:10,0,0,0,Missing,,,,,,,,,0
1,,183934,Port:10,0,0,0,Missing,,,,,,,,,0
1,,183950,Port:10,0,0,0,Missing,,,,,,,,,0
1,,183966,Port:10,0,0,0,Missing,,,,,,,,,0
1,,183998,Port:10,0,0,0,Missing,,,,,,,,,0
1,,184014,Port:10,0,0,0,Missing,,,,,,,,,0
1,,184030,Port:10,0,0,0,Missing,,,,,,,,,0
1,,184046,Port:10,0,0,0,Missing,,,,,,,,,0
1,,184054,Port:10,0,0,0,Missing,,,,,,,,,0
1,,184070,Port:10,0,0,0,Missing,,,,,,,,,0
1,,184086,Port:10,0,0,0,Missing,,,,,,,,,0
1,,184102,Port:10,0,0,0,Missing,,,,,,,,,0
1,,184118,Port:10,0,0,0,Missing,,,,,,,,,0
1,,184134,Port:10,0,0,0,Missing,,,,,,,,,0
1,,184150,Port:10,0,0,0,Missing,,,,,,,,,0
1,,184166,Port:10,0,0,0,Missing,,,,,,,,,0
1,,184174,Port:10,0,0,0,Missing,,,,,,,,,0
1,,184190,Port:10,0,0,0,Missing,,,,,,,,,0
1,,184206,Port:10,0,0,0,Missing,,,,,,,,,0
1,,184238,Port:10,0,0,0,Missing,,,,,,,,,0
1,,184254,Port:10,0,0,0,Missing,,,,,,,,,0
1,,184270,Port:10,0,0,0,Missing,,,,,,,,,0
1,,184286,Port:10,0,0,0,Missing,,,,,,,,,0
1,,184294,Port:10,0,0,0,Missing,,,,,,,,,0
1,,184310,Port:10,0,0,0,Missing,,,,,,,,,0
1,,184326,Port:10,0,0,0,Missing,,,,,,,,,0
1,,184342,Port:10,0,0,0,Missing,,,,,,,,,0
1,,184358,Port:10,0,0,0,Missing,,,,,,,,,0
1,,184374,Port:10,0,0,0,Missing,,,,,,,,,0
1,,184390,Port:10,0,0,0,Missing,,,,,,,,,0
1,,184406,Port:10,0,0,0,Missing,,,,,,,,,0
1,,184414,Port:10,0,0,0,Missing,,,,,,,,,0
1,,184430,Port:10,0,0,0,Missing,,,,,,,,,0
1,,184446,Port:10,0,0,0,Missing,,,,,,,,,0
1,,184462,Port:10,0,0,0,Missing,,,,,,,,,0
1,,184478,Port:10,0,0,0,Missing,,,,,,,,,0
1,,184494,Port:10,0,0,0,Missing,,,,,,,,,0
1,,184526,Port:10,0,0,0,Missing,,,,,,,,,0
1,,184534,Port:10,0,0,0,Missing,,,,,,,,,0
1,,184550,Port:10,0,0,0,Missing,,,,,,,,,0
1,,184566,Port:10,0,0,0,Missing,,,,,,,,,0
1,,184582,Port:10,0,0,0,Missing,,,,,,,,,0
1,,184598,Port:10,0,0,0,Missing,,,,,,,,,0
1,,184614,Port:10,0,0,0,Missing,,,,,,,,,0
1,,184630,Port:10,0,0,0,Missing,,,,,,,,,0
1,,184646,Port:10,0,0,0,Missing,,,,,,,,,0
1,,184654,Port:10,0,0,0,Missing,,,,,,,,,0
1,,184670,Port:10,0,0,0,Missing,,,,,,,,,0
1,,184686,Port:10,0,0,0,Missing,,,,,,,,,0
1,,184702,Port:10,0,0,0,Missing,,,,,,,,,0
1,,184718,Port:10,0,0,0,Missing,,,,,,,,,0
1,,184734,Port:10,0,0,0,Missing,,,,,,,,,0
1,,184766,Port:10,0,0,0,Missing,,,,,,,,,0
1,,184774,Port:10,0,0,0,Missing,,,,,,,,,0
1,,184790,Port:10,0,0,0,Missing,,,,,,,,,0
1,,184806,Port:10,0,0,0,Missing,,,,,,,,,0
1,,184822,Port:10,0,0,0,Missing,,,,,,,,,0
1,,184838,Port:10,0,0,0,Missing,,,,,,,,,0
1,,184854,Port:10,0,0,0,Missing,,,,,,,,,0
1,,184870,Port:10,0,0,0,Missing,,,,,,,,,0
1,,184886,Port:10,0,0,0,Missing,,,,,,,,,0
1,,184894,Port:10,0,0,0,Missing,,,,,,,,,0
1,,184918,Port:10,0,0,0,Missing,,,,,,,,,0
1,,184926,Port:10,0,0,0,Missing,,,,,,,,,0
1,,184942,Port:10,0,0,0,Missing,,,,,,,,,0
1,,184958,Port:10,0,0,0,Missing,,,,,,,,,0
1,,184990,Port:10,0,0,0,Missing,,,,,,,,,0
1,,184998,Port:10,0,0,0,Missing,,,,,,,,,0
1,,185014,Port:10,0,0,0,Missing,,,,,,,,,0
1,,185038,Port:10,0,0,0,Missing,,,,,,,,,0
1,,185054,Port:10,0,0,0,Missing,,,,,,,,,0
1,,185062,Port:10,0,0,0,Missing,,,,,,,,,0
1,,185078,Port:10,0,0,0,Missing,,,,,,,,,0
1,,185094,Port:10,0,0,0,Missing,,,,,,,,,0
1,,185110,Port:10,0,0,0,Missing,,,,,,,,,0
1,,185118,Port:10,0,0,0,Missing,,,,,,,,,0
1,,185134,Port:10,0,0,0,Missing,,,,,,,,,0
1,,185158,Port:10,0,0,0,Missing,,,,,,,,,0
1,,185166,Port:10,0,0,0,Missing,,,,,,,,,0
1,,185182,Port:10,0,0,0,Missing,,,,,,,,,0
1,,185198,Port:10,0,0,0,Missing,,,,,,,,,0
1,,185230,Port:10,0,0,0,Missing,,,,,,,,,0
1,,185246,Port:10,0,0,0,Missing,,,,,,,,,0
1,,185254,Port:10,0,0,0,Missing,,,,,,,,,0
1,,185270,Port:10,0,0,0,Missing,,,,,,,,,0
1,,185286,Port:10,0,0,0,Missing,,,,,,,,,0
1,,185302,Port:10,0,0,0,Missing,,,,,,,,,0
1,,185318,Port:10,0,0,0,Missing,,,,,,,,,0
1,,185334,Port:10,0,0,0,Missing,,,,,,,,,0
1,,185350,Port:10,0,0,0,Missing,,,,,,,,,0
1,,185366,Port:10,0,0,0,Missing,,,,,,,,,0
1,,185382,Port:10,0,0,0,Missing,,,,,,,,,0
1,,185390,Port:10,0,0,0,Missing,,,,,,,,,0
1,,185406,Port:10,0,0,0,Missing,,,,,,,,,0
1,,185422,Port:10,0,0,0,Missing,,,,,,,,,0
1,,185454,Port:10,0,0,0,Missing,,,,,,,,,0
1,,185470,Port:10,0,0,0,Missing,,,,,,,,,0
1,,185486,Port:10,0,0,0,Missing,,,,,,,,,0
1,,185502,Port:10,0,0,0,Missing,,,,,,,,,0
1,,185518,Port:10,0,0,0,Missing,,,,,,,,,0
1,,185526,Port:10,0,0,0,Missing,,,,,,,,,0
1,,185542,Port:10,0,0,0,Missing,,,,,,,,,0
1,,185558,Port:10,0,0,0,Missing,,,,,,,,,0
1,,185574,Port:10,0,0,0,Missing,,,,,,,,,0
1,,185590,Port:10,0,0,0,Missing,,,,,,,,,0
1,,185606,Port:10,0,0,0,Missing,,,,,,,,,0
1,,185622,Port:10,0,0,0,Missing,,,,,,,,,0
1,,185638,Port:10,0,0,0,Missing,,,,,,,,,0
1,,185646,Port:10,0,0,0,Missing,,,,,,,,,0
1,,185662,Port:10,0,0,0,Missing,,,,,,,,,0
1,,185678,Port:10,0,0,0,Missing,,,,,,,,,0
1,,185694,Port:10,0,0,0,Missing,,,,,,,,,0
1,,185726,Port:10,0,0,0,Missing,,,,,,,,,0
1,,185742,Port:10,0,0,0,Missing,,,,,,,,,0
1,,185750,Port:10,0,0,0,Missing,,,,,,,,,0
1,,185766,Port:10,0,0,0,Missing,,,,,,,,,0
1,,185790,Port:10,0,0,0,Missing,,,,,,,,,0
1,,185798,Port:10,0,0,0,Missing,,,,,,,,,0
1,,185814,Port:10,0,0,0,Missing,,,,,,,,,0
1,,185830,Port:10,0,0,0,Missing,,,,,,,,,0
1,,185846,Port:10,0,0,0,Missing,,,,,,,,,0
1,,185862,Port:10,0,0,0,Missing,,,,,,,,,0
1,,185870,Port:10,0,0,0,Missing,,,,,,,,,0
1,,185886,Port:10,0,0,0,Missing,,,,,,,,,0
1,,185902,Port:10,0,0,0,Missing,,,,,,,,,0
1,,185918,Port:10,0,0,0,Missing,,,,,,,,,0
1,,185934,Port:10,0,0,0,Missing,,,,,,,,,0
1,,185966,Port:10,0,0,0,Missing,,,,,,,,,0
1,,185974,Port:10,0,0,0,Missing,,,,,,,,,0
1,,185990,Port:10,0,0,0,Missing,,,,,,,,,0
1,,186006,Port:10,0,0,0,Missing,,,,,,,,,0
1,,186022,Port:10,0,0,0,Missing,,,,,,,,,0
1,,186038,Port:10,0,0,0,Missing,,,,,,,,,0
1,,186054,Port:10,0,0,0,Missing,,,,,,,,,0
1,,186070,Port:10,0,0,0,Missing,,,,,,,,,0
1,,186086,Port:10,0,0,0,Missing,,,,,,,,,0
1,,186094,Port:10,0,0,0,Missing,,,,,,,,,0
1,,186118,Port:10,0,0,0,Missing,,,,,,,,,0
1,,186134,Port:10,0,0,0,Missing,,,,,,,,,0
1,,186142,Port:10,0,0,0,Missing,,,,,,,,,0
1,,186158,Port:10,0,0,0,Missing,,,,,,,,,0
1,,186190,Port:10,0,0,0,Missing,,,,,,,,,0
1,,186206,Port:10,0,0,0,Missing,,,,,,,,,0
1,,186214,Port:10,0,0,0,Missing,,,,,,,,,0
1,,186238,Port:10,0,0,0,Missing,,,,,,,,,0
1,,186254,Port:10,0,0,0,Missing,,,,,,,,,0
1,,186262,Port:10,0,0,0,Missing,,,,,,,,,0
1,,186278,Port:10,0,0,0,Missing,,,,,,,,,0
1,,186294,Port:10,0,0,0,Missing,,,,,,,,,0
1,,186310,Port:10,0,0,0,Missing,,,,,,,,,0
1,,186326,Port:10,0,0,0,Missing,,,,,,,,,0
1,,186334,Port:10,0,0,0,Missing,,,,,,,,,0
1,,186358,Port:10,0,0,0,Missing,,,,,,,,,0
1,,186374,Port:10,0,0,0,Missing,,,,,,,,,0
1,,186382,Port:10,0,0,0,Missing,,,,,,,,,0
1,,186398,Port:10,0,0,0,Missing,,,,,,,,,0
1,,186430,Port:10,0,0,0,Missing,,,,,,,,,0
1,,186446,Port:10,0,0,0,Missing,,,,,,,,,0
1,,186462,Port:10,0,0,0,Missing,,,,,,,,,0
1,,186470,Port:10,0,0,0,Missing,,,,,,,,,0
1,,186486,Port:10,0,0,0,Missing,,,,,,,,,0
1,,186510,Port:10,0,0,0,Missing,,,,,,,,,0
1,,186518,Port:10,0,0,0,Missing,,,,,,,,,0
1,,186534,Port:10,0,0,0,Missing,,,,,,,,,0
1,,186550,Port:10,0,0,0,Missing,,,,,,,,,0
1,,186566,Port:10,0,0,0,Missing,,,,,,,,,0
1,,186582,Port:10,0,0,0,Missing,,,,,,,,,0
1,,186590,Port:10,0,0,0,Missing,,,,,,,,,0
1,,186606,Port:10,0,0,0,Missing,,,,,,,,,0
1,,186630,Port:10,0,0,0,Missing,,,,,,,,,0
1,,186638,Port:10,0,0,0,Missing,,,,,,,,,0
1,,186654,Port:10,0,0,0,Missing,,,,,,,,,0
1,,186686,Port:10,0,0,0,Missing,,,,,,,,,0
1,,186702,Port:10,0,0,0,Missing,,,,,,,,,0
1,,186710,Port:10,0,0,0,Missing,,,,,,,,,0
1,,186726,Port:10,0,0,0,Missing,,,,,,,,,0
1,,186750,Port:10,0,0,0,Missing,,,,,,,,,0
1,,186758,Port:10,0,0,0,Missing,,,,,,,,,0
1,,186774,Port:10,0,0,0,Missing,,,,,,,,,0
1,,186790,Port:10,0,0,0,Missing,,,,,,,,,0
1,,186806,Port:10,0,0,0,Missing,,,,,,,,,0
1,,186822,Port:10,0,0,0,Missing,,,,,,,,,0
1,,186830,Port:10,0,0,0,Missing,,,,,,,,,0
1,,186846,Port:10,0,0,0,Missing,,,,,,,,,0
1,,186870,Port:10,0,0,0,Missing,,,,,,,,,0
1,,186878,Port:10,0,0,0,Missing,,,,,,,,,0
1,,186894,Port:10,0,0,0,Missing,,,,,,,,,0
1,,186926,Port:10,0,0,0,Missing,,,,,,,,,0
1,,186942,Port:10,0,0,0,Missing,,,,,,,,,0
1,,186950,Port:10,0,0,0,Missing,,,,,,,,,0
1,,186966,Port:10,0,0,0,Missing,,,,,,,,,0
1,,186990,Port:10,0,0,0,Missing,,,,,,,,,0
1,,186998,Port:10,0,0,0,Missing,,,,,,,,,0
1,,187014,Port:10,0,0,0,Missing,,,,,,,,,0
1,,187030,Port:10,0,0,0,Missing,,,,,,,,,0
1,,187046,Port:10,0,0,0,Missing,,,,,,,,,0
1,,187062,Port:10,0,0,0,Missing,,,,,,,,,0
1,,187070,Port:10,0,0,0,Missing,,,,,,,,,0
1,,187086,Port:10,0,0,0,Missing,,,,,,,,,0
1,,187110,Port:10,0,0,0,Missing,,,,,,,,,0
1,,187118,Port:10,0,0,0,Missing,,,,,,,,,0
1,,187134,Port:10,0,0,0,Missing,,,,,,,,,0
1,,187166,Port:10,0,0,0,Missing,,,,,,,,,0
1,,187182,Port:10,0,0,0,Missing,,,,,,,,,0
1,,187190,Port:10,0,0,0,Missing,,,,,,,,,0
1,,187214,Port:10,0,0,0,Missing,,,,,,,,,0
1,,187222,Port:10,0,0,0,Missing,,,,,,,,,0
1,,187238,Port:10,0,0,0,Missing,,,,,,,,,0
1,,187254,Port:10,0,0,0,Missing,,,,,,,,,0
1,,187270,Port:10,0,0,0,Missing,,,,,,,,,0
1,,187286,Port:10,0,0,0,Missing,,,,,,,,,0
1,,187302,Port:10,0,0,0,Missing,,,,,,,,,0
1,,187318,Port:10,0,0,0,Missing,,,,,,,,,0
1,,187334,Port:10,0,0,0,Missing,,,,,,,,,0
1,,187342,Port:10,0,0,0,Missing,,,,,,,,,0
1,,187374,Port:10,0,0,0,Missing,,,,,,,,,0
1,,187390,Port:10,0,0,0,Missing,,,,,,,,,0
1,,187406,Port:10,0,0,0,Missing,,,,,,,,,0
1,,187422,Port:10,0,0,0,Missing,,,,,,,,,0
1,,187438,Port:10,0,0,0,Missing,,,,,,,,,0
1,,187454,Port:10,0,0,0,Missing,,,,,,,,,0
1,,187462,Port:10,0,0,0,Missing,,,,,,,,,0
1,,187478,Port:10,0,0,0,Missing,,,,,,,,,0
1,,187494,Port:10,0,0,0,Missing,,,,,,,,,0
1,,187510,Port:10,0,0,0,Missing,,,,,,,,,0
1,,187526,Port:10,0,0,0,Missing,,,,,,,,,0
1,,187542,Port:10,0,0,0,Missing,,,,,,,,,0
1,,187558,Port:10,0,0,0,Missing,,,,,,,,,0
1,,187574,Port:10,0,0,0,Missing,,,,,,,,,0
1,,187590,Port:10,0,0,0,Missing,,,,,,,,,0
1,,187598,Port:10,0,0,0,Missing,,,,,,,,,0
1,,187614,Port:10,0,0,0,Missing,,,,,,,,,0
1,,187646,Port:10,0,0,0,Missing,,,,,,,,,0
1,,187662,Port:10,0,0,0,Missing,,,,,,,,,0
1,,187678,Port:10,0,0,0,Missing,,,,,,,,,0
1,,187686,Port:10,0,0,0,Missing,,,,,,,,,0
1,,187710,Port:10,0,0,0,Missing,,,,,,,,,0
1,,187726,Port:10,0,0,0,Missing,,,,,,,,,0
1,,187734,Port:10,0,0,0,Missing,,,,,,,,,0
1,,187750,Port:10,0,0,0,Missing,,,,,,,,,0
1,,187766,Port:10,0,0,0,Missing,,,,,,,,,0
1,,187782,Port:10,0,0,0,Missing,,,,,,,,,0
1,,187798,Port:10,0,0,0,Missing,,,,,,,,,0
1,,187806,Port:10,0,0,0,Missing,,,,,,,,,0
1,,187830,Port:10,0,0,0,Missing,,,,,,,,,0
1,,187846,Port:10,0,0,0,Missing,,,,,,,,,0
1,,187854,Port:10,0,0,0,Missing,,,,,,,,,0
1,,187886,Port:10,0,0,0,Missing,,,,,,,,,0
1,,187902,Port:10,0,0,0,Missing,,,,,,,,,0
1,,187910,Port:10,0,0,0,Missing,,,,,,,,,0
1,,187926,Port:10,0,0,0,Missing,,,,,,,,,0
1,,187950,Port:10,0,0,0,Missing,,,,,,,,,0
1,,187958,Port:10,0,0,0,Missing,,,,,,,,,0
1,,187974,Port:10,0,0,0,Missing,,,,,,,,,0
1,,187990,Port:10,0,0,0,Missing,,,,,,,,,0
1,,188006,Port:10,0,0,0,Missing,,,,,,,,,0
1,,188022,Port:10,0,0,0,Missing,,,,,,,,,0
1,,188038,Port:10,0,0,0,Missing,,,,,,,,,0
1,,188046,Port:10,0,0,0,Missing,,,,,,,,,0
1,,188070,Port:10,0,0,0,Missing,,,,,,,,,0
1,,188086,Port:10,0,0,0,Missing,,,,,,,,,0
1,,188094,Port:10,0,0,0,Missing,,,,,,,,,0
1,,188126,Port:10,0,0,0,Missing,,,,,,,,,0
1,,188142,Port:10,0,0,0,Missing,,,,,,,,,0
1,,188158,Port:10,0,0,0,Missing,,,,,,,,,0
1,,188166,Port:10,0,0,0,Missing,,,,,,,,,0
1,,188190,Port:10,0,0,0,Missing,,,,,,,,,0
1,,188206,Port:10,0,0,0,Missing,,,,,,,,,0
1,,188214,Port:10,0,0,0,Missing,,,,,,,,,0
1,,188230,Port:10,0,0,0,Missing,,,,,,,,,0
1,,188246,Port:10,0,0,0,Missing,,,,,,,,,0
1,,188262,Port:10,0,0,0,Missing,,,,,,,,,0
1,,188278,Port:10,0,0,0,Missing,,,,,,,,,0
1,,188286,Port:10,0,0,0,Missing,,,,,,,,,0
1,,188310,Port:10,0,0,0,Missing,,,,,,,,,0
1,,188326,Port:10,0,0,0,Missing,,,,,,,,,0
1,,188350,Port:10,0,0,0,Missing,,,,,,,,,0
1,,188366,Port:10,0,0,0,Missing,,,,,,,,,0
1,,188382,Port:10,0,0,0,Missing,,,,,,,,,0
1,,188398,Port:10,0,0,0,Missing,,,,,,,,,0
1,,188414,Port:10,0,0,0,Missing,,,,,,,,,0
1,,188430,Port:10,0,0,0,Missing,,,,,,,,,0
1,,188438,Port:10,0,0,0,Missing,,,,,,,,,0
1,,188454,Port:10,0,0,0,Missing,,,,,,,,,0
1,,188470,Port:10,0,0,0,Missing,,,,,,,,,0
1,,188486,Port:10,0,0,0,Missing,,,,,,,,,0
1,,188502,Port:10,0,0,0,Missing,,,,,,,,,0
1,,188518,Port:10,0,0,0,Missing,,,,,,,,,0
1,,188534,Port:10,0,0,0,Missing,,,,,,,,,0
1,,188542,Port:10,0,0,0,Missing,,,,,,,,,0
1,,188566,Port:10,0,0,0,Missing,,,,,,,,,0
1,,188590,Port:10,0,0,0,Missing,,,,,,,,,0
1,,188606,Port:10,0,0,0,Missing,,,,,,,,,0
1,,188622,Port:10,0,0,0,Missing,,,,,,,,,0
1,,188638,Port:10,0,0,0,Missing,,,,,,,,,0
1,,188646,Port:10,0,0,0,Missing,,,,,,,,,0
1,,188662,Port:10,0,0,0,Missing,,,,,,,,,0
1,,188678,Port:10,0,0,0,Missing,,,,,,,,,0
1,,188694,Port:10,0,0,0,Missing,,,,,,,,,0
1,,188710,Port:10,0,0,0,Missing,,,,,,,,,0
1,,188726,Port:10,0,0,0,Missing,,,,,,,,,0
1,,188742,Port:10,0,0,0,Missing,,,,,,,,,0
1,,188758,Port:10,0,0,0,Missing,,,,,,,,,0
1,,188766,Port:10,0,0,0,Missing,,,,,,,,,0
1,,188790,Port:10,0,0,0,Missing,,,,,,,,,0
1,,188806,Port:10,0,0,0,Missing,,,,,,,,,0
1,,188822,Port:10,0,0,0,Missing,,,,,,,,,0
1,,188830,Port:10,0,0,0,Missing,,,,,,,,,0
1,,188862,Port:10,0,0,0,Missing,,,,,,,,,0
1,,188878,Port:10,0,0,0,Missing,,,,,,,,,0
1,,188886,Port:10,0,0,0,Missing,,,,,,,,,0
1,,188910,Port:10,0,0,0,Missing,,,,,,,,,0
1,,188926,Port:10,0,0,0,Missing,,,,,,,,,0
1,,188934,Port:10,0,0,0,Missing,,,,,,,,,0
1,,188950,Port:10,0,0,0,Missing,,,,,,,,,0
1,,188966,Port:10,0,0,0,Missing,,,,,,,,,0
1,,188982,Port:10,0,0,0,Missing,,,,,,,,,0
1,,188998,Port:10,0,0,0,Missing,,,,,,,,,0
1,,189006,Port:10,0,0,0,Missing,,,,,,,,,0
1,,189030,Port:10,0,0,0,Missing,,,,,,,,,0
1,,189046,Port:10,0,0,0,Missing,,,,,,,,,0
1,,189054,Port:10,0,0,0,Missing,,,,,,,,,0
1,,189086,Port:10,0,0,0,Missing,,,,,,,,,0
1,,189102,Port:10,0,0,0,Missing,,,,,,,,,0
1,,189118,Port:10,0,0,0,Missing,,,,,,,,,0
1,,189134,Port:10,0,0,0,Missing,,,,,,,,,0
1,,189150,Port:10,0,0,0,Missing,,,,,,,,,0
1,,189158,Port:10,0,0,0,Missing,,,,,,,,,0
1,,189174,Port:10,0,0,0,Missing,,,,,,,,,0
1,,189190,Port:10,0,0,0,Missing,,,,,,,,,0
1,,189206,Port:10,0,0,0,Missing,,,,,,,,,0
1,,189222,Port:10,0,0,0,Missing,,,,,,,,,0
1,,189238,Port:10,0,0,0,Missing,,,,,,,,,0
1,,189254,Port:10,0,0,0,Missing,,,,,,,,,0
1,,189270,Port:10,0,0,0,Missing,,,,,,,,,0
1,,189294,Port:10,0,0,0,Missing,,,,,,,,,0
1,,189310,Port:10,0,0,0,Missing,,,,,,,,,0
1,,189326,Port:10,0,0,0,Missing,,,,,,,,,0
1,,189342,Port:10,0,0,0,Missing,,,,,,,,,0
1,,189358,Port:10,0,0,0,Missing,,,,,,,,,0
1,,189374,Port:10,0,0,0,Missing,,,,,,,,,0
1,,189390,Port:10,0,0,0,Missing,,,,,,,,,0
1,,189398,Port:10,0,0,0,Missing,,,,,,,,,0
1,,189414,Port:10,0,0,0,Missing,,,,,,,,,0
1,,189430,Port:10,0,0,0,Missing,,,,,,,,,0
1,,189446,Port:10,0,0,0,Missing,,,,,,,,,0
1,,189462,Port:10,0,0,0,Missing,,,,,,,,,0
1,,189478,Port:10,0,0,0,Missing,,,,,,,,,0
1,,189494,Port:10,0,0,0,Missing,,,,,,,,,0
1,,189502,Port:10,0,0,0,Missing,,,,,,,,,0
1,,189542,Port:10,0,0,0,Missing,,,,,,,,,0
1,,189550,Port:10,0,0,0,Missing,,,,,,,,,0
1,,189566,Port:10,0,0,0,Missing,,,,,,,,,0
1,,189582,Port:10,0,0,0,Missing,,,,,,,,,0
1,,189598,Port:10,0,0,0,Missing,,,,,,,,,0
1,,189614,Port:10,0,0,0,Missing,,,,,,,,,0
1,,189622,Port:10,0,0,0,Missing,,,,,,,,,0
1,,189638,Port:10,0,0,0,Missing,,,,,,,,,0
1,,189662,Port:10,0,0,0,Missing,,,,,,,,,0
1,,189670,Port:10,0,0,0,Missing,,,,,,,,,0
1,,189686,Port:10,0,0,0,Missing,,,,,,,,,0
1,,189702,Port:10,0,0,0,Missing,,,,,,,,,0
1,,189718,Port:10,0,0,0,Missing,,,,,,,,,0
1,,189734,Port:10,0,0,0,Missing,,,,,,,,,0
1,,189742,Port:10,0,0,0,Missing,,,,,,,,,0
1,,189782,Port:10,0,0,0,Missing,,,,,,,,,0
1,,189790,Port:10,0,0,0,Missing,,,,,,,,,0
1,,189806,Port:10,0,0,0,Missing,,,,,,,,,0
1,,189822,Port:10,0,0,0,Missing,,,,,,,,,0
1,,189838,Port:10,0,0,0,Missing,,,,,,,,,0
1,,189854,Port:10,0,0,0,Missing,,,,,,,,,0
1,,189862,Port:10,0,0,0,Missing,,,,,,,,,0
1,,189886,Port:10,0,0,0,Missing,,,,,,,,,0
1,,189894,Port:10,0,0,0,Missing,,,,,,,,,0
1,,189910,Port:10,0,0,0,Missing,,,,,,,,,0
1,,189926,Port:10,0,0,0,Missing,,,,,,,,,0
1,,189942,Port:10,0,0,0,Missing,,,,,,,,,0
1,,189958,Port:10,0,0,0,Missing,,,,,,,,,0
1,,189974,Port:10,0,0,0,Missing,,,,,,,,,0
1,,189990,Port:10,0,0,0,Missing,,,,,,,,,0
1,,190006,Port:10,0,0,0,Missing,,,,,,,,,0
1,,190014,Port:10,0,0,0,Missing,,,,,,,,,0
1,,190046,Port:10,0,0,0,Missing,,,,,,,,,0
1,,190062,Port:10,0,0,0,Missing,,,,,,,,,0
1,,190078,Port:10,0,0,0,Missing,,,,,,,,,0
1,,190094,Port:10,0,0,0,Missing,,,,,,,,,0
1,,190110,Port:10,0,0,0,Missing,,,,,,,,,0
1,,190126,Port:10,0,0,0,Missing,,,,,,,,,0
1,,190134,Port:10,0,0,0,Missing,,,,,,,,,0
1,,190150,Port:10,0,0,0,Missing,,,,,,,,,0
1,,190166,Port:10,0,0,0,Missing,,,,,,,,,0
1,,190182,Port:10,0,0,0,Missing,,,,,,,,,0
1,,190198,Port:10,0,0,0,Missing,,,,,,,,,0
1,,190214,Port:10,0,0,0,Missing,,,,,,,,,0
1,,190230,Port:10,0,0,0,Missing,,,,,,,,,0
1,,190246,Port:10,0,0,0,Missing,,,,,,,,,0
1,,190262,Port:10,0,0,0,Missing,,,,,,,,,0
1,,190286,Port:10,0,0,0,Missing,,,,,,,,,0
1,,190302,Port:10,0,0,0,Missing,,,,,,,,,0
1,,190318,Port:10,0,0,0,Missing,,,,,,,,,0
1,,190334,Port:10,0,0,0,Missing,,,,,,,,,0
1,,190350,Port:10,0,0,0,Missing,,,,,,,,,0
1,,190366,Port:10,0,0,0,Missing,,,,,,,,,0
1,,190382,Port:10,0,0,0,Missing,,,,,,,,,0
1,,190390,Port:10,0,0,0,Missing,,,,,,,,,0
1,,190406,Port:10,0,0,0,Missing,,,,,,,,,0
1,,190422,Port:10,0,0,0,Missing,,,,,,,,,0
1,,190438,Port:10,0,0,0,Missing,,,,,,,,,0
1,,190454,Port:10,0,0,0,Missing,,,,,,,,,0
1,,190470,Port:10,0,0,0,Missing,,,,,,,,,0
1,,190486,Port:10,0,0,0,Missing,,,,,,,,,0
1,,190494,Port:10,0,0,0,Missing,,,,,,,,,0
1,,190526,Port:10,0,0,0,Missing,,,,,,,,,0
1,,190542,Port:10,0,0,0,Missing,,,,,,,,,0
1,,190558,Port:10,0,0,0,Missing,,,,,,,,,0
1,,190574,Port:10,0,0,0,Missing,,,,,,,,,0
1,,190590,Port:10,0,0,0,Missing,,,,,,,,,0
1,,190606,Port:10,0,0,0,Missing,,,,,,,,,0
1,,190614,Port:10,0,0,0,Missing,,,,,,,,,0
1,,190630,Port:10,0,0,0,Missing,,,,,,,,,0
1,,190646,Port:10,0,0,0,Missing,,,,,,,,,0
1,,190662,Port:10,0,0,0,Missing,,,,,,,,,0
1,,190678,Port:10,0,0,0,Missing,,,,,,,,,0
1,,190694,Port:10,0,0,0,Missing,,,,,,,,,0
1,,190710,Port:10,0,0,0,Missing,,,,,,,,,0
1,,190726,Port:10,0,0,0,Missing,,,,,,,,,0
1,,190734,Port:10,0,0,0,Missing,,,,,,,,,0
1,,190766,Port:10,0,0,0,Missing,,,,,,,,,0
1,,190782,Port:10,0,0,0,Missing,,,,,,,,,0
1,,190798,Port:10,0,0,0,Missing,,,,,,,,,0
1,,190814,Port:10,0,0,0,Missing,,,,,,,,,0
1,,190830,Port:10,0,0,0,Missing,,,,,,,,,0
1,,190846,Port:10,0,0,0,Missing,,,,,,,,,0
1,,190862,Port:10,0,0,0,Missing,,,,,,,,,0
1,,190870,Port:10,0,0,0,Missing,,,,,,,,,0
1,,190886,Port:10,0,0,0,Missing,,,,,,,,,0
1,,190902,Port:10,0,0,0,Missing,,,,,,,,,0
1,,190918,Port:10,0,0,0,Missing,,,,,,,,,0
1,,190934,Port:10,0,0,0,Missing,,,,,,,,,0
1,,190950,Port:10,0,0,0,Missing,,,,,,,,,0
1,,191006,Port:10,0,0,0,Missing,,,,,,,,,0
1,,191022,Port:10,0,0,0,Missing,,,,,,,,,0
1,,191038,Port:10,0,0,0,Missing,,,,,,,,,0
1,,191062,Port:10,0,0,0,Missing,,,,,,,,,0
1,,191078,Port:10,0,0,0,Missing,,,,,,,,,0
1,,191086,Port:10,0,0,0,Missing,,,,,,,,,0
1,,191102,Port:10,0,0,0,Missing,,,,,,,,,0
1,,191118,Port:10,0,0,0,Missing,,,,,,,,,0
1,,191134,Port:10,0,0,0,Missing,,,,,,,,,0
1,,191150,Port:10,0,0,0,Missing,,,,,,,,,0
1,,191158,Port:10,0,0,0,Missing,,,,,,,,,0
1,,191182,Port:10,0,0,0,Missing,,,,,,,,,0
1,,191198,Port:10,0,0,0,Missing,,,,,,,,,0
1,,191206,Port:10,0,0,0,Missing,,,,,,,,,0
1,,191222,Port:10,0,0,0,Missing,,,,,,,,,0
1,,191238,Port:10,0,0,0,Missing,,,,,,,,,0
1,,191254,Port:10,0,0,0,Missing,,,,,,,,,0
1,,191278,Port:10,0,0,0,Missing,,,,,,,,,0
1,,191302,Port:10,0,0,0,Missing,,,,,,,,,0
1,,191318,Port:10,0,0,0,Missing,,,,,,,,,0
1,,191326,Port:10,0,0,0,Missing,,,,,,,,,0
1,,191342,Port:10,0,0,0,Missing,,,,,,,,,0
1,,191358,Port:10,0,0,0,Missing,,,,,,,,,0
1,,191374,Port:10,0,0,0,Missing,,,,,,,,,0
1,,191390,Port:10,0,0,0,Missing,,,,,,,,,0
1,,191406,Port:10,0,0,0,Missing,,,,,,,,,0
1,,191422,Port:10,0,0,0,Missing,,,,,,,,,0
1,,191430,Port:10,0,0,0,Missing,,,,,,,,,0
1,,191446,Port:10,0,0,0,Missing,,,,,,,,,0
1,,191462,Port:10,0,0,0,Missing,,,,,,,,,0
1,,191478,Port:10,0,0,0,Missing,,,,,,,,,0
1,,191494,Port:10,0,0,0,Missing,,,,,,,,,0
1,,191510,Port:10,0,0,0,Missing,,,,,,,,,0
1,,191526,Port:10,0,0,0,Missing,,,,,,,,,0
1,,191542,Port:10,0,0,0,Missing,,,,,,,,,0
1,,191566,Port:10,0,0,0,Missing,,,,,,,,,0
1,,191582,Port:10,0,0,0,Missing,,,,,,,,,0
1,,191598,Port:10,0,0,0,Missing,,,,,,,,,0
1,,191614,Port:10,0,0,0,Missing,,,,,,,,,0
1,,191630,Port:10,0,0,0,Missing,,,,,,,,,0
1,,191646,Port:10,0,0,0,Missing,,,,,,,,,0
1,,191662,Port:10,0,0,0,Missing,,,,,,,,,0
1,,191670,Port:10,0,0,0,Missing,,,,,,,,,0
1,,191686,Port:10,0,0,0,Missing,,,,,,,,,0
1,,191702,Port:10,0,0,0,Missing,,,,,,,,,0
1,,191718,Port:10,0,0,0,Missing,,,,,,,,,0
1,,191734,Port:10,0,0,0,Missing,,,,,,,,,0
1,,191750,Port:10,0,0,0,Missing,,,,,,,,,0
1,,191766,Port:10,0,0,0,Missing,,,,,,,,,0
1,,191790,Port:10,0,0,0,Missing,,,,,,,,,0
1,,191806,Port:10,0,0,0,Missing,,,,,,,,,0
1,,191822,Port:10,0,0,0,Missing,,,,,,,,,0
1,,191838,Port:10,0,0,0,Missing,,,,,,,,,0
1,,191854,Port:10,0,0,0,Missing,,,,,,,,,0
1,,191870,Port:10,0,0,0,Missing,,,,,,,,,0
1,,191878,Port:10,0,0,0,Missing,,,,,,,,,0
1,,191902,Port:10,0,0,0,Missing,,,,,,,,,0
1,,191918,Port:10,0,0,0,Missing,,,,,,,,,0
1,,191926,Port:10,0,0,0,Missing,,,,,,,,,0
1,,191942,Port:10,0,0,0,Missing,,,,,,,,,0
1,,191958,Port:10,0,0,0,Missing,,,,,,,,,0
1,,191974,Port:10,0,0,0,Missing,,,,,,,,,0
1,,192006,Port:10,0,0,0,Missing,,,,,,,,,0
1,,192022,Port:10,0,0,0,Missing,,,,,,,,,0
1,,192038,Port:10,0,0,0,Missing,,,,,,,,,0
1,,192046,Port:10,0,0,0,Missing,,,,,,,,,0
1,,192062,Port:10,0,0,0,Missing,,,,,,,,,0
1,,192078,Port:10,0,0,0,Missing,,,,,,,,,0
1,,192094,Port:10,0,0,0,Missing,,,,,,,,,0
1,,192110,Port:10,0,0,0,Missing,,,,,,,,,0
1,,192126,Port:10,0,0,0,Missing,,,,,,,,,0
1,,192142,Port:10,0,0,0,Missing,,,,,,,,,0
1,,192158,Port:10,0,0,0,Missing,,,,,,,,,0
1,,192166,Port:10,0,0,0,Missing,,,,,,,,,0
1,,192182,Port:10,0,0,0,Missing,,,,,,,,,0
1,,192198,Port:10,0,0,0,Missing,,,,,,,,,0
1,,192214,Port:10,0,0,0,Missing,,,,,,,,,0
1,,192230,Port:10,0,0,0,Missing,,,,,,,,,0
1,,192262,Port:10,0,0,0,Missing,,,,,,,,,0
1,,192278,Port:10,0,0,0,Missing,,,,,,,,,0
1,,192286,Port:10,0,0,0,Missing,,,,,,,,,0
1,,192302,Port:10,0,0,0,Missing,,,,,,,,,0
1,,192318,Port:10,0,0,0,Missing,,,,,,,,,0
1,,192334,Port:10,0,0,0,Missing,,,,,,,,,0
1,,192350,Port:10,0,0,0,Missing,,,,,,,,,0
1,,192366,Port:10,0,0,0,Missing,,,,,,,,,0
1,,192382,Port:10,0,0,0,Missing,,,,,,,,,0
1,,192398,Port:10,0,0,0,Missing,,,,,,,,,0
1,,192414,Port:10,0,0,0,Missing,,,,,,,,,0
1,,192422,Port:10,0,0,0,Missing,,,,,,,,,0
1,,192438,Port:10,0,0,0,Missing,,,,,,,,,0
1,,192454,Port:10,0,0,0,Missing,,,,,,,,,0
1,,192470,Port:10,0,0,0,Missing,,,,,,,,,0
1,,192486,Port:10,0,0,0,Missing,,,,,,,,,0
1,,192502,Port:10,0,0,0,Missing,,,,,,,,,0
1,,192518,Port:10,0,0,0,Missing,,,,,,,,,0
1,,192542,Port:10,0,0,0,Missing,,,,,,,,,0
1,,192558,Port:10,0,0,0,Missing,,,,,,,,,0
1,,192574,Port:10,0,0,0,Missing,,,,,,,,,0
1,,192590,Port:10,0,0,0,Missing,,,,,,,,,0
1,,192606,Port:10,0,0,0,Missing,,,,,,,,,0
1,,192622,Port:10,0,0,0,Missing,,,,,,,,,0
1,,192638,Port:10,0,0,0,Missing,,,,,,,,,0
1,,192654,Port:10,0,0,0,Missing,,,,,,,,,0
1,,192662,Port:10,0,0,0,Missing,,,,,,,,,0
1,,192678,Port:10,0,0,0,Missing,,,,,,,,,0
1,,192694,Port:10,0,0,0,Missing,,,,,,,,,0
1,,192726,Port:10,0,0,0,Missing,,,,,,,,,0
1,,192742,Port:10,0,0,0,Missing,,,,,,,,,0
1,,192758,Port:10,0,0,0,Missing,,,,,,,,,0
1,,192766,Port:10,0,0,0,Missing,,,,,,,,,0
1,,192782,Port:10,0,0,0,Missing,,,,,,,,,0
1,,192798,Port:10,0,0,0,Missing,,,,,,,,,0
1,,192814,Port:10,0,0,0,Missing,,,,,,,,,0
1,,192830,Port:10,0,0,0,Missing,,,,,,,,,0
1,,192846,Port:10,0,0,0,Missing,,,,,,,,,0
1,,192862,Port:10,0,0,0,Missing,,,,,,,,,0
1,,192878,Port:10,0,0,0,Missing,,,,,,,,,0
1,,192894,Port:10,0,0,0,Missing,,,,,,,,,0
1,,192902,Port:10,0,0,0,Missing,,,,,,,,,0
1,,192918,Port:10,0,0,0,Missing,,,,,,,,,0
1,,192934,Port:10,0,0,0,Missing,,,,,,,,,0
1,,192950,Port:10,0,0,0,Missing,,,,,,,,,0
1,,192966,Port:10,0,0,0,Missing,,,,,,,,,0
1,,192982,Port:10,0,0,0,Missing,,,,,,,,,0
1,,193006,Port:10,0,0,0,Missing,,,,,,,,,0
1,,193022,Port:10,0,0,0,Missing,,,,,,,,,0
1,,193038,Port:10,0,0,0,Missing,,,,,,,,,0
1,,193054,Port:10,0,0,0,Missing,,,,,,,,,0
1,,193070,Port:10,0,0,0,Missing,,,,,,,,,0
1,,193086,Port:10,0,0,0,Missing,,,,,,,,,0
1,,193102,Port:10,0,0,0,Missing,,,,,,,,,0
1,,193118,Port:10,0,0,0,Missing,,,,,,,,,0
1,,193126,Port:10,0,0,0,Missing,,,,,,,,,0
1,,193142,Port:10,0,0,0,Missing,,,,,,,,,0
1,,193158,Port:10,0,0,0,Missing,,,,,,,,,0
1,,193174,Port:10,0,0,0,Missing,,,,,,,,,0
1,,193190,Port:10,0,0,0,Missing,,,,,,,,,0
1,,193206,Port:10,0,0,0,Missing,,,,,,,,,0
1,,193222,Port:10,0,0,0,Missing,,,,,,,,,0
1,,193246,Port:10,0,0,0,Missing,,,,,,,,,0
1,,193262,Port:10,0,0,0,Missing,,,,,,,,,0
1,,193278,Port:10,0,0,0,Missing,,,,,,,,,0
1,,193294,Port:10,0,0,0,Missing,,,,,,,,,0
1,,193310,Port:10,0,0,0,Missing,,,,,,,,,0
1,,193326,Port:10,0,0,0,Missing,,,,,,,,,0
1,,193342,Port:10,0,0,0,Missing,,,,,,,,,0
1,,193350,Port:10,0,0,0,Missing,,,,,,,,,0
1,,193374,Port:10,0,0,0,Missing,,,,,,,,,0
1,,193390,Port:10,0,0,0,Missing,,,,,,,,,0
1,,193398,Port:10,0,0,0,Missing,,,,,,,,,0
1,,193414,Port:10,0,0,0,Missing,,,,,,,,,0
1,,193430,Port:10,0,0,0,Missing,,,,,,,,,0
1,,193446,Port:10,0,0,0,Missing,,,,,,,,,0
1,,193470,Port:10,0,0,0,Missing,,,,,,,,,0
1,,193494,Port:10,0,0,0,Missing,,,,,,,,,0
1,,193510,Port:10,0,0,0,Missing,,,,,,,,,0
1,,193518,Port:10,0,0,0,Missing,,,,,,,,,0
1,,193534,Port:10,0,0,0,Missing,,,,,,,,,0
1,,193550,Port:10,0,0,0,Missing,,,,,,,,,0
1,,193566,Port:10,0,0,0,Missing,,,,,,,,,0
1,,193582,Port:10,0,0,0,Missing,,,,,,,,,0
1,,193590,Port:10,0,0,0,Missing,,,,,,,,,0
1,,193614,Port:10,0,0,0,Missing,,,,,,,,,0
1,,193630,Port:10,0,0,0,Missing,,,,,,,,,0
1,,193638,Port:10,0,0,0,Missing,,,,,,,,,0
1,,193654,Port:10,0,0,0,Missing,,,,,,,,,0
1,,193670,Port:10,0,0,0,Missing,,,,,,,,,0
1,,193686,Port:10,0,0,0,Missing,,,,,,,,,0
1,,193718,Port:10,0,0,0,Missing,,,,,,,,,0
1,,193726,Port:10,0,0,0,Missing,,,,,,,,,0
1,,193742,Port:10,0,0,0,Missing,,,,,,,,,0
1,,193758,Port:10,0,0,0,Missing,,,,,,,,,0
1,,193774,Port:10,0,0,0,Missing,,,,,,,,,0
1,,193790,Port:10,0,0,0,Missing,,,,,,,,,0
1,,193806,Port:10,0,0,0,Missing,,,,,,,,,0
1,,193822,Port:10,0,0,0,Missing,,,,,,,,,0
1,,193838,Port:10,0,0,0,Missing,,,,,,,,,0
1,,193846,Port:10,0,0,0,Missing,,,,,,,,,0
1,,193862,Port:10,0,0,0,Missing,,,,,,,,,0
1,,193878,Port:10,0,0,0,Missing,,,,,,,,,0
1,,193902,Port:10,0,0,0,Missing,,,,,,,,,0
1,,193910,Port:10,0,0,0,Missing,,,,,,,,,0
1,,193926,Port:10,0,0,0,Missing,,,,,,,,,0
1,,193958,Port:10,0,0,0,Missing,,,,,,,,,0
1,,193966,Port:10,0,0,0,Missing,,,,,,,,,0
1,,193982,Port:10,0,0,0,Missing,,,,,,,,,0
1,,193998,Port:10,0,0,0,Missing,,,,,,,,,0
1,,194014,Port:10,0,0,0,Missing,,,,,,,,,0
1,,194030,Port:10,0,0,0,Missing,,,,,,,,,0
1,,194046,Port:10,0,0,0,Missing,,,,,,,,,0
1,,194062,Port:10,0,0,0,Missing,,,,,,,,,0
1,,194078,Port:10,0,0,0,Missing,,,,,,,,,0
1,,194086,Port:10,0,0,0,Missing,,,,,,,,,0
1,,194110,Port:10,0,0,0,Missing,,,,,,,,,0
1,,194118,Port:10,0,0,0,Missing,,,,,,,,,0
1,,194134,Port:10,0,0,0,Missing,,,,,,,,,0
1,,194150,Port:10,0,0,0,Missing,,,,,,,,,0
1,,194166,Port:10,0,0,0,Missing,,,,,,,,,0
1,,194190,Port:10,0,0,0,Missing,,,,,,,,,0
1,,194214,Port:10,0,0,0,Missing,,,,,,,,,0
1,,194230,Port:10,0,0,0,Missing,,,,,,,,,0
1,,194238,Port:10,0,0,0,Missing,,,,,,,,,0
1,,194254,Port:10,0,0,0,Missing,,,,,,,,,0
1,,194270,Port:10,0,0,0,Missing,,,,,,,,,0
1,,194286,Port:10,0,0,0,Missing,,,,,,,,,0
1,,194302,Port:10,0,0,0,Missing,,,,,,,,,0
1,,194310,Port:10,0,0,0,Missing,,,,,,,,,0
1,,194334,Port:10,0,0,0,Missing,,,,,,,,,0
1,,194350,Port:10,0,0,0,Missing,,,,,,,,,0
1,,194358,Port:10,0,0,0,Missing,,,,,,,,,0
1,,194374,Port:10,0,0,0,Missing,,,,,,,,,0
1,,194390,Port:10,0,0,0,Missing,,,,,,,,,0
1,,194406,Port:10,0,0,0,Missing,,,,,,,,,0
1,,194438,Port:10,0,0,0,Missing,,,,,,,,,0
1,,194454,Port:10,0,0,0,Missing,,,,,,,,,0
1,,194470,Port:10,0,0,0,Missing,,,,,,,,,0
1,,194478,Port:10,0,0,0,Missing,,,,,,,,,0
1,,194494,Port:10,0,0,0,Missing,,,,,,,,,0
1,,194510,Port:10,0,0,0,Missing,,,,,,,,,0
1,,194526,Port:10,0,0,0,Missing,,,,,,,,,0
1,,194542,Port:10,0,0,0,Missing,,,,,,,,,0
1,,194558,Port:10,0,0,0,Missing,,,,,,,,,0
1,,194574,Port:10,0,0,0,Missing,,,,,,,,,0
1,,194590,Port:10,0,0,0,Missing,,,,,,,,,0
1,,194598,Port:10,0,0,0,Missing,,,,,,,,,0
1,,194614,Port:10,0,0,0,Missing,,,,,,,,,0
1,,194630,Port:10,0,0,0,Missing,,,,,,,,,0
1,,194646,Port:10,0,0,0,Missing,,,,,,,,,0
1,,194662,Port:10,0,0,0,Missing,,,,,,,,,0
1,,194678,Port:10,0,0,0,Missing,,,,,,,,,0
1,,194702,Port:10,0,0,0,Missing,,,,,,,,,0
1,,194718,Port:10,0,0,0,Missing,,,,,,,,,0
1,,194734,Port:10,0,0,0,Missing,,,,,,,,,0
1,,194750,Port:10,0,0,0,Missing,,,,,,,,,0
1,,194766,Port:10,0,0,0,Missing,,,,,,,,,0
1,,194782,Port:10,0,0,0,Missing,,,,,,,,,0
1,,194798,Port:10,0,0,0,Missing,,,,,,,,,0
1,,194814,Port:10,0,0,0,Missing,,,,,,,,,0
1,,194830,Port:10,0,0,0,Missing,,,,,,,,,0
1,,194838,Port:10,0,0,0,Missing,,,,,,,,,0
1,,194854,Port:10,0,0,0,Missing,,,,,,,,,0
1,,194870,Port:10,0,0,0,Missing,,,,,,,,,0
1,,194886,Port:10,0,0,0,Missing,,,,,,,,,0
1,,194902,Port:10,0,0,0,Missing,,,,,,,,,0
1,,194934,Port:10,0,0,0,Missing,,,,,,,,,0
1,,194950,Port:10,0,0,0,Missing,,,,,,,,,0
1,,194958,Port:10,0,0,0,Missing,,,,,,,,,0
1,,194974,Port:10,0,0,0,Missing,,,,,,,,,0
1,,194990,Port:10,0,0,0,Missing,,,,,,,,,0
1,,195006,Port:10,0,0,0,Missing,,,,,,,,,0
1,,195022,Port:10,0,0,0,Missing,,,,,,,,,0
1,,195038,Port:10,0,0,0,Missing,,,,,,,,,0
1,,195054,Port:10,0,0,0,Missing,,,,,,,,,0
1,,195070,Port:10,0,0,0,Missing,,,,,,,,,0
1,,195078,Port:10,0,0,0,Missing,,,,,,,,,0
1,,195094,Port:10,0,0,0,Missing,,,,,,,,,0
1,,195126,Port:10,0,0,0,Missing,,,,,,,,,0
1,,195142,Port:10,0,0,0,Missing,,,,,,,,,0
1,,195158,Port:10,0,0,0,Missing,,,,,,,,,0
1,,195174,Port:10,0,0,0,Missing,,,,,,,,,0
1,,195190,Port:10,0,0,0,Missing,,,,,,,,,0
1,,195198,Port:10,0,0,0,Missing,,,,,,,,,0
1,,195214,Port:10,0,0,0,Missing,,,,,,,,,0
1,,195230,Port:10,0,0,0,Missing,,,,,,,,,0
1,,195246,Port:10,0,0,0,Missing,,,,,,,,,0
1,,195262,Port:10,0,0,0,Missing,,,,,,,,,0
1,,195278,Port:10,0,0,0,Missing,,,,,,,,,0
1,,195294,Port:10,0,0,0,Missing,,,,,,,,,0
1,,195310,Port:10,0,0,0,Missing,,,,,,,,,0
1,,195318,Port:10,0,0,0,Missing,,,,,,,,,0
1,,195334,Port:10,0,0,0,Missing,,,,,,,,,0
1,,195350,Port:10,0,0,0,Missing,,,,,,,,,0
1,,195366,Port:10,0,0,0,Missing,,,,,,,,,0
1,,195382,Port:10,0,0,0,Missing,,,,,,,,,0
1,,195414,Port:10,0,0,0,Missing,,,,,,,,,0
1,,195430,Port:10,0,0,0,Missing,,,,,,,,,0
1,,195438,Port:10,0,0,0,Missing,,,,,,,,,0
1,,195454,Port:10,0,0,0,Missing,,,,,,,,,0
1,,195470,Port:10,0,0,0,Missing,,,,,,,,,0
1,,195486,Port:10,0,0,0,Missing,,,,,,,,,0
1,,195502,Port:10,0,0,0,Missing,,,,,,,,,0
1,,195518,Port:10,0,0,0,Missing,,,,,,,,,0
1,,195534,Port:10,0,0,0,Missing,,,,,,,,,0
1,,195550,Port:10,0,0,0,Missing,,,,,,,,,0
1,,195558,Port:10,0,0,0,Missing,,,,,,,,,0
1,,195574,Port:10,0,0,0,Missing,,,,,,,,,0
1,,195606,Port:10,0,0,0,Missing,,,,,,,,,0
1,,195622,Port:10,0,0,0,Missing,,,,,,,,,0
1,,195638,Port:10,0,0,0,Missing,,,,,,,,,0
1,,195654,Port:10,0,0,0,Missing,,,,,,,,,0
1,,195662,Port:10,0,0,0,Missing,,,,,,,,,0
1,,195686,Port:10,0,0,0,Missing,,,,,,,,,0
1,,195702,Port:10,0,0,0,Missing,,,,,,,,,0
1,,195710,Port:10,0,0,0,Missing,,,,,,,,,0
1,,195726,Port:10,0,0,0,Missing,,,,,,,,,0
1,,195742,Port:10,0,0,0,Missing,,,,,,,,,0
1,,195758,Port:10,0,0,0,Missing,,,,,,,,,0
1,,195774,Port:10,0,0,0,Missing,,,,,,,,,0
1,,195782,Port:10,0,0,0,Missing,,,,,,,,,0
1,,195806,Port:10,0,0,0,Missing,,,,,,,,,0
1,,195822,Port:10,0,0,0,Missing,,,,,,,,,0
1,,195830,Port:10,0,0,0,Missing,,,,,,,,,0
1,,195846,Port:10,0,0,0,Missing,,,,,,,,,0
1,,195878,Port:10,0,0,0,Missing,,,,,,,,,0
1,,195894,Port:10,0,0,0,Missing,,,,,,,,,0
1,,195902,Port:10,0,0,0,Missing,,,,,,,,,0
1,,195926,Port:10,0,0,0,Missing,,,,,,,,,0
1,,195942,Port:10,0,0,0,Missing,,,,,,,,,0
1,,195950,Port:10,0,0,0,Missing,,,,,,,,,0
1,,195966,Port:10,0,0,0,Missing,,,,,,,,,0
1,,195982,Port:10,0,0,0,Missing,,,,,,,,,0
1,,195998,Port:10,0,0,0,Missing,,,,,,,,,0
1,,196014,Port:10,0,0,0,Missing,,,,,,,,,0
1,,196030,Port:10,0,0,0,Missing,,,,,,,,,0
1,,196046,Port:10,0,0,0,Missing,,,,,,,,,0
1,,196054,Port:10,0,0,0,Missing,,,,,,,,,0
1,,196070,Port:10,0,0,0,Missing,,,,,,,,,0
1,,196102,Port:10,0,0,0,Missing,,,,,,,,,0
1,,196118,Port:10,0,0,0,Missing,,,,,,,,,0
1,,196134,Port:10,0,0,0,Missing,,,,,,,,,0
1,,196150,Port:10,0,0,0,Missing,,,,,,,,,0
1,,196166,Port:10,0,0,0,Missing,,,,,,,,,0
1,,196174,Port:10,0,0,0,Missing,,,,,,,,,0
1,,196190,Port:10,0,0,0,Missing,,,,,,,,,0
1,,196206,Port:10,0,0,0,Missing,,,,,,,,,0
1,,196222,Port:10,0,0,0,Missing,,,,,,,,,0
1,,196238,Port:10,0,0,0,Missing,,,,,,,,,0
1,,196254,Port:10,0,0,0,Missing,,,,,,,,,0
1,,196270,Port:10,0,0,0,Missing,,,,,,,,,0
1,,196286,Port:10,0,0,0,Missing,,,,,,,,,0
1,,196294,Port:10,0,0,0,Missing,,,,,,,,,0
1,,196310,Port:10,0,0,0,Missing,,,,,,,,,0
1,,196342,Port:10,0,0,0,Missing,,,,,,,,,0
1,,196358,Port:10,0,0,0,Missing,,,,,,,,,0
1,,196374,Port:10,0,0,0,Missing,,,,,,,,,0
1,,196390,Port:10,0,0,0,Missing,,,,,,,,,0
1,,196406,Port:10,0,0,0,Missing,,,,,,,,,0
1,,196414,Port:10,0,0,0,Missing,,,,,,,,,0
1,,196430,Port:10,0,0,0,Missing,,,,,,,,,0
1,,196446,Port:10,0,0,0,Missing,,,,,,,,,0
1,,196462,Port:10,0,0,0,Missing,,,,,,,,,0
1,,196478,Port:10,0,0,0,Missing,,,,,,,,,0
1,,196494,Port:10,0,0,0,Missing,,,,,,,,,0
1,,196502,Port:10,0,0,0,Missing,,,,,,,,,0
1,,196526,Port:10,0,0,0,Missing,,,,,,,,,0
1,,196542,Port:10,0,0,0,Missing,,,,,,,,,0
1,,196550,Port:10,0,0,0,Missing,,,,,,,,,0
1,,196566,Port:10,0,0,0,Missing,,,,,,,,,0
1,,196598,Port:10,0,0,0,Missing,,,,,,,,,0
1,,196614,Port:10,0,0,0,Missing,,,,,,,,,0
1,,196622,Port:10,0,0,0,Missing,,,,,,,,,0
1,,196646,Port:10,0,0,0,Missing,,,,,,,,,0
1,,196662,Port:10,0,0,0,Missing,,,,,,,,,0
1,,196670,Port:10,0,0,0,Missing,,,,,,,,,0
1,,196686,Port:10,0,0,0,Missing,,,,,,,,,0
1,,196702,Port:10,0,0,0,Missing,,,,,,,,,0
1,,196718,Port:10,0,0,0,Missing,,,,,,,,,0
1,,196734,Port:10,0,0,0,Missing,,,,,,,,,0
1,,196742,Port:10,0,0,0,Missing,,,,,,,,,0
1,,196766,Port:10,0,0,0,Missing,,,,,,,,,0
1,,196782,Port:10,0,0,0,Missing,,,,,,,,,0
1,,196798,Port:10,0,0,0,Missing,,,,,,,,,0
1,,196806,Port:10,0,0,0,Missing,,,,,,,,,0
1,,196838,Port:10,0,0,0,Missing,,,,,,,,,0
1,,196854,Port:10,0,0,0,Missing,,,,,,,,,0
1,,196870,Port:10,0,0,0,Missing,,,,,,,,,0
1,,196886,Port:10,0,0,0,Missing,,,,,,,,,0
1,,196902,Port:10,0,0,0,Missing,,,,,,,,,0
1,,196910,Port:10,0,0,0,Missing,,,,,,,,,0
1,,196926,Port:10,0,0,0,Missing,,,,,,,,,0
1,,196942,Port:10,0,0,0,Missing,,,,,,,,,0
1,,196958,Port:10,0,0,0,Missing,,,,,,,,,0
1,,196974,Port:10,0,0,0,Missing,,,,,,,,,0
1,,196990,Port:10,0,0,0,Missing,,,,,,,,,0
1,,197006,Port:10,0,0,0,Missing,,,,,,,,,0
1,,197022,Port:10,0,0,0,Missing,,,,,,,,,0
1,,197038,Port:10,0,0,0,Missing,,,,,,,,,0
1,,197046,Port:10,0,0,0,Missing,,,,,,,,,0
1,,197078,Port:10,0,0,0,Missing,,,,,,,,,0
1,,197094,Port:10,0,0,0,Missing,,,,,,,,,0
1,,197102,Port:10,0,0,0,Missing,,,,,,,,,0
1,,197126,Port:10,0,0,0,Missing,,,,,,,,,0
1,,197142,Port:10,0,0,0,Missing,,,,,,,,,0
1,,197150,Port:10,0,0,0,Missing,,,,,,,,,0
1,,197166,Port:10,0,0,0,Missing,,,,,,,,,0
1,,197182,Port:10,0,0,0,Missing,,,,,,,,,0
1,,197198,Port:10,0,0,0,Missing,,,,,,,,,0
1,,197214,Port:10,0,0,0,Missing,,,,,,,,,0
1,,197230,Port:10,0,0,0,Missing,,,,,,,,,0
1,,197238,Port:10,0,0,0,Missing,,,,,,,,,0
1,,197262,Port:10,0,0,0,Missing,,,,,,,,,0
1,,197278,Port:10,0,0,0,Missing,,,,,,,,,0
1,,197286,Port:10,0,0,0,Missing,,,,,,,,,0
1,,197302,Port:10,0,0,0,Missing,,,,,,,,,0
1,,197334,Port:10,0,0,0,Missing,,,,,,,,,0
1,,197350,Port:10,0,0,0,Missing,,,,,,,,,0
1,,197358,Port:10,0,0,0,Missing,,,,,,,,,0
1,,197382,Port:10,0,0,0,Missing,,,,,,,,,0
1,,197398,Port:10,0,0,0,Missing,,,,,,,,,0
1,,197406,Port:10,0,0,0,Missing,,,,,,,,,0
1,,197422,Port:10,0,0,0,Missing,,,,,,,,,0
1,,197438,Port:10,0,0,0,Missing,,,,,,,,,0
1,,197454,Port:10,0,0,0,Missing,,,,,,,,,0
1,,197470,Port:10,0,0,0,Missing,,,,,,,,,0
1,,197478,Port:10,0,0,0,Missing,,,,,,,,,0
1,,197502,Port:10,0,0,0,Missing,,,,,,,,,0
1,,197518,Port:10,0,0,0,Missing,,,,,,,,,0
1,,197526,Port:10,0,0,0,Missing,,,,,,,,,0
1,,197542,Port:10,0,0,0,Missing,,,,,,,,,0
1,,197574,Port:10,0,0,0,Missing,,,,,,,,,0
1,,197590,Port:10,0,0,0,Missing,,,,,,,,,0
1,,197598,Port:10,0,0,0,Missing,,,,,,,,,0
1,,197622,Port:10,0,0,0,Missing,,,,,,,,,0
1,,197638,Port:10,0,0,0,Missing,,,,,,,,,0
1,,197646,Port:10,0,0,0,Missing,,,,,,,,,0
1,,197662,Port:10,0,0,0,Missing,,,,,,,,,0
1,,197678,Port:10,0,0,0,Missing,,,,,,,,,0
1,,197694,Port:10,0,0,0,Missing,,,,,,,,,0
1,,197710,Port:10,0,0,0,Missing,,,,,,,,,0
1,,197726,Port:10,0,0,0,Missing,,,,,,,,,0
1,,197742,Port:10,0,0,0,Missing,,,,,,,,,0
1,,197758,Port:10,0,0,0,Missing,,,,,,,,,0
1,,197766,Port:10,0,0,0,Missing,,,,,,,,,0
1,,197798,Port:10,0,0,0,Missing,,,,,,,,,0
1,,197814,Port:10,0,0,0,Missing,,,,,,,,,0
1,,197830,Port:10,0,0,0,Missing,,,,,,,,,0
1,,197846,Port:10,0,0,0,Missing,,,,,,,,,0
1,,197862,Port:10,0,0,0,Missing,,,,,,,,,0
1,,197878,Port:10,0,0,0,Missing,,,,,,,,,0
1,,197886,Port:10,0,0,0,Missing,,,,,,,,,0
1,,197902,Port:10,0,0,0,Missing,,,,,,,,,0
1,,197918,Port:10,0,0,0,Missing,,,,,,,,,0
1,,197934,Port:10,0,0,0,Missing,,,,,,,,,0
1,,197950,Port:10,0,0,0,Missing,,,,,,,,,0
1,,197966,Port:10,0,0,0,Missing,,,,,,,,,0
1,,197982,Port:10,0,0,0,Missing,,,,,,,,,0
1,,197998,Port:10,0,0,0,Missing,,,,,,,,,0
1,,198006,Port:10,0,0,0,Missing,,,,,,,,,0
1,,198038,Port:10,0,0,0,Missing,,,,,,,,,0
1,,198054,Port:10,0,0,0,Missing,,,,,,,,,0
1,,198070,Port:10,0,0,0,Missing,,,,,,,,,0
1,,198086,Port:10,0,0,0,Missing,,,,,,,,,0
1,,198102,Port:10,0,0,0,Missing,,,,,,,,,0
1,,198118,Port:10,0,0,0,Missing,,,,,,,,,0
1,,198126,Port:10,0,0,0,Missing,,,,,,,,,0
1,,198142,Port:10,0,0,0,Missing,,,,,,,,,0
1,,198158,Port:10,0,0,0,Missing,,,,,,,,,0
1,,198174,Port:10,0,0,0,Missing,,,,,,,,,0
1,,198190,Port:10,0,0,0,Missing,,,,,,,,,0
1,,198206,Port:10,0,0,0,Missing,,,,,,,,,0
1,,198222,Port:10,0,0,0,Missing,,,,,,,,,0
1,,198238,Port:10,0,0,0,Missing,,,,,,,,,0
1,,198246,Port:10,0,0,0,Missing,,,,,,,,,0
1,,198278,Port:10,0,0,0,Missing,,,,,,,,,0
1,,198294,Port:10,0,0,0,Missing,,,,,,,,,0
1,,198310,Port:10,0,0,0,Missing,,,,,,,,,0
1,,198326,Port:10,0,0,0,Missing,,,,,,,,,0
1,,198334,Port:10,0,0,0,Missing,,,,,,,,,0
1,,198358,Port:10,0,0,0,Missing,,,,,,,,,0
1,,198374,Port:10,0,0,0,Missing,,,,,,,,,0
1,,198382,Port:10,0,0,0,Missing,,,,,,,,,0
1,,198398,Port:10,0,0,0,Missing,,,,,,,,,0
1,,198414,Port:10,0,0,0,Missing,,,,,,,,,0
1,,198430,Port:10,0,0,0,Missing,,,,,,,,,0
1,,198446,Port:10,0,0,0,Missing,,,,,,,,,0
1,,198454,Port:10,0,0,0,Missing,,,,,,,,,0
1,,198478,Port:10,0,0,0,Missing,,,,,,,,,0
1,,198494,Port:10,0,0,0,Missing,,,,,,,,,0
1,,198502,Port:10,0,0,0,Missing,,,,,,,,,0
1,,198534,Port:10,0,0,0,Missing,,,,,,,,,0
1,,198550,Port:10,0,0,0,Missing,,,,,,,,,0
1,,198566,Port:10,0,0,0,Missing,,,,,,,,,0
1,,198574,Port:10,0,0,0,Missing,,,,,,,,,0
1,,198598,Port:10,0,0,0,Missing,,,,,,,,,0
1,,198614,Port:10,0,0,0,Missing,,,,,,,,,0
1,,198622,Port:10,0,0,0,Missing,,,,,,,,,0
1,,198638,Port:10,0,0,0,Missing,,,,,,,,,0
1,,198654,Port:10,0,0,0,Missing,,,,,,,,,0
1,,198670,Port:10,0,0,0,Missing,,,,,,,,,0
1,,198686,Port:10,0,0,0,Missing,,,,,,,,,0
1,,198694,Port:10,0,0,0,Missing,,,,,,,,,0
1,,198718,Port:10,0,0,0,Missing,,,,,,,,,0
1,,198726,Port:10,0,0,0,Missing,,,,,,,,,0
1,,198758,Port:10,0,0,0,Missing,,,,,,,,,0
1,,198774,Port:10,0,0,0,Missing,,,,,,,,,0
1,,198790,Port:10,0,0,0,Missing,,,,,,,,,0
1,,198806,Port:10,0,0,0,Missing,,,,,,,,,0
1,,198822,Port:10,0,0,0,Missing,,,,,,,,,0
1,,198838,Port:10,0,0,0,Missing,,,,,,,,,0
1,,198846,Port:10,0,0,0,Missing,,,,,,,,,0
1,,198862,Port:10,0,0,0,Missing,,,,,,,,,0
1,,198878,Port:10,0,0,0,Missing,,,,,,,,,0
1,,198894,Port:10,0,0,0,Missing,,,,,,,,,0
1,,198910,Port:10,0,0,0,Missing,,,,,,,,,0
1,,198926,Port:10,0,0,0,Missing,,,,,,,,,0
1,,198942,Port:10,0,0,0,Missing,,,,,,,,,0
1,,198958,Port:10,0,0,0,Missing,,,,,,,,,0
1,,198966,Port:10,0,0,0,Missing,,,,,,,,,0
1,,198998,Port:10,0,0,0,Missing,,,,,,,,,0
1,,199014,Port:10,0,0,0,Missing,,,,,,,,,0
1,,199030,Port:10,0,0,0,Missing,,,,,,,,,0
1,,199046,Port:10,0,0,0,Missing,,,,,,,,,0
1,,199062,Port:10,0,0,0,Missing,,,,,,,,,0
1,,199078,Port:10,0,0,0,Missing,,,,,,,,,0
1,,199086,Port:10,0,0,0,Missing,,,,,,,,,0
1,,199110,Port:10,0,0,0,Missing,,,,,,,,,0
1,,199118,Port:10,0,0,0,Missing,,,,,,,,,0
1,,199134,Port:10,0,0,0,Missing,,,,,,,,,0
1,,199150,Port:10,0,0,0,Missing,,,,,,,,,0
1,,199166,Port:10,0,0,0,Missing,,,,,,,,,0
1,,199182,Port:10,0,0,0,Missing,,,,,,,,,0
1,,199214,Port:10,0,0,0,Missing,,,,,,,,,0
1,,199230,Port:10,0,0,0,Missing,,,,,,,,,0
1,,199238,Port:10,0,0,0,Missing,,,,,,,,,0
1,,199254,Port:10,0,0,0,Missing,,,,,,,,,0
1,,199270,Port:10,0,0,0,Missing,,,,,,,,,0
1,,199286,Port:10,0,0,0,Missing,,,,,,,,,0
1,,199302,Port:10,0,0,0,Missing,,,,,,,,,0
1,,199310,Port:10,0,0,0,Missing,,,,,,,,,0
1,,199334,Port:10,0,0,0,Missing,,,,,,,,,0
1,,199350,Port:10,0,0,0,Missing,,,,,,,,,0
1,,199358,Port:10,0,0,0,Missing,,,,,,,,,0
1,,199374,Port:10,0,0,0,Missing,,,,,,,,,0
1,,199390,Port:10,0,0,0,Missing,,,,,,,,,0
1,,199406,Port:10,0,0,0,Missing,,,,,,,,,0
1,,199422,Port:10,0,0,0,Missing,,,,,,,,,0
1,,199454,Port:10,0,0,0,Missing,,,,,,,,,0
1,,199470,Port:10,0,0,0,Missing,,,,,,,,,0
1,,199478,Port:10,0,0,0,Missing,,,,,,,,,0
1,,199494,Port:10,0,0,0,Missing,,,,,,,,,0
1,,199510,Port:10,0,0,0,Missing,,,,,,,,,0
1,,199526,Port:10,0,0,0,Missing,,,,,,,,,0
1,,199542,Port:10,0,0,0,Missing,,,,,,,,,0
1,,199558,Port:10,0,0,0,Missing,,,,,,,,,0
1,,199574,Port:10,0,0,0,Missing,,,,,,,,,0
1,,199582,Port:10,0,0,0,Missing,,,,,,,,,0
1,,199598,Port:10,0,0,0,Missing,,,,,,,,,0
1,,199614,Port:10,0,0,0,Missing,,,,,,,,,0
1,,199630,Port:10,0,0,0,Missing,,,,,,,,,0
1,,199646,Port:10,0,0,0,Missing,,,,,,,,,0
1,,199662,Port:10,0,0,0,Missing,,,,,,,,,0
1,,199678,Port:10,0,0,0,Missing,,,,,,,,,0
1,,199686,Port:10,0,0,0,Missing,,,,,,,,,0
1,,199702,Port:10,0,0,0,Missing,,,,,,,,,0
1,,199734,Port:10,0,0,0,Missing,,,,,,,,,0
1,,199750,Port:10,0,0,0,Missing,,,,,,,,,0
1,,199766,Port:10,0,0,0,Missing,,,,,,,,,0
1,,199782,Port:10,0,0,0,Missing,,,,,,,,,0
1,,199798,Port:10,0,0,0,Missing,,,,,,,,,0
1,,199814,Port:10,0,0,0,Missing,,,,,,,,,0
1,,199822,Port:10,0,0,0,Missing,,,,,,,,,0
1,,199838,Port:10,0,0,0,Missing,,,,,,,,,0
1,,199854,Port:10,0,0,0,Missing,,,,,,,,,0
1,,199870,Port:10,0,0,0,Missing,,,,,,,,,0
1,,199886,Port:10,0,0,0,Missing,,,,,,,,,0
1,,199902,Port:10,0,0,0,Missing,,,,,,,,,0
1,,199918,Port:10,0,0,0,Missing,,,,,,,,,0
1,,199934,Port:10,0,0,0,Missing,,,,,,,,,0
1,,199958,Port:10,0,0,0,Missing,,,,,,,,,0
1,,199974,Port:10,0,0,0,Missing,,,,,,,,,0
1,,199990,Port:10,0,0,0,Missing,,,,,,,,,0
1,,200006,Port:10,0,0,0,Missing,,,,,,,,,0
1,,200022,Port:10,0,0,0,Missing,,,,,,,,,0
1,,200038,Port:10,0,0,0,Missing,,,,,,,,,0
1,,200054,Port:10,0,0,0,Missing,,,,,,,,,0
1,,200062,Port:10,0,0,0,Missing,,,,,,,,,0
1,,200078,Port:10,0,0,0,Missing,,,,,,,,,0
1,,200094,Port:10,0,0,0,Missing,,,,,,,,,0
1,,200110,Port:10,0,0,0,Missing,,,,,,,,,0
1,,200126,Port:10,0,0,0,Missing,,,,,,,,,0
1,,200142,Port:10,0,0,0,Missing,,,,,,,,,0
1,,200158,Port:10,0,0,0,Missing,,,,,,,,,0
1,,200174,Port:10,0,0,0,Missing,,,,,,,,,0
1,,200198,Port:10,0,0,0,Missing,,,,,,,,,0
1,,200214,Port:10,0,0,0,Missing,,,,,,,,,0
1,,200230,Port:10,0,0,0,Missing,,,,,,,,,0
1,,200246,Port:10,0,0,0,Missing,,,,,,,,,0
1,,200262,Port:10,0,0,0,Missing,,,,,,,,,0
1,,200278,Port:10,0,0,0,Missing,,,,,,,,,0
1,,200286,Port:10,0,0,0,Missing,,,,,,,,,0
1,,200302,Port:10,0,0,0,Missing,,,,,,,,,0
1,,200326,Port:10,0,0,0,Missing,,,,,,,,,0
1,,200334,Port:10,0,0,0,Missing,,,,,,,,,0
1,,200350,Port:10,0,0,0,Missing,,,,,,,,,0
1,,200366,Port:10,0,0,0,Missing,,,,,,,,,0
1,,200382,Port:10,0,0,0,Missing,,,,,,,,,0
1,,200398,Port:10,0,0,0,Missing,,,,,,,,,0
1,,200422,Port:10,0,0,0,Missing,,,,,,,,,0
1,,200446,Port:10,0,0,0,Missing,,,,,,,,,0
1,,200454,Port:10,0,0,0,Missing,,,,,,,,,0
1,,200470,Port:10,0,0,0,Missing,,,,,,,,,0
1,,200486,Port:10,0,0,0,Missing,,,,,,,,,0
1,,200502,Port:10,0,0,0,Missing,,,,,,,,,0
1,,200518,Port:10,0,0,0,Missing,,,,,,,,,0
1,,200526,Port:10,0,0,0,Missing,,,,,,,,,0
1,,200542,Port:10,0,0,0,Missing,,,,,,,,,0
1,,200566,Port:10,0,0,0,Missing,,,,,,,,,0
1,,200574,Port:10,0,0,0,Missing,,,,,,,,,0
1,,200590,Port:10,0,0,0,Missing,,,,,,,,,0
1,,200606,Port:10,0,0,0,Missing,,,,,,,,,0
1,,200622,Port:10,0,0,0,Missing,,,,,,,,,0
1,,200654,Port:10,0,0,0,Missing,,,,,,,,,0
1,,200670,Port:10,0,0,0,Missing,,,,,,,,,0
1,,200678,Port:10,0,0,0,Missing,,,,,,,,,0
1,,200694,Port:10,0,0,0,Missing,,,,,,,,,0
1,,200710,Port:10,0,0,0,Missing,,,,,,,,,0
1,,200726,Port:10,0,0,0,Missing,,,,,,,,,0
1,,200742,Port:10,0,0,0,Missing,,,,,,,,,0
1,,200758,Port:10,0,0,0,Missing,,,,,,,,,0
1,,200774,Port:10,0,0,0,Missing,,,,,,,,,0
1,,200790,Port:10,0,0,0,Missing,,,,,,,,,0
1,,200798,Port:10,0,0,0,Missing,,,,,,,,,0
1,,200814,Port:10,0,0,0,Missing,,,,,,,,,0
1,,200830,Port:10,0,0,0,Missing,,,,,,,,,0
1,,200846,Port:10,0,0,0,Missing,,,,,,,,,0
1,,200862,Port:10,0,0,0,Missing,,,,,,,,,0
1,,200878,Port:10,0,0,0,Missing,,,,,,,,,0
1,,200894,Port:10,0,0,0,Missing,,,,,,,,,0
1,,200910,Port:10,0,0,0,Missing,,,,,,,,,0
1,,200934,Port:10,0,0,0,Missing,,,,,,,,,0
1,,200950,Port:10,0,0,0,Missing,,,,,,,,,0
1,,200966,Port:10,0,0,0,Missing,,,,,,,,,0
1,,200982,Port:10,0,0,0,Missing,,,,,,,,,0
1,,200998,Port:10,0,0,0,Missing,,,,,,,,,0
1,,201014,Port:10,0,0,0,Missing,,,,,,,,,0
1,,201030,Port:10,0,0,0,Missing,,,,,,,,,0
1,,201038,Port:10,0,0,0,Missing,,,,,,,,,0
1,,201054,Port:10,0,0,0,Missing,,,,,,,,,0
1,,201070,Port:10,0,0,0,Missing,,,,,,,,,0
1,,201086,Port:10,0,0,0,Missing,,,,,,,,,0
1,,201102,Port:10,0,0,0,Missing,,,,,,,,,0
1,,201118,Port:10,0,0,0,Missing,,,,,,,,,0
1,,201134,Port:10,0,0,0,Missing,,,,,,,,,0
1,,201150,Port:10,0,0,0,Missing,,,,,,,,,0
1,,201174,Port:10,0,0,0,Missing,,,,,,,,,0
1,,201190,Port:10,0,0,0,Missing,,,,,,,,,0
1,,201206,Port:10,0,0,0,Missing,,,,,,,,,0
1,,201222,Port:10,0,0,0,Missing,,,,,,,,,0
1,,201238,Port:10,0,0,0,Missing,,,,,,,,,0
1,,201254,Port:10,0,0,0,Missing,,,,,,,,,0
1,,201270,Port:10,0,0,0,Missing,,,,,,,,,0
1,,201278,Port:10,0,0,0,Missing,,,,,,,,,0
1,,201294,Port:10,0,0,0,Missing,,,,,,,,,0
1,,201310,Port:10,0,0,0,Missing,,,,,,,,,0
1,,201326,Port:10,0,0,0,Missing,,,,,,,,,0
1,,201342,Port:10,0,0,0,Missing,,,,,,,,,0
1,,201358,Port:10,0,0,0,Missing,,,,,,,,,0
1,,201374,Port:10,0,0,0,Missing,,,,,,,,,0
1,,201390,Port:10,0,0,0,Missing,,,,,,,,,0
1,,201414,Port:10,0,0,0,Missing,,,,,,,,,0
1,,201430,Port:10,0,0,0,Missing,,,,,,,,,0
1,,201446,Port:10,0,0,0,Missing,,,,,,,,,0
1,,201462,Port:10,0,0,0,Missing,,,,,,,,,0
1,,201478,Port:10,0,0,0,Missing,,,,,,,,,0
1,,201494,Port:10,0,0,0,Missing,,,,,,,,,0
1,,201510,Port:10,0,0,0,Missing,,,,,,,,,0
1,,201518,Port:10,0,0,0,Missing,,,,,,,,,0
1,,201534,Port:10,0,0,0,Missing,,,,,,,,,0
1,,201550,Port:10,0,0,0,Missing,,,,,,,,,0
1,,201566,Port:10,0,0,0,Missing,,,,,,,,,0
1,,201582,Port:10,0,0,0,Missing,,,,,,,,,0
1,,201598,Port:10,0,0,0,Missing,,,,,,,,,0
1,,201614,Port:10,0,0,0,Missing,,,,,,,,,0
1,,201630,Port:10,0,0,0,Missing,,,,,,,,,0
1,,201654,Port:10,0,0,0,Missing,,,,,,,,,0
1,,201670,Port:10,0,0,0,Missing,,,,,,,,,0
1,,201686,Port:10,0,0,0,Missing,,,,,,,,,0
1,,201702,Port:10,0,0,0,Missing,,,,,,,,,0
1,,201718,Port:10,0,0,0,Missing,,,,,,,,,0
1,,201734,Port:10,0,0,0,Missing,,,,,,,,,0
1,,201750,Port:10,0,0,0,Missing,,,,,,,,,0
1,,201766,Port:10,0,0,0,Missing,,,,,,,,,0
1,,201774,Port:10,0,0,0,Missing,,,,,,,,,0
1,,201790,Port:10,0,0,0,Missing,,,,,,,,,0
1,,201806,Port:10,0,0,0,Missing,,,,,,,,,0
1,,201822,Port:10,0,0,0,Missing,,,,,,,,,0
1,,201838,Port:10,0,0,0,Missing,,,,,,,,,0
1,,201854,Port:10,0,0,0,Missing,,,,,,,,,0
1,,201878,Port:10,0,0,0,Missing,,,,,,,,,0
1,,201894,Port:10,0,0,0,Missing,,,,,,,,,0
1,,201910,Port:10,0,0,0,Missing,,,,,,,,,0
1,,201926,Port:10,0,0,0,Missing,,,,,,,,,0
1,,201942,Port:10,0,0,0,Missing,,,,,,,,,0
1,,201958,Port:10,0,0,0,Missing,,,,,,,,,0
1,,201974,Port:10,0,0,0,Missing,,,,,,,,,0
1,,201982,Port:10,0,0,0,Missing,,,,,,,,,0
1,,201998,Port:10,0,0,0,Missing,,,,,,,,,0
1,,202014,Port:10,0,0,0,Missing,,,,,,,,,0
1,,202038,Port:10,0,0,0,Missing,,,,,,,,,0
1,,202046,Port:10,0,0,0,Missing,,,,,,,,,0
1,,202062,Port:10,0,0,0,Missing,,,,,,,,,0
1,,202078,Port:10,0,0,0,Missing,,,,,,,,,0
1,,202094,Port:10,0,0,0,Missing,,,,,,,,,0
1,,202118,Port:10,0,0,0,Missing,,,,,,,,,0
1,,202134,Port:10,0,0,0,Missing,,,,,,,,,0
1,,202150,Port:10,0,0,0,Missing,,,,,,,,,0
1,,202166,Port:10,0,0,0,Missing,,,,,,,,,0
1,,202182,Port:10,0,0,0,Missing,,,,,,,,,0
1,,202198,Port:10,0,0,0,Missing,,,,,,,,,0
1,,202214,Port:10,0,0,0,Missing,,,,,,,,,0
1,,202222,Port:10,0,0,0,Missing,,,,,,,,,0
1,,202246,Port:10,0,0,0,Missing,,,,,,,,,0
1,,202262,Port:10,0,0,0,Missing,,,,,,,,,0
1,,202270,Port:10,0,0,0,Missing,,,,,,,,,0
1,,202286,Port:10,0,0,0,Missing,,,,,,,,,0
1,,202302,Port:10,0,0,0,Missing,,,,,,,,,0
1,,202318,Port:10,0,0,0,Missing,,,,,,,,,0
1,,202342,Port:10,0,0,0,Missing,,,,,,,,,0
1,,202366,Port:10,0,0,0,Missing,,,,,,,,,0
1,,202382,Port:10,0,0,0,Missing,,,,,,,,,0
1,,202390,Port:10,0,0,0,Missing,,,,,,,,,0
1,,202406,Port:10,0,0,0,Missing,,,,,,,,,0
1,,202422,Port:10,0,0,0,Missing,,,,,,,,,0
1,,202438,Port:10,0,0,0,Missing,,,,,,,,,0
1,,202454,Port:10,0,0,0,Missing,,,,,,,,,0
1,,202470,Port:10,0,0,0,Missing,,,,,,,,,0
1,,202486,Port:10,0,0,0,Missing,,,,,,,,,0
1,,202502,Port:10,0,0,0,Missing,,,,,,,,,0
1,,202510,Port:10,0,0,0,Missing,,,,,,,,,0
1,,202526,Port:10,0,0,0,Missing,,,,,,,,,0
1,,202542,Port:10,0,0,0,Missing,,,,,,,,,0
1,,202574,Port:10,0,0,0,Missing,,,,,,,,,0
1,,202590,Port:10,0,0,0,Missing,,,,,,,,,0
1,,202606,Port:10,0,0,0,Missing,,,,,,,,,0
1,,202622,Port:10,0,0,0,Missing,,,,,,,,,0
1,,202630,Port:10,0,0,0,Missing,,,,,,,,,0
1,,202646,Port:10,0,0,0,Missing,,,,,,,,,0
1,,202662,Port:10,0,0,0,Missing,,,,,,,,,0
1,,202678,Port:10,0,0,0,Missing,,,,,,,,,0
1,,202694,Port:10,0,0,0,Missing,,,,,,,,,0
1,,202710,Port:10,0,0,0,Missing,,,,,,,,,0
1,,202726,Port:10,0,0,0,Missing,,,,,,,,,0
1,,202742,Port:10,0,0,0,Missing,,,,,,,,,0
1,,202750,Port:10,0,0,0,Missing,,,,,,,,,0
1,,202766,Port:10,0,0,0,Missing,,,,,,,,,0
1,,202782,Port:10,0,0,0,Missing,,,,,,,,,0
1,,202798,Port:10,0,0,0,Missing,,,,,,,,,0
1,,202830,Port:10,0,0,0,Missing,,,,,,,,,0
1,,202846,Port:10,0,0,0,Missing,,,,,,,,,0
1,,202862,Port:10,0,0,0,Missing,,,,,,,,,0
1,,202870,Port:10,0,0,0,Missing,,,,,,,,,0
1,,202886,Port:10,0,0,0,Missing,,,,,,,,,0
1,,202902,Port:10,0,0,0,Missing,,,,,,,,,0
1,,202918,Port:10,0,0,0,Missing,,,,,,,,,0
1,,202934,Port:10,0,0,0,Missing,,,,,,,,,0
1,,202950,Port:10,0,0,0,Missing,,,,,,,,,0
1,,202966,Port:10,0,0,0,Missing,,,,,,,,,0
1,,202974,Port:10,0,0,0,Missing,,,,,,,,,0
1,,202990,Port:10,0,0,0,Missing,,,,,,,,,0
1,,203006,Port:10,0,0,0,Missing,,,,,,,,,0
1,,203022,Port:10,0,0,0,Missing,,,,,,,,,0
1,,203038,Port:10,0,0,0,Missing,,,,,,,,,0
1,,203054,Port:10,0,0,0,Missing,,,,,,,,,0
1,,203070,Port:10,0,0,0,Missing,,,,,,,,,0
1,,203094,Port:10,0,0,0,Missing,,,,,,,,,0
1,,203110,Port:10,0,0,0,Missing,,,,,,,,,0
1,,203142,Port:10,0,0,0,Missing,,,,,,,,,0
1,,203158,Port:10,0,0,0,Missing,,,,,,,,,0
1,,203174,Port:10,0,0,0,Missing,,,,,,,,,0
1,,203190,Port:10,0,0,0,Missing,,,,,,,,,0
1,,203206,Port:10,0,0,0,Missing,,,,,,,,,0
1,,203214,Port:10,0,0,0,Missing,,,,,,,,,0
1,,203230,Port:10,0,0,0,Missing,,,,,,,,,0
1,,203246,Port:10,0,0,0,Missing,,,,,,,,,0
1,,203262,Port:10,0,0,0,Missing,,,,,,,,,0
1,,203278,Port:10,0,0,0,Missing,,,,,,,,,0
1,,203294,Port:10,0,0,0,Missing,,,,,,,,,0
1,,203310,Port:10,0,0,0,Missing,,,,,,,,,0
1,,203334,Port:10,0,0,0,Missing,,,,,,,,,0
1,,203358,Port:10,0,0,0,Missing,,,,,,,,,0
1,,203366,Port:10,0,0,0,Missing,,,,,,,,,0
1,,203382,Port:10,0,0,0,Missing,,,,,,,,,0
1,,203398,Port:10,0,0,0,Missing,,,,,,,,,0
1,,203414,Port:10,0,0,0,Missing,,,,,,,,,0
1,,203430,Port:10,0,0,0,Missing,,,,,,,,,0
1,,203438,Port:10,0,0,0,Missing,,,,,,,,,0
1,,203454,Port:10,0,0,0,Missing,,,,,,,,,0
1,,203478,Port:10,0,0,0,Missing,,,,,,,,,0
1,,203486,Port:10,0,0,0,Missing,,,,,,,,,0
1,,203502,Port:10,0,0,0,Missing,,,,,,,,,0
1,,203518,Port:10,0,0,0,Missing,,,,,,,,,0
1,,203534,Port:10,0,0,0,Missing,,,,,,,,,0
1,,203558,Port:10,0,0,0,Missing,,,,,,,,,0
1,,203582,Port:10,0,0,0,Missing,,,,,,,,,0
1,,203598,Port:10,0,0,0,Missing,,,,,,,,,0
1,,203606,Port:10,0,0,0,Missing,,,,,,,,,0
1,,203622,Port:10,0,0,0,Missing,,,,,,,,,0
1,,203638,Port:10,0,0,0,Missing,,,,,,,,,0
1,,203654,Port:10,0,0,0,Missing,,,,,,,,,0
1,,203670,Port:10,0,0,0,Missing,,,,,,,,,0
1,,203686,Port:10,0,0,0,Missing,,,,,,,,,0
1,,203702,Port:10,0,0,0,Missing,,,,,,,,,0
1,,203710,Port:10,0,0,0,Missing,,,,,,,,,0
1,,203726,Port:10,0,0,0,Missing,,,,,,,,,0
1,,203742,Port:10,0,0,0,Missing,,,,,,,,,0
1,,203758,Port:10,0,0,0,Missing,,,,,,,,,0
1,,203774,Port:10,0,0,0,Missing,,,,,,,,,0
1,,203790,Port:10,0,0,0,Missing,,,,,,,,,0
1,,203814,Port:10,0,0,0,Missing,,,,,,,,,0
1,,203830,Port:10,0,0,0,Missing,,,,,,,,,0
1,,203846,Port:10,0,0,0,Missing,,,,,,,,,0
1,,203862,Port:10,0,0,0,Missing,,,,,,,,,0
1,,203878,Port:10,0,0,0,Missing,,,,,,,,,0
1,,203894,Port:10,0,0,0,Missing,,,,,,,,,0
1,,203910,Port:10,0,0,0,Missing,,,,,,,,,0
1,,203926,Port:10,0,0,0,Missing,,,,,,,,,0
1,,203942,Port:10,0,0,0,Missing,,,,,,,,,0
1,,203950,Port:10,0,0,0,Missing,,,,,,,,,0
1,,203966,Port:10,0,0,0,Missing,,,,,,,,,0
1,,203990,Port:10,0,0,0,Missing,,,,,,,,,0
1,,203998,Port:10,0,0,0,Missing,,,,,,,,,0
1,,204014,Port:10,0,0,0,Missing,,,,,,,,,0
1,,204046,Port:10,0,0,0,Missing,,,,,,,,,0
1,,204054,Port:10,0,0,0,Missing,,,,,,,,,0
1,,204070,Port:10,0,0,0,Missing,,,,,,,,,0
1,,204086,Port:10,0,0,0,Missing,,,,,,,,,0
1,,204102,Port:10,0,0,0,Missing,,,,,,,,,0
1,,204118,Port:10,0,0,0,Missing,,,,,,,,,0
1,,204134,Port:10,0,0,0,Missing,,,,,,,,,0
1,,204150,Port:10,0,0,0,Missing,,,,,,,,,0
1,,204166,Port:10,0,0,0,Missing,,,,,,,,,0
1,,204182,Port:10,0,0,0,Missing,,,,,,,,,0
1,,204198,Port:10,0,0,0,Missing,,,,,,,,,0
1,,204214,Port:10,0,0,0,Missing,,,,,,,,,0
1,,204222,Port:10,0,0,0,Missing,,,,,,,,,0
1,,204238,Port:10,0,0,0,Missing,,,,,,,,,0
1,,204270,Port:10,0,0,0,Missing,,,,,,,,,0
1,,204278,Port:10,0,0,0,Missing,,,,,,,,,0
1,,204302,Port:10,0,0,0,Missing,,,,,,,,,0
1,,204310,Port:10,0,0,0,Missing,,,,,,,,,0
1,,204326,Port:10,0,0,0,Missing,,,,,,,,,0
1,,204342,Port:10,0,0,0,Missing,,,,,,,,,0
1,,204358,Port:10,0,0,0,Missing,,,,,,,,,0
1,,204374,Port:10,0,0,0,Missing,,,,,,,,,0
1,,204390,Port:10,0,0,0,Missing,,,,,,,,,0
1,,204406,Port:10,0,0,0,Missing,,,,,,,,,0
1,,204422,Port:10,0,0,0,Missing,,,,,,,,,0
1,,204430,Port:10,0,0,0,Missing,,,,,,,,,0
1,,204446,Port:10,0,0,0,Missing,,,,,,,,,0
1,,204462,Port:10,0,0,0,Missing,,,,,,,,,0
1,,204478,Port:10,0,0,0,Missing,,,,,,,,,0
1,,204510,Port:10,0,0,0,Missing,,,,,,,,,0
1,,204526,Port:10,0,0,0,Missing,,,,,,,,,0
1,,204542,Port:10,0,0,0,Missing,,,,,,,,,0
1,,204550,Port:10,0,0,0,Missing,,,,,,,,,0
1,,204566,Port:10,0,0,0,Missing,,,,,,,,,0
1,,204582,Port:10,0,0,0,Missing,,,,,,,,,0
1,,204598,Port:10,0,0,0,Missing,,,,,,,,,0
1,,204614,Port:10,0,0,0,Missing,,,,,,,,,0
1,,204630,Port:10,0,0,0,Missing,,,,,,,,,0
1,,204646,Port:10,0,0,0,Missing,,,,,,,,,0
1,,204662,Port:10,0,0,0,Missing,,,,,,,,,0
1,,204678,Port:10,0,0,0,Missing,,,,,,,,,0
1,,204694,Port:10,0,0,0,Missing,,,,,,,,,0
1,,204702,Port:10,0,0,0,Missing,,,,,,,,,0
1,,204718,Port:10,0,0,0,Missing,,,,,,,,,0
1,,204734,Port:10,0,0,0,Missing,,,,,,,,,0
1,,204766,Port:10,0,0,0,Missing,,,,,,,,,0
1,,204782,Port:10,0,0,0,Missing,,,,,,,,,0
1,,204798,Port:10,0,0,0,Missing,,,,,,,,,0
