ToolCount,ToolInfo,Frame#,PortHandle,Face#,timespec_s,timespec_ns,TransformStatus,Q0,Qx,Qy,Qz,Tx,Ty,Tz,Error,#Markers
1,,5726,Port:10,0,0,0,Missing,,,,,,,,,0
1,,5742,Port:10,0,0,0,Missing,,,,,,,,,0
1,,5750,Port:10,0,0,0,Missing,,,,,,,,,0
1,,5766,Port:10,0,0,0,Missing,,,,,,,,,0
1,,5782,Port:10,0,0,0,Missing,,,,,,,,,0
1,,5798,Port:10,0,0,0,Missing,,,,,,,,,0
1,,5814,Port:10,0,0,0,Missing,,,,,,,,,0
1,,5822,Port:10,0,0,0,Missing,,,,,,,,,0
1,,5846,Port:10,0,0,0,Missing,,,,,,,,,0
1,,5862,Port:10,0,0,0,Missing,,,,,,,,,0
1,,5870,Port:10,0,0,0,Missing,,,,,,,,,0
1,,5886,Port:10,0,0,0,Missing,,,,,,,,,0
1,,5902,Port:10,0,0,0,Missing,,,,,,,,,0
1,,5918,Port:10,0,0,0,Missing,,,,,,,,,0
1,,5934,Port:10,0,0,0,Missing,,,,,,,,,0
1,,5950,Port:10,0,0,0,Missing,,,,,,,,,0
1,,5958,Port:10,0,0,0,Missing,,,,,,,,,0
1,,5990,Port:10,0,0,0,Missing,,,,,,,,,0
1,,6006,Port:10,0,0,0,Missing,,,,,,,,,0
1,,6022,Port:10,0,0,0,Missing,,,,,,,,,0
1,,6038,Port:10,0,0,0,Missing,,,,,,,,,0
1,,6054,Port:10,0,0,0,Missing,,,,,,,,,0
1,,6070,Port:10,0,0,0,Missing,,,,,,,,,0
1,,6078,Port:10,0,0,0,Missing,,,,,,,,,0
1,,6094,Port:10,0,0,0,Missing,,,,,,,,,0
1,,6110,Port:10,0,0,0,Missing,,,,,,,,,0
1,,6134,Port:10,0,0,0,Missing,,,,,,,,,0
1,,6142,Port:10,0,0,0,Missing,,,,,,,,,0
1,,6158,Port:10,0,0,0,Missing,,,,,,,,,0
1,,6174,Port:10,0,0,0,Missing,,,,,,,,,0
1,,6190,Port:10,0,0,0,Missing,,,,,,,,,0
1,,6222,Port:10,0,0,0,Missing,,,,,,,,,0
1,,6238,Port:10,0,0,0,Missing,,,,,,,,,0
1,,6246,Port:10,0,0,0,Missing,,,,,,,,,0
1,,6262,Port:10,0,0,0,Missing,,,,,,,,,0
1,,6278,Port:10,0,0,0,Missing,,,,,,,,,0
1,,6294,Port:10,0,0,0,Missing,,,,,,,,,0
1,,6302,Port:10,0,0,0,Missing,,,,,,,,,0
1,,6326,Port:10,0,0,0,Missing,,,,,,,,,0
1,,6342,Port:10,0,0,0,Missing,,,,,,,,,0
1,,6358,Port:10,0,0,0,Missing,,,,,,,,,0
1,,6366,Port:10,0,0,0,Missing,,,,,,,,,0
1,,6382,Port:10,0,0,0,Missing,,,,,,,,,0
1,,6398,Port:10,0,0,0,Missing,,,,,,,,,0
1,,6414,Port:10,0,0,0,Missing,,,,,,,,,0
1,,6430,Port:10,0,0,0,Missing,,,,,,,,,0
1,,6446,Port:10,0,0,0,Missing,,,,,,,,,0
1,,6462,Port:10,0,0,0,Missing,,,,,,,,,0
1,,6478,Port:10,0,0,0,Missing,,,,,,,,,0
1,,6502,Port:10,0,0,0,Missing,,,,,,,,,0
1,,6518,Port:10,0,0,0,Missing,,,,,,,,,0
1,,6534,Port:10,0,0,0,Missing,,,,,,,,,0
1,,6542,Port:10,0,0,0,Missing,,,,,,,,,0
1,,6566,Port:10,0,0,0,Missing,,,,,,,,,0
1,,6582,Port:10,0,0,0,Missing,,,,,,,,,0
1,,6590,Port:10,0,0,0,Missing,,,,,,,,,0
1,,6606,Port:10,0,0,0,Missing,,,,,,,,,0
1,,6622,Port:10,0,0,0,Missing,,,,,,,,,0
1,,6638,Port:10,0,0,0,Missing,,,,,,,,,0
1,,6654,Port:10,0,0,0,Missing,,,,,,,,,0
1,,6686,Port:10,0,0,0,Missing,,,,,,,,,0
1,,6702,Port:10,0,0,0,Missing,,,,,,,,,0
1,,6710,Port:10,0,0,0,Missing,,,,,,,,,0
1,,6726,Port:10,0,0,0,Missing,,,,,,,,,0
1,,6742,Port:10,0,0,0,Missing,,,,,,,,,0
1,,6758,Port:10,0,0,0,Missing,,,,,,,,,0
1,,6774,Port:10,0,0,0,Missing,,,,,,,,,0
1,,6790,Port:10,0,0,0,Missing,,,,,,,,,0
1,,6806,Port:10,0,0,0,Missing,,,,,,,,,0
1,,6822,Port:10,0,0,0,Missing,,,,,,,,,0
1,,6830,Port:10,0,0,0,Missing,,,,,,,,,0
1,,6846,Port:10,0,0,0,Missing,,,,,,,,,0
1,,6862,Port:10,0,0,0,Missing,,,,,,,,,0
1,,6878,Port:10,0,0,0,Missing,,,,,,,,,0
1,,6894,Port:10,0,0,0,Missing,,,,,,,,,0
1,,6910,Port:10,0,0,0,Missing,,,,,,,,,0
1,,6926,Port:10,0,0,0,Missing,,,,,,,,,0
1,,6942,Port:10,0,0,0,Missing,,,,,,,,,0
1,,6958,Port:10,0,0,0,Missing,,,,,,,,,0
1,,6982,Port:10,0,0,0,Missing,,,,,,,,,0
1,,6998,Port:10,0,0,0,Missing,,,,,,,,,0
1,,7014,Port:10,0,0,0,Missing,,,,,,,,,0
1,,7030,Port:10,0,0,0,Missing,,,,,,,,,0
1,,7046,Port:10,0,0,0,Missing,,,,,,,,,0
1,,7062,Port:10,0,0,0,Missing,,,,,,,,,0
1,,7078,Port:10,0,0,0,Missing,,,,,,,,,0
1,,7094,Port:10,0,0,0,Missing,,,,,,,,,0
1,,7102,Port:10,0,0,0,Missing,,,,,,,,,0
1,,7134,Port:10,0,0,0,Missing,,,,,,,,,0
1,,7150,Port:10,0,0,0,Missing,,,,,,,,,0
1,,7166,Port:10,0,0,0,Missing,,,,,,,,,0
1,,7182,Port:10,0,0,0,Missing,,,,,,,,,0
1,,7198,Port:10,0,0,0,Missing,,,,,,,,,0
1,,7206,Port:10,0,0,0,Missing,,,,,,,,,0
1,,7222,Port:10,0,0,0,Missing,,,,,,,,,0
1,,7238,Port:10,0,0,0,Missing,,,,,,,,,0
1,,7254,Port:10,0,0,0,Missing,,,,,,,,,0
1,,7270,Port:10,0,0,0,Missing,,,,,,,,,0
1,,7286,Port:10,0,0,0,Missing,,,,,,,,,0
1,,7302,Port:10,0,0,0,Missing,,,,,,,,,0
1,,7318,Port:10,0,0,0,Missing,,,,,,,,,0
1,,7326,Port:10,0,0,0,Missing,,,,,,,,,0
1,,7342,Port:10,0,0,0,Missing,,,,,,,,,0
1,,7358,Port:10,0,0,0,Missing,,,,,,,,,0
1,,7374,Port:10,0,0,0,Missing,,,,,,,,,0
1,,7390,Port:10,0,0,0,Missing,,,,,,,,,0
1,,7406,Port:10,0,0,0,Missing,,,,,,,,,0
1,,7422,Port:10,0,0,0,Missing,,,,,,,,,0
1,,7446,Port:10,0,0,0,Missing,,,,,,,,,0
1,,7462,Port:10,0,0,0,Missing,,,,,,,,,0
1,,7478,Port:10,0,0,0,Missing,,,,,,,,,0
1,,7494,Port:10,0,0,0,Missing,,,,,,,,,0
1,,7510,Port:10,0,0,0,Missing,,,,,,,,,0
1,,7526,Port:10,0,0,0,Missing,,,,,,,,,0
1,,7542,Port:10,0,0,0,Missing,,,,,,,,,0
1,,7550,Port:10,0,0,0,Missing,,,,,,,,,0
1,,7566,Port:10,0,0,0,Missing,,,,,,,,,0
1,,7582,Port:10,0,0,0,Missing,,,,,,,,,0
1,,7598,Port:10,0,0,0,Missing,,,,,,,,,0
1,,7614,Port:10,0,0,0,Missing,,,,,,,,,0
1,,7630,Port:10,0,0,0,Missing,,,,,,,,,0
1,,7646,Port:10,0,0,0,Missing,,,,,,,,,0
1,,7662,Port:10,0,0,0,Missing,,,,,,,,,0
1,,7686,Port:10,0,0,0,Missing,,,,,,,,,0
1,,7702,Port:10,0,0,0,Missing,,,,,,,,,0
1,,7718,Port:10,0,0,0,Missing,,,,,,,,,0
1,,7734,Port:10,0,0,0,Missing,,,,,,,,,0
1,,7750,Port:10,0,0,0,Missing,,,,,,,,,0
1,,7766,Port:10,0,0,0,Missing,,,,,,,,,0
1,,7774,Port:10,0,0,0,Missing,,,,,,,,,0
1,,7790,Port:10,0,0,0,Missing,,,,,,,,,0
1,,7814,Port:10,0,0,0,Missing,,,,,,,,,0
1,,7822,Port:10,0,0,0,Missing,,,,,,,,,0
1,,7838,Port:10,0,0,0,Missing,,,,,,,,,0
1,,7854,Port:10,0,0,0,Missing,,,,,,,,,0
1,,7870,Port:10,0,0,0,Missing,,,,,,,,,0
1,,7886,Port:10,0,0,0,Missing,,,,,,,,,0
1,,7910,Port:10,0,0,0,Missing,,,,,,,,,0
1,,7934,Port:10,0,0,0,Missing,,,,,,,,,0
1,,7942,Port:10,0,0,0,Missing,,,,,,,,,0
1,,7958,Port:10,0,0,0,Missing,,,,,,,,,0
1,,7974,Port:10,0,0,0,Missing,,,,,,,,,0
1,,7990,Port:10,0,0,0,Missing,,,,,,,,,0
1,,8006,Port:10,0,0,0,Missing,,,,,,,,,0
1,,8014,Port:10,0,0,0,Missing,,,,,,,,,0
1,,8038,Port:10,0,0,0,Missing,,,,,,,,,0
1,,8054,Port:10,0,0,0,Missing,,,,,,,,,0
1,,8062,Port:10,0,0,0,Missing,,,,,,,,,0
1,,8078,Port:10,0,0,0,Missing,,,,,,,,,0
1,,8094,Port:10,0,0,0,Missing,,,,,,,,,0
1,,8110,Port:10,0,0,0,Missing,,,,,,,,,0
1,,8126,Port:10,0,0,0,Missing,,,,,,,,,0
1,,8158,Port:10,0,0,0,Missing,,,,,,,,,0
1,,8174,Port:10,0,0,0,Missing,,,,,,,,,0
1,,8182,Port:10,0,0,0,Missing,,,,,,,,,0
1,,8198,Port:10,0,0,0,Missing,,,,,,,,,0
1,,8214,Port:10,0,0,0,Missing,,,,,,,,,0
1,,8230,Port:10,0,0,0,Missing,,,,,,,,,0
1,,8246,Port:10,0,0,0,Missing,,,,,,,,,0
1,,8254,Port:10,0,0,0,Missing,,,,,,,,,0
1,,8278,Port:10,0,0,0,Missing,,,,,,,,,0
1,,8294,Port:10,0,0,0,Missing,,,,,,,,,0
1,,8302,Port:10,0,0,0,Missing,,,,,,,,,0
1,,8318,Port:10,0,0,0,Missing,,,,,,,,,0
1,,8334,Port:10,0,0,0,Missing,,,,,,,,,0
1,,8350,Port:10,0,0,0,Missing,,,,,,,,,0
1,,8366,Port:10,0,0,0,Missing,,,,,,,,,0
1,,8398,Port:10,0,0,0,Missing,,,,,,,,,0
1,,8414,Port:10,0,0,0,Missing,,,,,,,,,0
1,,8422,Port:10,0,0,0,Missing,,,,,,,,,0
1,,8438,Port:10,0,0,0,Missing,,,,,,,,,0
1,,8454,Port:10,0,0,0,Missing,,,,,,,,,0
1,,8470,Port:10,0,0,0,Missing,,,,,,,,,0
1,,8486,Port:10,0,0,0,Missing,,,,,,,,,0
1,,8502,Port:10,0,0,0,Missing,,,,,,,,,0
1,,8518,Port:10,0,0,0,Missing,,,,,,,,,0
1,,8534,Port:10,0,0,0,Missing,,,,,,,,,0
1,,8550,Port:10,0,0,0,Missing,,,,,,,,,0
1,,8558,Port:10,0,0,0,Missing,,,,,,,,,0
1,,8574,Port:10,0,0,0,Missing,,,,,,,,,0
1,,8606,Port:10,0,0,0,Missing,,,,,,,,,0
1,,8622,Port:10,0,0,0,Missing,,,,,,,,,0
1,,8638,Port:10,0,0,0,Missing,,,,,,,,,0
1,,8654,Port:10,0,0,0,Missing,,,,,,,,,0
1,,8670,Port:10,0,0,0,Missing,,,,,,,,,0
1,,8678,Port:10,0,0,0,Missing,,,,,,,,,0
1,,8694,Port:10,0,0,0,Missing,,,,,,,,,0
1,,8710,Port:10,0,0,0,Missing,,,,,,,,,0
1,,8726,Port:10,0,0,0,Missing,,,,,,,,,0
1,,8742,Port:10,0,0,0,Missing,,,,,,,,,0
1,,8758,Port:10,0,0,0,Missing,,,,,,,,,0
1,,8774,Port:10,0,0,0,Missing,,,,,,,,,0
1,,8782,Port:10,0,0,0,Missing,,,,,,,,,0
1,,8798,Port:10,0,0,0,Missing,,,,,,,,,0
1,,8814,Port:10,0,0,0,Missing,,,,,,,,,0
1,,8830,Port:10,0,0,0,Missing,,,,,,,,,0
1,,8846,Port:10,0,0,0,Missing,,,,,,,,,0
1,,8878,Port:10,0,0,0,Missing,,,,,,,,,0
1,,8894,Port:10,0,0,0,Missing,,,,,,,,,0
1,,8902,Port:10,0,0,0,Missing,,,,,,,,,0
1,,8918,Port:10,0,0,0,Missing,,,,,,,,,0
1,,8934,Port:10,0,0,0,Missing,,,,,,,,,0
1,,8950,Port:10,0,0,0,Missing,,,,,,,,,0
1,,8966,Port:10,0,0,0,Missing,,,,,,,,,0
1,,8982,Port:10,0,0,0,Missing,,,,,,,,,0
1,,8998,Port:10,0,0,0,Missing,,,,,,,,,0
1,,9014,Port:10,0,0,0,Missing,,,,,,,,,0
1,,9022,Port:10,0,0,0,Missing,,,,,,,,,0
1,,9038,Port:10,0,0,0,Missing,,,,,,,,,0
1,,9054,Port:10,0,0,0,Missing,,,,,,,,,0
1,,9070,Port:10,0,0,0,Missing,,,,,,,,,0
1,,9102,Port:10,0,0,0,Missing,,,,,,,,,0
1,,9118,Port:10,0,0,0,Missing,,,,,,,,,0
1,,9134,Port:10,0,0,0,Missing,,,,,,,,,0
1,,9150,Port:10,0,0,0,Missing,,,,,,,,,0
1,,9158,Port:10,0,0,0,Missing,,,,,,,,,0
1,,9174,Port:10,0,0,0,Missing,,,,,,,,,0
1,,9190,Port:10,0,0,0,Missing,,,,,,,,,0
1,,9206,Port:10,0,0,0,Missing,,,,,,,,,0
1,,9222,Port:10,0,0,0,Missing,,,,,,,,,0
1,,9238,Port:10,0,0,0,Missing,,,,,,,,,0
1,,9254,Port:10,0,0,0,Missing,,,,,,,,,0
1,,9262,Port:10,0,0,0,Missing,,,,,,,,,0
1,,9278,Port:10,0,0,0,Missing,,,,,,,,,0
1,,9294,Port:10,0,0,0,Missing,,,,,,,,,0
1,,9310,Port:10,0,0,0,Missing,,,,,,,,,0
1,,9326,Port:10,0,0,0,Missing,,,,,,,,,0
1,,9342,Port:10,0,0,0,Missing,,,,,,,,,0
1,,9366,Port:10,0,0,0,Missing,,,,,,,,,0
1,,9382,Port:10,0,0,0,Missing,,,,,,,,,0
1,,9406,Port:10,0,0,0,Missing,,,,,,,,,0
1,,9414,Port:10,0,0,0,Missing,,,,,,,,,0
1,,9430,Port:10,0,0,0,Missing,,,,,,,,,0
1,,9446,Port:10,0,0,0,Missing,,,,,,,,,0
1,,9462,Port:10,0,0,0,Missing,,,,,,,,,0
1,,9478,Port:10,0,0,0,Missing,,,,,,,,,0
1,,9486,Port:10,0,0,0,Missing,,,,,,,,,0
1,,9502,Port:10,0,0,0,Missing,,,,,,,,,0
1,,9526,Port:10,0,0,0,Missing,,,,,,,,,0
1,,9534,Port:10,0,0,0,Missing,,,,,,,,,0
1,,9566,Port:10,0,0,0,Missing,,,,,,,,,0
1,,9582,Port:10,0,0,0,Missing,,,,,,,,,0
1,,9598,Port:10,0,0,0,Missing,,,,,,,,,0
1,,9606,Port:10,0,0,0,Missing,,,,,,,,,0
1,,9622,Port:10,0,0,0,Missing,,,,,,,,,0
1,,9638,Port:10,0,0,0,Missing,,,,,,,,,0
1,,9654,Port:10,0,0,0,Missing,,,,,,,,,0
1,,9670,Port:10,0,0,0,Missing,,,,,,,,,0
1,,9686,Port:10,0,0,0,Missing,,,,,,,,,0
1,,9702,Port:10,0,0,0,Missing,,,,,,,,,0
1,,9718,Port:10,0,0,0,Missing,,,,,,,,,0
1,,9734,Port:10,0,0,0,Missing,,,,,,,,,0
1,,9750,Port:10,0,0,0,Missing,,,,,,,,,0
1,,9758,Port:10,0,0,0,Missing,,,,,,,,,0
1,,9774,Port:10,0,0,0,Missing,,,,,,,,,0
1,,9790,Port:10,0,0,0,Missing,,,,,,,,,0
1,,9806,Port:10,0,0,0,Missing,,,,,,,,,0
1,,9838,Port:10,0,0,0,Missing,,,,,,,,,0
1,,9854,Port:10,0,0,0,Missing,,,,,,,,,0
1,,9870,Port:10,0,0,0,Missing,,,,,,,,,0
1,,9878,Port:10,0,0,0,Missing,,,,,,,,,0
1,,9894,Port:10,0,0,0,Missing,,,,,,,,,0
1,,9910,Port:10,0,0,0,Missing,,,,,,,,,0
1,,9926,Port:10,0,0,0,Missing,,,,,,,,,0
1,,9942,Port:10,0,0,0,Missing,,,,,,,,,0
1,,9958,Port:10,0,0,0,Missing,,,,,,,,,0
1,,9974,Port:10,0,0,0,Missing,,,,,,,,,0
1,,9990,Port:10,0,0,0,Missing,,,,,,,,,0
1,,9998,Port:10,0,0,0,Missing,,,,,,,,,0
1,,10014,Port:10,0,0,0,Missing,,,,,,,,,0
1,,10030,Port:10,0,0,0,Missing,,,,,,,,,0
1,,10046,Port:10,0,0,0,Missing,,,,,,,,,0
1,,10062,Port:10,0,0,0,Missing,,,,,,,,,0
1,,10094,Port:10,0,0,0,Missing,,,,,,,,,0
1,,10110,Port:10,0,0,0,Missing,,,,,,,,,0
1,,10118,Port:10,0,0,0,Missing,,,,,,,,,0
1,,10134,Port:10,0,0,0,Missing,,,,,,,,,0
1,,10150,Port:10,0,0,0,Missing,,,,,,,,,0
1,,10166,Port:10,0,0,0,Missing,,,,,,,,,0
1,,10182,Port:10,0,0,0,Missing,,,,,,,,,0
1,,10198,Port:10,0,0,0,Missing,,,,,,,,,0
1,,10214,Port:10,0,0,0,Missing,,,,,,,,,0
1,,10230,Port:10,0,0,0,Missing,,,,,,,,,0
1,,10246,Port:10,0,0,0,Missing,,,,,,,,,0
1,,10254,Port:10,0,0,0,Missing,,,,,,,,,0
1,,10270,Port:10,0,0,0,Missing,,,,,,,,,0
1,,10302,Port:10,0,0,0,Missing,,,,,,,,,0
1,,10318,Port:10,0,0,0,Missing,,,,,,,,,0
1,,10334,Port:10,0,0,0,Missing,,,,,,,,,0
1,,10350,Port:10,0,0,0,Missing,,,,,,,,,0
1,,10358,Port:10,0,0,0,Missing,,,,,,,,,0
1,,10374,Port:10,0,0,0,Missing,,,,,,,,,0
1,,10390,Port:10,0,0,0,Missing,,,,,,,,,0
1,,10406,Port:10,0,0,0,Missing,,,,,,,,,0
1,,10422,Port:10,0,0,0,Missing,,,,,,,,,0
1,,10438,Port:10,0,0,0,Missing,,,,,,,,,0
1,,10454,Port:10,0,0,0,Missing,,,,,,,,,0
1,,10462,Port:10,0,0,0,Missing,,,,,,,,,0
1,,10486,Port:10,0,0,0,Missing,,,,,,,,,0
1,,10502,Port:10,0,0,0,Missing,,,,,,,,,0
1,,10510,Port:10,0,0,0,Missing,,,,,,,,,0
1,,10542,Port:10,0,0,0,Missing,,,,,,,,,0
1,,10558,Port:10,0,0,0,Missing,,,,,,,,,0
1,,10574,Port:10,0,0,0,Missing,,,,,,,,,0
1,,10582,Port:10,0,0,0,Missing,,,,,,,,,0
1,,10606,Port:10,0,0,0,Missing,,,,,,,,,0
1,,10614,Port:10,0,0,0,Missing,,,,,,,,,0
1,,10630,Port:10,0,0,0,Missing,,,,,,,,,0
1,,10646,Port:10,0,0,0,Missing,,,,,,,,,0
1,,10662,Port:10,0,0,0,Missing,,,,,,,,,0
1,,10678,Port:10,0,0,0,Missing,,,,,,,,,0
1,,10694,Port:10,0,0,0,Missing,,,,,,,,,0
1,,10702,Port:10,0,0,0,Missing,,,,,,,,,0
1,,10726,Port:10,0,0,0,Missing,,,,,,,,,0
1,,10742,Port:10,0,0,0,Missing,,,,,,,,,0
1,,10750,Port:10,0,0,0,Missing,,,,,,,,,0
1,,10766,Port:10,0,0,0,Missing,,,,,,,,,0
1,,10782,Port:10,0,0,0,Missing,,,,,,,,,0
1,,10806,Port:10,0,0,0,Missing,,,,,,,,,0
1,,10822,Port:10,0,0,0,Missing,,,,,,,,,0
1,,10846,Port:10,0,0,0,Missing,,,,,,,,,0
1,,10854,Port:10,0,0,0,Missing,,,,,,,,,0
1,,10870,Port:10,0,0,0,Missing,,,,,,,,,0
1,,10886,Port:10,0,0,0,Missing,,,,,,,,,0
1,,10902,Port:10,0,0,0,Missing,,,,,,,,,0
1,,10918,Port:10,0,0,0,Missing,,,,,,,,,0
1,,10934,Port:10,0,0,0,Missing,,,,,,,,,0
1,,10942,Port:10,0,0,0,Missing,,,,,,,,,0
1,,10966,Port:10,0,0,0,Missing,,,,,,,,,0
1,,10982,Port:10,0,0,0,Missing,,,,,,,,,0
1,,11006,Port:10,0,0,0,Missing,,,,,,,,,0
1,,11022,Port:10,0,0,0,Missing,,,,,,,,,0
1,,11038,Port:10,0,0,0,Missing,,,,,,,,,0
1,,11054,Port:10,0,0,0,Missing,,,,,,,,,0
1,,11070,Port:10,0,0,0,Missing,,,,,,,,,0
1,,11086,Port:10,0,0,0,Missing,,,,,,,,,0
1,,11102,Port:10,0,0,0,Missing,,,,,,,,,0
1,,11110,Port:10,0,0,0,Missing,,,,,,,,,0
1,,11126,Port:10,0,0,0,Missing,,,,,,,,,0
1,,11142,Port:10,0,0,0,Missing,,,,,,,,,0
1,,11158,Port:10,0,0,0,Missing,,,,,,,,,0
1,,11174,Port:10,0,0,0,Missing,,,,,,,,,0
1,,11190,Port:10,0,0,0,Missing,,,,,,,,,0
1,,11206,Port:10,0,0,0,Missing,,,,,,,,,0
1,,11214,Port:10,0,0,0,Missing,,,,,,,,,0
1,,11230,Port:10,0,0,0,Missing,,,,,,,,,0
1,,11246,Port:10,0,0,0,Missing,,,,,,,,,0
1,,11278,Port:10,0,0,0,Missing,,,,,,,,,0
1,,11286,Port:10,0,0,0,Missing,,,,,,,,,0
1,,11310,Port:10,0,0,0,Missing,,,,,,,,,0
1,,11326,Port:10,0,0,0,Missing,,,,,,,,,0
1,,11342,Port:10,0,0,0,Missing,,,,,,,,,0
1,,11350,Port:10,0,0,0,Missing,,,,,,,,,0
1,,11366,Port:10,0,0,0,Missing,,,,,,,,,0
1,,11382,Port:10,0,0,0,Missing,,,,,,,,,0
1,,11398,Port:10,0,0,0,Missing,,,,,,,,,0
1,,11414,Port:10,0,0,0,Missing,,,,,,,,,0
1,,11430,Port:10,0,0,0,Missing,,,,,,,,,0
1,,11446,Port:10,0,0,0,Missing,,,,,,,,,0
1,,11462,Port:10,0,0,0,Missing,,,,,,,,,0
1,,11486,Port:10,0,0,0,Missing,,,,,,,,,0
1,,11502,Port:10,0,0,0,Missing,,,,,,,,,0
1,,11518,Port:10,0,0,0,Missing,,,,,,,,,0
1,,11534,Port:10,0,0,0,Missing,,,,,,,,,0
1,,11550,Port:10,0,0,0,Missing,,,,,,,,,0
1,,11566,Port:10,0,0,0,Missing,,,,,,,,,0
1,,11574,Port:10,0,0,0,Missing,,,,,,,,,0
1,,11590,Port:10,0,0,0,Missing,,,,,,,,,0
1,,11606,Port:10,0,0,0,Missing,,,,,,,,,0
1,,11622,Port:10,0,0,0,Missing,,,,,,,,,0
1,,11638,Port:10,0,0,0,Missing,,,,,,,,,0
1,,11654,Port:10,0,0,0,Missing,,,,,,,,,0
1,,11670,Port:10,0,0,0,Missing,,,,,,,,,0
1,,11686,Port:10,0,0,0,Missing,,,,,,,,,0
1,,11694,Port:10,0,0,0,Missing,,,,,,,,,0
1,,11710,Port:10,0,0,0,Missing,,,,,,,,,0
1,,11742,Port:10,0,0,0,Missing,,,,,,,,,0
1,,11758,Port:10,0,0,0,Missing,,,,,,,,,0
1,,11774,Port:10,0,0,0,Missing,,,,,,,,,0
1,,11790,Port:10,0,0,0,Missing,,,,,,,,,0
1,,11798,Port:10,0,0,0,Missing,,,,,,,,,0
1,,11814,Port:10,0,0,0,Missing,,,,,,,,,0
1,,11830,Port:10,0,0,0,Missing,,,,,,,,,0
1,,11846,Port:10,0,0,0,Missing,,,,,,,,,0
1,,11862,Port:10,0,0,0,Missing,,,,,,,,,0
1,,11878,Port:10,0,0,0,Missing,,,,,,,,,0
1,,11894,Port:10,0,0,0,Missing,,,,,,,,,0
1,,11910,Port:10,0,0,0,Missing,,,,,,,,,0
1,,11926,Port:10,0,0,0,Missing,,,,,,,,,0
1,,11934,Port:10,0,0,0,Missing,,,,,,,,,0
1,,11958,Port:10,0,0,0,Missing,,,,,,,,,0
1,,11966,Port:10,0,0,0,Missing,,,,,,,,,0
1,,11982,Port:10,0,0,0,Missing,,,,,,,,,0
1,,12014,Port:10,0,0,0,Missing,,,,,,,,,0
1,,12030,Port:10,0,0,0,Missing,,,,,,,,,0
1,,12038,Port:10,0,0,0,Missing,,,,,,,,,0
1,,12054,Port:10,0,0,0,Missing,,,,,,,,,0
1,,12078,Port:10,0,0,0,Missing,,,,,,,,,0
1,,12086,Port:10,0,0,0,Missing,,,,,,,,,0
1,,12102,Port:10,0,0,0,Missing,,,,,,,,,0
1,,12118,Port:10,0,0,0,Missing,,,,,,,,,0
1,,12134,Port:10,0,0,0,Missing,,,,,,,,,0
1,,12150,Port:10,0,0,0,Missing,,,,,,,,,0
1,,12166,Port:10,0,0,0,Missing,,,,,,,,,0
1,,12174,Port:10,0,0,0,Missing,,,,,,,,,0
1,,12190,Port:10,0,0,0,Missing,,,,,,,,,0
1,,12206,Port:10,0,0,0,Missing,,,,,,,,,0
1,,12222,Port:10,0,0,0,Missing,,,,,,,,,0
1,,12238,Port:10,0,0,0,Missing,,,,,,,,,0
1,,12262,Port:10,0,0,0,Missing,,,,,,,,,0
1,,12286,Port:10,0,0,0,Missing,,,,,,,,,0
1,,12294,Port:10,0,0,0,Missing,,,,,,,,,0
1,,12310,Port:10,0,0,0,Missing,,,,,,,,,0
1,,12326,Port:10,0,0,0,Missing,,,,,,,,,0
1,,12342,Port:10,0,0,0,Missing,,,,,,,,,0
1,,12358,Port:10,0,0,0,Missing,,,,,,,,,0
1,,12374,Port:10,0,0,0,Missing,,,,,,,,,0
1,,12382,Port:10,0,0,0,Missing,,,,,,,,,0
1,,12406,Port:10,0,0,0,Missing,,,,,,,,,0
1,,12422,Port:10,0,0,0,Missing,,,,,,,,,0
1,,12430,Port:10,0,0,0,Missing,,,,,,,,,0
1,,12446,Port:10,0,0,0,Missing,,,,,,,,,0
1,,12462,Port:10,0,0,0,Missing,,,,,,,,,0
1,,12478,Port:10,0,0,0,Missing,,,,,,,,,0
1,,12502,Port:10,0,0,0,Missing,,,,,,,,,0
1,,12526,Port:10,0,0,0,Missing,,,,,,,,,0
1,,12542,Port:10,0,0,0,Missing,,,,,,,,,0
1,,12550,Port:10,0,0,0,Missing,,,,,,,,,0
1,,12566,Port:10,0,0,0,Missing,,,,,,,,,0
1,,12582,Port:10,0,0,0,Missing,,,,,,,,,0
1,,12598,Port:10,0,0,0,Missing,,,,,,,,,0
1,,12614,Port:10,0,0,0,Missing,,,,,,,,,0
1,,12630,Port:10,0,0,0,Missing,,,,,,,,,0
1,,12646,Port:10,0,0,0,Missing,,,,,,,,,0
1,,12662,Port:10,0,0,0,Missing,,,,,,,,,0
1,,12678,Port:10,0,0,0,Missing,,,,,,,,,0
1,,12686,Port:10,0,0,0,Missing,,,,,,,,,0
1,,12718,Port:10,0,0,0,Missing,,,,,,,,,0
1,,12734,Port:10,0,0,0,Missing,,,,,,,,,0
1,,12750,Port:10,0,0,0,Missing,,,,,,,,,0
1,,12766,Port:10,0,0,0,Missing,,,,,,,,,0
1,,12774,Port:10,0,0,0,Missing,,,,,,,,,0
1,,12790,Port:10,0,0,0,Missing,,,,,,,,,0
1,,12806,Port:10,0,0,0,Missing,,,,,,,,,0
1,,12822,Port:10,0,0,0,Missing,,,,,,,,,0
1,,12838,Port:10,0,0,0,Missing,,,,,,,,,0
1,,12854,Port:10,0,0,0,Missing,,,,,,,,,0
1,,12870,Port:10,0,0,0,Missing,,,,,,,,,0
1,,12886,Port:10,0,0,0,Missing,,,,,,,,,0
1,,12894,Port:10,0,0,0,Missing,,,,,,,,,0
1,,12926,Port:10,0,0,0,Missing,,,,,,,,,0
1,,12942,Port:10,0,0,0,Missing,,,,,,,,,0
1,,12958,Port:10,0,0,0,Missing,,,,,,,,,0
1,,12974,Port:10,0,0,0,Missing,,,,,,,,,0
1,,12990,Port:10,0,0,0,Missing,,,,,,,,,0
1,,13006,Port:10,0,0,0,Missing,,,,,,,,,0
1,,13014,Port:10,0,0,0,Missing,,,,,,,,,0
1,,13030,Port:10,0,0,0,Missing,,,,,,,,,0
1,,13046,Port:10,0,0,0,Missing,,,,,,,,,0
1,,13070,Port:10,0,0,0,Missing,,,,,,,,,0
1,,13078,Port:10,0,0,0,Missing,,,,,,,,,0
1,,13094,Port:10,0,0,0,Missing,,,,,,,,,0
1,,13110,Port:10,0,0,0,Missing,,,,,,,,,0
1,,13126,Port:10,0,0,0,Missing,,,,,,,,,0
1,,13142,Port:10,0,0,0,Missing,,,,,,,,,0
1,,13158,Port:10,0,0,0,Missing,,,,,,,,,0
1,,13166,Port:10,0,0,0,Missing,,,,,,,,,0
1,,13198,Port:10,0,0,0,Missing,,,,,,,,,0
1,,13214,Port:10,0,0,0,Missing,,,,,,,,,0
1,,13230,Port:10,0,0,0,Missing,,,,,,,,,0
1,,13246,Port:10,0,0,0,Missing,,,,,,,,,0
1,,13262,Port:10,0,0,0,Missing,,,,,,,,,0
1,,13270,Port:10,0,0,0,Missing,,,,,,,,,0
1,,13286,Port:10,0,0,0,Missing,,,,,,,,,0
1,,13302,Port:10,0,0,0,Missing,,,,,,,,,0
1,,13318,Port:10,0,0,0,Missing,,,,,,,,,0
1,,13334,Port:10,0,0,0,Missing,,,,,,,,,0
1,,13350,Port:10,0,0,0,Missing,,,,,,,,,0
1,,13366,Port:10,0,0,0,Missing,,,,,,,,,0
1,,13382,Port:10,0,0,0,Missing,,,,,,,,,0
1,,13390,Port:10,0,0,0,Missing,,,,,,,,,0
1,,13406,Port:10,0,0,0,Missing,,,,,,,,,0
1,,13438,Port:10,0,0,0,Missing,,,,,,,,,0
1,,13454,Port:10,0,0,0,Missing,,,,,,,,,0
1,,13470,Port:10,0,0,0,Missing,,,,,,,,,0
1,,13486,Port:10,0,0,0,Missing,,,,,,,,,0
1,,13494,Port:10,0,0,0,Missing,,,,,,,,,0
1,,13518,Port:10,0,0,0,Missing,,,,,,,,,0
1,,13534,Port:10,0,0,0,Missing,,,,,,,,,0
1,,13542,Port:10,0,0,0,Missing,,,,,,,,,0
1,,13558,Port:10,0,0,0,Missing,,,,,,,,,0
1,,13574,Port:10,0,0,0,Missing,,,,,,,,,0
1,,13590,Port:10,0,0,0,Missing,,,,,,,,,0
1,,13606,Port:10,0,0,0,Missing,,,,,,,,,0
1,,13614,Port:10,0,0,0,Missing,,,,,,,,,0
1,,13638,Port:10,0,0,0,Missing,,,,,,,,,0
1,,13646,Port:10,0,0,0,Missing,,,,,,,,,0
1,,13662,Port:10,0,0,0,Missing,,,,,,,,,0
1,,13694,Port:10,0,0,0,Missing,,,,,,,,,0
1,,13710,Port:10,0,0,0,Missing,,,,,,,,,0
1,,13726,Port:10,0,0,0,Missing,,,,,,,,,0
1,,13734,Port:10,0,0,0,Missing,,,,,,,,,0
1,,13758,Port:10,0,0,0,Missing,,,,,,,,,0
1,,13774,Port:10,0,0,0,Missing,,,,,,,,,0
1,,13782,Port:10,0,0,0,Missing,,,,,,,,,0
1,,13798,Port:10,0,0,0,Missing,,,,,,,,,0
1,,13814,Port:10,0,0,0,Missing,,,,,,,,,0
1,,13830,Port:10,0,0,0,Missing,,,,,,,,,0
1,,13846,Port:10,0,0,0,Missing,,,,,,,,,0
1,,13854,Port:10,0,0,0,Missing,,,,,,,,,0
1,,13878,Port:10,0,0,0,Missing,,,,,,,,,0
1,,13886,Port:10,0,0,0,Missing,,,,,,,,,0
1,,13918,Port:10,0,0,0,Missing,,,,,,,,,0
1,,13934,Port:10,0,0,0,Missing,,,,,,,,,0
1,,13950,Port:10,0,0,0,Missing,,,,,,,,,0
1,,13966,Port:10,0,0,0,Missing,,,,,,,,,0
1,,13982,Port:10,0,0,0,Missing,,,,,,,,,0
1,,13998,Port:10,0,0,0,Missing,,,,,,,,,0
1,,14006,Port:10,0,0,0,Missing,,,,,,,,,0
1,,14022,Port:10,0,0,0,Missing,,,,,,,,,0
1,,14038,Port:10,0,0,0,Missing,,,,,,,,,0
1,,14054,Port:10,0,0,0,Missing,,,,,,,,,0
1,,14070,Port:10,0,0,0,Missing,,,,,,,,,0
1,,14086,Port:10,0,0,0,Missing,,,,,,,,,0
1,,14102,Port:10,0,0,0,Missing,,,,,,,,,0
1,,14118,Port:10,0,0,0,Missing,,,,,,,,,0
1,,14126,Port:10,0,0,0,Missing,,,,,,,,,0
1,,14158,Port:10,0,0,0,Missing,,,,,,,,,0
1,,14174,Port:10,0,0,0,Missing,,,,,,,,,0
1,,14190,Port:10,0,0,0,Missing,,,,,,,,,0
1,,14206,Port:10,0,0,0,Missing,,,,,,,,,0
1,,14222,Port:10,0,0,0,Missing,,,,,,,,,0
1,,14238,Port:10,0,0,0,Missing,,,,,,,,,0
1,,14246,Port:10,0,0,0,Missing,,,,,,,,,0
1,,14262,Port:10,0,0,0,Missing,,,,,,,,,0
1,,14286,Port:10,0,0,0,Missing,,,,,,,,,0
1,,14294,Port:10,0,0,0,Missing,,,,,,,,,0
1,,14310,Port:10,0,0,0,Missing,,,,,,,,,0
1,,14326,Port:10,0,0,0,Missing,,,,,,,,,0
1,,14342,Port:10,0,0,0,Missing,,,,,,,,,0
1,,14350,Port:10,0,0,0,Missing,,,,,,,,,0
1,,14390,Port:10,0,0,0,Missing,,,,,,,,,0
1,,14398,Port:10,0,0,0,Missing,,,,,,,,,0
1,,14414,Port:10,0,0,0,Missing,,,,,,,,,0
1,,14430,Port:10,0,0,0,Missing,,,,,,,,,0
1,,14446,Port:10,0,0,0,Missing,,,,,,,,,0
1,,14462,Port:10,0,0,0,Missing,,,,,,,,,0
1,,14470,Port:10,0,0,0,Missing,,,,,,,,,0
1,,14486,Port:10,0,0,0,Missing,,,,,,,,,0
1,,14510,Port:10,0,0,0,Missing,,,,,,,,,0
1,,14526,Port:10,0,0,0,Missing,,,,,,,,,0
1,,14534,Port:10,0,0,0,Missing,,,,,,,,,0
1,,14550,Port:10,0,0,0,Missing,,,,,,,,,0
1,,14566,Port:10,0,0,0,Missing,,,,,,,,,0
1,,14582,Port:10,0,0,0,Missing,,,,,,,,,0
1,,14590,Port:10,0,0,0,Missing,,,,,,,,,0
1,,14630,Port:10,0,0,0,Missing,,,,,,,,,0
1,,14638,Port:10,0,0,0,Missing,,,,,,,,,0
1,,14654,Port:10,0,0,0,Missing,,,,,,,,,0
1,,14670,Port:10,0,0,0,Missing,,,,,,,,,0
1,,14686,Port:10,0,0,0,Missing,,,,,,,,,0
1,,14702,Port:10,0,0,0,Missing,,,,,,,,,0
1,,14710,Port:10,0,0,0,Missing,,,,,,,,,0
1,,14726,Port:10,0,0,0,Missing,,,,,,,,,0
1,,14750,Port:10,0,0,0,Missing,,,,,,,,,0
1,,14766,Port:10,0,0,0,Missing,,,,,,,,,0
1,,14774,Port:10,0,0,0,Missing,,,,,,,,,0
1,,14790,Port:10,0,0,0,Missing,,,,,,,,,0
1,,14806,Port:10,0,0,0,Missing,,,,,,,,,0
1,,14822,Port:10,0,0,0,Missing,,,,,,,,,0
1,,14846,Port:10,0,0,0,Missing,,,,,,,,,0
1,,14870,Port:10,0,0,0,Missing,,,,,,,,,0
1,,14878,Port:10,0,0,0,Missing,,,,,,,,,0
1,,14894,Port:10,0,0,0,Missing,,,,,,,,,0
1,,14910,Port:10,0,0,0,Missing,,,,,,,,,0
1,,14926,Port:10,0,0,0,Missing,,,,,,,,,0
1,,14942,Port:10,0,0,0,Missing,,,,,,,,,0
1,,14950,Port:10,0,0,0,Missing,,,,,,,,,0
1,,14966,Port:10,0,0,0,Missing,,,,,,,,,0
1,,14990,Port:10,0,0,0,Missing,,,,,,,,,0
1,,14998,Port:10,0,0,0,Missing,,,,,,,,,0
1,,15014,Port:10,0,0,0,Missing,,,,,,,,,0
1,,15030,Port:10,0,0,0,Missing,,,,,,,,,0
1,,15046,Port:10,0,0,0,Missing,,,,,,,,,0
1,,15062,Port:10,0,0,0,Missing,,,,,,,,,0
1,,15078,Port:10,0,0,0,Missing,,,,,,,,,0
1,,15086,Port:10,0,0,0,Missing,,,,,,,,,0
1,,15118,Port:10,0,0,0,Missing,,,,,,,,,0
1,,15134,Port:10,0,0,0,Missing,,,,,,,,,0
1,,15150,Port:10,0,0,0,Missing,,,,,,,,,0
1,,15166,Port:10,0,0,0,Missing,,,,,,,,,0
1,,15182,Port:10,0,0,0,Missing,,,,,,,,,0
1,,15198,Port:10,0,0,0,Missing,,,,,,,,,0
1,,15214,Port:10,0,0,0,Missing,,,,,,,,,0
1,,15222,Port:10,0,0,0,Missing,,,,,,,,,0
1,,15238,Port:10,0,0,0,Missing,,,,,,,,,0
1,,15254,Port:10,0,0,0,Missing,,,,,,,,,0
1,,15270,Port:10,0,0,0,Missing,,,,,,,,,0
1,,15286,Port:10,0,0,0,Missing,,,,,,,,,0
1,,15302,Port:10,0,0,0,Missing,,,,,,,,,0
1,,15310,Port:10,0,0,0,Missing,,,,,,,,,0
1,,15334,Port:10,0,0,0,Missing,,,,,,,,,0
1,,15358,Port:10,0,0,0,Missing,,,,,,,,,0
1,,15374,Port:10,0,0,0,Missing,,,,,,,,,0
1,,15390,Port:10,0,0,0,Missing,,,,,,,,,0
1,,15406,Port:10,0,0,0,Missing,,,,,,,,,0
1,,15422,Port:10,0,0,0,Missing,,,,,,,,,0
1,,15438,Port:10,0,0,0,Missing,,,,,,,,,0
1,,15454,Port:10,0,0,0,Missing,,,,,,,,,0
1,,15462,Port:10,0,0,0,Missing,,,,,,,,,0
1,,15478,Port:10,0,0,0,Missing,,,,,,,,,0
1,,15494,Port:10,0,0,0,Missing,,,,,,,,,0
1,,15510,Port:10,0,0,0,Missing,,,,,,,,,0
1,,15526,Port:10,0,0,0,Missing,,,,,,,,,0
1,,15542,Port:10,0,0,0,Missing,,,,,,,,,0
1,,15558,Port:10,0,0,0,Missing,,,,,,,,,0
1,,15574,Port:10,0,0,0,Missing,,,,,,,,,0
1,,15598,Port:10,0,0,0,Missing,,,,,,,,,0
1,,15614,Port:10,0,0,0,Missing,,,,,,,,,0
1,,15630,Port:10,0,0,0,Missing,,,,,,,,,0
1,,15646,Port:10,0,0,0,Missing,,,,,,,,,0
1,,15662,Port:10,0,0,0,Missing,,,,,,,,,0
1,,15678,Port:10,0,0,0,Missing,,,,,,,,,0
1,,15686,Port:10,0,0,0,Missing,,,,,,,,,0
1,,15702,Port:10,0,0,0,Missing,,,,,,,,,0
1,,15718,Port:10,0,0,0,Missing,,,,,,,,,0
1,,15734,Port:10,0,0,0,Missing,,,,,,,,,0
1,,15750,Port:10,0,0,0,Missing,,,,,,,,,0
1,,15766,Port:10,0,0,0,Missing,,,,,,,,,0
1,,15782,Port:10,0,0,0,Missing,,,,,,,,,0
1,,15806,Port:10,0,0,0,Missing,,,,,,,,,0
1,,15830,Port:10,0,0,0,Missing,,,,,,,,,0
1,,15846,Port:10,0,0,0,Missing,,,,,,,,,0
1,,15854,Port:10,0,0,0,Missing,,,,,,,,,0
1,,15870,Port:10,0,0,0,Missing,,,,,,,,,0
1,,15886,Port:10,0,0,0,Missing,,,,,,,,,0
1,,15902,Port:10,0,0,0,Missing,,,,,,,,,0
1,,15918,Port:10,0,0,0,Missing,,,,,,,,,0
1,,15926,Port:10,0,0,0,Missing,,,,,,,,,0
1,,15950,Port:10,0,0,0,Missing,,,,,,,,,0
1,,15966,Port:10,0,0,0,Missing,,,,,,,,,0
1,,15974,Port:10,0,0,0,Missing,,,,,,,,,0
1,,15990,Port:10,0,0,0,Missing,,,,,,,,,0
1,,16006,Port:10,0,0,0,Missing,,,,,,,,,0
1,,16022,Port:10,0,0,0,Missing,,,,,,,,,0
1,,16038,Port:10,0,0,0,Missing,,,,,,,,,0
1,,16070,Port:10,0,0,0,Missing,,,,,,,,,0
1,,16078,Port:10,0,0,0,Missing,,,,,,,,,0
1,,16094,Port:10,0,0,0,Missing,,,,,,,,,0
1,,16110,Port:10,0,0,0,Missing,,,,,,,,,0
1,,16126,Port:10,0,0,0,Missing,,,,,,,,,0
1,,16142,Port:10,0,0,0,Missing,,,,,,,,,0
1,,16158,Port:10,0,0,0,Missing,,,,,,,,,0
1,,16166,Port:10,0,0,0,Missing,,,,,,,,,0
1,,16190,Port:10,0,0,0,Missing,,,,,,,,,0
1,,16198,Port:10,0,0,0,Missing,,,,,,,,,0
1,,16214,Port:10,0,0,0,Missing,,,,,,,,,0
1,,16230,Port:10,0,0,0,Missing,,,,,,,,,0
1,,16246,Port:10,0,0,0,Missing,,,,,,,,,0
1,,16262,Port:10,0,0,0,Missing,,,,,,,,,0
1,,16286,Port:10,0,0,0,Missing,,,,,,,,,0
1,,16310,Port:10,0,0,0,Missing,,,,,,,,,0
1,,16326,Port:10,0,0,0,Missing,,,,,,,,,0
1,,16334,Port:10,0,0,0,Missing,,,,,,,,,0
1,,16350,Port:10,0,0,0,Missing,,,,,,,,,0
1,,16366,Port:10,0,0,0,Missing,,,,,,,,,0
1,,16382,Port:10,0,0,0,Missing,,,,,,,,,0
1,,16398,Port:10,0,0,0,Missing,,,,,,,,,0
1,,16414,Port:10,0,0,0,Missing,,,,,,,,,0
1,,16430,Port:10,0,0,0,Missing,,,,,,,,,0
1,,16446,Port:10,0,0,0,Missing,,,,,,,,,0
1,,16454,Port:10,0,0,0,Missing,,,,,,,,,0
1,,16470,Port:10,0,0,0,Missing,,,,,,,,,0
1,,16486,Port:10,0,0,0,Missing,,,,,,,,,0
1,,16502,Port:10,0,0,0,Missing,,,,,,,,,0
1,,16518,Port:10,0,0,0,Missing,,,,,,,,,0
1,,16534,Port:10,0,0,0,Missing,,,,,,,,,0
1,,16550,Port:10,0,0,0,Missing,,,,,,,,,0
1,,16574,Port:10,0,0,0,Missing,,,,,,,,,0
1,,16590,Port:10,0,0,0,Missing,,,,,,,,,0
1,,16606,Port:10,0,0,0,Missing,,,,,,,,,0
1,,16622,Port:10,0,0,0,Missing,,,,,,,,,0
1,,16638,Port:10,0,0,0,Missing,,,,,,,,,0
1,,16654,Port:10,0,0,0,Missing,,,,,,,,,0
1,,16662,Port:10,0,0,0,Missing,,,,,,,,,0
1,,16678,Port:10,0,0,0,Missing,,,,,,,,,0
1,,16694,Port:10,0,0,0,Missing,,,,,,,,,0
1,,16710,Port:10,0,0,0,Missing,,,,,,,,,0
1,,16726,Port:10,0,0,0,Missing,,,,,,,,,0
1,,16742,Port:10,0,0,0,Missing,,,,,,,,,0
1,,16758,Port:10,0,0,0,Missing,,,,,,,,,0
1,,16774,Port:10,0,0,0,Missing,,,,,,,,,0
1,,16798,Port:10,0,0,0,Missing,,,,,,,,,0
1,,16814,Port:10,0,0,0,Missing,,,,,,,,,0
1,,16830,Port:10,0,0,0,Missing,,,,,,,,,0
1,,16846,Port:10,0,0,0,Missing,,,,,,,,,0
1,,16862,Port:10,0,0,0,Missing,,,,,,,,,0
1,,16878,Port:10,0,0,0,Missing,,,,,,,,,0
1,,16894,Port:10,0,0,0,Missing,,,,,,,,,0
1,,16902,Port:10,0,0,0,Missing,,,,,,,,,0
1,,16918,Port:10,0,0,0,Missing,,,,,,,,,0
1,,16934,Port:10,0,0,0,Missing,,,,,,,,,0
1,,16950,Port:10,0,0,0,Missing,,,,,,,,,0
1,,16966,Port:10,0,0,0,Missing,,,,,,,,,0
1,,16982,Port:10,0,0,0,Missing,,,,,,,,,0
1,,16998,Port:10,0,0,0,Missing,,,,,,,,,0
1,,17014,Port:10,0,0,0,Missing,,,,,,,,,0
1,,17030,Port:10,0,0,0,Missing,,,,,,,,,0
1,,17046,Port:10,0,0,0,Missing,,,,,,,,,0
1,,17070,Port:10,0,0,0,Missing,,,,,,,,,0
1,,17086,Port:10,0,0,0,Missing,,,,,,,,,0
1,,17102,Port:10,0,0,0,Missing,,,,,,,,,0
1,,17118,Port:10,0,0,0,Missing,,,,,,,,,0
1,,17134,Port:10,0,0,0,Missing,,,,,,,,,0
1,,17150,Port:10,0,0,0,Missing,,,,,,,,,0
1,,17166,Port:10,0,0,0,Missing,,,,,,,,,0
1,,17182,Port:10,0,0,0,Missing,,,,,,,,,0
1,,17190,Port:10,0,0,0,Missing,,,,,,,,,0
1,,17206,Port:10,0,0,0,Missing,,,,,,,,,0
1,,17222,Port:10,0,0,0,Missing,,,,,,,,,0
1,,17254,Port:10,0,0,0,Missing,,,,,,,,,0
1,,17270,Port:10,0,0,0,Missing,,,,,,,,,0
1,,17286,Port:10,0,0,0,Missing,,,,,,,,,0
1,,17294,Port:10,0,0,0,Missing,,,,,,,,,0
1,,17310,Port:10,0,0,0,Missing,,,,,,,,,0
1,,17334,Port:10,0,0,0,Missing,,,,,,,,,0
1,,17342,Port:10,0,0,0,Missing,,,,,,,,,0
1,,17358,Port:10,0,0,0,Missing,,,,,,,,,0
1,,17374,Port:10,0,0,0,Missing,,,,,,,,,0
1,,17382,Port:10,0,0,0,Missing,,,,,,,,,0
1,,17398,Port:10,0,0,0,Missing,,,,,,,,,0
1,,17422,Port:10,0,0,0,Missing,,,,,,,,,0
1,,17430,Port:10,0,0,0,Missing,,,,,,,,,0
1,,17446,Port:10,0,0,0,Missing,,,,,,,,,0
1,,17462,Port:10,0,0,0,Missing,,,,,,,,,0
1,,17478,Port:10,0,0,0,Missing,,,,,,,,,0
1,,17494,Port:10,0,0,0,Missing,,,,,,,,,0
1,,17518,Port:10,0,0,0,Missing,,,,,,,,,0
1,,17542,Port:10,0,0,0,Missing,,,,,,,,,0
1,,17550,Port:10,0,0,0,Missing,,,,,,,,,0
1,,17566,Port:10,0,0,0,Missing,,,,,,,,,0
1,,17582,Port:10,0,0,0,Missing,,,,,,,,,0
1,,17598,Port:10,0,0,0,Missing,,,,,,,,,0
1,,17614,Port:10,0,0,0,Missing,,,,,,,,,0
1,,17622,Port:10,0,0,0,Missing,,,,,,,,,0
1,,17638,Port:10,0,0,0,Missing,,,,,,,,,0
1,,17662,Port:10,0,0,0,Missing,,,,,,,,,0
1,,17670,Port:10,0,0,0,Missing,,,,,,,,,0
1,,17686,Port:10,0,0,0,Missing,,,,,,,,,0
1,,17702,Port:10,0,0,0,Missing,,,,,,,,,0
1,,17718,Port:10,0,0,0,Missing,,,,,,,,,0
1,,17750,Port:10,0,0,0,Missing,,,,,,,,,0
1,,17766,Port:10,0,0,0,Missing,,,,,,,,,0
1,,17782,Port:10,0,0,0,Missing,,,,,,,,,0
1,,17790,Port:10,0,0,0,Missing,,,,,,,,,0
1,,17806,Port:10,0,0,0,Missing,,,,,,,,,0
1,,17822,Port:10,0,0,0,Missing,,,,,,,,,0
1,,17838,Port:10,0,0,0,Missing,,,,,,,,,0
1,,17846,Port:10,0,0,0,Missing,,,,,,,,,0
1,,17870,Port:10,0,0,0,Missing,,,,,,,,,0
1,,17886,Port:10,0,0,0,Missing,,,,,,,,,0
1,,17894,Port:10,0,0,0,Missing,,,,,,,,,0
1,,17910,Port:10,0,0,0,Missing,,,,,,,,,0
1,,17926,Port:10,0,0,0,Missing,,,,,,,,,0
1,,17942,Port:10,0,0,0,Missing,,,,,,,,,0
1,,17974,Port:10,0,0,0,Missing,,,,,,,,,0
1,,17990,Port:10,0,0,0,Missing,,,,,,,,,0
1,,18006,Port:10,0,0,0,Missing,,,,,,,,,0
1,,18022,Port:10,0,0,0,Missing,,,,,,,,,0
1,,18030,Port:10,0,0,0,Missing,,,,,,,,,0
1,,18046,Port:10,0,0,0,Missing,,,,,,,,,0
1,,18062,Port:10,0,0,0,Missing,,,,,,,,,0
1,,18078,Port:10,0,0,0,Missing,,,,,,,,,0
1,,18094,Port:10,0,0,0,Missing,,,,,,,,,0
1,,18110,Port:10,0,0,0,Missing,,,,,,,,,0
1,,18126,Port:10,0,0,0,Missing,,,,,,,,,0
1,,18142,Port:10,0,0,0,Missing,,,,,,,,,0
1,,18150,Port:10,0,0,0,Missing,,,,,,,,,0
1,,18166,Port:10,0,0,0,Missing,,,,,,,,,0
1,,18182,Port:10,0,0,0,Missing,,,,,,,,,0
1,,18214,Port:10,0,0,0,Missing,,,,,,,,,0
1,,18230,Port:10,0,0,0,Missing,,,,,,,,,0
1,,18246,Port:10,0,0,0,Missing,,,,,,,,,0
1,,18262,Port:10,0,0,0,Missing,,,,,,,,,0
1,,18270,Port:10,0,0,0,Missing,,,,,,,,,0
1,,18286,Port:10,0,0,0,Missing,,,,,,,,,0
1,,18302,Port:10,0,0,0,Missing,,,,,,,,,0
1,,18318,Port:10,0,0,0,Missing,,,,,,,,,0
1,,18334,Port:10,0,0,0,Missing,,,,,,,,,0
1,,18350,Port:10,0,0,0,Missing,,,,,,,,,0
1,,18366,Port:10,0,0,0,Missing,,,,,,,,,0
1,,18382,Port:10,0,0,0,Missing,,,,,,,,,0
1,,18390,Port:10,0,0,0,Missing,,,,,,,,,0
1,,18406,Port:10,0,0,0,Missing,,,,,,,,,0
1,,18422,Port:10,0,0,0,Missing,,,,,,,,,0
1,,18454,Port:10,0,0,0,Missing,,,,,,,,,0
1,,18470,Port:10,0,0,0,Missing,,,,,,,,,0
1,,18478,Port:10,0,0,0,Missing,,,,,,,,,0
1,,18502,Port:10,0,0,0,Missing,,,,,,,,,0
1,,18518,Port:10,0,0,0,Missing,,,,,,,,,0
1,,18526,Port:10,0,0,0,Missing,,,,,,,,,0
1,,18542,Port:10,0,0,0,Missing,,,,,,,,,0
1,,18558,Port:10,0,0,0,Missing,,,,,,,,,0
1,,18574,Port:10,0,0,0,Missing,,,,,,,,,0
1,,18590,Port:10,0,0,0,Missing,,,,,,,,,0
1,,18598,Port:10,0,0,0,Missing,,,,,,,,,0
1,,18622,Port:10,0,0,0,Missing,,,,,,,,,0
1,,18638,Port:10,0,0,0,Missing,,,,,,,,,0
1,,18646,Port:10,0,0,0,Missing,,,,,,,,,0
1,,18662,Port:10,0,0,0,Missing,,,,,,,,,0
1,,18694,Port:10,0,0,0,Missing,,,,,,,,,0
1,,18710,Port:10,0,0,0,Missing,,,,,,,,,0
1,,18718,Port:10,0,0,0,Missing,,,,,,,,,0
1,,18742,Port:10,0,0,0,Missing,,,,,,,,,0
1,,18758,Port:10,0,0,0,Missing,,,,,,,,,0
1,,18766,Port:10,0,0,0,Missing,,,,,,,,,0
1,,18782,Port:10,0,0,0,Missing,,,,,,,,,0
1,,18798,Port:10,0,0,0,Missing,,,,,,,,,0
1,,18814,Port:10,0,0,0,Missing,,,,,,,,,0
1,,18830,Port:10,0,0,0,Missing,,,,,,,,,0
1,,18838,Port:10,0,0,0,Missing,,,,,,,,,0
1,,18854,Port:10,0,0,0,Missing,,,,,,,,,0
1,,18870,Port:10,0,0,0,Missing,,,,,,,,,0
1,,18886,Port:10,0,0,0,Missing,,,,,,,,,0
1,,18902,Port:10,0,0,0,Missing,,,,,,,,,0
1,,18934,Port:10,0,0,0,Missing,,,,,,,,,0
1,,18950,Port:10,0,0,0,Missing,,,,,,,,,0
1,,18966,Port:10,0,0,0,Missing,,,,,,,,,0
1,,18982,Port:10,0,0,0,Missing,,,,,,,,,0
1,,18990,Port:10,0,0,0,Missing,,,,,,,,,0
1,,19006,Port:10,0,0,0,Missing,,,,,,,,,0
1,,19022,Port:10,0,0,0,Missing,,,,,,,,,0
1,,19038,Port:10,0,0,0,Missing,,,,,,,,,0
1,,19054,Port:10,0,0,0,Missing,,,,,,,,,0
1,,19070,Port:10,0,0,0,Missing,,,,,,,,,0
1,,19086,Port:10,0,0,0,Missing,,,,,,,,,0
1,,19102,Port:10,0,0,0,Missing,,,,,,,,,0
1,,19110,Port:10,0,0,0,Missing,,,,,,,,,0
1,,19126,Port:10,0,0,0,Missing,,,,,,,,,0
1,,19142,Port:10,0,0,0,Missing,,,,,,,,,0
1,,19158,Port:10,0,0,0,Missing,,,,,,,,,0
1,,19174,Port:10,0,0,0,Missing,,,,,,,,,0
1,,19190,Port:10,0,0,0,Missing,,,,,,,,,0
1,,19222,Port:10,0,0,0,Missing,,,,,,,,,0
1,,19230,Port:10,0,0,0,Missing,,,,,,,,,0
1,,19246,Port:10,0,0,0,Missing,,,,,,,,,0
1,,19262,Port:10,0,0,0,Missing,,,,,,,,,0
1,,19278,Port:10,0,0,0,Missing,,,,,,,,,0
1,,19294,Port:10,0,0,0,Missing,,,,,,,,,0
1,,19310,Port:10,0,0,0,Missing,,,,,,,,,0
1,,19326,Port:10,0,0,0,Missing,,,,,,,,,0
1,,19342,Port:10,0,0,0,Missing,,,,,,,,,0
1,,19350,Port:10,0,0,0,Missing,,,,,,,,,0
1,,19366,Port:10,0,0,0,Missing,,,,,,,,,0
1,,19382,Port:10,0,0,0,Missing,,,,,,,,,0
1,,19398,Port:10,0,0,0,Missing,,,,,,,,,0
1,,19414,Port:10,0,0,0,Missing,,,,,,,,,0
1,,19430,Port:10,0,0,0,Missing,,,,,,,,,0
1,,19446,Port:10,0,0,0,Missing,,,,,,,,,0
1,,19470,Port:10,0,0,0,Missing,,,,,,,,,0
1,,19486,Port:10,0,0,0,Missing,,,,,,,,,0
1,,19502,Port:10,0,0,0,Missing,,,,,,,,,0
1,,19518,Port:10,0,0,0,Missing,,,,,,,,,0
1,,19534,Port:10,0,0,0,Missing,,,,,,,,,0
1,,19550,Port:10,0,0,0,Missing,,,,,,,,,0
1,,19566,Port:10,0,0,0,Missing,,,,,,,,,0
1,,19582,Port:10,0,0,0,Missing,,,,,,,,,0
1,,19590,Port:10,0,0,0,Missing,,,,,,,,,0
1,,19606,Port:10,0,0,0,Missing,,,,,,,,,0
1,,19622,Port:10,0,0,0,Missing,,,,,,,,,0
1,,19654,Port:10,0,0,0,Missing,,,,,,,,,0
1,,19670,Port:10,0,0,0,Missing,,,,,,,,,0
1,,19678,Port:10,0,0,0,Missing,,,,,,,,,0
1,,19702,Port:10,0,0,0,Missing,,,,,,,,,0
1,,19718,Port:10,0,0,0,Missing,,,,,,,,,0
1,,19726,Port:10,0,0,0,Missing,,,,,,,,,0
1,,19742,Port:10,0,0,0,Missing,,,,,,,,,0
1,,19758,Port:10,0,0,0,Missing,,,,,,,,,0
1,,19774,Port:10,0,0,0,Missing,,,,,,,,,0
1,,19790,Port:10,0,0,0,Missing,,,,,,,,,0
1,,19798,Port:10,0,0,0,Missing,,,,,,,,,0
1,,19822,Port:10,0,0,0,Missing,,,,,,,,,0
1,,19838,Port:10,0,0,0,Missing,,,,,,,,,0
1,,19846,Port:10,0,0,0,Missing,,,,,,,,,0
1,,19862,Port:10,0,0,0,Missing,,,,,,,,,0
1,,19878,Port:10,0,0,0,Missing,,,,,,,,,0
1,,19894,Port:10,0,0,0,Missing,,,,,,,,,0
1,,19926,Port:10,0,0,0,Missing,,,,,,,,,0
1,,19942,Port:10,0,0,0,Missing,,,,,,,,,0
1,,19958,Port:10,0,0,0,Missing,,,,,,,,,0
1,,19966,Port:10,0,0,0,Missing,,,,,,,,,0
1,,19982,Port:10,0,0,0,Missing,,,,,,,,,0
1,,19998,Port:10,0,0,0,Missing,,,,,,,,,0
1,,20014,Port:10,0,0,0,Missing,,,,,,,,,0
1,,20030,Port:10,0,0,0,Missing,,,,,,,,,0
1,,20046,Port:10,0,0,0,Missing,,,,,,,,,0
1,,20062,Port:10,0,0,0,Missing,,,,,,,,,0
1,,20070,Port:10,0,0,0,Missing,,,,,,,,,0
1,,20086,Port:10,0,0,0,Missing,,,,,,,,,0
1,,20102,Port:10,0,0,0,Missing,,,,,,,,,0
1,,20134,Port:10,0,0,0,Missing,,,,,,,,,0
1,,20150,Port:10,0,0,0,Missing,,,,,,,,,0
1,,20166,Port:10,0,0,0,Missing,,,,,,,,,0
1,,20182,Port:10,0,0,0,Missing,,,,,,,,,0
1,,20190,Port:10,0,0,0,Missing,,,,,,,,,0
1,,20206,Port:10,0,0,0,Missing,,,,,,,,,0
1,,20222,Port:10,0,0,0,Missing,,,,,,,,,0
1,,20238,Port:10,0,0,0,Missing,,,,,,,,,0
1,,20254,Port:10,0,0,0,Missing,,,,,,,,,0
1,,20270,Port:10,0,0,0,Missing,,,,,,,,,0
1,,20286,Port:10,0,0,0,Missing,,,,,,,,,0
1,,20326,Port:10,0,0,0,Missing,,,,,,,,,0
1,,20342,Port:10,0,0,0,Missing,,,,,,,,,0
1,,20358,Port:10,0,0,0,Missing,,,,,,,,,0
1,,20374,Port:10,0,0,0,Missing,,,,,,,,,0
1,,20390,Port:10,0,0,0,Missing,,,,,,,,,0
1,,20406,Port:10,0,0,0,Missing,,,,,,,,,0
1,,20422,Port:10,0,0,0,Missing,,,,,,,,,0
1,,20430,Port:10,0,0,0,Missing,,,,,,,,,0
1,,20446,Port:10,0,0,0,Missing,,,,,,,,,0
1,,20462,Port:10,0,0,0,Missing,,,,,,,,,0
1,,20478,Port:10,0,0,0,Missing,,,,,,,,,0
1,,20494,Port:10,0,0,0,Missing,,,,,,,,,0
1,,20510,Port:10,0,0,0,Missing,,,,,,,,,0
1,,20526,Port:10,0,0,0,Missing,,,,,,,,,0
1,,20542,Port:10,0,0,0,Missing,,,,,,,,,0
1,,20550,Port:10,0,0,0,Missing,,,,,,,,,0
1,,20566,Port:10,0,0,0,Missing,,,,,,,,,0
1,,20582,Port:10,0,0,0,Missing,,,,,,,,,0
1,,20614,Port:10,0,0,0,Missing,,,,,,,,,0
1,,20630,Port:10,0,0,0,Missing,,,,,,,,,0
1,,20646,Port:10,0,0,0,Missing,,,,,,,,,0
1,,20662,Port:10,0,0,0,Missing,,,,,,,,,0
1,,20670,Port:10,0,0,0,Missing,,,,,,,,,0
1,,20686,Port:10,0,0,0,Missing,,,,,,,,,0
1,,20702,Port:10,0,0,0,Missing,,,,,,,,,0
1,,20718,Port:10,0,0,0,Missing,,,,,,,,,0
1,,20734,Port:10,0,0,0,Missing,,,,,,,,,0
1,,20750,Port:10,0,0,0,Missing,,,,,,,,,0
1,,20766,Port:10,0,0,0,Missing,,,,,,,,,0
1,,20782,Port:10,0,0,0,Missing,,,,,,,,,0
1,,20798,Port:10,0,0,0,Missing,,,,,,,,,0
1,,20806,Port:10,0,0,0,Missing,,,,,,,,,0
1,,20822,Port:10,0,0,0,Missing,,,,,,,,,0
1,,20838,Port:10,0,0,0,Missing,,,,,,,,,0
1,,20854,Port:10,0,0,0,Missing,,,,,,,,,0
1,,20886,Port:10,0,0,0,Missing,,,,,,,,,0
1,,20902,Port:10,0,0,0,Missing,,,,,,,,,0
1,,20918,Port:10,0,0,0,Missing,,,,,,,,,0
1,,20934,Port:10,0,0,0,Missing,,,,,,,,,0
1,,20942,Port:10,0,0,0,Missing,,,,,,,,,0
1,,20958,Port:10,0,0,0,Missing,,,,,,,,,0
1,,20974,Port:10,0,0,0,Missing,,,,,,,,,0
1,,20990,Port:10,0,0,0,Missing,,,,,,,,,0
1,,21006,Port:10,0,0,0,Missing,,,,,,,,,0
1,,21022,Port:10,0,0,0,Missing,,,,,,,,,0
1,,21038,Port:10,0,0,0,Missing,,,,,,,,,0
1,,21046,Port:10,0,0,0,Missing,,,,,,,,,0
1,,21062,Port:10,0,0,0,Missing,,,,,,,,,0
1,,21078,Port:10,0,0,0,Missing,,,,,,,,,0
1,,21094,Port:10,0,0,0,Missing,,,,,,,,,0
1,,21126,Port:10,0,0,0,Missing,,,,,,,,,0
1,,21142,Port:10,0,0,0,Missing,,,,,,,,,0
1,,21158,Port:10,0,0,0,Missing,,,,,,,,,0
1,,21166,Port:10,0,0,0,Missing,,,,,,,,,0
1,,21182,Port:10,0,0,0,Missing,,,,,,,,,0
1,,21198,Port:10,0,0,0,Missing,,,,,,,,,0
1,,21214,Port:10,0,0,0,Missing,,,,,,,,,0
1,,21230,Port:10,0,0,0,Missing,,,,,,,,,0
1,,21246,Port:10,0,0,0,Missing,,,,,,,,,0
1,,21262,Port:10,0,0,0,Missing,,,,,,,,,0
1,,21278,Port:10,0,0,0,Missing,,,,,,,,,0
1,,21286,Port:10,0,0,0,Missing,,,,,,,,,0
1,,21302,Port:10,0,0,0,Missing,,,,,,,,,0
1,,21318,Port:10,0,0,0,Missing,,,,,,,,,0
1,,21334,Port:10,0,0,0,Missing,,,,,,,,,0
1,,21350,Port:10,0,0,0,Missing,,,,,,,,,0
1,,21366,Port:10,0,0,0,Missing,,,,,,,,,0
1,,21398,Port:10,0,0,0,Missing,,,,,,,,,0
1,,21406,Port:10,0,0,0,Missing,,,,,,,,,0
1,,21422,Port:10,0,0,0,Missing,,,,,,,,,0
1,,21446,Port:10,0,0,0,Missing,,,,,,,,,0
1,,21454,Port:10,0,0,0,Missing,,,,,,,,,0
1,,21470,Port:10,0,0,0,Missing,,,,,,,,,0
1,,21486,Port:10,0,0,0,Missing,,,,,,,,,0
1,,21502,Port:10,0,0,0,Missing,,,,,,,,,0
1,,21518,Port:10,0,0,0,Missing,,,,,,,,,0
1,,21526,Port:10,0,0,0,Missing,,,,,,,,,0
1,,21550,Port:10,0,0,0,Missing,,,,,,,,,0
1,,21558,Port:10,0,0,0,Missing,,,,,,,,,0
1,,21574,Port:10,0,0,0,Missing,,,,,,,,,0
1,,21606,Port:10,0,0,0,Missing,,,,,,,,,0
1,,21622,Port:10,0,0,0,Missing,,,,,,,,,0
1,,21638,Port:10,0,0,0,Missing,,,,,,,,,0
1,,21654,Port:10,0,0,0,Missing,,,,,,,,,0
1,,21662,Port:10,0,0,0,Missing,,,,,,,,,0
1,,21678,Port:10,0,0,0,Missing,,,,,,,,,0
1,,21694,Port:10,0,0,0,Missing,,,,,,,,,0
1,,21710,Port:10,0,0,0,Missing,,,,,,,,,0
1,,21726,Port:10,0,0,0,Missing,,,,,,,,,0
1,,21742,Port:10,0,0,0,Missing,,,,,,,,,0
1,,21758,Port:10,0,0,0,Missing,,,,,,,,,0
1,,21774,Port:10,0,0,0,Missing,,,,,,,,,0
1,,21782,Port:10,0,0,0,Missing,,,,,,,,,0
1,,21798,Port:10,0,0,0,Missing,,,,,,,,,0
1,,21814,Port:10,0,0,0,Missing,,,,,,,,,0
1,,21846,Port:10,0,0,0,Missing,,,,,,,,,0
1,,21862,Port:10,0,0,0,Missing,,,,,,,,,0
1,,21870,Port:10,0,0,0,Missing,,,,,,,,,0
1,,21894,Port:10,0,0,0,Missing,,,,,,,,,0
1,,21902,Port:10,0,0,0,Missing,,,,,,,,,0
1,,21918,Port:10,0,0,0,Missing,,,,,,,,,0
1,,21934,Port:10,0,0,0,Missing,,,,,,,,,0
1,,21950,Port:10,0,0,0,Missing,,,,,,,,,0
1,,21966,Port:10,0,0,0,Missing,,,,,,,,,0
1,,21982,Port:10,0,0,0,Missing,,,,,,,,,0
1,,21998,Port:10,0,0,0,Missing,,,,,,,,,0
1,,22006,Port:10,0,0,0,Missing,,,,,,,,,0
1,,22022,Port:10,0,0,0,Missing,,,,,,,,,0
1,,22046,Port:10,0,0,0,Missing,,,,,,,,,0
1,,22054,Port:10,0,0,0,Missing,,,,,,,,,0
1,,22070,Port:10,0,0,0,Missing,,,,,,,,,0
1,,22086,Port:10,0,0,0,Missing,,,,,,,,,0
1,,22118,Port:10,0,0,0,Missing,,,,,,,,,0
1,,22126,Port:10,0,0,0,Missing,,,,,,,,,0
1,,22142,Port:10,0,0,0,Missing,,,,,,,,,0
1,,22166,Port:10,0,0,0,Missing,,,,,,,,,0
1,,22174,Port:10,0,0,0,Missing,,,,,,,,,0
1,,22190,Port:10,0,0,0,Missing,,,,,,,,,0
1,,22206,Port:10,0,0,0,Missing,,,,,,,,,0
1,,22222,Port:10,0,0,0,Missing,,,,,,,,,0
1,,22238,Port:10,0,0,0,Missing,,,,,,,,,0
1,,22254,Port:10,0,0,0,Missing,,,,,,,,,0
1,,22262,Port:10,0,0,0,Missing,,,,,,,,,0
1,,22286,Port:10,0,0,0,Missing,,,,,,,,,0
1,,22294,Port:10,0,0,0,Missing,,,,,,,,,0
1,,22326,Port:10,0,0,0,Missing,,,,,,,,,0
1,,22342,Port:10,0,0,0,Missing,,,,,,,,,0
1,,22350,Port:10,0,0,0,Missing,,,,,,,,,0
1,,22374,Port:10,0,0,0,Missing,,,,,,,,,0
1,,22390,Port:10,0,0,0,Missing,,,,,,,,,0
1,,22398,Port:10,0,0,0,Missing,,,,,,,,,0
1,,22414,Port:10,0,0,0,Missing,,,,,,,,,0
1,,22430,Port:10,0,0,0,Missing,,,,,,,,,0
1,,22446,Port:10,0,0,0,Missing,,,,,,,,,0
1,,22462,Port:10,0,0,0,Missing,,,,,,,,,0
1,,22470,Port:10,0,0,0,Missing,,,,,,,,,0
1,,22494,Port:10,0,0,0,Missing,,,,,,,,,0
1,,22510,Port:10,0,0,0,Missing,,,,,,,,,0
1,,22518,Port:10,0,0,0,Missing,,,,,,,,,0
1,,22534,Port:10,0,0,0,Missing,,,,,,,,,0
1,,22550,Port:10,0,0,0,Missing,,,,,,,,,0
1,,22582,Port:10,0,0,0,Missing,,,,,,,,,0
1,,22590,Port:10,0,0,0,Missing,,,,,,,,,0
1,,22614,Port:10,0,0,0,Missing,,,,,,,,,0
1,,22630,Port:10,0,0,0,Missing,,,,,,,,,0
1,,22638,Port:10,0,0,0,Missing,,,,,,,,,0
1,,22654,Port:10,0,0,0,Missing,,,,,,,,,0
1,,22670,Port:10,0,0,0,Missing,,,,,,,,,0
1,,22686,Port:10,0,0,0,Missing,,,,,,,,,0
1,,22702,Port:10,0,0,0,Missing,,,,,,,,,0
1,,22718,Port:10,0,0,0,Missing,,,,,,,,,0
1,,22734,Port:10,0,0,0,Missing,,,,,,,,,0
1,,22750,Port:10,0,0,0,Missing,,,,,,,,,0
1,,22758,Port:10,0,0,0,Missing,,,,,,,,,0
1,,22774,Port:10,0,0,0,Missing,,,,,,,,,0
1,,22806,Port:10,0,0,0,Missing,,,,,,,,,0
1,,22822,Port:10,0,0,0,Missing,,,,,,,,,0
1,,22838,Port:10,0,0,0,Missing,,,,,,,,,0
1,,22854,Port:10,0,0,0,Missing,,,,,,,,,0
1,,22862,Port:10,0,0,0,Missing,,,,,,,,,0
1,,22878,Port:10,0,0,0,Missing,,,,,,,,,0
1,,22894,Port:10,0,0,0,Missing,,,,,,,,,0
1,,22910,Port:10,0,0,0,Missing,,,,,,,,,0
1,,22926,Port:10,0,0,0,Missing,,,,,,,,,0
1,,22942,Port:10,0,0,0,Missing,,,,,,,,,0
1,,22958,Port:10,0,0,0,Missing,,,,,,,,,0
1,,22974,Port:10,0,0,0,Missing,,,,,,,,,0
1,,22990,Port:10,0,0,0,Missing,,,,,,,,,0
1,,22998,Port:10,0,0,0,Missing,,,,,,,,,0
1,,23014,Port:10,0,0,0,Missing,,,,,,,,,0
1,,23046,Port:10,0,0,0,Missing,,,,,,,,,0
1,,23062,Port:10,0,0,0,Missing,,,,,,,,,0
1,,23078,Port:10,0,0,0,Missing,,,,,,,,,0
1,,23094,Port:10,0,0,0,Missing,,,,,,,,,0
1,,23102,Port:10,0,0,0,Missing,,,,,,,,,0
1,,23126,Port:10,0,0,0,Missing,,,,,,,,,0
1,,23142,Port:10,0,0,0,Missing,,,,,,,,,0
1,,23150,Port:10,0,0,0,Missing,,,,,,,,,0
1,,23166,Port:10,0,0,0,Missing,,,,,,,,,0
1,,23182,Port:10,0,0,0,Missing,,,,,,,,,0
1,,23198,Port:10,0,0,0,Missing,,,,,,,,,0
1,,23214,Port:10,0,0,0,Missing,,,,,,,,,0
1,,23222,Port:10,0,0,0,Missing,,,,,,,,,0
1,,23246,Port:10,0,0,0,Missing,,,,,,,,,0
1,,23262,Port:10,0,0,0,Missing,,,,,,,,,0
1,,23270,Port:10,0,0,0,Missing,,,,,,,,,0
1,,23286,Port:10,0,0,0,Missing,,,,,,,,,0
1,,23318,Port:10,0,0,0,Missing,,,,,,,,,0
1,,23334,Port:10,0,0,0,Missing,,,,,,,,,0
1,,23342,Port:10,0,0,0,Missing,,,,,,,,,0
1,,23366,Port:10,0,0,0,Missing,,,,,,,,,0
1,,23374,Port:10,0,0,0,Missing,,,,,,,,,0
1,,23390,Port:10,0,0,0,Missing,,,,,,,,,0
1,,23406,Port:10,0,0,0,Missing,,,,,,,,,0
1,,23422,Port:10,0,0,0,Missing,,,,,,,,,0
1,,23438,Port:10,0,0,0,Missing,,,,,,,,,0
1,,23454,Port:10,0,0,0,Missing,,,,,,,,,0
1,,23462,Port:10,0,0,0,Missing,,,,,,,,,0
1,,23486,Port:10,0,0,0,Missing,,,,,,,,,0
1,,23494,Port:10,0,0,0,Missing,,,,,,,,,0
1,,23510,Port:10,0,0,0,Missing,,,,,,,,,0
1,,23542,Port:10,0,0,0,Missing,,,,,,,,,0
1,,23550,Port:10,0,0,0,Missing,,,,,,,,,0
1,,23574,Port:10,0,0,0,Missing,,,,,,,,,0
1,,23590,Port:10,0,0,0,Missing,,,,,,,,,0
1,,23606,Port:10,0,0,0,Missing,,,,,,,,,0
1,,23614,Port:10,0,0,0,Missing,,,,,,,,,0
1,,23630,Port:10,0,0,0,Missing,,,,,,,,,0
1,,23646,Port:10,0,0,0,Missing,,,,,,,,,0
1,,23662,Port:10,0,0,0,Missing,,,,,,,,,0
1,,23678,Port:10,0,0,0,Missing,,,,,,,,,0
1,,23694,Port:10,0,0,0,Missing,,,,,,,,,0
1,,23710,Port:10,0,0,0,Missing,,,,,,,,,0
1,,23726,Port:10,0,0,0,Missing,,,,,,,,,0
1,,23734,Port:10,0,0,0,Missing,,,,,,,,,0
1,,23766,Port:10,0,0,0,Missing,,,,,,,,,0
1,,23782,Port:10,0,0,0,Missing,,,,,,,,,0
1,,23798,Port:10,0,0,0,Missing,,,,,,,,,0
1,,23814,Port:10,0,0,0,Missing,,,,,,,,,0
1,,23830,Port:10,0,0,0,Missing,,,,,,,,,0
1,,23846,Port:10,0,0,0,Missing,,,,,,,,,0
1,,23854,Port:10,0,0,0,Missing,,,,,,,,,0
1,,23870,Port:10,0,0,0,Missing,,,,,,,,,0
1,,23886,Port:10,0,0,0,Missing,,,,,,,,,0
1,,23902,Port:10,0,0,0,Missing,,,,,,,,,0
1,,23918,Port:10,0,0,0,Missing,,,,,,,,,0
1,,23934,Port:10,0,0,0,Missing,,,,,,,,,0
1,,23950,Port:10,0,0,0,Missing,,,,,,,,,0
1,,23958,Port:10,0,0,0,Missing,,,,,,,,,0
1,,23990,Port:10,0,0,0,Missing,,,,,,,,,0
1,,24006,Port:10,0,0,0,Missing,,,,,,,,,0
1,,24022,Port:10,0,0,0,Missing,,,,,,,,,0
1,,24038,Port:10,0,0,0,Missing,,,,,,,,,0
1,,24054,Port:10,0,0,0,Missing,,,,,,,,,0
1,,24062,Port:10,0,0,0,Missing,,,,,,,,,0
1,,24078,Port:10,0,0,0,Missing,,,,,,,,,0
1,,24102,Port:10,0,0,0,Missing,,,,,,,,,0
1,,24110,Port:10,0,0,0,Missing,,,,,,,,,0
1,,24126,Port:10,0,0,0,Missing,,,,,,,,,0
1,,24142,Port:10,0,0,0,Missing,,,,,,,,,0
1,,24158,Port:10,0,0,0,Missing,,,,,,,,,0
1,,24174,Port:10,0,0,0,Missing,,,,,,,,,0
1,,24190,Port:10,0,0,0,Missing,,,,,,,,,0
1,,24198,Port:10,0,0,0,Missing,,,,,,,,,0
1,,24222,Port:10,0,0,0,Missing,,,,,,,,,0
1,,24246,Port:10,0,0,0,Missing,,,,,,,,,0
1,,24262,Port:10,0,0,0,Missing,,,,,,,,,0
1,,24278,Port:10,0,0,0,Missing,,,,,,,,,0
1,,24294,Port:10,0,0,0,Missing,,,,,,,,,0
1,,24310,Port:10,0,0,0,Missing,,,,,,,,,0
1,,24326,Port:10,0,0,0,Missing,,,,,,,,,0
1,,24334,Port:10,0,0,0,Missing,,,,,,,,,0
1,,24350,Port:10,0,0,0,Missing,,,,,,,,,0
1,,24366,Port:10,0,0,0,Missing,,,,,,,,,0
1,,24382,Port:10,0,0,0,Missing,,,,,,,,,0
1,,24398,Port:10,0,0,0,Missing,,,,,,,,,0
1,,24414,Port:10,0,0,0,Missing,,,,,,,,,0
1,,24430,Port:10,0,0,0,Missing,,,,,,,,,0
1,,24438,Port:10,0,0,0,Missing,,,,,,,,,0
1,,24454,Port:10,0,0,0,Missing,,,,,,,,,0
1,,24486,Port:10,0,0,0,Missing,,,,,,,,,0
1,,24502,Port:10,0,0,0,Missing,,,,,,,,,0
1,,24518,Port:10,0,0,0,Missing,,,,,,,,,0
1,,24534,Port:10,0,0,0,Missing,,,,,,,,,0
1,,24550,Port:10,0,0,0,Missing,,,,,,,,,0
1,,24566,Port:10,0,0,0,Missing,,,,,,,,,0
1,,24574,Port:10,0,0,0,Missing,,,,,,,,,0
1,,24590,Port:10,0,0,0,Missing,,,,,,,,,0
1,,24606,Port:10,0,0,0,Missing,,,,,,,,,0
1,,24622,Port:10,0,0,0,Missing,,,,,,,,,0
1,,24638,Port:10,0,0,0,Missing,,,,,,,,,0
1,,24654,Port:10,0,0,0,Missing,,,,,,,,,0
1,,24670,Port:10,0,0,0,Missing,,,,,,,,,0
1,,24686,Port:10,0,0,0,Missing,,,,,,,,,0
1,,24702,Port:10,0,0,0,Missing,,,,,,,,,0
1,,24726,Port:10,0,0,0,Missing,,,,,,,,,0
1,,24742,Port:10,0,0,0,Missing,,,,,,,,,0
1,,24758,Port:10,0,0,0,Missing,,,,,,,,,0
1,,24774,Port:10,0,0,0,Missing,,,,,,,,,0
1,,24790,Port:10,0,0,0,Missing,,,,,,,,,0
1,,24806,Port:10,0,0,0,Missing,,,,,,,,,0
1,,24814,Port:10,0,0,0,Missing,,,,,,,,,0
1,,24830,Port:10,0,0,0,Missing,,,,,,,,,0
1,,24846,Port:10,0,0,0,Missing,,,,,,,,,0
1,,24862,Port:10,0,0,0,Missing,,,,,,,,,0
1,,24878,Port:10,0,0,0,Missing,,,,,,,,,0
1,,24894,Port:10,0,0,0,Missing,,,,,,,,,0
1,,24910,Port:10,0,0,0,Missing,,,,,,,,,0
1,,24926,Port:10,0,0,0,Missing,,,,,,,,,0
1,,24934,Port:10,0,0,0,Missing,,,,,,,,,0
1,,24966,Port:10,0,0,0,Missing,,,,,,,,,0
1,,24982,Port:10,0,0,0,Missing,,,,,,,,,0
1,,24998,Port:10,0,0,0,Missing,,,,,,,,,0
1,,25014,Port:10,0,0,0,Missing,,,,,,,,,0
1,,25030,Port:10,0,0,0,Missing,,,,,,,,,0
1,,25038,Port:10,0,0,0,Missing,,,,,,,,,0
1,,25054,Port:10,0,0,0,Missing,,,,,,,,,0
1,,25078,Port:10,0,0,0,Missing,,,,,,,,,0
1,,25086,Port:10,0,0,0,Missing,,,,,,,,,0
1,,25102,Port:10,0,0,0,Missing,,,,,,,,,0
1,,25118,Port:10,0,0,0,Missing,,,,,,,,,0
1,,25134,Port:10,0,0,0,Missing,,,,,,,,,0
1,,25150,Port:10,0,0,0,Missing,,,,,,,,,0
1,,25158,Port:10,0,0,0,Missing,,,,,,,,,0
1,,25198,Port:10,0,0,0,Missing,,,,,,,,,0
1,,25206,Port:10,0,0,0,Missing,,,,,,,,,0
1,,25222,Port:10,0,0,0,Missing,,,,,,,,,0
1,,25238,Port:10,0,0,0,Missing,,,,,,,,,0
1,,25254,Port:10,0,0,0,Missing,,,,,,,,,0
1,,25270,Port:10,0,0,0,Missing,,,,,,,,,0
1,,25278,Port:10,0,0,0,Missing,,,,,,,,,0
1,,25294,Port:10,0,0,0,Missing,,,,,,,,,0
1,,25318,Port:10,0,0,0,Missing,,,,,,,,,0
1,,25326,Port:10,0,0,0,Missing,,,,,,,,,0
1,,25342,Port:10,0,0,0,Missing,,,,,,,,,0
1,,25358,Port:10,0,0,0,Missing,,,,,,,,,0
1,,25374,Port:10,0,0,0,Missing,,,,,,,,,0
1,,25390,Port:10,0,0,0,Missing,,,,,,,,,0
1,,25406,Port:10,0,0,0,Missing,,,,,,,,,0
1,,25414,Port:10,0,0,0,Missing,,,,,,,,,0
1,,25446,Port:10,0,0,0,Missing,,,,,,,,,0
1,,25462,Port:10,0,0,0,Missing,,,,,,,,,0
1,,25478,Port:10,0,0,0,Missing,,,,,,,,,0
1,,25494,Port:10,0,0,0,Missing,,,,,,,,,0
1,,25510,Port:10,0,0,0,Missing,,,,,,,,,0
1,,25526,Port:10,0,0,0,Missing,,,,,,,,,0
1,,25542,Port:10,0,0,0,Missing,,,,,,,,,0
1,,25550,Port:10,0,0,0,Missing,,,,,,,,,0
1,,25566,Port:10,0,0,0,Missing,,,,,,,,,0
1,,25582,Port:10,0,0,0,Missing,,,,,,,,,0
1,,25598,Port:10,0,0,0,Missing,,,,,,,,,0
1,,25614,Port:10,0,0,0,Missing,,,,,,,,,0
1,,25630,Port:10,0,0,0,Missing,,,,,,,,,0
1,,25646,Port:10,0,0,0,Missing,,,,,,,,,0
1,,25662,Port:10,0,0,0,Missing,,,,,,,,,0
1,,25686,Port:10,0,0,0,Missing,,,,,,,,,0
1,,25702,Port:10,0,0,0,Missing,,,,,,,,,0
1,,25718,Port:10,0,0,0,Missing,,,,,,,,,0
1,,25734,Port:10,0,0,0,Missing,,,,,,,,,0
1,,25750,Port:10,0,0,0,Missing,,,,,,,,,0
1,,25766,Port:10,0,0,0,Missing,,,,,,,,,0
1,,25782,Port:10,0,0,0,Missing,,,,,,,,,0
1,,25798,Port:10,0,0,0,Missing,,,,,,,,,0
1,,25814,Port:10,0,0,0,Missing,,,,,,,,,0
1,,25822,Port:10,0,0,0,Missing,,,,,,,,,0
1,,25838,Port:10,0,0,0,Missing,,,,,,,,,0
1,,25854,Port:10,0,0,0,Missing,,,,,,,,,0
1,,25870,Port:10,0,0,0,Missing,,,,,,,,,0
1,,25886,Port:10,0,0,0,Missing,,,,,,,,,0
1,,25918,Port:10,0,0,0,Missing,,,,,,,,,0
1,,25934,Port:10,0,0,0,Missing,,,,,,,,,0
1,,25942,Port:10,0,0,0,Missing,,,,,,,,,0
1,,25958,Port:10,0,0,0,Missing,,,,,,,,,0
1,,25974,Port:10,0,0,0,Missing,,,,,,,,,0
1,,25990,Port:10,0,0,0,Missing,,,,,,,,,0
1,,26006,Port:10,0,0,0,Missing,,,,,,,,,0
1,,26014,Port:10,0,0,0,Missing,,,,,,,,,0
1,,26038,Port:10,0,0,0,Missing,,,,,,,,,0
1,,26054,Port:10,0,0,0,Missing,,,,,,,,,0
1,,26062,Port:10,0,0,0,Missing,,,,,,,,,0
1,,26078,Port:10,0,0,0,Missing,,,,,,,,,0
1,,26094,Port:10,0,0,0,Missing,,,,,,,,,0
1,,26110,Port:10,0,0,0,Missing,,,,,,,,,0
1,,26126,Port:10,0,0,0,Missing,,,,,,,,,0
1,,26158,Port:10,0,0,0,Missing,,,,,,,,,0
1,,26166,Port:10,0,0,0,Missing,,,,,,,,,0
1,,26182,Port:10,0,0,0,Missing,,,,,,,,,0
1,,26198,Port:10,0,0,0,Missing,,,,,,,,,0
1,,26214,Port:10,0,0,0,Missing,,,,,,,,,0
1,,26230,Port:10,0,0,0,Missing,,,,,,,,,0
1,,26246,Port:10,0,0,0,Missing,,,,,,,,,0
1,,26262,Port:10,0,0,0,Missing,,,,,,,,,0
1,,26278,Port:10,0,0,0,Missing,,,,,,,,,0
1,,26286,Port:10,0,0,0,Missing,,,,,,,,,0
1,,26302,Port:10,0,0,0,Missing,,,,,,,,,0
1,,26318,Port:10,0,0,0,Missing,,,,,,,,,0
1,,26334,Port:10,0,0,0,Missing,,,,,,,,,0
1,,26350,Port:10,0,0,0,Missing,,,,,,,,,0
1,,26366,Port:10,0,0,0,Missing,,,,,,,,,0
1,,26382,Port:10,0,0,0,Missing,,,,,,,,,0
1,,26398,Port:10,0,0,0,Missing,,,,,,,,,0
1,,26422,Port:10,0,0,0,Missing,,,,,,,,,0
1,,26438,Port:10,0,0,0,Missing,,,,,,,,,0
1,,26454,Port:10,0,0,0,Missing,,,,,,,,,0
1,,26470,Port:10,0,0,0,Missing,,,,,,,,,0
1,,26486,Port:10,0,0,0,Missing,,,,,,,,,0
1,,26502,Port:10,0,0,0,Missing,,,,,,,,,0
1,,26518,Port:10,0,0,0,Missing,,,,,,,,,0
1,,26526,Port:10,0,0,0,Missing,,,,,,,,,0
1,,26542,Port:10,0,0,0,Missing,,,,,,,,,0
1,,26558,Port:10,0,0,0,Missing,,,,,,,,,0
1,,26574,Port:10,0,0,0,Missing,,,,,,,,,0
1,,26590,Port:10,0,0,0,Missing,,,,,,,,,0
1,,26606,Port:10,0,0,0,Missing,,,,,,,,,0
1,,26638,Port:10,0,0,0,Missing,,,,,,,,,0
1,,26654,Port:10,0,0,0,Missing,,,,,,,,,0
1,,26662,Port:10,0,0,0,Missing,,,,,,,,,0
1,,26678,Port:10,0,0,0,Missing,,,,,,,,,0
1,,26694,Port:10,0,0,0,Missing,,,,,,,,,0
1,,26710,Port:10,0,0,0,Missing,,,,,,,,,0
1,,26726,Port:10,0,0,0,Missing,,,,,,,,,0
1,,26734,Port:10,0,0,0,Missing,,,,,,,,,0
1,,26758,Port:10,0,0,0,Missing,,,,,,,,,0
1,,26774,Port:10,0,0,0,Missing,,,,,,,,,0
1,,26790,Port:10,0,0,0,Missing,,,,,,,,,0
1,,26798,Port:10,0,0,0,Missing,,,,,,,,,0
1,,26814,Port:10,0,0,0,Missing,,,,,,,,,0
1,,26830,Port:10,0,0,0,Missing,,,,,,,,,0
1,,26846,Port:10,0,0,0,Missing,,,,,,,,,0
1,,26878,Port:10,0,0,0,Missing,,,,,,,,,0
1,,26894,Port:10,0,0,0,Missing,,,,,,,,,0
1,,26902,Port:10,0,0,0,Missing,,,,,,,,,0
1,,26918,Port:10,0,0,0,Missing,,,,,,,,,0
1,,26934,Port:10,0,0,0,Missing,,,,,,,,,0
1,,26950,Port:10,0,0,0,Missing,,,,,,,,,0
1,,26966,Port:10,0,0,0,Missing,,,,,,,,,0
1,,26982,Port:10,0,0,0,Missing,,,,,,,,,0
1,,26998,Port:10,0,0,0,Missing,,,,,,,,,0
1,,27014,Port:10,0,0,0,Missing,,,,,,,,,0
1,,27022,Port:10,0,0,0,Missing,,,,,,,,,0
1,,27038,Port:10,0,0,0,Missing,,,,,,,,,0
1,,27054,Port:10,0,0,0,Missing,,,,,,,,,0
1,,27070,Port:10,0,0,0,Missing,,,,,,,,,0
1,,27086,Port:10,0,0,0,Missing,,,,,,,,,0
1,,27102,Port:10,0,0,0,Missing,,,,,,,,,0
1,,27118,Port:10,0,0,0,Missing,,,,,,,,,0
1,,27142,Port:10,0,0,0,Missing,,,,,,,,,0
1,,27158,Port:10,0,0,0,Missing,,,,,,,,,0
1,,27174,Port:10,0,0,0,Missing,,,,,,,,,0
1,,27190,Port:10,0,0,0,Missing,,,,,,,,,0
1,,27206,Port:10,0,0,0,Missing,,,,,,,,,0
1,,27222,Port:10,0,0,0,Missing,,,,,,,,,0
1,,27238,Port:10,0,0,0,Missing,,,,,,,,,0
1,,27246,Port:10,0,0,0,Missing,,,,,,,,,0
1,,27262,Port:10,0,0,0,Missing,,,,,,,,,0
1,,27278,Port:10,0,0,0,Missing,,,,,,,,,0
1,,27294,Port:10,0,0,0,Missing,,,,,,,,,0
1,,27310,Port:10,0,0,0,Missing,,,,,,,,,0
1,,27326,Port:10,0,0,0,Missing,,,,,,,,,0
1,,27342,Port:10,0,0,0,Missing,,,,,,,,,0
1,,27366,Port:10,0,0,0,Missing,,,,,,,,,0
1,,27382,Port:10,0,0,0,Missing,,,,,,,,,0
1,,27398,Port:10,0,0,0,Missing,,,,,,,,,0
1,,27414,Port:10,0,0,0,Missing,,,,,,,,,0
1,,27430,Port:10,0,0,0,Missing,,,,,,,,,0
1,,27446,Port:10,0,0,0,Missing,,,,,,,,,0
1,,27462,Port:10,0,0,0,Missing,,,,,,,,,0
1,,27478,Port:10,0,0,0,Missing,,,,,,,,,0
1,,27486,Port:10,0,0,0,Missing,,,,,,,,,0
1,,27502,Port:10,0,0,0,Missing,,,,,,,,,0
1,,27526,Port:10,0,0,0,Missing,,,,,,,,,0
1,,27534,Port:10,0,0,0,Missing,,,,,,,,,0
1,,27550,Port:10,0,0,0,Missing,,,,,,,,,0
1,,27566,Port:10,0,0,0,Missing,,,,,,,,,0
1,,27582,Port:10,0,0,0,Missing,,,,,,,,,0
1,,27606,Port:10,0,0,0,Missing,,,,,,,,,0
1,,27622,Port:10,0,0,0,Missing,,,,,,,,,0
1,,27638,Port:10,0,0,0,Missing,,,,,,,,,0
1,,27654,Port:10,0,0,0,Missing,,,,,,,,,0
1,,27670,Port:10,0,0,0,Missing,,,,,,,,,0
1,,27686,Port:10,0,0,0,Missing,,,,,,,,,0
1,,27702,Port:10,0,0,0,Missing,,,,,,,,,0
1,,27718,Port:10,0,0,0,Missing,,,,,,,,,0
1,,27734,Port:10,0,0,0,Missing,,,,,,,,,0
1,,27750,Port:10,0,0,0,Missing,,,,,,,,,0
1,,27758,Port:10,0,0,0,Missing,,,,,,,,,0
1,,27774,Port:10,0,0,0,Missing,,,,,,,,,0
1,,27790,Port:10,0,0,0,Missing,,,,,,,,,0
1,,27806,Port:10,0,0,0,Missing,,,,,,,,,0
1,,27838,Port:10,0,0,0,Missing,,,,,,,,,0
1,,27854,Port:10,0,0,0,Missing,,,,,,,,,0
1,,27870,Port:10,0,0,0,Missing,,,,,,,,,0
1,,27878,Port:10,0,0,0,Missing,,,,,,,,,0
1,,27894,Port:10,0,0,0,Missing,,,,,,,,,0
1,,27910,Port:10,0,0,0,Missing,,,,,,,,,0
1,,27926,Port:10,0,0,0,Missing,,,,,,,,,0
1,,27934,Port:10,0,0,0,Missing,,,,,,,,,0
1,,27958,Port:10,0,0,0,Missing,,,,,,,,,0
1,,27974,Port:10,0,0,0,Missing,,,,,,,,,0
1,,27990,Port:10,0,0,0,Missing,,,,,,,,,0
1,,27998,Port:10,0,0,0,Missing,,,,,,,,,0
1,,28014,Port:10,0,0,0,Missing,,,,,,,,,0
1,,28030,Port:10,0,0,0,Missing,,,,,,,,,0
1,,28046,Port:10,0,0,0,Missing,,,,,,,,,0
1,,28078,Port:10,0,0,0,Missing,,,,,,,,,0
1,,28094,Port:10,0,0,0,Missing,,,,,,,,,0
1,,28102,Port:10,0,0,0,Missing,,,,,,,,,0
1,,28118,Port:10,0,0,0,Missing,,,,,,,,,0
1,,28134,Port:10,0,0,0,Missing,,,,,,,,,0
1,,28150,Port:10,0,0,0,Missing,,,,,,,,,0
1,,28166,Port:10,0,0,0,Missing,,,,,,,,,0
1,,28182,Port:10,0,0,0,Missing,,,,,,,,,0
1,,28198,Port:10,0,0,0,Missing,,,,,,,,,0
1,,28214,Port:10,0,0,0,Missing,,,,,,,,,0
1,,28222,Port:10,0,0,0,Missing,,,,,,,,,0
1,,28238,Port:10,0,0,0,Missing,,,,,,,,,0
1,,28254,Port:10,0,0,0,Missing,,,,,,,,,0
1,,28270,Port:10,0,0,0,Missing,,,,,,,,,0
1,,28286,Port:10,0,0,0,Missing,,,,,,,,,0
1,,28302,Port:10,0,0,0,Missing,,,,,,,,,0
1,,28318,Port:10,0,0,0,Missing,,,,,,,,,0
1,,28342,Port:10,0,0,0,Missing,,,,,,,,,0
1,,28358,Port:10,0,0,0,Missing,,,,,,,,,0
1,,28374,Port:10,0,0,0,Missing,,,,,,,,,0
1,,28390,Port:10,0,0,0,Missing,,,,,,,,,0
1,,28406,Port:10,0,0,0,Missing,,,,,,,,,0
1,,28422,Port:10,0,0,0,Missing,,,,,,,,,0
1,,28438,Port:10,0,0,0,Missing,,,,,,,,,0
1,,28454,Port:10,0,0,0,Missing,,,,,,,,,0
1,,28462,Port:10,0,0,0,Missing,,,,,,,,,0
1,,28478,Port:10,0,0,0,Missing,,,,,,,,,0
1,,28494,Port:10,0,0,0,Missing,,,,,,,,,0
1,,28510,Port:10,0,0,0,Missing,,,,,,,,,0
1,,28526,Port:10,0,0,0,Missing,,,,,,,,,0
1,,28558,Port:10,0,0,0,Missing,,,,,,,,,0
1,,28574,Port:10,0,0,0,Missing,,,,,,,,,0
1,,28590,Port:10,0,0,0,Missing,,,,,,,,,0
1,,28598,Port:10,0,0,0,Missing,,,,,,,,,0
1,,28614,Port:10,0,0,0,Missing,,,,,,,,,0
1,,28630,Port:10,0,0,0,Missing,,,,,,,,,0
1,,28646,Port:10,0,0,0,Missing,,,,,,,,,0
1,,28662,Port:10,0,0,0,Missing,,,,,,,,,0
1,,28678,Port:10,0,0,0,Missing,,,,,,,,,0
1,,28694,Port:10,0,0,0,Missing,,,,,,,,,0
1,,28710,Port:10,0,0,0,Missing,,,,,,,,,0
1,,28718,Port:10,0,0,0,Missing,,,,,,,,,0
1,,28734,Port:10,0,0,0,Missing,,,,,,,,,0
1,,28750,Port:10,0,0,0,Missing,,,,,,,,,0
1,,28766,Port:10,0,0,0,Missing,,,,,,,,,0
1,,28798,Port:10,0,0,0,Missing,,,,,,,,,0
1,,28814,Port:10,0,0,0,Missing,,,,,,,,,0
1,,28830,Port:10,0,0,0,Missing,,,,,,,,,0
1,,28838,Port:10,0,0,0,Missing,,,,,,,,,0
1,,28854,Port:10,0,0,0,Missing,,,,,,,,,0
1,,28870,Port:10,0,0,0,Missing,,,,,,,,,0
1,,28886,Port:10,0,0,0,Missing,,,,,,,,,0
1,,28902,Port:10,0,0,0,Missing,,,,,,,,,0
1,,28918,Port:10,0,0,0,Missing,,,,,,,,,0
1,,28934,Port:10,0,0,0,Missing,,,,,,,,,0
1,,28942,Port:10,0,0,0,Missing,,,,,,,,,0
1,,28958,Port:10,0,0,0,Missing,,,,,,,,,0
1,,28974,Port:10,0,0,0,Missing,,,,,,,,,0
1,,28990,Port:10,0,0,0,Missing,,,,,,,,,0
1,,29006,Port:10,0,0,0,Missing,,,,,,,,,0
1,,29022,Port:10,0,0,0,Missing,,,,,,,,,0
1,,29038,Port:10,0,0,0,Missing,,,,,,,,,0
1,,29062,Port:10,0,0,0,Missing,,,,,,,,,0
1,,29078,Port:10,0,0,0,Missing,,,,,,,,,0
1,,29094,Port:10,0,0,0,Missing,,,,,,,,,0
1,,29110,Port:10,0,0,0,Missing,,,,,,,,,0
1,,29126,Port:10,0,0,0,Missing,,,,,,,,,0
1,,29142,Port:10,0,0,0,Missing,,,,,,,,,0
1,,29158,Port:10,0,0,0,Missing,,,,,,,,,0
1,,29174,Port:10,0,0,0,Missing,,,,,,,,,0
1,,29182,Port:10,0,0,0,Missing,,,,,,,,,0
1,,29198,Port:10,0,0,0,Missing,,,,,,,,,0
1,,29214,Port:10,0,0,0,Missing,,,,,,,,,0
1,,29230,Port:10,0,0,0,Missing,,,,,,,,,0
1,,29246,Port:10,0,0,0,Missing,,,,,,,,,0
1,,29278,Port:10,0,0,0,Missing,,,,,,,,,0
1,,29294,Port:10,0,0,0,Missing,,,,,,,,,0
1,,29310,Port:10,0,0,0,Missing,,,,,,,,,0
1,,29326,Port:10,0,0,0,Missing,,,,,,,,,0
1,,29334,Port:10,0,0,0,Missing,,,,,,,,,0
1,,29350,Port:10,0,0,0,Missing,,,,,,,,,0
1,,29366,Port:10,0,0,0,Missing,,,,,,,,,0
1,,29382,Port:10,0,0,0,Missing,,,,,,,,,0
1,,29398,Port:10,0,0,0,Missing,,,,,,,,,0
1,,29414,Port:10,0,0,0,Missing,,,,,,,,,0
1,,29430,Port:10,0,0,0,Missing,,,,,,,,,0
1,,29438,Port:10,0,0,0,Missing,,,,,,,,,0
1,,29454,Port:10,0,0,0,Missing,,,,,,,,,0
1,,29470,Port:10,0,0,0,Missing,,,,,,,,,0
1,,29486,Port:10,0,0,0,Missing,,,,,,,,,0
1,,29518,Port:10,0,0,0,Missing,,,,,,,,,0
1,,29534,Port:10,0,0,0,Missing,,,,,,,,,0
1,,29550,Port:10,0,0,0,Missing,,,,,,,,,0
1,,29566,Port:10,0,0,0,Missing,,,,,,,,,0
1,,29574,Port:10,0,0,0,Missing,,,,,,,,,0
1,,29590,Port:10,0,0,0,Missing,,,,,,,,,0
1,,29606,Port:10,0,0,0,Missing,,,,,,,,,0
1,,29622,Port:10,0,0,0,Missing,,,,,,,,,0
1,,29638,Port:10,0,0,0,Missing,,,,,,,,,0
1,,29654,Port:10,0,0,0,Missing,,,,,,,,,0
1,,29662,Port:10,0,0,0,Missing,,,,,,,,,0
1,,29678,Port:10,0,0,0,Missing,,,,,,,,,0
1,,29702,Port:10,0,0,0,Missing,,,,,,,,,0
1,,29710,Port:10,0,0,0,Missing,,,,,,,,,0
1,,29726,Port:10,0,0,0,Missing,,,,,,,,,0
1,,29742,Port:10,0,0,0,Missing,,,,,,,,,0
1,,29758,Port:10,0,0,0,Missing,,,,,,,,,0
1,,29782,Port:10,0,0,0,Missing,,,,,,,,,0
1,,29798,Port:10,0,0,0,Missing,,,,,,,,,0
1,,29822,Port:10,0,0,0,Missing,,,,,,,,,0
1,,29830,Port:10,0,0,0,Missing,,,,,,,,,0
1,,29846,Port:10,0,0,0,Missing,,,,,,,,,0
1,,29862,Port:10,0,0,0,Missing,,,,,,,,,0
1,,29878,Port:10,0,0,0,Missing,,,,,,,,,0
1,,29894,Port:10,0,0,0,Missing,,,,,,,,,0
1,,29902,Port:10,0,0,0,Missing,,,,,,,,,0
1,,29918,Port:10,0,0,0,Missing,,,,,,,,,0
1,,29942,Port:10,0,0,0,Missing,,,,,,,,,0
1,,29950,Port:10,0,0,0,Missing,,,,,,,,,0
1,,29966,Port:10,0,0,0,Missing,,,,,,,,,0
1,,29982,Port:10,0,0,0,Missing,,,,,,,,,0
1,,30014,Port:10,0,0,0,Missing,,,,,,,,,0
1,,30038,Port:10,0,0,0,Missing,,,,,,,,,0
1,,30046,Port:10,0,0,0,Missing,,,,,,,,,0
1,,30062,Port:10,0,0,0,Missing,,,,,,,,,0
1,,30078,Port:10,0,0,0,Missing,,,,,,,,,0
1,,30094,Port:10,0,0,0,Missing,,,,,,,,,0
1,,30110,Port:10,0,0,0,Missing,,,,,,,,,0
1,,30118,Port:10,0,0,0,Missing,,,,,,,,,0
1,,30142,Port:10,0,0,0,Missing,,,,,,,,,0
1,,30158,Port:10,0,0,0,Missing,,,,,,,,,0
1,,30166,Port:10,0,0,0,Missing,,,,,,,,,0
1,,30182,Port:10,0,0,0,Missing,,,,,,,,,0
1,,30198,Port:10,0,0,0,Missing,,,,,,,,,0
1,,30214,Port:10,0,0,0,Missing,,,,,,,,,0
1,,30230,Port:10,0,0,0,Missing,,,,,,,,,0
1,,30238,Port:10,0,0,0,Missing,,,,,,,,,0
1,,30262,Port:10,0,0,0,Missing,,,,,,,,,0
1,,30270,Port:10,0,0,0,Missing,,,,,,,,,0
1,,30286,Port:10,0,0,0,Missing,,,,,,,,,0
1,,30302,Port:10,0,0,0,Missing,,,,,,,,,0
1,,30334,Port:10,0,0,0,Missing,,,,,,,,,0
1,,30350,Port:10,0,0,0,Missing,,,,,,,,,0
1,,30358,Port:10,0,0,0,Missing,,,,,,,,,0
1,,30382,Port:10,0,0,0,Missing,,,,,,,,,0
1,,30390,Port:10,0,0,0,Missing,,,,,,,,,0
1,,30406,Port:10,0,0,0,Missing,,,,,,,,,0
1,,30422,Port:10,0,0,0,Missing,,,,,,,,,0
1,,30438,Port:10,0,0,0,Missing,,,,,,,,,0
1,,30446,Port:10,0,0,0,Missing,,,,,,,,,0
1,,30470,Port:10,0,0,0,Missing,,,,,,,,,0
1,,30486,Port:10,0,0,0,Missing,,,,,,,,,0
1,,30502,Port:10,0,0,0,Missing,,,,,,,,,0
1,,30510,Port:10,0,0,0,Missing,,,,,,,,,0
1,,30526,Port:10,0,0,0,Missing,,,,,,,,,0
1,,30542,Port:10,0,0,0,Missing,,,,,,,,,0
1,,30574,Port:10,0,0,0,Missing,,,,,,,,,0
1,,30590,Port:10,0,0,0,Missing,,,,,,,,,0
1,,30606,Port:10,0,0,0,Missing,,,,,,,,,0
1,,30622,Port:10,0,0,0,Missing,,,,,,,,,0
1,,30630,Port:10,0,0,0,Missing,,,,,,,,,0
1,,30646,Port:10,0,0,0,Missing,,,,,,,,,0
1,,30662,Port:10,0,0,0,Missing,,,,,,,,,0
1,,30678,Port:10,0,0,0,Missing,,,,,,,,,0
1,,30694,Port:10,0,0,0,Missing,,,,,,,,,0
1,,30710,Port:10,0,0,0,Missing,,,,,,,,,0
1,,30726,Port:10,0,0,0,Missing,,,,,,,,,0
1,,30742,Port:10,0,0,0,Missing,,,,,,,,,0
1,,30750,Port:10,0,0,0,Missing,,,,,,,,,0
1,,30766,Port:10,0,0,0,Missing,,,,,,,,,0
1,,30782,Port:10,0,0,0,Missing,,,,,,,,,0
1,,30798,Port:10,0,0,0,Missing,,,,,,,,,0
1,,30814,Port:10,0,0,0,Missing,,,,,,,,,0
1,,30846,Port:10,0,0,0,Missing,,,,,,,,,0
1,,30854,Port:10,0,0,0,Missing,,,,,,,,,0
1,,30870,Port:10,0,0,0,Missing,,,,,,,,,0
1,,30886,Port:10,0,0,0,Missing,,,,,,,,,0
1,,30902,Port:10,0,0,0,Missing,,,,,,,,,0
1,,30918,Port:10,0,0,0,Missing,,,,,,,,,0
1,,30934,Port:10,0,0,0,Missing,,,,,,,,,0
1,,30950,Port:10,0,0,0,Missing,,,,,,,,,0
1,,30966,Port:10,0,0,0,Missing,,,,,,,,,0
1,,30974,Port:10,0,0,0,Missing,,,,,,,,,0
1,,30990,Port:10,0,0,0,Missing,,,,,,,,,0
1,,31006,Port:10,0,0,0,Missing,,,,,,,,,0
1,,31022,Port:10,0,0,0,Missing,,,,,,,,,0
1,,31038,Port:10,0,0,0,Missing,,,,,,,,,0
1,,31054,Port:10,0,0,0,Missing,,,,,,,,,0
1,,31086,Port:10,0,0,0,Missing,,,,,,,,,0
1,,31094,Port:10,0,0,0,Missing,,,,,,,,,0
1,,31110,Port:10,0,0,0,Missing,,,,,,,,,0
1,,31126,Port:10,0,0,0,Missing,,,,,,,,,0
1,,31142,Port:10,0,0,0,Missing,,,,,,,,,0
1,,31158,Port:10,0,0,0,Missing,,,,,,,,,0
1,,31174,Port:10,0,0,0,Missing,,,,,,,,,0
1,,31190,Port:10,0,0,0,Missing,,,,,,,,,0
1,,31206,Port:10,0,0,0,Missing,,,,,,,,,0
1,,31222,Port:10,0,0,0,Missing,,,,,,,,,0
1,,31230,Port:10,0,0,0,Missing,,,,,,,,,0
1,,31246,Port:10,0,0,0,Missing,,,,,,,,,0
1,,31262,Port:10,0,0,0,Missing,,,,,,,,,0
1,,31294,Port:10,0,0,0,Missing,,,,,,,,,0
1,,31310,Port:10,0,0,0,Missing,,,,,,,,,0
1,,31326,Port:10,0,0,0,Missing,,,,,,,,,0
1,,31342,Port:10,0,0,0,Missing,,,,,,,,,0
1,,31350,Port:10,0,0,0,Missing,,,,,,,,,0
1,,31366,Port:10,0,0,0,Missing,,,,,,,,,0
1,,31382,Port:10,0,0,0,Missing,,,,,,,,,0
1,,31398,Port:10,0,0,0,Missing,,,,,,,,,0
1,,31414,Port:10,0,0,0,Missing,,,,,,,,,0
1,,31430,Port:10,0,0,0,Missing,,,,,,,,,0
1,,31446,Port:10,0,0,0,Missing,,,,,,,,,0
1,,31462,Port:10,0,0,0,Missing,,,,,,,,,0
1,,31470,Port:10,0,0,0,Missing,,,,,,,,,0
1,,31486,Port:10,0,0,0,Missing,,,,,,,,,0
1,,31526,Port:10,0,0,0,Missing,,,,,,,,,0
1,,31550,Port:10,0,0,0,Missing,,,,,,,,,0
1,,31566,Port:10,0,0,0,Missing,,,,,,,,,0
1,,31574,Port:10,0,0,0,Missing,,,,,,,,,0
1,,31590,Port:10,0,0,0,Missing,,,,,,,,,0
1,,31614,Port:10,0,0,0,Missing,,,,,,,,,0
1,,31622,Port:10,0,0,0,Missing,,,,,,,,,0
1,,31638,Port:10,0,0,0,Missing,,,,,,,,,0
1,,31654,Port:10,0,0,0,Missing,,,,,,,,,0
1,,31670,Port:10,0,0,0,Missing,,,,,,,,,0
1,,31686,Port:10,0,0,0,Missing,,,,,,,,,0
1,,31694,Port:10,0,0,0,Missing,,,,,,,,,0
1,,31710,Port:10,0,0,0,Missing,,,,,,,,,0
1,,31734,Port:10,0,0,0,Missing,,,,,,,,,0
1,,31742,Port:10,0,0,0,Missing,,,,,,,,,0
1,,31758,Port:10,0,0,0,Missing,,,,,,,,,0
1,,31790,Port:10,0,0,0,Missing,,,,,,,,,0
1,,31806,Port:10,0,0,0,Missing,,,,,,,,,0
1,,31814,Port:10,0,0,0,Missing,,,,,,,,,0
1,,31830,Port:10,0,0,0,Missing,,,,,,,,,0
1,,31854,Port:10,0,0,0,Missing,,,,,,,,,0
1,,31862,Port:10,0,0,0,Missing,,,,,,,,,0
1,,31878,Port:10,0,0,0,Missing,,,,,,,,,0
1,,31894,Port:10,0,0,0,Missing,,,,,,,,,0
1,,31910,Port:10,0,0,0,Missing,,,,,,,,,0
1,,31926,Port:10,0,0,0,Missing,,,,,,,,,0
1,,31934,Port:10,0,0,0,Missing,,,,,,,,,0
1,,31950,Port:10,0,0,0,Missing,,,,,,,,,0
1,,31966,Port:10,0,0,0,Missing,,,,,,,,,0
1,,31990,Port:10,0,0,0,Missing,,,,,,,,,0
1,,31998,Port:10,0,0,0,Missing,,,,,,,,,0
1,,32014,Port:10,0,0,0,Missing,,,,,,,,,0
1,,32046,Port:10,0,0,0,Missing,,,,,,,,,0
1,,32054,Port:10,0,0,0,Missing,,,,,,,,,0
1,,32070,Port:10,0,0,0,Missing,,,,,,,,,0
1,,32086,Port:10,0,0,0,Missing,,,,,,,,,0
1,,32102,Port:10,0,0,0,Missing,,,,,,,,,0
1,,32118,Port:10,0,0,0,Missing,,,,,,,,,0
1,,32134,Port:10,0,0,0,Missing,,,,,,,,,0
1,,32150,Port:10,0,0,0,Missing,,,,,,,,,0
1,,32166,Port:10,0,0,0,Missing,,,,,,,,,0
1,,32182,Port:10,0,0,0,Missing,,,,,,,,,0
1,,32190,Port:10,0,0,0,Missing,,,,,,,,,0
1,,32206,Port:10,0,0,0,Missing,,,,,,,,,0
1,,32230,Port:10,0,0,0,Missing,,,,,,,,,0
1,,32238,Port:10,0,0,0,Missing,,,,,,,,,0
1,,32254,Port:10,0,0,0,Missing,,,,,,,,,0
1,,32286,Port:10,0,0,0,Missing,,,,,,,,,0
1,,32302,Port:10,0,0,0,Missing,,,,,,,,,0
1,,32318,Port:10,0,0,0,Missing,,,,,,,,,0
1,,32326,Port:10,0,0,0,Missing,,,,,,,,,0
1,,32342,Port:10,0,0,0,Missing,,,,,,,,,0
1,,32358,Port:10,0,0,0,Missing,,,,,,,,,0
1,,32374,Port:10,0,0,0,Missing,,,,,,,,,0
1,,32390,Port:10,0,0,0,Missing,,,,,,,,,0
1,,32406,Port:10,0,0,0,Missing,,,,,,,,,0
1,,32422,Port:10,0,0,0,Missing,,,,,,,,,0
1,,32438,Port:10,0,0,0,Missing,,,,,,,,,0
1,,32446,Port:10,0,0,0,Missing,,,,,,,,,0
1,,32462,Port:10,0,0,0,Missing,,,,,,,,,0
1,,32494,Port:10,0,0,0,Missing,,,,,,,,,0
1,,32510,Port:10,0,0,0,Missing,,,,,,,,,0
1,,32526,Port:10,0,0,0,Missing,,,,,,,,,0
1,,32542,Port:10,0,0,0,Missing,,,,,,,,,0
1,,32558,Port:10,0,0,0,Missing,,,,,,,,,0
1,,32566,Port:10,0,0,0,Missing,,,,,,,,,0
1,,32582,Port:10,0,0,0,Missing,,,,,,,,,0
1,,32598,Port:10,0,0,0,Missing,,,,,,,,,0
1,,32614,Port:10,0,0,0,Missing,,,,,,,,,0
1,,32630,Port:10,0,0,0,Missing,,,,,,,,,0
1,,32646,Port:10,0,0,0,Missing,,,,,,,,,0
1,,32662,Port:10,0,0,0,Missing,,,,,,,,,0
1,,32670,Port:10,0,0,0,Missing,,,,,,,,,0
1,,32686,Port:10,0,0,0,Missing,,,,,,,,,0
1,,32702,Port:10,0,0,0,Missing,,,,,,,,,0
1,,32734,Port:10,0,0,0,Missing,,,,,,,,,0
1,,32750,Port:10,0,0,0,Missing,,,,,,,,,0
1,,32766,Port:10,0,0,0,Missing,,,,,,,,,0
1,,32782,Port:10,0,0,0,Missing,,,,,,,,,0
1,,32790,Port:10,0,0,0,Missing,,,,,,,,,0
1,,32806,Port:10,0,0,0,Missing,,,,,,,,,0
1,,32822,Port:10,0,0,0,Missing,,,,,,,,,0
1,,32838,Port:10,0,0,0,Missing,,,,,,,,,0
1,,32854,Port:10,0,0,0,Missing,,,,,,,,,0
1,,32870,Port:10,0,0,0,Missing,,,,,,,,,0
1,,32886,Port:10,0,0,0,Missing,,,,,,,,,0
1,,32902,Port:10,0,0,0,Missing,,,,,,,,,0
1,,32918,Port:10,0,0,0,Missing,,,,,,,,,0
1,,32926,Port:10,0,0,0,Missing,,,,,,,,,0
1,,32942,Port:10,0,0,0,Missing,,,,,,,,,0
1,,32974,Port:10,0,0,0,Missing,,,,,,,,,0
1,,32990,Port:10,0,0,0,Missing,,,,,,,,,0
1,,33006,Port:10,0,0,0,Missing,,,,,,,,,0
1,,33022,Port:10,0,0,0,Missing,,,,,,,,,0
1,,33038,Port:10,0,0,0,Missing,,,,,,,,,0
1,,33046,Port:10,0,0,0,Missing,,,,,,,,,0
1,,33062,Port:10,0,0,0,Missing,,,,,,,,,0
1,,33086,Port:10,0,0,0,Missing,,,,,,,,,0
1,,33094,Port:10,0,0,0,Missing,,,,,,,,,0
1,,33110,Port:10,0,0,0,Missing,,,,,,,,,0
1,,33126,Port:10,0,0,0,Missing,,,,,,,,,0
1,,33142,Port:10,0,0,0,Missing,,,,,,,,,0
1,,33158,Port:10,0,0,0,Missing,,,,,,,,,0
1,,33166,Port:10,0,0,0,Missing,,,,,,,,,0
1,,33182,Port:10,0,0,0,Missing,,,,,,,,,0
1,,33214,Port:10,0,0,0,Missing,,,,,,,,,0
1,,33230,Port:10,0,0,0,Missing,,,,,,,,,0
1,,33246,Port:10,0,0,0,Missing,,,,,,,,,0
1,,33262,Port:10,0,0,0,Missing,,,,,,,,,0
1,,33278,Port:10,0,0,0,Missing,,,,,,,,,0
1,,33286,Port:10,0,0,0,Missing,,,,,,,,,0
1,,33302,Port:10,0,0,0,Missing,,,,,,,,,0
1,,33318,Port:10,0,0,0,Missing,,,,,,,,,0
1,,33334,Port:10,0,0,0,Missing,,,,,,,,,0
1,,33350,Port:10,0,0,0,Missing,,,,,,,,,0
1,,33366,Port:10,0,0,0,Missing,,,,,,,,,0
1,,33382,Port:10,0,0,0,Missing,,,,,,,,,0
1,,33398,Port:10,0,0,0,Missing,,,,,,,,,0
1,,33406,Port:10,0,0,0,Missing,,,,,,,,,0
1,,33422,Port:10,0,0,0,Missing,,,,,,,,,0
1,,33454,Port:10,0,0,0,Missing,,,,,,,,,0
1,,33470,Port:10,0,0,0,Missing,,,,,,,,,0
1,,33486,Port:10,0,0,0,Missing,,,,,,,,,0
1,,33502,Port:10,0,0,0,Missing,,,,,,,,,0
1,,33510,Port:10,0,0,0,Missing,,,,,,,,,0
1,,33534,Port:10,0,0,0,Missing,,,,,,,,,0
1,,33550,Port:10,0,0,0,Missing,,,,,,,,,0
1,,33558,Port:10,0,0,0,Missing,,,,,,,,,0
1,,33574,Port:10,0,0,0,Missing,,,,,,,,,0
1,,33590,Port:10,0,0,0,Missing,,,,,,,,,0
1,,33606,Port:10,0,0,0,Missing,,,,,,,,,0
1,,33622,Port:10,0,0,0,Missing,,,,,,,,,0
1,,33630,Port:10,0,0,0,Missing,,,,,,,,,0
1,,33654,Port:10,0,0,0,Missing,,,,,,,,,0
1,,33670,Port:10,0,0,0,Missing,,,,,,,,,0
1,,33686,Port:10,0,0,0,Missing,,,,,,,,,0
1,,33694,Port:10,0,0,0,Missing,,,,,,,,,0
1,,33726,Port:10,0,0,0,Missing,,,,,,,,,0
1,,33742,Port:10,0,0,0,Missing,,,,,,,,,0
1,,33750,Port:10,0,0,0,Missing,,,,,,,,,0
1,,33774,Port:10,0,0,0,Missing,,,,,,,,,0
1,,33790,Port:10,0,0,0,Missing,,,,,,,,,0
1,,33798,Port:10,0,0,0,Missing,,,,,,,,,0
1,,33814,Port:10,0,0,0,Missing,,,,,,,,,0
1,,33830,Port:10,0,0,0,Missing,,,,,,,,,0
1,,33846,Port:10,0,0,0,Missing,,,,,,,,,0
1,,33862,Port:10,0,0,0,Missing,,,,,,,,,0
1,,33878,Port:10,0,0,0,Missing,,,,,,,,,0
1,,33902,Port:10,0,0,0,Missing,,,,,,,,,0
1,,33918,Port:10,0,0,0,Missing,,,,,,,,,0
1,,33934,Port:10,0,0,0,Missing,,,,,,,,,0
1,,33950,Port:10,0,0,0,Missing,,,,,,,,,0
1,,33966,Port:10,0,0,0,Missing,,,,,,,,,0
1,,33982,Port:10,0,0,0,Missing,,,,,,,,,0
1,,33998,Port:10,0,0,0,Missing,,,,,,,,,0
1,,34006,Port:10,0,0,0,Missing,,,,,,,,,0
1,,34022,Port:10,0,0,0,Missing,,,,,,,,,0
1,,34038,Port:10,0,0,0,Missing,,,,,,,,,0
1,,34054,Port:10,0,0,0,Missing,,,,,,,,,0
1,,34070,Port:10,0,0,0,Missing,,,,,,,,,0
1,,34086,Port:10,0,0,0,Missing,,,,,,,,,0
1,,34102,Port:10,0,0,0,Missing,,,,,,,,,0
1,,34118,Port:10,0,0,0,Missing,,,,,,,,,0
1,,34134,Port:10,0,0,0,Missing,,,,,,,,,0
1,,34158,Port:10,0,0,0,Missing,,,,,,,,,0
1,,34174,Port:10,0,0,0,Missing,,,,,,,,,0
1,,34190,Port:10,0,0,0,Missing,,,,,,,,,0
1,,34206,Port:10,0,0,0,Missing,,,,,,,,,0
1,,34222,Port:10,0,0,0,Missing,,,,,,,,,0
1,,34238,Port:10,0,0,0,Missing,,,,,,,,,0
1,,34246,Port:10,0,0,0,Missing,,,,,,,,,0
1,,34270,Port:10,0,0,0,Missing,,,,,,,,,0
1,,34278,Port:10,0,0,0,Missing,,,,,,,,,0
1,,34294,Port:10,0,0,0,Missing,,,,,,,,,0
1,,34310,Port:10,0,0,0,Missing,,,,,,,,,0
1,,34326,Port:10,0,0,0,Missing,,,,,,,,,0
1,,34342,Port:10,0,0,0,Missing,,,,,,,,,0
1,,34358,Port:10,0,0,0,Missing,,,,,,,,,0
1,,34390,Port:10,0,0,0,Missing,,,,,,,,,0
1,,34406,Port:10,0,0,0,Missing,,,,,,,,,0
1,,34414,Port:10,0,0,0,Missing,,,,,,,,,0
1,,34430,Port:10,0,0,0,Missing,,,,,,,,,0
1,,34446,Port:10,0,0,0,Missing,,,,,,,,,0
1,,34462,Port:10,0,0,0,Missing,,,,,,,,,0
1,,34470,Port:10,0,0,0,Missing,,,,,,,,,0
1,,34486,Port:10,0,0,0,Missing,,,,,,,,,0
1,,34510,Port:10,0,0,0,Missing,,,,,,,,,0
1,,34526,Port:10,0,0,0,Missing,,,,,,,,,0
1,,34534,Port:10,0,0,0,Missing,,,,,,,,,0
1,,34550,Port:10,0,0,0,Missing,,,,,,,,,0
1,,34566,Port:10,0,0,0,Missing,,,,,,,,,0
1,,34582,Port:10,0,0,0,Missing,,,,,,,,,0
1,,34598,Port:10,0,0,0,Missing,,,,,,,,,0
1,,34614,Port:10,0,0,0,Missing,,,,,,,,,0
1,,34622,Port:10,0,0,0,Missing,,,,,,,,,0
1,,34654,Port:10,0,0,0,Missing,,,,,,,,,0
1,,34670,Port:10,0,0,0,Missing,,,,,,,,,0
1,,34686,Port:10,0,0,0,Missing,,,,,,,,,0
1,,34702,Port:10,0,0,0,Missing,,,,,,,,,0
1,,34718,Port:10,0,0,0,Missing,,,,,,,,,0
1,,34734,Port:10,0,0,0,Missing,,,,,,,,,0
1,,34742,Port:10,0,0,0,Missing,,,,,,,,,0
1,,34758,Port:10,0,0,0,Missing,,,,,,,,,0
1,,34782,Port:10,0,0,0,Missing,,,,,,,,,0
1,,34790,Port:10,0,0,0,Missing,,,,,,,,,0
1,,34806,Port:10,0,0,0,Missing,,,,,,,,,0
1,,34822,Port:10,0,0,0,Missing,,,,,,,,,0
1,,34838,Port:10,0,0,0,Missing,,,,,,,,,0
1,,34862,Port:10,0,0,0,Missing,,,,,,,,,0
1,,34878,Port:10,0,0,0,Missing,,,,,,,,,0
1,,34902,Port:10,0,0,0,Missing,,,,,,,,,0
1,,34910,Port:10,0,0,0,Missing,,,,,,,,,0
1,,34926,Port:10,0,0,0,Missing,,,,,,,,,0
1,,34942,Port:10,0,0,0,Missing,,,,,,,,,0
1,,34958,Port:10,0,0,0,Missing,,,,,,,,,0
1,,34974,Port:10,0,0,0,Missing,,,,,,,,,0
1,,34982,Port:10,0,0,0,Missing,,,,,,,,,0
1,,35006,Port:10,0,0,0,Missing,,,,,,,,,0
1,,35014,Port:10,0,0,0,Missing,,,,,,,,,0
1,,35030,Port:10,0,0,0,Missing,,,,,,,,,0
1,,35046,Port:10,0,0,0,Missing,,,,,,,,,0
1,,35062,Port:10,0,0,0,Missing,,,,,,,,,0
1,,35078,Port:10,0,0,0,Missing,,,,,,,,,0
1,,35094,Port:10,0,0,0,Missing,,,,,,,,,0
1,,35110,Port:10,0,0,0,Missing,,,,,,,,,0
1,,35134,Port:10,0,0,0,Missing,,,,,,,,,0
1,,35150,Port:10,0,0,0,Missing,,,,,,,,,0
1,,35166,Port:10,0,0,0,Missing,,,,,,,,,0
1,,35182,Port:10,0,0,0,Missing,,,,,,,,,0
1,,35198,Port:10,0,0,0,Missing,,,,,,,,,0
1,,35206,Port:10,0,0,0,Missing,,,,,,,,,0
1,,35222,Port:10,0,0,0,Missing,,,,,,,,,0
1,,35238,Port:10,0,0,0,Missing,,,,,,,,,0
1,,35262,Port:10,0,0,0,Missing,,,,,,,,,0
1,,35270,Port:10,0,0,0,Missing,,,,,,,,,0
1,,35286,Port:10,0,0,0,Missing,,,,,,,,,0
1,,35302,Port:10,0,0,0,Missing,,,,,,,,,0
1,,35318,Port:10,0,0,0,Missing,,,,,,,,,0
1,,35334,Port:10,0,0,0,Missing,,,,,,,,,0
1,,35358,Port:10,0,0,0,Missing,,,,,,,,,0
1,,35382,Port:10,0,0,0,Missing,,,,,,,,,0
1,,35390,Port:10,0,0,0,Missing,,,,,,,,,0
1,,35406,Port:10,0,0,0,Missing,,,,,,,,,0
1,,35422,Port:10,0,0,0,Missing,,,,,,,,,0
1,,35438,Port:10,0,0,0,Missing,,,,,,,,,0
1,,35446,Port:10,0,0,0,Missing,,,,,,,,,0
1,,35470,Port:10,0,0,0,Missing,,,,,,,,,0
1,,35486,Port:10,0,0,0,Missing,,,,,,,,,0
1,,35494,Port:10,0,0,0,Missing,,,,,,,,,0
1,,35510,Port:10,0,0,0,Missing,,,,,,,,,0
1,,35526,Port:10,0,0,0,Missing,,,,,,,,,0
1,,35542,Port:10,0,0,0,Missing,,,,,,,,,0
1,,35558,Port:10,0,0,0,Missing,,,,,,,,,0
1,,35574,Port:10,0,0,0,Missing,,,,,,,,,0
1,,35590,Port:10,0,0,0,Missing,,,,,,,,,0
1,,35598,Port:10,0,0,0,Missing,,,,,,,,,0
1,,35630,Port:10,0,0,0,Missing,,,,,,,,,0
1,,35646,Port:10,0,0,0,Missing,,,,,,,,,0
1,,35662,Port:10,0,0,0,Missing,,,,,,,,,0
1,,35678,Port:10,0,0,0,Missing,,,,,,,,,0
1,,35694,Port:10,0,0,0,Missing,,,,,,,,,0
1,,35710,Port:10,0,0,0,Missing,,,,,,,,,0
1,,35718,Port:10,0,0,0,Missing,,,,,,,,,0
1,,35734,Port:10,0,0,0,Missing,,,,,,,,,0
1,,35750,Port:10,0,0,0,Missing,,,,,,,,,0
1,,35766,Port:10,0,0,0,Missing,,,,,,,,,0
1,,35782,Port:10,0,0,0,Missing,,,,,,,,,0
1,,35798,Port:10,0,0,0,Missing,,,,,,,,,0
1,,35814,Port:10,0,0,0,Missing,,,,,,,,,0
1,,35822,Port:10,0,0,0,Missing,,,,,,,,,0
1,,35854,Port:10,0,0,0,Missing,,,,,,,,,0
1,,35870,Port:10,0,0,0,Missing,,,,,,,,,0
1,,35886,Port:10,0,0,0,Missing,,,,,,,,,0
1,,35902,Port:10,0,0,0,Missing,,,,,,,,,0
1,,35918,Port:10,0,0,0,Missing,,,,,,,,,0
1,,35934,Port:10,0,0,0,Missing,,,,,,,,,0
1,,35950,Port:10,0,0,0,Missing,,,,,,,,,0
1,,35958,Port:10,0,0,0,Missing,,,,,,,,,0
1,,35974,Port:10,0,0,0,Missing,,,,,,,,,0
1,,35990,Port:10,0,0,0,Missing,,,,,,,,,0
1,,36006,Port:10,0,0,0,Missing,,,,,,,,,0
1,,36022,Port:10,0,0,0,Missing,,,,,,,,,0
1,,36038,Port:10,0,0,0,Missing,,,,,,,,,0
1,,36054,Port:10,0,0,0,Missing,,,,,,,,,0
1,,36062,Port:10,0,0,0,Missing,,,,,,,,,0
1,,36094,Port:10,0,0,0,Missing,,,,,,,,,0
1,,36118,Port:10,0,0,0,Missing,,,,,,,,,0
1,,36126,Port:10,0,0,0,Missing,,,,,,,,,0
1,,36142,Port:10,0,0,0,Missing,,,,,,,,,0
1,,36158,Port:10,0,0,0,Missing,,,,,,,,,0
1,,36174,Port:10,0,0,0,Missing,,,,,,,,,0
1,,36190,Port:10,0,0,0,Missing,,,,,,,,,0
1,,36206,Port:10,0,0,0,Missing,,,,,,,,,0
1,,36214,Port:10,0,0,0,Missing,,,,,,,,,0
1,,36230,Port:10,0,0,0,Missing,,,,,,,,,0
1,,36246,Port:10,0,0,0,Missing,,,,,,,,,0
1,,36262,Port:10,0,0,0,Missing,,,,,,,,,0
1,,36278,Port:10,0,0,0,Missing,,,,,,,,,0
1,,36294,Port:10,0,0,0,Missing,,,,,,,,,0
1,,36310,Port:10,0,0,0,Missing,,,,,,,,,0
1,,36326,Port:10,0,0,0,Missing,,,,,,,,,0
1,,36350,Port:10,0,0,0,Missing,,,,,,,,,0
1,,36366,Port:10,0,0,0,Missing,,,,,,,,,0
1,,36382,Port:10,0,0,0,Missing,,,,,,,,,0
1,,36398,Port:10,0,0,0,Missing,,,,,,,,,0
1,,36414,Port:10,0,0,0,Missing,,,,,,,,,0
1,,36430,Port:10,0,0,0,Missing,,,,,,,,,0
1,,36446,Port:10,0,0,0,Missing,,,,,,,,,0
1,,36454,Port:10,0,0,0,Missing,,,,,,,,,0
1,,36470,Port:10,0,0,0,Missing,,,,,,,,,0
1,,36486,Port:10,0,0,0,Missing,,,,,,,,,0
1,,36502,Port:10,0,0,0,Missing,,,,,,,,,0
1,,36518,Port:10,0,0,0,Missing,,,,,,,,,0
1,,36534,Port:10,0,0,0,Missing,,,,,,,,,0
1,,36542,Port:10,0,0,0,Missing,,,,,,,,,0
1,,36582,Port:10,0,0,0,Missing,,,,,,,,,0
1,,36598,Port:10,0,0,0,Missing,,,,,,,,,0
1,,36606,Port:10,0,0,0,Missing,,,,,,,,,0
1,,36622,Port:10,0,0,0,Missing,,,,,,,,,0
1,,36638,Port:10,0,0,0,Missing,,,,,,,,,0
1,,36654,Port:10,0,0,0,Missing,,,,,,,,,0
1,,36662,Port:10,0,0,0,Missing,,,,,,,,,0
1,,36678,Port:10,0,0,0,Missing,,,,,,,,,0
1,,36702,Port:10,0,0,0,Missing,,,,,,,,,0
1,,36710,Port:10,0,0,0,Missing,,,,,,,,,0
1,,36726,Port:10,0,0,0,Missing,,,,,,,,,0
1,,36742,Port:10,0,0,0,Missing,,,,,,,,,0
1,,36758,Port:10,0,0,0,Missing,,,,,,,,,0
1,,36774,Port:10,0,0,0,Missing,,,,,,,,,0
1,,36782,Port:10,0,0,0,Missing,,,,,,,,,0
1,,36822,Port:10,0,0,0,Missing,,,,,,,,,0
1,,36830,Port:10,0,0,0,Missing,,,,,,,,,0
1,,36846,Port:10,0,0,0,Missing,,,,,,,,,0
1,,36862,Port:10,0,0,0,Missing,,,,,,,,,0
1,,36878,Port:10,0,0,0,Missing,,,,,,,,,0
1,,36894,Port:10,0,0,0,Missing,,,,,,,,,0
1,,36902,Port:10,0,0,0,Missing,,,,,,,,,0
1,,36926,Port:10,0,0,0,Missing,,,,,,,,,0
1,,36942,Port:10,0,0,0,Missing,,,,,,,,,0
1,,36950,Port:10,0,0,0,Missing,,,,,,,,,0
1,,36966,Port:10,0,0,0,Missing,,,,,,,,,0
1,,36982,Port:10,0,0,0,Missing,,,,,,,,,0
1,,36998,Port:10,0,0,0,Missing,,,,,,,,,0
1,,37014,Port:10,0,0,0,Missing,,,,,,,,,0
1,,37030,Port:10,0,0,0,Missing,,,,,,,,,0
1,,37046,Port:10,0,0,0,Missing,,,,,,,,,0
1,,37054,Port:10,0,0,0,Missing,,,,,,,,,0
1,,37086,Port:10,0,0,0,Missing,,,,,,,,,0
1,,37102,Port:10,0,0,0,Missing,,,,,,,,,0
1,,37118,Port:10,0,0,0,Missing,,,,,,,,,0
1,,37134,Port:10,0,0,0,Missing,,,,,,,,,0
1,,37150,Port:10,0,0,0,Missing,,,,,,,,,0
1,,37166,Port:10,0,0,0,Missing,,,,,,,,,0
1,,37182,Port:10,0,0,0,Missing,,,,,,,,,0
1,,37190,Port:10,0,0,0,Missing,,,,,,,,,0
1,,37206,Port:10,0,0,0,Missing,,,,,,,,,0
1,,37222,Port:10,0,0,0,Missing,,,,,,,,,0
1,,37238,Port:10,0,0,0,Missing,,,,,,,,,0
1,,37254,Port:10,0,0,0,Missing,,,,,,,,,0
1,,37270,Port:10,0,0,0,Missing,,,,,,,,,0
1,,37286,Port:10,0,0,0,Missing,,,,,,,,,0
1,,37310,Port:10,0,0,0,Missing,,,,,,,,,0
1,,37326,Port:10,0,0,0,Missing,,,,,,,,,0
1,,37342,Port:10,0,0,0,Missing,,,,,,,,,0
1,,37358,Port:10,0,0,0,Missing,,,,,,,,,0
1,,37374,Port:10,0,0,0,Missing,,,,,,,,,0
1,,37390,Port:10,0,0,0,Missing,,,,,,,,,0
1,,37406,Port:10,0,0,0,Missing,,,,,,,,,0
1,,37414,Port:10,0,0,0,Missing,,,,,,,,,0
1,,37430,Port:10,0,0,0,Missing,,,,,,,,,0
1,,37446,Port:10,0,0,0,Missing,,,,,,,,,0
1,,37462,Port:10,0,0,0,Missing,,,,,,,,,0
1,,37478,Port:10,0,0,0,Missing,,,,,,,,,0
1,,37494,Port:10,0,0,0,Missing,,,,,,,,,0
1,,37510,Port:10,0,0,0,Missing,,,,,,,,,0
1,,37534,Port:10,0,0,0,Missing,,,,,,,,,0
1,,37550,Port:10,0,0,0,Missing,,,,,,,,,0
1,,37566,Port:10,0,0,0,Missing,,,,,,,,,0
1,,37582,Port:10,0,0,0,Missing,,,,,,,,,0
1,,37598,Port:10,0,0,0,Missing,,,,,,,,,0
1,,37614,Port:10,0,0,0,Missing,,,,,,,,,0
1,,37630,Port:10,0,0,0,Missing,,,,,,,,,0
1,,37646,Port:10,0,0,0,Missing,,,,,,,,,0
1,,37654,Port:10,0,0,0,Missing,,,,,,,,,0
1,,37670,Port:10,0,0,0,Missing,,,,,,,,,0
1,,37686,Port:10,0,0,0,Missing,,,,,,,,,0
1,,37702,Port:10,0,0,0,Missing,,,,,,,,,0
1,,37718,Port:10,0,0,0,Missing,,,,,,,,,0
1,,37734,Port:10,0,0,0,Missing,,,,,,,,,0
1,,37758,Port:10,0,0,0,Missing,,,,,,,,,0
1,,37782,Port:10,0,0,0,Missing,,,,,,,,,0
1,,37798,Port:10,0,0,0,Missing,,,,,,,,,0
1,,37806,Port:10,0,0,0,Missing,,,,,,,,,0
1,,37822,Port:10,0,0,0,Missing,,,,,,,,,0
1,,37838,Port:10,0,0,0,Missing,,,,,,,,,0
1,,37854,Port:10,0,0,0,Missing,,,,,,,,,0
1,,37870,Port:10,0,0,0,Missing,,,,,,,,,0
1,,37878,Port:10,0,0,0,Missing,,,,,,,,,0
1,,37902,Port:10,0,0,0,Missing,,,,,,,,,0
1,,37918,Port:10,0,0,0,Missing,,,,,,,,,0
1,,37926,Port:10,0,0,0,Missing,,,,,,,,,0
1,,37942,Port:10,0,0,0,Missing,,,,,,,,,0
1,,37958,Port:10,0,0,0,Missing,,,,,,,,,0
1,,37974,Port:10,0,0,0,Missing,,,,,,,,,0
1,,37998,Port:10,0,0,0,Missing,,,,,,,,,0
1,,38022,Port:10,0,0,0,Missing,,,,,,,,,0
1,,38038,Port:10,0,0,0,Missing,,,,,,,,,0
1,,38046,Port:10,0,0,0,Missing,,,,,,,,,0
1,,38062,Port:10,0,0,0,Missing,,,,,,,,,0
1,,38078,Port:10,0,0,0,Missing,,,,,,,,,0
1,,38094,Port:10,0,0,0,Missing,,,,,,,,,0
1,,38110,Port:10,0,0,0,Missing,,,,,,,,,0
1,,38126,Port:10,0,0,0,Missing,,,,,,,,,0
1,,38142,Port:10,0,0,0,Missing,,,,,,,,,0
1,,38150,Port:10,0,0,0,Missing,,,,,,,,,0
1,,38166,Port:10,0,0,0,Missing,,,,,,,,,0
1,,38182,Port:10,0,0,0,Missing,,,,,,,,,0
1,,38198,Port:10,0,0,0,Missing,,,,,,,,,0
1,,38214,Port:10,0,0,0,Missing,,,,,,,,,0
1,,38230,Port:10,0,0,0,Missing,,,,,,,,,0
1,,38246,Port:10,0,0,0,Missing,,,,,,,,,0
1,,38270,Port:10,0,0,0,Missing,,,,,,,,,0
1,,38286,Port:10,0,0,0,Missing,,,,,,,,,0
1,,38302,Port:10,0,0,0,Missing,,,,,,,,,0
1,,38318,Port:10,0,0,0,Missing,,,,,,,,,0
1,,38334,Port:10,0,0,0,Missing,,,,,,,,,0
1,,38350,Port:10,0,0,0,Missing,,,,,,,,,0
1,,38366,Port:10,0,0,0,Missing,,,,,,,,,0
1,,38382,Port:10,0,0,0,Missing,,,,,,,,,0
1,,38390,Port:10,0,0,0,Missing,,,,,,,,,0
1,,38406,Port:10,0,0,0,Missing,,,,,,,,,0
1,,38422,Port:10,0,0,0,Missing,,,,,,,,,0
1,,38438,Port:10,0,0,0,Missing,,,,,,,,,0
1,,38454,Port:10,0,0,0,Missing,,,,,,,,,0
1,,38478,Port:10,0,0,0,Missing,,,,,,,,,0
1,,38502,Port:10,0,0,0,Missing,,,,,,,,,0
1,,38518,Port:10,0,0,0,Missing,,,,,,,,,0
1,,38526,Port:10,0,0,0,Missing,,,,,,,,,0
1,,38542,Port:10,0,0,0,Missing,,,,,,,,,0
1,,38558,Port:10,0,0,0,Missing,,,,,,,,,0
1,,38574,Port:10,0,0,0,Missing,,,,,,,,,0
1,,38590,Port:10,0,0,0,Missing,,,,,,,,,0
1,,38606,Port:10,0,0,0,Missing,,,,,,,,,0
1,,38622,Port:10,0,0,0,Missing,,,,,,,,,0
1,,38638,Port:10,0,0,0,Missing,,,,,,,,,0
1,,38646,Port:10,0,0,0,Missing,,,,,,,,,0
1,,38662,Port:10,0,0,0,Missing,,,,,,,,,0
1,,38678,Port:10,0,0,0,Missing,,,,,,,,,0
1,,38694,Port:10,0,0,0,Missing,,,,,,,,,0
1,,38718,Port:10,0,0,0,Missing,,,,,,,,,0
1,,38742,Port:10,0,0,0,Missing,,,,,,,,,0
1,,38758,Port:10,0,0,0,Missing,,,,,,,,,0
1,,38766,Port:10,0,0,0,Missing,,,,,,,,,0
1,,38782,Port:10,0,0,0,Missing,,,,,,,,,0
1,,38798,Port:10,0,0,0,Missing,,,,,,,,,0
1,,38814,Port:10,0,0,0,Missing,,,,,,,,,0
1,,38830,Port:10,0,0,0,Missing,,,,,,,,,0
1,,38846,Port:10,0,0,0,Missing,,,,,,,,,0
1,,38862,Port:10,0,0,0,Missing,,,,,,,,,0
1,,38870,Port:10,0,0,0,Missing,,,,,,,,,0
1,,38886,Port:10,0,0,0,Missing,,,,,,,,,0
1,,38910,Port:10,0,0,0,Missing,,,,,,,,,0
1,,38918,Port:10,0,0,0,Missing,,,,,,,,,0
1,,38934,Port:10,0,0,0,Missing,,,,,,,,,0
1,,38950,Port:10,0,0,0,Missing,,,,,,,,,0
1,,38966,Port:10,0,0,0,Missing,,,,,,,,,0
1,,38990,Port:10,0,0,0,Missing,,,,,,,,,0
1,,39006,Port:10,0,0,0,Missing,,,,,,,,,0
1,,39030,Port:10,0,0,0,Missing,,,,,,,,,0
1,,39038,Port:10,0,0,0,Missing,,,,,,,,,0
1,,39054,Port:10,0,0,0,Missing,,,,,,,,,0
1,,39070,Port:10,0,0,0,Missing,,,,,,,,,0
1,,39086,Port:10,0,0,0,Missing,,,,,,,,,0
1,,39102,Port:10,0,0,0,Missing,,,,,,,,,0
1,,39110,Port:10,0,0,0,Missing,,,,,,,,,0
1,,39126,Port:10,0,0,0,Missing,,,,,,,,,0
1,,39150,Port:10,0,0,0,Missing,,,,,,,,,0
1,,39158,Port:10,0,0,0,Missing,,,,,,,,,0
1,,39190,Port:10,0,0,0,Missing,,,,,,,,,0
1,,39206,Port:10,0,0,0,Missing,,,,,,,,,0
1,,39222,Port:10,0,0,0,Missing,,,,,,,,,0
1,,39238,Port:10,0,0,0,Missing,,,,,,,,,0
1,,39254,Port:10,0,0,0,Missing,,,,,,,,,0
1,,39270,Port:10,0,0,0,Missing,,,,,,,,,0
1,,39286,Port:10,0,0,0,Missing,,,,,,,,,0
1,,39302,Port:10,0,0,0,Missing,,,,,,,,,0
1,,39310,Port:10,0,0,0,Missing,,,,,,,,,0
1,,39326,Port:10,0,0,0,Missing,,,,,,,,,0
1,,39350,Port:10,0,0,0,Missing,,,,,,,,,0
1,,39358,Port:10,0,0,0,Missing,,,,,,,,,0
1,,39374,Port:10,0,0,0,Missing,,,,,,,,,0
1,,39390,Port:10,0,0,0,Missing,,,,,,,,,0
1,,39406,Port:10,0,0,0,Missing,,,,,,,,,0
1,,39422,Port:10,0,0,0,Missing,,,,,,,,,0
1,,39430,Port:10,0,0,0,Missing,,,,,,,,,0
1,,39446,Port:10,0,0,0,Missing,,,,,,,,,0
1,,39470,Port:10,0,0,0,Missing,,,,,,,,,0
1,,39478,Port:10,0,0,0,Missing,,,,,,,,,0
1,,39510,Port:10,0,0,0,Missing,,,,,,,,,0
1,,39526,Port:10,0,0,0,Missing,,,,,,,,,0
1,,39542,Port:10,0,0,0,Missing,,,,,,,,,0
1,,39550,Port:10,0,0,0,Missing,,,,,,,,,0
1,,39566,Port:10,0,0,0,Missing,,,,,,,,,0
1,,39590,Port:10,0,0,0,Missing,,,,,,,,,0
1,,39598,Port:10,0,0,0,Missing,,,,,,,,,0
1,,39614,Port:10,0,0,0,Missing,,,,,,,,,0
1,,39630,Port:10,0,0,0,Missing,,,,,,,,,0
1,,39646,Port:10,0,0,0,Missing,,,,,,,,,0
1,,39654,Port:10,0,0,0,Missing,,,,,,,,,0
1,,39678,Port:10,0,0,0,Missing,,,,,,,,,0
1,,39686,Port:10,0,0,0,Missing,,,,,,,,,0
1,,39702,Port:10,0,0,0,Missing,,,,,,,,,0
1,,39718,Port:10,0,0,0,Missing,,,,,,,,,0
1,,39750,Port:10,0,0,0,Missing,,,,,,,,,0
1,,39766,Port:10,0,0,0,Missing,,,,,,,,,0
1,,39782,Port:10,0,0,0,Missing,,,,,,,,,0
1,,39798,Port:10,0,0,0,Missing,,,,,,,,,0
1,,39806,Port:10,0,0,0,Missing,,,,,,,,,0
1,,39822,Port:10,0,0,0,Missing,,,,,,,,,0
1,,39838,Port:10,0,0,0,Missing,,,,,,,,,0
1,,39854,Port:10,0,0,0,Missing,,,,,,,,,0
1,,39870,Port:10,0,0,0,Missing,,,,,,,,,0
1,,39886,Port:10,0,0,0,Missing,,,,,,,,,0
1,,39902,Port:10,0,0,0,Missing,,,,,,,,,0
1,,39918,Port:10,0,0,0,Missing,,,,,,,,,0
1,,39926,Port:10,0,0,0,Missing,,,,,,,,,0
1,,39942,Port:10,0,0,0,Missing,,,,,,,,,0
1,,39958,Port:10,0,0,0,Missing,,,,,,,,,0
1,,39990,Port:10,0,0,0,Missing,,,,,,,,,0
1,,40006,Port:10,0,0,0,Missing,,,,,,,,,0
1,,40022,Port:10,0,0,0,Missing,,,,,,,,,0
1,,40030,Port:10,0,0,0,Missing,,,,,,,,,0
1,,40046,Port:10,0,0,0,Missing,,,,,,,,,0
1,,40070,Port:10,0,0,0,Missing,,,,,,,,,0
1,,40078,Port:10,0,0,0,Missing,,,,,,,,,0
1,,40094,Port:10,0,0,0,Missing,,,,,,,,,0
1,,40110,Port:10,0,0,0,Missing,,,,,,,,,0
1,,40126,Port:10,0,0,0,Missing,,,,,,,,,0
1,,40142,Port:10,0,0,0,Missing,,,,,,,,,0
1,,40158,Port:10,0,0,0,Missing,,,,,,,,,0
1,,40166,Port:10,0,0,0,Missing,,,,,,,,,0
1,,40190,Port:10,0,0,0,Missing,,,,,,,,,0
1,,40206,Port:10,0,0,0,Missing,,,,,,,,,0
1,,40214,Port:10,0,0,0,Missing,,,,,,,,,0
1,,40230,Port:10,0,0,0,Missing,,,,,,,,,0
1,,40262,Port:10,0,0,0,Missing,,,,,,,,,0
1,,40270,Port:10,0,0,0,Missing,,,,,,,,,0
1,,40286,Port:10,0,0,0,Missing,,,,,,,,,0
1,,40310,Port:10,0,0,0,Missing,,,,,,,,,0
1,,40318,Port:10,0,0,0,Missing,,,,,,,,,0
1,,40334,Port:10,0,0,0,Missing,,,,,,,,,0
1,,40350,Port:10,0,0,0,Missing,,,,,,,,,0
1,,40366,Port:10,0,0,0,Missing,,,,,,,,,0
1,,40382,Port:10,0,0,0,Missing,,,,,,,,,0
1,,40398,Port:10,0,0,0,Missing,,,,,,,,,0
1,,40414,Port:10,0,0,0,Missing,,,,,,,,,0
1,,40422,Port:10,0,0,0,Missing,,,,,,,,,0
1,,40438,Port:10,0,0,0,Missing,,,,,,,,,0
1,,40454,Port:10,0,0,0,Missing,,,,,,,,,0
1,,40470,Port:10,0,0,0,Missing,,,,,,,,,0
1,,40486,Port:10,0,0,0,Missing,,,,,,,,,0
1,,40518,Port:10,0,0,0,Missing,,,,,,,,,0
1,,40534,Port:10,0,0,0,Missing,,,,,,,,,0
1,,40542,Port:10,0,0,0,Missing,,,,,,,,,0
1,,40558,Port:10,0,0,0,Missing,,,,,,,,,0
1,,40574,Port:10,0,0,0,Missing,,,,,,,,,0
1,,40590,Port:10,0,0,0,Missing,,,,,,,,,0
1,,40606,Port:10,0,0,0,Missing,,,,,,,,,0
1,,40622,Port:10,0,0,0,Missing,,,,,,,,,0
1,,40638,Port:10,0,0,0,Missing,,,,,,,,,0
1,,40654,Port:10,0,0,0,Missing,,,,,,,,,0
1,,40662,Port:10,0,0,0,Missing,,,,,,,,,0
1,,40678,Port:10,0,0,0,Missing,,,,,,,,,0
1,,40702,Port:10,0,0,0,Missing,,,,,,,,,0
1,,40710,Port:10,0,0,0,Missing,,,,,,,,,0
1,,40726,Port:10,0,0,0,Missing,,,,,,,,,0
1,,40758,Port:10,0,0,0,Missing,,,,,,,,,0
1,,40766,Port:10,0,0,0,Missing,,,,,,,,,0
1,,40790,Port:10,0,0,0,Missing,,,,,,,,,0
1,,40806,Port:10,0,0,0,Missing,,,,,,,,,0
1,,40814,Port:10,0,0,0,Missing,,,,,,,,,0
1,,40830,Port:10,0,0,0,Missing,,,,,,,,,0
1,,40846,Port:10,0,0,0,Missing,,,,,,,,,0
1,,40862,Port:10,0,0,0,Missing,,,,,,,,,0
1,,40878,Port:10,0,0,0,Missing,,,,,,,,,0
1,,40894,Port:10,0,0,0,Missing,,,,,,,,,0
1,,40910,Port:10,0,0,0,Missing,,,,,,,,,0
1,,40926,Port:10,0,0,0,Missing,,,,,,,,,0
1,,40934,Port:10,0,0,0,Missing,,,,,,,,,0
1,,40950,Port:10,0,0,0,Missing,,,,,,,,,0
1,,40982,Port:10,0,0,0,Missing,,,,,,,,,0
1,,40990,Port:10,0,0,0,Missing,,,,,,,,,0
1,,41014,Port:10,0,0,0,Missing,,,,,,,,,0
1,,41030,Port:10,0,0,0,Missing,,,,,,,,,0
1,,41038,Port:10,0,0,0,Missing,,,,,,,,,0
1,,41054,Port:10,0,0,0,Missing,,,,,,,,,0
1,,41070,Port:10,0,0,0,Missing,,,,,,,,,0
1,,41086,Port:10,0,0,0,Missing,,,,,,,,,0
1,,41102,Port:10,0,0,0,Missing,,,,,,,,,0
1,,41110,Port:10,0,0,0,Missing,,,,,,,,,0
1,,41134,Port:10,0,0,0,Missing,,,,,,,,,0
1,,41150,Port:10,0,0,0,Missing,,,,,,,,,0
1,,41166,Port:10,0,0,0,Missing,,,,,,,,,0
1,,41174,Port:10,0,0,0,Missing,,,,,,,,,0
1,,41190,Port:10,0,0,0,Missing,,,,,,,,,0
1,,41222,Port:10,0,0,0,Missing,,,,,,,,,0
1,,41238,Port:10,0,0,0,Missing,,,,,,,,,0
1,,41254,Port:10,0,0,0,Missing,,,,,,,,,0
1,,41270,Port:10,0,0,0,Missing,,,,,,,,,0
1,,41286,Port:10,0,0,0,Missing,,,,,,,,,0
1,,41294,Port:10,0,0,0,Missing,,,,,,,,,0
1,,41310,Port:10,0,0,0,Missing,,,,,,,,,0
1,,41326,Port:10,0,0,0,Missing,,,,,,,,,0
1,,41342,Port:10,0,0,0,Missing,,,,,,,,,0
1,,41350,Port:10,0,0,0,Missing,,,,,,,,,0
1,,41374,Port:10,0,0,0,Missing,,,,,,,,,0
1,,41390,Port:10,0,0,0,Missing,,,,,,,,,0
1,,41406,Port:10,0,0,0,Missing,,,,,,,,,0
1,,41414,Port:10,0,0,0,Missing,,,,,,,,,0
1,,41430,Port:10,0,0,0,Missing,,,,,,,,,0
1,,41462,Port:10,0,0,0,Missing,,,,,,,,,0
1,,41478,Port:10,0,0,0,Missing,,,,,,,,,0
1,,41494,Port:10,0,0,0,Missing,,,,,,,,,0
1,,41510,Port:10,0,0,0,Missing,,,,,,,,,0
1,,41526,Port:10,0,0,0,Missing,,,,,,,,,0
1,,41534,Port:10,0,0,0,Missing,,,,,,,,,0
1,,41550,Port:10,0,0,0,Missing,,,,,,,,,0
1,,41566,Port:10,0,0,0,Missing,,,,,,,,,0
1,,41582,Port:10,0,0,0,Missing,,,,,,,,,0
1,,41598,Port:10,0,0,0,Missing,,,,,,,,,0
1,,41614,Port:10,0,0,0,Missing,,,,,,,,,0
1,,41622,Port:10,0,0,0,Missing,,,,,,,,,0
1,,41638,Port:10,0,0,0,Missing,,,,,,,,,0
1,,41662,Port:10,0,0,0,Missing,,,,,,,,,0
1,,41670,Port:10,0,0,0,Missing,,,,,,,,,0
1,,41686,Port:10,0,0,0,Missing,,,,,,,,,0
1,,41718,Port:10,0,0,0,Missing,,,,,,,,,0
1,,41734,Port:10,0,0,0,Missing,,,,,,,,,0
1,,41742,Port:10,0,0,0,Missing,,,,,,,,,0
1,,41758,Port:10,0,0,0,Missing,,,,,,,,,0
1,,41782,Port:10,0,0,0,Missing,,,,,,,,,0
1,,41790,Port:10,0,0,0,Missing,,,,,,,,,0
1,,41806,Port:10,0,0,0,Missing,,,,,,,,,0
1,,41822,Port:10,0,0,0,Missing,,,,,,,,,0
1,,41838,Port:10,0,0,0,Missing,,,,,,,,,0
1,,41854,Port:10,0,0,0,Missing,,,,,,,,,0
1,,41862,Port:10,0,0,0,Missing,,,,,,,,,0
1,,41878,Port:10,0,0,0,Missing,,,,,,,,,0
1,,41894,Port:10,0,0,0,Missing,,,,,,,,,0
1,,41910,Port:10,0,0,0,Missing,,,,,,,,,0
1,,41926,Port:10,0,0,0,Missing,,,,,,,,,0
1,,41958,Port:10,0,0,0,Missing,,,,,,,,,0
1,,41966,Port:10,0,0,0,Missing,,,,,,,,,0
1,,41990,Port:10,0,0,0,Missing,,,,,,,,,0
1,,42006,Port:10,0,0,0,Missing,,,,,,,,,0
1,,42014,Port:10,0,0,0,Missing,,,,,,,,,0
1,,42030,Port:10,0,0,0,Missing,,,,,,,,,0
1,,42046,Port:10,0,0,0,Missing,,,,,,,,,0
1,,42062,Port:10,0,0,0,Missing,,,,,,,,,0
1,,42078,Port:10,0,0,0,Missing,,,,,,,,,0
1,,42094,Port:10,0,0,0,Missing,,,,,,,,,0
1,,42110,Port:10,0,0,0,Missing,,,,,,,,,0
1,,42126,Port:10,0,0,0,Missing,,,,,,,,,0
1,,42134,Port:10,0,0,0,Missing,,,,,,,,,0
1,,42150,Port:10,0,0,0,Missing,,,,,,,,,0
1,,42182,Port:10,0,0,0,Missing,,,,,,,,,0
1,,42198,Port:10,0,0,0,Missing,,,,,,,,,0
1,,42214,Port:10,0,0,0,Missing,,,,,,,,,0
1,,42230,Port:10,0,0,0,Missing,,,,,,,,,0
1,,42246,Port:10,0,0,0,Missing,,,,,,,,,0
1,,42254,Port:10,0,0,0,Missing,,,,,,,,,0
1,,42270,Port:10,0,0,0,Missing,,,,,,,,,0
1,,42286,Port:10,0,0,0,Missing,,,,,,,,,0
1,,42302,Port:10,0,0,0,Missing,,,,,,,,,0
1,,42318,Port:10,0,0,0,Missing,,,,,,,,,0
1,,42334,Port:10,0,0,0,Missing,,,,,,,,,0
1,,42350,Port:10,0,0,0,Missing,,,,,,,,,0
1,,42358,Port:10,0,0,0,Missing,,,,,,,,,0
1,,42382,Port:10,0,0,0,Missing,,,,,,,,,0
1,,42398,Port:10,0,0,0,Missing,,,,,,,,,0
1,,42406,Port:10,0,0,0,Missing,,,,,,,,,0
1,,42438,Port:10,0,0,0,Missing,,,,,,,,,0
1,,42454,Port:10,0,0,0,Missing,,,,,,,,,0
1,,42462,Port:10,0,0,0,Missing,,,,,,,,,0
1,,42478,Port:10,0,0,0,Missing,,,,,,,,,0
1,,42502,Port:10,0,0,0,Missing,,,,,,,,,0
1,,42510,Port:10,0,0,0,Missing,,,,,,,,,0
1,,42526,Port:10,0,0,0,Missing,,,,,,,,,0
1,,42542,Port:10,0,0,0,Missing,,,,,,,,,0
1,,42558,Port:10,0,0,0,Missing,,,,,,,,,0
1,,42574,Port:10,0,0,0,Missing,,,,,,,,,0
1,,42582,Port:10,0,0,0,Missing,,,,,,,,,0
1,,42598,Port:10,0,0,0,Missing,,,,,,,,,0
1,,42622,Port:10,0,0,0,Missing,,,,,,,,,0
1,,42630,Port:10,0,0,0,Missing,,,,,,,,,0
1,,42646,Port:10,0,0,0,Missing,,,,,,,,,0
1,,42678,Port:10,0,0,0,Missing,,,,,,,,,0
1,,42686,Port:10,0,0,0,Missing,,,,,,,,,0
1,,42710,Port:10,0,0,0,Missing,,,,,,,,,0
1,,42726,Port:10,0,0,0,Missing,,,,,,,,,0
1,,42734,Port:10,0,0,0,Missing,,,,,,,,,0
1,,42750,Port:10,0,0,0,Missing,,,,,,,,,0
1,,42766,Port:10,0,0,0,Missing,,,,,,,,,0
1,,42782,Port:10,0,0,0,Missing,,,,,,,,,0
1,,42798,Port:10,0,0,0,Missing,,,,,,,,,0
1,,42814,Port:10,0,0,0,Missing,,,,,,,,,0
1,,42830,Port:10,0,0,0,Missing,,,,,,,,,0
1,,42846,Port:10,0,0,0,Missing,,,,,,,,,0
1,,42854,Port:10,0,0,0,Missing,,,,,,,,,0
1,,42870,Port:10,0,0,0,Missing,,,,,,,,,0
1,,42902,Port:10,0,0,0,Missing,,,,,,,,,0
1,,42918,Port:10,0,0,0,Missing,,,,,,,,,0
1,,42934,Port:10,0,0,0,Missing,,,,,,,,,0
1,,42950,Port:10,0,0,0,Missing,,,,,,,,,0
1,,42966,Port:10,0,0,0,Missing,,,,,,,,,0
1,,42982,Port:10,0,0,0,Missing,,,,,,,,,0
1,,42990,Port:10,0,0,0,Missing,,,,,,,,,0
1,,43006,Port:10,0,0,0,Missing,,,,,,,,,0
1,,43022,Port:10,0,0,0,Missing,,,,,,,,,0
1,,43038,Port:10,0,0,0,Missing,,,,,,,,,0
1,,43054,Port:10,0,0,0,Missing,,,,,,,,,0
1,,43070,Port:10,0,0,0,Missing,,,,,,,,,0
1,,43078,Port:10,0,0,0,Missing,,,,,,,,,0
1,,43102,Port:10,0,0,0,Missing,,,,,,,,,0
1,,43118,Port:10,0,0,0,Missing,,,,,,,,,0
1,,43126,Port:10,0,0,0,Missing,,,,,,,,,0
1,,43158,Port:10,0,0,0,Missing,,,,,,,,,0
1,,43174,Port:10,0,0,0,Missing,,,,,,,,,0
1,,43182,Port:10,0,0,0,Missing,,,,,,,,,0
1,,43198,Port:10,0,0,0,Missing,,,,,,,,,0
1,,43222,Port:10,0,0,0,Missing,,,,,,,,,0
1,,43230,Port:10,0,0,0,Missing,,,,,,,,,0
1,,43246,Port:10,0,0,0,Missing,,,,,,,,,0
1,,43262,Port:10,0,0,0,Missing,,,,,,,,,0
1,,43278,Port:10,0,0,0,Missing,,,,,,,,,0
1,,43294,Port:10,0,0,0,Missing,,,,,,,,,0
1,,43302,Port:10,0,0,0,Missing,,,,,,,,,0
1,,43326,Port:10,0,0,0,Missing,,,,,,,,,0
1,,43342,Port:10,0,0,0,Missing,,,,,,,,,0
1,,43358,Port:10,0,0,0,Missing,,,,,,,,,0
1,,43366,Port:10,0,0,0,Missing,,,,,,,,,0
1,,43398,Port:10,0,0,0,Missing,,,,,,,,,0
1,,43414,Port:10,0,0,0,Missing,,,,,,,,,0
1,,43422,Port:10,0,0,0,Missing,,,,,,,,,0
1,,43446,Port:10,0,0,0,Missing,,,,,,,,,0
1,,43462,Port:10,0,0,0,Missing,,,,,,,,,0
1,,43478,Port:10,0,0,0,Missing,,,,,,,,,0
1,,43486,Port:10,0,0,0,Missing,,,,,,,,,0
1,,43502,Port:10,0,0,0,Missing,,,,,,,,,0
1,,43518,Port:10,0,0,0,Missing,,,,,,,,,0
1,,43534,Port:10,0,0,0,Missing,,,,,,,,,0
1,,43550,Port:10,0,0,0,Missing,,,,,,,,,0
1,,43566,Port:10,0,0,0,Missing,,,,,,,,,0
1,,43582,Port:10,0,0,0,Missing,,,,,,,,,0
1,,43598,Port:10,0,0,0,Missing,,,,,,,,,0
1,,43606,Port:10,0,0,0,Missing,,,,,,,,,0
1,,43638,Port:10,0,0,0,Missing,,,,,,,,,0
1,,43654,Port:10,0,0,0,Missing,,,,,,,,,0
1,,43670,Port:10,0,0,0,Missing,,,,,,,,,0
1,,43686,Port:10,0,0,0,Missing,,,,,,,,,0
1,,43702,Port:10,0,0,0,Missing,,,,,,,,,0
1,,43718,Port:10,0,0,0,Missing,,,,,,,,,0
1,,43726,Port:10,0,0,0,Missing,,,,,,,,,0
1,,43742,Port:10,0,0,0,Missing,,,,,,,,,0
1,,43758,Port:10,0,0,0,Missing,,,,,,,,,0
1,,43774,Port:10,0,0,0,Missing,,,,,,,,,0
1,,43782,Port:10,0,0,0,Missing,,,,,,,,,0
1,,43806,Port:10,0,0,0,Missing,,,,,,,,,0
1,,43814,Port:10,0,0,0,Missing,,,,,,,,,0
1,,43830,Port:10,0,0,0,Missing,,,,,,,,,0
1,,43846,Port:10,0,0,0,Missing,,,,,,,,,0
1,,43878,Port:10,0,0,0,Missing,,,,,,,,,0
1,,43894,Port:10,0,0,0,Missing,,,,,,,,,0
1,,43910,Port:10,0,0,0,Missing,,,,,,,,,0
1,,43926,Port:10,0,0,0,Missing,,,,,,,,,0
1,,43942,Port:10,0,0,0,Missing,,,,,,,,,0
1,,43958,Port:10,0,0,0,Missing,,,,,,,,,0
1,,43966,Port:10,0,0,0,Missing,,,,,,,,,0
1,,43982,Port:10,0,0,0,Missing,,,,,,,,,0
1,,43998,Port:10,0,0,0,Missing,,,,,,,,,0
1,,44014,Port:10,0,0,0,Missing,,,,,,,,,0
1,,44030,Port:10,0,0,0,Missing,,,,,,,,,0
1,,44046,Port:10,0,0,0,Missing,,,,,,,,,0
1,,44062,Port:10,0,0,0,Missing,,,,,,,,,0
1,,44078,Port:10,0,0,0,Missing,,,,,,,,,0
1,,44086,Port:10,0,0,0,Missing,,,,,,,,,0
1,,44118,Port:10,0,0,0,Missing,,,,,,,,,0
1,,44134,Port:10,0,0,0,Missing,,,,,,,,,0
1,,44150,Port:10,0,0,0,Missing,,,,,,,,,0
1,,44166,Port:10,0,0,0,Missing,,,,,,,,,0
1,,44182,Port:10,0,0,0,Missing,,,,,,,,,0
1,,44198,Port:10,0,0,0,Missing,,,,,,,,,0
1,,44206,Port:10,0,0,0,Missing,,,,,,,,,0
1,,44222,Port:10,0,0,0,Missing,,,,,,,,,0
1,,44238,Port:10,0,0,0,Missing,,,,,,,,,0
1,,44254,Port:10,0,0,0,Missing,,,,,,,,,0
1,,44270,Port:10,0,0,0,Missing,,,,,,,,,0
1,,44286,Port:10,0,0,0,Missing,,,,,,,,,0
1,,44294,Port:10,0,0,0,Missing,,,,,,,,,0
1,,44318,Port:10,0,0,0,Missing,,,,,,,,,0
1,,44342,Port:10,0,0,0,Missing,,,,,,,,,0
1,,44358,Port:10,0,0,0,Missing,,,,,,,,,0
1,,44374,Port:10,0,0,0,Missing,,,,,,,,,0
1,,44390,Port:10,0,0,0,Missing,,,,,,,,,0
1,,44406,Port:10,0,0,0,Missing,,,,,,,,,0
1,,44422,Port:10,0,0,0,Missing,,,,,,,,,0
1,,44438,Port:10,0,0,0,Missing,,,,,,,,,0
1,,44446,Port:10,0,0,0,Missing,,,,,,,,,0
1,,44462,Port:10,0,0,0,Missing,,,,,,,,,0
1,,44478,Port:10,0,0,0,Missing,,,,,,,,,0
1,,44494,Port:10,0,0,0,Missing,,,,,,,,,0
1,,44510,Port:10,0,0,0,Missing,,,,,,,,,0
1,,44518,Port:10,0,0,0,Missing,,,,,,,,,0
1,,44542,Port:10,0,0,0,Missing,,,,,,,,,0
1,,44558,Port:10,0,0,0,Missing,,,,,,,,,0
1,,44582,Port:10,0,0,0,Missing,,,,,,,,,0
1,,44598,Port:10,0,0,0,Missing,,,,,,,,,0
1,,44614,Port:10,0,0,0,Missing,,,,,,,,,0
1,,44630,Port:10,0,0,0,Missing,,,,,,,,,0
1,,44646,Port:10,0,0,0,Missing,,,,,,,,,0
1,,44662,Port:10,0,0,0,Missing,,,,,,,,,0
1,,44670,Port:10,0,0,0,Missing,,,,,,,,,0
1,,44686,Port:10,0,0,0,Missing,,,,,,,,,0
1,,44702,Port:10,0,0,0,Missing,,,,,,,,,0
1,,44718,Port:10,0,0,0,Missing,,,,,,,,,0
1,,44734,Port:10,0,0,0,Missing,,,,,,,,,0
1,,44750,Port:10,0,0,0,Missing,,,,,,,,,0
1,,44766,Port:10,0,0,0,Missing,,,,,,,,,0
1,,44774,Port:10,0,0,0,Missing,,,,,,,,,0
1,,44798,Port:10,0,0,0,Missing,,,,,,,,,0
1,,44822,Port:10,0,0,0,Missing,,,,,,,,,0
1,,44838,Port:10,0,0,0,Missing,,,,,,,,,0
1,,44854,Port:10,0,0,0,Missing,,,,,,,,,0
1,,44870,Port:10,0,0,0,Missing,,,,,,,,,0
1,,44886,Port:10,0,0,0,Missing,,,,,,,,,0
1,,44902,Port:10,0,0,0,Missing,,,,,,,,,0
1,,44910,Port:10,0,0,0,Missing,,,,,,,,,0
1,,44926,Port:10,0,0,0,Missing,,,,,,,,,0
1,,44942,Port:10,0,0,0,Missing,,,,,,,,,0
1,,44958,Port:10,0,0,0,Missing,,,,,,,,,0
1,,44974,Port:10,0,0,0,Missing,,,,,,,,,0
1,,44990,Port:10,0,0,0,Missing,,,,,,,,,0
1,,45006,Port:10,0,0,0,Missing,,,,,,,,,0
1,,45022,Port:10,0,0,0,Missing,,,,,,,,,0
1,,45038,Port:10,0,0,0,Missing,,,,,,,,,0
1,,45046,Port:10,0,0,0,Missing,,,,,,,,,0
1,,45078,Port:10,0,0,0,Missing,,,,,,,,,0
1,,45094,Port:10,0,0,0,Missing,,,,,,,,,0
1,,45110,Port:10,0,0,0,Missing,,,,,,,,,0
1,,45126,Port:10,0,0,0,Missing,,,,,,,,,0
1,,45142,Port:10,0,0,0,Missing,,,,,,,,,0
1,,45158,Port:10,0,0,0,Missing,,,,,,,,,0
1,,45166,Port:10,0,0,0,Missing,,,,,,,,,0
1,,45182,Port:10,0,0,0,Missing,,,,,,,,,0
1,,45198,Port:10,0,0,0,Missing,,,,,,,,,0
1,,45214,Port:10,0,0,0,Missing,,,,,,,,,0
1,,45230,Port:10,0,0,0,Missing,,,,,,,,,0
1,,45246,Port:10,0,0,0,Missing,,,,,,,,,0
1,,45262,Port:10,0,0,0,Missing,,,,,,,,,0
1,,45278,Port:10,0,0,0,Missing,,,,,,,,,0
1,,45286,Port:10,0,0,0,Missing,,,,,,,,,0
1,,45318,Port:10,0,0,0,Missing,,,,,,,,,0
1,,45334,Port:10,0,0,0,Missing,,,,,,,,,0
1,,45350,Port:10,0,0,0,Missing,,,,,,,,,0
1,,45366,Port:10,0,0,0,Missing,,,,,,,,,0
1,,45382,Port:10,0,0,0,Missing,,,,,,,,,0
1,,45398,Port:10,0,0,0,Missing,,,,,,,,,0
1,,45406,Port:10,0,0,0,Missing,,,,,,,,,0
1,,45422,Port:10,0,0,0,Missing,,,,,,,,,0
1,,45438,Port:10,0,0,0,Missing,,,,,,,,,0
1,,45454,Port:10,0,0,0,Missing,,,,,,,,,0
1,,45470,Port:10,0,0,0,Missing,,,,,,,,,0
1,,45486,Port:10,0,0,0,Missing,,,,,,,,,0
1,,45502,Port:10,0,0,0,Missing,,,,,,,,,0
1,,45518,Port:10,0,0,0,Missing,,,,,,,,,0
1,,45542,Port:10,0,0,0,Missing,,,,,,,,,0
1,,45558,Port:10,0,0,0,Missing,,,,,,,,,0
1,,45574,Port:10,0,0,0,Missing,,,,,,,,,0
1,,45590,Port:10,0,0,0,Missing,,,,,,,,,0
1,,45606,Port:10,0,0,0,Missing,,,,,,,,,0
1,,45622,Port:10,0,0,0,Missing,,,,,,,,,0
1,,45638,Port:10,0,0,0,Missing,,,,,,,,,0
1,,45646,Port:10,0,0,0,Missing,,,,,,,,,0
1,,45662,Port:10,0,0,0,Missing,,,,,,,,,0
1,,45678,Port:10,0,0,0,Missing,,,,,,,,,0
1,,45694,Port:10,0,0,0,Missing,,,,,,,,,0
1,,45710,Port:10,0,0,0,Missing,,,,,,,,,0
1,,45726,Port:10,0,0,0,Missing,,,,,,,,,0
1,,45742,Port:10,0,0,0,Missing,,,,,,,,,0
1,,45750,Port:10,0,0,0,Missing,,,,,,,,,0
1,,45774,Port:10,0,0,0,Missing,,,,,,,,,0
1,,45782,Port:10,0,0,0,Missing,,,,,,,,,0
1,,45814,Port:10,0,0,0,Missing,,,,,,,,,0
1,,45830,Port:10,0,0,0,Missing,,,,,,,,,0
1,,45846,Port:10,0,0,0,Missing,,,,,,,,,0
1,,45854,Port:10,0,0,0,Missing,,,,,,,,,0
1,,45878,Port:10,0,0,0,Missing,,,,,,,,,0
1,,45894,Port:10,0,0,0,Missing,,,,,,,,,0
1,,45910,Port:10,0,0,0,Missing,,,,,,,,,0
1,,45918,Port:10,0,0,0,Missing,,,,,,,,,0
1,,45934,Port:10,0,0,0,Missing,,,,,,,,,0
1,,45950,Port:10,0,0,0,Missing,,,,,,,,,0
1,,45966,Port:10,0,0,0,Missing,,,,,,,,,0
1,,45974,Port:10,0,0,0,Missing,,,,,,,,,0
1,,45998,Port:10,0,0,0,Missing,,,,,,,,,0
1,,46014,Port:10,0,0,0,Missing,,,,,,,,,0
1,,46030,Port:10,0,0,0,Missing,,,,,,,,,0
1,,46054,Port:10,0,0,0,Missing,,,,,,,,,0
1,,46070,Port:10,0,0,0,Missing,,,,,,,,,0
1,,46086,Port:10,0,0,0,Missing,,,,,,,,,0
1,,46102,Port:10,0,0,0,Missing,,,,,,,,,0
1,,46118,Port:10,0,0,0,Missing,,,,,,,,,0
1,,46134,Port:10,0,0,0,Missing,,,,,,,,,0
1,,46150,Port:10,0,0,0,Missing,,,,,,,,,0
1,,46158,Port:10,0,0,0,Missing,,,,,,,,,0
1,,46174,Port:10,0,0,0,Missing,,,,,,,,,0
1,,46190,Port:10,0,0,0,Missing,,,,,,,,,0
1,,46206,Port:10,0,0,0,Missing,,,,,,,,,0
1,,46222,Port:10,0,0,0,Missing,,,,,,,,,0
1,,46238,Port:10,0,0,0,Missing,,,,,,,,,0
1,,46254,Port:10,0,0,0,Missing,,,,,,,,,0
1,,46278,Port:10,0,0,0,Missing,,,,,,,,,0
1,,46294,Port:10,0,0,0,Missing,,,,,,,,,0
1,,46310,Port:10,0,0,0,Missing,,,,,,,,,0
1,,46326,Port:10,0,0,0,Missing,,,,,,,,,0
1,,46342,Port:10,0,0,0,Missing,,,,,,,,,0
1,,46358,Port:10,0,0,0,Missing,,,,,,,,,0
1,,46374,Port:10,0,0,0,Missing,,,,,,,,,0
1,,46382,Port:10,0,0,0,Missing,,,,,,,,,0
1,,46398,Port:10,0,0,0,Missing,,,,,,,,,0
1,,46414,Port:10,0,0,0,Missing,,,,,,,,,0
1,,46430,Port:10,0,0,0,Missing,,,,,,,,,0
1,,46446,Port:10,0,0,0,Missing,,,,,,,,,0
1,,46462,Port:10,0,0,0,Missing,,,,,,,,,0
1,,46478,Port:10,0,0,0,Missing,,,,,,,,,0
1,,46494,Port:10,0,0,0,Missing,,,,,,,,,0
1,,46518,Port:10,0,0,0,Missing,,,,,,,,,0
1,,46534,Port:10,0,0,0,Missing,,,,,,,,,0
1,,46550,Port:10,0,0,0,Missing,,,,,,,,,0
1,,46566,Port:10,0,0,0,Missing,,,,,,,,,0
1,,46582,Port:10,0,0,0,Missing,,,,,,,,,0
1,,46598,Port:10,0,0,0,Missing,,,,,,,,,0
1,,46606,Port:10,0,0,0,Missing,,,,,,,,,0
1,,46622,Port:10,0,0,0,Missing,,,,,,,,,0
1,,46646,Port:10,0,0,0,Missing,,,,,,,,,0
1,,46654,Port:10,0,0,0,Missing,,,,,,,,,0
1,,46670,Port:10,0,0,0,Missing,,,,,,,,,0
1,,46686,Port:10,0,0,0,Missing,,,,,,,,,0
1,,46702,Port:10,0,0,0,Missing,,,,,,,,,0
1,,46726,Port:10,0,0,0,Missing,,,,,,,,,0
1,,46742,Port:10,0,0,0,Missing,,,,,,,,,0
1,,46766,Port:10,0,0,0,Missing,,,,,,,,,0
1,,46774,Port:10,0,0,0,Missing,,,,,,,,,0
1,,46790,Port:10,0,0,0,Missing,,,,,,,,,0
1,,46806,Port:10,0,0,0,Missing,,,,,,,,,0
1,,46822,Port:10,0,0,0,Missing,,,,,,,,,0
1,,46838,Port:10,0,0,0,Missing,,,,,,,,,0
1,,46846,Port:10,0,0,0,Missing,,,,,,,,,0
1,,46862,Port:10,0,0,0,Missing,,,,,,,,,0
1,,46886,Port:10,0,0,0,Missing,,,,,,,,,0
1,,46894,Port:10,0,0,0,Missing,,,,,,,,,0
1,,46910,Port:10,0,0,0,Missing,,,,,,,,,0
1,,46926,Port:10,0,0,0,Missing,,,,,,,,,0
1,,46942,Port:10,0,0,0,Missing,,,,,,,,,0
1,,46958,Port:10,0,0,0,Missing,,,,,,,,,0
1,,46974,Port:10,0,0,0,Missing,,,,,,,,,0
1,,46990,Port:10,0,0,0,Missing,,,,,,,,,0
1,,47014,Port:10,0,0,0,Missing,,,,,,,,,0
1,,47030,Port:10,0,0,0,Missing,,,,,,,,,0
1,,47046,Port:10,0,0,0,Missing,,,,,,,,,0
1,,47062,Port:10,0,0,0,Missing,,,,,,,,,0
1,,47078,Port:10,0,0,0,Missing,,,,,,,,,0
1,,47094,Port:10,0,0,0,Missing,,,,,,,,,0
1,,47110,Port:10,0,0,0,Missing,,,,,,,,,0
1,,47118,Port:10,0,0,0,Missing,,,,,,,,,0
1,,47134,Port:10,0,0,0,Missing,,,,,,,,,0
1,,47150,Port:10,0,0,0,Missing,,,,,,,,,0
1,,47166,Port:10,0,0,0,Missing,,,,,,,,,0
1,,47198,Port:10,0,0,0,Missing,,,,,,,,,0
1,,47214,Port:10,0,0,0,Missing,,,,,,,,,0
1,,47230,Port:10,0,0,0,Missing,,,,,,,,,0
1,,47238,Port:10,0,0,0,Missing,,,,,,,,,0
1,,47254,Port:10,0,0,0,Missing,,,,,,,,,0
1,,47270,Port:10,0,0,0,Missing,,,,,,,,,0
1,,47286,Port:10,0,0,0,Missing,,,,,,,,,0
1,,47302,Port:10,0,0,0,Missing,,,,,,,,,0
1,,47318,Port:10,0,0,0,Missing,,,,,,,,,0
1,,47326,Port:10,0,0,0,Missing,,,,,,,,,0
1,,47342,Port:10,0,0,0,Missing,,,,,,,,,0
1,,47366,Port:10,0,0,0,Missing,,,,,,,,,0
1,,47374,Port:10,0,0,0,Missing,,,,,,,,,0
1,,47390,Port:10,0,0,0,Missing,,,,,,,,,0
1,,47406,Port:10,0,0,0,Missing,,,,,,,,,0
1,,47422,Port:10,0,0,0,Missing,,,,,,,,,0
1,,47438,Port:10,0,0,0,Missing,,,,,,,,,0
1,,47462,Port:10,0,0,0,Missing,,,,,,,,,0
1,,47486,Port:10,0,0,0,Missing,,,,,,,,,0
1,,47502,Port:10,0,0,0,Missing,,,,,,,,,0
1,,47510,Port:10,0,0,0,Missing,,,,,,,,,0
1,,47526,Port:10,0,0,0,Missing,,,,,,,,,0
1,,47542,Port:10,0,0,0,Missing,,,,,,,,,0
1,,47558,Port:10,0,0,0,Missing,,,,,,,,,0
1,,47566,Port:10,0,0,0,Missing,,,,,,,,,0
1,,47582,Port:10,0,0,0,Missing,,,,,,,,,0
1,,47606,Port:10,0,0,0,Missing,,,,,,,,,0
1,,47614,Port:10,0,0,0,Missing,,,,,,,,,0
1,,47630,Port:10,0,0,0,Missing,,,,,,,,,0
1,,47646,Port:10,0,0,0,Missing,,,,,,,,,0
1,,47662,Port:10,0,0,0,Missing,,,,,,,,,0
1,,47678,Port:10,0,0,0,Missing,,,,,,,,,0
1,,47694,Port:10,0,0,0,Missing,,,,,,,,,0
1,,47710,Port:10,0,0,0,Missing,,,,,,,,,0
1,,47734,Port:10,0,0,0,Missing,,,,,,,,,0
1,,47750,Port:10,0,0,0,Missing,,,,,,,,,0
1,,47766,Port:10,0,0,0,Missing,,,,,,,,,0
1,,47782,Port:10,0,0,0,Missing,,,,,,,,,0
1,,47798,Port:10,0,0,0,Missing,,,,,,,,,0
1,,47814,Port:10,0,0,0,Missing,,,,,,,,,0
1,,47830,Port:10,0,0,0,Missing,,,,,,,,,0
1,,47838,Port:10,0,0,0,Missing,,,,,,,,,0
1,,47854,Port:10,0,0,0,Missing,,,,,,,,,0
1,,47870,Port:10,0,0,0,Missing,,,,,,,,,0
1,,47886,Port:10,0,0,0,Missing,,,,,,,,,0
1,,47902,Port:10,0,0,0,Missing,,,,,,,,,0
1,,47918,Port:10,0,0,0,Missing,,,,,,,,,0
1,,47934,Port:10,0,0,0,Missing,,,,,,,,,0
1,,47958,Port:10,0,0,0,Missing,,,,,,,,,0
1,,47974,Port:10,0,0,0,Missing,,,,,,,,,0
1,,47990,Port:10,0,0,0,Missing,,,,,,,,,0
1,,48006,Port:10,0,0,0,Missing,,,,,,,,,0
1,,48022,Port:10,0,0,0,Missing,,,,,,,,,0
1,,48038,Port:10,0,0,0,Missing,,,,,,,,,0
1,,48054,Port:10,0,0,0,Missing,,,,,,,,,0
1,,48070,Port:10,0,0,0,Missing,,,,,,,,,0
1,,48078,Port:10,0,0,0,Missing,,,,,,,,,0
1,,48094,Port:10,0,0,0,Missing,,,,,,,,,0
1,,48110,Port:10,0,0,0,Missing,,,,,,,,,0
1,,48126,Port:10,0,0,0,Missing,,,,,,,,,0
1,,48142,Port:10,0,0,0,Missing,,,,,,,,,0
1,,48158,Port:10,0,0,0,Missing,,,,,,,,,0
1,,48174,Port:10,0,0,0,Missing,,,,,,,,,0
1,,48198,Port:10,0,0,0,Missing,,,,,,,,,0
1,,48214,Port:10,0,0,0,Missing,,,,,,,,,0
1,,48230,Port:10,0,0,0,Missing,,,,,,,,,0
1,,48246,Port:10,0,0,0,Missing,,,,,,,,,0
1,,48262,Port:10,0,0,0,Missing,,,,,,,,,0
1,,48278,Port:10,0,0,0,Missing,,,,,,,,,0
1,,48294,Port:10,0,0,0,Missing,,,,,,,,,0
1,,48310,Port:10,0,0,0,Missing,,,,,,,,,0
1,,48318,Port:10,0,0,0,Missing,,,,,,,,,0
1,,48334,Port:10,0,0,0,Missing,,,,,,,,,0
1,,48358,Port:10,0,0,0,Missing,,,,,,,,,0
1,,48366,Port:10,0,0,0,Missing,,,,,,,,,0
1,,48382,Port:10,0,0,0,Missing,,,,,,,,,0
1,,48398,Port:10,0,0,0,Missing,,,,,,,,,0
1,,48414,Port:10,0,0,0,Missing,,,,,,,,,0
1,,48438,Port:10,0,0,0,Missing,,,,,,,,,0
1,,48454,Port:10,0,0,0,Missing,,,,,,,,,0
1,,48470,Port:10,0,0,0,Missing,,,,,,,,,0
1,,48486,Port:10,0,0,0,Missing,,,,,,,,,0
1,,48502,Port:10,0,0,0,Missing,,,,,,,,,0
1,,48518,Port:10,0,0,0,Missing,,,,,,,,,0
1,,48534,Port:10,0,0,0,Missing,,,,,,,,,0
1,,48550,Port:10,0,0,0,Missing,,,,,,,,,0
1,,48566,Port:10,0,0,0,Missing,,,,,,,,,0
1,,48582,Port:10,0,0,0,Missing,,,,,,,,,0
1,,48590,Port:10,0,0,0,Missing,,,,,,,,,0
1,,48606,Port:10,0,0,0,Missing,,,,,,,,,0
1,,48622,Port:10,0,0,0,Missing,,,,,,,,,0
1,,48638,Port:10,0,0,0,Missing,,,,,,,,,0
1,,48670,Port:10,0,0,0,Missing,,,,,,,,,0
1,,48686,Port:10,0,0,0,Missing,,,,,,,,,0
1,,48702,Port:10,0,0,0,Missing,,,,,,,,,0
1,,48710,Port:10,0,0,0,Missing,,,,,,,,,0
1,,48726,Port:10,0,0,0,Missing,,,,,,,,,0
1,,48742,Port:10,0,0,0,Missing,,,,,,,,,0
1,,48758,Port:10,0,0,0,Missing,,,,,,,,,0
1,,48774,Port:10,0,0,0,Missing,,,,,,,,,0
1,,48790,Port:10,0,0,0,Missing,,,,,,,,,0
1,,48806,Port:10,0,0,0,Missing,,,,,,,,,0
1,,48822,Port:10,0,0,0,Missing,,,,,,,,,0
1,,48830,Port:10,0,0,0,Missing,,,,,,,,,0
1,,48846,Port:10,0,0,0,Missing,,,,,,,,,0
1,,48862,Port:10,0,0,0,Missing,,,,,,,,,0
1,,48878,Port:10,0,0,0,Missing,,,,,,,,,0
1,,48894,Port:10,0,0,0,Missing,,,,,,,,,0
1,,48918,Port:10,0,0,0,Missing,,,,,,,,,0
1,,48934,Port:10,0,0,0,Missing,,,,,,,,,0
1,,48958,Port:10,0,0,0,Missing,,,,,,,,,0
1,,48966,Port:10,0,0,0,Missing,,,,,,,,,0
1,,48982,Port:10,0,0,0,Missing,,,,,,,,,0
1,,48998,Port:10,0,0,0,Missing,,,,,,,,,0
1,,49014,Port:10,0,0,0,Missing,,,,,,,,,0
1,,49030,Port:10,0,0,0,Missing,,,,,,,,,0
1,,49038,Port:10,0,0,0,Missing,,,,,,,,,0
1,,49054,Port:10,0,0,0,Missing,,,,,,,,,0
1,,49078,Port:10,0,0,0,Missing,,,,,,,,,0
1,,49086,Port:10,0,0,0,Missing,,,,,,,,,0
1,,49118,Port:10,0,0,0,Missing,,,,,,,,,0
1,,49134,Port:10,0,0,0,Missing,,,,,,,,,0
1,,49150,Port:10,0,0,0,Missing,,,,,,,,,0
1,,49158,Port:10,0,0,0,Missing,,,,,,,,,0
1,,49174,Port:10,0,0,0,Missing,,,,,,,,,0
1,,49198,Port:10,0,0,0,Missing,,,,,,,,,0
1,,49206,Port:10,0,0,0,Missing,,,,,,,,,0
1,,49222,Port:10,0,0,0,Missing,,,,,,,,,0
1,,49238,Port:10,0,0,0,Missing,,,,,,,,,0
1,,49254,Port:10,0,0,0,Missing,,,,,,,,,0
1,,49270,Port:10,0,0,0,Missing,,,,,,,,,0
1,,49286,Port:10,0,0,0,Missing,,,,,,,,,0
1,,49302,Port:10,0,0,0,Missing,,,,,,,,,0
1,,49310,Port:10,0,0,0,Missing,,,,,,,,,0
1,,49326,Port:10,0,0,0,Missing,,,,,,,,,0
1,,49342,Port:10,0,0,0,Missing,,,,,,,,,0
1,,49358,Port:10,0,0,0,Missing,,,,,,,,,0
1,,49390,Port:10,0,0,0,Missing,,,,,,,,,0
1,,49406,Port:10,0,0,0,Missing,,,,,,,,,0
1,,49422,Port:10,0,0,0,Missing,,,,,,,,,0
1,,49430,Port:10,0,0,0,Missing,,,,,,,,,0
1,,49446,Port:10,0,0,0,Missing,,,,,,,,,0
1,,49462,Port:10,0,0,0,Missing,,,,,,,,,0
1,,49478,Port:10,0,0,0,Missing,,,,,,,,,0
1,,49494,Port:10,0,0,0,Missing,,,,,,,,,0
1,,49510,Port:10,0,0,0,Missing,,,,,,,,,0
1,,49526,Port:10,0,0,0,Missing,,,,,,,,,0
1,,49542,Port:10,0,0,0,Missing,,,,,,,,,0
1,,49550,Port:10,0,0,0,Missing,,,,,,,,,0
1,,49566,Port:10,0,0,0,Missing,,,,,,,,,0
1,,49582,Port:10,0,0,0,Missing,,,,,,,,,0
1,,49598,Port:10,0,0,0,Missing,,,,,,,,,0
1,,49614,Port:10,0,0,0,Missing,,,,,,,,,0
1,,49630,Port:10,0,0,0,Missing,,,,,,,,,0
1,,49654,Port:10,0,0,0,Missing,,,,,,,,,0
1,,49670,Port:10,0,0,0,Missing,,,,,,,,,0
1,,49686,Port:10,0,0,0,Missing,,,,,,,,,0
1,,49702,Port:10,0,0,0,Missing,,,,,,,,,0
1,,49718,Port:10,0,0,0,Missing,,,,,,,,,0
1,,49734,Port:10,0,0,0,Missing,,,,,,,,,0
1,,49750,Port:10,0,0,0,Missing,,,,,,,,,0
1,,49766,Port:10,0,0,0,Missing,,,,,,,,,0
1,,49774,Port:10,0,0,0,Missing,,,,,,,,,0
1,,49790,Port:10,0,0,0,Missing,,,,,,,,,0
1,,49806,Port:10,0,0,0,Missing,,,,,,,,,0
1,,49830,Port:10,0,0,0,Missing,,,,,,,,,0
1,,49838,Port:10,0,0,0,Missing,,,,,,,,,0
1,,49854,Port:10,0,0,0,Missing,,,,,,,,,0
1,,49886,Port:10,0,0,0,Missing,,,,,,,,,0
1,,49894,Port:10,0,0,0,Missing,,,,,,,,,0
1,,49910,Port:10,0,0,0,Missing,,,,,,,,,0
1,,49926,Port:10,0,0,0,Missing,,,,,,,,,0
1,,49942,Port:10,0,0,0,Missing,,,,,,,,,0
1,,49958,Port:10,0,0,0,Missing,,,,,,,,,0
1,,49974,Port:10,0,0,0,Missing,,,,,,,,,0
1,,49990,Port:10,0,0,0,Missing,,,,,,,,,0
1,,50006,Port:10,0,0,0,Missing,,,,,,,,,0
1,,50022,Port:10,0,0,0,Missing,,,,,,,,,0
1,,50038,Port:10,0,0,0,Missing,,,,,,,,,0
1,,50046,Port:10,0,0,0,Missing,,,,,,,,,0
1,,50078,Port:10,0,0,0,Missing,,,,,,,,,0
1,,50094,Port:10,0,0,0,Missing,,,,,,,,,0
1,,50102,Port:10,0,0,0,Missing,,,,,,,,,0
1,,50126,Port:10,0,0,0,Missing,,,,,,,,,0
1,,50142,Port:10,0,0,0,Missing,,,,,,,,,0
1,,50150,Port:10,0,0,0,Missing,,,,,,,,,0
1,,50166,Port:10,0,0,0,Missing,,,,,,,,,0
1,,50182,Port:10,0,0,0,Missing,,,,,,,,,0
1,,50198,Port:10,0,0,0,Missing,,,,,,,,,0
1,,50214,Port:10,0,0,0,Missing,,,,,,,,,0
1,,50230,Port:10,0,0,0,Missing,,,,,,,,,0
1,,50246,Port:10,0,0,0,Missing,,,,,,,,,0
1,,50262,Port:10,0,0,0,Missing,,,,,,,,,0
1,,50278,Port:10,0,0,0,Missing,,,,,,,,,0
1,,50286,Port:10,0,0,0,Missing,,,,,,,,,0
1,,50302,Port:10,0,0,0,Missing,,,,,,,,,0
1,,50318,Port:10,0,0,0,Missing,,,,,,,,,0
1,,50350,Port:10,0,0,0,Missing,,,,,,,,,0
1,,50366,Port:10,0,0,0,Missing,,,,,,,,,0
1,,50374,Port:10,0,0,0,Missing,,,,,,,,,0
1,,50398,Port:10,0,0,0,Missing,,,,,,,,,0
1,,50406,Port:10,0,0,0,Missing,,,,,,,,,0
1,,50422,Port:10,0,0,0,Missing,,,,,,,,,0
1,,50438,Port:10,0,0,0,Missing,,,,,,,,,0
1,,50454,Port:10,0,0,0,Missing,,,,,,,,,0
1,,50470,Port:10,0,0,0,Missing,,,,,,,,,0
1,,50486,Port:10,0,0,0,Missing,,,,,,,,,0
1,,50494,Port:10,0,0,0,Missing,,,,,,,,,0
1,,50518,Port:10,0,0,0,Missing,,,,,,,,,0
1,,50526,Port:10,0,0,0,Missing,,,,,,,,,0
1,,50542,Port:10,0,0,0,Missing,,,,,,,,,0
1,,50558,Port:10,0,0,0,Missing,,,,,,,,,0
1,,50590,Port:10,0,0,0,Missing,,,,,,,,,0
1,,50598,Port:10,0,0,0,Missing,,,,,,,,,0
1,,50614,Port:10,0,0,0,Missing,,,,,,,,,0
1,,50638,Port:10,0,0,0,Missing,,,,,,,,,0
1,,50654,Port:10,0,0,0,Missing,,,,,,,,,0
1,,50662,Port:10,0,0,0,Missing,,,,,,,,,0
1,,50678,Port:10,0,0,0,Missing,,,,,,,,,0
1,,50694,Port:10,0,0,0,Missing,,,,,,,,,0
1,,50710,Port:10,0,0,0,Missing,,,,,,,,,0
1,,50726,Port:10,0,0,0,Missing,,,,,,,,,0
1,,50734,Port:10,0,0,0,Missing,,,,,,,,,0
1,,50758,Port:10,0,0,0,Missing,,,,,,,,,0
1,,50766,Port:10,0,0,0,Missing,,,,,,,,,0
1,,50782,Port:10,0,0,0,Missing,,,,,,,,,0
1,,50814,Port:10,0,0,0,Missing,,,,,,,,,0
1,,50830,Port:10,0,0,0,Missing,,,,,,,,,0
1,,50846,Port:10,0,0,0,Missing,,,,,,,,,0
1,,50862,Port:10,0,0,0,Missing,,,,,,,,,0
1,,50878,Port:10,0,0,0,Missing,,,,,,,,,0
1,,50886,Port:10,0,0,0,Missing,,,,,,,,,0
1,,50902,Port:10,0,0,0,Missing,,,,,,,,,0
1,,50918,Port:10,0,0,0,Missing,,,,,,,,,0
1,,50934,Port:10,0,0,0,Missing,,,,,,,,,0
1,,50950,Port:10,0,0,0,Missing,,,,,,,,,0
1,,50966,Port:10,0,0,0,Missing,,,,,,,,,0
1,,50982,Port:10,0,0,0,Missing,,,,,,,,,0
1,,50998,Port:10,0,0,0,Missing,,,,,,,,,0
1,,51006,Port:10,0,0,0,Missing,,,,,,,,,0
1,,51022,Port:10,0,0,0,Missing,,,,,,,,,0
1,,51054,Port:10,0,0,0,Missing,,,,,,,,,0
1,,51070,Port:10,0,0,0,Missing,,,,,,,,,0
1,,51086,Port:10,0,0,0,Missing,,,,,,,,,0
1,,51102,Port:10,0,0,0,Missing,,,,,,,,,0
1,,51110,Port:10,0,0,0,Missing,,,,,,,,,0
1,,51126,Port:10,0,0,0,Missing,,,,,,,,,0
1,,51142,Port:10,0,0,0,Missing,,,,,,,,,0
1,,51158,Port:10,0,0,0,Missing,,,,,,,,,0
1,,51174,Port:10,0,0,0,Missing,,,,,,,,,0
1,,51190,Port:10,0,0,0,Missing,,,,,,,,,0
1,,51206,Port:10,0,0,0,Missing,,,,,,,,,0
1,,51222,Port:10,0,0,0,Missing,,,,,,,,,0
1,,51230,Port:10,0,0,0,Missing,,,,,,,,,0
1,,51246,Port:10,0,0,0,Missing,,,,,,,,,0
1,,51270,Port:10,0,0,0,Missing,,,,,,,,,0
1,,51278,Port:10,0,0,0,Missing,,,,,,,,,0
1,,51294,Port:10,0,0,0,Missing,,,,,,,,,0
1,,51326,Port:10,0,0,0,Missing,,,,,,,,,0
1,,51342,Port:10,0,0,0,Missing,,,,,,,,,0
1,,51350,Port:10,0,0,0,Missing,,,,,,,,,0
1,,51366,Port:10,0,0,0,Missing,,,,,,,,,0
1,,51390,Port:10,0,0,0,Missing,,,,,,,,,0
1,,51398,Port:10,0,0,0,Missing,,,,,,,,,0
1,,51414,Port:10,0,0,0,Missing,,,,,,,,,0
1,,51430,Port:10,0,0,0,Missing,,,,,,,,,0
1,,51446,Port:10,0,0,0,Missing,,,,,,,,,0
1,,51462,Port:10,0,0,0,Missing,,,,,,,,,0
1,,51470,Port:10,0,0,0,Missing,,,,,,,,,0
1,,51486,Port:10,0,0,0,Missing,,,,,,,,,0
1,,51502,Port:10,0,0,0,Missing,,,,,,,,,0
1,,51518,Port:10,0,0,0,Missing,,,,,,,,,0
1,,51550,Port:10,0,0,0,Missing,,,,,,,,,0
1,,51566,Port:10,0,0,0,Missing,,,,,,,,,0
1,,51582,Port:10,0,0,0,Missing,,,,,,,,,0
1,,51598,Port:10,0,0,0,Missing,,,,,,,,,0
1,,51606,Port:10,0,0,0,Missing,,,,,,,,,0
1,,51622,Port:10,0,0,0,Missing,,,,,,,,,0
1,,51638,Port:10,0,0,0,Missing,,,,,,,,,0
1,,51654,Port:10,0,0,0,Missing,,,,,,,,,0
1,,51670,Port:10,0,0,0,Missing,,,,,,,,,0
1,,51686,Port:10,0,0,0,Missing,,,,,,,,,0
1,,51702,Port:10,0,0,0,Missing,,,,,,,,,0
1,,51718,Port:10,0,0,0,Missing,,,,,,,,,0
1,,51726,Port:10,0,0,0,Missing,,,,,,,,,0
1,,51742,Port:10,0,0,0,Missing,,,,,,,,,0
1,,51774,Port:10,0,0,0,Missing,,,,,,,,,0
1,,51790,Port:10,0,0,0,Missing,,,,,,,,,0
1,,51806,Port:10,0,0,0,Missing,,,,,,,,,0
1,,51814,Port:10,0,0,0,Missing,,,,,,,,,0
1,,51838,Port:10,0,0,0,Missing,,,,,,,,,0
1,,51846,Port:10,0,0,0,Missing,,,,,,,,,0
1,,51862,Port:10,0,0,0,Missing,,,,,,,,,0
1,,51878,Port:10,0,0,0,Missing,,,,,,,,,0
1,,51894,Port:10,0,0,0,Missing,,,,,,,,,0
1,,51910,Port:10,0,0,0,Missing,,,,,,,,,0
1,,51926,Port:10,0,0,0,Missing,,,,,,,,,0
1,,51934,Port:10,0,0,0,Missing,,,,,,,,,0
1,,51958,Port:10,0,0,0,Missing,,,,,,,,,0
1,,51974,Port:10,0,0,0,Missing,,,,,,,,,0
1,,51982,Port:10,0,0,0,Missing,,,,,,,,,0
1,,51998,Port:10,0,0,0,Missing,,,,,,,,,0
1,,52030,Port:10,0,0,0,Missing,,,,,,,,,0
1,,52046,Port:10,0,0,0,Missing,,,,,,,,,0
1,,52062,Port:10,0,0,0,Missing,,,,,,,,,0
1,,52078,Port:10,0,0,0,Missing,,,,,,,,,0
1,,52094,Port:10,0,0,0,Missing,,,,,,,,,0
1,,52102,Port:10,0,0,0,Missing,,,,,,,,,0
1,,52118,Port:10,0,0,0,Missing,,,,,,,,,0
1,,52134,Port:10,0,0,0,Missing,,,,,,,,,0
1,,52150,Port:10,0,0,0,Missing,,,,,,,,,0
1,,52166,Port:10,0,0,0,Missing,,,,,,,,,0
1,,52182,Port:10,0,0,0,Missing,,,,,,,,,0
1,,52198,Port:10,0,0,0,Missing,,,,,,,,,0
1,,52214,Port:10,0,0,0,Missing,,,,,,,,,0
1,,52222,Port:10,0,0,0,Missing,,,,,,,,,0
1,,52238,Port:10,0,0,0,Missing,,,,,,,,,0
1,,52270,Port:10,0,0,0,Missing,,,,,,,,,0
1,,52286,Port:10,0,0,0,Missing,,,,,,,,,0
1,,52302,Port:10,0,0,0,Missing,,,,,,,,,0
1,,52318,Port:10,0,0,0,Missing,,,,,,,,,0
1,,52326,Port:10,0,0,0,Missing,,,,,,,,,0
1,,52342,Port:10,0,0,0,Missing,,,,,,,,,0
1,,52358,Port:10,0,0,0,Missing,,,,,,,,,0
1,,52374,Port:10,0,0,0,Missing,,,,,,,,,0
1,,52390,Port:10,0,0,0,Missing,,,,,,,,,0
1,,52406,Port:10,0,0,0,Missing,,,,,,,,,0
1,,52422,Port:10,0,0,0,Missing,,,,,,,,,0
1,,52438,Port:10,0,0,0,Missing,,,,,,,,,0
1,,52454,Port:10,0,0,0,Missing,,,,,,,,,0
1,,52462,Port:10,0,0,0,Missing,,,,,,,,,0
1,,52494,Port:10,0,0,0,Missing,,,,,,,,,0
1,,52510,Port:10,0,0,0,Missing,,,,,,,,,0
1,,52526,Port:10,0,0,0,Missing,,,,,,,,,0
1,,52542,Port:10,0,0,0,Missing,,,,,,,,,0
1,,52558,Port:10,0,0,0,Missing,,,,,,,,,0
1,,52566,Port:10,0,0,0,Missing,,,,,,,,,0
1,,52582,Port:10,0,0,0,Missing,,,,,,,,,0
1,,52598,Port:10,0,0,0,Missing,,,,,,,,,0
1,,52614,Port:10,0,0,0,Missing,,,,,,,,,0
1,,52630,Port:10,0,0,0,Missing,,,,,,,,,0
1,,52646,Port:10,0,0,0,Missing,,,,,,,,,0
1,,52662,Port:10,0,0,0,Missing,,,,,,,,,0
1,,52678,Port:10,0,0,0,Missing,,,,,,,,,0
1,,52694,Port:10,0,0,0,Missing,,,,,,,,,0
1,,52710,Port:10,0,0,0,Missing,,,,,,,,,0
1,,52718,Port:10,0,0,0,Missing,,,,,,,,,0
1,,52750,Port:10,0,0,0,Missing,,,,,,,,,0
1,,52766,Port:10,0,0,0,Missing,,,,,,,,,0
1,,52782,Port:10,0,0,0,Missing,,,,,,,,,0
1,,52798,Port:10,0,0,0,Missing,,,,,,,,,0
1,,52814,Port:10,0,0,0,Missing,,,,,,,,,0
1,,52830,Port:10,0,0,0,Missing,,,,,,,,,0
1,,52838,Port:10,0,0,0,Missing,,,,,,,,,0
1,,52854,Port:10,0,0,0,Missing,,,,,,,,,0
1,,52870,Port:10,0,0,0,Missing,,,,,,,,,0
1,,52886,Port:10,0,0,0,Missing,,,,,,,,,0
1,,52902,Port:10,0,0,0,Missing,,,,,,,,,0
1,,52918,Port:10,0,0,0,Missing,,,,,,,,,0
1,,52934,Port:10,0,0,0,Missing,,,,,,,,,0
1,,52950,Port:10,0,0,0,Missing,,,,,,,,,0
1,,52958,Port:10,0,0,0,Missing,,,,,,,,,0
1,,52990,Port:10,0,0,0,Missing,,,,,,,,,0
1,,53006,Port:10,0,0,0,Missing,,,,,,,,,0
1,,53022,Port:10,0,0,0,Missing,,,,,,,,,0
1,,53038,Port:10,0,0,0,Missing,,,,,,,,,0
1,,53054,Port:10,0,0,0,Missing,,,,,,,,,0
1,,53062,Port:10,0,0,0,Missing,,,,,,,,,0
1,,53078,Port:10,0,0,0,Missing,,,,,,,,,0
1,,53094,Port:10,0,0,0,Missing,,,,,,,,,0
1,,53110,Port:10,0,0,0,Missing,,,,,,,,,0
1,,53126,Port:10,0,0,0,Missing,,,,,,,,,0
1,,53142,Port:10,0,0,0,Missing,,,,,,,,,0
1,,53158,Port:10,0,0,0,Missing,,,,,,,,,0
1,,53174,Port:10,0,0,0,Missing,,,,,,,,,0
1,,53182,Port:10,0,0,0,Missing,,,,,,,,,0
1,,53222,Port:10,0,0,0,Missing,,,,,,,,,0
1,,53230,Port:10,0,0,0,Missing,,,,,,,,,0
1,,53246,Port:10,0,0,0,Missing,,,,,,,,,0
1,,53262,Port:10,0,0,0,Missing,,,,,,,,,0
1,,53278,Port:10,0,0,0,Missing,,,,,,,,,0
1,,53294,Port:10,0,0,0,Missing,,,,,,,,,0
1,,53302,Port:10,0,0,0,Missing,,,,,,,,,0
1,,53318,Port:10,0,0,0,Missing,,,,,,,,,0
1,,53342,Port:10,0,0,0,Missing,,,,,,,,,0
1,,53350,Port:10,0,0,0,Missing,,,,,,,,,0
1,,53366,Port:10,0,0,0,Missing,,,,,,,,,0
1,,53382,Port:10,0,0,0,Missing,,,,,,,,,0
1,,53398,Port:10,0,0,0,Missing,,,,,,,,,0
1,,53414,Port:10,0,0,0,Missing,,,,,,,,,0
1,,53422,Port:10,0,0,0,Missing,,,,,,,,,0
1,,53454,Port:10,0,0,0,Missing,,,,,,,,,0
1,,53470,Port:10,0,0,0,Missing,,,,,,,,,0
1,,53486,Port:10,0,0,0,Missing,,,,,,,,,0
1,,53502,Port:10,0,0,0,Missing,,,,,,,,,0
1,,53518,Port:10,0,0,0,Missing,,,,,,,,,0
1,,53526,Port:10,0,0,0,Missing,,,,,,,,,0
1,,53550,Port:10,0,0,0,Missing,,,,,,,,,0
1,,53566,Port:10,0,0,0,Missing,,,,,,,,,0
1,,53574,Port:10,0,0,0,Missing,,,,,,,,,0
1,,53590,Port:10,0,0,0,Missing,,,,,,,,,0
1,,53606,Port:10,0,0,0,Missing,,,,,,,,,0
1,,53622,Port:10,0,0,0,Missing,,,,,,,,,0
1,,53638,Port:10,0,0,0,Missing,,,,,,,,,0
1,,53646,Port:10,0,0,0,Missing,,,,,,,,,0
1,,53670,Port:10,0,0,0,Missing,,,,,,,,,0
1,,53686,Port:10,0,0,0,Missing,,,,,,,,,0
1,,53694,Port:10,0,0,0,Missing,,,,,,,,,0
1,,53726,Port:10,0,0,0,Missing,,,,,,,,,0
1,,53742,Port:10,0,0,0,Missing,,,,,,,,,0
1,,53758,Port:10,0,0,0,Missing,,,,,,,,,0
1,,53766,Port:10,0,0,0,Missing,,,,,,,,,0
1,,53790,Port:10,0,0,0,Missing,,,,,,,,,0
1,,53806,Port:10,0,0,0,Missing,,,,,,,,,0
1,,53814,Port:10,0,0,0,Missing,,,,,,,,,0
1,,53830,Port:10,0,0,0,Missing,,,,,,,,,0
1,,53846,Port:10,0,0,0,Missing,,,,,,,,,0
1,,53862,Port:10,0,0,0,Missing,,,,,,,,,0
1,,53878,Port:10,0,0,0,Missing,,,,,,,,,0
1,,53894,Port:10,0,0,0,Missing,,,,,,,,,0
1,,53902,Port:10,0,0,0,Missing,,,,,,,,,0
1,,53934,Port:10,0,0,0,Missing,,,,,,,,,0
1,,53950,Port:10,0,0,0,Missing,,,,,,,,,0
1,,53966,Port:10,0,0,0,Missing,,,,,,,,,0
1,,53982,Port:10,0,0,0,Missing,,,,,,,,,0
1,,53998,Port:10,0,0,0,Missing,,,,,,,,,0
1,,54014,Port:10,0,0,0,Missing,,,,,,,,,0
1,,54022,Port:10,0,0,0,Missing,,,,,,,,,0
1,,54038,Port:10,0,0,0,Missing,,,,,,,,,0
1,,54054,Port:10,0,0,0,Missing,,,,,,,,,0
1,,54070,Port:10,0,0,0,Missing,,,,,,,,,0
1,,54086,Port:10,0,0,0,Missing,,,,,,,,,0
1,,54102,Port:10,0,0,0,Missing,,,,,,,,,0
1,,54118,Port:10,0,0,0,Missing,,,,,,,,,0
1,,54134,Port:10,0,0,0,Missing,,,,,,,,,0
1,,54142,Port:10,0,0,0,Missing,,,,,,,,,0
1,,54174,Port:10,0,0,0,Missing,,,,,,,,,0
1,,54190,Port:10,0,0,0,Missing,,,,,,,,,0
1,,54206,Port:10,0,0,0,Missing,,,,,,,,,0
1,,54222,Port:10,0,0,0,Missing,,,,,,,,,0
1,,54238,Port:10,0,0,0,Missing,,,,,,,,,0
1,,54246,Port:10,0,0,0,Missing,,,,,,,,,0
1,,54270,Port:10,0,0,0,Missing,,,,,,,,,0
1,,54286,Port:10,0,0,0,Missing,,,,,,,,,0
1,,54294,Port:10,0,0,0,Missing,,,,,,,,,0
1,,54310,Port:10,0,0,0,Missing,,,,,,,,,0
1,,54326,Port:10,0,0,0,Missing,,,,,,,,,0
1,,54342,Port:10,0,0,0,Missing,,,,,,,,,0
1,,54358,Port:10,0,0,0,Missing,,,,,,,,,0
1,,54374,Port:10,0,0,0,Missing,,,,,,,,,0
1,,54390,Port:10,0,0,0,Missing,,,,,,,,,0
1,,54406,Port:10,0,0,0,Missing,,,,,,,,,0
1,,54414,Port:10,0,0,0,Missing,,,,,,,,,0
1,,54446,Port:10,0,0,0,Missing,,,,,,,,,0
1,,54462,Port:10,0,0,0,Missing,,,,,,,,,0
1,,54478,Port:10,0,0,0,Missing,,,,,,,,,0
1,,54486,Port:10,0,0,0,Missing,,,,,,,,,0
1,,54510,Port:10,0,0,0,Missing,,,,,,,,,0
1,,54526,Port:10,0,0,0,Missing,,,,,,,,,0
1,,54534,Port:10,0,0,0,Missing,,,,,,,,,0
1,,54550,Port:10,0,0,0,Missing,,,,,,,,,0
1,,54566,Port:10,0,0,0,Missing,,,,,,,,,0
1,,54582,Port:10,0,0,0,Missing,,,,,,,,,0
1,,54598,Port:10,0,0,0,Missing,,,,,,,,,0
1,,54614,Port:10,0,0,0,Missing,,,,,,,,,0
1,,54630,Port:10,0,0,0,Missing,,,,,,,,,0
1,,54654,Port:10,0,0,0,Missing,,,,,,,,,0
1,,54670,Port:10,0,0,0,Missing,,,,,,,,,0
1,,54686,Port:10,0,0,0,Missing,,,,,,,,,0
1,,54702,Port:10,0,0,0,Missing,,,,,,,,,0
1,,54718,Port:10,0,0,0,Missing,,,,,,,,,0
1,,54734,Port:10,0,0,0,Missing,,,,,,,,,0
1,,54750,Port:10,0,0,0,Missing,,,,,,,,,0
1,,54758,Port:10,0,0,0,Missing,,,,,,,,,0
1,,54782,Port:10,0,0,0,Missing,,,,,,,,,0
1,,54790,Port:10,0,0,0,Missing,,,,,,,,,0
1,,54806,Port:10,0,0,0,Missing,,,,,,,,,0
1,,54822,Port:10,0,0,0,Missing,,,,,,,,,0
1,,54838,Port:10,0,0,0,Missing,,,,,,,,,0
1,,54854,Port:10,0,0,0,Missing,,,,,,,,,0
1,,54870,Port:10,0,0,0,Missing,,,,,,,,,0
1,,54878,Port:10,0,0,0,Missing,,,,,,,,,0
1,,54910,Port:10,0,0,0,Missing,,,,,,,,,0
1,,54926,Port:10,0,0,0,Missing,,,,,,,,,0
1,,54942,Port:10,0,0,0,Missing,,,,,,,,,0
1,,54958,Port:10,0,0,0,Missing,,,,,,,,,0
1,,54974,Port:10,0,0,0,Missing,,,,,,,,,0
1,,54990,Port:10,0,0,0,Missing,,,,,,,,,0
1,,54998,Port:10,0,0,0,Missing,,,,,,,,,0
1,,55022,Port:10,0,0,0,Missing,,,,,,,,,0
1,,55030,Port:10,0,0,0,Missing,,,,,,,,,0
1,,55046,Port:10,0,0,0,Missing,,,,,,,,,0
1,,55062,Port:10,0,0,0,Missing,,,,,,,,,0
1,,55078,Port:10,0,0,0,Missing,,,,,,,,,0
1,,55094,Port:10,0,0,0,Missing,,,,,,,,,0
1,,55110,Port:10,0,0,0,Missing,,,,,,,,,0
1,,55142,Port:10,0,0,0,Missing,,,,,,,,,0
1,,55150,Port:10,0,0,0,Missing,,,,,,,,,0
1,,55166,Port:10,0,0,0,Missing,,,,,,,,,0
1,,55182,Port:10,0,0,0,Missing,,,,,,,,,0
1,,55198,Port:10,0,0,0,Missing,,,,,,,,,0
1,,55214,Port:10,0,0,0,Missing,,,,,,,,,0
1,,55230,Port:10,0,0,0,Missing,,,,,,,,,0
1,,55238,Port:10,0,0,0,Missing,,,,,,,,,0
1,,55262,Port:10,0,0,0,Missing,,,,,,,,,0
1,,55278,Port:10,0,0,0,Missing,,,,,,,,,0
1,,55286,Port:10,0,0,0,Missing,,,,,,,,,0
1,,55302,Port:10,0,0,0,Missing,,,,,,,,,0
1,,55318,Port:10,0,0,0,Missing,,,,,,,,,0
1,,55334,Port:10,0,0,0,Missing,,,,,,,,,0
1,,55358,Port:10,0,0,0,Missing,,,,,,,,,0
1,,55382,Port:10,0,0,0,Missing,,,,,,,,,0
1,,55390,Port:10,0,0,0,Missing,,,,,,,,,0
1,,55406,Port:10,0,0,0,Missing,,,,,,,,,0
1,,55422,Port:10,0,0,0,Missing,,,,,,,,,0
1,,55438,Port:10,0,0,0,Missing,,,,,,,,,0
1,,55454,Port:10,0,0,0,Missing,,,,,,,,,0
1,,55470,Port:10,0,0,0,Missing,,,,,,,,,0
1,,55486,Port:10,0,0,0,Missing,,,,,,,,,0
1,,55502,Port:10,0,0,0,Missing,,,,,,,,,0
1,,55510,Port:10,0,0,0,Missing,,,,,,,,,0
1,,55526,Port:10,0,0,0,Missing,,,,,,,,,0
1,,55542,Port:10,0,0,0,Missing,,,,,,,,,0
1,,55558,Port:10,0,0,0,Missing,,,,,,,,,0
1,,55574,Port:10,0,0,0,Missing,,,,,,,,,0
1,,55590,Port:10,0,0,0,Missing,,,,,,,,,0
1,,55606,Port:10,0,0,0,Missing,,,,,,,,,0
1,,55622,Port:10,0,0,0,Missing,,,,,,,,,0
1,,55646,Port:10,0,0,0,Missing,,,,,,,,,0
1,,55662,Port:10,0,0,0,Missing,,,,,,,,,0
1,,55678,Port:10,0,0,0,Missing,,,,,,,,,0
1,,55694,Port:10,0,0,0,Missing,,,,,,,,,0
1,,55710,Port:10,0,0,0,Missing,,,,,,,,,0
1,,55726,Port:10,0,0,0,Missing,,,,,,,,,0
1,,55742,Port:10,0,0,0,Missing,,,,,,,,,0
1,,55750,Port:10,0,0,0,Missing,,,,,,,,,0
1,,55766,Port:10,0,0,0,Missing,,,,,,,,,0
1,,55782,Port:10,0,0,0,Missing,,,,,,,,,0
1,,55798,Port:10,0,0,0,Missing,,,,,,,,,0
1,,55814,Port:10,0,0,0,Missing,,,,,,,,,0
1,,55830,Port:10,0,0,0,Missing,,,,,,,,,0
1,,55846,Port:10,0,0,0,Missing,,,,,,,,,0
1,,55862,Port:10,0,0,0,Missing,,,,,,,,,0
1,,55886,Port:10,0,0,0,Missing,,,,,,,,,0
1,,55902,Port:10,0,0,0,Missing,,,,,,,,,0
1,,55918,Port:10,0,0,0,Missing,,,,,,,,,0
1,,55934,Port:10,0,0,0,Missing,,,,,,,,,0
1,,55950,Port:10,0,0,0,Missing,,,,,,,,,0
1,,55966,Port:10,0,0,0,Missing,,,,,,,,,0
1,,55982,Port:10,0,0,0,Missing,,,,,,,,,0
1,,55990,Port:10,0,0,0,Missing,,,,,,,,,0
1,,56006,Port:10,0,0,0,Missing,,,,,,,,,0
1,,56022,Port:10,0,0,0,Missing,,,,,,,,,0
1,,56038,Port:10,0,0,0,Missing,,,,,,,,,0
1,,56054,Port:10,0,0,0,Missing,,,,,,,,,0
1,,56070,Port:10,0,0,0,Missing,,,,,,,,,0
1,,56086,Port:10,0,0,0,Missing,,,,,,,,,0
1,,56102,Port:10,0,0,0,Missing,,,,,,,,,0
1,,56126,Port:10,0,0,0,Missing,,,,,,,,,0
1,,56142,Port:10,0,0,0,Missing,,,,,,,,,0
1,,56158,Port:10,0,0,0,Missing,,,,,,,,,0
1,,56174,Port:10,0,0,0,Missing,,,,,,,,,0
1,,56190,Port:10,0,0,0,Missing,,,,,,,,,0
1,,56198,Port:10,0,0,0,Missing,,,,,,,,,0
1,,56222,Port:10,0,0,0,Missing,,,,,,,,,0
1,,56238,Port:10,0,0,0,Missing,,,,,,,,,0
1,,56246,Port:10,0,0,0,Missing,,,,,,,,,0
1,,56262,Port:10,0,0,0,Missing,,,,,,,,,0
1,,56278,Port:10,0,0,0,Missing,,,,,,,,,0
1,,56294,Port:10,0,0,0,Missing,,,,,,,,,0
1,,56310,Port:10,0,0,0,Missing,,,,,,,,,0
1,,56342,Port:10,0,0,0,Missing,,,,,,,,,0
1,,56358,Port:10,0,0,0,Missing,,,,,,,,,0
1,,56366,Port:10,0,0,0,Missing,,,,,,,,,0
1,,56382,Port:10,0,0,0,Missing,,,,,,,,,0
1,,56398,Port:10,0,0,0,Missing,,,,,,,,,0
1,,56414,Port:10,0,0,0,Missing,,,,,,,,,0
1,,56430,Port:10,0,0,0,Missing,,,,,,,,,0
1,,56438,Port:10,0,0,0,Missing,,,,,,,,,0
1,,56462,Port:10,0,0,0,Missing,,,,,,,,,0
1,,56478,Port:10,0,0,0,Missing,,,,,,,,,0
1,,56486,Port:10,0,0,0,Missing,,,,,,,,,0
1,,56502,Port:10,0,0,0,Missing,,,,,,,,,0
1,,56518,Port:10,0,0,0,Missing,,,,,,,,,0
1,,56534,Port:10,0,0,0,Missing,,,,,,,,,0
1,,56550,Port:10,0,0,0,Missing,,,,,,,,,0
1,,56566,Port:10,0,0,0,Missing,,,,,,,,,0
1,,56590,Port:10,0,0,0,Missing,,,,,,,,,0
1,,56606,Port:10,0,0,0,Missing,,,,,,,,,0
1,,56622,Port:10,0,0,0,Missing,,,,,,,,,0
1,,56638,Port:10,0,0,0,Missing,,,,,,,,,0
1,,56654,Port:10,0,0,0,Missing,,,,,,,,,0
1,,56670,Port:10,0,0,0,Missing,,,,,,,,,0
1,,56686,Port:10,0,0,0,Missing,,,,,,,,,0
1,,56694,Port:10,0,0,0,Missing,,,,,,,,,0
1,,56710,Port:10,0,0,0,Missing,,,,,,,,,0
1,,56726,Port:10,0,0,0,Missing,,,,,,,,,0
1,,56742,Port:10,0,0,0,Missing,,,,,,,,,0
1,,56758,Port:10,0,0,0,Missing,,,,,,,,,0
1,,56774,Port:10,0,0,0,Missing,,,,,,,,,0
1,,56790,Port:10,0,0,0,Missing,,,,,,,,,0
1,,56806,Port:10,0,0,0,Missing,,,,,,,,,0
1,,56830,Port:10,0,0,0,Missing,,,,,,,,,0
1,,56854,Port:10,0,0,0,Missing,,,,,,,,,0
1,,56870,Port:10,0,0,0,Missing,,,,,,,,,0
1,,56878,Port:10,0,0,0,Missing,,,,,,,,,0
1,,56894,Port:10,0,0,0,Missing,,,,,,,,,0
1,,56910,Port:10,0,0,0,Missing,,,,,,,,,0
1,,56926,Port:10,0,0,0,Missing,,,,,,,,,0
1,,56934,Port:10,0,0,0,Missing,,,,,,,,,0
1,,56950,Port:10,0,0,0,Missing,,,,,,,,,0
1,,56974,Port:10,0,0,0,Missing,,,,,,,,,0
1,,56982,Port:10,0,0,0,Missing,,,,,,,,,0
1,,56998,Port:10,0,0,0,Missing,,,,,,,,,0
1,,57030,Port:10,0,0,0,Missing,,,,,,,,,0
1,,57046,Port:10,0,0,0,Missing,,,,,,,,,0
1,,57062,Port:10,0,0,0,Missing,,,,,,,,,0
1,,57070,Port:10,0,0,0,Missing,,,,,,,,,0
1,,57094,Port:10,0,0,0,Missing,,,,,,,,,0
1,,57102,Port:10,0,0,0,Missing,,,,,,,,,0
1,,57118,Port:10,0,0,0,Missing,,,,,,,,,0
1,,57134,Port:10,0,0,0,Missing,,,,,,,,,0
1,,57150,Port:10,0,0,0,Missing,,,,,,,,,0
1,,57166,Port:10,0,0,0,Missing,,,,,,,,,0
1,,57182,Port:10,0,0,0,Missing,,,,,,,,,0
1,,57190,Port:10,0,0,0,Missing,,,,,,,,,0
1,,57214,Port:10,0,0,0,Missing,,,,,,,,,0
1,,57222,Port:10,0,0,0,Missing,,,,,,,,,0
1,,57238,Port:10,0,0,0,Missing,,,,,,,,,0
1,,57254,Port:10,0,0,0,Missing,,,,,,,,,0
1,,57270,Port:10,0,0,0,Missing,,,,,,,,,0
1,,57286,Port:10,0,0,0,Missing,,,,,,,,,0
1,,57302,Port:10,0,0,0,Missing,,,,,,,,,0
1,,57318,Port:10,0,0,0,Missing,,,,,,,,,0
1,,57342,Port:10,0,0,0,Missing,,,,,,,,,0
1,,57358,Port:10,0,0,0,Missing,,,,,,,,,0
1,,57374,Port:10,0,0,0,Missing,,,,,,,,,0
1,,57390,Port:10,0,0,0,Missing,,,,,,,,,0
1,,57398,Port:10,0,0,0,Missing,,,,,,,,,0
1,,57422,Port:10,0,0,0,Missing,,,,,,,,,0
1,,57438,Port:10,0,0,0,Missing,,,,,,,,,0
1,,57446,Port:10,0,0,0,Missing,,,,,,,,,0
1,,57462,Port:10,0,0,0,Missing,,,,,,,,,0
1,,57478,Port:10,0,0,0,Missing,,,,,,,,,0
1,,57494,Port:10,0,0,0,Missing,,,,,,,,,0
1,,57510,Port:10,0,0,0,Missing,,,,,,,,,0
1,,57526,Port:10,0,0,0,Missing,,,,,,,,,0
1,,57542,Port:10,0,0,0,Missing,,,,,,,,,0
1,,57558,Port:10,0,0,0,Missing,,,,,,,,,0
1,,57582,Port:10,0,0,0,Missing,,,,,,,,,0
1,,57598,Port:10,0,0,0,Missing,,,,,,,,,0
1,,57614,Port:10,0,0,0,Missing,,,,,,,,,0
1,,57630,Port:10,0,0,0,Missing,,,,,,,,,0
1,,57646,Port:10,0,0,0,Missing,,,,,,,,,0
1,,57662,Port:10,0,0,0,Missing,,,,,,,,,0
1,,57678,Port:10,0,0,0,Missing,,,,,,,,,0
1,,57694,Port:10,0,0,0,Missing,,,,,,,,,0
1,,57702,Port:10,0,0,0,Missing,,,,,,,,,0
1,,57718,Port:10,0,0,0,Missing,,,,,,,,,0
1,,57734,Port:10,0,0,0,Missing,,,,,,,,,0
1,,57766,Port:10,0,0,0,Missing,,,,,,,,,0
1,,57782,Port:10,0,0,0,Missing,,,,,,,,,0
1,,57798,Port:10,0,0,0,Missing,,,,,,,,,0
1,,57814,Port:10,0,0,0,Missing,,,,,,,,,0
1,,57822,Port:10,0,0,0,Missing,,,,,,,,,0
1,,57838,Port:10,0,0,0,Missing,,,,,,,,,0
1,,57854,Port:10,0,0,0,Missing,,,,,,,,,0
1,,57870,Port:10,0,0,0,Missing,,,,,,,,,0
1,,57886,Port:10,0,0,0,Missing,,,,,,,,,0
1,,57902,Port:10,0,0,0,Missing,,,,,,,,,0
1,,57918,Port:10,0,0,0,Missing,,,,,,,,,0
1,,57934,Port:10,0,0,0,Missing,,,,,,,,,0
1,,57942,Port:10,0,0,0,Missing,,,,,,,,,0
1,,57958,Port:10,0,0,0,Missing,,,,,,,,,0
1,,57974,Port:10,0,0,0,Missing,,,,,,,,,0
1,,57990,Port:10,0,0,0,Missing,,,,,,,,,0
1,,58006,Port:10,0,0,0,Missing,,,,,,,,,0
1,,58022,Port:10,0,0,0,Missing,,,,,,,,,0
1,,58038,Port:10,0,0,0,Missing,,,,,,,,,0
1,,58062,Port:10,0,0,0,Missing,,,,,,,,,0
1,,58078,Port:10,0,0,0,Missing,,,,,,,,,0
1,,58094,Port:10,0,0,0,Missing,,,,,,,,,0
1,,58110,Port:10,0,0,0,Missing,,,,,,,,,0
1,,58126,Port:10,0,0,0,Missing,,,,,,,,,0
1,,58142,Port:10,0,0,0,Missing,,,,,,,,,0
1,,58158,Port:10,0,0,0,Missing,,,,,,,,,0
1,,58166,Port:10,0,0,0,Missing,,,,,,,,,0
1,,58182,Port:10,0,0,0,Missing,,,,,,,,,0
1,,58198,Port:10,0,0,0,Missing,,,,,,,,,0
1,,58214,Port:10,0,0,0,Missing,,,,,,,,,0
1,,58230,Port:10,0,0,0,Missing,,,,,,,,,0
1,,58246,Port:10,0,0,0,Missing,,,,,,,,,0
1,,58262,Port:10,0,0,0,Missing,,,,,,,,,0
1,,58286,Port:10,0,0,0,Missing,,,,,,,,,0
1,,58302,Port:10,0,0,0,Missing,,,,,,,,,0
1,,58318,Port:10,0,0,0,Missing,,,,,,,,,0
1,,58334,Port:10,0,0,0,Missing,,,,,,,,,0
1,,58350,Port:10,0,0,0,Missing,,,,,,,,,0
1,,58366,Port:10,0,0,0,Missing,,,,,,,,,0
1,,58382,Port:10,0,0,0,Missing,,,,,,,,,0
1,,58398,Port:10,0,0,0,Missing,,,,,,,,,0
1,,58406,Port:10,0,0,0,Missing,,,,,,,,,0
1,,58422,Port:10,0,0,0,Missing,,,,,,,,,0
1,,58438,Port:10,0,0,0,Missing,,,,,,,,,0
1,,58454,Port:10,0,0,0,Missing,,,,,,,,,0
1,,58486,Port:10,0,0,0,Missing,,,,,,,,,0
1,,58502,Port:10,0,0,0,Missing,,,,,,,,,0
1,,58518,Port:10,0,0,0,Missing,,,,,,,,,0
1,,58534,Port:10,0,0,0,Missing,,,,,,,,,0
1,,58542,Port:10,0,0,0,Missing,,,,,,,,,0
1,,58558,Port:10,0,0,0,Missing,,,,,,,,,0
1,,58574,Port:10,0,0,0,Missing,,,,,,,,,0
1,,58590,Port:10,0,0,0,Missing,,,,,,,,,0
1,,58606,Port:10,0,0,0,Missing,,,,,,,,,0
1,,58622,Port:10,0,0,0,Missing,,,,,,,,,0
1,,58638,Port:10,0,0,0,Missing,,,,,,,,,0
1,,58654,Port:10,0,0,0,Missing,,,,,,,,,0
1,,58662,Port:10,0,0,0,Missing,,,,,,,,,0
1,,58678,Port:10,0,0,0,Missing,,,,,,,,,0
1,,58694,Port:10,0,0,0,Missing,,,,,,,,,0
1,,58726,Port:10,0,0,0,Missing,,,,,,,,,0
1,,58742,Port:10,0,0,0,Missing,,,,,,,,,0
1,,58758,Port:10,0,0,0,Missing,,,,,,,,,0
1,,58774,Port:10,0,0,0,Missing,,,,,,,,,0
1,,58782,Port:10,0,0,0,Missing,,,,,,,,,0
1,,58798,Port:10,0,0,0,Missing,,,,,,,,,0
1,,58814,Port:10,0,0,0,Missing,,,,,,,,,0
1,,58830,Port:10,0,0,0,Missing,,,,,,,,,0
1,,58846,Port:10,0,0,0,Missing,,,,,,,,,0
1,,58862,Port:10,0,0,0,Missing,,,,,,,,,0
1,,58878,Port:10,0,0,0,Missing,,,,,,,,,0
1,,58886,Port:10,0,0,0,Missing,,,,,,,,,0
1,,58902,Port:10,0,0,0,Missing,,,,,,,,,0
1,,58918,Port:10,0,0,0,Missing,,,,,,,,,0
1,,58942,Port:10,0,0,0,Missing,,,,,,,,,0
1,,58950,Port:10,0,0,0,Missing,,,,,,,,,0
1,,58966,Port:10,0,0,0,Missing,,,,,,,,,0
1,,58982,Port:10,0,0,0,Missing,,,,,,,,,0
1,,59014,Port:10,0,0,0,Missing,,,,,,,,,0
1,,59022,Port:10,0,0,0,Missing,,,,,,,,,0
1,,59038,Port:10,0,0,0,Missing,,,,,,,,,0
1,,59054,Port:10,0,0,0,Missing,,,,,,,,,0
1,,59070,Port:10,0,0,0,Missing,,,,,,,,,0
1,,59086,Port:10,0,0,0,Missing,,,,,,,,,0
1,,59102,Port:10,0,0,0,Missing,,,,,,,,,0
1,,59118,Port:10,0,0,0,Missing,,,,,,,,,0
1,,59126,Port:10,0,0,0,Missing,,,,,,,,,0
1,,59142,Port:10,0,0,0,Missing,,,,,,,,,0
1,,59158,Port:10,0,0,0,Missing,,,,,,,,,0
1,,59182,Port:10,0,0,0,Missing,,,,,,,,,0
1,,59190,Port:10,0,0,0,Missing,,,,,,,,,0
1,,59206,Port:10,0,0,0,Missing,,,,,,,,,0
1,,59230,Port:10,0,0,0,Missing,,,,,,,,,0
1,,59254,Port:10,0,0,0,Missing,,,,,,,,,0
1,,59270,Port:10,0,0,0,Missing,,,,,,,,,0
1,,59278,Port:10,0,0,0,Missing,,,,,,,,,0
1,,59294,Port:10,0,0,0,Missing,,,,,,,,,0
1,,59310,Port:10,0,0,0,Missing,,,,,,,,,0
1,,59326,Port:10,0,0,0,Missing,,,,,,,,,0
1,,59342,Port:10,0,0,0,Missing,,,,,,,,,0
1,,59350,Port:10,0,0,0,Missing,,,,,,,,,0
1,,59374,Port:10,0,0,0,Missing,,,,,,,,,0
1,,59390,Port:10,0,0,0,Missing,,,,,,,,,0
1,,59398,Port:10,0,0,0,Missing,,,,,,,,,0
1,,59414,Port:10,0,0,0,Missing,,,,,,,,,0
1,,59430,Port:10,0,0,0,Missing,,,,,,,,,0
1,,59446,Port:10,0,0,0,Missing,,,,,,,,,0
1,,59470,Port:10,0,0,0,Missing,,,,,,,,,0
1,,59494,Port:10,0,0,0,Missing,,,,,,,,,0
1,,59510,Port:10,0,0,0,Missing,,,,,,,,,0
1,,59518,Port:10,0,0,0,Missing,,,,,,,,,0
1,,59534,Port:10,0,0,0,Missing,,,,,,,,,0
1,,59550,Port:10,0,0,0,Missing,,,,,,,,,0
1,,59566,Port:10,0,0,0,Missing,,,,,,,,,0
1,,59582,Port:10,0,0,0,Missing,,,,,,,,,0
1,,59598,Port:10,0,0,0,Missing,,,,,,,,,0
1,,59614,Port:10,0,0,0,Missing,,,,,,,,,0
1,,59630,Port:10,0,0,0,Missing,,,,,,,,,0
1,,59638,Port:10,0,0,0,Missing,,,,,,,,,0
1,,59654,Port:10,0,0,0,Missing,,,,,,,,,0
1,,59686,Port:10,0,0,0,Missing,,,,,,,,,0
1,,59702,Port:10,0,0,0,Missing,,,,,,,,,0
1,,59718,Port:10,0,0,0,Missing,,,,,,,,,0
1,,59734,Port:10,0,0,0,Missing,,,,,,,,,0
1,,59742,Port:10,0,0,0,Missing,,,,,,,,,0
1,,59758,Port:10,0,0,0,Missing,,,,,,,,,0
1,,59774,Port:10,0,0,0,Missing,,,,,,,,,0
1,,59790,Port:10,0,0,0,Missing,,,,,,,,,0
1,,59806,Port:10,0,0,0,Missing,,,,,,,,,0
1,,59822,Port:10,0,0,0,Missing,,,,,,,,,0
1,,59838,Port:10,0,0,0,Missing,,,,,,,,,0
1,,59854,Port:10,0,0,0,Missing,,,,,,,,,0
1,,59870,Port:10,0,0,0,Missing,,,,,,,,,0
1,,59878,Port:10,0,0,0,Missing,,,,,,,,,0
1,,59894,Port:10,0,0,0,Missing,,,,,,,,,0
1,,59910,Port:10,0,0,0,Missing,,,,,,,,,0
1,,59926,Port:10,0,0,0,Missing,,,,,,,,,0
1,,59942,Port:10,0,0,0,Missing,,,,,,,,,0
1,,59958,Port:10,0,0,0,Missing,,,,,,,,,0
1,,59982,Port:10,0,0,0,Missing,,,,,,,,,0
1,,59998,Port:10,0,0,0,Missing,,,,,,,,,0
1,,60022,Port:10,0,0,0,Missing,,,,,,,,,0
1,,60030,Port:10,0,0,0,Missing,,,,,,,,,0
1,,60046,Port:10,0,0,0,Missing,,,,,,,,,0
1,,60062,Port:10,0,0,0,Missing,,,,,,,,,0
1,,60078,Port:10,0,0,0,Missing,,,,,,,,,0
1,,60094,Port:10,0,0,0,Missing,,,,,,,,,0
1,,60102,Port:10,0,0,0,Missing,,,,,,,,,0
1,,60118,Port:10,0,0,0,Missing,,,,,,,,,0
1,,60142,Port:10,0,0,0,Missing,,,,,,,,,0
1,,60166,Port:10,0,0,0,Missing,,,,,,,,,0
1,,60182,Port:10,0,0,0,Missing,,,,,,,,,0
1,,60198,Port:10,0,0,0,Missing,,,,,,,,,0
1,,60214,Port:10,0,0,0,Missing,,,,,,,,,0
1,,60222,Port:10,0,0,0,Missing,,,,,,,,,0
1,,60238,Port:10,0,0,0,Missing,,,,,,,,,0
1,,60262,Port:10,0,0,0,Missing,,,,,,,,,0
1,,60270,Port:10,0,0,0,Missing,,,,,,,,,0
1,,60286,Port:10,0,0,0,Missing,,,,,,,,,0
1,,60302,Port:10,0,0,0,Missing,,,,,,,,,0
1,,60318,Port:10,0,0,0,Missing,,,,,,,,,0
1,,60334,Port:10,0,0,0,Missing,,,,,,,,,0
1,,60342,Port:10,0,0,0,Missing,,,,,,,,,0
1,,60366,Port:10,0,0,0,Missing,,,,,,,,,0
1,,60374,Port:10,0,0,0,Missing,,,,,,,,,0
1,,60390,Port:10,0,0,0,Missing,,,,,,,,,0
1,,60406,Port:10,0,0,0,Missing,,,,,,,,,0
1,,60422,Port:10,0,0,0,Missing,,,,,,,,,0
1,,60438,Port:10,0,0,0,Missing,,,,,,,,,0
1,,60470,Port:10,0,0,0,Missing,,,,,,,,,0
1,,60478,Port:10,0,0,0,Missing,,,,,,,,,0
1,,60494,Port:10,0,0,0,Missing,,,,,,,,,0
1,,60510,Port:10,0,0,0,Missing,,,,,,,,,0
1,,60526,Port:10,0,0,0,Missing,,,,,,,,,0
1,,60542,Port:10,0,0,0,Missing,,,,,,,,,0
1,,60558,Port:10,0,0,0,Missing,,,,,,,,,0
1,,60574,Port:10,0,0,0,Missing,,,,,,,,,0
1,,60590,Port:10,0,0,0,Missing,,,,,,,,,0
1,,60598,Port:10,0,0,0,Missing,,,,,,,,,0
1,,60614,Port:10,0,0,0,Missing,,,,,,,,,0
1,,60646,Port:10,0,0,0,Missing,,,,,,,,,0
1,,60662,Port:10,0,0,0,Missing,,,,,,,,,0
1,,60678,Port:10,0,0,0,Missing,,,,,,,,,0
1,,60694,Port:10,0,0,0,Missing,,,,,,,,,0
1,,60710,Port:10,0,0,0,Missing,,,,,,,,,0
1,,60718,Port:10,0,0,0,Missing,,,,,,,,,0
1,,60734,Port:10,0,0,0,Missing,,,,,,,,,0
1,,60750,Port:10,0,0,0,Missing,,,,,,,,,0
1,,60766,Port:10,0,0,0,Missing,,,,,,,,,0
1,,60782,Port:10,0,0,0,Missing,,,,,,,,,0
1,,60798,Port:10,0,0,0,Missing,,,,,,,,,0
1,,60814,Port:10,0,0,0,Missing,,,,,,,,,0
1,,60822,Port:10,0,0,0,Missing,,,,,,,,,0
1,,60846,Port:10,0,0,0,Missing,,,,,,,,,0
1,,60862,Port:10,0,0,0,Missing,,,,,,,,,0
1,,60870,Port:10,0,0,0,Missing,,,,,,,,,0
1,,60886,Port:10,0,0,0,Missing,,,,,,,,,0
1,,60918,Port:10,0,0,0,Missing,,,,,,,,,0
1,,60934,Port:10,0,0,0,Missing,,,,,,,,,0
1,,60942,Port:10,0,0,0,Missing,,,,,,,,,0
1,,60966,Port:10,0,0,0,Missing,,,,,,,,,0
1,,60982,Port:10,0,0,0,Missing,,,,,,,,,0
1,,60990,Port:10,0,0,0,Missing,,,,,,,,,0
1,,61006,Port:10,0,0,0,Missing,,,,,,,,,0
1,,61022,Port:10,0,0,0,Missing,,,,,,,,,0
1,,61038,Port:10,0,0,0,Missing,,,,,,,,,0
1,,61054,Port:10,0,0,0,Missing,,,,,,,,,0
1,,61062,Port:10,0,0,0,Missing,,,,,,,,,0
1,,61086,Port:10,0,0,0,Missing,,,,,,,,,0
1,,61102,Port:10,0,0,0,Missing,,,,,,,,,0
1,,61110,Port:10,0,0,0,Missing,,,,,,,,,0
1,,61126,Port:10,0,0,0,Missing,,,,,,,,,0
1,,61158,Port:10,0,0,0,Missing,,,,,,,,,0
1,,61174,Port:10,0,0,0,Missing,,,,,,,,,0
1,,61190,Port:10,0,0,0,Missing,,,,,,,,,0
1,,61198,Port:10,0,0,0,Missing,,,,,,,,,0
1,,61214,Port:10,0,0,0,Missing,,,,,,,,,0
1,,61230,Port:10,0,0,0,Missing,,,,,,,,,0
1,,61246,Port:10,0,0,0,Missing,,,,,,,,,0
1,,61262,Port:10,0,0,0,Missing,,,,,,,,,0
1,,61278,Port:10,0,0,0,Missing,,,,,,,,,0
1,,61294,Port:10,0,0,0,Missing,,,,,,,,,0
1,,61302,Port:10,0,0,0,Missing,,,,,,,,,0
1,,61318,Port:10,0,0,0,Missing,,,,,,,,,0
1,,61334,Port:10,0,0,0,Missing,,,,,,,,,0
1,,61350,Port:10,0,0,0,Missing,,,,,,,,,0
1,,61382,Port:10,0,0,0,Missing,,,,,,,,,0
1,,61398,Port:10,0,0,0,Missing,,,,,,,,,0
1,,61414,Port:10,0,0,0,Missing,,,,,,,,,0
1,,61422,Port:10,0,0,0,Missing,,,,,,,,,0
1,,61438,Port:10,0,0,0,Missing,,,,,,,,,0
1,,61454,Port:10,0,0,0,Missing,,,,,,,,,0
1,,61470,Port:10,0,0,0,Missing,,,,,,,,,0
1,,61486,Port:10,0,0,0,Missing,,,,,,,,,0
1,,61502,Port:10,0,0,0,Missing,,,,,,,,,0
1,,61518,Port:10,0,0,0,Missing,,,,,,,,,0
1,,61534,Port:10,0,0,0,Missing,,,,,,,,,0
1,,61550,Port:10,0,0,0,Missing,,,,,,,,,0
1,,61558,Port:10,0,0,0,Missing,,,,,,,,,0
1,,61582,Port:10,0,0,0,Missing,,,,,,,,,0
1,,61598,Port:10,0,0,0,Missing,,,,,,,,,0
1,,61606,Port:10,0,0,0,Missing,,,,,,,,,0
1,,61638,Port:10,0,0,0,Missing,,,,,,,,,0
1,,61654,Port:10,0,0,0,Missing,,,,,,,,,0
1,,61670,Port:10,0,0,0,Missing,,,,,,,,,0
1,,61686,Port:10,0,0,0,Missing,,,,,,,,,0
1,,61702,Port:10,0,0,0,Missing,,,,,,,,,0
1,,61718,Port:10,0,0,0,Missing,,,,,,,,,0
1,,61726,Port:10,0,0,0,Missing,,,,,,,,,0
1,,61742,Port:10,0,0,0,Missing,,,,,,,,,0
1,,61758,Port:10,0,0,0,Missing,,,,,,,,,0
1,,61774,Port:10,0,0,0,Missing,,,,,,,,,0
1,,61790,Port:10,0,0,0,Missing,,,,,,,,,0
1,,61806,Port:10,0,0,0,Missing,,,,,,,,,0
1,,61822,Port:10,0,0,0,Missing,,,,,,,,,0
1,,61838,Port:10,0,0,0,Missing,,,,,,,,,0
1,,61846,Port:10,0,0,0,Missing,,,,,,,,,0
1,,61862,Port:10,0,0,0,Missing,,,,,,,,,0
1,,61894,Port:10,0,0,0,Missing,,,,,,,,,0
1,,61902,Port:10,0,0,0,Missing,,,,,,,,,0
1,,61926,Port:10,0,0,0,Missing,,,,,,,,,0
1,,61942,Port:10,0,0,0,Missing,,,,,,,,,0
1,,61958,Port:10,0,0,0,Missing,,,,,,,,,0
1,,61966,Port:10,0,0,0,Missing,,,,,,,,,0
1,,61982,Port:10,0,0,0,Missing,,,,,,,,,0
1,,61998,Port:10,0,0,0,Missing,,,,,,,,,0
1,,62014,Port:10,0,0,0,Missing,,,,,,,,,0
1,,62030,Port:10,0,0,0,Missing,,,,,,,,,0
1,,62046,Port:10,0,0,0,Missing,,,,,,,,,0
1,,62062,Port:10,0,0,0,Missing,,,,,,,,,0
1,,62086,Port:10,0,0,0,Missing,,,,,,,,,0
1,,62102,Port:10,0,0,0,Missing,,,,,,,,,0
1,,62118,Port:10,0,0,0,Missing,,,,,,,,,0
1,,62134,Port:10,0,0,0,Missing,,,,,,,,,0
1,,62150,Port:10,0,0,0,Missing,,,,,,,,,0
1,,62166,Port:10,0,0,0,Missing,,,,,,,,,0
1,,62182,Port:10,0,0,0,Missing,,,,,,,,,0
1,,62198,Port:10,0,0,0,Missing,,,,,,,,,0
1,,62206,Port:10,0,0,0,Missing,,,,,,,,,0
1,,62222,Port:10,0,0,0,Missing,,,,,,,,,0
1,,62238,Port:10,0,0,0,Missing,,,,,,,,,0
1,,62254,Port:10,0,0,0,Missing,,,,,,,,,0
1,,62270,Port:10,0,0,0,Missing,,,,,,,,,0
1,,62286,Port:10,0,0,0,Missing,,,,,,,,,0
1,,62294,Port:10,0,0,0,Missing,,,,,,,,,0
1,,62310,Port:10,0,0,0,Missing,,,,,,,,,0
1,,62334,Port:10,0,0,0,Missing,,,,,,,,,0
1,,62342,Port:10,0,0,0,Missing,,,,,,,,,0
1,,62358,Port:10,0,0,0,Missing,,,,,,,,,0
1,,62390,Port:10,0,0,0,Missing,,,,,,,,,0
1,,62406,Port:10,0,0,0,Missing,,,,,,,,,0
1,,62414,Port:10,0,0,0,Missing,,,,,,,,,0
1,,62430,Port:10,0,0,0,Missing,,,,,,,,,0
1,,62454,Port:10,0,0,0,Missing,,,,,,,,,0
1,,62462,Port:10,0,0,0,Missing,,,,,,,,,0
1,,62478,Port:10,0,0,0,Missing,,,,,,,,,0
1,,62494,Port:10,0,0,0,Missing,,,,,,,,,0
1,,62510,Port:10,0,0,0,Missing,,,,,,,,,0
1,,62526,Port:10,0,0,0,Missing,,,,,,,,,0
1,,62534,Port:10,0,0,0,Missing,,,,,,,,,0
1,,62574,Port:10,0,0,0,Missing,,,,,,,,,0
1,,62582,Port:10,0,0,0,Missing,,,,,,,,,0
1,,62598,Port:10,0,0,0,Missing,,,,,,,,,0
1,,62614,Port:10,0,0,0,Missing,,,,,,,,,0
1,,62630,Port:10,0,0,0,Missing,,,,,,,,,0
1,,62646,Port:10,0,0,0,Missing,,,,,,,,,0
1,,62654,Port:10,0,0,0,Missing,,,,,,,,,0
1,,62678,Port:10,0,0,0,Missing,,,,,,,,,0
1,,62686,Port:10,0,0,0,Missing,,,,,,,,,0
1,,62702,Port:10,0,0,0,Missing,,,,,,,,,0
1,,62718,Port:10,0,0,0,Missing,,,,,,,,,0
1,,62734,Port:10,0,0,0,Missing,,,,,,,,,0
1,,62750,Port:10,0,0,0,Missing,,,,,,,,,0
1,,62766,Port:10,0,0,0,Missing,,,,,,,,,0
1,,62782,Port:10,0,0,0,Missing,,,,,,,,,0
1,,62798,Port:10,0,0,0,Missing,,,,,,,,,0
1,,62806,Port:10,0,0,0,Missing,,,,,,,,,0
1,,62838,Port:10,0,0,0,Missing,,,,,,,,,0
1,,62854,Port:10,0,0,0,Missing,,,,,,,,,0
1,,62870,Port:10,0,0,0,Missing,,,,,,,,,0
1,,62886,Port:10,0,0,0,Missing,,,,,,,,,0
1,,62902,Port:10,0,0,0,Missing,,,,,,,,,0
1,,62918,Port:10,0,0,0,Missing,,,,,,,,,0
1,,62926,Port:10,0,0,0,Missing,,,,,,,,,0
1,,62942,Port:10,0,0,0,Missing,,,,,,,,,0
1,,62958,Port:10,0,0,0,Missing,,,,,,,,,0
1,,62974,Port:10,0,0,0,Missing,,,,,,,,,0
1,,62990,Port:10,0,0,0,Missing,,,,,,,,,0
1,,63006,Port:10,0,0,0,Missing,,,,,,,,,0
1,,63022,Port:10,0,0,0,Missing,,,,,,,,,0
1,,63038,Port:10,0,0,0,Missing,,,,,,,,,0
1,,63046,Port:10,0,0,0,Missing,,,,,,,,,0
1,,63062,Port:10,0,0,0,Missing,,,,,,,,,0
1,,63094,Port:10,0,0,0,Missing,,,,,,,,,0
1,,63110,Port:10,0,0,0,Missing,,,,,,,,,0
1,,63126,Port:10,0,0,0,Missing,,,,,,,,,0
1,,63134,Port:10,0,0,0,Missing,,,,,,,,,0
1,,63158,Port:10,0,0,0,Missing,,,,,,,,,0
1,,63174,Port:10,0,0,0,Missing,,,,,,,,,0
1,,63182,Port:10,0,0,0,Missing,,,,,,,,,0
1,,63198,Port:10,0,0,0,Missing,,,,,,,,,0
1,,63214,Port:10,0,0,0,Missing,,,,,,,,,0
1,,63230,Port:10,0,0,0,Missing,,,,,,,,,0
1,,63246,Port:10,0,0,0,Missing,,,,,,,,,0
1,,63254,Port:10,0,0,0,Missing,,,,,,,,,0
1,,63278,Port:10,0,0,0,Missing,,,,,,,,,0
1,,63294,Port:10,0,0,0,Missing,,,,,,,,,0
1,,63302,Port:10,0,0,0,Missing,,,,,,,,,0
1,,63334,Port:10,0,0,0,Missing,,,,,,,,,0
1,,63350,Port:10,0,0,0,Missing,,,,,,,,,0
1,,63366,Port:10,0,0,0,Missing,,,,,,,,,0
1,,63382,Port:10,0,0,0,Missing,,,,,,,,,0
1,,63398,Port:10,0,0,0,Missing,,,,,,,,,0
1,,63414,Port:10,0,0,0,Missing,,,,,,,,,0
1,,63422,Port:10,0,0,0,Missing,,,,,,,,,0
1,,63438,Port:10,0,0,0,Missing,,,,,,,,,0
1,,63454,Port:10,0,0,0,Missing,,,,,,,,,0
1,,63470,Port:10,0,0,0,Missing,,,,,,,,,0
1,,63486,Port:10,0,0,0,Missing,,,,,,,,,0
1,,63494,Port:10,0,0,0,Missing,,,,,,,,,0
1,,63518,Port:10,0,0,0,Missing,,,,,,,,,0
1,,63534,Port:10,0,0,0,Missing,,,,,,,,,0
1,,63542,Port:10,0,0,0,Missing,,,,,,,,,0
1,,63574,Port:10,0,0,0,Missing,,,,,,,,,0
1,,63590,Port:10,0,0,0,Missing,,,,,,,,,0
1,,63606,Port:10,0,0,0,Missing,,,,,,,,,0
1,,63622,Port:10,0,0,0,Missing,,,,,,,,,0
1,,63638,Port:10,0,0,0,Missing,,,,,,,,,0
1,,63654,Port:10,0,0,0,Missing,,,,,,,,,0
1,,63662,Port:10,0,0,0,Missing,,,,,,,,,0
1,,63678,Port:10,0,0,0,Missing,,,,,,,,,0
1,,63694,Port:10,0,0,0,Missing,,,,,,,,,0
1,,63710,Port:10,0,0,0,Missing,,,,,,,,,0
1,,63726,Port:10,0,0,0,Missing,,,,,,,,,0
1,,63734,Port:10,0,0,0,Missing,,,,,,,,,0
1,,63758,Port:10,0,0,0,Missing,,,,,,,,,0
1,,63774,Port:10,0,0,0,Missing,,,,,,,,,0
1,,63782,Port:10,0,0,0,Missing,,,,,,,,,0
1,,63814,Port:10,0,0,0,Missing,,,,,,,,,0
1,,63830,Port:10,0,0,0,Missing,,,,,,,,,0
1,,63846,Port:10,0,0,0,Missing,,,,,,,,,0
1,,63862,Port:10,0,0,0,Missing,,,,,,,,,0
1,,63878,Port:10,0,0,0,Missing,,,,,,,,,0
1,,63894,Port:10,0,0,0,Missing,,,,,,,,,0
1,,63902,Port:10,0,0,0,Missing,,,,,,,,,0
1,,63918,Port:10,0,0,0,Missing,,,,,,,,,0
1,,63934,Port:10,0,0,0,Missing,,,,,,,,,0
1,,63950,Port:10,0,0,0,Missing,,,,,,,,,0
1,,63966,Port:10,0,0,0,Missing,,,,,,,,,0
1,,63982,Port:10,0,0,0,Missing,,,,,,,,,0
1,,63990,Port:10,0,0,0,Missing,,,,,,,,,0
1,,64022,Port:10,0,0,0,Missing,,,,,,,,,0
1,,64038,Port:10,0,0,0,Missing,,,,,,,,,0
1,,64054,Port:10,0,0,0,Missing,,,,,,,,,0
1,,64070,Port:10,0,0,0,Missing,,,,,,,,,0
1,,64086,Port:10,0,0,0,Missing,,,,,,,,,0
1,,64102,Port:10,0,0,0,Missing,,,,,,,,,0
1,,64118,Port:10,0,0,0,Missing,,,,,,,,,0
1,,64134,Port:10,0,0,0,Missing,,,,,,,,,0
1,,64142,Port:10,0,0,0,Missing,,,,,,,,,0
1,,64158,Port:10,0,0,0,Missing,,,,,,,,,0
1,,64174,Port:10,0,0,0,Missing,,,,,,,,,0
1,,64190,Port:10,0,0,0,Missing,,,,,,,,,0
1,,64206,Port:10,0,0,0,Missing,,,,,,,,,0
1,,64222,Port:10,0,0,0,Missing,,,,,,,,,0
1,,64230,Port:10,0,0,0,Missing,,,,,,,,,0
1,,64254,Port:10,0,0,0,Missing,,,,,,,,,0
1,,64270,Port:10,0,0,0,Missing,,,,,,,,,0
1,,64294,Port:10,0,0,0,Missing,,,,,,,,,0
1,,64310,Port:10,0,0,0,Missing,,,,,,,,,0
1,,64326,Port:10,0,0,0,Missing,,,,,,,,,0
1,,64342,Port:10,0,0,0,Missing,,,,,,,,,0
1,,64350,Port:10,0,0,0,Missing,,,,,,,,,0
1,,64374,Port:10,0,0,0,Missing,,,,,,,,,0
1,,64390,Port:10,0,0,0,Missing,,,,,,,,,0
1,,64398,Port:10,0,0,0,Missing,,,,,,,,,0
1,,64414,Port:10,0,0,0,Missing,,,,,,,,,0
1,,64430,Port:10,0,0,0,Missing,,,,,,,,,0
1,,64446,Port:10,0,0,0,Missing,,,,,,,,,0
1,,64462,Port:10,0,0,0,Missing,,,,,,,,,0
1,,64470,Port:10,0,0,0,Missing,,,,,,,,,0
1,,64494,Port:10,0,0,0,Missing,,,,,,,,,0
1,,64510,Port:10,0,0,0,Missing,,,,,,,,,0
1,,64534,Port:10,0,0,0,Missing,,,,,,,,,0
1,,64550,Port:10,0,0,0,Missing,,,,,,,,,0
1,,64566,Port:10,0,0,0,Missing,,,,,,,,,0
1,,64582,Port:10,0,0,0,Missing,,,,,,,,,0
1,,64598,Port:10,0,0,0,Missing,,,,,,,,,0
1,,64614,Port:10,0,0,0,Missing,,,,,,,,,0
1,,64622,Port:10,0,0,0,Missing,,,,,,,,,0
1,,64638,Port:10,0,0,0,Missing,,,,,,,,,0
1,,64654,Port:10,0,0,0,Missing,,,,,,,,,0
1,,64670,Port:10,0,0,0,Missing,,,,,,,,,0
1,,64686,Port:10,0,0,0,Missing,,,,,,,,,0
1,,64702,Port:10,0,0,0,Missing,,,,,,,,,0
1,,64718,Port:10,0,0,0,Missing,,,,,,,,,0
1,,64734,Port:10,0,0,0,Missing,,,,,,,,,0
1,,64758,Port:10,0,0,0,Missing,,,,,,,,,0
1,,64774,Port:10,0,0,0,Missing,,,,,,,,,0
1,,64790,Port:10,0,0,0,Missing,,,,,,,,,0
1,,64806,Port:10,0,0,0,Missing,,,,,,,,,0
1,,64822,Port:10,0,0,0,Missing,,,,,,,,,0
1,,64838,Port:10,0,0,0,Missing,,,,,,,,,0
1,,64854,Port:10,0,0,0,Missing,,,,,,,,,0
1,,64862,Port:10,0,0,0,Missing,,,,,,,,,0
1,,64878,Port:10,0,0,0,Missing,,,,,,,,,0
1,,64894,Port:10,0,0,0,Missing,,,,,,,,,0
1,,64910,Port:10,0,0,0,Missing,,,,,,,,,0
1,,64926,Port:10,0,0,0,Missing,,,,,,,,,0
1,,64942,Port:10,0,0,0,Missing,,,,,,,,,0
1,,64958,Port:10,0,0,0,Missing,,,,,,,,,0
1,,64966,Port:10,0,0,0,Missing,,,,,,,,,0
1,,64990,Port:10,0,0,0,Missing,,,,,,,,,0
1,,65014,Port:10,0,0,0,Missing,,,,,,,,,0
1,,65030,Port:10,0,0,0,Missing,,,,,,,,,0
1,,65046,Port:10,0,0,0,Missing,,,,,,,,,0
1,,65062,Port:10,0,0,0,Missing,,,,,,,,,0
1,,65078,Port:10,0,0,0,Missing,,,,,,,,,0
1,,65094,Port:10,0,0,0,Missing,,,,,,,,,0
1,,65102,Port:10,0,0,0,Missing,,,,,,,,,0
1,,65118,Port:10,0,0,0,Missing,,,,,,,,,0
1,,65134,Port:10,0,0,0,Missing,,,,,,,,,0
1,,65150,Port:10,0,0,0,Missing,,,,,,,,,0
1,,65166,Port:10,0,0,0,Missing,,,,,,,,,0
1,,65182,Port:10,0,0,0,Missing,,,,,,,,,0
1,,65198,Port:10,0,0,0,Missing,,,,,,,,,0
1,,65214,Port:10,0,0,0,Missing,,,,,,,,,0
1,,65230,Port:10,0,0,0,Missing,,,,,,,,,0
1,,65254,Port:10,0,0,0,Missing,,,,,,,,,0
1,,65270,Port:10,0,0,0,Missing,,,,,,,,,0
1,,65286,Port:10,0,0,0,Missing,,,,,,,,,0
1,,65302,Port:10,0,0,0,Missing,,,,,,,,,0
1,,65318,Port:10,0,0,0,Missing,,,,,,,,,0
1,,65334,Port:10,0,0,0,Missing,,,,,,,,,0
1,,65350,Port:10,0,0,0,Missing,,,,,,,,,0
1,,65358,Port:10,0,0,0,Missing,,,,,,,,,0
1,,65374,Port:10,0,0,0,Missing,,,,,,,,,0
1,,65390,Port:10,0,0,0,Missing,,,,,,,,,0
1,,65406,Port:10,0,0,0,Missing,,,,,,,,,0
1,,65422,Port:10,0,0,0,Missing,,,,,,,,,0
1,,65438,Port:10,0,0,0,Missing,,,,,,,,,0
1,,65454,Port:10,0,0,0,Missing,,,,,,,,,0
1,,65478,Port:10,0,0,0,Missing,,,,,,,,,0
1,,65494,Port:10,0,0,0,Missing,,,,,,,,,0
1,,65510,Port:10,0,0,0,Missing,,,,,,,,,0
1,,65526,Port:10,0,0,0,Missing,,,,,,,,,0
1,,65542,Port:10,0,0,0,Missing,,,,,,,,,0
1,,65558,Port:10,0,0,0,Missing,,,,,,,,,0
1,,65574,Port:10,0,0,0,Missing,,,,,,,,,0
1,,65582,Port:10,0,0,0,Missing,,,,,,,,,0
1,,65598,Port:10,0,0,0,Missing,,,,,,,,,0
1,,65614,Port:10,0,0,0,Missing,,,,,,,,,0
1,,65630,Port:10,0,0,0,Missing,,,,,,,,,0
1,,65646,Port:10,0,0,0,Missing,,,,,,,,,0
1,,65662,Port:10,0,0,0,Missing,,,,,,,,,0
1,,65678,Port:10,0,0,0,Missing,,,,,,,,,0
1,,65694,Port:10,0,0,0,Missing,,,,,,,,,0
1,,65718,Port:10,0,0,0,Missing,,,,,,,,,0
1,,65734,Port:10,0,0,0,Missing,,,,,,,,,0
1,,65750,Port:10,0,0,0,Missing,,,,,,,,,0
1,,65766,Port:10,0,0,0,Missing,,,,,,,,,0
1,,65782,Port:10,0,0,0,Missing,,,,,,,,,0
1,,65798,Port:10,0,0,0,Missing,,,,,,,,,0
1,,65814,Port:10,0,0,0,Missing,,,,,,,,,0
1,,65830,Port:10,0,0,0,Missing,,,,,,,,,0
1,,65838,Port:10,0,0,0,Missing,,,,,,,,,0
1,,65854,Port:10,0,0,0,Missing,,,,,,,,,0
1,,65870,Port:10,0,0,0,Missing,,,,,,,,,0
1,,65886,Port:10,0,0,0,Missing,,,,,,,,,0
1,,65902,Port:10,0,0,0,Missing,,,,,,,,,0
1,,65918,Port:10,0,0,0,Missing,,,,,,,,,0
1,,65934,Port:10,0,0,0,Missing,,,,,,,,,0
1,,65950,Port:10,0,0,0,Missing,,,,,,,,,0
1,,65974,Port:10,0,0,0,Missing,,,,,,,,,0
1,,65990,Port:10,0,0,0,Missing,,,,,,,,,0
1,,66006,Port:10,0,0,0,Missing,,,,,,,,,0
1,,66022,Port:10,0,0,0,Missing,,,,,,,,,0
1,,66038,Port:10,0,0,0,Missing,,,,,,,,,0
1,,66054,Port:10,0,0,0,Missing,,,,,,,,,0
1,,66062,Port:10,0,0,0,Missing,,,,,,,,,0
1,,66078,Port:10,0,0,0,Missing,,,,,,,,,0
1,,66094,Port:10,0,0,0,Missing,,,,,,,,,0
1,,66110,Port:10,0,0,0,Missing,,,,,,,,,0
1,,66126,Port:10,0,0,0,Missing,,,,,,,,,0
1,,66142,Port:10,0,0,0,Missing,,,,,,,,,0
1,,66158,Port:10,0,0,0,Missing,,,,,,,,,0
1,,66174,Port:10,0,0,0,Missing,,,,,,,,,0
1,,66190,Port:10,0,0,0,Missing,,,,,,,,,0
1,,66214,Port:10,0,0,0,Missing,,,,,,,,,0
1,,66230,Port:10,0,0,0,Missing,,,,,,,,,0
1,,66246,Port:10,0,0,0,Missing,,,,,,,,,0
1,,66262,Port:10,0,0,0,Missing,,,,,,,,,0
1,,66278,Port:10,0,0,0,Missing,,,,,,,,,0
1,,66294,Port:10,0,0,0,Missing,,,,,,,,,0
1,,66310,Port:10,0,0,0,Missing,,,,,,,,,0
1,,66318,Port:10,0,0,0,Missing,,,,,,,,,0
1,,66334,Port:10,0,0,0,Missing,,,,,,,,,0
1,,66350,Port:10,0,0,0,Missing,,,,,,,,,0
1,,66366,Port:10,0,0,0,Missing,,,,,,,,,0
1,,66382,Port:10,0,0,0,Missing,,,,,,,,,0
1,,66398,Port:10,0,0,0,Missing,,,,,,,,,0
1,,66414,Port:10,0,0,0,Missing,,,,,,,,,0
1,,66430,Port:10,0,0,0,Missing,,,,,,,,,0
1,,66454,Port:10,0,0,0,Missing,,,,,,,,,0
1,,66470,Port:10,0,0,0,Missing,,,,,,,,,0
1,,66486,Port:10,0,0,0,Missing,,,,,,,,,0
1,,66502,Port:10,0,0,0,Missing,,,,,,,,,0
1,,66518,Port:10,0,0,0,Missing,,,,,,,,,0
1,,66534,Port:10,0,0,0,Missing,,,,,,,,,0
1,,66542,Port:10,0,0,0,Missing,,,,,,,,,0
1,,66558,Port:10,0,0,0,Missing,,,,,,,,,0
1,,66574,Port:10,0,0,0,Missing,,,,,,,,,0
1,,66590,Port:10,0,0,0,Missing,,,,,,,,,0
1,,66606,Port:10,0,0,0,Missing,,,,,,,,,0
1,,66622,Port:10,0,0,0,Missing,,,,,,,,,0
1,,66638,Port:10,0,0,0,Missing,,,,,,,,,0
1,,66654,Port:10,0,0,0,Missing,,,,,,,,,0
1,,66678,Port:10,0,0,0,Missing,,,,,,,,,0
1,,66694,Port:10,0,0,0,Missing,,,,,,,,,0
1,,66710,Port:10,0,0,0,Missing,,,,,,,,,0
1,,66726,Port:10,0,0,0,Missing,,,,,,,,,0
1,,66742,Port:10,0,0,0,Missing,,,,,,,,,0
1,,66758,Port:10,0,0,0,Missing,,,,,,,,,0
1,,66774,Port:10,0,0,0,Missing,,,,,,,,,0
1,,66782,Port:10,0,0,0,Missing,,,,,,,,,0
1,,66798,Port:10,0,0,0,Missing,,,,,,,,,0
1,,66814,Port:10,0,0,0,Missing,,,,,,,,,0
1,,66830,Port:10,0,0,0,Missing,,,,,,,,,0
1,,66846,Port:10,0,0,0,Missing,,,,,,,,,0
1,,66862,Port:10,0,0,0,Missing,,,,,,,,,0
1,,66878,Port:10,0,0,0,Missing,,,,,,,,,0
1,,66910,Port:10,0,0,0,Missing,,,,,,,,,0
1,,66926,Port:10,0,0,0,Missing,,,,,,,,,0
1,,66934,Port:10,0,0,0,Missing,,,,,,,,,0
1,,66950,Port:10,0,0,0,Missing,,,,,,,,,0
1,,66966,Port:10,0,0,0,Missing,,,,,,,,,0
1,,66982,Port:10,0,0,0,Missing,,,,,,,,,0
1,,66998,Port:10,0,0,0,Missing,,,,,,,,,0
1,,67014,Port:10,0,0,0,Missing,,,,,,,,,0
1,,67030,Port:10,0,0,0,Missing,,,,,,,,,0
1,,67046,Port:10,0,0,0,Missing,,,,,,,,,0
1,,67062,Port:10,0,0,0,Missing,,,,,,,,,0
1,,67070,Port:10,0,0,0,Missing,,,,,,,,,0
1,,67086,Port:10,0,0,0,Missing,,,,,,,,,0
1,,67102,Port:10,0,0,0,Missing,,,,,,,,,0
1,,67118,Port:10,0,0,0,Missing,,,,,,,,,0
1,,67150,Port:10,0,0,0,Missing,,,,,,,,,0
1,,67166,Port:10,0,0,0,Missing,,,,,,,,,0
1,,67182,Port:10,0,0,0,Missing,,,,,,,,,0
1,,67190,Port:10,0,0,0,Missing,,,,,,,,,0
1,,67206,Port:10,0,0,0,Missing,,,,,,,,,0
1,,67222,Port:10,0,0,0,Missing,,,,,,,,,0
1,,67238,Port:10,0,0,0,Missing,,,,,,,,,0
1,,67254,Port:10,0,0,0,Missing,,,,,,,,,0
1,,67270,Port:10,0,0,0,Missing,,,,,,,,,0
1,,67286,Port:10,0,0,0,Missing,,,,,,,,,0
1,,67294,Port:10,0,0,0,Missing,,,,,,,,,0
1,,67310,Port:10,0,0,0,Missing,,,,,,,,,0
1,,67326,Port:10,0,0,0,Missing,,,,,,,,,0
1,,67342,Port:10,0,0,0,Missing,,,,,,,,,0
1,,67358,Port:10,0,0,0,Missing,,,,,,,,,0
1,,67374,Port:10,0,0,0,Missing,,,,,,,,,0
1,,67390,Port:10,0,0,0,Missing,,,,,,,,,0
1,,67414,Port:10,0,0,0,Missing,,,,,,,,,0
1,,67430,Port:10,0,0,0,Missing,,,,,,,,,0
1,,67446,Port:10,0,0,0,Missing,,,,,,,,,0
1,,67462,Port:10,0,0,0,Missing,,,,,,,,,0
1,,67478,Port:10,0,0,0,Missing,,,,,,,,,0
1,,67494,Port:10,0,0,0,Missing,,,,,,,,,0
1,,67510,Port:10,0,0,0,Missing,,,,,,,,,0
1,,67518,Port:10,0,0,0,Missing,,,,,,,,,0
1,,67534,Port:10,0,0,0,Missing,,,,,,,,,0
1,,67550,Port:10,0,0,0,Missing,,,,,,,,,0
1,,67566,Port:10,0,0,0,Missing,,,,,,,,,0
1,,67582,Port:10,0,0,0,Missing,,,,,,,,,0
1,,67598,Port:10,0,0,0,Missing,,,,,,,,,0
1,,67614,Port:10,0,0,0,Missing,,,,,,,,,0
1,,67630,Port:10,0,0,0,Missing,,,,,,,,,0
1,,67654,Port:10,0,0,0,Missing,,,,,,,,,0
1,,67670,Port:10,0,0,0,Missing,,,,,,,,,0
1,,67686,Port:10,0,0,0,Missing,,,,,,,,,0
1,,67702,Port:10,0,0,0,Missing,,,,,,,,,0
1,,67718,Port:10,0,0,0,Missing,,,,,,,,,0
1,,67734,Port:10,0,0,0,Missing,,,,,,,,,0
1,,67742,Port:10,0,0,0,Missing,,,,,,,,,0
1,,67766,Port:10,0,0,0,Missing,,,,,,,,,0
1,,67782,Port:10,0,0,0,Missing,,,,,,,,,0
1,,67790,Port:10,0,0,0,Missing,,,,,,,,,0
1,,67806,Port:10,0,0,0,Missing,,,,,,,,,0
1,,67822,Port:10,0,0,0,Missing,,,,,,,,,0
1,,67838,Port:10,0,0,0,Missing,,,,,,,,,0
1,,67870,Port:10,0,0,0,Missing,,,,,,,,,0
1,,67886,Port:10,0,0,0,Missing,,,,,,,,,0
1,,67902,Port:10,0,0,0,Missing,,,,,,,,,0
1,,67910,Port:10,0,0,0,Missing,,,,,,,,,0
1,,67926,Port:10,0,0,0,Missing,,,,,,,,,0
1,,67942,Port:10,0,0,0,Missing,,,,,,,,,0
1,,67958,Port:10,0,0,0,Missing,,,,,,,,,0
1,,67974,Port:10,0,0,0,Missing,,,,,,,,,0
1,,67990,Port:10,0,0,0,Missing,,,,,,,,,0
1,,68006,Port:10,0,0,0,Missing,,,,,,,,,0
1,,68022,Port:10,0,0,0,Missing,,,,,,,,,0
1,,68030,Port:10,0,0,0,Missing,,,,,,,,,0
1,,68046,Port:10,0,0,0,Missing,,,,,,,,,0
1,,68062,Port:10,0,0,0,Missing,,,,,,,,,0
1,,68078,Port:10,0,0,0,Missing,,,,,,,,,0
1,,68110,Port:10,0,0,0,Missing,,,,,,,,,0
1,,68126,Port:10,0,0,0,Missing,,,,,,,,,0
1,,68142,Port:10,0,0,0,Missing,,,,,,,,,0
1,,68150,Port:10,0,0,0,Missing,,,,,,,,,0
1,,68166,Port:10,0,0,0,Missing,,,,,,,,,0
1,,68182,Port:10,0,0,0,Missing,,,,,,,,,0
1,,68198,Port:10,0,0,0,Missing,,,,,,,,,0
1,,68214,Port:10,0,0,0,Missing,,,,,,,,,0
1,,68230,Port:10,0,0,0,Missing,,,,,,,,,0
1,,68246,Port:10,0,0,0,Missing,,,,,,,,,0
1,,68262,Port:10,0,0,0,Missing,,,,,,,,,0
1,,68270,Port:10,0,0,0,Missing,,,,,,,,,0
1,,68286,Port:10,0,0,0,Missing,,,,,,,,,0
1,,68302,Port:10,0,0,0,Missing,,,,,,,,,0
1,,68318,Port:10,0,0,0,Missing,,,,,,,,,0
1,,68350,Port:10,0,0,0,Missing,,,,,,,,,0
1,,68366,Port:10,0,0,0,Missing,,,,,,,,,0
1,,68382,Port:10,0,0,0,Missing,,,,,,,,,0
1,,68398,Port:10,0,0,0,Missing,,,,,,,,,0
1,,68406,Port:10,0,0,0,Missing,,,,,,,,,0
1,,68422,Port:10,0,0,0,Missing,,,,,,,,,0
1,,68438,Port:10,0,0,0,Missing,,,,,,,,,0
1,,68454,Port:10,0,0,0,Missing,,,,,,,,,0
1,,68470,Port:10,0,0,0,Missing,,,,,,,,,0
1,,68486,Port:10,0,0,0,Missing,,,,,,,,,0
1,,68494,Port:10,0,0,0,Missing,,,,,,,,,0
1,,68510,Port:10,0,0,0,Missing,,,,,,,,,0
1,,68526,Port:10,0,0,0,Missing,,,,,,,,,0
1,,68542,Port:10,0,0,0,Missing,,,,,,,,,0
1,,68558,Port:10,0,0,0,Missing,,,,,,,,,0
1,,68574,Port:10,0,0,0,Missing,,,,,,,,,0
1,,68590,Port:10,0,0,0,Missing,,,,,,,,,0
1,,68622,Port:10,0,0,0,Missing,,,,,,,,,0
1,,68630,Port:10,0,0,0,Missing,,,,,,,,,0
1,,68646,Port:10,0,0,0,Missing,,,,,,,,,0
1,,68662,Port:10,0,0,0,Missing,,,,,,,,,0
1,,68678,Port:10,0,0,0,Missing,,,,,,,,,0
1,,68694,Port:10,0,0,0,Missing,,,,,,,,,0
1,,68710,Port:10,0,0,0,Missing,,,,,,,,,0
1,,68726,Port:10,0,0,0,Missing,,,,,,,,,0
1,,68734,Port:10,0,0,0,Missing,,,,,,,,,0
1,,68750,Port:10,0,0,0,Missing,,,,,,,,,0
1,,68766,Port:10,0,0,0,Missing,,,,,,,,,0
1,,68782,Port:10,0,0,0,Missing,,,,,,,,,0
1,,68798,Port:10,0,0,0,Missing,,,,,,,,,0
1,,68814,Port:10,0,0,0,Missing,,,,,,,,,0
1,,68846,Port:10,0,0,0,Missing,,,,,,,,,0
1,,68854,Port:10,0,0,0,Missing,,,,,,,,,0
1,,68870,Port:10,0,0,0,Missing,,,,,,,,,0
1,,68886,Port:10,0,0,0,Missing,,,,,,,,,0
1,,68910,Port:10,0,0,0,Missing,,,,,,,,,0
1,,68918,Port:10,0,0,0,Missing,,,,,,,,,0
1,,68934,Port:10,0,0,0,Missing,,,,,,,,,0
1,,68950,Port:10,0,0,0,Missing,,,,,,,,,0
1,,68966,Port:10,0,0,0,Missing,,,,,,,,,0
1,,68974,Port:10,0,0,0,Missing,,,,,,,,,0
1,,68990,Port:10,0,0,0,Missing,,,,,,,,,0
1,,69006,Port:10,0,0,0,Missing,,,,,,,,,0
1,,69030,Port:10,0,0,0,Missing,,,,,,,,,0
1,,69038,Port:10,0,0,0,Missing,,,,,,,,,0
1,,69054,Port:10,0,0,0,Missing,,,,,,,,,0
1,,69086,Port:10,0,0,0,Missing,,,,,,,,,0
1,,69094,Port:10,0,0,0,Missing,,,,,,,,,0
1,,69110,Port:10,0,0,0,Missing,,,,,,,,,0
1,,69126,Port:10,0,0,0,Missing,,,,,,,,,0
1,,69150,Port:10,0,0,0,Missing,,,,,,,,,0
1,,69158,Port:10,0,0,0,Missing,,,,,,,,,0
1,,69174,Port:10,0,0,0,Missing,,,,,,,,,0
1,,69190,Port:10,0,0,0,Missing,,,,,,,,,0
1,,69206,Port:10,0,0,0,Missing,,,,,,,,,0
1,,69214,Port:10,0,0,0,Missing,,,,,,,,,0
1,,69230,Port:10,0,0,0,Missing,,,,,,,,,0
1,,69246,Port:10,0,0,0,Missing,,,,,,,,,0
1,,69262,Port:10,0,0,0,Missing,,,,,,,,,0
1,,69278,Port:10,0,0,0,Missing,,,,,,,,,0
1,,69294,Port:10,0,0,0,Missing,,,,,,,,,0
1,,69310,Port:10,0,0,0,Missing,,,,,,,,,0
1,,69342,Port:10,0,0,0,Missing,,,,,,,,,0
1,,69350,Port:10,0,0,0,Missing,,,,,,,,,0
1,,69366,Port:10,0,0,0,Missing,,,,,,,,,0
1,,69390,Port:10,0,0,0,Missing,,,,,,,,,0
1,,69398,Port:10,0,0,0,Missing,,,,,,,,,0
1,,69414,Port:10,0,0,0,Missing,,,,,,,,,0
1,,69430,Port:10,0,0,0,Missing,,,,,,,,,0
1,,69446,Port:10,0,0,0,Missing,,,,,,,,,0
1,,69454,Port:10,0,0,0,Missing,,,,,,,,,0
1,,69470,Port:10,0,0,0,Missing,,,,,,,,,0
1,,69486,Port:10,0,0,0,Missing,,,,,,,,,0
1,,69510,Port:10,0,0,0,Missing,,,,,,,,,0
1,,69518,Port:10,0,0,0,Missing,,,,,,,,,0
1,,69534,Port:10,0,0,0,Missing,,,,,,,,,0
1,,69550,Port:10,0,0,0,Missing,,,,,,,,,0
1,,69574,Port:10,0,0,0,Missing,,,,,,,,,0
1,,69590,Port:10,0,0,0,Missing,,,,,,,,,0
1,,69614,Port:10,0,0,0,Missing,,,,,,,,,0
1,,69622,Port:10,0,0,0,Missing,,,,,,,,,0
1,,69638,Port:10,0,0,0,Missing,,,,,,,,,0
1,,69654,Port:10,0,0,0,Missing,,,,,,,,,0
1,,69670,Port:10,0,0,0,Missing,,,,,,,,,0
1,,69686,Port:10,0,0,0,Missing,,,,,,,,,0
1,,69702,Port:10,0,0,0,Missing,,,,,,,,,0
1,,69718,Port:10,0,0,0,Missing,,,,,,,,,0
1,,69734,Port:10,0,0,0,Missing,,,,,,,,,0
1,,69742,Port:10,0,0,0,Missing,,,,,,,,,0
1,,69758,Port:10,0,0,0,Missing,,,,,,,,,0
1,,69774,Port:10,0,0,0,Missing,,,,,,,,,0
1,,69806,Port:10,0,0,0,Missing,,,,,,,,,0
1,,69822,Port:10,0,0,0,Missing,,,,,,,,,0
1,,69838,Port:10,0,0,0,Missing,,,,,,,,,0
1,,69854,Port:10,0,0,0,Missing,,,,,,,,,0
1,,69862,Port:10,0,0,0,Missing,,,,,,,,,0
1,,69878,Port:10,0,0,0,Missing,,,,,,,,,0
1,,69894,Port:10,0,0,0,Missing,,,,,,,,,0
1,,69910,Port:10,0,0,0,Missing,,,,,,,,,0
1,,69926,Port:10,0,0,0,Missing,,,,,,,,,0
1,,69942,Port:10,0,0,0,Missing,,,,,,,,,0
1,,69958,Port:10,0,0,0,Missing,,,,,,,,,0
1,,69966,Port:10,0,0,0,Missing,,,,,,,,,0
1,,69982,Port:10,0,0,0,Missing,,,,,,,,,0
1,,69998,Port:10,0,0,0,Missing,,,,,,,,,0
1,,70014,Port:10,0,0,0,Missing,,,,,,,,,0
1,,70046,Port:10,0,0,0,Missing,,,,,,,,,0
1,,70062,Port:10,0,0,0,Missing,,,,,,,,,0
1,,70070,Port:10,0,0,0,Missing,,,,,,,,,0
1,,70086,Port:10,0,0,0,Missing,,,,,,,,,0
1,,70110,Port:10,0,0,0,Missing,,,,,,,,,0
1,,70118,Port:10,0,0,0,Missing,,,,,,,,,0
1,,70134,Port:10,0,0,0,Missing,,,,,,,,,0
1,,70150,Port:10,0,0,0,Missing,,,,,,,,,0
1,,70166,Port:10,0,0,0,Missing,,,,,,,,,0
1,,70182,Port:10,0,0,0,Missing,,,,,,,,,0
1,,70190,Port:10,0,0,0,Missing,,,,,,,,,0
1,,70206,Port:10,0,0,0,Missing,,,,,,,,,0
1,,70230,Port:10,0,0,0,Missing,,,,,,,,,0
1,,70238,Port:10,0,0,0,Missing,,,,,,,,,0
1,,70254,Port:10,0,0,0,Missing,,,,,,,,,0
1,,70270,Port:10,0,0,0,Missing,,,,,,,,,0
1,,70302,Port:10,0,0,0,Missing,,,,,,,,,0
1,,70310,Port:10,0,0,0,Missing,,,,,,,,,0
1,,70326,Port:10,0,0,0,Missing,,,,,,,,,0
1,,70350,Port:10,0,0,0,Missing,,,,,,,,,0
1,,70358,Port:10,0,0,0,Missing,,,,,,,,,0
1,,70374,Port:10,0,0,0,Missing,,,,,,,,,0
1,,70390,Port:10,0,0,0,Missing,,,,,,,,,0
1,,70406,Port:10,0,0,0,Missing,,,,,,,,,0
1,,70422,Port:10,0,0,0,Missing,,,,,,,,,0
1,,70438,Port:10,0,0,0,Missing,,,,,,,,,0
1,,70454,Port:10,0,0,0,Missing,,,,,,,,,0
1,,70462,Port:10,0,0,0,Missing,,,,,,,,,0
1,,70478,Port:10,0,0,0,Missing,,,,,,,,,0
1,,70494,Port:10,0,0,0,Missing,,,,,,,,,0
1,,70526,Port:10,0,0,0,Missing,,,,,,,,,0
1,,70542,Port:10,0,0,0,Missing,,,,,,,,,0
1,,70550,Port:10,0,0,0,Missing,,,,,,,,,0
1,,70574,Port:10,0,0,0,Missing,,,,,,,,,0
1,,70582,Port:10,0,0,0,Missing,,,,,,,,,0
1,,70598,Port:10,0,0,0,Missing,,,,,,,,,0
1,,70614,Port:10,0,0,0,Missing,,,,,,,,,0
1,,70630,Port:10,0,0,0,Missing,,,,,,,,,0
1,,70646,Port:10,0,0,0,Missing,,,,,,,,,0
1,,70662,Port:10,0,0,0,Missing,,,,,,,,,0
1,,70678,Port:10,0,0,0,Missing,,,,,,,,,0
1,,70694,Port:10,0,0,0,Missing,,,,,,,,,0
1,,70710,Port:10,0,0,0,Missing,,,,,,,,,0
1,,70718,Port:10,0,0,0,Missing,,,,,,,,,0
1,,70782,Port:10,0,0,0,Missing,,,,,,,,,0
1,,70798,Port:10,0,0,0,Missing,,,,,,,,,0
1,,70814,Port:10,0,0,0,Missing,,,,,,,,,0
1,,70822,Port:10,0,0,0,Missing,,,,,,,,,0
1,,70838,Port:10,0,0,0,Missing,,,,,,,,,0
1,,70854,Port:10,0,0,0,Missing,,,,,,,,,0
1,,70870,Port:10,0,0,0,Missing,,,,,,,,,0
1,,70886,Port:10,0,0,0,Missing,,,,,,,,,0
1,,70902,Port:10,0,0,0,Missing,,,,,,,,,0
1,,70918,Port:10,0,0,0,Missing,,,,,,,,,0
1,,70934,Port:10,0,0,0,Missing,,,,,,,,,0
1,,70942,Port:10,0,0,0,Missing,,,,,,,,,0
1,,70958,Port:10,0,0,0,Missing,,,,,,,,,0
1,,70974,Port:10,0,0,0,Missing,,,,,,,,,0
1,,71006,Port:10,0,0,0,Missing,,,,,,,,,0
1,,71022,Port:10,0,0,0,Missing,,,,,,,,,0
1,,71038,Port:10,0,0,0,Missing,,,,,,,,,0
1,,71054,Port:10,0,0,0,Missing,,,,,,,,,0
1,,71062,Port:10,0,0,0,Missing,,,,,,,,,0
1,,71078,Port:10,0,0,0,Missing,,,,,,,,,0
1,,71094,Port:10,0,0,0,Missing,,,,,,,,,0
1,,71110,Port:10,0,0,0,Missing,,,,,,,,,0
1,,71126,Port:10,0,0,0,Missing,,,,,,,,,0
1,,71142,Port:10,0,0,0,Missing,,,,,,,,,0
1,,71158,Port:10,0,0,0,Missing,,,,,,,,,0
1,,71166,Port:10,0,0,0,Missing,,,,,,,,,0
1,,71182,Port:10,0,0,0,Missing,,,,,,,,,0
1,,71206,Port:10,0,0,0,Missing,,,,,,,,,0
1,,71214,Port:10,0,0,0,Missing,,,,,,,,,0
1,,71230,Port:10,0,0,0,Missing,,,,,,,,,0
1,,71262,Port:10,0,0,0,Missing,,,,,,,,,0
1,,71278,Port:10,0,0,0,Missing,,,,,,,,,0
1,,71286,Port:10,0,0,0,Missing,,,,,,,,,0
1,,71302,Port:10,0,0,0,Missing,,,,,,,,,0
1,,71326,Port:10,0,0,0,Missing,,,,,,,,,0
1,,71334,Port:10,0,0,0,Missing,,,,,,,,,0
1,,71350,Port:10,0,0,0,Missing,,,,,,,,,0
1,,71366,Port:10,0,0,0,Missing,,,,,,,,,0
1,,71382,Port:10,0,0,0,Missing,,,,,,,,,0
1,,71398,Port:10,0,0,0,Missing,,,,,,,,,0
1,,71406,Port:10,0,0,0,Missing,,,,,,,,,0
1,,71430,Port:10,0,0,0,Missing,,,,,,,,,0
1,,71446,Port:10,0,0,0,Missing,,,,,,,,,0
1,,71454,Port:10,0,0,0,Missing,,,,,,,,,0
1,,71470,Port:10,0,0,0,Missing,,,,,,,,,0
1,,71502,Port:10,0,0,0,Missing,,,,,,,,,0
1,,71510,Port:10,0,0,0,Missing,,,,,,,,,0
1,,71534,Port:10,0,0,0,Missing,,,,,,,,,0
1,,71550,Port:10,0,0,0,Missing,,,,,,,,,0
1,,71558,Port:10,0,0,0,Missing,,,,,,,,,0
1,,71574,Port:10,0,0,0,Missing,,,,,,,,,0
1,,71590,Port:10,0,0,0,Missing,,,,,,,,,0
1,,71606,Port:10,0,0,0,Missing,,,,,,,,,0
1,,71622,Port:10,0,0,0,Missing,,,,,,,,,0
1,,71638,Port:10,0,0,0,Missing,,,,,,,,,0
1,,71654,Port:10,0,0,0,Missing,,,,,,,,,0
1,,71670,Port:10,0,0,0,Missing,,,,,,,,,0
1,,71678,Port:10,0,0,0,Missing,,,,,,,,,0
1,,71694,Port:10,0,0,0,Missing,,,,,,,,,0
1,,71726,Port:10,0,0,0,Missing,,,,,,,,,0
1,,71742,Port:10,0,0,0,Missing,,,,,,,,,0
1,,71758,Port:10,0,0,0,Missing,,,,,,,,,0
1,,71774,Port:10,0,0,0,Missing,,,,,,,,,0
1,,71790,Port:10,0,0,0,Missing,,,,,,,,,0
1,,71798,Port:10,0,0,0,Missing,,,,,,,,,0
1,,71814,Port:10,0,0,0,Missing,,,,,,,,,0
1,,71830,Port:10,0,0,0,Missing,,,,,,,,,0
1,,71846,Port:10,0,0,0,Missing,,,,,,,,,0
1,,71862,Port:10,0,0,0,Missing,,,,,,,,,0
1,,71878,Port:10,0,0,0,Missing,,,,,,,,,0
1,,71894,Port:10,0,0,0,Missing,,,,,,,,,0
1,,71902,Port:10,0,0,0,Missing,,,,,,,,,0
1,,71918,Port:10,0,0,0,Missing,,,,,,,,,0
1,,71942,Port:10,0,0,0,Missing,,,,,,,,,0
1,,71950,Port:10,0,0,0,Missing,,,,,,,,,0
1,,71966,Port:10,0,0,0,Missing,,,,,,,,,0
1,,71998,Port:10,0,0,0,Missing,,,,,,,,,0
1,,72014,Port:10,0,0,0,Missing,,,,,,,,,0
1,,72022,Port:10,0,0,0,Missing,,,,,,,,,0
1,,72038,Port:10,0,0,0,Missing,,,,,,,,,0
1,,72062,Port:10,0,0,0,Missing,,,,,,,,,0
1,,72070,Port:10,0,0,0,Missing,,,,,,,,,0
1,,72086,Port:10,0,0,0,Missing,,,,,,,,,0
1,,72102,Port:10,0,0,0,Missing,,,,,,,,,0
1,,72118,Port:10,0,0,0,Missing,,,,,,,,,0
1,,72134,Port:10,0,0,0,Missing,,,,,,,,,0
1,,72142,Port:10,0,0,0,Missing,,,,,,,,,0
1,,72158,Port:10,0,0,0,Missing,,,,,,,,,0
1,,72182,Port:10,0,0,0,Missing,,,,,,,,,0
1,,72190,Port:10,0,0,0,Missing,,,,,,,,,0
1,,72206,Port:10,0,0,0,Missing,,,,,,,,,0
1,,72238,Port:10,0,0,0,Missing,,,,,,,,,0
1,,72254,Port:10,0,0,0,Missing,,,,,,,,,0
1,,72262,Port:10,0,0,0,Missing,,,,,,,,,0
1,,72278,Port:10,0,0,0,Missing,,,,,,,,,0
1,,72294,Port:10,0,0,0,Missing,,,,,,,,,0
1,,72310,Port:10,0,0,0,Missing,,,,,,,,,0
1,,72326,Port:10,0,0,0,Missing,,,,,,,,,0
1,,72342,Port:10,0,0,0,Missing,,,,,,,,,0
1,,72358,Port:10,0,0,0,Missing,,,,,,,,,0
1,,72374,Port:10,0,0,0,Missing,,,,,,,,,0
1,,72390,Port:10,0,0,0,Missing,,,,,,,,,0
1,,72406,Port:10,0,0,0,Missing,,,,,,,,,0
1,,72414,Port:10,0,0,0,Missing,,,,,,,,,0
1,,72446,Port:10,0,0,0,Missing,,,,,,,,,0
1,,72462,Port:10,0,0,0,Missing,,,,,,,,,0
1,,72478,Port:10,0,0,0,Missing,,,,,,,,,0
1,,72494,Port:10,0,0,0,Missing,,,,,,,,,0
1,,72510,Port:10,0,0,0,Missing,,,,,,,,,0
1,,72518,Port:10,0,0,0,Missing,,,,,,,,,0
1,,72534,Port:10,0,0,0,Missing,,,,,,,,,0
1,,72550,Port:10,0,0,0,Missing,,,,,,,,,0
1,,72566,Port:10,0,0,0,Missing,,,,,,,,,0
1,,72582,Port:10,0,0,0,Missing,,,,,,,,,0
1,,72598,Port:10,0,0,0,Missing,,,,,,,,,0
1,,72614,Port:10,0,0,0,Missing,,,,,,,,,0
1,,72630,Port:10,0,0,0,Missing,,,,,,,,,0
1,,72638,Port:10,0,0,0,Missing,,,,,,,,,0
1,,72654,Port:10,0,0,0,Missing,,,,,,,,,0
1,,72670,Port:10,0,0,0,Missing,,,,,,,,,0
1,,72702,Port:10,0,0,0,Missing,,,,,,,,,0
1,,72718,Port:10,0,0,0,Missing,,,,,,,,,0
1,,72726,Port:10,0,0,0,Missing,,,,,,,,,0
1,,72750,Port:10,0,0,0,Missing,,,,,,,,,0
1,,72766,Port:10,0,0,0,Missing,,,,,,,,,0
1,,72774,Port:10,0,0,0,Missing,,,,,,,,,0
1,,72790,Port:10,0,0,0,Missing,,,,,,,,,0
1,,72806,Port:10,0,0,0,Missing,,,,,,,,,0
1,,72822,Port:10,0,0,0,Missing,,,,,,,,,0
1,,72838,Port:10,0,0,0,Missing,,,,,,,,,0
1,,72854,Port:10,0,0,0,Missing,,,,,,,,,0
1,,72870,Port:10,0,0,0,Missing,,,,,,,,,0
1,,72886,Port:10,0,0,0,Missing,,,,,,,,,0
1,,72894,Port:10,0,0,0,Missing,,,,,,,,,0
1,,72910,Port:10,0,0,0,Missing,,,,,,,,,0
1,,72942,Port:10,0,0,0,Missing,,,,,,,,,0
1,,72958,Port:10,0,0,0,Missing,,,,,,,,,0
1,,72974,Port:10,0,0,0,Missing,,,,,,,,,0
1,,72990,Port:10,0,0,0,Missing,,,,,,,,,0
1,,73006,Port:10,0,0,0,Missing,,,,,,,,,0
1,,73014,Port:10,0,0,0,Missing,,,,,,,,,0
1,,73030,Port:10,0,0,0,Missing,,,,,,,,,0
1,,73046,Port:10,0,0,0,Missing,,,,,,,,,0
1,,73062,Port:10,0,0,0,Missing,,,,,,,,,0
1,,73078,Port:10,0,0,0,Missing,,,,,,,,,0
1,,73094,Port:10,0,0,0,Missing,,,,,,,,,0
1,,73110,Port:10,0,0,0,Missing,,,,,,,,,0
1,,73126,Port:10,0,0,0,Missing,,,,,,,,,0
1,,73134,Port:10,0,0,0,Missing,,,,,,,,,0
1,,73166,Port:10,0,0,0,Missing,,,,,,,,,0
1,,73182,Port:10,0,0,0,Missing,,,,,,,,,0
1,,73198,Port:10,0,0,0,Missing,,,,,,,,,0
1,,73214,Port:10,0,0,0,Missing,,,,,,,,,0
1,,73230,Port:10,0,0,0,Missing,,,,,,,,,0
1,,73238,Port:10,0,0,0,Missing,,,,,,,,,0
1,,73254,Port:10,0,0,0,Missing,,,,,,,,,0
1,,73270,Port:10,0,0,0,Missing,,,,,,,,,0
1,,73286,Port:10,0,0,0,Missing,,,,,,,,,0
1,,73302,Port:10,0,0,0,Missing,,,,,,,,,0
1,,73318,Port:10,0,0,0,Missing,,,,,,,,,0
1,,73334,Port:10,0,0,0,Missing,,,,,,,,,0
1,,73350,Port:10,0,0,0,Missing,,,,,,,,,0
1,,73358,Port:10,0,0,0,Missing,,,,,,,,,0
1,,73374,Port:10,0,0,0,Missing,,,,,,,,,0
1,,73406,Port:10,0,0,0,Missing,,,,,,,,,0
1,,73422,Port:10,0,0,0,Missing,,,,,,,,,0
1,,73438,Port:10,0,0,0,Missing,,,,,,,,,0
1,,73454,Port:10,0,0,0,Missing,,,,,,,,,0
1,,73470,Port:10,0,0,0,Missing,,,,,,,,,0
1,,73486,Port:10,0,0,0,Missing,,,,,,,,,0
1,,73502,Port:10,0,0,0,Missing,,,,,,,,,0
1,,73510,Port:10,0,0,0,Missing,,,,,,,,,0
1,,73526,Port:10,0,0,0,Missing,,,,,,,,,0
1,,73542,Port:10,0,0,0,Missing,,,,,,,,,0
1,,73558,Port:10,0,0,0,Missing,,,,,,,,,0
1,,73574,Port:10,0,0,0,Missing,,,,,,,,,0
1,,73590,Port:10,0,0,0,Missing,,,,,,,,,0
1,,73606,Port:10,0,0,0,Missing,,,,,,,,,0
1,,73622,Port:10,0,0,0,Missing,,,,,,,,,0
1,,73630,Port:10,0,0,0,Missing,,,,,,,,,0
1,,73662,Port:10,0,0,0,Missing,,,,,,,,,0
1,,73678,Port:10,0,0,0,Missing,,,,,,,,,0
1,,73694,Port:10,0,0,0,Missing,,,,,,,,,0
1,,73710,Port:10,0,0,0,Missing,,,,,,,,,0
1,,73726,Port:10,0,0,0,Missing,,,,,,,,,0
1,,73734,Port:10,0,0,0,Missing,,,,,,,,,0
1,,73750,Port:10,0,0,0,Missing,,,,,,,,,0
1,,73766,Port:10,0,0,0,Missing,,,,,,,,,0
1,,73782,Port:10,0,0,0,Missing,,,,,,,,,0
1,,73798,Port:10,0,0,0,Missing,,,,,,,,,0
1,,73814,Port:10,0,0,0,Missing,,,,,,,,,0
1,,73830,Port:10,0,0,0,Missing,,,,,,,,,0
1,,73846,Port:10,0,0,0,Missing,,,,,,,,,0
1,,73854,Port:10,0,0,0,Missing,,,,,,,,,0
1,,73886,Port:10,0,0,0,Missing,,,,,,,,,0
1,,73902,Port:10,0,0,0,Missing,,,,,,,,,0
1,,73918,Port:10,0,0,0,Missing,,,,,,,,,0
1,,73934,Port:10,0,0,0,Missing,,,,,,,,,0
1,,73950,Port:10,0,0,0,Missing,,,,,,,,,0
1,,73966,Port:10,0,0,0,Missing,,,,,,,,,0
1,,73974,Port:10,0,0,0,Missing,,,,,,,,,0
1,,73990,Port:10,0,0,0,Missing,,,,,,,,,0
1,,74006,Port:10,0,0,0,Missing,,,,,,,,,0
1,,74022,Port:10,0,0,0,Missing,,,,,,,,,0
1,,74038,Port:10,0,0,0,Missing,,,,,,,,,0
1,,74054,Port:10,0,0,0,Missing,,,,,,,,,0
1,,74070,Port:10,0,0,0,Missing,,,,,,,,,0
1,,74086,Port:10,0,0,0,Missing,,,,,,,,,0
1,,74110,Port:10,0,0,0,Missing,,,,,,,,,0
1,,74126,Port:10,0,0,0,Missing,,,,,,,,,0
1,,74142,Port:10,0,0,0,Missing,,,,,,,,,0
1,,74158,Port:10,0,0,0,Missing,,,,,,,,,0
1,,74174,Port:10,0,0,0,Missing,,,,,,,,,0
1,,74190,Port:10,0,0,0,Missing,,,,,,,,,0
1,,74206,Port:10,0,0,0,Missing,,,,,,,,,0
1,,74222,Port:10,0,0,0,Missing,,,,,,,,,0
1,,74230,Port:10,0,0,0,Missing,,,,,,,,,0
1,,74246,Port:10,0,0,0,Missing,,,,,,,,,0
1,,74262,Port:10,0,0,0,Missing,,,,,,,,,0
1,,74278,Port:10,0,0,0,Missing,,,,,,,,,0
1,,74294,Port:10,0,0,0,Missing,,,,,,,,,0
1,,74310,Port:10,0,0,0,Missing,,,,,,,,,0
1,,74326,Port:10,0,0,0,Missing,,,,,,,,,0
1,,74342,Port:10,0,0,0,Missing,,,,,,,,,0
1,,74350,Port:10,0,0,0,Missing,,,,,,,,,0
1,,74382,Port:10,0,0,0,Missing,,,,,,,,,0
1,,74398,Port:10,0,0,0,Missing,,,,,,,,,0
1,,74414,Port:10,0,0,0,Missing,,,,,,,,,0
1,,74430,Port:10,0,0,0,Missing,,,,,,,,,0
1,,74446,Port:10,0,0,0,Missing,,,,,,,,,0
1,,74462,Port:10,0,0,0,Missing,,,,,,,,,0
1,,74470,Port:10,0,0,0,Missing,,,,,,,,,0
1,,74486,Port:10,0,0,0,Missing,,,,,,,,,0
1,,74502,Port:10,0,0,0,Missing,,,,,,,,,0
1,,74518,Port:10,0,0,0,Missing,,,,,,,,,0
1,,74534,Port:10,0,0,0,Missing,,,,,,,,,0
1,,74550,Port:10,0,0,0,Missing,,,,,,,,,0
1,,74566,Port:10,0,0,0,Missing,,,,,,,,,0
1,,74582,Port:10,0,0,0,Missing,,,,,,,,,0
1,,74606,Port:10,0,0,0,Missing,,,,,,,,,0
1,,74622,Port:10,0,0,0,Missing,,,,,,,,,0
1,,74638,Port:10,0,0,0,Missing,,,,,,,,,0
1,,74654,Port:10,0,0,0,Missing,,,,,,,,,0
1,,74670,Port:10,0,0,0,Missing,,,,,,,,,0
1,,74686,Port:10,0,0,0,Missing,,,,,,,,,0
1,,74702,Port:10,0,0,0,Missing,,,,,,,,,0
1,,74710,Port:10,0,0,0,Missing,,,,,,,,,0
1,,74726,Port:10,0,0,0,Missing,,,,,,,,,0
1,,74742,Port:10,0,0,0,Missing,,,,,,,,,0
1,,74758,Port:10,0,0,0,Missing,,,,,,,,,0
1,,74774,Port:10,0,0,0,Missing,,,,,,,,,0
1,,74790,Port:10,0,0,0,Missing,,,,,,,,,0
1,,74806,Port:10,0,0,0,Missing,,,,,,,,,0
1,,74822,Port:10,0,0,0,Missing,,,,,,,,,0
1,,74846,Port:10,0,0,0,Missing,,,,,,,,,0
1,,74862,Port:10,0,0,0,Missing,,,,,,,,,0
1,,74878,Port:10,0,0,0,Missing,,,,,,,,,0
1,,74894,Port:10,0,0,0,Missing,,,,,,,,,0
1,,74910,Port:10,0,0,0,Missing,,,,,,,,,0
1,,74926,Port:10,0,0,0,Missing,,,,,,,,,0
1,,74942,Port:10,0,0,0,Missing,,,,,,,,,0
1,,74950,Port:10,0,0,0,Missing,,,,,,,,,0
1,,74966,Port:10,0,0,0,Missing,,,,,,,,,0
1,,74982,Port:10,0,0,0,Missing,,,,,,,,,0
1,,74998,Port:10,0,0,0,Missing,,,,,,,,,0
1,,75014,Port:10,0,0,0,Missing,,,,,,,,,0
1,,75030,Port:10,0,0,0,Missing,,,,,,,,,0
1,,75046,Port:10,0,0,0,Missing,,,,,,,,,0
1,,75070,Port:10,0,0,0,Missing,,,,,,,,,0
1,,75094,Port:10,0,0,0,Missing,,,,,,,,,0
1,,75102,Port:10,0,0,0,Missing,,,,,,,,,0
1,,75118,Port:10,0,0,0,Missing,,,,,,,,,0
1,,75134,Port:10,0,0,0,Missing,,,,,,,,,0
1,,75150,Port:10,0,0,0,Missing,,,,,,,,,0
1,,75166,Port:10,0,0,0,Missing,,,,,,,,,0
1,,75174,Port:10,0,0,0,Missing,,,,,,,,,0
1,,75190,Port:10,0,0,0,Missing,,,,,,,,,0
1,,75214,Port:10,0,0,0,Missing,,,,,,,,,0
1,,75222,Port:10,0,0,0,Missing,,,,,,,,,0
1,,75238,Port:10,0,0,0,Missing,,,,,,,,,0
1,,75254,Port:10,0,0,0,Missing,,,,,,,,,0
1,,75270,Port:10,0,0,0,Missing,,,,,,,,,0
1,,75286,Port:10,0,0,0,Missing,,,,,,,,,0
1,,75310,Port:10,0,0,0,Missing,,,,,,,,,0
1,,75334,Port:10,0,0,0,Missing,,,,,,,,,0
1,,75342,Port:10,0,0,0,Missing,,,,,,,,,0
1,,75358,Port:10,0,0,0,Missing,,,,,,,,,0
1,,75374,Port:10,0,0,0,Missing,,,,,,,,,0
1,,75390,Port:10,0,0,0,Missing,,,,,,,,,0
1,,75406,Port:10,0,0,0,Missing,,,,,,,,,0
1,,75422,Port:10,0,0,0,Missing,,,,,,,,,0
1,,75438,Port:10,0,0,0,Missing,,,,,,,,,0
1,,75446,Port:10,0,0,0,Missing,,,,,,,,,0
1,,75462,Port:10,0,0,0,Missing,,,,,,,,,0
1,,75478,Port:10,0,0,0,Missing,,,,,,,,,0
1,,75494,Port:10,0,0,0,Missing,,,,,,,,,0
1,,75510,Port:10,0,0,0,Missing,,,,,,,,,0
1,,75526,Port:10,0,0,0,Missing,,,,,,,,,0
1,,75542,Port:10,0,0,0,Missing,,,,,,,,,0
1,,75566,Port:10,0,0,0,Missing,,,,,,,,,0
1,,75582,Port:10,0,0,0,Missing,,,,,,,,,0
1,,75598,Port:10,0,0,0,Missing,,,,,,,,,0
1,,75614,Port:10,0,0,0,Missing,,,,,,,,,0
1,,75630,Port:10,0,0,0,Missing,,,,,,,,,0
1,,75646,Port:10,0,0,0,Missing,,,,,,,,,0
1,,75662,Port:10,0,0,0,Missing,,,,,,,,,0
1,,75670,Port:10,0,0,0,Missing,,,,,,,,,0
1,,75686,Port:10,0,0,0,Missing,,,,,,,,,0
1,,75702,Port:10,0,0,0,Missing,,,,,,,,,0
1,,75718,Port:10,0,0,0,Missing,,,,,,,,,0
1,,75734,Port:10,0,0,0,Missing,,,,,,,,,0
1,,75750,Port:10,0,0,0,Missing,,,,,,,,,0
1,,75766,Port:10,0,0,0,Missing,,,,,,,,,0
1,,75790,Port:10,0,0,0,Missing,,,,,,,,,0
1,,75814,Port:10,0,0,0,Missing,,,,,,,,,0
1,,75822,Port:10,0,0,0,Missing,,,,,,,,,0
1,,75838,Port:10,0,0,0,Missing,,,,,,,,,0
1,,75854,Port:10,0,0,0,Missing,,,,,,,,,0
1,,75870,Port:10,0,0,0,Missing,,,,,,,,,0
1,,75886,Port:10,0,0,0,Missing,,,,,,,,,0
1,,75902,Port:10,0,0,0,Missing,,,,,,,,,0
1,,75910,Port:10,0,0,0,Missing,,,,,,,,,0
1,,75934,Port:10,0,0,0,Missing,,,,,,,,,0
1,,75942,Port:10,0,0,0,Missing,,,,,,,,,0
1,,75958,Port:10,0,0,0,Missing,,,,,,,,,0
1,,75974,Port:10,0,0,0,Missing,,,,,,,,,0
1,,75990,Port:10,0,0,0,Missing,,,,,,,,,0
1,,76006,Port:10,0,0,0,Missing,,,,,,,,,0
1,,76030,Port:10,0,0,0,Missing,,,,,,,,,0
1,,76054,Port:10,0,0,0,Missing,,,,,,,,,0
1,,76062,Port:10,0,0,0,Missing,,,,,,,,,0
1,,76078,Port:10,0,0,0,Missing,,,,,,,,,0
1,,76094,Port:10,0,0,0,Missing,,,,,,,,,0
1,,76110,Port:10,0,0,0,Missing,,,,,,,,,0
1,,76126,Port:10,0,0,0,Missing,,,,,,,,,0
1,,76142,Port:10,0,0,0,Missing,,,,,,,,,0
1,,76158,Port:10,0,0,0,Missing,,,,,,,,,0
1,,76166,Port:10,0,0,0,Missing,,,,,,,,,0
1,,76182,Port:10,0,0,0,Missing,,,,,,,,,0
1,,76198,Port:10,0,0,0,Missing,,,,,,,,,0
1,,76214,Port:10,0,0,0,Missing,,,,,,,,,0
1,,76230,Port:10,0,0,0,Missing,,,,,,,,,0
1,,76246,Port:10,0,0,0,Missing,,,,,,,,,0
1,,76262,Port:10,0,0,0,Missing,,,,,,,,,0
1,,76286,Port:10,0,0,0,Missing,,,,,,,,,0
1,,76302,Port:10,0,0,0,Missing,,,,,,,,,0
1,,76318,Port:10,0,0,0,Missing,,,,,,,,,0
1,,76334,Port:10,0,0,0,Missing,,,,,,,,,0
1,,76350,Port:10,0,0,0,Missing,,,,,,,,,0
1,,76366,Port:10,0,0,0,Missing,,,,,,,,,0
1,,76382,Port:10,0,0,0,Missing,,,,,,,,,0
1,,76398,Port:10,0,0,0,Missing,,,,,,,,,0
1,,76406,Port:10,0,0,0,Missing,,,,,,,,,0
1,,76422,Port:10,0,0,0,Missing,,,,,,,,,0
1,,76438,Port:10,0,0,0,Missing,,,,,,,,,0
1,,76454,Port:10,0,0,0,Missing,,,,,,,,,0
1,,76470,Port:10,0,0,0,Missing,,,,,,,,,0
1,,76486,Port:10,0,0,0,Missing,,,,,,,,,0
1,,76502,Port:10,0,0,0,Missing,,,,,,,,,0
1,,76526,Port:10,0,0,0,Missing,,,,,,,,,0
1,,76542,Port:10,0,0,0,Missing,,,,,,,,,0
1,,76566,Port:10,0,0,0,Missing,,,,,,,,,0
1,,76574,Port:10,0,0,0,Missing,,,,,,,,,0
1,,76590,Port:10,0,0,0,Missing,,,,,,,,,0
1,,76606,Port:10,0,0,0,Missing,,,,,,,,,0
1,,76622,Port:10,0,0,0,Missing,,,,,,,,,0
1,,76630,Port:10,0,0,0,Missing,,,,,,,,,0
1,,76646,Port:10,0,0,0,Missing,,,,,,,,,0
1,,76662,Port:10,0,0,0,Missing,,,,,,,,,0
1,,76686,Port:10,0,0,0,Missing,,,,,,,,,0
1,,76694,Port:10,0,0,0,Missing,,,,,,,,,0
1,,76710,Port:10,0,0,0,Missing,,,,,,,,,0
1,,76726,Port:10,0,0,0,Missing,,,,,,,,,0
1,,76742,Port:10,0,0,0,Missing,,,,,,,,,0
1,,76766,Port:10,0,0,0,Missing,,,,,,,,,0
1,,76782,Port:10,0,0,0,Missing,,,,,,,,,0
1,,76798,Port:10,0,0,0,Missing,,,,,,,,,0
1,,76814,Port:10,0,0,0,Missing,,,,,,,,,0
1,,76830,Port:10,0,0,0,Missing,,,,,,,,,0
1,,76846,Port:10,0,0,0,Missing,,,,,,,,,0
1,,76862,Port:10,0,0,0,Missing,,,,,,,,,0
1,,76878,Port:10,0,0,0,Missing,,,,,,,,,0
1,,76886,Port:10,0,0,0,Missing,,,,,,,,,0
1,,76902,Port:10,0,0,0,Missing,,,,,,,,,0
1,,76926,Port:10,0,0,0,Missing,,,,,,,,,0
1,,76934,Port:10,0,0,0,Missing,,,,,,,,,0
1,,76950,Port:10,0,0,0,Missing,,,,,,,,,0
1,,76966,Port:10,0,0,0,Missing,,,,,,,,,0
1,,76982,Port:10,0,0,0,Missing,,,,,,,,,0
1,,77006,Port:10,0,0,0,Missing,,,,,,,,,0
1,,77022,Port:10,0,0,0,Missing,,,,,,,,,0
1,,77038,Port:10,0,0,0,Missing,,,,,,,,,0
1,,77054,Port:10,0,0,0,Missing,,,,,,,,,0
1,,77070,Port:10,0,0,0,Missing,,,,,,,,,0
1,,77086,Port:10,0,0,0,Missing,,,,,,,,,0
1,,77102,Port:10,0,0,0,Missing,,,,,,,,,0
1,,77118,Port:10,0,0,0,Missing,,,,,,,,,0
1,,77126,Port:10,0,0,0,Missing,,,,,,,,,0
1,,77142,Port:10,0,0,0,Missing,,,,,,,,,0
1,,77166,Port:10,0,0,0,Missing,,,,,,,,,0
1,,77174,Port:10,0,0,0,Missing,,,,,,,,,0
1,,77190,Port:10,0,0,0,Missing,,,,,,,,,0
1,,77206,Port:10,0,0,0,Missing,,,,,,,,,0
1,,77222,Port:10,0,0,0,Missing,,,,,,,,,0
1,,77246,Port:10,0,0,0,Missing,,,,,,,,,0
1,,77262,Port:10,0,0,0,Missing,,,,,,,,,0
1,,77278,Port:10,0,0,0,Missing,,,,,,,,,0
1,,77294,Port:10,0,0,0,Missing,,,,,,,,,0
1,,77310,Port:10,0,0,0,Missing,,,,,,,,,0
1,,77326,Port:10,0,0,0,Missing,,,,,,,,,0
1,,77342,Port:10,0,0,0,Missing,,,,,,,,,0
1,,77350,Port:10,0,0,0,Missing,,,,,,,,,0
1,,77374,Port:10,0,0,0,Missing,,,,,,,,,0
1,,77390,Port:10,0,0,0,Missing,,,,,,,,,0
1,,77398,Port:10,0,0,0,Missing,,,,,,,,,0
1,,77414,Port:10,0,0,0,Missing,,,,,,,,,0
1,,77430,Port:10,0,0,0,Missing,,,,,,,,,0
1,,77446,Port:10,0,0,0,Missing,,,,,,,,,0
1,,77470,Port:10,0,0,0,Missing,,,,,,,,,0
1,,77494,Port:10,0,0,0,Missing,,,,,,,,,0
1,,77510,Port:10,0,0,0,Missing,,,,,,,,,0
1,,77518,Port:10,0,0,0,Missing,,,,,,,,,0
1,,77534,Port:10,0,0,0,Missing,,,,,,,,,0
1,,77550,Port:10,0,0,0,Missing,,,,,,,,,0
1,,77566,Port:10,0,0,0,Missing,,,,,,,,,0
1,,77582,Port:10,0,0,0,Missing,,,,,,,,,0
1,,77590,Port:10,0,0,0,Missing,,,,,,,,,0
1,,77614,Port:10,0,0,0,Missing,,,,,,,,,0
1,,77630,Port:10,0,0,0,Missing,,,,,,,,,0
1,,77638,Port:10,0,0,0,Missing,,,,,,,,,0
1,,77654,Port:10,0,0,0,Missing,,,,,,,,,0
1,,77670,Port:10,0,0,0,Missing,,,,,,,,,0
1,,77686,Port:10,0,0,0,Missing,,,,,,,,,0
1,,77702,Port:10,0,0,0,Missing,,,,,,,,,0
1,,77718,Port:10,0,0,0,Missing,,,,,,,,,0
1,,77742,Port:10,0,0,0,Missing,,,,,,,,,0
1,,77758,Port:10,0,0,0,Missing,,,,,,,,,0
1,,77774,Port:10,0,0,0,Missing,,,,,,,,,0
1,,77790,Port:10,0,0,0,Missing,,,,,,,,,0
1,,77806,Port:10,0,0,0,Missing,,,,,,,,,0
1,,77822,Port:10,0,0,0,Missing,,,,,,,,,0
1,,77838,Port:10,0,0,0,Missing,,,,,,,,,0
1,,77854,Port:10,0,0,0,Missing,,,,,,,,,0
1,,77862,Port:10,0,0,0,Missing,,,,,,,,,0
1,,77878,Port:10,0,0,0,Missing,,,,,,,,,0
1,,77894,Port:10,0,0,0,Missing,,,,,,,,,0
1,,77910,Port:10,0,0,0,Missing,,,,,,,,,0
1,,77926,Port:10,0,0,0,Missing,,,,,,,,,0
1,,77942,Port:10,0,0,0,Missing,,,,,,,,,0
1,,77958,Port:10,0,0,0,Missing,,,,,,,,,0
1,,77982,Port:10,0,0,0,Missing,,,,,,,,,0
1,,77998,Port:10,0,0,0,Missing,,,,,,,,,0
1,,78014,Port:10,0,0,0,Missing,,,,,,,,,0
1,,78030,Port:10,0,0,0,Missing,,,,,,,,,0
1,,78046,Port:10,0,0,0,Missing,,,,,,,,,0
1,,78062,Port:10,0,0,0,Missing,,,,,,,,,0
1,,78078,Port:10,0,0,0,Missing,,,,,,,,,0
1,,78094,Port:10,0,0,0,Missing,,,,,,,,,0
1,,78102,Port:10,0,0,0,Missing,,,,,,,,,0
1,,78126,Port:10,0,0,0,Missing,,,,,,,,,0
1,,78142,Port:10,0,0,0,Missing,,,,,,,,,0
1,,78150,Port:10,0,0,0,Missing,,,,,,,,,0
1,,78166,Port:10,0,0,0,Missing,,,,,,,,,0
1,,78198,Port:10,0,0,0,Missing,,,,,,,,,0
1,,78206,Port:10,0,0,0,Missing,,,,,,,,,0
1,,78222,Port:10,0,0,0,Missing,,,,,,,,,0
1,,78246,Port:10,0,0,0,Missing,,,,,,,,,0
1,,78254,Port:10,0,0,0,Missing,,,,,,,,,0
1,,78270,Port:10,0,0,0,Missing,,,,,,,,,0
1,,78286,Port:10,0,0,0,Missing,,,,,,,,,0
1,,78302,Port:10,0,0,0,Missing,,,,,,,,,0
1,,78318,Port:10,0,0,0,Missing,,,,,,,,,0
1,,78326,Port:10,0,0,0,Missing,,,,,,,,,0
1,,78342,Port:10,0,0,0,Missing,,,,,,,,,0
1,,78366,Port:10,0,0,0,Missing,,,,,,,,,0
1,,78374,Port:10,0,0,0,Missing,,,,,,,,,0
1,,78390,Port:10,0,0,0,Missing,,,,,,,,,0
1,,78406,Port:10,0,0,0,Missing,,,,,,,,,0
1,,78438,Port:10,0,0,0,Missing,,,,,,,,,0
1,,78454,Port:10,0,0,0,Missing,,,,,,,,,0
1,,78470,Port:10,0,0,0,Missing,,,,,,,,,0
1,,78478,Port:10,0,0,0,Missing,,,,,,,,,0
1,,78494,Port:10,0,0,0,Missing,,,,,,,,,0
1,,78510,Port:10,0,0,0,Missing,,,,,,,,,0
1,,78526,Port:10,0,0,0,Missing,,,,,,,,,0
1,,78542,Port:10,0,0,0,Missing,,,,,,,,,0
1,,78558,Port:10,0,0,0,Missing,,,,,,,,,0
1,,78574,Port:10,0,0,0,Missing,,,,,,,,,0
1,,78590,Port:10,0,0,0,Missing,,,,,,,,,0
1,,78606,Port:10,0,0,0,Missing,,,,,,,,,0
1,,78614,Port:10,0,0,0,Missing,,,,,,,,,0
1,,78630,Port:10,0,0,0,Missing,,,,,,,,,0
1,,78646,Port:10,0,0,0,Missing,,,,,,,,,0
1,,78678,Port:10,0,0,0,Missing,,,,,,,,,0
1,,78694,Port:10,0,0,0,Missing,,,,,,,,,0
1,,78710,Port:10,0,0,0,Missing,,,,,,,,,0
1,,78718,Port:10,0,0,0,Missing,,,,,,,,,0
1,,78734,Port:10,0,0,0,Missing,,,,,,,,,0
1,,78750,Port:10,0,0,0,Missing,,,,,,,,,0
1,,78766,Port:10,0,0,0,Missing,,,,,,,,,0
1,,78782,Port:10,0,0,0,Missing,,,,,,,,,0
1,,78790,Port:10,0,0,0,Missing,,,,,,,,,0
1,,78814,Port:10,0,0,0,Missing,,,,,,,,,0
1,,78830,Port:10,0,0,0,Missing,,,,,,,,,0
1,,78838,Port:10,0,0,0,Missing,,,,,,,,,0
1,,78854,Port:10,0,0,0,Missing,,,,,,,,,0
1,,78870,Port:10,0,0,0,Missing,,,,,,,,,0
1,,78886,Port:10,0,0,0,Missing,,,,,,,,,0
1,,78902,Port:10,0,0,0,Missing,,,,,,,,,0
1,,78918,Port:10,0,0,0,Missing,,,,,,,,,0
1,,78950,Port:10,0,0,0,Missing,,,,,,,,,0
1,,78958,Port:10,0,0,0,Missing,,,,,,,,,0
1,,78974,Port:10,0,0,0,Missing,,,,,,,,,0
1,,78990,Port:10,0,0,0,Missing,,,,,,,,,0
1,,79006,Port:10,0,0,0,Missing,,,,,,,,,0
1,,79022,Port:10,0,0,0,Missing,,,,,,,,,0
1,,79038,Port:10,0,0,0,Missing,,,,,,,,,0
1,,79054,Port:10,0,0,0,Missing,,,,,,,,,0
1,,79070,Port:10,0,0,0,Missing,,,,,,,,,0
1,,79078,Port:10,0,0,0,Missing,,,,,,,,,0
1,,79094,Port:10,0,0,0,Missing,,,,,,,,,0
1,,79110,Port:10,0,0,0,Missing,,,,,,,,,0
1,,79126,Port:10,0,0,0,Missing,,,,,,,,,0
1,,79142,Port:10,0,0,0,Missing,,,,,,,,,0
1,,79158,Port:10,0,0,0,Missing,,,,,,,,,0
1,,79190,Port:10,0,0,0,Missing,,,,,,,,,0
1,,79198,Port:10,0,0,0,Missing,,,,,,,,,0
1,,79214,Port:10,0,0,0,Missing,,,,,,,,,0
1,,79230,Port:10,0,0,0,Missing,,,,,,,,,0
1,,79246,Port:10,0,0,0,Missing,,,,,,,,,0
1,,79262,Port:10,0,0,0,Missing,,,,,,,,,0
1,,79278,Port:10,0,0,0,Missing,,,,,,,,,0
1,,79294,Port:10,0,0,0,Missing,,,,,,,,,0
1,,79310,Port:10,0,0,0,Missing,,,,,,,,,0
1,,79326,Port:10,0,0,0,Missing,,,,,,,,,0
1,,79334,Port:10,0,0,0,Missing,,,,,,,,,0
1,,79350,Port:10,0,0,0,Missing,,,,,,,,,0
1,,79366,Port:10,0,0,0,Missing,,,,,,,,,0
1,,79382,Port:10,0,0,0,Missing,,,,,,,,,0
1,,79414,Port:10,0,0,0,Missing,,,,,,,,,0
1,,79430,Port:10,0,0,0,Missing,,,,,,,,,0
1,,79446,Port:10,0,0,0,Missing,,,,,,,,,0
1,,79454,Port:10,0,0,0,Missing,,,,,,,,,0
1,,79470,Port:10,0,0,0,Missing,,,,,,,,,0
1,,79486,Port:10,0,0,0,Missing,,,,,,,,,0
1,,79502,Port:10,0,0,0,Missing,,,,,,,,,0
1,,79518,Port:10,0,0,0,Missing,,,,,,,,,0
1,,79534,Port:10,0,0,0,Missing,,,,,,,,,0
1,,79550,Port:10,0,0,0,Missing,,,,,,,,,0
1,,79566,Port:10,0,0,0,Missing,,,,,,,,,0
1,,79574,Port:10,0,0,0,Missing,,,,,,,,,0
1,,79590,Port:10,0,0,0,Missing,,,,,,,,,0
1,,79606,Port:10,0,0,0,Missing,,,,,,,,,0
1,,79622,Port:10,0,0,0,Missing,,,,,,,,,0
1,,79638,Port:10,0,0,0,Missing,,,,,,,,,0
1,,79670,Port:10,0,0,0,Missing,,,,,,,,,0
1,,79678,Port:10,0,0,0,Missing,,,,,,,,,0
1,,79694,Port:10,0,0,0,Missing,,,,,,,,,0
1,,79710,Port:10,0,0,0,Missing,,,,,,,,,0
1,,79726,Port:10,0,0,0,Missing,,,,,,,,,0
1,,79742,Port:10,0,0,0,Missing,,,,,,,,,0
1,,79758,Port:10,0,0,0,Missing,,,,,,,,,0
1,,79774,Port:10,0,0,0,Missing,,,,,,,,,0
1,,79790,Port:10,0,0,0,Missing,,,,,,,,,0
1,,79798,Port:10,0,0,0,Missing,,,,,,,,,0
1,,79814,Port:10,0,0,0,Missing,,,,,,,,,0
1,,79838,Port:10,0,0,0,Missing,,,,,,,,,0
1,,79846,Port:10,0,0,0,Missing,,,,,,,,,0
1,,79862,Port:10,0,0,0,Missing,,,,,,,,,0
1,,79878,Port:10,0,0,0,Missing,,,,,,,,,0
1,,79910,Port:10,0,0,0,Missing,,,,,,,,,0
1,,79918,Port:10,0,0,0,Missing,,,,,,,,,0
1,,79934,Port:10,0,0,0,Missing,,,,,,,,,0
1,,79958,Port:10,0,0,0,Missing,,,,,,,,,0
1,,79966,Port:10,0,0,0,Missing,,,,,,,,,0
1,,79982,Port:10,0,0,0,Missing,,,,,,,,,0
1,,79998,Port:10,0,0,0,Missing,,,,,,,,,0
1,,80014,Port:10,0,0,0,Missing,,,,,,,,,0
1,,80030,Port:10,0,0,0,Missing,,,,,,,,,0
1,,80046,Port:10,0,0,0,Missing,,,,,,,,,0
1,,80062,Port:10,0,0,0,Missing,,,,,,,,,0
1,,80070,Port:10,0,0,0,Missing,,,,,,,,,0
1,,80086,Port:10,0,0,0,Missing,,,,,,,,,0
1,,80102,Port:10,0,0,0,Missing,,,,,,,,,0
1,,80134,Port:10,0,0,0,Missing,,,,,,,,,0
1,,80142,Port:10,0,0,0,Missing,,,,,,,,,0
1,,80166,Port:10,0,0,0,Missing,,,,,,,,,0
1,,80182,Port:10,0,0,0,Missing,,,,,,,,,0
1,,80198,Port:10,0,0,0,Missing,,,,,,,,,0
1,,80206,Port:10,0,0,0,Missing,,,,,,,,,0
1,,80222,Port:10,0,0,0,Missing,,,,,,,,,0
1,,80238,Port:10,0,0,0,Missing,,,,,,,,,0
1,,80254,Port:10,0,0,0,Missing,,,,,,,,,0
1,,80270,Port:10,0,0,0,Missing,,,,,,,,,0
1,,80286,Port:10,0,0,0,Missing,,,,,,,,,0
1,,80302,Port:10,0,0,0,Missing,,,,,,,,,0
1,,80318,Port:10,0,0,0,Missing,,,,,,,,,0
1,,80326,Port:10,0,0,0,Missing,,,,,,,,,0
1,,80342,Port:10,0,0,0,Missing,,,,,,,,,0
1,,80358,Port:10,0,0,0,Missing,,,,,,,,,0
1,,80382,Port:10,0,0,0,Missing,,,,,,,,,0
1,,80398,Port:10,0,0,0,Missing,,,,,,,,,0
1,,80406,Port:10,0,0,0,Missing,,,,,,,,,0
1,,80422,Port:10,0,0,0,Missing,,,,,,,,,0
1,,80454,Port:10,0,0,0,Missing,,,,,,,,,0
1,,80470,Port:10,0,0,0,Missing,,,,,,,,,0
1,,80486,Port:10,0,0,0,Missing,,,,,,,,,0
1,,80502,Port:10,0,0,0,Missing,,,,,,,,,0
1,,80518,Port:10,0,0,0,Missing,,,,,,,,,0
1,,80526,Port:10,0,0,0,Missing,,,,,,,,,0
1,,80542,Port:10,0,0,0,Missing,,,,,,,,,0
1,,80558,Port:10,0,0,0,Missing,,,,,,,,,0
1,,80574,Port:10,0,0,0,Missing,,,,,,,,,0
1,,80590,Port:10,0,0,0,Missing,,,,,,,,,0
1,,80606,Port:10,0,0,0,Missing,,,,,,,,,0
1,,80622,Port:10,0,0,0,Missing,,,,,,,,,0
1,,80638,Port:10,0,0,0,Missing,,,,,,,,,0
1,,80646,Port:10,0,0,0,Missing,,,,,,,,,0
1,,80662,Port:10,0,0,0,Missing,,,,,,,,,0
1,,80694,Port:10,0,0,0,Missing,,,,,,,,,0
1,,80702,Port:10,0,0,0,Missing,,,,,,,,,0
1,,80726,Port:10,0,0,0,Missing,,,,,,,,,0
1,,80734,Port:10,0,0,0,Missing,,,,,,,,,0
1,,80750,Port:10,0,0,0,Missing,,,,,,,,,0
1,,80766,Port:10,0,0,0,Missing,,,,,,,,,0
1,,80782,Port:10,0,0,0,Missing,,,,,,,,,0
1,,80798,Port:10,0,0,0,Missing,,,,,,,,,0
1,,80814,Port:10,0,0,0,Missing,,,,,,,,,0
1,,80830,Port:10,0,0,0,Missing,,,,,,,,,0
1,,80846,Port:10,0,0,0,Missing,,,,,,,,,0
1,,80854,Port:10,0,0,0,Missing,,,,,,,,,0
1,,80870,Port:10,0,0,0,Missing,,,,,,,,,0
1,,80902,Port:10,0,0,0,Missing,,,,,,,,,0
1,,80918,Port:10,0,0,0,Missing,,,,,,,,,0
1,,80934,Port:10,0,0,0,Missing,,,,,,,,,0
1,,80950,Port:10,0,0,0,Missing,,,,,,,,,0
1,,80958,Port:10,0,0,0,Missing,,,,,,,,,0
1,,80974,Port:10,0,0,0,Missing,,,,,,,,,0
1,,80990,Port:10,0,0,0,Missing,,,,,,,,,0
1,,81006,Port:10,0,0,0,Missing,,,,,,,,,0
1,,81022,Port:10,0,0,0,Missing,,,,,,,,,0
1,,81038,Port:10,0,0,0,Missing,,,,,,,,,0
1,,81054,Port:10,0,0,0,Missing,,,,,,,,,0
1,,81070,Port:10,0,0,0,Missing,,,,,,,,,0
1,,81086,Port:10,0,0,0,Missing,,,,,,,,,0
1,,81094,Port:10,0,0,0,Missing,,,,,,,,,0
1,,81110,Port:10,0,0,0,Missing,,,,,,,,,0
1,,81126,Port:10,0,0,0,Missing,,,,,,,,,0
1,,81158,Port:10,0,0,0,Missing,,,,,,,,,0
1,,81174,Port:10,0,0,0,Missing,,,,,,,,,0
1,,81190,Port:10,0,0,0,Missing,,,,,,,,,0
1,,81206,Port:10,0,0,0,Missing,,,,,,,,,0
1,,81222,Port:10,0,0,0,Missing,,,,,,,,,0
1,,81230,Port:10,0,0,0,Missing,,,,,,,,,0
1,,81246,Port:10,0,0,0,Missing,,,,,,,,,0
1,,81262,Port:10,0,0,0,Missing,,,,,,,,,0
1,,81278,Port:10,0,0,0,Missing,,,,,,,,,0
1,,81294,Port:10,0,0,0,Missing,,,,,,,,,0
1,,81310,Port:10,0,0,0,Missing,,,,,,,,,0
1,,81326,Port:10,0,0,0,Missing,,,,,,,,,0
1,,81342,Port:10,0,0,0,Missing,,,,,,,,,0
1,,81350,Port:10,0,0,0,Missing,,,,,,,,,0
1,,81382,Port:10,0,0,0,Missing,,,,,,,,,0
1,,81398,Port:10,0,0,0,Missing,,,,,,,,,0
1,,81414,Port:10,0,0,0,Missing,,,,,,,,,0
1,,81430,Port:10,0,0,0,Missing,,,,,,,,,0
1,,81446,Port:10,0,0,0,Missing,,,,,,,,,0
1,,81462,Port:10,0,0,0,Missing,,,,,,,,,0
1,,81470,Port:10,0,0,0,Missing,,,,,,,,,0
1,,81486,Port:10,0,0,0,Missing,,,,,,,,,0
1,,81502,Port:10,0,0,0,Missing,,,,,,,,,0
1,,81518,Port:10,0,0,0,Missing,,,,,,,,,0
1,,81534,Port:10,0,0,0,Missing,,,,,,,,,0
1,,81550,Port:10,0,0,0,Missing,,,,,,,,,0
1,,81566,Port:10,0,0,0,Missing,,,,,,,,,0
1,,81582,Port:10,0,0,0,Missing,,,,,,,,,0
1,,81590,Port:10,0,0,0,Missing,,,,,,,,,0
1,,81606,Port:10,0,0,0,Missing,,,,,,,,,0
1,,81630,Port:10,0,0,0,Missing,,,,,,,,,0
1,,81638,Port:10,0,0,0,Missing,,,,,,,,,0
1,,81670,Port:10,0,0,0,Missing,,,,,,,,,0
1,,81686,Port:10,0,0,0,Missing,,,,,,,,,0
1,,81702,Port:10,0,0,0,Missing,,,,,,,,,0
1,,81710,Port:10,0,0,0,Missing,,,,,,,,,0
1,,81726,Port:10,0,0,0,Missing,,,,,,,,,0
1,,81742,Port:10,0,0,0,Missing,,,,,,,,,0
1,,81758,Port:10,0,0,0,Missing,,,,,,,,,0
1,,81774,Port:10,0,0,0,Missing,,,,,,,,,0
1,,81790,Port:10,0,0,0,Missing,,,,,,,,,0
1,,81798,Port:10,0,0,0,Missing,,,,,,,,,0
1,,81822,Port:10,0,0,0,Missing,,,,,,,,,0
1,,81830,Port:10,0,0,0,Missing,,,,,,,,,0
1,,81846,Port:10,0,0,0,Missing,,,,,,,,,0
1,,81878,Port:10,0,0,0,Missing,,,,,,,,,0
1,,81894,Port:10,0,0,0,Missing,,,,,,,,,0
1,,81910,Port:10,0,0,0,Missing,,,,,,,,,0
1,,81926,Port:10,0,0,0,Missing,,,,,,,,,0
1,,81942,Port:10,0,0,0,Missing,,,,,,,,,0
1,,81950,Port:10,0,0,0,Missing,,,,,,,,,0
1,,81966,Port:10,0,0,0,Missing,,,,,,,,,0
1,,81990,Port:10,0,0,0,Missing,,,,,,,,,0
1,,81998,Port:10,0,0,0,Missing,,,,,,,,,0
1,,82014,Port:10,0,0,0,Missing,,,,,,,,,0
1,,82030,Port:10,0,0,0,Missing,,,,,,,,,0
1,,82046,Port:10,0,0,0,Missing,,,,,,,,,0
1,,82062,Port:10,0,0,0,Missing,,,,,,,,,0
1,,82070,Port:10,0,0,0,Missing,,,,,,,,,0
1,,82094,Port:10,0,0,0,Missing,,,,,,,,,0
1,,82102,Port:10,0,0,0,Missing,,,,,,,,,0
1,,82134,Port:10,0,0,0,Missing,,,,,,,,,0
1,,82150,Port:10,0,0,0,Missing,,,,,,,,,0
1,,82166,Port:10,0,0,0,Missing,,,,,,,,,0
1,,82182,Port:10,0,0,0,Missing,,,,,,,,,0
1,,82198,Port:10,0,0,0,Missing,,,,,,,,,0
1,,82214,Port:10,0,0,0,Missing,,,,,,,,,0
1,,82222,Port:10,0,0,0,Missing,,,,,,,,,0
1,,82238,Port:10,0,0,0,Missing,,,,,,,,,0
1,,82254,Port:10,0,0,0,Missing,,,,,,,,,0
1,,82270,Port:10,0,0,0,Missing,,,,,,,,,0
1,,82286,Port:10,0,0,0,Missing,,,,,,,,,0
1,,82302,Port:10,0,0,0,Missing,,,,,,,,,0
1,,82318,Port:10,0,0,0,Missing,,,,,,,,,0
1,,82334,Port:10,0,0,0,Missing,,,,,,,,,0
1,,82342,Port:10,0,0,0,Missing,,,,,,,,,0
1,,82374,Port:10,0,0,0,Missing,,,,,,,,,0
1,,82390,Port:10,0,0,0,Missing,,,,,,,,,0
1,,82406,Port:10,0,0,0,Missing,,,,,,,,,0
1,,82422,Port:10,0,0,0,Missing,,,,,,,,,0
1,,82438,Port:10,0,0,0,Missing,,,,,,,,,0
1,,82446,Port:10,0,0,0,Missing,,,,,,,,,0
1,,82462,Port:10,0,0,0,Missing,,,,,,,,,0
1,,82478,Port:10,0,0,0,Missing,,,,,,,,,0
1,,82494,Port:10,0,0,0,Missing,,,,,,,,,0
1,,82510,Port:10,0,0,0,Missing,,,,,,,,,0
1,,82526,Port:10,0,0,0,Missing,,,,,,,,,0
1,,82542,Port:10,0,0,0,Missing,,,,,,,,,0
1,,82558,Port:10,0,0,0,Missing,,,,,,,,,0
1,,82566,Port:10,0,0,0,Missing,,,,,,,,,0
1,,82598,Port:10,0,0,0,Missing,,,,,,,,,0
1,,82614,Port:10,0,0,0,Missing,,,,,,,,,0
1,,82630,Port:10,0,0,0,Missing,,,,,,,,,0
1,,82646,Port:10,0,0,0,Missing,,,,,,,,,0
1,,82662,Port:10,0,0,0,Missing,,,,,,,,,0
1,,82670,Port:10,0,0,0,Missing,,,,,,,,,0
1,,82694,Port:10,0,0,0,Missing,,,,,,,,,0
1,,82710,Port:10,0,0,0,Missing,,,,,,,,,0
1,,82718,Port:10,0,0,0,Missing,,,,,,,,,0
1,,82734,Port:10,0,0,0,Missing,,,,,,,,,0
1,,82750,Port:10,0,0,0,Missing,,,,,,,,,0
1,,82766,Port:10,0,0,0,Missing,,,,,,,,,0
1,,82782,Port:10,0,0,0,Missing,,,,,,,,,0
1,,82790,Port:10,0,0,0,Missing,,,,,,,,,0
1,,82814,Port:10,0,0,0,Missing,,,,,,,,,0
1,,82830,Port:10,0,0,0,Missing,,,,,,,,,0
1,,82838,Port:10,0,0,0,Missing,,,,,,,,,0
1,,82878,Port:10,0,0,0,Missing,,,,,,,,,0
1,,82902,Port:10,0,0,0,Missing,,,,,,,,,0
1,,82918,Port:10,0,0,0,Missing,,,,,,,,,0
