ToolCount,ToolInfo,Frame#,PortHandle,Face#,timespec_s,timespec_ns,TransformStatus,Q0,Qx,Qy,Qz,Tx,Ty,Tz,Error,#Markers
1,,19614,Port:10,0,0,0,Enabled,0.561528,-0.219946,-0.533897,-0.592676,41.7038,190.938,-143.041,0.386478,0
1,,19630,Port:10,0,0,0,Enabled,0.560616,-0.220466,-0.533256,-0.593921,42.3793,191.296,-143.025,0.375844,0
1,,19646,Port:10,0,0,0,Enabled,0.561755,-0.222432,-0.532861,-0.592465,42.5115,193.448,-142.811,0.487927,0
1,,19654,Port:10,0,0,0,Enabled,0.563148,-0.222141,-0.533237,-0.590911,42.3155,193.193,-142.813,0.490614,0
1,,19670,Port:10,0,0,0,Enabled,0.562926,-0.208931,-0.539649,-0.59012,39.9069,188.604,-142.214,0.348546,0
1,,19694,Port:10,0,0,0,Enabled,0.567089,-0.179668,-0.55295,-0.583417,31.8417,183.226,-140.967,0.257776,0
1,,19702,Port:10,0,0,0,Enabled,0.564282,-0.16159,-0.560786,-0.583947,27.7561,180.323,-140.252,0.218988,0
1,,19718,Port:10,0,0,0,Enabled,0.556027,-0.110074,-0.573094,-0.591845,18.3527,172.871,-137.314,0.16682,0
1,,19734,Port:10,0,0,0,Enabled,0.550817,-0.0630831,-0.576311,-0.600406,9.95764,164.918,-133.715,0.140409,0
1,,19750,Port:10,0,0,0,Enabled,0.542886,-0.0200899,-0.577082,-0.609793,3.45221,156.907,-130.333,0.13206,0
1,,19766,Port:10,0,0,0,Enabled,0.534634,0.0205798,-0.570395,-0.623212,-1.3023,148.45,-126.063,0.134343,0
1,,19774,Port:10,0,0,0,Enabled,0.527562,0.0405187,-0.567873,-0.630521,-3.50208,144.483,-124.435,0.144914,0
1,,19790,Port:10,0,0,0,Enabled,0.512194,0.0826622,-0.56542,-0.64119,-8.66948,136.978,-122.582,0.163281,0
1,,19814,Port:10,0,0,0,Enabled,0.499531,0.145307,-0.563727,-0.641535,-18.442,127.651,-121.731,0.20238,0
1,,19822,Port:10,0,0,0,Enabled,0.496565,0.161139,-0.563619,-0.640149,-21.2437,125.536,-121.553,0.204033,0
1,,19838,Port:10,0,0,0,Enabled,0.491413,0.186917,-0.564492,-0.636336,-26.1159,123.2,-121.164,0.216985,0
1,,19870,Port:10,0,0,0,Enabled,0.48238,0.226796,-0.56622,-0.628703,-33.6894,121.716,-119.937,0.204,0
1,,19886,Port:10,0,0,0,Enabled,0.482329,0.232579,-0.567323,-0.625628,-35.5674,122.333,-118.712,0.193665,0
1,,19894,Port:10,0,0,0,Enabled,0.481403,0.23542,-0.567783,-0.624861,-36.3046,122.807,-118.147,0.189803,0
1,,19918,Port:10,0,0,0,Enabled,0.479138,0.242901,-0.567902,-0.623629,-38.0509,123.605,-116.597,0.181824,0
1,,19934,Port:10,0,0,0,Enabled,0.479286,0.251789,-0.568207,-0.6197,-40.0848,122.933,-116.504,0.175243,0
1,,19942,Port:10,0,0,0,Enabled,0.48144,0.255885,-0.567494,-0.616999,-41.2379,122.088,-116.341,0.173798,0
1,,19958,Port:10,0,0,0,Enabled,0.482787,0.264405,-0.566138,-0.613592,-43.3063,120.157,-116.045,0.172975,0
1,,19974,Port:10,0,0,0,Enabled,0.483465,0.273264,-0.564524,-0.610656,-45.4484,117.877,-115.551,0.158988,0
1,,19990,Port:10,0,0,0,Enabled,0.483901,0.282534,-0.562567,-0.607891,-47.4723,114.774,-114.702,0.159445,0
1,,20006,Port:10,0,0,0,Enabled,0.487093,0.290274,-0.560582,-0.603514,-49.4858,111.523,-114.019,0.147218,0
1,,20014,Port:10,0,0,0,Enabled,0.490149,0.29333,-0.559964,-0.600127,-50.5093,109.746,-113.637,0.148477,0
1,,20038,Port:10,0,0,0,Enabled,0.49444,0.305368,-0.558446,-0.59196,-53.9061,104.769,-112.818,0.129398,0
1,,20054,Port:10,0,0,0,Enabled,0.497465,0.313297,-0.5567,-0.586906,-56.5421,101.187,-112.195,0.119626,0
1,,20062,Port:10,0,0,0,Enabled,0.497711,0.317999,-0.555677,-0.585135,-57.9755,99.395,-112.01,0.110158,0
1,,20078,Port:10,0,0,0,Enabled,0.500682,0.325484,-0.554708,-0.579376,-60.9701,95.636,-111.904,0.100857,0
1,,20110,Port:10,0,0,0,Enabled,0.498297,0.344002,-0.550193,-0.575023,-66.6814,88.96,-112.213,0.0931142,0
1,,20126,Port:10,0,0,0,Enabled,0.497186,0.351417,-0.548677,-0.572944,-68.9378,86.035,-112.852,0.0915086,0
1,,20134,Port:10,0,0,0,Enabled,0.496782,0.355224,-0.54783,-0.571756,-69.8815,84.4814,-113.136,0.0940749,0
1,,20158,Port:10,0,0,0,Enabled,0.497892,0.364464,-0.544379,-0.568262,-72.1264,79.4078,-113.642,0.0953102,0
1,,20174,Port:10,0,0,0,Enabled,0.499846,0.370181,-0.541487,-0.565608,-73.4294,75.5004,-113.623,0.092346,0
1,,20182,Port:10,0,0,0,Enabled,0.500348,0.373557,-0.539977,-0.564386,-74.0693,73.3629,-113.82,0.0903111,0
1,,20198,Port:10,0,0,0,Enabled,0.504531,0.380163,-0.536703,-0.559352,-75.2838,68.58,-114.345,0.0900033,0
1,,20214,Port:10,0,0,0,Enabled,0.507523,0.385822,-0.53415,-0.555198,-76.0529,63.5915,-115.039,0.0865428,0
1,,20230,Port:10,0,0,0,Enabled,0.508679,0.390617,-0.530957,-0.553849,-76.5564,58.969,-115.475,0.078483,0
1,,20246,Port:10,0,0,0,Enabled,0.507874,0.396459,-0.527018,-0.554199,-77.298,54.1281,-115.821,0.0731243,0
1,,20254,Port:10,0,0,0,Enabled,0.509235,0.399214,-0.52528,-0.55262,-77.8053,51.4934,-116.117,0.0694311,0
1,,20278,Port:10,0,0,0,Enabled,0.518235,0.405872,-0.521406,-0.542988,-79.5326,43.3978,-117.165,0.0618921,0
1,,20294,Port:10,0,0,0,Enabled,0.521555,0.408949,-0.520137,-0.538701,-80.1164,38.9664,-117.822,0.0614975,0
1,,20302,Port:10,0,0,0,Enabled,0.523045,0.410146,-0.519291,-0.53716,-80.3882,36.9331,-118.18,0.0600401,0
1,,20318,Port:10,0,0,0,Enabled,0.523208,0.414679,-0.516666,-0.536051,-80.9702,33.0769,-118.839,0.0587033,0
1,,20350,Port:10,0,0,0,Enabled,0.525889,0.42298,-0.51147,-0.53191,-82.4194,25.8541,-120.202,0.0664183,0
1,,20366,Port:10,0,0,0,Enabled,0.527867,0.425862,-0.509927,-0.529124,-82.8417,22.5723,-120.707,0.0729404,0
1,,20374,Port:10,0,0,0,Enabled,0.527516,0.427981,-0.508342,-0.52929,-82.9534,21.0302,-120.857,0.0724795,0
1,,20398,Port:10,0,0,0,Enabled,0.530126,0.431993,-0.505408,-0.526224,-83.0868,16.3321,-120.923,0.08158,0
1,,20414,Port:10,0,0,0,Enabled,0.534012,0.435003,-0.504446,-0.520709,-83.2253,12.8859,-121.135,0.0905284,0
1,,20422,Port:10,0,0,0,Enabled,0.535916,0.436508,-0.503466,-0.518438,-83.3415,11.1624,-121.122,0.090946,0
1,,20438,Port:10,0,0,0,Enabled,0.535584,0.439659,-0.500928,-0.518575,-83.2779,8.14545,-120.996,0.100698,0
1,,20454,Port:10,0,0,0,Enabled,0.537098,0.442661,-0.499012,-0.516298,-83.0851,5.31348,-121.171,0.102281,0
1,,20470,Port:10,0,0,0,Enabled,0.536676,0.44579,-0.496504,-0.516463,-82.8685,2.62899,-121.385,0.11278,0
1,,20486,Port:10,0,0,0,Enabled,0.537288,0.44899,-0.493025,-0.516389,-82.7397,-0.0459316,-121.49,0.119028,0
1,,20494,Port:10,0,0,0,Enabled,0.537817,0.450725,-0.491771,-0.515521,-82.7278,-1.46432,-121.729,0.12335,0
1,,20518,Port:10,0,0,0,Enabled,0.538834,0.45536,-0.488688,-0.513312,-82.6515,-5.09817,-122.474,0.134614,0
1,,20534,Port:10,0,0,0,Enabled,0.538456,0.459755,-0.485223,-0.513079,-82.4577,-7.80307,-122.915,0.143515,0
1,,20542,Port:10,0,0,0,Enabled,0.538398,0.461796,-0.483273,-0.513147,-82.4018,-9.14329,-123.088,0.14664,0
1,,20558,Port:10,0,0,0,Enabled,0.537725,0.467415,-0.479068,-0.512707,-82.3803,-12.1574,-123.799,0.155341,0
1,,20590,Port:10,0,0,0,Enabled,0.541273,0.476197,-0.470377,-0.508926,-82.0817,-18.2251,-124.833,0.1739,0
1,,20606,Port:10,0,0,0,Enabled,0.540848,0.480407,-0.466939,-0.508586,-81.8118,-20.7951,-125.439,0.182476,0
1,,20614,Port:10,0,0,0,Enabled,0.540801,0.482194,-0.465774,-0.508014,-81.7434,-22.0566,-125.88,0.182734,0
1,,20638,Port:10,0,0,0,Enabled,0.541346,0.487791,-0.462206,-0.505341,-81.5194,-25.9785,-127.227,0.191912,0
1,,20654,Port:10,0,0,0,Enabled,0.542359,0.491061,-0.459422,-0.503625,-81.1219,-28.7549,-127.9,0.200013,0
1,,20662,Port:10,0,0,0,Enabled,0.542331,0.492824,-0.457876,-0.503342,-80.8301,-30.0255,-128.227,0.204738,0
1,,20678,Port:10,0,0,0,Enabled,0.540197,0.497226,-0.453094,-0.505628,-80.2384,-32.595,-128.661,0.207249,0
1,,20694,Port:10,0,0,0,Enabled,0.538374,0.500937,-0.448483,-0.508014,-79.5803,-35.0244,-129.131,0.212138,0
1,,20710,Port:10,0,0,0,Enabled,0.537151,0.504817,-0.443925,-0.509469,-79.0528,-37.667,-129.857,0.222114,0
1,,20726,Port:10,0,0,0,Enabled,0.53747,0.507652,-0.44028,-0.509481,-78.3798,-40.2706,-130.654,0.221573,0
1,,20734,Port:10,0,0,0,Enabled,0.536488,0.509357,-0.437373,-0.511312,-78.0978,-41.464,-131.001,0.224986,0
1,,20758,Port:10,0,0,0,Enabled,0.533951,0.513391,-0.430895,-0.515417,-77.1149,-44.4768,-132.12,0.230925,0
1,,20774,Port:10,0,0,0,Enabled,0.533386,0.515519,-0.427421,-0.51677,-76.5788,-46.4063,-133.158,0.227794,0
1,,20782,Port:10,0,0,0,Enabled,0.531654,0.517447,-0.424604,-0.518945,-76.2531,-47.448,-133.694,0.229751,0
1,,20798,Port:10,0,0,0,Enabled,0.532117,0.51937,-0.420741,-0.519695,-75.6516,-49.6092,-135.03,0.230682,0
1,,20830,Port:10,0,0,0,Enabled,0.530131,0.52311,-0.411748,-0.525149,-74.1526,-53.5958,-137.705,0.232093,0
1,,20846,Port:10,0,0,0,Enabled,0.52842,0.524989,-0.40774,-0.528117,-73.3139,-55.4064,-139.191,0.218213,0
1,,20854,Port:10,0,0,0,Enabled,0.52866,0.525027,-0.406257,-0.528981,-72.9605,-56.2362,-139.935,0.213908,0
1,,20878,Port:10,0,0,0,Enabled,0.527911,0.525346,-0.400959,-0.533436,-71.7465,-58.3393,-141.604,0.21212,0
1,,20894,Port:10,0,0,0,Enabled,0.52822,0.525652,-0.398137,-0.53494,-70.9715,-59.8996,-142.993,0.206059,0
1,,20902,Port:10,0,0,0,Enabled,0.527822,0.525553,-0.396603,-0.536568,-70.671,-60.4518,-143.594,0.205997,0
1,,20918,Port:10,0,0,0,Enabled,0.527307,0.526428,-0.393933,-0.538181,-70.0992,-61.9741,-145.249,0.205915,0
1,,20934,Port:10,0,0,0,Enabled,0.527089,0.526706,-0.392065,-0.539484,-69.7473,-63.267,-147.023,0.204204,0
1,,20950,Port:10,0,0,0,Enabled,0.526458,0.526677,-0.389904,-0.541691,-69.3859,-64.4915,-148.706,0.201279,0
1,,20966,Port:10,0,0,0,Enabled,0.527471,0.526738,-0.388823,-0.541422,-68.9185,-65.7035,-150.303,0.198639,0
1,,20974,Port:10,0,0,0,Enabled,0.526219,0.526911,-0.387082,-0.543715,-68.6402,-65.9556,-150.83,0.203391,0
1,,20998,Port:10,0,0,0,Enabled,0.526672,0.526441,-0.385344,-0.544965,-68.0572,-67.14,-152.964,0.194974,0
1,,21014,Port:10,0,0,0,Enabled,0.526931,0.5257,-0.384653,-0.545917,-67.8139,-67.778,-154.323,0.190199,0
1,,21022,Port:10,0,0,0,Enabled,0.52687,0.525826,-0.384213,-0.546165,-67.7694,-68.2029,-155.132,0.186523,0
1,,21038,Port:10,0,0,0,Enabled,0.52605,0.52648,-0.382916,-0.547236,-67.701,-68.5625,-156.604,0.192554,0
1,,21070,Port:10,0,0,0,Enabled,0.525804,0.52622,-0.380852,-0.549159,-67.1986,-69.3811,-159.514,0.190777,0
1,,21086,Port:10,0,0,0,Enabled,0.527922,0.524763,-0.381145,-0.548315,-66.6962,-70.0499,-161.104,0.183068,0
1,,21102,Port:10,0,0,0,Enabled,0.527754,0.52489,-0.378909,-0.549903,-66.1585,-70.1586,-162.169,0.185749,0
1,,21118,Port:10,0,0,0,Enabled,0.528398,0.523895,-0.379151,-0.550067,-65.8415,-70.232,-163.698,0.175077,0
1,,21134,Port:10,0,0,0,Enabled,0.527546,0.523361,-0.37775,-0.552354,-65.6567,-69.8206,-164.823,0.181229,0
1,,21142,Port:10,0,0,0,Enabled,0.526745,0.523643,-0.376913,-0.553421,-65.5261,-69.9076,-165.551,0.177045,0
1,,21158,Port:10,0,0,0,Enabled,0.52925,0.523514,-0.377418,-0.550803,-65.2027,-70.2288,-167.006,0.172127,0
1,,21174,Port:10,0,0,0,Enabled,0.529098,0.523834,-0.375446,-0.551991,-64.9475,-70.1894,-168.289,0.171658,0
1,,21190,Port:10,0,0,0,Enabled,0.53033,0.524339,-0.374847,-0.550734,-64.3678,-69.9391,-169.739,0.166496,0
1,,21206,Port:10,0,0,0,Enabled,0.532862,0.523791,-0.374774,-0.548858,-63.8037,-69.5355,-171.212,0.162937,0
1,,21222,Port:10,0,0,0,Enabled,0.534048,0.523822,-0.373443,-0.548583,-62.762,-69.2563,-172.22,0.161526,0
1,,21238,Port:10,0,0,0,Enabled,0.535332,0.523003,-0.371823,-0.549213,-62.0106,-69.0662,-173.154,0.154847,0
1,,21254,Port:10,0,0,0,Enabled,0.536446,0.523375,-0.371221,-0.548178,-61.2748,-68.9196,-174.11,0.157968,0
1,,21262,Port:10,0,0,0,Enabled,0.5374,0.523065,-0.370717,-0.547881,-61.0572,-68.7631,-174.574,0.153957,0
1,,21278,Port:10,0,0,0,Enabled,0.537218,0.523007,-0.370002,-0.548597,-60.6675,-68.3375,-175.84,0.144282,0
1,,21310,Port:10,0,0,0,Enabled,0.538677,0.522502,-0.36741,-0.549389,-59.1499,-68.0486,-178.3,0.137273,0
1,,21326,Port:10,0,0,0,Enabled,0.540098,0.522073,-0.365769,-0.549497,-58.0791,-68.2651,-179.903,0.13789,0
1,,21342,Port:10,0,0,0,Enabled,0.539844,0.521217,-0.364014,-0.55172,-56.9733,-68.2891,-181.956,0.130404,0
1,,21358,Port:10,0,0,0,Enabled,0.542711,0.520587,-0.362977,-0.550183,-55.8553,-69.356,-184.398,0.122605,0
1,,21374,Port:10,0,0,0,Enabled,0.541672,0.521609,-0.360375,-0.551947,-55.2193,-70.2533,-186.851,0.126285,0
1,,21382,Port:10,0,0,0,Enabled,0.542158,0.521579,-0.360361,-0.551507,-54.8398,-70.8299,-188.088,0.117852,0
1,,21398,Port:10,0,0,0,Enabled,0.542068,0.52161,-0.358757,-0.552611,-54.3191,-71.5949,-190.53,0.111875,0
1,,21414,Port:10,0,0,0,Enabled,0.541875,0.521536,-0.357083,-0.553953,-53.505,-72.2653,-192.854,0.107428,0
1,,21430,Port:10,0,0,0,Enabled,0.542623,0.521531,-0.354646,-0.55479,-52.3668,-73.1016,-195.055,0.100883,0
1,,21446,Port:10,0,0,0,Enabled,0.543301,0.520736,-0.351863,-0.556643,-50.9613,-73.8647,-197.08,0.0897514,0
1,,21462,Port:10,0,0,0,Enabled,0.545303,0.520054,-0.346667,-0.55858,-49.4518,-74.9168,-198.711,0.082028,0
1,,21478,Port:10,0,0,0,Enabled,0.547285,0.519113,-0.341257,-0.560843,-47.9651,-76.1122,-199.964,0.0756329,0
1,,21494,Port:10,0,0,0,Enabled,0.549706,0.516622,-0.338607,-0.562379,-46.8113,-76.8962,-200.926,0.064051,0
1,,21502,Port:10,0,0,0,Enabled,0.549625,0.516077,-0.335212,-0.564988,-46.2703,-77.2383,-201.376,0.0611282,0
1,,21534,Port:10,0,0,0,Enabled,0.553414,0.508526,-0.324173,-0.574497,-43.6328,-77.5787,-201.334,0.046783,0
1,,21550,Port:10,0,0,0,Enabled,0.555929,0.502092,-0.321287,-0.579329,-41.8687,-77.4861,-200.731,0.0405593,0
1,,21566,Port:10,0,0,0,Enabled,0.559146,0.495606,-0.317306,-0.583993,-40.7241,-76.4691,-200.165,0.0400752,0
1,,21582,Port:10,0,0,0,Enabled,0.560638,0.490717,-0.315927,-0.587428,-39.5399,-76.049,-200.302,0.0461961,0
1,,21598,Port:10,0,0,0,Missing,,,,,,,,,0
1,,21614,Port:10,0,0,0,Enabled,0.562027,0.481227,-0.313364,-0.595272,-35.9937,-74.5303,-202.026,0.0812446,0
1,,21622,Port:10,0,0,0,Enabled,0.56427,0.479041,-0.312771,-0.595225,-34.8468,-74.2443,-202.783,0.0868185,0
1,,21638,Port:10,0,0,0,Enabled,0.566341,0.474471,-0.311726,-0.597463,-32.2387,-73.7459,-204.207,0.109688,0
1,,21654,Port:10,0,0,0,Enabled,0.570293,0.471109,-0.309731,-0.597402,-29.0823,-73.9302,-205.388,0.12827,0
1,,21670,Port:10,0,0,0,Enabled,0.575928,0.466752,-0.307488,-0.596575,-25.7042,-74.2264,-206.193,0.152358,0
1,,21686,Port:10,0,0,0,Enabled,0.577439,0.463379,-0.305567,-0.598726,-22.7147,-73.8921,-207.054,0.153876,0
1,,21702,Port:10,0,0,0,Enabled,0.581808,0.460007,-0.303066,-0.598367,-20.07,-74.0592,-207.699,0.177216,0
1,,21718,Port:10,0,0,0,Missing,,,,,,,,,0
1,,21734,Port:10,0,0,0,Enabled,0.588127,0.452232,-0.302531,-0.598388,-15.8048,-72.6068,-209.405,0.182384,0
1,,21742,Port:10,0,0,0,Enabled,0.588468,0.450339,-0.301918,-0.599788,-14.6396,-72.3116,-209.534,0.188025,0
1,,21774,Port:10,0,0,0,Enabled,0.591511,0.442847,-0.299664,-0.603492,-10.3343,-71.1856,-209.921,0.206412,0
1,,21790,Port:10,0,0,0,Enabled,0.595915,0.440166,-0.297596,-0.602143,-8.00594,-70.9295,-210.089,0.200979,0
1,,21806,Port:10,0,0,0,Enabled,0.599787,0.435385,-0.296968,-0.602085,-5.37851,-70.6262,-209.369,0.207142,0
1,,21822,Port:10,0,0,0,Enabled,0.601238,0.431096,-0.295612,-0.604387,-2.64647,-69.4931,-208.816,0.20076,0
1,,21838,Port:10,0,0,0,Enabled,0.604033,0.424286,-0.295673,-0.606385,0.152734,-68.3491,-207.73,0.201931,0
1,,21854,Port:10,0,0,0,Enabled,0.605905,0.418568,-0.294451,-0.609081,3.13268,-67.1792,-207.208,0.185062,0
1,,21862,Port:10,0,0,0,Enabled,0.608173,0.414128,-0.294829,-0.609672,4.54848,-66.8561,-206.6,0.178855,0
1,,21878,Port:10,0,0,0,Enabled,0.610132,0.408926,-0.293266,-0.611976,7.48218,-65.8823,-206.145,0.175373,0
1,,21894,Port:10,0,0,0,Enabled,0.613489,0.403043,-0.292165,-0.613048,10.0391,-65.4542,-205.37,0.16078,0
1,,21910,Port:10,0,0,0,Enabled,0.614261,0.398955,-0.29076,-0.615611,12.6172,-64.6974,-205.016,0.165967,0
1,,21926,Port:10,0,0,0,Enabled,0.617331,0.394428,-0.290321,-0.615664,14.6346,-64.2333,-204.541,0.152777,0
1,,21942,Port:10,0,0,0,Enabled,0.618721,0.391561,-0.288269,-0.617062,16.5089,-63.5595,-204.134,0.144038,0
1,,21958,Port:10,0,0,0,Enabled,0.621501,0.388132,-0.288274,-0.616432,17.5757,-63.0319,-203.642,0.138135,0
1,,21974,Port:10,0,0,0,Missing,,,,,,,,,0
1,,21982,Port:10,0,0,0,Enabled,0.624162,0.38367,-0.287248,-0.617015,19.824,-61.0758,-203.568,0.133008,0
1,,22014,Port:10,0,0,0,Enabled,0.629149,0.374498,-0.28777,-0.617342,23.2231,-59.0942,-201.893,0.102765,0
1,,22030,Port:10,0,0,0,Enabled,0.631281,0.370561,-0.286917,-0.617938,24.9987,-57.7615,-201.33,0.0995172,0
1,,22046,Port:10,0,0,0,Enabled,0.632522,0.366407,-0.28651,-0.619334,27.1486,-56.2851,-200.674,0.0908111,0
1,,22062,Port:10,0,0,0,Enabled,0.634748,0.360644,-0.286122,-0.620617,29.074,-54.3545,-199.588,0.0809071,0
1,,22078,Port:10,0,0,0,Enabled,0.637401,0.354343,-0.287179,-0.621039,31.323,-52.2618,-198.411,0.0615753,0
1,,22094,Port:10,0,0,0,Enabled,0.638595,0.348897,-0.286746,-0.623093,32.927,-49.982,-197.065,0.0623491,0
1,,22102,Port:10,0,0,0,Enabled,0.639476,0.346376,-0.287355,-0.623315,33.761,-48.8155,-196.341,0.0542539,0
1,,22118,Port:10,0,0,0,Enabled,0.640498,0.341047,-0.28862,-0.624618,34.8055,-46.4713,-194.876,0.0472165,0
1,,22134,Port:10,0,0,0,Enabled,0.641221,0.3365,-0.290091,-0.62566,35.9874,-43.9343,-193.431,0.0489348,0
1,,22150,Port:10,0,0,0,Enabled,0.643179,0.330606,-0.292007,-0.625901,36.9215,-41.4912,-191.893,0.0426521,0
1,,22166,Port:10,0,0,0,Enabled,0.642474,0.326052,-0.293361,-0.628377,38.3196,-38.421,-190.285,0.0410786,0
1,,22182,Port:10,0,0,0,Enabled,0.644284,0.319182,-0.295453,-0.62907,39.3581,-35.8467,-188.6,0.0369432,0
1,,22198,Port:10,0,0,0,Enabled,0.643794,0.315121,-0.296473,-0.631136,40.298,-33.2164,-187.167,0.0437657,0
1,,22214,Port:10,0,0,0,Enabled,0.645381,0.31097,-0.298045,-0.630833,40.9204,-31.2014,-185.916,0.046485,0
1,,22230,Port:10,0,0,0,Enabled,0.645741,0.307441,-0.298746,-0.631862,41.5262,-29.0918,-184.765,0.0545829,0
1,,22254,Port:10,0,0,0,Enabled,0.64777,0.301942,-0.300598,-0.631559,41.9176,-26.5286,-183.145,0.0555966,0
1,,22270,Port:10,0,0,0,Enabled,0.647759,0.300069,-0.301312,-0.632123,42.2391,-25.2035,-182.139,0.0564818,0
1,,22286,Port:10,0,0,0,Enabled,0.647452,0.297392,-0.30186,-0.633439,42.2684,-23.4964,-181.131,0.0650225,0
1,,22302,Port:10,0,0,0,Enabled,0.647955,0.295074,-0.303232,-0.633354,42.4533,-22.0489,-180.118,0.0677514,0
1,,22318,Port:10,0,0,0,Enabled,0.64832,0.292311,-0.303516,-0.634124,42.8253,-20.4607,-179.01,0.0738967,0
1,,22334,Port:10,0,0,0,Enabled,0.649397,0.289311,-0.304999,-0.633687,43.4832,-18.7392,-177.824,0.075527,0
1,,22342,Port:10,0,0,0,Enabled,0.649538,0.287207,-0.305404,-0.634303,43.6156,-17.8144,-177.244,0.076772,0
1,,22358,Port:10,0,0,0,Enabled,0.650261,0.284425,-0.30655,-0.634263,43.9085,-16.1644,-176.13,0.0809848,0
1,,22374,Port:10,0,0,0,Enabled,0.650374,0.281808,-0.307584,-0.634816,43.8478,-14.6866,-175.015,0.0859857,0
1,,22390,Port:10,0,0,0,Enabled,0.649634,0.281044,-0.308416,-0.635507,43.7461,-12.9541,-174.009,0.0953179,0
1,,22406,Port:10,0,0,0,Enabled,0.650867,0.277284,-0.310474,-0.634895,43.5774,-11.3639,-172.928,0.0939181,0
1,,22422,Port:10,0,0,0,Enabled,0.650651,0.27551,-0.311649,-0.635313,43.4834,-9.69301,-171.884,0.0983391,0
1,,22438,Port:10,0,0,0,Enabled,0.650795,0.272746,-0.312869,-0.635758,43.3887,-8.07673,-170.757,0.10292,0
1,,22454,Port:10,0,0,0,Enabled,0.650391,0.271035,-0.314007,-0.636342,43.395,-6.23947,-169.652,0.106793,0
1,,22470,Port:10,0,0,0,Enabled,0.651192,0.268356,-0.31494,-0.636197,43.5053,-4.59552,-168.432,0.111209,0
1,,22494,Port:10,0,0,0,Enabled,0.652292,0.26406,-0.317143,-0.635773,43.9006,-1.48175,-166.524,0.118114,0
1,,22510,Port:10,0,0,0,Enabled,0.652656,0.259797,-0.318394,-0.636529,44.2878,0.717721,-165.079,0.127017,0
1,,22526,Port:10,0,0,0,Enabled,0.652968,0.2561,-0.320225,-0.63679,44.6163,3.14276,-163.688,0.131581,0
1,,22542,Port:10,0,0,0,Enabled,0.652429,0.252234,-0.321757,-0.638111,44.6884,5.54659,-162.27,0.139432,0
1,,22558,Port:10,0,0,0,Enabled,0.651009,0.250636,-0.322811,-0.639658,44.5274,7.45413,-160.818,0.143431,0
1,,22574,Port:10,0,0,0,Enabled,0.650512,0.248023,-0.32457,-0.640291,43.5982,9.40777,-159.542,0.14688,0
1,,22590,Port:10,0,0,0,Enabled,0.649419,0.246302,-0.326963,-0.640848,42.5458,11.5085,-158.352,0.152104,0
1,,22598,Port:10,0,0,0,Enabled,0.650017,0.244555,-0.328101,-0.640329,42.0321,12.4948,-157.828,0.155529,0
1,,22614,Port:10,0,0,0,Enabled,0.649022,0.242472,-0.329733,-0.64129,41.3703,14.5749,-156.649,0.160852,0
1,,22630,Port:10,0,0,0,Enabled,0.648773,0.239855,-0.331972,-0.641372,40.4807,16.6523,-155.755,0.169483,0
1,,22646,Port:10,0,0,0,Enabled,0.648899,0.237955,-0.333935,-0.640934,39.8599,18.7479,-154.825,0.17695,0
1,,22662,Port:10,0,0,0,Enabled,0.647254,0.234959,-0.336647,-0.642281,39.3177,21.1869,-153.751,0.186729,0
1,,22678,Port:10,0,0,0,Enabled,0.645701,0.232638,-0.338769,-0.643572,38.9425,23.7417,-152.397,0.193524,0
1,,22694,Port:10,0,0,0,Enabled,0.645077,0.229765,-0.340362,-0.64439,38.453,26.0838,-150.789,0.205665,0
1,,22702,Port:10,0,0,0,Enabled,0.644452,0.229424,-0.340872,-0.644866,38.103,27.2107,-149.919,0.209879,0
1,,22734,Port:10,0,0,0,Enabled,0.64119,0.226532,-0.344732,-0.647084,36.0858,31.7581,-146.247,0.22896,0
1,,22750,Port:10,0,0,0,Enabled,0.640287,0.22499,-0.346849,-0.647386,34.7044,34.0161,-144.252,0.244867,0
1,,22766,Port:10,0,0,0,Enabled,0.639691,0.224433,-0.348588,-0.647234,32.7431,36.2048,-142.337,0.254822,0
1,,22782,Port:10,0,0,0,Enabled,0.638727,0.222549,-0.351471,-0.647277,30.6701,38.8088,-140.519,0.275305,0
1,,22798,Port:10,0,0,0,Enabled,0.63729,0.221234,-0.354783,-0.647338,28.108,41.2366,-138.771,0.297466,0
1,,22814,Port:10,0,0,0,Enabled,0.63782,0.220822,-0.358827,-0.644722,25.2764,43.3026,-137.037,0.320173,0
1,,22822,Port:10,0,0,0,Enabled,0.638415,0.22024,-0.36055,-0.64337,23.9823,44.4658,-136.138,0.333708,0
1,,22838,Port:10,0,0,0,Enabled,0.636589,0.218853,-0.364753,-0.643284,21.6895,47.5498,-134.241,0.349941,0
1,,22854,Port:10,0,0,0,Enabled,0.634572,0.220345,-0.36709,-0.643437,19.7079,50.6444,-132.107,0.337908,0
1,,22870,Port:10,0,0,0,Enabled,0.630698,0.224111,-0.367454,-0.645734,18.4159,53.7341,-129.535,0.299107,0
1,,22886,Port:10,0,0,0,Enabled,0.62873,0.227773,-0.368418,-0.645823,17.2083,56.9583,-127.071,0.242735,0
1,,22902,Port:10,0,0,0,Enabled,0.62576,0.232048,-0.368974,-0.646867,16.1573,60.5524,-124.548,0.184035,0
1,,22918,Port:10,0,0,0,Enabled,0.624978,0.233826,-0.370402,-0.646166,15.1305,64.3581,-122.058,0.142834,0
1,,22934,Port:10,0,0,0,Enabled,0.624708,0.233817,-0.372245,-0.64537,14.2393,67.7633,-119.638,0.13075,0
1,,22942,Port:10,0,0,0,Enabled,0.624956,0.234723,-0.372752,-0.644508,13.7726,69.3191,-118.41,0.127805,0
1,,22974,Port:10,0,0,0,Enabled,0.626968,0.232602,-0.378957,-0.639688,11.1782,75.7708,-114.011,0.124742,0
1,,22990,Port:10,0,0,0,Enabled,0.628111,0.231004,-0.382828,-0.636833,9.64014,79.0704,-112.224,0.126682,0
1,,23006,Port:10,0,0,0,Enabled,0.629983,0.230668,-0.386284,-0.633007,8.22382,82.3291,-110.531,0.128528,0
1,,23022,Port:10,0,0,0,Enabled,0.635532,0.232774,-0.389324,-0.624774,6.8882,85.0859,-108.985,0.127894,0
1,,23038,Port:10,0,0,0,Enabled,0.642821,0.234963,-0.39665,-0.611753,4.86504,87.4385,-108.462,0.131228,0
1,,23054,Port:10,0,0,0,Enabled,0.645918,0.238118,-0.400738,-0.604565,3.40848,89.8928,-107.533,0.133025,0
1,,23070,Port:10,0,0,0,Enabled,0.645608,0.244499,-0.401905,-0.601566,2.60848,91.8481,-106.38,0.133476,0
1,,23078,Port:10,0,0,0,Enabled,0.646555,0.24578,-0.403735,-0.598796,1.98004,92.6869,-106.005,0.134018,0
1,,23094,Port:10,0,0,0,Enabled,0.648261,0.253481,-0.404653,-0.593095,0.836681,93.8056,-105.133,0.134161,0
1,,23110,Port:10,0,0,0,Enabled,0.647659,0.25645,-0.406513,-0.591201,-0.198351,95.3591,-104.145,0.135623,0
1,,23126,Port:10,0,0,0,Enabled,0.645413,0.25804,-0.410156,-0.590448,-1.18315,97.3737,-103.437,0.137128,0
1,,23142,Port:10,0,0,0,Enabled,0.64587,0.260371,-0.413228,-0.586772,-2.40507,98.742,-102.774,0.136992,0
1,,23158,Port:10,0,0,0,Enabled,0.644729,0.263222,-0.415897,-0.584867,-3.40011,99.9178,-102.101,0.138143,0
1,,23174,Port:10,0,0,0,Enabled,0.643475,0.265469,-0.418558,-0.583332,-4.30998,100.913,-101.384,0.140539,0
1,,23182,Port:10,0,0,0,Enabled,0.642909,0.267276,-0.419725,-0.582291,-4.84526,101.157,-101.048,0.140272,0
1,,23214,Port:10,0,0,0,Enabled,0.647463,0.275615,-0.425886,-0.568726,-7.47373,101.678,-99.7836,0.136607,0
1,,23230,Port:10,0,0,0,Enabled,0.648012,0.27923,-0.43206,-0.561636,-9.15114,102.297,-99.3318,0.135536,0
1,,23246,Port:10,0,0,0,Enabled,0.645721,0.284362,-0.436158,-0.558523,-11.3133,102.778,-98.5009,0.135977,0
1,,23262,Port:10,0,0,0,Enabled,0.646225,0.289403,-0.441854,-0.550821,-14.0329,103.288,-97.9441,0.1362,0
1,,23278,Port:10,0,0,0,Enabled,0.644782,0.292998,-0.448847,-0.544926,-16.804,103.979,-97.5163,0.138759,0
1,,23294,Port:10,0,0,0,Enabled,0.644674,0.298818,-0.452179,-0.539108,-19.2598,104.243,-96.6403,0.135679,0
1,,23310,Port:10,0,0,0,Enabled,0.644505,0.301913,-0.45684,-0.533628,-21.6257,104.956,-95.6142,0.139261,0
1,,23318,Port:10,0,0,0,Enabled,0.643323,0.304166,-0.45888,-0.532022,-22.7494,105.484,-95.0549,0.137669,0
1,,23334,Port:10,0,0,0,Enabled,0.643577,0.305168,-0.462923,-0.527621,-25.0095,106.641,-93.6455,0.141594,0
1,,23358,Port:10,0,0,0,Enabled,0.640722,0.308731,-0.468842,-0.523782,-28.4929,108.414,-91.9813,0.145007,0
1,,23366,Port:10,0,0,0,Enabled,0.639883,0.310085,-0.470515,-0.522507,-29.6363,108.891,-91.5077,0.148462,0
1,,23382,Port:10,0,0,0,Enabled,0.638869,0.311613,-0.47373,-0.519927,-31.6562,109.843,-90.7464,0.153147,0
1,,23398,Port:10,0,0,0,Enabled,0.637229,0.313187,-0.476994,-0.518006,-33.403,110.535,-90.1132,0.155538,0
1,,23414,Port:10,0,0,0,Enabled,0.636304,0.315582,-0.478347,-0.51644,-34.9022,110.9,-89.4841,0.157136,0
1,,23438,Port:10,0,0,0,Enabled,0.635415,0.318047,-0.481025,-0.513527,-37.1333,110.814,-88.8752,0.169843,0
1,,23454,Port:10,0,0,0,Enabled,0.635245,0.320246,-0.482636,-0.510852,-38.5746,110.584,-88.8255,0.171728,0
1,,23478,Port:10,0,0,0,Enabled,0.635667,0.323561,-0.485579,-0.50542,-40.6354,109.911,-89.0303,0.175475,0
1,,23486,Port:10,0,0,0,Enabled,0.636527,0.325118,-0.486614,-0.502334,-41.4123,109.379,-89.1786,0.17708,0
1,,23502,Port:10,0,0,0,Enabled,0.638397,0.330867,-0.488162,-0.494646,-43.1976,107.911,-89.7338,0.18157,0
1,,23518,Port:10,0,0,0,Enabled,0.639816,0.336803,-0.488383,-0.48855,-44.8725,106.348,-89.8598,0.181791,0
1,,23534,Port:10,0,0,0,Enabled,0.640025,0.340273,-0.48975,-0.484487,-46.53,105.214,-89.7326,0.185828,0
1,,23550,Port:10,0,0,0,Enabled,0.635904,0.34659,-0.490399,-0.48478,-48.7268,103.94,-89.6621,0.188605,0
1,,23558,Port:10,0,0,0,Enabled,0.635711,0.350402,-0.489792,-0.482903,-50.1017,102.732,-89.5967,0.18895,0
1,,23574,Port:10,0,0,0,Enabled,0.637916,0.360005,-0.488083,-0.474588,-53.347,99.3771,-89.6486,0.195017,0
1,,23598,Port:10,0,0,0,Enabled,0.644125,0.374986,-0.487501,-0.454787,-58.7642,93.3211,-89.5457,0.194641,0
1,,23606,Port:10,0,0,0,Enabled,0.645132,0.379238,-0.487635,-0.449661,-60.6989,91.7045,-89.4013,0.192748,0
1,,23622,Port:10,0,0,0,Enabled,0.644004,0.389893,-0.489526,-0.440009,-65.0945,88.8971,-89.4876,0.167724,0
1,,23638,Port:10,0,0,0,Enabled,0.64471,0.400962,-0.489929,-0.428425,-69.7515,86.367,-89.7642,0.148918,0
1,,23654,Port:10,0,0,0,Enabled,0.647579,0.411267,-0.488693,-0.415548,-74.0436,84.3089,-89.9976,0.113327,0
1,,23670,Port:10,0,0,0,Enabled,0.647695,0.41702,-0.492291,-0.405259,-77.6218,83.9341,-90.4368,0.0933086,0
1,,23694,Port:10,0,0,0,Enabled,0.645678,0.428572,-0.491657,-0.397115,-82.0572,83.1148,-90.7197,0.0641324,0
1,,23718,Port:10,0,0,0,Enabled,0.65564,0.442427,-0.4855,-0.372403,-85.317,77.8979,-90.7584,0.0532237,0
1,,23726,Port:10,0,0,0,Enabled,0.657506,0.449332,-0.480809,-0.366892,-86.0686,75.8347,-90.5199,0.0570349,0
1,,23742,Port:10,0,0,0,Enabled,0.664621,0.457577,-0.474795,-0.351385,-87.1322,72.0306,-90.2686,0.0619469,0
1,,23758,Port:10,0,0,0,Enabled,0.666912,0.463184,-0.47375,-0.340954,-87.7314,69.3619,-90.3229,0.0789512,0
1,,23774,Port:10,0,0,0,Enabled,0.667788,0.467678,-0.471552,-0.336117,-87.9175,66.8657,-89.9856,0.095154,0
1,,23790,Port:10,0,0,0,Enabled,0.66742,0.470486,-0.470721,-0.334089,-87.9689,64.7007,-89.6408,0.104315,0
1,,23798,Port:10,0,0,0,Enabled,0.666723,0.472229,-0.470154,-0.333821,-87.9639,63.5863,-89.4927,0.104733,0
1,,23814,Port:10,0,0,0,Enabled,0.665067,0.47678,-0.467312,-0.334642,-87.9423,60.9721,-89.2542,0.106113,0
1,,23838,Port:10,0,0,0,Enabled,0.665938,0.483895,-0.462097,-0.329907,-88.0373,55.4874,-88.7584,0.108916,0
1,,23846,Port:10,0,0,0,Enabled,0.665418,0.48686,-0.460605,-0.328679,-88.1871,53.5699,-88.6741,0.108754,0
1,,23862,Port:10,0,0,0,Enabled,0.664259,0.492599,-0.457578,-0.326695,-88.5484,49.7643,-88.4038,0.101167,0
1,,23878,Port:10,0,0,0,Enabled,0.664284,0.497505,-0.454309,-0.323758,-89.0584,45.6772,-88.1808,0.0836705,0
1,,23894,Port:10,0,0,0,Enabled,0.664646,0.502981,-0.451895,-0.31788,-89.4561,41.0697,-88.2618,0.0811422,0
1,,23910,Port:10,0,0,0,Enabled,0.662659,0.508429,-0.449525,-0.316718,-90.1076,37.0959,-88.4411,0.0678368,0
1,,23934,Port:10,0,0,0,Enabled,0.661868,0.516176,-0.445008,-0.312187,-90.9319,30.5754,-88.5492,0.0564967,0
1,,23958,Port:10,0,0,0,Enabled,0.661199,0.524092,-0.442066,-0.304502,-91.4563,23.566,-88.8332,0.0455189,0
1,,23966,Port:10,0,0,0,Enabled,0.66077,0.527236,-0.4402,-0.302703,-91.5603,21.2514,-88.834,0.0420964,0
1,,23982,Port:10,0,0,0,Enabled,0.661447,0.531961,-0.438225,-0.295744,-91.8529,16.5512,-88.8927,0.0370932,0
1,,23998,Port:10,0,0,0,Enabled,0.662236,0.537632,-0.435325,-0.287902,-92.036,11.4456,-88.9635,0.0344226,0
1,,24014,Port:10,0,0,0,Enabled,0.662458,0.542014,-0.433822,-0.28137,-92.5003,6.91635,-89.1679,0.0312344,0
1,,24030,Port:10,0,0,0,Enabled,0.660258,0.548362,-0.432107,-0.276845,-92.9989,2.358,-89.8797,0.0305738,0
1,,24038,Port:10,0,0,0,Enabled,0.660601,0.551794,-0.430368,-0.27187,-92.9815,-0.290747,-90.3003,0.0307443,0
1,,24054,Port:10,0,0,0,Enabled,0.662177,0.557172,-0.427778,-0.260936,-92.6962,-5.54438,-91.1029,0.0302043,0
1,,24078,Port:10,0,0,0,Enabled,0.660122,0.565755,-0.4249,-0.252231,-91.6693,-12.4017,-92.5279,0.036847,0
1,,24086,Port:10,0,0,0,Enabled,0.659593,0.568509,-0.423133,-0.250386,-91.2721,-14.6481,-92.8272,0.0393055,0
1,,24102,Port:10,0,0,0,Enabled,0.660235,0.57357,-0.418912,-0.24417,-90.1896,-19.3659,-93.3183,0.0416976,0
1,,24118,Port:10,0,0,0,Enabled,0.660356,0.577918,-0.41647,-0.237684,-89.3311,-23.7467,-94.0183,0.0490453,0
1,,24134,Port:10,0,0,0,Enabled,0.659178,0.583533,-0.413071,-0.233121,-88.4058,-27.8879,-94.8569,0.0552492,0
1,,24142,Port:10,0,0,0,Enabled,0.658309,0.586668,-0.41111,-0.231166,-88.0282,-29.9125,-95.3457,0.0579154,0
1,,24174,Port:10,0,0,0,Enabled,0.657373,0.594172,-0.40735,-0.221104,-86.5598,-36.9093,-97.0687,0.0667606,0
1,,24198,Port:10,0,0,0,Enabled,0.656429,0.599704,-0.403687,-0.215623,-85.5013,-41.7288,-98.4814,0.0762189,0
1,,24206,Port:10,0,0,0,Enabled,0.657376,0.601487,-0.401978,-0.210912,-84.8397,-43.6888,-98.9593,0.0769702,0
1,,24222,Port:10,0,0,0,Enabled,0.656276,0.604896,-0.39982,-0.208679,-83.9909,-46.5866,-99.8358,0.0855086,0
1,,24238,Port:10,0,0,0,Enabled,0.655533,0.607701,-0.397236,-0.207798,-83.0831,-49.0867,-100.654,0.0899232,0
1,,24254,Port:10,0,0,0,Enabled,0.656639,0.609859,-0.393541,-0.204996,-81.718,-51.8821,-101.206,0.0929535,0
1,,24270,Port:10,0,0,0,Enabled,0.656172,0.612221,-0.390755,-0.204782,-80.445,-54.2722,-102.079,0.101098,0
1,,24278,Port:10,0,0,0,Enabled,0.6561,0.613384,-0.389198,-0.204495,-79.6652,-55.5362,-102.588,0.105128,0
1,,24294,Port:10,0,0,0,Enabled,0.656431,0.614541,-0.38675,-0.204601,-77.9213,-58.0391,-103.531,0.112115,0
1,,24318,Port:10,0,0,0,Enabled,0.655564,0.617038,-0.381856,-0.209008,-75.0276,-62.0372,-105.042,0.128159,0
1,,24326,Port:10,0,0,0,Enabled,0.655637,0.617636,-0.380087,-0.210235,-73.9781,-63.5873,-105.547,0.133484,0
1,,24342,Port:10,0,0,0,Enabled,0.654949,0.618611,-0.377036,-0.214957,-71.9525,-66.4203,-106.673,0.146282,0
1,,24358,Port:10,0,0,0,Enabled,0.654424,0.61844,-0.374448,-0.221472,-69.9953,-68.8691,-107.696,0.164122,0
1,,24374,Port:10,0,0,0,Enabled,0.653907,0.617557,-0.371182,-0.230766,-68.0023,-71.0846,-108.543,0.175846,0
1,,24398,Port:10,0,0,0,Enabled,0.65478,0.61331,-0.366853,-0.246036,-64.8711,-74.3051,-109.557,0.207562,0
1,,24422,Port:10,0,0,0,Enabled,0.656314,0.607966,-0.360189,-0.264374,-61.3036,-77.6013,-110.244,0.246648,0
1,,24438,Port:10,0,0,0,Enabled,0.657732,0.604398,-0.35607,-0.274419,-59.2151,-80.2531,-111.068,0.263262,0
1,,24446,Port:10,0,0,0,Enabled,0.658138,0.603205,-0.354272,-0.278369,-58.1586,-81.6563,-111.689,0.282852,0
1,,24462,Port:10,0,0,0,Enabled,0.659616,0.599426,-0.349685,-0.288644,-56.5089,-84.2762,-112.692,0.298331,0
1,,24478,Port:10,0,0,0,Enabled,0.659533,0.597161,-0.346579,-0.29715,-55.1015,-86.7747,-114.294,0.316563,0
1,,24494,Port:10,0,0,0,Enabled,0.660151,0.595136,-0.343064,-0.303842,-53.6556,-89.0831,-115.835,0.331281,0
1,,24510,Port:10,0,0,0,Enabled,0.662355,0.590862,-0.339657,-0.31113,-52.0211,-90.7156,-116.587,0.340959,0
1,,24518,Port:10,0,0,0,Enabled,0.66226,0.589822,-0.337871,-0.315222,-51.2225,-91.374,-117.128,0.348443,0
1,,24542,Port:10,0,0,0,Enabled,0.663595,0.585666,-0.333378,-0.3248,-48.7019,-93.664,-118.636,0.358237,0
1,,24558,Port:10,0,0,0,Enabled,0.664493,0.584064,-0.329413,-0.329858,-46.9851,-95.5382,-119.845,0.35937,0
1,,24566,Port:10,0,0,0,Enabled,0.665198,0.582729,-0.327858,-0.332336,-46.1039,-96.3191,-120.357,0.360565,0
1,,24582,Port:10,0,0,0,Enabled,0.666452,0.580548,-0.324371,-0.33703,-44.2351,-97.8623,-121.373,0.366274,0
1,,24598,Port:10,0,0,0,Enabled,0.667427,0.576329,-0.320078,-0.346319,-42.2947,-98.8038,-121.806,0.351634,0
1,,24614,Port:10,0,0,0,Enabled,0.6686,0.572147,-0.315927,-0.354698,-40.3248,-99.8752,-122.316,0.347911,0
1,,24638,Port:10,0,0,0,Enabled,0.672847,0.563493,-0.308427,-0.366913,-37.3093,-101.588,-122.752,0.338309,0
1,,24654,Port:10,0,0,0,Enabled,0.673963,0.558549,-0.303544,-0.376375,-35.5555,-102.918,-123.508,0.327536,0
1,,24678,Port:10,0,0,0,Enabled,0.680978,0.549917,-0.30042,-0.378957,-33.5476,-105.518,-125.189,0.324672,0
1,,24686,Port:10,0,0,0,Enabled,0.681925,0.547155,-0.299731,-0.381787,-33.2319,-106.016,-125.803,0.321584,0
1,,24702,Port:10,0,0,0,Enabled,0.681349,0.541901,-0.296487,-0.392686,-32.6102,-106.688,-126.807,0.327134,0
1,,24718,Port:10,0,0,0,Enabled,0.681781,0.535105,-0.293559,-0.40331,-31.8057,-107.026,-127.637,0.313518,0
1,,24734,Port:10,0,0,0,Enabled,0.685517,0.524423,-0.286499,-0.415891,-30.3494,-107.38,-127.55,0.306723,0
1,,24750,Port:10,0,0,0,Enabled,0.687315,0.514929,-0.280397,-0.428746,-28.935,-107.771,-127.91,0.293451,0
1,,24758,Port:10,0,0,0,Enabled,0.688275,0.510278,-0.279676,-0.433215,-28.3753,-107.661,-128.347,0.291644,0
1,,24782,Port:10,0,0,0,Enabled,0.693423,0.495641,-0.274088,-0.4454,-26.3722,-108.072,-129.189,0.268627,0
1,,24798,Port:10,0,0,0,Enabled,0.698621,0.485721,-0.271458,-0.449795,-25.2442,-108.205,-129.716,0.255606,0
1,,24806,Port:10,0,0,0,Enabled,0.699717,0.481286,-0.270619,-0.453349,-24.763,-108.098,-130.063,0.247352,0
1,,24822,Port:10,0,0,0,Enabled,0.700263,0.472536,-0.269244,-0.462438,-24.149,-107.158,-130.722,0.222633,0
1,,24838,Port:10,0,0,0,Enabled,0.701671,0.464953,-0.269392,-0.467872,-23.5424,-106.63,-131.438,0.203764,0
1,,24854,Port:10,0,0,0,Enabled,0.704826,0.455409,-0.267109,-0.473788,-22.7791,-105.539,-131.566,0.171665,0
1,,24878,Port:10,0,0,0,Enabled,0.709502,0.441862,-0.266988,-0.479669,-21.8558,-103.794,-132.002,0.13925,0
1,,24902,Port:10,0,0,0,Enabled,0.711762,0.426447,-0.266255,-0.490558,-20.2629,-101.007,-131.857,0.107688,0
1,,24918,Port:10,0,0,0,Enabled,0.713722,0.416116,-0.262598,-0.498489,-18.6854,-99.3241,-131.408,0.0978955,0
1,,24926,Port:10,0,0,0,Enabled,0.716247,0.41002,-0.261199,-0.500648,-17.6583,-98.6903,-130.937,0.0899385,0
1,,24942,Port:10,0,0,0,Enabled,0.718553,0.39929,-0.262652,-0.505236,-16.5995,-96.7835,-131.132,0.082301,0
1,,24958,Port:10,0,0,0,Enabled,0.717616,0.39249,-0.262709,-0.511824,-16.1099,-95.6207,-132.108,0.0814793,0
1,,24974,Port:10,0,0,0,Enabled,0.718822,0.385862,-0.262653,-0.515189,-15.7998,-94.8768,-132.979,0.0828907,0
1,,24990,Port:10,0,0,0,Enabled,0.717902,0.379598,-0.262284,-0.521277,-15.6994,-94.0884,-134.064,0.0807899,0
1,,24998,Port:10,0,0,0,Enabled,0.717337,0.376351,-0.262587,-0.524248,-15.6181,-93.627,-134.633,0.0809352,0
1,,25022,Port:10,0,0,0,Enabled,0.715587,0.363862,-0.261366,-0.535937,-14.8778,-91.6285,-135.692,0.0790778,0
1,,25038,Port:10,0,0,0,Enabled,0.714388,0.35415,-0.261623,-0.543857,-14.2484,-89.9124,-136.173,0.0745234,0
1,,25046,Port:10,0,0,0,Enabled,0.714139,0.349691,-0.261636,-0.547054,-14.0806,-89.0491,-136.839,0.0701886,0
1,,25062,Port:10,0,0,0,Enabled,0.711341,0.34002,-0.262433,-0.556336,-13.5539,-87.5073,-137.56,0.0655008,0
1,,25078,Port:10,0,0,0,Enabled,0.709998,0.332639,-0.261004,-0.563143,-13.0756,-86.2894,-138.55,0.0651008,0
1,,25094,Port:10,0,0,0,Enabled,0.708666,0.324697,-0.26115,-0.569355,-12.2425,-85.2943,-139.614,0.0578089,0
1,,25118,Port:10,0,0,0,Enabled,0.704387,0.314123,-0.260721,-0.580682,-10.7968,-83.763,-141.563,0.0581375,0
1,,25134,Port:10,0,0,0,Enabled,0.70233,0.306447,-0.258947,-0.588022,-9.55671,-83.1426,-142.469,0.0489141,0
1,,25158,Port:10,0,0,0,Enabled,0.695691,0.29936,-0.258691,-0.599564,-8.4454,-82.5916,-145.346,0.0473299,0
1,,25166,Port:10,0,0,0,Enabled,0.69514,0.298196,-0.258514,-0.600858,-8.31195,-82.6171,-146.67,0.0523445,0
1,,25182,Port:10,0,0,0,Enabled,0.691936,0.294109,-0.256625,-0.607345,-7.53706,-83.055,-148.891,0.0482327,0
1,,25198,Port:10,0,0,0,Enabled,0.689556,0.290361,-0.254907,-0.612556,-6.59703,-83.4092,-151.36,0.0478994,0
1,,25214,Port:10,0,0,0,Enabled,0.684158,0.286756,-0.253317,-0.620911,-5.49777,-83.697,-153.869,0.0477832,0
1,,25230,Port:10,0,0,0,Enabled,0.681616,0.284459,-0.252717,-0.624994,-4.59054,-84.0292,-156.857,0.0508681,0
1,,25238,Port:10,0,0,0,Enabled,0.679849,0.283876,-0.251735,-0.627574,-4.15717,-84.1568,-158.458,0.054609,0
1,,25262,Port:10,0,0,0,Enabled,0.672001,0.280038,-0.249454,-0.638566,-1.86259,-84.2536,-162.687,0.0541168,0
1,,25278,Port:10,0,0,0,Enabled,0.66801,0.276516,-0.247558,-0.644993,0.166416,-83.8151,-165.687,0.049688,0
1,,25286,Port:10,0,0,0,Enabled,0.663997,0.274245,-0.24716,-0.650239,1.42093,-83.5024,-166.882,0.0458031,0
1,,25302,Port:10,0,0,0,Enabled,0.656489,0.269808,-0.245586,-0.660237,3.71649,-82.5231,-169.418,0.0500164,0
1,,25318,Port:10,0,0,0,Enabled,0.649419,0.265094,-0.246459,-0.668759,5.74238,-81.4613,-171.898,0.0426019,0
1,,25334,Port:10,0,0,0,Enabled,0.643643,0.262072,-0.244515,-0.676205,7.22803,-80.7069,-174.102,0.045403,0
1,,25358,Port:10,0,0,0,Enabled,0.639886,0.25871,-0.245625,-0.680649,8.57736,-79.8775,-177.112,0.045378,0
1,,25382,Port:10,0,0,0,Enabled,0.635065,0.256546,-0.246087,-0.685797,9.57255,-78.9994,-179.455,0.04433,0
1,,25398,Port:10,0,0,0,Enabled,0.633072,0.253866,-0.247731,-0.688041,10.1771,-77.6543,-180.646,0.0429886,0
1,,25406,Port:10,0,0,0,Enabled,0.631405,0.252912,-0.248896,-0.689503,10.6748,-76.9283,-181.24,0.0431958,0
1,,25422,Port:10,0,0,0,Enabled,0.626755,0.249152,-0.251564,-0.694131,12.1963,-74.613,-182.042,0.0446798,0
1,,25438,Port:10,0,0,0,Enabled,0.622659,0.244135,-0.255692,-0.69808,13.7127,-71.882,-182.833,0.0438754,0
1,,25454,Port:10,0,0,0,Enabled,0.618864,0.240772,-0.263665,-0.699655,15.0744,-68.725,-184.018,0.04487,0
1,,25470,Port:10,0,0,0,Enabled,0.612394,0.240545,-0.269025,-0.703375,16.1824,-66.4826,-184.906,0.0412557,0
1,,25478,Port:10,0,0,0,Enabled,0.614221,0.239661,-0.270887,-0.701367,16.7482,-65.8074,-185.118,0.0520205,0
1,,25502,Port:10,0,0,0,Enabled,0.606507,0.242593,-0.279543,-0.703672,18.6031,-62.1439,-186.726,0.0469275,0
1,,25518,Port:10,0,0,0,Enabled,0.603774,0.240968,-0.283353,-0.705055,20.739,-59.7492,-187.121,0.0450898,0
1,,25526,Port:10,0,0,0,Enabled,0.601814,0.239771,-0.286162,-0.706004,21.8787,-58.387,-187.575,0.0497791,0
1,,25542,Port:10,0,0,0,Enabled,0.594133,0.240653,-0.294516,-0.708769,24.0256,-55.3155,-189.041,0.0512626,0
1,,25558,Port:10,0,0,0,Enabled,0.592513,0.240335,-0.30117,-0.707435,26.1095,-52.7381,-190.74,0.0411024,0
1,,25574,Port:10,0,0,0,Enabled,0.584345,0.242603,-0.31273,-0.708438,28.0824,-49.651,-192.864,0.0565177,0
1,,25606,Port:10,0,0,0,Enabled,0.560551,0.250066,-0.330971,-0.716734,32.0129,-44.09,-196.384,0.062364,0
1,,25614,Port:10,0,0,0,Enabled,0.551821,0.251816,-0.337925,-0.719646,32.6399,-42.0289,-197.527,0.0679885,0
1,,25638,Port:10,0,0,0,Enabled,0.529495,0.263312,-0.354401,-0.724363,34.0848,-36.9378,-200.441,0.0867952,0
1,,25646,Port:10,0,0,0,Enabled,0.520912,0.267385,-0.360927,-0.725871,34.2512,-35.0608,-201.519,0.0946885,0
1,,25662,Port:10,0,0,0,Enabled,0.498469,0.279513,-0.376063,-0.729369,34.0003,-30.6948,-204.434,0.101554,0
1,,25678,Port:10,0,0,0,Enabled,0.487218,0.289249,-0.383301,-0.729407,33.6666,-28.0596,-205.65,0.12455,0
1,,25694,Port:10,0,0,0,Enabled,0.476225,0.297819,-0.395237,-0.726844,32.8535,-24.1782,-207.814,0.138592,0
1,,25710,Port:10,0,0,0,Enabled,0.463637,0.306999,-0.404784,-0.725908,31.9127,-20.3857,-209.403,0.139884,0
1,,25726,Port:10,0,0,0,Enabled,0.454074,0.313873,-0.41199,-0.724958,31.1345,-16.7727,-210.68,0.165105,0
1,,25742,Port:10,0,0,0,Enabled,0.447434,0.321294,-0.418532,-0.722084,30.1316,-13.316,-211.45,0.158448,0
1,,25758,Port:10,0,0,0,Enabled,0.437314,0.328867,-0.424593,-0.721335,29.0836,-9.26535,-212.292,0.165497,0
1,,25766,Port:10,0,0,0,Enabled,0.431032,0.332987,-0.429617,-0.720251,28.4439,-7.10115,-212.88,0.164336,0
1,,25782,Port:10,0,0,0,Enabled,0.41969,0.341962,-0.438569,-0.717342,26.3055,-1.67998,-214.395,0.127035,0
1,,25798,Port:10,0,0,0,Enabled,0.407254,0.351133,-0.446013,-0.715488,24.6894,3.20856,-214.992,0.127964,0
1,,25814,Port:10,0,0,0,Enabled,0.395946,0.358275,-0.458235,-0.710554,22.0256,8.80803,-216.274,0.0671884,0
1,,25846,Port:10,0,0,0,Missing,,,,,,,,,0
1,,25862,Port:10,0,0,0,Enabled,0.366251,0.383845,-0.48505,-0.695161,14.2636,21.5296,-217.388,0.0588618,0
1,,25878,Port:10,0,0,0,Enabled,0.355006,0.394596,-0.492546,-0.689683,10.9608,25.3749,-217.603,0.0788213,0
1,,25886,Port:10,0,0,0,Enabled,0.35166,0.397983,-0.49876,-0.68497,9.29974,27.005,-217.76,0.0776422,0
1,,25902,Port:10,0,0,0,Enabled,0.341992,0.405794,-0.507717,-0.678673,6.14166,30.8046,-217.677,0.0880232,0
1,,25918,Port:10,0,0,0,Enabled,0.337569,0.411008,-0.519401,-0.668837,3.25847,34.4189,-217.883,0.0835908,0
1,,25934,Port:10,0,0,0,Enabled,0.33131,0.417187,-0.532266,-0.657938,-0.177512,38.0385,-218.137,0.0999528,0
1,,25950,Port:10,0,0,0,Enabled,0.324937,0.423471,-0.54105,-0.649887,-2.90666,41.5747,-217.997,0.111203,0
1,,25966,Port:10,0,0,0,Enabled,0.322928,0.429984,-0.549227,-0.639672,-5.99111,44.5577,-217.71,0.127787,0
1,,25982,Port:10,0,0,0,Enabled,0.317866,0.43716,-0.555617,-0.631777,-8.2802,47.403,-217.246,0.145949,0
1,,25998,Port:10,0,0,0,Enabled,0.317949,0.442579,-0.560798,-0.623328,-10.6895,50.1041,-216.351,0.166661,0
1,,26006,Port:10,0,0,0,Enabled,0.317448,0.446144,-0.56419,-0.617958,-11.8437,51.4174,-216.126,0.179337,0
1,,26022,Port:10,0,0,0,Enabled,0.316719,0.453331,-0.572122,-0.605687,-13.7829,54.1603,-215.878,0.193118,0
1,,26038,Port:10,0,0,0,Enabled,0.315653,0.458856,-0.577724,-0.596699,-15.7079,57.1602,-215.084,0.216022,0
1,,26054,Port:10,0,0,0,Enabled,0.315826,0.463385,-0.583205,-0.587707,-17.4333,59.9692,-214.204,0.223466,0
1,,26086,Port:10,0,0,0,Enabled,0.315458,0.471825,-0.595475,-0.568575,-21.0022,65.0584,-212.966,0.253899,0
1,,26102,Port:10,0,0,0,Enabled,0.310312,0.477601,-0.602475,-0.559131,-22.9983,67.4847,-213.245,0.264709,0
1,,26118,Port:10,0,0,0,Enabled,0.310428,0.484064,-0.612087,-0.542832,-25.2115,69.2946,-214.473,0.265352,0
1,,26126,Port:10,0,0,0,Enabled,0.310196,0.486708,-0.616364,-0.535714,-26.3792,70.3395,-215.008,0.269656,0
1,,26142,Port:10,0,0,0,Enabled,0.310793,0.491917,-0.625032,-0.520346,-28.5991,72.2475,-215.48,0.297766,0
1,,26158,Port:10,0,0,0,Enabled,0.308899,0.498046,-0.630222,-0.509267,-31.0334,74.2889,-215.775,0.306882,0
1,,26174,Port:10,0,0,0,Enabled,0.308848,0.50357,-0.6374,-0.494725,-33.1864,75.8332,-216.266,0.28339,0
1,,26190,Port:10,0,0,0,Enabled,0.300679,0.51529,-0.640278,-0.483852,-35.4928,77.3333,-216.617,0.257016,0
1,,26206,Port:10,0,0,0,Missing,,,,,,,,,0
1,,26222,Port:10,0,0,0,Enabled,0.297992,0.531388,-0.642801,-0.464363,-40.7306,78.468,-215.008,0.267992,0
1,,26238,Port:10,0,0,0,Enabled,0.300587,0.539635,-0.643055,-0.452685,-43.702,78.5823,-214.234,0.260312,0
1,,26246,Port:10,0,0,0,Enabled,0.301705,0.542261,-0.643807,-0.447705,-44.9335,78.8938,-213.691,0.252634,0
1,,26262,Port:10,0,0,0,Enabled,0.299758,0.549057,-0.644068,-0.440294,-47.165,79.7395,-212.864,0.255869,0
1,,26278,Port:10,0,0,0,Missing,,,,,,,,,0
1,,26294,Port:10,0,0,0,Enabled,0.306149,0.559571,-0.645991,-0.419343,-51.5504,79.8487,-211.458,0.221849,0
1,,26326,Port:10,0,0,0,Enabled,0.319803,0.578967,-0.639574,-0.391751,-56.3851,76.2036,-209.878,0.202743,0
1,,26342,Port:10,0,0,0,Enabled,0.326207,0.586607,-0.637566,-0.378141,-58.2595,74.5531,-208.958,0.201062,0
1,,26358,Port:10,0,0,0,Enabled,0.336735,0.591394,-0.636869,-0.362299,-60.062,73.1126,-208.247,0.183821,0
1,,26366,Port:10,0,0,0,Enabled,0.341989,0.591476,-0.637267,-0.356497,-60.8714,72.7574,-207.274,0.18076,0
1,,26382,Port:10,0,0,0,Enabled,0.347274,0.593119,-0.635918,-0.351025,-62.6588,73.2093,-205.649,0.176291,0
1,,26398,Port:10,0,0,0,Enabled,0.35212,0.593547,-0.637751,-0.342034,-64.0785,73.6726,-204.255,0.168941,0
1,,26414,Port:10,0,0,0,Enabled,0.356039,0.597049,-0.634684,-0.337558,-66.0112,74.3662,-202.685,0.160604,0
1,,26430,Port:10,0,0,0,Enabled,0.364443,0.595016,-0.636086,-0.329442,-67.6516,74.6824,-201.299,0.154668,0
1,,26446,Port:10,0,0,0,Enabled,0.369563,0.597591,-0.632498,-0.325966,-69.2954,75.1323,-199.813,0.147991,0
1,,26462,Port:10,0,0,0,Enabled,0.378809,0.596535,-0.631757,-0.318644,-70.5168,74.8947,-198.502,0.125574,0
1,,26478,Port:10,0,0,0,Enabled,0.385528,0.600619,-0.624335,-0.317538,-71.8335,74.7453,-196.34,0.126468,0
1,,26486,Port:10,0,0,0,Enabled,0.388065,0.605754,-0.615671,-0.321586,-72.6144,74.6548,-194.669,0.111945,0
1,,26502,Port:10,0,0,0,Enabled,0.393075,0.608536,-0.608977,-0.322989,-73.9046,74.7511,-192.224,0.116013,0
1,,26518,Port:10,0,0,0,Enabled,0.399619,0.61009,-0.605635,-0.31828,-75.4924,74.6336,-190.617,0.102538,0
1,,26534,Port:10,0,0,0,Enabled,0.405944,0.614896,-0.595207,-0.320689,-78.0443,74.3087,-188.156,0.0944011,0
1,,26566,Port:10,0,0,0,Enabled,0.413087,0.61771,-0.587568,-0.320247,-82.3736,74.4162,-184.496,0.0884584,0
1,,26582,Port:10,0,0,0,Enabled,0.422216,0.615972,-0.581536,-0.32269,-84.9469,74.4117,-181.241,0.0770324,0
1,,26598,Port:10,0,0,0,Enabled,0.432161,0.611239,-0.58095,-0.319562,-86.7503,73.9462,-178.207,0.0779571,0
1,,26606,Port:10,0,0,0,Enabled,0.438214,0.608853,-0.579304,-0.318864,-87.8688,73.6816,-176.64,0.0759387,0
1,,26622,Port:10,0,0,0,Enabled,0.445295,0.608678,-0.57356,-0.319769,-89.777,73.1005,-173.941,0.0728439,0
1,,26638,Port:10,0,0,0,Enabled,0.450489,0.606739,-0.571485,-0.319894,-91.5017,73.0975,-171.763,0.0684535,0
1,,26654,Port:10,0,0,0,Enabled,0.454086,0.605093,-0.569248,-0.321909,-93.0858,73.2329,-169.717,0.0708376,0
1,,26670,Port:10,0,0,0,Enabled,0.46383,0.600581,-0.565344,-0.323342,-94.4457,72.8997,-166.528,0.0668114,0
1,,26686,Port:10,0,0,0,Enabled,0.471426,0.595976,-0.56188,-0.326896,-95.4685,72.6567,-163.423,0.0609299,0
1,,26702,Port:10,0,0,0,Enabled,0.475852,0.590894,-0.559947,-0.332968,-96.02,72.9142,-159.883,0.0655258,0
1,,26718,Port:10,0,0,0,Enabled,0.484243,0.584084,-0.555537,-0.340196,-96.5724,72.7843,-155.602,0.0606244,0
1,,26726,Port:10,0,0,0,Enabled,0.488836,0.580821,-0.552875,-0.343536,-96.6961,72.5624,-153.21,0.0624894,0
1,,26742,Port:10,0,0,0,Enabled,0.49848,0.575488,-0.546324,-0.349085,-97.2015,71.8448,-149.028,0.0600043,0
1,,26758,Port:10,0,0,0,Enabled,0.505898,0.568926,-0.542961,-0.354378,-97.4399,71.4001,-145.182,0.0631379,0
1,,26774,Port:10,0,0,0,Enabled,0.515539,0.563751,-0.533814,-0.362555,-97.9057,70.158,-140.771,0.0579185,0
1,,26790,Port:10,0,0,0,Enabled,0.529882,0.556966,-0.522452,-0.368859,-98.1009,67.9542,-135.889,0.0581381,0
1,,26806,Port:10,0,0,0,Enabled,0.544655,0.549653,-0.510326,-0.375233,-98.0565,65.4124,-131.114,0.055367,0
1,,26822,Port:10,0,0,0,Enabled,0.55625,0.545103,-0.497998,-0.381374,-97.6253,62.431,-127.035,0.0544536,0
1,,26846,Port:10,0,0,0,Enabled,0.56592,0.53853,-0.48922,-0.387794,-97.0374,58.387,-123.21,0.0503772,0
1,,26862,Port:10,0,0,0,Enabled,0.567913,0.536381,-0.484654,-0.393549,-96.6008,55.6785,-121.222,0.0506331,0
1,,26878,Port:10,0,0,0,Enabled,0.573706,0.532371,-0.477206,-0.399645,-96.1977,52.3633,-118.655,0.047347,0
1,,26894,Port:10,0,0,0,Enabled,0.582918,0.526508,-0.467195,-0.405863,-95.4795,48.5929,-114.939,0.0472991,0
1,,26910,Port:10,0,0,0,Enabled,0.590339,0.521335,-0.458916,-0.411226,-94.5893,44.5854,-111.981,0.0440333,0
1,,26926,Port:10,0,0,0,Enabled,0.596793,0.51559,-0.455564,-0.412877,-93.382,40.3528,-109.824,0.0464595,0
1,,26942,Port:10,0,0,0,Enabled,0.604426,0.510405,-0.44709,-0.417454,-91.8933,35.5595,-107.169,0.0445952,0
1,,26958,Port:10,0,0,0,Enabled,0.61144,0.503427,-0.441766,-0.421361,-90.3572,31.2063,-104.825,0.0480463,0
1,,26966,Port:10,0,0,0,Enabled,0.61146,0.500885,-0.440521,-0.425643,-89.6681,29.2339,-104.024,0.0514459,0
1,,26982,Port:10,0,0,0,Enabled,0.607311,0.500271,-0.43491,-0.4379,-88.3499,24.3293,-102.605,0.0676113,0
1,,26998,Port:10,0,0,0,Enabled,0.606067,0.501428,-0.428489,-0.44458,-87.4623,17.9321,-101.925,0.0835417,0
1,,27014,Port:10,0,0,0,Enabled,0.602869,0.504422,-0.424654,-0.449197,-86.8939,11.2923,-102.439,0.104912,0
1,,27030,Port:10,0,0,0,Enabled,0.600881,0.506344,-0.423075,-0.451182,-86.6897,4.82788,-103.765,0.119552,0
1,,27046,Port:10,0,0,0,Enabled,0.597352,0.509177,-0.422853,-0.452886,-86.6259,-1.3344,-105.78,0.136525,0
1,,27062,Port:10,0,0,0,Enabled,0.595296,0.511572,-0.425278,-0.450617,-86.9304,-7.26841,-108.797,0.151626,0
1,,27086,Port:10,0,0,0,Enabled,0.592395,0.514244,-0.4259,-0.450811,-87.0917,-15.327,-112.651,0.171855,0
1,,27102,Port:10,0,0,0,Enabled,0.593059,0.513588,-0.428678,-0.448046,-86.9943,-20.1982,-115.061,0.178968,0
1,,27118,Port:10,0,0,0,Enabled,0.589809,0.515186,-0.427227,-0.45187,-86.682,-24.5329,-116.872,0.192191,0
1,,27134,Port:10,0,0,0,Enabled,0.585516,0.517259,-0.425654,-0.456545,-86.3376,-28.431,-118.773,0.206488,0
1,,27150,Port:10,0,0,0,Enabled,0.583143,0.517863,-0.423785,-0.460617,-85.9773,-32.0191,-120.295,0.21725,0
1,,27166,Port:10,0,0,0,Enabled,0.581287,0.519722,-0.420698,-0.463689,-85.4617,-35.689,-121.72,0.230248,0
1,,27182,Port:10,0,0,0,Enabled,0.576989,0.521646,-0.417135,-0.470072,-84.8145,-38.3126,-123.043,0.241278,0
1,,27198,Port:10,0,0,0,Enabled,0.570086,0.522373,-0.412089,-0.481986,-83.8237,-40.1197,-123.731,0.249819,0
1,,27206,Port:10,0,0,0,Enabled,0.567365,0.522326,-0.409333,-0.487563,-83.2645,-40.8784,-124.027,0.258743,0
1,,27222,Port:10,0,0,0,Enabled,0.564889,0.519845,-0.403397,-0.497928,-82.2047,-42.503,-124.381,0.258392,0
1,,27238,Port:10,0,0,0,Enabled,0.558276,0.519534,-0.396045,-0.51143,-81.2501,-43.7665,-124.893,0.271913,0
1,,27254,Port:10,0,0,0,Enabled,0.553433,0.515738,-0.394259,-0.521811,-80.5802,-44.5451,-126.033,0.263591,0
1,,27270,Port:10,0,0,0,Enabled,0.547099,0.511494,-0.389407,-0.536116,-79.5831,-45.1681,-126.646,0.253466,0
1,,27286,Port:10,0,0,0,Enabled,0.542599,0.505145,-0.38533,-0.549487,-78.3773,-45.8945,-127.215,0.232722,0
1,,27302,Port:10,0,0,0,Enabled,0.538905,0.497867,-0.382306,-0.56174,-77.1289,-46.546,-128.001,0.201011,0
1,,27326,Port:10,0,0,0,Enabled,0.534813,0.489103,-0.378469,-0.575774,-75.9349,-48.2848,-129.785,0.18051,0
1,,27342,Port:10,0,0,0,Enabled,0.533719,0.483941,-0.37572,-0.582907,-75.3868,-49.7465,-131.126,0.167951,0
1,,27358,Port:10,0,0,0,Enabled,0.533792,0.478431,-0.374249,-0.58831,-74.7574,-50.9524,-132.266,0.166987,0
1,,27374,Port:10,0,0,0,Enabled,0.535792,0.472143,-0.37172,-0.593154,-73.7124,-52.3444,-133.057,0.158515,0
1,,27390,Port:10,0,0,0,Enabled,0.538162,0.466498,-0.369009,-0.597155,-72.5773,-53.717,-133.82,0.156057,0
1,,27406,Port:10,0,0,0,Enabled,0.538979,0.461222,-0.366951,-0.601766,-71.7197,-54.7462,-134.87,0.153892,0
1,,27422,Port:10,0,0,0,Enabled,0.540884,0.455284,-0.362761,-0.607097,-70.4721,-55.6735,-135.752,0.153783,0
1,,27438,Port:10,0,0,0,Enabled,0.542793,0.448312,-0.361043,-0.611588,-68.9724,-56.177,-136.95,0.146375,0
1,,27446,Port:10,0,0,0,Enabled,0.543721,0.444921,-0.360153,-0.613761,-68.0145,-56.2964,-137.557,0.143437,0
1,,27462,Port:10,0,0,0,Enabled,0.544586,0.437167,-0.356177,-0.620845,-65.8129,-56.5853,-138.633,0.136659,0
1,,27478,Port:10,0,0,0,Enabled,0.543332,0.430613,-0.356992,-0.626035,-63.6762,-56.5945,-140.286,0.126215,0
1,,27494,Port:10,0,0,0,Enabled,0.545143,0.423446,-0.353318,-0.63141,-61.3125,-57.0166,-141.722,0.112366,0
1,,27510,Port:10,0,0,0,Enabled,0.545015,0.417255,-0.349325,-0.637831,-58.5086,-57.4223,-143.163,0.0975064,0
1,,27526,Port:10,0,0,0,Enabled,0.541783,0.409309,-0.348908,-0.64591,-55.835,-56.7405,-144.939,0.0825393,0
1,,27542,Port:10,0,0,0,Enabled,0.53739,0.401683,-0.344996,-0.656385,-52.6223,-56.1073,-146.375,0.0619909,0
1,,27566,Port:10,0,0,0,Enabled,0.537044,0.39584,-0.342547,-0.66148,-48.2142,-55.0881,-149.343,0.0388063,0
1,,27582,Port:10,0,0,0,Enabled,0.531592,0.390194,-0.341172,-0.669896,-44.8216,-53.4434,-151.007,0.0273853,0
1,,27598,Port:10,0,0,0,Enabled,0.526865,0.384676,-0.337505,-0.678622,-40.6336,-52.3476,-152.097,0.0170292,0
1,,27614,Port:10,0,0,0,Enabled,0.524929,0.375801,-0.337199,-0.685215,-35.8226,-50.7475,-152.774,0.0184507,0
1,,27630,Port:10,0,0,0,Enabled,0.524958,0.364333,-0.330313,-0.694676,-29.7979,-49.8051,-152.38,0.0421133,0
1,,27646,Port:10,0,0,0,Enabled,0.522847,0.352812,-0.329331,-0.702635,-24.3633,-47.5464,-152.138,0.0603083,0
1,,27662,Port:10,0,0,0,Enabled,0.521868,0.345032,-0.333145,-0.705422,-19.8914,-44.8985,-152.674,0.0687614,0
1,,27678,Port:10,0,0,0,Enabled,0.523134,0.337095,-0.335249,-0.707324,-15.5397,-41.9995,-153.194,0.066626,0
1,,27686,Port:10,0,0,0,Enabled,0.522567,0.332677,-0.337,-0.709,-13.3424,-40.5387,-153.353,0.0621172,0
1,,27702,Port:10,0,0,0,Enabled,0.525964,0.321668,-0.341828,-0.709257,-9.069,-37.5923,-153.599,0.041759,0
1,,27718,Port:10,0,0,0,Enabled,0.524977,0.313816,-0.344418,-0.712246,-5.34231,-34.1862,-154.055,0.0279308,0
1,,27742,Port:10,0,0,0,Enabled,0.520286,0.295148,-0.352311,-0.719769,0.338671,-28.2066,-153.519,0.0317679,0
1,,27750,Port:10,0,0,0,Enabled,0.518946,0.290397,-0.353309,-0.722176,2.02119,-26.6679,-153.118,0.0498333,0
1,,27766,Port:10,0,0,0,Enabled,0.525428,0.278365,-0.352852,-0.722451,5.04115,-24.4798,-151.833,0.0974418,0
1,,27798,Port:10,0,0,0,Enabled,0.538561,0.254457,-0.357974,-0.719068,8.76909,-19.6853,-150.243,0.153532,0
1,,27806,Port:10,0,0,0,Enabled,0.542181,0.247625,-0.361088,-0.717173,9.4715,-17.7087,-150.315,0.160604,0
1,,27822,Port:10,0,0,0,Enabled,0.54447,0.230344,-0.371533,-0.715861,11.0853,-12.6834,-150.462,0.199144,0
1,,27838,Port:10,0,0,0,Enabled,0.540359,0.219616,-0.374253,-0.720913,13.1122,-7.54789,-150.388,0.222679,0
1,,27854,Port:10,0,0,0,Enabled,0.536373,0.209421,-0.379377,-0.724237,15.1973,-2.07836,-150.476,0.237586,0
1,,27870,Port:10,0,0,0,Enabled,0.535021,0.201335,-0.383601,-0.725305,17.0269,3.33758,-150.645,0.239216,0
1,,27886,Port:10,0,0,0,Enabled,0.53618,0.195807,-0.384978,-0.725233,18.8589,7.86039,-150.261,0.248724,0
1,,27902,Port:10,0,0,0,Enabled,0.536747,0.189226,-0.389897,-0.723932,20.388,12.8919,-150.231,0.241135,0
1,,27918,Port:10,0,0,0,Enabled,0.539203,0.182843,-0.39294,-0.722099,22.2102,17.6537,-149.821,0.244279,0
1,,27934,Port:10,0,0,0,Enabled,0.540508,0.178698,-0.395308,-0.720868,23.9739,22.4048,-149.401,0.232824,0
1,,27942,Port:10,0,0,0,Enabled,0.543061,0.174944,-0.397731,-0.718533,24.7638,24.8635,-149.41,0.22981,0
1,,27958,Port:10,0,0,0,Enabled,0.545378,0.171357,-0.399357,-0.716738,26.3127,29.4942,-148.97,0.227832,0
1,,27974,Port:10,0,0,0,Enabled,0.551286,0.167272,-0.402147,-0.711606,27.7438,33.8867,-148.736,0.220416,0
1,,27990,Port:10,0,0,0,Enabled,0.556692,0.161977,-0.403944,-0.707592,29.6847,39.1108,-148.347,0.213239,0
1,,28006,Port:10,0,0,0,Enabled,0.559131,0.159444,-0.405567,-0.705312,31.4421,44.3126,-148.043,0.207444,0
1,,28038,Port:10,0,0,0,Enabled,0.564951,0.155852,-0.409529,-0.699161,33.8168,54.6659,-147.313,0.199426,0
1,,28046,Port:10,0,0,0,Enabled,0.568636,0.155767,-0.410228,-0.695775,34.0332,56.8807,-147.032,0.195565,0
1,,28062,Port:10,0,0,0,Enabled,0.571537,0.156734,-0.412635,-0.691746,34.2597,60.9647,-146.287,0.191083,0
1,,28078,Port:10,0,0,0,Enabled,0.574305,0.158804,-0.413056,-0.688724,34.4473,64.4974,-145.122,0.18991,0
1,,28094,Port:10,0,0,0,Enabled,0.578297,0.160544,-0.415062,-0.683756,33.7841,67.5867,-143.887,0.188814,0
1,,28110,Port:10,0,0,0,Enabled,0.586689,0.168102,-0.417204,-0.673407,31.6138,69.4364,-142.515,0.189561,0
1,,28126,Port:10,0,0,0,Enabled,0.595504,0.176655,-0.419126,-0.662195,29.0533,71.438,-141.005,0.184267,0
1,,28142,Port:10,0,0,0,Enabled,0.601649,0.18835,-0.422855,-0.650951,25.9345,73.2463,-140.002,0.188485,0
1,,28158,Port:10,0,0,0,Enabled,0.608179,0.203147,-0.4269,-0.637656,22.871,75.0344,-139.18,0.182848,0
1,,28166,Port:10,0,0,0,Enabled,0.611291,0.208586,-0.42926,-0.631309,21.6058,76.0671,-138.802,0.18256,0
1,,28182,Port:10,0,0,0,Enabled,0.6156,0.221134,-0.433192,-0.620066,19.6131,78.8448,-138.163,0.179522,0
1,,28198,Port:10,0,0,0,Enabled,0.616559,0.228121,-0.438174,-0.613042,18.4373,82.0075,-137.455,0.18182,0
1,,28222,Port:10,0,0,0,Enabled,0.623044,0.245266,-0.439946,-0.598422,16.6093,85.9262,-136.142,0.180555,0
1,,28230,Port:10,0,0,0,Enabled,0.626232,0.250002,-0.441154,-0.592212,16.1404,87.1748,-135.709,0.178331,0
1,,28246,Port:10,0,0,0,Enabled,0.627915,0.260041,-0.443839,-0.584045,15.1065,89.971,-135.112,0.178536,0
1,,28278,Port:10,0,0,0,Enabled,0.627326,0.285683,-0.447109,-0.570036,12.3078,93.8581,-134.088,0.18179,0
1,,28286,Port:10,0,0,0,Enabled,0.627923,0.29215,-0.447841,-0.565507,11.5313,94.4823,-133.934,0.18656,0
1,,28302,Port:10,0,0,0,Enabled,0.631648,0.300331,-0.450039,-0.555236,9.95182,96.3933,-133.502,0.184728,0
1,,28318,Port:10,0,0,0,Enabled,0.634861,0.308789,-0.451913,-0.545323,8.47274,98.2051,-133.149,0.1866,0
1,,28334,Port:10,0,0,0,Enabled,0.639731,0.316774,-0.452341,-0.53459,6.76521,99.0954,-132.741,0.190777,0
1,,28350,Port:10,0,0,0,Enabled,0.648435,0.3283,-0.448716,-0.520004,5.00937,98.4238,-132.114,0.19513,0
1,,28366,Port:10,0,0,0,Enabled,0.65407,0.33936,-0.444505,-0.509355,3.5219,97.8807,-131.344,0.19713,0
1,,28382,Port:10,0,0,0,Enabled,0.65562,0.35041,-0.440968,-0.502913,2.16347,97.1958,-130.763,0.195695,0
1,,28398,Port:10,0,0,0,Enabled,0.6586,0.362403,-0.433879,-0.496649,0.921564,95.9356,-129.67,0.190603,0
1,,28414,Port:10,0,0,0,Enabled,0.664793,0.373842,-0.42583,-0.486786,-0.200851,93.9539,-128.75,0.187376,0
1,,28422,Port:10,0,0,0,Enabled,0.665363,0.382407,-0.419055,-0.485232,-0.615753,92.934,-128.049,0.180595,0
1,,28438,Port:10,0,0,0,Enabled,0.667882,0.395511,-0.408388,-0.480337,-1.71093,90.6733,-127.168,0.173738,0
1,,28462,Port:10,0,0,0,Enabled,0.666849,0.41533,-0.394354,-0.476759,-3.31334,87.5902,-126.272,0.163144,0
1,,28470,Port:10,0,0,0,Enabled,0.66713,0.420103,-0.390919,-0.47501,-3.73696,86.727,-126.043,0.160722,0
1,,28486,Port:10,0,0,0,Enabled,0.666963,0.429734,-0.382008,-0.473876,-4.56389,85.0386,-125.18,0.161311,0
1,,28518,Port:10,0,0,0,Enabled,0.667716,0.447362,-0.371238,-0.464978,-7.44257,81.5951,-124.32,0.159962,0
1,,28534,Port:10,0,0,0,Enabled,0.662264,0.46079,-0.361728,-0.467154,-9.86905,79.5065,-123.749,0.155667,0
1,,28542,Port:10,0,0,0,Enabled,0.66272,0.465387,-0.360427,-0.462937,-11.1121,78.32,-123.72,0.154126,0
1,,28558,Port:10,0,0,0,Enabled,0.665931,0.474864,-0.357826,-0.450557,-13.8561,75.3164,-123.565,0.152959,0
1,,28574,Port:10,0,0,0,Enabled,0.67049,0.48474,-0.351376,-0.438185,-16.3014,72.1945,-122.584,0.147991,0
1,,28590,Port:10,0,0,0,Enabled,0.674488,0.492519,-0.346774,-0.426895,-19.174,69.4441,-121.456,0.148845,0
1,,28606,Port:10,0,0,0,Enabled,0.674448,0.503019,-0.341555,-0.418846,-22.2316,67.1088,-120.686,0.148111,0
1,,28622,Port:10,0,0,0,Enabled,0.671559,0.513994,-0.335185,-0.415295,-25.5765,65.4981,-119.955,0.147282,0
1,,28638,Port:10,0,0,0,Enabled,0.668979,0.522912,-0.335412,-0.40808,-29.0489,64.4047,-119.968,0.15416,0
1,,28654,Port:10,0,0,0,Enabled,0.666247,0.531867,-0.331366,-0.404263,-31.9185,63.6882,-119.354,0.165687,0
1,,28662,Port:10,0,0,0,Enabled,0.666119,0.534624,-0.331673,-0.400569,-33.4757,63.4577,-119.127,0.16809,0
1,,28678,Port:10,0,0,0,Enabled,0.664407,0.542012,-0.330488,-0.394416,-36.1522,63.0273,-118.654,0.175837,0
1,,28702,Port:10,0,0,0,Enabled,0.664289,0.55055,-0.325695,-0.386702,-40.5178,61.7971,-116.628,0.189307,0
1,,28710,Port:10,0,0,0,Enabled,0.665068,0.553197,-0.324832,-0.382286,-42.1453,61.1642,-116.084,0.196865,0
1,,28726,Port:10,0,0,0,Enabled,0.66314,0.561945,-0.319746,-0.377128,-45.7903,59.5656,-114.881,0.217835,0
1,,28758,Port:10,0,0,0,Enabled,0.661682,0.572211,-0.319377,-0.364349,-52.4334,57.6329,-112.342,0.280647,0
1,,28774,Port:10,0,0,0,Enabled,0.6602,0.575702,-0.315682,-0.364758,-55.0859,57.4527,-110.047,0.29796,0
1,,28782,Port:10,0,0,0,Enabled,0.659573,0.578433,-0.311688,-0.365007,-56.1588,57.3982,-108.993,0.314496,0
1,,28798,Port:10,0,0,0,Enabled,0.661878,0.576727,-0.312234,-0.363061,-58.5178,58.0584,-106.796,0.324954,0
1,,28822,Port:10,0,0,0,Enabled,0.658835,0.575029,-0.317254,-0.366917,-62.1589,59.7752,-103.813,0.340181,0
1,,28830,Port:10,0,0,0,Enabled,0.658401,0.573707,-0.319271,-0.368014,-63.1576,60.1889,-102.714,0.357558,0
1,,28846,Port:10,0,0,0,Enabled,0.655058,0.568029,-0.32945,-0.373772,-65.7275,62.2684,-100.733,0.366435,0
1,,28862,Port:10,0,0,0,Enabled,0.648046,0.561459,-0.344897,-0.381898,-68.7126,65.0305,-99.2828,0.350122,0
1,,28878,Port:10,0,0,0,Enabled,0.644562,0.550144,-0.36071,-0.389576,-71.4361,68.4958,-97.4134,0.316127,0
1,,28894,Port:10,0,0,0,Enabled,0.64407,0.533354,-0.378729,-0.396575,-73.599,72.4656,-95.5526,0.284483,0
1,,28902,Port:10,0,0,0,Enabled,0.642523,0.526742,-0.385682,-0.401193,-74.627,74.1789,-94.7556,0.262064,0
1,,28926,Port:10,0,0,0,Enabled,0.639424,0.507521,-0.402046,-0.414631,-76.9359,78.5523,-92.4536,0.222197,0
1,,28942,Port:10,0,0,0,Enabled,0.63727,0.495629,-0.415436,-0.419109,-78.1457,80.5227,-91.7406,0.18853,0
1,,28950,Port:10,0,0,0,Enabled,0.635853,0.489799,-0.42073,-0.422818,-78.6162,81.4755,-91.3541,0.178997,0
1,,28966,Port:10,0,0,0,Enabled,0.631838,0.479384,-0.428798,-0.432556,-79.1456,82.7148,-90.3218,0.147192,0
1,,28998,Port:10,0,0,0,Enabled,0.621027,0.456849,-0.449435,-0.451246,-79.4182,84.4537,-89.3648,0.0999918,0
1,,29014,Port:10,0,0,0,Enabled,0.618354,0.443102,-0.459455,-0.458477,-79.1236,84.6379,-88.7463,0.0907205,0
1,,29022,Port:10,0,0,0,Enabled,0.615906,0.43547,-0.465003,-0.463463,-78.7181,84.7172,-88.3918,0.0826671,0
1,,29046,Port:10,0,0,0,Enabled,0.607807,0.414939,-0.47729,-0.480198,-77.1832,84.4172,-86.9973,0.0751492,0
1,,29062,Port:10,0,0,0,Enabled,0.601867,0.400661,-0.486907,-0.490051,-76.1651,83.6716,-86.2287,0.0729468,0
1,,29070,Port:10,0,0,0,Enabled,0.598297,0.393741,-0.491081,-0.495831,-75.7114,83.211,-85.8541,0.0741666,0
1,,29086,Port:10,0,0,0,Enabled,0.588963,0.385788,-0.494893,-0.509284,-75.207,81.5902,-85.1603,0.0763302,0
1,,29102,Port:10,0,0,0,Enabled,0.581191,0.374282,-0.500668,-0.52102,-74.5794,80.19,-84.6124,0.0824725,0
1,,29118,Port:10,0,0,0,Enabled,0.570285,0.364249,-0.505325,-0.535485,-73.991,78.8477,-84.1873,0.0900311,0
1,,29134,Port:10,0,0,0,Enabled,0.559963,0.355428,-0.50857,-0.549064,-73.457,77.1722,-83.7629,0.0986877,0
1,,29142,Port:10,0,0,0,Enabled,0.555699,0.350556,-0.510211,-0.554972,-73.2859,76.3577,-83.6504,0.100379,0
1,,29166,Port:10,0,0,0,Enabled,0.540189,0.333538,-0.51721,-0.57397,-72.4884,74.5556,-83.426,0.116089,0
1,,29182,Port:10,0,0,0,Enabled,0.5296,0.322083,-0.523445,-0.58463,-72.4459,73.5403,-83.9796,0.12825,0
1,,29190,Port:10,0,0,0,Enabled,0.523256,0.317494,-0.527061,-0.589583,-72.6257,72.8992,-84.3166,0.138505,0
1,,29222,Port:10,0,0,0,Enabled,0.49897,0.310732,-0.538346,-0.60387,-76.1123,68.3967,-86.1623,0.155452,0
1,,29238,Port:10,0,0,0,Enabled,0.494166,0.312698,-0.542754,-0.602858,-79.6346,64.5028,-87.1909,0.136974,0
1,,29254,Port:10,0,0,0,Enabled,0.488229,0.320266,-0.545872,-0.600904,-83.5768,60.0491,-88.2052,0.113587,0
1,,29262,Port:10,0,0,0,Enabled,0.486989,0.325221,-0.546507,-0.598669,-85.684,57.5916,-88.6413,0.0977239,0
1,,29286,Port:10,0,0,0,Enabled,0.48274,0.348848,-0.546411,-0.588814,-91.9516,49.6578,-90.2866,0.0532954,0
1,,29302,Port:10,0,0,0,Enabled,0.489903,0.367713,-0.542458,-0.574911,-96.1939,43.5235,-91.2913,0.0312092,0
1,,29310,Port:10,0,0,0,Enabled,0.492765,0.377978,-0.540651,-0.567461,-97.8217,40.444,-91.8545,0.0307323,0
1,,29326,Port:10,0,0,0,Enabled,0.502835,0.39575,-0.534688,-0.551948,-100.652,33.9725,-92.1904,0.0240263,0
1,,29342,Port:10,0,0,0,Enabled,0.511445,0.412317,-0.528199,-0.537982,-102.793,27.6799,-92.2767,0.0256548,0
1,,29358,Port:10,0,0,0,Enabled,0.520579,0.426165,-0.524027,-0.52228,-104.288,21.8518,-92.5369,0.0297722,0
1,,29374,Port:10,0,0,0,Enabled,0.526018,0.439743,-0.517126,-0.51236,-105.201,16.1988,-92.3097,0.0344448,0
1,,29382,Port:10,0,0,0,Enabled,0.529403,0.445826,-0.513501,-0.507237,-105.577,13.5022,-92.1792,0.0380758,0
1,,29406,Port:10,0,0,0,Enabled,0.539255,0.458302,-0.506765,-0.492292,-105.904,6.51736,-91.792,0.043342,0
1,,29422,Port:10,0,0,0,Enabled,0.544421,0.465498,-0.502671,-0.483983,-105.942,2.3724,-91.7707,0.0482894,0
1,,29430,Port:10,0,0,0,Enabled,0.546847,0.46959,-0.500087,-0.479954,-105.942,0.263717,-91.7752,0.0496689,0
1,,29446,Port:10,0,0,0,Enabled,0.551086,0.477511,-0.493684,-0.473881,-106.003,-3.88843,-91.8797,0.0537554,0
1,,29478,Port:10,0,0,0,Enabled,0.558979,0.496497,-0.482272,-0.456559,-106.21,-12.9578,-93.6897,0.06429,0
1,,29494,Port:10,0,0,0,Enabled,0.56014,0.51054,-0.476476,-0.445603,-106.542,-18.2082,-96.0588,0.0679415,0
1,,29502,Port:10,0,0,0,Enabled,0.5604,0.517323,-0.472885,-0.441257,-106.687,-20.8604,-97.229,0.0695091,0
1,,29526,Port:10,0,0,0,Enabled,0.563783,0.537523,-0.463557,-0.422295,-106.599,-29.2905,-101.064,0.0814227,0
1,,29542,Port:10,0,0,0,Enabled,0.566092,0.54855,-0.456591,-0.412501,-105.956,-34.5289,-102.998,0.0867877,0
1,,29550,Port:10,0,0,0,Enabled,0.568137,0.551923,-0.455442,-0.406417,-105.416,-36.8242,-103.865,0.0912394,0
1,,29566,Port:10,0,0,0,Enabled,0.568514,0.559911,-0.451906,-0.39884,-104.011,-40.7852,-105.366,0.097847,0
1,,29582,Port:10,0,0,0,Enabled,0.573652,0.565122,-0.44552,-0.391245,-102.25,-44.9555,-105.467,0.101476,0
1,,29598,Port:10,0,0,0,Enabled,0.576994,0.570371,-0.439927,-0.384993,-100.436,-48.7009,-105.272,0.110837,0
1,,29614,Port:10,0,0,0,Enabled,0.580434,0.57463,-0.435483,-0.378486,-99.0885,-51.8657,-105.164,0.114884,0
1,,29622,Port:10,0,0,0,Enabled,0.582186,0.576909,-0.433582,-0.374489,-98.4754,-53.3795,-105.24,0.118878,0
1,,29646,Port:10,0,0,0,Enabled,0.589509,0.584174,-0.423637,-0.362977,-96.829,-58.0381,-105.038,0.126149,0
1,,29662,Port:10,0,0,0,Enabled,0.594723,0.587868,-0.419359,-0.353346,-95.8308,-60.9263,-104.959,0.129307,0
1,,29670,Port:10,0,0,0,Enabled,0.59617,0.59019,-0.417288,-0.349468,-95.5132,-62.3188,-105.077,0.130297,0
1,,29686,Port:10,0,0,0,Enabled,0.601611,0.595187,-0.411833,-0.337949,-94.9403,-65.708,-105.587,0.132459,0
1,,29718,Port:10,0,0,0,Enabled,0.610009,0.607494,-0.398625,-0.316131,-93.164,-72.3839,-107.466,0.141482,0
1,,29734,Port:10,0,0,0,Enabled,0.616259,0.612922,-0.391001,-0.302771,-91.5184,-76.2089,-108.586,0.14176,0
1,,29742,Port:10,0,0,0,Enabled,0.618041,0.615138,-0.389312,-0.296761,-90.5507,-77.6833,-109.372,0.148344,0
1,,29766,Port:10,0,0,0,Enabled,0.618646,0.623273,-0.38214,-0.287709,-87.8974,-81.5972,-111.918,0.160627,0
1,,29782,Port:10,0,0,0,Enabled,0.617092,0.627839,-0.378651,-0.285725,-86.0935,-83.502,-113.751,0.171208,0
1,,29790,Port:10,0,0,0,Enabled,0.618432,0.629076,-0.375292,-0.284535,-85.1739,-84.7523,-114.505,0.172995,0
1,,29806,Port:10,0,0,0,Enabled,0.622275,0.631295,-0.367491,-0.281409,-83.2188,-87.7076,-116.212,0.183987,0
1,,29822,Port:10,0,0,0,Enabled,0.623233,0.634375,-0.361657,-0.279918,-80.9687,-90.1843,-118.942,0.19724,0
1,,29838,Port:10,0,0,0,Enabled,0.619209,0.634254,-0.359274,-0.29193,-79.77,-91.1552,-121.295,0.213853,0
1,,29854,Port:10,0,0,0,Enabled,0.61352,0.633346,-0.358302,-0.306734,-79.45,-92.048,-123.235,0.235838,0
1,,29862,Port:10,0,0,0,Enabled,0.611184,0.632727,-0.356958,-0.314154,-79.6334,-92.8109,-124.303,0.238871,0
1,,29886,Port:10,0,0,0,Enabled,0.592739,0.629582,-0.360436,-0.349819,-80.8482,-92.3775,-128.635,0.274468,0
1,,29902,Port:10,0,0,0,Enabled,0.580058,0.623234,-0.369133,-0.372631,-81.1689,-91.4116,-131.82,0.293171,0
1,,29910,Port:10,0,0,0,Enabled,0.574906,0.62214,-0.368408,-0.383015,-80.7919,-92.1229,-133.281,0.308226,0
1,,29926,Port:10,0,0,0,Enabled,0.572122,0.618085,-0.369384,-0.392687,-79.9537,-95.1684,-136.807,0.31776,0
1,,29958,Port:10,0,0,0,Enabled,0.560591,0.60824,-0.373612,-0.419758,-78.4646,-101.048,-143.186,0.34993,0
1,,29974,Port:10,0,0,0,Enabled,0.557856,0.599393,-0.378088,-0.431941,-77.7851,-102.611,-145.468,0.359852,0
1,,29982,Port:10,0,0,0,Enabled,0.557769,0.592996,-0.38104,-0.438244,-77.3808,-102.808,-146.124,0.35313,0
1,,30006,Port:10,0,0,0,Enabled,0.553019,0.576616,-0.387874,-0.459607,-75.5233,-100.561,-147.034,0.342044,0
1,,30022,Port:10,0,0,0,Enabled,0.551244,0.566803,-0.391781,-0.470503,-73.9202,-98.4725,-146.963,0.305044,0
1,,30030,Port:10,0,0,0,Enabled,0.549171,0.561399,-0.393957,-0.477536,-73.055,-96.8237,-146.633,0.298661,0
1,,30046,Port:10,0,0,0,Enabled,0.545219,0.549584,-0.396563,-0.493389,-71.308,-93.5546,-146.023,0.279261,0
1,,30062,Port:10,0,0,0,Enabled,0.542031,0.540955,-0.397404,-0.505609,-69.6355,-91.0411,-145.73,0.259385,0
1,,30078,Port:10,0,0,0,Enabled,0.539815,0.532884,-0.398134,-0.515873,-68.0024,-89.0394,-145.661,0.249056,0
1,,30094,Port:10,0,0,0,Enabled,0.536646,0.522252,-0.39854,-0.529556,-66.13,-86.8003,-145.347,0.231972,0
1,,30110,Port:10,0,0,0,Enabled,0.532865,0.511787,-0.397569,-0.544122,-64.3797,-84.6953,-144.674,0.221356,0
1,,30126,Port:10,0,0,0,Enabled,0.53073,0.503211,-0.397074,-0.554471,-62.5749,-83.2595,-144.221,0.214084,0
1,,30142,Port:10,0,0,0,Enabled,0.529929,0.494979,-0.397905,-0.561999,-60.9322,-82.1982,-143.985,0.210894,0
1,,30150,Port:10,0,0,0,Enabled,0.529935,0.489461,-0.399301,-0.565824,-60.0111,-81.6612,-143.846,0.20369,0
1,,30182,Port:10,0,0,0,Enabled,0.528644,0.459119,-0.403244,-0.589186,-54.7669,-78.3474,-141.806,0.186055,0
1,,30198,Port:10,0,0,0,Enabled,0.528674,0.444447,-0.407893,-0.597156,-52.12,-76.5556,-141.497,0.171065,0
1,,30214,Port:10,0,0,0,Enabled,0.528388,0.429352,-0.412713,-0.605088,-49.2429,-75.0264,-141.098,0.142723,0
1,,30230,Port:10,0,0,0,Enabled,0.527454,0.416717,-0.416096,-0.612375,-46.502,-73.329,-140.79,0.128775,0
1,,30246,Port:10,0,0,0,Enabled,0.52888,0.405011,-0.423365,-0.614015,-44.0267,-71.8776,-141.012,0.105477,0
1,,30262,Port:10,0,0,0,Enabled,0.526064,0.392795,-0.426018,-0.622477,-41.0762,-70.3198,-140.668,0.0876095,0
1,,30270,Port:10,0,0,0,Enabled,0.523957,0.386695,-0.427588,-0.626981,-39.3731,-69.6294,-140.617,0.0773929,0
1,,30286,Port:10,0,0,0,Enabled,0.520317,0.376036,-0.434081,-0.632013,-36.5882,-67.9304,-140.959,0.0609705,0
1,,30302,Port:10,0,0,0,Enabled,0.518565,0.36837,-0.434903,-0.637381,-33.7707,-67.3309,-141.056,0.0471544,0
1,,30318,Port:10,0,0,0,Enabled,0.517157,0.360696,-0.435828,-0.642262,-31.1467,-66.5706,-140.936,0.0388896,0
1,,30334,Port:10,0,0,0,Enabled,0.514805,0.353715,-0.436803,-0.647352,-29.0829,-65.4749,-140.928,0.0316877,0
1,,30350,Port:10,0,0,0,Enabled,0.511623,0.347496,-0.439608,-0.651332,-27.3858,-63.8703,-141.095,0.0302356,0
1,,30366,Port:10,0,0,0,Enabled,0.508646,0.339579,-0.440917,-0.656931,-25.3204,-61.6399,-140.804,0.0243156,0
1,,30382,Port:10,0,0,0,Enabled,0.507153,0.33355,-0.443236,-0.659608,-23.7028,-59.1264,-140.373,0.0257935,0
1,,30390,Port:10,0,0,0,Enabled,0.506444,0.330719,-0.444613,-0.66065,-22.9594,-57.8695,-140.168,0.0261478,0
1,,30422,Port:10,0,0,0,Enabled,0.501809,0.316401,-0.449142,-0.668095,-18.9552,-52.1331,-138.853,0.0267525,0
1,,30438,Port:10,0,0,0,Enabled,0.500892,0.308571,-0.452185,-0.670388,-16.6658,-49.3793,-138.644,0.0262965,0
1,,30454,Port:10,0,0,0,Enabled,0.501761,0.303469,-0.453765,-0.670999,-14.5931,-47.3287,-139.04,0.0288243,0
1,,30470,Port:10,0,0,0,Enabled,0.502707,0.298086,-0.455615,-0.67145,-12.5036,-45.6106,-139.613,0.0290615,0
1,,30486,Port:10,0,0,0,Enabled,0.504799,0.292833,-0.456353,-0.671691,-10.3879,-43.7971,-140.359,0.033105,0
1,,30502,Port:10,0,0,0,Enabled,0.504736,0.28571,-0.457982,-0.673694,-7.93815,-41.5732,-140.855,0.031565,0
1,,30510,Port:10,0,0,0,Enabled,0.505441,0.282158,-0.458297,-0.674448,-6.84613,-40.4271,-141.142,0.0334074,0
1,,30526,Port:10,0,0,0,Enabled,0.505839,0.275463,-0.460636,-0.675323,-4.95308,-38.0679,-141.406,0.0379647,0
1,,30542,Port:10,0,0,0,Enabled,0.505117,0.265914,-0.46438,-0.677125,-2.77919,-35.0021,-141.572,0.0392649,0
1,,30558,Port:10,0,0,0,Enabled,0.502158,0.258166,-0.468604,-0.67941,-1.04095,-31.9109,-141.844,0.0450594,0
1,,30574,Port:10,0,0,0,Enabled,0.498786,0.252203,-0.473955,-0.680421,0.330602,-28.689,-142.395,0.0403798,0
1,,30590,Port:10,0,0,0,Enabled,0.497511,0.244729,-0.48062,-0.679407,1.94957,-25.3774,-142.805,0.042645,0
1,,30606,Port:10,0,0,0,Enabled,0.495718,0.238052,-0.4854,-0.679693,3.93031,-22.0673,-143.171,0.0414711,0
1,,30622,Port:10,0,0,0,Enabled,0.493549,0.231355,-0.491643,-0.679096,5.88439,-18.6495,-143.675,0.0457726,0
1,,30630,Port:10,0,0,0,Enabled,0.492205,0.227503,-0.495745,-0.678391,6.8312,-16.867,-143.863,0.045454,0
1,,30662,Port:10,0,0,0,Enabled,0.486878,0.208631,-0.514398,-0.674401,10.1789,-7.3444,-144.3,0.0493414,0
1,,30678,Port:10,0,0,0,Enabled,0.483932,0.199397,-0.52147,-0.673885,11.8828,-2.07854,-143.901,0.057183,0
1,,30694,Port:10,0,0,0,Enabled,0.482087,0.189271,-0.532308,-0.66964,12.568,3.20835,-144.047,0.0651595,0
1,,30710,Port:10,0,0,0,Enabled,0.479698,0.182268,-0.543994,-0.663882,12.4577,8.06608,-144.812,0.0721336,0
1,,30726,Port:10,0,0,0,Enabled,0.478475,0.176319,-0.552545,-0.659293,12.365,12.1572,-145.36,0.0779487,0
1,,30742,Port:10,0,0,0,Enabled,0.4742,0.16833,-0.564639,-0.654204,12.5487,16.7146,-146.664,0.0884174,0
1,,30750,Port:10,0,0,0,Enabled,0.471171,0.165171,-0.569011,-0.653409,12.909,18.6347,-146.976,0.0931722,0
1,,30766,Port:10,0,0,0,Enabled,0.46914,0.161531,-0.577465,-0.648344,12.9115,22.1802,-148.187,0.102354,0
1,,30782,Port:10,0,0,0,Enabled,0.465129,0.154604,-0.594627,-0.637316,12.4197,26.5019,-151.003,0.12029,0
1,,30798,Port:10,0,0,0,Enabled,0.460669,0.150299,-0.606714,-0.630153,12.3605,30.9548,-152.798,0.143614,0
1,,30814,Port:10,0,0,0,Enabled,0.455795,0.143438,-0.622044,-0.620273,11.9215,36.03,-155.228,0.16967,0
1,,30830,Port:10,0,0,0,Enabled,0.452415,0.137792,-0.63638,-0.609389,11.382,41.0007,-157.481,0.209634,0
1,,30846,Port:10,0,0,0,Enabled,0.449844,0.133107,-0.648372,-0.599614,11.0743,45.5358,-159.19,0.249534,0
1,,30862,Port:10,0,0,0,Enabled,0.450598,0.127938,-0.659866,-0.587512,10.6131,49.4899,-160.839,0.280777,0
1,,30870,Port:10,0,0,0,Enabled,0.451886,0.126821,-0.66449,-0.581523,10.3211,51.2177,-161.495,0.288574,0
1,,30902,Port:10,0,0,0,Enabled,0.457698,0.125898,-0.681739,-0.556681,8.25134,56.9261,-163.707,0.315299,0
1,,30918,Port:10,0,0,0,Enabled,0.461616,0.128259,-0.687998,-0.545086,6.89147,59.342,-164.325,0.320238,0
1,,30934,Port:10,0,0,0,Enabled,0.468262,0.133069,-0.693958,-0.530514,5.82791,62.1221,-165.932,0.352659,0
1,,30950,Port:10,0,0,0,Enabled,0.477253,0.136159,-0.700867,-0.512324,4.245,64.9619,-166.549,0.353373,0
1,,30966,Port:10,0,0,0,Enabled,0.483446,0.134647,-0.707662,-0.497357,3.60551,68.4681,-166.827,0.35325,0
1,,30982,Port:10,0,0,0,Enabled,0.490545,0.133294,-0.712305,-0.483963,2.52751,72.0459,-166.619,0.347188,0
1,,30990,Port:10,0,0,0,Enabled,0.493274,0.132595,-0.714981,-0.477391,1.95596,73.7678,-166.764,0.342003,0
1,,31006,Port:10,0,0,0,Enabled,0.500457,0.134436,-0.718575,-0.463811,-0.255938,77.0129,-166.745,0.372859,0
1,,31022,Port:10,0,0,0,Missing,,,,,,,,,0
1,,31038,Port:10,0,0,0,Enabled,0.514425,0.136061,-0.725611,-0.436283,-5.16584,82.8618,-166.044,0.320335,0
1,,31054,Port:10,0,0,0,Enabled,0.5172,0.136379,-0.727709,-0.429356,-6.84855,86.6705,-165.757,0.300774,0
1,,31070,Port:10,0,0,0,Enabled,0.519897,0.135285,-0.72937,-0.423586,-8.24069,90.5551,-165.449,0.288603,0
1,,31086,Port:10,0,0,0,Enabled,0.52308,0.138148,-0.727865,-0.421326,-9.89702,93.8226,-164.581,0.28202,0
1,,31102,Port:10,0,0,0,Enabled,0.525902,0.13859,-0.727289,-0.418654,-11.4614,96.6081,-163.965,0.270871,0
1,,31110,Port:10,0,0,0,Enabled,0.526955,0.143306,-0.726097,-0.417811,-12.5837,97.5207,-163.637,0.267741,0
1,,31142,Port:10,0,0,0,Enabled,0.535104,0.156752,-0.720653,-0.41201,-16.9276,100.042,-162.123,0.255491,0
1,,31158,Port:10,0,0,0,Enabled,0.536501,0.165647,-0.716834,-0.413372,-18.8386,101.253,-161.309,0.243824,0
1,,31174,Port:10,0,0,0,Enabled,0.535883,0.17296,-0.716507,-0.411745,-20.8427,102.223,-161.1,0.238862,0
1,,31190,Port:10,0,0,0,Enabled,0.537741,0.184497,-0.713591,-0.409369,-23.5053,102.402,-160.715,0.22283,0
1,,31206,Port:10,0,0,0,Enabled,0.537723,0.201861,-0.708309,-0.410371,-26.2535,102.347,-159.716,0.224851,0
1,,31222,Port:10,0,0,0,Enabled,0.536066,0.215721,-0.704875,-0.411401,-28.4116,102.557,-159.038,0.2181,0
1,,31230,Port:10,0,0,0,Enabled,0.533036,0.225874,-0.70264,-0.413704,-29.4373,102.664,-158.575,0.215691,0
1,,31246,Port:10,0,0,0,Enabled,0.530049,0.245267,-0.695871,-0.417918,-31.5872,102.441,-157.316,0.211816,0
1,,31262,Port:10,0,0,0,Enabled,0.533151,0.254023,-0.693072,-0.41337,-33.7287,102.105,-156.589,0.208809,0
1,,31278,Port:10,0,0,0,Enabled,0.533946,0.268956,-0.686739,-0.413465,-35.9703,101.548,-155.199,0.200754,0
1,,31294,Port:10,0,0,0,Enabled,0.535941,0.286532,-0.676414,-0.416091,-38.3505,101.058,-153.098,0.199827,0
1,,31310,Port:10,0,0,0,Enabled,0.540086,0.299182,-0.670147,-0.411948,-40.5755,100.418,-151.747,0.197252,0
1,,31326,Port:10,0,0,0,Enabled,0.542378,0.319107,-0.65688,-0.415339,-42.7559,99.8542,-149.29,0.200566,0
1,,31342,Port:10,0,0,0,Enabled,0.547155,0.333199,-0.643371,-0.419134,-44.578,99.3197,-146.518,0.205086,0
1,,31350,Port:10,0,0,0,Enabled,0.551468,0.335394,-0.640121,-0.416701,-45.38,98.9925,-145.658,0.205024,0
1,,31382,Port:10,0,0,0,Enabled,0.561293,0.354109,-0.620733,-0.41743,-48.8424,96.8759,-141.692,0.200124,0
1,,31398,Port:10,0,0,0,Enabled,0.568729,0.361563,-0.609748,-0.417167,-50.6143,95.5129,-139.461,0.213106,0
1,,31414,Port:10,0,0,0,Enabled,0.573388,0.369799,-0.596378,-0.422859,-52.2363,94.3929,-136.745,0.20583,0
1,,31430,Port:10,0,0,0,Enabled,0.577928,0.37627,-0.582865,-0.429753,-53.6688,93.4871,-133.905,0.215291,0
1,,31446,Port:10,0,0,0,Enabled,0.583704,0.381711,-0.569818,-0.434619,-55.0979,92.2526,-131.323,0.21285,0
1,,31462,Port:10,0,0,0,Enabled,0.59011,0.382505,-0.561522,-0.436065,-56.1333,91.194,-129.256,0.226374,0
1,,31470,Port:10,0,0,0,Enabled,0.592123,0.384057,-0.557158,-0.437567,-56.609,90.6384,-128.397,0.218584,0
1,,31486,Port:10,0,0,0,Enabled,0.596045,0.38685,-0.546783,-0.442838,-57.186,89.725,-126.203,0.225345,0
1,,31502,Port:10,0,0,0,Enabled,0.600941,0.388896,-0.534975,-0.448812,-57.7155,88.3312,-123.639,0.229098,0
1,,31518,Port:10,0,0,0,Enabled,0.607663,0.391868,-0.520966,-0.453629,-58.2101,86.8986,-120.94,0.236169,0
1,,31534,Port:10,0,0,0,Enabled,0.611365,0.391165,-0.511554,-0.459929,-58.5502,86.4017,-118.569,0.231723,0
1,,31550,Port:10,0,0,0,Enabled,0.612136,0.391792,-0.505348,-0.465201,-59.1405,86.6593,-117.087,0.237913,0
1,,31566,Port:10,0,0,0,Enabled,0.613853,0.390492,-0.502165,-0.467475,-60.0286,86.8941,-115.906,0.233993,0
1,,31582,Port:10,0,0,0,Enabled,0.614755,0.391494,-0.496967,-0.470991,-60.9658,86.9826,-114.586,0.229329,0
1,,31590,Port:10,0,0,0,Enabled,0.615142,0.392569,-0.493473,-0.473259,-61.3705,86.8347,-113.672,0.231655,0
1,,31622,Port:10,0,0,0,Enabled,0.617823,0.399121,-0.471846,-0.486167,-62.2772,85.279,-107.89,0.231312,0
1,,31638,Port:10,0,0,0,Enabled,0.620481,0.399641,-0.463526,-0.490341,-62.4602,84.6431,-104.813,0.223991,0
1,,31654,Port:10,0,0,0,Enabled,0.625537,0.398763,-0.456543,-0.491183,-62.7184,84.327,-102.115,0.225389,0
1,,31670,Port:10,0,0,0,Enabled,0.626535,0.400646,-0.446142,-0.497889,-62.4985,83.9075,-99.0711,0.215688,0
1,,31686,Port:10,0,0,0,Enabled,0.62814,0.399589,-0.438411,-0.503552,-61.6285,83.82,-96.4121,0.213152,0
1,,31702,Port:10,0,0,0,Enabled,0.628193,0.401063,-0.430676,-0.50896,-60.8161,82.9383,-94.1271,0.201536,0
1,,31710,Port:10,0,0,0,Enabled,0.630546,0.400604,-0.428251,-0.508458,-60.4847,82.2482,-93.212,0.205935,0
1,,31726,Port:10,0,0,0,Enabled,0.632077,0.402302,-0.419682,-0.512348,-60.1981,80.7154,-90.9757,0.19554,0
1,,31742,Port:10,0,0,0,Enabled,0.633314,0.406471,-0.411461,-0.514194,-60.892,78.9715,-88.9893,0.192141,0
1,,31758,Port:10,0,0,0,Enabled,0.6365,0.407308,-0.406266,-0.513729,-61.9971,77.774,-86.9719,0.194251,0
1,,31774,Port:10,0,0,0,Enabled,0.636168,0.41012,-0.400352,-0.516537,-63.0476,76.7793,-84.6801,0.191545,0
1,,31790,Port:10,0,0,0,Enabled,0.636672,0.412883,-0.394694,-0.518067,-64.044,75.3972,-82.2507,0.193153,0
1,,31806,Port:10,0,0,0,Enabled,0.637427,0.416114,-0.387336,-0.520103,-65.2259,73.9094,-79.692,0.19173,0
1,,31822,Port:10,0,0,0,Enabled,0.636373,0.420454,-0.381581,-0.522154,-66.8384,72.1263,-77.3735,0.193204,0
1,,31830,Port:10,0,0,0,Enabled,0.63646,0.422489,-0.379297,-0.522069,-67.6535,71.3755,-76.4002,0.196056,0
1,,31862,Port:10,0,0,0,Enabled,0.636252,0.427371,-0.374146,-0.522065,-70.4827,69.3139,-72.3939,0.203546,0
1,,31878,Port:10,0,0,0,Enabled,0.636876,0.429561,-0.373293,-0.520114,-72.0066,68.3439,-70.2881,0.208716,0
1,,31894,Port:10,0,0,0,Enabled,0.635785,0.431892,-0.373556,-0.51933,-73.576,67.7031,-68.2006,0.204213,0
1,,31910,Port:10,0,0,0,Enabled,0.635875,0.432648,-0.378614,-0.514908,-75.2206,67.4375,-66.717,0.175044,0
1,,31926,Port:10,0,0,0,Enabled,0.632433,0.436876,-0.379321,-0.515056,-76.4462,66.8341,-65.1011,0.141408,0
1,,31942,Port:10,0,0,0,Enabled,0.630056,0.44087,-0.377805,-0.515682,-77.3543,65.8615,-63.707,0.105134,0
1,,31950,Port:10,0,0,0,Enabled,0.629225,0.442994,-0.37955,-0.51359,-77.8003,65.2717,-63.2624,0.0779735,0
1,,31966,Port:10,0,0,0,Enabled,0.624423,0.446621,-0.38603,-0.511475,-79.0457,64.7071,-63.2697,0.0783216,0
1,,31982,Port:10,0,0,0,Enabled,0.61063,0.454794,-0.402421,-0.508282,-80.8613,65.0122,-65.3003,0.0985672,0
1,,31998,Port:10,0,0,0,Enabled,0.596069,0.461894,-0.421383,-0.503778,-82.7796,65.6951,-67.6955,0.0918126,0
1,,32014,Port:10,0,0,0,Enabled,0.571487,0.474877,-0.444814,-0.500036,-85.0176,67.1966,-71.2488,0.0694381,0
1,,32030,Port:10,0,0,0,Enabled,0.547708,0.484307,-0.470603,-0.493959,-86.9804,69.3799,-74.9325,0.062559,0
1,,32046,Port:10,0,0,0,Enabled,0.52908,0.490399,-0.490612,-0.488756,-88.8337,71.3515,-77.8727,0.0598465,0
1,,32062,Port:10,0,0,0,Enabled,0.51598,0.498983,-0.499668,-0.484884,-90.6515,72.1042,-79.5834,0.0584385,0
1,,32070,Port:10,0,0,0,Enabled,0.511346,0.502828,-0.501666,-0.483757,-91.5686,72.2535,-80.1773,0.05634,0
1,,32102,Port:10,0,0,0,Enabled,0.492331,0.510708,-0.525564,-0.469649,-94.9824,74.1839,-86.0738,0.0563809,0
1,,32118,Port:10,0,0,0,Enabled,0.471284,0.518795,-0.535906,-0.470689,-96.603,76.0611,-89.8547,0.0553322,0
1,,32134,Port:10,0,0,0,Enabled,0.458221,0.516663,-0.556582,-0.461854,-97.4871,78.1185,-94.7035,0.0608505,0
1,,32150,Port:10,0,0,0,Enabled,0.454839,0.51298,-0.569587,-0.45337,-98.3326,78.6462,-98.0681,0.062725,0
1,,32166,Port:10,0,0,0,Enabled,0.455427,0.51405,-0.573773,-0.446235,-99.0196,77.5248,-100.461,0.0602629,0
1,,32182,Port:10,0,0,0,Enabled,0.46057,0.503482,-0.593864,-0.426271,-99.2086,76.8063,-105.056,0.0629207,0
1,,32190,Port:10,0,0,0,Enabled,0.459981,0.500233,-0.604691,-0.415372,-99.3169,76.4743,-108.109,0.0672536,0
1,,32206,Port:10,0,0,0,Enabled,0.451376,0.506728,-0.614182,-0.402824,-100.163,75.8822,-113.782,0.0683759,0
1,,32222,Port:10,0,0,0,Enabled,0.440973,0.508082,-0.628944,-0.389648,-99.995,76.1998,-119.827,0.076782,0
1,,32238,Port:10,0,0,0,Enabled,0.433104,0.50741,-0.643696,-0.374983,-99.5231,76.5333,-125.788,0.086446,0
1,,32254,Port:10,0,0,0,Enabled,0.424144,0.513482,-0.650467,-0.365146,-98.8848,76.0407,-131.044,0.0888229,0
1,,32270,Port:10,0,0,0,Enabled,0.421861,0.511301,-0.664862,-0.34433,-97.861,75.5404,-138.019,0.099816,0
1,,32286,Port:10,0,0,0,Enabled,0.409738,0.51499,-0.676373,-0.330788,-96.0352,75.7971,-144.905,0.110624,0
1,,32302,Port:10,0,0,0,Enabled,0.395102,0.520377,-0.682168,-0.328252,-94.3769,77.2166,-150.653,0.12018,0
1,,32310,Port:10,0,0,0,Enabled,0.393329,0.517032,-0.686733,-0.326142,-93.5982,77.8928,-153.012,0.120787,0
1,,32342,Port:10,0,0,0,Enabled,0.38208,0.507245,-0.701413,-0.323632,-89.4327,80.4011,-162.067,0.132597,0
1,,32358,Port:10,0,0,0,Enabled,0.373997,0.50152,-0.710777,-0.321561,-86.6084,81.7086,-167.013,0.134777,0
1,,32374,Port:10,0,0,0,Enabled,0.367619,0.49287,-0.721389,-0.318643,-83.352,83.0373,-171.732,0.14275,0
1,,32390,Port:10,0,0,0,Enabled,0.352782,0.488586,-0.731339,-0.319331,-79.5016,84.5333,-176.857,0.152233,0
1,,32406,Port:10,0,0,0,Enabled,0.345394,0.48472,-0.738329,-0.317206,-76.2465,84.4473,-181.164,0.164686,0
1,,32422,Port:10,0,0,0,Enabled,0.346385,0.485976,-0.738117,-0.314688,-74.1803,82.5999,-184.971,0.157017,0
1,,32430,Port:10,0,0,0,Enabled,0.346584,0.488316,-0.738028,-0.311034,-72.8084,81.0677,-187.012,0.155413,0
1,,32446,Port:10,0,0,0,Enabled,0.344433,0.49131,-0.740415,-0.30293,-69.4886,77.7622,-191.107,0.168466,0
1,,32462,Port:10,0,0,0,Enabled,0.346398,0.492763,-0.744564,-0.287781,-66.3195,74.1035,-196.053,0.167787,0
1,,32478,Port:10,0,0,0,Enabled,0.349595,0.49634,-0.746761,-0.271623,-63.0927,70.8632,-200.208,0.169534,0
1,,32494,Port:10,0,0,0,Enabled,0.352684,0.499303,-0.745919,-0.264416,-60.2423,69.2807,-203.11,0.172185,0
1,,32510,Port:10,0,0,0,Enabled,0.357816,0.494535,-0.748253,-0.259847,-57.8957,68.463,-205.212,0.16969,0
1,,32526,Port:10,0,0,0,Enabled,0.360563,0.496038,-0.746035,-0.259563,-56.6737,68.0695,-207.174,0.165232,0
1,,32542,Port:10,0,0,0,Enabled,0.362544,0.498572,-0.744012,-0.257746,-55.5154,67.6507,-208.683,0.162909,0
1,,32550,Port:10,0,0,0,Enabled,0.364283,0.499313,-0.742768,-0.25745,-55.1285,67.5527,-209.559,0.163679,0
1,,32582,Port:10,0,0,0,Enabled,0.368768,0.501653,-0.738563,-0.25861,-52.7824,68.0038,-211.824,0.167494,0
1,,32598,Port:10,0,0,0,Enabled,0.371785,0.504431,-0.73432,-0.260957,-51.4235,68.1611,-212.426,0.170407,0
1,,32614,Port:10,0,0,0,Enabled,0.373313,0.504356,-0.732538,-0.263916,-49.7251,68.5471,-213.639,0.16551,0
1,,32630,Port:10,0,0,0,Enabled,0.374172,0.509525,-0.726743,-0.268747,-48.387,68.298,-214.397,0.16904,0
1,,32646,Port:10,0,0,0,Enabled,0.377231,0.506893,-0.72621,-0.27088,-47.0669,68.0934,-215.73,0.164057,0
1,,32662,Port:10,0,0,0,Enabled,0.379286,0.506497,-0.72434,-0.273743,-45.9808,67.3527,-216.556,0.184388,0
1,,32670,Port:10,0,0,0,Enabled,0.380347,0.50794,-0.721755,-0.276409,-45.7326,67.0342,-216.965,0.17586,0
1,,32686,Port:10,0,0,0,Enabled,0.383451,0.508048,-0.719951,-0.276631,-44.9691,66.0163,-218.265,0.181299,0
1,,32702,Port:10,0,0,0,Enabled,0.385394,0.511724,-0.714758,-0.280591,-44.2964,65.2798,-218.736,0.182147,0
1,,32718,Port:10,0,0,0,Enabled,0.391625,0.512239,-0.709376,-0.284652,-43.5917,64.5257,-219.021,0.189688,0
1,,32734,Port:10,0,0,0,Enabled,0.393262,0.512839,-0.706312,-0.288902,-42.2081,63.8186,-219.487,0.194852,0
1,,32750,Port:10,0,0,0,Enabled,0.394739,0.514314,-0.702797,-0.292813,-40.845,62.9371,-220.502,0.203867,0
1,,32766,Port:10,0,0,0,Enabled,0.398532,0.51468,-0.698192,-0.298001,-39.9293,61.8653,-220.902,0.207495,0
1,,32782,Port:10,0,0,0,Enabled,0.402135,0.517412,-0.692081,-0.302648,-38.7711,60.2421,-221.684,0.218339,0
1,,32790,Port:10,0,0,0,Enabled,0.402772,0.51946,-0.688442,-0.306568,-38.1212,59.6293,-221.986,0.217337,0
1,,32822,Port:10,0,0,0,Enabled,0.412158,0.523295,-0.673635,-0.320162,-35.7506,55.718,-223.158,0.259495,0
1,,32838,Port:10,0,0,0,Enabled,0.416945,0.530394,-0.662292,-0.325897,-35.4926,52.7441,-223.582,0.27811,0
1,,32854,Port:10,0,0,0,Enabled,0.419257,0.531641,-0.658118,-0.329336,-35.1862,50.4442,-224.48,0.286301,0
1,,32870,Port:10,0,0,0,Enabled,0.422165,0.537181,-0.648171,-0.336285,-35.9316,48.0869,-224.661,0.308293,0
1,,32886,Port:10,0,0,0,Enabled,0.427506,0.540234,-0.638819,-0.342485,-36.6628,45.7853,-224.599,0.305671,0
1,,32902,Port:10,0,0,0,Enabled,0.435076,0.541175,-0.631658,-0.344742,-37.4612,43.1085,-224.781,0.314393,0
1,,32910,Port:10,0,0,0,Enabled,0.437413,0.54193,-0.629866,-0.343876,-37.6571,41.6691,-225.377,0.308336,0
1,,32926,Port:10,0,0,0,Enabled,0.440269,0.544713,-0.623861,-0.34677,-37.947,39.3031,-225.689,0.314981,0
1,,32942,Port:10,0,0,0,Enabled,0.445736,0.546977,-0.617111,-0.348296,-37.9935,36.7056,-226.076,0.324005,0
1,,32958,Port:10,0,0,0,Enabled,0.450487,0.548988,-0.609074,-0.353132,-37.9784,34.9496,-226.916,0.375334,0
1,,32974,Port:10,0,0,0,Enabled,0.457242,0.548821,-0.602197,-0.356489,-37.8247,32.0404,-225.709,0.352119,0
1,,32990,Port:10,0,0,0,Enabled,0.463035,0.546292,-0.597196,-0.361277,-37.6648,29.709,-225.161,0.360556,0
1,,33006,Port:10,0,0,0,Enabled,0.466357,0.545921,-0.593287,-0.363995,-37.4293,26.6653,-225.77,0.324202,0
1,,33022,Port:10,0,0,0,Enabled,0.470719,0.545857,-0.588219,-0.36669,-37.7391,23.4911,-225.584,0.33261,0
1,,33030,Port:10,0,0,0,Enabled,0.474098,0.545002,-0.585425,-0.368078,-37.8479,21.515,-225.29,0.332055,0
1,,33062,Port:10,0,0,0,Enabled,0.483492,0.544389,-0.573698,-0.375163,-38.2293,14.1807,-224.501,0.332435,0
1,,33078,Port:10,0,0,0,Enabled,0.483781,0.544908,-0.569384,-0.38057,-38.2476,11.077,-224.303,0.329712,0
1,,33094,Port:10,0,0,0,Enabled,0.48518,0.544457,-0.565469,-0.385242,-38.8609,7.58805,-223.96,0.317661,0
1,,33110,Port:10,0,0,0,Enabled,0.485938,0.544297,-0.562958,-0.388179,-39.8077,3.7795,-223.835,0.32155,0
1,,33126,Port:10,0,0,0,Enabled,0.486166,0.5448,-0.560332,-0.390977,-41.3005,-0.892689,-223.444,0.311551,0
1,,33142,Port:10,0,0,0,Enabled,0.488554,0.545586,-0.555151,-0.394283,-42.9274,-6.25095,-222.092,0.297798,0
1,,33150,Port:10,0,0,0,Enabled,0.490684,0.544716,-0.552761,-0.396194,-43.8433,-8.87905,-221.055,0.2959,0
1,,33166,Port:10,0,0,0,Enabled,0.490125,0.54466,-0.553113,-0.396472,-45.4171,-14.12,-219.894,0.272418,0
1,,33182,Port:10,0,0,0,Enabled,0.490495,0.543244,-0.552483,-0.398828,-46.6277,-18.3289,-217.804,0.264542,0
1,,33198,Port:10,0,0,0,Enabled,0.491356,0.543516,-0.550023,-0.400792,-46.89,-22.4027,-215.321,0.239705,0
1,,33214,Port:10,0,0,0,Enabled,0.491543,0.543339,-0.54782,-0.403809,-46.7118,-25.4488,-213.255,0.239385,0
1,,33230,Port:10,0,0,0,Enabled,0.492441,0.542638,-0.546569,-0.40535,-45.9493,-28.1119,-211.419,0.223331,0
1,,33246,Port:10,0,0,0,Enabled,0.492681,0.541373,-0.544412,-0.409631,-45.0976,-30.1646,-209.786,0.222276,0
1,,33262,Port:10,0,0,0,Enabled,0.493684,0.540119,-0.541689,-0.413668,-44.2519,-32.7451,-208.205,0.193059,0
1,,33286,Port:10,0,0,0,Enabled,0.493987,0.541079,-0.536545,-0.418724,-43.483,-37.6579,-207.157,0.186997,0
1,,33302,Port:10,0,0,0,Enabled,0.49406,0.542438,-0.532255,-0.422339,-43.468,-41.0374,-206.929,0.182757,0
1,,33318,Port:10,0,0,0,Enabled,0.493566,0.54507,-0.528775,-0.423896,-43.4813,-44.8496,-207.03,0.180285,0
1,,33334,Port:10,0,0,0,Enabled,0.493736,0.547338,-0.524734,-0.425795,-43.8277,-48.4792,-207.485,0.177021,0
1,,33350,Port:10,0,0,0,Enabled,0.493098,0.549624,-0.520709,-0.428521,-43.9158,-52.2169,-208.026,0.169343,0
1,,33366,Port:10,0,0,0,Enabled,0.491405,0.55008,-0.518128,-0.432986,-44.3337,-55.5467,-208.943,0.174145,0
1,,33382,Port:10,0,0,0,Enabled,0.490262,0.552011,-0.51506,-0.435477,-44.7532,-60.0567,-210.156,0.174553,0
1,,33390,Port:10,0,0,0,Enabled,0.489386,0.554031,-0.512343,-0.437099,-45.1671,-62.3837,-210.634,0.181708,0
1,,33406,Port:10,0,0,0,Enabled,0.491014,0.554673,-0.509272,-0.438046,-45.8116,-67.678,-211.917,0.17802,0
1,,33430,Port:10,0,0,0,Enabled,0.490733,0.559671,-0.499707,-0.442993,-47.0536,-75.7192,-212.719,0.198307,0
1,,33438,Port:10,0,0,0,Enabled,0.490812,0.561696,-0.497883,-0.442396,-47.2758,-78.5833,-213.269,0.195904,0
1,,33454,Port:10,0,0,0,Enabled,0.487826,0.566901,-0.492336,-0.445257,-48.1404,-83.0515,-213.902,0.218471,0
1,,33470,Port:10,0,0,0,Enabled,0.48628,0.568187,-0.487472,-0.450629,-48.2396,-87.1833,-214.223,0.215575,0
1,,33486,Port:10,0,0,0,Enabled,0.483136,0.572793,-0.479245,-0.45696,-48.2583,-91.2727,-214.268,0.237762,0
1,,33502,Port:10,0,0,0,Enabled,0.480317,0.575583,-0.476011,-0.459797,-48.2758,-95.6657,-215.091,0.239851,0
1,,33526,Port:10,0,0,0,Enabled,0.471783,0.584517,-0.463125,-0.4704,-48.7604,-101.665,-215.914,0.267099,0
1,,33550,Port:10,0,0,0,Enabled,0.465775,0.5892,-0.45572,-0.47772,-48.3041,-106.734,-217.822,0.284482,0
1,,33558,Port:10,0,0,0,Enabled,0.464725,0.59081,-0.452914,-0.47942,-48.1593,-108.556,-218.803,0.291254,0
1,,33574,Port:10,0,0,0,Enabled,0.464406,0.59416,-0.447291,-0.480865,-46.889,-112.338,-220.041,0.296371,0
1,,33590,Port:10,0,0,0,Enabled,0.459144,0.59835,-0.437889,-0.489304,-46.4211,-115.251,-221.165,0.317467,0
1,,33606,Port:10,0,0,0,Enabled,0.456551,0.602968,-0.428711,-0.494165,-45.3392,-118.327,-222.14,0.316932,0
1,,33622,Port:10,0,0,0,Enabled,0.45517,0.605808,-0.421094,-0.498494,-44.9776,-120.212,-223.765,0.329973,0
1,,33630,Port:10,0,0,0,Enabled,0.455338,0.606675,-0.418975,-0.499072,-43.9818,-121.198,-224.189,0.326954,0
1,,33646,Port:10,0,0,0,Enabled,0.454827,0.607297,-0.41221,-0.504386,-42.4316,-121.461,-224.669,0.333968,0
1,,33670,Port:10,0,0,0,Enabled,0.45822,0.603646,-0.404974,-0.511509,-38.6803,-121.759,-224.779,0.323124,0
1,,33678,Port:10,0,0,0,Enabled,0.459923,0.601555,-0.403606,-0.513523,-37.8532,-121.048,-224.933,0.316805,0
1,,33694,Port:10,0,0,0,Enabled,0.466831,0.59675,-0.405635,-0.511291,-35.4703,-120.774,-225.079,0.300602,0
1,,33710,Port:10,0,0,0,Enabled,0.471593,0.591555,-0.405826,-0.512804,-33.7027,-118.758,-224.811,0.287546,0
1,,33726,Port:10,0,0,0,Enabled,0.481016,0.585211,-0.408573,-0.509136,-31.5292,-117.493,-224.248,0.256941,0
1,,33742,Port:10,0,0,0,Enabled,0.484856,0.580542,-0.406612,-0.512398,-29.6216,-114.719,-223.167,0.248847,0
1,,33766,Port:10,0,0,0,Enabled,0.495126,0.569816,-0.407938,-0.513563,-25.9101,-111.16,-221.273,0.202939,0
1,,33790,Port:10,0,0,0,Enabled,0.503535,0.562379,-0.405423,-0.515573,-21.8255,-107.525,-220.181,0.16287,0
1,,33798,Port:10,0,0,0,Enabled,0.505324,0.55979,-0.404854,-0.517084,-20.461,-105.682,-219.915,0.152015,0
1,,33814,Port:10,0,0,0,Enabled,0.512325,0.553264,-0.404705,-0.517336,-17.4192,-103.018,-220.011,0.128729,0
1,,33830,Port:10,0,0,0,Enabled,0.516039,0.54857,-0.403072,-0.519911,-14.3034,-99.7235,-219.493,0.0996089,0
1,,33846,Port:10,0,0,0,Enabled,0.528815,0.53752,-0.4068,-0.515694,-10.6642,-96.783,-219.203,0.0835608,0
1,,33862,Port:10,0,0,0,Enabled,0.533852,0.529511,-0.40642,-0.519079,-7.42159,-92.5806,-217.619,0.0761333,0
1,,33870,Port:10,0,0,0,Enabled,0.537498,0.524588,-0.405355,-0.521144,-5.92125,-90.5104,-216.964,0.0673567,0
1,,33886,Port:10,0,0,0,Enabled,0.545088,0.513303,-0.407032,-0.523187,-2.78129,-86.358,-214.227,0.0949214,0
1,,33910,Port:10,0,0,0,Enabled,0.560987,0.493382,-0.413001,-0.520863,1.1058,-79.1687,-210.108,0.0911362,0
1,,33918,Port:10,0,0,0,Enabled,0.569082,0.483582,-0.417216,-0.517904,2.32033,-76.5213,-208.499,0.0859574,0
1,,33934,Port:10,0,0,0,Enabled,0.578774,0.465963,-0.423788,-0.51798,4.17799,-70.4218,-206.01,0.0805215,0
1,,33950,Port:10,0,0,0,Enabled,0.582802,0.453821,-0.425767,-0.522599,6.15114,-65.2121,-202.726,0.07594,0
1,,33966,Port:10,0,0,0,Enabled,0.585835,0.440805,-0.428416,-0.528156,7.95003,-59.9593,-199.96,0.0797832,0
1,,33990,Port:10,0,0,0,Enabled,0.59186,0.421604,-0.431665,-0.534432,10.0462,-53.2496,-195.774,0.0832087,0
1,,34006,Port:10,0,0,0,Enabled,0.593411,0.412108,-0.432603,-0.539337,11.1699,-49.8063,-193.233,0.0816547,0
1,,34030,Port:10,0,0,0,Enabled,0.595727,0.40032,-0.432893,-0.545396,12.3909,-44.4321,-190.415,0.0907869,0
1,,34046,Port:10,0,0,0,Enabled,0.596077,0.391228,-0.433915,-0.550773,13.2165,-41.0386,-187.974,0.0908045,0
1,,34054,Port:10,0,0,0,Enabled,0.596741,0.386243,-0.433999,-0.5535,13.667,-39.0457,-186.937,0.0970482,0
1,,34070,Port:10,0,0,0,Enabled,0.597327,0.377187,-0.435001,-0.558306,14.3549,-35.8148,-184.798,0.10551,0
1,,34086,Port:10,0,0,0,Enabled,0.599877,0.367267,-0.434151,-0.562829,15.4515,-32.3097,-182.381,0.110624,0
1,,34102,Port:10,0,0,0,Enabled,0.601542,0.355731,-0.435409,-0.56747,16.7907,-29.0921,-179.599,0.1173,0
1,,34110,Port:10,0,0,0,Enabled,0.602616,0.350287,-0.435332,-0.569771,17.3497,-27.3552,-178.247,0.12456,0
1,,34126,Port:10,0,0,0,Enabled,0.604746,0.340848,-0.435018,-0.573466,18.5686,-23.92,-175.88,0.132977,0
1,,34150,Port:10,0,0,0,Enabled,0.612568,0.324695,-0.433006,-0.576054,20.1736,-19.2639,-171.65,0.153149,0
1,,34158,Port:10,0,0,0,Enabled,0.615309,0.318997,-0.432806,-0.576468,20.6902,-17.6201,-170.348,0.158631,0
1,,34174,Port:10,0,0,0,Enabled,0.621367,0.307101,-0.433185,-0.576146,21.3398,-14.2741,-168.038,0.183316,0
1,,34190,Port:10,0,0,0,Enabled,0.624188,0.295885,-0.434285,-0.578133,21.8628,-10.4008,-166.234,0.197967,0
1,,34206,Port:10,0,0,0,Enabled,0.627282,0.282907,-0.43407,-0.581434,22.4243,-6.52532,-164.209,0.230088,0
1,,34222,Port:10,0,0,0,Enabled,0.627354,0.269042,-0.433979,-0.587968,23.1674,-2.26314,-162.357,0.253107,0
1,,34246,Port:10,0,0,0,Enabled,0.625668,0.25231,-0.431578,-0.598849,23.9349,3.94225,-159.866,0.295041,0
1,,34270,Port:10,0,0,0,Enabled,0.624763,0.236811,-0.431588,-0.606072,24.3429,9.87832,-157.953,0.333237,0
1,,34286,Port:10,0,0,0,Enabled,0.627051,0.229705,-0.431282,-0.606662,24.3481,13.3507,-156.959,0.334182,0
1,,34294,Port:10,0,0,0,Enabled,0.628191,0.225994,-0.43134,-0.606836,24.3392,15.0015,-156.443,0.346706,0
1,,34310,Port:10,0,0,0,Enabled,0.628219,0.220283,-0.430959,-0.609173,24.4584,18.6563,-155.489,0.34874,0
1,,34326,Port:10,0,0,0,Enabled,0.626812,0.215346,-0.429994,-0.613056,24.8557,21.8022,-154.257,0.36006,0
1,,34342,Port:10,0,0,0,Enabled,0.626765,0.21115,-0.426428,-0.617042,25.4387,24.5438,-152.773,0.348554,0
1,,34358,Port:10,0,0,0,Enabled,0.631031,0.204129,-0.423586,-0.617014,25.6925,26.5735,-151.152,0.351965,0
1,,34366,Port:10,0,0,0,Enabled,0.633555,0.202811,-0.421806,-0.616081,25.7064,27.6677,-150.5,0.344499,0
1,,34390,Port:10,0,0,0,Enabled,0.636969,0.193423,-0.422947,-0.614795,25.6255,31.6352,-148.703,0.338036,0
1,,34406,Port:10,0,0,0,Enabled,0.635306,0.192557,-0.421387,-0.617852,25.5866,34.5979,-146.982,0.326067,0
1,,34414,Port:10,0,0,0,Enabled,0.63506,0.191018,-0.420766,-0.619005,25.4883,35.9614,-145.952,0.32213,0
1,,34430,Port:10,0,0,0,Enabled,0.632922,0.189007,-0.41903,-0.622977,25.3815,39.4846,-143.705,0.310053,0
1,,34446,Port:10,0,0,0,Enabled,0.633021,0.186049,-0.41914,-0.623692,25.0678,43.2849,-141.479,0.284686,0
1,,34462,Port:10,0,0,0,Enabled,0.63128,0.184667,-0.419571,-0.625576,24.7853,47.6304,-139.145,0.251886,0
1,,34486,Port:10,0,0,0,Enabled,0.631008,0.180802,-0.419791,-0.626829,24.6643,54.1204,-135.277,0.201131,0
1,,34510,Port:10,0,0,0,Enabled,0.63174,0.176561,-0.419419,-0.62755,24.5854,60.6131,-131.173,0.155505,0
1,,34526,Port:10,0,0,0,Enabled,0.632527,0.174002,-0.418515,-0.628075,24.6167,64.746,-128.232,0.13867,0
1,,34534,Port:10,0,0,0,Enabled,0.632394,0.171703,-0.418374,-0.628935,24.7226,66.9604,-126.885,0.134229,0
1,,34550,Port:10,0,0,0,Enabled,0.631345,0.165958,-0.420313,-0.630237,24.3983,71.0353,-124.504,0.13258,0
1,,34566,Port:10,0,0,0,Enabled,0.633439,0.165564,-0.420354,-0.628209,23.6625,74.132,-122.172,0.132593,0
1,,34582,Port:10,0,0,0,Enabled,0.633932,0.163261,-0.421665,-0.627435,22.8389,77.1308,-120.184,0.136885,0
1,,34598,Port:10,0,0,0,Enabled,0.634346,0.162544,-0.422124,-0.626895,22.2296,80.0174,-118.062,0.136909,0
1,,34614,Port:10,0,0,0,Enabled,0.633635,0.16239,-0.421759,-0.627898,21.5614,82.5505,-115.865,0.142263,0
1,,34630,Port:10,0,0,0,Enabled,0.634748,0.164494,-0.420101,-0.627337,21.0381,84.8182,-113.445,0.139963,0
1,,34638,Port:10,0,0,0,Enabled,0.634392,0.165147,-0.419967,-0.627616,20.7152,85.9833,-112.395,0.14216,0
1,,34654,Port:10,0,0,0,Enabled,0.633401,0.167843,-0.420965,-0.627233,20.1123,88.1465,-110.484,0.145056,0
1,,34670,Port:10,0,0,0,Enabled,0.633298,0.170797,-0.421659,-0.626072,19.7359,90.5196,-108.473,0.144101,0
1,,34686,Port:10,0,0,0,Enabled,0.629976,0.176144,-0.420508,-0.628711,19.6268,92.8509,-106.074,0.146369,0
1,,34718,Port:10,0,0,0,Enabled,0.627574,0.179539,-0.423765,-0.627965,18.5372,98.1866,-101.332,0.154011,0
1,,34734,Port:10,0,0,0,Enabled,0.628225,0.179841,-0.426057,-0.625672,17.5663,100.691,-98.9771,0.160031,0
1,,34750,Port:10,0,0,0,Enabled,0.630956,0.181285,-0.429124,-0.62039,16.5528,103.183,-96.8998,0.160258,0
1,,34766,Port:10,0,0,0,Enabled,0.631504,0.183556,-0.431337,-0.617623,15.7712,105.507,-94.6936,0.162167,0
1,,34774,Port:10,0,0,0,Enabled,0.632562,0.185573,-0.431942,-0.615512,15.3652,106.558,-93.5496,0.161775,0
1,,34790,Port:10,0,0,0,Enabled,0.632897,0.189466,-0.434582,-0.612114,14.3436,108.464,-91.4943,0.160729,0
1,,34806,Port:10,0,0,0,Enabled,0.630602,0.195576,-0.437823,-0.610247,12.9109,109.752,-89.65,0.160048,0
1,,34822,Port:10,0,0,0,Enabled,0.628187,0.2032,-0.439839,-0.608796,11.0917,110.113,-87.7865,0.155425,0
1,,34838,Port:10,0,0,0,Enabled,0.625455,0.215726,-0.441031,-0.606432,8.34073,109.323,-86.1319,0.153475,0
1,,34854,Port:10,0,0,0,Enabled,0.62792,0.224756,-0.443896,-0.598463,5.12571,108.492,-84.7855,0.145143,0
1,,34870,Port:10,0,0,0,Enabled,0.626143,0.238477,-0.445972,-0.593451,1.58,107.383,-83.4732,0.140532,0
1,,34886,Port:10,0,0,0,Enabled,0.625137,0.249827,-0.449032,-0.587503,-2.11124,106.444,-82.2087,0.137212,0
1,,34894,Port:10,0,0,0,Enabled,0.623354,0.256655,-0.4493,-0.586249,-3.97022,105.854,-81.4201,0.135526,0
1,,34910,Port:10,0,0,0,Enabled,0.620826,0.269995,-0.45013,-0.58229,-8.10481,104.421,-80.0027,0.13453,0
1,,34926,Port:10,0,0,0,Enabled,0.62348,0.281439,-0.4534,-0.571396,-12.6796,102.838,-79.2847,0.131466,0
1,,34942,Port:10,0,0,0,Enabled,0.62482,0.2906,-0.457426,-0.562062,-16.9537,101.593,-78.7146,0.131609,0
1,,34974,Port:10,0,0,0,Enabled,0.626126,0.308154,-0.459937,-0.549059,-23.7279,99.6477,-77.1689,0.132935,0
1,,34990,Port:10,0,0,0,Enabled,0.624682,0.319295,-0.459093,-0.545028,-26.5968,98.7248,-76.5694,0.133026,0
1,,35006,Port:10,0,0,0,Enabled,0.626449,0.324436,-0.460989,-0.538324,-29.0644,98.3069,-76.2054,0.143172,0
1,,35014,Port:10,0,0,0,Enabled,0.625793,0.327997,-0.462346,-0.535759,-30.2329,98.0932,-76.1229,0.142687,0
1,,35030,Port:10,0,0,0,Enabled,0.62697,0.331964,-0.464398,-0.530135,-32.3357,97.7291,-75.7903,0.145749,0
1,,35046,Port:10,0,0,0,Enabled,0.626248,0.337578,-0.465532,-0.526436,-34.374,97.1147,-75.5358,0.1473,0
1,,35062,Port:10,0,0,0,Enabled,0.62725,0.340009,-0.466219,-0.523061,-35.9873,96.7059,-75.0537,0.151038,0
1,,35078,Port:10,0,0,0,Enabled,0.625419,0.344885,-0.466042,-0.522217,-37.5266,96.132,-74.7136,0.153573,0
1,,35094,Port:10,0,0,0,Enabled,0.626626,0.346481,-0.468287,-0.517686,-38.9845,95.7605,-74.631,0.155692,0
1,,35110,Port:10,0,0,0,Enabled,0.626703,0.348653,-0.46844,-0.515993,-40.1743,95.6192,-74.1465,0.157286,0
1,,35126,Port:10,0,0,0,Enabled,0.623888,0.353004,-0.468466,-0.516422,-41.454,95.7633,-73.7874,0.161416,0
1,,35134,Port:10,0,0,0,Enabled,0.623313,0.354128,-0.469744,-0.515185,-42.1323,95.8672,-73.7535,0.163418,0
1,,35150,Port:10,0,0,0,Enabled,0.622856,0.356717,-0.470854,-0.512934,-43.6922,95.7646,-73.326,0.168144,0
1,,35166,Port:10,0,0,0,Enabled,0.624098,0.359156,-0.471032,-0.509548,-45.4806,95.5172,-72.8626,0.168036,0
1,,35182,Port:10,0,0,0,Enabled,0.624505,0.360713,-0.473425,-0.505716,-47.2791,95.6029,-72.6685,0.172344,0
1,,35214,Port:10,0,0,0,Enabled,0.625378,0.36341,-0.476747,-0.499548,-50.4134,95.8414,-71.9494,0.176468,0
1,,35230,Port:10,0,0,0,Enabled,0.625851,0.365427,-0.477717,-0.496547,-51.8449,95.6685,-71.7073,0.174305,0
1,,35246,Port:10,0,0,0,Enabled,0.627477,0.365946,-0.47884,-0.493021,-52.9833,95.3575,-71.3152,0.175744,0
1,,35254,Port:10,0,0,0,Enabled,0.627153,0.367506,-0.479062,-0.492055,-53.5859,95.1138,-71.1749,0.173482,0
1,,35270,Port:10,0,0,0,Enabled,0.62894,0.368291,-0.48048,-0.487786,-54.8549,94.6552,-70.9196,0.169347,0
1,,35286,Port:10,0,0,0,Enabled,0.629175,0.370996,-0.481158,-0.484755,-56.4014,94.0424,-70.6956,0.166774,0
1,,35302,Port:10,0,0,0,Enabled,0.631118,0.373237,-0.482069,-0.479577,-58.2993,93.2124,-70.4623,0.160564,0
1,,35318,Port:10,0,0,0,Enabled,0.633443,0.376579,-0.481895,-0.474042,-60.4847,92.2325,-70.1516,0.154641,0
1,,35334,Port:10,0,0,0,Enabled,0.635128,0.380521,-0.481138,-0.469385,-62.5477,91.4242,-69.8697,0.141099,0
1,,35350,Port:10,0,0,0,Enabled,0.63663,0.383485,-0.481319,-0.46473,-64.6171,90.711,-69.7401,0.132838,0
1,,35366,Port:10,0,0,0,Enabled,0.637975,0.390762,-0.477225,-0.461032,-66.8163,89.8345,-69.5825,0.120026,0
1,,35374,Port:10,0,0,0,Enabled,0.639716,0.393349,-0.475639,-0.458049,-68.0113,89.4684,-69.397,0.119312,0
1,,35390,Port:10,0,0,0,Enabled,0.641129,0.399741,-0.473378,-0.452851,-70.6559,89.2519,-69.4074,0.102549,0
1,,35406,Port:10,0,0,0,Enabled,0.64216,0.403963,-0.474766,-0.44614,-73.5142,89.3471,-69.8934,0.0878216,0
1,,35422,Port:10,0,0,0,Enabled,0.640848,0.407401,-0.476421,-0.443127,-76.1485,90.0122,-70.512,0.0748538,0
1,,35454,Port:10,0,0,0,Enabled,0.63861,0.418389,-0.475526,-0.437038,-81.195,89.2159,-71.7296,0.0569675,0
1,,35470,Port:10,0,0,0,Enabled,0.639393,0.423043,-0.474589,-0.432408,-83.5074,88.0625,-72.1316,0.0582459,0
1,,35486,Port:10,0,0,0,Enabled,0.639553,0.429819,-0.471676,-0.428659,-85.6911,86.3384,-72.5124,0.0611352,0
1,,35494,Port:10,0,0,0,Enabled,0.640387,0.431857,-0.470882,-0.426232,-86.6947,85.4367,-72.625,0.0648045,0
1,,35510,Port:10,0,0,0,Enabled,0.640458,0.43929,-0.466949,-0.422845,-88.6426,83.0414,-72.9082,0.0736209,0
1,,35526,Port:10,0,0,0,Enabled,0.641144,0.445439,-0.464651,-0.417874,-90.3354,80.6546,-73.4666,0.0794952,0
1,,35542,Port:10,0,0,0,Enabled,0.641589,0.452803,-0.46094,-0.413362,-91.7797,78.4127,-73.7788,0.0918143,0
1,,35558,Port:10,0,0,0,Enabled,0.641073,0.458786,-0.457846,-0.410997,-93.2113,76.5857,-74.022,0.0891407,0
1,,35574,Port:10,0,0,0,Enabled,0.642035,0.464787,-0.453543,-0.407508,-94.5156,74.8842,-73.9457,0.0924709,0
1,,35590,Port:10,0,0,0,Enabled,0.643061,0.470127,-0.448605,-0.405225,-95.7239,73.4203,-73.7061,0.0942351,0
1,,35606,Port:10,0,0,0,Enabled,0.645192,0.47447,-0.442923,-0.403019,-96.7175,72.0263,-73.1516,0.0950032,0
1,,35614,Port:10,0,0,0,Enabled,0.645527,0.476375,-0.440423,-0.402976,-97.249,71.4906,-72.9611,0.0909973,0
1,,35630,Port:10,0,0,0,Enabled,0.644654,0.482753,-0.434884,-0.402798,-98.0387,70.0594,-72.6878,0.0960679,0
1,,35646,Port:10,0,0,0,Enabled,0.643819,0.48812,-0.4309,-0.401948,-99.0229,68.3268,-72.6735,0.0871859,0
1,,35662,Port:10,0,0,0,Enabled,0.645104,0.492806,-0.429865,-0.395221,-100.09,66.0089,-73.3461,0.0920028,0
1,,35678,Port:10,0,0,0,Enabled,0.644053,0.499192,-0.429197,-0.389606,-101.085,63.4822,-74.2105,0.0887589,0
1,,35694,Port:10,0,0,0,Enabled,0.644796,0.50395,-0.42552,-0.386271,-102.161,60.7215,-74.2619,0.0791511,0
1,,35710,Port:10,0,0,0,Enabled,0.642761,0.514048,-0.419477,-0.382951,-103.047,56.9034,-74.9109,0.0833943,0
1,,35734,Port:10,0,0,0,Enabled,0.644306,0.520572,-0.415145,-0.376204,-103.799,51.6678,-75.612,0.0769427,0
1,,35750,Port:10,0,0,0,Enabled,0.643227,0.526103,-0.412283,-0.373494,-104.243,48.2502,-76.4381,0.0710386,0
1,,35766,Port:10,0,0,0,Enabled,0.641844,0.531462,-0.409289,-0.371574,-104.784,45.2021,-77.3394,0.0687837,0
1,,35782,Port:10,0,0,0,Enabled,0.641413,0.535491,-0.407381,-0.368619,-105.329,42.5338,-78.1847,0.0633506,0
1,,35798,Port:10,0,0,0,Enabled,0.641624,0.539144,-0.403973,-0.366671,-105.657,40.0004,-78.5007,0.0594225,0
1,,35814,Port:10,0,0,0,Enabled,0.639489,0.545287,-0.39693,-0.369002,-105.642,37.5111,-78.5507,0.0595181,0
1,,35830,Port:10,0,0,0,Enabled,0.640845,0.546798,-0.395403,-0.366041,-105.234,35.4668,-78.6633,0.0539452,0
1,,35846,Port:10,0,0,0,Enabled,0.641113,0.548536,-0.395004,-0.363394,-104.805,33.4331,-78.979,0.0550928,0
1,,35854,Port:10,0,0,0,Enabled,0.640932,0.548839,-0.395323,-0.362907,-104.648,32.4818,-79.0768,0.051107,0
1,,35870,Port:10,0,0,0,Enabled,0.641569,0.551103,-0.392853,-0.361026,-104.038,30.0784,-79.0742,0.0494658,0
1,,35886,Port:10,0,0,0,Enabled,0.64284,0.552321,-0.392292,-0.3575,-103.787,27.6036,-79.0698,0.0462805,0
1,,35902,Port:10,0,0,0,Enabled,0.642312,0.556387,-0.391346,-0.353153,-103.795,24.8226,-79.6087,0.045193,0
1,,35918,Port:10,0,0,0,Enabled,0.641445,0.559159,-0.3903,-0.351505,-103.989,22.5615,-80.1644,0.0430868,0
1,,35934,Port:10,0,0,0,Enabled,0.63659,0.56288,-0.390213,-0.354474,-104.068,20.7315,-80.8091,0.0382297,0
1,,35950,Port:10,0,0,0,Enabled,0.631651,0.56697,-0.390379,-0.356604,-104.05,18.5223,-81.6567,0.0343498,0
1,,35974,Port:10,0,0,0,Enabled,0.63016,0.57118,-0.390007,-0.352912,-103.566,13.8929,-82.8346,0.0309677,0
1,,35990,Port:10,0,0,0,Enabled,0.626023,0.577231,-0.38715,-0.353573,-103.321,10.5729,-83.5879,0.0284497,0
1,,36006,Port:10,0,0,0,Enabled,0.622406,0.580867,-0.38754,-0.353578,-103.097,7.91772,-84.3195,0.0267143,0
1,,36022,Port:10,0,0,0,Enabled,0.61903,0.584011,-0.388148,-0.353658,-102.432,5.44697,-85.0098,0.0276678,0
1,,36038,Port:10,0,0,0,Enabled,0.619623,0.586572,-0.38596,-0.350766,-101.189,2.53684,-85.2965,0.0274009,0
1,,36054,Port:10,0,0,0,Enabled,0.619517,0.588429,-0.384771,-0.349144,-100.059,-0.194225,-85.6617,0.0295999,0
1,,36070,Port:10,0,0,0,Enabled,0.617277,0.59102,-0.384193,-0.349371,-99.1771,-2.79146,-86.5729,0.0318044,0
1,,36086,Port:10,0,0,0,Enabled,0.614404,0.594966,-0.382367,-0.349742,-98.4838,-5.96351,-87.8464,0.0363318,0
1,,36094,Port:10,0,0,0,Enabled,0.61343,0.596933,-0.381132,-0.349447,-98.1055,-7.7315,-88.4929,0.038841,0
1,,36110,Port:10,0,0,0,Enabled,0.612747,0.600205,-0.378277,-0.34814,-97.3301,-11.4542,-89.7733,0.0425376,0
1,,36126,Port:10,0,0,0,Enabled,0.612995,0.602554,-0.376261,-0.345822,-96.1626,-14.9241,-90.8119,0.049756,0
1,,36142,Port:10,0,0,0,Enabled,0.613258,0.604219,-0.373503,-0.34544,-94.869,-18.0045,-91.3954,0.0551671,0
1,,36158,Port:10,0,0,0,Enabled,0.614416,0.605403,-0.370119,-0.344952,-93.356,-20.8064,-91.7574,0.0625385,0
1,,36174,Port:10,0,0,0,Enabled,0.614573,0.606899,-0.36592,-0.346519,-92.2012,-23.1477,-92.3351,0.0666969,0
1,,36190,Port:10,0,0,0,Enabled,0.612226,0.60924,-0.360369,-0.352336,-91.3946,-24.8763,-92.8484,0.0748705,0
1,,36214,Port:10,0,0,0,Enabled,0.612064,0.608833,-0.354348,-0.359357,-89.8999,-27.0851,-93.0378,0.0863167,0
1,,36230,Port:10,0,0,0,Enabled,0.612527,0.608715,-0.345661,-0.367143,-88.3902,-28.8332,-92.2495,0.0928148,0
1,,36246,Port:10,0,0,0,Enabled,0.613543,0.607938,-0.338356,-0.373486,-86.7202,-30.7126,-91.4497,0.103391,0
1,,36262,Port:10,0,0,0,Enabled,0.615169,0.605354,-0.334508,-0.378442,-85.0937,-32.1884,-90.8678,0.117891,0
1,,36278,Port:10,0,0,0,Enabled,0.616717,0.602567,-0.3306,-0.383768,-83.8104,-33.56,-90.4392,0.128646,0
1,,36294,Port:10,0,0,0,Enabled,0.615906,0.601265,-0.327196,-0.389979,-82.6104,-34.9659,-90.3096,0.141038,0
1,,36310,Port:10,0,0,0,Enabled,0.616239,0.600057,-0.325012,-0.393126,-81.5752,-36.6488,-90.7044,0.157782,0
1,,36326,Port:10,0,0,0,Enabled,0.616063,0.59781,-0.323472,-0.398064,-80.6502,-38.1848,-90.9322,0.170535,0
1,,36334,Port:10,0,0,0,Enabled,0.616258,0.596013,-0.321756,-0.401831,-80.1521,-38.887,-90.8453,0.180136,0
1,,36350,Port:10,0,0,0,Enabled,0.617279,0.592614,-0.31754,-0.408587,-78.9669,-40.579,-90.4509,0.198445,0
1,,36366,Port:10,0,0,0,Enabled,0.618477,0.589661,-0.310161,-0.416637,-77.4349,-42.8433,-89.818,0.222945,0
1,,36398,Port:10,0,0,0,Enabled,0.619123,0.584704,-0.299429,-0.430291,-75.1664,-47.7549,-90.3263,0.270971,0
1,,36414,Port:10,0,0,0,Enabled,0.618994,0.582978,-0.293629,-0.436766,-73.9635,-50.14,-91.1454,0.290594,0
1,,36430,Port:10,0,0,0,Enabled,0.619497,0.580196,-0.28838,-0.443207,-72.8031,-52.2538,-91.7976,0.313051,0
1,,36446,Port:10,0,0,0,Enabled,0.620227,0.576609,-0.284004,-0.449648,-71.5706,-53.9805,-92.3851,0.33162,0
1,,36454,Port:10,0,0,0,Enabled,0.621099,0.573251,-0.281474,-0.454304,-70.933,-54.5866,-92.3606,0.342928,0
1,,36470,Port:10,0,0,0,Enabled,0.621677,0.566372,-0.274575,-0.466208,-69.6214,-55.5047,-92.1324,0.367818,0
1,,36486,Port:10,0,0,0,Enabled,0.61865,0.558621,-0.26802,-0.483094,-68.6451,-55.847,-91.9388,0.394614,0
1,,36502,Port:10,0,0,0,Enabled,0.618853,0.548682,-0.266057,-0.49516,-68.1967,-55.625,-92.344,0.399862,0
1,,36518,Port:10,0,0,0,Enabled,0.614962,0.54186,-0.260319,-0.510337,-68.3677,-55.316,-93.1775,0.395085,0
1,,36534,Port:10,0,0,0,Enabled,0.613795,0.533923,-0.251856,-0.524167,-68.0216,-55.2495,-93.7267,0.387318,0
1,,36550,Port:10,0,0,0,Enabled,0.629716,0.524837,-0.244752,-0.517784,-67.5654,-56.9229,-94.6762,0.37347,0
1,,36566,Port:10,0,0,0,Enabled,0.635591,0.521889,-0.242956,-0.51442,-67.9296,-57.9111,-96.9713,0.36791,0
1,,36574,Port:10,0,0,0,Enabled,0.634849,0.520887,-0.243918,-0.515895,-68.4648,-57.7879,-98.2859,0.364083,0
1,,36590,Port:10,0,0,0,Enabled,0.633204,0.517375,-0.240995,-0.522778,-68.9585,-57.5371,-99.9748,0.360192,0
1,,36606,Port:10,0,0,0,Enabled,0.634764,0.512253,-0.231145,-0.530323,-68.4025,-58.043,-100.622,0.333068,0
1,,36638,Port:10,0,0,0,Enabled,0.636804,0.49859,-0.223202,-0.544123,-66.4299,-56.3655,-101.135,0.272832,0
1,,36654,Port:10,0,0,0,Enabled,0.633606,0.48979,-0.215406,-0.558794,-64.4893,-54.5559,-100.245,0.215531,0
1,,36670,Port:10,0,0,0,Enabled,0.631236,0.482396,-0.210463,-0.569685,-62.5951,-53.03,-100.054,0.178734,0
1,,36686,Port:10,0,0,0,Enabled,0.63399,0.473753,-0.207776,-0.574842,-60.7182,-51.88,-100.093,0.149324,0
1,,36694,Port:10,0,0,0,Enabled,0.635664,0.469113,-0.206888,-0.577114,-59.8606,-51.179,-100.151,0.140313,0
1,,36710,Port:10,0,0,0,Enabled,0.636756,0.460208,-0.205231,-0.583636,-58.0129,-49.6012,-100.581,0.129148,0
1,,36726,Port:10,0,0,0,Enabled,0.639482,0.452605,-0.204657,-0.586794,-56.5336,-48.1166,-101.265,0.133961,0
1,,36742,Port:10,0,0,0,Enabled,0.637734,0.448373,-0.212918,-0.589002,-56.3085,-46.1081,-102.9,0.121486,0
1,,36758,Port:10,0,0,0,Enabled,0.635624,0.444244,-0.214424,-0.593845,-55.5707,-44.8893,-104.321,0.122716,0
1,,36774,Port:10,0,0,0,Enabled,0.63588,0.44026,-0.213446,-0.596882,-54.7752,-44.3412,-105.805,0.11739,0
1,,36790,Port:10,0,0,0,Enabled,0.638023,0.434236,-0.214236,-0.598723,-53.67,-43.9812,-107.523,0.111636,0
1,,36806,Port:10,0,0,0,Enabled,0.640616,0.428497,-0.214556,-0.599973,-52.5799,-43.7847,-109.536,0.113324,0
1,,36814,Port:10,0,0,0,Enabled,0.643894,0.424501,-0.218293,-0.597953,-52.1042,-43.4536,-110.76,0.106299,0
1,,36830,Port:10,0,0,0,Enabled,0.647628,0.416338,-0.228426,-0.595872,-51.2612,-42.5644,-113.385,0.0980919,0
1,,36846,Port:10,0,0,0,Enabled,0.64592,0.411625,-0.229029,-0.600748,-49.898,-42.6571,-115.734,0.0991382,0
1,,36862,Port:10,0,0,0,Enabled,0.644436,0.405327,-0.226865,-0.607409,-48.1101,-42.779,-117.731,0.0953973,0
1,,36878,Port:10,0,0,0,Enabled,0.646249,0.399287,-0.228416,-0.608899,-46.6531,-42.5933,-119.841,0.0887548,0
1,,36894,Port:10,0,0,0,Enabled,0.645804,0.394745,-0.225911,-0.613252,-45.2024,-42.3421,-121.599,0.088535,0
1,,36926,Port:10,0,0,0,Enabled,0.645875,0.386204,-0.225599,-0.618706,-42.7905,-41.3026,-124.879,0.0828018,0
1,,36934,Port:10,0,0,0,Enabled,0.645447,0.384051,-0.224919,-0.620737,-42.0736,-41.0488,-125.695,0.082257,0
1,,36950,Port:10,0,0,0,Enabled,0.643819,0.37981,-0.225338,-0.624871,-40.7913,-40.7362,-127.21,0.0755225,0
1,,36966,Port:10,0,0,0,Enabled,0.642603,0.374955,-0.223556,-0.629677,-39.1249,-40.484,-128.812,0.0701334,0
1,,36982,Port:10,0,0,0,Enabled,0.645288,0.367736,-0.226105,-0.630278,-37.3299,-39.9322,-130.29,0.0638236,0
1,,36998,Port:10,0,0,0,Enabled,0.644983,0.360107,-0.230112,-0.633536,-35.2692,-38.8967,-131.913,0.0604681,0
1,,37014,Port:10,0,0,0,Enabled,0.646625,0.355193,-0.228904,-0.635072,-33.3256,-38.966,-133.168,0.0552228,0
1,,37030,Port:10,0,0,0,Enabled,0.650302,0.348258,-0.229587,-0.634913,-31.2055,-38.7791,-134.612,0.0477321,0
1,,37046,Port:10,0,0,0,Enabled,0.650232,0.342642,-0.229159,-0.638185,-29.3414,-38.3337,-135.906,0.040203,0
1,,37054,Port:10,0,0,0,Enabled,0.650178,0.339023,-0.228851,-0.640281,-28.2429,-37.863,-136.49,0.0402552,0
1,,37070,Port:10,0,0,0,Enabled,0.651172,0.331757,-0.229672,-0.642778,-26.3173,-36.9675,-137.656,0.0413572,0
1,,37086,Port:10,0,0,0,Enabled,0.650898,0.324883,-0.229824,-0.646501,-24.4374,-35.9589,-138.803,0.0506116,0
1,,37102,Port:10,0,0,0,Enabled,0.651318,0.31777,-0.229889,-0.649583,-22.4739,-35.2826,-139.868,0.0618139,0
1,,37118,Port:10,0,0,0,Enabled,0.653395,0.309907,-0.229454,-0.651447,-20.2864,-34.6159,-140.984,0.0668826,0
1,,37134,Port:10,0,0,0,Enabled,0.654722,0.301212,-0.227978,-0.654704,-17.7775,-33.9924,-142.109,0.0848472,0
1,,37166,Port:10,0,0,0,Enabled,0.656288,0.285116,-0.225643,-0.661121,-12.5972,-32.421,-144.789,0.0983126,0
1,,37174,Port:10,0,0,0,Enabled,0.65768,0.281428,-0.223928,-0.6619,-11.2188,-32.2886,-145.371,0.0943233,0
1,,37190,Port:10,0,0,0,Enabled,0.658806,0.274547,-0.221109,-0.664613,-8.37316,-31.7786,-146.658,0.0882706,0
1,,37206,Port:10,0,0,0,Enabled,0.659599,0.269513,-0.21908,-0.666556,-6.11074,-31.2319,-148.186,0.0871447,0
1,,37222,Port:10,0,0,0,Enabled,0.65988,0.265013,-0.217922,-0.668458,-4.10674,-30.7333,-149.8,0.0809729,0
1,,37238,Port:10,0,0,0,Enabled,0.659584,0.261086,-0.217865,-0.670312,-2.16075,-29.6745,-151.395,0.0741445,0
1,,37254,Port:10,0,0,0,Enabled,0.656569,0.256673,-0.218743,-0.674676,-0.00947627,-28.5639,-152.788,0.0655504,0
1,,37270,Port:10,0,0,0,Enabled,0.653784,0.252896,-0.220227,-0.678314,2.15624,-27.1385,-154.332,0.063469,0
1,,37286,Port:10,0,0,0,Enabled,0.652619,0.248268,-0.222349,-0.68045,4.37449,-26.0332,-155.703,0.0499494,0
1,,37294,Port:10,0,0,0,Enabled,0.651631,0.247403,-0.222588,-0.681633,5.43684,-25.509,-156.592,0.0520713,0
1,,37310,Port:10,0,0,0,Enabled,0.648888,0.243988,-0.224821,-0.684741,7.82429,-24.5223,-158.128,0.0434636,0
1,,37326,Port:10,0,0,0,Enabled,0.6471,0.24307,-0.229165,-0.685319,9.35287,-23.547,-159.584,0.0395647,0
1,,37342,Port:10,0,0,0,Enabled,0.643636,0.240432,-0.233598,-0.68801,11.0739,-21.8524,-160.58,0.0354636,0
1,,37358,Port:10,0,0,0,Enabled,0.635332,0.237003,-0.249651,-0.691272,11.5856,-18.5108,-162.084,0.0328286,0
1,,37374,Port:10,0,0,0,Enabled,0.629229,0.240202,-0.263421,-0.69064,11.3825,-14.5711,-163.633,0.0429983,0
1,,37406,Port:10,0,0,0,Enabled,0.627219,0.22441,-0.286761,-0.68848,14.1864,-5.09922,-164.422,0.0922974,0
1,,37414,Port:10,0,0,0,Enabled,0.623636,0.22351,-0.294053,-0.688951,14.45,-2.57133,-164.855,0.101803,0
1,,37430,Port:10,0,0,0,Enabled,0.621301,0.219849,-0.30398,-0.68793,14.9111,1.63125,-165.652,0.137399,0
1,,37446,Port:10,0,0,0,Enabled,0.615135,0.219229,-0.312497,-0.68985,14.9291,4.98607,-166.397,0.165238,0
1,,37462,Port:10,0,0,0,Enabled,0.609757,0.219073,-0.322278,-0.690174,14.3399,8.19201,-167.724,0.19426,0
1,,37478,Port:10,0,0,0,Enabled,0.599923,0.222164,-0.336906,-0.690818,13.5002,12.017,-169.872,0.248432,0
1,,37494,Port:10,0,0,0,Enabled,0.580572,0.229564,-0.353372,-0.696682,12.3416,17.1065,-172.555,0.287969,0
1,,37510,Port:10,0,0,0,Enabled,0.567739,0.234447,-0.369536,-0.697246,11.7899,21.8511,-174.874,0.326476,0
1,,37526,Port:10,0,0,0,Enabled,0.55913,0.241595,-0.37843,-0.69699,11.0631,25.6472,-176.254,0.322645,0
1,,37542,Port:10,0,0,0,Enabled,0.553005,0.248607,-0.386655,-0.694894,10.3603,29.0454,-177.216,0.328631,0
1,,37550,Port:10,0,0,0,Enabled,0.551323,0.251336,-0.392153,-0.692163,9.72065,30.7814,-177.809,0.312466,0
1,,37566,Port:10,0,0,0,Enabled,0.545784,0.258734,-0.403841,-0.687088,8.69643,35.3043,-178.989,0.278175,0
1,,37582,Port:10,0,0,0,Enabled,0.540345,0.263603,-0.41404,-0.683455,7.67428,39.6262,-179.393,0.24399,0
1,,37598,Port:10,0,0,0,Enabled,0.53512,0.26822,-0.422283,-0.680722,6.94912,43.5996,-179.465,0.221299,0
1,,37630,Port:10,0,0,0,Enabled,0.528809,0.280172,-0.44232,-0.667996,4.28588,49.8425,-179.375,0.184329,0
1,,37646,Port:10,0,0,0,Enabled,0.525662,0.287542,-0.456891,-0.657457,1.81379,52.7825,-179.857,0.171796,0
1,,37654,Port:10,0,0,0,Enabled,0.523737,0.292456,-0.464786,-0.651263,0.435433,54.2889,-180.334,0.172448,0
1,,37670,Port:10,0,0,0,Enabled,0.519878,0.300666,-0.482209,-0.63781,-2.01958,57.1273,-181.323,0.171019,0
1,,37686,Port:10,0,0,0,Missing,,,,,,,,,0
1,,37702,Port:10,0,0,0,Enabled,0.50892,0.310214,-0.504717,-0.624523,-4.80433,62.3652,-180.478,0.212531,0
1,,37718,Port:10,0,0,0,Enabled,0.505532,0.314334,-0.512755,-0.618638,-5.88087,64.3121,-180.01,0.222247,0
1,,37734,Port:10,0,0,0,Enabled,0.502765,0.31747,-0.523228,-0.610469,-7.14715,66.3964,-179.868,0.234058,0
1,,37750,Port:10,0,0,0,Enabled,0.495076,0.32352,-0.532608,-0.605444,-8.37196,68.746,-179.827,0.247651,0
1,,37766,Port:10,0,0,0,Enabled,0.491703,0.324141,-0.543169,-0.598439,-9.39947,71.4236,-179.478,0.264537,0
1,,37782,Port:10,0,0,0,Enabled,0.488132,0.326745,-0.551952,-0.591873,-10.4866,74.2628,-179.041,0.280124,0
1,,37790,Port:10,0,0,0,Missing,,,,,,,,,0
1,,37806,Port:10,0,0,0,Enabled,0.481239,0.328888,-0.566571,-0.582442,-11.1448,79.2411,-179.457,0.297994,0
1,,37822,Port:10,0,0,0,Enabled,0.476238,0.333993,-0.574402,-0.575941,-11.8021,81.9697,-179.266,0.305851,0
1,,37838,Port:10,0,0,0,Enabled,0.475649,0.335173,-0.583793,-0.566218,-12.6919,84.5189,-179.058,0.321422,0
1,,37854,Port:10,0,0,0,Enabled,0.468692,0.340613,-0.592695,-0.559484,-13.9939,86.8906,-179.201,0.333566,0
1,,37886,Port:10,0,0,0,Enabled,0.461514,0.350201,-0.612569,-0.537702,-18.2896,91.0789,-180.99,0.378663,0
1,,37894,Port:10,0,0,0,Enabled,0.459544,0.353272,-0.616464,-0.532908,-19.7208,91.879,-180.853,0.381769,0
1,,37910,Port:10,0,0,0,Enabled,0.456331,0.356366,-0.626884,-0.521327,-22.0811,94.0891,-181.229,0.370879,0
1,,37934,Port:10,0,0,0,Enabled,0.447177,0.363017,-0.644361,-0.503042,-25.43,96.8784,-180.798,0.346711,0
1,,37942,Port:10,0,0,0,Enabled,0.445863,0.364524,-0.649997,-0.495814,-26.3468,98.1452,-181.236,0.343181,0
1,,37958,Port:10,0,0,0,Enabled,0.444082,0.365056,-0.662051,-0.480847,-28.155,100.552,-181.917,0.304166,0
1,,37974,Port:10,0,0,0,Enabled,0.435365,0.369383,-0.671674,-0.472089,-29.1085,103.061,-182.57,0.293665,0
1,,37990,Port:10,0,0,0,Enabled,0.431631,0.370598,-0.676537,-0.4676,-29.8071,104.546,-181.395,0.273843,0
1,,38006,Port:10,0,0,0,Enabled,0.429124,0.377386,-0.679923,-0.459497,-30.9932,105.591,-180.894,0.259152,0
1,,38022,Port:10,0,0,0,Enabled,0.424484,0.382913,-0.684939,-0.45172,-31.9515,106.787,-180.272,0.239328,0
1,,38030,Port:10,0,0,0,Enabled,0.420989,0.385983,-0.688057,-0.44762,-32.4726,107.631,-180.389,0.231767,0
1,,38054,Port:10,0,0,0,Enabled,0.40848,0.39921,-0.69897,-0.430367,-34.5126,109.651,-181.169,0.211283,0
1,,38062,Port:10,0,0,0,Enabled,0.406419,0.402701,-0.702178,-0.423796,-35.55,110.185,-181.503,0.210446,0
1,,38078,Port:10,0,0,0,Enabled,0.400524,0.412128,-0.707904,-0.410613,-37.7543,111.14,-182.048,0.193103,0
1,,38094,Port:10,0,0,0,Enabled,0.397614,0.419929,-0.71224,-0.397843,-40.1606,111.598,-181.672,0.172029,0
1,,38126,Port:10,0,0,0,Enabled,0.392773,0.435115,-0.715516,-0.380053,-44.9566,112.655,-179.497,0.155879,0
1,,38134,Port:10,0,0,0,Enabled,0.391786,0.440675,-0.714685,-0.376211,-46.1985,112.847,-178.909,0.15392,0
1,,38150,Port:10,0,0,0,Enabled,0.388777,0.449546,-0.713466,-0.371116,-48.7143,113.101,-177.41,0.145969,0
1,,38174,Port:10,0,0,0,Enabled,0.392158,0.458439,-0.714033,-0.35525,-52.4399,112.931,-175.944,0.131381,0
1,,38182,Port:10,0,0,0,Enabled,0.392847,0.460836,-0.713727,-0.351988,-53.687,112.865,-175.083,0.13365,0
1,,38198,Port:10,0,0,0,Enabled,0.393489,0.463482,-0.71555,-0.344004,-55.8746,113.245,-174.249,0.126432,0
1,,38214,Port:10,0,0,0,Enabled,0.392663,0.47011,-0.715814,-0.335296,-58.338,113.278,-173.837,0.122795,0
1,,38230,Port:10,0,0,0,Enabled,0.394141,0.474727,-0.714924,-0.328894,-61.0931,112.926,-173.2,0.116833,0
1,,38246,Port:10,0,0,0,Enabled,0.39342,0.482685,-0.712646,-0.323066,-63.6612,112.182,-172.567,0.118633,0
1,,38254,Port:10,0,0,0,Enabled,0.394725,0.486753,-0.710711,-0.319617,-64.9207,111.242,-172.028,0.118816,0
1,,38270,Port:10,0,0,0,Enabled,0.396864,0.49367,-0.707185,-0.314131,-67.3598,109.464,-171.169,0.11331,0
1,,38294,Port:10,0,0,0,Enabled,0.403291,0.507,-0.698524,-0.30393,-70.933,105.404,-169.146,0.101952,0
1,,38310,Port:10,0,0,0,Enabled,0.409351,0.511664,-0.693925,-0.298494,-73.27,103.104,-167.671,0.0968546,0
1,,38318,Port:10,0,0,0,Enabled,0.412548,0.512792,-0.692467,-0.295531,-74.3084,101.878,-166.915,0.0964739,0
1,,38334,Port:10,0,0,0,Enabled,0.41667,0.517065,-0.687609,-0.293638,-76.3881,100.035,-165.63,0.0908633,0
1,,38366,Port:10,0,0,0,Enabled,0.42979,0.519814,-0.680289,-0.286845,-79.6499,95.7323,-162.492,0.0869063,0
1,,38374,Port:10,0,0,0,Enabled,0.433907,0.520398,-0.677534,-0.286107,-80.3305,94.6635,-161.36,0.086342,0
1,,38390,Port:10,0,0,0,Enabled,0.439886,0.521674,-0.673357,-0.28451,-81.5588,92.5632,-159.726,0.0840325,0
1,,38414,Port:10,0,0,0,Enabled,0.445264,0.526012,-0.666633,-0.283994,-83.1795,90.1064,-157.564,0.0820086,0
1,,38422,Port:10,0,0,0,Enabled,0.447446,0.527318,-0.664192,-0.283862,-83.8043,89.4164,-156.853,0.0823179,0
1,,38438,Port:10,0,0,0,Enabled,0.451762,0.530385,-0.659011,-0.283384,-84.9559,88.0941,-155.259,0.0803256,0
1,,38454,Port:10,0,0,0,Enabled,0.454954,0.534359,-0.65283,-0.285113,-85.9673,86.9223,-153.205,0.0798614,0
1,,38470,Port:10,0,0,0,Enabled,0.461507,0.535835,-0.646821,-0.285507,-87.2094,85.7567,-151.076,0.0737747,0
1,,38486,Port:10,0,0,0,Enabled,0.469271,0.536776,-0.641623,-0.282801,-88.3572,84.0723,-149.008,0.0761961,0
1,,38502,Port:10,0,0,0,Enabled,0.47555,0.538118,-0.634672,-0.285436,-89.6485,82.9931,-146.57,0.0726028,0
1,,38510,Port:10,0,0,0,Enabled,0.480238,0.536634,-0.632517,-0.285163,-90.2073,82.4519,-145.34,0.0726725,0
1,,38534,Port:10,0,0,0,Enabled,0.491602,0.535016,-0.623716,-0.28821,-91.887,81.4937,-141.699,0.0731843,0
1,,38550,Port:10,0,0,0,Enabled,0.496198,0.534023,-0.620781,-0.288511,-92.582,80.7146,-139.849,0.0734342,0
1,,38558,Port:10,0,0,0,Enabled,0.49882,0.534039,-0.617625,-0.290724,-93.1652,80.2974,-138.7,0.0729806,0
1,,38574,Port:10,0,0,0,Enabled,0.505543,0.533968,-0.611865,-0.29142,-94.3954,78.5299,-136.642,0.0698897,0
1,,38606,Port:10,0,0,0,Enabled,0.517838,0.534611,-0.599439,-0.294462,-96.7066,74.2934,-132.032,0.0689958,0
1,,38614,Port:10,0,0,0,Enabled,0.520348,0.535559,-0.596282,-0.294727,-97.0965,73.2061,-130.93,0.069937,0
1,,38630,Port:10,0,0,0,Enabled,0.525961,0.534739,-0.590578,-0.297719,-97.9409,71.7559,-128.438,0.067169,0
1,,38654,Port:10,0,0,0,Enabled,0.530998,0.535089,-0.585459,-0.29826,-98.5149,69.7446,-125.749,0.0689167,0
1,,38662,Port:10,0,0,0,Enabled,0.532834,0.534864,-0.583731,-0.298775,-98.7148,69.1433,-124.833,0.0675478,0
1,,38678,Port:10,0,0,0,Enabled,0.536141,0.534118,-0.580761,-0.299979,-99.0728,67.9347,-123.09,0.0683931,0
1,,38694,Port:10,0,0,0,Enabled,0.54097,0.53279,-0.577586,-0.299802,-99.4957,66.7125,-121.349,0.0669621,0
1,,38710,Port:10,0,0,0,Enabled,0.546865,0.530671,-0.573997,-0.299757,-99.4168,65.7998,-119.229,0.0675912,0
1,,38726,Port:10,0,0,0,Enabled,0.553197,0.528894,-0.568504,-0.301741,-99.3298,65.0942,-116.734,0.0665578,0
1,,38742,Port:10,0,0,0,Enabled,0.55801,0.527285,-0.564213,-0.303743,-99.3425,64.3317,-114.607,0.0663928,0
1,,38750,Port:10,0,0,0,Enabled,0.560565,0.526775,-0.562378,-0.303327,-99.4438,63.7537,-113.921,0.0663527,0
1,,38774,Port:10,0,0,0,Enabled,0.564376,0.526642,-0.558353,-0.303925,-99.8766,61.6458,-112.687,0.0659451,0
1,,38790,Port:10,0,0,0,Enabled,0.566319,0.52806,-0.555683,-0.302741,-100.392,59.5178,-112.594,0.0628377,0
1,,38798,Port:10,0,0,0,Enabled,0.567207,0.528686,-0.555041,-0.301159,-100.519,58.3799,-112.599,0.0628566,0
1,,38814,Port:10,0,0,0,Enabled,0.569344,0.532041,-0.548374,-0.303423,-100.757,56.0744,-111.734,0.0607313,0
1,,38846,Port:10,0,0,0,Enabled,0.577482,0.535091,-0.535684,-0.305343,-100.595,51.3333,-109.225,0.0581511,0
1,,38854,Port:10,0,0,0,Enabled,0.579827,0.535739,-0.532277,-0.305723,-100.556,50.0798,-108.573,0.0565098,0
1,,38870,Port:10,0,0,0,Enabled,0.583197,0.537224,-0.527726,-0.304595,-100.411,47.9684,-107.797,0.0572504,0
1,,38894,Port:10,0,0,0,Enabled,0.584348,0.538707,-0.525343,-0.303887,-100.666,46.3024,-107.595,0.053923,0
1,,38902,Port:10,0,0,0,Enabled,0.585643,0.538458,-0.52449,-0.303307,-100.729,45.8383,-107.327,0.0539686,0
1,,38918,Port:10,0,0,0,Enabled,0.587286,0.539532,-0.520827,-0.304531,-100.872,44.722,-106.61,0.0523771,0
1,,38934,Port:10,0,0,0,Enabled,0.590459,0.540887,-0.515734,-0.304661,-100.831,43.0019,-105.823,0.051658,0
1,,38950,Port:10,0,0,0,Enabled,0.593318,0.543118,-0.51074,-0.303549,-100.678,40.8752,-105.377,0.0499263,0
1,,38966,Port:10,0,0,0,Enabled,0.598198,0.544575,-0.505081,-0.300816,-100.603,38.3084,-104.745,0.0482865,0
1,,38982,Port:10,0,0,0,Enabled,0.60425,0.545632,-0.498419,-0.297903,-100.556,35.5142,-104.077,0.0484335,0
1,,38990,Port:10,0,0,0,Enabled,0.605852,0.546766,-0.495502,-0.297436,-100.504,34.1917,-103.923,0.046848,0
1,,39014,Port:10,0,0,0,Enabled,0.60968,0.55231,-0.483818,-0.298603,-100.218,29.8629,-103.481,0.0428047,0
1,,39022,Port:10,0,0,0,Enabled,0.611457,0.553247,-0.48043,-0.298706,-100.007,28.3426,-103.252,0.0410278,0
1,,39038,Port:10,0,0,0,Enabled,0.615304,0.555209,-0.471783,-0.30094,-99.636,25.3333,-102.671,0.0393473,0
1,,39054,Port:10,0,0,0,Enabled,0.61758,0.556113,-0.467813,-0.300808,-99.2895,22.7673,-103.003,0.0375639,0
1,,39086,Port:10,0,0,0,Enabled,0.619389,0.557864,-0.459278,-0.306935,-98.8955,17.9498,-103.832,0.0338855,0
1,,39094,Port:10,0,0,0,Enabled,0.620467,0.558307,-0.455743,-0.309212,-98.6894,16.3695,-103.736,0.0338798,0
1,,39118,Port:10,0,0,0,Enabled,0.625139,0.558962,-0.445364,-0.31371,-97.8555,11.273,-103.719,0.0312508,0
1,,39134,Port:10,0,0,0,Enabled,0.627675,0.55896,-0.438621,-0.318118,-97.1259,8.14623,-103.513,0.0329604,0
1,,39142,Port:10,0,0,0,Enabled,0.629665,0.558068,-0.435296,-0.320312,-96.7805,6.69746,-103.339,0.0324446,0
1,,39158,Port:10,0,0,0,Enabled,0.629687,0.55976,-0.427128,-0.328215,-96.0075,3.79768,-103.197,0.0350607,0
1,,39174,Port:10,0,0,0,Enabled,0.633124,0.55898,-0.417691,-0.335008,-94.7358,0.583532,-102.286,0.0419408,0
1,,39190,Port:10,0,0,0,Enabled,0.635861,0.559441,-0.404039,-0.345628,-92.7544,-2.89278,-100.708,0.048017,0
1,,39206,Port:10,0,0,0,Enabled,0.637559,0.558745,-0.394085,-0.354993,-90.9555,-6.17847,-99.8369,0.0600456,0
1,,39222,Port:10,0,0,0,Enabled,0.638766,0.556555,-0.39175,-0.358828,-89.7384,-8.80527,-100.037,0.0726416,0
1,,39238,Port:10,0,0,0,Enabled,0.640568,0.553724,-0.38931,-0.36263,-88.7755,-11.1319,-100.216,0.0849581,0
1,,39254,Port:10,0,0,0,Enabled,0.641369,0.551237,-0.383751,-0.370835,-88.0986,-13.2288,-99.8632,0.0958033,0
1,,39270,Port:10,0,0,0,Enabled,0.640587,0.548751,-0.380225,-0.379406,-87.0103,-14.9748,-99.5241,0.114607,0
1,,39278,Port:10,0,0,0,Enabled,0.641349,0.546392,-0.379585,-0.382156,-86.474,-15.7342,-99.3152,0.121482,0
1,,39310,Port:10,0,0,0,Enabled,0.648964,0.535743,-0.367953,-0.39552,-83.0438,-19.4905,-96.39,0.169041,0
1,,39326,Port:10,0,0,0,Enabled,0.650715,0.52935,-0.358756,-0.409454,-80.9696,-21.0667,-94.1075,0.213083,0
1,,39334,Port:10,0,0,0,Enabled,0.651455,0.52386,-0.356212,-0.417482,-79.9725,-21.4439,-92.859,0.245898,0
1,,39358,Port:10,0,0,0,Enabled,0.655838,0.512742,-0.349843,-0.429631,-77.6033,-23.2262,-90.7548,0.307218,0
1,,39374,Port:10,0,0,0,Enabled,0.658597,0.50538,-0.35541,-0.429564,-77.0185,-24.2272,-91.1712,0.31673,0
1,,39382,Port:10,0,0,0,Enabled,0.658141,0.501811,-0.357715,-0.432523,-76.8895,-24.3999,-91.3211,0.314689,0
1,,39398,Port:10,0,0,0,Enabled,0.655846,0.497924,-0.356246,-0.441617,-76.3795,-25.0997,-91.361,0.327622,0
1,,39414,Port:10,0,0,0,Enabled,0.651981,0.493549,-0.352993,-0.454671,-75.5913,-25.7807,-91.1561,0.333246,0
1,,39430,Port:10,0,0,0,Enabled,0.645003,0.483986,-0.3518,-0.475359,-74.7532,-25.1487,-90.2867,0.320661,0
1,,39446,Port:10,0,0,0,Enabled,0.638246,0.47774,-0.349907,-0.491907,-73.8765,-25.1817,-90.2118,0.271317,0
1,,39462,Port:10,0,0,0,Enabled,0.636012,0.467608,-0.353612,-0.501787,-73.1313,-25.1015,-90.6873,0.206125,0
1,,39478,Port:10,0,0,0,Enabled,0.632709,0.461286,-0.352944,-0.512177,-72.1849,-25.7016,-91.5915,0.16587,0
1,,39494,Port:10,0,0,0,Enabled,0.63108,0.457852,-0.351698,-0.518091,-71.2379,-27.24,-93.345,0.153439,0
1,,39510,Port:10,0,0,0,Enabled,0.633523,0.456188,-0.351607,-0.516637,-70.5396,-29.5146,-95.9534,0.151869,0
1,,39518,Port:10,0,0,0,Enabled,0.634076,0.456097,-0.350885,-0.516529,-70.2482,-30.7703,-97.3993,0.152952,0
1,,39550,Port:10,0,0,0,Enabled,0.629557,0.454615,-0.351284,-0.523052,-69.6158,-34.8254,-103.93,0.158686,0
1,,39566,Port:10,0,0,0,Enabled,0.627648,0.454438,-0.349674,-0.526567,-69.2142,-36.9986,-107.077,0.153413,0
1,,39574,Port:10,0,0,0,Enabled,0.62759,0.452986,-0.349196,-0.528202,-68.9209,-38.0017,-108.465,0.150775,0
1,,39598,Port:10,0,0,0,Enabled,0.629174,0.443887,-0.348628,-0.534381,-67.4312,-40.2977,-111.986,0.14088,0
1,,39614,Port:10,0,0,0,Enabled,0.632452,0.43639,-0.350749,-0.535298,-66.3643,-41.4548,-114.206,0.133728,0
1,,39622,Port:10,0,0,0,Enabled,0.634404,0.431727,-0.352476,-0.535635,-65.8592,-41.7663,-115.305,0.132247,0
1,,39638,Port:10,0,0,0,Enabled,0.637917,0.422402,-0.355501,-0.536898,-64.685,-42.3231,-117.15,0.124947,0
1,,39654,Port:10,0,0,0,Enabled,0.639484,0.415142,-0.354022,-0.541652,-63.1655,-42.7921,-118.226,0.120821,0
1,,39670,Port:10,0,0,0,Enabled,0.641607,0.406866,-0.351627,-0.546956,-61.223,-43.1469,-118.883,0.114428,0
1,,39686,Port:10,0,0,0,Enabled,0.643894,0.398227,-0.35074,-0.551179,-59.2459,-43.2619,-119.536,0.112073,0
1,,39702,Port:10,0,0,0,Enabled,0.646041,0.388437,-0.348498,-0.557043,-57.0531,-43.1204,-119.969,0.108766,0
1,,39718,Port:10,0,0,0,Enabled,0.654338,0.375798,-0.348831,-0.555819,-54.5564,-42.9016,-120.486,0.109584,0
1,,39734,Port:10,0,0,0,Enabled,0.66255,0.366509,-0.344297,-0.55512,-51.5385,-43.4729,-120.744,0.113055,0
1,,39750,Port:10,0,0,0,Enabled,0.665233,0.359382,-0.339466,-0.55953,-48.5467,-43.8047,-121.124,0.112895,0
1,,39758,Port:10,0,0,0,Enabled,0.66579,0.355305,-0.339932,-0.561184,-47.2674,-43.6822,-121.676,0.112646,0
1,,39790,Port:10,0,0,0,Enabled,0.665506,0.34645,-0.338449,-0.567915,-44.2282,-44.0486,-124.767,0.111958,0
1,,39806,Port:10,0,0,0,Enabled,0.664445,0.341906,-0.33861,-0.571801,-43.0292,-43.9732,-126.491,0.109553,0
1,,39814,Port:10,0,0,0,Enabled,0.663127,0.33943,-0.337772,-0.575292,-42.1422,-44.0199,-127.254,0.108624,0
1,,39838,Port:10,0,0,0,Enabled,0.66356,0.333029,-0.333752,-0.580853,-39.2548,-44.4994,-129.266,0.111685,0
1,,39854,Port:10,0,0,0,Enabled,0.665093,0.326335,-0.332208,-0.583776,-36.9172,-44.605,-130.428,0.110533,0
1,,39862,Port:10,0,0,0,Enabled,0.663848,0.323905,-0.331284,-0.587064,-35.9066,-44.4689,-130.969,0.108002,0
1,,39878,Port:10,0,0,0,Enabled,0.665705,0.315701,-0.333077,-0.588414,-34.1822,-43.5758,-132.297,0.108408,0
1,,39894,Port:10,0,0,0,Enabled,0.665699,0.303808,-0.337625,-0.592077,-32.2597,-41.5644,-133.453,0.107616,0
1,,39910,Port:10,0,0,0,Enabled,0.666009,0.295552,-0.337122,-0.596181,-30.1289,-40.5094,-134.246,0.108347,0
1,,39926,Port:10,0,0,0,Enabled,0.667642,0.286788,-0.338195,-0.598023,-27.7531,-39.5546,-134.988,0.10692,0
1,,39942,Port:10,0,0,0,Enabled,0.667574,0.277474,-0.340093,-0.601407,-25.4792,-38.644,-135.637,0.100897,0
1,,39958,Port:10,0,0,0,Enabled,0.668988,0.268738,-0.339818,-0.603952,-22.9176,-38.2387,-136.181,0.10179,0
1,,39974,Port:10,0,0,0,Enabled,0.667179,0.258035,-0.344657,-0.607866,-20.6925,-36.8392,-137.229,0.0999522,0
1,,39990,Port:10,0,0,0,Enabled,0.663791,0.244453,-0.353613,-0.612031,-18.5954,-34.2107,-138.961,0.098926,0
1,,39998,Port:10,0,0,0,Enabled,0.661987,0.238087,-0.35694,-0.614559,-17.5482,-33.0534,-139.767,0.102422,0
1,,40030,Port:10,0,0,0,Enabled,0.660576,0.219821,-0.364016,-0.618717,-12.8826,-30.6919,-142.426,0.114597,0
1,,40046,Port:10,0,0,0,Enabled,0.658479,0.210767,-0.368198,-0.621622,-10.6726,-29.6791,-143.605,0.122013,0
1,,40062,Port:10,0,0,0,Enabled,0.65689,0.20221,-0.370969,-0.624491,-8.74786,-28.3083,-144.917,0.13799,0
1,,40078,Port:10,0,0,0,Enabled,0.650975,0.192764,-0.379458,-0.628558,-7.21176,-25.9525,-146.869,0.153537,0
1,,40094,Port:10,0,0,0,Enabled,0.645574,0.187058,-0.383313,-0.633494,-5.31935,-24.1193,-148.467,0.164886,0
1,,40110,Port:10,0,0,0,Enabled,0.642799,0.181582,-0.385482,-0.636585,-3.10649,-22.8758,-149.458,0.177354,0
1,,40118,Port:10,0,0,0,Enabled,0.642089,0.178989,-0.387012,-0.637108,-1.98818,-21.9532,-150.138,0.183233,0
1,,40134,Port:10,0,0,0,Enabled,0.638708,0.169519,-0.392504,-0.639732,0.391374,-19.4281,-151.404,0.196693,0
1,,40150,Port:10,0,0,0,Enabled,0.633941,0.162545,-0.396053,-0.644081,2.47295,-17.0378,-152.734,0.213352,0
1,,40166,Port:10,0,0,0,Enabled,0.632401,0.155841,-0.400866,-0.644274,4.17182,-14.7992,-154.205,0.218181,0
1,,40182,Port:10,0,0,0,Enabled,0.631183,0.150267,-0.402738,-0.645624,5.99798,-12.8364,-155.377,0.22492,0
1,,40198,Port:10,0,0,0,Enabled,0.630248,0.145156,-0.405974,-0.64568,7.33696,-11.0443,-156.468,0.230235,0
1,,40214,Port:10,0,0,0,Enabled,0.63198,0.14044,-0.409609,-0.642728,8.41521,-8.89135,-157.76,0.237053,0
1,,40230,Port:10,0,0,0,Enabled,0.629284,0.132887,-0.41583,-0.642984,9.95385,-5.40185,-159.097,0.237388,0
1,,40238,Port:10,0,0,0,Enabled,0.629045,0.128482,-0.417906,-0.642767,10.794,-3.51415,-159.619,0.241066,0
1,,40270,Port:10,0,0,0,Enabled,0.625388,0.11452,-0.425662,-0.643885,13.8039,3.83135,-161.614,0.248328,0
1,,40286,Port:10,0,0,0,Enabled,0.623583,0.108719,-0.430539,-0.643398,14.477,7.40039,-162.772,0.248782,0
1,,40302,Port:10,0,0,0,Enabled,0.624708,0.104125,-0.434429,-0.640445,14.5927,10.5926,-163.719,0.253146,0
1,,40318,Port:10,0,0,0,Enabled,0.624145,0.0975691,-0.441499,-0.637183,14.5638,14.6057,-165.038,0.246311,0
1,,40334,Port:10,0,0,0,Enabled,0.628612,0.0960664,-0.444072,-0.631205,14.0581,16.8462,-165.554,0.248089,0
1,,40350,Port:10,0,0,0,Enabled,0.631008,0.0946371,-0.446808,-0.627086,13.9233,19.2393,-166.24,0.250278,0
1,,40358,Port:10,0,0,0,Enabled,0.631913,0.0918962,-0.448701,-0.625227,14.1392,20.6892,-166.484,0.248309,0
1,,40374,Port:10,0,0,0,Enabled,0.632063,0.0863961,-0.450879,-0.624293,15.0283,24.3551,-166.792,0.244784,0
1,,40390,Port:10,0,0,0,Enabled,0.633853,0.0840678,-0.453353,-0.620994,15.5378,27.9995,-166.737,0.24003,0
1,,40406,Port:10,0,0,0,Enabled,0.635326,0.0807164,-0.458854,-0.615873,15.5277,32.7983,-166.893,0.232346,0
1,,40422,Port:10,0,0,0,Enabled,0.639005,0.0793624,-0.461121,-0.610526,15.7918,37.4472,-166.076,0.226005,0
1,,40438,Port:10,0,0,0,Enabled,0.639271,0.0755649,-0.463063,-0.609258,16.7119,42.2842,-165.079,0.219713,0
1,,40454,Port:10,0,0,0,Enabled,0.648164,0.076836,-0.460639,-0.601491,17.5874,45.1938,-163.425,0.21893,0
1,,40470,Port:10,0,0,0,Enabled,0.657946,0.0784839,-0.459662,-0.591319,17.965,47.486,-162.036,0.224791,0
1,,40478,Port:10,0,0,0,Enabled,0.663766,0.0782514,-0.459537,-0.584907,18.3872,48.9096,-161.448,0.224112,0
1,,40510,Port:10,0,0,0,Enabled,0.674312,0.0734656,-0.459979,-0.572998,20.5826,57.4643,-159.426,0.218926,0
1,,40526,Port:10,0,0,0,Enabled,0.675912,0.0782842,-0.461854,-0.568951,20.5346,61.5356,-158.621,0.216976,0
1,,40542,Port:10,0,0,0,Enabled,0.682923,0.0886488,-0.463112,-0.557929,19.3125,64.4992,-157.715,0.220737,0
1,,40558,Port:10,0,0,0,Enabled,0.686338,0.103254,-0.464678,-0.549866,17.52,66.9632,-156.583,0.21959,0
1,,40574,Port:10,0,0,0,Enabled,0.684421,0.119559,-0.466155,-0.547698,15.9076,69.7768,-155.388,0.221569,0
1,,40590,Port:10,0,0,0,Enabled,0.684299,0.135891,-0.464299,-0.545614,14.8672,72.7988,-153.461,0.21628,0
1,,40598,Port:10,0,0,0,Enabled,0.685323,0.142121,-0.463095,-0.543762,14.6256,74.5239,-152.386,0.217989,0
1,,40614,Port:10,0,0,0,Enabled,0.687643,0.158387,-0.458447,-0.540266,14.5039,77.8071,-149.71,0.221677,0
1,,40630,Port:10,0,0,0,Enabled,0.684403,0.176209,-0.451943,-0.544327,15.4407,81.6249,-146.341,0.222125,0
1,,40646,Port:10,0,0,0,Enabled,0.682942,0.188669,-0.447497,-0.545655,16.259,86.0517,-143.168,0.216844,0
1,,40662,Port:10,0,0,0,Enabled,0.684034,0.194328,-0.449247,-0.540843,16.3674,90.6595,-141.108,0.212157,0
1,,40678,Port:10,0,0,0,Enabled,0.680931,0.209449,-0.445771,-0.541989,16.3237,94.745,-138.644,0.216786,0
1,,40694,Port:10,0,0,0,Enabled,0.685629,0.213929,-0.444251,-0.535527,16.5677,98.8681,-136.139,0.21379,0
1,,40710,Port:10,0,0,0,Enabled,0.686462,0.223724,-0.44202,-0.532293,16.7501,103.081,-133.481,0.215942,0
1,,40734,Port:10,0,0,0,Enabled,0.687445,0.240594,-0.442267,-0.523386,16.5964,109.781,-130.043,0.228139,0
1,,40750,Port:10,0,0,0,Enabled,0.685848,0.252698,-0.444028,-0.518261,15.7397,113.017,-128.362,0.248475,0
1,,40766,Port:10,0,0,0,Enabled,0.68681,0.274007,-0.439627,-0.509844,14.2113,113.49,-126.663,0.274014,0
1,,40782,Port:10,0,0,0,Enabled,0.700005,0.290342,-0.438248,-0.483355,11.6867,111.893,-126.248,0.361661,0
1,,40798,Port:10,0,0,0,Enabled,0.71592,0.301413,-0.440477,-0.450098,8.97923,110.33,-126.558,0.496209,0
1,,40814,Port:10,0,0,0,Enabled,0.723846,0.314232,-0.436953,-0.431715,6.84334,108.926,-125.946,0.606135,0
1,,40830,Port:10,0,0,0,Enabled,0.726308,0.328429,-0.433525,-0.420317,4.21935,107.476,-125.974,0.629195,0
1,,40838,Port:10,0,0,0,Enabled,0.713263,0.35395,-0.422061,-0.433405,3.00702,106.66,-125.861,0.535877,0
1,,40854,Port:10,0,0,0,Enabled,0.693099,0.398535,-0.399897,-0.448181,1.86011,105.293,-125.594,0.357157,0
1,,40870,Port:10,0,0,0,Enabled,0.681878,0.424106,-0.386351,-0.453773,0.305273,104.086,-125.633,0.228991,0
1,,40886,Port:10,0,0,0,Enabled,0.669693,0.447225,-0.370839,-0.462578,-1.17904,103.05,-125.097,0.182156,0
1,,40902,Port:10,0,0,0,Enabled,0.647074,0.480044,-0.344218,-0.482045,-2.39679,101.839,-124.243,0.174978,0
1,,40918,Port:10,0,0,0,Enabled,0.650475,0.487467,-0.332618,-0.478145,-3.20742,100.522,-122.61,0.183933,0
1,,40934,Port:10,0,0,0,Enabled,0.637167,0.505827,-0.307351,-0.493652,-3.61658,99.4469,-120.116,0.194685,0
1,,40950,Port:10,0,0,0,Enabled,0.634258,0.517096,-0.303219,-0.488249,-5.77531,98.3041,-120.481,0.196599,0
1,,40958,Port:10,0,0,0,Enabled,0.630082,0.525536,-0.300699,-0.486198,-7.19452,97.6662,-121.091,0.202251,0
1,,40990,Port:10,0,0,0,Enabled,0.617641,0.550657,-0.28661,-0.482858,-11.7409,95.2888,-122.354,0.196092,0
1,,41006,Port:10,0,0,0,Enabled,0.618637,0.5565,-0.291886,-0.471593,-14.2749,93.6842,-124.031,0.190914,0
1,,41022,Port:10,0,0,0,Enabled,0.605763,0.570961,-0.276366,-0.480289,-16.0712,91.4793,-124.06,0.183458,0
1,,41038,Port:10,0,0,0,Enabled,0.60289,0.575504,-0.265143,-0.484787,-17.6931,88.7863,-122.896,0.178962,0
1,,41054,Port:10,0,0,0,Enabled,0.607527,0.576478,-0.265818,-0.477414,-19.5612,86.1821,-122.464,0.177317,0
1,,41070,Port:10,0,0,0,Enabled,0.591971,0.591086,-0.248099,-0.488502,-21.4834,83.8178,-121.787,0.170255,0
1,,41078,Port:10,0,0,0,Enabled,0.586177,0.594658,-0.239707,-0.495296,-22.0308,83.2451,-120.719,0.167537,0
1,,41094,Port:10,0,0,0,Enabled,0.585926,0.592582,-0.233509,-0.50101,-23.5333,82.4719,-118.036,0.167282,0
1,,41110,Port:10,0,0,0,Enabled,0.579096,0.595835,-0.229899,-0.506729,-25.1062,82.3581,-116.471,0.166571,0
1,,41126,Port:10,0,0,0,Enabled,0.56368,0.603193,-0.225346,-0.517342,-27.0439,82.8451,-115.244,0.160499,0
1,,41142,Port:10,0,0,0,Enabled,0.551729,0.604592,-0.233786,-0.524794,-29.5357,84.6082,-114.036,0.166639,0
1,,41158,Port:10,0,0,0,Enabled,0.542879,0.606266,-0.23826,-0.530053,-31.3353,85.9082,-112.247,0.165838,0
1,,41174,Port:10,0,0,0,Enabled,0.542056,0.602917,-0.251386,-0.52865,-32.8158,87.5011,-110.3,0.169779,0
1,,41190,Port:10,0,0,0,Enabled,0.528255,0.604221,-0.270221,-0.531832,-34.7242,90.1089,-109.503,0.171893,0
1,,41198,Port:10,0,0,0,Enabled,0.521008,0.605478,-0.280652,-0.532148,-35.7843,91.4968,-109.456,0.175961,0
1,,41230,Port:10,0,0,0,Enabled,0.502009,0.612251,-0.30719,-0.527988,-40.6032,92.5567,-108.692,0.200303,0
1,,41246,Port:10,0,0,0,Enabled,0.495435,0.614953,-0.321077,-0.522769,-43.4672,91.2903,-107.825,0.21213,0
1,,41262,Port:10,0,0,0,Enabled,0.489614,0.616638,-0.332619,-0.519039,-46.188,89.8281,-106.406,0.216078,0
1,,41278,Port:10,0,0,0,Enabled,0.483752,0.61939,-0.339624,-0.516716,-49.1023,87.6786,-104.83,0.205725,0
1,,41294,Port:10,0,0,0,Enabled,0.481503,0.621325,-0.351703,-0.508346,-52.0334,85.824,-104.2,0.181886,0
1,,41310,Port:10,0,0,0,Enabled,0.480725,0.622068,-0.363598,-0.499731,-54.8716,84.7263,-104.141,0.156436,0
1,,41318,Port:10,0,0,0,Enabled,0.481182,0.620776,-0.376626,-0.491177,-56.1438,84.8285,-105.057,0.148844,0
1,,41334,Port:10,0,0,0,Enabled,0.483925,0.612628,-0.415763,-0.466524,-58.2746,86.3442,-108.672,0.125147,0
1,,41350,Port:10,0,0,0,Enabled,0.483578,0.607686,-0.440302,-0.450559,-59.8292,87.5595,-111.228,0.108703,0
1,,41366,Port:10,0,0,0,Enabled,0.478829,0.6046,-0.457241,-0.442846,-60.9357,89.0531,-112.985,0.0932921,0
1,,41382,Port:10,0,0,0,Enabled,0.471586,0.60246,-0.476378,-0.433259,-61.8066,90.2951,-115.411,0.089463,0
1,,41398,Port:10,0,0,0,Enabled,0.461033,0.603664,-0.490661,-0.426954,-62.7615,91.3649,-117.848,0.0801205,0
1,,41414,Port:10,0,0,0,Enabled,0.451666,0.603507,-0.507081,-0.417908,-63.6864,92.1071,-120.273,0.0788858,0
1,,41430,Port:10,0,0,0,Enabled,0.446258,0.600852,-0.52175,-0.409399,-64.6467,92.5899,-122.32,0.0781969,0
1,,41438,Port:10,0,0,0,Enabled,0.444454,0.601105,-0.524847,-0.407025,-65.0895,92.4748,-122.945,0.0785171,0
1,,41470,Port:10,0,0,0,Enabled,0.434344,0.610287,-0.518709,-0.412111,-66.0326,91.7314,-124.092,0.0733797,0
1,,41486,Port:10,0,0,0,Enabled,0.43599,0.602482,-0.532785,-0.403817,-66.2032,91.9445,-126.423,0.0774886,0
1,,41502,Port:10,0,0,0,Enabled,0.43517,0.598493,-0.543976,-0.39563,-67.0138,92.1452,-129.353,0.0766184,0
1,,41518,Port:10,0,0,0,Enabled,0.435011,0.592499,-0.558599,-0.384289,-68.3442,91.9671,-132.822,0.0774212,0
1,,41534,Port:10,0,0,0,Enabled,0.435483,0.584577,-0.574537,-0.372199,-69.9128,91.1301,-136.806,0.0775378,0
1,,41550,Port:10,0,0,0,Enabled,0.426946,0.58825,-0.580772,-0.366582,-71.0538,89.3342,-140.542,0.075882,0
1,,41558,Port:10,0,0,0,Enabled,0.420592,0.591826,-0.582435,-0.365531,-71.3014,88.515,-142.377,0.074391,0
1,,41574,Port:10,0,0,0,Enabled,0.413722,0.586938,-0.597974,-0.356041,-71.1277,86.7917,-146.482,0.0767512,0
1,,41590,Port:10,0,0,0,Enabled,0.404696,0.587436,-0.606419,-0.351278,-71.0489,84.3754,-149.874,0.0788338,0
1,,41606,Port:10,0,0,0,Enabled,0.399121,0.589914,-0.610249,-0.346842,-71.7186,80.4779,-152.841,0.0806542,0
1,,41622,Port:10,0,0,0,Enabled,0.397724,0.590061,-0.616042,-0.33784,-72.6572,75.6785,-157.008,0.0807294,0
1,,41638,Port:10,0,0,0,Enabled,0.39519,0.591936,-0.619388,-0.331354,-73.7152,70.899,-161.243,0.0849601,0
1,,41654,Port:10,0,0,0,Enabled,0.38961,0.596497,-0.620316,-0.328031,-74.9155,66.7528,-165.926,0.0977956,0
1,,41670,Port:10,0,0,0,Enabled,0.385344,0.600815,-0.622405,-0.32116,-75.9981,62.9618,-171.198,0.105554,0
1,,41678,Port:10,0,0,0,Enabled,0.382439,0.603467,-0.623376,-0.317759,-76.3181,61.3123,-173.824,0.108063,0
1,,41710,Port:10,0,0,0,Enabled,0.377103,0.614362,-0.621061,-0.307629,-78.3893,55.412,-183.673,0.134149,0
1,,41726,Port:10,0,0,0,Enabled,0.376109,0.622056,-0.616178,-0.303171,-79.3946,52.3173,-188.694,0.137431,0
1,,41742,Port:10,0,0,0,Enabled,0.37878,0.627586,-0.611143,-0.298605,-79.9336,49.1656,-193.013,0.146947,0
1,,41758,Port:10,0,0,0,Enabled,0.384739,0.633258,-0.602136,-0.297309,-80.4753,45.8349,-196.582,0.147277,0
1,,41774,Port:10,0,0,0,Enabled,0.392722,0.637605,-0.591908,-0.298119,-81.2685,42.4555,-199.272,0.156869,0
1,,41790,Port:10,0,0,0,Enabled,0.400308,0.641732,-0.579917,-0.302704,-82.3896,39.1965,-201.754,0.154321,0
1,,41798,Port:10,0,0,0,Enabled,0.403979,0.644197,-0.572366,-0.306934,-83.1506,37.5096,-202.651,0.160974,0
1,,41814,Port:10,0,0,0,Enabled,0.410822,0.64796,-0.557242,-0.317577,-84.3856,34.6504,-204.105,0.152395,0
1,,41830,Port:10,0,0,0,Enabled,0.423297,0.646592,-0.540717,-0.33221,-86.3598,31.7719,-204.776,0.161127,0
1,,41846,Port:10,0,0,0,Enabled,0.43773,0.641646,-0.524625,-0.348501,-87.6295,28.8304,-204.422,0.161414,0
1,,41862,Port:10,0,0,0,Enabled,0.44674,0.641646,-0.504474,-0.36636,-88.485,25.4263,-204.986,0.173626,0
1,,41878,Port:10,0,0,0,Enabled,0.45721,0.639112,-0.486827,-0.381437,-88.145,22.1089,-205.138,0.182863,0
1,,41894,Port:10,0,0,0,Enabled,0.469303,0.635072,-0.471513,-0.392574,-87.6981,18.5593,-205.74,0.201506,0
1,,41910,Port:10,0,0,0,Enabled,0.480151,0.630883,-0.462185,-0.397274,-86.8048,15.8189,-206.834,0.21573,0
1,,41934,Port:10,0,0,0,Enabled,0.489095,0.624492,-0.450872,-0.40928,-85.6511,13.036,-207.942,0.251104,0
1,,41950,Port:10,0,0,0,Enabled,0.489575,0.622598,-0.442749,-0.420312,-85.5197,12.2767,-209.822,0.263073,0
1,,41966,Port:10,0,0,0,Enabled,0.488399,0.620944,-0.432824,-0.434233,-85.0558,11.8055,-210.642,0.276609,0
1,,41982,Port:10,0,0,0,Enabled,0.489172,0.615764,-0.428475,-0.444921,-84.3842,11.1531,-211.663,0.304365,0
1,,41998,Port:10,0,0,0,Enabled,0.494557,0.613964,-0.42588,-0.443945,-83.3782,9.5285,-213.364,0.313405,0
1,,42014,Port:10,0,0,0,Enabled,0.506287,0.610103,-0.423192,-0.438584,-82.2549,7.00277,-214.626,0.317493,0
1,,42030,Port:10,0,0,0,Enabled,0.513284,0.610488,-0.410343,-0.442111,-81.0303,3.81476,-214.53,0.330147,0
1,,42038,Port:10,0,0,0,Enabled,0.515099,0.6136,-0.399761,-0.445377,-80.2896,2.00549,-214.352,0.313463,0
1,,42054,Port:10,0,0,0,Enabled,0.522798,0.611381,-0.390096,-0.448019,-79.4668,-2.34042,-214.749,0.327444,0
1,,42070,Port:10,0,0,0,Enabled,0.52744,0.616973,-0.375548,-0.447343,-79.3907,-7.24191,-216.72,0.312284,0
1,,42086,Port:10,0,0,0,Enabled,0.524821,0.625324,-0.378641,-0.436077,-79.2214,-10.8252,-221.458,0.329856,0
1,,42102,Port:10,0,0,0,Enabled,0.535497,0.613528,-0.398314,-0.422104,-77.8842,-11.1275,-223.317,0.332079,0
1,,42118,Port:10,0,0,0,Enabled,0.552389,0.596563,-0.389336,-0.432893,-77.4151,-12.4089,-221.556,0.345372,0
1,,42134,Port:10,0,0,0,Enabled,0.542348,0.603216,-0.357237,-0.463003,-77.8789,-13.5202,-219.822,0.315743,0
1,,42158,Port:10,0,0,0,Enabled,0.522207,0.613048,-0.359979,-0.47105,-79.5401,-11.9951,-224.291,0.346883,0
1,,42174,Port:10,0,0,0,Enabled,0.529042,0.617768,-0.354076,-0.461636,-78.3638,-14.8176,-226.011,0.329344,0
1,,42190,Port:10,0,0,0,Enabled,0.522758,0.632695,-0.335617,-0.462366,-77.2849,-17.6668,-228.253,0.308268,0
1,,42206,Port:10,0,0,0,Enabled,0.510253,0.647028,-0.32537,-0.463823,-76.667,-18.387,-230.162,0.33198,0
1,,42222,Port:10,0,0,0,Enabled,0.497402,0.657981,-0.308004,-0.474116,-76.8579,-18.6547,-230.626,0.323493,0
1,,42238,Port:10,0,0,0,Enabled,0.49411,0.665431,-0.291638,-0.477498,-76.4718,-20.901,-229.625,0.305233,0
1,,42254,Port:10,0,0,0,Enabled,0.493745,0.672376,-0.284472,-0.472443,-76.3979,-23.6344,-230.165,0.310771,0
1,,42270,Port:10,0,0,0,Enabled,0.496085,0.677756,-0.277488,-0.466419,-75.939,-27.3096,-230.199,0.302054,0
1,,42278,Port:10,0,0,0,Enabled,0.498279,0.678497,-0.272371,-0.466019,-75.7144,-29.1801,-229.727,0.309808,0
1,,42294,Port:10,0,0,0,Enabled,0.504034,0.678189,-0.258287,-0.468292,-74.681,-33.4478,-227.542,0.290298,0
1,,42310,Port:10,0,0,0,Enabled,0.509953,0.675649,-0.250128,-0.469982,-74.2473,-37.1928,-224.72,0.296894,0
1,,42326,Port:10,0,0,0,Enabled,0.516381,0.671378,-0.243499,-0.472557,-74.1674,-40.2266,-220.961,0.296977,0
1,,42342,Port:10,0,0,0,Enabled,0.521633,0.662112,-0.23777,-0.482671,-74.7695,-41.8849,-215.355,0.306631,0
1,,42358,Port:10,0,0,0,Enabled,0.531259,0.647876,-0.22601,-0.49693,-75.3501,-43.2594,-207.469,0.286552,0
1,,42374,Port:10,0,0,0,Enabled,0.541367,0.631822,-0.215484,-0.511165,-75.5557,-43.5326,-198.202,0.296193,0
1,,42390,Port:10,0,0,0,Missing,,,,,,,,,0
1,,42414,Port:10,0,0,0,Enabled,0.567247,0.588516,-0.206114,-0.537956,-75.805,-38.1128,-173.275,0.249708,0
1,,42430,Port:10,0,0,0,Enabled,0.576113,0.570852,-0.206491,-0.547342,-75.4761,-34.6973,-163.27,0.234145,0
1,,42446,Port:10,0,0,0,Enabled,0.585018,0.550653,-0.205344,-0.558901,-74.9108,-31.0955,-153.198,0.208595,0
1,,42462,Port:10,0,0,0,Enabled,0.595238,0.530243,-0.200311,-0.56957,-73.5949,-27.9848,-143.078,0.154233,0
1,,42478,Port:10,0,0,0,Enabled,0.602629,0.517482,-0.19912,-0.573936,-73.1636,-25.0563,-135.222,0.127361,0
1,,42494,Port:10,0,0,0,Enabled,0.607779,0.512746,-0.207945,-0.56961,-74.2638,-21.9183,-129.731,0.134313,0
1,,42510,Port:10,0,0,0,Enabled,0.611156,0.513499,-0.219444,-0.560938,-76.1584,-19.1786,-125.696,0.158357,0
1,,42518,Port:10,0,0,0,Enabled,0.612353,0.515562,-0.225143,-0.555456,-77.1083,-18.1478,-123.937,0.172992,0
1,,42534,Port:10,0,0,0,Enabled,0.614339,0.521907,-0.241317,-0.54034,-78.993,-16.1397,-120.949,0.240071,0
1,,42558,Port:10,0,0,0,Enabled,0.61595,0.533762,-0.268552,-0.513404,-81.1028,-14.0905,-118.126,0.311684,0
1,,42566,Port:10,0,0,0,Enabled,0.615269,0.539073,-0.276373,-0.504443,-81.6198,-13.9478,-117.771,0.312132,0
1,,42582,Port:10,0,0,0,Enabled,0.614062,0.552405,-0.295268,-0.480201,-83.0868,-14.1351,-118.746,0.27699,0
1,,42598,Port:10,0,0,0,Enabled,0.608832,0.570054,-0.319722,-0.4496,-84.896,-14.574,-122.329,0.22618,0
1,,42614,Port:10,0,0,0,Enabled,0.600275,0.588636,-0.338482,-0.422621,-86.3244,-15.5946,-127.271,0.169996,0
1,,42630,Port:10,0,0,0,Enabled,0.592174,0.607209,-0.355423,-0.392813,-86.9733,-17.6008,-133.549,0.150698,0
1,,42654,Port:10,0,0,0,Enabled,0.576326,0.637377,-0.374922,-0.347897,-86.5548,-22.3029,-145.334,0.133121,0
1,,42678,Port:10,0,0,0,Enabled,0.558878,0.663766,-0.388606,-0.309927,-84.811,-27.0313,-157.914,0.127894,0
1,,42686,Port:10,0,0,0,Enabled,0.552486,0.671037,-0.395063,-0.297311,-83.8749,-28.1985,-162.33,0.132808,0
1,,42702,Port:10,0,0,0,Enabled,0.537717,0.686395,-0.406486,-0.272929,-81.4866,-30.4583,-171.872,0.132353,0
1,,42718,Port:10,0,0,0,Enabled,0.523815,0.701016,-0.419867,-0.240637,-77.8881,-33.3007,-181.728,0.146818,0
1,,42734,Port:10,0,0,0,Enabled,0.509898,0.715933,-0.428687,-0.208978,-73.39,-36.5971,-191.52,0.14946,0
1,,42750,Port:10,0,0,0,Enabled,0.493482,0.731201,-0.435331,-0.179741,-68.0594,-39.7238,-201.244,0.161989,0
1,,42758,Port:10,0,0,0,Enabled,0.48484,0.738345,-0.438869,-0.164836,-65.1677,-41.0999,-206.12,0.173782,0
1,,42774,Port:10,0,0,0,Enabled,0.468836,0.751745,-0.441125,-0.143114,-60.2394,-43.4805,-214.853,0.184715,0
1,,42798,Port:10,0,0,0,Enabled,0.443913,0.766374,-0.447113,-0.125306,-55.025,-44.5976,-227.079,0.19612,0
1,,42806,Port:10,0,0,0,Enabled,0.435815,0.770445,-0.448101,-0.125237,-54.1239,-44.2664,-231.161,0.203004,0
1,,42822,Port:10,0,0,0,Enabled,0.417723,0.779206,-0.448805,-0.130077,-52.4384,-42.7996,-239.886,0.227109,0
1,,42838,Port:10,0,0,0,Enabled,0.401674,0.784776,-0.450577,-0.14059,-52.4176,-40.1092,-248.448,0.234118,0
1,,42854,Port:10,0,0,0,Missing,,,,,,,,,0
1,,42870,Port:10,0,0,0,Enabled,0.372428,0.791535,-0.454043,-0.169157,-52.8303,-35.3672,-267.249,0.260993,0
1,,42894,Port:10,0,0,0,Enabled,0.359378,0.789799,-0.452882,-0.204851,-56.5394,-30.8062,-278.321,0.282579,0
1,,42910,Port:10,0,0,0,Enabled,0.358699,0.783426,-0.450251,-0.234208,-60.4726,-28.4427,-282.84,0.274114,0
1,,42926,Port:10,0,0,0,Enabled,0.360113,0.776424,-0.445915,-0.261998,-64.754,-26.9374,-286.794,0.252928,0
1,,42942,Port:10,0,0,0,Enabled,0.361016,0.76816,-0.442956,-0.288771,-68.8353,-25.5241,-289.53,0.278117,0
1,,42958,Port:10,0,0,0,Enabled,0.36281,0.760064,-0.440234,-0.311233,-72.4724,-24.5254,-292.059,0.235189,0
1,,42974,Port:10,0,0,0,Enabled,0.365974,0.750799,-0.436929,-0.333851,-75.5112,-23.9335,-293.564,0.258085,0
1,,42990,Port:10,0,0,0,Enabled,0.36993,0.743378,-0.433161,-0.350589,-77.5827,-24.0254,-295.658,0.261714,0
1,,42998,Port:10,0,0,0,Enabled,0.369652,0.741016,-0.430966,-0.358498,-78.359,-23.9155,-296.486,0.278659,0
1,,43014,Port:10,0,0,0,Enabled,0.371698,0.735373,-0.422246,-0.377858,-79.9909,-23.6366,-296.71,0.277573,0
1,,43038,Port:10,0,0,0,Enabled,0.386761,0.718501,-0.409011,-0.408513,-82.6104,-24.0177,-292.854,0.322852,0
1,,43046,Port:10,0,0,0,Enabled,0.392775,0.711596,-0.405177,-0.418557,-83.3556,-23.6686,-290.405,0.310644,0
1,,43062,Port:10,0,0,0,Enabled,0.407407,0.695788,-0.395025,-0.440289,-84.7258,-23.9244,-284.593,0.312939,0
1,,43078,Port:10,0,0,0,Enabled,0.423781,0.674813,-0.386734,-0.464192,-85.8497,-22.3402,-275.777,0.327644,0
1,,43094,Port:10,0,0,0,Enabled,0.436281,0.652,-0.382205,-0.488339,-86.8194,-19.8421,-266.543,0.335467,0
1,,43110,Port:10,0,0,0,Enabled,0.44615,0.627865,-0.382171,-0.510569,-87.4272,-15.4769,-257.23,0.33708,0
1,,43134,Port:10,0,0,0,Enabled,0.458322,0.596894,-0.376761,-0.540102,-88.2879,-9.2805,-244.138,0.380355,0
1,,43158,Port:10,0,0,0,Enabled,0.475958,0.573263,-0.370178,-0.5548,-89.1827,-6.02881,-231.966,0.317812,0
1,,43166,Port:10,0,0,0,Enabled,0.483906,0.565598,-0.362647,-0.560732,-89.5303,-5.4793,-227.232,0.32257,0
1,,43182,Port:10,0,0,0,Enabled,0.504627,0.547059,-0.355453,-0.565448,-89.6321,-4.54779,-217.99,0.268722,0
1,,43198,Port:10,0,0,0,Enabled,0.519435,0.530549,-0.351771,-0.570055,-89.8065,-2.48788,-209.499,0.282469,0
1,,43214,Port:10,0,0,0,Enabled,0.526223,0.517028,-0.349634,-0.577518,-89.7232,0.105088,-202.117,0.255452,0
1,,43230,Port:10,0,0,0,Enabled,0.534834,0.505249,-0.347662,-0.581212,-89.572,2.42062,-195.215,0.22731,0
1,,43238,Port:10,0,0,0,Enabled,0.539273,0.500575,-0.347206,-0.581428,-89.5185,3.28805,-192.275,0.222858,0
1,,43254,Port:10,0,0,0,Enabled,0.550848,0.491103,-0.346948,-0.578803,-89.1778,4.81222,-186.177,0.224132,0
1,,43278,Port:10,0,0,0,Enabled,0.569561,0.474172,-0.345393,-0.57573,-88.3552,7.4062,-176.526,0.202201,0
1,,43286,Port:10,0,0,0,Enabled,0.57428,0.469438,-0.347023,-0.573939,-88.234,8.5916,-173.791,0.203964,0
1,,43302,Port:10,0,0,0,Enabled,0.583027,0.461362,-0.351126,-0.569154,-88.3433,11.001,-169.013,0.211775,0
1,,43318,Port:10,0,0,0,Missing,,,,,,,,,0
1,,43334,Port:10,0,0,0,Enabled,0.612185,0.439783,-0.354235,-0.553479,-88.5926,15.6536,-157.944,0.202746,0
1,,43350,Port:10,0,0,0,Enabled,0.627081,0.431837,-0.355314,-0.542254,-88.8104,17.461,-152.028,0.209241,0
1,,43374,Port:10,0,0,0,Enabled,0.649891,0.42242,-0.359816,-0.519361,-89.88,19.8259,-144.143,0.228076,0
1,,43390,Port:10,0,0,0,Enabled,0.662371,0.422468,-0.363459,-0.500684,-90.9798,20.4248,-139.42,0.237109,0
1,,43406,Port:10,0,0,0,Enabled,0.675602,0.422555,-0.36551,-0.481052,-91.7469,20.6362,-134.513,0.229402,0
1,,43422,Port:10,0,0,0,Enabled,0.685519,0.424309,-0.36737,-0.463751,-92.2969,20.7232,-129.892,0.230731,0
1,,43438,Port:10,0,0,0,Enabled,0.696266,0.425471,-0.371757,-0.442702,-92.6421,20.4987,-125.834,0.206117,0
1,,43454,Port:10,0,0,0,Enabled,0.703272,0.432261,-0.376991,-0.420045,-93.1221,19.741,-123.77,0.168851,0
1,,43470,Port:10,0,0,0,Enabled,0.704417,0.442039,-0.389172,-0.396162,-94.0337,19.3688,-123.465,0.111324,0
1,,43478,Port:10,0,0,0,Enabled,0.703794,0.446579,-0.396017,-0.385243,-94.56,19.2996,-123.671,0.0979473,0
1,,43494,Port:10,0,0,0,Enabled,0.702077,0.458327,-0.404893,-0.36481,-95.3192,18.2572,-123.578,0.0648564,0
1,,43518,Port:10,0,0,0,Enabled,0.698512,0.48011,-0.422091,-0.321582,-95.752,14.4858,-124.497,0.0434336,0
1,,43526,Port:10,0,0,0,Enabled,0.697575,0.488415,-0.426482,-0.304881,-95.6519,12.7438,-124.937,0.0372549,0
1,,43542,Port:10,0,0,0,Enabled,0.691934,0.507617,-0.435723,-0.271472,-95.2368,9.10619,-126.754,0.0346854,0
1,,43558,Port:10,0,0,0,Enabled,0.679999,0.528151,-0.445093,-0.24607,-95.3335,6.76588,-129.671,0.0353485,0
1,,43574,Port:10,0,0,0,Enabled,0.664933,0.546369,-0.455124,-0.22849,-95.4223,5.22628,-133.202,0.0313621,0
1,,43590,Port:10,0,0,0,Enabled,0.650527,0.5632,-0.464916,-0.208503,-94.7361,3.35873,-136.96,0.0327662,0
1,,43622,Port:10,0,0,0,Enabled,0.626197,0.591493,-0.480695,-0.164153,-90.672,-1.40682,-142.296,0.0301146,0
1,,43638,Port:10,0,0,0,Enabled,0.610444,0.604051,-0.493617,-0.137198,-87.5398,-3.43333,-145.543,0.0288284,0
1,,43646,Port:10,0,0,0,Enabled,0.598491,0.61233,-0.502313,-0.120589,-85.2553,-4.47355,-148.287,0.0291423,0
1,,43662,Port:10,0,0,0,Enabled,0.574691,0.62989,-0.514241,-0.0923312,-79.6889,-6.48823,-153.772,0.0375895,0
1,,43678,Port:10,0,0,0,Enabled,0.555409,0.643464,-0.521613,-0.0734469,-74.1639,-7.5866,-158.182,0.0378564,0
1,,43694,Port:10,0,0,0,Enabled,0.535767,0.654631,-0.530381,-0.0557451,-68.1175,-8.31938,-162.896,0.0434416,0
1,,43710,Port:10,0,0,0,Enabled,0.517351,0.664229,-0.538032,-0.0408516,-62.3264,-9.12007,-167.149,0.0491683,0
1,,43718,Port:10,0,0,0,Enabled,0.507014,0.669101,-0.542195,-0.0355783,-59.7469,-9.2213,-169.422,0.054792,0
1,,43742,Port:10,0,0,0,Enabled,0.484281,0.682178,-0.547272,-0.02446,-53.5098,-11.296,-175.63,0.0797291,0
1,,43758,Port:10,0,0,0,Enabled,0.477196,0.682847,-0.55292,-0.016824,-50.6835,-13.9223,-179.174,0.0920286,0
1,,43766,Port:10,0,0,0,Enabled,0.47523,0.682979,-0.554504,-0.0148699,-49.6595,-15.436,-180.782,0.100786,0
1,,43782,Port:10,0,0,0,Enabled,0.472078,0.682295,-0.55796,-0.0172456,-48.6159,-18.0876,-184.456,0.110824,0
1,,43798,Port:10,0,0,0,Enabled,0.468464,0.680769,-0.562849,-0.0171841,-47.3234,-21.2155,-188.919,0.129474,0
1,,43814,Port:10,0,0,0,Enabled,0.464122,0.679274,-0.56824,-0.0167542,-45.8805,-24.4654,-194.108,0.143929,0
1,,43830,Port:10,0,0,0,Enabled,0.459951,0.67973,-0.57085,-0.0232661,-45.256,-26.9253,-198.96,0.154706,0
1,,43862,Port:10,0,0,0,Enabled,0.466423,0.673128,-0.571638,-0.0507684,-46.9701,-31.0089,-206.08,0.176458,0
1,,43870,Port:10,0,0,0,Enabled,0.468714,0.671374,-0.571131,-0.0580804,-47.3923,-32.0589,-207.767,0.176076,0
1,,43886,Port:10,0,0,0,Enabled,0.472721,0.669065,-0.56917,-0.0702299,-47.4749,-34.5149,-210.93,0.181532,0
1,,43902,Port:10,0,0,0,Enabled,0.477736,0.664711,-0.56824,-0.0838512,-47.8512,-36.5889,-213.933,0.200743,0
1,,43918,Port:10,0,0,0,Enabled,0.482267,0.662268,-0.565164,-0.0970052,-48.1091,-38.7963,-216.559,0.216598,0
1,,43934,Port:10,0,0,0,Enabled,0.489221,0.658185,-0.561193,-0.111885,-49.4762,-40.7957,-218.499,0.223766,0
1,,43950,Port:10,0,0,0,Enabled,0.497443,0.652586,-0.556216,-0.131555,-51.6243,-41.8684,-219.263,0.225573,0
1,,43958,Port:10,0,0,0,Enabled,0.501408,0.647711,-0.556297,-0.139977,-52.831,-42.2362,-219.777,0.2412,0
1,,43982,Port:10,0,0,0,Enabled,0.513032,0.636954,-0.550054,-0.168903,-56.1423,-43.6028,-220.566,0.251514,0
1,,43998,Port:10,0,0,0,Enabled,0.522116,0.630201,-0.542438,-0.189746,-58.0503,-44.9722,-220.07,0.255937,0
1,,44006,Port:10,0,0,0,Missing,,,,,,,,,0
1,,44022,Port:10,0,0,0,Enabled,0.535673,0.619859,-0.529153,-0.220969,-60.1013,-46.9922,-219.542,0.299525,0
1,,44038,Port:10,0,0,0,Enabled,0.544646,0.611041,-0.521384,-0.241139,-61.3485,-47.4653,-217.435,0.316775,0
1,,44054,Port:10,0,0,0,Enabled,0.55673,0.59859,-0.514901,-0.258105,-62.4382,-47.6816,-214.042,0.332055,0
1,,44070,Port:10,0,0,0,Enabled,0.567211,0.586986,-0.509508,-0.272251,-63.0425,-47.9498,-211.076,0.343836,0
1,,44102,Port:10,0,0,0,Enabled,0.581564,0.571684,-0.493772,-0.30191,-64.3991,-48.6389,-205.166,0.351697,0
1,,44118,Port:10,0,0,0,Enabled,0.58964,0.561146,-0.488005,-0.315105,-65.9751,-48.4358,-201.797,0.353244,0
1,,44126,Port:10,0,0,0,Enabled,0.593989,0.554357,-0.486012,-0.32196,-66.9533,-47.8816,-199.549,0.356704,0
1,,44142,Port:10,0,0,0,Enabled,0.606804,0.537043,-0.479899,-0.336261,-69.18,-46.855,-193.928,0.354676,0
1,,44158,Port:10,0,0,0,Enabled,0.619553,0.520783,-0.472852,-0.348353,-71.1323,-45.6596,-185.659,0.319838,0
1,,44174,Port:10,0,0,0,Enabled,0.632359,0.504157,-0.464691,-0.36057,-72.7653,-44.379,-177.702,0.332951,0
1,,44190,Port:10,0,0,0,Enabled,0.644227,0.487471,-0.460563,-0.36773,-74.0003,-42.4919,-169.376,0.302354,0
1,,44198,Port:10,0,0,0,Enabled,0.650345,0.478994,-0.460335,-0.368385,-74.6748,-41.3944,-165.421,0.293949,0
1,,44222,Port:10,0,0,0,Enabled,0.671474,0.452267,-0.461893,-0.36226,-76.0684,-37.7316,-153.432,0.264907,0
1,,44238,Port:10,0,0,0,Enabled,0.680048,0.442442,-0.453329,-0.369151,-76.4636,-34.9598,-144.578,0.243216,0
1,,44246,Port:10,0,0,0,Enabled,0.683846,0.437721,-0.447635,-0.374671,-76.3044,-33.3222,-139.612,0.233329,0
1,,44262,Port:10,0,0,0,Enabled,0.694867,0.42354,-0.439551,-0.38022,-76.039,-29.545,-129.897,0.211165,0
1,,44278,Port:10,0,0,0,Enabled,0.705273,0.410039,-0.436513,-0.379361,-75.8114,-26.0288,-121.467,0.184818,0
1,,44294,Port:10,0,0,0,Enabled,0.710933,0.402715,-0.430669,-0.383301,-75.654,-22.7898,-114.119,0.162084,0
1,,44310,Port:10,0,0,0,Enabled,0.713787,0.398329,-0.42562,-0.388188,-75.6765,-19.8035,-108.386,0.145179,0
1,,44342,Port:10,0,0,0,Enabled,0.720083,0.391469,-0.423949,-0.385357,-76.1096,-14.6032,-99.7377,0.0997964,0
1,,44358,Port:10,0,0,0,Enabled,0.722791,0.388503,-0.425521,-0.381538,-76.4221,-11.6605,-95.9512,0.0806483,0
1,,44366,Port:10,0,0,0,Enabled,0.723831,0.387153,-0.426941,-0.379345,-76.5306,-10.1139,-94.3333,0.0714274,0
1,,44382,Port:10,0,0,0,Enabled,0.726428,0.385591,-0.430853,-0.371466,-76.4751,-7.14537,-91.5704,0.0633696,0
1,,44398,Port:10,0,0,0,Enabled,0.72761,0.385749,-0.434411,-0.364785,-76.3705,-4.17068,-89.2185,0.0627706,0
1,,44414,Port:10,0,0,0,Enabled,0.727693,0.38625,-0.436729,-0.361304,-76.236,-0.773118,-86.6012,0.0804256,0
1,,44430,Port:10,0,0,0,Enabled,0.727759,0.387655,-0.440972,-0.354449,-76.3341,2.44918,-84.5527,0.099618,0
1,,44438,Port:10,0,0,0,Enabled,0.727875,0.387713,-0.443451,-0.351038,-76.385,4.23158,-83.5149,0.113115,0
1,,44462,Port:10,0,0,0,Enabled,0.726654,0.390378,-0.44793,-0.344873,-76.4876,9.57802,-80.4231,0.200258,0
1,,44478,Port:10,0,0,0,Enabled,0.725952,0.391542,-0.451412,-0.340464,-76.5551,12.7536,-78.7449,0.236023,0
1,,44486,Port:10,0,0,0,Enabled,0.725766,0.391692,-0.453619,-0.337743,-76.6607,14.2933,-78.1445,0.236036,0
1,,44502,Port:10,0,0,0,Enabled,0.724783,0.392327,-0.457672,-0.333625,-76.8551,17.3162,-77.3516,0.224174,0
1,,44518,Port:10,0,0,0,Enabled,0.724687,0.392183,-0.46455,-0.324369,-76.711,20.1018,-77.5367,0.164022,0
1,,44534,Port:10,0,0,0,Enabled,0.721778,0.394367,-0.47462,-0.313446,-75.7693,22.5252,-78.748,0.0666941,0
1,,44550,Port:10,0,0,0,Enabled,0.719205,0.40041,-0.480817,-0.302043,-74.4308,23.5924,-80.2401,0.163805,0
1,,44582,Port:10,0,0,0,Enabled,0.718656,0.410977,-0.492068,-0.26926,-71.6139,25.1017,-83.8346,0.36848,0
1,,44598,Port:10,0,0,0,Enabled,0.713848,0.415857,-0.502404,-0.255096,-70.296,27.3554,-86.0529,0.373387,0
1,,44606,Port:10,0,0,0,Enabled,0.710639,0.419115,-0.50637,-0.250848,-69.7408,28.6865,-86.9758,0.311086,0
1,,44622,Port:10,0,0,0,Enabled,0.705929,0.425008,-0.510416,-0.245985,-68.6503,31.3772,-88.0267,0.264735,0
1,,44638,Port:10,0,0,0,Enabled,0.705102,0.428822,-0.511422,-0.239566,-67.4983,33.2853,-88.4314,0.228076,0
1,,44654,Port:10,0,0,0,Enabled,0.704388,0.433406,-0.510451,-0.235452,-66.4442,34.7249,-88.7486,0.207486,0
1,,44670,Port:10,0,0,0,Enabled,0.702461,0.439415,-0.509865,-0.231303,-65.6007,35.9234,-89.7615,0.161535,0
1,,44686,Port:10,0,0,0,Enabled,0.699229,0.447374,-0.511034,-0.223112,-64.9626,36.7594,-91.6387,0.156555,0
1,,44702,Port:10,0,0,0,Enabled,0.695966,0.454216,-0.513833,-0.212827,-64.5776,37.8788,-93.9526,0.12931,0
1,,44718,Port:10,0,0,0,Enabled,0.692703,0.462019,-0.513933,-0.206333,-64.0929,39.4396,-95.8585,0.114449,0
1,,44726,Port:10,0,0,0,Enabled,0.691205,0.464682,-0.514215,-0.204668,-63.8662,40.6241,-96.8523,0.086312,0
1,,44742,Port:10,0,0,0,Enabled,0.688706,0.470376,-0.514462,-0.199397,-63.1064,42.566,-98.9013,0.056985,0
1,,44758,Port:10,0,0,0,Enabled,0.685847,0.475213,-0.515418,-0.195271,-62.0417,44.6398,-101.228,0.0382171,0
1,,44774,Port:10,0,0,0,Enabled,0.68339,0.479553,-0.515079,-0.194166,-60.4856,47.0502,-103.286,0.0860231,0
1,,44790,Port:10,0,0,0,Enabled,0.682497,0.48227,-0.513424,-0.194962,-58.425,49.4276,-105.077,0.142567,0
1,,44806,Port:10,0,0,0,Enabled,0.682201,0.484459,-0.511455,-0.195746,-56.0666,51.7037,-107.248,0.205427,0
1,,44822,Port:10,0,0,0,Enabled,0.681522,0.48702,-0.510333,-0.19468,-53.6043,53.6641,-109.794,0.234223,0
1,,44838,Port:10,0,0,0,Enabled,0.680423,0.490376,-0.507997,-0.196204,-51.1268,55.6756,-112.398,0.262014,0
1,,44862,Port:10,0,0,0,Enabled,0.679334,0.495793,-0.502181,-0.20127,-47.4885,58.6063,-115.738,0.288207,0
1,,44878,Port:10,0,0,0,Enabled,0.678525,0.499223,-0.498205,-0.205358,-44.9207,60.0271,-118.203,0.298145,0
1,,44894,Port:10,0,0,0,Enabled,0.677889,0.502662,-0.495843,-0.204787,-42.06,60.3802,-121.542,0.306816,0
1,,44910,Port:10,0,0,0,Enabled,0.677154,0.505477,-0.493998,-0.204749,-39.218,60.385,-125.181,0.298961,0
1,,44926,Port:10,0,0,0,Enabled,0.676177,0.508949,-0.490206,-0.208454,-36.3235,60.7066,-128.866,0.298423,0
1,,44942,Port:10,0,0,0,Enabled,0.676153,0.50994,-0.488096,-0.211047,-33.2292,61.2322,-132.638,0.287899,0
1,,44958,Port:10,0,0,0,Enabled,0.676006,0.5107,-0.486407,-0.213566,-29.8532,61.8403,-136.723,0.283704,0
1,,44966,Port:10,0,0,0,Enabled,0.67513,0.512166,-0.485233,-0.215486,-28.0697,61.976,-138.818,0.277713,0
1,,44982,Port:10,0,0,0,Enabled,0.673667,0.514605,-0.483824,-0.217411,-24.4863,61.4329,-143.166,0.2709,0
1,,44998,Port:10,0,0,0,Enabled,0.672937,0.517155,-0.483292,-0.214791,-20.8238,59.6046,-147.408,0.272704,0
1,,45014,Port:10,0,0,0,Enabled,0.672779,0.519387,-0.47983,-0.217644,-17.5253,57.6499,-150.648,0.270807,0
1,,45046,Port:10,0,0,0,Enabled,0.674069,0.521446,-0.471759,-0.226206,-10.8513,52.6451,-156.62,0.261458,0
1,,45062,Port:10,0,0,0,Enabled,0.672788,0.525581,-0.467591,-0.229085,-7.44536,48.9072,-160.48,0.258583,0
1,,45078,Port:10,0,0,0,Enabled,0.671201,0.529749,-0.465728,-0.227933,-4.82405,44.7607,-164.655,0.254569,0
1,,45086,Port:10,0,0,0,Enabled,0.670778,0.530717,-0.464616,-0.22919,-3.70041,42.9703,-166.361,0.256591,0
1,,45102,Port:10,0,0,0,Enabled,0.671356,0.531649,-0.460547,-0.233511,-1.81823,39.2367,-168.968,0.250836,0
1,,45118,Port:10,0,0,0,Enabled,0.671465,0.532614,-0.457818,-0.236348,-0.0675343,35.0817,-171.782,0.240917,0
1,,45134,Port:10,0,0,0,Enabled,0.671724,0.53319,-0.457022,-0.235853,1.68545,30.3101,-174.743,0.235211,0
1,,45150,Port:10,0,0,0,Enabled,0.671276,0.535573,-0.454272,-0.237038,3.46821,25.2608,-177.859,0.222152,0
1,,45166,Port:10,0,0,0,Enabled,0.670436,0.536984,-0.452236,-0.240098,4.78044,20.4985,-180.742,0.215359,0
1,,45182,Port:10,0,0,0,Enabled,0.670272,0.53928,-0.44843,-0.242536,6.31262,15.3418,-183.658,0.201079,0
1,,45198,Port:10,0,0,0,Enabled,0.669162,0.541537,-0.446325,-0.244448,7.23638,10.6751,-186.742,0.202117,0
1,,45206,Port:10,0,0,0,Enabled,0.669261,0.540766,-0.447173,-0.244332,7.6605,8.55222,-188.22,0.195607,0
1,,45222,Port:10,0,0,0,Enabled,0.668461,0.542683,-0.442978,-0.24985,8.7465,4.26239,-190.526,0.187408,0
1,,45238,Port:10,0,0,0,Enabled,0.668289,0.544119,-0.439412,-0.253459,9.2419,-0.641054,-192.903,0.193693,0
1,,45254,Port:10,0,0,0,Enabled,0.664968,0.548192,-0.437181,-0.257249,9.95382,-5.81733,-195.988,0.194112,0
1,,45286,Port:10,0,0,0,Enabled,0.65926,0.555943,-0.431265,-0.265168,10.7424,-18.1101,-201.536,0.179959,0
1,,45302,Port:10,0,0,0,Enabled,0.655584,0.558952,-0.430818,-0.268663,10.2255,-24.3258,-204.459,0.180602,0
1,,45318,Port:10,0,0,0,Enabled,0.651472,0.562584,-0.430601,-0.271414,9.36485,-30.521,-207.002,0.190901,0
1,,45334,Port:10,0,0,0,Enabled,0.64824,0.565341,-0.431042,-0.272724,8.10219,-37.0341,-209.652,0.196548,0
1,,45342,Port:10,0,0,0,Enabled,0.646846,0.565812,-0.433131,-0.271744,7.04592,-39.9869,-210.82,0.205711,0
1,,45358,Port:10,0,0,0,Enabled,0.644629,0.565478,-0.438859,-0.268501,3.86589,-45.6315,-213.117,0.243228,0
1,,45374,Port:10,0,0,0,Enabled,0.643878,0.563333,-0.441568,-0.270362,0.117056,-50.4869,-214.038,0.250704,0
1,,45390,Port:10,0,0,0,Enabled,0.6415,0.562409,-0.442077,-0.277025,-4.03863,-54.8332,-214.757,0.27273,0
1,,45406,Port:10,0,0,0,Enabled,0.638593,0.562339,-0.443663,-0.281314,-7.72478,-59.3852,-215.689,0.291221,0
1,,45422,Port:10,0,0,0,Enabled,0.639575,0.557948,-0.448134,-0.280737,-11.2423,-63.6018,-216.24,0.316372,0
1,,45438,Port:10,0,0,0,Enabled,0.638653,0.554865,-0.453724,-0.279966,-14.7842,-67.5935,-216.583,0.334994,0
1,,45454,Port:10,0,0,0,Enabled,0.637194,0.553068,-0.4548,-0.285058,-18.6897,-70.8896,-216.127,0.346028,0
1,,45462,Port:10,0,0,0,Enabled,0.636961,0.551959,-0.455648,-0.28637,-20.3363,-72.6588,-215.92,0.341628,0
1,,45478,Port:10,0,0,0,Enabled,0.634589,0.551557,-0.45634,-0.291265,-23.4643,-75.1856,-215.232,0.36183,0
1,,45494,Port:10,0,0,0,Enabled,0.63432,0.549325,-0.458483,-0.292702,-25.9201,-77.8394,-214.463,0.355078,0
1,,45526,Port:10,0,0,0,Enabled,0.633127,0.547145,-0.459255,-0.298107,-28.9879,-81.9911,-211.984,0.350167,0
1,,45542,Port:10,0,0,0,Enabled,0.634037,0.543927,-0.462156,-0.297577,-30.0472,-83.6005,-210.625,0.376088,0
1,,45558,Port:10,0,0,0,Enabled,0.638048,0.535932,-0.469521,-0.291928,-31.3667,-84.9895,-208.941,0.360863,0
1,,45566,Port:10,0,0,0,Enabled,0.637491,0.534565,-0.471144,-0.293038,-32.2728,-85.2713,-207.87,0.364532,0
1,,45582,Port:10,0,0,0,Enabled,0.635794,0.533679,-0.473088,-0.295196,-34.5568,-86.5211,-205.624,0.355389,0
1,,45598,Port:10,0,0,0,Enabled,0.63606,0.529857,-0.479391,-0.291315,-37.2093,-87.3484,-203.196,0.373355,0
1,,45614,Port:10,0,0,0,Enabled,0.639637,0.521095,-0.490678,-0.280284,-40.1057,-88.2095,-200.493,0.373859,0
1,,45630,Port:10,0,0,0,Enabled,0.639559,0.516265,-0.499461,-0.273814,-43.2194,-87.91,-196.816,0.375952,0
1,,45646,Port:10,0,0,0,Missing,,,,,,,,,0
1,,45662,Port:10,0,0,0,Enabled,0.637082,0.510094,-0.507595,-0.276185,-50.8104,-84.7308,-186.636,0.375924,0
1,,45678,Port:10,0,0,0,Enabled,0.636049,0.508212,-0.510999,-0.275758,-53.5654,-84.8093,-183.129,0.342634,0
1,,45686,Port:10,0,0,0,Enabled,0.634712,0.508245,-0.512721,-0.275582,-55.447,-84.2883,-181.211,0.358812,0
1,,45702,Port:10,0,0,0,Enabled,0.633117,0.507023,-0.516553,-0.274341,-59.1952,-83.5811,-178.405,0.344438,0
1,,45718,Port:10,0,0,0,Enabled,0.630035,0.505973,-0.520048,-0.276761,-63.2057,-82.4312,-176.117,0.326706,0
1,,45734,Port:10,0,0,0,Enabled,0.629256,0.503658,-0.520615,-0.281647,-67.0676,-81.5676,-173.741,0.312384,0
1,,45750,Port:10,0,0,0,Enabled,0.630052,0.499682,-0.515824,-0.295428,-70.3416,-80.3417,-170.329,0.299756,0
1,,45766,Port:10,0,0,0,Enabled,0.632484,0.495793,-0.506496,-0.312435,-73.0267,-79.3542,-166.61,0.29384,0
1,,45782,Port:10,0,0,0,Enabled,0.636668,0.490182,-0.497148,-0.327443,-75.2644,-78.3503,-162.749,0.287435,0
1,,45814,Port:10,0,0,0,Enabled,0.635843,0.478206,-0.472032,-0.379748,-79.5163,-73.0495,-153.003,0.271342,0
1,,45822,Port:10,0,0,0,Enabled,0.636734,0.471442,-0.467924,-0.391611,-80.341,-71.0645,-150.212,0.269275,0
1,,45838,Port:10,0,0,0,Enabled,0.637675,0.460869,-0.457679,-0.414126,-81.6442,-67.6953,-144.513,0.251773,0
1,,45854,Port:10,0,0,0,Enabled,0.63612,0.450863,-0.442931,-0.442591,-82.3812,-63.9576,-138.295,0.24323,0
1,,45870,Port:10,0,0,0,Enabled,0.635587,0.440707,-0.430643,-0.465138,-82.9565,-60.7498,-132.702,0.230482,0
1,,45886,Port:10,0,0,0,Enabled,0.634629,0.434253,-0.414053,-0.487064,-83.4266,-58.2226,-127.257,0.225432,0
1,,45902,Port:10,0,0,0,Enabled,0.636297,0.428524,-0.400869,-0.500798,-83.8415,-56.392,-122.818,0.207693,0
1,,45918,Port:10,0,0,0,Enabled,0.640779,0.419743,-0.389721,-0.51121,-84.3398,-53.9251,-118.126,0.204953,0
1,,45934,Port:10,0,0,0,Enabled,0.644302,0.411518,-0.378863,-0.521528,-84.7739,-51.3973,-113.426,0.195244,0
1,,45942,Port:10,0,0,0,Enabled,0.64658,0.406746,-0.372464,-0.527032,-84.8443,-49.9885,-110.733,0.188743,0
1,,45958,Port:10,0,0,0,Enabled,0.653268,0.395272,-0.359444,-0.536472,-84.759,-47.1698,-105.302,0.174884,0
1,,45974,Port:10,0,0,0,Enabled,0.655775,0.389922,-0.351427,-0.542604,-84.7816,-44.4847,-101.426,0.162191,0
1,,45990,Port:10,0,0,0,Enabled,0.662456,0.385584,-0.346093,-0.541014,-85.2752,-41.858,-98.2317,0.152649,0
1,,46006,Port:10,0,0,0,Enabled,0.667348,0.383405,-0.341659,-0.539367,-86.0477,-38.6462,-95.1594,0.150768,0
1,,46022,Port:10,0,0,0,Enabled,0.673015,0.380064,-0.337452,-0.537334,-86.8905,-34.3431,-91.5318,0.148955,0
1,,46054,Port:10,0,0,0,Enabled,0.683522,0.37058,-0.334437,-0.53256,-88.5465,-23.5931,-84.1896,0.180098,0
1,,46062,Port:10,0,0,0,Enabled,0.685364,0.369167,-0.334869,-0.5309,-89.0257,-20.8191,-82.9187,0.139777,0
1,,46078,Port:10,0,0,0,Enabled,0.687678,0.367236,-0.334438,-0.529517,-89.5916,-15.3218,-80.7981,0.103825,0
1,,46094,Port:10,0,0,0,Enabled,0.688878,0.369364,-0.337213,-0.524696,-89.8167,-10.1596,-79.3693,0.182034,0
1,,46110,Port:10,0,0,0,Enabled,0.690193,0.372739,-0.343018,-0.516757,-89.6014,-4.78475,-78.5291,0.256563,0
1,,46126,Port:10,0,0,0,Enabled,0.690749,0.377254,-0.346487,-0.510384,-88.7246,0.277331,-77.9604,0.331188,0
1,,46142,Port:10,0,0,0,Enabled,0.692277,0.380883,-0.347976,-0.504572,-87.5928,5.39662,-77.6597,0.402718,0
1,,46158,Port:10,0,0,0,Enabled,0.6938,0.383443,-0.349756,-0.499284,-86.398,10.7047,-77.3127,0.432942,0
1,,46174,Port:10,0,0,0,Enabled,0.696041,0.385543,-0.35183,-0.49305,-85.4534,15.6404,-77.0137,0.450267,0
1,,46182,Port:10,0,0,0,Enabled,0.697144,0.385681,-0.353113,-0.490462,-84.9165,18.2308,-76.7122,0.449325,0
1,,46198,Port:10,0,0,0,Enabled,0.700181,0.386454,-0.355682,-0.483622,-83.8756,23.0688,-76.3274,0.455976,0
1,,46214,Port:10,0,0,0,Enabled,0.704228,0.387672,-0.359137,-0.474124,-82.7789,27.1903,-76.3682,0.454355,0
1,,46230,Port:10,0,0,0,Enabled,0.70761,0.388915,-0.361626,-0.46611,-81.3948,31.0752,-76.813,0.445372,0
1,,46246,Port:10,0,0,0,Enabled,0.712475,0.38854,-0.362857,-0.457986,-79.547,34.6574,-77.2157,0.406953,0
1,,46262,Port:10,0,0,0,Enabled,0.715649,0.389088,-0.36505,-0.450773,-77.4086,38.1806,-77.9584,0.372838,0
1,,46294,Port:10,0,0,0,Enabled,0.721449,0.388929,-0.371142,-0.436462,-73.0019,45.4017,-79.4228,0.295048,0
1,,46302,Port:10,0,0,0,Enabled,0.722358,0.389141,-0.37251,-0.433595,-71.9026,47.1636,-79.7845,0.279754,0
1,,46318,Port:10,0,0,0,Enabled,0.724359,0.388843,-0.377003,-0.426584,-69.6713,50.6873,-80.8642,0.246888,0
1,,46334,Port:10,0,0,0,Enabled,0.724519,0.391105,-0.381274,-0.420404,-67.545,53.9059,-82.6042,0.226095,0
1,,46350,Port:10,0,0,0,Enabled,0.72473,0.393532,-0.385476,-0.413894,-65.2254,57.1532,-84.1834,0.205459,0
1,,46366,Port:10,0,0,0,Enabled,0.724747,0.396382,-0.388283,-0.408484,-62.4452,60.6004,-85.6816,0.180742,0
1,,46382,Port:10,0,0,0,Enabled,0.725785,0.397588,-0.389123,-0.404652,-58.6181,64.3433,-86.8981,0.149646,0
1,,46398,Port:10,0,0,0,Enabled,0.726847,0.399748,-0.387295,-0.402364,-53.8988,67.3836,-87.9967,0.122838,0
1,,46414,Port:10,0,0,0,Enabled,0.72887,0.402714,-0.387046,-0.395935,-49.0905,69.6245,-89.4103,0.108914,0
1,,46422,Port:10,0,0,0,Enabled,0.729254,0.404216,-0.387166,-0.393574,-46.671,70.6418,-90.1167,0.101579,0
1,,46438,Port:10,0,0,0,Enabled,0.729524,0.408922,-0.386881,-0.38846,-42.043,71.9752,-91.5755,0.0947644,0
1,,46454,Port:10,0,0,0,Enabled,0.729338,0.414152,-0.386163,-0.383956,-37.6178,72.9601,-93.2137,0.0906043,0
1,,46470,Port:10,0,0,0,Enabled,0.729478,0.419804,-0.383652,-0.38005,-32.8199,73.6028,-94.9658,0.0913485,0
1,,46486,Port:10,0,0,0,Enabled,0.729209,0.427089,-0.381841,-0.374227,-28.1361,73.8035,-97.0006,0.0942061,0
1,,46518,Port:10,0,0,0,Enabled,0.726432,0.44215,-0.380286,-0.36357,-19.3869,73.5201,-101.906,0.110895,0
1,,46534,Port:10,0,0,0,Enabled,0.72482,0.4505,-0.380677,-0.356049,-15.7062,72.3675,-105.119,0.119418,0
1,,46542,Port:10,0,0,0,Enabled,0.723367,0.454492,-0.38139,-0.353155,-14.1524,71.8024,-106.85,0.124937,0
1,,46558,Port:10,0,0,0,Enabled,0.720241,0.462219,-0.384037,-0.346586,-11.4873,70.3188,-110.678,0.133947,0
1,,46574,Port:10,0,0,0,Enabled,0.716406,0.470723,-0.389167,-0.337242,-9.3607,68.2085,-115.161,0.141871,0
1,,46590,Port:10,0,0,0,Enabled,0.710954,0.480753,-0.394982,-0.327735,-7.82816,65.9463,-120.075,0.154294,0
1,,46606,Port:10,0,0,0,Enabled,0.705554,0.490019,-0.402831,-0.315914,-6.92354,63.5823,-125.141,0.165816,0
1,,46622,Port:10,0,0,0,Enabled,0.698974,0.499244,-0.412246,-0.303717,-6.64001,61.596,-130.273,0.180207,0
1,,46638,Port:10,0,0,0,Enabled,0.690958,0.508377,-0.422857,-0.292098,-6.53571,59.7052,-135.589,0.195571,0
1,,46654,Port:10,0,0,0,Enabled,0.683445,0.517867,-0.431912,-0.279587,-5.99392,57.4434,-140.851,0.212561,0
1,,46662,Port:10,0,0,0,Enabled,0.680238,0.522459,-0.435395,-0.273393,-5.44259,56.1509,-143.37,0.221395,0
1,,46678,Port:10,0,0,0,Enabled,0.672848,0.53191,-0.441663,-0.263211,-4.10187,53.755,-148.234,0.237972,0
1,,46694,Port:10,0,0,0,Enabled,0.666449,0.540368,-0.447652,-0.251905,-2.19731,51.104,-152.491,0.24943,0
1,,46710,Port:10,0,0,0,Enabled,0.662405,0.546926,-0.452125,-0.240153,-0.115558,48.2365,-155.69,0.256004,0
1,,46726,Port:10,0,0,0,Enabled,0.658473,0.552616,-0.454066,-0.234207,1.43632,45.761,-158.109,0.261059,0
1,,46742,Port:10,0,0,0,Enabled,0.655127,0.557185,-0.456926,-0.227098,2.71577,43.0684,-160.365,0.266644,0
1,,46774,Port:10,0,0,0,Enabled,0.646694,0.566066,-0.463462,-0.215773,3.36756,37.3947,-166.206,0.25564,0
1,,46782,Port:10,0,0,0,Enabled,0.643841,0.568769,-0.465097,-0.213671,3.26077,35.9415,-168.04,0.257593,0
1,,46798,Port:10,0,0,0,Enabled,0.638964,0.573002,-0.469182,-0.207996,3.04271,32.7854,-171.805,0.246367,0
1,,46814,Port:10,0,0,0,Enabled,0.633584,0.578102,-0.472162,-0.203549,3.01222,29.4519,-175.407,0.238643,0
1,,46830,Port:10,0,0,0,Enabled,0.6281,0.583581,-0.474775,-0.198776,3.2775,25.8931,-179.118,0.230209,0
1,,46846,Port:10,0,0,0,Enabled,0.621082,0.589887,-0.478698,-0.192714,3.8933,22.2731,-183.413,0.224076,0
1,,46862,Port:10,0,0,0,Enabled,0.612886,0.596931,-0.483563,-0.184963,4.89045,18.4685,-188.194,0.217539,0
1,,46878,Port:10,0,0,0,Enabled,0.60433,0.603996,-0.488268,-0.177677,6.18559,14.7245,-192.899,0.218499,0
1,,46894,Port:10,0,0,0,Enabled,0.595502,0.612088,-0.490975,-0.172246,7.71167,11.0746,-197.592,0.222825,0
1,,46902,Port:10,0,0,0,Enabled,0.591642,0.614945,-0.493492,-0.168131,8.53805,9.12467,-199.879,0.225234,0
1,,46918,Port:10,0,0,0,Enabled,0.583302,0.62181,-0.497118,-0.161195,9.85975,5.29889,-204.419,0.234589,0
1,,46942,Port:10,0,0,0,Enabled,0.570122,0.630544,-0.504559,-0.150982,11.436,0.183308,-211.453,0.251073,0
1,,46950,Port:10,0,0,0,Enabled,0.565822,0.633725,-0.506089,-0.148703,11.804,-1.47909,-213.511,0.261128,0
1,,46966,Port:10,0,0,0,Enabled,0.55831,0.638814,-0.509394,-0.14396,12.6323,-4.63993,-217.736,0.278934,0
1,,46982,Port:10,0,0,0,Enabled,0.553564,0.641928,-0.511819,-0.139771,13.9479,-8.444,-221.569,0.302992,0
1,,47014,Port:10,0,0,0,Enabled,0.546467,0.648378,-0.513375,-0.132007,14.9146,-16.5235,-227.686,0.344301,0
1,,47022,Port:10,0,0,0,Enabled,0.545458,0.649323,-0.513679,-0.130348,14.9609,-18.4778,-229.089,0.356399,0
1,,47038,Port:10,0,0,0,Enabled,0.545197,0.649925,-0.513897,-0.127541,14.6639,-22.7344,-231.672,0.36063,0
1,,47062,Port:10,0,0,0,Enabled,0.546506,0.651154,-0.510997,-0.127326,13.2214,-28.1034,-234.24,0.369724,0
1,,47070,Port:10,0,0,0,Enabled,0.548644,0.650336,-0.510023,-0.126214,13.1045,-30.2577,-234.657,0.3629,0
1,,47086,Port:10,0,0,0,Enabled,0.553145,0.649646,-0.506484,-0.124356,13.3611,-34.5371,-235.074,0.39118,0
1,,47102,Port:10,0,0,0,Enabled,0.559611,0.644643,-0.506969,-0.119387,13.7136,-38.7532,-234.802,0.378963,0
1,,47118,Port:10,0,0,0,Enabled,0.565663,0.641009,-0.505779,-0.115414,14.5491,-42.3612,-233.863,0.391424,0
1,,47134,Port:10,0,0,0,Enabled,0.573328,0.636432,-0.503197,-0.114204,15.2202,-45.3382,-232.399,0.380407,0
1,,47142,Port:10,0,0,0,Enabled,0.575676,0.635153,-0.502074,-0.114449,15.7177,-46.4417,-231.634,0.392852,0
1,,47158,Port:10,0,0,0,Enabled,0.581839,0.630745,-0.501207,-0.11143,16.8811,-48.8409,-230.013,0.376022,0
1,,47182,Port:10,0,0,0,Enabled,0.591684,0.625079,-0.496699,-0.111699,18.6363,-51.6671,-225.729,0.361241,0
1,,47190,Port:10,0,0,0,Enabled,0.595241,0.623958,-0.493696,-0.112376,19.2065,-52.7371,-224.206,0.359859,0
1,,47206,Port:10,0,0,0,Enabled,0.60267,0.619143,-0.490782,-0.112179,19.7927,-54.1956,-220.692,0.344461,0
1,,47222,Port:10,0,0,0,Enabled,0.608421,0.615231,-0.488308,-0.113448,19.9148,-55.6334,-217.826,0.330549,0
1,,47254,Port:10,0,0,0,Enabled,0.619066,0.608985,-0.480676,-0.121843,18.3816,-57.7473,-212.095,0.318412,0
1,,47262,Port:10,0,0,0,Enabled,0.622187,0.607343,-0.477789,-0.125444,17.5849,-58.1655,-210.435,0.322374,0
1,,47278,Port:10,0,0,0,Enabled,0.628672,0.602416,-0.474101,-0.130746,16.1489,-58.8701,-206.784,0.311134,0
1,,47302,Port:10,0,0,0,Enabled,0.637033,0.595821,-0.468809,-0.139301,13.9082,-59.5674,-201.173,0.303018,0
1,,47310,Port:10,0,0,0,Enabled,0.639442,0.594077,-0.467098,-0.141445,13.3652,-59.8887,-199.439,0.295799,0
1,,47326,Port:10,0,0,0,Enabled,0.644344,0.590924,-0.462775,-0.146528,12.1586,-60.4655,-195.982,0.290333,0
1,,47342,Port:10,0,0,0,Enabled,0.649047,0.587597,-0.459421,-0.149671,10.4763,-60.6998,-192.005,0.295969,0
1,,47358,Port:10,0,0,0,Enabled,0.654367,0.583424,-0.455397,-0.155029,9.03946,-60.9131,-188.523,0.301778,0
1,,47374,Port:10,0,0,0,Enabled,0.660168,0.57831,-0.451464,-0.160986,7.75784,-60.8877,-184.771,0.27462,0
1,,47382,Port:10,0,0,0,Enabled,0.662526,0.576724,-0.448652,-0.164803,7.1907,-60.9141,-183.07,0.275238,0
1,,47398,Port:10,0,0,0,Missing,,,,,,,,,0
1,,47422,Port:10,0,0,0,Enabled,0.674758,0.567479,-0.436536,-0.17918,4.95837,-61.4164,-176.794,0.248651,0
1,,47430,Port:10,0,0,0,Enabled,0.677531,0.564709,-0.434097,-0.183343,4.08647,-61.2136,-175.352,0.245047,0
1,,47446,Port:10,0,0,0,Enabled,0.683602,0.558519,-0.428262,-0.193229,2.3011,-60.7042,-172.086,0.224453,0
1,,47462,Port:10,0,0,0,Enabled,0.688769,0.55339,-0.422241,-0.202658,0.598867,-60.4916,-169.084,0.224733,0
1,,47494,Port:10,0,0,0,Enabled,0.703312,0.538592,-0.406621,-0.223453,-2.70908,-59.546,-161.666,0.193517,0
1,,47502,Port:10,0,0,0,Enabled,0.707198,0.534353,-0.402127,-0.229416,-3.6423,-59.2546,-159.232,0.193624,0
1,,47518,Port:10,0,0,0,Enabled,0.716424,0.523662,-0.39093,-0.244314,-5.60239,-57.9907,-153.088,0.179393,0
1,,47542,Port:10,0,0,0,Enabled,0.731465,0.502754,-0.376012,-0.266108,-8.12078,-55.2586,-142.661,0.135536,0
1,,47550,Port:10,0,0,0,Enabled,0.733938,0.498629,-0.371762,-0.272942,-8.67811,-54.6845,-139.754,0.134534,0
1,,47566,Port:10,0,0,0,Enabled,0.739191,0.491229,-0.364179,-0.282251,-9.73806,-53.7397,-134.731,0.124041,0
1,,47582,Port:10,0,0,0,Enabled,0.74312,0.484551,-0.35851,-0.290609,-10.7615,-52.6941,-130.586,0.119848,0
1,,47598,Port:10,0,0,0,Enabled,0.747933,0.477102,-0.35149,-0.299041,-11.5599,-51.7597,-126.486,0.107703,0
1,,47614,Port:10,0,0,0,Enabled,0.75248,0.469681,-0.342763,-0.309335,-12.2615,-50.8174,-122.139,0.101858,0
1,,47622,Port:10,0,0,0,Enabled,0.754891,0.465103,-0.337967,-0.315591,-12.5813,-50.1214,-119.753,0.0948823,0
1,,47638,Port:10,0,0,0,Enabled,0.760234,0.454847,-0.329886,-0.326088,-13.2897,-48.602,-114.804,0.0766888,0
1,,47662,Port:10,0,0,0,Enabled,0.764981,0.443736,-0.322187,-0.337785,-14.7544,-46.2735,-108.622,0.067123,0
1,,47670,Port:10,0,0,0,Enabled,0.766518,0.439851,-0.32094,-0.340557,-15.3556,-45.3786,-106.703,0.0584022,0
1,,47686,Port:10,0,0,0,Enabled,0.768004,0.433802,-0.319501,-0.346274,-16.7689,-43.217,-103.246,0.0590759,0
1,,47702,Port:10,0,0,0,Enabled,0.770515,0.426055,-0.317762,-0.351867,-18.1657,-40.8554,-99.3582,0.0435703,0
1,,47734,Port:10,0,0,0,Enabled,0.774044,0.414898,-0.317456,-0.357685,-21.3328,-36.2954,-92.9319,0.0366542,0
1,,47742,Port:10,0,0,0,Enabled,0.774419,0.412571,-0.316642,-0.360275,-22.0327,-35.1624,-91.4546,0.0357606,0
1,,47758,Port:10,0,0,0,Enabled,0.775879,0.40788,-0.314399,-0.364416,-23.4078,-33.1247,-88.5848,0.031575,0
1,,47782,Port:10,0,0,0,Missing,,,,,,,,,0
1,,47790,Port:10,0,0,0,Missing,,,,,,,,,0
1,,47806,Port:10,0,0,0,Missing,,,,,,,,,0
1,,47822,Port:10,0,0,0,Missing,,,,,,,,,0
1,,47838,Port:10,0,0,0,Missing,,,,,,,,,0
1,,47854,Port:10,0,0,0,Enabled,0.742113,0.431155,-0.343627,-0.381174,-44.3374,-23.1469,-85.0479,0.117738,0
1,,47862,Port:10,0,0,0,Enabled,0.73554,0.43503,-0.34686,-0.386547,-46.3493,-21.8427,-84.9131,0.132492,0
1,,47878,Port:10,0,0,0,Enabled,0.726495,0.439945,-0.352739,-0.39272,-49.5392,-19.3987,-84.0801,0.153333,0
1,,47902,Port:10,0,0,0,Enabled,0.718175,0.444672,-0.350784,-0.404279,-51.5745,-17.0435,-81.283,0.193684,0
1,,47910,Port:10,0,0,0,Enabled,0.715379,0.446552,-0.348477,-0.409132,-51.8986,-16.5417,-80.5992,0.211972,0
1,,47926,Port:10,0,0,0,Enabled,0.706126,0.453176,-0.348748,-0.417603,-53.0961,-15.4639,-80.1918,0.212197,0
1,,47942,Port:10,0,0,0,Enabled,0.696844,0.458929,-0.3533,-0.42305,-54.9066,-13.5966,-80.4568,0.210536,0
1,,47974,Port:10,0,0,0,Enabled,0.676853,0.467863,-0.3626,-0.437602,-58.8058,-8.46885,-79.6458,0.209255,0
1,,47982,Port:10,0,0,0,Enabled,0.672568,0.46916,-0.3641,-0.441557,-59.7139,-6.98621,-78.9609,0.217719,0
1,,47998,Port:10,0,0,0,Enabled,0.666472,0.470155,-0.367174,-0.447161,-61.3815,-3.82827,-77.4421,0.281412,0
1,,48022,Port:10,0,0,0,Enabled,0.652431,0.472162,-0.374055,-0.45987,-63.4339,2.45622,-75.2217,0.324521,0
1,,48030,Port:10,0,0,0,Enabled,0.648192,0.471894,-0.378327,-0.462636,-63.9908,4.96932,-74.8851,0.30656,0
1,,48046,Port:10,0,0,0,Enabled,0.644282,0.470718,-0.390776,-0.458933,-65.0826,9.50239,-75.383,0.18632,0
1,,48062,Port:10,0,0,0,Enabled,0.648124,0.462517,-0.413299,-0.441813,-66.4694,14.3996,-78.4005,0.134045,0
1,,48078,Port:10,0,0,0,Enabled,0.625301,0.475296,-0.421689,-0.453068,-68.3877,20.3253,-82.9038,0.0860386,0
1,,48094,Port:10,0,0,0,Enabled,0.617071,0.475536,-0.434789,-0.451716,-70.0092,26.6446,-86.2112,0.0747623,0
1,,48102,Port:10,0,0,0,Enabled,0.612897,0.476708,-0.439576,-0.451531,-70.7631,29.7728,-87.5493,0.0665667,0
1,,48126,Port:10,0,0,0,Enabled,0.605942,0.474419,-0.455431,-0.447598,-72.6729,40.5171,-90.6437,0.0594593,0
1,,48142,Port:10,0,0,0,Enabled,0.600433,0.47315,-0.462428,-0.449188,-73.2699,48.1481,-91.6893,0.0607405,0
1,,48150,Port:10,0,0,0,Enabled,0.597808,0.47329,-0.464936,-0.449952,-73.406,51.6617,-92.1625,0.0626733,0
1,,48166,Port:10,0,0,0,Enabled,0.595191,0.474485,-0.471636,-0.445166,-73.6172,57.806,-93.6423,0.0634759,0
1,,48198,Port:10,0,0,0,Enabled,0.590065,0.481317,-0.479082,-0.436621,-73.611,68.9849,-95.6098,0.0636036,0
1,,48214,Port:10,0,0,0,Enabled,0.582711,0.490146,-0.474339,-0.441823,-73.0802,74.1123,-95.3848,0.0645007,0
1,,48230,Port:10,0,0,0,Enabled,0.57867,0.498832,-0.470924,-0.441067,-72.6821,78.6686,-95.1744,0.0693588,0
1,,48246,Port:10,0,0,0,Enabled,0.575594,0.505618,-0.470942,-0.437328,-72.334,83.4834,-95.0375,0.0820026,0
1,,48262,Port:10,0,0,0,Enabled,0.574253,0.51132,-0.469351,-0.43416,-71.798,88.2373,-94.7177,0.0984776,0
1,,48270,Port:10,0,0,0,Enabled,0.575157,0.511085,-0.47032,-0.432188,-71.4894,90.9388,-94.7144,0.119488,0
1,,48286,Port:10,0,0,0,Enabled,0.581563,0.507557,-0.474156,-0.423493,-70.0008,96.0871,-95.1711,0.166711,0
1,,48302,Port:10,0,0,0,Enabled,0.585857,0.506623,-0.472079,-0.421006,-67.6592,101.005,-96.181,0.224392,0
1,,48318,Port:10,0,0,0,Enabled,0.585768,0.508402,-0.469455,-0.421919,-65.0298,105.743,-98.1776,0.253784,0
1,,48334,Port:10,0,0,0,Enabled,0.586429,0.511378,-0.472314,-0.414141,-62.3433,109.641,-101.291,0.284663,0
1,,48350,Port:10,0,0,0,Enabled,0.586139,0.51488,-0.472692,-0.409758,-59.0809,113.136,-103.89,0.294788,0
1,,48366,Port:10,0,0,0,Enabled,0.586476,0.51837,-0.470968,-0.406852,-54.7297,115.827,-106.18,0.290623,0
1,,48382,Port:10,0,0,0,Enabled,0.586959,0.521945,-0.467791,-0.405246,-49.7719,117.784,-108.221,0.285018,0
1,,48390,Port:10,0,0,0,Enabled,0.587008,0.523039,-0.466855,-0.404844,-47.2269,118.86,-109.261,0.267188,0
1,,48406,Port:10,0,0,0,Enabled,0.587845,0.523098,-0.464589,-0.406157,-42.1,120.769,-110.837,0.244535,0
1,,48438,Port:10,0,0,0,Enabled,0.590985,0.522158,-0.459804,-0.40825,-30.9962,122.691,-114.126,0.203029,0
1,,48454,Port:10,0,0,0,Enabled,0.591941,0.524058,-0.45583,-0.408886,-25.1073,122.532,-115.564,0.192348,0
1,,48470,Port:10,0,0,0,Enabled,0.593843,0.52349,-0.451278,-0.411896,-19.7666,122.22,-116.143,0.185193,0
1,,48486,Port:10,0,0,0,Enabled,0.595071,0.524139,-0.445695,-0.415361,-14.665,121.7,-116.418,0.181915,0
1,,48502,Port:10,0,0,0,Enabled,0.596524,0.524428,-0.441292,-0.417607,-10.2368,120.753,-117.235,0.180632,0
1,,48510,Port:10,0,0,0,Enabled,0.596793,0.525094,-0.438876,-0.41893,-8.09839,120.153,-117.845,0.181461,0
1,,48526,Port:10,0,0,0,Enabled,0.59597,0.528747,-0.433364,-0.421239,-4.09042,118.605,-119.411,0.184938,0
1,,48542,Port:10,0,0,0,Enabled,0.596323,0.531346,-0.431194,-0.419694,-0.576014,117.014,-121.576,0.188386,0
1,,48558,Port:10,0,0,0,Enabled,0.596148,0.534216,-0.427665,-0.419908,2.51695,115.456,-123.208,0.190418,0
1,,48574,Port:10,0,0,0,Enabled,0.596664,0.53614,-0.425157,-0.41927,5.0576,113.689,-125.002,0.190841,0
1,,48590,Port:10,0,0,0,Enabled,0.596953,0.538851,-0.422382,-0.418186,7.41337,111.656,-126.763,0.194574,0
1,,48606,Port:10,0,0,0,Enabled,0.59687,0.543156,-0.417415,-0.417723,9.8635,109.037,-128.527,0.199613,0
1,,48622,Port:10,0,0,0,Enabled,0.598948,0.545555,-0.411478,-0.417513,12.3863,105.971,-130.05,0.201603,0
1,,48630,Port:10,0,0,0,Enabled,0.601567,0.545821,-0.408583,-0.416241,13.6676,104.102,-130.944,0.202073,0
1,,48646,Port:10,0,0,0,Enabled,0.604995,0.54642,-0.404986,-0.413997,15.6507,100.729,-133.24,0.204583,0
1,,48678,Port:10,0,0,0,Enabled,0.609458,0.542634,-0.393742,-0.423176,16.9887,94.7993,-137.75,0.210933,0
1,,48694,Port:10,0,0,0,Enabled,0.616058,0.535503,-0.389588,-0.426533,16.3433,91.3963,-140.181,0.208966,0
1,,48710,Port:10,0,0,0,Enabled,0.620669,0.528635,-0.383725,-0.43367,15.6695,88.1197,-142.423,0.209605,0
1,,48726,Port:10,0,0,0,Enabled,0.623904,0.523326,-0.378755,-0.439794,14.7082,84.7791,-144.994,0.207331,0
1,,48742,Port:10,0,0,0,Enabled,0.627558,0.517418,-0.375694,-0.444189,14.0883,81.8897,-147.037,0.208791,0
1,,48750,Port:10,0,0,0,Enabled,0.629488,0.513631,-0.372699,-0.448357,13.9179,80.413,-147.635,0.204318,0
1,,48766,Port:10,0,0,0,Enabled,0.633694,0.503863,-0.367083,-0.458044,13.7379,78.0445,-148.065,0.206374,0
1,,48782,Port:10,0,0,0,Enabled,0.637882,0.494658,-0.362083,-0.466172,13.4318,75.6019,-148.287,0.206569,0
1,,48798,Port:10,0,0,0,Enabled,0.642178,0.483705,-0.358867,-0.474185,12.6194,73.2352,-148.193,0.205256,0
1,,48814,Port:10,0,0,0,Enabled,0.644837,0.474752,-0.356275,-0.481523,11.3073,70.5221,-148.164,0.201378,0
1,,48830,Port:10,0,0,0,Enabled,0.647881,0.465804,-0.354774,-0.487249,9.2508,67.5941,-147.697,0.199647,0
1,,48838,Port:10,0,0,0,Enabled,0.647801,0.461909,-0.352425,-0.492737,8.06805,66.355,-147.144,0.195176,0
1,,48862,Port:10,0,0,0,Enabled,0.652295,0.444085,-0.345162,-0.508099,4.90131,62.5153,-144.012,0.192501,0
1,,48870,Port:10,0,0,0,Enabled,0.651982,0.438678,-0.342491,-0.514957,3.8191,61.3684,-142.907,0.186424,0
1,,48886,Port:10,0,0,0,Enabled,0.651884,0.428459,-0.338887,-0.525952,1.5788,58.3604,-140.837,0.178886,0
1,,48918,Port:10,0,0,0,Enabled,0.650048,0.417015,-0.333616,-0.540589,-4.17419,50.1974,-138.657,0.157899,0
1,,48934,Port:10,0,0,0,Enabled,0.65186,0.410393,-0.333568,-0.543497,-7.26921,45.9991,-138.063,0.149574,0
1,,48950,Port:10,0,0,0,Enabled,0.651826,0.404811,-0.333648,-0.547658,-9.80357,42.0921,-137.396,0.140385,0
1,,48966,Port:10,0,0,0,Enabled,0.650786,0.403064,-0.333483,-0.550278,-12.0407,37.9009,-137.068,0.134074,0
1,,48982,Port:10,0,0,0,Enabled,0.650326,0.403521,-0.334157,-0.550079,-14.2552,33.6781,-137.021,0.129788,0
1,,48990,Port:10,0,0,0,Enabled,0.65033,0.403508,-0.334487,-0.549883,-15.2624,31.7743,-137.013,0.127478,0
1,,49006,Port:10,0,0,0,Enabled,0.652083,0.403189,-0.333874,-0.548411,-17.1585,28.1598,-137.099,0.124634,0
1,,49022,Port:10,0,0,0,Enabled,0.651224,0.403088,-0.333534,-0.549712,-18.9239,25.536,-137.35,0.124961,0
1,,49038,Port:10,0,0,0,Enabled,0.651366,0.403262,-0.333551,-0.549406,-20.2828,22.8338,-137.698,0.123728,0
1,,49054,Port:10,0,0,0,Enabled,0.65102,0.403954,-0.332591,-0.549889,-20.9843,19.9579,-138.005,0.121932,0
1,,49070,Port:10,0,0,0,Enabled,0.651915,0.404409,-0.331557,-0.549118,-21.5446,16.8407,-138.256,0.122105,0
1,,49086,Port:10,0,0,0,Enabled,0.652755,0.404776,-0.330599,-0.548427,-22.1287,13.789,-138.266,0.120539,0
1,,49102,Port:10,0,0,0,Enabled,0.6526,0.404643,-0.329264,-0.549511,-22.9096,10.9665,-138.046,0.121976,0
1,,49110,Port:10,0,0,0,Enabled,0.652659,0.40503,-0.329517,-0.549005,-23.6632,9.39382,-138.048,0.117483,0
1,,49126,Port:10,0,0,0,Enabled,0.652859,0.405761,-0.331248,-0.547183,-25.8058,6.40635,-137.971,0.118673,0
1,,49158,Port:10,0,0,0,Enabled,0.65193,0.408498,-0.334847,-0.544055,-31.0336,0.480692,-137.704,0.117327,0
1,,49174,Port:10,0,0,0,Enabled,0.651329,0.411221,-0.336558,-0.541662,-33.5281,-2.62911,-137.92,0.11898,0
1,,49190,Port:10,0,0,0,Enabled,0.650517,0.415838,-0.338291,-0.53802,-36.0087,-6.11862,-138.552,0.121136,0
1,,49206,Port:10,0,0,0,Enabled,0.648701,0.421802,-0.343464,-0.532262,-38.9474,-9.19522,-139.402,0.124016,0
1,,49222,Port:10,0,0,0,Enabled,0.646339,0.427965,-0.347386,-0.527651,-41.75,-11.7956,-139.788,0.125158,0
1,,49230,Port:10,0,0,0,Enabled,0.644867,0.430977,-0.349417,-0.525656,-43.0144,-13.0246,-139.758,0.124504,0
1,,49246,Port:10,0,0,0,Enabled,0.642733,0.438002,-0.354069,-0.519312,-45.5513,-15.6186,-139.518,0.120771,0
1,,49262,Port:10,0,0,0,Enabled,0.641463,0.444393,-0.360519,-0.510947,-47.8626,-18.0996,-138.867,0.123413,0
1,,49278,Port:10,0,0,0,Enabled,0.64008,0.451269,-0.364851,-0.503526,-50.0172,-20.4261,-137.938,0.119393,0
1,,49294,Port:10,0,0,0,Enabled,0.637332,0.458547,-0.370271,-0.49643,-52.1316,-22.4428,-137.098,0.122247,0
1,,49310,Port:10,0,0,0,Enabled,0.634297,0.465823,-0.37597,-0.489208,-54.4081,-23.8544,-136.321,0.129839,0
1,,49326,Port:10,0,0,0,Enabled,0.631362,0.472909,-0.382276,-0.481254,-56.7562,-24.7971,-135.252,0.136853,0
1,,49342,Port:10,0,0,0,Enabled,0.627526,0.478543,-0.388449,-0.475727,-58.9942,-24.8478,-133.681,0.143727,0
1,,49350,Port:10,0,0,0,Enabled,0.625229,0.482259,-0.391632,-0.472376,-59.9905,-24.9397,-132.928,0.149625,0
1,,49366,Port:10,0,0,0,Enabled,0.623327,0.488351,-0.399558,-0.461876,-61.7282,-25.1632,-131.684,0.169301,0
1,,49398,Port:10,0,0,0,Enabled,0.610162,0.510061,-0.416231,-0.440787,-64.9979,-25.4111,-131.407,0.223616,0
1,,49414,Port:10,0,0,0,Enabled,0.596975,0.525345,-0.428833,-0.428646,-66.7039,-25.0847,-132.681,0.243818,0
1,,49430,Port:10,0,0,0,Enabled,0.584668,0.537233,-0.443225,-0.416048,-68.691,-24.3468,-133.822,0.237934,0
1,,49446,Port:10,0,0,0,Enabled,0.577594,0.543309,-0.458327,-0.401418,-71.201,-23.3904,-134.372,0.224549,0
1,,49462,Port:10,0,0,0,Enabled,0.573106,0.546413,-0.474117,-0.384962,-74.4049,-22.3234,-135.108,0.185928,0
1,,49470,Port:10,0,0,0,Enabled,0.568147,0.550079,-0.480766,-0.378795,-76.059,-21.6244,-135.64,0.179531,0
1,,49486,Port:10,0,0,0,Enabled,0.559489,0.555416,-0.495261,-0.364967,-79.3203,-20.0068,-136.718,0.153242,0
1,,49502,Port:10,0,0,0,Enabled,0.548212,0.564435,-0.50479,-0.355055,-82.3267,-18.7866,-137.801,0.133136,0
1,,49518,Port:10,0,0,0,Enabled,0.538738,0.572763,-0.516371,-0.339211,-84.5301,-18.1659,-138.963,0.114411,0
1,,49534,Port:10,0,0,0,Enabled,0.529756,0.580865,-0.526458,-0.323721,-86.2249,-17.5813,-139.787,0.101246,0
1,,49550,Port:10,0,0,0,Enabled,0.52196,0.588116,-0.536212,-0.306844,-87.2299,-17.0066,-140.124,0.0916866,0
1,,49566,Port:10,0,0,0,Enabled,0.512078,0.598001,-0.543707,-0.290782,-87.6009,-16.3697,-140.153,0.0832523,0
1,,49582,Port:10,0,0,0,Enabled,0.5077,0.601828,-0.55499,-0.268383,-87.5853,-15.8604,-139.481,0.0828454,0
1,,49598,Port:10,0,0,0,Enabled,0.505462,0.604584,-0.563586,-0.247706,-87.802,-15.2302,-138.41,0.0798357,0
1,,49606,Port:10,0,0,0,Enabled,0.504783,0.604627,-0.569363,-0.235469,-87.7904,-14.8707,-137.884,0.0819293,0
1,,49638,Port:10,0,0,0,Enabled,0.507234,0.599885,-0.58801,-0.192604,-87.834,-12.5811,-135.243,0.0857785,0
1,,49654,Port:10,0,0,0,Enabled,0.507376,0.59871,-0.594234,-0.176072,-87.365,-10.9577,-134.384,0.0855663,0
1,,49670,Port:10,0,0,0,Enabled,0.50637,0.598726,-0.600207,-0.157696,-86.2712,-9.98582,-134.126,0.0880633,0
1,,49686,Port:10,0,0,0,Enabled,0.507187,0.597206,-0.605714,-0.138626,-84.7213,-9.3719,-133.892,0.0892777,0
1,,49702,Port:10,0,0,0,Enabled,0.507042,0.599646,-0.605349,-0.129943,-83.467,-7.96255,-133.5,0.0869132,0
1,,49710,Port:10,0,0,0,Enabled,0.508057,0.59878,-0.606397,-0.124994,-82.6901,-7.18441,-133.18,0.0910487,0
1,,49726,Port:10,0,0,0,Enabled,0.51107,0.603261,-0.600497,-0.119525,-80.9278,-6.16701,-132.317,0.0836517,0
1,,49742,Port:10,0,0,0,Enabled,0.514038,0.607434,-0.594407,-0.116054,-78.6425,-4.46192,-131.5,0.0776109,0
1,,49758,Port:10,0,0,0,Enabled,0.514156,0.615185,-0.586993,-0.112387,-75.771,-2.53661,-131.182,0.0691786,0
1,,49774,Port:10,0,0,0,Enabled,0.51672,0.619865,-0.58101,-0.105807,-73.1113,-0.854001,-130.816,0.0637369,0
1,,49790,Port:10,0,0,0,Enabled,0.520882,0.623828,-0.574087,-0.0997219,-71.0141,0.635119,-129.874,0.0552629,0
1,,49798,Port:10,0,0,0,Enabled,0.522928,0.624931,-0.57145,-0.0972276,-70.252,1.72233,-129.169,0.0520194,0
1,,49822,Port:10,0,0,0,Enabled,0.535662,0.624452,-0.559447,-0.100717,-69.3394,5.99571,-125.018,0.0411805,0
1,,49838,Port:10,0,0,0,Enabled,0.543555,0.622919,-0.552821,-0.104444,-68.4524,9.21165,-122.008,0.037546,0
1,,49846,Port:10,0,0,0,Enabled,0.546705,0.622369,-0.550399,-0.104079,-67.7374,10.7277,-120.847,0.0375194,0
1,,49878,Port:10,0,0,0,Enabled,0.558405,0.620009,-0.541362,-0.103441,-65.0303,16.8296,-117.698,0.044211,0
1,,49894,Port:10,0,0,0,Enabled,0.560308,0.620924,-0.538325,-0.103511,-63.7358,19.8188,-117.341,0.0489777,0
1,,49910,Port:10,0,0,0,Enabled,0.564376,0.621784,-0.533223,-0.102656,-62.6705,21.7744,-116.817,0.0559014,0
1,,49926,Port:10,0,0,0,Enabled,0.565566,0.626648,-0.52599,-0.103837,-61.8209,23.2612,-117.497,0.0595853,0
1,,49942,Port:10,0,0,0,Enabled,0.562871,0.634773,-0.519056,-0.104021,-60.806,24.4695,-119.66,0.060755,0
1,,49950,Port:10,0,0,0,Enabled,0.562928,0.63763,-0.515664,-0.103107,-60.2394,24.8724,-120.624,0.0627393,0
1,,49966,Port:10,0,0,0,Enabled,0.563474,0.643101,-0.508413,-0.10215,-59.2172,26.0121,-122.372,0.0669359,0
1,,49982,Port:10,0,0,0,Enabled,0.562654,0.648442,-0.502296,-0.103161,-58.1342,28.0219,-124.506,0.0686181,0
1,,49998,Port:10,0,0,0,Enabled,0.562911,0.653469,-0.495376,-0.103501,-56.4226,30.2254,-126.37,0.0721693,0
1,,50014,Port:10,0,0,0,Enabled,0.565555,0.661587,-0.480538,-0.107396,-53.8162,31.7667,-127.024,0.0790349,0
1,,50030,Port:10,0,0,0,Enabled,0.563712,0.675065,-0.462277,-0.113204,-50.2564,32.9863,-128.507,0.0786,0
1,,50046,Port:10,0,0,0,Enabled,0.561889,0.684577,-0.450323,-0.113337,-46.3769,34.0306,-130.772,0.0754587,0
1,,50062,Port:10,0,0,0,Enabled,0.561486,0.689724,-0.443631,-0.110479,-42.6033,34.8673,-133.191,0.0781228,0
1,,50070,Port:10,0,0,0,Enabled,0.559718,0.693082,-0.440791,-0.109803,-40.9527,35.4237,-134.705,0.0751638,0
1,,50102,Port:10,0,0,0,Enabled,0.553641,0.708687,-0.420672,-0.119494,-36.6077,37.8637,-139.191,0.070827,0
1,,50118,Port:10,0,0,0,Enabled,0.550436,0.719317,-0.402361,-0.133077,-34.772,39.0832,-140.829,0.065031,0
1,,50134,Port:10,0,0,0,Enabled,0.545674,0.734286,-0.372798,-0.155196,-32.524,39.8213,-142.255,0.0574548,0
1,,50150,Port:10,0,0,0,Enabled,0.539137,0.746207,-0.352181,-0.168747,-29.7792,40.3643,-144.85,0.0532995,0
1,,50166,Port:10,0,0,0,Enabled,0.53121,0.755066,-0.341012,-0.177208,-27.3027,41.2173,-148.338,0.0498848,0
1,,50182,Port:10,0,0,0,Enabled,0.53099,0.755521,-0.336511,-0.184383,-25.2452,41.7629,-150.469,0.0536619,0
1,,50190,Port:10,0,0,0,Enabled,0.531045,0.755945,-0.33253,-0.189636,-24.1687,41.8313,-151.363,0.0542014,0
1,,50206,Port:10,0,0,0,Enabled,0.529877,0.757744,-0.325113,-0.198384,-21.5498,41.6164,-153.808,0.0568484,0
1,,50222,Port:10,0,0,0,Enabled,0.528024,0.759535,-0.318311,-0.207306,-18.8737,41.1563,-156.799,0.0607335,0
1,,50238,Port:10,0,0,0,Enabled,0.526986,0.760436,-0.31571,-0.210594,-15.9481,40.1824,-160.457,0.0630209,0
1,,50254,Port:10,0,0,0,Enabled,0.528458,0.758,-0.314947,-0.21674,-13.8727,39.3765,-163.255,0.0681373,0
1,,50270,Port:10,0,0,0,Enabled,0.532196,0.752385,-0.316408,-0.224881,-12.56,38.6199,-165.153,0.0779864,0
1,,50286,Port:10,0,0,0,Enabled,0.536307,0.745413,-0.314948,-0.239881,-11.8623,38.1857,-166.363,0.085799,0
1,,50302,Port:10,0,0,0,Enabled,0.541783,0.737566,-0.311259,-0.256097,-10.859,37.2899,-167.081,0.0942562,0
1,,50310,Port:10,0,0,0,Enabled,0.54489,0.733158,-0.31221,-0.260958,-10.3836,36.7587,-167.694,0.0942961,0
1,,50342,Port:10,0,0,0,Enabled,0.55776,0.710851,-0.307855,-0.298027,-10.2431,35.9989,-167.419,0.118898,0
1,,50358,Port:10,0,0,0,Enabled,0.566216,0.698053,-0.309687,-0.310186,-9.96687,35.2695,-167.521,0.130446,0
1,,50374,Port:10,0,0,0,Enabled,0.569299,0.690297,-0.30817,-0.323142,-9.6963,34.5323,-168.462,0.143498,0
1,,50390,Port:10,0,0,0,Enabled,0.573807,0.681082,-0.302433,-0.339716,-9.03596,33.5641,-168.42,0.147981,0
1,,50406,Port:10,0,0,0,Enabled,0.57885,0.670583,-0.294688,-0.358344,-8.37124,32.4131,-167.749,0.150275,0
1,,50422,Port:10,0,0,0,Enabled,0.585585,0.657549,-0.286306,-0.377821,-7.74659,31.8126,-166.192,0.152658,0
1,,50430,Port:10,0,0,0,Enabled,0.589989,0.649959,-0.284595,-0.38532,-7.3644,31.644,-165.547,0.162326,0
1,,50446,Port:10,0,0,0,Enabled,0.594063,0.63929,-0.279689,-0.400214,-6.13812,31.1089,-165.106,0.164697,0
1,,50462,Port:10,0,0,0,Enabled,0.599001,0.629962,-0.273349,-0.411856,-4.51047,29.9632,-165.133,0.164471,0
1,,50478,Port:10,0,0,0,Enabled,0.603384,0.62214,-0.266512,-0.421712,-2.90224,28.5465,-165.209,0.159109,0
1,,50494,Port:10,0,0,0,Enabled,0.607975,0.61367,-0.263272,-0.429492,-2.26775,27.3951,-165.19,0.156469,0
1,,50510,Port:10,0,0,0,Enabled,0.611459,0.605889,-0.257296,-0.439108,-1.68002,26.2247,-164.678,0.157477,0
1,,50526,Port:10,0,0,0,Enabled,0.616963,0.594177,-0.250313,-0.451279,-1.18129,25.019,-163.415,0.157927,0
1,,50542,Port:10,0,0,0,Enabled,0.620007,0.58238,-0.241689,-0.466917,-0.780803,23.7782,-162.136,0.153413,0
1,,50550,Port:10,0,0,0,Enabled,0.621771,0.576546,-0.235714,-0.4748,-0.440526,22.8314,-161.257,0.15007,0
1,,50582,Port:10,0,0,0,Enabled,0.631194,0.553497,-0.226098,-0.494081,-0.660538,19.9458,-158.637,0.141819,0
1,,50598,Port:10,0,0,0,Enabled,0.632066,0.546397,-0.224192,-0.501679,-1.39316,18.9802,-158.617,0.139622,0
1,,50614,Port:10,0,0,0,Enabled,0.63321,0.538385,-0.222027,-0.509795,-1.88143,17.8507,-158.811,0.139239,0
1,,50630,Port:10,0,0,0,Enabled,0.633862,0.530416,-0.214189,-0.520578,-1.82955,16.2688,-158.553,0.13068,0
1,,50646,Port:10,0,0,0,Enabled,0.637378,0.522316,-0.209013,-0.526544,-1.73392,14.438,-158.348,0.127669,0
1,,50662,Port:10,0,0,0,Enabled,0.644465,0.516979,-0.208939,-0.523203,-2.30806,12.4357,-158.587,0.126674,0
1,,50670,Port:10,0,0,0,Enabled,0.646932,0.514567,-0.207984,-0.522917,-2.71474,11.2581,-158.585,0.12072,0
1,,50686,Port:10,0,0,0,Enabled,0.653139,0.508945,-0.205754,-0.521583,-3.76299,9.14783,-158.363,0.120224,0
1,,50702,Port:10,0,0,0,Enabled,0.659148,0.502119,-0.203367,-0.521577,-5.04491,7.00125,-157.92,0.117595,0
1,,50718,Port:10,0,0,0,Enabled,0.665616,0.495113,-0.197585,-0.522283,-5.95501,4.46411,-156.873,0.108995,0
1,,50734,Port:10,0,0,0,Enabled,0.670367,0.491136,-0.19964,-0.51917,-7.86544,2.43623,-156.954,0.107164,0
1,,50750,Port:10,0,0,0,Enabled,0.674284,0.491545,-0.19994,-0.513565,-10.2402,-0.237252,-157.641,0.0993791,0
1,,50766,Port:10,0,0,0,Enabled,0.683049,0.486778,-0.19731,-0.507504,-11.4936,-3.01065,-157.238,0.0915237,0
1,,50782,Port:10,0,0,0,Enabled,0.685831,0.482116,-0.191115,-0.510564,-12.1674,-5.37894,-156.239,0.0842724,0
1,,50790,Port:10,0,0,0,Enabled,0.687857,0.480241,-0.188033,-0.510748,-12.454,-6.6146,-155.746,0.0824719,0
1,,50822,Port:10,0,0,0,Enabled,0.703235,0.470354,-0.176549,-0.503049,-13.1062,-12.335,-152.482,0.0633786,0
1,,50838,Port:10,0,0,0,Enabled,0.711517,0.468159,-0.168666,-0.496108,-14.2342,-15.1192,-150.349,0.0551543,0
1,,50854,Port:10,0,0,0,Enabled,0.718843,0.46711,-0.165287,-0.487599,-16.3626,-16.9875,-148.419,0.0548952,0
1,,50870,Port:10,0,0,0,Enabled,0.726836,0.468002,-0.162973,-0.475524,-18.8763,-19.0424,-146.516,0.0620424,0
1,,50886,Port:10,0,0,0,Enabled,0.73061,0.469485,-0.154365,-0.471132,-21.0136,-20.9931,-143.611,0.059573,0
1,,50902,Port:10,0,0,0,Enabled,0.736124,0.468239,-0.147668,-0.465906,-23.034,-22.7051,-140.146,0.0681046,0
1,,50910,Port:10,0,0,0,Enabled,0.73817,0.469162,-0.146541,-0.462081,-24.3348,-23.5312,-138.693,0.0748272,0
1,,50926,Port:10,0,0,0,Enabled,0.740834,0.474424,-0.150809,-0.450936,-27.5406,-24.7601,-136.868,0.0738909,0
1,,50942,Port:10,0,0,0,Enabled,0.745246,0.47806,-0.153346,-0.438808,-29.8713,-26.263,-134.715,0.0774613,0
1,,50958,Port:10,0,0,0,Enabled,0.748003,0.482719,-0.152556,-0.429186,-31.2002,-28.176,-132.572,0.0834178,0
1,,50974,Port:10,0,0,0,Enabled,0.74805,0.490046,-0.154689,-0.419939,-32.688,-29.7761,-131.111,0.0685548,0
1,,50990,Port:10,0,0,0,Enabled,0.749677,0.495827,-0.156937,-0.40928,-33.4068,-31.5506,-129.477,0.064517,0
1,,51006,Port:10,0,0,0,Enabled,0.749516,0.504284,-0.155855,-0.39954,-33.2236,-34.0002,-128.017,0.0546954,0
1,,51022,Port:10,0,0,0,Enabled,0.751536,0.51168,-0.157108,-0.385608,-32.1825,-36.5292,-126.917,0.0535763,0
1,,51030,Port:10,0,0,0,Enabled,0.751242,0.516252,-0.15543,-0.380737,-31.5311,-37.7855,-126.406,0.0538175,0
1,,51062,Port:10,0,0,0,Enabled,0.746749,0.538062,-0.170711,-0.351729,-31.6077,-41.3108,-126.654,0.0912046,0
1,,51078,Port:10,0,0,0,Enabled,0.742761,0.549836,-0.182047,-0.335926,-32.3994,-42.7423,-126.812,0.112113,0
1,,51094,Port:10,0,0,0,Enabled,0.735365,0.562686,-0.193686,-0.324205,-33.4356,-43.9255,-127.015,0.141831,0
1,,51110,Port:10,0,0,0,Enabled,0.730051,0.573401,-0.205642,-0.309756,-34.222,-45.1399,-126.691,0.157958,0
1,,51126,Port:10,0,0,0,Enabled,0.723326,0.582997,-0.21295,-0.302599,-34.7229,-46.0622,-125.834,0.181127,0
1,,51142,Port:10,0,0,0,Enabled,0.718826,0.589856,-0.221418,-0.293825,-35.4533,-46.5669,-124.92,0.187246,0
1,,51150,Port:10,0,0,0,Enabled,0.716188,0.592436,-0.226295,-0.29135,-35.9279,-46.5048,-124.479,0.194305,0
1,,51166,Port:10,0,0,0,Enabled,0.708556,0.600062,-0.236068,-0.286611,-36.8043,-46.665,-124.362,0.208148,0
1,,51182,Port:10,0,0,0,Enabled,0.702829,0.607679,-0.25069,-0.271868,-37.0417,-47.7407,-125.02,0.228166,0
1,,51198,Port:10,0,0,0,Enabled,0.698317,0.615135,-0.257152,-0.260451,-36.314,-49.2843,-125.279,0.222932,0
1,,51214,Port:10,0,0,0,Enabled,0.691639,0.623507,-0.269725,-0.245202,-36.2538,-50.4073,-126.591,0.232582,0
1,,51230,Port:10,0,0,0,Enabled,0.683215,0.631534,-0.283233,-0.232725,-36.9886,-50.8162,-128.036,0.231733,0
1,,51246,Port:10,0,0,0,Enabled,0.675856,0.638314,-0.294525,-0.221426,-38.0204,-51.3157,-129.077,0.238249,0
1,,51262,Port:10,0,0,0,Enabled,0.671914,0.641032,-0.306507,-0.208961,-39.3065,-51.6805,-129.745,0.225752,0
1,,51270,Port:10,0,0,0,Enabled,0.667782,0.644565,-0.311109,-0.204488,-39.7949,-51.878,-130.236,0.224655,0
1,,51302,Port:10,0,0,0,Enabled,0.65156,0.657642,-0.333673,-0.177875,-41.042,-52.5109,-132.94,0.213257,0
1,,51318,Port:10,0,0,0,Enabled,0.645694,0.661384,-0.343701,-0.16589,-41.6527,-52.293,-134.015,0.200851,0
1,,51334,Port:10,0,0,0,Enabled,0.635588,0.667518,-0.355139,-0.155962,-42.6073,-51.5722,-135.894,0.195129,0
1,,51350,Port:10,0,0,0,Enabled,0.627045,0.670417,-0.370436,-0.141892,-43.6845,-50.8746,-137.746,0.18143,0
1,,51366,Port:10,0,0,0,Enabled,0.61729,0.674088,-0.384188,-0.130224,-44.3958,-50.2005,-139.374,0.175442,0
1,,51382,Port:10,0,0,0,Enabled,0.605821,0.67929,-0.394314,-0.126737,-45.1745,-49.2302,-140.522,0.169404,0
1,,51390,Port:10,0,0,0,Enabled,0.601285,0.680825,-0.399751,-0.123014,-45.4089,-49.0195,-140.894,0.165301,0
1,,51406,Port:10,0,0,0,Enabled,0.593086,0.68234,-0.412799,-0.110716,-45.5847,-49.011,-141.523,0.158475,0
1,,51422,Port:10,0,0,0,Enabled,0.584788,0.683945,-0.423843,-0.102952,-46.0103,-48.5944,-141.971,0.15152,0
1,,51438,Port:10,0,0,0,Enabled,0.577234,0.685074,-0.433396,-0.0981955,-46.8288,-47.867,-142.442,0.147239,0
1,,51454,Port:10,0,0,0,Enabled,0.568971,0.686024,-0.442973,-0.0970474,-47.6894,-46.6599,-142.848,0.14192,0
1,,51470,Port:10,0,0,0,Enabled,0.559717,0.687064,-0.453452,-0.0950853,-48.2848,-45.457,-143.314,0.141852,0
1,,51486,Port:10,0,0,0,Enabled,0.554935,0.683002,-0.466222,-0.0905099,-48.9797,-44.3042,-143.038,0.133798,0
1,,51502,Port:10,0,0,0,Enabled,0.551345,0.679109,-0.475675,-0.0925442,-50.3504,-42.8552,-142.384,0.129828,0
1,,51510,Port:10,0,0,0,Enabled,0.550149,0.676599,-0.48009,-0.0952061,-51.4093,-42.1011,-142.117,0.124604,0
1,,51542,Port:10,0,0,0,Enabled,0.543666,0.661991,-0.503462,-0.112788,-57.9676,-38.3595,-142.128,0.117153,0
1,,51558,Port:10,0,0,0,Enabled,0.538926,0.650199,-0.522662,-0.116721,-61.4352,-36.2414,-142.345,0.111463,0
1,,51574,Port:10,0,0,0,Enabled,0.535167,0.631238,-0.549668,-0.114016,-64.6395,-33.9138,-142.535,0.109539,0
1,,51590,Port:10,0,0,0,Enabled,0.53236,0.614518,-0.570707,-0.11513,-67.5977,-31.6993,-142.074,0.103844,0
1,,51606,Port:10,0,0,0,Enabled,0.530085,0.601123,-0.585477,-0.121973,-70.4511,-29.2462,-141.152,0.0994755,0
1,,51622,Port:10,0,0,0,Enabled,0.529701,0.586941,-0.597498,-0.133843,-73.2956,-25.9592,-139.615,0.0964294,0
1,,51630,Port:10,0,0,0,Enabled,0.531723,0.578201,-0.602921,-0.139433,-74.8274,-24.2468,-138.536,0.0945101,0
1,,51646,Port:10,0,0,0,Enabled,0.539031,0.55872,-0.611622,-0.152304,-77.8818,-20.7485,-135.454,0.091388,0
1,,51670,Port:10,0,0,0,Enabled,0.556291,0.52773,-0.616365,-0.179266,-82.3389,-14.6592,-127.912,0.0791742,0
1,,51678,Port:10,0,0,0,Enabled,0.562398,0.518027,-0.615701,-0.190445,-83.6394,-12.5422,-124.887,0.074992,0
1,,51694,Port:10,0,0,0,Enabled,0.572151,0.501822,-0.613847,-0.209786,-85.8124,-8.24233,-118.942,0.068783,0
1,,51710,Port:10,0,0,0,Enabled,0.580943,0.485756,-0.612621,-0.226366,-87.6669,-3.82155,-113.364,0.0601701,0
1,,51726,Port:10,0,0,0,Enabled,0.590481,0.469141,-0.609571,-0.244257,-89.7589,1.47248,-107.595,0.0552487,0
1,,51742,Port:10,0,0,0,Enabled,0.599002,0.455532,-0.602607,-0.265618,-91.5663,6.73745,-101.796,0.0471554,0
1,,51750,Port:10,0,0,0,Enabled,0.60368,0.447985,-0.600625,-0.272266,-92.1658,9.17717,-99.1109,0.0468586,0
1,,51790,Port:10,0,0,0,Enabled,0.628333,0.415076,-0.577533,-0.315222,-92.7067,20.5359,-86.0256,0.0421938,0
1,,51798,Port:10,0,0,0,Enabled,0.630915,0.411099,-0.572498,-0.324331,-92.2944,22.7969,-84.1378,0.0430587,0
1,,51814,Port:10,0,0,0,Enabled,0.63759,0.401215,-0.563403,-0.339239,-91.3349,27.2154,-81.0272,0.0439685,0
1,,51830,Port:10,0,0,0,Enabled,0.642792,0.391541,-0.554999,-0.354245,-90.1108,31.6692,-78.6057,0.05062,0
1,,51846,Port:10,0,0,0,Enabled,0.648893,0.381249,-0.545249,-0.369175,-89.1275,35.7101,-76.5098,0.0575648,0
1,,51862,Port:10,0,0,0,Enabled,0.6543,0.372325,-0.534827,-0.3837,-88.7028,39.3321,-75.078,0.0718369,0
1,,51870,Port:10,0,0,0,Enabled,0.657055,0.367954,-0.530917,-0.388607,-88.5766,40.9595,-74.64,0.0884492,0
1,,51886,Port:10,0,0,0,Enabled,0.666428,0.35604,-0.518439,-0.400413,-87.8613,44.6805,-73.0691,0.138056,0
1,,51910,Port:10,0,0,0,Enabled,0.68446,0.340129,-0.489172,-0.420164,-83.3573,49.0599,-71.3206,0.849333,0
1,,51918,Port:10,0,0,0,Enabled,0.682215,0.337777,-0.484144,-0.431387,-82.7838,50.445,-71.854,0.482112,0
1,,51934,Port:10,0,0,0,Enabled,0.687641,0.327603,-0.468304,-0.447793,-80.7192,52.6678,-71.1576,0.128782,0
1,,51950,Port:10,0,0,0,Enabled,0.69424,0.317213,-0.450273,-0.463314,-78.0994,55.0917,-69.6016,0.156969,0
1,,51966,Port:10,0,0,0,Enabled,0.702815,0.307314,-0.425457,-0.480205,-74.503,56.6438,-67.0609,0.29228,0
1,,51982,Port:10,0,0,0,Enabled,0.710014,0.304485,-0.407575,-0.48688,-71.2391,56.7452,-66.9151,0.263819,0
1,,51990,Port:10,0,0,0,Enabled,0.712633,0.306391,-0.40097,-0.487342,-69.8177,56.5757,-67.4084,0.237758,0
1,,52030,Port:10,0,0,0,Enabled,0.729892,0.313523,-0.365633,-0.48505,-58.9067,58.4447,-69.7576,0.115583,0
1,,52038,Port:10,0,0,0,Enabled,0.734071,0.313468,-0.353312,-0.487902,-55.1695,58.9165,-69.3657,0.0939852,0
1,,52054,Port:10,0,0,0,Enabled,0.741693,0.318045,-0.338019,-0.484233,-48.867,59.0984,-70.5069,0.0864811,0
1,,52070,Port:10,0,0,0,Enabled,0.746276,0.328195,-0.332758,-0.473954,-44.6126,58.7846,-73.3484,0.0847705,0
1,,52086,Port:10,0,0,0,Enabled,0.750572,0.339101,-0.32843,-0.46237,-41.17,58.1889,-76.0643,0.0831606,0
1,,52102,Port:10,0,0,0,Enabled,0.752144,0.347626,-0.324372,-0.45631,-37.926,58.1105,-78.2482,0.0869965,0
1,,52110,Port:10,0,0,0,Enabled,0.752561,0.351084,-0.320027,-0.456043,-36.0344,58.3779,-78.6029,0.0838589,0
1,,52126,Port:10,0,0,0,Enabled,0.7589,0.353175,-0.312131,-0.449347,-32.1136,58.4697,-78.7012,0.0825379,0
1,,52150,Port:10,0,0,0,Enabled,0.761078,0.367183,-0.31941,-0.428853,-30.4139,57.1693,-82.5457,0.0842884,0
1,,52158,Port:10,0,0,0,Enabled,0.759823,0.373934,-0.325381,-0.420678,-30.6879,56.7015,-84.5295,0.0832001,0
1,,52174,Port:10,0,0,0,Enabled,0.756192,0.387749,-0.335172,-0.406796,-31.7802,55.1775,-88.5794,0.0844071,0
1,,52190,Port:10,0,0,0,Enabled,0.752318,0.400274,-0.347982,-0.390779,-33.4692,53.5427,-92.9712,0.0920566,0
1,,52206,Port:10,0,0,0,Enabled,0.74654,0.412821,-0.359964,-0.377733,-35.4506,51.976,-97.4454,0.101839,0
1,,52222,Port:10,0,0,0,Enabled,0.740299,0.424792,-0.372849,-0.363994,-37.6836,50.216,-102.204,0.118906,0
1,,52230,Port:10,0,0,0,Enabled,0.737179,0.430402,-0.379331,-0.356974,-38.7573,49.3091,-104.662,0.128153,0
1,,52270,Port:10,0,0,0,Enabled,0.718511,0.458681,-0.407962,-0.326987,-42.8706,44.1298,-116.643,0.199503,0
1,,52278,Port:10,0,0,0,Enabled,0.715075,0.463496,-0.413357,-0.320898,-43.5535,43.0771,-118.875,0.21707,0
1,,52294,Port:10,0,0,0,Enabled,0.708368,0.473523,-0.422056,-0.309611,-44.5409,40.7913,-123.019,0.246744,0
1,,52310,Port:10,0,0,0,Enabled,0.701941,0.482229,-0.429596,-0.300303,-45.4696,38.7996,-126.436,0.272568,0
1,,52326,Port:10,0,0,0,Enabled,0.695708,0.4892,-0.439276,-0.289329,-46.1747,36.8627,-129.788,0.285789,0
1,,52342,Port:10,0,0,0,Enabled,0.689345,0.496246,-0.446732,-0.281024,-46.7903,35.1976,-133.006,0.297402,0
1,,52350,Port:10,0,0,0,Enabled,0.686184,0.499796,-0.450558,-0.27632,-46.8414,34.1627,-134.613,0.291825,0
1,,52366,Port:10,0,0,0,Enabled,0.68008,0.507072,-0.456908,-0.26759,-46.7244,32.3099,-137.559,0.283726,0
1,,52390,Port:10,0,0,0,Enabled,0.670861,0.516252,-0.469444,-0.251099,-45.8815,29.4016,-142.37,0.265593,0
1,,52398,Port:10,0,0,0,Enabled,0.667494,0.519182,-0.473539,-0.246299,-45.5429,28.6202,-144.137,0.254593,0
1,,52414,Port:10,0,0,0,Enabled,0.661243,0.525161,-0.48055,-0.236719,-44.6238,26.8011,-147.57,0.23245,0
1,,52430,Port:10,0,0,0,Enabled,0.653075,0.533499,-0.487997,-0.225237,-43.4917,24.6379,-152.128,0.213955,0
1,,52446,Port:10,0,0,0,Enabled,0.645315,0.540926,-0.495155,-0.213982,-42.1069,22.5114,-156.588,0.199181,0
1,,52462,Port:10,0,0,0,Enabled,0.637488,0.549624,-0.49902,-0.20616,-40.5869,20.4694,-160.908,0.193979,0
1,,52470,Port:10,0,0,0,Enabled,0.634604,0.552373,-0.500822,-0.203322,-39.8068,19.7083,-162.71,0.188874,0
1,,52510,Port:10,0,0,0,Enabled,0.619446,0.566783,-0.508454,-0.191096,-35.989,15.6637,-171.832,0.195086,0
1,,52526,Port:10,0,0,0,Enabled,0.610605,0.573977,-0.513771,-0.183719,-34.4757,13.7845,-177.072,0.198793,0
1,,52534,Port:10,0,0,0,Enabled,0.605563,0.577649,-0.516538,-0.18112,-33.7372,13.0038,-179.783,0.202078,0
1,,52550,Port:10,0,0,0,Enabled,0.596099,0.585899,-0.519653,-0.177061,-32.3242,11.2043,-185.119,0.204881,0
1,,52566,Port:10,0,0,0,Enabled,0.587721,0.592595,-0.522892,-0.173202,-31.0181,9.48202,-190.032,0.214493,0
1,,52582,Port:10,0,0,0,Enabled,0.579906,0.598877,-0.525905,-0.16876,-29.7168,7.66954,-194.512,0.222231,0
1,,52590,Port:10,0,0,0,Enabled,0.575722,0.601705,-0.527587,-0.167772,-29.1614,7.04214,-196.581,0.229147,0
1,,52606,Port:10,0,0,0,Enabled,0.567775,0.607269,-0.53086,-0.16445,-27.9714,5.62105,-201.308,0.23213,0
1,,52630,Port:10,0,0,0,Enabled,0.559306,0.614121,-0.53355,-0.159241,-25.769,2.65917,-207.519,0.253252,0
1,,52638,Port:10,0,0,0,Enabled,0.558206,0.6157,-0.532595,-0.160193,-25.3218,1.79878,-209.055,0.248053,0
1,,52654,Port:10,0,0,0,Enabled,0.559412,0.615717,-0.529412,-0.166357,-25.1106,0.481094,-210.696,0.278695,0
1,,52670,Port:10,0,0,0,Enabled,0.561269,0.613985,-0.527708,-0.171825,-25.0569,-0.818937,-212.564,0.276342,0
1,,52686,Port:10,0,0,0,Enabled,0.564017,0.61119,-0.525262,-0.180091,-25.3437,-1.75123,-214.169,0.303557,0
1,,52702,Port:10,0,0,0,Enabled,0.565884,0.609789,-0.52319,-0.184948,-24.7903,-3.54562,-216.683,0.290012,0
1,,52710,Port:10,0,0,0,Missing,,,,,,,,,0
1,,52734,Port:10,0,0,0,Enabled,0.569559,0.607239,-0.517111,-0.198646,-24.2059,-6.32558,-222.813,0.346129,0
1,,52750,Port:10,0,0,0,Enabled,0.572677,0.603276,-0.515609,-0.205541,-24.996,-6.82348,-225.313,0.353388,0
1,,52758,Port:10,0,0,0,Missing,,,,,,,,,0
1,,52790,Port:10,0,0,0,Enabled,0.58725,0.584149,-0.50695,-0.238556,-30.2475,-6.60831,-226.027,0.352707,0
1,,52806,Port:10,0,0,0,Enabled,0.594171,0.576551,-0.50126,-0.251571,-32.1144,-7.84581,-226.636,0.363643,0
1,,52822,Port:10,0,0,0,Enabled,0.597601,0.568943,-0.499307,-0.264328,-34.0557,-8.32759,-227.874,0.371852,0
1,,52830,Port:10,0,0,0,Enabled,0.599282,0.565597,-0.497792,-0.270488,-35.3022,-8.60211,-228.606,0.37466,0
1,,52854,Port:10,0,0,0,Enabled,0.604891,0.554132,-0.491627,-0.292144,-38.6579,-9.36487,-229.554,0.383656,0
1,,52870,Port:10,0,0,0,Enabled,0.609605,0.545248,-0.490155,-0.301387,-40.8344,-10.2694,-229.427,0.38618,0
1,,52878,Port:10,0,0,0,Enabled,0.611868,0.540432,-0.489516,-0.306471,-41.9132,-10.2969,-228.796,0.393711,0
1,,52894,Port:10,0,0,0,Enabled,0.62109,0.527611,-0.483495,-0.31954,-43.6512,-10.8511,-226.124,0.382354,0
1,,52910,Port:10,0,0,0,Enabled,0.641216,0.510672,-0.470019,-0.32732,-44.1661,-12.9607,-221.06,0.372614,0
1,,52926,Port:10,0,0,0,Enabled,0.659268,0.489386,-0.46974,-0.324362,-44.1482,-14.9511,-218.244,0.353999,0
1,,52942,Port:10,0,0,0,Enabled,0.67078,0.47963,-0.460356,-0.328758,-44.4304,-17.236,-215.606,0.346515,0
1,,52974,Port:10,0,0,0,Enabled,0.710216,0.433336,-0.437819,-0.340776,-44.1991,-20.3712,-207.842,0.298501,0
1,,52990,Port:10,0,0,0,Enabled,0.718557,0.413953,-0.438807,-0.346075,-45.2893,-19.9955,-206.398,0.28727,0
1,,53006,Port:10,0,0,0,Enabled,0.721584,0.402839,-0.454658,-0.332149,-48.0481,-21.5596,-208.255,0.311306,0
1,,53014,Port:10,0,0,0,Enabled,0.722994,0.395429,-0.464646,-0.324068,-49.5602,-22.3734,-209.468,0.320027,0
1,,53030,Port:10,0,0,0,Enabled,0.726907,0.37502,-0.474965,-0.324615,-51.5267,-23.5017,-209.536,0.340283,0
1,,53046,Port:10,0,0,0,Enabled,0.74337,0.351155,-0.461439,-0.333415,-51.3673,-25.7236,-206.192,0.311503,0
1,,53062,Port:10,0,0,0,Enabled,0.758088,0.323398,-0.449095,-0.345007,-51.5273,-27.7896,-203.118,0.291956,0
1,,53070,Port:10,0,0,0,Enabled,0.76384,0.312977,-0.442157,-0.350843,-51.5328,-28.7887,-202.26,0.275738,0
1,,53094,Port:10,0,0,0,Enabled,0.773599,0.289884,-0.431203,-0.362734,-52.62,-30.9782,-201.375,0.273031,0
1,,53110,Port:10,0,0,0,Enabled,0.773078,0.275464,-0.416523,-0.391125,-52.3105,-31.3637,-200.107,0.264504,0
1,,53126,Port:10,0,0,0,Enabled,0.775056,0.257585,-0.395348,-0.420284,-51.0107,-32.6657,-197.934,0.251976,0
1,,53134,Port:10,0,0,0,Enabled,0.774629,0.249487,-0.38875,-0.431949,-50.4034,-33.4944,-197.518,0.26026,0
1,,53150,Port:10,0,0,0,Enabled,0.770907,0.243028,-0.390243,-0.440851,-51.4027,-36.4629,-198.707,0.253395,0
1,,53166,Port:10,0,0,0,Enabled,0.763706,0.238661,-0.395317,-0.451131,-53.646,-39.4628,-200.473,0.246703,0
1,,53182,Port:10,0,0,0,Enabled,0.752189,0.233023,-0.391694,-0.475908,-54.0071,-43.4338,-201.35,0.235083,0
1,,53214,Port:10,0,0,0,Enabled,0.730533,0.2231,-0.389507,-0.514619,-57.6871,-55.1801,-202.786,0.22877,0
1,,53230,Port:10,0,0,0,Enabled,0.721954,0.226991,-0.387777,-0.526201,-61.7102,-62.5939,-204.165,0.206833,0
1,,53238,Port:10,0,0,0,Enabled,0.718262,0.228857,-0.390001,-0.528795,-64.1614,-66.3608,-204.807,0.199749,0
1,,53254,Port:10,0,0,0,Enabled,0.711661,0.237733,-0.389653,-0.534034,-70.4299,-73.1205,-206.045,0.176911,0
1,,53270,Port:10,0,0,0,Missing,,,,,,,,,0
1,,53286,Port:10,0,0,0,Enabled,0.699975,0.255571,-0.391555,-0.539818,-82.3985,-83.147,-206.17,0.137156,0
1,,53302,Port:10,0,0,0,Enabled,0.694953,0.265185,-0.393604,-0.540179,-87.0215,-86.9868,-205.155,0.113527,0
1,,53318,Port:10,0,0,0,Enabled,0.695109,0.274559,-0.393623,-0.535259,-91.658,-89.8806,-203.421,0.132877,0
1,,53334,Port:10,0,0,0,Enabled,0.696302,0.285515,-0.399824,-0.523246,-96.0474,-92.4495,-201.532,0.133032,0
1,,53350,Port:10,0,0,0,Enabled,0.699234,0.297141,-0.404558,-0.50903,-99.9027,-94.4556,-199.553,0.151818,0
1,,53366,Port:10,0,0,0,Enabled,0.702728,0.30949,-0.412278,-0.490323,-103.319,-95.6742,-197.457,0.180209,0
1,,53374,Port:10,0,0,0,Enabled,0.707347,0.318066,-0.41725,-0.473706,-104.867,-96.7297,-196.252,0.210494,0
1,,53390,Port:10,0,0,0,Enabled,0.715456,0.332194,-0.422612,-0.446283,-106.314,-98.6467,-193.454,0.220901,0
1,,53406,Port:10,0,0,0,Enabled,0.723294,0.342542,-0.423764,-0.424187,-106.891,-99.3962,-189.433,0.271806,0
1,,53422,Port:10,0,0,0,Enabled,0.728484,0.350979,-0.428695,-0.402921,-107.171,-99.4777,-185.421,0.278679,0
1,,53454,Port:10,0,0,0,Enabled,0.737367,0.370247,-0.438754,-0.355952,-106.819,-99.0782,-177.446,0.328913,0
1,,53470,Port:10,0,0,0,Enabled,0.739733,0.37577,-0.441577,-0.341469,-106.016,-97.7443,-172.909,0.334212,0
1,,53478,Port:10,0,0,0,Enabled,0.740998,0.379061,-0.44338,-0.332638,-105.418,-97.2305,-170.747,0.328349,0
1,,53494,Port:10,0,0,0,Enabled,0.741318,0.386957,-0.449343,-0.31433,-104.601,-96.6585,-168.175,0.339704,0
1,,53510,Port:10,0,0,0,Enabled,0.739147,0.397381,-0.44752,-0.308993,-103.367,-95.2385,-164.075,0.314239,0
1,,53526,Port:10,0,0,0,Enabled,0.742826,0.402144,-0.44541,-0.296818,-102.254,-93.7589,-159.953,0.319359,0
1,,53542,Port:10,0,0,0,Enabled,0.745527,0.407967,-0.443188,-0.285198,-101.085,-91.9017,-155.739,0.30147,0
1,,53558,Port:10,0,0,0,Enabled,0.749454,0.409583,-0.442989,-0.272618,-100.812,-89.7214,-151.635,0.277551,0
1,,53574,Port:10,0,0,0,Enabled,0.750288,0.409274,-0.445724,-0.266256,-101.352,-85.9934,-147.356,0.266702,0
1,,53590,Port:10,0,0,0,Enabled,0.751563,0.407073,-0.449777,-0.259124,-102.702,-82.2292,-143.285,0.239477,0
1,,53606,Port:10,0,0,0,Enabled,0.752188,0.406467,-0.453139,-0.252314,-104.378,-78.9555,-139.824,0.214371,0
1,,53614,Port:10,0,0,0,Enabled,0.75191,0.405704,-0.455817,-0.249533,-105.393,-77.2859,-138.345,0.204457,0
1,,53630,Port:10,0,0,0,Enabled,0.751699,0.402858,-0.461938,-0.243449,-106.984,-73.6617,-135.466,0.187872,0
1,,53646,Port:10,0,0,0,Enabled,0.751815,0.401246,-0.465668,-0.238599,-108.044,-70.1474,-132.46,0.158885,0
1,,53662,Port:10,0,0,0,Enabled,0.751899,0.396834,-0.467727,-0.241665,-108.513,-65.825,-128.91,0.150853,0
1,,53694,Port:10,0,0,0,Enabled,0.751841,0.400599,-0.478209,-0.213476,-106.805,-61.8233,-125.202,0.120987,0
1,,53710,Port:10,0,0,0,Enabled,0.749729,0.402281,-0.484817,-0.202559,-105.722,-59.4673,-124.076,0.11563,0
1,,53726,Port:10,0,0,0,Enabled,0.745586,0.404052,-0.492076,-0.196734,-104.21,-55.9487,-123.004,0.10908,0
1,,53734,Port:10,0,0,0,Enabled,0.744886,0.403572,-0.49508,-0.192796,-103.32,-54.155,-122.317,0.103564,0
1,,53750,Port:10,0,0,0,Enabled,0.744819,0.399927,-0.500013,-0.187857,-101.282,-49.7744,-120.379,0.0947415,0
1,,53766,Port:10,0,0,0,Enabled,0.744888,0.3967,-0.503627,-0.184746,-99.3191,-44.9829,-118.292,0.0876236,0
1,,53782,Port:10,0,0,0,Enabled,0.74506,0.393331,-0.506419,-0.18362,-97.6609,-39.9122,-116.411,0.0722609,0
1,,53798,Port:10,0,0,0,Enabled,0.745488,0.38946,-0.50925,-0.182298,-96.4028,-34.7478,-114.837,0.0668111,0
1,,53814,Port:10,0,0,0,Enabled,0.74627,0.385147,-0.511023,-0.183296,-95.5771,-29.5243,-113.221,0.0570637,0
1,,53830,Port:10,0,0,0,Enabled,0.74632,0.38078,-0.513396,-0.185575,-94.7311,-24.4011,-112.069,0.0523966,0
1,,53846,Port:10,0,0,0,Enabled,0.746795,0.378598,-0.511366,-0.193559,-93.8527,-19.2634,-110.857,0.0476873,0
1,,53854,Port:10,0,0,0,Enabled,0.746207,0.377027,-0.512632,-0.195537,-93.2322,-16.6289,-110.679,0.0479833,0
1,,53870,Port:10,0,0,0,Enabled,0.744966,0.373683,-0.515149,-0.20002,-91.9534,-11.2124,-110.704,0.0542766,0
1,,53886,Port:10,0,0,0,Enabled,0.744529,0.367772,-0.517786,-0.205711,-90.3099,-5.61865,-110.361,0.0716847,0
1,,53902,Port:10,0,0,0,Enabled,0.74471,0.363446,-0.518455,-0.210994,-88.6079,-0.957374,-109.989,0.0958584,0
1,,53918,Port:10,0,0,0,Enabled,0.748127,0.357417,-0.518468,-0.209166,-86.274,2.85345,-108.972,0.141016,0
1,,53934,Port:10,0,0,0,Enabled,0.750972,0.351521,-0.517137,-0.212237,-83.763,7.26462,-107.681,0.17963,0
1,,53950,Port:10,0,0,0,Enabled,0.753598,0.344992,-0.515477,-0.217611,-81.1278,12.4988,-106.459,0.154819,0
1,,53974,Port:10,0,0,0,Enabled,0.754533,0.341647,-0.513269,-0.22475,-76.7168,19.8184,-106.587,0.0771085,0
1,,53990,Port:10,0,0,0,Enabled,0.754727,0.340739,-0.514123,-0.223521,-73.1477,23.917,-107.817,0.128039,0
1,,54006,Port:10,0,0,0,Enabled,0.75775,0.336989,-0.510852,-0.226458,-68.9288,28.3114,-107.74,0.189982,0
1,,54022,Port:10,0,0,0,Enabled,0.759293,0.332439,-0.510863,-0.227986,-65.2625,32.014,-108.432,0.236198,0
1,,54038,Port:10,0,0,0,Enabled,0.760206,0.331374,-0.51075,-0.226744,-62.4586,34.0034,-109.678,0.257038,0
1,,54054,Port:10,0,0,0,Enabled,0.76061,0.331603,-0.510632,-0.225314,-60.1164,35.2322,-111.08,0.26429,0
1,,54070,Port:10,0,0,0,Enabled,0.761741,0.330757,-0.509668,-0.224921,-57.8023,36.4224,-112.395,0.272031,0
1,,54086,Port:10,0,0,0,Enabled,0.761989,0.330153,-0.509857,-0.22454,-55.3045,37.4715,-113.98,0.261996,0
1,,54094,Port:10,0,0,0,Enabled,0.762771,0.329931,-0.508726,-0.224774,-53.7494,37.9717,-114.684,0.262824,0
1,,54110,Port:10,0,0,0,Enabled,0.763901,0.328345,-0.507517,-0.225991,-50.4774,39.2763,-116.092,0.248914,0
1,,54126,Port:10,0,0,0,Enabled,0.764834,0.32632,-0.505784,-0.229623,-46.6577,40.9603,-117.831,0.218558,0
1,,54142,Port:10,0,0,0,Enabled,0.76527,0.323984,-0.503785,-0.235791,-42.492,42.9869,-119.492,0.197836,0
1,,54158,Port:10,0,0,0,Enabled,0.765191,0.322935,-0.499846,-0.245662,-37.9699,45.0527,-121.16,0.174781,0
1,,54174,Port:10,0,0,0,Enabled,0.764681,0.320705,-0.496888,-0.255956,-33.1935,46.9697,-123.071,0.157613,0
1,,54190,Port:10,0,0,0,Enabled,0.762832,0.320116,-0.491976,-0.271242,-28.016,48.6672,-124.811,0.14416,0
1,,54214,Port:10,0,0,0,Enabled,0.757665,0.317701,-0.481687,-0.304938,-19.6148,51.6653,-126.355,0.132408,0
1,,54230,Port:10,0,0,0,Enabled,0.751077,0.314142,-0.473419,-0.336263,-13.965,54.4882,-126.779,0.128001,0
1,,54246,Port:10,0,0,0,Enabled,0.743435,0.30969,-0.466487,-0.365768,-9.05596,57.3199,-127.543,0.130121,0
1,,54262,Port:10,0,0,0,Enabled,0.731434,0.303045,-0.460744,-0.401103,-5.02883,60.7692,-128.317,0.132935,0
1,,54278,Port:10,0,0,0,Enabled,0.716082,0.299768,-0.45095,-0.440466,-0.972843,64.1089,-128.575,0.139748,0
1,,54294,Port:10,0,0,0,Enabled,0.708745,0.287296,-0.438238,-0.472324,3.77522,66.8173,-127.399,0.16108,0
1,,54310,Port:10,0,0,0,Enabled,0.711507,0.260128,-0.434098,-0.487494,8.10979,68.9065,-127.034,0.268535,0
1,,54326,Port:10,0,0,0,Enabled,0.715729,0.238991,-0.421742,-0.502741,13.1247,69.4173,-125.751,0.326151,0
1,,54334,Port:10,0,0,0,Enabled,0.716114,0.234207,-0.410686,-0.513483,16.2299,69.2915,-124.41,0.31816,0
1,,54350,Port:10,0,0,0,Enabled,0.720594,0.222808,-0.393131,-0.52588,21.2502,68.3915,-123.31,0.304669,0
1,,54366,Port:10,0,0,0,Enabled,0.717443,0.216886,-0.374819,-0.545662,26.3729,68.2611,-122.445,0.263807,0
1,,54382,Port:10,0,0,0,Enabled,0.713995,0.208224,-0.358007,-0.564523,30.9369,67.9127,-122.147,0.2283,0
1,,54398,Port:10,0,0,0,Enabled,0.713982,0.202568,-0.341693,-0.576579,35.0925,67.2187,-121.888,0.210337,0
1,,54414,Port:10,0,0,0,Enabled,0.708855,0.195325,-0.330792,-0.591564,37.5708,66.965,-122.826,0.195643,0
1,,54430,Port:10,0,0,0,Enabled,0.706374,0.189423,-0.324834,-0.599699,38.8477,66.4203,-124.968,0.194124,0
1,,54454,Port:10,0,0,0,Enabled,0.700947,0.18226,-0.320648,-0.610442,39.8873,65.0069,-129.691,0.199681,0
1,,54470,Port:10,0,0,0,Enabled,0.694484,0.178299,-0.318493,-0.620052,40.801,63.53,-133.581,0.206635,0
1,,54486,Port:10,0,0,0,Enabled,0.688451,0.176429,-0.316829,-0.628115,41.9701,61.2518,-137.454,0.216066,0
1,,54502,Port:10,0,0,0,Enabled,0.685072,0.179321,-0.32167,-0.62853,41.8357,58.3663,-142.265,0.235093,0
1,,54518,Port:10,0,0,0,Enabled,0.685358,0.180541,-0.338569,-0.618919,40.4732,55.5647,-148.585,0.253321,0
1,,54534,Port:10,0,0,0,Enabled,0.673589,0.193589,-0.352731,-0.619985,39.4741,52.0462,-155.049,0.291589,0
1,,54550,Port:10,0,0,0,Enabled,0.668868,0.204886,-0.374211,-0.608773,38.4011,47.6561,-162.489,0.320489,0
1,,54566,Port:10,0,0,0,Enabled,0.637414,0.221596,-0.399564,-0.620441,37.268,45.0921,-170.463,0.355908,0
1,,54574,Port:10,0,0,0,Enabled,0.626414,0.238571,-0.409307,-0.618996,36.0676,42.459,-174.612,0.381546,0
1,,54590,Port:10,0,0,0,Enabled,0.61616,0.260212,-0.437132,-0.601292,32.8324,37.7525,-182.968,0.415501,0
1,,54606,Port:10,0,0,0,Enabled,0.587706,0.291224,-0.459537,-0.598846,30.3387,35.3491,-189.878,0.405258,0
1,,54622,Port:10,0,0,0,Enabled,0.553693,0.330961,-0.476495,-0.597362,28.1712,33.7432,-196.401,0.296677,0
1,,54638,Port:10,0,0,0,Enabled,0.50913,0.362601,-0.494929,-0.603616,26.8476,33.5435,-201.657,0.217514,0
1,,54654,Port:10,0,0,0,Missing,,,,,,,,,0
1,,54670,Port:10,0,0,0,Missing,,,,,,,,,0
1,,54694,Port:10,0,0,0,Enabled,0.375199,0.506564,-0.512817,-0.582785,23.2838,25.0768,-218.704,0.121553,0
1,,54710,Port:10,0,0,0,Enabled,0.348776,0.536752,-0.514225,-0.570811,22.7392,23.4396,-222.486,0.111079,0
1,,54726,Port:10,0,0,0,Enabled,0.346492,0.558159,-0.516159,-0.54953,21.4826,19.6285,-225.28,0.124642,0
1,,54742,Port:10,0,0,0,Enabled,0.361978,0.580369,-0.51134,-0.520264,19.9777,13.414,-228.067,0.12373,0
1,,54758,Port:10,0,0,0,Enabled,0.365577,0.594324,-0.510543,-0.502473,18.1991,9.66979,-229.239,0.133773,0
1,,54774,Port:10,0,0,0,Enabled,0.357983,0.606202,-0.513908,-0.49017,16.32,7.68574,-230.586,0.136255,0
1,,54790,Port:10,0,0,0,Enabled,0.358717,0.621749,-0.512893,-0.47084,13.1648,4.12179,-231.94,0.137446,0
1,,54806,Port:10,0,0,0,Enabled,0.353965,0.635689,-0.515829,-0.452248,9.51107,1.7614,-233.981,0.142917,0
1,,54814,Port:10,0,0,0,Enabled,0.34809,0.641737,-0.517817,-0.445952,7.1022,1.25135,-234.7,0.146816,0
1,,54830,Port:10,0,0,0,Enabled,0.339468,0.655364,-0.520697,-0.42911,2.41686,-0.500463,-237.231,0.169754,0
1,,54846,Port:10,0,0,0,Enabled,0.333457,0.67341,-0.519105,-0.407254,-2.0251,-3.28347,-239.411,0.20287,0
1,,54862,Port:10,0,0,0,Enabled,0.329618,0.688708,-0.519435,-0.383694,-5.46763,-6.35893,-242.182,0.241075,0
1,,54878,Port:10,0,0,0,Enabled,0.323924,0.701215,-0.52097,-0.363265,-9.21906,-8.12943,-244.138,0.274711,0
1,,54894,Port:10,0,0,0,Enabled,0.315609,0.708667,-0.528095,-0.345396,-12.6269,-8.6922,-245.869,0.250108,0
1,,54910,Port:10,0,0,0,Enabled,0.307344,0.714732,-0.533266,-0.332152,-16.3046,-8.78319,-246.61,0.267533,0
1,,54934,Port:10,0,0,0,Enabled,0.303078,0.727221,-0.532157,-0.310004,-21.4635,-10.8464,-246.649,0.303908,0
1,,54950,Port:10,0,0,0,Enabled,0.302232,0.733314,-0.533356,-0.294005,-24.0726,-12.6558,-247.013,0.293861,0
1,,54966,Port:10,0,0,0,Enabled,0.302849,0.739587,-0.532061,-0.279652,-26.248,-14.8102,-247.203,0.287486,0
1,,54982,Port:10,0,0,0,Enabled,0.301325,0.746465,-0.52921,-0.268198,-27.9095,-17.1882,-247.263,0.270716,0
1,,54998,Port:10,0,0,0,Enabled,0.301897,0.753718,-0.524228,-0.25681,-29.5448,-20.818,-247.301,0.26712,0
1,,55014,Port:10,0,0,0,Enabled,0.300491,0.760977,-0.519872,-0.245668,-31.2444,-24.9947,-247.219,0.275693,0
1,,55030,Port:10,0,0,0,Enabled,0.299624,0.7683,-0.515602,-0.232586,-33.6423,-30.0823,-247.965,0.273594,0
1,,55046,Port:10,0,0,0,Enabled,0.298205,0.777383,-0.509993,-0.216,-35.5855,-36.0132,-248.98,0.278771,0
1,,55054,Port:10,0,0,0,Enabled,0.298589,0.781636,-0.505945,-0.209547,-36.9641,-39.0493,-249.425,0.282881,0
1,,55070,Port:10,0,0,0,Enabled,0.298797,0.788937,-0.499846,-0.196094,-39.1495,-45.1072,-249.522,0.308956,0
1,,55086,Port:10,0,0,0,Enabled,0.298525,0.796482,-0.492246,-0.184913,-41.3168,-51.1197,-249.976,0.325233,0
1,,55102,Port:10,0,0,0,Enabled,0.298127,0.803635,-0.484967,-0.173491,-43.0302,-56.9362,-249.487,0.3607,0
1,,55118,Port:10,0,0,0,Enabled,0.299537,0.809746,-0.477115,-0.164164,-45.1986,-62.66,-248.695,0.37806,0
1,,55134,Port:10,0,0,0,Enabled,0.298456,0.811742,-0.475726,-0.160265,-47.6965,-66.2153,-246.561,0.404938,0
1,,55150,Port:10,0,0,0,Enabled,0.302599,0.8105,-0.474736,-0.161704,-51.2022,-69.7273,-242.754,0.411184,0
1,,55174,Port:10,0,0,0,Enabled,0.306932,0.805962,-0.476789,-0.16997,-56.6492,-73.7013,-236.129,0.41113,0
1,,55190,Port:10,0,0,0,Enabled,0.307534,0.802062,-0.47947,-0.179523,-60.6973,-75.6391,-231.842,0.426807,0
1,,55206,Port:10,0,0,0,Enabled,0.309549,0.799417,-0.47748,-0.192678,-63.6134,-77.7685,-228.31,0.465258,0
1,,55222,Port:10,0,0,0,Missing,,,,,,,,,0
1,,55238,Port:10,0,0,0,Enabled,0.319232,0.78462,-0.485149,-0.217007,-71.0108,-81.0682,-217.757,0.417948,0
1,,55254,Port:10,0,0,0,Enabled,0.326177,0.775492,-0.488672,-0.231129,-73.3844,-81.8336,-212.731,0.410978,0
1,,55270,Port:10,0,0,0,Enabled,0.331882,0.767912,-0.490435,-0.244211,-74.935,-81.8246,-208.108,0.411829,0
1,,55286,Port:10,0,0,0,Enabled,0.342106,0.757754,-0.493404,-0.255588,-76.1598,-82.0784,-203.362,0.390061,0
1,,55294,Port:10,0,0,0,Enabled,0.347993,0.753414,-0.492892,-0.261391,-76.6657,-82.3011,-200.784,0.381555,0
1,,55310,Port:10,0,0,0,Enabled,0.355353,0.74588,-0.493525,-0.271699,-76.7963,-82.0348,-196.31,0.3736,0
1,,55326,Port:10,0,0,0,Enabled,0.365695,0.735361,-0.494776,-0.284093,-77.7987,-81.8501,-191.544,0.359735,0
1,,55342,Port:10,0,0,0,Enabled,0.376434,0.724789,-0.493995,-0.298241,-78.8326,-81.3615,-186.166,0.347675,0
1,,55358,Port:10,0,0,0,Enabled,0.385452,0.714056,-0.494371,-0.311687,-79.9747,-80.7245,-180.868,0.332408,0
1,,55374,Port:10,0,0,0,Enabled,0.397652,0.703878,-0.491315,-0.324097,-81.3691,-80.6115,-175.354,0.31444,0
1,,55390,Port:10,0,0,0,Enabled,0.40553,0.695319,-0.488581,-0.3367,-82.5686,-79.6464,-170.339,0.310834,0
1,,55414,Port:10,0,0,0,Enabled,0.419609,0.677082,-0.487549,-0.35747,-84.1222,-77.2415,-161.594,0.291435,0
1,,55430,Port:10,0,0,0,Enabled,0.431102,0.664822,-0.485318,-0.369635,-84.9104,-75.7765,-155.591,0.271964,0
1,,55446,Port:10,0,0,0,Enabled,0.438694,0.654521,-0.483705,-0.381025,-85.5588,-73.4483,-150.204,0.264874,0
1,,55462,Port:10,0,0,0,Enabled,0.445584,0.645702,-0.484226,-0.387362,-86.7807,-70.9679,-146.352,0.242933,0
1,,55478,Port:10,0,0,0,Enabled,0.45073,0.638028,-0.485517,-0.392474,-88.059,-67.6186,-142.512,0.233537,0
1,,55494,Port:10,0,0,0,Enabled,0.457805,0.628812,-0.487063,-0.397215,-89.4016,-63.8109,-138.348,0.20648,0
1,,55510,Port:10,0,0,0,Enabled,0.461812,0.618867,-0.491287,-0.402952,-90.9521,-58.7544,-134.201,0.18713,0
1,,55526,Port:10,0,0,0,Enabled,0.467056,0.610016,-0.494904,-0.405969,-92.9209,-53.9558,-130.309,0.160929,0
1,,55534,Port:10,0,0,0,Enabled,0.469642,0.606835,-0.495034,-0.40759,-93.884,-51.7054,-128.349,0.153528,0
1,,55550,Port:10,0,0,0,Enabled,0.47839,0.599035,-0.492123,-0.412452,-96.4271,-47.5176,-124.247,0.133577,0
1,,55566,Port:10,0,0,0,Enabled,0.487463,0.595318,-0.485377,-0.415195,-99.0877,-44.1083,-120.685,0.12053,0
1,,55582,Port:10,0,0,0,Enabled,0.498374,0.589914,-0.4801,-0.416087,-102.437,-40.6673,-117.705,0.105813,0
1,,55598,Port:10,0,0,0,Enabled,0.504753,0.585129,-0.473317,-0.42287,-107.188,-37.5915,-115.036,0.0955524,0
1,,55614,Port:10,0,0,0,Enabled,0.508595,0.58324,-0.467167,-0.427689,-112.344,-35.7394,-114.149,0.0868091,0
1,,55630,Port:10,0,0,0,Enabled,0.514467,0.576921,-0.463934,-0.432726,-116.899,-34.6843,-113.418,0.0773738,0
1,,55654,Port:10,0,0,0,Enabled,0.517827,0.571741,-0.453167,-0.446775,-121.858,-33.4463,-109.719,0.0749422,0
1,,55670,Port:10,0,0,0,Enabled,0.515992,0.569715,-0.451042,-0.453583,-123.662,-30.6664,-106.561,0.0712685,0
1,,55686,Port:10,0,0,0,Enabled,0.517211,0.559473,-0.461966,-0.45395,-124.357,-23.4624,-103.32,0.0580584,0
1,,55702,Port:10,0,0,0,Enabled,0.517179,0.546427,-0.473242,-0.458241,-123.89,-12.9083,-99.6234,0.0472936,0
1,,55718,Port:10,0,0,0,Enabled,0.520904,0.536695,-0.480525,-0.457946,-122.595,-1.88726,-96.4355,0.0343245,0
1,,55734,Port:10,0,0,0,Enabled,0.527338,0.5248,-0.487551,-0.45694,-120.628,9.03158,-93.4111,0.0303204,0
1,,55750,Port:10,0,0,0,Enabled,0.532802,0.516073,-0.49416,-0.453429,-118.381,19.0869,-91.491,0.0248243,0
1,,55766,Port:10,0,0,0,Enabled,0.538622,0.504152,-0.502042,-0.451299,-116.058,29.0406,-89.7639,0.0320706,0
1,,55774,Port:10,0,0,0,Enabled,0.539445,0.50227,-0.503426,-0.450873,-115.039,33.111,-89.6436,0.0279666,0
1,,55790,Port:10,0,0,0,Enabled,0.54025,0.495008,-0.510203,-0.450323,-112.782,41.0242,-89.577,0.0370922,0
1,,55806,Port:10,0,0,0,Enabled,0.543153,0.490095,-0.512146,-0.449998,-109.943,47.154,-89.3291,0.0391695,0
1,,55822,Port:10,0,0,0,Enabled,0.549664,0.482949,-0.512361,-0.449573,-106.265,52.209,-88.5525,0.0413473,0
1,,55838,Port:10,0,0,0,Enabled,0.553164,0.475402,-0.513238,-0.452315,-101.426,57.8025,-88.3495,0.0479442,0
1,,55854,Port:10,0,0,0,Enabled,0.555842,0.46861,-0.513238,-0.456104,-95.7469,63.1402,-89.1748,0.0507463,0
1,,55870,Port:10,0,0,0,Enabled,0.560818,0.463732,-0.512842,-0.455444,-89.6007,67.2305,-90.8508,0.0603345,0
1,,55894,Port:10,0,0,0,Enabled,0.567778,0.455905,-0.512558,-0.455041,-80.2666,72.8587,-92.9821,0.0743045,0
1,,55910,Port:10,0,0,0,Enabled,0.572756,0.449642,-0.51159,-0.456124,-74.0311,75.9806,-93.7225,0.0728592,0
1,,55926,Port:10,0,0,0,Enabled,0.577685,0.446193,-0.509395,-0.455751,-67.9845,77.694,-94.6415,0.0742608,0
1,,55942,Port:10,0,0,0,Enabled,0.579512,0.444708,-0.508043,-0.456392,-62.1811,78.8486,-95.8272,0.113749,0
1,,55958,Port:10,0,0,0,Enabled,0.581211,0.441002,-0.505406,-0.460735,-56.7911,80.6086,-95.8318,0.164889,0
1,,55974,Port:10,0,0,0,Enabled,0.583371,0.439013,-0.502384,-0.463201,-52.7431,81.6365,-96.0046,0.190564,0
1,,55990,Port:10,0,0,0,Enabled,0.583181,0.436724,-0.501826,-0.4662,-49.357,83.482,-97.326,0.203431,0
1,,56006,Port:10,0,0,0,Enabled,0.583796,0.433541,-0.501476,-0.468771,-45.5826,86.1949,-98.7441,0.21269,0
1,,56014,Port:10,0,0,0,Enabled,0.583337,0.431886,-0.501229,-0.471128,-43.3471,87.744,-99.4912,0.207828,0
1,,56030,Port:10,0,0,0,Enabled,0.582715,0.430002,-0.500681,-0.474194,-38.3494,90.9376,-101.143,0.203476,0
1,,56054,Port:10,0,0,0,Enabled,0.582594,0.431119,-0.495745,-0.478496,-30.0731,93.32,-103.892,0.171804,0
1,,56062,Port:10,0,0,0,Enabled,0.582997,0.43114,-0.494448,-0.479326,-26.8824,94.2137,-104.63,0.16856,0
1,,56078,Port:10,0,0,0,Enabled,0.580422,0.42598,-0.493903,-0.487557,-19.9779,97.1683,-104.805,0.153759,0
1,,56094,Port:10,0,0,0,Enabled,0.580275,0.42829,-0.490821,-0.488819,-13.0955,98.1326,-105.309,0.147646,0
1,,56126,Port:10,0,0,0,Enabled,0.573185,0.431308,-0.489051,-0.496249,-0.118104,99.3287,-107.252,0.147198,0
1,,56134,Port:10,0,0,0,Enabled,0.570437,0.432613,-0.4894,-0.497931,2.66168,99.355,-107.954,0.152414,0
1,,56150,Port:10,0,0,0,Enabled,0.568464,0.434291,-0.486539,-0.501518,7.42007,98.9419,-108.393,0.159647,0
1,,56174,Port:10,0,0,0,Enabled,0.566278,0.437135,-0.48139,-0.506464,12.2766,97.1609,-108.852,0.178884,0
1,,56182,Port:10,0,0,0,Enabled,0.564545,0.437693,-0.480718,-0.508552,13.6754,96.434,-109.373,0.187953,0
1,,56198,Port:10,0,0,0,Enabled,0.562147,0.439255,-0.479157,-0.511327,16.5757,94.7112,-110.799,0.209245,0
1,,56214,Port:10,0,0,0,Enabled,0.558109,0.442204,-0.47459,-0.517431,19.6116,92.7127,-112.133,0.242686,0
1,,56230,Port:10,0,0,0,Enabled,0.555156,0.445859,-0.468975,-0.522565,22.7762,90.2456,-113.061,0.294989,0
1,,56246,Port:10,0,0,0,Enabled,0.55061,0.449736,-0.46499,-0.527589,25.3146,87.6261,-114.447,0.350853,0
1,,56254,Port:10,0,0,0,Enabled,0.548479,0.452735,-0.462553,-0.529382,26.4434,86.2257,-114.994,0.391548,0
1,,56270,Port:10,0,0,0,Enabled,0.54307,0.45844,-0.456799,-0.535016,28.1897,83.6112,-115.658,0.478999,0
1,,56294,Port:10,0,0,0,Enabled,0.537294,0.464374,-0.45163,-0.540095,30.2291,79.6047,-116.608,0.578333,0
1,,56302,Port:10,0,0,0,Enabled,0.534883,0.467306,-0.44839,-0.542654,30.8843,78.0109,-116.739,0.629552,0
1,,56318,Port:10,0,0,0,Enabled,0.535449,0.468217,-0.445129,-0.543992,32.244,73.9074,-117.316,0.632604,0
1,,56334,Port:10,0,0,0,Enabled,0.544006,0.459564,-0.447994,-0.540519,33.3734,69.4225,-118.52,0.464559,0
1,,56366,Port:10,0,0,0,Enabled,0.564962,0.43975,-0.456125,-0.528572,34.6379,59.3853,-120.756,0.175121,0
1,,56374,Port:10,0,0,0,Enabled,0.56792,0.437162,-0.456849,-0.526921,34.8123,57.2027,-121.154,0.160969,0
1,,56390,Port:10,0,0,0,Enabled,0.569554,0.436432,-0.456332,-0.52621,35.0245,53.1584,-121.832,0.155419,0
1,,56414,Port:10,0,0,0,Enabled,0.572383,0.435436,-0.454344,-0.525686,35.4101,47.2132,-122.461,0.167459,0
1,,56422,Port:10,0,0,0,Enabled,0.573203,0.436181,-0.453191,-0.525169,35.5468,45.1348,-122.73,0.164969,0
1,,56438,Port:10,0,0,0,Enabled,0.576247,0.436133,-0.451871,-0.523011,35.989,41.0194,-123.283,0.175504,0
1,,56454,Port:10,0,0,0,Enabled,0.575555,0.438351,-0.448991,-0.524398,36.2697,37.3621,-123.748,0.168776,0
1,,56470,Port:10,0,0,0,Enabled,0.575863,0.440572,-0.447048,-0.523858,36.2086,33.4988,-124.508,0.168318,0
1,,56486,Port:10,0,0,0,Enabled,0.576526,0.442513,-0.445022,-0.523217,36.0296,29.6833,-125.09,0.167644,0
1,,56494,Port:10,0,0,0,Enabled,0.576351,0.443452,-0.444193,-0.523319,35.8818,27.7615,-125.367,0.162468,0
1,,56510,Port:10,0,0,0,Enabled,0.57616,0.445561,-0.441732,-0.523821,35.6093,23.4998,-125.816,0.154022,0
1,,56534,Port:10,0,0,0,Enabled,0.576128,0.448634,-0.43947,-0.523135,34.7177,16.1361,-127.077,0.132144,0
1,,56542,Port:10,0,0,0,Enabled,0.575724,0.449201,-0.439237,-0.52329,34.2415,13.622,-127.577,0.122599,0
1,,56558,Port:10,0,0,0,Enabled,0.57365,0.451354,-0.438092,-0.524672,33.1183,8.20695,-128.656,0.0944461,0
1,,56574,Port:10,0,0,0,Enabled,0.573351,0.452767,-0.437258,-0.524478,31.799,1.88222,-129.353,0.0646847,0
1,,56606,Port:10,0,0,0,Enabled,0.571174,0.457541,-0.434663,-0.524867,29.1191,-12.1037,-130.415,0.0374342,0
1,,56614,Port:10,0,0,0,Enabled,0.570822,0.459278,-0.433546,-0.524655,28.7917,-15.7803,-130.845,0.0392336,0
1,,56630,Port:10,0,0,0,Enabled,0.569417,0.462576,-0.430633,-0.525683,28.7439,-22.8235,-131.664,0.0989212,0
1,,56654,Port:10,0,0,0,Enabled,0.568695,0.46859,-0.424249,-0.526329,29.6294,-32.9119,-133.683,0.223801,0
1,,56662,Port:10,0,0,0,Enabled,0.567856,0.471251,-0.421728,-0.526885,30.0477,-35.9286,-134.626,0.254399,0
1,,56678,Port:10,0,0,0,Enabled,0.566665,0.473267,-0.418184,-0.529181,30.8182,-41.2774,-135.758,0.268133,0
1,,56694,Port:10,0,0,0,Enabled,0.563824,0.474915,-0.41609,-0.53238,30.961,-45.9886,-136.821,0.290774,0
1,,56710,Port:10,0,0,0,Enabled,0.563201,0.476298,-0.413726,-0.533644,30.9195,-50.6563,-137.721,0.273128,0
1,,56726,Port:10,0,0,0,Enabled,0.561063,0.478635,-0.412693,-0.534603,30.6493,-55.3042,-139.177,0.267567,0
1,,56734,Port:10,0,0,0,Enabled,0.561185,0.480233,-0.411344,-0.534083,30.413,-57.9723,-139.775,0.25267,0
1,,56750,Port:10,0,0,0,Enabled,0.558891,0.485168,-0.407965,-0.534619,29.8348,-62.8796,-141.46,0.235989,0
1,,56774,Port:10,0,0,0,Enabled,0.557106,0.486955,-0.405828,-0.536481,28.8466,-68.8852,-143.26,0.196639,0
1,,56782,Port:10,0,0,0,Enabled,0.556285,0.487292,-0.405462,-0.537303,28.5267,-70.8489,-143.728,0.189832,0
1,,56798,Port:10,0,0,0,Enabled,0.554794,0.488454,-0.404246,-0.538704,27.681,-75.0561,-144.509,0.164184,0
1,,56814,Port:10,0,0,0,Enabled,0.554821,0.488982,-0.403024,-0.539113,26.9568,-79.6076,-145.259,0.14318,0
1,,56846,Port:10,0,0,0,Enabled,0.552535,0.489375,-0.400662,-0.542852,25.325,-88.3404,-145.915,0.0828074,0
1,,56854,Port:10,0,0,0,Enabled,0.550951,0.490217,-0.399585,-0.544493,24.8619,-90.4519,-146.408,0.0749167,0
1,,56870,Port:10,0,0,0,Enabled,0.550347,0.491708,-0.398657,-0.54444,23.9253,-95.3434,-147.491,0.0470268,0
1,,56894,Port:10,0,0,0,Enabled,0.549312,0.492957,-0.398107,-0.544758,22.418,-102.578,-149.419,0.0255552,0
1,,56902,Port:10,0,0,0,Enabled,0.549443,0.492835,-0.39835,-0.544559,21.9358,-105.041,-149.859,0.0365849,0
1,,56918,Port:10,0,0,0,Enabled,0.548069,0.494884,-0.397632,-0.544609,20.9023,-109.55,-151.903,0.0622276,0
1,,56934,Port:10,0,0,0,Enabled,0.548639,0.496268,-0.39793,-0.542554,20.486,-114.026,-153.716,0.0962249,0
1,,56950,Port:10,0,0,0,Enabled,0.549434,0.497296,-0.397682,-0.540988,20.4805,-117.819,-155.333,0.133898,0
1,,56966,Port:10,0,0,0,Enabled,0.548938,0.499708,-0.39892,-0.538352,20.3642,-121.47,-156.816,0.146878,0
1,,56974,Port:10,0,0,0,Enabled,0.549635,0.499418,-0.398924,-0.537906,20.187,-123.117,-157.151,0.162894,0
1,,56990,Port:10,0,0,0,Enabled,0.550411,0.497896,-0.400134,-0.537625,19.771,-125.91,-157.401,0.193016,0
1,,57014,Port:10,0,0,0,Enabled,0.548421,0.49814,-0.401917,-0.538101,18.3758,-129.578,-158.41,0.204511,0
1,,57022,Port:10,0,0,0,Enabled,0.54787,0.496264,-0.404074,-0.538781,17.8071,-130.584,-158.232,0.233662,0
1,,57038,Port:10,0,0,0,Enabled,0.547222,0.493889,-0.407327,-0.539172,16.2084,-132.748,-158.773,0.253092,0
1,,57054,Port:10,0,0,0,Enabled,0.546528,0.493043,-0.410054,-0.538584,14.5824,-135.412,-159.082,0.270618,0
1,,57086,Port:10,0,0,0,Enabled,0.542649,0.487052,-0.417242,-0.542423,11.1249,-139.156,-158.922,0.321202,0
1,,57094,Port:10,0,0,0,Enabled,0.542473,0.483675,-0.41878,-0.544431,10.4578,-139.867,-158.405,0.339602,0
1,,57110,Port:10,0,0,0,Enabled,0.540523,0.477696,-0.423571,-0.547931,9.03884,-141.137,-157.215,0.359234,0
1,,57134,Port:10,0,0,0,Enabled,0.537657,0.469755,-0.430185,-0.552445,6.67906,-142.537,-156.489,0.380964,0
1,,57142,Port:10,0,0,0,Enabled,0.536101,0.467503,-0.432347,-0.554177,5.82821,-142.507,-156.295,0.374063,0
1,,57158,Port:10,0,0,0,Enabled,0.534858,0.460436,-0.436235,-0.558233,4.51773,-142.424,-155.122,0.391608,0
1,,57174,Port:10,0,0,0,Enabled,0.530583,0.45469,-0.439186,-0.564673,3.07225,-141.261,-153.961,0.400676,0
1,,57190,Port:10,0,0,0,Enabled,0.529842,0.446794,-0.443561,-0.56824,2.10311,-140.19,-152.91,0.386039,0
1,,57206,Port:10,0,0,0,Enabled,0.526243,0.43734,-0.446052,-0.576923,1.86132,-138.097,-150.901,0.387689,0
1,,57214,Port:10,0,0,0,Enabled,0.525609,0.430754,-0.447931,-0.580986,2.08643,-137.181,-149.646,0.383395,0
1,,57238,Port:10,0,0,0,Enabled,0.525078,0.419328,-0.450566,-0.587748,1.83355,-135.436,-146.999,0.352982,0
1,,57254,Port:10,0,0,0,Enabled,0.525108,0.412301,-0.452349,-0.591312,1.19505,-134.247,-144.798,0.322177,0
1,,57262,Port:10,0,0,0,Enabled,0.52574,0.409603,-0.452667,-0.592381,0.455724,-133.681,-144.07,0.326246,0
1,,57278,Port:10,0,0,0,Enabled,0.527027,0.404062,-0.454724,-0.593466,-1.23732,-132.483,-142.276,0.314449,0
1,,57294,Port:10,0,0,0,Enabled,0.525042,0.401733,-0.4559,-0.595899,-4.24423,-130.793,-141.055,0.322837,0
1,,57326,Port:10,0,0,0,Enabled,0.523413,0.39614,-0.460881,-0.597245,-10.405,-126.572,-138.247,0.313127,0
1,,57334,Port:10,0,0,0,Enabled,0.522974,0.394609,-0.462867,-0.597106,-11.9503,-125.263,-137.498,0.313136,0
1,,57358,Port:10,0,0,0,Enabled,0.52063,0.391797,-0.466602,-0.598099,-16.3695,-121.066,-135.155,0.282651,0
1,,57374,Port:10,0,0,0,Enabled,0.51981,0.389717,-0.469601,-0.597824,-19.1302,-117.97,-133.54,0.266333,0
1,,57382,Port:10,0,0,0,Enabled,0.518584,0.389371,-0.470481,-0.598421,-20.4666,-116.291,-132.669,0.24412,0
1,,57398,Port:10,0,0,0,Enabled,0.517406,0.386958,-0.472861,-0.59913,-23.0139,-112.816,-130.663,0.220571,0
1,,57414,Port:10,0,0,0,Enabled,0.514953,0.386164,-0.474228,-0.600673,-25.6758,-109.207,-128.672,0.195879,0
1,,57430,Port:10,0,0,0,Enabled,0.512488,0.38452,-0.475663,-0.602698,-28.2179,-104.972,-126.306,0.173904,0
1,,57446,Port:10,0,0,0,Enabled,0.509084,0.381964,-0.477827,-0.605491,-30.7281,-100.073,-123.701,0.158536,0
1,,57454,Port:10,0,0,0,Enabled,0.507638,0.381245,-0.478721,-0.60645,-31.9928,-97.6342,-122.356,0.148286,0
1,,57478,Port:10,0,0,0,Enabled,0.503317,0.379054,-0.481678,-0.609078,-35.9652,-89.8327,-118.457,0.141109,0
1,,57486,Port:10,0,0,0,Enabled,0.501624,0.378619,-0.482902,-0.609776,-37.354,-87.1179,-117.266,0.137215,0
1,,57502,Port:10,0,0,0,Enabled,0.498235,0.376996,-0.485925,-0.611157,-40.2271,-81.2123,-114.889,0.131631,0
1,,57518,Port:10,0,0,0,Enabled,0.495582,0.376316,-0.489868,-0.610585,-43.4147,-75.2206,-112.858,0.131324,0
1,,57534,Port:10,0,0,0,Enabled,0.493818,0.37436,-0.494691,-0.609328,-46.5709,-68.8952,-110.906,0.129578,0
1,,57566,Port:10,0,0,0,Enabled,0.49077,0.370519,-0.505495,-0.605256,-53.2783,-56.9534,-107.467,0.13795,0
1,,57574,Port:10,0,0,0,Enabled,0.490603,0.369166,-0.508279,-0.603885,-54.8968,-54.0941,-106.647,0.139644,0
1,,57598,Port:10,0,0,0,Enabled,0.489509,0.363587,-0.518445,-0.599501,-59.4238,-45.0345,-104.655,0.152845,0
1,,57614,Port:10,0,0,0,Enabled,0.489014,0.359459,-0.524352,-0.597252,-61.8531,-39.0069,-103.279,0.1513,0
1,,57622,Port:10,0,0,0,Enabled,0.488458,0.357957,-0.527507,-0.595829,-62.9854,-36.0701,-102.745,0.148213,0
1,,57638,Port:10,0,0,0,Enabled,0.487293,0.354487,-0.53287,-0.594083,-65.0111,-30.1695,-101.346,0.136555,0
1,,57654,Port:10,0,0,0,Enabled,0.487718,0.351761,-0.537705,-0.59099,-66.6442,-24.837,-100.191,0.119745,0
1,,57670,Port:10,0,0,0,Enabled,0.487499,0.348165,-0.542761,-0.588673,-67.906,-19.0633,-99.1644,0.0991634,0
1,,57686,Port:10,0,0,0,Enabled,0.488513,0.3433,-0.54839,-0.585465,-68.7997,-13.0406,-98.124,0.0771661,0
1,,57702,Port:10,0,0,0,Enabled,0.489409,0.339647,-0.553256,-0.58226,-69.3667,-6.97047,-97.2605,0.0610731,0
1,,57718,Port:10,0,0,0,Enabled,0.490132,0.334674,-0.558795,-0.579235,-69.6985,-0.986604,-96.6168,0.056187,0
1,,57734,Port:10,0,0,0,Enabled,0.491813,0.333045,-0.562694,-0.574957,-70.2768,4.34143,-96.4238,0.0669926,0
1,,57750,Port:10,0,0,0,Enabled,0.492368,0.33011,-0.566588,-0.572345,-70.6756,10.1596,-96.426,0.0822922,0
1,,57758,Port:10,0,0,0,Enabled,0.493238,0.329395,-0.56858,-0.570028,-70.866,12.9916,-96.6511,0.0911481,0
1,,57774,Port:10,0,0,0,Enabled,0.495445,0.327967,-0.5721,-0.565397,-71.1445,18.6716,-97.131,0.109132,0
1,,57806,Port:10,0,0,0,Enabled,0.498149,0.326965,-0.577592,-0.557969,-71.6042,29.0319,-98.5237,0.132277,0
1,,57822,Port:10,0,0,0,Enabled,0.49908,0.327834,-0.580007,-0.554109,-72.0806,33.1164,-99.4783,0.137116,0
1,,57838,Port:10,0,0,0,Enabled,0.500101,0.329544,-0.581784,-0.550298,-72.5182,36.6383,-100.534,0.138426,0
1,,57854,Port:10,0,0,0,Enabled,0.501311,0.329517,-0.583243,-0.547661,-72.4656,40.3716,-101.012,0.140713,0
1,,57862,Port:10,0,0,0,Enabled,0.50221,0.329731,-0.583759,-0.546158,-72.3761,42.0938,-101.302,0.144995,0
1,,57878,Port:10,0,0,0,Enabled,0.505805,0.32998,-0.584838,-0.541516,-72.0189,45.4432,-101.865,0.143099,0
1,,57894,Port:10,0,0,0,Enabled,0.509165,0.331026,-0.585633,-0.53685,-71.2249,48.7138,-102.657,0.146829,0
1,,57910,Port:10,0,0,0,Enabled,0.511811,0.330433,-0.58744,-0.532709,-69.9471,52.3817,-103.588,0.14574,0
1,,57926,Port:10,0,0,0,Enabled,0.515925,0.330418,-0.58911,-0.526873,-68.555,55.5419,-104.555,0.147782,0
1,,57942,Port:10,0,0,0,Enabled,0.518159,0.32929,-0.589824,-0.524583,-66.9707,58.5942,-105.152,0.142228,0
1,,57958,Port:10,0,0,0,Enabled,0.521645,0.328444,-0.590324,-0.521084,-65.4105,61.1003,-105.666,0.135002,0
1,,57966,Port:10,0,0,0,Enabled,0.522929,0.328045,-0.590592,-0.519743,-64.645,62.3825,-105.983,0.131701,0
1,,57990,Port:10,0,0,0,Enabled,0.528224,0.327257,-0.590947,-0.514455,-62.2139,66.1131,-107.038,0.116187,0
1,,57998,Port:10,0,0,0,Enabled,0.530293,0.326722,-0.590845,-0.512781,-61.2317,67.5969,-107.316,0.104593,0
1,,58014,Port:10,0,0,0,Enabled,0.533043,0.323878,-0.592087,-0.510296,-58.9172,71.0362,-108.042,0.0966642,0
1,,58046,Port:10,0,0,0,Enabled,0.540688,0.317858,-0.594292,-0.503429,-53.5528,79.3202,-109.607,0.0968204,0
1,,58054,Port:10,0,0,0,Enabled,0.542324,0.315522,-0.595252,-0.502003,-52.2212,81.787,-110.093,0.107102,0
1,,58078,Port:10,0,0,0,Enabled,0.54728,0.310713,-0.597946,-0.49639,-48.6066,88.8045,-111.862,0.142574,0
1,,58094,Port:10,0,0,0,Enabled,0.550232,0.306613,-0.599836,-0.493387,-46.1144,93.884,-113.219,0.163128,0
1,,58102,Port:10,0,0,0,Enabled,0.551737,0.303933,-0.600734,-0.49227,-44.7518,96.4867,-113.774,0.175111,0
1,,58118,Port:10,0,0,0,Enabled,0.554698,0.299962,-0.602262,-0.489505,-42.0959,101.711,-115.158,0.195455,0
1,,58134,Port:10,0,0,0,Enabled,0.558074,0.294082,-0.603705,-0.487453,-38.9511,107.235,-116.331,0.219982,0
1,,58150,Port:10,0,0,0,Enabled,0.56072,0.290162,-0.604579,-0.485679,-35.8838,112.496,-117.719,0.234523,0
1,,58166,Port:10,0,0,0,Enabled,0.563675,0.286034,-0.604945,-0.484249,-32.6425,117.531,-119.016,0.242892,0
1,,58182,Port:10,0,0,0,Enabled,0.566187,0.283184,-0.604545,-0.483492,-29.2998,122.641,-120.498,0.245747,0
1,,58198,Port:10,0,0,0,Enabled,0.571901,0.281871,-0.60334,-0.479019,-25.9862,127.215,-122.129,0.252238,0
1,,58214,Port:10,0,0,0,Enabled,0.575573,0.277886,-0.602271,-0.478294,-21.9342,132.658,-123.765,0.249805,0
1,,58222,Port:10,0,0,0,Enabled,0.578272,0.277386,-0.601536,-0.476249,-19.943,135.196,-124.915,0.225722,0
1,,58238,Port:10,0,0,0,Enabled,0.583992,0.27466,-0.599392,-0.473545,-15.6489,139.916,-126.939,0.214895,0
1,,58254,Port:10,0,0,0,Enabled,0.587594,0.274799,-0.597735,-0.471095,-11.7566,143.847,-129.31,0.201075,0
1,,58286,Port:10,0,0,0,Enabled,0.597255,0.276491,-0.592449,-0.46459,-4.54571,148.654,-133.373,0.164261,0
1,,58302,Port:10,0,0,0,Enabled,0.603409,0.276608,-0.589948,-0.459726,-1.05019,150.249,-135.323,0.148384,0
1,,58318,Port:10,0,0,0,Enabled,0.608083,0.277168,-0.587427,-0.456446,2.68581,151.713,-137.674,0.152726,0
1,,58334,Port:10,0,0,0,Enabled,0.612792,0.271976,-0.586142,-0.45492,6.97924,153.678,-139.49,0.171522,0
1,,58342,Port:10,0,0,0,Enabled,0.61536,0.268792,-0.585847,-0.453724,9.34174,154.567,-140.395,0.187316,0
1,,58358,Port:10,0,0,0,Enabled,0.623131,0.260199,-0.58433,-0.450071,14.0308,155.992,-141.77,0.231313,0
1,,58374,Port:10,0,0,0,Enabled,0.627631,0.252403,-0.583557,-0.449258,18.6636,157.42,-143.157,0.289692,0
1,,58390,Port:10,0,0,0,Enabled,0.633418,0.243939,-0.582584,-0.44707,22.5346,157.942,-144.655,0.317492,0
1,,58406,Port:10,0,0,0,Enabled,0.637946,0.237318,-0.581757,-0.445268,26.0904,157.763,-146.424,0.365396,0
1,,58422,Port:10,0,0,0,Enabled,0.642682,0.233754,-0.579743,-0.442964,29.4987,156.735,-148.011,0.395342,0
1,,58438,Port:10,0,0,0,Enabled,0.647255,0.225043,-0.579611,-0.440985,33.2497,155.956,-149.941,0.448341,0
1,,58446,Port:10,0,0,0,Enabled,0.648906,0.223366,-0.578309,-0.441122,35.0311,155.309,-150.571,0.4523,0
1,,58470,Port:10,0,0,0,Enabled,0.655353,0.214595,-0.576135,-0.438783,39.3728,153.307,-151.335,0.562269,0
1,,58478,Port:10,0,0,0,Enabled,0.65574,0.214757,-0.574971,-0.439652,40.5838,152.121,-151.912,0.548473,0
1,,58494,Port:10,0,0,0,Enabled,0.657505,0.214978,-0.572692,-0.439881,42.5467,149.09,-153.021,0.582049,0
1,,58526,Port:10,0,0,0,Enabled,0.65977,0.215192,-0.568448,-0.441885,45.6362,141.824,-154.922,0.608191,0
1,,58542,Port:10,0,0,0,Enabled,0.659587,0.216539,-0.5667,-0.443744,46.799,137.934,-155.963,0.62006,0
1,,58558,Port:10,0,0,0,Enabled,0.660074,0.218878,-0.565028,-0.444002,47.5644,133.697,-156.821,0.643449,0
1,,58574,Port:10,0,0,0,Enabled,0.660253,0.221679,-0.562879,-0.445074,48.4022,129.243,-157.462,0.639386,0
1,,58582,Port:10,0,0,0,Enabled,0.660552,0.221106,-0.562483,-0.445417,48.7298,126.866,-158.029,0.656985,0
1,,58598,Port:10,0,0,0,Enabled,0.659434,0.227218,-0.560208,-0.446863,49.2329,122.138,-158.8,0.659226,0
1,,58614,Port:10,0,0,0,Enabled,0.661417,0.229762,-0.559471,-0.443543,49.2926,116.42,-159.979,0.712752,0
1,,58630,Port:10,0,0,0,Enabled,0.661518,0.234977,-0.557549,-0.44308,49.3173,111.582,-160.487,0.725427,0
1,,58646,Port:10,0,0,0,Enabled,0.661932,0.23664,-0.557336,-0.441841,49.1124,106.184,-161.667,0.759211,0
1,,58662,Port:10,0,0,0,Enabled,0.663573,0.241448,-0.555668,-0.438871,49.3257,100.319,-162.19,0.78511,0
1,,58670,Port:10,0,0,0,Enabled,0.664297,0.244226,-0.554603,-0.437583,48.9461,96.8892,-162.729,0.796616,0
1,,58686,Port:10,0,0,0,Enabled,0.663029,0.252862,-0.552356,-0.437444,47.5711,89.7979,-164.116,0.812261,0
1,,58710,Port:10,0,0,0,Enabled,0.662484,0.272429,-0.547961,-0.432013,44.6187,75.3494,-167.158,0.719743,0
1,,58726,Port:10,0,0,0,Enabled,0.658448,0.284884,-0.544667,-0.434311,42.7546,67.6512,-167.932,0.687241,0
1,,58734,Port:10,0,0,0,Enabled,0.65558,0.29684,-0.540646,-0.435664,41.8656,63.8932,-168.334,0.631764,0
1,,58766,Port:10,0,0,0,Enabled,0.642381,0.336083,-0.527197,-0.443237,38.9235,49.7079,-170.615,0.440861,0
1,,58782,Port:10,0,0,0,Enabled,0.634653,0.353826,-0.520792,-0.448107,37.128,43.2713,-172.281,0.366766,0
1,,58790,Port:10,0,0,0,Enabled,0.630064,0.361672,-0.517597,-0.452002,35.9917,40.3692,-173.33,0.322482,0
1,,58806,Port:10,0,0,0,Enabled,0.622233,0.376601,-0.512174,-0.45681,34.2046,34.2868,-175.472,0.271638,0
1,,58830,Port:10,0,0,0,Enabled,0.614734,0.397419,-0.50415,-0.458251,31.4393,24.4798,-178.956,0.20774,0
1,,58838,Port:10,0,0,0,Enabled,0.612906,0.402707,-0.502092,-0.458342,30.4228,21.3137,-180.206,0.199393,0
1,,58854,Port:10,0,0,0,Enabled,0.607357,0.414609,-0.497292,-0.460344,28.319,15.9835,-182.939,0.179185,0
1,,58870,Port:10,0,0,0,Enabled,0.604394,0.421005,-0.494932,-0.460983,26.8961,11.7198,-185.285,0.176971,0
1,,58886,Port:10,0,0,0,Enabled,0.600775,0.425617,-0.492482,-0.464091,26.3316,9.23141,-187.243,0.176842,0
1,,58902,Port:10,0,0,0,Enabled,0.601043,0.427612,-0.490726,-0.463771,26.5251,6.75545,-188.357,0.177258,0
1,,58918,Port:10,0,0,0,Enabled,0.599646,0.429135,-0.489409,-0.46556,26.9197,5.15717,-189.233,0.172407,0
1,,58934,Port:10,0,0,0,Enabled,0.598401,0.431869,-0.487015,-0.467142,27.1156,3.65462,-189.787,0.179613,0
1,,58950,Port:10,0,0,0,Enabled,0.595942,0.434232,-0.486698,-0.468424,26.3622,1.44611,-190.89,0.172066,0
1,,58966,Port:10,0,0,0,Enabled,0.593279,0.440119,-0.48397,-0.469136,25.446,-1.94377,-192.215,0.168733,0
1,,58974,Port:10,0,0,0,Enabled,0.591851,0.44277,-0.482646,-0.469808,24.923,-3.94926,-192.939,0.168244,0
1,,59006,Port:10,0,0,0,Enabled,0.58455,0.452855,-0.478487,-0.473577,22.4961,-12.5006,-196.572,0.15798,0
1,,59022,Port:10,0,0,0,Enabled,0.580844,0.45904,-0.476013,-0.474672,20.6791,-17.2636,-198.841,0.148768,0
1,,59030,Port:10,0,0,0,Missing,,,,,,,,,0
1,,59054,Port:10,0,0,0,Enabled,0.574484,0.469119,-0.471227,-0.477326,18.5109,-23.4846,-203.003,0.146813,0
1,,59070,Port:10,0,0,0,Enabled,0.572882,0.471413,-0.4701,-0.478103,18.3173,-25.5079,-204.056,0.143318,0
1,,59078,Port:10,0,0,0,Enabled,0.572495,0.472419,-0.469285,-0.478374,18.1337,-26.1775,-204.324,0.140801,0
1,,59094,Port:10,0,0,0,Enabled,0.571561,0.473757,-0.468437,-0.479,17.8272,-27.5153,-204.912,0.143755,0
1,,59110,Port:10,0,0,0,Enabled,0.568865,0.475573,-0.468286,-0.480552,16.784,-29.0777,-205.793,0.138756,0
1,,59126,Port:10,0,0,0,Enabled,0.567125,0.477717,-0.46845,-0.480323,15.6049,-32.2294,-207.259,0.136125,0
1,,59142,Port:10,0,0,0,Enabled,0.563496,0.482474,-0.465736,-0.482474,14.0728,-35.7895,-209.112,0.134515,0
1,,59158,Port:10,0,0,0,Enabled,0.560544,0.48636,-0.464566,-0.48314,12.877,-40.3611,-211.096,0.129786,0
1,,59174,Port:10,0,0,0,Enabled,0.556933,0.491618,-0.462262,-0.484202,11.0207,-44.7648,-213.665,0.118719,0
1,,59182,Port:10,0,0,0,Enabled,0.554255,0.49475,-0.461734,-0.484589,10.1529,-47.2131,-215.114,0.117758,0
1,,59206,Port:10,0,0,0,Enabled,0.550658,0.502957,-0.458267,-0.483531,7.51789,-53.4492,-218.086,0.111953,0
1,,59230,Port:10,0,0,0,Enabled,0.550117,0.505552,-0.456784,-0.482843,7.35869,-54.8207,-218.91,0.109205,0
1,,59246,Port:10,0,0,0,Enabled,0.551457,0.503714,-0.457457,-0.482598,8.56848,-54.1605,-218.101,0.0998758,0
1,,59262,Port:10,0,0,0,Enabled,0.552469,0.502827,-0.45625,-0.483508,9.36792,-53.1102,-217.283,0.107332,0
1,,59278,Port:10,0,0,0,Enabled,0.55328,0.501676,-0.456799,-0.483257,9.72833,-52.6461,-216.658,0.101153,0
1,,59294,Port:10,0,0,0,Enabled,0.551951,0.503003,-0.456073,-0.484082,9.10533,-52.652,-217.043,0.0998287,0
1,,59310,Port:10,0,0,0,Enabled,0.550467,0.504738,-0.455815,-0.48421,8.4631,-52.8477,-217.575,0.10372,0
1,,59318,Port:10,0,0,0,Enabled,0.549979,0.505227,-0.455493,-0.484557,8.0041,-52.8334,-217.922,0.103496,0
1,,59334,Port:10,0,0,0,Enabled,0.548769,0.506281,-0.455743,-0.484594,7.50264,-53.4209,-218.281,0.104993,0
1,,59350,Port:10,0,0,0,Enabled,0.547377,0.508122,-0.454727,-0.485196,7.00796,-53.644,-218.86,0.10525,0
1,,59366,Port:10,0,0,0,Enabled,0.546755,0.508582,-0.454864,-0.485287,6.56024,-54.1039,-219.007,0.101079,0
1,,59382,Port:10,0,0,0,Enabled,0.54491,0.510546,-0.454051,-0.486059,5.78974,-54.8356,-219.778,0.10563,0
1,,59398,Port:10,0,0,0,Enabled,0.543874,0.511831,-0.453871,-0.486036,4.91443,-55.7589,-219.967,0.101258,0
1,,59414,Port:10,0,0,0,Enabled,0.542295,0.513053,-0.453229,-0.487111,3.89024,-57.0343,-220.461,0.0991698,0
1,,59430,Port:10,0,0,0,Enabled,0.538955,0.515806,-0.451826,-0.489209,1.94054,-58.4971,-220.037,0.0960945,0
1,,59446,Port:10,0,0,0,Enabled,0.537469,0.520332,-0.447778,-0.489773,-0.888828,-61.2461,-219.357,0.0943915,0
1,,59470,Port:10,0,0,0,Enabled,0.535607,0.525205,-0.44662,-0.487663,-5.81174,-63.9457,-217.242,0.0950812,0
1,,59486,Port:10,0,0,0,Enabled,0.532482,0.527262,-0.44916,-0.486531,-9.22651,-63.9238,-215.676,0.102901,0
1,,59502,Port:10,0,0,0,Enabled,0.530561,0.527672,-0.452872,-0.484742,-12.0243,-63.1559,-214.362,0.102449,0
1,,59518,Port:10,0,0,0,Enabled,0.529442,0.528131,-0.454223,-0.4842,-14.0229,-61.3122,-213.032,0.115004,0
1,,59534,Port:10,0,0,0,Enabled,0.52975,0.526982,-0.456384,-0.483083,-14.1536,-59.8689,-212.473,0.111089,0
1,,59550,Port:10,0,0,0,Enabled,0.529837,0.526001,-0.455563,-0.484829,-13.7433,-58.3938,-212.17,0.113197,0
1,,59558,Port:10,0,0,0,Enabled,0.530263,0.525953,-0.455549,-0.484427,-13.6056,-58.4431,-212.633,0.113509,0
1,,59574,Port:10,0,0,0,Enabled,0.528678,0.52731,-0.455198,-0.485014,-13.5439,-58.8537,-213.487,0.112791,0
1,,59590,Port:10,0,0,0,Enabled,0.528033,0.528949,-0.454553,-0.484538,-14.3528,-59.8987,-215.077,0.111923,0
1,,59606,Port:10,0,0,0,Enabled,0.525649,0.531042,-0.454453,-0.484933,-15.3049,-60.4657,-216.531,0.113924,0
1,,59622,Port:10,0,0,0,Enabled,0.524188,0.5325,-0.455428,-0.484,-16.5308,-60.7048,-217.899,0.110364,0
1,,59638,Port:10,0,0,0,Enabled,0.522438,0.532909,-0.456564,-0.484372,-17.7262,-60.2271,-218.688,0.114204,0
1,,59654,Port:10,0,0,0,Enabled,0.521471,0.532951,-0.45769,-0.484305,-19.078,-59.6325,-219.077,0.112751,0
1,,59670,Port:10,0,0,0,Enabled,0.520591,0.532398,-0.460267,-0.483418,-20.3889,-58.8442,-219.01,0.118808,0
1,,59678,Port:10,0,0,0,Enabled,0.520284,0.53221,-0.461591,-0.482692,-21.085,-58.482,-219.034,0.120609,0
1,,59710,Port:10,0,0,0,Enabled,0.520528,0.532584,-0.462964,-0.480696,-22.5633,-56.7165,-218.806,0.123219,0
1,,59726,Port:10,0,0,0,Enabled,0.520737,0.531921,-0.462882,-0.481284,-22.4763,-55.313,-218.18,0.120603,0
1,,59742,Port:10,0,0,0,Enabled,0.520516,0.531576,-0.463251,-0.481548,-22.372,-54.4464,-217.779,0.122082,0
1,,59758,Port:10,0,0,0,Enabled,0.521498,0.530981,-0.462748,-0.481626,-21.8565,-53.8613,-217.553,0.123655,0
1,,59766,Port:10,0,0,0,Enabled,0.521504,0.530562,-0.462967,-0.481871,-21.6568,-53.7252,-217.268,0.119053,0
1,,59790,Port:10,0,0,0,Enabled,0.521794,0.531065,-0.461634,-0.482282,-21.1261,-53.9459,-217.633,0.117241,0
1,,59798,Port:10,0,0,0,Enabled,0.521132,0.531285,-0.461136,-0.48323,-21.0115,-53.94,-217.655,0.121956,0
1,,59814,Port:10,0,0,0,Enabled,0.521062,0.532004,-0.460217,-0.483391,-20.8529,-54.3627,-218.142,0.120731,0
1,,59830,Port:10,0,0,0,Enabled,0.520927,0.531956,-0.460122,-0.48368,-20.6557,-54.5009,-218.349,0.120835,0
1,,59846,Port:10,0,0,0,Enabled,0.520541,0.532599,-0.459554,-0.483927,-20.5355,-54.9892,-218.962,0.119477,0
1,,59862,Port:10,0,0,0,Enabled,0.518778,0.534206,-0.45944,-0.484157,-21.9277,-55.5762,-219.114,0.114977,0
1,,59878,Port:10,0,0,0,Enabled,0.517265,0.536129,-0.461731,-0.481465,-24.2011,-56.2582,-219.443,0.115435,0
1,,59894,Port:10,0,0,0,Enabled,0.515773,0.535591,-0.463904,-0.481576,-27.5629,-55.7078,-218.386,0.129763,0
1,,59902,Port:10,0,0,0,Enabled,0.514249,0.535056,-0.465257,-0.482494,-29.1478,-55.6189,-217.419,0.129181,0
1,,59918,Port:10,0,0,0,Enabled,0.512889,0.531488,-0.468373,-0.484864,-33.9451,-55.4668,-213.214,0.127498,0
1,,59950,Port:10,0,0,0,Enabled,0.511649,0.517156,-0.470649,-0.499254,-45.9947,-54.7242,-201.764,0.138124,0
1,,59966,Port:10,0,0,0,Enabled,0.511025,0.509201,-0.474946,-0.503978,-52.2543,-53.859,-196.804,0.143246,0
1,,59982,Port:10,0,0,0,Missing,,,,,,,,,0
1,,59998,Port:10,0,0,0,Enabled,0.506718,0.490948,-0.486252,-0.515524,-63.8056,-49.2187,-187.064,0.165745,0
1,,60014,Port:10,0,0,0,Enabled,0.507124,0.481413,-0.491183,-0.519428,-68.3541,-45.5253,-181.669,0.165555,0
1,,60022,Port:10,0,0,0,Enabled,0.507973,0.476333,-0.494867,-0.519786,-70.3441,-43.4454,-179.259,0.162294,0
1,,60038,Port:10,0,0,0,Enabled,0.508811,0.46726,-0.500799,-0.521517,-73.5791,-37.961,-174.626,0.150839,0
1,,60054,Port:10,0,0,0,Enabled,0.513897,0.455252,-0.5092,-0.51901,-76.5093,-31.9296,-170.323,0.14451,0
1,,60070,Port:10,0,0,0,Enabled,0.515119,0.447088,-0.515628,-0.518549,-78.8158,-25.4023,-166.927,0.152824,0
1,,60086,Port:10,0,0,0,Enabled,0.518449,0.442257,-0.52335,-0.51159,-80.7558,-20.1461,-165.908,0.147805,0
1,,60102,Port:10,0,0,0,Enabled,0.522087,0.436998,-0.528431,-0.507167,-81.6511,-15.3751,-165.078,0.14057,0
1,,60118,Port:10,0,0,0,Enabled,0.528616,0.429733,-0.532144,-0.50271,-81.1885,-10.4313,-163.254,0.133107,0
1,,60134,Port:10,0,0,0,Enabled,0.539033,0.411339,-0.535519,-0.503452,-79.0451,-3.51832,-159.241,0.113034,0
1,,60142,Port:10,0,0,0,Enabled,0.543668,0.402863,-0.535962,-0.504848,-77.539,-0.03229,-157.173,0.114835,0
1,,60158,Port:10,0,0,0,Enabled,0.557968,0.384671,-0.536715,-0.50263,-74.6114,6.59423,-152.802,0.110871,0
1,,60190,Port:10,0,0,0,Enabled,0.573198,0.355413,-0.54315,-0.500113,-69.3016,19.2554,-147.721,0.14154,0
1,,60206,Port:10,0,0,0,Enabled,0.580282,0.344208,-0.545122,-0.497631,-66.7331,24.6765,-146.246,0.161376,0
1,,60222,Port:10,0,0,0,Enabled,0.586208,0.331134,-0.547954,-0.496444,-63.672,30.9788,-145.217,0.194597,0
1,,60238,Port:10,0,0,0,Enabled,0.589,0.315612,-0.552262,-0.498473,-59.7025,38.7511,-144.528,0.219847,0
1,,60254,Port:10,0,0,0,Enabled,0.592064,0.300824,-0.555177,-0.500744,-54.9122,46.9302,-144.593,0.246646,0
1,,60262,Port:10,0,0,0,Enabled,0.595029,0.294656,-0.556287,-0.499663,-52.5585,50.7648,-144.712,0.260199,0
1,,60278,Port:10,0,0,0,Enabled,0.598791,0.283664,-0.558131,-0.499474,-48.0699,58.1351,-145.491,0.257706,0
1,,60302,Port:10,0,0,0,Enabled,0.603701,0.273543,-0.561086,-0.495885,-42.1874,68.4225,-147.502,0.276285,0
1,,60310,Port:10,0,0,0,Enabled,0.605854,0.268938,-0.561905,-0.49485,-39.898,72.1611,-148.245,0.274776,0
1,,60326,Port:10,0,0,0,Enabled,0.611368,0.261157,-0.562391,-0.491672,-34.8796,79.6396,-149.735,0.280971,0
1,,60342,Port:10,0,0,0,Enabled,0.617221,0.251752,-0.562307,-0.489357,-29.2817,87.2147,-151.412,0.278488,0
1,,60358,Port:10,0,0,0,Enabled,0.619693,0.245986,-0.56164,-0.489932,-24.1582,93.3216,-153.445,0.267,0
1,,60366,Port:10,0,0,0,Enabled,0.621844,0.245241,-0.561076,-0.488222,-22.0596,95.3964,-154.881,0.261103,0
1,,60390,Port:10,0,0,0,Enabled,0.628543,0.243326,-0.55818,-0.483901,-15.9453,100.38,-159.066,0.249905,0
1,,60398,Port:10,0,0,0,Enabled,0.63054,0.242261,-0.557305,-0.482846,-13.7156,102.156,-160.491,0.240144,0
1,,60414,Port:10,0,0,0,Enabled,0.634581,0.236584,-0.555283,-0.482696,-8.8924,106.006,-162.807,0.232608,0
