ToolCount,ToolInfo,Frame#,PortHandle,Face#,timespec_s,timespec_ns,TransformStatus,Q0,Qx,Qy,Qz,Tx,Ty,Tz,Error,#Markers
1,,104894,Port:10,0,0,0,Enabled,0.540261,0.377833,-0.465245,-0.590684,-36.7722,131.116,-93.603,0.256645,0
1,,104910,Port:10,0,0,0,Enabled,0.538957,0.379784,-0.463319,-0.592136,-36.5531,130.22,-92.668,0.214097,0
1,,104926,Port:10,0,0,0,Enabled,0.539226,0.379453,-0.462406,-0.592817,-35.9274,130.728,-91.9707,0.217866,0
1,,104942,Port:10,0,0,0,Enabled,0.537623,0.379071,-0.462112,-0.594744,-35.5657,131.548,-91.4629,0.214068,0
1,,104950,Port:10,0,0,0,Enabled,0.538031,0.378633,-0.462372,-0.594452,-35.6452,131.784,-91.3183,0.213202,0
1,,104966,Port:10,0,0,0,Enabled,0.538014,0.379784,-0.46247,-0.593655,-36.0217,132.288,-91.4196,0.217375,0
1,,104982,Port:10,0,0,0,Enabled,0.539313,0.379672,-0.46369,-0.591593,-36.639,132.636,-91.4203,0.215029,0
1,,105014,Port:10,0,0,0,Enabled,0.537656,0.378351,-0.464518,-0.593296,-37.32,135.703,-89.9354,0.216683,0
1,,105030,Port:10,0,0,0,Enabled,0.534708,0.379219,-0.463574,-0.596137,-37.7244,137.498,-88.5956,0.218629,0
1,,105046,Port:10,0,0,0,Enabled,0.53306,0.379424,-0.46426,-0.596948,-37.735,138.92,-87.9476,0.213874,0
1,,105054,Port:10,0,0,0,Enabled,0.534264,0.379212,-0.465693,-0.594887,-37.6495,139.555,-87.7844,0.219742,0
1,,105070,Port:10,0,0,0,Enabled,0.532747,0.381364,-0.464905,-0.595488,-36.96,139.955,-87.0646,0.217481,0
1,,105086,Port:10,0,0,0,Enabled,0.534286,0.381377,-0.462186,-0.596217,-35.8389,139.546,-86.0966,0.21383,0
1,,105102,Port:10,0,0,0,Enabled,0.533829,0.382096,-0.461902,-0.596386,-35.2224,138.79,-86.4002,0.211706,0
1,,105118,Port:10,0,0,0,Enabled,0.535592,0.381348,-0.464628,-0.593158,-35.5596,137.663,-87.631,0.212853,0
1,,105134,Port:10,0,0,0,Enabled,0.537583,0.38269,-0.466444,-0.589052,-36.4386,136.248,-88.8963,0.212376,0
1,,105150,Port:10,0,0,0,Enabled,0.539879,0.38368,-0.469343,-0.583984,-37.4289,135.076,-89.8089,0.215656,0
1,,105166,Port:10,0,0,0,Enabled,0.536775,0.384875,-0.470116,-0.585436,-38.1544,134.82,-89.6585,0.21684,0
1,,105182,Port:10,0,0,0,Enabled,0.534793,0.383003,-0.47279,-0.586323,-39.1042,135.142,-89.0785,0.220112,0
1,,105190,Port:10,0,0,0,Enabled,0.534635,0.382696,-0.474195,-0.585532,-39.6583,135.115,-88.891,0.220361,0
1,,105206,Port:10,0,0,0,Enabled,0.536347,0.382329,-0.477033,-0.58189,-40.6386,134.247,-88.2945,0.220817,0
1,,105222,Port:10,0,0,0,Enabled,0.536019,0.380113,-0.479252,-0.58182,-41.0178,133.854,-87.2539,0.219402,0
1,,105238,Port:10,0,0,0,Enabled,0.53648,0.37649,-0.481992,-0.581488,-41.6341,133.647,-86.0002,0.213937,0
1,,105270,Port:10,0,0,0,Enabled,0.537586,0.37294,-0.487804,-0.577896,-44.3221,133.391,-84.7707,0.211347,0
1,,105286,Port:10,0,0,0,Enabled,0.537383,0.372391,-0.490409,-0.576232,-45.2613,133.485,-84.66,0.216043,0
1,,105302,Port:10,0,0,0,Enabled,0.537517,0.371989,-0.49171,-0.575257,-45.217,133.268,-84.3512,0.211613,0
1,,105310,Port:10,0,0,0,Enabled,0.537953,0.37174,-0.491825,-0.574913,-44.8504,133.164,-84.0505,0.213382,0
1,,105326,Port:10,0,0,0,Enabled,0.538697,0.371105,-0.491345,-0.575036,-43.8458,132.783,-83.1384,0.211913,0
1,,105342,Port:10,0,0,0,Enabled,0.539509,0.369558,-0.490519,-0.575975,-43.3089,132.6,-82.2704,0.207983,0
1,,105358,Port:10,0,0,0,Enabled,0.539679,0.368737,-0.491984,-0.575092,-43.3794,132.252,-82.3133,0.208928,0
1,,105374,Port:10,0,0,0,Enabled,0.539712,0.370573,-0.491357,-0.574416,-43.5682,131.103,-82.3108,0.210735,0
1,,105390,Port:10,0,0,0,Enabled,0.540474,0.3707,-0.490865,-0.574039,-43.9814,130.139,-81.904,0.20892,0
1,,105406,Port:10,0,0,0,Enabled,0.53976,0.370399,-0.49212,-0.573831,-45.0036,129.883,-81.4318,0.208733,0
1,,105422,Port:10,0,0,0,Enabled,0.539726,0.369925,-0.492419,-0.573911,-46.7279,129.575,-80.542,0.202806,0
1,,105430,Port:10,0,0,0,Enabled,0.540164,0.370318,-0.493665,-0.572173,-47.8977,129.155,-80.3105,0.20081,0
1,,105446,Port:10,0,0,0,Enabled,0.543499,0.374371,-0.493147,-0.566799,-50.632,127.868,-79.8492,0.196173,0
1,,105462,Port:10,0,0,0,Enabled,0.544936,0.377755,-0.493995,-0.562419,-52.978,126.306,-79.1031,0.189351,0
1,,105494,Port:10,0,0,0,Enabled,0.542205,0.391309,-0.488438,-0.560642,-58.7979,122.614,-76.7183,0.166626,0
1,,105510,Port:10,0,0,0,Enabled,0.543596,0.395701,-0.489003,-0.555698,-61.5665,120.852,-76.4414,0.162441,0
1,,105526,Port:10,0,0,0,Enabled,0.540868,0.398271,-0.48657,-0.558651,-64.1682,119.238,-74.8108,0.1407,0
1,,105542,Port:10,0,0,0,Enabled,0.538922,0.400196,-0.487043,-0.558745,-67.9549,117.011,-73.4032,0.12143,0
1,,105550,Port:10,0,0,0,Enabled,0.539275,0.401329,-0.487929,-0.556814,-70.4965,115.705,-72.6649,0.103198,0
1,,105566,Port:10,0,0,0,Enabled,0.536172,0.401136,-0.490006,-0.558125,-75.6595,114.015,-70.8198,0.0864713,0
1,,105582,Port:10,0,0,0,Enabled,0.533167,0.399395,-0.490933,-0.561429,-80.4335,112.354,-68.8097,0.079625,0
1,,105598,Port:10,0,0,0,Enabled,0.533437,0.401135,-0.491225,-0.559673,-84.9112,109.712,-67.5322,0.0799501,0
1,,105614,Port:10,0,0,0,Enabled,0.532665,0.402019,-0.491306,-0.559703,-88.7668,107.336,-66.3942,0.078498,0
1,,105630,Port:10,0,0,0,Enabled,0.529499,0.404476,-0.491524,-0.560744,-92.6665,105.327,-65.5426,0.0781952,0
1,,105646,Port:10,0,0,0,Enabled,0.528467,0.406772,-0.491523,-0.560057,-96.8718,102.7,-65.2809,0.0754755,0
1,,105662,Port:10,0,0,0,Enabled,0.533843,0.412431,-0.492184,-0.550153,-102.354,98.4262,-66.3722,0.0712272,0
1,,105670,Port:10,0,0,0,Enabled,0.535129,0.415589,-0.493201,-0.545598,-105.061,96.0647,-67.5352,0.0712057,0
1,,105686,Port:10,0,0,0,Enabled,0.534586,0.419653,-0.493482,-0.542756,-110.181,91.6866,-70.3966,0.0653804,0
1,,105702,Port:10,0,0,0,Enabled,0.531787,0.422366,-0.492535,-0.544259,-114.514,87.7716,-74.4382,0.0595185,0
1,,105718,Port:10,0,0,0,Enabled,0.530276,0.42418,-0.49161,-0.545159,-118.309,83.863,-79.3864,0.0557716,0
1,,105750,Port:10,0,0,0,Enabled,0.527715,0.426224,-0.489823,-0.547652,-124.811,75.8502,-90.8286,0.0501193,0
1,,105766,Port:10,0,0,0,Enabled,0.52579,0.427661,-0.487956,-0.550046,-128.248,72.1383,-97.0804,0.0483116,0
1,,105782,Port:10,0,0,0,Enabled,0.524379,0.428728,-0.488322,-0.550236,-131.68,68.9092,-103.982,0.0531937,0
1,,105790,Port:10,0,0,0,Enabled,0.523531,0.429601,-0.487871,-0.550763,-133.476,67.4663,-107.562,0.0529607,0
1,,105806,Port:10,0,0,0,Enabled,0.52167,0.430093,-0.489167,-0.550995,-136.378,64.9238,-114.863,0.0598368,0
1,,105822,Port:10,0,0,0,Enabled,0.520182,0.431074,-0.48738,-0.553215,-138.939,62.3292,-121.739,0.0634121,0
1,,105838,Port:10,0,0,0,Enabled,0.517612,0.431647,-0.486659,-0.555808,-140.596,60.0782,-128.626,0.0694824,0
1,,105854,Port:10,0,0,0,Enabled,0.515026,0.431265,-0.485183,-0.559782,-141.803,58.3308,-135.158,0.076776,0
1,,105870,Port:10,0,0,0,Enabled,0.512759,0.430848,-0.484015,-0.563185,-142.195,56.847,-141.476,0.0777311,0
1,,105886,Port:10,0,0,0,Enabled,0.511638,0.4302,-0.482093,-0.56634,-142.415,55.3659,-147.043,0.0914813,0
1,,105902,Port:10,0,0,0,Enabled,0.510693,0.430923,-0.479621,-0.568737,-141.691,53.6421,-151.944,0.0940968,0
1,,105910,Port:10,0,0,0,Enabled,0.511173,0.430269,-0.478259,-0.569946,-141.344,52.8775,-154.048,0.0999912,0
1,,105926,Port:10,0,0,0,Enabled,0.510354,0.429207,-0.475971,-0.573386,-140.257,51.6839,-158.309,0.114672,0
1,,105942,Port:10,0,0,0,Enabled,0.509184,0.429262,-0.472891,-0.576923,-138.754,50.582,-162.234,0.116565,0
1,,105958,Port:10,0,0,0,Enabled,0.509152,0.429283,-0.470965,-0.578508,-137.757,49.271,-166.339,0.124535,0
1,,105974,Port:10,0,0,0,Enabled,0.508526,0.429107,-0.468541,-0.581152,-136.524,48.1479,-169.699,0.135647,0
1,,105990,Port:10,0,0,0,Enabled,0.508879,0.427985,-0.466812,-0.583059,-135.417,47.5117,-173,0.15175,0
1,,106022,Port:10,0,0,0,Enabled,0.507651,0.425414,-0.462049,-0.589766,-131.825,47.2534,-177.976,0.171993,0
1,,106030,Port:10,0,0,0,Enabled,0.506632,0.42508,-0.4609,-0.591779,-130.612,47.4226,-179.183,0.17403,0
1,,106046,Port:10,0,0,0,Enabled,0.506811,0.423701,-0.458706,-0.594313,-128.961,47.668,-182.088,0.182772,0
1,,106062,Port:10,0,0,0,Missing,,,,,,,,,0
1,,106078,Port:10,0,0,0,Enabled,0.50747,0.423644,-0.453978,-0.597414,-124.946,47.7365,-188.97,0.233829,0
1,,106094,Port:10,0,0,0,Enabled,0.507741,0.422786,-0.451416,-0.599729,-121.765,47.6098,-191.739,0.247484,0
1,,106110,Port:10,0,0,0,Enabled,0.508167,0.422149,-0.447381,-0.602833,-119.055,47.3387,-195.104,0.277836,0
1,,106126,Port:10,0,0,0,Enabled,0.509391,0.422447,-0.444043,-0.604059,-115.907,46.8893,-198.343,0.275372,0
1,,106142,Port:10,0,0,0,Missing,,,,,,,,,0
1,,106150,Port:10,0,0,0,Enabled,0.508745,0.421923,-0.438826,-0.608762,-111.627,45.9618,-202.892,0.267862,0
1,,106166,Port:10,0,0,0,Enabled,0.508992,0.42236,-0.434703,-0.611206,-109.23,45.2676,-205.904,0.269064,0
1,,106182,Port:10,0,0,0,Enabled,0.508342,0.422704,-0.431527,-0.613754,-106.755,44.711,-209.155,0.2727,0
1,,106198,Port:10,0,0,0,Enabled,0.509187,0.422868,-0.427312,-0.615886,-103.994,44.3378,-211.861,0.274078,0
1,,106214,Port:10,0,0,0,Enabled,0.509326,0.423419,-0.423068,-0.618318,-100.703,44.0048,-214.418,0.263249,0
1,,106230,Port:10,0,0,0,Enabled,0.511325,0.42306,-0.41915,-0.619581,-97.157,44.0481,-216.47,0.262605,0
1,,106262,Port:10,0,0,0,Enabled,0.512976,0.42281,-0.411535,-0.623479,-89.2188,44.638,-220.104,0.271698,0
1,,106270,Port:10,0,0,0,Enabled,0.514303,0.422789,-0.410143,-0.623318,-87.4394,44.7502,-221.074,0.270372,0
1,,106286,Port:10,0,0,0,Enabled,0.514442,0.423135,-0.406536,-0.625327,-83.508,45.1691,-222.121,0.265004,0
1,,106302,Port:10,0,0,0,Enabled,0.515748,0.423882,-0.403821,-0.625506,-80.214,45.7608,-224.016,0.2614,0
1,,106318,Port:10,0,0,0,Enabled,0.516191,0.42345,-0.401455,-0.626954,-76.6194,46.708,-225.048,0.267017,0
1,,106334,Port:10,0,0,0,Enabled,0.518477,0.423323,-0.398993,-0.626725,-73.1694,47.4788,-226.703,0.27146,0
1,,106350,Port:10,0,0,0,Enabled,0.519566,0.421736,-0.396455,-0.628501,-69.4434,48.5193,-227.295,0.26192,0
1,,106366,Port:10,0,0,0,Enabled,0.52081,0.421024,-0.393901,-0.629554,-65.8438,49.0917,-228.49,0.254962,0
1,,106382,Port:10,0,0,0,Enabled,0.523424,0.420323,-0.392245,-0.628888,-62.4908,49.93,-229.23,0.254817,0
1,,106390,Port:10,0,0,0,Enabled,0.522386,0.420038,-0.390637,-0.630939,-60.6879,50.439,-229.763,0.25959,0
1,,106406,Port:10,0,0,0,Enabled,0.522982,0.419412,-0.388969,-0.631891,-57.7082,51.1338,-229.706,0.244627,0
1,,106422,Port:10,0,0,0,Enabled,0.525477,0.422211,-0.388094,-0.628486,-55.5923,51.3872,-230.524,0.261554,0
1,,106438,Port:10,0,0,0,Enabled,0.527457,0.422097,-0.387386,-0.62734,-52.7962,52.138,-230.04,0.247367,0
1,,106454,Port:10,0,0,0,Enabled,0.529096,0.421834,-0.384803,-0.627727,-49.2942,53.0526,-229.478,0.251652,0
1,,106470,Port:10,0,0,0,Enabled,0.532269,0.420282,-0.384142,-0.626489,-45.9513,53.8661,-228.177,0.236017,0
1,,106502,Port:10,0,0,0,Enabled,0.535819,0.418994,-0.381021,-0.626231,-39.7028,55.9088,-225.658,0.245367,0
1,,106510,Port:10,0,0,0,Enabled,0.53739,0.418617,-0.3802,-0.625636,-38.1651,56.4988,-225.011,0.240957,0
1,,106526,Port:10,0,0,0,Enabled,0.539692,0.416615,-0.380353,-0.624897,-35.1816,57.3575,-223.498,0.232976,0
1,,106542,Port:10,0,0,0,Enabled,0.542254,0.415282,-0.378228,-0.624856,-32.0998,58.4776,-221.502,0.238462,0
1,,106558,Port:10,0,0,0,Enabled,0.54443,0.412669,-0.378308,-0.624647,-29.0277,59.407,-219.692,0.229235,0
1,,106574,Port:10,0,0,0,Enabled,0.546621,0.411295,-0.376216,-0.624903,-26.0446,60.7366,-217.482,0.235314,0
1,,106590,Port:10,0,0,0,Enabled,0.548664,0.408112,-0.376173,-0.625225,-23.6146,61.3963,-215.489,0.221786,0
1,,106606,Port:10,0,0,0,Enabled,0.551181,0.407023,-0.375387,-0.624193,-21.6368,62.5699,-213.865,0.226817,0
1,,106622,Port:10,0,0,0,Enabled,0.552311,0.405621,-0.375373,-0.624114,-19.534,63.5237,-212.366,0.229485,0
1,,106630,Port:10,0,0,0,Enabled,0.553854,0.40421,-0.374714,-0.624058,-18.4538,64.0478,-211.176,0.229009,0
1,,106646,Port:10,0,0,0,Enabled,0.555066,0.401817,-0.372915,-0.625604,-16.0004,64.8798,-209.047,0.229801,0
1,,106662,Port:10,0,0,0,Enabled,0.558051,0.399006,-0.372671,-0.624893,-13.6308,65.6371,-206.448,0.228532,0
1,,106678,Port:10,0,0,0,Enabled,0.560729,0.39567,-0.372026,-0.624999,-11.121,66.7598,-203.279,0.245125,0
1,,106694,Port:10,0,0,0,Enabled,0.563146,0.392582,-0.37036,-0.625763,-8.16121,67.9908,-199.937,0.244374,0
1,,106726,Port:10,0,0,0,Enabled,0.569968,0.386337,-0.370052,-0.623652,-3.16253,69.6862,-194.137,0.254042,0
1,,106742,Port:10,0,0,0,Missing,,,,,,,,,0
1,,106750,Port:10,0,0,0,Enabled,0.573845,0.382366,-0.370752,-0.622126,-0.0279453,70.4525,-190.738,0.249044,0
1,,106766,Port:10,0,0,0,Enabled,0.576735,0.380552,-0.369951,-0.621042,1.52503,71.1947,-188.001,0.261122,0
1,,106782,Port:10,0,0,0,Enabled,0.580069,0.376169,-0.371319,-0.61979,3.02509,71.7402,-185.066,0.26998,0
1,,106798,Port:10,0,0,0,Enabled,0.583166,0.37382,-0.37008,-0.619045,4.67782,72.7425,-181.402,0.2898,0
1,,106814,Port:10,0,0,0,Enabled,0.587094,0.368041,-0.372193,-0.617527,6.14916,73.6642,-177.546,0.307589,0
1,,106830,Port:10,0,0,0,Enabled,0.590643,0.365354,-0.372167,-0.615751,7.56745,74.8791,-173.27,0.331824,0
1,,106846,Port:10,0,0,0,Enabled,0.594734,0.360746,-0.3737,-0.613597,8.60015,75.8578,-169.034,0.363552,0
1,,106862,Port:10,0,0,0,Enabled,0.597974,0.356638,-0.375669,-0.611645,9.04093,77.2144,-164.882,0.382596,0
1,,106870,Port:10,0,0,0,Enabled,0.599189,0.355442,-0.376305,-0.61076,9.25367,77.7948,-162.814,0.402019,0
1,,106886,Port:10,0,0,0,Enabled,0.602376,0.353455,-0.377512,-0.608027,9.28629,78.7561,-158.618,0.399911,0
1,,106918,Port:10,0,0,0,Enabled,0.60442,0.351317,-0.379643,-0.605908,8.93574,81.2551,-149.773,0.396228,0
1,,106934,Port:10,0,0,0,Enabled,0.604571,0.351672,-0.380601,-0.60495,8.78583,82.5445,-145.11,0.37431,0
1,,106950,Port:10,0,0,0,Enabled,0.602432,0.353967,-0.379142,-0.606658,8.61053,83.9303,-139.979,0.33197,0
1,,106966,Port:10,0,0,0,Enabled,0.600811,0.355845,-0.3798,-0.606756,8.48249,84.8324,-135.24,0.278781,0
1,,106982,Port:10,0,0,0,Enabled,0.597559,0.361154,-0.377072,-0.608529,8.10968,85.3642,-130.617,0.2187,0
1,,106990,Port:10,0,0,0,Enabled,0.596503,0.363845,-0.376426,-0.608362,7.87283,85.4917,-128.632,0.194177,0
1,,107006,Port:10,0,0,0,Enabled,0.593993,0.367561,-0.375253,-0.609307,7.49516,86.0602,-124.776,0.170063,0
1,,107022,Port:10,0,0,0,Enabled,0.592815,0.368846,-0.375224,-0.609698,7.12267,86.6378,-121.464,0.16139,0
1,,107038,Port:10,0,0,0,Enabled,0.592458,0.370435,-0.375183,-0.609105,6.804,86.8935,-118.523,0.161928,0
1,,107054,Port:10,0,0,0,Enabled,0.591714,0.371395,-0.374857,-0.609445,6.59317,86.8993,-115.561,0.163747,0
1,,107070,Port:10,0,0,0,Enabled,0.592291,0.372185,-0.374741,-0.608472,6.29752,86.5695,-112.582,0.163009,0
1,,107086,Port:10,0,0,0,Enabled,0.592787,0.372077,-0.375603,-0.607524,5.81991,86.0285,-109.691,0.159844,0
1,,107102,Port:10,0,0,0,Enabled,0.593416,0.373215,-0.374497,-0.606893,5.59159,84.8931,-106.318,0.16096,0
1,,107110,Port:10,0,0,0,Enabled,0.594113,0.374079,-0.374179,-0.605876,5.28848,84.1668,-104.691,0.16138,0
1,,107126,Port:10,0,0,0,Enabled,0.595562,0.374289,-0.375493,-0.603505,4.48593,82.8071,-101.64,0.154977,0
1,,107150,Port:10,0,0,0,Enabled,0.598932,0.375658,-0.377414,-0.598098,2.5274,80.6277,-97.3466,0.147451,0
1,,107158,Port:10,0,0,0,Enabled,0.599614,0.375082,-0.378723,-0.596947,1.87069,80.0995,-95.9348,0.142395,0
1,,107174,Port:10,0,0,0,Enabled,0.599725,0.374413,-0.380071,-0.596398,0.594226,79.0799,-93.0526,0.131487,0
1,,107206,Port:10,0,0,0,Enabled,0.602009,0.373559,-0.383854,-0.592195,-2.07815,76.615,-87.5238,0.113394,0
1,,107222,Port:10,0,0,0,Enabled,0.604142,0.37396,-0.38562,-0.588612,-3.69786,74.8558,-84.6949,0.105634,0
1,,107230,Port:10,0,0,0,Enabled,0.604869,0.374229,-0.387009,-0.58678,-4.82258,73.7897,-83.2506,0.101041,0
1,,107246,Port:10,0,0,0,Enabled,0.605722,0.375664,-0.39027,-0.58281,-7.50423,71.0128,-80.1823,0.0951848,0
1,,107270,Port:10,0,0,0,Enabled,0.608854,0.380418,-0.395225,-0.573042,-12.3941,65.7299,-75.3138,0.107055,0
1,,107278,Port:10,0,0,0,Enabled,0.608776,0.382214,-0.396817,-0.570825,-14.0928,64.0575,-73.6644,0.110848,0
1,,107294,Port:10,0,0,0,Enabled,0.610053,0.386646,-0.399698,-0.564431,-17.8176,60.9661,-70.9808,0.122141,0
1,,107310,Port:10,0,0,0,Enabled,0.61039,0.390485,-0.403041,-0.55902,-21.4121,58.6558,-68.6648,0.122104,0
1,,107326,Port:10,0,0,0,Enabled,0.609081,0.393285,-0.405896,-0.556413,-24.7611,56.9057,-66.722,0.125002,0
1,,107342,Port:10,0,0,0,Enabled,0.60837,0.396368,-0.408174,-0.553329,-28.039,55.1167,-65.0348,0.128481,0
1,,107358,Port:10,0,0,0,Enabled,0.608023,0.398853,-0.409796,-0.55072,-30.9724,53.2055,-63.2229,0.124436,0
1,,107366,Port:10,0,0,0,Enabled,0.607774,0.400176,-0.410115,-0.549795,-32.3962,52.1313,-62.3215,0.124359,0
1,,107390,Port:10,0,0,0,Enabled,0.605242,0.40561,-0.411088,-0.547877,-36.917,48.5153,-60.3667,0.11227,0
1,,107406,Port:10,0,0,0,Enabled,0.605971,0.411304,-0.41237,-0.54183,-40.214,45.5699,-60.0625,0.103972,0
1,,107414,Port:10,0,0,0,Enabled,0.606933,0.413472,-0.412606,-0.538916,-41.7431,44.125,-59.9679,0.10259,0
1,,107446,Port:10,0,0,0,Enabled,0.608032,0.42197,-0.410589,-0.532594,-47.93,38.5784,-59.6046,0.104016,0
1,,107462,Port:10,0,0,0,Enabled,0.609607,0.424795,-0.408428,-0.530203,-51.1473,35.8656,-59.1396,0.102999,0
1,,107470,Port:10,0,0,0,Enabled,0.609913,0.42534,-0.408139,-0.529637,-52.673,34.7472,-59.0205,0.108778,0
1,,107486,Port:10,0,0,0,Enabled,0.60502,0.428534,-0.407908,-0.532841,-55.782,32.7428,-59.159,0.155356,0
1,,107510,Port:10,0,0,0,Enabled,0.591472,0.437396,-0.406937,-0.541524,-60.5484,29.9369,-60.1085,0.28897,0
1,,107518,Port:10,0,0,0,Enabled,0.586952,0.440455,-0.406973,-0.54393,-62.1547,29.1386,-60.4434,0.343096,0
1,,107534,Port:10,0,0,0,Enabled,0.577968,0.447944,-0.405688,-0.548376,-64.9232,27.4139,-60.5983,0.46091,0
1,,107550,Port:10,0,0,0,Enabled,0.572276,0.454265,-0.405669,-0.54916,-66.9363,25.9276,-59.3331,0.670438,0
1,,107566,Port:10,0,0,0,Enabled,0.567494,0.457723,-0.406142,-0.550898,-69.4053,25.1798,-60.6121,0.666979,0
1,,107582,Port:10,0,0,0,Enabled,0.565752,0.459279,-0.407829,-0.550148,-72.0239,24.4231,-61.9519,0.638712,0
1,,107590,Port:10,0,0,0,Enabled,0.564255,0.461558,-0.406201,-0.550981,-72.9324,23.9182,-61.9173,0.677741,0
1,,107606,Port:10,0,0,0,Enabled,0.564128,0.463669,-0.406756,-0.548927,-74.6658,23.0888,-62.0328,0.723764,0
1,,107630,Port:10,0,0,0,Enabled,0.562603,0.464945,-0.406696,-0.549458,-76.4007,22.5629,-61.3222,0.813389,0
1,,107638,Port:10,0,0,0,Enabled,0.561769,0.465221,-0.406177,-0.550459,-76.6663,22.55,-60.8641,0.853676,0
1,,107654,Port:10,0,0,0,Enabled,0.5595,0.465684,-0.405758,-0.552683,-77.1194,22.4459,-60.1666,0.92131,0
1,,107686,Port:10,0,0,0,Enabled,0.552323,0.470192,-0.399042,-0.560914,-77.2677,21.2774,-58.707,1.17011,0
1,,107702,Port:10,0,0,0,Enabled,0.547349,0.471683,-0.396022,-0.56665,-77.2026,20.8944,-58.0375,1.33239,0
1,,107710,Port:10,0,0,0,Enabled,0.544493,0.472477,-0.394236,-0.569974,-77.101,20.7377,-57.6756,1.43032,0
1,,107726,Port:10,0,0,0,Enabled,0.543266,0.472535,-0.389969,-0.574019,-77.2227,20.1125,-57.4324,1.61978,0
1,,107750,Port:10,0,0,0,Missing,,,,,,,,,0
1,,107758,Port:10,0,0,0,Missing,,,,,,,,,0
1,,107774,Port:10,0,0,0,Missing,,,,,,,,,0
1,,107790,Port:10,0,0,0,Enabled,0.578358,0.44628,-0.45532,-0.50894,-102.803,17.3496,-77.7876,0.0479505,0
1,,107806,Port:10,0,0,0,Enabled,0.57602,0.446581,-0.456298,-0.510449,-104.471,16.5161,-80.4161,0.0482027,0
1,,107822,Port:10,0,0,0,Enabled,0.574323,0.447128,-0.4565,-0.511701,-105.794,15.4037,-83.0965,0.0486061,0
1,,107838,Port:10,0,0,0,Enabled,0.573365,0.447761,-0.456683,-0.512059,-106.821,14.0221,-85.9069,0.0506417,0
1,,107846,Port:10,0,0,0,Enabled,0.572473,0.448753,-0.4566,-0.512262,-107.195,13.3087,-87.3545,0.0505113,0
1,,107870,Port:10,0,0,0,Enabled,0.570542,0.449061,-0.456449,-0.514277,-107.881,11.7268,-91.074,0.0549976,0
1,,107886,Port:10,0,0,0,Enabled,0.56957,0.449016,-0.45591,-0.515868,-107.988,10.7756,-93.244,0.0581023,0
1,,107894,Port:10,0,0,0,Enabled,0.569136,0.448207,-0.455789,-0.517156,-107.945,10.4213,-94.2587,0.0592628,0
1,,107926,Port:10,0,0,0,Enabled,0.567581,0.44727,-0.454025,-0.521214,-107.549,8.85881,-98.5352,0.0686632,0
1,,107942,Port:10,0,0,0,Enabled,0.567326,0.447111,-0.453645,-0.521957,-107.116,8.25324,-100.995,0.076037,0
1,,107950,Port:10,0,0,0,Enabled,0.567103,0.446747,-0.453491,-0.522645,-106.891,8.04232,-102.233,0.0767177,0
1,,107966,Port:10,0,0,0,Enabled,0.565884,0.447157,-0.452039,-0.524869,-106.288,7.59965,-104.668,0.079024,0
1,,107990,Port:10,0,0,0,Enabled,0.566114,0.446459,-0.451392,-0.525771,-105.529,6.84256,-108.134,0.0884051,0
1,,107998,Port:10,0,0,0,Enabled,0.565855,0.44638,-0.451099,-0.526369,-105.257,6.72356,-109.203,0.0915145,0
1,,108014,Port:10,0,0,0,Enabled,0.565639,0.445429,-0.450975,-0.52751,-104.83,6.49475,-111.404,0.0973171,0
1,,108030,Port:10,0,0,0,Enabled,0.565889,0.444824,-0.450972,-0.527755,-104.117,6.31452,-113.47,0.106575,0
1,,108046,Port:10,0,0,0,Enabled,0.565107,0.443936,-0.449673,-0.530444,-103.025,6.06536,-115.124,0.111701,0
1,,108062,Port:10,0,0,0,Enabled,0.565013,0.442422,-0.448697,-0.53263,-101.53,5.81404,-116.523,0.119857,0
1,,108070,Port:10,0,0,0,Enabled,0.564619,0.44214,-0.447613,-0.53419,-100.689,5.47313,-117.115,0.128354,0
1,,108086,Port:10,0,0,0,Enabled,0.564372,0.441811,-0.444807,-0.537061,-98.9407,4.46075,-118.301,0.134613,0
1,,108110,Port:10,0,0,0,Enabled,0.563821,0.442384,-0.440206,-0.540945,-96.1708,2.71252,-120.086,0.148232,0
1,,108126,Port:10,0,0,0,Enabled,0.563872,0.442794,-0.437188,-0.543,-94.002,1.67506,-121.065,0.16166,0
1,,108134,Port:10,0,0,0,Enabled,0.564284,0.442245,-0.435612,-0.544284,-92.9783,1.27841,-121.58,0.163383,0
1,,108166,Port:10,0,0,0,Enabled,0.563848,0.440941,-0.428851,-0.55112,-88.3158,0.466987,-122.979,0.153036,0
1,,108182,Port:10,0,0,0,Enabled,0.563884,0.440869,-0.426108,-0.553265,-86.3006,-0.0381276,-124.083,0.144068,0
1,,108198,Port:10,0,0,0,Enabled,0.564211,0.440026,-0.423025,-0.555962,-84.5685,-0.568547,-125.37,0.133756,0
1,,108214,Port:10,0,0,0,Enabled,0.564398,0.440595,-0.420509,-0.557229,-83.3018,-1.2531,-127.133,0.12015,0
1,,108230,Port:10,0,0,0,Enabled,0.564341,0.440326,-0.419589,-0.558191,-82.4735,-1.48662,-129.152,0.120504,0
1,,108246,Port:10,0,0,0,Enabled,0.563676,0.438828,-0.418303,-0.561001,-81.5072,-1.33025,-130.788,0.107992,0
1,,108254,Port:10,0,0,0,Enabled,0.563341,0.438135,-0.417573,-0.562421,-81.0454,-1.22118,-131.57,0.103469,0
1,,108270,Port:10,0,0,0,Enabled,0.56406,0.436791,-0.416504,-0.563537,-80.0227,-1.39175,-133.476,0.0921463,0
1,,108286,Port:10,0,0,0,Enabled,0.564038,0.436338,-0.414409,-0.565452,-78.7669,-1.58905,-134.792,0.0889028,0
1,,108302,Port:10,0,0,0,Enabled,0.564724,0.435276,-0.412257,-0.567155,-77.2188,-1.92014,-136.107,0.0842936,0
1,,108318,Port:10,0,0,0,Enabled,0.56475,0.433867,-0.409857,-0.569942,-75.558,-1.91073,-137.195,0.0770687,0
1,,108334,Port:10,0,0,0,Enabled,0.565364,0.432961,-0.407789,-0.571503,-73.9485,-2.22932,-138.475,0.0773189,0
1,,108350,Port:10,0,0,0,Enabled,0.565997,0.432811,-0.405834,-0.572382,-72.3711,-2.56862,-139.796,0.0761637,0
1,,108366,Port:10,0,0,0,Enabled,0.566638,0.432125,-0.403875,-0.57365,-70.6071,-3.01248,-141.16,0.0723091,0
1,,108374,Port:10,0,0,0,Enabled,0.56651,0.431663,-0.402854,-0.574841,-69.7172,-3.1218,-141.745,0.0755736,0
1,,108406,Port:10,0,0,0,Enabled,0.567589,0.431776,-0.398624,-0.576638,-65.9576,-4.21117,-144.804,0.0808506,0
1,,108422,Port:10,0,0,0,Enabled,0.568298,0.430625,-0.396335,-0.578376,-63.7495,-4.55186,-146.415,0.0851021,0
1,,108438,Port:10,0,0,0,Enabled,0.568195,0.429819,-0.393474,-0.581024,-61.4172,-4.86908,-147.962,0.0855641,0
1,,108454,Port:10,0,0,0,Enabled,0.568102,0.429836,-0.391159,-0.582663,-59.2407,-5.28323,-150.268,0.0895097,0
1,,108470,Port:10,0,0,0,Enabled,0.568737,0.429808,-0.388545,-0.583812,-56.9773,-5.37819,-152.723,0.0952289,0
1,,108486,Port:10,0,0,0,Enabled,0.56879,0.428351,-0.386564,-0.586141,-54.5134,-4.86105,-155.537,0.100567,0
1,,108494,Port:10,0,0,0,Enabled,0.568677,0.427612,-0.385544,-0.587461,-53.2539,-4.51673,-156.844,0.0989787,0
1,,108510,Port:10,0,0,0,Enabled,0.569513,0.426241,-0.384233,-0.588506,-51.0939,-3.39335,-159.795,0.108687,0
1,,108526,Port:10,0,0,0,Enabled,0.568911,0.424395,-0.383794,-0.590704,-48.867,-2.21982,-162.586,0.111464,0
1,,108542,Port:10,0,0,0,Enabled,0.56882,0.423789,-0.381255,-0.592868,-46.6929,-1.46517,-165.331,0.117315,0
1,,108558,Port:10,0,0,0,Enabled,0.569445,0.4219,-0.380099,-0.594356,-44.171,-0.942638,-168.2,0.121565,0
1,,108574,Port:10,0,0,0,Enabled,0.570038,0.421134,-0.376928,-0.596346,-41.6383,-0.56131,-171.134,0.125365,0
1,,108590,Port:10,0,0,0,Enabled,0.570551,0.419997,-0.375105,-0.597805,-38.5262,-0.218045,-174.175,0.12776,0
1,,108606,Port:10,0,0,0,Enabled,0.571334,0.419297,-0.371787,-0.599618,-35.343,0.0606185,-176.956,0.132523,0
1,,108614,Port:10,0,0,0,Enabled,0.572124,0.419202,-0.370702,-0.599604,-33.7122,0.0584958,-178.419,0.129981,0
1,,108646,Port:10,0,0,0,Enabled,0.574353,0.417755,-0.365702,-0.60155,-26.9096,0.757765,-183.315,0.132378,0
1,,108662,Port:10,0,0,0,Enabled,0.576448,0.416172,-0.364297,-0.601496,-23.0526,1.81452,-185.362,0.129125,0
1,,108678,Port:10,0,0,0,Enabled,0.576467,0.414187,-0.360775,-0.60496,-18.6893,3.11184,-187.191,0.144575,0
1,,108694,Port:10,0,0,0,Enabled,0.578179,0.412216,-0.358718,-0.605895,-14.1552,4.13331,-188.957,0.142545,0
1,,108710,Port:10,0,0,0,Enabled,0.580491,0.411172,-0.357484,-0.605122,-9.61003,4.5715,-191.023,0.141025,0
1,,108726,Port:10,0,0,0,Enabled,0.583125,0.409302,-0.355365,-0.605105,-4.84048,4.87978,-192.411,0.139234,0
1,,108734,Port:10,0,0,0,Enabled,0.584162,0.408218,-0.354321,-0.605449,-2.58391,5.00726,-193.026,0.137007,0
1,,108750,Port:10,0,0,0,Enabled,0.586889,0.405482,-0.353448,-0.605161,1.80412,4.73278,-193.631,0.132925,0
1,,108766,Port:10,0,0,0,Enabled,0.589115,0.404033,-0.35105,-0.605363,5.80616,4.94186,-193.897,0.132302,0
1,,108782,Port:10,0,0,0,Enabled,0.592271,0.400209,-0.351943,-0.604305,9.64832,5.20872,-193.54,0.125151,0
1,,108798,Port:10,0,0,0,Enabled,0.595528,0.395802,-0.351457,-0.604288,14.1349,6.00949,-192.363,0.118757,0
1,,108814,Port:10,0,0,0,Enabled,0.598383,0.391404,-0.351754,-0.604162,18.2708,6.56486,-190.846,0.116599,0
1,,108830,Port:10,0,0,0,Enabled,0.602415,0.38843,-0.350955,-0.602536,22.3457,7.49083,-189.206,0.123996,0
1,,108846,Port:10,0,0,0,Enabled,0.605543,0.382525,-0.351973,-0.602584,26.3784,8.72414,-186.67,0.117016,0
1,,108854,Port:10,0,0,0,Enabled,0.607126,0.381225,-0.351259,-0.602232,28.1265,9.55623,-185.44,0.122355,0
1,,108886,Port:10,0,0,0,Enabled,0.611909,0.373642,-0.352535,-0.601397,33.6017,14.2591,-179.603,0.133164,0
1,,108902,Port:10,0,0,0,Enabled,0.615535,0.370073,-0.354019,-0.599028,35.5334,16.5955,-176.448,0.127537,0
1,,108918,Port:10,0,0,0,Enabled,0.617147,0.36839,-0.354656,-0.598027,36.7551,18.9231,-173.252,0.134427,0
1,,108934,Port:10,0,0,0,Enabled,0.619847,0.367358,-0.355386,-0.595431,37.9192,21.2237,-169.854,0.137313,0
1,,108950,Port:10,0,0,0,Enabled,0.623246,0.364125,-0.35637,-0.593278,38.9635,23.8089,-165.778,0.141822,0
1,,108966,Port:10,0,0,0,Enabled,0.625985,0.359967,-0.357988,-0.591956,39.8392,26.9842,-161.302,0.147678,0
1,,108974,Port:10,0,0,0,Enabled,0.627867,0.357967,-0.359192,-0.590443,39.8888,28.6615,-159.129,0.152726,0
1,,108990,Port:10,0,0,0,Enabled,0.631944,0.353411,-0.361429,-0.587466,39.873,31.7354,-154.539,0.168136,0
1,,109006,Port:10,0,0,0,Enabled,0.635018,0.351676,-0.36369,-0.583786,39.0609,34.481,-150.457,0.182638,0
1,,109022,Port:10,0,0,0,Enabled,0.639463,0.349429,-0.366301,-0.578628,37.943,36.6283,-146.476,0.212082,0
1,,109038,Port:10,0,0,0,Enabled,0.64279,0.349463,-0.368756,-0.573336,36.2398,38.6524,-142.858,0.245476,0
1,,109054,Port:10,0,0,0,Enabled,0.646749,0.34838,-0.371864,-0.567507,34.2853,40.841,-139.311,0.286358,0
1,,109070,Port:10,0,0,0,Enabled,0.650179,0.345439,-0.375653,-0.562872,32.2171,42.9587,-135.645,0.33455,0
1,,109086,Port:10,0,0,0,Enabled,0.651446,0.34623,-0.377947,-0.559374,30.018,44.436,-132.078,0.352037,0
1,,109094,Port:10,0,0,0,Enabled,0.651165,0.347372,-0.378582,-0.558562,29.0136,44.9961,-130.198,0.35936,0
1,,109126,Port:10,0,0,0,Enabled,0.647092,0.353595,-0.379557,-0.55873,25.1163,46.7832,-122.346,0.342374,0
1,,109142,Port:10,0,0,0,Enabled,0.638842,0.363014,-0.376485,-0.564234,22.9694,47.4976,-118.34,0.272216,0
1,,109158,Port:10,0,0,0,Enabled,0.629362,0.373472,-0.373102,-0.570278,20.621,47.933,-114.517,0.189572,0
1,,109174,Port:10,0,0,0,Enabled,0.623254,0.380211,-0.371553,-0.573536,18.2853,47.8499,-110.672,0.147938,0
1,,109190,Port:10,0,0,0,Enabled,0.619821,0.383375,-0.372416,-0.574589,15.8836,47.3081,-107.161,0.133466,0
1,,109206,Port:10,0,0,0,Enabled,0.620632,0.382997,-0.375233,-0.572127,13.3319,45.7988,-103.607,0.118991,0
1,,109214,Port:10,0,0,0,Enabled,0.620686,0.382459,-0.376993,-0.571272,11.9694,44.9816,-101.915,0.113894,0
1,,109230,Port:10,0,0,0,Enabled,0.621901,0.38127,-0.380115,-0.568671,9.27328,42.9661,-98.5806,0.105952,0
1,,109246,Port:10,0,0,0,Enabled,0.622001,0.380634,-0.383306,-0.566842,6.74021,40.8217,-95.4982,0.100549,0
1,,109262,Port:10,0,0,0,Enabled,0.623199,0.380586,-0.385261,-0.564227,4.40893,37.9892,-92.5921,0.104393,0
1,,109278,Port:10,0,0,0,Enabled,0.623613,0.382149,-0.387635,-0.561077,1.65182,34.7178,-89.8613,0.0982046,0
1,,109294,Port:10,0,0,0,Enabled,0.624388,0.384891,-0.390155,-0.556577,-1.6578,31.3147,-87.3864,0.0945347,0
1,,109310,Port:10,0,0,0,Enabled,0.625417,0.386977,-0.392489,-0.552318,-5.153,28.4259,-84.8122,0.0859568,0
1,,109326,Port:10,0,0,0,Enabled,0.623393,0.387927,-0.394186,-0.552731,-8.21458,26.3606,-82.1535,0.0764162,0
1,,109334,Port:10,0,0,0,Enabled,0.623935,0.388505,-0.39422,-0.551688,-9.72598,25.2307,-80.8953,0.0732657,0
1,,109366,Port:10,0,0,0,Enabled,0.622114,0.389775,-0.396955,-0.550887,-15.3449,22.4197,-77.0616,0.0671665,0
1,,109382,Port:10,0,0,0,Enabled,0.621246,0.390874,-0.398158,-0.550219,-18.1554,20.8875,-75.474,0.0568715,0
1,,109398,Port:10,0,0,0,Enabled,0.620616,0.392546,-0.398964,-0.549155,-21.2211,18.8159,-73.9691,0.0580375,0
1,,109414,Port:10,0,0,0,Enabled,0.621967,0.394727,-0.398096,-0.546688,-24.5936,16.2048,-72.1769,0.0513013,0
1,,109430,Port:10,0,0,0,Enabled,0.621505,0.397011,-0.398887,-0.54498,-28.3708,13.9029,-70.593,0.050995,0
1,,109446,Port:10,0,0,0,Enabled,0.62121,0.399826,-0.39802,-0.543892,-32.4402,11.6531,-68.9488,0.0530351,0
1,,109454,Port:10,0,0,0,Enabled,0.619807,0.400874,-0.398777,-0.544166,-34.4621,10.8367,-68.2694,0.0528061,0
1,,109470,Port:10,0,0,0,Enabled,0.616419,0.402435,-0.398613,-0.546975,-38.2828,9.43891,-66.8067,0.0549675,0
1,,109486,Port:10,0,0,0,Enabled,0.610054,0.405291,-0.398211,-0.55227,-41.8413,8.26811,-65.8617,0.08173,0
1,,109502,Port:10,0,0,0,Enabled,0.603189,0.408554,-0.398386,-0.557257,-45.0782,7.19581,-65.2899,0.12565,0
1,,109518,Port:10,0,0,0,Enabled,0.595368,0.41141,-0.396112,-0.565132,-47.681,6.12484,-64.2439,0.17404,0
1,,109534,Port:10,0,0,0,Enabled,0.588281,0.412594,-0.394788,-0.572568,-49.9476,5.3164,-63.1158,0.212388,0
1,,109550,Port:10,0,0,0,Enabled,0.582222,0.413643,-0.395022,-0.577819,-52.1968,4.50163,-62.5044,0.243471,0
1,,109566,Port:10,0,0,0,Enabled,0.578832,0.415503,-0.394978,-0.579917,-54.6418,3.1738,-62.3518,0.258321,0
1,,109590,Port:10,0,0,0,Enabled,0.574842,0.41877,-0.39681,-0.580285,-58.7529,1.27532,-62.8705,0.274448,0
1,,109606,Port:10,0,0,0,Enabled,0.572758,0.420943,-0.398544,-0.579584,-61.6165,0.121501,-63.3967,0.289667,0
1,,109622,Port:10,0,0,0,Enabled,0.571591,0.42182,-0.399631,-0.579351,-64.4369,-0.651686,-63.7243,0.301773,0
1,,109638,Port:10,0,0,0,Enabled,0.568973,0.423,-0.400811,-0.580251,-67.3277,-1.04334,-64.0318,0.327059,0
1,,109654,Port:10,0,0,0,Enabled,0.566679,0.423659,-0.402171,-0.581073,-70.2054,-1.21692,-64.3483,0.364758,0
1,,109670,Port:10,0,0,0,Enabled,0.565847,0.424515,-0.402533,-0.581009,-73.0898,-1.71012,-64.3477,0.407859,0
1,,109686,Port:10,0,0,0,Enabled,0.566792,0.423933,-0.405143,-0.578694,-75.6629,-1.89972,-64.3814,0.449755,0
1,,109694,Port:10,0,0,0,Enabled,0.567522,0.422717,-0.406355,-0.578018,-76.7405,-1.94166,-64.3898,0.444329,0
1,,109710,Port:10,0,0,0,Enabled,0.57317,0.418819,-0.412238,-0.571075,-78.7535,-2.1725,-65.1138,0.358177,0
1,,109726,Port:10,0,0,0,Enabled,0.579438,0.415268,-0.419981,-0.561623,-80.7086,-2.43193,-66.9856,0.197343,0
1,,109742,Port:10,0,0,0,Enabled,0.588951,0.408808,-0.429692,-0.548979,-82.2928,-2.64658,-69.3671,0.185213,0
1,,109758,Port:10,0,0,0,Enabled,0.599146,0.401483,-0.437937,-0.536701,-82.7419,-2.74552,-70.7868,0.463043,0
1,,109774,Port:10,0,0,0,Enabled,0.609052,0.395222,-0.443119,-0.525834,-82.0863,-3.0831,-70.7859,0.67614,0
1,,109790,Port:10,0,0,0,Enabled,0.618648,0.38733,-0.451401,-0.513311,-81.1951,-2.87041,-70.8634,0.899918,0
1,,109806,Port:10,0,0,0,Enabled,0.625952,0.377215,-0.461693,-0.502725,-80.049,-2.06482,-70.8228,1.14459,0
1,,109830,Port:10,0,0,0,Enabled,0.639832,0.360246,-0.476985,-0.483036,-78.4068,-1.76098,-70.3578,1.59146,0
1,,109846,Port:10,0,0,0,Missing,,,,,,,,,0
1,,109862,Port:10,0,0,0,Enabled,0.572633,0.415908,-0.46763,-0.529561,-93.755,-4.92038,-92.4776,0.0907766,0
1,,109878,Port:10,0,0,0,Enabled,0.570167,0.413432,-0.473656,-0.528804,-95.8553,-6.1473,-95.8001,0.0901148,0
1,,109894,Port:10,0,0,0,Enabled,0.566754,0.412916,-0.479114,-0.527959,-98.498,-8.48845,-99.0003,0.089744,0
1,,109910,Port:10,0,0,0,Enabled,0.566766,0.413806,-0.482163,-0.524462,-101.693,-11.6611,-102.053,0.0910105,0
1,,109926,Port:10,0,0,0,Enabled,0.565088,0.413206,-0.485397,-0.523762,-104.869,-13.9168,-104.697,0.0935994,0
1,,109934,Port:10,0,0,0,Enabled,0.563769,0.412531,-0.486251,-0.524923,-106.479,-14.722,-105.885,0.0964415,0
1,,109950,Port:10,0,0,0,Enabled,0.560736,0.411733,-0.488482,-0.526723,-109.862,-16.0561,-108.773,0.0972396,0
1,,109966,Port:10,0,0,0,Enabled,0.558054,0.413019,-0.490386,-0.526795,-112.79,-16.9657,-112.33,0.101587,0
1,,109982,Port:10,0,0,0,Enabled,0.556536,0.41444,-0.490559,-0.527123,-115.471,-17.5978,-115.884,0.104166,0
1,,109998,Port:10,0,0,0,Enabled,0.555079,0.415533,-0.490736,-0.527635,-117.373,-17.2558,-119.091,0.103993,0
1,,110014,Port:10,0,0,0,Enabled,0.554285,0.414816,-0.490155,-0.52957,-119.057,-16.399,-121.972,0.107867,0
1,,110030,Port:10,0,0,0,Enabled,0.553775,0.415353,-0.490592,-0.529277,-120.172,-15.3554,-125.052,0.105084,0
1,,110046,Port:10,0,0,0,Enabled,0.553076,0.415213,-0.49054,-0.530167,-121.252,-14.5388,-128.13,0.106473,0
1,,110070,Port:10,0,0,0,Enabled,0.553716,0.416752,-0.490231,-0.528574,-122.265,-14.0961,-132.798,0.115982,0
1,,110086,Port:10,0,0,0,Enabled,0.552022,0.416992,-0.489645,-0.530695,-121.988,-13.7228,-135.628,0.125007,0
1,,110102,Port:10,0,0,0,Enabled,0.552056,0.418012,-0.487383,-0.531938,-121.443,-14.2629,-138.675,0.134529,0
1,,110118,Port:10,0,0,0,Enabled,0.552046,0.41825,-0.486369,-0.532689,-120.377,-15.2141,-141.79,0.141578,0
1,,110134,Port:10,0,0,0,Enabled,0.550457,0.420182,-0.482923,-0.535938,-119.307,-16.8727,-144.762,0.152406,0
1,,110150,Port:10,0,0,0,Enabled,0.550249,0.421523,-0.48039,-0.537374,-118.118,-18.7216,-147.721,0.159102,0
1,,110166,Port:10,0,0,0,Enabled,0.547724,0.421728,-0.477613,-0.542246,-117.162,-20.2114,-150.542,0.17726,0
1,,110174,Port:10,0,0,0,Enabled,0.546866,0.422554,-0.476302,-0.543619,-116.728,-21.2745,-152.145,0.179092,0
1,,110190,Port:10,0,0,0,Enabled,0.546682,0.424846,-0.473652,-0.544333,-115.648,-23.4019,-155.171,0.186989,0
1,,110206,Port:10,0,0,0,Enabled,0.544198,0.426111,-0.470132,-0.548866,-114.435,-25.441,-158.149,0.193789,0
1,,110222,Port:10,0,0,0,Enabled,0.542919,0.427956,-0.466183,-0.552055,-112.828,-27.398,-160.83,0.194434,0
1,,110238,Port:10,0,0,0,Enabled,0.542886,0.430455,-0.462451,-0.553283,-111.773,-29.8538,-163.973,0.191494,0
1,,110254,Port:10,0,0,0,Enabled,0.541368,0.431055,-0.458944,-0.557209,-110.045,-31.1311,-166.11,0.189112,0
1,,110270,Port:10,0,0,0,Enabled,0.541889,0.430191,-0.456071,-0.559725,-108.755,-32.8515,-168.672,0.168161,0
1,,110286,Port:10,0,0,0,Enabled,0.540941,0.432044,-0.452672,-0.561969,-107.272,-34.2413,-171.065,0.166463,0
1,,110310,Port:10,0,0,0,Enabled,0.540414,0.434026,-0.448523,-0.56427,-105.611,-36.3152,-175.319,0.15949,0
1,,110326,Port:10,0,0,0,Enabled,0.541703,0.434028,-0.446226,-0.564854,-104.486,-37.0942,-178.103,0.156508,0
1,,110342,Port:10,0,0,0,Enabled,0.54116,0.433879,-0.443497,-0.567631,-102.586,-37.1294,-180.126,0.150049,0
1,,110358,Port:10,0,0,0,Enabled,0.543914,0.430917,-0.440665,-0.569458,-100.503,-36.8797,-182.005,0.128368,0
1,,110374,Port:10,0,0,0,Enabled,0.544203,0.429591,-0.438699,-0.571698,-97.9976,-36.2884,-183.87,0.125809,0
1,,110390,Port:10,0,0,0,Enabled,0.546627,0.428229,-0.43674,-0.571906,-95.865,-36.0848,-185.643,0.132451,0
1,,110406,Port:10,0,0,0,Enabled,0.546982,0.428118,-0.434037,-0.573706,-93.126,-36.026,-187.524,0.123842,0
1,,110414,Port:10,0,0,0,Enabled,0.547973,0.428691,-0.431964,-0.573897,-91.8778,-36.2214,-188.543,0.120741,0
1,,110430,Port:10,0,0,0,Enabled,0.550829,0.428609,-0.429176,-0.573315,-89.238,-36.5456,-190.533,0.122593,0
1,,110446,Port:10,0,0,0,Enabled,0.551849,0.427115,-0.425738,-0.576006,-86.2908,-36.1059,-192.512,0.118481,0
1,,110462,Port:10,0,0,0,Enabled,0.554096,0.425916,-0.423514,-0.576376,-83.5435,-36.087,-194.86,0.113612,0
1,,110478,Port:10,0,0,0,Enabled,0.555537,0.425651,-0.419883,-0.57784,-80.4903,-36.2228,-197.284,0.117431,0
1,,110494,Port:10,0,0,0,Enabled,0.557701,0.424904,-0.416609,-0.578674,-76.9655,-36.5793,-199.579,0.124463,0
1,,110510,Port:10,0,0,0,Enabled,0.560343,0.42418,-0.412813,-0.579373,-73.1297,-37.0678,-201.598,0.120844,0
1,,110526,Port:10,0,0,0,Enabled,0.561467,0.42537,-0.410054,-0.579372,-69.7622,-37.7559,-203.535,0.123298,0
1,,110550,Port:10,0,0,0,Enabled,0.565035,0.427047,-0.405534,-0.577849,-64.4093,-38.5188,-205.684,0.127931,0
1,,110566,Port:10,0,0,0,Enabled,0.567158,0.426692,-0.402499,-0.578152,-59.8864,-38.3886,-206.315,0.142217,0
1,,110582,Port:10,0,0,0,Enabled,0.569953,0.424829,-0.399618,-0.578774,-55.6062,-38.0064,-206.527,0.137934,0
1,,110598,Port:10,0,0,0,Enabled,0.571588,0.425139,-0.39724,-0.578572,-51.2842,-37.8671,-206.936,0.135376,0
1,,110614,Port:10,0,0,0,Enabled,0.575227,0.424901,-0.395158,-0.576561,-47.358,-37.7873,-207.309,0.138106,0
1,,110630,Port:10,0,0,0,Enabled,0.576828,0.423621,-0.393185,-0.577253,-42.7636,-37.1746,-207.422,0.136949,0
1,,110646,Port:10,0,0,0,Enabled,0.580626,0.422377,-0.390146,-0.576419,-38.1047,-36.8876,-207.323,0.140966,0
1,,110654,Port:10,0,0,0,Enabled,0.581384,0.421949,-0.389122,-0.576658,-35.8355,-36.653,-207.192,0.137583,0
1,,110670,Port:10,0,0,0,Enabled,0.585073,0.420842,-0.38683,-0.575276,-31.1304,-36.3464,-207.215,0.121474,0
1,,110686,Port:10,0,0,0,Enabled,0.586478,0.419468,-0.384519,-0.576399,-27.0061,-35.6487,-206.716,0.120113,0
1,,110702,Port:10,0,0,0,Enabled,0.58874,0.418088,-0.381692,-0.576975,-23.1156,-35.3223,-205.811,0.121936,0
1,,110718,Port:10,0,0,0,Enabled,0.589716,0.416167,-0.380269,-0.578304,-19.7711,-34.6297,-204.794,0.119118,0
1,,110734,Port:10,0,0,0,Enabled,0.59232,0.414894,-0.38081,-0.576198,-17.0929,-34.5519,-203.915,0.11496,0
1,,110750,Port:10,0,0,0,Enabled,0.593698,0.413971,-0.379059,-0.576598,-14.706,-34.1907,-202.807,0.114826,0
1,,110766,Port:10,0,0,0,Enabled,0.595307,0.412209,-0.380118,-0.575503,-12.7615,-33.9902,-201.644,0.110659,0
1,,110790,Port:10,0,0,0,Enabled,0.597894,0.409642,-0.378446,-0.575756,-9.07834,-33.4044,-199.497,0.106244,0
1,,110806,Port:10,0,0,0,Missing,,,,,,,,,0
1,,110822,Port:10,0,0,0,Enabled,0.602374,0.405951,-0.377197,-0.574519,-4.14024,-32.5111,-196.506,0.101044,0
1,,110838,Port:10,0,0,0,Enabled,0.604179,0.403639,-0.377563,-0.574012,-2.16865,-32.0177,-194.71,0.0911326,0
1,,110854,Port:10,0,0,0,Enabled,0.606252,0.403039,-0.376484,-0.572956,-0.580158,-31.259,-193.123,0.0974173,0
1,,110870,Port:10,0,0,0,Enabled,0.607013,0.400416,-0.376875,-0.573731,0.937971,-30.2655,-190.876,0.090681,0
1,,110886,Port:10,0,0,0,Enabled,0.608926,0.398957,-0.376771,-0.572789,2.26247,-29.145,-188.956,0.092098,0
1,,110894,Port:10,0,0,0,Enabled,0.610399,0.397395,-0.377073,-0.572108,3.0192,-28.6349,-187.707,0.088136,0
1,,110910,Port:10,0,0,0,Enabled,0.610727,0.394792,-0.377113,-0.573531,4.00648,-26.973,-185.564,0.0930506,0
1,,110926,Port:10,0,0,0,Enabled,0.613346,0.392559,-0.377546,-0.571983,5.0037,-26.0207,-183.519,0.0915433,0
1,,110942,Port:10,0,0,0,Enabled,0.613005,0.391717,-0.377719,-0.572811,5.76554,-24.6691,-181.942,0.0943776,0
1,,110958,Port:10,0,0,0,Enabled,0.61483,0.38962,-0.378685,-0.571645,6.36091,-24.1731,-180.296,0.0918276,0
1,,110974,Port:10,0,0,0,Enabled,0.61498,0.38895,-0.37755,-0.57269,6.98377,-23.4769,-178.937,0.0944852,0
1,,110990,Port:10,0,0,0,Enabled,0.615859,0.387078,-0.378767,-0.57221,7.52053,-23.3598,-177.606,0.090102,0
1,,111006,Port:10,0,0,0,Enabled,0.616423,0.386999,-0.376868,-0.572911,8.09108,-23.0842,-176.313,0.0917101,0
1,,111030,Port:10,0,0,0,Enabled,0.617318,0.3852,-0.377173,-0.572958,8.51223,-22.844,-174.157,0.0902137,0
1,,111046,Port:10,0,0,0,Enabled,0.618384,0.384668,-0.376951,-0.572312,8.56996,-22.2191,-172.692,0.088956,0
1,,111062,Port:10,0,0,0,Enabled,0.618322,0.383159,-0.377409,-0.573089,8.49612,-21.012,-170.91,0.0932929,0
1,,111078,Port:10,0,0,0,Enabled,0.61863,0.382344,-0.377629,-0.573156,8.27482,-19.646,-169.257,0.0970767,0
1,,111094,Port:10,0,0,0,Enabled,0.619182,0.381726,-0.378642,-0.572302,8.21219,-18.201,-167.486,0.0978524,0
1,,111110,Port:10,0,0,0,Enabled,0.620165,0.380604,-0.378567,-0.572035,8.43375,-16.9163,-165.48,0.0989197,0
1,,111126,Port:10,0,0,0,Enabled,0.621178,0.379801,-0.379246,-0.571019,8.47095,-15.5954,-163.517,0.101774,0
1,,111134,Port:10,0,0,0,Enabled,0.621094,0.379625,-0.378757,-0.571552,8.56981,-14.7512,-162.569,0.109314,0
1,,111150,Port:10,0,0,0,Enabled,0.622035,0.378148,-0.380218,-0.570537,8.49082,-13.3563,-160.686,0.105164,0
1,,111166,Port:10,0,0,0,Enabled,0.622734,0.377416,-0.379776,-0.570552,8.67589,-11.5561,-158.907,0.114615,0
1,,111182,Port:10,0,0,0,Enabled,0.623143,0.374955,-0.381417,-0.570634,8.79508,-10.1836,-157.102,0.110028,0
1,,111198,Port:10,0,0,0,Enabled,0.624397,0.374569,-0.380921,-0.569847,9.00061,-8.81668,-155.592,0.118789,0
1,,111214,Port:10,0,0,0,Enabled,0.624265,0.372603,-0.38168,-0.570773,9.18468,-7.89991,-153.957,0.116452,0
1,,111230,Port:10,0,0,0,Enabled,0.6256,0.37275,-0.381046,-0.569638,9.29624,-7.14214,-152.516,0.120131,0
1,,111246,Port:10,0,0,0,Enabled,0.626031,0.371044,-0.381615,-0.569897,9.62427,-6.4488,-150.753,0.116868,0
1,,111270,Port:10,0,0,0,Enabled,0.627358,0.371,-0.381597,-0.568477,9.62472,-5.30145,-148.366,0.125211,0
1,,111286,Port:10,0,0,0,Enabled,0.6279,0.371605,-0.381432,-0.567593,9.35496,-4.558,-146.5,0.126454,0
1,,111302,Port:10,0,0,0,Enabled,0.628359,0.371074,-0.38228,-0.56686,8.92976,-3.40239,-144.386,0.125727,0
1,,111318,Port:10,0,0,0,Enabled,0.628814,0.37017,-0.382921,-0.566515,8.43704,-2.03266,-142.141,0.13411,0
1,,111334,Port:10,0,0,0,Enabled,0.629093,0.369638,-0.383916,-0.565878,7.53141,-0.883463,-140.062,0.128703,0
1,,111350,Port:10,0,0,0,Enabled,0.629131,0.369627,-0.385496,-0.564769,6.48696,0.526897,-138.284,0.129557,0
1,,111366,Port:10,0,0,0,Enabled,0.629466,0.369087,-0.386711,-0.563917,5.57947,1.78522,-136.451,0.1248,0
1,,111374,Port:10,0,0,0,Enabled,0.629352,0.368899,-0.387697,-0.563489,5.19213,2.49177,-135.618,0.123244,0
1,,111390,Port:10,0,0,0,Enabled,0.630316,0.368207,-0.388587,-0.56225,4.67458,3.95276,-133.815,0.124852,0
1,,111406,Port:10,0,0,0,Enabled,0.630386,0.366104,-0.390319,-0.562345,4.27605,5.61403,-131.925,0.116239,0
1,,111422,Port:10,0,0,0,Enabled,0.630362,0.364794,-0.391337,-0.562515,3.63205,7.34051,-130.378,0.124095,0
1,,111438,Port:10,0,0,0,Enabled,0.630859,0.364327,-0.393022,-0.561085,2.66014,8.53851,-129.113,0.112491,0
1,,111454,Port:10,0,0,0,Enabled,0.630434,0.36323,-0.394602,-0.561165,1.88998,10.1872,-127.857,0.113856,0
1,,111470,Port:10,0,0,0,Enabled,0.63094,0.361605,-0.395657,-0.560903,1.36647,11.7256,-126.388,0.111969,0
1,,111486,Port:10,0,0,0,Enabled,0.631309,0.360179,-0.397321,-0.560229,0.917026,13.3032,-125.096,0.10701,0
1,,111510,Port:10,0,0,0,Enabled,0.631299,0.359248,-0.399192,-0.559508,0.0594529,15.5638,-123.514,0.104867,0
1,,111526,Port:10,0,0,0,Enabled,0.631911,0.35786,-0.400416,-0.558831,-0.500737,16.9652,-122.454,0.106187,0
1,,111542,Port:10,0,0,0,Enabled,0.631904,0.357593,-0.401688,-0.558096,-1.10599,18.6319,-121.576,0.104475,0
1,,111558,Port:10,0,0,0,Enabled,0.631957,0.355384,-0.40289,-0.558581,-1.43364,20.6442,-120.486,0.106795,0
1,,111574,Port:10,0,0,0,Enabled,0.631105,0.35348,-0.404497,-0.559591,-1.91555,22.8891,-119.537,0.102678,0
1,,111590,Port:10,0,0,0,Enabled,0.631392,0.352247,-0.406398,-0.558666,-2.7669,24.4918,-118.967,0.104908,0
1,,111606,Port:10,0,0,0,Enabled,0.631841,0.352505,-0.407807,-0.556966,-3.75835,25.8809,-118.588,0.102341,0
1,,111614,Port:10,0,0,0,Enabled,0.631293,0.351827,-0.408699,-0.557362,-4.09745,26.7679,-118.316,0.103998,0
1,,111630,Port:10,0,0,0,Enabled,0.63063,0.350892,-0.409811,-0.557885,-4.86721,28.4285,-117.726,0.101988,0
1,,111654,Port:10,0,0,0,Enabled,0.631278,0.34862,-0.412373,-0.556688,-5.96097,31.0391,-117.25,0.101958,0
1,,111662,Port:10,0,0,0,Enabled,0.630934,0.348073,-0.412895,-0.557034,-6.25681,32.1271,-117.174,0.103658,0
1,,111678,Port:10,0,0,0,Enabled,0.630842,0.346864,-0.414605,-0.556621,-6.77408,34.2076,-117.173,0.103584,0
1,,111694,Port:10,0,0,0,Enabled,0.630533,0.345456,-0.416399,-0.556508,-7.22473,36.345,-117.283,0.105236,0
1,,111710,Port:10,0,0,0,Enabled,0.630656,0.344797,-0.417472,-0.555973,-7.46869,38.1754,-117.317,0.105927,0
1,,111726,Port:10,0,0,0,Enabled,0.629413,0.342454,-0.418604,-0.557975,-7.69367,39.9922,-117.028,0.107576,0
1,,111750,Port:10,0,0,0,Enabled,0.629944,0.341432,-0.420097,-0.556878,-9.10387,41.1618,-116.836,0.107776,0
1,,111774,Port:10,0,0,0,Enabled,0.628863,0.340573,-0.423083,-0.556367,-11.0355,42.6199,-116.591,0.108504,0
1,,111782,Port:10,0,0,0,Enabled,0.628481,0.34008,-0.42425,-0.55621,-11.7233,43.2264,-116.371,0.107736,0
1,,111798,Port:10,0,0,0,Enabled,0.628566,0.339493,-0.426062,-0.555086,-13.0312,44.3766,-115.808,0.108358,0
1,,111814,Port:10,0,0,0,Enabled,0.628286,0.339354,-0.428721,-0.553438,-14.3917,45.548,-115.431,0.109075,0
1,,111830,Port:10,0,0,0,Enabled,0.627387,0.339158,-0.430649,-0.553082,-15.4295,46.8243,-115.033,0.110909,0
1,,111846,Port:10,0,0,0,Enabled,0.627142,0.339518,-0.432458,-0.551725,-16.41,47.6903,-114.922,0.110686,0
1,,111854,Port:10,0,0,0,Enabled,0.627506,0.339869,-0.43311,-0.550583,-16.9696,48.0311,-114.915,0.111945,0
1,,111870,Port:10,0,0,0,Enabled,0.62718,0.339962,-0.434873,-0.549506,-18.2491,48.99,-114.784,0.112493,0
1,,111894,Port:10,0,0,0,Enabled,0.626042,0.339036,-0.439265,-0.54788,-21.0566,51.2366,-114.515,0.115931,0
1,,111902,Port:10,0,0,0,Enabled,0.625619,0.339337,-0.440721,-0.547007,-22.1242,51.9813,-114.42,0.118619,0
1,,111918,Port:10,0,0,0,Enabled,0.625439,0.340248,-0.443791,-0.544158,-24.2164,53.667,-114.029,0.122332,0
1,,111934,Port:10,0,0,0,Enabled,0.62426,0.33962,-0.447101,-0.543194,-25.8286,55.8865,-113.141,0.125718,0
1,,111950,Port:10,0,0,0,Enabled,0.624049,0.338447,-0.449855,-0.541893,-27.2443,58.0895,-111.804,0.129218,0
1,,111966,Port:10,0,0,0,Enabled,0.624389,0.336852,-0.452661,-0.540156,-28.5372,60.2035,-110.346,0.132315,0
1,,111990,Port:10,0,0,0,Enabled,0.624757,0.336644,-0.456484,-0.536631,-30.8472,62.8159,-108.348,0.137811,0
1,,112014,Port:10,0,0,0,Enabled,0.625242,0.334668,-0.461103,-0.533343,-33.0473,65.9041,-106.434,0.144201,0
1,,112022,Port:10,0,0,0,Enabled,0.625059,0.333953,-0.462426,-0.53286,-33.7454,67.0079,-105.769,0.147198,0
1,,112038,Port:10,0,0,0,Enabled,0.625367,0.33324,-0.464968,-0.530728,-35.149,68.9306,-104.578,0.151328,0
1,,112054,Port:10,0,0,0,Enabled,0.625624,0.332752,-0.467393,-0.528598,-36.4527,70.9258,-103.407,0.157017,0
1,,112070,Port:10,0,0,0,Enabled,0.625899,0.331234,-0.470004,-0.526907,-37.4072,73.0742,-102.022,0.16084,0
1,,112086,Port:10,0,0,0,Enabled,0.627427,0.329414,-0.471984,-0.524456,-38.1156,75.3703,-100.394,0.163997,0
1,,112094,Port:10,0,0,0,Enabled,0.62784,0.32816,-0.473281,-0.523578,-38.3651,76.6442,-99.5201,0.164926,0
1,,112110,Port:10,0,0,0,Enabled,0.628027,0.326531,-0.474716,-0.523073,-38.8282,79.1288,-97.5689,0.174908,0
1,,112134,Port:10,0,0,0,Enabled,0.630152,0.323586,-0.478421,-0.518956,-40.0244,82.76,-94.9426,0.180192,0
1,,112142,Port:10,0,0,0,Enabled,0.629999,0.322951,-0.479548,-0.518496,-40.5724,83.8613,-94.0565,0.178844,0
1,,112158,Port:10,0,0,0,Enabled,0.631608,0.322116,-0.482201,-0.514583,-41.8819,85.7016,-92.6353,0.184173,0
1,,112174,Port:10,0,0,0,Enabled,0.632445,0.321709,-0.484051,-0.512066,-43.2028,87.3399,-91.0752,0.187481,0
1,,112190,Port:10,0,0,0,Enabled,0.633158,0.321565,-0.485878,-0.50954,-44.6849,88.9232,-89.6768,0.191162,0
1,,112206,Port:10,0,0,0,Enabled,0.635644,0.323502,-0.486663,-0.504444,-46.5945,89.922,-88.3145,0.192078,0
1,,112230,Port:10,0,0,0,Enabled,0.642081,0.336493,-0.480164,-0.49391,-49.6781,89.634,-85.954,0.187812,0
1,,112254,Port:10,0,0,0,Enabled,0.649566,0.350327,-0.476054,-0.478234,-52.2864,89.9455,-83.774,0.184207,0
1,,112262,Port:10,0,0,0,Enabled,0.650301,0.352249,-0.477148,-0.47472,-52.9919,90.9078,-83.1486,0.184245,0
1,,112278,Port:10,0,0,0,Enabled,0.648047,0.354558,-0.481031,-0.472158,-54.2973,93.5779,-82.0212,0.183449,0
1,,112294,Port:10,0,0,0,Enabled,0.647423,0.356806,-0.482397,-0.469922,-55.4577,95.5857,-80.4874,0.180928,0
1,,112310,Port:10,0,0,0,Enabled,0.648998,0.359834,-0.482217,-0.465605,-56.8733,96.5592,-78.869,0.175317,0
1,,112326,Port:10,0,0,0,Enabled,0.649883,0.363048,-0.483724,-0.460281,-58.6108,96.7524,-77.7785,0.171496,0
1,,112334,Port:10,0,0,0,Enabled,0.650304,0.367923,-0.482271,-0.457331,-59.6669,96.1367,-77.4468,0.165525,0
1,,112350,Port:10,0,0,0,Enabled,0.654142,0.379178,-0.4804,-0.444454,-61.7954,93.7718,-77.2823,0.167342,0
1,,112374,Port:10,0,0,0,Enabled,0.658862,0.38947,-0.479662,-0.429115,-63.9915,90.7173,-76.5371,0.162039,0
1,,112382,Port:10,0,0,0,Enabled,0.658785,0.392853,-0.478817,-0.427088,-64.5473,89.8044,-76.0599,0.158734,0
1,,112398,Port:10,0,0,0,Enabled,0.659974,0.397879,-0.478114,-0.421348,-65.5528,87.7335,-75.2866,0.148148,0
1,,112414,Port:10,0,0,0,Enabled,0.660613,0.40323,-0.476527,-0.417035,-66.3846,85.6125,-74.5812,0.147827,0
1,,112430,Port:10,0,0,0,Enabled,0.661007,0.408209,-0.474516,-0.413847,-67.0972,83.2352,-74.0288,0.135772,0
1,,112454,Port:10,0,0,0,Enabled,0.662011,0.415224,-0.473568,-0.40628,-68.4253,79.2444,-74.032,0.125191,0
1,,112470,Port:10,0,0,0,Enabled,0.662386,0.420101,-0.471684,-0.402833,-69.4844,76.5047,-74.1246,0.114112,0
1,,112494,Port:10,0,0,0,Enabled,0.663651,0.424591,-0.470926,-0.396888,-71.5656,72.4784,-74.1732,0.083572,0
1,,112502,Port:10,0,0,0,Enabled,0.66387,0.425734,-0.470425,-0.395889,-72.3314,71.1987,-74.0887,0.0742878,0
1,,112518,Port:10,0,0,0,Enabled,0.663182,0.42804,-0.470546,-0.394408,-73.9307,68.8662,-74.1634,0.0573226,0
1,,112534,Port:10,0,0,0,Enabled,0.662275,0.429593,-0.470093,-0.394785,-75.3892,66.7857,-74.0049,0.0685691,0
1,,112550,Port:10,0,0,0,Enabled,0.6622,0.43114,-0.469051,-0.394463,-76.4791,64.5642,-73.5991,0.10082,0
1,,112566,Port:10,0,0,0,Enabled,0.661231,0.43179,-0.468328,-0.396232,-77.346,62.633,-72.9279,0.131314,0
1,,112574,Port:10,0,0,0,Enabled,0.660758,0.431842,-0.468002,-0.397347,-77.6758,61.7006,-72.5347,0.142037,0
1,,112590,Port:10,0,0,0,Enabled,0.659746,0.432044,-0.466732,-0.400294,-78.333,59.7178,-71.6651,0.164609,0
1,,112614,Port:10,0,0,0,Enabled,0.658409,0.433393,-0.465873,-0.402034,-79.6326,55.7977,-70.6609,0.171849,0
1,,112622,Port:10,0,0,0,Enabled,0.657929,0.434122,-0.465386,-0.402596,-80.2684,54.2966,-70.3185,0.164331,0
1,,112638,Port:10,0,0,0,Enabled,0.656812,0.43478,-0.464743,-0.404448,-81.5512,51.4087,-69.2704,0.135369,0
1,,112654,Port:10,0,0,0,Enabled,0.653682,0.435442,-0.464698,-0.408836,-83.1973,49.0136,-68.6351,0.0931135,0
1,,112670,Port:10,0,0,0,Enabled,0.652096,0.43645,-0.464359,-0.410673,-84.4249,46.175,-68.126,0.0706947,0
1,,112694,Port:10,0,0,0,Enabled,0.648763,0.438904,-0.462808,-0.415064,-85.7298,41.2522,-67.8036,0.0419836,0
1,,112718,Port:10,0,0,0,Enabled,0.646605,0.441842,-0.461226,-0.417071,-86.902,35.5608,-68.3987,0.0345424,0
1,,112734,Port:10,0,0,0,Enabled,0.644351,0.443331,-0.460351,-0.419936,-87.432,31.7717,-68.9212,0.0379137,0
1,,112742,Port:10,0,0,0,Enabled,0.643101,0.444068,-0.459834,-0.421638,-87.5166,29.7155,-69.0737,0.0438132,0
1,,112758,Port:10,0,0,0,Enabled,0.642084,0.444708,-0.457565,-0.424967,-87.6571,25.3885,-69.0941,0.0535572,0
1,,112774,Port:10,0,0,0,Enabled,0.639157,0.445714,-0.455762,-0.430231,-87.6031,21.0698,-69.3046,0.0758823,0
1,,112790,Port:10,0,0,0,Enabled,0.638029,0.447369,-0.453792,-0.432265,-87.5232,16.4174,-69.8853,0.0851655,0
1,,112806,Port:10,0,0,0,Enabled,0.637015,0.448889,-0.451706,-0.434363,-87.4618,12.2886,-70.5106,0.0982252,0
1,,112814,Port:10,0,0,0,Enabled,0.636128,0.448973,-0.451344,-0.435952,-87.3824,10.6151,-70.7485,0.100766,0
1,,112838,Port:10,0,0,0,Enabled,0.634974,0.449352,-0.448889,-0.439762,-87.0034,6.14723,-70.7545,0.120549,0
1,,112854,Port:10,0,0,0,Enabled,0.633174,0.450225,-0.447401,-0.442969,-86.851,3.85181,-70.5968,0.129167,0
1,,112862,Port:10,0,0,0,Enabled,0.63302,0.451418,-0.447327,-0.442049,-86.8673,2.57246,-70.759,0.127865,0
1,,112878,Port:10,0,0,0,Enabled,0.632431,0.454947,-0.447134,-0.439461,-87.1694,0.0332207,-71.2606,0.117231,0
1,,112894,Port:10,0,0,0,Enabled,0.631065,0.456761,-0.448084,-0.438574,-87.3266,-1.7632,-71.279,0.115023,0
1,,112910,Port:10,0,0,0,Enabled,0.630637,0.457704,-0.447698,-0.438602,-87.5236,-3.48857,-70.7441,0.116895,0
1,,112934,Port:10,0,0,0,Enabled,0.629675,0.460013,-0.447108,-0.43817,-87.9198,-6.63507,-69.9533,0.119226,0
1,,112958,Port:10,0,0,0,Enabled,0.628412,0.46063,-0.445811,-0.440649,-87.6525,-9.33265,-68.9554,0.125372,0
1,,112974,Port:10,0,0,0,Enabled,0.627287,0.4619,-0.444582,-0.442161,-87.4509,-11.5513,-68.7077,0.127747,0
1,,112982,Port:10,0,0,0,Enabled,0.627142,0.463027,-0.443713,-0.442061,-87.4944,-12.8621,-68.8245,0.127011,0
1,,112998,Port:10,0,0,0,Enabled,0.625952,0.464615,-0.442806,-0.44299,-87.4684,-15.2656,-69.064,0.125347,0
1,,113014,Port:10,0,0,0,Enabled,0.624402,0.46636,-0.441207,-0.444935,-87.7156,-17.6633,-69.4385,0.127866,0
1,,113030,Port:10,0,0,0,Enabled,0.622799,0.468466,-0.440016,-0.446148,-87.9908,-20.1543,-70.1022,0.123727,0
1,,113046,Port:10,0,0,0,Enabled,0.621561,0.471406,-0.438438,-0.44633,-88.1295,-22.6382,-71.3389,0.125297,0
1,,113062,Port:10,0,0,0,Enabled,0.620341,0.474057,-0.436438,-0.447179,-87.8556,-24.9495,-72.4241,0.127419,0
1,,113078,Port:10,0,0,0,Enabled,0.619295,0.475371,-0.434704,-0.448919,-87.1545,-26.7068,-73.3002,0.131815,0
1,,113094,Port:10,0,0,0,Enabled,0.618007,0.476701,-0.432548,-0.451361,-86.431,-28.4435,-74.1123,0.13816,0
1,,113102,Port:10,0,0,0,Enabled,0.617542,0.477738,-0.431521,-0.451882,-85.9512,-29.3171,-74.5286,0.140296,0
1,,113118,Port:10,0,0,0,Enabled,0.617688,0.478596,-0.428746,-0.453414,-84.9801,-31.1357,-74.8513,0.148956,0
1,,113134,Port:10,0,0,0,Enabled,0.616024,0.479649,-0.426141,-0.457007,-83.9236,-32.6027,-75.1828,0.161582,0
1,,113150,Port:10,0,0,0,Enabled,0.615694,0.480915,-0.423279,-0.458779,-83.0459,-34.4188,-75.9026,0.167803,0
1,,113174,Port:10,0,0,0,Enabled,0.613798,0.483192,-0.419288,-0.462575,-81.827,-36.841,-77.7515,0.180644,0
1,,113198,Port:10,0,0,0,Enabled,0.611811,0.484834,-0.415819,-0.466603,-80.3368,-38.5976,-80.3852,0.194172,0
1,,113214,Port:10,0,0,0,Enabled,0.60998,0.486113,-0.412522,-0.470578,-79.0567,-39.8101,-82.1945,0.208077,0
1,,113230,Port:10,0,0,0,Enabled,0.608763,0.4874,-0.408137,-0.47463,-77.6207,-41.3743,-83.9092,0.219385,0
1,,113238,Port:10,0,0,0,Enabled,0.607651,0.488198,-0.406254,-0.476844,-76.9774,-42.144,-84.8426,0.225677,0
1,,113254,Port:10,0,0,0,Enabled,0.605844,0.490367,-0.402377,-0.480195,-75.8063,-43.9698,-86.74,0.238775,0
1,,113270,Port:10,0,0,0,Enabled,0.604549,0.491843,-0.399097,-0.483045,-74.8198,-45.6129,-88.4324,0.244276,0
1,,113286,Port:10,0,0,0,Enabled,0.602311,0.493009,-0.395805,-0.487341,-73.715,-46.6514,-89.8343,0.25129,0
1,,113294,Port:10,0,0,0,Enabled,0.60224,0.492936,-0.394388,-0.48865,-73.0784,-47.0731,-90.5117,0.252268,0
1,,113318,Port:10,0,0,0,Enabled,0.597989,0.493768,-0.390026,-0.496469,-70.736,-47.7577,-92.6542,0.254913,0
1,,113334,Port:10,0,0,0,Enabled,0.597903,0.494375,-0.385932,-0.499161,-68.5821,-48.782,-94.093,0.249352,0
1,,113342,Port:10,0,0,0,Enabled,0.597302,0.495004,-0.383025,-0.50149,-67.4338,-49.4551,-94.6999,0.249946,0
1,,113358,Port:10,0,0,0,Enabled,0.597273,0.495919,-0.37794,-0.50447,-65.2172,-50.7385,-96.078,0.244142,0
1,,113374,Port:10,0,0,0,Enabled,0.597283,0.496404,-0.374708,-0.50639,-63.4489,-51.8189,-97.6947,0.237756,0
1,,113390,Port:10,0,0,0,Enabled,0.596727,0.497236,-0.372132,-0.508125,-61.9274,-52.576,-99.2654,0.232614,0
1,,113422,Port:10,0,0,0,Enabled,0.598341,0.496784,-0.368423,-0.509371,-58.9168,-53.2125,-101.538,0.219512,0
1,,113438,Port:10,0,0,0,Enabled,0.599444,0.496851,-0.367383,-0.50876,-57.4937,-53.3642,-102.6,0.214845,0
1,,113454,Port:10,0,0,0,Enabled,0.60071,0.496391,-0.366495,-0.508356,-55.8501,-53.4929,-103.617,0.199436,0
1,,113462,Port:10,0,0,0,Enabled,0.601311,0.496461,-0.366009,-0.507927,-54.9348,-53.6414,-104.166,0.19618,0
1,,113478,Port:10,0,0,0,Enabled,0.603372,0.49673,-0.363345,-0.507132,-52.8253,-54.122,-105.019,0.196352,0
1,,113494,Port:10,0,0,0,Enabled,0.60463,0.495895,-0.361939,-0.507456,-50.4286,-54.3518,-105.963,0.186191,0
1,,113510,Port:10,0,0,0,Enabled,0.607535,0.495048,-0.359193,-0.506765,-47.8679,-54.8608,-106.774,0.182322,0
1,,113526,Port:10,0,0,0,Enabled,0.609314,0.494773,-0.35745,-0.506127,-45.3951,-55.3769,-107.833,0.17593,0
1,,113534,Port:10,0,0,0,Enabled,0.610538,0.49431,-0.356566,-0.505729,-44.2272,-55.5784,-108.328,0.173217,0
1,,113558,Port:10,0,0,0,Enabled,0.614354,0.493493,-0.354742,-0.503182,-40.7536,-55.9164,-109.985,0.164006,0
1,,113574,Port:10,0,0,0,Enabled,0.61644,0.491911,-0.35381,-0.502835,-38.1994,-55.3739,-110.847,0.158101,0
1,,113590,Port:10,0,0,0,Enabled,0.619973,0.490177,-0.353293,-0.500544,-35.4271,-54.7504,-111.722,0.146671,0
1,,113598,Port:10,0,0,0,Enabled,0.621422,0.489308,-0.353039,-0.499776,-33.9743,-54.3311,-112.015,0.141211,0
1,,113614,Port:10,0,0,0,Enabled,0.625704,0.486331,-0.352178,-0.497944,-30.921,-53.2727,-112.377,0.130081,0
1,,113630,Port:10,0,0,0,Enabled,0.628751,0.483684,-0.352308,-0.496588,-27.983,-51.7734,-112.769,0.117253,0
1,,113662,Port:10,0,0,0,Enabled,0.63575,0.479633,-0.352361,-0.491546,-21.996,-48.5757,-114.022,0.0910914,0
1,,113678,Port:10,0,0,0,Enabled,0.638196,0.477924,-0.352852,-0.489684,-18.9627,-46.6307,-114.552,0.074693,0
1,,113694,Port:10,0,0,0,Enabled,0.642138,0.475229,-0.352656,-0.487289,-16.0344,-44.305,-114.626,0.0619811,0
1,,113702,Port:10,0,0,0,Enabled,0.643295,0.473761,-0.352842,-0.487058,-14.6757,-43.0068,-114.529,0.0553554,0
1,,113718,Port:10,0,0,0,Enabled,0.646254,0.470999,-0.353895,-0.48505,-12.2778,-40.5494,-114.265,0.0416572,0
1,,113734,Port:10,0,0,0,Enabled,0.649063,0.469655,-0.354123,-0.48243,-10.3051,-38.3722,-114.051,0.0327645,0
1,,113750,Port:10,0,0,0,Enabled,0.651263,0.468804,-0.354949,-0.479678,-8.44239,-36.0034,-113.822,0.0278427,0
1,,113766,Port:10,0,0,0,Enabled,0.654355,0.465662,-0.355309,-0.478261,-6.4348,-33.2445,-113.065,0.0270925,0
1,,113774,Port:10,0,0,0,Enabled,0.654677,0.464981,-0.35589,-0.478052,-5.51883,-31.8178,-112.802,0.0305453,0
1,,113798,Port:10,0,0,0,Enabled,0.658087,0.461659,-0.356332,-0.476257,-3.04904,-27.7192,-111.784,0.0436737,0
1,,113814,Port:10,0,0,0,Enabled,0.660598,0.459862,-0.356498,-0.474391,-1.54124,-24.7755,-111.366,0.0548555,0
1,,113822,Port:10,0,0,0,Enabled,0.661136,0.458805,-0.356705,-0.474509,-0.753679,-23.1495,-111.205,0.0598101,0
1,,113838,Port:10,0,0,0,Enabled,0.661806,0.457036,-0.357346,-0.4748,0.745162,-19.7643,-110.849,0.0739287,0
1,,113854,Port:10,0,0,0,Enabled,0.662641,0.454617,-0.357501,-0.47584,2.22132,-16.3629,-110.405,0.0831703,0
1,,113886,Port:10,0,0,0,Enabled,0.664335,0.451062,-0.357814,-0.476626,5.16351,-9.89164,-109.803,0.102523,0
1,,113902,Port:10,0,0,0,Enabled,0.665405,0.448011,-0.357857,-0.477976,6.82038,-6.26065,-109.195,0.114444,0
1,,113918,Port:10,0,0,0,Enabled,0.665874,0.44476,-0.359012,-0.479492,8.05478,-2.34335,-108.593,0.118645,0
1,,113934,Port:10,0,0,0,Enabled,0.665722,0.442624,-0.360863,-0.480288,8.79186,1.33377,-108.172,0.118503,0
1,,113942,Port:10,0,0,0,Enabled,0.666481,0.441548,-0.362012,-0.47936,8.97172,3.04911,-107.919,0.114056,0
1,,113958,Port:10,0,0,0,Enabled,0.667961,0.439573,-0.364123,-0.477513,9.28344,6.41816,-107.296,0.111945,0
1,,113974,Port:10,0,0,0,Enabled,0.669169,0.436674,-0.366903,-0.476352,9.65091,10.1783,-106.309,0.104607,0
1,,113990,Port:10,0,0,0,Enabled,0.669983,0.43325,-0.369261,-0.476511,10.1409,13.9883,-104.999,0.0972791,0
1,,114006,Port:10,0,0,0,Enabled,0.671542,0.429699,-0.371729,-0.475615,10.683,17.7742,-103.748,0.0898093,0
1,,114022,Port:10,0,0,0,Enabled,0.672968,0.426703,-0.374406,-0.474192,11.047,21.4008,-102.572,0.0843823,0
1,,114038,Port:10,0,0,0,Enabled,0.673927,0.423528,-0.376886,-0.473712,11.4079,25.0137,-101.325,0.0871242,0
1,,114054,Port:10,0,0,0,Enabled,0.674844,0.420025,-0.379213,-0.47367,11.4813,28.4641,-99.8849,0.0903666,0
1,,114070,Port:10,0,0,0,Enabled,0.673445,0.416987,-0.381579,-0.476436,11.1571,31.942,-98.5428,0.102218,0
1,,114078,Port:10,0,0,0,Enabled,0.673309,0.416268,-0.382365,-0.476626,10.8408,33.2819,-97.9678,0.102652,0
1,,114094,Port:10,0,0,0,Enabled,0.674724,0.414064,-0.384546,-0.474788,10.5201,35.9861,-96.821,0.108344,0
1,,114110,Port:10,0,0,0,Enabled,0.674549,0.411396,-0.386211,-0.476003,10.6137,39.4149,-95.3542,0.112229,0
1,,114126,Port:10,0,0,0,Enabled,0.674531,0.408527,-0.387745,-0.477251,10.9301,43.0146,-93.806,0.118537,0
1,,114158,Port:10,0,0,0,Enabled,0.67239,0.4049,-0.389368,-0.482017,11.5177,50.4321,-90.5562,0.114295,0
1,,114174,Port:10,0,0,0,Enabled,0.671797,0.404004,-0.389717,-0.483311,11.8539,53.8558,-89.0048,0.108586,0
1,,114190,Port:10,0,0,0,Enabled,0.668639,0.4047,-0.388554,-0.488022,12.2555,57.3632,-87.2959,0.107492,0
1,,114198,Port:10,0,0,0,Enabled,0.666766,0.40553,-0.387192,-0.490969,12.5451,59.0273,-86.3056,0.11295,0
1,,114214,Port:10,0,0,0,Enabled,0.664612,0.407372,-0.38498,-0.494095,13.0227,62.0707,-84.6833,0.134848,0
1,,114230,Port:10,0,0,0,Enabled,0.660617,0.409657,-0.383747,-0.498502,13.1805,65.3259,-83.4155,0.172535,0
1,,114246,Port:10,0,0,0,Enabled,0.658032,0.410045,-0.38524,-0.500447,12.674,68.3074,-82.7725,0.197042,0
1,,114262,Port:10,0,0,0,Enabled,0.658189,0.408805,-0.387256,-0.499699,12.3364,70.943,-82.0031,0.19582,0
1,,114278,Port:10,0,0,0,Enabled,0.659851,0.40447,-0.389971,-0.498922,12.2728,73.8764,-80.9811,0.174643,0
1,,114294,Port:10,0,0,0,Enabled,0.662716,0.397133,-0.394515,-0.497444,11.9968,77.2159,-79.9529,0.131088,0
1,,114302,Port:10,0,0,0,Enabled,0.664016,0.392291,-0.397646,-0.497059,11.673,79.0317,-79.4866,0.113324,0
1,,114318,Port:10,0,0,0,Enabled,0.664762,0.384562,-0.402768,-0.497978,10.9793,82.4761,-78.4438,0.0919589,0
1,,114334,Port:10,0,0,0,Enabled,0.66544,0.379303,-0.406875,-0.497767,9.79752,85.3884,-77.6238,0.0869266,0
1,,114366,Port:10,0,0,0,Enabled,0.664165,0.375342,-0.414076,-0.496532,7.28132,90.2731,-76.9396,0.0845227,0
1,,114382,Port:10,0,0,0,Enabled,0.665172,0.373092,-0.418145,-0.493461,6.27173,92.6205,-76.7619,0.084174,0
1,,114398,Port:10,0,0,0,Enabled,0.664072,0.370053,-0.420845,-0.494933,5.49692,95.3164,-76.2797,0.0866546,0
1,,114414,Port:10,0,0,0,Enabled,0.66268,0.367425,-0.42588,-0.494449,4.48201,97.9214,-76.2614,0.0881188,0
1,,114422,Port:10,0,0,0,Enabled,0.661204,0.366385,-0.428891,-0.494596,3.7187,99.3167,-76.4791,0.0868155,0
1,,114438,Port:10,0,0,0,Enabled,0.656609,0.364988,-0.437952,-0.493808,1.6944,102.13,-77.731,0.087,0
1,,114454,Port:10,0,0,0,Enabled,0.653898,0.364747,-0.44581,-0.490542,-0.959275,104.659,-79.0077,0.0856655,0
1,,114470,Port:10,0,0,0,Enabled,0.651779,0.363414,-0.452241,-0.488459,-3.72523,107.033,-79.9187,0.0869156,0
1,,114486,Port:10,0,0,0,Enabled,0.649855,0.362527,-0.457543,-0.486742,-6.70709,109.053,-80.4887,0.0860511,0
1,,114502,Port:10,0,0,0,Enabled,0.649425,0.361195,-0.462495,-0.483616,-9.88418,110.338,-80.9268,0.08763,0
1,,114518,Port:10,0,0,0,Enabled,0.648726,0.361822,-0.466089,-0.480625,-13.139,110.959,-81.2871,0.0891682,0
1,,114534,Port:10,0,0,0,Enabled,0.647729,0.361777,-0.470474,-0.477723,-16.158,111.454,-81.7723,0.0911541,0
1,,114542,Port:10,0,0,0,Enabled,0.646645,0.362091,-0.472111,-0.477339,-17.5746,111.676,-81.9048,0.0937563,0
1,,114558,Port:10,0,0,0,Enabled,0.645528,0.361379,-0.475809,-0.475715,-20.5116,112.081,-82.1723,0.0984634,0
1,,114574,Port:10,0,0,0,Enabled,0.643126,0.361844,-0.480137,-0.474264,-23.8319,112.251,-82.7246,0.104145,0
1,,114590,Port:10,0,0,0,Enabled,0.64249,0.362052,-0.483875,-0.471158,-27.5889,112.049,-83.426,0.113726,0
1,,114606,Port:10,0,0,0,Enabled,0.640111,0.362685,-0.489338,-0.468259,-31.7655,112.094,-84.5745,0.122978,0
1,,114622,Port:10,0,0,0,Enabled,0.638417,0.36371,-0.494035,-0.464832,-36.0169,111.776,-85.5998,0.143918,0
1,,114654,Port:10,0,0,0,Enabled,0.636142,0.364557,-0.503705,-0.45684,-44.3097,110.955,-86.9687,0.171952,0
1,,114662,Port:10,0,0,0,Enabled,0.63635,0.364521,-0.505511,-0.454578,-46.2611,110.735,-87.0487,0.179898,0
1,,114678,Port:10,0,0,0,Enabled,0.635114,0.363914,-0.509886,-0.451899,-49.9268,110.742,-87.1958,0.185002,0
1,,114694,Port:10,0,0,0,Enabled,0.632281,0.364083,-0.514016,-0.451057,-53.8456,110.629,-87.5252,0.183951,0
1,,114710,Port:10,0,0,0,Enabled,0.631978,0.366628,-0.517324,-0.445607,-57.9802,109.248,-88.0787,0.178151,0
1,,114726,Port:10,0,0,0,Enabled,0.629956,0.368457,-0.520533,-0.443217,-62.0089,108.21,-88.5229,0.170209,0
1,,114742,Port:10,0,0,0,Enabled,0.627035,0.370917,-0.522682,-0.442776,-65.9379,107.232,-88.7159,0.149141,0
1,,114758,Port:10,0,0,0,Enabled,0.624903,0.37232,-0.525154,-0.441687,-69.8567,106.587,-89.1428,0.131524,0
1,,114774,Port:10,0,0,0,Enabled,0.620282,0.374935,-0.527379,-0.443334,-73.7279,105.95,-89.5318,0.107625,0
1,,114782,Port:10,0,0,0,Enabled,0.618291,0.377404,-0.527512,-0.443862,-75.657,105.486,-89.8826,0.0981763,0
1,,114798,Port:10,0,0,0,Enabled,0.61684,0.38232,-0.529873,-0.438833,-79.2456,104.43,-91.233,0.0852544,0
1,,114814,Port:10,0,0,0,Enabled,0.616528,0.389626,-0.534591,-0.426964,-82.7315,102.931,-93.5937,0.0769993,0
1,,114830,Port:10,0,0,0,Enabled,0.609665,0.402327,-0.539022,-0.419401,-85.9075,101.273,-96.2833,0.0676726,0
1,,114846,Port:10,0,0,0,Enabled,0.603628,0.412591,-0.543474,-0.412356,-88.8433,99.7418,-98.4753,0.0673606,0
1,,114862,Port:10,0,0,0,Enabled,0.598571,0.41797,-0.550162,-0.405384,-91.2987,99.1707,-100.179,0.0671876,0
1,,114894,Port:10,0,0,0,Enabled,0.579608,0.429156,-0.559874,-0.407947,-95.2405,98.8162,-101.984,0.0723354,0
1,,114902,Port:10,0,0,0,Enabled,0.578552,0.432,-0.559382,-0.407118,-96.1973,97.922,-102.038,0.0730331,0
1,,114918,Port:10,0,0,0,Enabled,0.577699,0.434981,-0.560591,-0.403477,-97.7433,95.9432,-102.231,0.0734327,0
1,,114934,Port:10,0,0,0,Enabled,0.574703,0.438431,-0.560255,-0.404488,-98.8583,93.7634,-102.222,0.0717379,0
1,,114950,Port:10,0,0,0,Enabled,0.572804,0.442959,-0.559306,-0.403559,-99.8121,90.5466,-102.484,0.0738471,0
1,,114966,Port:10,0,0,0,Enabled,0.570935,0.445841,-0.558906,-0.403587,-100.401,86.8128,-102.681,0.0703289,0
1,,114982,Port:10,0,0,0,Enabled,0.570123,0.450903,-0.555788,-0.40342,-100.835,81.653,-102.555,0.0679315,0
1,,114998,Port:10,0,0,0,Enabled,0.570962,0.454968,-0.55282,-0.401741,-101.408,75.7873,-102.406,0.0642069,0
1,,115014,Port:10,0,0,0,Enabled,0.568678,0.458687,-0.550887,-0.403404,-101.97,70.2317,-102.519,0.0602728,0
1,,115022,Port:10,0,0,0,Enabled,0.567612,0.459728,-0.550515,-0.404227,-102.18,67.5487,-102.535,0.0584635,0
1,,115038,Port:10,0,0,0,Enabled,0.566129,0.46278,-0.547463,-0.406959,-102.518,61.8836,-102.24,0.0538069,0
1,,115054,Port:10,0,0,0,Enabled,0.564058,0.466666,-0.544858,-0.408891,-102.959,56.0132,-102.34,0.0493503,0
1,,115070,Port:10,0,0,0,Enabled,0.562688,0.469395,-0.542349,-0.410984,-103.194,50.1808,-102.21,0.0457732,0
1,,115086,Port:10,0,0,0,Enabled,0.561124,0.470579,-0.539892,-0.414984,-103.636,44.5916,-102.211,0.0433094,0
1,,115102,Port:10,0,0,0,Enabled,0.560382,0.472084,-0.538084,-0.416622,-103.978,38.4461,-102.395,0.0435001,0
1,,115134,Port:10,0,0,0,Enabled,0.559017,0.474195,-0.532517,-0.42316,-104.618,25.2034,-103.05,0.0418455,0
1,,115142,Port:10,0,0,0,Enabled,0.558796,0.475001,-0.531123,-0.4243,-104.709,21.6979,-103.357,0.0424014,0
1,,115158,Port:10,0,0,0,Enabled,0.558717,0.477388,-0.527701,-0.42599,-104.684,14.8678,-103.913,0.0431925,0
1,,115174,Port:10,0,0,0,Enabled,0.557872,0.478387,-0.52563,-0.428531,-104.432,9.0117,-104.377,0.0476004,0
1,,115190,Port:10,0,0,0,Enabled,0.556404,0.480174,-0.523235,-0.431361,-104.402,3.79158,-105.025,0.0500566,0
1,,115206,Port:10,0,0,0,Enabled,0.554606,0.483695,-0.522051,-0.431177,-104.683,-1.1617,-106.273,0.0517244,0
1,,115222,Port:10,0,0,0,Enabled,0.554368,0.48537,-0.522811,-0.428674,-104.954,-5.31109,-107.513,0.0563992,0
1,,115238,Port:10,0,0,0,Enabled,0.550782,0.485273,-0.523901,-0.432061,-105.009,-8.48089,-108.142,0.0558048,0
1,,115254,Port:10,0,0,0,Enabled,0.54848,0.485397,-0.525126,-0.433363,-104.594,-11.9475,-108.381,0.0587005,0
1,,115270,Port:10,0,0,0,Enabled,0.549565,0.485942,-0.526267,-0.429979,-104.138,-15.552,-108.484,0.0608735,0
1,,115278,Port:10,0,0,0,Enabled,0.549644,0.48678,-0.527044,-0.427974,-103.862,-16.9926,-108.619,0.0620096,0
1,,115294,Port:10,0,0,0,Enabled,0.551368,0.485693,-0.530859,-0.422237,-103.024,-18.5188,-108.387,0.0651243,0
1,,115310,Port:10,0,0,0,Enabled,0.550673,0.481053,-0.534825,-0.423451,-102.044,-18.5611,-106.805,0.0616245,0
1,,115326,Port:10,0,0,0,Enabled,0.548094,0.47654,-0.537844,-0.428049,-101.313,-18.8764,-104.879,0.0592881,0
1,,115342,Port:10,0,0,0,Enabled,0.546275,0.475545,-0.54013,-0.428602,-101.087,-20.9609,-104.287,0.0611255,0
1,,115374,Port:10,0,0,0,Enabled,0.54372,0.481142,-0.539319,-0.426623,-99.8298,-28.6681,-105.884,0.0710995,0
1,,115382,Port:10,0,0,0,Enabled,0.543078,0.483017,-0.537196,-0.427998,-99.4963,-30.942,-106.629,0.0768196,0
1,,115398,Port:10,0,0,0,Enabled,0.543018,0.486625,-0.534146,-0.427803,-98.9884,-35.5234,-109.028,0.0887474,0
1,,115414,Port:10,0,0,0,Enabled,0.541261,0.488998,-0.529709,-0.432811,-98.986,-39.1555,-111.616,0.103022,0
1,,115430,Port:10,0,0,0,Enabled,0.536409,0.492637,-0.525939,-0.439275,-99.3324,-42.2714,-114.893,0.117456,0
1,,115446,Port:10,0,0,0,Enabled,0.535905,0.496241,-0.521197,-0.441479,-99.6809,-45.8136,-118.679,0.130616,0
1,,115462,Port:10,0,0,0,Enabled,0.531469,0.501571,-0.516371,-0.446462,-99.7012,-49.1287,-123.292,0.148183,0
1,,115478,Port:10,0,0,0,Enabled,0.527812,0.50683,-0.510999,-0.451019,-99.1834,-52.4317,-128.348,0.167639,0
1,,115494,Port:10,0,0,0,Enabled,0.525973,0.509896,-0.505973,-0.455357,-98.2993,-55.2643,-132.914,0.183969,0
1,,115502,Port:10,0,0,0,Enabled,0.524151,0.511194,-0.50381,-0.458391,-97.5986,-56.1555,-135.024,0.192186,0
1,,115518,Port:10,0,0,0,Enabled,0.523444,0.510728,-0.50216,-0.461518,-95.8208,-56.8929,-138.567,0.20106,0
1,,115542,Port:10,0,0,0,Enabled,0.51931,0.505735,-0.500385,-0.47346,-92.3474,-55.7703,-141.722,0.206734,0
1,,115550,Port:10,0,0,0,Enabled,0.518986,0.503785,-0.500801,-0.475449,-91.0891,-55.4635,-142.531,0.207216,0
1,,115566,Port:10,0,0,0,Enabled,0.521399,0.499795,-0.500037,-0.477819,-88.243,-55.2871,-143.151,0.206138,0
1,,115582,Port:10,0,0,0,Enabled,0.5232,0.495274,-0.499397,-0.481215,-85.0841,-54.6161,-142.838,0.203333,0
1,,115614,Port:10,0,0,0,Enabled,0.531672,0.484475,-0.494564,-0.487868,-79.1161,-53.1915,-141.299,0.189355,0
1,,115622,Port:10,0,0,0,Enabled,0.532428,0.482703,-0.492809,-0.490569,-77.7579,-52.7938,-141.131,0.184889,0
1,,115638,Port:10,0,0,0,Enabled,0.534444,0.479525,-0.488124,-0.496146,-75.4547,-52.2353,-141.18,0.183458,0
1,,115662,Port:10,0,0,0,Enabled,0.540687,0.475408,-0.48136,-0.499939,-71.9434,-51.8576,-142.723,0.175705,0
1,,115670,Port:10,0,0,0,Enabled,0.542958,0.473673,-0.478875,-0.501507,-70.6033,-51.8024,-143.459,0.16096,0
1,,115686,Port:10,0,0,0,Enabled,0.547039,0.47234,-0.472667,-0.504212,-67.5917,-51.4908,-145.016,0.151798,0
1,,115702,Port:10,0,0,0,Enabled,0.553848,0.470096,-0.465378,-0.505654,-64.1544,-50.4664,-146.49,0.147331,0
1,,115718,Port:10,0,0,0,Enabled,0.55904,0.46755,-0.457592,-0.509393,-60.4624,-48.6886,-147.893,0.135925,0
1,,115734,Port:10,0,0,0,Enabled,0.562693,0.466827,-0.451546,-0.511426,-57.0012,-46.709,-150.433,0.129818,0
1,,115750,Port:10,0,0,0,Enabled,0.567501,0.467872,-0.445618,-0.510357,-54.3862,-45.4972,-152.748,0.121696,0
1,,115758,Port:10,0,0,0,Enabled,0.568271,0.469195,-0.442539,-0.510963,-53.2629,-44.9837,-153.827,0.122249,0
1,,115782,Port:10,0,0,0,Enabled,0.576113,0.471354,-0.43545,-0.506263,-51.3375,-42.8631,-155.962,0.119934,0
1,,115798,Port:10,0,0,0,Enabled,0.575287,0.469898,-0.434494,-0.509368,-50.7285,-39.3449,-156.739,0.11857,0
1,,115806,Port:10,0,0,0,Enabled,0.577891,0.468399,-0.433893,-0.508313,-50.3625,-37.7492,-157.042,0.114856,0
1,,115822,Port:10,0,0,0,Enabled,0.580701,0.467398,-0.433309,-0.506526,-49.3779,-34.3845,-157.96,0.11565,0
1,,115854,Port:10,0,0,0,Enabled,0.588014,0.461698,-0.431205,-0.505111,-45.0239,-27.2968,-157.861,0.122295,0
1,,115862,Port:10,0,0,0,Enabled,0.59092,0.459639,-0.431583,-0.503271,-43.5938,-25.5643,-157.558,0.125574,0
1,,115878,Port:10,0,0,0,Enabled,0.595214,0.456678,-0.430751,-0.501616,-40.3955,-22.027,-156.316,0.117378,0
1,,115902,Port:10,0,0,0,Enabled,0.602956,0.451145,-0.430766,-0.497346,-35.4815,-16.4371,-153.775,0.120088,0
1,,115910,Port:10,0,0,0,Enabled,0.604812,0.450152,-0.430238,-0.496448,-33.8317,-14.6589,-152.873,0.118743,0
1,,115926,Port:10,0,0,0,Enabled,0.611871,0.449022,-0.428234,-0.490519,-29.9034,-11.5296,-151.233,0.123273,0
1,,115942,Port:10,0,0,0,Enabled,0.616182,0.444812,-0.4271,-0.489947,-25.4111,-7.65423,-148.924,0.117989,0
1,,115958,Port:10,0,0,0,Enabled,0.620623,0.44218,-0.425945,-0.487725,-21.1758,-4.46374,-146.809,0.11431,0
1,,115974,Port:10,0,0,0,Enabled,0.625199,0.439792,-0.4242,-0.485556,-17.5769,-1.58241,-144.392,0.111423,0
1,,115990,Port:10,0,0,0,Enabled,0.627461,0.438317,-0.423869,-0.484259,-14.8499,1.51594,-142.213,0.107606,0
1,,115998,Port:10,0,0,0,Enabled,0.629615,0.436861,-0.424323,-0.482377,-13.6752,3.14323,-141.083,0.107077,0
1,,116022,Port:10,0,0,0,Enabled,0.633312,0.433202,-0.423744,-0.481346,-9.68399,8.48741,-136.935,0.102459,0
1,,116038,Port:10,0,0,0,Enabled,0.637327,0.428839,-0.423349,-0.4803,-7.32968,12.4725,-133.309,0.101233,0
1,,116046,Port:10,0,0,0,Enabled,0.637597,0.426895,-0.424228,-0.480897,-6.47009,14.7895,-131.724,0.101084,0
1,,116062,Port:10,0,0,0,Enabled,0.639955,0.424244,-0.426939,-0.477701,-4.95328,19.0525,-128.803,0.0988315,0
1,,116094,Port:10,0,0,0,Enabled,0.646599,0.4195,-0.430184,-0.469968,-1.36654,27.9054,-121.878,0.100609,0
1,,116102,Port:10,0,0,0,Enabled,0.648101,0.418138,-0.430877,-0.468477,-0.534486,30.4602,-119.919,0.102005,0
1,,116118,Port:10,0,0,0,Enabled,0.650746,0.414737,-0.433244,-0.465643,0.852417,35.8839,-116.15,0.10529,0
1,,116142,Port:10,0,0,0,Enabled,0.654328,0.411368,-0.437363,-0.459724,2.35609,44.235,-111.242,0.110364,0
1,,116150,Port:10,0,0,0,Enabled,0.654993,0.410084,-0.438776,-0.458575,2.88495,47.1084,-109.662,0.11288,0
1,,116166,Port:10,0,0,0,Enabled,0.655896,0.408335,-0.440969,-0.456737,3.79725,52.6186,-106.306,0.113822,0
1,,116182,Port:10,0,0,0,Enabled,0.656983,0.407006,-0.44251,-0.454867,4.51619,57.7115,-103.12,0.115038,0
1,,116198,Port:10,0,0,0,Enabled,0.656922,0.406951,-0.445901,-0.451682,4.57169,62.2829,-100.514,0.117411,0
1,,116214,Port:10,0,0,0,Enabled,0.658151,0.407443,-0.447952,-0.447401,4.25148,65.8868,-97.7797,0.116875,0
1,,116230,Port:10,0,0,0,Enabled,0.658902,0.40656,-0.450781,-0.444244,3.21904,69.3652,-94.8141,0.117094,0
1,,116238,Port:10,0,0,0,Enabled,0.659053,0.405619,-0.452722,-0.442905,2.32016,71.0581,-93.3392,0.115413,0
1,,116262,Port:10,0,0,0,Enabled,0.660851,0.401548,-0.459863,-0.436533,-0.989078,75.6012,-89.2948,0.104376,0
1,,116278,Port:10,0,0,0,Enabled,0.66211,0.398113,-0.4642,-0.43317,-2.60527,78.3614,-86.5775,0.0950032,0
1,,116286,Port:10,0,0,0,Enabled,0.662316,0.397257,-0.465119,-0.432654,-3.17436,79.5903,-85.0515,0.0912882,0
1,,116302,Port:10,0,0,0,Enabled,0.664259,0.395143,-0.465135,-0.431593,-4.45843,81.3477,-81.6087,0.0822826,0
1,,116334,Port:10,0,0,0,Enabled,0.668354,0.387692,-0.467031,-0.429976,-7.7293,84.0767,-75.8444,0.0682922,0
1,,116342,Port:10,0,0,0,Enabled,0.668741,0.386304,-0.46637,-0.43134,-8.55814,84.3857,-74.5564,0.0653332,0
1,,116358,Port:10,0,0,0,Enabled,0.672101,0.38293,-0.464068,-0.431608,-10.5125,84.1824,-72.313,0.0629877,0
1,,116382,Port:10,0,0,0,Enabled,0.675574,0.380253,-0.46342,-0.429244,-13.4831,83.1986,-71.045,0.0645225,0
1,,116390,Port:10,0,0,0,Enabled,0.67555,0.379476,-0.464832,-0.428441,-14.5877,83.1174,-71.1003,0.0658864,0
1,,116406,Port:10,0,0,0,Enabled,0.67368,0.377789,-0.470096,-0.427131,-17.3868,83.3086,-71.5713,0.0699237,0
1,,116422,Port:10,0,0,0,Enabled,0.673784,0.375247,-0.474359,-0.424485,-20.7774,83.2134,-71.4172,0.0737916,0
1,,116438,Port:10,0,0,0,Enabled,0.672645,0.373561,-0.476377,-0.425517,-24.3672,82.8625,-70.6048,0.0773871,0
1,,116454,Port:10,0,0,0,Enabled,0.672414,0.372908,-0.478144,-0.424473,-28.0107,81.8482,-69.5819,0.0878878,0
1,,116470,Port:10,0,0,0,Enabled,0.673112,0.372737,-0.479374,-0.422124,-31.8377,80.5858,-68.4945,0.0942452,0
1,,116478,Port:10,0,0,0,Enabled,0.672417,0.372204,-0.481822,-0.420914,-33.8935,80.1847,-68.2034,0.0999006,0
1,,116502,Port:10,0,0,0,Enabled,0.671084,0.370627,-0.489478,-0.415564,-40.4787,79.3913,-67.654,0.120208,0
1,,116518,Port:10,0,0,0,Enabled,0.669889,0.369974,-0.49401,-0.412702,-44.8002,78.7315,-66.8305,0.138562,0
1,,116526,Port:10,0,0,0,Enabled,0.669796,0.368788,-0.496131,-0.411366,-46.9112,78.4704,-66.2265,0.144585,0
1,,116558,Port:10,0,0,0,Enabled,0.665338,0.365296,-0.504633,-0.411376,-55.3047,77.2903,-63.3725,0.145937,0
1,,116574,Port:10,0,0,0,Enabled,0.663484,0.36626,-0.507038,-0.410554,-60.0294,76.0343,-62.4953,0.112273,0
1,,116582,Port:10,0,0,0,Enabled,0.660845,0.366698,-0.509359,-0.411545,-62.4639,75.5716,-62.3291,0.0882775,0
1,,116598,Port:10,0,0,0,Enabled,0.654401,0.371396,-0.51083,-0.415785,-67.3777,74.2761,-62.2708,0.0577798,0
1,,116622,Port:10,0,0,0,Enabled,0.647036,0.376582,-0.513731,-0.419059,-73.3986,72.1611,-62.1024,0.131527,0
1,,116630,Port:10,0,0,0,Enabled,0.644291,0.378024,-0.51405,-0.421592,-75.1242,71.484,-61.9524,0.146176,0
1,,116646,Port:10,0,0,0,Enabled,0.641268,0.380214,-0.515149,-0.422889,-78.6397,69.8639,-61.9549,0.155942,0
1,,116662,Port:10,0,0,0,Enabled,0.635578,0.38084,-0.519313,-0.425812,-82.3492,68.8963,-62.5096,0.136659,0
1,,116678,Port:10,0,0,0,Enabled,0.632418,0.382115,-0.521345,-0.426889,-86.234,67.0878,-62.7526,0.101245,0
1,,116694,Port:10,0,0,0,Enabled,0.629935,0.383208,-0.523131,-0.427397,-89.8842,65.1448,-63.0405,0.0816482,0
1,,116710,Port:10,0,0,0,Enabled,0.624927,0.384805,-0.525664,-0.430197,-93.4469,63.2878,-63.531,0.0659537,0
1,,116726,Port:10,0,0,0,Enabled,0.623585,0.387184,-0.526759,-0.428666,-97.1208,60.5569,-64.0289,0.0580036,0
1,,116742,Port:10,0,0,0,Enabled,0.619299,0.389594,-0.528672,-0.430339,-100.366,57.9876,-64.4071,0.0515763,0
1,,116758,Port:10,0,0,0,Enabled,0.61802,0.393273,-0.528346,-0.429229,-103.392,54.2033,-64.6632,0.0435978,0
1,,116766,Port:10,0,0,0,Enabled,0.61801,0.395178,-0.528461,-0.42735,-104.743,52.1667,-64.9601,0.0406665,0
1,,116798,Port:10,0,0,0,Enabled,0.61357,0.402466,-0.529168,-0.42607,-109.004,44.1813,-65.864,0.0332133,0
1,,116814,Port:10,0,0,0,Enabled,0.612474,0.405136,-0.528984,-0.425343,-110.683,40.0441,-66.2718,0.0302497,0
1,,116830,Port:10,0,0,0,Enabled,0.609784,0.407869,-0.528754,-0.426878,-112,35.8644,-66.7717,0.0268747,0
1,,116846,Port:10,0,0,0,Enabled,0.609314,0.41088,-0.526605,-0.427319,-113.651,31.0823,-67.1415,0.021251,0
1,,116862,Port:10,0,0,0,Enabled,0.606794,0.413774,-0.527296,-0.427259,-115.422,26.3358,-68.2563,0.019101,0
1,,116878,Port:10,0,0,0,Enabled,0.604983,0.416999,-0.526864,-0.427226,-117.252,21.4897,-69.5431,0.0155744,0
1,,116886,Port:10,0,0,0,Enabled,0.6037,0.418575,-0.526884,-0.427475,-117.966,19.0833,-70.1922,0.0145719,0
1,,116902,Port:10,0,0,0,Enabled,0.602332,0.420582,-0.526259,-0.428203,-118.987,14.4697,-70.8546,0.014199,0
1,,116918,Port:10,0,0,0,Enabled,0.600868,0.422021,-0.5243,-0.431238,-119.345,9.93026,-70.7708,0.0165654,0
1,,116934,Port:10,0,0,0,Enabled,0.600041,0.424273,-0.523104,-0.431632,-119.597,5.49217,-71.1189,0.0169369,0
1,,116950,Port:10,0,0,0,Enabled,0.598823,0.427105,-0.520906,-0.433187,-119.755,1.09199,-71.4936,0.0225484,0
1,,116966,Port:10,0,0,0,Enabled,0.59803,0.430462,-0.519842,-0.432234,-119.568,-3.20502,-72.2733,0.024011,0
1,,116982,Port:10,0,0,0,Enabled,0.597253,0.432766,-0.517798,-0.43346,-119.352,-6.95589,-72.8862,0.0281725,0
1,,116998,Port:10,0,0,0,Enabled,0.595294,0.436056,-0.516643,-0.434236,-118.783,-10.3502,-73.7797,0.030768,0
1,,117006,Port:10,0,0,0,Enabled,0.595403,0.43713,-0.515464,-0.434408,-118.55,-11.9754,-74.059,0.0318928,0
1,,117038,Port:10,0,0,0,Enabled,0.594725,0.441272,-0.512532,-0.434618,-116.895,-17.211,-75.371,0.0386073,0
1,,117054,Port:10,0,0,0,Enabled,0.593014,0.442978,-0.511966,-0.435884,-115.59,-18.9182,-76.0729,0.0414467,0
1,,117070,Port:10,0,0,0,Enabled,0.592697,0.444526,-0.51016,-0.436857,-114.588,-20.7512,-76.6781,0.0434259,0
1,,117086,Port:10,0,0,0,Enabled,0.592633,0.446887,-0.509078,-0.435795,-113.75,-22.9016,-77.6461,0.0453828,0
1,,117102,Port:10,0,0,0,Enabled,0.591431,0.448716,-0.507966,-0.436846,-112.898,-24.8021,-78.4762,0.0488876,0
1,,117118,Port:10,0,0,0,Enabled,0.59123,0.450458,-0.506256,-0.437309,-112.146,-26.7595,-79.1302,0.0526337,0
1,,117126,Port:10,0,0,0,Enabled,0.590982,0.450855,-0.506009,-0.437522,-111.718,-27.4897,-79.5697,0.0546808,0
1,,117142,Port:10,0,0,0,Enabled,0.589445,0.452832,-0.504613,-0.439162,-110.617,-28.8727,-80.495,0.0574445,0
1,,117158,Port:10,0,0,0,Enabled,0.58955,0.453538,-0.503086,-0.440045,-109.356,-30.324,-81.2691,0.0608494,0
1,,117174,Port:10,0,0,0,Enabled,0.589206,0.454366,-0.50158,-0.441368,-108.09,-31.8564,-82.0745,0.0666313,0
1,,117190,Port:10,0,0,0,Enabled,0.588783,0.456165,-0.499828,-0.442064,-106.926,-33.587,-83.1861,0.069667,0
1,,117206,Port:10,0,0,0,Enabled,0.58842,0.457903,-0.497833,-0.442999,-105.696,-35.2873,-84.2178,0.0748027,0
1,,117222,Port:10,0,0,0,Enabled,0.587235,0.457902,-0.496331,-0.446247,-104.254,-36.2978,-84.8262,0.0783397,0
1,,117238,Port:10,0,0,0,Enabled,0.587049,0.458808,-0.494204,-0.447919,-103.205,-37.9084,-85.5341,0.0845831,0
1,,117246,Port:10,0,0,0,Enabled,0.586799,0.460052,-0.493512,-0.447733,-102.682,-38.7804,-86.0968,0.0879403,0
1,,117278,Port:10,0,0,0,Enabled,0.585467,0.462242,-0.489385,-0.451733,-99.9353,-41.5777,-87.8296,0.102556,0
1,,117294,Port:10,0,0,0,Enabled,0.585137,0.462975,-0.4866,-0.45441,-97.9386,-43.0402,-88.6722,0.110457,0
1,,117302,Port:10,0,0,0,Enabled,0.584516,0.463729,-0.484631,-0.456541,-96.8092,-43.8779,-89.0869,0.114901,0
1,,117326,Port:10,0,0,0,Enabled,0.584888,0.466101,-0.478889,-0.459696,-93.3617,-46.7271,-90.9134,0.132713,0
1,,117342,Port:10,0,0,0,Enabled,0.584016,0.467411,-0.474554,-0.463952,-90.9982,-48.2673,-92.1706,0.148287,0
1,,117350,Port:10,0,0,0,Enabled,0.583503,0.467951,-0.472707,-0.465934,-89.9396,-48.9408,-92.9336,0.154092,0
1,,117366,Port:10,0,0,0,Enabled,0.582553,0.46923,-0.468953,-0.469615,-87.8886,-50.3429,-94.5609,0.164108,0
1,,117382,Port:10,0,0,0,Enabled,0.580501,0.471037,-0.464701,-0.474547,-85.7842,-51.6747,-96.2316,0.1792,0
1,,117398,Port:10,0,0,0,Enabled,0.580858,0.472354,-0.460124,-0.477254,-83.4591,-53.1456,-97.8949,0.187638,0
1,,117414,Port:10,0,0,0,Enabled,0.578692,0.473611,-0.455212,-0.483312,-80.8545,-53.9532,-99.436,0.202893,0
1,,117430,Port:10,0,0,0,Enabled,0.579476,0.474272,-0.450111,-0.486492,-77.721,-54.8969,-100.741,0.204875,0
1,,117446,Port:10,0,0,0,Enabled,0.578845,0.474793,-0.44411,-0.492216,-74.338,-55.5495,-101.767,0.210116,0
1,,117462,Port:10,0,0,0,Enabled,0.579598,0.475834,-0.43794,-0.495839,-70.8579,-56.5765,-102.919,0.211866,0
1,,117478,Port:10,0,0,0,Enabled,0.580933,0.475925,-0.432221,-0.499197,-67.6753,-57.4822,-103.942,0.209751,0
1,,117486,Port:10,0,0,0,Enabled,0.581161,0.475728,-0.430059,-0.500983,-66.2253,-57.7207,-104.566,0.206828,0
1,,117518,Port:10,0,0,0,Enabled,0.583852,0.474747,-0.423144,-0.504659,-61.019,-57.9981,-107.469,0.197896,0
1,,117534,Port:10,0,0,0,Enabled,0.586737,0.473407,-0.420057,-0.505152,-58.0068,-57.9023,-109.14,0.191674,0
1,,117550,Port:10,0,0,0,Enabled,0.589575,0.471851,-0.416971,-0.50586,-54.3896,-58.1552,-110.765,0.183654,0
1,,117566,Port:10,0,0,0,Enabled,0.592111,0.471195,-0.411743,-0.507787,-50.5405,-58.9339,-112.308,0.184567,0
1,,117582,Port:10,0,0,0,Enabled,0.595471,0.471548,-0.406911,-0.507425,-46.8947,-60.4474,-114.094,0.182786,0
1,,117598,Port:10,0,0,0,Enabled,0.597102,0.471551,-0.403529,-0.508207,-43.7916,-61.3899,-115.971,0.185401,0
1,,117606,Port:10,0,0,0,Enabled,0.598511,0.471141,-0.402091,-0.508069,-42.325,-61.8537,-116.957,0.184531,0
1,,117622,Port:10,0,0,0,Enabled,0.601626,0.469606,-0.398926,-0.508307,-39.0929,-62.5056,-118.684,0.181809,0
1,,117638,Port:10,0,0,0,Enabled,0.603723,0.466265,-0.395009,-0.511941,-35.6846,-62.8091,-120.138,0.178529,0
1,,117654,Port:10,0,0,0,Enabled,0.609389,0.461359,-0.389201,-0.514117,-32.345,-63.5196,-120.867,0.176041,0
1,,117670,Port:10,0,0,0,Enabled,0.619323,0.454443,-0.376089,-0.518149,-29.1606,-64.8377,-120.945,0.183165,0
1,,117686,Port:10,0,0,0,Enabled,0.623344,0.449501,-0.372587,-0.520165,-26.9628,-65.2743,-121.99,0.177367,0
1,,117702,Port:10,0,0,0,Enabled,0.62631,0.44379,-0.368784,-0.5242,-25.0544,-65.3622,-123.128,0.177394,0
1,,117718,Port:10,0,0,0,Enabled,0.632364,0.436162,-0.360847,-0.528838,-22.7627,-65.4696,-123.308,0.175947,0
1,,117726,Port:10,0,0,0,Enabled,0.634807,0.431844,-0.358456,-0.531076,-21.6703,-65.2021,-123.59,0.174967,0
1,,117758,Port:10,0,0,0,Enabled,0.63905,0.417138,-0.348484,-0.544215,-17.8345,-63.5879,-124.571,0.160913,0
1,,117774,Port:10,0,0,0,Enabled,0.642842,0.411634,-0.34288,-0.547491,-15.8268,-63.3425,-125.067,0.146728,0
1,,117790,Port:10,0,0,0,Enabled,0.645974,0.407355,-0.336541,-0.550927,-13.6532,-63.0541,-125.54,0.133557,0
1,,117806,Port:10,0,0,0,Enabled,0.652098,0.400682,-0.330452,-0.55229,-10.8395,-62.7423,-125.697,0.106524,0
1,,117822,Port:10,0,0,0,Enabled,0.655817,0.395282,-0.32467,-0.555199,-7.78516,-61.9175,-126.219,0.0835562,0
1,,117838,Port:10,0,0,0,Enabled,0.660632,0.388635,-0.316465,-0.558908,-4.01473,-61.1318,-126.283,0.0536398,0
1,,117846,Port:10,0,0,0,Enabled,0.663154,0.385595,-0.311426,-0.560854,-1.97928,-60.7464,-126.281,0.0433479,0
1,,117862,Port:10,0,0,0,Enabled,0.669269,0.377934,-0.30186,-0.564027,2.20137,-60.2855,-126.066,0.0267435,0
1,,117878,Port:10,0,0,0,Enabled,0.671725,0.371756,-0.292437,-0.570144,5.89395,-59.3132,-126.227,0.0273899,0
1,,117894,Port:10,0,0,0,Enabled,0.674859,0.366174,-0.284351,-0.574131,9.29752,-58.462,-126.432,0.0256837,0
1,,117910,Port:10,0,0,0,Enabled,0.679814,0.361797,-0.276281,-0.575,12.1036,-57.8303,-126.613,0.0285059,0
1,,117926,Port:10,0,0,0,Enabled,0.682871,0.358526,-0.269178,-0.576793,14.702,-56.5095,-126.864,0.0300858,0
1,,117942,Port:10,0,0,0,Enabled,0.690728,0.353386,-0.259591,-0.575,17.0076,-55.6613,-126.114,0.030834,0
1,,117950,Port:10,0,0,0,Enabled,0.694753,0.351654,-0.256611,-0.572546,18.1143,-54.6558,-126.009,0.030137,0
1,,117966,Port:10,0,0,0,Enabled,0.702556,0.345292,-0.24932,-0.570113,20.4247,-52.1189,-125.043,0.0343649,0
1,,117998,Port:10,0,0,0,Enabled,0.714027,0.335635,-0.234573,-0.567882,24.806,-45.7922,-123.594,0.0648804,0
1,,118014,Port:10,0,0,0,Enabled,0.714317,0.334604,-0.233414,-0.568603,26.3334,-41.9056,-124.167,0.0932187,0
1,,118030,Port:10,0,0,0,Enabled,0.717499,0.332003,-0.227937,-0.568343,28.3992,-38.9858,-124.277,0.115973,0
1,,118046,Port:10,0,0,0,Enabled,0.71846,0.329229,-0.224624,-0.57006,30.792,-35.3634,-124.526,0.131971,0
1,,118062,Port:10,0,0,0,Enabled,0.718581,0.323939,-0.222132,-0.5739,33.0399,-31.837,-124.426,0.147953,0
1,,118070,Port:10,0,0,0,Enabled,0.719493,0.322222,-0.221032,-0.57415,34.0852,-30.1861,-124.464,0.145469,0
1,,118086,Port:10,0,0,0,Enabled,0.722969,0.317944,-0.217165,-0.573643,36.4426,-27.6733,-124.214,0.144929,0
1,,118102,Port:10,0,0,0,Enabled,0.724322,0.314712,-0.216196,-0.574086,38.3744,-24.681,-123.875,0.142034,0
1,,118118,Port:10,0,0,0,Enabled,0.727425,0.308951,-0.214768,-0.573826,40.3784,-21.4595,-122.787,0.135439,0
1,,118134,Port:10,0,0,0,Enabled,0.72943,0.304698,-0.217232,-0.572627,41.3565,-17.3877,-121.597,0.12988,0
1,,118150,Port:10,0,0,0,Enabled,0.732821,0.300431,-0.220717,-0.56921,41.848,-12.9355,-120.09,0.126029,0
1,,118166,Port:10,0,0,0,Enabled,0.737312,0.296019,-0.224604,-0.564178,42.2232,-7.881,-118.168,0.120864,0
1,,118182,Port:10,0,0,0,Enabled,0.74001,0.289188,-0.230389,-0.561852,42.4614,-1.91629,-115.753,0.118325,0
1,,118190,Port:10,0,0,0,Enabled,0.742629,0.286207,-0.232283,-0.559135,42.641,0.936439,-114.471,0.115814,0
1,,118222,Port:10,0,0,0,Enabled,0.751187,0.27748,-0.244588,-0.546717,41.8323,12.1592,-110.304,0.1147,0
1,,118238,Port:10,0,0,0,Enabled,0.754225,0.27287,-0.251309,-0.541785,41.2772,17.748,-108.566,0.114328,0
1,,118254,Port:10,0,0,0,Enabled,0.756814,0.267833,-0.257698,-0.537671,40.4904,22.9785,-107.205,0.118957,0
1,,118270,Port:10,0,0,0,Enabled,0.760155,0.267547,-0.263166,-0.530402,39.5989,27.808,-106.393,0.116985,0
1,,118286,Port:10,0,0,0,Enabled,0.763171,0.264392,-0.270006,-0.52418,38.9121,32.7974,-105.635,0.120579,0
1,,118302,Port:10,0,0,0,Enabled,0.766268,0.259298,-0.278146,-0.517912,38.7763,38.5072,-104.659,0.125157,0
1,,118310,Port:10,0,0,0,Enabled,0.768273,0.255833,-0.282262,-0.514426,38.7733,41.3755,-104.104,0.129223,0
1,,118326,Port:10,0,0,0,Enabled,0.771084,0.251387,-0.290947,-0.507528,38.4241,46.8228,-103.203,0.134977,0
1,,118342,Port:10,0,0,0,Enabled,0.774913,0.247109,-0.298328,-0.499448,38.3249,51.9058,-101.884,0.145614,0
1,,118358,Port:10,0,0,0,Enabled,0.775491,0.246829,-0.303721,-0.495421,38.0301,56.4979,-100.405,0.149675,0
1,,118374,Port:10,0,0,0,Enabled,0.777972,0.245542,-0.313126,-0.486232,36.8917,60.7524,-99.4131,0.162815,0
1,,118390,Port:10,0,0,0,Enabled,0.776481,0.25035,-0.321196,-0.480869,35.2499,64.6417,-98.3314,0.172125,0
1,,118406,Port:10,0,0,0,Enabled,0.776485,0.255255,-0.328228,-0.473479,33.4101,68.2916,-97.0363,0.177591,0
1,,118422,Port:10,0,0,0,Enabled,0.774533,0.260037,-0.333605,-0.470305,31.8989,72.2057,-95.4752,0.172502,0
1,,118430,Port:10,0,0,0,Enabled,0.772743,0.263121,-0.336703,-0.469326,31.1166,74.0331,-94.8115,0.168112,0
1,,118462,Port:10,0,0,0,Enabled,0.763249,0.278728,-0.353046,-0.463811,27.0271,80.7171,-93.2748,0.163002,0
1,,118478,Port:10,0,0,0,Enabled,0.759801,0.288215,-0.361371,-0.457216,24.749,83.1566,-92.9332,0.168219,0
1,,118494,Port:10,0,0,0,Enabled,0.757606,0.295618,-0.372308,-0.447248,22.3171,85.7305,-92.9352,0.178154,0
1,,118510,Port:10,0,0,0,Enabled,0.752776,0.301305,-0.386657,-0.439363,19.3112,88.7563,-93.5587,0.195452,0
1,,118526,Port:10,0,0,0,Enabled,0.745033,0.309321,-0.396532,-0.438188,16.9503,91.7511,-93.4842,0.199839,0
1,,118542,Port:10,0,0,0,Enabled,0.737522,0.318572,-0.405544,-0.436012,14.5866,94.3376,-93.4826,0.205023,0
1,,118550,Port:10,0,0,0,Enabled,0.734831,0.321716,-0.41248,-0.43172,13.23,95.3191,-93.8657,0.215679,0
1,,118566,Port:10,0,0,0,Enabled,0.727415,0.334039,-0.422421,-0.42526,10.7028,96.7029,-94.3138,0.224197,0
1,,118582,Port:10,0,0,0,Enabled,0.721308,0.347578,-0.431838,-0.415236,8.21117,96.9995,-94.9463,0.222889,0
1,,118598,Port:10,0,0,0,Enabled,0.700688,0.383313,-0.432858,-0.41802,5.33081,96.7355,-96.0077,0.10928,0
1,,118614,Port:10,0,0,0,Enabled,0.67547,0.42204,-0.427424,-0.427705,3.12419,96.0365,-96.4969,0.323472,0
1,,118630,Port:10,0,0,0,Enabled,0.675988,0.42442,-0.442968,-0.408273,0.509227,94.2548,-97.5714,0.229459,0
1,,118646,Port:10,0,0,0,Enabled,0.673724,0.429853,-0.461753,-0.384846,-3.21234,90.9324,-100.334,0.140869,0
1,,118662,Port:10,0,0,0,Enabled,0.661908,0.445161,-0.479765,-0.365425,-7.28313,86.6946,-104.388,0.121386,0
1,,118670,Port:10,0,0,0,Enabled,0.656851,0.453354,-0.486954,-0.354814,-9.24216,84.2558,-106.248,0.120043,0
1,,118702,Port:10,0,0,0,Enabled,0.649394,0.468771,-0.49906,-0.330879,-15.1152,76.0204,-107.621,0.13536,0
1,,118718,Port:10,0,0,0,Enabled,0.639521,0.476119,-0.508179,-0.325696,-17.9159,72.4067,-108.491,0.148525,0
1,,118734,Port:10,0,0,0,Enabled,0.632146,0.485702,-0.512385,-0.31929,-20.6465,67.6772,-109.525,0.168507,0
1,,118750,Port:10,0,0,0,Enabled,0.624249,0.497576,-0.515289,-0.311785,-23.0912,62.8528,-111.352,0.188932,0
1,,118766,Port:10,0,0,0,Enabled,0.615688,0.506057,-0.520541,-0.306384,-25.3898,59.1759,-113.547,0.213283,0
1,,118782,Port:10,0,0,0,Enabled,0.608147,0.511798,-0.523981,-0.306047,-27.6017,56.2195,-115.432,0.216596,0
1,,118790,Port:10,0,0,0,Enabled,0.605881,0.513421,-0.523999,-0.307785,-28.698,54.7682,-115.98,0.215779,0
1,,118806,Port:10,0,0,0,Enabled,0.601968,0.515486,-0.522812,-0.31397,-31.3679,51.5905,-116.682,0.204275,0
1,,118822,Port:10,0,0,0,Enabled,0.599506,0.516227,-0.523126,-0.316926,-34.9377,47.8747,-116.969,0.183205,0
1,,118838,Port:10,0,0,0,Enabled,0.601252,0.512136,-0.523252,-0.320032,-39.9939,44.6192,-116.129,0.151902,0
1,,118854,Port:10,0,0,0,Enabled,0.598159,0.506591,-0.529554,-0.324258,-46.6229,42.0905,-116.216,0.100094,0
1,,118870,Port:10,0,0,0,Enabled,0.594404,0.501028,-0.537485,-0.326748,-54.4273,39.9425,-117.294,0.0661414,0
1,,118886,Port:10,0,0,0,Enabled,0.592784,0.496304,-0.542714,-0.328255,-62.8719,38.1909,-118.498,0.0574204,0
1,,118902,Port:10,0,0,0,Enabled,0.585753,0.49324,-0.549236,-0.334586,-70.9407,37.6069,-120.033,0.0563993,0
1,,118910,Port:10,0,0,0,Enabled,0.582949,0.490981,-0.55221,-0.337895,-74.752,37.6334,-120.585,0.0549724,0
1,,118942,Port:10,0,0,0,Enabled,0.580214,0.48182,-0.55619,-0.349075,-86.8276,37.6239,-120.361,0.053873,0
1,,118958,Port:10,0,0,0,Enabled,0.578582,0.476998,-0.556836,-0.357282,-90.8632,38.2114,-119.245,0.0536797,0
1,,118974,Port:10,0,0,0,Enabled,0.577747,0.472786,-0.558091,-0.362238,-94.2373,38.4223,-118.369,0.0525274,0
1,,118990,Port:10,0,0,0,Enabled,0.576659,0.471062,-0.55854,-0.365512,-97.2188,38.3631,-117.668,0.0519808,0
1,,119006,Port:10,0,0,0,Enabled,0.575662,0.468714,-0.559012,-0.369358,-100.072,38.0701,-116.89,0.0517903,0
1,,119022,Port:10,0,0,0,Enabled,0.575361,0.468082,-0.558653,-0.37117,-102.82,37.385,-115.92,0.0529787,0
1,,119038,Port:10,0,0,0,Enabled,0.575549,0.466528,-0.557258,-0.374913,-105.574,36.8506,-114.55,0.0510632,0
1,,119046,Port:10,0,0,0,Enabled,0.575412,0.465671,-0.55747,-0.375873,-106.846,36.7084,-114.025,0.0513245,0
1,,119062,Port:10,0,0,0,Enabled,0.573921,0.464252,-0.558483,-0.378394,-109.327,36.4044,-113.124,0.0506927,0
1,,119078,Port:10,0,0,0,Enabled,0.574232,0.462393,-0.558293,-0.380473,-111.874,35.7226,-112.057,0.0533331,0
1,,119094,Port:10,0,0,0,Enabled,0.572881,0.463562,-0.557768,-0.381855,-114.492,34.5871,-111.507,0.0515439,0
1,,119110,Port:10,0,0,0,Enabled,0.571707,0.461797,-0.558955,-0.38401,-116.916,33.8302,-110.821,0.0545096,0
1,,119126,Port:10,0,0,0,Enabled,0.569536,0.461151,-0.558705,-0.388353,-119.377,32.7515,-110.133,0.0517642,0
1,,119142,Port:10,0,0,0,Enabled,0.56873,0.460075,-0.558486,-0.391115,-121.421,31.3367,-109.34,0.0536892,0
1,,119150,Port:10,0,0,0,Enabled,0.568629,0.458593,-0.558473,-0.393015,-122.307,30.6962,-108.89,0.0546844,0
1,,119182,Port:10,0,0,0,Enabled,0.567781,0.45666,-0.555494,-0.400641,-124.881,27.2448,-107.805,0.0497118,0
1,,119198,Port:10,0,0,0,Enabled,0.566288,0.456605,-0.554405,-0.404309,-125.753,25.4795,-107.552,0.0467066,0
1,,119214,Port:10,0,0,0,Enabled,0.565065,0.455448,-0.553568,-0.408449,-126.329,23.7248,-106.934,0.0464899,0
1,,119230,Port:10,0,0,0,Enabled,0.565362,0.454639,-0.550352,-0.413258,-126.913,21.6717,-105.759,0.0432088,0
1,,119246,Port:10,0,0,0,Enabled,0.565727,0.452574,-0.546762,-0.41974,-127.256,19.7635,-104.304,0.0405848,0
1,,119262,Port:10,0,0,0,Enabled,0.56614,0.449683,-0.545606,-0.423774,-127.055,17.9425,-103.2,0.0370137,0
1,,119270,Port:10,0,0,0,Enabled,0.565776,0.448668,-0.544188,-0.427145,-126.764,17.0067,-102.537,0.0360777,0
1,,119286,Port:10,0,0,0,Enabled,0.566835,0.445944,-0.542154,-0.431163,-126.36,14.8499,-101.721,0.0356549,0
1,,119302,Port:10,0,0,0,Enabled,0.565701,0.445888,-0.540506,-0.434764,-125.683,12.2447,-101.412,0.0322819,0
1,,119318,Port:10,0,0,0,Enabled,0.566739,0.446435,-0.538561,-0.435265,-124.894,8.89341,-101.365,0.0323724,0
1,,119334,Port:10,0,0,0,Enabled,0.566407,0.448148,-0.535787,-0.437355,-123.62,5.32235,-101.388,0.0310905,0
1,,119350,Port:10,0,0,0,Enabled,0.566983,0.450801,-0.532612,-0.43776,-122.36,1.56101,-101.537,0.0342138,0
1,,119366,Port:10,0,0,0,Enabled,0.5664,0.452445,-0.530667,-0.439178,-121.089,-1.73892,-101.737,0.0368575,0
1,,119382,Port:10,0,0,0,Enabled,0.567083,0.455161,-0.527803,-0.438941,-120.203,-5.27954,-102.073,0.0377301,0
1,,119390,Port:10,0,0,0,Enabled,0.56666,0.455716,-0.527425,-0.439366,-119.707,-6.71061,-102.334,0.0408287,0
1,,119422,Port:10,0,0,0,Enabled,0.565073,0.46174,-0.522678,-0.44079,-118.126,-12.9605,-103.557,0.04624,0
1,,119438,Port:10,0,0,0,Enabled,0.565011,0.464397,-0.519516,-0.441815,-117.263,-16.1896,-104.046,0.0512642,0
1,,119454,Port:10,0,0,0,Enabled,0.564381,0.46772,-0.5164,-0.442768,-115.968,-19.3491,-104.511,0.0543153,0
1,,119470,Port:10,0,0,0,Enabled,0.56476,0.468031,-0.513652,-0.445147,-114.476,-22.2506,-104.558,0.0630058,0
1,,119486,Port:10,0,0,0,Enabled,0.564429,0.471043,-0.509887,-0.446714,-113.016,-25.6289,-104.85,0.0691086,0
1,,119502,Port:10,0,0,0,Enabled,0.564718,0.473088,-0.506887,-0.447602,-111.641,-28.8071,-105.31,0.0764335,0
1,,119510,Port:10,0,0,0,Enabled,0.563971,0.474278,-0.50569,-0.448638,-110.921,-30.2097,-105.612,0.0792864,0
1,,119526,Port:10,0,0,0,Enabled,0.563946,0.47619,-0.502847,-0.449837,-109.457,-32.8938,-106.045,0.0886794,0
1,,119550,Port:10,0,0,0,Enabled,0.563261,0.478014,-0.499554,-0.452422,-107.071,-36.1781,-106.476,0.0998964,0
1,,119558,Port:10,0,0,0,Enabled,0.563363,0.478836,-0.498166,-0.452956,-106.178,-37.1939,-106.545,0.103576,0
1,,119574,Port:10,0,0,0,Enabled,0.563599,0.479579,-0.495623,-0.454663,-104.156,-38.996,-106.387,0.109334,0
1,,119590,Port:10,0,0,0,Enabled,0.563537,0.48047,-0.492612,-0.457064,-101.926,-40.7252,-106.019,0.120069,0
1,,119606,Port:10,0,0,0,Enabled,0.564959,0.482028,-0.489885,-0.456601,-99.5737,-42.4774,-105.877,0.124738,0
1,,119622,Port:10,0,0,0,Enabled,0.565039,0.482748,-0.487525,-0.458262,-96.9363,-43.3894,-105.682,0.136908,0
1,,119630,Port:10,0,0,0,Enabled,0.565514,0.482938,-0.486414,-0.458657,-95.5565,-43.8041,-105.533,0.140805,0
1,,119670,Port:10,0,0,0,Enabled,0.567505,0.485426,-0.47714,-0.463289,-87.8242,-46.027,-104.242,0.164481,0
1,,119678,Port:10,0,0,0,Enabled,0.568181,0.485857,-0.475089,-0.464117,-86.3431,-46.4131,-104.068,0.170348,0
1,,119694,Port:10,0,0,0,Enabled,0.568807,0.487103,-0.471505,-0.465696,-83.5705,-46.9166,-103.941,0.178832,0
1,,119710,Port:10,0,0,0,Enabled,0.569501,0.487696,-0.468536,-0.467221,-80.8509,-46.9865,-103.831,0.184339,0
1,,119726,Port:10,0,0,0,Enabled,0.570369,0.487601,-0.466041,-0.468755,-78.406,-46.8149,-103.86,0.189708,0
1,,119742,Port:10,0,0,0,Enabled,0.570677,0.489061,-0.463377,-0.469499,-76.0635,-46.8584,-104.115,0.196984,0
1,,119758,Port:10,0,0,0,Enabled,0.572168,0.489908,-0.46007,-0.470053,-73.6459,-46.9591,-104.187,0.197738,0
1,,119766,Port:10,0,0,0,Enabled,0.572412,0.49038,-0.458585,-0.470714,-72.3266,-46.9072,-104.087,0.201252,0
1,,119790,Port:10,0,0,0,Enabled,0.57454,0.490588,-0.452905,-0.473397,-68.4726,-46.8618,-103.647,0.201597,0
1,,119806,Port:10,0,0,0,Enabled,0.576586,0.490825,-0.449304,-0.474094,-65.9091,-46.9928,-103.542,0.20117,0
1,,119814,Port:10,0,0,0,Enabled,0.577584,0.490323,-0.447603,-0.475008,-64.647,-46.8659,-103.477,0.19874,0
1,,119830,Port:10,0,0,0,Enabled,0.578779,0.490148,-0.444582,-0.476568,-62.0802,-46.7232,-103.539,0.193484,0
1,,119846,Port:10,0,0,0,Enabled,0.581366,0.489941,-0.441368,-0.476619,-59.4782,-46.8426,-103.918,0.188961,0
1,,119862,Port:10,0,0,0,Enabled,0.582521,0.489977,-0.438426,-0.477887,-56.7963,-47.0272,-104.576,0.183509,0
1,,119870,Port:10,0,0,0,Enabled,0.583369,0.490888,-0.436562,-0.477623,-55.3743,-47.4618,-105.124,0.183266,0
1,,119910,Port:10,0,0,0,Enabled,0.590418,0.493774,-0.429473,-0.472385,-46.8851,-50.0165,-108.565,0.166397,0
1,,119918,Port:10,0,0,0,Enabled,0.592215,0.494597,-0.427706,-0.470876,-44.9925,-50.5772,-109.435,0.164848,0
1,,119934,Port:10,0,0,0,Enabled,0.594208,0.497407,-0.424383,-0.468404,-41.1046,-51.9038,-111.618,0.165416,0
1,,119950,Port:10,0,0,0,Enabled,0.596018,0.50156,-0.42206,-0.463753,-37.4783,-53.4499,-114.217,0.163943,0
1,,119966,Port:10,0,0,0,Enabled,0.598566,0.504104,-0.419376,-0.460135,-34.1091,-54.5244,-116.109,0.160172,0
1,,119982,Port:10,0,0,0,Enabled,0.599907,0.505501,-0.418453,-0.457687,-31.1039,-54.8633,-117.787,0.154173,0
1,,119998,Port:10,0,0,0,Enabled,0.602919,0.508807,-0.417132,-0.451226,-28.3702,-55.3902,-119.935,0.150385,0
1,,120006,Port:10,0,0,0,Enabled,0.603851,0.511085,-0.416657,-0.447831,-26.884,-55.5454,-121.011,0.14624,0
1,,120030,Port:10,0,0,0,Enabled,0.609007,0.509139,-0.41705,-0.44267,-22.0045,-53.6032,-122.147,0.123409,0
1,,120038,Port:10,0,0,0,Enabled,0.610964,0.507859,-0.416937,-0.441549,-20.376,-52.7265,-122.095,0.11556,0
1,,120054,Port:10,0,0,0,Enabled,0.615639,0.504932,-0.41701,-0.438332,-17.4589,-50.8478,-122.049,0.1023,0
1,,120070,Port:10,0,0,0,Enabled,0.617387,0.503944,-0.418058,-0.436006,-15.4042,-49.1119,-122.255,0.0862691,0
1,,120086,Port:10,0,0,0,Enabled,0.620262,0.503572,-0.418889,-0.431535,-14.2311,-47.3814,-122.194,0.0794297,0
1,,120102,Port:10,0,0,0,Enabled,0.621826,0.503201,-0.421526,-0.427127,-13.5929,-44.9891,-121.95,0.0680595,0
1,,120110,Port:10,0,0,0,Enabled,0.623313,0.502124,-0.422519,-0.425242,-13.2356,-43.3714,-121.362,0.0632422,0
1,,120150,Port:10,0,0,0,Enabled,0.631519,0.491557,-0.429856,-0.418066,-11.8086,-33.1162,-117.418,0.039216,0
1,,120158,Port:10,0,0,0,Enabled,0.632996,0.489466,-0.431016,-0.417091,-11.6676,-31.0343,-116.753,0.036337,0
1,,120174,Port:10,0,0,0,Enabled,0.633805,0.487089,-0.434277,-0.415258,-11.8477,-27.0445,-115.964,0.0340799,0
1,,120190,Port:10,0,0,0,Enabled,0.635896,0.486576,-0.436388,-0.410422,-12.4164,-23.5032,-115.712,0.0355172,0
1,,120206,Port:10,0,0,0,Enabled,0.636926,0.485707,-0.440004,-0.40597,-13.5261,-19.4547,-115.629,0.0393168,0
1,,120222,Port:10,0,0,0,Enabled,0.637924,0.482246,-0.44351,-0.40471,-15.0658,-14.6016,-115.303,0.0477464,0
1,,120238,Port:10,0,0,0,Enabled,0.636384,0.479514,-0.449156,-0.404155,-17.2721,-9.58555,-115.492,0.0568887,0
1,,120246,Port:10,0,0,0,Enabled,0.635609,0.477511,-0.452328,-0.404207,-18.5041,-7.05733,-115.613,0.0614395,0
1,,120270,Port:10,0,0,0,Enabled,0.632754,0.472474,-0.461178,-0.404605,-22.2827,-0.0377135,-116.118,0.0790593,0
1,,120286,Port:10,0,0,0,Enabled,0.631504,0.469688,-0.466741,-0.403421,-24.7854,4.3062,-116.469,0.0915521,0
1,,120294,Port:10,0,0,0,Enabled,0.630226,0.46796,-0.470085,-0.403546,-26.0203,6.54822,-116.634,0.0967754,0
1,,120310,Port:10,0,0,0,Enabled,0.626825,0.464568,-0.476416,-0.405333,-28.5362,10.9194,-116.881,0.108198,0
1,,120326,Port:10,0,0,0,Enabled,0.62565,0.462936,-0.481647,-0.402826,-30.8878,14.4738,-117.252,0.120278,0
1,,120342,Port:10,0,0,0,Enabled,0.625893,0.46072,-0.486905,-0.398646,-32.8723,17.8704,-117.45,0.132887,0
1,,120350,Port:10,0,0,0,Enabled,0.623949,0.459361,-0.490008,-0.39946,-33.78,19.809,-117.599,0.136052,0
1,,120390,Port:10,0,0,0,Enabled,0.615049,0.452549,-0.507966,-0.398603,-37.9325,28.4361,-118.32,0.167516,0
1,,120406,Port:10,0,0,0,Enabled,0.612675,0.454415,-0.512518,-0.394286,-39.5703,29.9527,-119.109,0.176966,0
1,,120414,Port:10,0,0,0,Enabled,0.611555,0.45541,-0.514415,-0.392402,-40.415,30.4755,-119.599,0.173788,0
1,,120430,Port:10,0,0,0,Enabled,0.610157,0.456233,-0.519023,-0.387524,-42.1531,31.4092,-120.708,0.175501,0
1,,120446,Port:10,0,0,0,Enabled,0.607899,0.455994,-0.524127,-0.384472,-44.1534,32.6261,-121.971,0.175812,0
1,,120462,Port:10,0,0,0,Enabled,0.604377,0.456406,-0.530758,-0.380419,-46.3094,33.9922,-123.655,0.169165,0
1,,120478,Port:10,0,0,0,Enabled,0.60091,0.458118,-0.538212,-0.373314,-48.774,35.3602,-125.798,0.157477,0
1,,120486,Port:10,0,0,0,Enabled,0.5991,0.45851,-0.542253,-0.369879,-50.0982,36.1118,-126.925,0.146731,0
1,,120510,Port:10,0,0,0,Enabled,0.592582,0.461983,-0.554476,-0.357737,-54.5873,38.6989,-131.364,0.115481,0
1,,120526,Port:10,0,0,0,Enabled,0.58594,0.463091,-0.564115,-0.35213,-57.7888,40.9887,-134.939,0.100162,0
1,,120534,Port:10,0,0,0,Enabled,0.583327,0.463729,-0.567679,-0.349895,-59.4642,42.0472,-136.618,0.0917,0
1,,120550,Port:10,0,0,0,Enabled,0.578149,0.466483,-0.57376,-0.344873,-62.9989,43.6755,-140.393,0.0835105,0
1,,120566,Port:10,0,0,0,Enabled,0.572751,0.469845,-0.577877,-0.342431,-66.6646,44.965,-143.928,0.0832486,0
1,,120582,Port:10,0,0,0,Enabled,0.566598,0.476847,-0.578033,-0.342727,-70.9355,45.9271,-147.692,0.07644,0
1,,120590,Port:10,0,0,0,Enabled,0.563226,0.481471,-0.577951,-0.341956,-73.0399,46.2277,-149.618,0.0747265,0
1,,120614,Port:10,0,0,0,Enabled,0.553486,0.493297,-0.579129,-0.339,-79.5683,47.3439,-155.711,0.075806,0
1,,120630,Port:10,0,0,0,Enabled,0.547957,0.496633,-0.583075,-0.336337,-83.617,48.7438,-159.665,0.0803827,0
1,,120638,Port:10,0,0,0,Enabled,0.545038,0.498635,-0.583993,-0.336525,-85.7337,49.4494,-161.565,0.0789317,0
1,,120670,Port:10,0,0,0,Enabled,0.533385,0.507098,-0.587411,-0.336603,-93.4465,51.6705,-169.143,0.089112,0
1,,120686,Port:10,0,0,0,Enabled,0.529234,0.508081,-0.591464,-0.334568,-97.306,52.5853,-173.283,0.0950258,0
1,,120702,Port:10,0,0,0,Enabled,0.524265,0.51171,-0.592739,-0.334602,-101.439,53.3739,-177.324,0.101187,0
1,,120718,Port:10,0,0,0,Enabled,0.520367,0.513528,-0.595826,-0.332414,-105.407,53.9721,-181.823,0.107485,0
1,,120734,Port:10,0,0,0,Enabled,0.514336,0.515781,-0.598917,-0.332756,-109.552,54.9662,-186.522,0.12455,0
1,,120750,Port:10,0,0,0,Enabled,0.50913,0.517648,-0.602497,-0.331399,-113.661,55.7368,-191.748,0.131939,0
1,,120758,Port:10,0,0,0,Enabled,0.506672,0.518612,-0.60447,-0.330062,-115.772,56.0903,-194.42,0.137198,0
1,,120774,Port:10,0,0,0,Enabled,0.5016,0.519277,-0.609468,-0.327564,-120.222,56.8804,-200.078,0.159337,0
1,,120790,Port:10,0,0,0,Enabled,0.496646,0.519046,-0.616364,-0.322538,-123.938,57.5253,-205.616,0.17557,0
1,,120806,Port:10,0,0,0,Enabled,0.492132,0.519109,-0.620707,-0.321022,-128.279,58.5272,-210.959,0.184702,0
1,,120822,Port:10,0,0,0,Enabled,0.488221,0.517146,-0.628224,-0.315491,-131.534,59.3778,-215.896,0.215736,0
1,,120830,Port:10,0,0,0,Missing,,,,,,,,,0
1,,120854,Port:10,0,0,0,Enabled,0.480616,0.516099,-0.637107,-0.311038,-138.328,61.8864,-224.724,0.252407,0
1,,120870,Port:10,0,0,0,Enabled,0.478024,0.51442,-0.641169,-0.309464,-141.511,62.5907,-228.965,0.281661,0
1,,120878,Port:10,0,0,0,Enabled,0.476607,0.513506,-0.644442,-0.306353,-142.627,62.5209,-231.247,0.302185,0
1,,120910,Port:10,0,0,0,Enabled,0.467732,0.511959,-0.654603,-0.301033,-147.326,61.3791,-240.848,0.340374,0
1,,120926,Port:10,0,0,0,Enabled,0.463113,0.514958,-0.65608,-0.299839,-150.003,60.4776,-245.337,0.351917,0
1,,120942,Port:10,0,0,0,Enabled,0.458936,0.515439,-0.659622,-0.297657,-152.222,59.1059,-250.101,0.366486,0
1,,120958,Port:10,0,0,0,Enabled,0.456051,0.516643,-0.659451,-0.300369,-154.386,57.8617,-253.193,0.383611,0
1,,120974,Port:10,0,0,0,Enabled,0.454315,0.520269,-0.656209,-0.30382,-155.93,55.5353,-255.454,0.395546,0
1,,120990,Port:10,0,0,0,Enabled,0.453141,0.526443,-0.649414,-0.309487,-156.705,52.969,-256.054,0.388467,0
1,,120998,Port:10,0,0,0,Enabled,0.452849,0.527995,-0.646808,-0.312713,-156.818,51.5196,-256.274,0.399792,0
1,,121014,Port:10,0,0,0,Enabled,0.454131,0.531322,-0.640223,-0.31871,-155.671,48.6408,-254.9,0.371778,0
1,,121030,Port:10,0,0,0,Enabled,0.458861,0.533054,-0.630418,-0.328442,-155.011,45.6588,-252.217,0.378205,0
1,,121046,Port:10,0,0,0,Enabled,0.461818,0.538154,-0.618962,-0.33764,-152.533,41.7203,-248.198,0.346782,0
1,,121062,Port:10,0,0,0,Enabled,0.465523,0.542993,-0.606187,-0.347829,-150.137,37.1321,-244.229,0.3283,0
1,,121094,Port:10,0,0,0,Enabled,0.474683,0.55331,-0.580547,-0.362613,-143.448,26.9324,-235.74,0.291478,0
1,,121110,Port:10,0,0,0,Enabled,0.476583,0.5552,-0.572334,-0.370209,-140.076,23.0271,-231.892,0.268027,0
1,,121126,Port:10,0,0,0,Enabled,0.47736,0.558922,-0.564763,-0.375202,-137.347,19.2106,-229.154,0.253598,0
1,,121134,Port:10,0,0,0,Enabled,0.478706,0.559786,-0.562762,-0.375205,-135.941,17.3,-227.947,0.243817,0
1,,121150,Port:10,0,0,0,Enabled,0.480186,0.562205,-0.556264,-0.379364,-133.657,13.8111,-225.382,0.233792,0
1,,121166,Port:10,0,0,0,Enabled,0.482401,0.561856,-0.552074,-0.383173,-131.869,11.1355,-223.353,0.246869,0
1,,121182,Port:10,0,0,0,Enabled,0.47922,0.565411,-0.546246,-0.390222,-130.102,9.03252,-221.486,0.221629,0
1,,121198,Port:10,0,0,0,Enabled,0.479523,0.567792,-0.54116,-0.393467,-128.802,6.73779,-220.327,0.222296,0
1,,121214,Port:10,0,0,0,Enabled,0.478465,0.571696,-0.536089,-0.396036,-126.988,3.93054,-219.009,0.21177,0
1,,121230,Port:10,0,0,0,Enabled,0.478658,0.577646,-0.526469,-0.400053,-125.21,0.0316775,-217.663,0.212471,0
1,,121246,Port:10,0,0,0,Enabled,0.477935,0.584593,-0.517605,-0.402387,-123.011,-4.22983,-216.182,0.201535,0
1,,121254,Port:10,0,0,0,Enabled,0.476998,0.587611,-0.513281,-0.404635,-121.617,-6.55149,-215.471,0.202551,0
1,,121270,Port:10,0,0,0,Enabled,0.475049,0.59517,-0.504233,-0.407247,-118.498,-11.6994,-214.161,0.186941,0
1,,121286,Port:10,0,0,0,Enabled,0.471287,0.599642,-0.501184,-0.408819,-114.909,-16.2736,-212.611,0.18804,0
1,,121318,Port:10,0,0,0,Missing,,,,,,,,,0
1,,121334,Port:10,0,0,0,Enabled,0.46155,0.611739,-0.493325,-0.411555,-105.15,-25.9834,-203.557,0.201365,0
1,,121350,Port:10,0,0,0,Enabled,0.458174,0.616939,-0.490021,-0.41151,-102.238,-27.9776,-199.919,0.184575,0
1,,121366,Port:10,0,0,0,Missing,,,,,,,,,0
1,,121374,Port:10,0,0,0,Enabled,0.449917,0.625407,-0.48711,-0.411298,-98.3715,-29.5336,-195.872,0.179552,0
1,,121390,Port:10,0,0,0,Enabled,0.439459,0.633251,-0.48834,-0.409138,-95.6122,-29.7902,-194.16,0.187399,0
1,,121406,Port:10,0,0,0,Enabled,0.433103,0.638535,-0.491811,-0.403506,-93.0176,-29.6963,-192.513,0.180126,0
1,,121422,Port:10,0,0,0,Enabled,0.430484,0.639521,-0.491652,-0.404937,-90.7327,-28.9656,-189.458,0.180517,0
1,,121438,Port:10,0,0,0,Enabled,0.430657,0.641696,-0.486244,-0.407832,-88.3703,-27.9202,-185.524,0.181699,0
1,,121454,Port:10,0,0,0,Enabled,0.433551,0.638402,-0.488331,-0.407443,-85.9575,-25.7134,-181.74,0.188115,0
1,,121470,Port:10,0,0,0,Enabled,0.434558,0.635045,-0.488378,-0.411538,-84.2742,-23.0212,-178.005,0.177725,0
1,,121486,Port:10,0,0,0,Enabled,0.435456,0.632132,-0.487783,-0.415758,-83.244,-20.6321,-175.098,0.181006,0
1,,121494,Port:10,0,0,0,Enabled,0.437157,0.630491,-0.488479,-0.415647,-82.7277,-19.703,-173.973,0.181248,0
1,,121510,Port:10,0,0,0,Enabled,0.441343,0.625624,-0.491028,-0.415574,-81.3653,-17.9153,-171.473,0.179327,0
1,,121526,Port:10,0,0,0,Enabled,0.439292,0.626483,-0.487252,-0.420865,-80.1223,-16.5307,-169.315,0.182855,0
1,,121542,Port:10,0,0,0,Enabled,0.439689,0.626329,-0.484241,-0.424142,-78.7519,-15.4166,-166.906,0.187848,0
1,,121574,Port:10,0,0,0,Enabled,0.430108,0.632834,-0.478132,-0.431182,-75.4999,-13.4692,-162.632,0.199723,0
1,,121590,Port:10,0,0,0,Enabled,0.422677,0.639887,-0.469903,-0.437128,-73.846,-13.1765,-159.989,0.196717,0
1,,121606,Port:10,0,0,0,Enabled,0.419017,0.644846,-0.467299,-0.436155,-72.0648,-12.9518,-157.623,0.201906,0
1,,121614,Port:10,0,0,0,Enabled,0.419542,0.645844,-0.467924,-0.433495,-71.4176,-12.942,-156.586,0.196655,0
1,,121630,Port:10,0,0,0,Enabled,0.420939,0.645871,-0.47029,-0.429521,-70.068,-12.1942,-154.152,0.190492,0
1,,121646,Port:10,0,0,0,Enabled,0.421401,0.646123,-0.47262,-0.426119,-68.5712,-10.941,-151.648,0.187489,0
1,,121662,Port:10,0,0,0,Enabled,0.426115,0.643217,-0.479395,-0.418187,-66.8796,-9.1007,-149.34,0.184117,0
1,,121678,Port:10,0,0,0,Enabled,0.432385,0.639091,-0.486707,-0.409539,-65.2565,-6.70673,-146.932,0.170796,0
1,,121694,Port:10,0,0,0,Enabled,0.434055,0.634056,-0.494288,-0.406508,-64.0261,-3.56469,-144.476,0.16261,0
1,,121710,Port:10,0,0,0,Enabled,0.432463,0.63272,-0.500009,-0.403276,-63.4802,-0.949988,-143.344,0.159111,0
1,,121726,Port:10,0,0,0,Enabled,0.433937,0.629179,-0.512841,-0.39093,-62.6754,1.01243,-143.284,0.147578,0
1,,121734,Port:10,0,0,0,Enabled,0.4358,0.625254,-0.520899,-0.384448,-62.1105,1.7779,-143.253,0.141401,0
1,,121750,Port:10,0,0,0,Enabled,0.435617,0.623567,-0.529798,-0.375122,-60.6131,2.31148,-142.884,0.135176,0
1,,121766,Port:10,0,0,0,Enabled,0.435864,0.620795,-0.53678,-0.369463,-58.7766,2.93642,-141.801,0.132994,0
1,,121782,Port:10,0,0,0,Enabled,0.435912,0.620262,-0.539345,-0.366556,-57.3958,3.39853,-140.5,0.13122,0
1,,121798,Port:10,0,0,0,Missing,,,,,,,,,0
1,,121814,Port:10,0,0,0,Missing,,,,,,,,,0
1,,121830,Port:10,0,0,0,Missing,,,,,,,,,0
1,,121854,Port:10,0,0,0,Missing,,,,,,,,,0
1,,121870,Port:10,0,0,0,Missing,,,,,,,,,0
1,,121886,Port:10,0,0,0,Missing,,,,,,,,,0
1,,121902,Port:10,0,0,0,Enabled,0.435751,0.614204,-0.575025,-0.319719,-59.1689,13.6948,-133.99,0.0841516,0
1,,121918,Port:10,0,0,0,Enabled,0.444462,0.607989,-0.572947,-0.323317,-59.2733,16.0101,-129.903,0.0806707,0
1,,121934,Port:10,0,0,0,Enabled,0.450627,0.599785,-0.574474,-0.327374,-59.7006,19.1425,-126.841,0.0790174,0
1,,121950,Port:10,0,0,0,Enabled,0.452101,0.597001,-0.571968,-0.334735,-59.9403,21.535,-124.291,0.0731484,0
1,,121966,Port:10,0,0,0,Enabled,0.459662,0.589385,-0.570553,-0.340302,-59.822,22.8967,-121.801,0.0728204,0
1,,121974,Port:10,0,0,0,Enabled,0.463145,0.585248,-0.571668,-0.340847,-59.3387,23.089,-120.964,0.0727135,0
1,,121990,Port:10,0,0,0,Enabled,0.463264,0.585314,-0.573094,-0.338166,-58.2194,22.3795,-121.049,0.070654,0
1,,122006,Port:10,0,0,0,Enabled,0.464089,0.585544,-0.575242,-0.332952,-57.8862,21.1456,-121.888,0.0691934,0
1,,122022,Port:10,0,0,0,Enabled,0.469455,0.580699,-0.578786,-0.327731,-57.8162,20.3761,-122.016,0.0744511,0
1,,122038,Port:10,0,0,0,Enabled,0.477795,0.572165,-0.583812,-0.32172,-58.0221,19.7694,-121.425,0.0702949,0
1,,122054,Port:10,0,0,0,Enabled,0.487565,0.561098,-0.58892,-0.317212,-58.3509,19.6119,-119.992,0.0650809,0
1,,122070,Port:10,0,0,0,Enabled,0.496546,0.544413,-0.595494,-0.320067,-59.2354,22.3379,-117.216,0.0633219,0
1,,122086,Port:10,0,0,0,Enabled,0.499471,0.540355,-0.593748,-0.325589,-59.717,23.4599,-115.001,0.0616936,0
1,,122110,Port:10,0,0,0,Enabled,0.506856,0.543706,-0.587334,-0.320187,-59.9525,19.5992,-113.838,0.055787,0
1,,122126,Port:10,0,0,0,Enabled,0.514652,0.536777,-0.592293,-0.310151,-59.8114,18.1862,-114.088,0.0615362,0
1,,122142,Port:10,0,0,0,Enabled,0.513829,0.53518,-0.593688,-0.311603,-59.8468,19.063,-114.039,0.0591759,0
1,,122158,Port:10,0,0,0,Enabled,0.512995,0.536347,-0.592879,-0.31251,-59.8388,19.1359,-114.029,0.0638797,0
1,,122174,Port:10,0,0,0,Enabled,0.51411,0.541569,-0.589974,-0.307122,-59.5509,16.5027,-114.744,0.0610036,0
1,,122190,Port:10,0,0,0,Enabled,0.51782,0.544041,-0.589246,-0.297776,-59.1387,13.5,-115.59,0.0650606,0
1,,122198,Port:10,0,0,0,Enabled,0.518612,0.545252,-0.589166,-0.29432,-58.9379,12.3962,-116.059,0.0631996,0
1,,122214,Port:10,0,0,0,Enabled,0.521578,0.541988,-0.592513,-0.288329,-58.7091,11.7102,-116.598,0.0653808,0
1,,122230,Port:10,0,0,0,Enabled,0.520729,0.541395,-0.5931,-0.289767,-58.7863,12.3046,-116.583,0.0655456,0
1,,122246,Port:10,0,0,0,Enabled,0.520476,0.540785,-0.593,-0.291563,-58.8678,12.8317,-116.254,0.0658591,0
1,,122262,Port:10,0,0,0,Enabled,0.520565,0.540075,-0.593138,-0.292435,-58.9851,13.0939,-116.088,0.0635773,0
1,,122278,Port:10,0,0,0,Enabled,0.518479,0.54102,-0.592659,-0.295352,-59.0228,13.8707,-116.069,0.0662322,0
1,,122294,Port:10,0,0,0,Enabled,0.517564,0.540587,-0.592747,-0.297563,-59.1543,14.5212,-115.908,0.0652867,0
1,,122310,Port:10,0,0,0,Enabled,0.516395,0.541277,-0.592359,-0.299108,-59.149,14.8882,-115.874,0.0643777,0
1,,122334,Port:10,0,0,0,Enabled,0.514595,0.540499,-0.593503,-0.301343,-59.191,15.8979,-116.02,0.0621608,0
1,,122350,Port:10,0,0,0,Enabled,0.513917,0.537644,-0.595896,-0.30288,-59.2539,17.1403,-115.989,0.0624221,0
1,,122366,Port:10,0,0,0,Enabled,0.512032,0.5345,-0.598662,-0.306165,-59.3496,18.9866,-116,0.0602027,0
1,,122382,Port:10,0,0,0,Enabled,0.510858,0.528081,-0.603723,-0.309312,-59.45,21.6095,-115.889,0.0592487,0
1,,122398,Port:10,0,0,0,Enabled,0.509498,0.521467,-0.608375,-0.31363,-59.5713,24.425,-115.621,0.0563256,0
1,,122414,Port:10,0,0,0,Enabled,0.507271,0.516632,-0.611639,-0.318849,-59.6286,27.1187,-115.232,0.0559826,0
1,,122430,Port:10,0,0,0,Enabled,0.504458,0.512085,-0.615068,-0.32401,-59.6287,29.8832,-115.098,0.0551385,0
1,,122446,Port:10,0,0,0,Enabled,0.501667,0.506247,-0.619224,-0.329554,-59.5515,33.0182,-114.778,0.0553329,0
1,,122454,Port:10,0,0,0,Enabled,0.500004,0.503368,-0.620804,-0.333494,-59.5383,34.7733,-114.45,0.054445,0
1,,122470,Port:10,0,0,0,Enabled,0.49722,0.496166,-0.624681,-0.341124,-59.4337,38.5549,-113.577,0.0553198,0
1,,122486,Port:10,0,0,0,Enabled,0.493998,0.48715,-0.62966,-0.349541,-59.1814,42.966,-112.701,0.0563091,0
1,,122502,Port:10,0,0,0,Enabled,0.490106,0.478391,-0.633865,-0.35938,-58.8032,47.679,-111.485,0.0594767,0
1,,122518,Port:10,0,0,0,Enabled,0.485278,0.469442,-0.638532,-0.369333,-58.2197,52.5416,-110.517,0.0623199,0
1,,122534,Port:10,0,0,0,Enabled,0.480974,0.45955,-0.643584,-0.378521,-57.4303,57.4412,-109.413,0.0680696,0
1,,122550,Port:10,0,0,0,Enabled,0.475157,0.453258,-0.646797,-0.387863,-56.6269,61.6302,-108.608,0.0719609,0
1,,122574,Port:10,0,0,0,Enabled,0.469025,0.443143,-0.652371,-0.397559,-55.3686,66.8782,-107.68,0.0782362,0
1,,122590,Port:10,0,0,0,Enabled,0.464096,0.438809,-0.654998,-0.40378,-54.584,69.8891,-107.343,0.0815241,0
1,,122606,Port:10,0,0,0,Enabled,0.458768,0.437021,-0.657228,-0.408162,-53.8203,72.0691,-107.458,0.0834728,0
1,,122622,Port:10,0,0,0,Enabled,0.453887,0.435857,-0.659512,-0.411168,-53.1607,73.8471,-107.958,0.0838793,0
1,,122638,Port:10,0,0,0,Enabled,0.449706,0.434469,-0.662305,-0.41274,-52.4952,75.2895,-108.587,0.0859199,0
1,,122654,Port:10,0,0,0,Enabled,0.444495,0.432837,-0.665339,-0.415213,-51.6893,77.1838,-109.29,0.0873015,0
1,,122670,Port:10,0,0,0,Enabled,0.439612,0.42913,-0.669436,-0.417666,-50.6806,79.4104,-109.784,0.0911192,0
1,,122686,Port:10,0,0,0,Enabled,0.433187,0.426583,-0.672737,-0.421664,-49.6146,81.9427,-110.287,0.0915101,0
1,,122694,Port:10,0,0,0,Enabled,0.429541,0.426289,-0.673961,-0.423732,-49.0641,83.0425,-110.467,0.0926649,0
1,,122710,Port:10,0,0,0,Enabled,0.421903,0.427025,-0.675717,-0.427847,-48.118,85.001,-111.117,0.0915698,0
1,,122726,Port:10,0,0,0,Enabled,0.416551,0.425027,-0.679593,-0.428941,-47.093,86.7467,-112.067,0.0943556,0
1,,122742,Port:10,0,0,0,Enabled,0.410328,0.421847,-0.683995,-0.431076,-45.8358,88.9962,-112.95,0.0959013,0
1,,122758,Port:10,0,0,0,Enabled,0.404326,0.418611,-0.688214,-0.433182,-44.5511,91.248,-113.712,0.100248,0
1,,122774,Port:10,0,0,0,Enabled,0.398291,0.415331,-0.692129,-0.435686,-43.2792,93.4783,-114.409,0.10033,0
1,,122790,Port:10,0,0,0,Enabled,0.392736,0.412651,-0.695496,-0.437908,-42.09,95.4628,-114.988,0.104492,0
1,,122814,Port:10,0,0,0,Enabled,0.386049,0.409977,-0.698668,-0.441305,-40.7248,97.7696,-115.478,0.105139,0
1,,122830,Port:10,0,0,0,Enabled,0.38137,0.406662,-0.701128,-0.444527,-39.5974,99.6954,-115.432,0.108067,0
1,,122846,Port:10,0,0,0,Enabled,0.375187,0.400851,-0.703936,-0.450586,-37.9712,102.846,-114.961,0.109274,0
1,,122862,Port:10,0,0,0,Enabled,0.36919,0.39352,-0.707483,-0.456408,-36.1156,106.054,-114.38,0.111901,0
1,,122878,Port:10,0,0,0,Enabled,0.364015,0.386318,-0.710993,-0.461238,-34.3402,109.02,-114.012,0.115001,0
1,,122894,Port:10,0,0,0,Enabled,0.359228,0.381154,-0.713857,-0.464851,-32.8608,111.222,-113.882,0.118099,0
1,,122910,Port:10,0,0,0,Enabled,0.35569,0.376789,-0.716236,-0.467464,-31.6661,113.03,-113.881,0.117642,0
1,,122926,Port:10,0,0,0,Enabled,0.353543,0.372851,-0.71901,-0.467989,-30.7045,114.168,-114.133,0.118622,0
1,,122934,Port:10,0,0,0,Enabled,0.351942,0.372751,-0.71953,-0.468476,-30.4027,114.545,-114.338,0.118255,0
1,,122950,Port:10,0,0,0,Enabled,0.350438,0.375198,-0.719576,-0.46758,-30.4156,114.279,-114.824,0.122018,0
1,,122966,Port:10,0,0,0,Enabled,0.351727,0.380527,-0.718091,-0.464579,-31.3467,112.736,-115.521,0.119232,0
1,,122982,Port:10,0,0,0,Enabled,0.354551,0.388963,-0.715485,-0.459437,-32.874,110.056,-116.439,0.119222,0
1,,122998,Port:10,0,0,0,Enabled,0.357897,0.398411,-0.712707,-0.45302,-34.5651,106.892,-117.763,0.114843,0
1,,123014,Port:10,0,0,0,Enabled,0.361522,0.408342,-0.709694,-0.445975,-36.2809,103.467,-119.106,0.112184,0
1,,123046,Port:10,0,0,0,Enabled,0.368704,0.429063,-0.702086,-0.432479,-39.6168,96.2895,-121.571,0.10474,0
1,,123054,Port:10,0,0,0,Enabled,0.370862,0.432912,-0.700343,-0.429615,-40.3559,94.6688,-122.026,0.101524,0
1,,123070,Port:10,0,0,0,Enabled,0.373284,0.44339,-0.695805,-0.424169,-41.7249,91.3482,-123.008,0.0978812,0
1,,123094,Port:10,0,0,0,Enabled,0.377846,0.458714,-0.688701,-0.415337,-43.7725,85.9653,-124.501,0.0894265,0
1,,123102,Port:10,0,0,0,Enabled,0.380785,0.463317,-0.686481,-0.411199,-44.5669,83.8234,-125.048,0.0872786,0
1,,123118,Port:10,0,0,0,Enabled,0.388225,0.470808,-0.682625,-0.402051,-46.0709,79.2593,-126.08,0.0827575,0
1,,123134,Port:10,0,0,0,Enabled,0.394718,0.477221,-0.67957,-0.393247,-47.2406,75.2619,-127.138,0.0780083,0
1,,123150,Port:10,0,0,0,Enabled,0.399074,0.48293,-0.676664,-0.386839,-48.1087,72.0388,-127.876,0.075204,0
1,,123166,Port:10,0,0,0,Enabled,0.404405,0.487967,-0.673445,-0.380548,-49.0037,68.855,-128.37,0.0732684,0
1,,123174,Port:10,0,0,0,Enabled,0.406627,0.492215,-0.67082,-0.377332,-49.5027,66.8887,-128.632,0.0717927,0
1,,123190,Port:10,0,0,0,Enabled,0.412757,0.500882,-0.665018,-0.36946,-50.602,62.2251,-129.209,0.0684834,0
1,,123214,Port:10,0,0,0,Enabled,0.425242,0.511347,-0.658448,-0.352335,-52.0147,54.1829,-130.538,0.0666568,0
1,,123222,Port:10,0,0,0,Enabled,0.429149,0.515138,-0.656305,-0.346017,-52.3498,51.4011,-131.129,0.0651722,0
1,,123238,Port:10,0,0,0,Enabled,0.437387,0.522064,-0.652222,-0.33279,-52.9038,45.6998,-132.227,0.0662718,0
1,,123254,Port:10,0,0,0,Enabled,0.443217,0.53068,-0.64649,-0.32247,-53.2672,40.4429,-132.985,0.0658676,0
1,,123286,Port:10,0,0,0,Enabled,0.455101,0.545496,-0.63361,-0.306359,-53.9345,31.1047,-133.092,0.0684363,0
1,,123294,Port:10,0,0,0,Enabled,0.458863,0.547724,-0.631142,-0.301832,-54.0629,28.8747,-133.035,0.0696696,0
1,,123310,Port:10,0,0,0,Enabled,0.46515,0.550923,-0.627241,-0.29443,-54.1869,25.1681,-132.743,0.0726343,0
1,,123334,Port:10,0,0,0,Enabled,0.470211,0.557486,-0.619916,-0.289508,-54.3873,21.3701,-132.137,0.0757118,0
1,,123342,Port:10,0,0,0,Enabled,0.469848,0.562031,-0.615903,-0.289875,-54.3713,20.3092,-131.882,0.071766,0
1,,123358,Port:10,0,0,0,Enabled,0.472315,0.566365,-0.610709,-0.288416,-54.5702,18.2692,-131.375,0.0763008,0
1,,123374,Port:10,0,0,0,Enabled,0.474389,0.569798,-0.607379,-0.285265,-54.4585,16.2568,-131.262,0.0772034,0
1,,123390,Port:10,0,0,0,Enabled,0.47706,0.572932,-0.603642,-0.282454,-54.4716,14.2841,-130.941,0.0785413,0
1,,123406,Port:10,0,0,0,Enabled,0.479473,0.578029,-0.597332,-0.281394,-54.5383,12.0193,-130.201,0.0811809,0
1,,123414,Port:10,0,0,0,Enabled,0.481416,0.579952,-0.594443,-0.280236,-54.5603,10.808,-129.71,0.0832885,0
1,,123430,Port:10,0,0,0,Enabled,0.485652,0.584569,-0.587386,-0.278209,-54.6925,8.02773,-128.664,0.0839772,0
1,,123454,Port:10,0,0,0,Enabled,0.494016,0.589576,-0.577705,-0.273139,-54.7197,3.53427,-126.813,0.0878814,0
1,,123462,Port:10,0,0,0,Enabled,0.496604,0.59172,-0.574717,-0.270096,-54.5627,1.72558,-126.52,0.089588,0
1,,123478,Port:10,0,0,0,Enabled,0.500064,0.597771,-0.568381,-0.263722,-53.9282,-1.91732,-126.415,0.0943166,0
1,,123494,Port:10,0,0,0,Enabled,0.503244,0.603329,-0.563316,-0.255763,-53.1269,-5.55213,-126.736,0.100398,0
1,,123526,Port:10,0,0,0,Enabled,0.508508,0.612574,-0.556249,-0.238243,-51.1285,-12.2878,-127.96,0.10863,0
1,,123534,Port:10,0,0,0,Enabled,0.508428,0.615216,-0.554533,-0.23559,-50.657,-13.4234,-128.33,0.112423,0
1,,123550,Port:10,0,0,0,Enabled,0.507863,0.619941,-0.55135,-0.231865,-49.9827,-15.154,-129.027,0.114736,0
1,,123574,Port:10,0,0,0,Enabled,0.506578,0.625398,-0.548737,-0.226152,-48.9054,-17.207,-130.222,0.120826,0
1,,123582,Port:10,0,0,0,Enabled,0.505508,0.627837,-0.547763,-0.224138,-48.4851,-17.8863,-130.806,0.121946,0
1,,123598,Port:10,0,0,0,Enabled,0.503,0.631939,-0.546756,-0.220687,-47.6766,-18.8514,-132.111,0.128763,0
1,,123614,Port:10,0,0,0,Enabled,0.501047,0.634706,-0.546509,-0.217781,-47.0953,-19.4865,-133.143,0.128307,0
1,,123630,Port:10,0,0,0,Enabled,0.498965,0.636005,-0.547236,-0.216941,-46.7805,-19.4052,-133.913,0.129145,0
1,,123646,Port:10,0,0,0,Enabled,0.496543,0.636794,-0.548264,-0.217588,-46.6971,-18.7989,-134.603,0.128237,0
1,,123654,Port:10,0,0,0,Enabled,0.495307,0.636904,-0.549374,-0.217283,-46.6032,-18.5293,-135.063,0.128406,0
1,,123670,Port:10,0,0,0,Enabled,0.491386,0.639403,-0.550289,-0.216532,-46.1267,-18.1956,-136.361,0.130677,0
1,,123694,Port:10,0,0,0,Missing,,,,,,,,,0
1,,123702,Port:10,0,0,0,Missing,,,,,,,,,0
1,,123718,Port:10,0,0,0,Missing,,,,,,,,,0
1,,123734,Port:10,0,0,0,Missing,,,,,,,,,0
1,,123766,Port:10,0,0,0,Missing,,,,,,,,,0
1,,123774,Port:10,0,0,0,Missing,,,,,,,,,0
1,,123790,Port:10,0,0,0,Missing,,,,,,,,,0
1,,123806,Port:10,0,0,0,Missing,,,,,,,,,0
1,,123822,Port:10,0,0,0,Missing,,,,,,,,,0
1,,123838,Port:10,0,0,0,Missing,,,,,,,,,0
1,,123854,Port:10,0,0,0,Missing,,,,,,,,,0
1,,123870,Port:10,0,0,0,Missing,,,,,,,,,0
1,,123886,Port:10,0,0,0,Missing,,,,,,,,,0
1,,123894,Port:10,0,0,0,Missing,,,,,,,,,0
1,,123910,Port:10,0,0,0,Missing,,,,,,,,,0
1,,123934,Port:10,0,0,0,Missing,,,,,,,,,0
1,,123942,Port:10,0,0,0,Missing,,,,,,,,,0
1,,123958,Port:10,0,0,0,Missing,,,,,,,,,0
1,,123974,Port:10,0,0,0,Enabled,0.459757,0.564913,-0.626243,-0.278058,-52.2653,20.4398,-137.491,0.0819179,0
1,,124006,Port:10,0,0,0,Enabled,0.467648,0.538296,-0.639475,-0.287429,-53.6787,26.7717,-134.14,0.0714191,0
1,,124014,Port:10,0,0,0,Enabled,0.468265,0.533352,-0.642415,-0.289078,-53.7894,28.2185,-133.769,0.0713334,0
1,,124030,Port:10,0,0,0,Enabled,0.46844,0.52284,-0.649106,-0.293025,-53.8747,31.4575,-133.197,0.0657044,0
1,,124054,Port:10,0,0,0,Enabled,0.469232,0.500572,-0.663241,-0.298932,-53.736,37.8657,-132.371,0.0658726,0
1,,124062,Port:10,0,0,0,Enabled,0.467288,0.497677,-0.665256,-0.302316,-53.6102,39.5528,-132.217,0.0655853,0
1,,124078,Port:10,0,0,0,Enabled,0.466646,0.489151,-0.669737,-0.307286,-53.5495,42.6473,-131.627,0.06588,0
1,,124094,Port:10,0,0,0,Enabled,0.466049,0.479316,-0.675072,-0.311981,-53.3296,45.9549,-130.886,0.0670735,0
1,,124110,Port:10,0,0,0,Enabled,0.464763,0.471245,-0.67903,-0.317556,-53.0878,49.1412,-130.189,0.0686192,0
1,,124126,Port:10,0,0,0,Enabled,0.463466,0.463877,-0.682324,-0.32319,-52.8315,52.0872,-129.328,0.0720605,0
1,,124134,Port:10,0,0,0,Enabled,0.462458,0.46082,-0.683428,-0.326656,-52.7222,53.6149,-128.903,0.0712695,0
1,,124158,Port:10,0,0,0,Enabled,0.461183,0.450564,-0.68793,-0.33325,-52.258,57.3971,-127.791,0.0758371,0
1,,124174,Port:10,0,0,0,Enabled,0.461688,0.444481,-0.690486,-0.335426,-52.0534,59.0976,-127.333,0.0774527,0
1,,124182,Port:10,0,0,0,Enabled,0.461426,0.44259,-0.69143,-0.336339,-51.9205,59.7125,-127.171,0.0798313,0
1,,124198,Port:10,0,0,0,Enabled,0.461728,0.438456,-0.693467,-0.337146,-51.7464,60.683,-127.069,0.0795505,0
1,,124214,Port:10,0,0,0,Enabled,0.461154,0.43568,-0.695008,-0.338355,-51.5122,61.6718,-126.943,0.0820406,0
1,,124246,Port:10,0,0,0,Enabled,0.460247,0.425607,-0.699853,-0.3424,-50.834,64.8018,-126.378,0.0873851,0
1,,124254,Port:10,0,0,0,Enabled,0.459837,0.422974,-0.701037,-0.343789,-50.6418,65.6686,-126.224,0.088622,0
1,,124278,Port:10,0,0,0,Enabled,0.456999,0.416782,-0.70395,-0.349143,-49.9537,68.584,-125.716,0.091755,0
1,,124294,Port:10,0,0,0,Enabled,0.453778,0.412599,-0.705939,-0.354258,-49.3259,70.9781,-125.387,0.0929482,0
1,,124302,Port:10,0,0,0,Enabled,0.452184,0.40944,-0.707631,-0.356575,-48.8979,72.404,-125.24,0.0949534,0
1,,124318,Port:10,0,0,0,Enabled,0.448419,0.402412,-0.71137,-0.361854,-47.8644,75.5009,-124.901,0.100827,0
1,,124334,Port:10,0,0,0,Enabled,0.444754,0.393389,-0.71603,-0.367071,-46.6417,79.0105,-124.655,0.103794,0
1,,124350,Port:10,0,0,0,Enabled,0.439944,0.383954,-0.721079,-0.372926,-45.1416,82.8209,-124.444,0.106789,0
1,,124366,Port:10,0,0,0,Enabled,0.435423,0.375036,-0.726209,-0.377326,-43.615,86.229,-124.559,0.110586,0
1,,124374,Port:10,0,0,0,Enabled,0.433254,0.370622,-0.728847,-0.379095,-42.8374,87.7673,-124.687,0.113211,0
1,,124398,Port:10,0,0,0,Enabled,0.427101,0.360837,-0.73536,-0.38292,-40.8257,91.4418,-125.344,0.113252,0
1,,124414,Port:10,0,0,0,Enabled,0.424588,0.355307,-0.739224,-0.383446,-39.8066,92.9762,-125.964,0.115562,0
1,,124422,Port:10,0,0,0,Enabled,0.423433,0.353528,-0.740646,-0.383623,-39.4124,93.5883,-126.315,0.115098,0
1,,124438,Port:10,0,0,0,Enabled,0.420795,0.351157,-0.743623,-0.382943,-38.6414,94.3734,-127.171,0.116942,0
1,,124454,Port:10,0,0,0,Enabled,0.419126,0.349054,-0.746702,-0.380697,-38.0409,94.6987,-128.343,0.116792,0
1,,124486,Port:10,0,0,0,Enabled,0.41332,0.349081,-0.75141,-0.377746,-36.8716,95.2007,-130.615,0.118693,0
1,,124494,Port:10,0,0,0,Enabled,0.412065,0.349577,-0.75255,-0.376388,-36.6471,95.128,-131.295,0.118454,0
1,,124518,Port:10,0,0,0,Enabled,0.410704,0.354252,-0.754097,-0.37036,-36.729,93.4213,-133.19,0.116299,0
1,,124534,Port:10,0,0,0,Enabled,0.411662,0.362031,-0.752929,-0.364096,-37.5204,90.7373,-134.46,0.117645,0
1,,124542,Port:10,0,0,0,Enabled,0.412617,0.36571,-0.752169,-0.360897,-37.997,89.289,-135.097,0.115249,0
1,,124558,Port:10,0,0,0,Enabled,0.414427,0.373727,-0.750475,-0.354069,-38.8969,86.3178,-136.363,0.11142,0
1,,124574,Port:10,0,0,0,Enabled,0.415589,0.382068,-0.748367,-0.348219,-39.7173,83.4505,-137.495,0.109605,0
1,,124590,Port:10,0,0,0,Enabled,0.417903,0.390428,-0.745941,-0.341314,-40.6398,80.2381,-138.61,0.105877,0
1,,124606,Port:10,0,0,0,Enabled,0.419851,0.399473,-0.743127,-0.334528,-41.5265,76.8202,-139.69,0.103408,0
1,,124614,Port:10,0,0,0,Enabled,0.420945,0.404175,-0.741664,-0.33073,-41.9516,75.0214,-140.346,0.0997682,0
1,,124638,Port:10,0,0,0,Enabled,0.423818,0.419292,-0.736833,-0.318825,-43.1163,69.2095,-142.295,0.0944375,0
1,,124654,Port:10,0,0,0,Enabled,0.425972,0.4293,-0.732884,-0.311659,-43.8362,65.4687,-143.27,0.0914338,0
1,,124662,Port:10,0,0,0,Enabled,0.427069,0.43347,-0.731251,-0.308203,-44.1379,63.7276,-143.702,0.0896744,0
1,,124678,Port:10,0,0,0,Enabled,0.42917,0.440486,-0.72839,-0.302049,-44.6213,60.6646,-144.511,0.0862395,0
1,,124694,Port:10,0,0,0,Enabled,0.43012,0.447153,-0.726054,-0.296475,-44.8635,58.0431,-145.377,0.0857299,0
1,,124726,Port:10,0,0,0,Enabled,0.431144,0.459867,-0.721274,-0.287057,-45.1644,53.3475,-146.972,0.0830336,0
1,,124734,Port:10,0,0,0,Enabled,0.431783,0.462751,-0.71997,-0.284725,-45.2578,52.1262,-147.233,0.082605,0
1,,124758,Port:10,0,0,0,Enabled,0.434642,0.471468,-0.71474,-0.279197,-45.8082,48.6097,-147.472,0.0819894,0
1,,124774,Port:10,0,0,0,Enabled,0.4369,0.477064,-0.711038,-0.275597,-46.1955,46.2188,-147.545,0.0813483,0
1,,124782,Port:10,0,0,0,Enabled,0.438066,0.48028,-0.708874,-0.273727,-46.3936,44.9411,-147.539,0.0810567,0
1,,124798,Port:10,0,0,0,Enabled,0.439779,0.48873,-0.703116,-0.270861,-46.8252,42.1494,-147.414,0.0807258,0
1,,124814,Port:10,0,0,0,Enabled,0.441281,0.500793,-0.694513,-0.26857,-47.3662,38.7027,-147.15,0.0803337,0
1,,124830,Port:10,0,0,0,Enabled,0.443615,0.512208,-0.685645,-0.265968,-47.8854,35.0472,-146.715,0.0787231,0
1,,124846,Port:10,0,0,0,Enabled,0.445354,0.523874,-0.676273,-0.264333,-48.3517,31.6658,-146.144,0.0794609,0
1,,124854,Port:10,0,0,0,Enabled,0.445565,0.529517,-0.671795,-0.26415,-48.5214,30.2445,-145.927,0.0798064,0
1,,124878,Port:10,0,0,0,Missing,,,,,,,,,0
1,,124894,Port:10,0,0,0,Missing,,,,,,,,,0
1,,124902,Port:10,0,0,0,Missing,,,,,,,,,0
1,,124918,Port:10,0,0,0,Missing,,,,,,,,,0
1,,124934,Port:10,0,0,0,Missing,,,,,,,,,0
1,,124966,Port:10,0,0,0,Missing,,,,,,,,,0
1,,124974,Port:10,0,0,0,Missing,,,,,,,,,0
1,,124998,Port:10,0,0,0,Missing,,,,,,,,,0
1,,125014,Port:10,0,0,0,Missing,,,,,,,,,0
1,,125022,Port:10,0,0,0,Missing,,,,,,,,,0
1,,125038,Port:10,0,0,0,Missing,,,,,,,,,0
1,,125054,Port:10,0,0,0,Missing,,,,,,,,,0
1,,125070,Port:10,0,0,0,Missing,,,,,,,,,0
1,,125086,Port:10,0,0,0,Missing,,,,,,,,,0
1,,125094,Port:10,0,0,0,Missing,,,,,,,,,0
1,,125118,Port:10,0,0,0,Missing,,,,,,,,,0
1,,125134,Port:10,0,0,0,Missing,,,,,,,,,0
1,,125142,Port:10,0,0,0,Missing,,,,,,,,,0
1,,125158,Port:10,0,0,0,Missing,,,,,,,,,0
1,,125174,Port:10,0,0,0,Missing,,,,,,,,,0
1,,125206,Port:10,0,0,0,Missing,,,,,,,,,0
1,,125214,Port:10,0,0,0,Missing,,,,,,,,,0
1,,125238,Port:10,0,0,0,Missing,,,,,,,,,0
1,,125254,Port:10,0,0,0,Missing,,,,,,,,,0
1,,125262,Port:10,0,0,0,Missing,,,,,,,,,0
1,,125278,Port:10,0,0,0,Missing,,,,,,,,,0
1,,125294,Port:10,0,0,0,Missing,,,,,,,,,0
1,,125310,Port:10,0,0,0,Missing,,,,,,,,,0
1,,125326,Port:10,0,0,0,Missing,,,,,,,,,0
1,,125342,Port:10,0,0,0,Missing,,,,,,,,,0
1,,125358,Port:10,0,0,0,Enabled,0.409384,0.531993,-0.665998,-0.325323,-48.8378,49.0932,-141.014,0.0763906,0
1,,125374,Port:10,0,0,0,Enabled,0.404157,0.523671,-0.671799,-0.333333,-48.2294,53.5974,-140.52,0.0740687,0
1,,125382,Port:10,0,0,0,Enabled,0.401399,0.519721,-0.674787,-0.336796,-47.8231,55.7523,-140.349,0.0747267,0
1,,125398,Port:10,0,0,0,Enabled,0.39467,0.511955,-0.680872,-0.344313,-46.8304,60.2866,-140.242,0.0748447,0
1,,125414,Port:10,0,0,0,Enabled,0.389284,0.503294,-0.685904,-0.353113,-46.0022,65.1064,-139.505,0.0788334,0
1,,125446,Port:10,0,0,0,Enabled,0.395099,0.48875,-0.686324,-0.366033,-47.0138,71.9585,-138.045,0.0819467,0
1,,125462,Port:10,0,0,0,Enabled,0.395955,0.486051,-0.686631,-0.368118,-47.8783,73.9067,-138.818,0.0817734,0
1,,125478,Port:10,0,0,0,Enabled,0.396835,0.484167,-0.686739,-0.369451,-48.8426,74.8984,-140.011,0.0852949,0
1,,125494,Port:10,0,0,0,Enabled,0.399383,0.484807,-0.683191,-0.372432,-50.1349,74.9855,-141.42,0.0834504,0
1,,125502,Port:10,0,0,0,Enabled,0.400599,0.484483,-0.681814,-0.374067,-50.6747,74.8203,-142.156,0.0843883,0
1,,125518,Port:10,0,0,0,Enabled,0.402441,0.482557,-0.678901,-0.379835,-51.6102,74.1635,-143.417,0.0846444,0
1,,125534,Port:10,0,0,0,Enabled,0.407815,0.481936,-0.673059,-0.385248,-52.8397,72.3157,-144.306,0.0839446,0
1,,125550,Port:10,0,0,0,Enabled,0.415614,0.480862,-0.66558,-0.391204,-54.1432,69.6435,-144.71,0.0810854,0
1,,125566,Port:10,0,0,0,Enabled,0.418491,0.482749,-0.658882,-0.397108,-55.405,66.2775,-145.679,0.0805434,0
1,,125582,Port:10,0,0,0,Enabled,0.421943,0.487377,-0.651306,-0.400286,-56.7673,62.2452,-146.719,0.08024,0
1,,125598,Port:10,0,0,0,Enabled,0.43483,0.492624,-0.633793,-0.408107,-58.744,57.2638,-145.526,0.0816859,0
1,,125614,Port:10,0,0,0,Enabled,0.459116,0.493834,-0.612175,-0.413016,-61.1588,51.3182,-143.006,0.0782279,0
1,,125622,Port:10,0,0,0,Enabled,0.465367,0.496088,-0.604914,-0.414015,-61.9628,48.5231,-142.731,0.0761556,0
1,,125638,Port:10,0,0,0,Enabled,0.467205,0.503821,-0.599885,-0.409906,-62.8055,43.723,-144.437,0.0788883,0
1,,125654,Port:10,0,0,0,Enabled,0.464764,0.508672,-0.596808,-0.411179,-63.4308,40.3814,-146.072,0.0873428,0
1,,125686,Port:10,0,0,0,Enabled,0.465303,0.51759,-0.586081,-0.414853,-64.4065,33.9112,-147.521,0.0949243,0
1,,125702,Port:10,0,0,0,Enabled,0.468254,0.524276,-0.577072,-0.415766,-64.6948,29.9357,-147.494,0.106735,0
1,,125718,Port:10,0,0,0,Enabled,0.476925,0.528883,-0.566603,-0.414471,-64.94,25.3444,-147.145,0.115287,0
1,,125734,Port:10,0,0,0,Enabled,0.484172,0.534803,-0.556957,-0.411536,-65.0152,20.7508,-147.053,0.125728,0
1,,125742,Port:10,0,0,0,Enabled,0.485381,0.537532,-0.554197,-0.410281,-65.0628,18.756,-147.484,0.129467,0
1,,125758,Port:10,0,0,0,Enabled,0.486501,0.540923,-0.550999,-0.408801,-65.1688,15.5182,-148.349,0.137461,0
1,,125774,Port:10,0,0,0,Enabled,0.488006,0.544018,-0.548112,-0.406778,-65.354,12.6138,-149.184,0.14317,0
1,,125790,Port:10,0,0,0,Enabled,0.488845,0.548617,-0.54356,-0.405701,-65.4912,9.72617,-149.851,0.145389,0
1,,125806,Port:10,0,0,0,Enabled,0.490856,0.552145,-0.539207,-0.404294,-65.4554,6.67177,-150.311,0.153773,0
1,,125822,Port:10,0,0,0,Enabled,0.493615,0.556713,-0.532901,-0.403028,-65.1921,3.37574,-150.42,0.161714,0
1,,125838,Port:10,0,0,0,Enabled,0.499316,0.560204,-0.522451,-0.404846,-64.7694,-0.144289,-149.33,0.174523,0
1,,125854,Port:10,0,0,0,Enabled,0.50571,0.561887,-0.510304,-0.410036,-64.2552,-3.43121,-147.636,0.188209,0
1,,125862,Port:10,0,0,0,Enabled,0.508644,0.562077,-0.505889,-0.411615,-63.9635,-4.89782,-147.021,0.190345,0
1,,125878,Port:10,0,0,0,Enabled,0.510738,0.562843,-0.498842,-0.416547,-63.4963,-7.3768,-146.123,0.198492,0
1,,125894,Port:10,0,0,0,Enabled,0.513532,0.56213,-0.492739,-0.421312,-63.3344,-9.79733,-145.506,0.207573,0
1,,125926,Port:10,0,0,0,Enabled,0.514633,0.568275,-0.473466,-0.433644,-62.6262,-15.0134,-144.111,0.227904,0
1,,125942,Port:10,0,0,0,Enabled,0.516,0.566558,-0.465904,-0.442368,-61.8326,-16.6725,-142.714,0.225502,0
1,,125958,Port:10,0,0,0,Enabled,0.515743,0.564176,-0.460386,-0.451397,-60.9238,-17.7015,-141.306,0.224117,0
1,,125974,Port:10,0,0,0,Enabled,0.517059,0.560528,-0.457987,-0.456845,-60.2486,-18.6766,-140.407,0.225706,0
1,,125982,Port:10,0,0,0,Enabled,0.51749,0.55956,-0.456248,-0.459276,-60.0116,-19.4835,-140.264,0.221709,0
1,,125998,Port:10,0,0,0,Enabled,0.519163,0.557867,-0.451538,-0.464078,-59.7798,-21.4462,-140.096,0.218679,0
1,,126014,Port:10,0,0,0,Enabled,0.521302,0.557563,-0.444001,-0.469289,-59.733,-23.9332,-140.203,0.220506,0
1,,126030,Port:10,0,0,0,Enabled,0.523192,0.557626,-0.436659,-0.473976,-59.6529,-26.3778,-140.397,0.216597,0
1,,126046,Port:10,0,0,0,Enabled,0.525665,0.555517,-0.430678,-0.479159,-59.5793,-28.2307,-140.414,0.216943,0
1,,126062,Port:10,0,0,0,Enabled,0.531491,0.55139,-0.421213,-0.485866,-59.093,-30.1337,-139.307,0.214685,0
1,,126078,Port:10,0,0,0,Enabled,0.544776,0.547827,-0.409439,-0.485248,-58.0206,-32.8277,-137.765,0.205737,0
1,,126094,Port:10,0,0,0,Enabled,0.554235,0.543607,-0.401907,-0.485578,-56.5259,-34.3723,-136.093,0.183317,0
1,,126102,Port:10,0,0,0,Enabled,0.555714,0.540279,-0.400152,-0.48904,-55.8817,-34.361,-135.274,0.175262,0
1,,126118,Port:10,0,0,0,Enabled,0.558038,0.531003,-0.399495,-0.497025,-54.5672,-33.7577,-133.467,0.154564,0
1,,126150,Port:10,0,0,0,Enabled,0.571745,0.505692,-0.388227,-0.516394,-52.0196,-34.0989,-129.409,0.122539,0
1,,126166,Port:10,0,0,0,Enabled,0.583443,0.492626,-0.383981,-0.519109,-50.8123,-35.6742,-128.724,0.11893,0
1,,126182,Port:10,0,0,0,Enabled,0.590862,0.484257,-0.37857,-0.522554,-49.5494,-38.211,-128.833,0.117466,0
1,,126198,Port:10,0,0,0,Enabled,0.593554,0.478457,-0.369392,-0.531341,-48.4427,-41.0882,-129.389,0.119311,0
1,,126214,Port:10,0,0,0,Enabled,0.590749,0.47174,-0.361843,-0.545479,-47.479,-44.3954,-130.692,0.120871,0
1,,126222,Port:10,0,0,0,Enabled,0.591549,0.466309,-0.359386,-0.55088,-47.2399,-46.0071,-131.651,0.121045,0
1,,126238,Port:10,0,0,0,Enabled,0.588959,0.455917,-0.359473,-0.56218,-47.2225,-48.7163,-134.534,0.120333,0
1,,126254,Port:10,0,0,0,Enabled,0.596311,0.437116,-0.367397,-0.564237,-47.6308,-50.3213,-138.28,0.111166,0
1,,126270,Port:10,0,0,0,Enabled,0.601653,0.421923,-0.375638,-0.564705,-48.0076,-51.1912,-142.057,0.105434,0
1,,126286,Port:10,0,0,0,Enabled,0.606315,0.408944,-0.382597,-0.564594,-48.1546,-50.9681,-145.264,0.100154,0
1,,126302,Port:10,0,0,0,Enabled,0.608403,0.395214,-0.388735,-0.567923,-47.7302,-49.7611,-147.859,0.0956294,0
1,,126318,Port:10,0,0,0,Enabled,0.609524,0.374526,-0.394547,-0.576667,-46.6328,-47.1664,-149.33,0.0913841,0
1,,126334,Port:10,0,0,0,Enabled,0.616086,0.344577,-0.402079,-0.583128,-44.5446,-43.3132,-150.028,0.094325,0
1,,126342,Port:10,0,0,0,Enabled,0.614909,0.332269,-0.404116,-0.590064,-43.3722,-41.0855,-149.874,0.0937967,0
1,,126358,Port:10,0,0,0,Enabled,0.607143,0.310337,-0.405505,-0.608797,-40.7679,-36.0849,-149.242,0.0924257,0
1,,126390,Port:10,0,0,0,Enabled,0.592878,0.24941,-0.411172,-0.645933,-33.2385,-24.6998,-147.853,0.0872223,0
1,,126406,Port:10,0,0,0,Enabled,0.583098,0.234997,-0.412385,-0.659327,-30.7592,-21.0846,-148.228,0.0783041,0
1,,126422,Port:10,0,0,0,Enabled,0.585794,0.233813,-0.418983,-0.653169,-30.8041,-18.8693,-150.134,0.0833284,0
1,,126438,Port:10,0,0,0,Enabled,0.58734,0.234141,-0.431436,-0.643485,-31.2083,-15.7728,-152.658,0.0826578,0
1,,126454,Port:10,0,0,0,Enabled,0.581,0.228081,-0.448237,-0.639924,-30.5191,-10.6237,-155.703,0.0793346,0
1,,126462,Port:10,0,0,0,Enabled,0.574351,0.226909,-0.458056,-0.639389,-30.4436,-7.95499,-157.602,0.0723581,0
1,,126478,Port:10,0,0,0,Enabled,0.570936,0.222924,-0.478704,-0.628633,-31.0231,-2.62943,-162.086,0.0782416,0
1,,126494,Port:10,0,0,0,Enabled,0.566185,0.22735,-0.498655,-0.615703,-32.6038,1.27677,-167.061,0.0860506,0
1,,126510,Port:10,0,0,0,Enabled,0.567968,0.228976,-0.517981,-0.597225,-34.1167,4.24189,-172.355,0.0954411,0
1,,126526,Port:10,0,0,0,Enabled,0.563567,0.231326,-0.533794,-0.586468,-35.2129,7.25816,-177.103,0.0990269,0
1,,126542,Port:10,0,0,0,Enabled,0.561572,0.231555,-0.553508,-0.569779,-37.6597,10.2546,-181.598,0.137716,0
1,,126558,Port:10,0,0,0,Enabled,0.560003,0.233806,-0.577331,-0.546279,-40.985,12.4244,-187.538,0.166154,0
1,,126574,Port:10,0,0,0,Enabled,0.558763,0.243498,-0.595573,-0.523245,-44.6287,13.4924,-193.45,0.188215,0
1,,126582,Port:10,0,0,0,Enabled,0.557919,0.248677,-0.602985,-0.513122,-46.2788,13.4702,-196.169,0.202797,0
1,,126598,Port:10,0,0,0,Enabled,0.555185,0.254275,-0.617199,-0.496166,-49.1414,13.5832,-200.781,0.210631,0
1,,126630,Port:10,0,0,0,Enabled,0.552811,0.265753,-0.644281,-0.456813,-55.2471,12.0738,-210.763,0.21865,0
1,,126646,Port:10,0,0,0,Enabled,0.550099,0.279484,-0.65414,-0.437471,-58.5677,9.99052,-216.02,0.227489,0
1,,126662,Port:10,0,0,0,Enabled,0.548851,0.288947,-0.664585,-0.416652,-61.5544,7.26041,-220.816,0.183389,0
1,,126678,Port:10,0,0,0,Enabled,0.548348,0.301879,-0.67193,-0.395845,-64.9174,3.82556,-225.869,0.227716,0
1,,126694,Port:10,0,0,0,Enabled,0.550206,0.31178,-0.677152,-0.376208,-67.5,-0.132711,-229.923,0.202734,0
1,,126702,Port:10,0,0,0,Enabled,0.551745,0.317339,-0.678228,-0.367261,-68.7735,-2.14733,-231.868,0.213237,0
1,,126718,Port:10,0,0,0,Enabled,0.552461,0.328969,-0.680744,-0.350935,-70.9743,-6.601,-236.174,0.227435,0
1,,126734,Port:10,0,0,0,Enabled,0.55305,0.337881,-0.68304,-0.33679,-72.7611,-9.80676,-238.719,0.226914,0
1,,126750,Port:10,0,0,0,Enabled,0.552858,0.348485,-0.683351,-0.325481,-74.238,-13.9495,-241.734,0.246852,0
1,,126766,Port:10,0,0,0,Enabled,0.552239,0.363035,-0.680451,-0.316581,-75.7078,-17.5186,-243.218,0.257053,0
1,,126782,Port:10,0,0,0,Enabled,0.553641,0.375754,-0.676443,-0.307759,-76.842,-22.0068,-244.955,0.265671,0
1,,126798,Port:10,0,0,0,Enabled,0.557077,0.386979,-0.671287,-0.298809,-78.0623,-25.8005,-245.276,0.288641,0
1,,126814,Port:10,0,0,0,Enabled,0.560709,0.397795,-0.665674,-0.290246,-79.4488,-30.3693,-245.764,0.287991,0
1,,126822,Port:10,0,0,0,Enabled,0.563446,0.402319,-0.661851,-0.287438,-79.9211,-32.6145,-245.308,0.2929,0
1,,126838,Port:10,0,0,0,Enabled,0.571085,0.415907,-0.650717,-0.2783,-81.0475,-38.5003,-244.541,0.302755,0
1,,126870,Port:10,0,0,0,Enabled,0.587529,0.437682,-0.62661,-0.265717,-80.7699,-50.4636,-240.126,0.322612,0
1,,126886,Port:10,0,0,0,Enabled,0.592031,0.451133,-0.613191,-0.26453,-79.4878,-55.3213,-237.245,0.327395,0
1,,126902,Port:10,0,0,0,Enabled,0.597318,0.457922,-0.600818,-0.269327,-78.0473,-58.4979,-233.983,0.33137,0
1,,126918,Port:10,0,0,0,Enabled,0.603013,0.46211,-0.589348,-0.274769,-76.2458,-60.6358,-229.978,0.339947,0
1,,126934,Port:10,0,0,0,Enabled,0.612225,0.465393,-0.577145,-0.274762,-74.689,-63.5459,-226.542,0.338067,0
1,,126942,Port:10,0,0,0,Enabled,0.616369,0.468039,-0.570934,-0.273977,-73.7231,-65.0984,-224.628,0.357034,0
1,,126958,Port:10,0,0,0,Enabled,0.622117,0.472374,-0.558918,-0.278287,-72.4877,-66.8612,-220.916,0.380291,0
1,,126974,Port:10,0,0,0,Enabled,0.626741,0.470384,-0.553627,-0.281837,-71.7037,-67.2532,-217.62,0.361092,0
1,,126990,Port:10,0,0,0,Enabled,0.630544,0.468391,-0.547182,-0.289165,-71.3763,-66.6823,-214.508,0.336987,0
1,,127006,Port:10,0,0,0,Enabled,0.634769,0.467398,-0.537834,-0.298901,-70.7734,-66.195,-210.502,0.322463,0
1,,127022,Port:10,0,0,0,Enabled,0.638396,0.466337,-0.529515,-0.307561,-70.3907,-65.7155,-207.028,0.328125,0
1,,127038,Port:10,0,0,0,Enabled,0.643714,0.465419,-0.519421,-0.314991,-69.5884,-65.9682,-203.157,0.320164,0
1,,127054,Port:10,0,0,0,Enabled,0.647362,0.46721,-0.507851,-0.32361,-69.2126,-66.3781,-199.711,0.329708,0
1,,127070,Port:10,0,0,0,Missing,,,,,,,,,0
1,,127078,Port:10,0,0,0,Enabled,0.654917,0.466767,-0.494009,-0.330406,-68.8412,-66.1294,-193.417,0.362807,0
1,,127110,Port:10,0,0,0,Enabled,0.671802,0.467847,-0.469392,-0.330867,-68.0791,-68.3204,-186.46,0.367327,0
1,,127126,Port:10,0,0,0,Enabled,0.676518,0.469368,-0.457521,-0.335696,-67.7078,-69.2824,-183.674,0.361414,0
1,,127142,Port:10,0,0,0,Enabled,0.679594,0.46853,-0.448341,-0.342961,-67.0153,-69.2242,-181.29,0.349447,0
1,,127158,Port:10,0,0,0,Enabled,0.680822,0.465969,-0.442867,-0.351032,-66.7174,-68.1448,-178.781,0.326617,0
1,,127174,Port:10,0,0,0,Enabled,0.681256,0.46381,-0.43583,-0.361694,-66.6055,-66.4312,-175.716,0.325786,0
1,,127182,Port:10,0,0,0,Enabled,0.682076,0.462818,-0.431698,-0.366345,-66.5934,-65.8652,-174.26,0.317996,0
1,,127198,Port:10,0,0,0,Enabled,0.682534,0.461544,-0.425816,-0.373906,-66.27,-64.6571,-171.232,0.308085,0
1,,127214,Port:10,0,0,0,Enabled,0.684019,0.458118,-0.41938,-0.38258,-65.9858,-63.3033,-168.47,0.294854,0
1,,127230,Port:10,0,0,0,Enabled,0.684232,0.455329,-0.417018,-0.388069,-65.4584,-61.6808,-165.834,0.291198,0
1,,127246,Port:10,0,0,0,Enabled,0.685146,0.452134,-0.412338,-0.39513,-65.144,-60.2012,-163.599,0.272537,0
1,,127262,Port:10,0,0,0,Enabled,0.683773,0.448885,-0.407977,-0.405599,-64.7266,-58.2546,-160.855,0.256489,0
1,,127278,Port:10,0,0,0,Enabled,0.683784,0.444767,-0.399912,-0.417962,-64.1937,-56.5068,-157.932,0.251781,0
1,,127294,Port:10,0,0,0,Enabled,0.685454,0.439787,-0.392628,-0.427299,-63.3072,-54.837,-154.502,0.225251,0
1,,127310,Port:10,0,0,0,Enabled,0.686689,0.436326,-0.382727,-0.43772,-62.2387,-53.5366,-151.234,0.215052,0
1,,127318,Port:10,0,0,0,Enabled,0.687651,0.433756,-0.379797,-0.441299,-61.6358,-52.7648,-149.559,0.204098,0
1,,127350,Port:10,0,0,0,Enabled,0.686733,0.426214,-0.366617,-0.460795,-59.2238,-49.7868,-143.272,0.175052,0
1,,127366,Port:10,0,0,0,Enabled,0.686359,0.423026,-0.359721,-0.469638,-58.067,-48.4973,-140.265,0.171586,0
1,,127382,Port:10,0,0,0,Enabled,0.684446,0.419649,-0.355972,-0.478239,-56.9023,-47.279,-138.029,0.157601,0
1,,127398,Port:10,0,0,0,Enabled,0.682034,0.416192,-0.353045,-0.486799,-55.7809,-45.6377,-136.147,0.150698,0
1,,127414,Port:10,0,0,0,Enabled,0.680037,0.412769,-0.352211,-0.493071,-54.4776,-44.0829,-134.527,0.138518,0
1,,127430,Port:10,0,0,0,Enabled,0.67691,0.409389,-0.34984,-0.501802,-52.9773,-42.2957,-132.709,0.134576,0
1,,127438,Port:10,0,0,0,Enabled,0.675481,0.406944,-0.34922,-0.50613,-52.2344,-41.2561,-131.739,0.130821,0
1,,127454,Port:10,0,0,0,Enabled,0.671012,0.403737,-0.3485,-0.515061,-50.883,-38.8097,-129.653,0.121677,0
1,,127470,Port:10,0,0,0,Enabled,0.66935,0.396533,-0.352276,-0.520226,-49.7142,-35.2537,-128.077,0.121584,0
1,,127486,Port:10,0,0,0,Enabled,0.666557,0.389231,-0.356886,-0.526151,-48.6781,-31.0927,-126.292,0.116638,0
1,,127502,Port:10,0,0,0,Enabled,0.664447,0.381131,-0.360734,-0.532091,-47.4761,-26.973,-124.668,0.115008,0
1,,127518,Port:10,0,0,0,Enabled,0.664133,0.375647,-0.364837,-0.533584,-46.5397,-23.1608,-123.236,0.113562,0
1,,127534,Port:10,0,0,0,Enabled,0.665301,0.369887,-0.369544,-0.532913,-45.6624,-19.0867,-121.666,0.112519,0
1,,127550,Port:10,0,0,0,Enabled,0.666615,0.36298,-0.373393,-0.533337,-44.5766,-14.4485,-119.675,0.11177,0
1,,127558,Port:10,0,0,0,Enabled,0.667364,0.359529,-0.375181,-0.533483,-44.0354,-12.0962,-118.64,0.110965,0
1,,127590,Port:10,0,0,0,Enabled,0.671316,0.347544,-0.381464,-0.532008,-41.5595,-2.42206,-114.1,0.104039,0
1,,127606,Port:10,0,0,0,Enabled,0.673536,0.340749,-0.385106,-0.530975,-40.1136,3.03861,-111.698,0.10048,0
1,,127622,Port:10,0,0,0,Enabled,0.674304,0.333145,-0.388443,-0.532393,-38.7363,8.68967,-109.185,0.0950387,0
1,,127638,Port:10,0,0,0,Enabled,0.67703,0.326545,-0.391525,-0.530761,-37.4921,14.175,-106.806,0.0928717,0
1,,127654,Port:10,0,0,0,Enabled,0.676309,0.318528,-0.395227,-0.533799,-36.164,19.8378,-104.603,0.0890316,0
1,,127662,Port:10,0,0,0,Enabled,0.676486,0.315985,-0.396202,-0.534363,-35.5677,22.4135,-103.622,0.0879233,0
1,,127678,Port:10,0,0,0,Enabled,0.676932,0.308907,-0.399608,-0.535401,-34.2363,27.4209,-101.924,0.0884703,0
1,,127694,Port:10,0,0,0,Enabled,0.677642,0.304789,-0.400927,-0.535876,-32.9077,31.7541,-100.395,0.0896573,0
1,,127710,Port:10,0,0,0,Enabled,0.677753,0.298489,-0.403318,-0.537485,-31.1201,36.6553,-98.8297,0.0916266,0
1,,127726,Port:10,0,0,0,Enabled,0.67887,0.293135,-0.40413,-0.538411,-29.1409,41.4271,-97.0984,0.0945325,0
1,,127742,Port:10,0,0,0,Enabled,0.678777,0.28845,-0.404529,-0.540755,-27.3327,45.9158,-95.4883,0.0958595,0
1,,127758,Port:10,0,0,0,Enabled,0.680184,0.284229,-0.405315,-0.540633,-25.9662,50.2513,-94.2308,0.0973303,0
1,,127774,Port:10,0,0,0,Enabled,0.681639,0.280882,-0.406135,-0.539934,-25.0567,54.5959,-93.3055,0.0994622,0
1,,127790,Port:10,0,0,0,Enabled,0.682427,0.275528,-0.408614,-0.539826,-24.3533,59.5508,-92.5466,0.0995261,0
1,,127814,Port:10,0,0,0,Enabled,0.686381,0.269184,-0.412586,-0.534971,-24.0093,67.2807,-91.9085,0.104064,0
1,,127830,Port:10,0,0,0,Enabled,0.686939,0.262837,-0.417116,-0.533896,-24.2561,73.1602,-91.7211,0.106624,0
1,,127846,Port:10,0,0,0,Enabled,0.68998,0.258849,-0.422157,-0.527929,-25.3202,78.1932,-92.2177,0.110031,0
1,,127862,Port:10,0,0,0,Enabled,0.693084,0.257163,-0.428072,-0.519862,-27.5252,82.6823,-93.3459,0.116977,0
1,,127878,Port:10,0,0,0,Enabled,0.69423,0.25569,-0.435276,-0.513032,-31.015,87.0037,-95.0529,0.124754,0
1,,127894,Port:10,0,0,0,Enabled,0.69701,0.255545,-0.445041,-0.500812,-36.3483,90.9533,-97.5235,0.138341,0
1,,127902,Port:10,0,0,0,Enabled,0.697704,0.25615,-0.450033,-0.495043,-39.5148,92.792,-99.0023,0.147162,0
1,,127918,Port:10,0,0,0,Enabled,0.698383,0.259114,-0.460226,-0.483024,-46.7102,96.5118,-102.165,0.167215,0
1,,127934,Port:10,0,0,0,Enabled,0.699624,0.259981,-0.472494,-0.468707,-54.5227,100.51,-105.463,0.197524,0
1,,127958,Port:10,0,0,0,Enabled,0.697327,0.271757,-0.486679,-0.450586,-66.6475,106.152,-110.103,0.197026,0
1,,127966,Port:10,0,0,0,Enabled,0.697325,0.273853,-0.489823,-0.445888,-70.3827,108.421,-111.067,0.190674,0
1,,127982,Port:10,0,0,0,Enabled,0.692669,0.275541,-0.497234,-0.443898,-77.6266,114.309,-112.968,0.16067,0
1,,127998,Port:10,0,0,0,Enabled,0.685967,0.278586,-0.507103,-0.441232,-85.0817,119.929,-115.2,0.149833,0
1,,128014,Port:10,0,0,0,Enabled,0.677626,0.286915,-0.513209,-0.441723,-92.9655,124.068,-117.467,0.133656,0
1,,128030,Port:10,0,0,0,Enabled,0.672796,0.297163,-0.519564,-0.434847,-101.006,126.181,-119.56,0.135387,0
1,,128038,Port:10,0,0,0,Enabled,0.670146,0.303321,-0.522358,-0.431326,-104.972,126.512,-120.567,0.133169,0
1,,128078,Port:10,0,0,0,Enabled,0.64784,0.342363,-0.526642,-0.430975,-121.256,124.269,-121.338,0.0979148,0
1,,128086,Port:10,0,0,0,Enabled,0.642207,0.349071,-0.527097,-0.433461,-123.561,122.867,-120.616,0.0906042,0
1,,128102,Port:10,0,0,0,Enabled,0.637567,0.361094,-0.527569,-0.429873,-127.299,117.488,-118.41,0.0788697,0
1,,128118,Port:10,0,0,0,Enabled,0.638651,0.370211,-0.524305,-0.424468,-130.435,110.784,-115.526,0.0696462,0
1,,128134,Port:10,0,0,0,Enabled,0.637739,0.380944,-0.523219,-0.417628,-133.138,102.773,-113.107,0.0657268,0
1,,128150,Port:10,0,0,0,Enabled,0.63733,0.392382,-0.519028,-0.412864,-135.954,93.939,-110.706,0.062805,0
1,,128158,Port:10,0,0,0,Enabled,0.638706,0.395339,-0.518808,-0.408166,-137.29,89.3811,-109.614,0.0650231,0
1,,128174,Port:10,0,0,0,Enabled,0.637289,0.4026,-0.51736,-0.40511,-139.805,80.8777,-107.59,0.0658698,0
1,,128190,Port:10,0,0,0,Enabled,0.636459,0.406274,-0.517846,-0.402116,-141.831,72.9631,-105.91,0.0656468,0
1,,128206,Port:10,0,0,0,Enabled,0.633023,0.415327,-0.514297,-0.402845,-143.732,65.3148,-104.592,0.0618267,0
1,,128222,Port:10,0,0,0,Enabled,0.632385,0.41879,-0.515114,-0.399202,-145.269,58.729,-103.842,0.0648707,0
1,,128238,Port:10,0,0,0,Enabled,0.62983,0.42471,-0.513636,-0.398892,-146.287,52.7266,-103.054,0.0629412,0
1,,128254,Port:10,0,0,0,Enabled,0.626062,0.429402,-0.512414,-0.401363,-146.594,47.2666,-101.909,0.065273,0
1,,128270,Port:10,0,0,0,Enabled,0.621715,0.434964,-0.510858,-0.404105,-146.367,41.1916,-100.879,0.0657808,0
1,,128278,Port:10,0,0,0,Enabled,0.620383,0.437741,-0.509214,-0.405227,-146.31,37.8191,-100.498,0.0626443,0
1,,128318,Port:10,0,0,0,Enabled,0.61579,0.453488,-0.504968,-0.400197,-145.583,17.4754,-102.663,0.0543537,0
1,,128326,Port:10,0,0,0,Enabled,0.615487,0.456335,-0.504287,-0.398281,-145.154,13.1635,-103.6,0.0578377,0
1,,128342,Port:10,0,0,0,Enabled,0.612813,0.46469,-0.498731,-0.399739,-143.945,4.94218,-105.656,0.0545815,0
1,,128358,Port:10,0,0,0,Enabled,0.611056,0.47122,-0.494487,-0.400056,-142.688,-2.79722,-108.247,0.0582057,0
1,,128374,Port:10,0,0,0,Enabled,0.608473,0.476903,-0.492632,-0.399548,-141.331,-9.8801,-111.425,0.0595187,0
1,,128390,Port:10,0,0,0,Enabled,0.606384,0.482162,-0.488577,-0.401386,-140.326,-16.6237,-114.343,0.0637888,0
1,,128398,Port:10,0,0,0,Enabled,0.604619,0.485172,-0.487788,-0.401382,-139.627,-19.6938,-116.023,0.0662388,0
1,,128414,Port:10,0,0,0,Enabled,0.603589,0.490054,-0.48239,-0.40352,-138.341,-25.51,-118.452,0.0717561,0
1,,128438,Port:10,0,0,0,Enabled,0.598776,0.496901,-0.475567,-0.410356,-135.771,-32.5287,-121.879,0.0798856,0
1,,128446,Port:10,0,0,0,Enabled,0.598126,0.499678,-0.472736,-0.411205,-134.898,-34.9442,-122.966,0.0813577,0
1,,128462,Port:10,0,0,0,Enabled,0.596738,0.503244,-0.46809,-0.414175,-132.603,-39.0637,-124.874,0.0923281,0
1,,128478,Port:10,0,0,0,Enabled,0.595182,0.504543,-0.463702,-0.419734,-129.648,-42.2685,-126.638,0.1028,0
1,,128494,Port:10,0,0,0,Enabled,0.594381,0.505006,-0.458855,-0.425598,-125.462,-45.0966,-128.476,0.112827,0
1,,128510,Port:10,0,0,0,Enabled,0.594762,0.505892,-0.451893,-0.431421,-120.366,-48.2276,-130.327,0.131982,0
1,,128518,Port:10,0,0,0,Enabled,0.595657,0.50544,-0.448652,-0.434092,-117.43,-49.6847,-131.245,0.142454,0
1,,128558,Port:10,0,0,0,Enabled,0.594346,0.504296,-0.42957,-0.45597,-101.568,-55.6722,-137.277,0.224501,0
1,,128566,Port:10,0,0,0,Enabled,0.594717,0.504298,-0.425061,-0.459694,-98.5785,-56.8103,-138.887,0.239641,0
1,,128582,Port:10,0,0,0,Enabled,0.594633,0.50531,-0.415705,-0.467187,-92.9054,-58.8049,-142.568,0.261083,0
1,,128598,Port:10,0,0,0,Enabled,0.593689,0.504884,-0.409121,-0.474601,-87.5214,-59.8885,-146.664,0.278369,0
1,,128614,Port:10,0,0,0,Enabled,0.592473,0.50343,-0.40152,-0.484061,-82.6181,-61.4842,-150.77,0.25404,0
1,,128630,Port:10,0,0,0,Enabled,0.593717,0.503697,-0.392956,-0.48926,-78.3428,-63.8289,-155.175,0.251877,0
1,,128638,Port:10,0,0,0,Enabled,0.595705,0.502955,-0.390633,-0.489468,-76.5377,-65.1284,-157.811,0.236996,0
1,,128662,Port:10,0,0,0,Enabled,0.594479,0.501873,-0.383355,-0.497753,-72.0326,-67.4653,-165.722,0.219157,0
1,,128678,Port:10,0,0,0,Enabled,0.593955,0.499935,-0.381516,-0.501724,-69.5417,-69.0702,-171.215,0.193308,0
1,,128686,Port:10,0,0,0,Enabled,0.593083,0.499604,-0.38027,-0.504028,-68.5031,-69.8118,-173.972,0.185625,0
1,,128702,Port:10,0,0,0,Enabled,0.593185,0.498993,-0.378569,-0.505791,-66.6037,-72.114,-179.497,0.173107,0
1,,128718,Port:10,0,0,0,Enabled,0.592098,0.499304,-0.375048,-0.509366,-64.7602,-73.846,-184.559,0.168619,0
1,,128734,Port:10,0,0,0,Enabled,0.593662,0.498036,-0.375214,-0.508666,-62.6829,-75.7028,-189.472,0.152571,0
1,,128750,Port:10,0,0,0,Enabled,0.592667,0.497523,-0.372944,-0.511985,-60.7551,-75.9855,-193.464,0.144255,0
1,,128758,Port:10,0,0,0,Enabled,0.594225,0.495712,-0.372977,-0.511913,-59.6353,-76.3003,-195.209,0.138551,0
1,,128782,Port:10,0,0,0,Enabled,0.595124,0.492251,-0.371671,-0.515148,-56.6948,-75.1613,-199.587,0.1259,0
1,,128798,Port:10,0,0,0,Enabled,0.596148,0.488771,-0.373336,-0.516073,-54.7412,-74.1891,-202.169,0.12463,0
1,,128806,Port:10,0,0,0,Enabled,0.595715,0.487789,-0.373274,-0.517544,-53.9672,-73.2859,-203.271,0.125506,0
1,,128838,Port:10,0,0,0,Enabled,0.597885,0.481476,-0.374232,-0.520254,-51.0388,-70.2492,-206.665,0.130791,0
1,,128854,Port:10,0,0,0,Enabled,0.597647,0.479205,-0.37593,-0.521399,-50.2074,-68.746,-208.02,0.128091,0
1,,128870,Port:10,0,0,0,Enabled,0.5996,0.477178,-0.377755,-0.519694,-49.5227,-67.0378,-208.702,0.12977,0
1,,128878,Port:10,0,0,0,Enabled,0.599842,0.47612,-0.377645,-0.520465,-49.2299,-65.8498,-209.168,0.129748,0
1,,128902,Port:10,0,0,0,Enabled,0.601107,0.470955,-0.381264,-0.521066,-47.3501,-62.0684,-209.635,0.134437,0
1,,128918,Port:10,0,0,0,Enabled,0.601708,0.467771,-0.381976,-0.522716,-45.9862,-59.3396,-210.019,0.14813,0
1,,128926,Port:10,0,0,0,Enabled,0.602018,0.466032,-0.383007,-0.523158,-45.153,-57.9582,-209.824,0.151128,0
1,,128942,Port:10,0,0,0,Enabled,0.601744,0.462871,-0.383584,-0.52585,-44.2298,-54.7196,-209.771,0.144015,0
1,,128958,Port:10,0,0,0,Enabled,0.602918,0.459334,-0.386378,-0.525561,-43.1912,-52.147,-209.092,0.151309,0
1,,128974,Port:10,0,0,0,Enabled,0.602494,0.455718,-0.387264,-0.528535,-42.8517,-48.4557,-208.447,0.144684,0
1,,128990,Port:10,0,0,0,Enabled,0.603209,0.451568,-0.391264,-0.528335,-42.3099,-45.2076,-207.369,0.160155,0
1,,129022,Port:10,0,0,0,Enabled,0.605702,0.444077,-0.396512,-0.52792,-41.2645,-37.5075,-204.782,0.164441,0
1,,129038,Port:10,0,0,0,Enabled,0.605301,0.440427,-0.398605,-0.529858,-40.7993,-33.043,-203.433,0.181156,0
1,,129046,Port:10,0,0,0,Enabled,0.6059,0.438363,-0.399896,-0.529912,-40.3242,-31.1121,-202.793,0.182555,0
1,,129062,Port:10,0,0,0,Enabled,0.607004,0.434125,-0.402564,-0.530117,-39.4057,-26.8994,-201.151,0.17975,0
1,,129078,Port:10,0,0,0,Enabled,0.60869,0.430394,-0.40532,-0.529125,-38.5555,-22.938,-200.025,0.18722,0
1,,129094,Port:10,0,0,0,Enabled,0.610318,0.427343,-0.407165,-0.528306,-37.7437,-18.6846,-198.479,0.187094,0
1,,129110,Port:10,0,0,0,Enabled,0.612572,0.42313,-0.410607,-0.526421,-37.0845,-14.3582,-197.511,0.197739,0
1,,129118,Port:10,0,0,0,Enabled,0.612878,0.421263,-0.412425,-0.526141,-36.8561,-12.1079,-196.84,0.200033,0
1,,129142,Port:10,0,0,0,Enabled,0.614984,0.415847,-0.417398,-0.524066,-36.2973,-5.40804,-195.651,0.193373,0
1,,129158,Port:10,0,0,0,Enabled,0.616997,0.412707,-0.420905,-0.52137,-36.5354,-1.10533,-194.385,0.19565,0
1,,129166,Port:10,0,0,0,Enabled,0.618218,0.411284,-0.422372,-0.51986,-36.6531,1.0188,-193.914,0.196452,0
1,,129182,Port:10,0,0,0,Enabled,0.619742,0.407866,-0.426527,-0.517341,-36.8635,5.38517,-192.625,0.201539,0
1,,129198,Port:10,0,0,0,Enabled,0.621959,0.404696,-0.429467,-0.51473,-37.1246,9.8442,-191.285,0.208875,0
1,,129214,Port:10,0,0,0,Enabled,0.624551,0.401016,-0.432917,-0.511572,-37.2286,14.3346,-189.774,0.20967,0
1,,129230,Port:10,0,0,0,Enabled,0.626316,0.397748,-0.436817,-0.508641,-37.5771,19.1232,-188.352,0.214625,0
1,,129262,Port:10,0,0,0,Enabled,0.630445,0.390389,-0.444686,-0.502385,-37.8454,29.4088,-184.881,0.224404,0
1,,129278,Port:10,0,0,0,Enabled,0.632407,0.385336,-0.449367,-0.499647,-37.9297,34.6756,-182.664,0.223385,0
1,,129286,Port:10,0,0,0,Enabled,0.632921,0.383737,-0.451041,-0.498717,-38.0968,37.2968,-181.564,0.22538,0
1,,129302,Port:10,0,0,0,Enabled,0.634256,0.379248,-0.45588,-0.496049,-38.5782,42.1421,-179.692,0.225879,0
1,,129318,Port:10,0,0,0,Missing,,,,,,,,,0
1,,129334,Port:10,0,0,0,Enabled,0.636438,0.375163,-0.463973,-0.488804,-41.1772,49.6228,-175.432,0.249872,0
1,,129350,Port:10,0,0,0,Enabled,0.637992,0.372255,-0.468055,-0.485095,-42.016,53.4184,-173.475,0.257306,0
1,,129358,Port:10,0,0,0,Enabled,0.637906,0.370933,-0.46961,-0.484717,-42.307,55.4217,-172.509,0.25338,0
1,,129382,Port:10,0,0,0,Enabled,0.640996,0.365626,-0.474706,-0.479684,-42.4974,61.5046,-170.351,0.247094,0
1,,129398,Port:10,0,0,0,Enabled,0.64201,0.361818,-0.477857,-0.478085,-42.6055,65.3301,-168.225,0.244295,0
1,,129406,Port:10,0,0,0,Enabled,0.642765,0.360215,-0.478804,-0.477331,-42.5044,67.3109,-167.032,0.250484,0
1,,129422,Port:10,0,0,0,Enabled,0.644687,0.355925,-0.481555,-0.475186,-42.352,71.2085,-164.762,0.24715,0
1,,129438,Port:10,0,0,0,Enabled,0.645423,0.35313,-0.483995,-0.473791,-42.2174,74.8103,-162.471,0.246921,0
1,,129454,Port:10,0,0,0,Enabled,0.64763,0.350087,-0.486423,-0.470539,-41.8783,78.1826,-160.095,0.245866,0
1,,129470,Port:10,0,0,0,Enabled,0.647718,0.348041,-0.488053,-0.470248,-41.4638,81.3863,-157.277,0.240874,0
1,,129502,Port:10,0,0,0,Enabled,0.65007,0.34643,-0.491876,-0.464169,-41.4539,87.3877,-150.75,0.238933,0
1,,129518,Port:10,0,0,0,Enabled,0.650169,0.344399,-0.495052,-0.46216,-42.2241,91.1056,-146.576,0.239548,0
1,,129526,Port:10,0,0,0,Enabled,0.649258,0.343441,-0.496868,-0.462207,-42.8808,92.963,-144.236,0.235775,0
1,,129542,Port:10,0,0,0,Enabled,0.650526,0.342678,-0.500137,-0.45744,-44.9603,96.3568,-139.731,0.240794,0
1,,129558,Port:10,0,0,0,Enabled,0.650593,0.340585,-0.506381,-0.452006,-47.8879,99.348,-135.566,0.243587,0
1,,129574,Port:10,0,0,0,Enabled,0.649607,0.343047,-0.508949,-0.448666,-51.3768,101.683,-131.145,0.246595,0
1,,129590,Port:10,0,0,0,Enabled,0.649931,0.342913,-0.514443,-0.441982,-55.716,103.367,-126.895,0.253581,0
1,,129598,Port:10,0,0,0,Enabled,0.649235,0.343722,-0.516742,-0.43969,-58.2484,104.151,-124.867,0.248564,0
1,,129622,Port:10,0,0,0,Enabled,0.646832,0.34559,-0.526001,-0.430696,-67.3843,106.511,-120.103,0.211031,0
1,,129638,Port:10,0,0,0,Enabled,0.643004,0.348659,-0.529815,-0.429276,-74.1309,107.834,-117.023,0.175225,0
1,,129646,Port:10,0,0,0,Enabled,0.641335,0.350455,-0.531687,-0.427995,-77.7051,108.28,-115.6,0.156451,0
1,,129662,Port:10,0,0,0,Enabled,0.638028,0.351088,-0.53683,-0.425994,-84.7202,109.223,-113.032,0.118074,0
1,,129678,Port:10,0,0,0,Enabled,0.633118,0.355252,-0.53982,-0.42609,-91.9512,109.772,-110.977,0.0926023,0
1,,129694,Port:10,0,0,0,Enabled,0.630837,0.358321,-0.543531,-0.422166,-98.924,109.429,-109.392,0.0766243,0
1,,129710,Port:10,0,0,0,Enabled,0.628835,0.362399,-0.545673,-0.418897,-105.612,108.887,-108.022,0.0681382,0
1,,129726,Port:10,0,0,0,Enabled,0.624477,0.367418,-0.547384,-0.418812,-111.41,107.984,-106.402,0.0714011,0
1,,129742,Port:10,0,0,0,Enabled,0.623465,0.369626,-0.548788,-0.416533,-117.043,106.564,-104.637,0.0706763,0
1,,129758,Port:10,0,0,0,Enabled,0.620005,0.375141,-0.549169,-0.416265,-122.064,104.533,-103.283,0.0756841,0
1,,129782,Port:10,0,0,0,Enabled,0.616774,0.378951,-0.551779,-0.414157,-128.396,101.622,-102.299,0.0782055,0
1,,129798,Port:10,0,0,0,Enabled,0.616627,0.381733,-0.552164,-0.411297,-131.582,99.1002,-101.877,0.0785832,0
1,,129814,Port:10,0,0,0,Enabled,0.615363,0.382885,-0.552823,-0.411235,-134.105,96.8862,-101.415,0.0781348,0
1,,129830,Port:10,0,0,0,Enabled,0.612705,0.385375,-0.553087,-0.412521,-136.288,94.5973,-100.949,0.0851851,0
1,,129846,Port:10,0,0,0,Enabled,0.611958,0.387265,-0.553282,-0.411597,-138.636,91.858,-100.964,0.0852899,0
1,,129862,Port:10,0,0,0,Enabled,0.611091,0.390124,-0.553684,-0.409641,-140.667,88.7605,-101.053,0.0884404,0
1,,129878,Port:10,0,0,0,Enabled,0.610686,0.392688,-0.552528,-0.409356,-142.386,85.4024,-100.951,0.0857642,0
1,,129886,Port:10,0,0,0,Enabled,0.610683,0.393605,-0.552888,-0.407991,-143.024,83.6447,-100.946,0.0897653,0
1,,129902,Port:10,0,0,0,Enabled,0.61148,0.39652,-0.550635,-0.40702,-144.516,79.8123,-100.831,0.0859309,0
1,,129918,Port:10,0,0,0,Enabled,0.610424,0.40049,-0.550102,-0.405437,-145.537,75.7756,-101.029,0.0920012,0
1,,129934,Port:10,0,0,0,Enabled,0.611362,0.403202,-0.54817,-0.40395,-146.679,71.6071,-101.096,0.0820201,0
1,,129950,Port:10,0,0,0,Enabled,0.611287,0.407395,-0.545915,-0.402907,-147.458,67.0824,-100.997,0.0853309,0
1,,129966,Port:10,0,0,0,Enabled,0.61231,0.410927,-0.543945,-0.400424,-148.329,62.3158,-101.187,0.0791142,0
1,,129982,Port:10,0,0,0,Enabled,0.612793,0.413729,-0.542509,-0.398746,-148.487,57.9832,-101.301,0.0794723,0
1,,129998,Port:10,0,0,0,Enabled,0.61182,0.417375,-0.539596,-0.400389,-148.151,53.9829,-101.234,0.0733918,0
1,,130022,Port:10,0,0,0,Enabled,0.611761,0.422173,-0.53557,-0.400853,-146.263,47.8483,-101.318,0.0711227,0
1,,130038,Port:10,0,0,0,Enabled,0.610931,0.426885,-0.531654,-0.40234,-144.249,43.5926,-101.672,0.0677813,0
1,,130054,Port:10,0,0,0,Enabled,0.612113,0.430278,-0.52797,-0.401779,-141.492,39.5242,-101.988,0.0601977,0
1,,130070,Port:10,0,0,0,Enabled,0.61207,0.433866,-0.523906,-0.403304,-138.268,35.8106,-102.098,0.056167,0
1,,130086,Port:10,0,0,0,Enabled,0.613811,0.435363,-0.520038,-0.404049,-134.701,32.3025,-101.804,0.0500185,0
1,,130102,Port:10,0,0,0,Enabled,0.613298,0.438678,-0.51551,-0.407034,-131.034,28.7316,-101.577,0.0461298,0
1,,130118,Port:10,0,0,0,Enabled,0.614598,0.439939,-0.5119,-0.408267,-127.321,25.1029,-101.288,0.0441675,0
1,,130126,Port:10,0,0,0,Enabled,0.614263,0.440733,-0.51012,-0.410138,-125.475,23.3446,-101.192,0.040318,0
1,,130142,Port:10,0,0,0,Enabled,0.614626,0.442691,-0.505684,-0.41297,-121.668,19.7043,-100.842,0.0428304,0
1,,130158,Port:10,0,0,0,Enabled,0.616255,0.443357,-0.50231,-0.413945,-117.775,16.4382,-100.662,0.0401663,0
1,,130174,Port:10,0,0,0,Enabled,0.615753,0.444145,-0.498645,-0.418255,-113.663,13.9311,-100.442,0.0434655,0
1,,130190,Port:10,0,0,0,Enabled,0.616564,0.444847,-0.495109,-0.420508,-109.129,11.3751,-100.246,0.0464183,0
1,,130206,Port:10,0,0,0,Enabled,0.617826,0.445408,-0.491107,-0.422749,-103.94,9.02302,-99.9084,0.0527986,0
1,,130222,Port:10,0,0,0,Enabled,0.619988,0.445835,-0.485904,-0.42514,-98.0957,6.90939,-99.1877,0.0615242,0
1,,130238,Port:10,0,0,0,Enabled,0.621587,0.445889,-0.480316,-0.42908,-91.6875,5.17132,-98.3036,0.0726236,0
1,,130262,Port:10,0,0,0,Enabled,0.624228,0.445308,-0.469828,-0.43738,-81.3149,2.71298,-96.0901,0.0936556,0
1,,130278,Port:10,0,0,0,Enabled,0.629111,0.443247,-0.461112,-0.441733,-74.4954,0.795619,-93.6143,0.0827429,0
1,,130294,Port:10,0,0,0,Enabled,0.635051,0.439927,-0.451603,-0.446351,-68.3867,-1.09399,-91.2008,0.06603,0
1,,130310,Port:10,0,0,0,Enabled,0.63992,0.438139,-0.442773,-0.449988,-62.9443,-2.98062,-90.4432,0.0668809,0
1,,130326,Port:10,0,0,0,Enabled,0.639669,0.439514,-0.434302,-0.4572,-57.7494,-5.20226,-91.4825,0.0641027,0
1,,130342,Port:10,0,0,0,Enabled,0.640824,0.440741,-0.426852,-0.461399,-52.6137,-8.2957,-93.0614,0.0808933,0
1,,130358,Port:10,0,0,0,Enabled,0.641912,0.441577,-0.420973,-0.464479,-47.814,-11.8589,-95.0595,0.0876159,0
1,,130366,Port:10,0,0,0,Enabled,0.641902,0.441906,-0.418229,-0.466654,-45.5157,-13.6584,-96.0441,0.0850211,0
1,,130382,Port:10,0,0,0,Enabled,0.643512,0.440478,-0.414217,-0.469356,-41.1792,-17.2184,-97.9525,0.076942,0
1,,130398,Port:10,0,0,0,Enabled,0.642654,0.439986,-0.409459,-0.475133,-37.4237,-20.8331,-99.7389,0.0733715,0
1,,130414,Port:10,0,0,0,Enabled,0.641906,0.438729,-0.405646,-0.480546,-34.2542,-24.548,-101.551,0.0724078,0
1,,130430,Port:10,0,0,0,Enabled,0.640706,0.438092,-0.401952,-0.485805,-31.9359,-28.8233,-103.329,0.0728569,0
1,,130446,Port:10,0,0,0,Enabled,0.638173,0.440531,-0.397404,-0.49065,-30.6845,-33.6902,-105.417,0.083218,0
1,,130462,Port:10,0,0,0,Enabled,0.63617,0.442309,-0.394534,-0.493958,-30.1088,-38.3522,-107.715,0.091476,0
1,,130478,Port:10,0,0,0,Enabled,0.631292,0.444467,-0.390891,-0.501123,-29.889,-42.6081,-109.782,0.102635,0
1,,130502,Port:10,0,0,0,Enabled,0.626805,0.449235,-0.384964,-0.507056,-29.9331,-50.0273,-112.93,0.125989,0
1,,130518,Port:10,0,0,0,Enabled,0.62184,0.45244,-0.381538,-0.512877,-30.3034,-54.6161,-114.94,0.141689,0
1,,130534,Port:10,0,0,0,Enabled,0.617826,0.456175,-0.378314,-0.516793,-31.065,-59.356,-117.087,0.160506,0
1,,130550,Port:10,0,0,0,Enabled,0.613575,0.46072,-0.375295,-0.520016,-31.9838,-64.3224,-119.286,0.178817,0
1,,130566,Port:10,0,0,0,Enabled,0.609071,0.465257,-0.37206,-0.523585,-32.819,-69.3342,-121.448,0.195842,0
1,,130582,Port:10,0,0,0,Enabled,0.605316,0.469257,-0.36851,-0.526869,-33.584,-74.3573,-123.336,0.211598,0
1,,130598,Port:10,0,0,0,Enabled,0.600623,0.473626,-0.365347,-0.530521,-34.4384,-79.1658,-125.133,0.230322,0
1,,130606,Port:10,0,0,0,Enabled,0.599478,0.475299,-0.363527,-0.531569,-34.7929,-81.5326,-125.817,0.23848,0
1,,130622,Port:10,0,0,0,Enabled,0.597074,0.477802,-0.362053,-0.533034,-35.8057,-85.8757,-127.042,0.243844,0
1,,130638,Port:10,0,0,0,Enabled,0.5933,0.480996,-0.359498,-0.536097,-37.2195,-90.0341,-127.654,0.259997,0
1,,130654,Port:10,0,0,0,Enabled,0.590038,0.482361,-0.358967,-0.538819,-39.253,-93.7254,-127.393,0.261068,0
1,,130670,Port:10,0,0,0,Enabled,0.585118,0.4837,-0.357875,-0.543688,-41.816,-96.7003,-126.369,0.269091,0
1,,130686,Port:10,0,0,0,Enabled,0.581049,0.484275,-0.358472,-0.547136,-45.0809,-99.0319,-125.064,0.270378,0
1,,130702,Port:10,0,0,0,Enabled,0.576748,0.485049,-0.360329,-0.549774,-48.8796,-100.668,-123.909,0.267467,0
1,,130718,Port:10,0,0,0,Enabled,0.572487,0.486777,-0.363367,-0.550701,-53.206,-101.703,-123.088,0.26539,0
1,,130742,Port:10,0,0,0,Enabled,0.566608,0.489837,-0.368989,-0.55033,-60.1252,-102.655,-122.254,0.254201,0
1,,130758,Port:10,0,0,0,Enabled,0.562933,0.491305,-0.372032,-0.550744,-64.578,-102.809,-121.503,0.255592,0
1,,130774,Port:10,0,0,0,Enabled,0.559626,0.49124,-0.376175,-0.551357,-68.6526,-102.3,-120.428,0.24695,0
1,,130790,Port:10,0,0,0,Enabled,0.556882,0.490346,-0.379747,-0.552482,-72.5997,-101.389,-119.249,0.243834,0
1,,130806,Port:10,0,0,0,Enabled,0.554457,0.489599,-0.383088,-0.553275,-76.0897,-100.45,-117.772,0.237703,0
1,,130822,Port:10,0,0,0,Enabled,0.552721,0.489418,-0.386853,-0.552553,-79.7355,-99.4824,-116.521,0.241047,0
1,,130838,Port:10,0,0,0,Enabled,0.552253,0.48851,-0.390807,-0.551039,-83.2913,-98.3861,-115.046,0.238674,0
1,,130846,Port:10,0,0,0,Enabled,0.550947,0.488466,-0.392789,-0.550978,-85.1534,-97.6176,-114.39,0.245528,0
1,,130862,Port:10,0,0,0,Enabled,0.55007,0.487774,-0.396861,-0.549547,-88.8913,-96.1228,-112.982,0.254699,0
1,,130878,Port:10,0,0,0,Enabled,0.547873,0.486986,-0.402061,-0.548659,-92.2965,-93.8431,-111.815,0.256899,0
1,,130894,Port:10,0,0,0,Enabled,0.547606,0.485643,-0.406407,-0.546913,-95.3474,-91.8729,-110.655,0.251926,0
1,,130910,Port:10,0,0,0,Enabled,0.546903,0.48397,-0.410096,-0.546343,-97.7698,-89.7528,-109.37,0.261684,0
1,,130926,Port:10,0,0,0,Enabled,0.547293,0.483516,-0.413191,-0.544018,-100.069,-88.0988,-108.428,0.257647,0
1,,130942,Port:10,0,0,0,Enabled,0.547207,0.483143,-0.416576,-0.54185,-102.032,-85.9407,-107.609,0.260915,0
1,,130958,Port:10,0,0,0,Enabled,0.547226,0.481806,-0.419896,-0.540457,-103.853,-83.5588,-106.551,0.257889,0
1,,130982,Port:10,0,0,0,Enabled,0.55012,0.479818,-0.425354,-0.534993,-106.103,-79.8359,-104.994,0.251908,0
1,,130998,Port:10,0,0,0,Enabled,0.551951,0.478826,-0.430603,-0.529771,-107.795,-76.4662,-104.234,0.248026,0
1,,131014,Port:10,0,0,0,Enabled,0.554754,0.475984,-0.43675,-0.524345,-109.515,-72.401,-103.083,0.230723,0
1,,131030,Port:10,0,0,0,Enabled,0.55715,0.472554,-0.444084,-0.518716,-110.944,-67.3729,-101.879,0.218791,0
1,,131046,Port:10,0,0,0,Enabled,0.561235,0.469375,-0.450465,-0.511647,-112.351,-62.4388,-100.569,0.197446,0
1,,131062,Port:10,0,0,0,Enabled,0.564697,0.467031,-0.458346,-0.50291,-113.563,-57.1022,-99.8122,0.177234,0
1,,131078,Port:10,0,0,0,Enabled,0.569413,0.464616,-0.465077,-0.493563,-114.991,-51.8061,-99.3357,0.150864,0
1,,131086,Port:10,0,0,0,Enabled,0.571621,0.463178,-0.469216,-0.488418,-115.645,-48.8865,-99.1755,0.137433,0
1,,131102,Port:10,0,0,0,Enabled,0.573269,0.459214,-0.475185,-0.484443,-116.825,-42.6016,-98.3698,0.115111,0
1,,131118,Port:10,0,0,0,Enabled,0.57712,0.454985,-0.481104,-0.477976,-118.202,-36.8408,-97.8844,0.0972885,0
1,,131134,Port:10,0,0,0,Enabled,0.579344,0.451103,-0.486527,-0.473454,-119.301,-30.9932,-97.5048,0.081447,0
1,,131150,Port:10,0,0,0,Enabled,0.580879,0.447329,-0.490998,-0.470529,-120.243,-25.1379,-97.2313,0.0690523,0
1,,131166,Port:10,0,0,0,Enabled,0.583768,0.442836,-0.495928,-0.466011,-120.472,-19.1862,-97.1364,0.0571226,0
1,,131182,Port:10,0,0,0,Enabled,0.586087,0.438015,-0.499947,-0.463355,-120.15,-13.01,-97.0815,0.0510419,0
1,,131198,Port:10,0,0,0,Enabled,0.590187,0.431426,-0.504574,-0.459299,-119.257,-6.47346,-97.3388,0.0440762,0
1,,131222,Port:10,0,0,0,Enabled,0.5937,0.425173,-0.50913,-0.45556,-116.659,3.00045,-98.1295,0.0395437,0
1,,131238,Port:10,0,0,0,Enabled,0.596558,0.419524,-0.512831,-0.452903,-114.041,8.95286,-98.3552,0.0422753,0
1,,131254,Port:10,0,0,0,Enabled,0.599216,0.416558,-0.512524,-0.45248,-111.329,13.883,-98.1341,0.0391172,0
1,,131270,Port:10,0,0,0,Enabled,0.602725,0.412057,-0.514308,-0.44991,-108.637,18.1384,-97.8407,0.0404452,0
1,,131286,Port:10,0,0,0,Enabled,0.605991,0.40977,-0.513896,-0.448079,-106.024,21.5677,-97.1937,0.0415664,0
1,,131302,Port:10,0,0,0,Enabled,0.608855,0.405814,-0.513607,-0.448128,-103.12,24.7577,-96.0162,0.0433559,0
1,,131318,Port:10,0,0,0,Enabled,0.612735,0.401722,-0.512926,-0.447306,-100.327,27.2674,-94.6636,0.0452843,0
1,,131326,Port:10,0,0,0,Enabled,0.613939,0.4004,-0.512446,-0.447391,-98.8736,28.3534,-94.0312,0.0463761,0
1,,131342,Port:10,0,0,0,Enabled,0.617963,0.396686,-0.511246,-0.446531,-95.5143,30.4923,-92.7248,0.0513109,0
1,,131358,Port:10,0,0,0,Enabled,0.622081,0.392513,-0.5103,-0.445583,-91.3497,32.9918,-91.6649,0.0651588,0
1,,131374,Port:10,0,0,0,Enabled,0.625201,0.388381,-0.508043,-0.44741,-86.7025,35.5394,-90.1567,0.0866963,0
1,,131390,Port:10,0,0,0,Enabled,0.630626,0.385374,-0.505755,-0.444981,-82.2295,36.857,-88.7097,0.131446,0
1,,131406,Port:10,0,0,0,Enabled,0.636792,0.381697,-0.502513,-0.44304,-78.1181,37.8124,-87.0519,0.174597,0
1,,131422,Port:10,0,0,0,Enabled,0.640663,0.380139,-0.499291,-0.442441,-74.3572,38.653,-85.6431,0.18977,0
1,,131438,Port:10,0,0,0,Enabled,0.645048,0.377817,-0.496317,-0.441404,-70.8936,39.7726,-84.6178,0.1338,0
1,,131462,Port:10,0,0,0,Enabled,0.646346,0.376351,-0.49148,-0.446144,-65.8544,42.3923,-83.7303,0.0929716,0
1,,131478,Port:10,0,0,0,Enabled,0.648615,0.373784,-0.490415,-0.446181,-62.7481,44.1649,-83.8521,0.129137,0
1,,131494,Port:10,0,0,0,Enabled,0.650322,0.373047,-0.488667,-0.446232,-59.7746,45.8576,-84.2049,0.157229,0
1,,131510,Port:10,0,0,0,Enabled,0.651841,0.370226,-0.488559,-0.446482,-56.926,48.0103,-84.6702,0.173867,0
1,,131526,Port:10,0,0,0,Enabled,0.654173,0.367809,-0.488317,-0.445332,-53.8972,49.9868,-84.8919,0.178858,0
1,,131542,Port:10,0,0,0,Enabled,0.656857,0.36419,-0.486737,-0.446085,-50.706,52.2755,-84.537,0.174931,0
1,,131558,Port:10,0,0,0,Enabled,0.658619,0.361482,-0.48663,-0.445806,-47.5877,54.6243,-84.3505,0.166139,0
1,,131566,Port:10,0,0,0,Enabled,0.661064,0.359981,-0.485729,-0.444383,-46.0331,55.8141,-84.1754,0.161678,0
1,,131582,Port:10,0,0,0,Enabled,0.66342,0.356705,-0.485654,-0.443595,-43.0421,58.7504,-84.1086,0.153657,0
1,,131598,Port:10,0,0,0,Enabled,0.665403,0.354383,-0.485521,-0.442631,-40.0059,62.1155,-84.0522,0.143484,0
1,,131614,Port:10,0,0,0,Enabled,0.667775,0.351063,-0.48608,-0.441087,-36.6669,65.8186,-83.8573,0.133691,0
1,,131630,Port:10,0,0,0,Enabled,0.670036,0.34635,-0.487262,-0.44008,-33.233,69.6242,-83.6868,0.1253,0
1,,131646,Port:10,0,0,0,Enabled,0.670457,0.343141,-0.488396,-0.440693,-29.7688,73.3546,-83.7057,0.117789,0
1,,131662,Port:10,0,0,0,Enabled,0.673632,0.337989,-0.488907,-0.439264,-26.1975,77.0247,-83.5984,0.104679,0
1,,131678,Port:10,0,0,0,Enabled,0.674461,0.333912,-0.487513,-0.442647,-22.0992,81.5398,-83.1664,0.0955033,0
1,,131702,Port:10,0,0,0,Enabled,0.676014,0.326761,-0.485952,-0.447306,-16.2867,88.5443,-82.991,0.0863494,0
1,,131718,Port:10,0,0,0,Enabled,0.677873,0.32348,-0.484575,-0.448371,-13.0287,92.4093,-83.2941,0.0843717,0
1,,131734,Port:10,0,0,0,Enabled,0.678643,0.321948,-0.483597,-0.449364,-10.1763,95.3539,-84.177,0.0825102,0
1,,131750,Port:10,0,0,0,Enabled,0.681002,0.321804,-0.482039,-0.447568,-7.50733,97.0916,-85.3332,0.0816326,0
1,,131766,Port:10,0,0,0,Enabled,0.682215,0.321594,-0.480058,-0.448002,-5.10088,98.5185,-86.3495,0.0822871,0
1,,131782,Port:10,0,0,0,Enabled,0.683166,0.320084,-0.479179,-0.448574,-2.91587,99.75,-87.5923,0.081862,0
1,,131798,Port:10,0,0,0,Enabled,0.683231,0.320078,-0.479189,-0.448469,-0.863127,100.577,-89.3632,0.0835478,0
1,,131806,Port:10,0,0,0,Enabled,0.683905,0.320136,-0.478388,-0.448255,0.369514,100.828,-90.212,0.0842486,0
1,,131822,Port:10,0,0,0,Enabled,0.686128,0.318878,-0.47728,-0.446933,3.28901,101.361,-91.7626,0.0859115,0
1,,131838,Port:10,0,0,0,Enabled,0.687158,0.316439,-0.476064,-0.448377,6.74691,102.024,-93.1171,0.0907881,0
1,,131854,Port:10,0,0,0,Enabled,0.688951,0.313282,-0.474472,-0.44953,10.2702,102.166,-94.1563,0.100747,0
1,,131870,Port:10,0,0,0,Enabled,0.691205,0.308917,-0.471301,-0.452418,13.6074,102.03,-94.8567,0.110416,0
1,,131886,Port:10,0,0,0,Enabled,0.69338,0.306499,-0.469075,-0.453046,16.3615,101.062,-96.1061,0.122346,0
1,,131902,Port:10,0,0,0,Enabled,0.695732,0.303905,-0.466986,-0.453346,18.934,100.117,-97.4712,0.126835,0
1,,131926,Port:10,0,0,0,Enabled,0.698111,0.300844,-0.464033,-0.454761,22.2932,98.2683,-99.5767,0.138955,0
1,,131942,Port:10,0,0,0,Enabled,0.699293,0.299055,-0.463341,-0.45483,23.9545,96.6594,-101.233,0.151083,0
1,,131958,Port:10,0,0,0,Enabled,0.700867,0.299748,-0.461094,-0.454235,25.5282,94.7531,-102.564,0.158153,0
1,,131974,Port:10,0,0,0,Enabled,0.702693,0.297393,-0.461244,-0.452807,26.7231,92.9835,-103.986,0.172199,0
1,,131990,Port:10,0,0,0,Enabled,0.701991,0.299939,-0.459143,-0.45435,27.5718,91.0562,-104.951,0.177069,0
1,,132006,Port:10,0,0,0,Enabled,0.703927,0.298666,-0.459961,-0.451355,27.9094,88.9622,-106.117,0.19592,0
1,,132022,Port:10,0,0,0,Enabled,0.703967,0.300145,-0.459655,-0.450621,28.2267,87.148,-107.058,0.205831,0
1,,132038,Port:10,0,0,0,Enabled,0.704251,0.299841,-0.459349,-0.450694,28.7065,85.2298,-107.626,0.220229,0
1,,132046,Port:10,0,0,0,Enabled,0.704832,0.299904,-0.458924,-0.450175,28.8684,84.0873,-107.834,0.227042,0
1,,132062,Port:10,0,0,0,Enabled,0.704501,0.301366,-0.458458,-0.450192,29.0138,81.4024,-108.272,0.244135,0
1,,132078,Port:10,0,0,0,Enabled,0.705768,0.30204,-0.45808,-0.448137,28.8488,78.4948,-108.738,0.263681,0
1,,132094,Port:10,0,0,0,Enabled,0.705317,0.30248,-0.458701,-0.447914,28.359,75.9127,-109.428,0.293059,0
1,,132110,Port:10,0,0,0,Enabled,0.710223,0.297946,-0.461684,-0.440067,27.6363,72.7963,-110.267,0.366349,0
1,,132126,Port:10,0,0,0,Enabled,0.715199,0.291734,-0.464881,-0.432744,27.0123,70.0361,-110.909,0.455122,0
1,,132142,Port:10,0,0,0,Enabled,0.723179,0.279339,-0.470315,-0.421647,26.2835,67.0069,-111.508,0.602463,0
1,,132158,Port:10,0,0,0,Enabled,0.754734,0.229519,-0.48978,-0.371231,25.0942,63.1088,-112.532,1.09963,0
1,,132182,Port:10,0,0,0,Enabled,0.849774,-0.118427,-0.513316,0.0191367,19.9697,47.1967,-113.153,3.35008,0
1,,132198,Port:10,0,0,0,Enabled,0.837866,-0.205879,-0.490588,0.122139,16.9422,37.2429,-112.182,3.84292,0
1,,132214,Port:10,0,0,0,Missing,,,,,,,,,0
1,,132230,Port:10,0,0,0,Enabled,0.679877,0.349517,-0.441416,-0.469848,23.1724,46.9657,-115.374,0.186162,0
1,,132246,Port:10,0,0,0,Enabled,0.676826,0.355429,-0.439297,-0.471799,23.1296,43.2065,-116.052,0.173937,0
1,,132262,Port:10,0,0,0,Enabled,0.675956,0.362152,-0.437107,-0.469965,22.8623,39.1841,-117.126,0.175714,0
1,,132278,Port:10,0,0,0,Enabled,0.673967,0.3717,-0.434814,-0.467486,22.3089,35.2625,-118.482,0.164666,0
1,,132294,Port:10,0,0,0,Enabled,0.671615,0.380182,-0.434416,-0.464411,21.3519,31.5325,-119.942,0.152095,0
1,,132302,Port:10,0,0,0,Enabled,0.669382,0.385969,-0.432727,-0.46444,20.8145,29.508,-120.434,0.137382,0
1,,132318,Port:10,0,0,0,Enabled,0.669245,0.392759,-0.431828,-0.459758,19.3761,25.74,-121.228,0.127172,0
1,,132334,Port:10,0,0,0,Enabled,0.666651,0.39843,-0.430682,-0.459721,17.8782,22.8096,-121.722,0.109805,0
1,,132350,Port:10,0,0,0,Enabled,0.665428,0.401901,-0.43139,-0.457803,16.549,20.7284,-122.383,0.105486,0
1,,132366,Port:10,0,0,0,Enabled,0.661923,0.405929,-0.430613,-0.460057,15.7139,18.7497,-122.829,0.100576,0
1,,132382,Port:10,0,0,0,Enabled,0.661879,0.408806,-0.429989,-0.458153,15.1553,16.1928,-123.227,0.0981467,0
1,,132414,Port:10,0,0,0,Enabled,0.659256,0.415574,-0.426659,-0.458957,15.0038,11.2667,-124.138,0.0959894,0
1,,132422,Port:10,0,0,0,Enabled,0.657908,0.417519,-0.425237,-0.460443,15.0497,10.1959,-124.364,0.0977395,0
1,,132438,Port:10,0,0,0,Enabled,0.656162,0.421266,-0.423296,-0.46131,15.0361,7.96988,-124.977,0.0959527,0
1,,132454,Port:10,0,0,0,Enabled,0.653351,0.425809,-0.419459,-0.46462,14.7747,5.73233,-125.581,0.0964756,0
1,,132470,Port:10,0,0,0,Enabled,0.650376,0.429855,-0.418144,-0.466253,14.049,3.73783,-126.717,0.0933604,0
1,,132486,Port:10,0,0,0,Enabled,0.646623,0.43496,-0.415439,-0.469149,12.8888,1.2659,-127.895,0.0904465,0
1,,132502,Port:10,0,0,0,Enabled,0.645046,0.4395,-0.414121,-0.468252,11.5064,-1.5046,-129.4,0.0863993,0
1,,132518,Port:10,0,0,0,Enabled,0.640961,0.445101,-0.412028,-0.470414,10.063,-4.22308,-130.892,0.0805413,0
1,,132534,Port:10,0,0,0,Enabled,0.637958,0.450257,-0.409075,-0.472163,8.84704,-7.04383,-132.145,0.0735218,0
1,,132542,Port:10,0,0,0,Enabled,0.636275,0.453434,-0.40712,-0.473081,8.22683,-8.49837,-132.83,0.0707673,0
1,,132558,Port:10,0,0,0,Enabled,0.632512,0.458232,-0.406049,-0.474423,7.11485,-10.9279,-134.256,0.0681494,0
1,,132574,Port:10,0,0,0,Enabled,0.629929,0.463048,-0.403459,-0.475393,6.28521,-13.4913,-135.368,0.064128,0
1,,132590,Port:10,0,0,0,Enabled,0.627596,0.467025,-0.401813,-0.47598,5.507,-15.6936,-136.267,0.0624894,0
1,,132606,Port:10,0,0,0,Enabled,0.622915,0.47161,-0.399793,-0.479299,4.71889,-17.6461,-136.953,0.0602769,0
1,,132622,Port:10,0,0,0,Enabled,0.61866,0.476605,-0.396941,-0.48223,3.87048,-19.7272,-137.418,0.0593109,0
1,,132654,Port:10,0,0,0,Enabled,0.613732,0.48537,-0.392201,-0.483661,2.0854,-23.9882,-138.065,0.0569149,0
1,,132662,Port:10,0,0,0,Enabled,0.612545,0.486825,-0.392316,-0.483611,1.56052,-24.5851,-138.323,0.0574529,0
1,,132678,Port:10,0,0,0,Enabled,0.607876,0.490336,-0.391765,-0.486394,0.749096,-25.2995,-138.597,0.0578622,0
1,,132694,Port:10,0,0,0,Enabled,0.604631,0.492889,-0.390967,-0.488493,0.123529,-25.606,-138.651,0.0582023,0
1,,132710,Port:10,0,0,0,Enabled,0.603431,0.493774,-0.390947,-0.4891,-0.114245,-25.7001,-138.4,0.0571719,0
1,,132726,Port:10,0,0,0,Enabled,0.601789,0.493461,-0.391958,-0.490627,-0.25771,-25.3216,-138.02,0.0568664,0
1,,132742,Port:10,0,0,0,Enabled,0.59964,0.494934,-0.390656,-0.492809,-0.481471,-25.6118,-137.456,0.0553321,0
1,,132758,Port:10,0,0,0,Enabled,0.596567,0.497034,-0.389661,-0.495207,-1.24822,-26.6157,-137.663,0.059109,0
1,,132774,Port:10,0,0,0,Enabled,0.591738,0.501732,-0.388813,-0.496927,-2.72119,-28.7247,-138.735,0.0624921,0
1,,132782,Port:10,0,0,0,Enabled,0.59084,0.502961,-0.389108,-0.496521,-3.47295,-30.0466,-139.471,0.0676181,0
1,,132798,Port:10,0,0,0,Enabled,0.587926,0.507092,-0.387888,-0.496732,-4.69594,-33.5701,-141.078,0.0715748,0
1,,132822,Port:10,0,0,0,Enabled,0.586338,0.513402,-0.382013,-0.496682,-5.71766,-39.8242,-143.399,0.0863505,0
1,,132830,Port:10,0,0,0,Enabled,0.585111,0.515371,-0.380745,-0.497063,-6.14975,-41.599,-144.361,0.0919514,0
1,,132846,Port:10,0,0,0,Enabled,0.580183,0.520616,-0.378942,-0.498749,-7.00591,-44.6218,-146.607,0.104468,0
1,,132862,Port:10,0,0,0,Enabled,0.578082,0.523375,-0.374605,-0.501569,-7.3069,-46.8553,-148.03,0.10766,0
1,,132894,Port:10,0,0,0,Enabled,0.567723,0.527408,-0.372524,-0.510644,-10.4842,-46.6845,-149.757,0.112064,0
1,,132902,Port:10,0,0,0,Enabled,0.563426,0.529246,-0.369868,-0.515411,-11.4489,-46.8486,-150.124,0.118513,0
1,,132918,Port:10,0,0,0,Enabled,0.559388,0.534521,-0.363437,-0.518928,-12.6782,-48.6849,-150.853,0.119954,0
1,,132942,Port:10,0,0,0,Enabled,0.563097,0.534555,-0.364168,-0.514349,-13.3859,-50.4595,-152.867,0.123466,0
1,,132950,Port:10,0,0,0,Enabled,0.562601,0.535178,-0.364593,-0.513943,-13.5202,-50.8628,-153.736,0.126948,0
1,,132966,Port:10,0,0,0,Enabled,0.55944,0.538033,-0.363903,-0.514901,-13.7336,-51.5373,-155.529,0.131641,0
1,,132982,Port:10,0,0,0,Enabled,0.562589,0.537753,-0.36549,-0.510621,-14.2721,-52.5433,-157.115,0.12474,0
1,,132998,Port:10,0,0,0,Enabled,0.565508,0.540435,-0.364098,-0.505532,-15.3618,-54.5178,-158.693,0.135575,0
1,,133014,Port:10,0,0,0,Enabled,0.574781,0.540295,-0.364175,-0.495059,-16.4327,-56.6553,-160.192,0.134501,0
1,,133022,Port:10,0,0,0,Enabled,0.576546,0.539611,-0.362068,-0.495299,-16.8641,-57.2475,-160.439,0.138025,0
1,,133038,Port:10,0,0,0,Enabled,0.580957,0.53302,-0.359277,-0.499299,-18.3326,-56.803,-160.799,0.133557,0
1,,133062,Port:10,0,0,0,Enabled,0.57352,0.524294,-0.363514,-0.513856,-21.9986,-55.1401,-162.096,0.125907,0
1,,133070,Port:10,0,0,0,Enabled,0.574769,0.518154,-0.364667,-0.517857,-23.3349,-54.6765,-162.362,0.128049,0
1,,133086,Port:10,0,0,0,Enabled,0.562021,0.513157,-0.358413,-0.540687,-25.3182,-55.2204,-163.106,0.124295,0
1,,133102,Port:10,0,0,0,Enabled,0.552481,0.515703,-0.359023,-0.547648,-27.7627,-58.2165,-165.975,0.133172,0
1,,133134,Port:10,0,0,0,Enabled,0.561375,0.505026,-0.354431,-0.55153,-25.9986,-63.5408,-164.354,0.141409,0
1,,133142,Port:10,0,0,0,Enabled,0.562765,0.504499,-0.356709,-0.549122,-25.9542,-64.8029,-163.36,0.139186,0
1,,133158,Port:10,0,0,0,Enabled,0.574455,0.501551,-0.362695,-0.53563,-26.38,-66.8714,-160.282,0.142008,0
1,,133182,Port:10,0,0,0,Enabled,0.611939,0.49166,-0.359625,-0.504452,-25.7597,-69.6747,-154.08,0.162783,0
1,,133190,Port:10,0,0,0,Enabled,0.612039,0.497708,-0.357241,-0.500073,-25.5611,-70.7485,-153.836,0.164091,0
1,,133206,Port:10,0,0,0,Enabled,0.590037,0.526523,-0.348433,-0.503215,-26.0873,-72.6121,-154.821,0.180473,0
1,,133222,Port:10,0,0,0,Enabled,0.581974,0.542407,-0.334119,-0.505436,-25.4603,-75.536,-155.618,0.18788,0
1,,133238,Port:10,0,0,0,Enabled,0.580477,0.556693,-0.343933,-0.484614,-24.3412,-78.0915,-156.94,0.22512,0
1,,133254,Port:10,0,0,0,Enabled,0.579989,0.558464,-0.403324,-0.434812,-23.3611,-77.556,-158.018,0.208608,0
1,,133262,Port:10,0,0,0,Enabled,0.588772,0.544914,-0.420315,-0.423972,-23.0506,-77.0155,-158.127,0.212584,0
1,,133278,Port:10,0,0,0,Enabled,0.601289,0.532691,-0.4094,-0.432533,-22.4866,-78.8794,-156.698,0.222773,0
1,,133302,Port:10,0,0,0,Enabled,0.594204,0.537984,-0.409289,-0.435863,-25.2221,-82.5158,-159.652,0.23367,0
1,,133310,Port:10,0,0,0,Enabled,0.590326,0.540746,-0.409569,-0.437449,-27.079,-83.809,-161.338,0.238409,0
1,,133326,Port:10,0,0,0,Enabled,0.583699,0.540499,-0.407989,-0.447998,-31.5655,-85.1763,-163.587,0.243078,0
1,,133342,Port:10,0,0,0,Enabled,0.586225,0.531704,-0.398071,-0.463865,-35.5578,-86.2141,-162.826,0.23361,0
1,,133374,Port:10,0,0,0,Enabled,0.599532,0.504891,-0.372897,-0.496584,-42.5568,-86.3517,-156.792,0.21743,0
1,,133382,Port:10,0,0,0,Enabled,0.600312,0.500653,-0.372736,-0.50004,-44.4137,-85.4832,-155.441,0.215399,0
1,,133398,Port:10,0,0,0,Enabled,0.604482,0.491884,-0.371496,-0.504621,-47.7012,-83.7689,-152.501,0.209763,0
1,,133422,Port:10,0,0,0,Enabled,0.61822,0.469773,-0.358588,-0.518201,-50.4625,-81.147,-145.26,0.197031,0
1,,133430,Port:10,0,0,0,Enabled,0.624703,0.458973,-0.349603,-0.526182,-50.9393,-80.2343,-141.803,0.187721,0
1,,133446,Port:10,0,0,0,Enabled,0.631655,0.442044,-0.337777,-0.539923,-52.1908,-77.6205,-135.367,0.186443,0
1,,133462,Port:10,0,0,0,Enabled,0.636118,0.430331,-0.333242,-0.546918,-54.2713,-74.6058,-130.651,0.176175,0
1,,133478,Port:10,0,0,0,Enabled,0.637818,0.423483,-0.333783,-0.549945,-57.5895,-70.2933,-126.994,0.171444,0
1,,133494,Port:10,0,0,0,Enabled,0.638986,0.41887,-0.336735,-0.550323,-61.4904,-65.3862,-123.205,0.163655,0
1,,133502,Port:10,0,0,0,Enabled,0.640496,0.416227,-0.336347,-0.55081,-63.5655,-62.8407,-120.978,0.16437,0
1,,133518,Port:10,0,0,0,Enabled,0.644201,0.411107,-0.339345,-0.548489,-68.1297,-58.2669,-116.935,0.155093,0
1,,133542,Port:10,0,0,0,Enabled,0.640416,0.417352,-0.3523,-0.539973,-76.5434,-52.5629,-113.522,0.176298,0
1,,133550,Port:10,0,0,0,Enabled,0.638269,0.421618,-0.359703,-0.534289,-79.371,-50.993,-113.112,0.184556,0
1,,133566,Port:10,0,0,0,Enabled,0.632601,0.430947,-0.373931,-0.523714,-84.4611,-48.0974,-113.023,0.227972,0
1,,133582,Port:10,0,0,0,Enabled,0.629179,0.440342,-0.385724,-0.511321,-88.8601,-45.9867,-114.109,0.242489,0
1,,133614,Port:10,0,0,0,Enabled,0.62392,0.452737,-0.416603,-0.481866,-96.1867,-40.8536,-115.914,0.218459,0
1,,133622,Port:10,0,0,0,Enabled,0.62252,0.453431,-0.424809,-0.475823,-97.8614,-39.147,-115.78,0.207627,0
1,,133638,Port:10,0,0,0,Enabled,0.618973,0.45527,-0.434905,-0.469531,-100.979,-35.8395,-114.746,0.174724,0
1,,133662,Port:10,0,0,0,Enabled,0.615578,0.455416,-0.446782,-0.46265,-105.059,-30.4638,-112.562,0.140804,0
1,,133670,Port:10,0,0,0,Enabled,0.613207,0.457761,-0.450662,-0.459713,-106.325,-28.7519,-112.219,0.127554,0
1,,133686,Port:10,0,0,0,Enabled,0.610093,0.460611,-0.46167,-0.449984,-108.599,-25.0076,-111.87,0.111021,0
1,,133702,Port:10,0,0,0,Enabled,0.606483,0.464828,-0.469506,-0.442355,-110.267,-21.3217,-111.613,0.0929277,0
1,,133718,Port:10,0,0,0,Enabled,0.60548,0.465782,-0.474904,-0.436931,-111.302,-17.7173,-110.754,0.0832503,0
1,,133734,Port:10,0,0,0,Enabled,0.603311,0.466583,-0.478151,-0.435532,-111.863,-14.3361,-109.456,0.0760045,0
1,,133742,Port:10,0,0,0,Enabled,0.602464,0.467072,-0.479623,-0.43456,-112.002,-12.84,-108.706,0.0712393,0
1,,133758,Port:10,0,0,0,Enabled,0.601893,0.467299,-0.481421,-0.433118,-111.989,-10.3757,-106.857,0.0665597,0
1,,133782,Port:10,0,0,0,Enabled,0.600824,0.467971,-0.480773,-0.434593,-111.5,-6.88983,-103.849,0.0624265,0
1,,133790,Port:10,0,0,0,Enabled,0.600112,0.468353,-0.481361,-0.434516,-111.317,-5.67769,-103.11,0.0609361,0
1,,133806,Port:10,0,0,0,Enabled,0.59555,0.472644,-0.482876,-0.434464,-110.872,-3.43325,-102.514,0.055512,0
1,,133822,Port:10,0,0,0,Enabled,0.589325,0.479223,-0.490701,-0.426912,-110.197,-1.21144,-102.941,0.05408,0
1,,133854,Port:10,0,0,0,Enabled,0.57413,0.492353,-0.504525,-0.416435,-108.253,3.87252,-104.104,0.0511744,0
1,,133862,Port:10,0,0,0,Enabled,0.571158,0.495164,-0.507092,-0.414066,-107.784,5.00634,-104.413,0.0484519,0
1,,133886,Port:10,0,0,0,Enabled,0.562718,0.502897,-0.515296,-0.406094,-106.5,8.1081,-105.608,0.0485614,0
1,,133902,Port:10,0,0,0,Enabled,0.556866,0.510542,-0.520018,-0.398532,-105.654,9.46202,-107.114,0.0504681,0
1,,133910,Port:10,0,0,0,Enabled,0.553581,0.515244,-0.521623,-0.394944,-105.155,9.97254,-108.142,0.0496527,0
1,,133926,Port:10,0,0,0,Enabled,0.550933,0.523736,-0.521878,-0.387061,-103.958,10.6519,-110.478,0.0531548,0
1,,133942,Port:10,0,0,0,Enabled,0.548827,0.5333,-0.520836,-0.378298,-102.293,11.1629,-113.258,0.0516842,0
1,,133958,Port:10,0,0,0,Enabled,0.546665,0.540486,-0.523296,-0.367687,-100.492,12.4342,-116.103,0.0571801,0
1,,133974,Port:10,0,0,0,Enabled,0.54708,0.546855,-0.5222,-0.359111,-98.731,13.5598,-118.295,0.0570366,0
1,,133982,Port:10,0,0,0,Enabled,0.546979,0.550988,-0.521652,-0.353702,-97.6657,14.1007,-119.405,0.0567345,0
1,,134006,Port:10,0,0,0,Enabled,0.546435,0.566067,-0.519815,-0.332819,-94.2639,15.0545,-122.884,0.0596845,0
1,,134022,Port:10,0,0,0,Enabled,0.549981,0.575502,-0.51423,-0.319197,-91.6689,15.3191,-124.086,0.0552119,0
1,,134030,Port:10,0,0,0,Enabled,0.552922,0.57746,-0.510435,-0.316661,-90.6639,15.7705,-124.195,0.0555092,0
1,,134046,Port:10,0,0,0,Enabled,0.556587,0.584194,-0.504614,-0.307072,-88.3449,16.7439,-124.801,0.0533158,0
1,,134062,Port:10,0,0,0,Enabled,0.557803,0.59268,-0.502556,-0.291588,-85.8659,17.8258,-126.33,0.0485571,0
1,,134094,Port:10,0,0,0,Enabled,0.552636,0.609577,-0.502711,-0.265124,-79.784,21.1087,-130.996,0.0429156,0
1,,134102,Port:10,0,0,0,Enabled,0.549404,0.615177,-0.504225,-0.25587,-77.8044,21.7972,-132.768,0.0427405,0
1,,134126,Port:10,0,0,0,Enabled,0.533636,0.63362,-0.514863,-0.220622,-70.9251,23.8977,-139.329,0.0397481,0
1,,134142,Port:10,0,0,0,Enabled,0.524474,0.64317,-0.521509,-0.198212,-66.4936,25.4684,-143.086,0.0373041,0
1,,134150,Port:10,0,0,0,Enabled,0.519104,0.647506,-0.525352,-0.187812,-64.3741,26.2745,-144.877,0.0366057,0
1,,134166,Port:10,0,0,0,Enabled,0.510433,0.65407,-0.531559,-0.170574,-60.6342,27.8678,-147.764,0.0374932,0
1,,134182,Port:10,0,0,0,Enabled,0.500422,0.660912,-0.538883,-0.149596,-56.8507,28.8446,-150.705,0.0381438,0
1,,134198,Port:10,0,0,0,Enabled,0.492225,0.666709,-0.543476,-0.133599,-53.6042,29.8134,-152.935,0.0389254,0
1,,134214,Port:10,0,0,0,Enabled,0.487812,0.671131,-0.544528,-0.122929,-50.8936,30.752,-154.187,0.0421366,0
1,,134222,Port:10,0,0,0,Enabled,0.484642,0.673686,-0.545579,-0.116674,-49.4266,31.2149,-155.044,0.0409426,0
1,,134246,Port:10,0,0,0,Enabled,0.473566,0.680535,-0.550461,-0.0979792,-44.9192,33.2502,-158.275,0.0484429,0
1,,134262,Port:10,0,0,0,Enabled,0.466547,0.684277,-0.553469,-0.0881519,-42.0144,34.9157,-160.357,0.0517848,0
1,,134270,Port:10,0,0,0,Enabled,0.462693,0.686249,-0.554813,-0.0846148,-40.5966,35.8366,-161.438,0.0530352,0
1,,134286,Port:10,0,0,0,Enabled,0.455978,0.688535,-0.558429,-0.0784933,-37.8984,37.6109,-163.605,0.0548118,0
1,,134302,Port:10,0,0,0,Enabled,0.448145,0.692694,-0.560354,-0.0731029,-35.1318,39.0486,-166.21,0.0585795,0
1,,134334,Port:10,0,0,0,Enabled,0.431018,0.6977,-0.56821,-0.0676435,-30.3543,41.7835,-172.417,0.0592578,0
1,,134342,Port:10,0,0,0,Enabled,0.426679,0.699387,-0.569494,-0.0669266,-28.9643,42.2333,-174.242,0.0580166,0
1,,134366,Port:10,0,0,0,Enabled,0.413498,0.70295,-0.574886,-0.0662316,-24.3634,43.5587,-180.284,0.0606873,0
1,,134382,Port:10,0,0,0,Enabled,0.406334,0.704677,-0.577648,-0.0681684,-21.7056,44.5006,-184.4,0.0616021,0
1,,134390,Port:10,0,0,0,Enabled,0.403254,0.703966,-0.580451,-0.0699657,-20.655,45.0989,-186.463,0.0627819,0
1,,134406,Port:10,0,0,0,Enabled,0.397285,0.702554,-0.585526,-0.0757858,-19.2367,46.6071,-190.437,0.0686257,0
1,,134422,Port:10,0,0,0,Enabled,0.392543,0.699373,-0.591406,-0.0838247,-18.328,48.1587,-193.927,0.0757541,0
1,,134438,Port:10,0,0,0,Enabled,0.387596,0.695867,-0.597228,-0.0941108,-17.6874,49.6736,-197.46,0.0843951,0
1,,134454,Port:10,0,0,0,Enabled,0.383872,0.690464,-0.604441,-0.102731,-17.0068,50.7428,-200.632,0.0885974,0
1,,134462,Port:10,0,0,0,Enabled,0.382792,0.68722,-0.607814,-0.108447,-17.006,51.3139,-202.029,0.0916158,0
1,,134486,Port:10,0,0,0,Enabled,0.378717,0.675333,-0.619903,-0.127353,-17.308,53.0864,-206.388,0.109512,0
1,,134502,Port:10,0,0,0,Enabled,0.378646,0.666895,-0.626096,-0.141007,-18.0561,54.0513,-208.804,0.119094,0
1,,134510,Port:10,0,0,0,Enabled,0.377588,0.662865,-0.629439,-0.1478,-18.3126,54.6034,-209.892,0.123659,0
1,,134526,Port:10,0,0,0,Enabled,0.377945,0.653841,-0.635265,-0.161518,-19.0562,55.5627,-211.574,0.127988,0
1,,134558,Port:10,0,0,0,Enabled,0.379058,0.63115,-0.648788,-0.192452,-21.4372,59.227,-212.811,0.154948,0
1,,134574,Port:10,0,0,0,Enabled,0.383018,0.618782,-0.653836,-0.207138,-23.0589,61.1606,-211.767,0.161145,0
1,,134582,Port:10,0,0,0,Enabled,0.383941,0.61446,-0.655509,-0.212924,-23.6744,62.0714,-211.427,0.158608,0
1,,134606,Port:10,0,0,0,Enabled,0.389466,0.59617,-0.660934,-0.236779,-26.6864,65.8508,-209.951,0.174161,0
1,,134622,Port:10,0,0,0,Enabled,0.393577,0.585603,-0.662457,-0.251628,-28.7691,68.2608,-209.155,0.173147,0
1,,134630,Port:10,0,0,0,Enabled,0.394971,0.579987,-0.664244,-0.257668,-29.6205,69.2115,-208.544,0.174234,0
1,,134646,Port:10,0,0,0,Enabled,0.399844,0.570965,-0.663608,-0.271567,-31.4945,70.9365,-207.126,0.178287,0
1,,134662,Port:10,0,0,0,Enabled,0.404669,0.56029,-0.664274,-0.284707,-33.1664,72.4118,-205.18,0.177493,0
1,,134678,Port:10,0,0,0,Enabled,0.41108,0.550164,-0.663181,-0.29753,-34.8745,73.8194,-202.984,0.185672,0
1,,134694,Port:10,0,0,0,Enabled,0.415895,0.539044,-0.664178,-0.308756,-36.246,75.2895,-200.86,0.188085,0
1,,134702,Port:10,0,0,0,Enabled,0.418758,0.534407,-0.66368,-0.313975,-36.9408,75.8736,-199.772,0.192744,0
1,,134726,Port:10,0,0,0,Enabled,0.425233,0.521761,-0.662437,-0.328817,-38.5598,77.8289,-196.878,0.19979,0
1,,134742,Port:10,0,0,0,Enabled,0.432134,0.511953,-0.659076,-0.341736,-39.6799,79.2946,-193.907,0.204691,0
1,,134750,Port:10,0,0,0,Enabled,0.435472,0.506565,-0.657908,-0.347726,-40.1352,80.1867,-192.477,0.2041,0
1,,134766,Port:10,0,0,0,Enabled,0.441977,0.49768,-0.655158,-0.357408,-40.8999,81.5398,-189.568,0.203914,0
1,,134782,Port:10,0,0,0,Enabled,0.448017,0.488662,-0.652679,-0.366744,-41.4069,82.8662,-186.585,0.202267,0
1,,134814,Port:10,0,0,0,Enabled,0.461557,0.473618,-0.643085,-0.386124,-42.449,84.7799,-179.57,0.212444,0
1,,134822,Port:10,0,0,0,Enabled,0.465343,0.469866,-0.640074,-0.391136,-42.8293,85.32,-177.692,0.210966,0
1,,134846,Port:10,0,0,0,Enabled,0.475146,0.459343,-0.631129,-0.406099,-43.6919,87.1509,-171.501,0.209757,0
1,,134862,Port:10,0,0,0,Enabled,0.481099,0.451915,-0.627554,-0.412908,-44.2596,88.5094,-167.964,0.213932,0
1,,134870,Port:10,0,0,0,Enabled,0.483799,0.448934,-0.624496,-0.417615,-44.4173,89.1906,-165.941,0.223165,0
1,,134886,Port:10,0,0,0,Enabled,0.489329,0.44158,-0.620258,-0.425259,-44.7916,90.5098,-162.179,0.218252,0
1,,134902,Port:10,0,0,0,Enabled,0.495351,0.43496,-0.611988,-0.436931,-44.9634,91.6671,-157.792,0.22548,0
1,,134918,Port:10,0,0,0,Enabled,0.501628,0.427239,-0.602577,-0.450263,-44.9422,92.6791,-153.226,0.237269,0
1,,134934,Port:10,0,0,0,Enabled,0.507117,0.421144,-0.593257,-0.462078,-44.8185,93.3569,-149.095,0.24626,0
1,,134942,Port:10,0,0,0,Enabled,0.509756,0.41903,-0.589564,-0.465809,-44.7575,93.488,-147.441,0.252965,0
1,,134966,Port:10,0,0,0,Enabled,0.515372,0.412728,-0.582129,-0.474524,-44.8297,94.0345,-143.321,0.247883,0
1,,134982,Port:10,0,0,0,Enabled,0.5218,0.407963,-0.574919,-0.480373,-45.0264,93.9453,-140.016,0.251913,0
1,,134990,Port:10,0,0,0,Enabled,0.526013,0.403954,-0.570034,-0.484967,-45.3242,94.2613,-137.985,0.249886,0
1,,135006,Port:10,0,0,0,Enabled,0.532415,0.398052,-0.560232,-0.494195,-46.0416,94.9453,-134.13,0.258774,0
1,,135022,Port:10,0,0,0,Enabled,0.538497,0.393184,-0.552064,-0.500653,-46.8858,94.9961,-130.41,0.252615,0
1,,135054,Port:10,0,0,0,Enabled,0.551603,0.384277,-0.530631,-0.516232,-48.3871,94.9826,-122.294,0.248324,0
1,,135070,Port:10,0,0,0,Enabled,0.559699,0.379248,-0.518473,-0.523539,-48.8817,94.7774,-118.108,0.240999,0
1,,135086,Port:10,0,0,0,Enabled,0.568866,0.374754,-0.508802,-0.526375,-49.5946,94.3897,-114.598,0.245743,0
1,,135102,Port:10,0,0,0,Enabled,0.577258,0.37175,-0.498316,-0.529392,-50.5807,93.5928,-111.377,0.234868,0
1,,135110,Port:10,0,0,0,Enabled,0.582232,0.371785,-0.491446,-0.530343,-51.142,92.7118,-109.763,0.231346,0
1,,135126,Port:10,0,0,0,Enabled,0.589081,0.373424,-0.481044,-0.531165,-52.6133,91.0982,-107.201,0.229014,0
1,,135142,Port:10,0,0,0,Enabled,0.596161,0.374056,-0.473263,-0.529809,-54.4085,89.6608,-104.637,0.224108,0
1,,135158,Port:10,0,0,0,Enabled,0.601979,0.376118,-0.464093,-0.529882,-55.8717,88.2885,-102.057,0.217379,0
1,,135174,Port:10,0,0,0,Enabled,0.607573,0.377157,-0.45661,-0.52926,-56.778,87.0403,-99.3968,0.212074,0
1,,135190,Port:10,0,0,0,Enabled,0.612814,0.380454,-0.449195,-0.527198,-57.1678,85.5128,-96.9751,0.207997,0
1,,135206,Port:10,0,0,0,Enabled,0.61891,0.384274,-0.442356,-0.523074,-57.2136,83.8334,-94.8543,0.202362,0
1,,135222,Port:10,0,0,0,Enabled,0.625776,0.385984,-0.438558,-0.516805,-57.0116,82.3404,-93.1784,0.199964,0
1,,135230,Port:10,0,0,0,Enabled,0.62791,0.387997,-0.435152,-0.515587,-56.8548,81.4705,-92.5207,0.193048,0
1,,135246,Port:10,0,0,0,Enabled,0.631958,0.394937,-0.428173,-0.511197,-56.7833,79.1072,-91.6014,0.189498,0
1,,135278,Port:10,0,0,0,Enabled,0.642989,0.407436,-0.414912,-0.498407,-58.2125,74.6151,-89.5604,0.181969,0
1,,135294,Port:10,0,0,0,Enabled,0.649161,0.415596,-0.40947,-0.488062,-59.4312,71.7415,-88.8377,0.18777,0
1,,135310,Port:10,0,0,0,Enabled,0.654347,0.423586,-0.403761,-0.478938,-60.435,69.0069,-87.971,0.19362,0
1,,135326,Port:10,0,0,0,Enabled,0.660464,0.428957,-0.401381,-0.467629,-61.0964,66.2757,-87.2556,0.197811,0
1,,135342,Port:10,0,0,0,Enabled,0.66571,0.432901,-0.401638,-0.456196,-61.4962,64.0872,-86.5158,0.204314,0
1,,135350,Port:10,0,0,0,Enabled,0.668306,0.435351,-0.400247,-0.451264,-61.7638,62.9631,-86.0438,0.208701,0
1,,135366,Port:10,0,0,0,Enabled,0.672244,0.441404,-0.39911,-0.44041,-62.7564,60.7911,-85.4142,0.217032,0
1,,135382,Port:10,0,0,0,Enabled,0.674133,0.448422,-0.399884,-0.429598,-64.2678,58.5561,-85.1016,0.236376,0
1,,135398,Port:10,0,0,0,Enabled,0.679059,0.459634,-0.393482,-0.415677,-65.7914,54.9508,-84.6759,0.253742,0
1,,135414,Port:10,0,0,0,Enabled,0.685019,0.47124,-0.38738,-0.398268,-67.3783,51.1098,-84.2222,0.28776,0
1,,135430,Port:10,0,0,0,Enabled,0.687353,0.479943,-0.383621,-0.387345,-69.1356,48.2337,-83.1871,0.284418,0
1,,135446,Port:10,0,0,0,Enabled,0.689105,0.488844,-0.384527,-0.371895,-71.109,45.865,-82.6241,0.259434,0
1,,135462,Port:10,0,0,0,Enabled,0.692214,0.493938,-0.388944,-0.354383,-72.9029,44.2798,-81.9852,0.111902,0
1,,135470,Port:10,0,0,0,Enabled,0.694416,0.494966,-0.390811,-0.3465,-73.5875,43.7005,-81.599,0.051065,0
1,,135486,Port:10,0,0,0,Enabled,0.699764,0.495443,-0.394145,-0.330933,-74.7119,43.0537,-80.7857,0.242611,0
1,,135518,Port:10,0,0,0,Enabled,0.696437,0.510571,-0.399004,-0.308363,-77.2231,42.1245,-80.3281,0.262291,0
1,,135534,Port:10,0,0,0,Enabled,0.694472,0.515622,-0.404788,-0.296631,-78.8773,42.5371,-80.4277,0.224835,0
1,,135550,Port:10,0,0,0,Enabled,0.68978,0.520866,-0.412718,-0.287344,-81.0382,43.5828,-81.2054,0.177116,0
1,,135566,Port:10,0,0,0,Enabled,0.687799,0.524516,-0.413161,-0.284808,-82.7792,44.4717,-80.7059,0.175675,0
1,,135582,Port:10,0,0,0,Enabled,0.685574,0.528161,-0.414745,-0.281107,-84.3203,44.9993,-80.6366,0.152411,0
1,,135590,Port:10,0,0,0,Enabled,0.685146,0.530578,-0.416938,-0.274272,-84.8257,44.728,-80.8857,0.153673,0
1,,135606,Port:10,0,0,0,Enabled,0.681711,0.537374,-0.422266,-0.261134,-85.7962,43.7327,-82.0016,0.138889,0
1,,135622,Port:10,0,0,0,Enabled,0.673608,0.548254,-0.428968,-0.248305,-86.7268,41.9674,-84.0627,0.119164,0
1,,135638,Port:10,0,0,0,Enabled,0.664471,0.560339,-0.435802,-0.233614,-87.5295,39.2744,-86.7416,0.10165,0
1,,135654,Port:10,0,0,0,Enabled,0.65763,0.57065,-0.438286,-0.223129,-88.5017,36.0182,-88.7168,0.0918805,0
1,,135670,Port:10,0,0,0,Enabled,0.652159,0.579758,-0.438631,-0.214877,-89.5085,32.2105,-90.0574,0.0822078,0
1,,135686,Port:10,0,0,0,Enabled,0.646714,0.587245,-0.442332,-0.203091,-90.4258,27.8414,-91.6635,0.0727526,0
1,,135702,Port:10,0,0,0,Enabled,0.639398,0.594778,-0.449438,-0.188188,-90.7542,23.0014,-93.6034,0.0630355,0
1,,135710,Port:10,0,0,0,Enabled,0.635652,0.598668,-0.452158,-0.181926,-90.797,20.5451,-94.5483,0.0610202,0
1,,135726,Port:10,0,0,0,Enabled,0.631085,0.60105,-0.460585,-0.168324,-90.7152,15.8415,-96.1889,0.0515558,0
1,,135758,Port:10,0,0,0,Enabled,0.619645,0.609784,-0.472277,-0.145457,-88.9274,6.61684,-99.345,0.040052,0
1,,135774,Port:10,0,0,0,Enabled,0.613184,0.613747,-0.47958,-0.131615,-87.1188,2.25066,-101.189,0.0323834,0
1,,135790,Port:10,0,0,0,Enabled,0.611447,0.616081,-0.481365,-0.121922,-84.9607,-2.2159,-102.091,0.0301773,0
1,,135806,Port:10,0,0,0,Enabled,0.610032,0.617566,-0.483011,-0.114779,-83.0529,-6.48149,-102.763,0.0287656,0
1,,135822,Port:10,0,0,0,Enabled,0.60687,0.619685,-0.485791,-0.108196,-81.4781,-10.5743,-103.78,0.0304558,0
1,,135830,Port:10,0,0,0,Enabled,0.606354,0.619641,-0.487249,-0.104738,-80.813,-12.6411,-104.203,0.0319337,0
1,,135846,Port:10,0,0,0,Enabled,0.604599,0.621866,-0.486819,-0.103683,-79.9996,-16.2981,-105.098,0.0339783,0
1,,135862,Port:10,0,0,0,Enabled,0.601795,0.622961,-0.488917,-0.103548,-79.859,-19.292,-106.593,0.0402665,0
1,,135878,Port:10,0,0,0,Enabled,0.598955,0.625781,-0.488236,-0.106191,-79.8952,-22.0603,-108.302,0.0450567,0
1,,135894,Port:10,0,0,0,Enabled,0.595005,0.627013,-0.491824,-0.104558,-79.8809,-24.7113,-110.31,0.0530327,0
1,,135910,Port:10,0,0,0,Enabled,0.592233,0.62907,-0.492505,-0.104741,-79.6825,-27.3032,-111.901,0.0597395,0
1,,135926,Port:10,0,0,0,Enabled,0.589102,0.63073,-0.494167,-0.10458,-79.493,-29.6216,-113.471,0.0614639,0
1,,135942,Port:10,0,0,0,Enabled,0.584866,0.630882,-0.498793,-0.105477,-79.6718,-30.8508,-115.147,0.06998,0
1,,135950,Port:10,0,0,0,Enabled,0.583534,0.62934,-0.502285,-0.105493,-79.92,-31.2123,-115.894,0.072094,0
1,,135966,Port:10,0,0,0,Enabled,0.581543,0.630116,-0.502725,-0.109678,-80.394,-32.4492,-117.14,0.0736149,0
1,,135998,Port:10,0,0,0,Enabled,0.573429,0.634614,-0.503358,-0.122779,-81.188,-34.7219,-120.979,0.0819735,0
1,,136014,Port:10,0,0,0,Enabled,0.56797,0.637634,-0.504351,-0.128306,-81.4271,-35.7881,-123.278,0.0838563,0
1,,136030,Port:10,0,0,0,Enabled,0.560804,0.639494,-0.508154,-0.135368,-81.8886,-35.9211,-125.68,0.088434,0
1,,136046,Port:10,0,0,0,Enabled,0.551932,0.641324,-0.512269,-0.147157,-82.6413,-35.125,-128.416,0.0932077,0
1,,136062,Port:10,0,0,0,Enabled,0.546446,0.641663,-0.514706,-0.157301,-83.14,-34.5114,-131.266,0.0901197,0
1,,136070,Port:10,0,0,0,Enabled,0.542328,0.642353,-0.517084,-0.160894,-83.1665,-34.2377,-133.036,0.0910796,0
1,,136086,Port:10,0,0,0,Enabled,0.536013,0.641451,-0.522874,-0.166833,-82.8938,-33.5259,-136.131,0.0987702,0
1,,136102,Port:10,0,0,0,Enabled,0.537868,0.638272,-0.519727,-0.182182,-83.1834,-32.8419,-137.69,0.0944065,0
1,,136118,Port:10,0,0,0,Enabled,0.541455,0.63473,-0.513013,-0.201895,-83.3445,-32.1327,-138.326,0.0970524,0
1,,136134,Port:10,0,0,0,Enabled,0.545889,0.629986,-0.505259,-0.223242,-83.7134,-31.444,-138.696,0.0936419,0
1,,136150,Port:10,0,0,0,Enabled,0.549988,0.624238,-0.499659,-0.241208,-83.7222,-30.7303,-138.928,0.105959,0
1,,136166,Port:10,0,0,0,Enabled,0.555688,0.616956,-0.490928,-0.263753,-84.3001,-29.8628,-138.33,0.104171,0
1,,136182,Port:10,0,0,0,Enabled,0.560564,0.60911,-0.485482,-0.281176,-84.5788,-28.9484,-137.878,0.109277,0
1,,136190,Port:10,0,0,0,Enabled,0.562201,0.605857,-0.482933,-0.289211,-84.5817,-28.6988,-137.91,0.113892,0
1,,136206,Port:10,0,0,0,Enabled,0.566859,0.600203,-0.474708,-0.305088,-84.3717,-28.8911,-137.259,0.121831,0
1,,136238,Port:10,0,0,0,Enabled,0.579336,0.58279,-0.453999,-0.344399,-84.142,-29.3133,-133.392,0.145841,0
1,,136254,Port:10,0,0,0,Enabled,0.584335,0.574046,-0.444347,-0.362739,-83.9398,-29.4109,-131.521,0.162161,0
1,,136270,Port:10,0,0,0,Enabled,0.58984,0.565259,-0.434089,-0.379655,-83.7206,-29.5061,-129.528,0.176844,0
1,,136286,Port:10,0,0,0,Enabled,0.596097,0.555296,-0.419681,-0.400228,-83.2902,-29.1648,-126.613,0.196617,0
1,,136302,Port:10,0,0,0,Enabled,0.60295,0.544003,-0.402154,-0.422829,-82.4446,-28.4062,-123.132,0.220297,0
1,,136310,Port:10,0,0,0,Enabled,0.606068,0.538023,-0.393577,-0.433948,-81.8332,-27.8485,-121.385,0.237139,0
1,,136326,Port:10,0,0,0,Enabled,0.6098,0.529168,-0.37662,-0.454183,-80.0835,-27.0753,-118.21,0.264696,0
1,,136342,Port:10,0,0,0,Enabled,0.613104,0.52093,-0.361035,-0.471581,-78.0769,-25.9295,-115.186,0.290049,0
1,,136358,Port:10,0,0,0,Enabled,0.616213,0.512706,-0.345294,-0.488043,-75.8583,-24.0778,-112.238,0.292328,0
1,,136374,Port:10,0,0,0,Enabled,0.619838,0.503608,-0.333451,-0.50099,-73.4783,-21.5605,-109.836,0.267778,0
1,,136390,Port:10,0,0,0,Enabled,0.6231,0.497934,-0.327169,-0.506723,-71.1041,-19.4038,-109.215,0.217935,0
1,,136406,Port:10,0,0,0,Enabled,0.62565,0.495473,-0.324483,-0.50772,-68.8977,-17.7311,-109.893,0.17571,0
1,,136422,Port:10,0,0,0,Enabled,0.629347,0.49138,-0.319944,-0.510003,-66.7739,-16.2506,-111.159,0.134481,0
1,,136430,Port:10,0,0,0,Enabled,0.629807,0.491747,-0.317501,-0.510608,-65.7985,-15.7691,-112.249,0.124362,0
1,,136446,Port:10,0,0,0,Enabled,0.629268,0.493653,-0.31623,-0.510222,-64.6054,-14.4231,-114.992,0.1175,0
1,,136478,Port:10,0,0,0,Enabled,0.630349,0.489933,-0.309182,-0.516753,-62.1468,-10.6633,-117.925,0.099687,0
1,,136494,Port:10,0,0,0,Enabled,0.631947,0.486374,-0.302494,-0.522093,-60.2052,-9.17661,-118.36,0.0936927,0
1,,136510,Port:10,0,0,0,Enabled,0.634359,0.481886,-0.296248,-0.526889,-57.8876,-7.74021,-118.368,0.0910936,0
1,,136526,Port:10,0,0,0,Enabled,0.635527,0.479408,-0.294809,-0.528547,-56.0065,-5.98455,-118.449,0.0953908,0
1,,136542,Port:10,0,0,0,Enabled,0.636615,0.477429,-0.294033,-0.52946,-54.2213,-3.91988,-118.487,0.0991728,0
1,,136550,Port:10,0,0,0,Enabled,0.636968,0.476729,-0.294339,-0.529496,-53.45,-2.77945,-118.516,0.102549,0
1,,136566,Port:10,0,0,0,Enabled,0.63805,0.476376,-0.295851,-0.527666,-52.0656,-0.406946,-118.673,0.108582,0
1,,136582,Port:10,0,0,0,Enabled,0.639531,0.474561,-0.294792,-0.528099,-50.4265,2.25609,-118.368,0.116389,0
1,,136598,Port:10,0,0,0,Enabled,0.641391,0.47252,-0.295235,-0.527427,-48.6987,4.86334,-118.069,0.121024,0
1,,136614,Port:10,0,0,0,Enabled,0.642527,0.471309,-0.295169,-0.527165,-46.6953,6.88238,-118.059,0.123378,0
1,,136630,Port:10,0,0,0,Enabled,0.64313,0.472362,-0.293843,-0.526226,-44.7819,8.35435,-118.384,0.122938,0
1,,136646,Port:10,0,0,0,Enabled,0.643793,0.472615,-0.29499,-0.524545,-43.2543,10.1498,-118.827,0.125446,0
1,,136662,Port:10,0,0,0,Enabled,0.64396,0.472517,-0.295583,-0.524095,-41.7348,12.3084,-119.236,0.125974,0
1,,136670,Port:10,0,0,0,Enabled,0.644086,0.472908,-0.295811,-0.523458,-40.9744,13.2697,-119.55,0.128443,0
1,,136686,Port:10,0,0,0,Enabled,0.643966,0.475077,-0.298484,-0.520113,-39.5589,14.9898,-120.5,0.127197,0
1,,136718,Port:10,0,0,0,Enabled,0.645178,0.475984,-0.301314,-0.516135,-36.8501,18.8502,-120.478,0.129328,0
1,,136734,Port:10,0,0,0,Enabled,0.645431,0.477975,-0.306488,-0.510904,-36.126,20.9114,-120.239,0.130923,0
1,,136750,Port:10,0,0,0,Enabled,0.646518,0.47858,-0.30975,-0.506982,-35.1735,22.9822,-119.572,0.130028,0
1,,136766,Port:10,0,0,0,Enabled,0.646922,0.478325,-0.312268,-0.505159,-34.3131,25.3424,-118.636,0.132273,0
1,,136782,Port:10,0,0,0,Enabled,0.647729,0.478425,-0.314132,-0.502869,-33.4226,27.4277,-117.557,0.129326,0
1,,136790,Port:10,0,0,0,Enabled,0.647815,0.477742,-0.314522,-0.503163,-32.9715,28.5645,-116.884,0.130949,0
1,,136806,Port:10,0,0,0,Enabled,0.649173,0.476416,-0.316083,-0.501691,-31.8984,30.4156,-115.73,0.126503,0
1,,136822,Port:10,0,0,0,Enabled,0.649517,0.475506,-0.317468,-0.501234,-30.8203,32.2917,-114.717,0.125207,0
1,,136838,Port:10,0,0,0,Enabled,0.650729,0.474367,-0.318934,-0.499808,-29.621,34.0031,-113.846,0.123042,0
1,,136854,Port:10,0,0,0,Enabled,0.651709,0.47291,-0.319639,-0.499463,-28.5294,35.7333,-112.979,0.12115,0
1,,136870,Port:10,0,0,0,Enabled,0.651912,0.471271,-0.320867,-0.49996,-27.7423,37.6388,-112.067,0.118036,0
1,,136886,Port:10,0,0,0,Enabled,0.652535,0.469302,-0.321163,-0.500808,-27.1749,39.5002,-111.187,0.117814,0
1,,136902,Port:10,0,0,0,Enabled,0.652784,0.467304,-0.322752,-0.501329,-27.1395,41.5233,-110.385,0.116707,0
1,,136918,Port:10,0,0,0,Enabled,0.652994,0.465461,-0.323794,-0.502097,-27.1354,43.4718,-109.662,0.115718,0
1,,136926,Port:10,0,0,0,Enabled,0.653301,0.46451,-0.324524,-0.502109,-27.2052,44.4846,-109.304,0.11622,0
1,,136958,Port:10,0,0,0,Enabled,0.654453,0.462277,-0.329827,-0.499205,-27.9154,48.8299,-107.818,0.113794,0
1,,136974,Port:10,0,0,0,Enabled,0.655738,0.460448,-0.332656,-0.497327,-28.3063,51.3238,-106.425,0.113423,0
1,,136990,Port:10,0,0,0,Enabled,0.65686,0.458373,-0.335626,-0.495767,-28.6847,53.8757,-104.713,0.111499,0
1,,137006,Port:10,0,0,0,Enabled,0.658556,0.456698,-0.339147,-0.492656,-29.0179,56.2069,-102.894,0.110489,0
1,,137022,Port:10,0,0,0,Enabled,0.66033,0.454818,-0.342616,-0.489611,-29.4197,58.2413,-101.005,0.108213,0
1,,137030,Port:10,0,0,0,Enabled,0.66119,0.454422,-0.344887,-0.487218,-29.7762,59.1482,-100.238,0.107715,0
1,,137046,Port:10,0,0,0,Enabled,0.662115,0.453615,-0.35201,-0.481587,-31.0689,61.0136,-98.8545,0.108148,0
1,,137062,Port:10,0,0,0,Enabled,0.662587,0.453725,-0.358576,-0.475958,-32.6956,62.4469,-97.5737,0.107495,0
1,,137078,Port:10,0,0,0,Enabled,0.662846,0.455725,-0.36547,-0.468381,-34.4977,63.3388,-96.4054,0.109569,0
1,,137094,Port:10,0,0,0,Enabled,0.663169,0.458723,-0.371825,-0.45992,-36.313,63.8072,-95.3048,0.110657,0
1,,137110,Port:10,0,0,0,Enabled,0.663059,0.462671,-0.378682,-0.450432,-38.2186,64.1455,-94.4915,0.117448,0
1,,137126,Port:10,0,0,0,Enabled,0.661852,0.467982,-0.3862,-0.440221,-40.2341,64.3234,-94.2913,0.1236,0
1,,137142,Port:10,0,0,0,Enabled,0.660539,0.473968,-0.393246,-0.429419,-42.2214,64.2341,-94.3642,0.136051,0
1,,137150,Port:10,0,0,0,Enabled,0.659545,0.477349,-0.396801,-0.423897,-43.2564,64.0569,-94.5794,0.144304,0
1,,137166,Port:10,0,0,0,Enabled,0.656776,0.484866,-0.404019,-0.412697,-45.4051,63.6361,-95.3409,0.162319,0
1,,137198,Port:10,0,0,0,Enabled,0.650661,0.499149,-0.419743,-0.38898,-50.0187,62.8586,-96.7157,0.219087,0
1,,137214,Port:10,0,0,0,Enabled,0.648119,0.504674,-0.428356,-0.376506,-52.1111,62.6317,-96.901,0.234254,0
1,,137230,Port:10,0,0,0,Enabled,0.646296,0.508582,-0.436063,-0.365368,-54.2672,62.6429,-96.7238,0.24144,0
1,,137246,Port:10,0,0,0,Enabled,0.643996,0.511867,-0.443216,-0.35612,-56.6224,62.6671,-96.6469,0.230038,0
1,,137262,Port:10,0,0,0,Enabled,0.642221,0.514843,-0.450196,-0.346141,-58.9423,62.0858,-96.4204,0.20721,0
1,,137270,Port:10,0,0,0,Enabled,0.641726,0.515812,-0.450583,-0.34511,-60.0476,61.8439,-95.8507,0.191869,0
1,,137286,Port:10,0,0,0,Enabled,0.641818,0.515915,-0.453767,-0.340584,-62.3372,60.9178,-94.4969,0.142207,0
1,,137302,Port:10,0,0,0,Enabled,0.640712,0.518433,-0.460456,-0.32969,-65.0165,59.5078,-93.8455,0.0682034,0
1,,137318,Port:10,0,0,0,Enabled,0.638515,0.520714,-0.467541,-0.320252,-67.8227,58.4757,-93.2573,0.0548178,0
1,,137334,Port:10,0,0,0,Enabled,0.635598,0.523422,-0.47511,-0.310348,-70.5841,57.7902,-92.9261,0.0859049,0
1,,137350,Port:10,0,0,0,Enabled,0.629871,0.527919,-0.484931,-0.299008,-73.4366,57.5263,-93.3572,0.094087,0
1,,137366,Port:10,0,0,0,Enabled,0.622773,0.534165,-0.496089,-0.284108,-75.8285,57.0199,-94.3685,0.0951439,0
1,,137382,Port:10,0,0,0,Enabled,0.617054,0.539376,-0.505412,-0.269955,-77.5927,56.3933,-95.1024,0.0941128,0
1,,137398,Port:10,0,0,0,Enabled,0.613298,0.544749,-0.509925,-0.25902,-78.7335,55.364,-95.4722,0.094208,0
1,,137406,Port:10,0,0,0,Enabled,0.611461,0.547525,-0.511782,-0.253792,-79.1811,54.8185,-95.6696,0.0918385,0
1,,137422,Port:10,0,0,0,Enabled,0.607637,0.551605,-0.517272,-0.242774,-79.9707,54.0925,-96.2735,0.0911474,0
1,,137454,Port:10,0,0,0,Enabled,0.601294,0.555284,-0.526624,-0.229723,-82.0497,54.5153,-96.5219,0.0936943,0
1,,137470,Port:10,0,0,0,Enabled,0.599783,0.551706,-0.531244,-0.231647,-84.2067,56.4664,-95.6806,0.0918523,0
1,,137486,Port:10,0,0,0,Enabled,0.596301,0.546076,-0.539311,-0.235307,-86.7977,59.4027,-95.1291,0.0935953,0
1,,137502,Port:10,0,0,0,Enabled,0.589471,0.536771,-0.556337,-0.234288,-89.3533,63.0096,-95.5905,0.0874629,0
1,,137510,Port:10,0,0,0,Enabled,0.586194,0.533035,-0.562689,-0.235862,-90.4583,64.694,-95.617,0.0891404,0
1,,137526,Port:10,0,0,0,Enabled,0.58033,0.522443,-0.577048,-0.239346,-92.3968,68.313,-95.497,0.0864758,0
1,,137542,Port:10,0,0,0,Enabled,0.574645,0.51524,-0.586237,-0.246246,-93.6306,71.0969,-95.4326,0.0857238,0
1,,137558,Port:10,0,0,0,Enabled,0.571671,0.50715,-0.593442,-0.252623,-94.4968,73.4325,-95.5424,0.0837347,0
1,,137574,Port:10,0,0,0,Enabled,0.567487,0.500864,-0.598717,-0.261977,-95.1746,75.7261,-95.8835,0.0837928,0
1,,137590,Port:10,0,0,0,Enabled,0.564285,0.49244,-0.604232,-0.27201,-95.7355,78.0915,-96.0545,0.0810926,0
1,,137606,Port:10,0,0,0,Enabled,0.561435,0.483618,-0.608385,-0.284205,-96.1781,80.786,-95.9952,0.0810415,0
1,,137622,Port:10,0,0,0,Enabled,0.561074,0.472867,-0.611328,-0.296432,-96.5432,83.6189,-95.3833,0.0813333,0
1,,137638,Port:10,0,0,0,Enabled,0.562267,0.462252,-0.609232,-0.314668,-96.8626,86.7437,-93.8163,0.0813698,0
1,,137662,Port:10,0,0,0,Enabled,0.564843,0.443316,-0.606422,-0.341579,-96.7322,91.791,-90.5918,0.0790841,0
1,,137678,Port:10,0,0,0,Enabled,0.567678,0.430527,-0.603047,-0.358777,-96.3263,94.9369,-87.7382,0.0788475,0
1,,137694,Port:10,0,0,0,Enabled,0.569729,0.420235,-0.597487,-0.37659,-95.7521,97.4715,-85.0347,0.0781041,0
1,,137710,Port:10,0,0,0,Enabled,0.572016,0.411414,-0.593014,-0.389706,-94.8543,99.3472,-83.1355,0.0789971,0
1,,137726,Port:10,0,0,0,Enabled,0.572882,0.403387,-0.588366,-0.403622,-93.6218,101.257,-81.5902,0.0805172,0
1,,137742,Port:10,0,0,0,Enabled,0.575112,0.394589,-0.580672,-0.419959,-91.9946,102.841,-79.6321,0.0793784,0
1,,137758,Port:10,0,0,0,Enabled,0.577945,0.38509,-0.57461,-0.433024,-90.0186,103.866,-77.9814,0.0800614,0
1,,137766,Port:10,0,0,0,Enabled,0.578868,0.380884,-0.571039,-0.440175,-88.9721,104.288,-77.2819,0.0804375,0
1,,137782,Port:10,0,0,0,Enabled,0.580047,0.372004,-0.561784,-0.457775,-86.4225,104.954,-75.8721,0.0805876,0
1,,137798,Port:10,0,0,0,Enabled,0.579009,0.363326,-0.551847,-0.477711,-83.2666,105.27,-75.0163,0.0829486,0
1,,137814,Port:10,0,0,0,Enabled,0.579135,0.354196,-0.54165,-0.495747,-79.55,105.085,-74.5524,0.0796935,0
1,,137830,Port:10,0,0,0,Enabled,0.579733,0.342697,-0.533484,-0.511726,-75.2131,104.833,-74.2246,0.078396,0
1,,137846,Port:10,0,0,0,Enabled,0.578565,0.332241,-0.524056,-0.529382,-70.5467,103.987,-73.7907,0.0766951,0
1,,137862,Port:10,0,0,0,Enabled,0.577097,0.322398,-0.512293,-0.548248,-65.8874,102.599,-73.3217,0.0769531,0
1,,137878,Port:10,0,0,0,Enabled,0.573513,0.314857,-0.503245,-0.56453,-61.9109,101.196,-73.4701,0.0998933,0
1,,137886,Port:10,0,0,0,Enabled,0.570929,0.312418,-0.497703,-0.573346,-60.1086,100.183,-73.5182,0.11278,0
1,,137926,Port:10,0,0,0,Enabled,0.540154,0.323917,-0.463897,-0.622985,-54.1442,93.2931,-76.4028,0.188464,0
1,,137934,Port:10,0,0,0,Enabled,0.531238,0.330943,-0.457183,-0.63186,-53.7854,91.4615,-77.6894,0.195758,0
1,,137950,Port:10,0,0,0,Enabled,0.515468,0.343827,-0.443595,-0.647534,-53.4801,88.2051,-79.9911,0.204007,0
1,,137966,Port:10,0,0,0,Enabled,0.499076,0.358218,-0.436853,-0.657086,-54.1115,85.2433,-82.8875,0.199229,0
1,,137982,Port:10,0,0,0,Enabled,0.485336,0.375816,-0.433785,-0.659577,-55.2908,82.1809,-86.5743,0.195539,0
1,,137990,Port:10,0,0,0,Enabled,0.478729,0.384797,-0.430948,-0.661085,-55.8281,80.5099,-88.5118,0.190402,0
1,,138006,Port:10,0,0,0,Enabled,0.46348,0.405618,-0.424538,-0.663647,-56.8757,76.8118,-92.5025,0.176855,0
1,,138022,Port:10,0,0,0,Enabled,0.447496,0.431473,-0.422092,-0.659862,-58.1256,73.0143,-97.5336,0.157597,0
1,,138046,Port:10,0,0,0,Enabled,0.422686,0.468151,-0.422869,-0.650655,-59.443,68.0698,-105.454,0.132847,0
1,,138054,Port:10,0,0,0,Enabled,0.413646,0.479052,-0.420691,-0.649942,-59.6311,66.4342,-107.905,0.128999,0
1,,138070,Port:10,0,0,0,Enabled,0.399937,0.494963,-0.421968,-0.645759,-59.5233,63.6846,-112.321,0.132036,0
1,,138086,Port:10,0,0,0,Enabled,0.386709,0.510009,-0.417336,-0.645118,-59.1284,60.5216,-116.405,0.125357,0
1,,138102,Port:10,0,0,0,Enabled,0.377026,0.525155,-0.409094,-0.643977,-58.3255,56.812,-120.27,0.124868,0
1,,138118,Port:10,0,0,0,Enabled,0.362894,0.543572,-0.403045,-0.640619,-57.0328,53.133,-125.326,0.123604,0
1,,138126,Port:10,0,0,0,Enabled,0.356601,0.552686,-0.400005,-0.638256,-56.2637,51.3936,-127.91,0.126977,0
1,,138166,Port:10,0,0,0,Enabled,0.331494,0.58503,-0.382059,-0.633942,-50.527,43.6749,-139.151,0.0949713,0
1,,138174,Port:10,0,0,0,Enabled,0.328469,0.59043,-0.377572,-0.633198,-49.242,42.082,-141.231,0.0806662,0
1,,138190,Port:10,0,0,0,Enabled,0.325191,0.59892,-0.369573,-0.631634,-46.6903,38.9404,-145.145,0.0704442,0
1,,138206,Port:10,0,0,0,Enabled,0.323176,0.606771,-0.3658,-0.627357,-44.3096,35.7931,-149.524,0.0605568,0
1,,138222,Port:10,0,0,0,Enabled,0.3202,0.612129,-0.358762,-0.627742,-42.3872,32.2329,-153.388,0.0486321,0
1,,138230,Port:10,0,0,0,Enabled,0.318346,0.613898,-0.355005,-0.629092,-41.5936,30.4252,-155.382,0.0430928,0
1,,138246,Port:10,0,0,0,Enabled,0.31057,0.621314,-0.347334,-0.62998,-40.383,26.4539,-159.537,0.0484851,0
1,,138262,Port:10,0,0,0,Enabled,0.300502,0.630352,-0.342731,-0.628403,-39.4131,21.8281,-163.689,0.0537794,0
1,,138286,Port:10,0,0,0,Enabled,0.292948,0.637013,-0.332313,-0.630845,-37.9732,12.384,-168.361,0.0697143,0
1,,138294,Port:10,0,0,0,Enabled,0.290555,0.638774,-0.329295,-0.631752,-37.577,8.96698,-169.722,0.0793152,0
1,,138310,Port:10,0,0,0,Missing,,,,,,,,,0
1,,138326,Port:10,0,0,0,Enabled,0.282495,0.644115,-0.319585,-0.634964,-36.5209,-5.24661,-175.839,0.13979,0
1,,138342,Port:10,0,0,0,Enabled,0.280203,0.646677,-0.31637,-0.634984,-36.666,-12.3435,-178.712,0.158698,0
1,,138358,Port:10,0,0,0,Enabled,0.278049,0.648849,-0.312218,-0.635771,-36.7904,-19.2208,-180.895,0.18822,0
1,,138390,Port:10,0,0,0,Enabled,0.276471,0.652268,-0.309419,-0.634328,-37.7996,-31.9475,-182.601,0.226804,0
1,,138406,Port:10,0,0,0,Enabled,0.278499,0.651273,-0.311063,-0.633658,-38.5406,-37.2801,-182.474,0.232824,0
1,,138414,Port:10,0,0,0,Enabled,0.279325,0.650247,-0.311178,-0.634291,-39.0124,-39.4641,-182.14,0.243185,0
1,,138430,Port:10,0,0,0,Enabled,0.281102,0.648982,-0.311653,-0.634568,-39.6547,-43.661,-181.473,0.251678,0
1,,138446,Port:10,0,0,0,Enabled,0.285325,0.648381,-0.314397,-0.631939,-40.2481,-46.9805,-180.514,0.257408,0
1,,138462,Port:10,0,0,0,Enabled,0.292243,0.645588,-0.318059,-0.6298,-40.7193,-49.7052,-178.757,0.260831,0
1,,138478,Port:10,0,0,0,Enabled,0.301648,0.640346,-0.322336,-0.628542,-41.0667,-51.5858,-176.252,0.257865,0
1,,138486,Port:10,0,0,0,Enabled,0.305293,0.638254,-0.323722,-0.628197,-41.1545,-52.5299,-175.144,0.257167,0
1,,138510,Port:10,0,0,0,Missing,,,,,,,,,0
1,,138526,Port:10,0,0,0,Enabled,0.321483,0.630483,-0.332118,-0.62357,-40.8426,-55.6015,-168.927,0.238554,0
1,,138534,Port:10,0,0,0,Enabled,0.323362,0.628563,-0.332019,-0.624587,-40.9311,-56.0075,-167.643,0.239728,0
1,,138550,Port:10,0,0,0,Enabled,0.33023,0.625135,-0.336261,-0.62216,-40.9805,-57.2771,-165.592,0.232406,0
1,,138566,Port:10,0,0,0,Enabled,0.333539,0.622948,-0.33412,-0.62374,-41.2188,-58.3951,-163.185,0.240242,0
1,,138582,Port:10,0,0,0,Enabled,0.338775,0.619694,-0.33615,-0.623068,-41.5912,-59.7344,-160.722,0.234619,0
1,,138598,Port:10,0,0,0,Enabled,0.346742,0.613911,-0.3337,-0.625721,-42.1289,-61.2425,-157.237,0.231715,0
1,,138630,Port:10,0,0,0,Enabled,0.366713,0.59576,-0.326961,-0.635364,-43.4907,-63.5501,-150.264,0.223888,0
1,,138646,Port:10,0,0,0,Enabled,0.374562,0.58857,-0.32208,-0.639963,-44.1097,-64.2511,-147.445,0.223586,0
1,,138654,Port:10,0,0,0,Enabled,0.379013,0.585194,-0.318067,-0.642441,-44.1812,-64.8963,-146.215,0.218895,0
1,,138670,Port:10,0,0,0,Enabled,0.385867,0.577674,-0.312926,-0.64767,-44.4079,-65.3517,-143.756,0.22224,0
1,,138686,Port:10,0,0,0,Enabled,0.391215,0.569509,-0.309113,-0.653497,-44.4465,-65.7997,-141.466,0.218737,0
1,,138702,Port:10,0,0,0,Enabled,0.396898,0.559525,-0.306272,-0.660001,-44.7483,-66.0087,-139.471,0.218448,0
1,,138718,Port:10,0,0,0,Enabled,0.399266,0.553563,-0.305286,-0.664044,-45.3072,-66.2776,-138.47,0.217275,0
1,,138726,Port:10,0,0,0,Enabled,0.400467,0.552338,-0.306214,-0.663914,-45.6708,-66.5715,-138.457,0.212724,0
1,,138750,Port:10,0,0,0,Enabled,0.401925,0.549486,-0.308216,-0.664473,-47.0721,-67.2207,-138.598,0.214667,0
1,,138766,Port:10,0,0,0,Enabled,0.403864,0.543844,-0.305369,-0.669237,-47.6526,-67.9063,-138.059,0.218197,0
1,,138774,Port:10,0,0,0,Enabled,0.404449,0.542068,-0.303637,-0.671109,-47.8481,-68.5374,-137.895,0.221222,0
1,,138790,Port:10,0,0,0,Enabled,0.404361,0.541855,-0.301952,-0.672094,-48.4321,-69.9285,-137.956,0.222194,0
1,,138806,Port:10,0,0,0,Enabled,0.4062,0.541367,-0.298716,-0.672825,-48.6583,-71.735,-138.021,0.223257,0
1,,138822,Port:10,0,0,0,Enabled,0.414255,0.535988,-0.292557,-0.674922,-47.7442,-73.4517,-137.193,0.221788,0
1,,138838,Port:10,0,0,0,Enabled,0.427158,0.525915,-0.281593,-0.679452,-45.4436,-75.3674,-135.892,0.220185,0
1,,138870,Port:10,0,0,0,Enabled,0.449772,0.514744,-0.272671,-0.677049,-40.0213,-77.8358,-133.945,0.205636,0
1,,138886,Port:10,0,0,0,Enabled,0.46202,0.504416,-0.267217,-0.678747,-37.43,-78.2151,-132.209,0.198669,0
1,,138894,Port:10,0,0,0,Enabled,0.467006,0.500255,-0.265994,-0.678894,-36.277,-78.4296,-131.299,0.189196,0
1,,138910,Port:10,0,0,0,Enabled,0.480168,0.493966,-0.265977,-0.674309,-34.3974,-78.733,-129.632,0.185948,0
1,,138926,Port:10,0,0,0,Enabled,0.495789,0.486401,-0.268042,-0.667654,-32.6555,-78.6159,-128.084,0.179869,0
1,,138942,Port:10,0,0,0,Enabled,0.514421,0.47851,-0.27265,-0.657313,-30.6147,-78.0179,-126.695,0.181198,0
1,,138958,Port:10,0,0,0,Enabled,0.534593,0.469848,-0.278893,-0.644726,-28.7016,-76.894,-125.667,0.17388,0
1,,138966,Port:10,0,0,0,Enabled,0.537758,0.468264,-0.281128,-0.642271,-27.7977,-76.0288,-125.382,0.17832,0
1,,138990,Port:10,0,0,0,Enabled,0.560574,0.462896,-0.296167,-0.619491,-25.3951,-73.9726,-124.868,0.183366,0
1,,139006,Port:10,0,0,0,Enabled,0.580382,0.45541,-0.313909,-0.597679,-24.6011,-71.5475,-125.388,0.185386,0
1,,139014,Port:10,0,0,0,Enabled,0.590726,0.451998,-0.328338,-0.582182,-24.6856,-69.9541,-126.269,0.180466,0
1,,139030,Port:10,0,0,0,Enabled,0.606636,0.448564,-0.348937,-0.555901,-24.6432,-67.5116,-128.573,0.183812,0
1,,139046,Port:10,0,0,0,Enabled,0.62986,0.439879,-0.374928,-0.518857,-24.3727,-65.1856,-131.288,0.164943,0
1,,139062,Port:10,0,0,0,Enabled,0.644509,0.430059,-0.401215,-0.488553,-23.7297,-62.2444,-134.109,0.153232,0
1,,139078,Port:10,0,0,0,Enabled,0.657105,0.42009,-0.419999,-0.464046,-22.8166,-59.0991,-136.315,0.146912,0
1,,139110,Port:10,0,0,0,Enabled,0.662385,0.407944,-0.449119,-0.439455,-21.6569,-50.7223,-140.452,0.130084,0
1,,139126,Port:10,0,0,0,Enabled,0.664683,0.402294,-0.465863,-0.42347,-21.3423,-46.6621,-143.155,0.125346,0
1,,139134,Port:10,0,0,0,Enabled,0.664805,0.400318,-0.473784,-0.416304,-21.2658,-44.5929,-144.668,0.126194,0
1,,139150,Port:10,0,0,0,Enabled,0.665122,0.396954,-0.489409,-0.400648,-21.0628,-40.815,-147.93,0.129172,0
1,,139166,Port:10,0,0,0,Enabled,0.663463,0.393873,-0.503581,-0.3887,-21.0631,-36.6871,-151.049,0.137845,0
1,,139182,Port:10,0,0,0,Enabled,0.667061,0.382607,-0.521137,-0.370213,-21.4598,-32.5212,-154.3,0.151137,0
1,,139198,Port:10,0,0,0,Enabled,0.667412,0.372331,-0.540906,-0.351216,-22.398,-27.8158,-157.964,0.176409,0
1,,139206,Port:10,0,0,0,Enabled,0.664947,0.368591,-0.55056,-0.344775,-22.77,-25.2842,-159.763,0.182918,0
1,,139230,Port:10,0,0,0,Enabled,0.66119,0.36019,-0.567112,-0.33388,-23.0889,-17.8409,-163.182,0.204897,0
1,,139246,Port:10,0,0,0,Enabled,0.661007,0.353765,-0.574511,-0.328415,-22.5864,-12.9653,-164.456,0.210936,0
1,,139254,Port:10,0,0,0,Enabled,0.661555,0.350596,-0.577596,-0.325286,-22.0541,-10.4602,-165.003,0.216012,0
1,,139270,Port:10,0,0,0,Enabled,0.664079,0.341712,-0.585022,-0.3162,-20.4489,-5.76671,-165.814,0.222029,0
1,,139286,Port:10,0,0,0,Enabled,0.667546,0.333984,-0.591189,-0.305504,-18.7851,-1.64356,-165.904,0.221574,0
1,,139302,Port:10,0,0,0,Enabled,0.66971,0.327332,-0.596998,-0.29654,-17.5153,2.50821,-165.589,0.225979,0
1,,139318,Port:10,0,0,0,Enabled,0.669113,0.323884,-0.604174,-0.286987,-16.6499,5.52599,-165.892,0.232617,0
1,,139326,Port:10,0,0,0,Enabled,0.667825,0.324429,-0.607788,-0.281689,-16.2379,6.54785,-166.39,0.232247,0
1,,139366,Port:10,0,0,0,Enabled,0.661872,0.327471,-0.6234,-0.257022,-13.8726,10.8242,-169.266,0.249396,0
1,,139374,Port:10,0,0,0,Enabled,0.659939,0.329853,-0.625667,-0.253415,-13.3067,11.5032,-169.888,0.250488,0
1,,139390,Port:10,0,0,0,Enabled,0.656031,0.335738,-0.63033,-0.244104,-12.1062,12.6842,-171.283,0.258846,0
1,,139406,Port:10,0,0,0,Enabled,0.652926,0.340653,-0.634878,-0.233611,-11.0304,13.7283,-172.588,0.260258,0
1,,139422,Port:10,0,0,0,Enabled,0.649742,0.345222,-0.63916,-0.223904,-9.46171,14.9287,-173.917,0.264283,0
1,,139438,Port:10,0,0,0,Enabled,0.646842,0.352256,-0.641563,-0.214263,-7.13791,15.7775,-175.418,0.263753,0
1,,139446,Port:10,0,0,0,Enabled,0.644819,0.355501,-0.643248,-0.209905,-5.78505,16.3333,-176.204,0.264095,0
1,,139470,Port:10,0,0,0,Enabled,0.639161,0.366517,-0.647046,-0.196136,-1.62318,17.7727,-178.667,0.264101,0
1,,139486,Port:10,0,0,0,Enabled,0.63257,0.376604,-0.650439,-0.186958,0.801445,19.0635,-180.319,0.268339,0
1,,139494,Port:10,0,0,0,Enabled,0.629593,0.380309,-0.652404,-0.182608,2.03102,19.9214,-180.973,0.269073,0
1,,139510,Port:10,0,0,0,Enabled,0.623861,0.387951,-0.65552,-0.174887,4.4908,21.7415,-181.757,0.268721,0
1,,139526,Port:10,0,0,0,Enabled,0.617554,0.395478,-0.659548,-0.164987,6.99473,23.0395,-182.701,0.270452,0
1,,139542,Port:10,0,0,0,Enabled,0.610399,0.404998,-0.663212,-0.153423,9.95586,23.7186,-183.576,0.26763,0
1,,139558,Port:10,0,0,0,Enabled,0.603642,0.412557,-0.66747,-0.141053,13.2479,24.3696,-184.649,0.262348,0
1,,139574,Port:10,0,0,0,Enabled,0.595986,0.421187,-0.671279,-0.129569,16.8018,25.1308,-185.831,0.265095,0
1,,139590,Port:10,0,0,0,Enabled,0.589648,0.429322,-0.673771,-0.118454,20.6043,25.6827,-186.755,0.254671,0
1,,139606,Port:10,0,0,0,Enabled,0.584009,0.437032,-0.675376,-0.108648,24.3812,26.5088,-187.385,0.256859,0
1,,139630,Port:10,0,0,0,Enabled,0.578501,0.445475,-0.676287,-0.0975918,28.7999,27.9957,-187.242,0.253012,0
1,,139646,Port:10,0,0,0,Enabled,0.576028,0.448669,-0.677031,-0.0922897,30.9056,29.395,-187.138,0.24974,0
1,,139662,Port:10,0,0,0,Enabled,0.571881,0.452855,-0.678647,-0.0855129,32.5387,30.6958,-187.736,0.256695,0
1,,139678,Port:10,0,0,0,Enabled,0.568655,0.457368,-0.678825,-0.0815007,34.1156,32.1204,-187.85,0.252566,0
1,,139694,Port:10,0,0,0,Enabled,0.567459,0.459198,-0.679066,-0.0774356,35.4893,33.3662,-187.331,0.25387,0
1,,139710,Port:10,0,0,0,Enabled,0.566688,0.461073,-0.678658,-0.0754965,36.8865,34.4917,-186.424,0.256244,0
1,,139726,Port:10,0,0,0,Enabled,0.567011,0.4614,-0.678551,-0.0719522,38.1683,35.15,-185.356,0.255474,0
1,,139734,Port:10,0,0,0,Enabled,0.566907,0.461697,-0.678536,-0.0710008,38.5972,35.5012,-184.727,0.252859,0
1,,139750,Port:10,0,0,0,Enabled,0.565857,0.463353,-0.67851,-0.0688055,39.1007,36.0849,-183.991,0.252515,0
1,,139766,Port:10,0,0,0,Enabled,0.563253,0.464268,-0.68032,-0.0660701,38.7162,36.7547,-183.561,0.256463,0
1,,139782,Port:10,0,0,0,Enabled,0.560143,0.465062,-0.682622,-0.0631252,37.7274,37.4998,-183.512,0.259953,0
1,,139798,Port:10,0,0,0,Enabled,0.555378,0.466911,-0.685571,-0.0595182,36.4987,38.2906,-183.513,0.263672,0
1,,139814,Port:10,0,0,0,Enabled,0.554154,0.466438,-0.686962,-0.0585807,34.7212,39.5621,-182.584,0.266441,0
1,,139830,Port:10,0,0,0,Enabled,0.551257,0.46674,-0.68928,-0.0562326,33.2025,40.826,-181.937,0.272743,0
1,,139846,Port:10,0,0,0,Enabled,0.548285,0.466542,-0.692126,-0.0518105,32.0853,41.5593,-181.735,0.272985,0
1,,139854,Port:10,0,0,0,Enabled,0.546184,0.468277,-0.692624,-0.0516873,31.6283,42.0673,-181.928,0.280367,0
1,,139886,Port:10,0,0,0,Enabled,0.533154,0.47366,-0.699797,-0.0409603,30.6654,42.5904,-185.103,0.278682,0
1,,139902,Port:10,0,0,0,Enabled,0.529661,0.475396,-0.701383,-0.0389933,29.4055,43.3608,-185.656,0.28054,0
1,,139918,Port:10,0,0,0,Enabled,0.527969,0.47443,-0.703375,-0.0377866,27.5445,44.7902,-185.165,0.282675,0
1,,139934,Port:10,0,0,0,Enabled,0.526536,0.472194,-0.706046,-0.0359374,25.1416,46.3853,-184.206,0.276427,0
1,,139950,Port:10,0,0,0,Enabled,0.525028,0.470539,-0.708335,-0.0346511,22.6907,48.0444,-183.024,0.286821,0
1,,139966,Port:10,0,0,0,Enabled,0.523133,0.468713,-0.711061,-0.0321291,20.1795,49.2767,-181.808,0.275701,0
1,,139974,Port:10,0,0,0,Enabled,0.522545,0.467601,-0.712247,-0.0316227,18.9675,49.8766,-181.234,0.273895,0
1,,139990,Port:10,0,0,0,Enabled,0.520673,0.46474,-0.71561,-0.0286238,16.8366,50.6363,-180.347,0.267137,0
1,,140006,Port:10,0,0,0,Enabled,0.52015,0.462829,-0.71717,-0.0300019,14.43,51.8282,-179.531,0.266584,0
1,,140022,Port:10,0,0,0,Enabled,0.519667,0.460469,-0.718906,-0.0330023,11.6587,53.0777,-179.174,0.252158,0
1,,140038,Port:10,0,0,0,Enabled,0.518504,0.455959,-0.722605,-0.033119,8.50649,54.1257,-179.354,0.26379,0
1,,140054,Port:10,0,0,0,Enabled,0.518136,0.451998,-0.725229,-0.035727,4.60039,55.1339,-179.384,0.247506,0
1,,140070,Port:10,0,0,0,Enabled,0.518957,0.446708,-0.727742,-0.0390747,0.253915,55.6276,-179.309,0.231846,0
1,,140086,Port:10,0,0,0,Enabled,0.517936,0.444297,-0.729753,-0.0424628,-3.73601,55.3657,-179.31,0.210096,0
1,,140110,Port:10,0,0,0,Enabled,0.515095,0.441603,-0.733335,-0.0434072,-8.49334,53.4481,-179.565,0.174518,0
1,,140126,Port:10,0,0,0,Enabled,0.514397,0.438351,-0.735705,-0.0445237,-11.8323,52.2138,-179.158,0.151295,0
1,,140142,Port:10,0,0,0,Enabled,0.513267,0.436379,-0.73757,-0.0460565,-14.875,51.1443,-178.847,0.123713,0
1,,140158,Port:10,0,0,0,Enabled,0.510884,0.433687,-0.740853,-0.0452794,-17.834,49.9559,-179.014,0.10791,0
1,,140174,Port:10,0,0,0,Enabled,0.50912,0.431934,-0.743045,-0.0459783,-20.8763,48.9049,-179.011,0.078184,0
1,,140190,Port:10,0,0,0,Enabled,0.506489,0.429645,-0.746258,-0.0444106,-23.9624,47.7111,-178.946,0.0684585,0
1,,140206,Port:10,0,0,0,Enabled,0.505215,0.427434,-0.748234,-0.0469487,-27.419,47.1788,-178.815,0.0577769,0
1,,140214,Port:10,0,0,0,Enabled,0.504377,0.426793,-0.749112,-0.0477879,-29.1238,46.6725,-178.809,0.0567764,0
1,,140230,Port:10,0,0,0,Enabled,0.500999,0.425711,-0.752046,-0.0468629,-32.2472,45.3653,-179.065,0.0526699,0
1,,140246,Port:10,0,0,0,Enabled,0.498189,0.424172,-0.754757,-0.0472005,-35.647,44.2199,-179.371,0.0560412,0
1,,140262,Port:10,0,0,0,Enabled,0.494922,0.422229,-0.758032,-0.0465022,-39.0639,43.0387,-179.519,0.060805,0
1,,140278,Port:10,0,0,0,Enabled,0.492207,0.42139,-0.760343,-0.0451897,-42.6551,41.7578,-179.508,0.0669251,0
1,,140294,Port:10,0,0,0,Enabled,0.490309,0.418681,-0.763116,-0.0442317,-46.3926,40.9385,-179.2,0.0718518,0
1,,140310,Port:10,0,0,0,Enabled,0.487131,0.418132,-0.765464,-0.0439878,-49.8682,39.9817,-179.465,0.076562,0
1,,140326,Port:10,0,0,0,Enabled,0.482669,0.41694,-0.769087,-0.0411968,-52.9775,38.6639,-180.305,0.0853637,0
1,,140350,Port:10,0,0,0,Enabled,0.477006,0.41524,-0.773562,-0.0405355,-58.3064,37.2208,-181.472,0.0948118,0
1,,140366,Port:10,0,0,0,Enabled,0.474359,0.411709,-0.777063,-0.0406647,-61.9815,36.4802,-182.188,0.10306,0
1,,140382,Port:10,0,0,0,Enabled,0.472991,0.409061,-0.779229,-0.0418465,-65.5051,35.7122,-182.648,0.118098,0
1,,140398,Port:10,0,0,0,Enabled,0.472,0.406573,-0.781033,-0.0436082,-68.9215,35.1057,-183.095,0.126204,0
1,,140414,Port:10,0,0,0,Enabled,0.469749,0.404001,-0.78372,-0.0436138,-71.9601,34.3381,-183.919,0.138408,0
1,,140430,Port:10,0,0,0,Enabled,0.4662,0.401498,-0.787208,-0.0419531,-74.9693,33.5,-184.846,0.151768,0
1,,140446,Port:10,0,0,0,Enabled,0.465562,0.399839,-0.78836,-0.0432501,-78.7797,32.9884,-185.332,0.156315,0
1,,140454,Port:10,0,0,0,Enabled,0.464448,0.397944,-0.789982,-0.0430986,-80.7191,32.9376,-185.556,0.164838,0
1,,140470,Port:10,0,0,0,Enabled,0.462142,0.393582,-0.793601,-0.041413,-84.3086,32.7886,-185.729,0.19221,0
1,,140486,Port:10,0,0,0,Enabled,0.458266,0.390375,-0.797643,-0.0369484,-87.2331,32.1316,-186.166,0.208567,0
1,,140502,Port:10,0,0,0,Enabled,0.455331,0.38785,-0.800714,-0.0332299,-89.8242,31.6157,-186.141,0.228728,0
1,,140518,Port:10,0,0,0,Enabled,0.452076,0.386638,-0.803206,-0.0315972,-92.224,31.4702,-186.048,0.237234,0
1,,140534,Port:10,0,0,0,Enabled,0.450863,0.384717,-0.804862,-0.0302025,-94.6695,31.3132,-185.792,0.24974,0
1,,140550,Port:10,0,0,0,Enabled,0.449255,0.38214,-0.807062,-0.0280972,-96.5842,31.1379,-185.472,0.265868,0
1,,140566,Port:10,0,0,0,Enabled,0.447753,0.380867,-0.808593,-0.0251764,-98.4224,30.3479,-185.652,0.27491,0
1,,140590,Port:10,0,0,0,Enabled,0.446315,0.380174,-0.809795,-0.022434,-100.448,28.8804,-185.45,0.29069,0
1,,140606,Port:10,0,0,0,Enabled,0.446428,0.380512,-0.809576,-0.0223452,-101.514,27.5684,-185.304,0.291641,0
1,,140622,Port:10,0,0,0,Enabled,0.447102,0.37939,-0.809786,-0.0202534,-102.277,25.7786,-185.058,0.306792,0
1,,140638,Port:10,0,0,0,Enabled,0.445353,0.380457,-0.810317,-0.0173117,-102.131,23.2366,-185.344,0.306887,0
1,,140654,Port:10,0,0,0,Enabled,0.44554,0.38328,-0.808877,-0.0175416,-102.017,20.6393,-185.337,0.301597,0
1,,140670,Port:10,0,0,0,Enabled,0.444963,0.384277,-0.808795,-0.0137874,-101.452,17.5529,-185.228,0.309955,0
1,,140686,Port:10,0,0,0,Enabled,0.446906,0.385898,-0.806924,-0.0152083,-101.325,15.0759,-184.449,0.304912,0
1,,140694,Port:10,0,0,0,Enabled,0.447154,0.386593,-0.806469,-0.0143877,-101.043,13.7476,-184.133,0.306138,0
1,,140710,Port:10,0,0,0,Enabled,0.449131,0.386542,-0.805409,-0.0135136,-101.032,11.2737,-183.653,0.311099,0
1,,140726,Port:10,0,0,0,Enabled,0.448629,0.389526,-0.804285,-0.0112806,-100.156,8.49108,-183.368,0.305734,0
1,,140742,Port:10,0,0,0,Enabled,0.451569,0.392869,-0.801,-0.0117632,-99.7656,5.69337,-182.941,0.295178,0
1,,140758,Port:10,0,0,0,Enabled,0.452335,0.394992,-0.799541,-0.0104637,-98.6471,3.34726,-182.761,0.293281,0
1,,140774,Port:10,0,0,0,Enabled,0.456595,0.398225,-0.79544,-0.0145787,-98.0976,1.55431,-182.579,0.281076,0
1,,140790,Port:10,0,0,0,Enabled,0.461767,0.400115,-0.791387,-0.0196555,-97.5403,0.391651,-182.468,0.270414,0
1,,140806,Port:10,0,0,0,Enabled,0.470234,0.403528,-0.784266,-0.0311911,-97.8648,-0.387712,-181.847,0.254993,0
1,,140830,Port:10,0,0,0,Enabled,0.480765,0.402616,-0.777638,-0.0452146,-99.8202,-1.69857,-181.22,0.245022,0
1,,140846,Port:10,0,0,0,Enabled,0.485061,0.399953,-0.775922,-0.0519425,-101.538,-2.88999,-181.78,0.242782,0
1,,140862,Port:10,0,0,0,Enabled,0.487202,0.398819,-0.774656,-0.0590359,-102.868,-4.123,-182.73,0.241518,0
1,,140878,Port:10,0,0,0,Enabled,0.488958,0.399039,-0.773045,-0.063946,-103.919,-5.96082,-183.655,0.229213,0
1,,140894,Port:10,0,0,0,Enabled,0.492799,0.39611,-0.771487,-0.0710881,-105.069,-7.43727,-183.847,0.23002,0
1,,140910,Port:10,0,0,0,Enabled,0.496902,0.394555,-0.769114,-0.0766681,-105.766,-8.9938,-183.776,0.222991,0
1,,140926,Port:10,0,0,0,Enabled,0.504439,0.39419,-0.763029,-0.0891137,-106.712,-9.92292,-183.386,0.206806,0
1,,140934,Port:10,0,0,0,Enabled,0.50818,0.394383,-0.75963,-0.095801,-107.027,-10.2868,-182.991,0.195694,0
1,,140950,Port:10,0,0,0,Enabled,0.514799,0.391676,-0.755315,-0.105221,-107.416,-11.5066,-182.202,0.195355,0
1,,140966,Port:10,0,0,0,Enabled,0.521722,0.391879,-0.748629,-0.117436,-107.92,-13.0294,-181.168,0.175126,0
1,,140982,Port:10,0,0,0,Enabled,0.529946,0.390773,-0.741161,-0.130897,-108.538,-15.0214,-179.989,0.152457,0
1,,140998,Port:10,0,0,0,Enabled,0.537167,0.388384,-0.735261,-0.141427,-109.202,-17.5778,-179.038,0.149762,0
1,,141014,Port:10,0,0,0,Enabled,0.543526,0.390369,-0.726426,-0.156514,-109.75,-20.244,-177.961,0.124218,0
1,,141030,Port:10,0,0,0,Enabled,0.549697,0.388522,-0.720545,-0.166429,-110.271,-23.0583,-177.256,0.124903,0
1,,141054,Port:10,0,0,0,Enabled,0.557258,0.387709,-0.710862,-0.183902,-110.731,-26.2689,-176.179,0.1103,0
1,,141070,Port:10,0,0,0,Enabled,0.564119,0.386313,-0.703157,-0.1952,-111.028,-28.2275,-174.562,0.103487,0
1,,141086,Port:10,0,0,0,Enabled,0.569969,0.385063,-0.695576,-0.207451,-111.416,-29.8168,-172.443,0.0923155,0
1,,141102,Port:10,0,0,0,Enabled,0.576898,0.382011,-0.688636,-0.216879,-111.743,-31.399,-169.649,0.0864107,0
1,,141118,Port:10,0,0,0,Enabled,0.585177,0.37862,-0.679091,-0.230326,-112.429,-32.426,-166.327,0.0823709,0
1,,141134,Port:10,0,0,0,Enabled,0.592143,0.374354,-0.671828,-0.240566,-112.847,-33.4988,-163.164,0.0797584,0
1,,141150,Port:10,0,0,0,Enabled,0.598229,0.371041,-0.66445,-0.250911,-113.096,-34.7949,-159.921,0.0694283,0
1,,141166,Port:10,0,0,0,Enabled,0.606018,0.367738,-0.654449,-0.263074,-113.139,-36.1331,-155.759,0.0686941,0
1,,141174,Port:10,0,0,0,Enabled,0.609612,0.36618,-0.649523,-0.269082,-113.125,-36.7067,-153.684,0.0649641,0
1,,141190,Port:10,0,0,0,Enabled,0.615948,0.363636,-0.639118,-0.282677,-113.084,-37.3808,-149.253,0.0627595,0
1,,141206,Port:10,0,0,0,Enabled,0.622574,0.359652,-0.629634,-0.294302,-112.761,-37.6903,-144.893,0.0557554,0
1,,141222,Port:10,0,0,0,Enabled,0.63044,0.355369,-0.617352,-0.30844,-112.006,-37.4711,-139.387,0.050117,0
1,,141238,Port:10,0,0,0,Enabled,0.63881,0.349823,-0.605473,-0.320856,-110.955,-37.1238,-133.61,0.0444165,0
1,,141254,Port:10,0,0,0,Enabled,0.647119,0.344346,-0.593784,-0.331789,-109.317,-36.4974,-127.436,0.0375878,0
1,,141270,Port:10,0,0,0,Enabled,0.655457,0.337757,-0.581579,-0.343603,-107.8,-35.481,-121.214,0.0340792,0
1,,141294,Port:10,0,0,0,Enabled,0.66541,0.329562,-0.567484,-0.355783,-105.399,-33.6404,-112.789,0.0299834,0
1,,141310,Port:10,0,0,0,Enabled,0.672023,0.324519,-0.555283,-0.367061,-104.158,-32.0045,-107.306,0.0278826,0
1,,141326,Port:10,0,0,0,Enabled,0.676093,0.319491,-0.550297,-0.371479,-102.995,-29.8709,-103.231,0.0270017,0
1,,141342,Port:10,0,0,0,Enabled,0.679531,0.317005,-0.543135,-0.377822,-102.073,-27.875,-99.7057,0.0280677,0
1,,141358,Port:10,0,0,0,Enabled,0.682124,0.31439,-0.537622,-0.383183,-100.639,-25.3505,-96.5896,0.0364671,0
1,,141374,Port:10,0,0,0,Enabled,0.684034,0.313873,-0.530106,-0.390599,-98.5975,-22.5926,-93.4644,0.0519543,0
1,,141390,Port:10,0,0,0,Enabled,0.685914,0.314183,-0.519269,-0.401462,-95.5557,-19.7347,-89.9643,0.0886843,0
1,,141406,Port:10,0,0,0,Enabled,0.687281,0.316156,-0.508121,-0.411707,-91.9077,-16.9665,-86.8652,0.180269,0
1,,141414,Port:10,0,0,0,Enabled,0.68814,0.318341,-0.502948,-0.414929,-89.9892,-15.7369,-85.6388,0.312496,0
1,,141430,Port:10,0,0,0,Enabled,0.698838,0.313087,-0.499145,-0.405533,-85.8192,-12.3318,-82.9729,0.697235,0
1,,141446,Port:10,0,0,0,Enabled,0.697077,0.318135,-0.490169,-0.415461,-83.4325,-8.39595,-81.8172,0.361813,0
1,,141462,Port:10,0,0,0,Enabled,0.695337,0.322789,-0.48202,-0.424228,-80.5339,-3.80119,-80.4909,0.105878,0
1,,141478,Port:10,0,0,0,Enabled,0.694702,0.327357,-0.4789,-0.425302,-77.6382,0.621829,-79.9537,0.101474,0
1,,141494,Port:10,0,0,0,Enabled,0.695017,0.328757,-0.477548,-0.425227,-74.8729,5.51504,-79.4495,0.182171,0
1,,141510,Port:10,0,0,0,Enabled,0.696346,0.329733,-0.472481,-0.427949,-71.9075,10.5193,-78.4164,0.268659,0
1,,141534,Port:10,0,0,0,Enabled,0.699247,0.32876,-0.473493,-0.422818,-67.9759,17.9386,-78.1419,0.281531,0
1,,141550,Port:10,0,0,0,Enabled,0.701189,0.325152,-0.475902,-0.419675,-65.5966,23.5539,-78.277,0.255404,0
1,,141566,Port:10,0,0,0,Enabled,0.703608,0.322802,-0.47586,-0.417482,-62.8566,28.5942,-79.2103,0.236928,0
1,,141582,Port:10,0,0,0,Enabled,0.704865,0.323942,-0.476727,-0.413472,-60.1568,32.9734,-81.412,0.224635,0
1,,141598,Port:10,0,0,0,Enabled,0.70386,0.32549,-0.480841,-0.409182,-58.0878,37.7767,-84.2152,0.207855,0
1,,141614,Port:10,0,0,0,Enabled,0.701597,0.326109,-0.484713,-0.408005,-56.2063,42.9893,-86.9527,0.205177,0
1,,141630,Port:10,0,0,0,Enabled,0.699368,0.326184,-0.482475,-0.414375,-53.8447,48.1404,-89.0697,0.190909,0
1,,141646,Port:10,0,0,0,Enabled,0.700051,0.327386,-0.476715,-0.418916,-51.1619,52.3841,-91.0568,0.179368,0
1,,141654,Port:10,0,0,0,Enabled,0.70054,0.328683,-0.475179,-0.418828,-49.8405,54.1717,-92.3572,0.173509,0
1,,141670,Port:10,0,0,0,Enabled,0.70078,0.331648,-0.475559,-0.415645,-47.5586,57.772,-94.8984,0.167205,0
1,,141686,Port:10,0,0,0,Enabled,0.700295,0.329899,-0.477289,-0.415871,-45.6503,62.38,-96.6155,0.162603,0
1,,141702,Port:10,0,0,0,Enabled,0.699204,0.328221,-0.47666,-0.419738,-43.5624,66.3335,-97.9072,0.146553,0
1,,141718,Port:10,0,0,0,Enabled,0.697931,0.33109,-0.478504,-0.4175,-41.6724,68.5362,-100.034,0.144444,0
1,,141734,Port:10,0,0,0,Enabled,0.69535,0.336756,-0.48509,-0.409599,-40.3568,69.3219,-102.996,0.150456,0
1,,141750,Port:10,0,0,0,Enabled,0.692691,0.338985,-0.492745,-0.403077,-39.3743,69.7038,-106.101,0.154951,0
1,,141774,Port:10,0,0,0,Enabled,0.692231,0.345036,-0.494271,-0.396815,-38.55,69.3934,-109.357,0.157332,0
1,,141790,Port:10,0,0,0,Enabled,0.698132,0.34613,-0.490433,-0.390233,-38.3035,69.2866,-110.658,0.161058,0
1,,141806,Port:10,0,0,0,Enabled,0.691219,0.34515,-0.500295,-0.390888,-38.2682,70.9932,-112.297,0.163536,0
1,,141822,Port:10,0,0,0,Enabled,0.686688,0.348026,-0.501333,-0.394973,-37.7974,72.9718,-112.344,0.166182,0
1,,141838,Port:10,0,0,0,Enabled,0.691414,0.338039,-0.495569,-0.402602,-37.0623,75.9668,-110.325,0.155837,0
1,,141854,Port:10,0,0,0,Enabled,0.690303,0.33533,-0.497332,-0.404594,-36.5784,78.3615,-109.547,0.150963,0
1,,141870,Port:10,0,0,0,Enabled,0.689549,0.342248,-0.494556,-0.403488,-35.7649,79.4532,-109.708,0.151565,0
1,,141886,Port:10,0,0,0,Enabled,0.684803,0.344469,-0.498665,-0.404623,-35.1726,81.0278,-110.377,0.152799,0
1,,141894,Port:10,0,0,0,Enabled,0.680996,0.342724,-0.505062,-0.404595,-35.0933,82.0879,-111.002,0.159997,0
1,,141910,Port:10,0,0,0,Enabled,0.670416,0.345771,-0.515923,-0.405966,-34.963,83.4672,-112.286,0.166666,0
1,,141926,Port:10,0,0,0,Enabled,0.659703,0.354514,-0.518564,-0.412557,-34.2455,83.8002,-112.612,0.172629,0
1,,141942,Port:10,0,0,0,Enabled,0.65518,0.360463,-0.511804,-0.42292,-32.7944,84.1222,-110.995,0.163593,0
1,,141958,Port:10,0,0,0,Enabled,0.654841,0.365842,-0.501974,-0.43054,-30.8929,83.5799,-108.712,0.153809,0
1,,141974,Port:10,0,0,0,Enabled,0.663164,0.360907,-0.49947,-0.424841,-29.2858,82.7193,-107.475,0.144938,0
1,,141990,Port:10,0,0,0,Enabled,0.658345,0.365763,-0.500086,-0.427448,-28.1669,81.4856,-107.888,0.141657,0
1,,142014,Port:10,0,0,0,Enabled,0.656716,0.374824,-0.495725,-0.427186,-27.4353,77.1643,-108.913,0.139534,0
1,,142030,Port:10,0,0,0,Enabled,0.658595,0.376445,-0.493137,-0.425862,-26.771,74.5552,-109.746,0.141155,0
1,,142046,Port:10,0,0,0,Enabled,0.655081,0.378006,-0.492081,-0.431087,-25.7501,73.1435,-110.724,0.142121,0
1,,142062,Port:10,0,0,0,Enabled,0.649259,0.378338,-0.492274,-0.439307,-24.4929,72.2324,-111.635,0.138824,0
1,,142078,Port:10,0,0,0,Enabled,0.647805,0.38047,-0.488195,-0.444136,-23.2535,70.2121,-111.884,0.138985,0
1,,142094,Port:10,0,0,0,Enabled,0.650083,0.380179,-0.484824,-0.444748,-22.3095,67.2958,-112.376,0.134881,0
1,,142110,Port:10,0,0,0,Enabled,0.654945,0.379426,-0.483254,-0.439941,-21.551,63.8267,-113.554,0.135526,0
1,,142126,Port:10,0,0,0,Enabled,0.653755,0.381595,-0.48068,-0.442648,-20.7653,60.4943,-114.712,0.131892,0
1,,142134,Port:10,0,0,0,Enabled,0.652886,0.383415,-0.479418,-0.443723,-20.4444,58.6934,-115.302,0.131493,0
1,,142150,Port:10,0,0,0,Enabled,0.652852,0.385674,-0.47694,-0.444487,-19.9531,55.0113,-116.151,0.130212,0
1,,142166,Port:10,0,0,0,Enabled,0.650773,0.387421,-0.475737,-0.447296,-19.5604,51.6688,-117.019,0.128304,0
1,,142182,Port:10,0,0,0,Enabled,0.64942,0.390258,-0.474661,-0.44794,-18.976,48.1568,-118.09,0.126467,0
1,,142198,Port:10,0,0,0,Enabled,0.647954,0.392752,-0.472432,-0.450234,-18.2943,45.0234,-119.183,0.122939,0
1,,142214,Port:10,0,0,0,Enabled,0.64522,0.395031,-0.471196,-0.453449,-17.678,42.4215,-120.525,0.122947,0
1,,142230,Port:10,0,0,0,Enabled,0.643177,0.398129,-0.471678,-0.45314,-17.7692,39.7063,-122.285,0.123577,0
1,,142254,Port:10,0,0,0,Enabled,0.637179,0.405258,-0.473422,-0.453477,-19.2841,35.6177,-124.667,0.123623,0
1,,142270,Port:10,0,0,0,Enabled,0.636039,0.407715,-0.474143,-0.452119,-20.1637,33.0498,-125.779,0.125624,0
1,,142286,Port:10,0,0,0,Enabled,0.634169,0.411828,-0.473911,-0.451261,-20.9139,30.4881,-126.827,0.125106,0
1,,142302,Port:10,0,0,0,Enabled,0.63467,0.414074,-0.474688,-0.44767,-21.1987,28.5584,-127.799,0.127328,0
1,,142318,Port:10,0,0,0,Enabled,0.632506,0.417429,-0.474196,-0.448138,-20.8146,27.0721,-128.565,0.124584,0
1,,142334,Port:10,0,0,0,Enabled,0.63278,0.422584,-0.471583,-0.44567,-20.688,24.6901,-129.316,0.127116,0
1,,142350,Port:10,0,0,0,Enabled,0.63301,0.427942,-0.47192,-0.439835,-20.9775,21.6357,-130.419,0.125094,0
1,,142366,Port:10,0,0,0,Enabled,0.633561,0.432614,-0.469985,-0.436531,-21.0346,18.6091,-130.795,0.126303,0
1,,142374,Port:10,0,0,0,Enabled,0.633277,0.435107,-0.467782,-0.436832,-20.8495,17.1879,-130.635,0.124047,0
1,,142390,Port:10,0,0,0,Enabled,0.630943,0.437968,-0.461774,-0.443687,-20.2752,15.1549,-129.999,0.115939,0
1,,142406,Port:10,0,0,0,Enabled,0.630831,0.441863,-0.458272,-0.443617,-20.2301,11.7064,-130.647,0.113479,0
1,,142422,Port:10,0,0,0,Enabled,0.631846,0.448432,-0.45385,-0.440113,-20.4552,6.77843,-131.82,0.110818,0
1,,142438,Port:10,0,0,0,Enabled,0.631573,0.455412,-0.448898,-0.438413,-20.4721,1.35726,-132.965,0.105148,0
1,,142454,Port:10,0,0,0,Enabled,0.633022,0.460263,-0.443913,-0.436328,-20.2041,-3.90079,-133.617,0.0999705,0
1,,142470,Port:10,0,0,0,Enabled,0.63082,0.465413,-0.438389,-0.439627,-19.979,-8.47347,-134.11,0.0942681,0
1,,142494,Port:10,0,0,0,Enabled,0.629064,0.471836,-0.433703,-0.439943,-20.311,-15.0403,-135.426,0.0880427,0
1,,142510,Port:10,0,0,0,Enabled,0.626984,0.475341,-0.429924,-0.44284,-20.6555,-19.1871,-136.055,0.0872689,0
1,,142526,Port:10,0,0,0,Enabled,0.626648,0.479041,-0.427703,-0.441478,-20.9073,-23.6719,-136.926,0.0875619,0
1,,142542,Port:10,0,0,0,Enabled,0.624152,0.483623,-0.423975,-0.443609,-20.9206,-27.7459,-137.658,0.0891564,0
1,,142558,Port:10,0,0,0,Enabled,0.621539,0.488069,-0.419372,-0.446773,-20.7515,-31.7456,-138.194,0.0909282,0
1,,142574,Port:10,0,0,0,Enabled,0.620367,0.493438,-0.414426,-0.447119,-20.6419,-36.3783,-138.881,0.0958221,0
1,,142590,Port:10,0,0,0,Enabled,0.619482,0.499878,-0.408812,-0.446359,-20.7655,-41.107,-139.844,0.105283,0
1,,142606,Port:10,0,0,0,Enabled,0.616346,0.506761,-0.405168,-0.446261,-21.1018,-45.5583,-141.131,0.110951,0
1,,142622,Port:10,0,0,0,Enabled,0.612425,0.512907,-0.400855,-0.448528,-21.6785,-49.4355,-142.352,0.122844,0
1,,142630,Port:10,0,0,0,Enabled,0.611119,0.515833,-0.399374,-0.448275,-21.9887,-51.5192,-143.023,0.129066,0
1,,142646,Port:10,0,0,0,Enabled,0.609441,0.521909,-0.395972,-0.446541,-22.4465,-55.7286,-144.436,0.141687,0
1,,142670,Port:10,0,0,0,Enabled,0.607578,0.529983,-0.390451,-0.444427,-23.0175,-61.5919,-146.27,0.159704,0
1,,142678,Port:10,0,0,0,Enabled,0.606786,0.532294,-0.388766,-0.444223,-23.1486,-63.2719,-146.783,0.166759,0
1,,142694,Port:10,0,0,0,Enabled,0.605793,0.536812,-0.385254,-0.443202,-23.2333,-66.8089,-147.483,0.176603,0
1,,142710,Port:10,0,0,0,Enabled,0.606811,0.540198,-0.381985,-0.440516,-23.2429,-69.9683,-147.813,0.190393,0
1,,142734,Port:10,0,0,0,Enabled,0.606198,0.545276,-0.378731,-0.437905,-22.996,-73.8501,-148.38,0.204524,0
1,,142750,Port:10,0,0,0,Enabled,0.607289,0.548019,-0.376138,-0.435196,-22.4886,-76.4126,-148.892,0.210816,0
1,,142766,Port:10,0,0,0,Enabled,0.606369,0.550646,-0.374321,-0.43473,-21.9,-78.4664,-149.393,0.219451,0
1,,142782,Port:10,0,0,0,Enabled,0.606704,0.553502,-0.37065,-0.43378,-21.1223,-81.1672,-150.144,0.224964,0
1,,142798,Port:10,0,0,0,Enabled,0.607013,0.557739,-0.367515,-0.430577,-20.1857,-84.0574,-151.159,0.235205,0
1,,142814,Port:10,0,0,0,Enabled,0.607425,0.561995,-0.363417,-0.427931,-19.1684,-87.2911,-152.027,0.245009,0
1,,142830,Port:10,0,0,0,Enabled,0.608725,0.564768,-0.360295,-0.425065,-18.2583,-90.4609,-152.588,0.256965,0
1,,142846,Port:10,0,0,0,Enabled,0.608301,0.567909,-0.35657,-0.424628,-17.7355,-93.2635,-152.971,0.270474,0
1,,142862,Port:10,0,0,0,Enabled,0.609264,0.571115,-0.35435,-0.420788,-17.7848,-95.9113,-153.571,0.282656,0
1,,142870,Port:10,0,0,0,Enabled,0.609375,0.572467,-0.354226,-0.418889,-17.949,-96.9645,-153.712,0.28427,0
1,,142894,Port:10,0,0,0,Enabled,0.606195,0.57378,-0.353809,-0.422047,-19.5727,-97.6072,-153.339,0.296384,0
1,,142902,Port:10,0,0,0,Enabled,0.604383,0.573591,-0.354609,-0.424225,-20.4903,-97.5008,-152.727,0.294731,0
1,,142918,Port:10,0,0,0,Enabled,0.600735,0.573908,-0.354702,-0.428875,-23.0742,-97.6875,-151.108,0.3053,0
1,,142934,Port:10,0,0,0,Enabled,0.596792,0.574935,-0.357551,-0.430633,-26.6829,-98.1417,-149.876,0.310474,0
1,,142966,Port:10,0,0,0,Enabled,0.585273,0.575372,-0.362533,-0.441558,-35.2141,-97.8321,-147.172,0.328611,0
1,,142974,Port:10,0,0,0,Enabled,0.583436,0.574271,-0.363827,-0.444349,-37.3141,-97.5717,-146.259,0.328078,0
1,,142990,Port:10,0,0,0,Enabled,0.57907,0.572375,-0.367875,-0.449147,-41.4826,-96.144,-144.089,0.326222,0
1,,143014,Port:10,0,0,0,Enabled,0.575155,0.56872,-0.37334,-0.454281,-47.7421,-94.0559,-139.603,0.322353,0
1,,143022,Port:10,0,0,0,Enabled,0.574594,0.567985,-0.375132,-0.454435,-49.8469,-93.2024,-138.04,0.328026,0
1,,143038,Port:10,0,0,0,Enabled,0.572786,0.565724,-0.380665,-0.454935,-54.0253,-91.0323,-134.903,0.324237,0
1,,143054,Port:10,0,0,0,Enabled,0.570299,0.562947,-0.385974,-0.457027,-58.0823,-88.1956,-131.334,0.321901,0
1,,143070,Port:10,0,0,0,Enabled,0.571134,0.558464,-0.390825,-0.457361,-61.7836,-85.5387,-127.276,0.327706,0
1,,143086,Port:10,0,0,0,Enabled,0.570864,0.555302,-0.396323,-0.456817,-65.3494,-82.9724,-124.001,0.317714,0
1,,143102,Port:10,0,0,0,Enabled,0.571604,0.553572,-0.401818,-0.453177,-68.6052,-80.8764,-121.032,0.313773,0
1,,143110,Port:10,0,0,0,Enabled,0.572553,0.552843,-0.404144,-0.450794,-70.0999,-80.0065,-119.53,0.309179,0
1,,143134,Port:10,0,0,0,Enabled,0.575804,0.550055,-0.410671,-0.444115,-74.5999,-77.2493,-115.04,0.292851,0
1,,143150,Port:10,0,0,0,Enabled,0.579163,0.546816,-0.416503,-0.438277,-77.794,-75.0114,-112.406,0.272005,0
1,,143158,Port:10,0,0,0,Enabled,0.579664,0.545794,-0.419496,-0.436029,-79.4138,-73.5909,-111.294,0.260682,0
1,,143174,Port:10,0,0,0,Enabled,0.5802,0.543508,-0.426406,-0.431445,-82.508,-70.2872,-109.51,0.240813,0
1,,143190,Port:10,0,0,0,Enabled,0.583637,0.540774,-0.431781,-0.424851,-85.224,-67.3769,-108.046,0.21871,0
1,,143214,Port:10,0,0,0,Enabled,0.587229,0.536221,-0.439637,-0.417551,-88.0347,-61.8182,-106.191,0.188715,0
1,,143230,Port:10,0,0,0,Enabled,0.59011,0.531571,-0.44401,-0.414798,-89.2284,-57.4679,-104.581,0.175264,0
1,,143254,Port:10,0,0,0,Enabled,0.594781,0.524403,-0.450005,-0.410771,-90.6113,-50.6529,-102.429,0.15077,0
1,,143262,Port:10,0,0,0,Enabled,0.596174,0.522326,-0.451851,-0.40937,-91.0787,-48.3839,-101.894,0.143784,0
1,,143278,Port:10,0,0,0,Enabled,0.598841,0.518399,-0.45607,-0.405773,-92.2173,-43.9792,-101.251,0.131329,0
1,,143294,Port:10,0,0,0,Enabled,0.601669,0.51403,-0.460322,-0.402333,-93.5414,-39.3971,-100.635,0.11869,0
1,,143310,Port:10,0,0,0,Enabled,0.603775,0.508616,-0.464561,-0.401185,-95.0406,-34.2169,-100.01,0.108298,0
1,,143326,Port:10,0,0,0,Enabled,0.605756,0.504328,-0.468671,-0.398825,-96.6545,-29.055,-100.046,0.0958704,0
1,,143342,Port:10,0,0,0,Enabled,0.607695,0.501529,-0.473039,-0.394221,-98.1859,-24.3149,-100.661,0.0861355,0
1,,143350,Port:10,0,0,0,Enabled,0.609285,0.500067,-0.474989,-0.391268,-98.8318,-22.0154,-100.895,0.0821992,0
1,,143374,Port:10,0,0,0,Enabled,0.612858,0.494921,-0.479887,-0.386222,-100.462,-14.5793,-101.246,0.0729541,0
1,,143390,Port:10,0,0,0,Enabled,0.614498,0.49163,-0.483242,-0.383626,-101.027,-9.53124,-101.445,0.0665449,0
1,,143398,Port:10,0,0,0,Enabled,0.615395,0.490028,-0.484335,-0.382859,-101.114,-7.09063,-101.469,0.0638074,0
1,,143414,Port:10,0,0,0,Enabled,0.618417,0.486692,-0.486844,-0.379043,-100.889,-2.66948,-101.341,0.0603171,0
1,,143430,Port:10,0,0,0,Enabled,0.621233,0.483518,-0.488037,-0.376961,-100.251,1.57463,-100.794,0.055275,0
1,,143454,Port:10,0,0,0,Enabled,0.624711,0.478306,-0.489677,-0.375733,-98.6872,8.1652,-99.5755,0.0504004,0
1,,143470,Port:10,0,0,0,Enabled,0.629322,0.474153,-0.490534,-0.372169,-97.0796,12.4228,-98.6434,0.0475787,0
1,,143486,Port:10,0,0,0,Enabled,0.632589,0.468661,-0.490962,-0.37302,-94.9448,17.442,-97.6734,0.0456257,0
1,,143502,Port:10,0,0,0,Enabled,0.634658,0.464594,-0.49275,-0.372236,-92.5751,22.1415,-97.6473,0.0449195,0
1,,143518,Port:10,0,0,0,Enabled,0.637412,0.460356,-0.493898,-0.371273,-89.9026,26.2475,-97.64,0.0477662,0
1,,143534,Port:10,0,0,0,Enabled,0.641041,0.455998,-0.493118,-0.371439,-87.0615,29.7024,-97.4449,0.0496516,0
1,,143550,Port:10,0,0,0,Enabled,0.644605,0.451742,-0.493345,-0.370169,-84.0637,32.8041,-97.3732,0.0572697,0
1,,143566,Port:10,0,0,0,Enabled,0.647506,0.447723,-0.493309,-0.370035,-81.1784,35.6352,-97.3038,0.0679569,0
1,,143582,Port:10,0,0,0,Enabled,0.652549,0.443743,-0.492564,-0.366951,-78.2094,38.153,-97.0152,0.0853143,0
1,,143590,Port:10,0,0,0,Enabled,0.654505,0.44133,-0.491942,-0.367211,-76.7395,39.5963,-96.7783,0.0933342,0
1,,143614,Port:10,0,0,0,Enabled,0.659244,0.437344,-0.48999,-0.366111,-72.1115,43.1692,-96.8534,0.0866944,0
1,,143630,Port:10,0,0,0,Enabled,0.662246,0.434227,-0.48966,-0.364844,-68.5116,45.1768,-97.1319,0.070077,0
1,,143638,Port:10,0,0,0,Enabled,0.662609,0.433182,-0.489045,-0.366248,-66.5613,46.2,-97.2632,0.0826803,0
1,,143654,Port:10,0,0,0,Enabled,0.664287,0.430298,-0.486668,-0.369758,-62.4815,47.9836,-97.3182,0.140282,0
1,,143670,Port:10,0,0,0,Enabled,0.665226,0.429541,-0.483963,-0.37249,-58.7849,48.807,-97.8545,0.181952,0
1,,143702,Port:10,0,0,0,Enabled,0.668915,0.428213,-0.479283,-0.373463,-52.0087,50.4137,-99.7558,0.214245,0
1,,143710,Port:10,0,0,0,Enabled,0.669513,0.4268,-0.478931,-0.374459,-50.1416,51.4313,-100.295,0.214405,0
1,,143734,Port:10,0,0,0,Enabled,0.670744,0.420463,-0.47765,-0.381005,-44.5483,55.1332,-101.738,0.192395,0
1,,143750,Port:10,0,0,0,Enabled,0.670372,0.419825,-0.476238,-0.384118,-41.3856,56.117,-103.227,0.179557,0
1,,143758,Port:10,0,0,0,Enabled,0.671218,0.42025,-0.475448,-0.383151,-39.9222,55.9846,-104.221,0.167548,0
1,,143774,Port:10,0,0,0,Enabled,0.673423,0.421277,-0.47271,-0.381539,-37.0333,55.3682,-105.735,0.160396,0
1,,143790,Port:10,0,0,0,Enabled,0.67504,0.420444,-0.470158,-0.382753,-33.7768,55.5479,-106.826,0.150498,0
1,,143806,Port:10,0,0,0,Enabled,0.675707,0.419159,-0.467882,-0.385763,-30.3983,56.2443,-107.681,0.139605,0
1,,143822,Port:10,0,0,0,Enabled,0.677584,0.418848,-0.465469,-0.385728,-26.9603,56.441,-108.549,0.132029,0
1,,143830,Port:10,0,0,0,Enabled,0.678554,0.418519,-0.464166,-0.385951,-25.3489,56.5324,-108.753,0.129985,0
1,,143854,Port:10,0,0,0,Enabled,0.680924,0.417155,-0.460168,-0.388035,-20.5518,56.9343,-109.409,0.12171,0
1,,143870,Port:10,0,0,0,Enabled,0.681997,0.416529,-0.458466,-0.388835,-17.4622,56.9945,-110.467,0.120134,0
1,,143878,Port:10,0,0,0,Enabled,0.682718,0.416597,-0.457233,-0.38895,-15.8738,56.7158,-111.134,0.119529,0
1,,143894,Port:10,0,0,0,Enabled,0.684778,0.416047,-0.454398,-0.389237,-12.2086,55.8142,-112.499,0.120871,0
1,,143910,Port:10,0,0,0,Enabled,0.68499,0.415239,-0.450176,-0.394597,-8.07489,54.6986,-113.527,0.119975,0
1,,143934,Port:10,0,0,0,Enabled,0.687716,0.415576,-0.441126,-0.399689,-2.65395,50.6611,-115.054,0.121309,0
1,,143950,Port:10,0,0,0,Enabled,0.689695,0.41667,-0.435939,-0.400829,0.133433,46.5862,-116.728,0.122293,0
1,,143974,Port:10,0,0,0,Enabled,0.689486,0.420246,-0.427858,-0.406129,5.09756,39.3712,-119.672,0.123203,0
1,,143990,Port:10,0,0,0,Enabled,0.688573,0.423465,-0.421091,-0.411372,8.68091,33.448,-121.67,0.12222,0
1,,143998,Port:10,0,0,0,Enabled,0.687454,0.426074,-0.418136,-0.413558,10.2622,30.0421,-122.758,0.123055,0
1,,144014,Port:10,0,0,0,Enabled,0.686578,0.433234,-0.410622,-0.415102,12.8604,21.7405,-124.923,0.122126,0
1,,144030,Port:10,0,0,0,Enabled,0.686198,0.441478,-0.403735,-0.413797,14.7614,13.141,-126.956,0.126962,0
1,,144046,Port:10,0,0,0,Enabled,0.684313,0.447801,-0.397513,-0.416141,15.9682,5.4217,-128.129,0.133283,0
1,,144062,Port:10,0,0,0,Enabled,0.682216,0.452361,-0.392072,-0.419798,16.1042,-1.83918,-129.168,0.132145,0
1,,144078,Port:10,0,0,0,Enabled,0.679554,0.459091,-0.389894,-0.418837,14.9737,-10.0421,-131.534,0.113683,0
1,,144094,Port:10,0,0,0,Enabled,0.679973,0.467627,-0.386304,-0.411985,13.3634,-19.1558,-134.22,0.0856589,0
1,,144110,Port:10,0,0,0,Enabled,0.676055,0.475934,-0.383971,-0.411099,11.4891,-27.0246,-137.054,0.0679603,0
1,,144118,Port:10,0,0,0,Enabled,0.673192,0.480762,-0.382577,-0.41148,10.4945,-30.6853,-138.594,0.0623362,0
1,,144134,Port:10,0,0,0,Enabled,0.66993,0.489438,-0.380079,-0.408881,8.25724,-37.9207,-141.68,0.0577322,0
1,,144166,Port:10,0,0,0,Enabled,0.658109,0.507234,-0.376111,-0.410057,2.9942,-50.6925,-148.448,0.0801912,0
1,,144182,Port:10,0,0,0,Enabled,0.652811,0.515476,-0.375337,-0.408956,-0.216252,-56.7897,-152.184,0.0992628,0
1,,144198,Port:10,0,0,0,Enabled,0.647133,0.522913,-0.37453,-0.409277,-3.28853,-62.294,-155.359,0.1167,0
1,,144214,Port:10,0,0,0,Enabled,0.642229,0.528943,-0.373673,-0.410036,-6.03263,-66.9815,-158.473,0.135021,0
1,,144230,Port:10,0,0,0,Enabled,0.63877,0.534741,-0.373046,-0.408489,-8.26392,-70.7995,-160.916,0.152729,0
1,,144238,Port:10,0,0,0,Enabled,0.637823,0.537199,-0.372757,-0.407003,-8.90921,-72.1731,-162.075,0.160632,0
1,,144254,Port:10,0,0,0,Enabled,0.637872,0.539343,-0.373013,-0.403845,-9.24761,-73.4709,-163.076,0.15898,0
1,,144270,Port:10,0,0,0,Enabled,0.637533,0.538147,-0.372714,-0.406244,-8.72869,-72.816,-162.546,0.161528,0
1,,144286,Port:10,0,0,0,Enabled,0.638946,0.535466,-0.372193,-0.408041,-8.30203,-71.6511,-161.121,0.152287,0
1,,144302,Port:10,0,0,0,Enabled,0.639189,0.534253,-0.373265,-0.408271,-8.63425,-70.6599,-160.325,0.148736,0
1,,144318,Port:10,0,0,0,Enabled,0.637593,0.534332,-0.375175,-0.408911,-9.85472,-69.862,-160.195,0.154713,0
1,,144334,Port:10,0,0,0,Enabled,0.635617,0.534561,-0.37673,-0.410256,-11.2468,-69.9287,-160.244,0.154668,0
1,,144350,Port:10,0,0,0,Enabled,0.633039,0.536365,-0.377605,-0.411082,-12.7408,-70.9482,-160.343,0.167036,0
1,,144358,Port:10,0,0,0,Enabled,0.632665,0.536899,-0.37838,-0.410248,-13.5277,-71.7603,-160.362,0.169448,0
1,,144374,Port:10,0,0,0,Enabled,0.629193,0.538501,-0.380315,-0.411695,-15.4649,-73.01,-160.465,0.181777,0
1,,144406,Port:10,0,0,0,Enabled,0.622666,0.541526,-0.385201,-0.413106,-20.3591,-75.5106,-160.382,0.204557,0
1,,144422,Port:10,0,0,0,Enabled,0.621211,0.543823,-0.385807,-0.411712,-22.32,-76.7226,-160.61,0.212744,0
1,,144438,Port:10,0,0,0,Enabled,0.619969,0.545717,-0.386455,-0.410468,-23.2451,-77.0056,-161.19,0.221022,0
1,,144446,Port:10,0,0,0,Enabled,0.619809,0.545857,-0.387418,-0.409616,-23.2036,-77.0582,-161.296,0.216276,0
1,,144470,Port:10,0,0,0,Enabled,0.620947,0.544725,-0.385403,-0.411296,-22.1864,-77.2057,-161.161,0.218833,0
1,,144478,Port:10,0,0,0,Enabled,0.622114,0.544287,-0.385134,-0.410363,-21.7759,-77.58,-161.084,0.212751,0
1,,144494,Port:10,0,0,0,Enabled,0.621963,0.545523,-0.384138,-0.409885,-21.4544,-78.1648,-161.361,0.215874,0
1,,144510,Port:10,0,0,0,Enabled,0.622282,0.545511,-0.384837,-0.408759,-21.6551,-78.5544,-161.414,0.212004,0
1,,144526,Port:10,0,0,0,Enabled,0.621989,0.545121,-0.385835,-0.408784,-21.3231,-78.4879,-161.197,0.254872,0
1,,144542,Port:10,0,0,0,Enabled,0.620953,0.546669,-0.385733,-0.408389,-22.6012,-78.679,-162.041,0.220691,0
1,,144558,Port:10,0,0,0,Enabled,0.620873,0.546754,-0.384801,-0.409273,-22.6624,-78.6657,-162.132,0.22591,0
1,,144566,Port:10,0,0,0,Enabled,0.622083,0.545659,-0.386019,-0.407748,-21.6224,-78.9739,-161.555,0.246746,0
1,,144582,Port:10,0,0,0,Enabled,0.621242,0.546497,-0.384506,-0.409336,-22.5383,-78.5889,-161.96,0.222129,0
1,,144598,Port:10,0,0,0,Enabled,0.621199,0.546591,-0.384846,-0.408956,-22.6112,-78.6752,-162.081,0.222939,0
1,,144614,Port:10,0,0,0,Enabled,0.62109,0.546646,-0.384803,-0.409087,-22.6817,-78.6891,-162.142,0.22298,0
1,,144646,Port:10,0,0,0,Enabled,0.618896,0.548195,-0.385484,-0.409698,-23.6986,-79.21,-163.432,0.230533,0
1,,144662,Port:10,0,0,0,Enabled,0.618965,0.548717,-0.386079,-0.408332,-23.8477,-79.7407,-163.709,0.225845,0
1,,144678,Port:10,0,0,0,Enabled,0.618668,0.549442,-0.384556,-0.409244,-24.0143,-80.172,-164.008,0.229554,0
1,,144694,Port:10,0,0,0,Enabled,0.618055,0.549905,-0.385085,-0.40905,-24.1493,-80.4493,-164.269,0.230596,0
1,,144702,Port:10,0,0,0,Enabled,0.617567,0.550038,-0.384937,-0.409747,-24.3393,-80.5382,-164.514,0.232627,0
1,,144718,Port:10,0,0,0,Enabled,0.617001,0.55062,-0.385752,-0.409053,-24.6457,-80.9999,-165.02,0.234742,0
1,,144734,Port:10,0,0,0,Enabled,0.616564,0.551485,-0.385353,-0.408922,-24.8932,-81.5716,-165.469,0.240543,0
1,,144750,Port:10,0,0,0,Enabled,0.616453,0.551959,-0.385919,-0.407916,-25.0969,-81.8757,-165.973,0.236839,0
1,,144766,Port:10,0,0,0,Enabled,0.61559,0.551865,-0.38625,-0.40903,-25.5635,-81.7151,-166.034,0.23923,0
1,,144782,Port:10,0,0,0,Enabled,0.613312,0.551424,-0.388508,-0.410905,-26.8662,-80.8421,-166.435,0.24243,0
1,,144798,Port:10,0,0,0,Enabled,0.611232,0.550359,-0.393898,-0.410299,-28.8572,-79.8753,-167.053,0.240875,0
1,,144806,Port:10,0,0,0,Enabled,0.609319,0.550238,-0.395809,-0.411466,-30.0166,-79.1958,-167.297,0.241157,0
1,,144822,Port:10,0,0,0,Enabled,0.607595,0.5503,-0.39803,-0.411791,-31.9604,-78.3737,-167.566,0.242758,0
1,,144838,Port:10,0,0,0,Enabled,0.607839,0.550855,-0.399652,-0.409107,-32.9254,-77.7674,-167.912,0.250064,0
1,,144854,Port:10,0,0,0,Enabled,0.60822,0.549386,-0.400462,-0.409724,-33.2007,-76.6918,-167.619,0.24134,0
1,,144886,Port:10,0,0,0,Enabled,0.608616,0.548233,-0.400452,-0.410688,-33.0646,-75.7576,-167.119,0.236815,0
1,,144902,Port:10,0,0,0,Enabled,0.609034,0.548196,-0.400788,-0.409789,-34.224,-75.7974,-167.505,0.241289,0
1,,144918,Port:10,0,0,0,Enabled,0.607144,0.549951,-0.399203,-0.411787,-34.4607,-75.6641,-167.649,0.260156,0
1,,144934,Port:10,0,0,0,Enabled,0.607191,0.550485,-0.39961,-0.410607,-34.148,-76.7137,-168.441,0.249197,0
1,,144942,Port:10,0,0,0,Enabled,0.607855,0.5506,-0.400317,-0.408778,-34.3478,-77.0157,-168.573,0.245705,0
1,,144958,Port:10,0,0,0,Enabled,0.606706,0.55086,-0.400806,-0.409654,-35.0218,-76.6519,-168.459,0.249735,0
1,,144974,Port:10,0,0,0,Enabled,0.606521,0.550277,-0.402086,-0.409458,-35.9983,-76.3884,-168.1,0.255008,0
1,,144990,Port:10,0,0,0,Enabled,0.605957,0.549625,-0.403546,-0.409731,-37.2901,-75.6452,-167.579,0.250827,0
1,,145006,Port:10,0,0,0,Enabled,0.604768,0.549228,-0.406294,-0.409304,-39.0902,-74.8197,-166.725,0.254545,0
1,,145022,Port:10,0,0,0,Enabled,0.603453,0.548923,-0.408402,-0.409557,-41.6031,-73.9075,-165.309,0.259923,0
1,,145038,Port:10,0,0,0,Enabled,0.601149,0.549035,-0.413192,-0.407988,-45.1392,-72.664,-163.628,0.27301,0
1,,145054,Port:10,0,0,0,Enabled,0.598762,0.548213,-0.419217,-0.406452,-49.185,-70.7202,-161.751,0.27277,0
1,,145062,Port:10,0,0,0,Enabled,0.59809,0.547657,-0.422455,-0.404836,-51.1472,-69.7118,-160.605,0.274352,0
1,,145078,Port:10,0,0,0,Enabled,0.597618,0.545204,-0.427836,-0.40319,-54.8853,-66.8899,-157.747,0.29091,0
1,,145110,Port:10,0,0,0,Enabled,0.595769,0.532468,-0.441378,-0.408317,-61.9837,-58.5135,-150.24,0.292779,0
1,,145126,Port:10,0,0,0,Enabled,0.597417,0.524764,-0.449317,-0.407223,-65.3817,-54.3825,-146.885,0.273683,0
1,,145142,Port:10,0,0,0,Enabled,0.598908,0.517148,-0.456942,-0.406289,-68.4719,-50.125,-143.522,0.263147,0
1,,145158,Port:10,0,0,0,Enabled,0.602162,0.508694,-0.463757,-0.404428,-71.3903,-45.7328,-140.129,0.247383,0
1,,145174,Port:10,0,0,0,Enabled,0.60323,0.499914,-0.470968,-0.40545,-74.4627,-40.7268,-137.265,0.227247,0
1,,145182,Port:10,0,0,0,Enabled,0.602767,0.496255,-0.47565,-0.405168,-76.0131,-38.0506,-136.236,0.214565,0
1,,145198,Port:10,0,0,0,Enabled,0.605974,0.4869,-0.484184,-0.401609,-79.401,-32.9308,-134.439,0.191762,0
1,,145214,Port:10,0,0,0,Enabled,0.608287,0.478389,-0.490497,-0.400678,-82.5594,-27.4454,-132.565,0.173439,0
1,,145230,Port:10,0,0,0,Enabled,0.611274,0.469339,-0.497141,-0.398644,-85.5427,-21.7163,-131.197,0.15234,0
1,,145246,Port:10,0,0,0,Enabled,0.611901,0.462,-0.503323,-0.398497,-88.4989,-15.9815,-130.607,0.130009,0
1,,145262,Port:10,0,0,0,Enabled,0.612606,0.456684,-0.509733,-0.395381,-91.2016,-11.1455,-130.794,0.114441,0
1,,145278,Port:10,0,0,0,Enabled,0.613285,0.453338,-0.513548,-0.393236,-93.6528,-7.54511,-131.187,0.100864,0
1,,145294,Port:10,0,0,0,Enabled,0.61484,0.450896,-0.516729,-0.389429,-95.1317,-5.03891,-131.171,0.0934783,0
1,,145302,Port:10,0,0,0,Enabled,0.615797,0.449406,-0.517219,-0.388989,-95.6148,-3.92754,-130.918,0.0924007,0
1,,145318,Port:10,0,0,0,Enabled,0.618142,0.447295,-0.517514,-0.387307,-95.9975,-1.94951,-130.107,0.0881817,0
1,,145350,Port:10,0,0,0,Enabled,0.623137,0.440567,-0.519575,-0.384243,-95.9532,2.95498,-128.382,0.0796285,0
1,,145366,Port:10,0,0,0,Enabled,0.62458,0.436471,-0.521463,-0.384017,-95.5484,6.51884,-127.328,0.0729089,0
1,,145382,Port:10,0,0,0,Enabled,0.626973,0.430174,-0.52307,-0.385037,-94.8197,10.8304,-125.662,0.0658817,0
1,,145398,Port:10,0,0,0,Enabled,0.629544,0.424752,-0.523744,-0.385944,-93.8936,15.1215,-123.866,0.060447,0
1,,145414,Port:10,0,0,0,Enabled,0.63388,0.419294,-0.524379,-0.383949,-92.7277,19.3378,-122.277,0.0576372,0
