ToolCount,ToolInfo,Frame#,PortHandle,Face#,timespec_s,timespec_ns,,TransformStatus,Q0,Qx,Qy,Qz,Tx,Ty,Tz,Error,#Markers,Marker0.Status,Tx,Ty,Tz,Marker1.Status,Tx,Ty,Tz,Marker2.Status,Tx,Ty,Tz,Marker3.Status,Tx,Ty,Tz,ToolInfo,Frame#,PortHandle,Face#,timespec_s,timespec_ns,TransformStatus,Q0,Qx,Qy,Qz,Tx,Ty,Tz,Error,#Markers,Marker0.Status,Tx,Ty,Tz,Marker1.Status,Tx,Ty,Tz,Marker2.Status,Tx,Ty,Tz,ToolInfo,Frame#,PortHandle,Face#,timespec_s,timespec_ns,TransformStatus,Q0,Qx,Qy,Qz,Tx,Ty,Tz,Error,#Markers,Marker0.Status,Tx,Ty,Tz,Marker1.Status,Tx,Ty,Tz,Marker2.Status,Tx,Ty,Tz,Marker3.Status,Tx,Ty,Tz,ToolInfo,Frame#,PortHandle,Face#,timespec_s,timespec_ns,TransformStatus,Q0,Qx,Qy,Qz,Tx,Ty,Tz,Error,#Markers,Marker0.Status,Tx,Ty,Tz,Marker1.Status,Tx,Ty,Tz,Marker2.Status,Tx,Ty,Tz,,,,,,,,,,,,,,,,,,,,
4,,365924887,Port:1,0,1773324348,118826767,,Enabled,0.61582,0.504594,-0.573552,0.192844,-101.213,97.7864,-1722.73,0.195424,4,OK,-101.055,97.6737,-1722.9,OK,-145.707,75.0236,-1718.05,OK,-146.285,23.6872,-1737.47,OK,-85.6998,45.4006,-1747.13,,365924887,Port:2,0,1773324348,118826767,Enabled,0.930122,0.0308631,0.0358757,0.364188,-87.4743,271.276,-1592.33,0.141014,3,OK,-87.3041,271.344,-1592.35,OK,-128.997,241.333,-1589.55,OK,-130.187,317.601,-1587.05,,365924887,Port:3,0,1773324348,118826767,Missing,,,,,,,,,4,Missing,,,,Missing,,,,Missing,,,,Missing,,,,,365924887,Port:65535,0,1773324348,118826767,Missing,,,,,,,,,3,OK,-40.9206,206.197,-2041.5,OK,-43.4597,201.759,-2245.8,OK,-63.82,219.275,-2295.24,,,,,,,,,,,,,,,,,,,,
4,,365924890,Port:1,0,1773324348,168826767,50000000,Enabled,0.615296,0.504966,-0.574091,0.191934,-101.235,97.7209,-1722.68,0.174155,4,OK,-101.086,97.6058,-1722.8,OK,-145.757,74.9934,-1718.11,OK,-146.378,23.7139,-1737.55,OK,-85.7603,45.3644,-1747.23,,365924890,Port:2,0,1773324348,168826767,Enabled,0.930175,0.030742,0.0348058,0.364168,-87.4692,271.272,-1592.28,0.13922,3,OK,-87.2994,271.335,-1592.29,OK,-128.999,241.333,-1589.6,OK,-130.189,317.604,-1587.06,,365924890,Port:3,0,1773324348,168826767,Missing,,,,,,,,,4,Missing,,,,Missing,,,,Missing,,,,Missing,,,,,365924890,Port:65535,0,1773324348,168826767,Missing,,,,,,,,,3,OK,-40.9317,206.205,-2041.58,OK,-43.4654,201.77,-2245.79,OK,-63.8158,219.281,-2295.16,,,,,,,,,,,,,,,,,,,,
4,,365924893,Port:1,0,1773324348,218826767,50000000,Enabled,0.614728,0.504372,-0.574306,0.194656,-101.751,97.8037,-1722.99,0.192003,4,OK,-101.593,97.6838,-1723.14,OK,-146.224,74.9625,-1718.49,OK,-146.635,23.6304,-1737.83,OK,-86.0583,45.4237,-1747.28,,365924893,Port:2,0,1773324348,218826767,Enabled,0.930143,0.0308885,0.0356354,0.364156,-87.4696,271.27,-1592.32,0.14215,3,OK,-87.2984,271.339,-1592.33,OK,-128.997,241.329,-1589.56,OK,-130.18,317.598,-1587.04,,365924893,Port:3,0,1773324348,218826767,Missing,,,,,,,,,4,Missing,,,,Missing,,,,Missing,,,,Missing,,,,,365924893,Port:65535,0,1773324348,218826767,Missing,,,,,,,,,3,OK,-40.9287,206.168,-2041.32,OK,-43.455,201.727,-2245.57,OK,-63.8117,219.27,-2295.24,,,,,,,,,,,,,,,,,,,,
4,,365924896,Port:1,0,1773324348,268826767,50000000,Enabled,0.614097,0.504399,-0.574332,0.196492,-102.53,97.9153,-1723.42,0.171553,4,OK,-102.371,97.814,-1723.54,OK,-146.951,74.9813,-1719.02,OK,-147.193,23.587,-1738.25,OK,-86.6468,45.5311,-1747.61,,365924896,Port:2,0,1773324348,268826767,Enabled,0.930149,0.0307175,0.0355349,0.364164,-87.4705,271.275,-1592.32,0.144243,3,OK,-87.2968,271.345,-1592.33,OK,-129.001,241.332,-1589.56,OK,-130.184,317.605,-1587.06,,365924896,Port:3,0,1773324348,268826767,Missing,,,,,,,,,4,Missing,,,,Missing,,,,Missing,,,,Missing,,,,,365924896,Port:65535,0,1773324348,268826767,Missing,,,,,,,,,3,OK,-40.9186,206.2,-2041.46,OK,-43.4669,201.759,-2245.88,OK,-63.8089,219.253,-2295.05,,,,,,,,,,,,,,,,,,,,
4,,365924899,Port:1,0,1773324348,318826767,50000000,Enabled,0.613233,0.504139,-0.574067,0.200591,-103.905,98.1112,-1724.23,0.192804,4,OK,-103.745,98.0066,-1724.4,OK,-148.227,74.9497,-1719.91,OK,-148.095,23.4947,-1739,OK,-87.6207,45.7104,-1748.1,,365924899,Port:2,0,1773324348,318826767,Enabled,0.930103,0.031182,0.0359877,0.3642,-87.4731,271.278,-1592.34,0.145828,3,OK,-87.2987,271.35,-1592.35,OK,-128.999,241.328,-1589.55,OK,-130.183,317.599,-1587.01,,365924899,Port:3,0,1773324348,318826767,Missing,,,,,,,,,4,Missing,,,,Missing,,,,Missing,,,,Missing,,,,,365924899,Port:65535,0,1773324348,318826767,Missing,,,,,,,,,3,OK,-40.9161,206.198,-2041.57,OK,-43.4545,201.764,-2245.74,OK,-63.8102,219.265,-2295.14,,,,,,,,,,,,,,,,,,,,
4,,365924902,Port:1,0,1773324348,368826767,50000000,Enabled,0.614768,0.504196,-0.568608,0.211025,-106.04,98.5297,-1726.03,0.189661,4,OK,-105.885,98.4076,-1726.17,OK,-149.958,74.6543,-1721.45,OK,-148.868,22.9322,-1739.69,OK,-88.7679,46.0643,-1749.05,,365924902,Port:2,0,1773324348,368826767,Enabled,0.930148,0.0309879,0.0355722,0.364142,-87.4721,271.262,-1592.3,0.142666,3,OK,-87.3,271.33,-1592.32,OK,-129.001,241.321,-1589.56,OK,-130.182,317.592,-1587.02,,365924902,Port:3,0,1773324348,368826767,Missing,,,,,,,,,4,Missing,,,,Missing,,,,Missing,,,,Missing,,,,,365924902,Port:65535,0,1773324348,368826767,Missing,,,,,,,,,3,OK,-40.9262,206.185,-2041.54,OK,-43.4519,201.749,-2245.66,OK,-63.8337,219.286,-2295.29,,,,,,,,,,,,,,,,,,,,
4,,365924905,Port:1,0,1773324348,418826767,50000000,Enabled,0.611998,0.504523,-0.567624,0.220722,-108.657,98.9173,-1727.79,0.20346,4,OK,-108.503,98.8179,-1727.98,OK,-152.261,74.4419,-1723.47,OK,-150.233,22.5889,-1741.36,OK,-90.3723,46.5125,-1750.14,,365924905,Port:2,0,1773324348,418826767,Enabled,0.930104,0.0311977,0.0358241,0.36421,-87.4721,271.283,-1592.36,0.145971,3,OK,-87.2961,271.353,-1592.37,OK,-128.999,241.334,-1589.59,OK,-130.186,317.603,-1587.04,,365924905,Port:3,0,1773324348,418826767,Missing,,,,,,,,,4,Missing,,,,Missing,,,,Missing,,,,Missing,,,,,365924905,Port:65535,0,1773324348,418826767,Missing,,,,,,,,,3,OK,-40.9266,206.183,-2041.41,OK,-43.457,201.744,-2245.67,OK,-63.8268,219.278,-2295.07,,,,,,,,,,,,,,,,,,,,
4,,365924908,Port:1,0,1773324348,468826767,50000000,Enabled,0.617281,0.503243,-0.557644,0.233972,-111.633,99.8154,-1730.39,0.202206,4,OK,-111.484,99.7064,-1730.58,OK,-154.647,74.4941,-1725.23,OK,-151.53,22.2436,-1741.76,OK,-92.2604,47.2652,-1751.44,,365924908,Port:2,0,1773324348,468826767,Enabled,0.930126,0.0312234,0.035575,0.364177,-87.4708,271.276,-1592.32,0.143276,3,OK,-87.2987,271.347,-1592.34,OK,-129,241.333,-1589.58,OK,-130.18,317.595,-1587.01,,365924908,Port:3,0,1773324348,468826767,Missing,,,,,,,,,4,Missing,,,,Missing,,,,Missing,,,,Missing,,,,,365924908,Port:65535,0,1773324348,468826767,Missing,,,,,,,,,3,OK,-40.9159,206.206,-2041.57,OK,-43.4589,201.769,-2245.85,OK,-63.8282,219.266,-2295.13,,,,,,,,,,,,,,,,,,,,
4,,365924911,Port:1,0,1773324348,518826767,50000000,Enabled,0.634617,0.496669,-0.547928,0.224403,-111.374,102.491,-1730.15,0.211028,4,OK,-111.224,102.369,-1730.34,OK,-154.583,78.0299,-1722.88,OK,-153.013,25.4382,-1738.46,OK,-93.7182,49.2347,-1750.86,,365924911,Port:2,0,1773324348,518826767,Enabled,0.930151,0.0309885,0.0351188,0.364179,-87.4726,271.272,-1592.3,0.140908,3,OK,-87.3017,271.34,-1592.32,OK,-129.002,241.333,-1589.6,OK,-130.188,317.594,-1587.04,,365924911,Port:3,0,1773324348,518826767,Missing,,,,,,,,,4,Missing,,,,Missing,,,,Missing,,,,Missing,,,,,365924911,Port:65535,0,1773324348,518826767,Missing,,,,,,,,,3,OK,-40.9242,206.179,-2041.45,OK,-43.4597,201.738,-2245.78,OK,-63.8265,219.273,-2295.17,,,,,,,,,,,,,,,,,,,,
4,,365924914,Port:1,0,1773324348,568826767,50000000,Enabled,0.622519,0.506706,-0.573782,0.16277,-106.338,102.815,-1722.64,0.178489,4,OK,-106.19,102.706,-1722.76,OK,-151.483,81.5832,-1716.94,OK,-154.724,30.9217,-1737.76,OK,-93.7323,50.6608,-1749.22,,365924914,Port:2,0,1773324348,568826767,Enabled,0.930119,0.0311552,0.0357856,0.364181,-87.472,271.277,-1592.34,0.147038,3,OK,-87.2948,271.35,-1592.35,OK,-129.003,241.333,-1589.57,OK,-130.182,317.595,-1587.02,,365924914,Port:3,0,1773324348,568826767,Missing,,,,,,,,,4,Missing,,,,Missing,,,,Missing,,,,Missing,,,,,365924914,Port:65535,0,1773324348,568826767,Missing,,,,,,,,,3,OK,-40.9228,206.212,-2041.57,OK,-43.4559,201.777,-2245.79,OK,-63.82,219.28,-2295.13,,,,,,,,,,,,,,,,,,,,
4,,365924917,Port:1,0,1773324348,618826767,50000000,Enabled,0.605513,0.509023,-0.608265,0.0652977,-97.0736,98.3136,-1714.26,0.162758,4,OK,-96.9339,98.2525,-1714.3,OK,-144.767,83.2947,-1709.47,OK,-156.07,37.1001,-1736.91,OK,-93.1092,49.2324,-1748.54,,365924917,Port:2,0,1773324348,618826767,Enabled,0.930147,0.0310161,0.0353824,0.36416,-87.4702,271.268,-1592.3,0.14248,3,OK,-87.2981,271.336,-1592.31,OK,-129,241.326,-1589.57,OK,-130.183,317.596,-1587.02,,365924917,Port:3,0,1773324348,618826767,Missing,,,,,,,,,4,Missing,,,,Missing,,,,Missing,,,,Missing,,,,,365924917,Port:65535,0,1773324348,618826767,Missing,,,,,,,,,3,OK,-40.9277,206.212,-2041.41,OK,-43.4645,201.772,-2245.81,OK,-63.8378,219.269,-2295.21,,,,,,,,,,,,,,,,,,,,
4,,365924920,Port:1,0,1773324348,668826767,50000000,Enabled,0.6156,0.49214,-0.614344,0.0376335,-93.0349,98.9111,-1712.49,0.165862,4,OK,-92.8937,98.8335,-1712.56,OK,-141.386,86.8166,-1706.27,OK,-156.374,41.5434,-1733.5,OK,-93.1518,49.863,-1747,,365924920,Port:2,0,1773324348,668826767,Enabled,0.93014,0.030813,0.0355362,0.364181,-87.4676,271.274,-1592.3,0.143729,3,OK,-87.2945,271.344,-1592.31,OK,-128.996,241.33,-1589.55,OK,-130.182,317.602,-1587.04,,365924920,Port:3,0,1773324348,668826767,Missing,,,,,,,,,4,Missing,,,,Missing,,,,Missing,,,,Missing,,,,,365924920,Port:65535,0,1773324348,668826767,Missing,,,,,,,,,3,OK,-40.9086,206.202,-2041.45,OK,-43.4496,201.764,-2245.75,OK,-63.8155,219.27,-2295.19,,,,,,,,,,,,,,,,,,,,
4,,365924923,Port:1,0,1773324348,718826767,50000000,Enabled,0.646424,0.49215,-0.580993,0.0487117,-90.4828,100.828,-1713.24,0.159759,4,OK,-90.3521,100.741,-1713.35,OK,-137.664,86.9745,-1703.15,OK,-152.411,39.8784,-1727.25,OK,-90.6875,50.2619,-1745.35,,365924923,Port:2,0,1773324348,718826767,Enabled,0.930128,0.0308987,0.0356322,0.364194,-87.4725,271.28,-1592.33,0.145086,3,OK,-87.3004,271.353,-1592.35,OK,-129.001,241.329,-1589.58,OK,-130.185,317.606,-1587.06,,365924923,Port:3,0,1773324348,718826767,Missing,,,,,,,,,4,Missing,,,,Missing,,,,Missing,,,,Missing,,,,,365924923,Port:65535,0,1773324348,718826767,Missing,,,,,,,,,3,OK,-40.9283,206.207,-2041.45,OK,-43.4652,201.768,-2245.81,OK,-63.8078,219.265,-2295.04,,,,,,,,,,,,,,,,,,,,
4,,365924926,Port:1,0,1773324348,768826767,50000000,Enabled,0.6531,0.490662,-0.574824,0.047839,-88.9037,100.921,-1712.35,0.15618,4,OK,-88.7756,100.836,-1712.46,OK,-135.878,87.0287,-1701.39,OK,-150.888,39.7104,-1724.84,OK,-89.5048,50.0908,-1744.06,,365924926,Port:2,0,1773324348,768826767,Enabled,0.930152,0.0309184,0.0351774,0.364176,-87.4668,271.279,-1592.31,0.139579,3,OK,-87.2983,271.346,-1592.32,OK,-128.994,241.338,-1589.6,OK,-130.182,317.605,-1587.05,,365924926,Port:3,0,1773324348,768826767,Missing,,,,,,,,,4,Missing,,,,Missing,,,,Missing,,,,Missing,,,,,365924926,Port:65535,0,1773324348,768826767,Missing,,,,,,,,,3,OK,-40.9285,206.194,-2041.61,OK,-43.4476,201.759,-2245.72,OK,-63.8219,219.267,-2295.13,,,,,,,,,,,,,,,,,,,,
4,,365924929,Port:1,0,1773324348,818826767,50000000,Enabled,0.64965,0.505978,-0.564187,0.0602774,-91.6381,100.091,-1710.84,0.169734,4,OK,-91.4989,100.003,-1710.97,OK,-137.956,84.0261,-1700.02,OK,-150.83,36.2756,-1723.9,OK,-89.9468,49.5589,-1742.94,,365924929,Port:2,0,1773324348,818826767,Enabled,0.93013,0.0310279,0.0356496,0.364176,-87.4725,271.273,-1592.33,0.143127,3,OK,-87.3002,271.343,-1592.34,OK,-129,241.329,-1589.57,OK,-130.184,317.599,-1587.04,,365924929,Port:3,0,1773324348,818826767,Missing,,,,,,,,,4,Missing,,,,Missing,,,,Missing,,,,Missing,,,,,365924929,Port:65535,0,1773324348,818826767,Missing,,,,,,,,,3,OK,-40.9186,206.195,-2041.31,OK,-43.4598,201.752,-2245.78,OK,-63.8307,219.269,-2295.23,,,,,,,,,,,,,,,,,,,,
4,,365924932,Port:1,0,1773324348,868826767,50000000,Enabled,0.595865,0.548618,-0.583745,0.0566163,-98.2712,93.1663,-1705.95,0.174309,4,OK,-98.1298,93.1402,-1705.95,OK,-144.75,74.8451,-1700.75,OK,-154.059,29.804,-1730.82,OK,-92.3761,46.7135,-1743.56,,365924932,Port:2,0,1773324348,868826767,Enabled,0.930184,0.0307205,0.0346839,0.364158,-87.4683,271.269,-1592.28,0.136854,3,OK,-87.3031,271.333,-1592.29,OK,-128.997,241.33,-1589.61,OK,-130.186,317.603,-1587.07,,365924932,Port:3,0,1773324348,868826767,Missing,,,,,,,,,4,Missing,,,,Missing,,,,Missing,,,,Missing,,,,,365924932,Port:65535,0,1773324348,868826767,Missing,,,,,,,,,3,OK,-40.9102,206.186,-2041.38,OK,-43.4605,201.746,-2245.7,OK,-63.8241,219.281,-2295.06,,,,,,,,,,,,,,,,,,,,
4,,365924935,Port:1,0,1773324348,918826767,50000000,Enabled,0.552023,0.558152,-0.617966,0.0430684,-102.868,88.5499,-1704.82,0.185113,4,OK,-102.72,88.5105,-1704.83,OK,-150.249,71.7693,-1704.58,OK,-158.675,29.6524,-1738.79,OK,-95.7038,44.9439,-1745.51,,365924935,Port:2,0,1773324348,918826767,Enabled,0.930169,0.0307991,0.0352415,0.364135,-87.4714,271.268,-1592.3,0.143112,3,OK,-87.2982,271.335,-1592.31,OK,-129.004,241.328,-1589.58,OK,-130.184,317.602,-1587.05,,365924935,Port:3,0,1773324348,918826767,Missing,,,,,,,,,4,Missing,,,,Missing,,,,Missing,,,,Missing,,,,,365924935,Port:65535,0,1773324348,918826767,Missing,,,,,,,,,3,OK,-40.9153,206.195,-2041.5,OK,-43.4648,201.759,-2245.73,OK,-63.8309,219.275,-2295.13,,,,,,,,,,,,,,,,,,,,
4,,365924938,Port:1,0,1773324348,968826767,50000000,Enabled,0.561178,0.536974,-0.627165,0.0583259,-103.691,92.16,-1708.77,0.172524,4,OK,-103.545,92.1121,-1708.8,OK,-151.393,76.3563,-1708.51,OK,-160.121,32.704,-1740.69,OK,-96.7571,46.3818,-1746.99,,365924938,Port:2,0,1773324348,968826767,Enabled,0.930163,0.0310126,0.0351197,0.364144,-87.4715,271.271,-1592.3,0.146768,3,OK,-87.2942,271.343,-1592.32,OK,-129.009,241.332,-1589.6,OK,-130.184,317.596,-1587.04,,365924938,Port:3,0,1773324348,968826767,Missing,,,,,,,,,4,Missing,,,,Missing,,,,Missing,,,,Missing,,,,,365924938,Port:65535,0,1773324348,968826767,Missing,,,,,,,,,3,OK,-40.9339,206.208,-2041.46,OK,-43.4653,201.769,-2245.84,OK,-63.8124,219.264,-2295.16,,,,,,,,,,,,,,,,,,,,
4,,365924941,Port:1,0,1773324349,18826765,49999998,Enabled,0.586717,0.507115,-0.625539,0.0854297,-102.448,98.757,-1714.86,0.16397,4,OK,-102.291,98.7031,-1714.88,OK,-150.249,83.396,-1713.1,OK,-159.43,37.0261,-1740.91,OK,-95.9755,49.5341,-1748.53,,365924941,Port:2,0,1773324349,18826765,Enabled,0.930135,0.0310513,0.0354543,0.364181,-87.4712,271.277,-1592.33,0.145931,3,OK,-87.2953,271.348,-1592.35,OK,-129.003,241.332,-1589.6,OK,-130.185,317.601,-1587.05,,365924941,Port:3,0,1773324349,18826765,Missing,,,,,,,,,4,Missing,,,,Missing,,,,Missing,,,,Missing,,,,,365924941,Port:65535,0,1773324349,18826765,Missing,,,,,,,,,3,OK,-40.9282,206.186,-2041.42,OK,-43.4606,201.748,-2245.65,OK,-63.8235,219.28,-2295.18,,,,,,,,,,,,,,,,,,,,
4,,365924944,Port:1,0,1773324349,68826765,50000000,Enabled,0.591448,0.482415,-0.639838,0.0898497,-100.639,103.366,-1718.66,0.151184,4,OK,-100.476,103.307,-1718.7,OK,-149.037,90.0422,-1717.3,OK,-159.631,43.05,-1743.63,OK,-95.6025,52.7179,-1750.35,,365924944,Port:2,0,1773324349,68826765,Enabled,0.930148,0.0308919,0.035411,0.364166,-87.4738,271.273,-1592.32,0.141814,3,OK,-87.3026,271.341,-1592.33,OK,-129.002,241.332,-1589.58,OK,-130.187,317.601,-1587.05,,365924944,Port:3,0,1773324349,68826765,Missing,,,,,,,,,4,Missing,,,,Missing,,,,Missing,,,,Missing,,,,,365924944,Port:65535,0,1773324349,68826765,Missing,,,,,,,,,3,OK,-40.9348,206.198,-2041.44,OK,-43.4516,201.76,-2245.71,OK,-63.827,219.269,-2295.11,,,,,,,,,,,,,,,,,,,,
4,,365924947,Port:1,0,1773324349,118826765,50000000,Enabled,0.593401,0.465806,-0.649435,0.0955684,-99.7233,106.468,-1721.69,0.149962,4,OK,-99.572,106.391,-1721.73,OK,-148.444,94.3401,-1720.83,OK,-159.721,46.9281,-1746.06,OK,-95.3864,54.8717,-1751.91,,365924947,Port:2,0,1773324349,118826765,Enabled,0.930128,0.0309449,0.0355789,0.364196,-87.4714,271.276,-1592.33,0.14656,3,OK,-87.295,271.346,-1592.34,OK,-129.001,241.327,-1589.58,OK,-130.187,317.603,-1587.05,,365924947,Port:3,0,1773324349,118826765,Missing,,,,,,,,,4,Missing,,,,Missing,,,,Missing,,,,Missing,,,,,365924947,Port:65535,0,1773324349,118826765,Missing,,,,,,,,,3,OK,-40.9243,206.201,-2041.57,OK,-43.4644,201.765,-2245.76,OK,-63.8218,219.273,-2295.29,,,,,,,,,,,,,,,,,,,,
4,,365924950,Port:1,0,1773324349,168826765,50000000,Enabled,0.59215,0.453465,-0.658663,0.0994524,-99.2258,108.175,-1723.56,0.15485,4,OK,-99.0734,108.093,-1723.58,OK,-148.192,97.0144,-1723.43,OK,-159.925,49.4306,-1748.04,OK,-95.3737,55.9988,-1752.85,,365924950,Port:2,0,1773324349,168826765,Enabled,0.930114,0.0311946,0.0356214,0.364206,-87.4734,271.278,-1592.33,0.144818,3,OK,-87.2997,271.35,-1592.35,OK,-129.001,241.33,-1589.59,OK,-130.187,317.598,-1587.02,,365924950,Port:3,0,1773324349,168826765,Missing,,,,,,,,,4,Missing,,,,Missing,,,,Missing,,,,Missing,,,,,365924950,Port:65535,0,1773324349,168826765,Missing,,,,,,,,,3,OK,-40.9226,206.191,-2041.37,OK,-43.4584,201.75,-2245.78,OK,-63.8221,219.266,-2295.2,,,,,,,,,,,,,,,,,,,,
4,,365924953,Port:1,0,1773324349,218826765,50000000,Enabled,0.591825,0.444815,-0.665314,0.096125,-97.4795,109.015,-1724.04,0.159195,4,OK,-97.3421,108.913,-1724.07,OK,-146.675,98.8973,-1724.21,OK,-159.244,51.485,-1748.7,OK,-94.5211,56.6447,-1753.08,,365924953,Port:2,0,1773324349,218826765,Enabled,0.93013,0.0310505,0.0357204,0.364167,-87.4708,271.275,-1592.33,0.146049,3,OK,-87.294,271.345,-1592.35,OK,-129.001,241.332,-1589.57,OK,-130.182,317.599,-1587.03,,365924953,Port:3,0,1773324349,218826765,Missing,,,,,,,,,4,Missing,,,,Missing,,,,Missing,,,,Missing,,,,,365924953,Port:65535,0,1773324349,218826765,Missing,,,,,,,,,3,OK,-40.926,206.197,-2041.51,OK,-43.4588,201.757,-2245.87,OK,-63.836,219.275,-2295.11,,,,,,,,,,,,,,,,,,,,
4,,365924956,Port:1,0,1773324349,268826765,50000000,Enabled,0.591365,0.431157,-0.675767,0.0879193,-93.5386,109.832,-1724.32,0.174194,4,OK,-93.3896,109.726,-1724.3,OK,-143.069,101.516,-1724.93,OK,-157.181,54.5665,-1749.3,OK,-92.3131,57.3217,-1753.21,,365924956,Port:2,0,1773324349,268826765,Enabled,0.930124,0.0310729,0.0356684,0.364186,-87.4735,271.275,-1592.33,0.14286,3,OK,-87.3015,271.343,-1592.35,OK,-128.999,241.329,-1589.58,OK,-130.186,317.6,-1587.04,,365924956,Port:3,0,1773324349,268826765,Missing,,,,,,,,,4,Missing,,,,Missing,,,,Missing,,,,Missing,,,,,365924956,Port:65535,0,1773324349,268826765,Missing,,,,,,,,,3,OK,-40.9108,206.189,-2041.4,OK,-43.4472,201.75,-2245.69,OK,-63.8239,219.278,-2295.22,,,,,,,,,,,,,,,,,,,,
4,,365924959,Port:1,0,1773324349,318826765,50000000,Enabled,0.59198,0.411691,-0.68838,0.0787602,-87.6394,111.34,-1725.54,0.161655,4,OK,-87.4676,111.25,-1725.52,OK,-137.483,105.408,-1726.55,OK,-153.652,58.9332,-1750.69,OK,-88.7023,58.5849,-1753.93,,365924959,Port:2,0,1773324349,318826765,Enabled,0.930131,0.0309961,0.0356747,0.364173,-87.4725,271.273,-1592.34,0.143372,3,OK,-87.2984,271.341,-1592.36,OK,-129,241.332,-1589.59,OK,-130.185,317.597,-1587.05,,365924959,Port:3,0,1773324349,318826765,Missing,,,,,,,,,4,Missing,,,,Missing,,,,Missing,,,,Missing,,,,,365924959,Port:65535,0,1773324349,318826765,Missing,,,,,,,,,3,OK,-40.9157,206.196,-2041.58,OK,-43.4543,201.761,-2245.73,OK,-63.831,219.262,-2295.24,,,,,,,,,,,,,,,,,,,,
4,,365924962,Port:1,0,1773324349,368826765,50000000,Enabled,0.592336,0.388747,-0.702516,0.0669765,-80.6317,113.289,-1727.73,0.156245,4,OK,-80.4769,113.187,-1727.73,OK,-130.723,110.206,-1729.19,OK,-149.287,64.522,-1753.12,OK,-84.4165,60.4108,-1755.67,,365924962,Port:2,0,1773324349,368826765,Enabled,0.930148,0.0309636,0.0352213,0.364178,-87.4679,271.276,-1592.32,0.144985,3,OK,-87.2938,271.347,-1592.33,OK,-129,241.331,-1589.61,OK,-130.183,317.604,-1587.06,,365924962,Port:3,0,1773324349,368826765,Missing,,,,,,,,,4,Missing,,,,Missing,,,,Missing,,,,Missing,,,,,365924962,Port:65535,0,1773324349,368826765,Missing,,,,,,,,,3,OK,-40.9235,206.185,-2041.49,OK,-43.4465,201.745,-2245.8,OK,-63.8278,219.272,-2295.09,,,,,,,,,,,,,,,,,,,,
4,,365924965,Port:1,0,1773324349,418826765,50000000,Enabled,0.606342,0.364357,-0.704573,0.0563014,-72.3822,115.632,-1730.45,0.156694,4,OK,-72.237,115.514,-1730.48,OK,-122.581,115.037,-1730.74,OK,-143.947,69.8202,-1753.14,OK,-79.4597,62.376,-1756.94,,365924965,Port:2,0,1773324349,418826765,Enabled,0.930124,0.0309105,0.0355876,0.364208,-87.4697,271.272,-1592.31,0.143583,3,OK,-87.295,271.339,-1592.33,OK,-128.996,241.328,-1589.56,OK,-130.188,317.596,-1587.04,,365924965,Port:3,0,1773324349,418826765,Missing,,,,,,,,,4,Missing,,,,Missing,,,,Missing,,,,Missing,,,,,365924965,Port:65535,0,1773324349,418826765,Missing,,,,,,,,,3,OK,-40.9147,206.19,-2041.54,OK,-43.4547,201.753,-2245.75,OK,-63.8258,219.263,-2295.05,,,,,,,,,,,,,,,,,,,,
4,,365924968,Port:1,0,1773324349,468826765,50000000,Enabled,0.619708,0.348465,-0.701527,0.0489265,-65.1167,117.33,-1732.59,0.170407,4,OK,-64.9797,117.184,-1732.59,OK,-115.299,118.289,-1731.61,OK,-138.623,73.3294,-1752.49,OK,-74.4932,63.855,-1757.88,,365924968,Port:2,0,1773324349,468826765,Enabled,0.930137,0.0312098,0.0352554,0.364182,-87.47,271.271,-1592.32,0.14211,3,OK,-87.2966,271.338,-1592.34,OK,-128.999,241.331,-1589.61,OK,-130.185,317.593,-1587.03,,365924968,Port:3,0,1773324349,468826765,Missing,,,,,,,,,4,Missing,,,,Missing,,,,Missing,,,,Missing,,,,,365924968,Port:65535,0,1773324349,468826765,Missing,,,,,,,,,3,OK,-40.9086,206.195,-2041.33,OK,-43.4516,201.753,-2245.74,OK,-63.8205,219.277,-2295.28,,,,,,,,,,,,,,,,,,,,
4,,365924971,Port:1,0,1773324349,518826765,50000000,Enabled,0.622288,0.335665,-0.705363,0.0504914,-60.5096,118.838,-1735.38,0.161007,4,OK,-60.3796,118.698,-1735.44,OK,-110.667,120.757,-1734.52,OK,-134.77,75.8647,-1754.74,OK,-70.8145,65.0588,-1759.6,,365924971,Port:2,0,1773324349,518826765,Enabled,0.93014,0.0309722,0.0353559,0.364185,-87.4661,271.269,-1592.3,0.144816,3,OK,-87.2906,271.338,-1592.31,OK,-128.997,241.326,-1589.57,OK,-130.182,317.593,-1587.03,,365924971,Port:3,0,1773324349,518826765,Missing,,,,,,,,,4,Missing,,,,Missing,,,,Missing,,,,Missing,,,,,365924971,Port:65535,0,1773324349,518826765,Missing,,,,,,,,,3,OK,-40.9243,206.201,-2041.4,OK,-43.4487,201.76,-2245.82,OK,-63.7776,219.257,-2295.08,,,,,,,,,,,,,,,,,,,,
4,,365924974,Port:1,0,1773324349,568826765,50000000,Enabled,0.622716,0.323016,-0.710138,0.0599035,-57.7219,120.697,-1739.14,0.171475,4,OK,-57.5839,120.545,-1739.16,OK,-107.858,123.077,-1739.06,OK,-132.139,77.8656,-1758.2,OK,-68.2434,66.3695,-1761.96,,365924974,Port:2,0,1773324349,568826765,Enabled,0.930163,0.0308908,0.0352921,0.36414,-87.4746,271.267,-1592.3,0.143508,3,OK,-87.3013,271.335,-1592.32,OK,-129.007,241.325,-1589.58,OK,-130.187,317.599,-1587.04,,365924974,Port:3,0,1773324349,568826765,Missing,,,,,,,,,4,Missing,,,,Missing,,,,Missing,,,,Missing,,,,,365924974,Port:65535,0,1773324349,568826765,Missing,,,,,,,,,3,OK,-40.9146,206.209,-2041.45,OK,-43.4605,201.768,-2245.87,OK,-63.6434,219.273,-2295.47,,,,,,,,,,,,,,,,,,,,
4,,365924977,Port:1,0,1773324349,618826765,50000000,Enabled,0.623447,0.311813,-0.713638,0.0693272,-55.6764,123.007,-1743.36,0.161591,4,OK,-55.5631,122.857,-1743.4,OK,-105.789,125.708,-1743.86,OK,-130.149,80.1584,-1762.06,OK,-66.3175,68.1274,-1764.79,,365924977,Port:2,0,1773324349,618826765,Enabled,0.930157,0.0309765,0.0348334,0.364191,-87.4677,271.273,-1592.29,0.139661,3,OK,-87.2984,271.339,-1592.3,OK,-128.997,241.332,-1589.62,OK,-130.186,317.597,-1587.04,,365924977,Port:3,0,1773324349,618826765,Missing,,,,,,,,,4,Missing,,,,Missing,,,,Missing,,,,Missing,,,,,365924977,Port:65535,0,1773324349,618826765,Missing,,,,,,,,,3,OK,-40.9126,206.183,-2041.42,OK,-43.4376,201.744,-2245.68,OK,-63.5232,219.279,-2295.79,,,,,,,,,,,,,,,,,,,,
4,,365924980,Port:1,0,1773324349,668826765,50000000,Enabled,0.621204,0.29717,-0.72116,0.0756539,-53.4499,125.571,-1747.47,0.163119,4,OK,-53.3151,125.426,-1747.5,OK,-103.486,129.113,-1748.98,OK,-128.324,83.5362,-1766.51,OK,-64.6741,70.3764,-1767.73,,365924980,Port:2,0,1773324349,668826765,Enabled,0.930155,0.0309192,0.0352092,0.364165,-87.466,271.27,-1592.31,0.141817,3,OK,-87.2949,271.339,-1592.32,OK,-128.996,241.33,-1589.59,OK,-130.18,317.597,-1587.05,,365924980,Port:3,0,1773324349,668826765,Missing,,,,,,,,,4,Missing,,,,Missing,,,,Missing,,,,Missing,,,,,365924980,Port:65535,0,1773324349,668826765,Missing,,,,,,,,,2,OK,-40.9307,206.198,-2041.63,OK,-43.4535,201.765,-2245.75,,,,,,,,,,,,,,,,,,,,,,,,
4,,365924983,Port:1,0,1773324349,718826765,50000000,Enabled,0.619892,0.283777,-0.726716,0.0841913,-51.9727,128.031,-1751.55,0.175199,4,OK,-51.8488,127.873,-1751.53,OK,-101.939,132.107,-1754,OK,-127.019,86.3699,-1770.6,OK,-63.544,72.4393,-1770.5,,365924983,Port:2,0,1773324349,718826765,Enabled,0.930135,0.0308469,0.0358403,0.36416,-87.475,271.273,-1592.33,0.141492,3,OK,-87.3074,271.346,-1592.34,OK,-129.001,241.328,-1589.55,OK,-130.182,317.601,-1587.05,,365924983,Port:3,0,1773324349,718826765,Missing,,,,,,,,,4,Missing,,,,Missing,,,,Missing,,,,Missing,,,,,365924983,Port:65535,0,1773324349,718826765,Missing,,,,,,,,,2,OK,-40.9311,206.2,-2041.5,OK,-43.4544,201.762,-2245.74,,,,,,,,,,,,,,,,,,,,,,,,
4,,365924986,Port:1,0,1773324349,768826765,50000000,Enabled,0.616957,0.274904,-0.730952,0.0974729,-52.6409,129.998,-1755.65,0.170846,4,OK,-52.513,129.841,-1755.69,OK,-102.567,133.905,-1759.08,OK,-127.256,87.6823,-1774.96,OK,-63.783,73.875,-1773.21,,365924986,Port:2,0,1773324349,768826765,Enabled,0.930153,0.0309905,0.0354185,0.364143,-87.4754,271.268,-1592.33,0.141422,3,OK,-87.3035,271.333,-1592.34,OK,-129.004,241.329,-1589.6,OK,-130.187,317.599,-1587.05,,365924986,Port:3,0,1773324349,768826765,Missing,,,,,,,,,4,Missing,,,,Missing,,,,Missing,,,,Missing,,,,,365924986,Port:65535,0,1773324349,768826765,Missing,,,,,,,,,2,OK,-40.9318,206.191,-2041.49,OK,-43.4528,201.753,-2245.72,,,,,,,,,,,,,,,,,,,,,,,,
4,,365924989,Port:1,0,1773324349,818826765,50000000,Enabled,0.610761,0.278309,-0.73312,0.109776,-56.1243,130.651,-1757.1,0.16576,4,OK,-56.0014,130.5,-1757.13,OK,-106.037,133.509,-1761.45,OK,-129.509,86.6438,-1777.3,OK,-65.8296,74.1466,-1774.29,,365924989,Port:2,0,1773324349,818826765,Enabled,0.930169,0.030956,0.0348187,0.364163,-87.4638,271.272,-1592.29,0.142015,3,OK,-87.2911,271.338,-1592.31,OK,-128.997,241.333,-1589.62,OK,-130.181,317.6,-1587.05,,365924989,Port:3,0,1773324349,818826765,Missing,,,,,,,,,4,Missing,,,,Missing,,,,Missing,,,,Missing,,,,,365924989,Port:65535,0,1773324349,818826765,Missing,,,,,,,,,2,OK,-40.9007,206.209,-2041.56,OK,-43.4473,201.769,-2245.97,,,,,,,,,,,,,,,,,,,,,,,,
4,,365924992,Port:1,0,1773324349,868826765,50000000,Enabled,0.603687,0.291492,-0.73207,0.121114,-61.3348,129.884,-1756.61,0.172815,4,OK,-61.1973,129.734,-1756.62,OK,-111.274,130.997,-1761.6,OK,-132.865,83.3865,-1777.85,OK,-68.8148,73.1286,-1774.1,,365924992,Port:2,0,1773324349,868826765,Enabled,0.930159,0.0307208,0.0352726,0.364165,-87.4719,271.276,-1592.33,0.142067,3,OK,-87.3017,271.345,-1592.34,OK,-129.001,241.332,-1589.6,OK,-130.186,317.608,-1587.09,,365924992,Port:3,0,1773324349,868826765,Missing,,,,,,,,,4,Missing,,,,Missing,,,,Missing,,,,Missing,,,,,365924992,Port:65535,0,1773324349,868826765,Missing,,,,,,,,,3,OK,-40.9156,206.186,-2041.45,OK,-43.4529,201.749,-2245.64,OK,-63.7158,219.271,-2295.23,,,,,,,,,,,,,,,,,,,,
4,,365924995,Port:1,0,1773324349,918826765,50000000,Enabled,0.597791,0.307027,-0.728593,0.132412,-66.9573,128.648,-1755.78,0.162603,4,OK,-66.8203,128.514,-1755.82,OK,-116.853,127.796,-1761.11,OK,-136.431,79.4431,-1777.78,OK,-72.0414,71.7189,-1773.58,,365924995,Port:2,0,1773324349,918826765,Enabled,0.93014,0.0308853,0.0356222,0.364165,-87.4726,271.273,-1592.33,0.144144,3,OK,-87.2979,271.34,-1592.35,OK,-129.001,241.329,-1589.58,OK,-130.187,317.604,-1587.06,,365924995,Port:3,0,1773324349,918826765,Missing,,,,,,,,,4,Missing,,,,Missing,,,,Missing,,,,Missing,,,,,365924995,Port:65535,0,1773324349,918826765,Missing,,,,,,,,,3,OK,-40.9141,206.194,-2041.49,OK,-43.455,201.757,-2245.68,OK,-63.8143,219.243,-2295.03,,,,,,,,,,,,,,,,,,,,
4,,365924998,Port:1,0,1773324349,968826765,50000000,Enabled,0.59143,0.323262,-0.724579,0.143866,-72.5997,126.958,-1755.14,0.148244,4,OK,-72.461,126.848,-1755.16,OK,-122.379,124.09,-1760.84,OK,-139.799,75.0273,-1777.91,OK,-75.2003,69.9416,-1773.3,,365924998,Port:2,0,1773324349,968826765,Enabled,0.93013,0.0308762,0.0356924,0.364186,-87.4686,271.275,-1592.32,0.144588,3,OK,-87.2957,271.346,-1592.34,OK,-128.996,241.327,-1589.56,OK,-130.182,317.604,-1587.05,,365924998,Port:3,0,1773324349,968826765,Missing,,,,,,,,,4,Missing,,,,Missing,,,,Missing,,,,Missing,,,,,365924998,Port:65535,0,1773324349,968826765,Missing,,,,,,,,,3,OK,-40.9209,206.185,-2041.41,OK,-43.4485,201.746,-2245.69,OK,-63.8115,219.266,-2295.17,,,,,,,,,,,,,,,,,,,,
4,,365925001,Port:1,0,1773324350,18826765,50000000,Enabled,0.585899,0.341737,-0.717482,0.158613,-78.5283,124.799,-1754.59,0.167771,4,OK,-78.3907,124.669,-1754.6,OK,-128.085,119.422,-1760.52,OK,-142.922,69.6231,-1777.7,OK,-78.1865,67.783,-1772.87,,365925001,Port:2,0,1773324350,18826765,Enabled,0.93017,0.0308195,0.0353601,0.364121,-87.4762,271.268,-1592.31,0.141257,3,OK,-87.3055,271.335,-1592.32,OK,-129.007,241.33,-1589.58,OK,-130.186,317.603,-1587.05,,365925001,Port:3,0,1773324350,18826765,Missing,,,,,,,,,4,Missing,,,,Missing,,,,Missing,,,,Missing,,,,,365925001,Port:65535,0,1773324350,18826765,Missing,,,,,,,,,3,OK,-40.9284,206.192,-2041.54,OK,-43.4646,201.755,-2245.76,OK,-63.825,219.277,-2295.13,,,,,,,,,,,,,,,,,,,,
4,,365925004,Port:1,0,1773324350,68826765,50000000,Enabled,0.578954,0.362875,-0.709166,0.173833,-84.3375,121.97,-1753.88,0.166816,4,OK,-84.1797,121.858,-1753.95,OK,-133.492,113.857,-1759.95,OK,-145.465,63.377,-1777.57,OK,-80.7309,65.1583,-1772.39,,365925004,Port:2,0,1773324350,68826765,Enabled,0.930162,0.0308033,0.0353067,0.364146,-87.472,271.264,-1592.28,0.145686,3,OK,-87.295,271.332,-1592.3,OK,-129.006,241.325,-1589.56,OK,-130.186,317.594,-1587.03,,365925004,Port:3,0,1773324350,68826765,Missing,,,,,,,,,4,Missing,,,,Missing,,,,Missing,,,,Missing,,,,,365925004,Port:65535,0,1773324350,68826765,Missing,,,,,,,,,3,OK,-40.9186,206.193,-2041.48,OK,-43.4513,201.757,-2245.67,OK,-63.8175,219.264,-2295.17,,,,,,,,,,,,,,,,,,,,
4,,365925007,Port:1,0,1773324350,118826766,50000001,Enabled,0.573771,0.384286,-0.698672,0.186996,-89.3587,118.902,-1752.91,0.167357,4,OK,-89.2009,118.794,-1752.96,OK,-138.021,108.132,-1758.93,OK,-147.236,57.198,-1776.8,OK,-82.6723,62.482,-1771.8,,365925007,Port:2,0,1773324350,118826766,Enabled,0.930153,0.0306898,0.0353595,0.364175,-87.4662,271.27,-1592.3,0.140947,3,OK,-87.2959,271.336,-1592.31,OK,-128.993,241.327,-1589.57,OK,-130.183,317.603,-1587.06,,365925007,Port:3,0,1773324350,118826766,Missing,,,,,,,,,4,Missing,,,,Missing,,,,Missing,,,,Missing,,,,,365925007,Port:65535,0,1773324350,118826766,Missing,,,,,,,,,3,OK,-40.9142,206.199,-2041.42,OK,-43.4525,201.758,-2245.82,OK,-63.8321,219.261,-2295.02,,,,,,,,,,,,,,,,,,,,
4,,365925010,Port:1,0,1773324350,168826766,50000000,Enabled,0.565127,0.405034,-0.691774,0.195007,-93.6195,115.527,-1751.26,0.162581,4,OK,-93.4642,115.426,-1751.32,OK,-141.704,102.606,-1757.6,OK,-148.503,51.5917,-1776.35,OK,-84.259,59.805,-1771.07,,365925010,Port:2,0,1773324350,168826766,Enabled,0.930116,0.031132,0.0358491,0.364185,-87.4729,271.274,-1592.35,0.144841,3,OK,-87.2999,271.347,-1592.36,OK,-129.001,241.328,-1589.58,OK,-130.182,317.594,-1587.04,,365925010,Port:3,0,1773324350,168826766,Missing,,,,,,,,,4,Missing,,,,Missing,,,,Missing,,,,Missing,,,,,365925010,Port:65535,0,1773324350,168826766,Missing,,,,,,,,,3,OK,-40.9304,206.186,-2041.46,OK,-43.4602,201.747,-2245.74,OK,-63.8323,219.267,-2295.13,,,,,,,,,,,,,,,,,,,,
4,,365925013,Port:1,0,1773324350,218826765,49999999,Enabled,0.561853,0.422665,-0.682223,0.200615,-96.8012,112.541,-1749.48,0.145777,4,OK,-96.6496,112.464,-1749.5,OK,-144.383,97.8054,-1755.58,OK,-149.317,46.736,-1774.8,OK,-85.4165,57.4378,-1770.01,,365925013,Port:2,0,1773324350,218826765,Enabled,0.930146,0.0307908,0.0354688,0.364174,-87.4723,271.271,-1592.31,0.143132,3,OK,-87.3014,271.342,-1592.33,OK,-129.001,241.326,-1589.57,OK,-130.185,317.6,-1587.06,,365925013,Port:3,0,1773324350,218826765,Missing,,,,,,,,,4,Missing,,,,Missing,,,,Missing,,,,Missing,,,,,365925013,Port:65535,0,1773324350,218826765,Missing,,,,,,,,,3,OK,-40.9143,206.211,-2041.63,OK,-43.4602,201.775,-2245.92,OK,-63.8272,219.243,-2294.97,,,,,,,,,,,,,,,,,,,,
4,,365925016,Port:1,0,1773324350,268826765,50000000,Enabled,0.560492,0.43693,-0.673346,0.203829,-99.1733,109.897,-1747.66,0.163506,4,OK,-99.0215,109.804,-1747.75,OK,-146.348,93.7296,-1753.34,OK,-149.892,42.7415,-1773.06,OK,-86.313,55.3717,-1768.81,,365925016,Port:2,0,1773324350,268826765,Enabled,0.930154,0.0310995,0.0351711,0.364157,-87.4671,271.27,-1592.31,0.143535,3,OK,-87.2925,271.337,-1592.32,OK,-129,241.331,-1589.61,OK,-130.181,317.596,-1587.03,,365925016,Port:3,0,1773324350,268826765,Missing,,,,,,,,,4,Missing,,,,Missing,,,,Missing,,,,Missing,,,,,365925016,Port:65535,0,1773324350,268826765,Missing,,,,,,,,,3,OK,-40.9218,206.179,-2041.38,OK,-43.4575,201.737,-2245.77,OK,-63.8214,219.263,-2295.11,,,,,,,,,,,,,,,,,,,,
4,,365925019,Port:1,0,1773324350,318826765,50000000,Enabled,0.559714,0.447808,-0.665899,0.206803,-101.117,107.771,-1746.2,0.150111,4,OK,-100.976,107.688,-1746.28,OK,-147.929,90.4886,-1751.55,OK,-150.394,39.5134,-1771.54,OK,-87.086,53.6887,-1767.8,,365925019,Port:2,0,1773324350,318826765,Enabled,0.930127,0.0307724,0.0354987,0.36422,-87.4711,271.269,-1592.31,0.145159,3,OK,-87.2967,271.338,-1592.33,OK,-128.998,241.318,-1589.57,OK,-130.19,317.597,-1587.06,,365925019,Port:3,0,1773324350,318826765,Missing,,,,,,,,,4,Missing,,,,Missing,,,,Missing,,,,Missing,,,,,365925019,Port:65535,0,1773324350,318826765,Missing,,,,,,,,,3,OK,-40.9206,206.195,-2041.46,OK,-43.4527,201.757,-2245.73,OK,-63.8216,219.269,-2295.1,,,,,,,,,,,,,,,,,,,,
4,,365925022,Port:1,0,1773324350,368826766,50000001,Enabled,0.55589,0.453593,-0.664888,0.207759,-102.764,106.087,-1744.95,0.143011,4,OK,-102.616,106.021,-1745.01,OK,-149.368,88.3308,-1750.56,OK,-151.201,37.4772,-1770.96,OK,-88.0831,52.335,-1766.96,,365925022,Port:2,0,1773324350,368826766,Enabled,0.930139,0.0309784,0.035403,0.364181,-87.4717,271.271,-1592.31,0.142137,3,OK,-87.2998,271.339,-1592.32,OK,-129,241.329,-1589.58,OK,-130.186,317.596,-1587.03,,365925022,Port:3,0,1773324350,368826766,Missing,,,,,,,,,4,Missing,,,,Missing,,,,Missing,,,,Missing,,,,,365925022,Port:65535,0,1773324350,368826766,Missing,,,,,,,,,3,OK,-40.9274,206.204,-2041.59,OK,-43.4694,201.768,-2245.86,OK,-63.8256,219.268,-2295.17,,,,,,,,,,,,,,,,,,,,
4,,365925025,Port:1,0,1773324350,418826765,49999999,Enabled,0.552655,0.458213,-0.662976,0.21231,-104.925,104.58,-1744.34,0.151464,4,OK,-104.768,104.51,-1744.39,OK,-151.254,86.1591,-1750.19,OK,-152.258,35.3276,-1770.63,OK,-89.3858,51.0769,-1766.36,,365925025,Port:2,0,1773324350,418826765,Enabled,0.930152,0.0310333,0.035446,0.364139,-87.4696,271.264,-1592.3,0.142336,3,OK,-87.2952,271.328,-1592.31,OK,-128.999,241.327,-1589.56,OK,-130.182,317.595,-1587.01,,365925025,Port:3,0,1773324350,418826765,Missing,,,,,,,,,4,Missing,,,,Missing,,,,Missing,,,,Missing,,,,,365925025,Port:65535,0,1773324350,418826765,Missing,,,,,,,,,3,OK,-40.9058,206.205,-2041.57,OK,-43.4456,201.769,-2245.75,OK,-63.8289,219.266,-2294.99,,,,,,,,,,,,,,,,,,,,
4,,365925028,Port:1,0,1773324350,468826765,50000000,Enabled,0.54795,0.463508,-0.661101,0.218764,-107.65,102.956,-1743.84,0.148421,4,OK,-107.49,102.893,-1743.88,OK,-153.591,83.7175,-1750.08,OK,-153.535,32.8852,-1770.55,OK,-90.9858,49.7602,-1765.79,,365925028,Port:2,0,1773324350,468826765,Enabled,0.93014,0.0309373,0.0354604,0.364177,-87.4678,271.269,-1592.33,0.145428,3,OK,-87.2915,271.338,-1592.34,OK,-128.998,241.325,-1589.59,OK,-130.183,317.597,-1587.05,,365925028,Port:3,0,1773324350,468826765,Missing,,,,,,,,,4,Missing,,,,Missing,,,,Missing,,,,Missing,,,,,365925028,Port:65535,0,1773324350,468826765,Missing,,,,,,,,,3,OK,-40.9035,206.182,-2041.39,OK,-43.4459,201.742,-2245.67,OK,-63.8177,219.262,-2295.04,,,,,,,,,,,,,,,,,,,,
4,,365925031,Port:1,0,1773324350,518826765,50000000,Enabled,0.540436,0.471208,-0.659478,0.225788,-111.199,100.601,-1743.16,0.152384,4,OK,-111.054,100.534,-1743.24,OK,-156.611,80.3544,-1749.98,OK,-155.178,29.6782,-1770.79,OK,-93.0779,47.9127,-1765.16,,365925031,Port:2,0,1773324350,518826765,Enabled,0.930137,0.0310295,0.0355483,0.364169,-87.4737,271.272,-1592.33,0.145655,3,OK,-87.3003,271.344,-1592.35,OK,-129.005,241.324,-1589.59,OK,-130.184,317.599,-1587.04,,365925031,Port:3,0,1773324350,518826765,Missing,,,,,,,,,4,Missing,,,,Missing,,,,Missing,,,,Missing,,,,,365925031,Port:65535,0,1773324350,518826765,Missing,,,,,,,,,3,OK,-40.9228,206.184,-2041.45,OK,-43.4547,201.743,-2245.8,OK,-63.8145,219.265,-2295.11,,,,,,,,,,,,,,,,,,,,
4,,365925034,Port:1,0,1773324350,568826765,50000000,Enabled,0.531637,0.481382,-0.657053,0.232197,-115.42,97.336,-1741.95,0.148358,4,OK,-115.265,97.2856,-1742.03,OK,-160.209,75.9727,-1749.43,OK,-157.202,25.5272,-1770.73,OK,-95.6811,45.3626,-1764.27,,365925034,Port:2,0,1773324350,568826765,Enabled,0.930157,0.0308767,0.0351241,0.364171,-87.4695,271.272,-1592.3,0.144223,3,OK,-87.294,271.339,-1592.31,OK,-129.002,241.33,-1589.59,OK,-130.187,317.6,-1587.05,,365925034,Port:3,0,1773324350,568826765,Missing,,,,,,,,,4,Missing,,,,Missing,,,,Missing,,,,Missing,,,,,365925034,Port:65535,0,1773324350,568826765,Missing,,,,,,,,,3,OK,-40.9281,206.191,-2041.52,OK,-43.4676,201.754,-2245.74,OK,-63.8075,219.25,-2294.91,,,,,,,,,,,,,,,,,,,,
4,,365925037,Port:1,0,1773324350,618826766,50000001,Enabled,0.522299,0.49554,-0.651553,0.239002,-120.314,92.9882,-1740.2,0.152282,4,OK,-120.174,92.925,-1740.29,OK,-164.26,70.1388,-1748.24,OK,-159.33,20.1458,-1770.13,OK,-98.6085,42.0307,-1763.03,,365925037,Port:2,0,1773324350,618826766,Enabled,0.93015,0.0309521,0.0350768,0.364188,-87.4671,271.274,-1592.3,0.141788,3,OK,-87.2959,271.341,-1592.32,OK,-128.996,241.33,-1589.61,OK,-130.185,317.601,-1587.05,,365925037,Port:3,0,1773324350,618826766,Missing,,,,,,,,,4,Missing,,,,Missing,,,,Missing,,,,Missing,,,,,365925037,Port:65535,0,1773324350,618826766,Missing,,,,,,,,,3,OK,-40.9325,206.192,-2041.43,OK,-43.4567,201.754,-2245.68,OK,-63.8229,219.266,-2295.15,,,,,,,,,,,,,,,,,,,,
4,,365925040,Port:1,0,1773324350,668826765,49999999,Enabled,0.512849,0.514218,-0.642621,0.24414,-124.897,87.6765,-1737.64,0.12773,4,OK,-124.764,87.63,-1737.66,OK,-167.825,63.1392,-1746.14,OK,-160.765,13.7359,-1768.81,OK,-101.05,38.1048,-1761.45,,365925040,Port:2,0,1773324350,668826765,Enabled,0.930158,0.0311222,0.0350798,0.364151,-87.471,271.271,-1592.3,0.14118,3,OK,-87.2999,271.338,-1592.31,OK,-129.002,241.332,-1589.6,OK,-130.184,317.597,-1587.02,,365925040,Port:3,0,1773324350,668826765,Missing,,,,,,,,,4,Missing,,,,Missing,,,,Missing,,,,Missing,,,,,365925040,Port:65535,0,1773324350,668826765,Missing,,,,,,,,,3,OK,-40.9391,206.2,-2041.45,OK,-43.4633,201.761,-2245.8,OK,-63.8185,219.292,-2295.19,,,,,,,,,,,,,,,,,,,,
4,,365925043,Port:1,0,1773324350,718826765,50000000,Enabled,0.508465,0.529193,-0.631658,0.249852,-128.562,82.9203,-1735.58,0.123991,4,OK,-128.432,82.8902,-1735.61,OK,-170.582,56.8094,-1743.92,OK,-161.778,7.87388,-1767.06,OK,-102.987,34.4591,-1759.9,,365925043,Port:2,0,1773324350,718826765,Enabled,0.930159,0.0308225,0.0351984,0.364164,-87.4697,271.269,-1592.29,0.137734,3,OK,-87.3034,271.334,-1592.31,OK,-128.995,241.328,-1589.58,OK,-130.184,317.602,-1587.05,,365925043,Port:3,0,1773324350,718826765,Missing,,,,,,,,,4,Missing,,,,Missing,,,,Missing,,,,Missing,,,,,365925043,Port:65535,0,1773324350,718826765,Missing,,,,,,,,,3,OK,-40.9385,206.204,-2041.49,OK,-43.4629,201.765,-2245.84,OK,-63.8355,219.277,-2295.22,,,,,,,,,,,,,,,,,,,,
4,,365925046,Port:1,0,1773324350,768826765,50000000,Enabled,0.505649,0.542503,-0.620282,0.255461,-131.17,78.62,-1733.78,0.121853,4,OK,-131.038,78.6036,-1733.81,OK,-172.305,51.0507,-1741.86,OK,-161.943,2.53116,-1765.27,OK,-104.077,31.1924,-1758.51,,365925046,Port:2,0,1773324350,768826765,Enabled,0.930151,0.0306692,0.0355188,0.364166,-87.4695,271.271,-1592.31,0.142131,3,OK,-87.2973,271.338,-1592.32,OK,-128.997,241.33,-1589.56,OK,-130.185,317.603,-1587.07,,365925046,Port:3,0,1773324350,768826765,Missing,,,,,,,,,4,Missing,,,,Missing,,,,Missing,,,,Missing,,,,,365925046,Port:65535,0,1773324350,768826765,Missing,,,,,,,,,3,OK,-40.9209,206.203,-2041.54,OK,-43.4472,201.765,-2245.87,OK,-63.8281,219.255,-2295.03,,,,,,,,,,,,,,,,,,,,
4,,365925049,Port:1,0,1773324350,818826765,50000000,Enabled,0.506623,0.55237,-0.60936,0.258654,-132.268,75.4856,-1732.04,0.13629,4,OK,-132.126,75.4421,-1732.09,OK,-172.75,46.8009,-1739.54,OK,-161.432,-1.40873,-1763.06,OK,-104.262,28.8103,-1757.11,,365925049,Port:2,0,1773324350,818826765,Enabled,0.930153,0.0310861,0.0352799,0.36415,-87.4749,271.273,-1592.33,0.142759,3,OK,-87.3017,271.34,-1592.34,OK,-129.006,241.334,-1589.61,OK,-130.187,317.6,-1587.04,,365925049,Port:3,0,1773324350,818826765,Missing,,,,,,,,,4,Missing,,,,Missing,,,,Missing,,,,Missing,,,,,365925049,Port:65535,0,1773324350,818826765,Missing,,,,,,,,,3,OK,-40.9233,206.195,-2041.45,OK,-43.4667,201.756,-2245.76,OK,-63.808,219.274,-2295.24,,,,,,,,,,,,,,,,,,,,
4,,365925052,Port:1,0,1773324350,868826766,50000001,Enabled,0.508978,0.558929,-0.60252,0.25595,-132.317,73.5567,-1730.14,0.136297,4,OK,-132.165,73.5432,-1730.2,OK,-172.585,44.426,-1737.09,OK,-161.098,-3.57538,-1761.01,OK,-104.183,27.3002,-1755.83,,365925052,Port:2,0,1773324350,868826766,Enabled,0.930164,0.0307328,0.0353423,0.364144,-87.4729,271.277,-1592.31,0.145655,3,OK,-87.2973,271.346,-1592.33,OK,-129.007,241.334,-1589.58,OK,-130.186,317.612,-1587.07,,365925052,Port:3,0,1773324350,868826766,Missing,,,,,,,,,4,Missing,,,,Missing,,,,Missing,,,,Missing,,,,,365925052,Port:65535,0,1773324350,868826766,Missing,,,,,,,,,3,OK,-40.9231,206.184,-2041.5,OK,-43.4595,201.745,-2245.74,OK,-63.8194,219.272,-2295.13,,,,,,,,,,,,,,,,,,,,
4,,365925055,Port:1,0,1773324350,918826765,49999999,Enabled,0.510821,0.564721,-0.5965,0.253653,-132.615,71.8335,-1728.68,0.137418,4,OK,-132.47,71.8184,-1728.77,OK,-172.682,42.3212,-1735.14,OK,-161.017,-5.49361,-1759.45,OK,-104.344,25.9576,-1754.92,,365925055,Port:2,0,1773324350,918826765,Enabled,0.930124,0.031254,0.0353935,0.364196,-87.4735,271.277,-1592.34,0.139688,3,OK,-87.3069,271.348,-1592.35,OK,-128.999,241.333,-1589.61,OK,-130.184,317.593,-1587.03,,365925055,Port:3,0,1773324350,918826765,Missing,,,,,,,,,4,Missing,,,,Missing,,,,Missing,,,,Missing,,,,,365925055,Port:65535,0,1773324350,918826765,Missing,,,,,,,,,3,OK,-40.9124,206.204,-2041.45,OK,-43.4556,201.765,-2245.78,OK,-63.8139,219.254,-2295.08,,,,,,,,,,,,,,,,,,,,
4,,365925058,Port:1,0,1773324350,968826765,50000000,Enabled,0.511489,0.57179,-0.58741,0.257652,-134.1,69.587,-1727.62,0.144811,4,OK,-133.948,69.5798,-1727.72,OK,-173.545,39.1547,-1733.62,OK,-161.051,-8.45662,-1757.92,OK,-105.045,24.2887,-1753.97,,365925058,Port:2,0,1773324350,968826765,Enabled,0.930165,0.030484,0.0354879,0.364148,-87.4699,271.265,-1592.29,0.141721,3,OK,-87.2979,271.33,-1592.3,OK,-128.998,241.324,-1589.54,OK,-130.186,317.604,-1587.07,,365925058,Port:3,0,1773324350,968826765,Missing,,,,,,,,,4,Missing,,,,Missing,,,,Missing,,,,Missing,,,,,365925058,Port:65535,0,1773324350,968826765,Missing,,,,,,,,,3,OK,-40.9221,206.197,-2041.45,OK,-43.4525,201.758,-2245.79,OK,-63.8322,219.271,-2295.15,,,,,,,,,,,,,,,,,,,,
4,,365925061,Port:1,0,1773324351,18826767,50000002,Enabled,0.512388,0.58239,-0.574008,0.262289,-136.075,66.5358,-1726.32,0.146821,4,OK,-135.933,66.5306,-1726.42,OK,-174.621,34.8489,-1731.63,OK,-160.953,-12.4135,-1756.03,OK,-105.96,22.1099,-1752.99,,365925061,Port:2,0,1773324351,18826767,Enabled,0.930125,0.0311503,0.0356608,0.364177,-87.4732,271.278,-1592.35,0.145891,3,OK,-87.2969,271.348,-1592.36,OK,-129.003,241.333,-1589.6,OK,-130.186,317.604,-1587.04,,365925061,Port:3,0,1773324351,18826767,Missing,,,,,,,,,4,Missing,,,,Missing,,,,Missing,,,,Missing,,,,,365925061,Port:65535,0,1773324351,18826767,Missing,,,,,,,,,3,OK,-40.914,206.198,-2041.5,OK,-43.4492,201.762,-2245.65,OK,-63.8204,219.274,-2295.09,,,,,,,,,,,,,,,,,,,,
4,,365925064,Port:1,0,1773324351,68826767,50000000,Enabled,0.512572,0.591642,-0.563265,0.264504,-137.262,63.6498,-1724.56,0.150075,4,OK,-137.104,63.6412,-1724.66,OK,-175.06,30.9873,-1729.43,OK,-160.543,-15.8746,-1754.02,OK,-106.406,20.0447,-1751.7,,365925064,Port:2,0,1773324351,68826767,Enabled,0.930144,0.0310442,0.0354509,0.364158,-87.4745,271.272,-1592.34,0.141378,3,OK,-87.3031,271.341,-1592.35,OK,-129.004,241.336,-1589.61,OK,-130.185,317.592,-1587.06,,365925064,Port:3,0,1773324351,68826767,Missing,,,,,,,,,4,Missing,,,,Missing,,,,Missing,,,,Missing,,,,,365925064,Port:65535,0,1773324351,68826767,Missing,,,,,,,,,3,OK,-40.9184,206.194,-2041.42,OK,-43.4481,201.755,-2245.73,OK,-63.8078,219.279,-2295.27,,,,,,,,,,,,,,,,,,,,
4,,365925067,Port:1,0,1773324351,118826766,49999999,Enabled,0.514652,0.59829,-0.555123,0.262719,-137.244,61.7438,-1722.89,0.140891,4,OK,-137.098,61.749,-1722.97,OK,-174.675,28.58,-1727.21,OK,-159.859,-18.0586,-1752.14,OK,-106.201,18.6126,-1750.65,,365925067,Port:2,0,1773324351,118826766,Enabled,0.93013,0.0310829,0.0353209,0.364205,-87.4709,271.27,-1592.32,0.141857,3,OK,-87.3012,271.339,-1592.33,OK,-128.997,241.322,-1589.6,OK,-130.186,317.595,-1587.04,,365925067,Port:3,0,1773324351,118826766,Missing,,,,,,,,,4,Missing,,,,Missing,,,,Missing,,,,Missing,,,,,365925067,Port:65535,0,1773324351,118826766,Missing,,,,,,,,,3,OK,-40.9267,206.197,-2041.53,OK,-43.4598,201.76,-2245.75,OK,-63.8344,219.271,-2295.15,,,,,,,,,,,,,,,,,,,,
4,,365925070,Port:1,0,1773324351,168826766,50000000,Enabled,0.517762,0.601678,-0.550423,0.258727,-136.069,60.8831,-1721.3,0.150017,4,OK,-135.927,60.8744,-1721.41,OK,-173.435,27.588,-1725.1,OK,-158.832,-18.944,-1750.37,OK,-105.279,17.9219,-1749.57,,365925070,Port:2,0,1773324351,168826766,Enabled,0.930165,0.0308803,0.0351081,0.364152,-87.474,271.275,-1592.32,0.141258,3,OK,-87.303,271.343,-1592.33,OK,-129.005,241.337,-1589.61,OK,-130.188,317.605,-1587.07,,365925070,Port:3,0,1773324351,168826766,Missing,,,,,,,,,4,Missing,,,,Missing,,,,Missing,,,,Missing,,,,,365925070,Port:65535,0,1773324351,168826766,Missing,,,,,,,,,3,OK,-40.9133,206.199,-2041.67,OK,-43.4651,201.766,-2245.81,OK,-63.8249,219.252,-2294.98,,,,,,,,,,,,,,,,,,,,
4,,365925073,Port:1,0,1773324351,218826767,50000001,Enabled,0.524381,0.604784,-0.543416,0.252903,-134.287,60.457,-1719.55,0.15131,4,OK,-134.153,60.4726,-1719.66,OK,-171.665,27.0761,-1722.4,OK,-157.515,-19.4942,-1747.94,OK,-104.046,17.4912,-1748.45,,365925073,Port:2,0,1773324351,218826767,Enabled,0.930167,0.0308779,0.0351839,0.36414,-87.4679,271.269,-1592.29,0.145141,3,OK,-87.2921,271.338,-1592.31,OK,-129.003,241.329,-1589.58,OK,-130.181,317.6,-1587.04,,365925073,Port:3,0,1773324351,218826767,Missing,,,,,,,,,4,Missing,,,,Missing,,,,Missing,,,,Missing,,,,,365925073,Port:65535,0,1773324351,218826767,Missing,,,,,,,,,3,OK,-40.9176,206.192,-2041.54,OK,-43.4487,201.754,-2245.81,OK,-63.8097,219.253,-2295.07,,,,,,,,,,,,,,,,,,,,
4,,365925076,Port:1,0,1773324351,268826767,50000000,Enabled,0.530262,0.608789,-0.535168,0.248582,-132.719,59.5939,-1717.72,0.158361,4,OK,-132.576,59.5899,-1717.84,OK,-169.933,25.9472,-1719.67,OK,-156.039,-20.5813,-1745.39,OK,-102.822,16.7875,-1747.19,,365925076,Port:2,0,1773324351,268826767,Enabled,0.930148,0.031091,0.0352157,0.364167,-87.4665,271.272,-1592.31,0.141377,3,OK,-87.2948,271.338,-1592.32,OK,-128.995,241.331,-1589.6,OK,-130.181,317.599,-1587.03,,365925076,Port:3,0,1773324351,268826767,Missing,,,,,,,,,4,Missing,,,,Missing,,,,Missing,,,,Missing,,,,,365925076,Port:65535,0,1773324351,268826767,Missing,,,,,,,,,3,OK,-40.9056,206.2,-2041.36,OK,-43.4397,201.759,-2245.73,OK,-63.816,219.264,-2295.18,,,,,,,,,,,,,,,,,,,,
4,,365925079,Port:1,0,1773324351,318826766,49999999,Enabled,0.535481,0.611674,-0.526692,0.248417,-131.814,58.6013,-1716.48,0.150379,4,OK,-131.677,58.6055,-1716.58,OK,-168.699,24.5605,-1717.58,OK,-154.708,-22.025,-1743.17,OK,-101.942,15.8833,-1746.13,,365925079,Port:2,0,1773324351,318826766,Enabled,0.930152,0.0306878,0.0353731,0.364175,-87.4735,271.278,-1592.31,0.14051,3,OK,-87.3051,271.345,-1592.32,OK,-129,241.333,-1589.57,OK,-130.188,317.611,-1587.07,,365925079,Port:3,0,1773324351,318826766,Missing,,,,,,,,,4,Missing,,,,Missing,,,,Missing,,,,Missing,,,,,365925079,Port:65535,0,1773324351,318826766,Missing,,,,,,,,,3,OK,-40.9182,206.211,-2041.45,OK,-43.4688,201.772,-2245.78,OK,-63.8298,219.271,-2295.15,,,,,,,,,,,,,,,,,,,,
4,,365925082,Port:1,0,1773324351,368826766,50000000,Enabled,0.542242,0.61417,-0.514865,0.252355,-131.346,57.4712,-1715.59,0.154139,4,OK,-131.197,57.4601,-1715.69,OK,-167.624,22.7651,-1715.57,OK,-153.21,-23.9671,-1740.65,OK,-101.192,14.8521,-1745.06,,365925082,Port:2,0,1773324351,368826766,Enabled,0.930143,0.0308326,0.0355014,0.364175,-87.4696,271.273,-1592.32,0.14665,3,OK,-87.2923,271.342,-1592.34,OK,-129.001,241.327,-1589.58,OK,-130.186,317.604,-1587.06,,365925082,Port:3,0,1773324351,368826766,Missing,,,,,,,,,4,Missing,,,,Missing,,,,Missing,,,,Missing,,,,,365925082,Port:65535,0,1773324351,368826766,Missing,,,,,,,,,3,OK,-40.9262,206.194,-2041.47,OK,-43.4585,201.754,-2245.82,OK,-63.8219,219.246,-2295,,,,,,,,,,,,,,,,,,,,
4,,365925085,Port:1,0,1773324351,418826766,50000000,Enabled,0.549102,0.616793,-0.502414,0.256191,-130.791,56.3789,-1714.76,0.172069,4,OK,-130.639,56.3671,-1714.89,OK,-166.408,20.99,-1713.56,OK,-151.563,-25.8343,-1738.17,OK,-100.326,13.8767,-1744.07,,365925085,Port:2,0,1773324351,418826766,Enabled,0.930161,0.0308051,0.035264,0.364154,-87.4735,271.274,-1592.31,0.143738,3,OK,-87.3011,271.344,-1592.33,OK,-129.006,241.332,-1589.59,OK,-130.186,317.603,-1587.07,,365925085,Port:3,0,1773324351,418826766,Missing,,,,,,,,,4,Missing,,,,Missing,,,,Missing,,,,Missing,,,,,365925085,Port:65535,0,1773324351,418826766,Missing,,,,,,,,,3,OK,-40.907,206.206,-2041.59,OK,-43.4506,201.768,-2245.95,OK,-63.8287,219.266,-2295.16,,,,,,,,,,,,,,,,,,,,
4,,365925088,Port:1,0,1773324351,468826767,50000001,Enabled,0.553273,0.620789,-0.49348,0.254926,-129.747,55.1332,-1713.18,0.166586,4,OK,-129.599,55.1209,-1713.3,OK,-164.931,19.3518,-1711.22,OK,-149.972,-27.4133,-1735.88,OK,-99.3113,12.8587,-1742.86,,365925088,Port:2,0,1773324351,468826767,Enabled,0.930159,0.0310408,0.0349801,0.364166,-87.4721,271.273,-1592.29,0.14335,3,OK,-87.2997,271.342,-1592.3,OK,-129.005,241.33,-1589.6,OK,-130.186,317.6,-1587.02,,365925088,Port:3,0,1773324351,468826767,Missing,,,,,,,,,4,Missing,,,,Missing,,,,Missing,,,,Missing,,,,,365925088,Port:65535,0,1773324351,468826767,Missing,,,,,,,,,3,OK,-40.9267,206.198,-2041.53,OK,-43.4657,201.762,-2245.78,OK,-63.815,219.264,-2295.16,,,,,,,,,,,,,,,,,,,,
4,,365925091,Port:1,0,1773324351,518826767,50000000,Enabled,0.554936,0.624058,-0.489455,0.251059,-128.52,53.9706,-1711.57,0.175706,4,OK,-128.372,53.9653,-1711.72,OK,-163.548,18.0696,-1709.26,OK,-148.783,-28.5719,-1734.32,OK,-98.3435,11.8957,-1741.74,,365925091,Port:2,0,1773324351,518826767,Enabled,0.930161,0.0309633,0.0353234,0.364133,-87.4719,271.273,-1592.33,0.144114,3,OK,-87.2989,271.342,-1592.34,OK,-129.005,241.33,-1589.61,OK,-130.182,317.607,-1587.06,,365925091,Port:3,0,1773324351,518826767,Missing,,,,,,,,,4,Missing,,,,Missing,,,,Missing,,,,Missing,,,,,365925091,Port:65535,0,1773324351,518826767,Missing,,,,,,,,,3,OK,-40.9361,206.178,-2041.48,OK,-43.4694,201.739,-2245.7,OK,-63.8234,219.253,-2295.09,,,,,,,,,,,,,,,,,,,,
4,,365925094,Port:1,0,1773324351,568826766,49999999,Enabled,0.557047,0.626265,-0.485741,0.248085,-127.097,53.0401,-1710.23,0.190599,4,OK,-126.951,53.0276,-1710.4,OK,-162.03,17.053,-1707.54,OK,-147.407,-29.5262,-1732.84,OK,-97.135,11.0648,-1740.77,,365925094,Port:2,0,1773324351,568826766,Enabled,0.930133,0.0307183,0.0356169,0.364198,-87.4732,271.277,-1592.32,0.145398,3,OK,-87.2997,271.348,-1592.33,OK,-129.001,241.326,-1589.56,OK,-130.189,317.609,-1587.07,,365925094,Port:3,0,1773324351,568826766,Missing,,,,,,,,,4,Missing,,,,Missing,,,,Missing,,,,Missing,,,,,365925094,Port:65535,0,1773324351,568826766,Missing,,,,,,,,,3,OK,-40.9118,206.195,-2041.45,OK,-43.4576,201.758,-2245.71,OK,-63.8353,219.273,-2295.18,,,,,,,,,,,,,,,,,,,,
4,,365925097,Port:1,0,1773324351,618826766,50000000,Enabled,0.560047,0.629644,-0.479212,0.245462,-125.663,51.8704,-1708.83,0.186433,4,OK,-125.529,51.86,-1708.98,OK,-160.324,15.6519,-1705.59,OK,-145.722,-30.8513,-1731.06,OK,-95.84,10.0695,-1739.83,,365925097,Port:2,0,1773324351,618826766,Enabled,0.930117,0.0309426,0.035837,0.364198,-87.4747,271.28,-1592.34,0.144514,3,OK,-87.3018,271.353,-1592.35,OK,-129.001,241.334,-1589.57,OK,-130.186,317.601,-1587.05,,365925097,Port:3,0,1773324351,618826766,Missing,,,,,,,,,4,Missing,,,,Missing,,,,Missing,,,,Missing,,,,,365925097,Port:65535,0,1773324351,618826766,Missing,,,,,,,,,3,OK,-40.9171,206.209,-2041.49,OK,-43.4669,201.77,-2245.85,OK,-63.8307,219.275,-2295.14,,,,,,,,,,,,,,,,,,,,
4,,365925100,Port:1,0,1773324351,668826766,50000000,Enabled,0.560473,0.632869,-0.476027,0.242372,-124.184,50.3669,-1707.34,0.178582,4,OK,-124.038,50.3625,-1707.48,OK,-158.679,14.0169,-1703.96,OK,-144.177,-32.3462,-1729.74,OK,-94.5292,8.82342,-1738.8,,365925100,Port:2,0,1773324351,668826766,Enabled,0.930111,0.0310066,0.0359026,0.364202,-87.4744,271.274,-1592.34,0.146503,3,OK,-87.298,271.345,-1592.35,OK,-129.001,241.325,-1589.56,OK,-130.188,317.599,-1587.04,,365925100,Port:3,0,1773324351,668826766,Missing,,,,,,,,,4,Missing,,,,Missing,,,,Missing,,,,Missing,,,,,365925100,Port:65535,0,1773324351,668826766,Missing,,,,,,,,,3,OK,-40.9314,206.19,-2041.36,OK,-43.4691,201.75,-2245.71,OK,-63.8047,219.281,-2295.25,,,,,,,,,,,,,,,,,,,,
4,,365925103,Port:1,0,1773324351,718826767,50000001,Enabled,0.560174,0.636338,-0.474461,0.236995,-122.86,48.6457,-1705.51,0.176225,4,OK,-122.719,48.6361,-1705.63,OK,-157.357,12.2861,-1702.11,OK,-143.122,-33.8457,-1728.41,OK,-93.5365,7.35171,-1737.64,,365925103,Port:2,0,1773324351,718826767,Enabled,0.930169,0.0308067,0.0351802,0.364143,-87.4721,271.271,-1592.28,0.141788,3,OK,-87.3022,271.341,-1592.3,OK,-129.004,241.331,-1589.57,OK,-130.183,317.6,-1587.04,,365925103,Port:3,0,1773324351,718826767,Missing,,,,,,,,,4,Missing,,,,Missing,,,,Missing,,,,Missing,,,,,365925103,Port:65535,0,1773324351,718826767,Missing,,,,,,,,,3,OK,-40.9203,206.187,-2041.42,OK,-43.4567,201.747,-2245.72,OK,-63.8249,219.275,-2295.16,,,,,,,,,,,,,,,,,,,,
4,,365925106,Port:1,0,1773324351,768826767,50000000,Enabled,0.557991,0.642558,-0.470933,0.232352,-122.135,46.2341,-1703.52,0.176782,4,OK,-121.999,46.2487,-1703.64,OK,-156.376,9.63445,-1700.19,OK,-142.127,-36.1159,-1727.25,OK,-92.8997,5.51498,-1736.48,,365925106,Port:2,0,1773324351,768826767,Enabled,0.930149,0.0307741,0.0354151,0.364172,-87.4721,271.271,-1592.31,0.1441,3,OK,-87.3015,271.345,-1592.33,OK,-129.003,241.325,-1589.58,OK,-130.183,317.597,-1587.06,,365925106,Port:3,0,1773324351,768826767,Missing,,,,,,,,,4,Missing,,,,Missing,,,,Missing,,,,Missing,,,,,365925106,Port:65535,0,1773324351,768826767,Missing,,,,,,,,,3,OK,-40.908,206.188,-2041.54,OK,-43.4454,201.75,-2245.76,OK,-63.8232,219.253,-2295.07,,,,,,,,,,,,,,,,,,,,
4,,365925109,Port:1,0,1773324351,818826766,49999999,Enabled,0.55653,0.648591,-0.464573,0.231895,-121.652,43.8577,-1701.82,0.190017,4,OK,-121.51,43.8737,-1701.97,OK,-155.34,6.76045,-1698.38,OK,-140.708,-38.6273,-1725.9,OK,-92.165,3.76121,-1735.27,,365925109,Port:2,0,1773324351,818826766,Enabled,0.930128,0.0309113,0.0358037,0.364176,-87.4753,271.276,-1592.33,0.139872,3,OK,-87.3076,271.344,-1592.34,OK,-128.998,241.332,-1589.56,OK,-130.186,317.605,-1587.05,,365925109,Port:3,0,1773324351,818826766,Missing,,,,,,,,,4,Missing,,,,Missing,,,,Missing,,,,Missing,,,,,365925109,Port:65535,0,1773324351,818826766,Missing,,,,,,,,,3,OK,-40.9308,206.193,-2041.39,OK,-43.4614,201.752,-2245.76,OK,-63.8183,219.261,-2295.19,,,,,,,,,,,,,,,,,,,,
4,,365925112,Port:1,0,1773324351,868826766,50000000,Enabled,0.556284,0.653133,-0.460041,0.228752,-120.878,42.1337,-1700.38,0.193439,4,OK,-120.756,42.1622,-1700.52,OK,-154.291,4.80713,-1696.77,OK,-139.64,-40.3358,-1724.77,OK,-91.4676,2.42319,-1734.41,,365925112,Port:2,0,1773324351,868826766,Enabled,0.930134,0.030914,0.035626,0.364178,-87.4724,271.273,-1592.31,0.144585,3,OK,-87.298,271.342,-1592.33,OK,-129,241.327,-1589.56,OK,-130.186,317.603,-1587.04,,365925112,Port:3,0,1773324351,868826766,Missing,,,,,,,,,4,Missing,,,,Missing,,,,Missing,,,,Missing,,,,,365925112,Port:65535,0,1773324351,868826766,Missing,,,,,,,,,3,OK,-40.9441,206.2,-2041.35,OK,-43.4723,201.759,-2245.74,OK,-63.82,219.277,-2295.16,,,,,,,,,,,,,,,,,,,,
4,,365925115,Port:1,0,1773324351,918826766,50000000,Enabled,0.556986,0.655001,-0.457259,0.227276,-119.969,40.9961,-1699.36,0.192986,4,OK,-119.826,40.9994,-1699.52,OK,-153.224,3.52637,-1695.62,OK,-138.624,-41.4889,-1723.71,OK,-90.6648,1.46141,-1733.63,,365925115,Port:2,0,1773324351,918826766,Enabled,0.930133,0.0309867,0.035471,0.364191,-87.4677,271.272,-1592.3,0.14177,3,OK,-87.2983,271.343,-1592.32,OK,-128.994,241.326,-1589.57,OK,-130.18,317.597,-1587.02,,365925115,Port:3,0,1773324351,918826766,Missing,,,,,,,,,4,Missing,,,,Missing,,,,Missing,,,,Missing,,,,,365925115,Port:65535,0,1773324351,918826766,Missing,,,,,,,,,3,OK,-40.9139,206.191,-2041.46,OK,-43.4571,201.752,-2245.78,OK,-63.8165,219.27,-2295.13,,,,,,,,,,,,,,,,,,,,
4,,365925118,Port:1,0,1773324351,968826767,50000001,Enabled,0.557173,0.657186,-0.454734,0.225568,-119.325,40.0308,-1698.46,0.19822,4,OK,-119.189,40.0465,-1698.63,OK,-152.428,2.45572,-1694.58,OK,-137.849,-42.465,-1722.93,OK,-90.1112,0.669231,-1732.99,,365925118,Port:2,0,1773324351,968826767,Enabled,0.930126,0.0308354,0.0358239,0.364187,-87.4723,271.272,-1592.33,0.144319,3,OK,-87.2994,271.342,-1592.34,OK,-128.999,241.324,-1589.55,OK,-130.185,317.599,-1587.05,,365925118,Port:3,0,1773324351,968826767,Missing,,,,,,,,,4,Missing,,,,Missing,,,,Missing,,,,Missing,,,,,365925118,Port:65535,0,1773324351,968826767,Missing,,,,,,,,,3,OK,-40.9039,206.19,-2041.45,OK,-43.452,201.75,-2245.78,OK,-63.8382,219.269,-2295.12,,,,,,,,,,,,,,,,,,,,
4,,365925121,Port:1,0,1773324352,18826765,49999998,Enabled,0.5568,0.659044,-0.453058,0.224442,-118.993,39.0625,-1697.89,0.222285,4,OK,-118.864,39.079,-1698.09,OK,-151.994,1.38526,-1693.95,OK,-137.381,-43.4126,-1722.55,OK,-89.7748,-0.123689,-1732.65,,365925121,Port:2,0,1773324352,18826765,Enabled,0.930143,0.0307809,0.0355512,0.364175,-87.4717,271.272,-1592.31,0.143772,3,OK,-87.2989,271.341,-1592.32,OK,-129,241.326,-1589.56,OK,-130.186,317.604,-1587.05,,365925121,Port:3,0,1773324352,18826765,Missing,,,,,,,,,4,Missing,,,,Missing,,,,Missing,,,,Missing,,,,,365925121,Port:65535,0,1773324352,18826765,Missing,,,,,,,,,3,OK,-40.9237,206.193,-2041.51,OK,-43.4569,201.754,-2245.79,OK,-63.8366,219.288,-2295.38,,,,,,,,,,,,,,,,,,,,
4,,365925124,Port:1,0,1773324352,68826765,50000000,Enabled,0.558044,0.660359,-0.448339,0.226944,-119.409,38.2522,-1697.61,0.205054,4,OK,-119.277,38.2668,-1697.76,OK,-152.047,0.276861,-1693.41,OK,-137.088,-44.5067,-1721.78,OK,-89.9308,-0.808074,-1732.33,,365925124,Port:2,0,1773324352,68826765,Enabled,0.930141,0.0312561,0.0356195,0.364131,-87.4777,271.274,-1592.35,0.142857,3,OK,-87.3044,271.343,-1592.36,OK,-129.008,241.338,-1589.6,OK,-130.184,317.597,-1587.03,,365925124,Port:3,0,1773324352,68826765,Missing,,,,,,,,,4,Missing,,,,Missing,,,,Missing,,,,Missing,,,,,365925124,Port:65535,0,1773324352,68826765,Missing,,,,,,,,,3,OK,-40.9151,206.19,-2041.44,OK,-43.4569,201.752,-2245.67,OK,-63.827,219.262,-2295.07,,,,,,,,,,,,,,,,,,,,
4,,365925127,Port:1,0,1773324352,118826765,50000000,Enabled,0.556483,0.664299,-0.442651,0.230419,-120.364,36.6994,-1697.16,0.201904,4,OK,-120.227,36.7088,-1697.32,OK,-152.379,-1.79686,-1692.94,OK,-136.808,-46.3001,-1721.35,OK,-90.3672,-1.85723,-1731.96,,365925127,Port:2,0,1773324352,118826765,Enabled,0.930164,0.0306907,0.0351951,0.364164,-87.4717,271.275,-1592.3,0.141096,3,OK,-87.3016,271.344,-1592.31,OK,-129.002,241.336,-1589.58,OK,-130.186,317.604,-1587.07,,365925127,Port:3,0,1773324352,118826765,Missing,,,,,,,,,4,Missing,,,,Missing,,,,Missing,,,,Missing,,,,,365925127,Port:65535,0,1773324352,118826765,Missing,,,,,,,,,3,OK,-40.9261,206.195,-2041.4,OK,-43.4698,201.753,-2245.87,OK,-63.8201,219.273,-2295.12,,,,,,,,,,,,,,,,,,,,
4,,365925130,Port:1,0,1773324352,168826765,50000000,Enabled,0.555664,0.666252,-0.438759,0.23417,-121.199,35.5696,-1696.98,0.234693,4,OK,-121.068,35.5892,-1697.2,OK,-152.762,-3.28216,-1692.63,OK,-136.676,-47.6556,-1721.09,OK,-90.7563,-2.71712,-1731.64,,365925130,Port:2,0,1773324352,168826765,Enabled,0.930128,0.030699,0.035633,0.364211,-87.4726,271.28,-1592.32,0.14517,3,OK,-87.2978,271.349,-1592.33,OK,-129,241.331,-1589.56,OK,-130.191,317.607,-1587.07,,365925130,Port:3,0,1773324352,168826765,Missing,,,,,,,,,4,Missing,,,,Missing,,,,Missing,,,,Missing,,,,,365925130,Port:65535,0,1773324352,168826765,Missing,,,,,,,,,3,OK,-40.926,206.194,-2041.44,OK,-43.4549,201.754,-2245.78,OK,-63.8229,219.268,-2295.21,,,,,,,,,,,,,,,,,,,,
4,,365925133,Port:1,0,1773324352,218826765,50000000,Enabled,0.554241,0.66616,-0.441667,0.232334,-121.086,35.2678,-1696.7,0.195249,4,OK,-120.951,35.2635,-1696.85,OK,-152.879,-3.42004,-1692.68,OK,-136.948,-47.7578,-1721.17,OK,-90.7697,-3.00619,-1731.54,,365925133,Port:2,0,1773324352,218826765,Enabled,0.93014,0.031096,0.035614,0.364149,-87.4776,271.272,-1592.33,0.140448,3,OK,-87.3076,271.34,-1592.34,OK,-129.005,241.335,-1589.58,OK,-130.186,317.597,-1587.03,,365925133,Port:3,0,1773324352,218826765,Missing,,,,,,,,,4,Missing,,,,Missing,,,,Missing,,,,Missing,,,,,365925133,Port:65535,0,1773324352,218826765,Missing,,,,,,,,,3,OK,-40.9301,206.192,-2041.6,OK,-43.4582,201.754,-2245.84,OK,-63.8133,219.262,-2295.24,,,,,,,,,,,,,,,,,,,,
4,,365925136,Port:1,0,1773324352,268826765,50000000,Enabled,0.554963,0.663457,-0.444673,0.232609,-121.072,35.7032,-1697.12,0.215685,4,OK,-120.948,35.6927,-1697.31,OK,-153.128,-2.76745,-1693.08,OK,-137.367,-47.2801,-1721.46,OK,-90.8385,-2.86606,-1731.7,,365925136,Port:2,0,1773324352,268826765,Enabled,0.930168,0.03086,0.0351805,0.364139,-87.4724,271.273,-1592.3,0.13943,3,OK,-87.3039,271.34,-1592.31,OK,-129.002,241.336,-1589.59,OK,-130.184,317.602,-1587.05,,365925136,Port:3,0,1773324352,268826765,Missing,,,,,,,,,4,Missing,,,,Missing,,,,Missing,,,,Missing,,,,,365925136,Port:65535,0,1773324352,268826765,Missing,,,,,,,,,3,OK,-40.922,206.186,-2041.39,OK,-43.4589,201.747,-2245.65,OK,-63.8388,219.279,-2295.22,,,,,,,,,,,,,,,,,,,,
4,,365925139,Port:1,0,1773324352,318826765,50000000,Enabled,0.554713,0.660513,-0.44936,0.232575,-121.185,36.2718,-1697.66,0.216952,4,OK,-121.059,36.2516,-1697.85,OK,-153.61,-1.91419,-1693.81,OK,-138.033,-46.5709,-1722.05,OK,-91.0602,-2.59114,-1732.02,,365925139,Port:2,0,1773324352,318826765,Enabled,0.930152,0.0309102,0.0350155,0.364192,-87.4697,271.275,-1592.29,0.141762,3,OK,-87.299,271.343,-1592.31,OK,-128.999,241.33,-1589.6,OK,-130.187,317.601,-1587.04,,365925139,Port:3,0,1773324352,318826765,Missing,,,,,,,,,4,Missing,,,,Missing,,,,Missing,,,,Missing,,,,,365925139,Port:65535,0,1773324352,318826765,Missing,,,,,,,,,3,OK,-40.9152,206.193,-2041.38,OK,-43.4514,201.753,-2245.73,OK,-63.8372,219.26,-2295.12,,,,,,,,,,,,,,,,,,,,
4,,365925142,Port:1,0,1773324352,368826765,50000000,Enabled,0.55419,0.657437,-0.453574,0.234351,-121.557,36.8974,-1698.32,0.195661,4,OK,-121.404,36.882,-1698.49,OK,-154.215,-1.08945,-1694.72,OK,-138.709,-45.9262,-1722.64,OK,-91.411,-2.20008,-1732.29,,365925142,Port:2,0,1773324352,368826765,Enabled,0.930158,0.0310596,0.0351663,0.36415,-87.4715,271.274,-1592.32,0.143482,3,OK,-87.2982,271.343,-1592.33,OK,-129.005,241.334,-1589.61,OK,-130.184,317.6,-1587.04,,365925142,Port:3,0,1773324352,368826765,Missing,,,,,,,,,4,Missing,,,,Missing,,,,Missing,,,,Missing,,,,,365925142,Port:65535,0,1773324352,368826765,Missing,,,,,,,,,3,OK,-40.9073,206.204,-2041.53,OK,-43.4673,201.766,-2245.86,OK,-63.8448,219.283,-2295.23,,,,,,,,,,,,,,,,,,,,
4,,365925145,Port:1,0,1773324352,418826765,50000000,Enabled,0.555604,0.650928,-0.460193,0.236262,-121.744,38.6042,-1699.73,0.205021,4,OK,-121.608,38.5891,-1699.91,OK,-154.952,1.08517,-1696.2,OK,-139.698,-44.1643,-1723.64,OK,-91.7013,-1.1692,-1733.06,,365925145,Port:2,0,1773324352,418826765,Enabled,0.930101,0.0311708,0.0358603,0.364217,-87.4741,271.276,-1592.33,0.143269,3,OK,-87.3022,271.347,-1592.34,OK,-128.997,241.327,-1589.56,OK,-130.187,317.597,-1587.01,,365925145,Port:3,0,1773324352,418826765,Missing,,,,,,,,,4,Missing,,,,Missing,,,,Missing,,,,Missing,,,,,365925145,Port:65535,0,1773324352,418826765,Missing,,,,,,,,,3,OK,-40.9169,206.201,-2041.5,OK,-43.4518,201.761,-2245.81,OK,-63.8367,219.246,-2295.14,,,,,,,,,,,,,,,,,,,,
4,,365925148,Port:1,0,1773324352,468826765,50000000,Enabled,0.559268,0.639386,-0.472202,0.235436,-121.196,41.9319,-1701.66,0.207758,4,OK,-121.057,41.9007,-1701.84,OK,-155.52,5.4111,-1698.2,OK,-141.21,-40.5323,-1724.9,OK,-91.8442,0.941133,-1734.11,,365925148,Port:2,0,1773324352,468826765,Enabled,0.930154,0.0307368,0.0355958,0.364144,-87.4703,271.274,-1592.31,0.142256,3,OK,-87.2991,271.342,-1592.32,OK,-128.999,241.333,-1589.56,OK,-130.181,317.608,-1587.06,,365925148,Port:3,0,1773324352,468826765,Missing,,,,,,,,,4,Missing,,,,Missing,,,,Missing,,,,Missing,,,,,365925148,Port:65535,0,1773324352,468826765,Missing,,,,,,,,,3,OK,-40.9321,206.21,-2041.51,OK,-43.4529,201.775,-2245.72,OK,-63.8302,219.265,-2295.04,,,,,,,,,,,,,,,,,,,,
4,,365925151,Port:1,0,1773324352,518826765,50000000,Enabled,0.56352,0.629598,-0.480187,0.235524,-120.541,45.2029,-1703.4,0.192026,4,OK,-120.387,45.1698,-1703.56,OK,-155.659,9.4603,-1699.86,OK,-142.098,-37.1141,-1725.78,OK,-91.7912,3.19582,-1735.05,,365925151,Port:2,0,1773324352,518826765,Enabled,0.930139,0.0309313,0.0357033,0.364156,-87.4736,271.27,-1592.32,0.145339,3,OK,-87.2969,271.338,-1592.33,OK,-129.004,241.329,-1589.56,OK,-130.186,317.598,-1587.04,,365925151,Port:3,0,1773324352,518826765,Missing,,,,,,,,,4,Missing,,,,Missing,,,,Missing,,,,Missing,,,,,365925151,Port:65535,0,1773324352,518826765,Missing,,,,,,,,,3,OK,-40.9165,206.188,-2041.47,OK,-43.4532,201.75,-2245.73,OK,-63.8248,219.274,-2295.36,,,,,,,,,,,,,,,,,,,,
4,,365925154,Port:1,0,1773324352,568826765,50000000,Enabled,0.567609,0.619732,-0.487579,0.236682,-119.903,48.45,-1705.47,0.187083,4,OK,-119.757,48.4055,-1705.63,OK,-155.722,13.4502,-1701.81,OK,-142.822,-33.7356,-1726.95,OK,-91.6664,5.45338,-1736.21,,365925154,Port:2,0,1773324352,568826765,Enabled,0.930174,0.0309588,0.0349389,0.36414,-87.4705,271.269,-1592.28,0.142881,3,OK,-87.295,271.334,-1592.29,OK,-129.005,241.335,-1589.6,OK,-130.187,317.598,-1587.03,,365925154,Port:3,0,1773324352,568826765,Missing,,,,,,,,,4,Missing,,,,Missing,,,,Missing,,,,Missing,,,,,365925154,Port:65535,0,1773324352,568826765,Missing,,,,,,,,,3,OK,-40.9126,206.204,-2041.45,OK,-43.4487,201.767,-2245.71,OK,-63.8317,219.269,-2295.16,,,,,,,,,,,,,,,,,,,,
4,,365925157,Port:1,0,1773324352,618826765,50000000,Enabled,0.574522,0.607447,-0.495294,0.23583,-118.858,52.384,-1707.66,0.190764,4,OK,-118.696,52.3278,-1707.81,OK,-155.607,18.366,-1703.64,OK,-143.752,-29.5408,-1727.79,OK,-91.5422,8.13371,-1737.43,,365925157,Port:2,0,1773324352,618826765,Enabled,0.930136,0.0309432,0.0354409,0.364189,-87.4671,271.279,-1592.32,0.143669,3,OK,-87.2922,271.346,-1592.33,OK,-128.995,241.336,-1589.58,OK,-130.185,317.607,-1587.04,,365925157,Port:3,0,1773324352,618826765,Missing,,,,,,,,,4,Missing,,,,Missing,,,,Missing,,,,Missing,,,,,365925157,Port:65535,0,1773324352,618826765,Missing,,,,,,,,,3,OK,-40.9203,206.196,-2041.34,OK,-43.4508,201.755,-2245.74,OK,-63.8301,219.268,-2295.15,,,,,,,,,,,,,,,,,,,,
4,,365925160,Port:1,0,1773324352,668826765,50000000,Enabled,0.580033,0.594696,-0.504208,0.23595,-117.697,56.4666,-1710.11,0.204234,4,OK,-117.551,56.4183,-1710.31,OK,-155.327,23.4829,-1705.88,OK,-144.513,-25.1376,-1729.17,OK,-91.2249,11.0125,-1738.78,,365925160,Port:2,0,1773324352,668826765,Enabled,0.930093,0.0312946,0.0361027,0.364205,-87.4781,271.274,-1592.36,0.147036,3,OK,-87.3027,271.349,-1592.37,OK,-129.005,241.325,-1589.57,OK,-130.186,317.59,-1587.01,,365925160,Port:3,0,1773324352,668826765,Missing,,,,,,,,,4,Missing,,,,Missing,,,,Missing,,,,Missing,,,,,365925160,Port:65535,0,1773324352,668826765,Missing,,,,,,,,,3,OK,-40.9256,206.177,-2041.45,OK,-43.4533,201.739,-2245.6,OK,-63.8308,219.269,-2295.2,,,,,,,,,,,,,,,,,,,,
4,,365925163,Port:1,0,1773324352,718826765,50000000,Enabled,0.584192,0.581584,-0.513571,0.238169,-116.689,60.3966,-1712.9,0.208294,4,OK,-116.523,60.334,-1713.09,OK,-155.143,28.3672,-1708.69,OK,-145.154,-20.8701,-1730.9,OK,-90.9025,13.8356,-1740.31,,365925163,Port:2,0,1773324352,718826765,Enabled,0.930148,0.0307677,0.0352159,0.364196,-87.4708,271.277,-1592.3,0.1445,3,OK,-87.2957,271.345,-1592.31,OK,-129.001,241.332,-1589.58,OK,-130.191,317.605,-1587.06,,365925163,Port:3,0,1773324352,718826765,Missing,,,,,,,,,4,Missing,,,,Missing,,,,Missing,,,,Missing,,,,,365925163,Port:65535,0,1773324352,718826765,Missing,,,,,,,,,3,OK,-40.9236,206.208,-2041.61,OK,-43.4653,201.774,-2245.79,OK,-63.8263,219.271,-2295.15,,,,,,,,,,,,,,,,,,,,
4,,365925166,Port:1,0,1773324352,768826765,50000000,Enabled,0.589214,0.568504,-0.52215,0.238727,-115.481,64.2518,-1715.63,0.202724,4,OK,-115.313,64.1563,-1715.81,OK,-154.775,33.2746,-1711.36,OK,-145.786,-16.578,-1732.53,OK,-90.5647,16.6011,-1741.94,,365925166,Port:2,0,1773324352,768826765,Enabled,0.930169,0.0307659,0.0353237,0.36413,-87.4729,271.276,-1592.31,0.144704,3,OK,-87.2976,271.344,-1592.32,OK,-129.007,241.337,-1589.58,OK,-130.185,317.609,-1587.06,,365925166,Port:3,0,1773324352,768826765,Missing,,,,,,,,,4,Missing,,,,Missing,,,,Missing,,,,Missing,,,,,365925166,Port:65535,0,1773324352,768826765,Missing,,,,,,,,,3,OK,-40.9166,206.195,-2041.49,OK,-43.4377,201.758,-2245.71,OK,-63.8229,219.26,-2295.01,,,,,,,,,,,,,,,,,,,,
4,,365925169,Port:1,0,1773324352,818826765,50000000,Enabled,0.593197,0.55607,-0.530505,0.239725,-114.189,67.9098,-1718.25,0.214914,4,OK,-114.028,67.8236,-1718.46,OK,-154.213,37.9136,-1713.95,OK,-146.164,-12.4699,-1734.27,OK,-90.0797,19.2705,-1743.42,,365925169,Port:2,0,1773324352,818826765,Enabled,0.930135,0.0308162,0.0359627,0.364151,-87.4767,271.274,-1592.36,0.14225,3,OK,-87.308,271.346,-1592.37,OK,-129.002,241.328,-1589.57,OK,-130.183,317.606,-1587.07,,365925169,Port:3,0,1773324352,818826765,Missing,,,,,,,,,4,Missing,,,,Missing,,,,Missing,,,,Missing,,,,,365925169,Port:65535,0,1773324352,818826765,Missing,,,,,,,,,3,OK,-40.9258,206.202,-2041.54,OK,-43.4608,201.765,-2245.79,OK,-63.8181,219.275,-2295.09,,,,,,,,,,,,,,,,,,,,
4,,365925172,Port:1,0,1773324352,868826765,50000000,Enabled,0.598286,0.544768,-0.536033,0.240728,-112.874,71.3669,-1720.84,0.210639,4,OK,-112.718,71.2767,-1721.04,OK,-153.51,42.2342,-1716.34,OK,-146.288,-8.65027,-1735.71,OK,-89.5109,21.8308,-1744.98,,365925172,Port:2,0,1773324352,868826765,Enabled,0.930153,0.0312419,0.0351648,0.364146,-87.4725,271.275,-1592.32,0.141584,3,OK,-87.3016,271.345,-1592.34,OK,-129.005,241.338,-1589.62,OK,-130.182,317.597,-1587.03,,365925172,Port:3,0,1773324352,868826765,Missing,,,,,,,,,4,Missing,,,,Missing,,,,Missing,,,,Missing,,,,,365925172,Port:65535,0,1773324352,868826765,Missing,,,,,,,,,3,OK,-40.9344,206.19,-2041.5,OK,-43.4638,201.753,-2245.73,OK,-63.8175,219.269,-2295.11,,,,,,,,,,,,,,,,,,,,
4,,365925175,Port:1,0,1773324352,918826765,50000000,Enabled,0.604131,0.53299,-0.540804,0.241824,-111.299,74.7135,-1723.28,0.225215,4,OK,-111.142,74.6097,-1723.5,OK,-152.493,46.4461,-1718.47,OK,-146.164,-4.90819,-1736.84,OK,-88.7836,24.2897,-1746.28,,365925175,Port:2,0,1773324352,918826765,Enabled,0.930127,0.0309303,0.0356423,0.364192,-87.4731,271.279,-1592.31,0.142312,3,OK,-87.3019,271.347,-1592.32,OK,-128.998,241.332,-1589.55,OK,-130.187,317.606,-1587.03,,365925175,Port:3,0,1773324352,918826765,Missing,,,,,,,,,4,Missing,,,,Missing,,,,Missing,,,,Missing,,,,,365925175,Port:65535,0,1773324352,918826765,Missing,,,,,,,,,3,OK,-40.9206,206.19,-2041.43,OK,-43.4557,201.751,-2245.7,OK,-63.8331,219.261,-2295.13,,,,,,,,,,,,,,,,,,,,
4,,365925178,Port:1,0,1773324352,968826765,50000000,Enabled,0.61092,0.521548,-0.544087,0.242348,-109.299,78.0045,-1725.75,0.215892,4,OK,-109.138,77.8933,-1725.95,OK,-151.017,50.6001,-1720.52,OK,-145.605,-1.21784,-1737.79,OK,-87.6736,26.7309,-1747.68,,365925178,Port:2,0,1773324352,968826765,Enabled,0.930125,0.0310517,0.0355819,0.364194,-87.4736,271.275,-1592.34,0.143522,3,OK,-87.3022,271.347,-1592.35,OK,-129.001,241.327,-1589.59,OK,-130.186,317.598,-1587.04,,365925178,Port:3,0,1773324352,968826765,Missing,,,,,,,,,4,Missing,,,,Missing,,,,Missing,,,,Missing,,,,,365925178,Port:65535,0,1773324352,968826765,Missing,,,,,,,,,3,OK,-40.9287,206.191,-2041.38,OK,-43.4549,201.748,-2245.83,OK,-63.8278,219.27,-2295.11,,,,,,,,,,,,,,,,,,,,
4,,365925181,Port:1,0,1773324353,18826768,50000003,Enabled,0.61828,0.509039,-0.548372,0.24062,-106.641,81.4656,-1728.16,0.227208,4,OK,-106.485,81.3411,-1728.38,OK,-149.003,55.1597,-1722.46,OK,-144.805,2.92118,-1738.77,OK,-86.2092,29.287,-1749.06,,365925181,Port:2,0,1773324353,18826768,Enabled,0.930131,0.0310795,0.0356315,0.36417,-87.4753,271.276,-1592.34,0.14558,3,OK,-87.2988,271.345,-1592.35,OK,-129.006,241.333,-1589.58,OK,-130.188,317.601,-1587.04,,365925181,Port:3,0,1773324353,18826768,Missing,,,,,,,,,4,Missing,,,,Missing,,,,Missing,,,,Missing,,,,,365925181,Port:65535,0,1773324353,18826768,Missing,,,,,,,,,3,OK,-40.9268,206.213,-2041.54,OK,-43.4627,201.774,-2245.9,OK,-63.8257,219.254,-2295.01,,,,,,,,,,,,,,,,,,,,
4,,365925184,Port:1,0,1773324353,68826768,50000000,Enabled,0.624198,0.496155,-0.555119,0.236747,-103.5,84.8614,-1730.34,0.245581,4,OK,-103.345,84.7392,-1730.58,OK,-146.619,59.8505,-1724.42,OK,-143.861,7.30108,-1740.01,OK,-84.4929,31.8187,-1750.38,,365925184,Port:2,0,1773324353,68826768,Enabled,0.930151,0.0311239,0.0353012,0.364149,-87.4697,271.273,-1592.31,0.144311,3,OK,-87.2964,271.344,-1592.32,OK,-129.003,241.331,-1589.59,OK,-130.18,317.601,-1587.02,,365925184,Port:3,0,1773324353,68826768,Missing,,,,,,,,,4,Missing,,,,Missing,,,,Missing,,,,Missing,,,,,365925184,Port:65535,0,1773324353,68826768,Missing,,,,,,,,,3,OK,-40.9252,206.193,-2041.39,OK,-43.4611,201.754,-2245.68,OK,-63.8331,219.242,-2295.05,,,,,,,,,,,,,,,,,,,,
4,,365925187,Port:1,0,1773324353,118826768,50000000,Enabled,0.632408,0.48213,-0.558936,0.234948,-100.298,88.3373,-1732.98,0.221317,4,OK,-100.144,88.1967,-1733.17,OK,-144.042,64.5799,-1726.59,OK,-142.619,11.6298,-1740.94,OK,-82.647,34.4087,-1751.86,,365925187,Port:2,0,1773324353,118826768,Enabled,0.930148,0.0310068,0.035378,0.364159,-87.4733,271.275,-1592.31,0.140947,3,OK,-87.305,271.346,-1592.33,OK,-129.002,241.333,-1589.59,OK,-130.183,317.602,-1587.04,,365925187,Port:3,0,1773324353,118826768,Missing,,,,,,,,,4,Missing,,,,Missing,,,,Missing,,,,Missing,,,,,365925187,Port:65535,0,1773324353,118826768,Missing,,,,,,,,,3,OK,-40.9148,206.18,-2041.45,OK,-43.4536,201.74,-2245.68,OK,-63.8226,219.262,-2295.13,,,,,,,,,,,,,,,,,,,,
4,,365925190,Port:1,0,1773324353,168826768,50000000,Enabled,0.6385,0.468943,-0.564771,0.231178,-97.0985,91.5613,-1735.27,0.230541,4,OK,-96.9539,91.4124,-1735.48,OK,-141.498,69.1256,-1728.65,OK,-141.528,15.9653,-1742.2,OK,-80.9179,36.873,-1753.25,,365925190,Port:2,0,1773324353,168826768,Enabled,0.930152,0.0306772,0.0354644,0.364167,-87.4726,271.267,-1592.3,0.143046,3,OK,-87.3004,271.334,-1592.31,OK,-129.001,241.322,-1589.55,OK,-130.188,317.603,-1587.05,,365925190,Port:3,0,1773324353,168826768,Missing,,,,,,,,,4,Missing,,,,Missing,,,,Missing,,,,Missing,,,,,365925190,Port:65535,0,1773324353,168826768,Missing,,,,,,,,,3,OK,-40.9153,206.19,-2041.48,OK,-43.4522,201.754,-2245.67,OK,-63.828,219.254,-2295.22,,,,,,,,,,,,,,,,,,,,
4,,365925193,Port:1,0,1773324353,218826768,50000000,Enabled,0.644874,0.455363,-0.569895,0.228038,-93.8479,94.6436,-1737.67,0.189791,4,OK,-93.7084,94.5016,-1737.82,OK,-138.851,73.5536,-1730.85,OK,-140.29,20.1497,-1743.37,OK,-79.1205,39.2208,-1754.69,,365925193,Port:2,0,1773324353,218826768,Enabled,0.930181,0.0308179,0.03484,0.364143,-87.4687,271.268,-1592.27,0.139501,3,OK,-87.3006,271.335,-1592.29,OK,-129,241.33,-1589.6,OK,-130.183,317.601,-1587.04,,365925193,Port:3,0,1773324353,218826768,Missing,,,,,,,,,4,Missing,,,,Missing,,,,Missing,,,,Missing,,,,,365925193,Port:65535,0,1773324353,218826768,Missing,,,,,,,,,3,OK,-40.9135,206.195,-2041.5,OK,-43.4431,201.759,-2245.67,OK,-63.8362,219.266,-2295.13,,,,,,,,,,,,,,,,,,,,
4,,365925196,Port:1,0,1773324353,268826768,50000000,Enabled,0.652959,0.440383,-0.573445,0.225539,-90.2208,97.8945,-1740.4,0.209003,4,OK,-90.0877,97.7537,-1740.58,OK,-135.767,78.1922,-1733.07,OK,-138.679,24.5774,-1744.49,OK,-77.0188,41.7267,-1756.14,,365925196,Port:2,0,1773324353,268826768,Enabled,0.930131,0.0310279,0.0357242,0.364167,-87.4747,271.269,-1592.33,0.145241,3,OK,-87.3007,271.341,-1592.34,OK,-129.004,241.324,-1589.57,OK,-130.184,317.595,-1587.03,,365925196,Port:3,0,1773324353,268826768,Missing,,,,,,,,,4,Missing,,,,Missing,,,,Missing,,,,Missing,,,,,365925196,Port:65535,0,1773324353,268826768,Missing,,,,,,,,,3,OK,-40.9084,206.181,-2041.58,OK,-43.4587,201.744,-2245.74,OK,-63.8278,219.265,-2295.3,,,,,,,,,,,,,,,,,,,,
4,,365925199,Port:1,0,1773324353,318826768,50000000,Enabled,0.660669,0.42568,-0.577187,0.221739,-86.122,101.111,-1743.16,0.184053,4,OK,-85.9946,100.97,-1743.3,OK,-132.207,82.8603,-1735.47,OK,-136.667,29.1506,-1745.73,OK,-74.5363,44.2808,-1757.82,,365925199,Port:2,0,1773324353,318826768,Enabled,0.930145,0.0309121,0.0354615,0.364166,-87.4765,271.277,-1592.33,0.146504,3,OK,-87.3001,271.349,-1592.35,OK,-129.01,241.334,-1589.59,OK,-130.189,317.603,-1587.06,,365925199,Port:3,0,1773324353,318826768,Missing,,,,,,,,,4,Missing,,,,Missing,,,,Missing,,,,Missing,,,,,365925199,Port:65535,0,1773324353,318826768,Missing,,,,,,,,,3,OK,-40.9171,206.193,-2041.59,OK,-43.46,201.757,-2245.73,OK,-63.8237,219.263,-2295,,,,,,,,,,,,,,,,,,,,
4,,365925202,Port:1,0,1773324353,368826768,50000000,Enabled,0.67135,0.413516,-0.575131,0.217987,-81.4224,104.185,-1745.84,0.195389,4,OK,-81.3028,104.028,-1746,OK,-127.789,87.1304,-1737.16,OK,-133.551,33.3236,-1746.22,OK,-71.2781,46.8142,-1759.39,,365925202,Port:2,0,1773324353,368826768,Enabled,0.930158,0.0306897,0.0353842,0.364161,-87.4709,271.273,-1592.31,0.146837,3,OK,-87.2931,271.341,-1592.32,OK,-129.004,241.328,-1589.57,OK,-130.188,317.607,-1587.07,,365925202,Port:3,0,1773324353,368826768,Missing,,,,,,,,,4,Missing,,,,Missing,,,,Missing,,,,Missing,,,,,365925202,Port:65535,0,1773324353,368826768,Missing,,,,,,,,,3,OK,-40.9197,206.193,-2041.45,OK,-43.4521,201.755,-2245.71,OK,-63.8169,219.271,-2295.17,,,,,,,,,,,,,,,,,,,,
4,,365925205,Port:1,0,1773324353,418826768,50000000,Enabled,0.682599,0.401087,-0.572575,0.212943,-76.0901,107.267,-1748.6,0.16454,4,OK,-75.9782,107.116,-1748.71,OK,-122.695,91.5345,-1738.92,OK,-129.883,37.6622,-1746.64,OK,-67.5289,49.3912,-1761.09,,365925205,Port:2,0,1773324353,418826768,Enabled,0.930137,0.030865,0.0353537,0.364201,-87.4702,271.267,-1592.3,0.144616,3,OK,-87.2953,271.336,-1592.31,OK,-129,241.322,-1589.57,OK,-130.188,317.591,-1587.04,,365925205,Port:3,0,1773324353,418826768,Missing,,,,,,,,,4,Missing,,,,Missing,,,,Missing,,,,Missing,,,,,365925205,Port:65535,0,1773324353,418826768,Missing,,,,,,,,,3,OK,-40.9203,206.194,-2041.43,OK,-43.4559,201.754,-2245.82,OK,-63.8251,219.265,-2295.23,,,,,,,,,,,,,,,,,,,,
4,,365925208,Port:1,0,1773324353,468826768,50000000,Enabled,0.691746,0.385682,-0.574944,0.205371,-70.2585,110.173,-1751.49,0.183102,4,OK,-70.1597,110.013,-1751.64,OK,-117.293,96.2159,-1741.17,OK,-126.363,42.4721,-1747.91,OK,-63.7276,51.8186,-1762.92,,365925208,Port:2,0,1773324353,468826768,Enabled,0.93017,0.0306964,0.0352448,0.364142,-87.4696,271.274,-1592.3,0.142263,3,OK,-87.2969,271.34,-1592.31,OK,-129,241.334,-1589.57,OK,-130.185,317.611,-1587.06,,365925208,Port:3,0,1773324353,468826768,Missing,,,,,,,,,4,Missing,,,,Missing,,,,Missing,,,,Missing,,,,,365925208,Port:65535,0,1773324353,468826768,Missing,,,,,,,,,3,OK,-40.9159,206.192,-2041.47,OK,-43.4593,201.753,-2245.72,OK,-63.8236,219.274,-2295.09,,,,,,,,,,,,,,,,,,,,
4,,365925211,Port:1,0,1773324353,518826768,50000000,Enabled,0.701115,0.371611,-0.575995,0.196399,-64.1736,112.935,-1754.18,0.158906,4,OK,-64.0885,112.78,-1754.29,OK,-111.544,100.731,-1743.18,OK,-122.443,47.2119,-1748.92,OK,-59.6932,54.1938,-1764.76,,365925211,Port:2,0,1773324353,518826768,Enabled,0.930178,0.0307304,0.0353169,0.364111,-87.472,271.268,-1592.31,0.143807,3,OK,-87.2979,271.336,-1592.33,OK,-129.007,241.331,-1589.59,OK,-130.182,317.604,-1587.07,,365925211,Port:3,0,1773324353,518826768,Missing,,,,,,,,,4,Missing,,,,Missing,,,,Missing,,,,Missing,,,,,365925211,Port:65535,0,1773324353,518826768,Missing,,,,,,,,,3,OK,-40.9314,206.201,-2041.45,OK,-43.4533,201.765,-2245.68,OK,-63.8148,219.254,-2295.13,,,,,,,,,,,,,,,,,,,,
4,,365925214,Port:1,0,1773324353,568826768,50000000,Missing,,,,,,,,,4,OK,-57.8002,115.014,-1761.09,OK,-105.793,104.802,-1745.5,OK,-118.247,51.5052,-1749.92,OK,-55.5612,56.4571,-1766.79,,365925214,Port:2,0,1773324353,568826768,Enabled,0.930122,0.0310193,0.0355595,0.364206,-87.4744,271.277,-1592.34,0.145365,3,OK,-87.2989,271.347,-1592.35,OK,-129.003,241.329,-1589.6,OK,-130.191,317.6,-1587.05,,365925214,Port:3,0,1773324353,568826768,Missing,,,,,,,,,4,Missing,,,,Missing,,,,Missing,,,,Missing,,,,,365925214,Port:65535,0,1773324353,568826768,Missing,,,,,,,,,7,OK,-40.9166,206.186,-2041.47,OK,-43.4454,201.747,-2245.73,OK,-55.5612,56.4571,-1766.79,OK,-52.1025,77.2188,-1579.87,OK,-57.8002,115.014,-1761.09,OK,-105.793,104.802,-1745.5,OK,-118.247,51.5052,-1749.92,,,,
4,,365925217,Port:1,0,1773324353,618826768,50000000,Enabled,0.719977,0.342129,-0.575074,0.184039,-52.3866,117.868,-1760.78,0.211981,4,OK,-52.3033,117.687,-1760.96,OK,-100.118,108.888,-1748.29,OK,-114.243,55.9289,-1751.67,OK,-51.517,58.6254,-1768.91,,365925217,Port:2,0,1773324353,618826768,Enabled,0.930121,0.0310299,0.0356894,0.364197,-87.472,271.278,-1592.36,0.144734,3,OK,-87.2979,271.348,-1592.37,OK,-128.999,241.33,-1589.6,OK,-130.186,317.603,-1587.06,,365925217,Port:3,0,1773324353,618826768,Missing,,,,,,,,,4,Missing,,,,Missing,,,,Missing,,,,Missing,,,,,365925217,Port:65535,0,1773324353,618826768,Missing,,,,,,,,,2,OK,-40.9225,206.209,-2041.59,OK,-43.4623,201.773,-2245.84,,,,,,,,,,,,,,,,,,,,,,,,
4,,365925220,Port:1,0,1773324353,668826768,50000000,Enabled,0.728799,0.329791,-0.573368,0.177028,-46.5523,119.908,-1763.82,0.141166,4,OK,-46.4821,119.754,-1763.89,OK,-94.3258,112.405,-1750.7,OK,-109.877,59.7745,-1752.82,OK,-47.3616,60.5057,-1771.06,,365925220,Port:2,0,1773324353,668826768,Enabled,0.930136,0.0308124,0.035592,0.364184,-87.472,271.278,-1592.34,0.142016,3,OK,-87.301,271.344,-1592.35,OK,-128.997,241.331,-1589.58,OK,-130.187,317.61,-1587.07,,365925220,Port:3,0,1773324353,668826768,Missing,,,,,,,,,4,Missing,,,,Missing,,,,Missing,,,,Missing,,,,,365925220,Port:65535,0,1773324353,668826768,Missing,,,,,,,,,2,OK,-40.924,206.203,-2041.57,OK,-43.4539,201.767,-2245.82,,,,,,,,,,,,,,,,,,,,,,,,
4,,365925223,Port:1,0,1773324353,718826768,50000000,Enabled,0.736336,0.319085,-0.572012,0.169693,-40.98,121.426,-1766.27,0.14443,4,OK,-40.9275,121.269,-1766.36,OK,-88.76,115.279,-1752.49,OK,-105.634,63.0303,-1753.8,OK,-43.3327,61.969,-1772.73,,365925223,Port:2,0,1773324353,718826768,Enabled,0.93015,0.0309776,0.0354594,0.364149,-87.4702,271.269,-1592.32,0.14383,3,OK,-87.2962,271.337,-1592.33,OK,-129.001,241.327,-1589.58,OK,-130.182,317.6,-1587.04,,365925223,Port:3,0,1773324353,718826768,Missing,,,,,,,,,4,Missing,,,,Missing,,,,Missing,,,,Missing,,,,,365925223,Port:65535,0,1773324353,718826768,Missing,,,,,,,,,3,OK,-40.9298,206.202,-2041.51,OK,-43.2421,201.762,-2245.88,OK,-64.0013,219.277,-2295.04,,,,,,,,,,,,,,,,,,,,
4,,365925226,Port:1,0,1773324353,768826768,50000000,Enabled,0.741767,0.307973,-0.573363,0.161831,-35.7045,122.456,-1768.3,0.139962,4,OK,-35.6555,122.3,-1768.37,OK,-83.5493,117.742,-1754.2,OK,-101.836,65.9566,-1754.87,OK,-39.7047,63.0251,-1774.12,,365925226,Port:2,0,1773324353,768826768,Enabled,0.930162,0.0306174,0.0353382,0.36416,-87.4713,271.267,-1592.29,0.142767,3,OK,-87.3014,271.337,-1592.3,OK,-129.001,241.32,-1589.55,OK,-130.185,317.602,-1587.06,,365925226,Port:3,0,1773324353,768826768,Missing,,,,,,,,,4,Missing,,,,Missing,,,,Missing,,,,Missing,,,,,365925226,Port:65535,0,1773324353,768826768,Missing,,,,,,,,,2,OK,-40.9133,206.192,-2041.51,OK,-63.827,219.27,-2295.08,,,,,,,,,,,,,,,,,,,,,,,,
4,,365925229,Port:1,0,1773324353,818826768,50000000,Enabled,0.747748,0.298462,-0.572524,0.154948,-31.0557,123.202,-1770.27,0.126387,4,OK,-31.0069,123.053,-1770.3,OK,-78.8517,119.718,-1755.73,OK,-98.3177,68.3348,-1755.62,OK,-36.4527,63.821,-1775.46,,365925229,Port:2,0,1773324353,818826768,Enabled,0.930162,0.0307191,0.0352038,0.364164,-87.4715,271.275,-1592.29,0.141755,3,OK,-87.3023,271.344,-1592.3,OK,-129.001,241.33,-1589.57,OK,-130.185,317.607,-1587.06,,365925229,Port:3,0,1773324353,818826768,Missing,,,,,,,,,4,Missing,,,,Missing,,,,Missing,,,,Missing,,,,,365925229,Port:65535,0,1773324353,818826768,Missing,,,,,,,,,2,OK,-40.9223,206.193,-2041.42,OK,-63.8353,219.279,-2295.17,,,,,,,,,,,,,,,,,,,,,,,,
4,,365925232,Port:1,0,1773324353,868826768,50000000,Enabled,0.753394,0.291494,-0.570521,0.148106,-26.8225,123.587,-1771.71,0.140565,4,OK,-26.7629,123.44,-1771.78,OK,-74.522,121.086,-1756.58,OK,-94.9439,70.0989,-1755.96,OK,-33.3716,64.2814,-1776.44,,365925232,Port:2,0,1773324353,868826768,Enabled,0.930132,0.0311963,0.0356688,0.364156,-87.4715,271.269,-1592.33,0.142108,3,OK,-87.3001,271.338,-1592.34,OK,-128.999,241.329,-1589.58,OK,-130.18,317.592,-1587.02,,365925232,Port:3,0,1773324353,868826768,Missing,,,,,,,,,4,Missing,,,,Missing,,,,Missing,,,,Missing,,,,,365925232,Port:65535,0,1773324353,868826768,Missing,,,,,,,,,3,OK,-40.9129,206.192,-2041.52,OK,-43.8443,201.764,-2245.32,OK,-63.8288,219.28,-2295.22,,,,,,,,,,,,,,,,,,,,
4,,365925235,Port:1,0,1773324353,918826768,50000000,Enabled,0.756609,0.28277,-0.572694,0.140019,-22.3062,123.804,-1772.89,0.125184,4,OK,-22.2607,123.658,-1772.91,OK,-69.9992,122.547,-1757.69,OK,-91.6563,72.0668,-1756.65,OK,-30.3257,64.6527,-1777.32,,365925235,Port:2,0,1773324353,918826768,Enabled,0.930163,0.0308338,0.0351792,0.364155,-87.4662,271.27,-1592.28,0.141356,3,OK,-87.2972,271.34,-1592.29,OK,-128.997,241.329,-1589.57,OK,-130.178,317.598,-1587.03,,365925235,Port:3,0,1773324353,918826768,Missing,,,,,,,,,4,Missing,,,,Missing,,,,Missing,,,,Missing,,,,,365925235,Port:65535,0,1773324353,918826768,Missing,,,,,,,,,3,OK,-40.9304,206.198,-2041.5,OK,-43.5103,201.763,-2245.66,OK,-63.7915,219.269,-2294.92,,,,,,,,,,,,,,,,,,,,
4,,365925238,Port:1,0,1773324353,968826768,50000000,Enabled,0.75993,0.274172,-0.574027,0.133523,-18.3022,124.031,-1774.28,0.131367,4,OK,-18.2712,123.871,-1774.26,OK,-65.9559,123.912,-1758.96,OK,-88.6819,73.8967,-1757.44,OK,-27.6008,65.0428,-1778.28,,365925238,Port:2,0,1773324353,968826768,Enabled,0.930171,0.0306444,0.0353408,0.364134,-87.4722,271.266,-1592.3,0.144472,3,OK,-87.2971,271.335,-1592.31,OK,-129.006,241.328,-1589.57,OK,-130.185,317.599,-1587.07,,365925238,Port:3,0,1773324353,968826768,Missing,,,,,,,,,4,Missing,,,,Missing,,,,Missing,,,,Missing,,,,,365925238,Port:65535,0,1773324353,968826768,Missing,,,,,,,,,3,OK,-40.9315,206.183,-2041.34,OK,-43.4518,201.741,-2245.7,OK,-63.6481,219.292,-2294.18,,,,,,,,,,,,,,,,,,,,
4,,365925241,Port:1,0,1773324354,18826764,49999996,Enabled,0.762584,0.269152,-0.574206,0.127713,-15.5181,124.143,-1775.22,0.131271,4,OK,-15.4879,123.989,-1775.22,OK,-63.0987,124.794,-1759.66,OK,-86.6022,75.1424,-1757.95,OK,-25.7219,65.2848,-1779.04,,365925241,Port:2,0,1773324354,18826764,Enabled,0.930112,0.0308836,0.035894,0.36421,-87.4761,271.277,-1592.35,0.14348,3,OK,-87.3071,271.352,-1592.36,OK,-129.001,241.326,-1589.56,OK,-130.186,317.599,-1587.06,,365925241,Port:3,0,1773324354,18826764,Missing,,,,,,,,,4,Missing,,,,Missing,,,,Missing,,,,Missing,,,,,365925241,Port:65535,0,1773324354,18826764,Missing,,,,,,,,,3,OK,-40.9137,206.2,-2041.55,OK,-43.4492,201.763,-2245.83,OK,-63.3755,219.311,-2292.42,,,,,,,,,,,,,,,,,,,,
4,,365925244,Port:1,0,1773324354,68826764,50000000,Enabled,0.762656,0.266579,-0.575602,0.126386,-14.51,124.173,-1775.57,0.135533,4,OK,-14.4583,124.026,-1775.58,OK,-62.1256,125.115,-1760.11,OK,-85.9185,75.6178,-1758.34,OK,-25.0485,65.3761,-1779.29,,365925244,Port:2,0,1773324354,68826764,Enabled,0.930146,0.0310313,0.0352865,0.364171,-87.4729,271.275,-1592.32,0.14555,3,OK,-87.2961,271.346,-1592.33,OK,-129.007,241.336,-1589.6,OK,-130.187,317.597,-1587.04,,365925244,Port:3,0,1773324354,68826764,Missing,,,,,,,,,4,Missing,,,,Missing,,,,Missing,,,,Missing,,,,,365925244,Port:65535,0,1773324354,68826764,Missing,,,,,,,,,2,OK,-40.9097,206.179,-2041.42,OK,-43.4494,201.74,-2245.64,,,,,,,,,,,,,,,,,,,,,,,,
4,,365925247,Port:1,0,1773324354,118826764,50000000,Enabled,0.761776,0.267529,-0.576262,0.12668,-14.6594,124.153,-1775.45,0.124893,4,OK,-14.6349,124,-1775.45,OK,-62.2968,125.007,-1760.08,OK,-86.003,75.4739,-1758.45,OK,-25.1185,65.3393,-1779.28,,365925247,Port:2,0,1773324354,118826764,Enabled,0.930162,0.0307727,0.0352799,0.364153,-87.4726,271.273,-1592.31,0.142384,3,OK,-87.3008,271.341,-1592.32,OK,-129.003,241.332,-1589.59,OK,-130.186,317.603,-1587.06,,365925247,Port:3,0,1773324354,118826764,Missing,,,,,,,,,4,Missing,,,,Missing,,,,Missing,,,,Missing,,,,,365925247,Port:65535,0,1773324354,118826764,Missing,,,,,,,,,2,OK,-40.9182,206.184,-2041.47,OK,-43.461,201.746,-2245.69,,,,,,,,,,,,,,,,,,,,,,,,
4,,365925250,Port:1,0,1773324354,168826764,50000000,Enabled,0.759484,0.268208,-0.578925,0.126867,-15.1641,124.226,-1775.08,0.129866,4,OK,-15.1395,124.07,-1775.07,OK,-62.9002,125.027,-1760.03,OK,-86.6113,75.4846,-1758.67,OK,-25.5826,65.4277,-1779.15,,365925250,Port:2,0,1773324354,168826764,Enabled,0.930147,0.0308441,0.035271,0.364186,-87.471,271.273,-1592.31,0.145028,3,OK,-87.2964,271.343,-1592.32,OK,-129.003,241.328,-1589.59,OK,-130.187,317.599,-1587.06,,365925250,Port:3,0,1773324354,168826764,Missing,,,,,,,,,4,Missing,,,,Missing,,,,Missing,,,,Missing,,,,,365925250,Port:65535,0,1773324354,168826764,Missing,,,,,,,,,2,OK,-40.908,206.184,-2041.31,OK,-43.4503,201.741,-2245.71,,,,,,,,,,,,,,,,,,,,,,,,
4,,365925253,Port:1,0,1773324354,218826764,50000000,Enabled,0.757568,0.268922,-0.580983,0.1274,-15.876,124.324,-1774.7,0.128695,4,OK,-15.8421,124.171,-1774.74,OK,-63.7043,125.043,-1759.86,OK,-87.3634,75.4807,-1758.83,OK,-26.2092,65.5184,-1778.91,,365925253,Port:2,0,1773324354,218826764,Enabled,0.930135,0.0310788,0.0355886,0.364164,-87.4719,271.275,-1592.34,0.143274,3,OK,-87.3014,271.347,-1592.35,OK,-129.001,241.33,-1589.59,OK,-130.18,317.599,-1587.04,,365925253,Port:3,0,1773324354,218826764,Missing,,,,,,,,,4,Missing,,,,Missing,,,,Missing,,,,Missing,,,,,365925253,Port:65535,0,1773324354,218826764,Missing,,,,,,,,,3,OK,-40.9119,206.192,-2041.49,OK,-43.4529,201.754,-2245.74,OK,-63.4107,219.292,-2292.73,,,,,,,,,,,,,,,,,,,,
4,,365925256,Port:1,0,1773324354,268826764,50000000,Enabled,0.755219,0.270363,-0.583075,0.128732,-16.8639,124.252,-1774.12,0.125449,4,OK,-16.8373,124.096,-1774.13,OK,-64.777,124.793,-1759.62,OK,-88.2889,75.136,-1758.78,OK,-26.9898,65.4262,-1778.57,,365925256,Port:2,0,1773324354,268826764,Enabled,0.930133,0.0311689,0.0354727,0.364175,-87.4689,271.271,-1592.31,0.146184,3,OK,-87.2929,271.344,-1592.32,OK,-129.002,241.329,-1589.58,OK,-130.18,317.59,-1587.01,,365925256,Port:3,0,1773324354,268826764,Missing,,,,,,,,,4,Missing,,,,Missing,,,,Missing,,,,Missing,,,,,365925256,Port:65535,0,1773324354,268826764,Missing,,,,,,,,,3,OK,-40.9149,206.194,-2041.36,OK,-43.4587,201.753,-2245.75,OK,-63.5806,219.281,-2293.63,,,,,,,,,,,,,,,,,,,,
4,,365925259,Port:1,0,1773324354,318826764,50000000,Enabled,0.749955,0.273035,-0.588446,0.129428,-18.4683,123.923,-1772.87,0.126845,4,OK,-18.4236,123.78,-1772.91,OK,-66.5982,124.216,-1758.99,OK,-89.9714,74.5243,-1758.92,OK,-28.3711,65.0978,-1777.87,,365925259,Port:2,0,1773324354,318826764,Enabled,0.930155,0.0307129,0.0352801,0.364175,-87.4736,271.275,-1592.3,0.143782,3,OK,-87.2998,271.344,-1592.32,OK,-129.004,241.333,-1589.58,OK,-130.19,317.605,-1587.07,,365925259,Port:3,0,1773324354,318826764,Missing,,,,,,,,,4,Missing,,,,Missing,,,,Missing,,,,Missing,,,,,365925259,Port:65535,0,1773324354,318826764,Missing,,,,,,,,,3,OK,-40.9238,206.19,-2041.47,OK,-43.4648,201.75,-2245.78,OK,-63.645,219.286,-2294.16,,,,,,,,,,,,,,,,,,,,
4,,365925262,Port:1,0,1773324354,368826764,50000000,Enabled,0.744765,0.280359,-0.590899,0.13252,-21.3313,123.258,-1770.89,0.131726,4,OK,-21.2878,123.114,-1770.97,OK,-69.5837,122.771,-1757.44,OK,-92.2983,72.7621,-1758.19,OK,-30.4069,64.3675,-1776.59,,365925262,Port:2,0,1773324354,368826764,Enabled,0.930118,0.0308907,0.0358184,0.364203,-87.4694,271.273,-1592.33,0.143589,3,OK,-87.2981,271.343,-1592.34,OK,-128.994,241.322,-1589.55,OK,-130.183,317.601,-1587.04,,365925262,Port:3,0,1773324354,368826764,Missing,,,,,,,,,4,Missing,,,,Missing,,,,Missing,,,,Missing,,,,,365925262,Port:65535,0,1773324354,368826764,Missing,,,,,,,,,3,OK,-40.9284,206.204,-2041.57,OK,-43.4694,201.768,-2245.79,OK,-63.7522,219.274,-2294.89,,,,,,,,,,,,,,,,,,,,
4,,365925265,Port:1,0,1773324354,418826764,50000000,Enabled,0.7406,0.288798,-0.591062,0.136942,-24.7108,122.571,-1768.95,0.12852,4,OK,-24.6631,122.418,-1768.99,OK,-73.0241,121.108,-1755.8,OK,-94.8313,70.7167,-1757.11,OK,-32.7272,63.5989,-1775.29,,365925265,Port:2,0,1773324354,418826764,Enabled,0.930121,0.0311568,0.0357378,0.364181,-87.475,271.275,-1592.35,0.141494,3,OK,-87.3069,271.347,-1592.37,OK,-129,241.329,-1589.6,OK,-130.183,317.598,-1587.04,,365925265,Port:3,0,1773324354,418826764,Missing,,,,,,,,,4,Missing,,,,Missing,,,,Missing,,,,Missing,,,,,365925265,Port:65535,0,1773324354,418826764,Missing,,,,,,,,,3,OK,-40.9252,206.195,-2041.45,OK,-43.6184,201.76,-2245.6,OK,-63.8247,219.274,-2295.21,,,,,,,,,,,,,,,,,,,,
4,,365925268,Port:1,0,1773324354,468826764,50000000,Enabled,0.734261,0.296832,-0.594025,0.141014,-28.0203,121.915,-1767.15,0.13969,4,OK,-27.9659,121.766,-1767.23,OK,-76.4586,119.553,-1754.56,OK,-97.4672,68.8438,-1756.78,OK,-35.0328,62.9017,-1774.23,,365925268,Port:2,0,1773324354,468826764,Enabled,0.93018,0.0308656,0.0348962,0.364136,-87.4692,271.266,-1592.27,0.139547,3,OK,-87.2985,271.33,-1592.28,OK,-129.001,241.333,-1589.59,OK,-130.184,317.597,-1587.03,,365925268,Port:3,0,1773324354,468826764,Missing,,,,,,,,,4,Missing,,,,Missing,,,,Missing,,,,Missing,,,,,365925268,Port:65535,0,1773324354,468826764,Missing,,,,,,,,,3,OK,-43.9124,201.769,-2245.05,OK,-40.9256,206.19,-2041.57,OK,-63.8266,219.263,-2295.12,,,,,,,,,,,,,,,,,,,,
4,,365925271,Port:1,0,1773324354,518826764,50000000,Enabled,0.728215,0.302969,-0.598104,0.142069,-30.6907,121.276,-1765.15,0.138594,4,OK,-30.6344,121.122,-1765.22,OK,-79.2628,118.36,-1753.19,OK,-99.8097,67.5308,-1756.27,OK,-37.1365,62.3058,-1773.06,,365925271,Port:2,0,1773324354,518826764,Enabled,0.930162,0.0310552,0.0350913,0.364147,-87.468,271.27,-1592.3,0.142191,3,OK,-87.295,271.337,-1592.31,OK,-129.001,241.333,-1589.6,OK,-130.181,317.596,-1587.03,,365925271,Port:3,0,1773324354,518826764,Missing,,,,,,,,,4,Missing,,,,Missing,,,,Missing,,,,Missing,,,,,365925271,Port:65535,0,1773324354,518826764,Missing,,,,,,,,,2,OK,-40.9021,206.192,-2041.54,OK,-63.8104,219.268,-2295,,,,,,,,,,,,,,,,,,,,,,,,
4,,365925274,Port:1,0,1773324354,568826764,50000000,Enabled,0.721731,0.309838,-0.601909,0.14426,-33.5892,120.426,-1763.16,0.131592,4,OK,-33.5383,120.267,-1763.18,OK,-82.275,116.846,-1751.91,OK,-102.219,65.8271,-1755.79,OK,-39.2732,61.4857,-1771.91,,365925274,Port:2,0,1773324354,568826764,Enabled,0.930157,0.0310222,0.0352282,0.364148,-87.4701,271.273,-1592.32,0.142444,3,OK,-87.2957,271.336,-1592.33,OK,-129.001,241.334,-1589.6,OK,-130.186,317.605,-1587.04,,365925274,Port:3,0,1773324354,568826764,Missing,,,,,,,,,4,Missing,,,,Missing,,,,Missing,,,,Missing,,,,,365925274,Port:65535,0,1773324354,568826764,Missing,,,,,,,,,2,OK,-40.9254,206.207,-2041.53,OK,-63.8274,219.261,-2295.09,,,,,,,,,,,,,,,,,,,,,,,,
4,,365925277,Port:1,0,1773324354,618826764,50000000,Enabled,0.716814,0.318592,-0.602625,0.146693,-36.816,119.421,-1761.03,0.138331,4,OK,-36.7513,119.261,-1761.09,OK,-85.5242,114.961,-1750.1,OK,-104.645,63.7146,-1754.81,OK,-41.5672,60.5198,-1770.57,,365925277,Port:2,0,1773324354,618826764,Enabled,0.93014,0.0309456,0.0352645,0.364196,-87.4708,271.274,-1592.31,0.142342,3,OK,-87.3,271.342,-1592.33,OK,-128.998,241.326,-1589.6,OK,-130.187,317.602,-1587.05,,365925277,Port:3,0,1773324354,618826764,Missing,,,,,,,,,4,Missing,,,,Missing,,,,Missing,,,,Missing,,,,,365925277,Port:65535,0,1773324354,618826764,Missing,,,,,,,,,2,OK,-40.9283,206.204,-2041.56,OK,-63.8231,219.251,-2294.99,,,,,,,,,,,,,,,,,,,,,,,,
4,,365925280,Port:1,0,1773324354,668826764,50000000,Enabled,0.710283,0.329696,-0.603512,0.150239,-40.5387,118.143,-1758.59,0.160974,4,OK,-40.4678,117.989,-1758.71,OK,-89.2315,112.54,-1748.06,OK,-107.304,61.0153,-1753.87,OK,-44.0372,59.3252,-1769.06,,365925280,Port:2,0,1773324354,668826764,Enabled,0.930162,0.0308803,0.0351938,0.364152,-87.4663,271.271,-1592.3,0.145596,3,OK,-87.2897,271.338,-1592.32,OK,-129,241.327,-1589.59,OK,-130.182,317.605,-1587.05,,365925280,Port:3,0,1773324354,668826764,Missing,,,,,,,,,4,Missing,,,,Missing,,,,Missing,,,,Missing,,,,,365925280,Port:65535,0,1773324354,668826764,Missing,,,,,,,,,3,OK,-40.9152,206.203,-2041.52,OK,-43.1514,201.758,-2246.03,OK,-63.9335,219.263,-2295.05,,,,,,,,,,,,,,,,,,,,
4,,365925283,Port:1,0,1773324354,718826764,50000000,Enabled,0.704529,0.341503,-0.602669,0.154291,-44.3812,116.748,-1756.24,0.166596,4,OK,-44.295,116.6,-1756.37,OK,-92.9843,109.888,-1746.04,OK,-109.874,58.0791,-1752.74,OK,-46.531,58.0467,-1767.62,,365925283,Port:2,0,1773324354,718826764,Enabled,0.930153,0.031067,0.0351401,0.364164,-87.4761,271.275,-1592.33,0.140674,3,OK,-87.3046,271.341,-1592.34,OK,-129.006,241.338,-1589.63,OK,-130.191,317.6,-1587.06,,365925283,Port:3,0,1773324354,718826764,Missing,,,,,,,,,4,Missing,,,,Missing,,,,Missing,,,,Missing,,,,,365925283,Port:65535,0,1773324354,718826764,Missing,,,,,,,,,3,OK,-40.9177,206.194,-2041.62,OK,-43.3866,201.759,-2245.73,OK,-64.1664,219.271,-2294.51,,,,,,,,,,,,,,,,,,,,
4,,365925286,Port:1,0,1773324354,768826764,50000000,Enabled,0.698128,0.352073,-0.603157,0.15768,-48.0335,115.337,-1753.96,0.151518,4,OK,-47.9477,115.182,-1754.05,OK,-96.5712,107.395,-1744.28,OK,-112.403,55.385,-1751.82,OK,-48.9731,56.7923,-1766.28,,365925286,Port:2,0,1773324354,768826764,Enabled,0.93016,0.0305705,0.035178,0.364184,-87.4697,271.275,-1592.29,0.146079,3,OK,-87.2937,271.344,-1592.3,OK,-129.003,241.329,-1589.57,OK,-130.189,317.607,-1587.07,,365925286,Port:3,0,1773324354,768826764,Missing,,,,,,,,,4,Missing,,,,Missing,,,,Missing,,,,Missing,,,,,365925286,Port:65535,0,1773324354,768826764,Missing,,,,,,,,,2,OK,-40.9271,206.2,-2041.45,OK,-43.4677,201.761,-2245.79,,,,,,,,,,,,,,,,,,,,,,,,
4,,365925289,Port:1,0,1773324354,818826764,50000000,Enabled,0.692794,0.361788,-0.603244,0.158879,-51.1378,113.912,-1751.56,0.170222,4,OK,-51.031,113.748,-1751.66,OK,-99.6109,105.077,-1742.23,OK,-114.615,52.9857,-1750.65,OK,-51.1337,55.5803,-1764.81,,365925289,Port:2,0,1773324354,818826764,Enabled,0.930137,0.0310835,0.0358217,0.364138,-87.4726,271.271,-1592.34,0.144748,3,OK,-87.2985,271.341,-1592.35,OK,-129.003,241.329,-1589.57,OK,-130.179,317.6,-1587.03,,365925289,Port:3,0,1773324354,818826764,Missing,,,,,,,,,4,Missing,,,,Missing,,,,Missing,,,,Missing,,,,,365925289,Port:65535,0,1773324354,818826764,Missing,,,,,,,,,2,OK,-40.928,206.196,-2041.51,OK,-43.4576,201.759,-2245.72,,,,,,,,,,,,,,,,,,,,,,,,
4,,365925292,Port:1,0,1773324354,868826764,50000000,Enabled,0.690135,0.372159,-0.599551,0.160468,-53.9266,112.258,-1749.18,0.298497,4,OK,-53.7795,112.062,-1749.46,OK,-102.225,102.391,-1739.58,OK,-116.308,50.187,-1748.96,OK,-52.8922,54.1673,-1763.07,,365925292,Port:2,0,1773324354,868826764,Enabled,0.930151,0.0308832,0.0353482,0.364164,-87.4701,271.271,-1592.31,0.145114,3,OK,-87.2957,271.339,-1592.33,OK,-129.001,241.324,-1589.58,OK,-130.184,317.604,-1587.05,,365925292,Port:3,0,1773324354,868826764,Missing,,,,,,,,,4,Missing,,,,Missing,,,,Missing,,,,Missing,,,,,365925292,Port:65535,0,1773324354,868826764,Missing,,,,,,,,,2,OK,-40.9266,206.193,-2041.51,OK,-43.4461,201.757,-2245.72,,,,,,,,,,,,,,,,,,,,,,,,
4,,365925295,Port:1,0,1773324354,918826764,50000000,Enabled,0.687017,0.382633,-0.596828,0.15936,-56.297,110.365,-1746.59,0.469349,4,OK,-56.0656,110.134,-1747.07,OK,-104.493,99.6234,-1736.78,OK,-117.822,47.4365,-1747.32,OK,-54.488,52.6069,-1761.36,,365925295,Port:2,0,1773324354,918826764,Enabled,0.930133,0.0309692,0.0356034,0.364179,-87.4735,271.271,-1592.32,0.143398,3,OK,-87.3013,271.341,-1592.33,OK,-129.001,241.325,-1589.57,OK,-130.186,317.598,-1587.03,,365925295,Port:3,0,1773324354,918826764,Missing,,,,,,,,,4,Missing,,,,Missing,,,,Missing,,,,Missing,,,,,365925295,Port:65535,0,1773324354,918826764,Missing,,,,,,,,,2,OK,-40.9222,206.213,-2041.48,OK,-43.469,201.774,-2245.85,,,,,,,,,,,,,,,,,,,,,,,,
4,,365925298,Port:1,0,1773324354,968826764,50000000,Enabled,0.685793,0.392791,-0.591297,0.160533,-58.7632,108.561,-1744.43,0.569897,4,OK,-58.3481,108.355,-1744.99,OK,-106.788,96.7839,-1734.29,OK,-119.17,44.4674,-1745.42,OK,-56.0469,51.0995,-1759.85,,365925298,Port:2,0,1773324354,968826764,Enabled,0.93013,0.0307105,0.035633,0.364206,-87.4703,271.274,-1592.32,0.140681,3,OK,-87.3011,271.339,-1592.33,OK,-128.991,241.324,-1589.56,OK,-130.188,317.609,-1587.06,,365925298,Port:3,0,1773324354,968826764,Missing,,,,,,,,,4,Missing,,,,Missing,,,,Missing,,,,Missing,,,,,365925298,Port:65535,0,1773324354,968826764,Missing,,,,,,,,,2,OK,-40.9298,206.182,-2041.45,OK,-43.4617,201.743,-2245.72,,,,,,,,,,,,,,,,,,,,,,,,
4,,365925301,Port:1,0,1773324355,18826764,50000000,Enabled,0.678486,0.405049,-0.591217,0.161414,-61.4594,106.739,-1741.83,0.311603,4,OK,-61.0842,106.645,-1742.01,OK,-109.268,93.9478,-1732.58,OK,-120.642,41.5553,-1744.25,OK,-57.6634,49.5642,-1758.73,,365925301,Port:2,0,1773324355,18826764,Enabled,0.930126,0.0311209,0.0356042,0.364183,-87.4701,271.273,-1592.33,0.14337,3,OK,-87.2949,271.338,-1592.35,OK,-128.997,241.33,-1589.59,OK,-130.185,317.598,-1587.03,,365925301,Port:3,0,1773324355,18826764,Missing,,,,,,,,,4,Missing,,,,Missing,,,,Missing,,,,Missing,,,,,365925301,Port:65535,0,1773324355,18826764,Missing,,,,,,,,,2,OK,-40.9063,206.193,-2041.58,OK,-43.4472,201.755,-2245.86,,,,,,,,,,,,,,,,,,,,,,,,
4,,365925304,Port:1,0,1773324355,68826764,50000000,Enabled,0.674011,0.414382,-0.588814,0.165209,-64.1944,105.151,-1740.06,0.16158,4,OK,-64.061,105.026,-1740.16,OK,-111.586,91.3863,-1731.13,OK,-122.047,38.9123,-1743.3,OK,-59.2151,48.1739,-1757.64,,365925304,Port:2,0,1773324355,68826764,Enabled,0.930133,0.0309607,0.0354965,0.364191,-87.4685,271.275,-1592.32,0.145795,3,OK,-87.2929,271.345,-1592.33,OK,-128.998,241.328,-1589.58,OK,-130.184,317.602,-1587.04,,365925304,Port:3,0,1773324355,68826764,Missing,,,,,,,,,4,Missing,,,,Missing,,,,Missing,,,,Missing,,,,,365925304,Port:65535,0,1773324355,68826764,Missing,,,,,,,,,3,OK,-40.9195,206.206,-2041.5,OK,-43.4527,201.768,-2245.83,OK,-63.7804,219.271,-2295.14,,,,,,,,,,,,,,,,,,,,
4,,365925307,Port:1,0,1773324355,118826771,50000007,Enabled,0.669007,0.422438,-0.588621,0.165834,-66.5522,103.615,-1738.24,0.1705,4,OK,-66.4232,103.496,-1738.37,OK,-113.809,89.1499,-1729.63,OK,-123.576,36.7446,-1742.65,OK,-60.8148,46.9446,-1756.58,,365925307,Port:2,0,1773324355,118826771,Enabled,0.930153,0.0307207,0.0355055,0.364159,-87.4719,271.273,-1592.29,0.142025,3,OK,-87.3006,271.34,-1592.31,OK,-128.999,241.329,-1589.55,OK,-130.186,317.607,-1587.04,,365925307,Port:3,0,1773324355,118826771,Missing,,,,,,,,,4,Missing,,,,Missing,,,,Missing,,,,Missing,,,,,365925307,Port:65535,0,1773324355,118826771,Missing,,,,,,,,,3,OK,-40.9061,206.172,-2041.27,OK,-43.4491,201.731,-2245.57,OK,-63.8336,219.271,-2295.09,,,,,,,,,,,,,,,,,,,,
4,,365925310,Port:1,0,1773324355,168826771,50000000,Enabled,0.665024,0.428571,-0.588284,0.167308,-68.8369,102.288,-1736.85,0.176453,4,OK,-68.7039,102.172,-1737,OK,-115.962,87.2348,-1728.53,OK,-125.125,34.8445,-1742.12,OK,-62.4223,45.8662,-1755.71,,365925310,Port:2,0,1773324355,168826771,Enabled,0.930131,0.0310581,0.0357375,0.364162,-87.4782,271.271,-1592.32,0.140095,3,OK,-87.309,271.339,-1592.34,OK,-129.003,241.332,-1589.56,OK,-130.187,317.595,-1587.02,,365925310,Port:3,0,1773324355,168826771,Missing,,,,,,,,,4,Missing,,,,Missing,,,,Missing,,,,Missing,,,,,365925310,Port:65535,0,1773324355,168826771,Missing,,,,,,,,,3,OK,-40.9266,206.196,-2041.56,OK,-43.4579,201.759,-2245.79,OK,-63.8165,219.252,-2295.08,,,,,,,,,,,,,,,,,,,,
4,,365925313,Port:1,0,1773324355,218826764,49999993,Enabled,0.66087,0.434535,-0.588046,0.169211,-71.0464,101.066,-1735.57,0.162275,4,OK,-70.9054,100.949,-1735.67,OK,-118.038,85.4138,-1727.64,OK,-126.537,33.0526,-1741.67,OK,-63.946,44.8989,-1754.94,,365925313,Port:2,0,1773324355,218826764,Enabled,0.930155,0.0310697,0.0351093,0.364161,-87.4689,271.275,-1592.3,0.143058,3,OK,-87.2955,271.343,-1592.31,OK,-129.001,241.335,-1589.6,OK,-130.183,317.602,-1587.02,,365925313,Port:3,0,1773324355,218826764,Missing,,,,,,,,,4,Missing,,,,Missing,,,,Missing,,,,Missing,,,,,365925313,Port:65535,0,1773324355,218826764,Missing,,,,,,,,,3,OK,-40.9182,206.207,-2041.54,OK,-43.4685,201.771,-2245.8,OK,-63.8167,219.28,-2295.36,,,,,,,,,,,,,,,,,,,,
4,,365925316,Port:1,0,1773324355,268826764,50000000,Enabled,0.656898,0.441296,-0.587271,0.169867,-72.943,99.7011,-1734.18,0.159372,4,OK,-72.8079,99.5928,-1734.29,OK,-119.786,83.4677,-1726.49,OK,-127.685,31.1629,-1741.16,OK,-65.1772,43.8193,-1754.17,,365925316,Port:2,0,1773324355,268826764,Enabled,0.930122,0.0312012,0.0357082,0.364177,-87.4724,271.276,-1592.34,0.143266,3,OK,-87.2998,271.346,-1592.35,OK,-128.999,241.332,-1589.58,OK,-130.183,317.6,-1587.02,,365925316,Port:3,0,1773324355,268826764,Missing,,,,,,,,,4,Missing,,,,Missing,,,,Missing,,,,Missing,,,,,365925316,Port:65535,0,1773324355,268826764,Missing,,,,,,,,,3,OK,-40.9247,206.203,-2041.53,OK,-43.4627,201.765,-2245.82,OK,-63.838,219.277,-2295.1,,,,,,,,,,,,,,,,,,,,
4,,365925319,Port:1,0,1773324355,318826764,50000000,Enabled,0.653652,0.447912,-0.586404,0.16806,-74.4494,98.3218,-1732.32,0.181225,4,OK,-74.3129,98.1938,-1732.46,OK,-121.168,81.6248,-1724.79,OK,-128.702,29.5106,-1740.17,OK,-66.2979,42.7909,-1753.06,,365925319,Port:2,0,1773324355,318826764,Enabled,0.93014,0.0309576,0.0354835,0.364172,-87.4724,271.272,-1592.31,0.14202,3,OK,-87.3023,271.34,-1592.33,OK,-129,241.326,-1589.57,OK,-130.184,317.601,-1587.04,,365925319,Port:3,0,1773324355,318826764,Missing,,,,,,,,,4,Missing,,,,Missing,,,,Missing,,,,Missing,,,,,365925319,Port:65535,0,1773324355,318826764,Missing,,,,,,,,,3,OK,-40.9225,206.187,-2041.46,OK,-43.4559,201.748,-2245.73,OK,-63.8191,219.257,-2295.06,,,,,,,,,,,,,,,,,,,,
4,,365925322,Port:1,0,1773324355,368826771,50000007,Enabled,0.651295,0.457865,-0.581128,0.168714,-76.3401,96.5126,-1730.52,0.162913,4,OK,-76.2003,96.4176,-1730.64,OK,-122.7,78.8936,-1722.9,OK,-129.401,26.8188,-1738.87,OK,-67.3329,41.3762,-1752.03,,365925322,Port:2,0,1773324355,368826771,Enabled,0.93013,0.0309793,0.0354791,0.364198,-87.4707,271.276,-1592.31,0.143121,3,OK,-87.2964,271.342,-1592.32,OK,-128.998,241.332,-1589.57,OK,-130.188,317.6,-1587.03,,365925322,Port:3,0,1773324355,368826771,Missing,,,,,,,,,4,Missing,,,,Missing,,,,Missing,,,,Missing,,,,,365925322,Port:65535,0,1773324355,368826771,Missing,,,,,,,,,3,OK,-40.9158,206.19,-2041.4,OK,-43.4586,201.749,-2245.79,OK,-63.8227,219.279,-2295.25,,,,,,,,,,,,,,,,,,,,
4,,365925325,Port:1,0,1773324355,418826771,50000000,Enabled,0.6473,0.46782,-0.577383,0.169633,-78.1731,94.3757,-1728.68,0.170623,4,OK,-78.0253,94.2716,-1728.8,OK,-124.202,75.8445,-1721.18,OK,-130.031,23.8807,-1737.88,OK,-68.2603,39.7315,-1751,,365925325,Port:2,0,1773324355,418826771,Enabled,0.930134,0.0308114,0.0357423,0.364176,-87.4699,271.272,-1592.32,0.143653,3,OK,-87.2998,271.345,-1592.33,OK,-128.997,241.323,-1589.55,OK,-130.18,317.602,-1587.05,,365925325,Port:3,0,1773324355,418826771,Missing,,,,,,,,,4,Missing,,,,Missing,,,,Missing,,,,Missing,,,,,365925325,Port:65535,0,1773324355,418826771,Missing,,,,,,,,,3,OK,-40.9076,206.198,-2041.49,OK,-43.4556,201.761,-2245.73,OK,-63.813,219.26,-2295.16,,,,,,,,,,,,,,,,,,,,
4,,365925328,Port:1,0,1773324355,468826764,49999993,Enabled,0.645605,0.476022,-0.571509,0.173132,-80.2656,92.5418,-1727.33,0.173733,4,OK,-80.1239,92.4409,-1727.47,OK,-125.871,73.0424,-1719.7,OK,-130.747,21.0832,-1736.72,OK,-69.3696,38.2416,-1750.03,,365925328,Port:2,0,1773324355,468826764,Enabled,0.930121,0.0312289,0.0358232,0.364166,-87.4756,271.272,-1592.36,0.144624,3,OK,-87.3003,271.341,-1592.37,OK,-129.004,241.329,-1589.59,OK,-130.185,317.595,-1587.03,,365925328,Port:3,0,1773324355,468826764,Missing,,,,,,,,,4,Missing,,,,Missing,,,,Missing,,,,Missing,,,,,365925328,Port:65535,0,1773324355,468826764,Missing,,,,,,,,,3,OK,-40.9186,206.191,-2041.55,OK,-43.4667,201.754,-2245.74,OK,-63.8086,219.268,-2295.18,,,,,,,,,,,,,,,,,,,,
4,,365925331,Port:1,0,1773324355,518826764,50000000,Enabled,0.641981,0.483785,-0.56811,0.176246,-82.4772,90.7723,-1726.19,0.192268,4,OK,-82.3163,90.6714,-1726.35,OK,-127.74,70.4055,-1718.73,OK,-131.715,18.5287,-1736.22,OK,-70.6484,36.8885,-1749.35,,365925331,Port:2,0,1773324355,518826764,Enabled,0.930121,0.0310863,0.0356253,0.364196,-87.4722,271.282,-1592.35,0.144085,3,OK,-87.2999,271.354,-1592.36,OK,-128.999,241.334,-1589.6,OK,-130.185,317.606,-1587.05,,365925331,Port:3,0,1773324355,518826764,Missing,,,,,,,,,4,Missing,,,,Missing,,,,Missing,,,,Missing,,,,,365925331,Port:65535,0,1773324355,518826764,Missing,,,,,,,,,3,OK,-40.9207,206.201,-2041.45,OK,-43.4462,201.762,-2245.75,OK,-63.8109,219.261,-2295.1,,,,,,,,,,,,,,,,,,,,
4,,365925334,Port:1,0,1773324355,568826764,50000000,Enabled,0.638834,0.490949,-0.565216,0.177175,-84.2266,89.2304,-1725.06,0.19498,4,OK,-84.0781,89.1336,-1725.23,OK,-129.218,68.1957,-1717.7,OK,-132.517,16.4636,-1735.74,OK,-71.7039,35.7237,-1748.78,,365925334,Port:2,0,1773324355,568826764,Enabled,0.930145,0.0310387,0.0354466,0.364156,-87.4708,271.272,-1592.32,0.142531,3,OK,-87.2989,271.34,-1592.33,OK,-129,241.329,-1589.59,OK,-130.182,317.602,-1587.03,,365925334,Port:3,0,1773324355,568826764,Missing,,,,,,,,,4,Missing,,,,Missing,,,,Missing,,,,Missing,,,,,365925334,Port:65535,0,1773324355,568826764,Missing,,,,,,,,,3,OK,-40.9112,206.2,-2041.5,OK,-43.4582,201.765,-2245.72,OK,-63.8163,219.285,-2295.2,,,,,,,,,,,,,,,,,,,,
4,,365925337,Port:1,0,1773324355,618826771,50000007,Enabled,0.636226,0.494349,-0.564755,0.178573,-85.5114,88.1674,-1724.16,0.194442,4,OK,-85.3585,88.0666,-1724.33,OK,-130.344,66.7743,-1717.04,OK,-133.268,15.1079,-1735.34,OK,-72.582,34.8976,-1748.11,,365925337,Port:2,0,1773324355,618826771,Enabled,0.930156,0.0309541,0.0351654,0.364163,-87.4704,271.272,-1592.3,0.142156,3,OK,-87.2994,271.34,-1592.31,OK,-129.001,241.329,-1589.59,OK,-130.184,317.603,-1587.04,,365925337,Port:3,0,1773324355,618826771,Missing,,,,,,,,,4,Missing,,,,Missing,,,,Missing,,,,Missing,,,,,365925337,Port:65535,0,1773324355,618826771,Missing,,,,,,,,,3,OK,-40.9191,206.192,-2041.39,OK,-43.4512,201.751,-2245.76,OK,-63.8216,219.269,-2295.05,,,,,,,,,,,,,,,,,,,,
4,,365925340,Port:1,0,1773324355,668826771,50000000,Enabled,0.633818,0.498802,-0.563359,0.179158,-86.72,87.0726,-1723.41,0.175324,4,OK,-86.5674,86.9886,-1723.54,OK,-131.412,65.2866,-1716.45,OK,-133.888,13.7139,-1735.06,OK,-73.3353,34.0433,-1747.77,,365925340,Port:2,0,1773324355,668826771,Enabled,0.930156,0.0309026,0.0353495,0.364149,-87.472,271.27,-1592.31,0.143788,3,OK,-87.3012,271.342,-1592.32,OK,-129.004,241.325,-1589.58,OK,-130.181,317.601,-1587.04,,365925340,Port:3,0,1773324355,668826771,Missing,,,,,,,,,4,Missing,,,,Missing,,,,Missing,,,,Missing,,,,,365925340,Port:65535,0,1773324355,668826771,Missing,,,,,,,,,3,OK,-40.9168,206.187,-2041.42,OK,-43.4727,201.747,-2245.73,OK,-63.8228,219.269,-2295.1,,,,,,,,,,,,,,,,,,,,
4,,365925343,Port:1,0,1773324355,718826764,49999993,Enabled,0.632489,0.502297,-0.561517,0.179873,-87.6349,86.0937,-1722.64,0.176179,4,OK,-87.4802,86.0028,-1722.77,OK,-132.152,63.9478,-1715.73,OK,-134.289,12.4573,-1734.53,OK,-73.9186,33.2784,-1747.25,,365925343,Port:2,0,1773324355,718826764,Enabled,0.930144,0.0310194,0.0353248,0.364173,-87.4689,271.275,-1592.31,0.143676,3,OK,-87.2977,271.346,-1592.32,OK,-128.999,241.328,-1589.59,OK,-130.181,317.604,-1587.04,,365925343,Port:3,0,1773324355,718826764,Missing,,,,,,,,,4,Missing,,,,Missing,,,,Missing,,,,Missing,,,,,365925343,Port:65535,0,1773324355,718826764,Missing,,,,,,,,,3,OK,-40.925,206.197,-2041.46,OK,-43.4627,201.757,-2245.83,OK,-63.8207,219.26,-2295.08,,,,,,,,,,,,,,,,,,,,
4,,365925346,Port:1,0,1773324355,768826764,50000000,Enabled,0.629797,0.505755,-0.561567,0.179471,-88.5048,85.0582,-1721.73,0.178668,4,OK,-88.3416,84.9583,-1721.85,OK,-132.94,62.6685,-1715.07,OK,-134.817,11.3166,-1734.24,OK,-74.5381,32.4997,-1746.72,,365925346,Port:2,0,1773324355,768826764,Enabled,0.930124,0.0310334,0.0357016,0.364187,-87.4732,271.276,-1592.34,0.145387,3,OK,-87.2973,271.345,-1592.35,OK,-129.002,241.33,-1589.58,OK,-130.187,317.601,-1587.04,,365925346,Port:3,0,1773324355,768826764,Missing,,,,,,,,,4,Missing,,,,Missing,,,,Missing,,,,Missing,,,,,365925346,Port:65535,0,1773324355,768826764,Missing,,,,,,,,,3,OK,-40.9265,206.197,-2041.47,OK,-43.4415,201.758,-2245.77,OK,-63.816,219.279,-2295.29,,,,,,,,,,,,,,,,,,,,
4,,365925349,Port:1,0,1773324355,818826764,50000000,Enabled,0.627737,0.510178,-0.559988,0.179103,-89.4325,83.9312,-1720.81,0.176182,4,OK,-89.2745,83.8538,-1720.94,OK,-133.715,61.1958,-1714.22,OK,-135.269,9.96632,-1733.81,OK,-75.1217,31.6343,-1746.22,,365925349,Port:2,0,1773324355,818826764,Enabled,0.930145,0.0308917,0.0355168,0.364162,-87.4717,271.275,-1592.3,0.142097,3,OK,-87.2987,271.342,-1592.32,OK,-129,241.337,-1589.56,OK,-130.185,317.602,-1587.03,,365925349,Port:3,0,1773324355,818826764,Missing,,,,,,,,,4,Missing,,,,Missing,,,,Missing,,,,Missing,,,,,365925349,Port:65535,0,1773324355,818826764,Missing,,,,,,,,,3,OK,-40.9297,206.185,-2041.45,OK,-43.456,201.745,-2245.71,OK,-63.8262,219.267,-2295.17,,,,,,,,,,,,,,,,,,,,
4,,365925352,Port:1,0,1773324355,868826771,50000007,Enabled,0.625501,0.515734,-0.557371,0.179176,-90.584,82.5305,-1719.78,0.171764,4,OK,-90.4307,82.4563,-1719.9,OK,-134.637,59.3253,-1713.26,OK,-135.726,8.22583,-1733.26,OK,-75.8195,30.5738,-1745.68,,365925352,Port:2,0,1773324355,868826771,Enabled,0.930143,0.0310429,0.0354492,0.364162,-87.4725,271.274,-1592.33,0.142451,3,OK,-87.3031,271.347,-1592.35,OK,-129.002,241.331,-1589.6,OK,-130.181,317.598,-1587.05,,365925352,Port:3,0,1773324355,868826771,Missing,,,,,,,,,4,Missing,,,,Missing,,,,Missing,,,,Missing,,,,,365925352,Port:65535,0,1773324355,868826771,Missing,,,,,,,,,3,OK,-40.9267,206.199,-2041.59,OK,-43.4623,201.763,-2245.79,OK,-63.8287,219.254,-2295.16,,,,,,,,,,,,,,,,,,,,
4,,365925355,Port:1,0,1773324355,918826771,50000000,Enabled,0.62308,0.522868,-0.553225,0.179785,-91.8571,80.7857,-1718.48,0.185295,4,OK,-91.7031,80.7175,-1718.64,OK,-135.551,56.9052,-1711.95,OK,-136.03,5.99218,-1732.49,OK,-76.4923,29.2816,-1744.9,,365925355,Port:2,0,1773324355,918826771,Enabled,0.93015,0.030765,0.0353511,0.364177,-87.4687,271.274,-1592.29,0.144078,3,OK,-87.295,271.344,-1592.31,OK,-128.999,241.331,-1589.56,OK,-130.184,317.602,-1587.05,,365925355,Port:3,0,1773324355,918826771,Missing,,,,,,,,,4,Missing,,,,Missing,,,,Missing,,,,Missing,,,,,365925355,Port:65535,0,1773324355,918826771,Missing,,,,,,,,,3,OK,-40.9149,206.19,-2041.5,OK,-43.4508,201.752,-2245.73,OK,-63.8128,219.25,-2295.02,,,,,,,,,,,,,,,,,,,,
4,,365925358,Port:1,0,1773324355,968826764,49999993,Enabled,0.619924,0.530975,-0.548606,0.181083,-93.1427,78.8083,-1717.24,0.173878,4,OK,-92.982,78.7339,-1717.35,OK,-136.426,54.1504,-1710.85,OK,-136.126,3.43686,-1731.81,OK,-77.0239,27.8452,-1744.29,,365925358,Port:2,0,1773324355,968826764,Enabled,0.930163,0.0309542,0.035341,0.364128,-87.4704,271.264,-1592.28,0.14171,3,OK,-87.2992,271.333,-1592.29,OK,-129.002,241.329,-1589.55,OK,-130.179,317.592,-1587.01,,365925358,Port:3,0,1773324355,968826764,Missing,,,,,,,,,4,Missing,,,,Missing,,,,Missing,,,,Missing,,,,,365925358,Port:65535,0,1773324355,968826764,Missing,,,,,,,,,3,OK,-40.9289,206.188,-2041.47,OK,-43.4557,201.75,-2245.8,OK,-63.8214,219.285,-2295.26,,,,,,,,,,,,,,,,,,,,
4,,365925361,Port:1,0,1773324356,18826765,50000001,Enabled,0.616201,0.539099,-0.544127,0.183289,-94.5248,76.7566,-1716.11,0.181732,4,OK,-94.3706,76.6963,-1716.26,OK,-137.343,51.2747,-1709.83,OK,-136.197,0.778736,-1731.39,OK,-77.5595,26.3498,-1743.67,,365925361,Port:2,0,1773324356,18826765,Enabled,0.93015,0.0308158,0.0352863,0.364178,-87.4653,271.272,-1592.3,0.145152,3,OK,-87.2902,271.342,-1592.31,OK,-128.997,241.328,-1589.58,OK,-130.182,317.601,-1587.05,,365925361,Port:3,0,1773324356,18826765,Missing,,,,,,,,,4,Missing,,,,Missing,,,,Missing,,,,Missing,,,,,365925361,Port:65535,0,1773324356,18826765,Missing,,,,,,,,,3,OK,-40.9227,206.206,-2041.53,OK,-43.4607,201.768,-2245.85,OK,-63.8277,219.277,-2295.09,,,,,,,,,,,,,,,,,,,,
4,,365925364,Port:1,0,1773324356,68826765,50000000,Enabled,0.613772,0.545757,-0.539004,0.186836,-95.8812,74.9206,-1715.26,0.179887,4,OK,-95.7211,74.866,-1715.4,OK,-138.215,48.6306,-1709.03,OK,-136.212,-1.71569,-1730.82,OK,-78.0833,24.972,-1743.12,,365925364,Port:2,0,1773324356,68826765,Enabled,0.930141,0.0309167,0.0355489,0.364167,-87.4729,271.27,-1592.31,0.142675,3,OK,-87.3013,271.34,-1592.32,OK,-129.002,241.329,-1589.56,OK,-130.184,317.596,-1587.03,,365925364,Port:3,0,1773324356,68826765,Missing,,,,,,,,,4,Missing,,,,Missing,,,,Missing,,,,Missing,,,,,365925364,Port:65535,0,1773324356,68826765,Missing,,,,,,,,,3,OK,-40.9166,206.18,-2041.48,OK,-43.4554,201.741,-2245.68,OK,-63.8209,219.268,-2295.12,,,,,,,,,,,,,,,,,,,,
4,,365925367,Port:1,0,1773324356,118826766,50000001,Enabled,0.611492,0.553684,-0.533061,0.188037,-97.1056,72.9415,-1714.06,0.193544,4,OK,-96.9623,72.8757,-1714.24,OK,-138.944,45.8821,-1707.74,OK,-136.198,-4.23777,-1730.06,OK,-78.6093,23.5433,-1742.46,,365925367,Port:2,0,1773324356,118826766,Enabled,0.930148,0.0307879,0.0352588,0.36419,-87.4682,271.275,-1592.29,0.143114,3,OK,-87.2951,271.341,-1592.3,OK,-128.997,241.329,-1589.57,OK,-130.187,317.606,-1587.04,,365925367,Port:3,0,1773324356,118826766,Missing,,,,,,,,,4,Missing,,,,Missing,,,,Missing,,,,Missing,,,,,365925367,Port:65535,0,1773324356,118826766,Missing,,,,,,,,,3,OK,-40.924,206.202,-2041.48,OK,-43.456,201.762,-2245.88,OK,-63.8347,219.291,-2295.23,,,,,,,,,,,,,,,,,,,,
4,,365925370,Port:1,0,1773324356,168826766,50000000,Enabled,0.609329,0.5604,-0.527558,0.190663,-98.2783,71.1373,-1713.13,0.200077,4,OK,-98.1188,71.0827,-1713.31,OK,-139.626,43.3197,-1706.79,OK,-136.096,-6.62248,-1729.42,OK,-79.0563,22.2332,-1741.87,,365925370,Port:2,0,1773324356,168826766,Enabled,0.930158,0.0310371,0.0351577,0.364153,-87.468,271.273,-1592.31,0.144141,3,OK,-87.2925,271.341,-1592.32,OK,-129.002,241.336,-1589.6,OK,-130.182,317.596,-1587.04,,365925370,Port:3,0,1773324356,168826766,Missing,,,,,,,,,4,Missing,,,,Missing,,,,Missing,,,,Missing,,,,,365925370,Port:65535,0,1773324356,168826766,Missing,,,,,,,,,3,OK,-40.9311,206.197,-2041.64,OK,-43.4753,201.762,-2245.8,OK,-63.8261,219.273,-2295.15,,,,,,,,,,,,,,,,,,,,
4,,365925373,Port:1,0,1773324356,218826766,50000000,Enabled,0.607648,0.565846,-0.523621,0.190794,-98.9498,69.7574,-1712.22,0.205341,4,OK,-98.7903,69.701,-1712.41,OK,-139.956,41.4356,-1705.88,OK,-136.009,-8.29567,-1728.86,OK,-79.3269,21.2759,-1741.4,,365925373,Port:2,0,1773324356,218826766,Enabled,0.930158,0.0308669,0.0353808,0.364145,-87.4722,271.272,-1592.3,0.144305,3,OK,-87.2968,271.34,-1592.31,OK,-129.004,241.333,-1589.57,OK,-130.186,317.604,-1587.04,,365925373,Port:3,0,1773324356,218826766,Missing,,,,,,,,,4,Missing,,,,Missing,,,,Missing,,,,Missing,,,,,365925373,Port:65535,0,1773324356,218826766,Missing,,,,,,,,,3,OK,-40.9374,206.208,-2041.43,OK,-43.4712,201.766,-2245.87,OK,-63.8237,219.276,-2295.08,,,,,,,,,,,,,,,,,,,,
4,,365925376,Port:1,0,1773324356,268826765,49999999,Enabled,0.605993,0.569233,-0.521681,0.1913,-99.3432,68.8217,-1711.67,0.175907,4,OK,-99.1849,68.7792,-1711.81,OK,-140.133,40.2031,-1705.45,OK,-135.872,-9.43252,-1728.6,OK,-79.4358,20.6091,-1741.13,,365925376,Port:2,0,1773324356,268826765,Enabled,0.930112,0.031071,0.0356861,0.364215,-87.4704,271.277,-1592.32,0.141823,3,OK,-87.3017,271.349,-1592.34,OK,-128.994,241.327,-1589.57,OK,-130.183,317.598,-1587.02,,365925376,Port:3,0,1773324356,268826765,Missing,,,,,,,,,4,Missing,,,,Missing,,,,Missing,,,,Missing,,,,,365925376,Port:65535,0,1773324356,268826765,Missing,,,,,,,,,3,OK,-40.9076,206.18,-2041.29,OK,-43.4601,201.739,-2245.61,OK,-63.8154,219.288,-2295.15,,,,,,,,,,,,,,,,,,,,
4,,365925379,Port:1,0,1773324356,318826765,50000000,Enabled,0.606113,0.571475,-0.51908,0.191309,-99.5922,68.1922,-1711.39,0.180769,4,OK,-99.4367,68.1448,-1711.52,OK,-140.236,39.3582,-1705.04,OK,-135.767,-10.2151,-1728.29,OK,-79.5303,20.1166,-1741.03,,365925379,Port:2,0,1773324356,318826765,Enabled,0.930132,0.0310687,0.0354987,0.364182,-87.4761,271.275,-1592.33,0.141792,3,OK,-87.3047,271.34,-1592.34,OK,-129.001,241.328,-1589.59,OK,-130.191,317.607,-1587.04,,365925379,Port:3,0,1773324356,318826765,Missing,,,,,,,,,4,Missing,,,,Missing,,,,Missing,,,,Missing,,,,,365925379,Port:65535,0,1773324356,318826765,Missing,,,,,,,,,3,OK,-40.9168,206.201,-2041.52,OK,-43.4548,201.761,-2245.86,OK,-63.8217,219.27,-2295.19,,,,,,,,,,,,,,,,,,,,
4,,365925382,Port:1,0,1773324356,368826766,50000001,Enabled,0.60506,0.574152,-0.516976,0.192321,-100.214,67.3392,-1711,0.196391,4,OK,-100.054,67.2957,-1711.16,OK,-140.649,38.2014,-1704.64,OK,-135.879,-11.2636,-1728.08,OK,-79.8695,19.4819,-1740.76,,365925382,Port:2,0,1773324356,368826766,Enabled,0.930149,0.030903,0.0354571,0.364158,-87.4688,271.281,-1592.33,0.145727,3,OK,-87.2938,271.351,-1592.34,OK,-129.001,241.335,-1589.59,OK,-130.181,317.612,-1587.06,,365925382,Port:3,0,1773324356,368826766,Missing,,,,,,,,,4,Missing,,,,Missing,,,,Missing,,,,Missing,,,,,365925382,Port:65535,0,1773324356,368826766,Missing,,,,,,,,,3,OK,-40.919,206.206,-2041.46,OK,-43.4508,201.769,-2245.75,OK,-63.8176,219.27,-2295.09,,,,,,,,,,,,,,,,,,,,
4,,365925385,Port:1,0,1773324356,418826766,50000000,Enabled,0.602815,0.578584,-0.514119,0.193742,-101.103,65.879,-1710.24,0.190075,4,OK,-100.947,65.8452,-1710.4,OK,-141.216,36.2923,-1703.99,OK,-135.963,-13.006,-1727.71,OK,-80.3044,18.391,-1740.28,,365925385,Port:2,0,1773324356,418826766,Enabled,0.930129,0.0312092,0.0356384,0.364164,-87.4737,271.276,-1592.33,0.14007,3,OK,-87.3048,271.345,-1592.34,OK,-129,241.337,-1589.58,OK,-130.182,317.596,-1587.01,,365925385,Port:3,0,1773324356,418826766,Missing,,,,,,,,,4,Missing,,,,Missing,,,,Missing,,,,Missing,,,,,365925385,Port:65535,0,1773324356,418826766,Missing,,,,,,,,,3,OK,-40.9295,206.184,-2041.41,OK,-43.4518,201.745,-2245.68,OK,-63.8294,219.251,-2295.19,,,,,,,,,,,,,,,,,,,,
4,,365925388,Port:1,0,1773324356,468826766,50000000,Enabled,0.598033,0.584946,-0.511762,0.195691,-102.31,63.697,-1709.17,0.165008,4,OK,-102.143,63.6735,-1709.27,OK,-142.029,33.5164,-1703.36,OK,-136.064,-15.4799,-1727.47,OK,-80.8388,16.8065,-1739.69,,365925388,Port:2,0,1773324356,468826766,Enabled,0.930149,0.0306901,0.0355273,0.364169,-87.4712,271.274,-1592.31,0.145767,3,OK,-87.2946,271.341,-1592.32,OK,-129.002,241.329,-1589.56,OK,-130.188,317.607,-1587.06,,365925388,Port:3,0,1773324356,468826766,Missing,,,,,,,,,4,Missing,,,,Missing,,,,Missing,,,,Missing,,,,,365925388,Port:65535,0,1773324356,468826766,Missing,,,,,,,,,3,OK,-40.9374,206.21,-2041.44,OK,-43.4599,201.769,-2245.91,OK,-63.837,219.244,-2294.94,,,,,,,,,,,,,,,,,,,,
4,,365925391,Port:1,0,1773324356,518826765,49999999,Enabled,0.590293,0.59256,-0.511964,0.195753,-103.542,60.8058,-1707.79,0.182069,4,OK,-103.386,60.7902,-1707.93,OK,-142.981,30.109,-1702.69,OK,-136.353,-18.3715,-1727.74,OK,-81.3847,14.6935,-1739.03,,365925391,Port:2,0,1773324356,518826765,Enabled,0.930145,0.0309325,0.0353575,0.364174,-87.4685,271.274,-1592.32,0.143744,3,OK,-87.2968,271.345,-1592.33,OK,-128.998,241.327,-1589.59,OK,-130.182,317.605,-1587.05,,365925391,Port:3,0,1773324356,518826765,Missing,,,,,,,,,4,Missing,,,,Missing,,,,Missing,,,,Missing,,,,,365925391,Port:65535,0,1773324356,518826765,Missing,,,,,,,,,3,OK,-40.9061,206.186,-2041.46,OK,-43.4492,201.747,-2245.75,OK,-63.8177,219.266,-2295.17,,,,,,,,,,,,,,,,,,,,
4,,365925394,Port:1,0,1773324356,568826765,50000000,Enabled,0.585609,0.599357,-0.508499,0.198146,-104.575,58.1716,-1706.55,0.185619,4,OK,-104.412,58.1583,-1706.71,OK,-143.519,26.8071,-1701.78,OK,-136.12,-21.3168,-1727.32,OK,-81.6864,12.7295,-1738.2,,365925394,Port:2,0,1773324356,568826765,Enabled,0.930131,0.0309136,0.0357409,0.364176,-87.4727,271.274,-1592.32,0.143655,3,OK,-87.298,271.341,-1592.33,OK,-128.999,241.332,-1589.55,OK,-130.187,317.602,-1587.03,,365925394,Port:3,0,1773324356,568826765,Missing,,,,,,,,,4,Missing,,,,Missing,,,,Missing,,,,Missing,,,,,365925394,Port:65535,0,1773324356,568826765,Missing,,,,,,,,,3,OK,-40.9115,206.197,-2041.4,OK,-43.4606,201.757,-2245.73,OK,-63.8354,219.261,-2295.12,,,,,,,,,,,,,,,,,,,,
4,,365925397,Port:1,0,1773324356,618826766,50000001,Enabled,0.580021,0.605074,-0.508416,0.197419,-105.206,55.9073,-1705.43,0.182887,4,OK,-105.061,55.9132,-1705.57,OK,-143.943,24.216,-1701.18,OK,-136.118,-23.5164,-1727.4,OK,-81.8863,11.0578,-1737.68,,365925397,Port:2,0,1773324356,618826766,Enabled,0.930143,0.0309384,0.0354274,0.364172,-87.4726,271.278,-1592.32,0.145971,3,OK,-87.2955,271.347,-1592.34,OK,-129.004,241.335,-1589.59,OK,-130.188,317.606,-1587.05,,365925397,Port:3,0,1773324356,618826766,Missing,,,,,,,,,4,Missing,,,,Missing,,,,Missing,,,,Missing,,,,,365925397,Port:65535,0,1773324356,618826766,Missing,,,,,,,,,3,OK,-40.9126,206.207,-2041.55,OK,-43.4552,201.771,-2245.83,OK,-63.8162,219.272,-2295.07,,,,,,,,,,,,,,,,,,,,
4,,365925400,Port:1,0,1773324356,668826766,50000000,Enabled,0.577146,0.607939,-0.507315,0.199862,-105.935,54.2932,-1704.86,0.197921,4,OK,-105.782,54.2867,-1705.02,OK,-144.435,22.2663,-1700.85,OK,-136.116,-25.2896,-1727.25,OK,-82.1315,9.77343,-1737.19,,365925400,Port:2,0,1773324356,668826766,Enabled,0.930168,0.0306759,0.0351438,0.364158,-87.4702,271.272,-1592.3,0.142075,3,OK,-87.2984,271.339,-1592.32,OK,-129.001,241.332,-1589.59,OK,-130.186,317.604,-1587.07,,365925400,Port:3,0,1773324356,668826766,Missing,,,,,,,,,4,Missing,,,,Missing,,,,Missing,,,,Missing,,,,,365925400,Port:65535,0,1773324356,668826766,Missing,,,,,,,,,3,OK,-40.9214,206.189,-2041.51,OK,-43.4451,201.753,-2245.66,OK,-63.8165,219.247,-2295.09,,,,,,,,,,,,,,,,,,,,
4,,365925403,Port:1,0,1773324356,718826766,50000000,Enabled,0.574729,0.610978,-0.505947,0.201023,-106.271,52.9026,-1704.43,0.190331,4,OK,-106.113,52.8806,-1704.56,OK,-144.559,20.5708,-1700.66,OK,-135.869,-26.7614,-1727.19,OK,-82.1131,8.71507,-1736.97,,365925403,Port:2,0,1773324356,718826766,Enabled,0.93014,0.0311787,0.0353189,0.364171,-87.4706,271.272,-1592.32,0.142491,3,OK,-87.297,271.338,-1592.33,OK,-129,241.331,-1589.6,OK,-130.185,317.598,-1587.02,,365925403,Port:3,0,1773324356,718826766,Missing,,,,,,,,,4,Missing,,,,Missing,,,,Missing,,,,Missing,,,,,365925403,Port:65535,0,1773324356,718826766,Missing,,,,,,,,,3,OK,-40.9161,206.198,-2041.46,OK,-43.4562,201.76,-2245.74,OK,-63.8105,219.268,-2295.29,,,,,,,,,,,,,,,,,,,,
4,,365925406,Port:1,0,1773324356,768826765,49999999,Enabled,0.570875,0.613567,-0.507394,0.200471,-106.686,51.5925,-1703.81,0.165077,4,OK,-106.533,51.5943,-1703.88,OK,-144.93,19.1959,-1700.51,OK,-136.044,-27.9574,-1727.37,OK,-82.3286,7.71833,-1736.69,,365925406,Port:2,0,1773324356,768826765,Enabled,0.930165,0.0310952,0.0350198,0.364142,-87.4725,271.269,-1592.29,0.141029,3,OK,-87.3013,271.335,-1592.3,OK,-129.005,241.331,-1589.6,OK,-130.185,317.598,-1587.02,,365925406,Port:3,0,1773324356,768826765,Missing,,,,,,,,,4,Missing,,,,Missing,,,,Missing,,,,Missing,,,,,365925406,Port:65535,0,1773324356,768826765,Missing,,,,,,,,,3,OK,-40.9244,206.2,-2041.47,OK,-43.4583,201.76,-2245.84,OK,-63.8315,219.257,-2295.08,,,,,,,,,,,,,,,,,,,,
4,,365925409,Port:1,0,1773324356,818826765,50000000,Enabled,0.567129,0.617722,-0.505636,0.202773,-108.115,49.8362,-1703.39,0.174247,4,OK,-107.978,49.8623,-1703.48,OK,-146.04,17.0283,-1700.36,OK,-136.556,-29.865,-1727.57,OK,-83.1821,6.39566,-1736.47,,365925409,Port:2,0,1773324356,818826765,Enabled,0.930158,0.0307876,0.0353343,0.364157,-87.4706,271.273,-1592.3,0.142891,3,OK,-87.3002,271.344,-1592.31,OK,-129.001,241.329,-1589.57,OK,-130.182,317.604,-1587.05,,365925409,Port:3,0,1773324356,818826765,Missing,,,,,,,,,4,Missing,,,,Missing,,,,Missing,,,,Missing,,,,,365925409,Port:65535,0,1773324356,818826765,Missing,,,,,,,,,3,OK,-40.9268,206.184,-2041.38,OK,-43.4691,201.742,-2245.76,OK,-63.815,219.265,-2295.21,,,,,,,,,,,,,,,,,,,,
4,,365925412,Port:1,0,1773324356,868826766,50000001,Enabled,0.562696,0.622471,-0.503,0.207109,-109.734,47.9087,-1702.93,0.191392,4,OK,-109.59,47.9134,-1703.08,OK,-147.167,14.518,-1700.23,OK,-136.878,-32.0576,-1727.71,OK,-84.0209,5.04291,-1736.06,,365925412,Port:2,0,1773324356,868826766,Enabled,0.930138,0.0309539,0.035452,0.364183,-87.4673,271.273,-1592.3,0.142811,3,OK,-87.2947,271.34,-1592.32,OK,-128.995,241.328,-1589.57,OK,-130.182,317.601,-1587.03,,365925412,Port:3,0,1773324356,868826766,Missing,,,,,,,,,4,Missing,,,,Missing,,,,Missing,,,,Missing,,,,,365925412,Port:65535,0,1773324356,868826766,Missing,,,,,,,,,3,OK,-40.9135,206.197,-2041.42,OK,-43.4413,201.757,-2245.77,OK,-63.8186,219.272,-2295.28,,,,,,,,,,,,,,,,,,,,
4,,365925415,Port:1,0,1773324356,918826766,50000000,Enabled,0.557972,0.62688,-0.501856,0.209351,-110.982,46.3033,-1702.52,0.170794,4,OK,-110.843,46.3219,-1702.64,OK,-148.062,12.5102,-1700.28,OK,-137.188,-33.7427,-1728.05,OK,-84.6906,3.97017,-1735.9,,365925415,Port:2,0,1773324356,918826766,Enabled,0.930122,0.0311078,0.0355283,0.364202,-87.4743,271.28,-1592.33,0.142093,3,OK,-87.301,271.347,-1592.34,OK,-129,241.339,-1589.59,OK,-130.19,317.599,-1587.03,,365925415,Port:3,0,1773324356,918826766,Missing,,,,,,,,,4,Missing,,,,Missing,,,,Missing,,,,Missing,,,,,365925415,Port:65535,0,1773324356,918826766,Missing,,,,,,,,,3,OK,-40.9228,206.198,-2041.45,OK,-43.4603,201.76,-2245.68,OK,-63.8184,219.264,-2295.12,,,,,,,,,,,,,,,,,,,,
4,,365925418,Port:1,0,1773324356,968826766,50000000,Enabled,0.555172,0.628971,-0.502324,0.209403,-111.663,45.4968,-1702.4,0.158958,4,OK,-111.529,45.5243,-1702.47,OK,-148.675,11.6134,-1700.48,OK,-137.571,-34.4813,-1728.45,OK,-85.1607,3.41992,-1736.01,,365925418,Port:2,0,1773324356,968826766,Enabled,0.930151,0.0310414,0.0354645,0.364139,-87.4704,271.272,-1592.31,0.143149,3,OK,-87.2966,271.338,-1592.33,OK,-129.001,241.331,-1589.58,OK,-130.182,317.604,-1587.03,,365925418,Port:3,0,1773324356,968826766,Missing,,,,,,,,,4,Missing,,,,Missing,,,,Missing,,,,Missing,,,,,365925418,Port:65535,0,1773324356,968826766,Missing,,,,,,,,,3,OK,-40.9343,206.206,-2041.5,OK,-43.4622,201.77,-2245.71,OK,-63.8216,219.267,-2295.22,,,,,,,,,,,,,,,,,,,,
4,,365925421,Port:1,0,1773324357,18826771,50000005,Enabled,0.554556,0.630032,-0.500625,0.211901,-112.252,44.9619,-1702.4,0.163374,4,OK,-112.11,44.9805,-1702.48,OK,-149.05,10.8234,-1700.5,OK,-137.633,-35.185,-1728.37,OK,-85.444,3.02174,-1735.9,,365925421,Port:2,0,1773324357,18826771,Enabled,0.93011,0.0313672,0.035807,0.364184,-87.4772,271.272,-1592.35,0.14331,3,OK,-87.3053,271.343,-1592.36,OK,-129.003,241.325,-1589.59,OK,-130.186,317.594,-1587.01,,365925421,Port:3,0,1773324357,18826771,Missing,,,,,,,,,4,Missing,,,,Missing,,,,Missing,,,,Missing,,,,,365925421,Port:65535,0,1773324357,18826771,Missing,,,,,,,,,3,OK,-40.9457,206.189,-2041.54,OK,-43.4655,201.752,-2245.72,OK,-63.8195,219.271,-2295.08,,,,,,,,,,,,,,,,,,,,
4,,365925424,Port:1,0,1773324357,68826771,50000000,Enabled,0.552651,0.632735,-0.498735,0.213279,-112.957,44.0564,-1702.19,0.175786,4,OK,-112.822,44.0598,-1702.3,OK,-149.505,9.64282,-1700.38,OK,-137.73,-36.1799,-1728.45,OK,-85.8153,2.42521,-1735.8,,365925424,Port:2,0,1773324357,68826771,Enabled,0.930125,0.0310202,0.0357741,0.364178,-87.476,271.276,-1592.33,0.142327,3,OK,-87.3037,271.343,-1592.35,OK,-129.001,241.332,-1589.57,OK,-130.188,317.602,-1587.04,,365925424,Port:3,0,1773324357,68826771,Missing,,,,,,,,,4,Missing,,,,Missing,,,,Missing,,,,Missing,,,,,365925424,Port:65535,0,1773324357,68826771,Missing,,,,,,,,,3,OK,-40.9157,206.21,-2041.55,OK,-43.4549,201.773,-2245.81,OK,-63.8282,219.274,-2295.2,,,,,,,,,,,,,,,,,,,,
4,,365925427,Port:1,0,1773324357,118826770,49999999,Enabled,0.550686,0.636464,-0.495229,0.215423,-113.829,42.9426,-1701.95,0.162058,4,OK,-113.698,42.9572,-1702.01,OK,-149.992,8.12588,-1700.25,OK,-137.704,-37.5073,-1728.4,OK,-86.2381,1.71385,-1735.74,,365925427,Port:2,0,1773324357,118826770,Enabled,0.930174,0.0307976,0.0350611,0.364141,-87.4692,271.269,-1592.28,0.143254,3,OK,-87.2947,271.335,-1592.29,OK,-129.003,241.331,-1589.57,OK,-130.185,317.602,-1587.04,,365925427,Port:3,0,1773324357,118826770,Missing,,,,,,,,,4,Missing,,,,Missing,,,,Missing,,,,Missing,,,,,365925427,Port:65535,0,1773324357,118826770,Missing,,,,,,,,,3,OK,-40.925,206.19,-2041.53,OK,-43.459,201.752,-2245.75,OK,-63.8288,219.258,-2295.16,,,,,,,,,,,,,,,,,,,,
4,,365925430,Port:1,0,1773324357,168826770,50000000,Enabled,0.546396,0.641259,-0.493439,0.216231,-114.29,41.5537,-1701.58,0.181895,4,OK,-114.156,41.5821,-1701.7,OK,-150.115,6.37021,-1700.19,OK,-137.346,-38.8853,-1728.86,OK,-86.2569,0.903439,-1735.68,,365925430,Port:2,0,1773324357,168826770,Enabled,0.930138,0.0308778,0.0354323,0.364189,-87.4702,271.276,-1592.31,0.143159,3,OK,-87.2944,271.34,-1592.32,OK,-128.998,241.335,-1589.57,OK,-130.19,317.603,-1587.04,,365925430,Port:3,0,1773324357,168826770,Missing,,,,,,,,,4,Missing,,,,Missing,,,,Missing,,,,Missing,,,,,365925430,Port:65535,0,1773324357,168826770,Missing,,,,,,,,,3,OK,-40.9124,206.193,-2041.51,OK,-43.4559,201.754,-2245.78,OK,-63.8316,219.272,-2295.26,,,,,,,,,,,,,,,,,,,,
4,,365925433,Port:1,0,1773324357,218826770,50000000,Enabled,0.544554,0.643178,-0.493217,0.215685,-113.995,41.0563,-1701.44,0.172225,4,OK,-113.868,41.0622,-1701.52,OK,-149.747,5.77437,-1700.27,OK,-136.848,-39.2664,-1729.06,OK,-85.8583,0.634521,-1735.77,,365925433,Port:2,0,1773324357,218826770,Enabled,0.930155,0.0309316,0.0352909,0.364157,-87.4745,271.272,-1592.3,0.143358,3,OK,-87.3012,271.339,-1592.32,OK,-129.005,241.329,-1589.58,OK,-130.188,317.603,-1587.04,,365925433,Port:3,0,1773324357,218826770,Missing,,,,,,,,,4,Missing,,,,Missing,,,,Missing,,,,Missing,,,,,365925433,Port:65535,0,1773324357,218826770,Missing,,,,,,,,,3,OK,-40.9035,206.198,-2041.42,OK,-43.4548,201.759,-2245.7,OK,-63.8411,219.279,-2295.17,,,,,,,,,,,,,,,,,,,,
4,,365925436,Port:1,0,1773324357,268826771,50000001,Enabled,0.545097,0.641691,-0.495133,0.214346,-113.567,41.6046,-1701.72,0.183991,4,OK,-113.449,41.6184,-1701.82,OK,-149.528,6.54103,-1700.52,OK,-136.859,-38.6111,-1729.37,OK,-85.62,1.01201,-1736.03,,365925436,Port:2,0,1773324357,268826771,Enabled,0.930166,0.0308717,0.0349953,0.364162,-87.4679,271.277,-1592.3,0.143463,3,OK,-87.2923,271.342,-1592.31,OK,-129.001,241.339,-1589.61,OK,-130.186,317.605,-1587.06,,365925436,Port:3,0,1773324357,268826771,Missing,,,,,,,,,4,Missing,,,,Missing,,,,Missing,,,,Missing,,,,,365925436,Port:65535,0,1773324357,268826771,Missing,,,,,,,,,3,OK,-40.9236,206.192,-2041.49,OK,-43.4615,201.754,-2245.72,OK,-63.8219,219.27,-2295.13,,,,,,,,,,,,,,,,,,,,
4,,365925439,Port:1,0,1773324357,318826771,50000000,Enabled,0.545166,0.640893,-0.495898,0.214791,-113.381,42.004,-1701.88,0.16437,4,OK,-113.244,42.024,-1701.96,OK,-149.363,6.96856,-1700.76,OK,-136.74,-38.212,-1729.46,OK,-85.4688,1.35359,-1736.09,,365925439,Port:2,0,1773324357,318826771,Enabled,0.930184,0.0309034,0.0348943,0.364122,-87.4686,271.275,-1592.31,0.143904,3,OK,-87.2917,271.34,-1592.33,OK,-129.005,241.342,-1589.63,OK,-130.184,317.607,-1587.07,,365925439,Port:3,0,1773324357,318826771,Missing,,,,,,,,,4,Missing,,,,Missing,,,,Missing,,,,Missing,,,,,365925439,Port:65535,0,1773324357,318826771,Missing,,,,,,,,,3,OK,-40.9168,206.191,-2041.47,OK,-43.4559,201.755,-2245.65,OK,-63.8274,219.262,-2295.11,,,,,,,,,,,,,,,,,,,,
4,,365925442,Port:1,0,1773324357,368826770,49999999,Enabled,0.546827,0.638988,-0.497342,0.212899,-112.77,42.942,-1702.11,0.17592,4,OK,-112.638,42.9451,-1702.21,OK,-148.989,8.15066,-1700.84,OK,-136.7,-37.1641,-1729.51,OK,-85.1626,2.05847,-1736.29,,365925442,Port:2,0,1773324357,368826770,Enabled,0.930172,0.0311088,0.0350628,0.364119,-87.4749,271.267,-1592.3,0.145117,3,OK,-87.2972,271.334,-1592.31,OK,-129.012,241.333,-1589.6,OK,-130.187,317.595,-1587.02,,365925442,Port:3,0,1773324357,368826770,Missing,,,,,,,,,4,Missing,,,,Missing,,,,Missing,,,,Missing,,,,,365925442,Port:65535,0,1773324357,368826770,Missing,,,,,,,,,3,OK,-40.9237,206.184,-2041.49,OK,-43.452,201.745,-2245.7,OK,-63.8314,219.262,-2295.11,,,,,,,,,,,,,,,,,,,,
4,,365925445,Port:1,0,1773324357,418826770,50000000,Enabled,0.549523,0.633953,-0.501486,0.211278,-111.44,44.6635,-1702.67,0.172635,4,OK,-111.299,44.6793,-1702.78,OK,-148.097,10.3483,-1701.27,OK,-136.376,-35.2726,-1729.69,OK,-84.3388,3.22798,-1736.54,,365925445,Port:2,0,1773324357,418826770,Enabled,0.930147,0.030792,0.0353734,0.364181,-87.4728,271.279,-1592.3,0.142165,3,OK,-87.3002,271.346,-1592.31,OK,-129.001,241.339,-1589.57,OK,-130.189,317.604,-1587.05,,365925445,Port:3,0,1773324357,418826770,Missing,,,,,,,,,4,Missing,,,,Missing,,,,Missing,,,,Missing,,,,,365925445,Port:65535,0,1773324357,418826770,Missing,,,,,,,,,3,OK,-40.9206,206.203,-2041.39,OK,-43.4592,201.763,-2245.77,OK,-63.8259,219.273,-2295.18,,,,,,,,,,,,,,,,,,,,
4,,365925448,Port:1,0,1773324357,468826770,50000000,Enabled,0.555287,0.625181,-0.508084,0.206533,-109.217,47.5395,-1703.58,0.174983,4,OK,-109.079,47.5429,-1703.68,OK,-146.723,14.1586,-1701.84,OK,-136.161,-31.9996,-1729.82,OK,-83.1663,5.1324,-1737.09,,365925448,Port:2,0,1773324357,468826770,Enabled,0.930137,0.0309269,0.0353987,0.364192,-87.4662,271.275,-1592.31,0.145502,3,OK,-87.2918,271.347,-1592.32,OK,-128.997,241.328,-1589.58,OK,-130.181,317.601,-1587.04,,365925448,Port:3,0,1773324357,468826770,Missing,,,,,,,,,4,Missing,,,,Missing,,,,Missing,,,,Missing,,,,,365925448,Port:65535,0,1773324357,468826770,Missing,,,,,,,,,3,OK,-40.923,206.197,-2041.55,OK,-43.4562,201.763,-2245.69,OK,-63.822,219.266,-2295.08,,,,,,,,,,,,,,,,,,,,
4,,365925451,Port:1,0,1773324357,518826771,50000001,Enabled,0.563371,0.613848,-0.515991,0.198886,-106.106,51.1981,-1704.35,0.169421,4,OK,-105.96,51.1974,-1704.45,OK,-144.682,19.097,-1702.08,OK,-135.798,-27.701,-1729.53,OK,-81.644,7.57092,-1737.47,,365925451,Port:2,0,1773324357,518826771,Enabled,0.930143,0.0310464,0.035464,0.364161,-87.4716,271.275,-1592.32,0.1465,3,OK,-87.294,271.343,-1592.34,OK,-129.004,241.331,-1589.59,OK,-130.186,317.605,-1587.04,,365925451,Port:3,0,1773324357,518826771,Missing,,,,,,,,,4,Missing,,,,Missing,,,,Missing,,,,Missing,,,,,365925451,Port:65535,0,1773324357,518826771,Missing,,,,,,,,,3,OK,-40.9247,206.194,-2041.54,OK,-43.4611,201.756,-2245.73,OK,-63.8377,219.26,-2295.17,,,,,,,,,,,,,,,,,,,,
4,,365925454,Port:1,0,1773324357,568826771,50000000,Enabled,0.574403,0.600921,-0.522702,0.189046,-102.663,55.3375,-1705.12,0.198546,4,OK,-102.519,55.3223,-1705.29,OK,-142.362,24.7163,-1701.9,OK,-135.548,-22.7737,-1728.81,OK,-80.1858,10.3556,-1737.77,,365925454,Port:2,0,1773324357,568826771,Enabled,0.930123,0.0312545,0.0358003,0.364161,-87.4748,271.277,-1592.34,0.143804,3,OK,-87.3033,271.349,-1592.36,OK,-129.003,241.331,-1589.58,OK,-130.181,317.601,-1587.02,,365925454,Port:3,0,1773324357,568826771,Missing,,,,,,,,,4,Missing,,,,Missing,,,,Missing,,,,Missing,,,,,365925454,Port:65535,0,1773324357,568826771,Missing,,,,,,,,,3,OK,-40.925,206.183,-2041.42,OK,-43.4632,201.745,-2245.63,OK,-63.814,219.273,-2295.18,,,,,,,,,,,,,,,,,,,,
4,,365925457,Port:1,0,1773324357,618826770,49999999,Enabled,0.586875,0.585686,-0.528788,0.181472,-99.3486,59.7252,-1706.3,0.18333,4,OK,-99.1788,59.6682,-1706.43,OK,-140.096,30.637,-1702.13,OK,-135.293,-17.6137,-1727.87,OK,-78.8915,13.28,-1738.14,,365925457,Port:2,0,1773324357,618826770,Enabled,0.930134,0.0306231,0.0357766,0.364189,-87.4691,271.275,-1592.33,0.144169,3,OK,-87.2968,271.345,-1592.34,OK,-128.995,241.326,-1589.55,OK,-130.184,317.608,-1587.08,,365925457,Port:3,0,1773324357,618826770,Missing,,,,,,,,,4,Missing,,,,Missing,,,,Missing,,,,Missing,,,,,365925457,Port:65535,0,1773324357,618826770,Missing,,,,,,,,,3,OK,-40.9165,206.186,-2041.36,OK,-43.4659,201.746,-2245.64,OK,-63.8288,219.256,-2295.03,,,,,,,,,,,,,,,,,,,,
4,,365925460,Port:1,0,1773324357,668826770,50000000,Enabled,0.597233,0.571806,-0.534268,0.175807,-96.534,63.9097,-1708.12,0.191978,4,OK,-96.3852,63.8758,-1708.28,OK,-138.157,36.2342,-1703.05,OK,-135.042,-12.6985,-1727.94,OK,-77.714,16.1716,-1739.12,,365925460,Port:2,0,1773324357,668826770,Enabled,0.930134,0.0306791,0.0358793,0.364174,-87.4749,271.274,-1592.34,0.141738,3,OK,-87.3057,271.343,-1592.35,OK,-128.998,241.327,-1589.55,OK,-130.186,317.608,-1587.08,,365925460,Port:3,0,1773324357,668826770,Missing,,,,,,,,,4,Missing,,,,Missing,,,,Missing,,,,Missing,,,,,365925460,Port:65535,0,1773324357,668826770,Missing,,,,,,,,,3,OK,-40.9201,206.195,-2041.43,OK,-43.4608,201.755,-2245.8,OK,-63.8404,219.271,-2295.22,,,,,,,,,,,,,,,,,,,,
4,,365925463,Port:1,0,1773324357,718826770,50000000,Enabled,0.606804,0.558486,-0.537089,0.177251,-94.2569,67.8883,-1710.67,0.172462,4,OK,-94.0933,67.8256,-1710.79,OK,-136.356,41.1405,-1704.9,OK,-134.242,-8.48674,-1728.32,OK,-76.4267,19.0139,-1740.34,,365925463,Port:2,0,1773324357,718826770,Enabled,0.930182,0.0304194,0.0351539,0.364144,-87.4697,271.271,-1592.28,0.144185,3,OK,-87.295,271.338,-1592.29,OK,-129.004,241.331,-1589.56,OK,-130.187,317.607,-1587.08,,365925463,Port:3,0,1773324357,718826770,Missing,,,,,,,,,4,Missing,,,,Missing,,,,Missing,,,,Missing,,,,,365925463,Port:65535,0,1773324357,718826770,Missing,,,,,,,,,3,OK,-40.9169,206.199,-2041.57,OK,-43.4639,201.764,-2245.7,OK,-63.823,219.283,-2295.14,,,,,,,,,,,,,,,,,,,,
4,,365925466,Port:1,0,1773324357,768826771,50000001,Enabled,0.61321,0.548634,-0.540015,0.177083,-92.1443,71.1645,-1713.05,0.187964,4,OK,-91.9937,71.1086,-1713.21,OK,-134.685,45.2242,-1706.74,OK,-133.372,-4.84838,-1729.38,OK,-75.0982,21.4589,-1741.82,,365925466,Port:2,0,1773324357,768826771,Enabled,0.930112,0.0309753,0.0358827,0.364203,-87.4745,271.28,-1592.35,0.144439,3,OK,-87.3012,271.351,-1592.36,OK,-129,241.332,-1589.57,OK,-130.187,317.603,-1587.05,,365925466,Port:3,0,1773324357,768826771,Missing,,,,,,,,,4,Missing,,,,Missing,,,,Missing,,,,Missing,,,,,365925466,Port:65535,0,1773324357,768826771,Missing,,,,,,,,,3,OK,-40.9138,206.207,-2041.43,OK,-43.4581,201.766,-2245.9,OK,-63.8248,219.281,-2295.27,,,,,,,,,,,,,,,,,,,,
4,,365925469,Port:1,0,1773324357,818826771,50000000,Enabled,0.621184,0.537392,-0.541811,0.178272,-89.8272,74.3345,-1715.44,0.188467,4,OK,-89.6647,74.2495,-1715.6,OK,-132.741,49.1799,-1708.55,OK,-132.25,-1.37201,-1729.94,OK,-73.6133,23.7527,-1743.06,,365925469,Port:2,0,1773324357,818826771,Enabled,0.930149,0.0307302,0.0354514,0.364174,-87.4674,271.273,-1592.32,0.145124,3,OK,-87.2915,271.34,-1592.33,OK,-128.998,241.329,-1589.58,OK,-130.184,317.605,-1587.07,,365925469,Port:3,0,1773324357,818826771,Missing,,,,,,,,,4,Missing,,,,Missing,,,,Missing,,,,Missing,,,,,365925469,Port:65535,0,1773324357,818826771,Missing,,,,,,,,,3,OK,-40.8972,206.181,-2041.41,OK,-43.4601,201.74,-2245.7,OK,-63.8247,219.248,-2295.06,,,,,,,,,,,,,,,,,,,,
4,,365925472,Port:1,0,1773324357,868826770,49999999,Enabled,0.62883,0.527327,-0.543194,0.177311,-87.1965,77.2329,-1717.45,0.195021,4,OK,-87.0387,77.1295,-1717.6,OK,-130.485,52.912,-1709.91,OK,-130.912,1.97743,-1730.32,OK,-71.9139,25.8829,-1744.15,,365925472,Port:2,0,1773324357,868826770,Enabled,0.930156,0.0308566,0.0352012,0.36417,-87.471,271.271,-1592.3,0.142583,3,OK,-87.2987,271.338,-1592.31,OK,-129.001,241.328,-1589.59,OK,-130.187,317.602,-1587.05,,365925472,Port:3,0,1773324357,868826770,Missing,,,,,,,,,4,Missing,,,,Missing,,,,Missing,,,,Missing,,,,,365925472,Port:65535,0,1773324357,868826770,Missing,,,,,,,,,3,OK,-40.9257,206.196,-2041.49,OK,-43.4639,201.758,-2245.77,OK,-63.8243,219.262,-2295.13,,,,,,,,,,,,,,,,,,,,
4,,365925475,Port:1,0,1773324357,918826770,50000000,Enabled,0.636057,0.517787,-0.544862,0.174509,-84.1456,79.9617,-1719.17,0.189113,4,OK,-83.9927,79.8651,-1719.33,OK,-127.802,56.5593,-1711,OK,-129.29,5.30703,-1730.62,OK,-69.9677,27.9233,-1745.1,,365925475,Port:2,0,1773324357,918826770,Enabled,0.930125,0.030975,0.0355945,0.364199,-87.4707,271.277,-1592.32,0.141684,3,OK,-87.3008,271.345,-1592.33,OK,-128.995,241.329,-1589.57,OK,-130.185,317.602,-1587.04,,365925475,Port:3,0,1773324357,918826770,Missing,,,,,,,,,4,Missing,,,,Missing,,,,Missing,,,,Missing,,,,,365925475,Port:65535,0,1773324357,918826770,Missing,,,,,,,,,3,OK,-40.9238,206.189,-2041.4,OK,-43.4629,201.748,-2245.78,OK,-63.8156,219.265,-2295.11,,,,,,,,,,,,,,,,,,,,
4,,365925478,Port:1,0,1773324357,968826770,50000000,Enabled,0.644279,0.507695,-0.545839,0.170911,-80.8648,82.6897,-1720.93,0.19551,4,OK,-80.7077,82.5937,-1721.1,OK,-124.886,60.2728,-1712.03,OK,-127.552,8.7402,-1730.75,OK,-67.9174,29.9641,-1746.06,,365925478,Port:2,0,1773324357,968826770,Enabled,0.93011,0.0310054,0.0356578,0.36423,-87.4706,271.279,-1592.33,0.143524,3,OK,-87.3005,271.352,-1592.34,OK,-128.995,241.325,-1589.58,OK,-130.185,317.602,-1587.04,,365925478,Port:3,0,1773324357,968826770,Missing,,,,,,,,,4,Missing,,,,Missing,,,,Missing,,,,Missing,,,,,365925478,Port:65535,0,1773324357,968826770,Missing,,,,,,,,,3,OK,-40.9223,206.204,-2041.47,OK,-43.4549,201.765,-2245.84,OK,-63.8336,219.254,-2295.05,,,,,,,,,,,,,,,,,,,,
4,,365925481,Port:1,0,1773324358,18826769,49999999,Enabled,0.651226,0.497364,-0.548167,0.16747,-77.7531,85.3718,-1722.89,0.190318,4,OK,-77.6058,85.2654,-1723.05,OK,-122.179,64.0171,-1713.45,OK,-125.99,12.2409,-1731.33,OK,-65.9931,32.0015,-1747.25,,365925481,Port:2,0,1773324358,18826769,Enabled,0.930152,0.0308591,0.03509,0.364189,-87.4684,271.273,-1592.3,0.142332,3,OK,-87.2964,271.34,-1592.31,OK,-128.998,241.329,-1589.6,OK,-130.187,317.601,-1587.05,,365925481,Port:3,0,1773324358,18826769,Missing,,,,,,,,,4,Missing,,,,Missing,,,,Missing,,,,Missing,,,,,365925481,Port:65535,0,1773324358,18826769,Missing,,,,,,,,,3,OK,-40.9129,206.209,-2041.58,OK,-43.4587,201.775,-2245.74,OK,-63.8179,219.257,-2295.13,,,,,,,,,,,,,,,,,,,,
4,,365925484,Port:1,0,1773324358,68826769,50000000,Enabled,0.658586,0.488313,-0.548552,0.164026,-74.513,88.0012,-1724.84,0.167939,4,OK,-74.3844,87.8985,-1724.98,OK,-119.223,67.5909,-1714.73,OK,-124.05,15.5919,-1731.78,OK,-63.87,34.0428,-1748.49,,365925484,Port:2,0,1773324358,68826769,Enabled,0.930153,0.0310294,0.035204,0.364162,-87.4707,271.273,-1592.31,0.141033,3,OK,-87.297,271.335,-1592.32,OK,-128.999,241.336,-1589.6,OK,-130.188,317.603,-1587.04,,365925484,Port:3,0,1773324358,68826769,Missing,,,,,,,,,4,Missing,,,,Missing,,,,Missing,,,,Missing,,,,,365925484,Port:65535,0,1773324358,68826769,Missing,,,,,,,,,3,OK,-40.9319,206.182,-2041.51,OK,-43.4657,201.744,-2245.73,OK,-63.8452,219.275,-2295.06,,,,,,,,,,,,,,,,,,,,
4,,365925487,Port:1,0,1773324358,118826769,50000000,Enabled,0.667728,0.478363,-0.547247,0.160713,-70.9064,90.7384,-1726.87,0.179065,4,OK,-70.7696,90.6219,-1727.02,OK,-115.818,71.2571,-1715.88,OK,-121.752,19.0779,-1731.86,OK,-61.469,36.2057,-1749.61,,365925487,Port:2,0,1773324358,118826769,Enabled,0.930166,0.0310876,0.0351153,0.364131,-87.4687,271.275,-1592.31,0.144554,3,OK,-87.2932,271.342,-1592.32,OK,-129.004,241.335,-1589.61,OK,-130.181,317.607,-1587.03,,365925487,Port:3,0,1773324358,118826769,Missing,,,,,,,,,4,Missing,,,,Missing,,,,Missing,,,,Missing,,,,,365925487,Port:65535,0,1773324358,118826769,Missing,,,,,,,,,3,OK,-40.9178,206.2,-2041.5,OK,-43.4615,201.764,-2245.69,OK,-63.8156,219.262,-2295.1,,,,,,,,,,,,,,,,,,,,
4,,365925490,Port:1,0,1773324358,168826770,50000001,Enabled,0.676771,0.467297,-0.54722,0.155449,-66.5768,93.5803,-1729.04,0.169049,4,OK,-66.4534,93.4585,-1729.17,OK,-111.767,75.3071,-1717.2,OK,-119.029,22.9786,-1732.18,OK,-58.6073,38.4544,-1750.91,,365925490,Port:2,0,1773324358,168826770,Enabled,0.930112,0.0310276,0.0360227,0.364185,-87.4743,271.276,-1592.36,0.142923,3,OK,-87.3021,271.344,-1592.37,OK,-128.997,241.329,-1589.57,OK,-130.185,317.604,-1587.05,,365925490,Port:3,0,1773324358,168826770,Missing,,,,,,,,,4,Missing,,,,Missing,,,,Missing,,,,Missing,,,,,365925490,Port:65535,0,1773324358,168826770,Missing,,,,,,,,,3,OK,-40.9101,206.202,-2041.42,OK,-43.4502,201.761,-2245.87,OK,-63.8287,219.281,-2295.29,,,,,,,,,,,,,,,,,,,,
4,,365925493,Port:1,0,1773324358,218826770,50000000,Enabled,0.686369,0.454143,-0.547942,0.149704,-61.8014,96.5994,-1731.69,0.170858,4,OK,-61.6703,96.4708,-1731.8,OK,-107.321,79.7366,-1719.03,OK,-116.093,27.3332,-1732.81,OK,-55.4894,40.8668,-1752.53,,365925493,Port:2,0,1773324358,218826770,Enabled,0.930155,0.0308914,0.0353733,0.364151,-87.4727,271.272,-1592.32,0.144272,3,OK,-87.2955,271.334,-1592.33,OK,-129.003,241.331,-1589.59,OK,-130.19,317.607,-1587.05,,365925493,Port:3,0,1773324358,218826770,Missing,,,,,,,,,4,Missing,,,,Missing,,,,Missing,,,,Missing,,,,,365925493,Port:65535,0,1773324358,218826770,Missing,,,,,,,,,3,OK,-40.9148,206.197,-2041.54,OK,-43.4615,201.76,-2245.72,OK,-63.7772,219.278,-2294.89,,,,,,,,,,,,,,,,,,,,
4,,365925496,Port:1,0,1773324358,268826769,49999999,Missing,,,,,,,,,4,OK,-56.4653,99.384,-1731.83,OK,-102.844,83.9673,-1720.97,OK,-113.221,31.5829,-1733.79,OK,-52.4142,43.0571,-1754.19,,365925496,Port:2,0,1773324358,268826769,Enabled,0.930145,0.0309232,0.03543,0.36417,-87.4714,271.272,-1592.31,0.144673,3,OK,-87.2966,271.342,-1592.33,OK,-129.002,241.329,-1589.58,OK,-130.185,317.599,-1587.04,,365925496,Port:3,0,1773324358,268826769,Missing,,,,,,,,,4,Missing,,,,Missing,,,,Missing,,,,Missing,,,,,365925496,Port:65535,0,1773324358,268826769,Missing,,,,,,,,,6,OK,-40.9114,206.203,-2041.44,OK,-43.4482,201.765,-2245.75,OK,-52.4142,43.0571,-1754.19,OK,-56.4653,99.384,-1731.83,OK,-102.844,83.9673,-1720.97,OK,-113.221,31.5829,-1733.79,,,,,,,,
4,,365925499,Port:1,0,1773324358,318826769,50000000,Enabled,0.701258,0.430698,-0.551229,0.137413,-52.7821,101.437,-1736.34,0.138576,4,OK,-52.6739,101.32,-1736.36,OK,-98.8475,87.3068,-1722.55,OK,-110.452,34.9631,-1734.39,OK,-49.6132,44.8126,-1755.56,,365925499,Port:2,0,1773324358,318826769,Enabled,0.930122,0.0311041,0.0356346,0.364193,-87.4742,271.273,-1592.33,0.145005,3,OK,-87.2993,271.343,-1592.35,OK,-129.002,241.326,-1589.58,OK,-130.188,317.598,-1587.03,,365925499,Port:3,0,1773324358,318826769,Missing,,,,,,,,,4,Missing,,,,Missing,,,,Missing,,,,Missing,,,,,365925499,Port:65535,0,1773324358,318826769,Missing,,,,,,,,,2,OK,-40.9116,206.179,-2041.39,OK,-43.4495,201.739,-2245.69,,,,,,,,,,,,,,,,,,,,,,,,
4,,365925502,Port:1,0,1773324358,368826769,50000000,Enabled,0.707976,0.422649,-0.549792,0.133665,-49.2917,103.006,-1738.22,0.150934,4,OK,-49.1884,102.873,-1738.32,OK,-95.3921,89.7283,-1723.69,OK,-107.908,37.426,-1734.84,OK,-47.1721,46.1198,-1756.64,,365925502,Port:2,0,1773324358,368826769,Enabled,0.930133,0.0308491,0.0355652,0.364193,-87.4701,271.274,-1592.3,0.141732,3,OK,-87.3019,271.347,-1592.31,OK,-128.996,241.327,-1589.55,OK,-130.182,317.599,-1587.03,,365925502,Port:3,0,1773324358,368826769,Missing,,,,,,,,,4,Missing,,,,Missing,,,,Missing,,,,Missing,,,,,365925502,Port:65535,0,1773324358,368826769,Missing,,,,,,,,,2,OK,-40.9159,206.21,-2041.56,OK,-43.4442,201.772,-2245.94,,,,,,,,,,,,,,,,,,,,,,,,
4,,365925505,Port:1,0,1773324358,418826770,50000001,Missing,,,,,,,,,4,OK,-44.9698,103.887,-1742.83,OK,-92.0529,91.7962,-1724.69,OK,-105.411,39.5776,-1735.3,OK,-44.7612,47.1885,-1757.71,,365925505,Port:2,0,1773324358,418826770,Enabled,0.930173,0.030745,0.0351864,0.364136,-87.4722,271.262,-1592.28,0.139272,3,OK,-87.3051,271.329,-1592.29,OK,-129.001,241.322,-1589.56,OK,-130.183,317.597,-1587.04,,365925505,Port:3,0,1773324358,418826770,Missing,,,,,,,,,4,Missing,,,,Missing,,,,Missing,,,,Missing,,,,,365925505,Port:65535,0,1773324358,418826770,Missing,,,,,,,,,7,OK,-40.9163,206.195,-2041.55,OK,-44.7612,47.1885,-1757.71,OK,-41.4279,68.944,-1571.8,OK,-49.1992,84.1328,-1975.14,OK,-44.9698,103.887,-1742.83,OK,-92.0529,91.7962,-1724.69,OK,-105.411,39.5776,-1735.3,,,,
4,,365925508,Port:1,0,1773324358,468826770,50000000,Missing,,,,,,,,,4,OK,-41.566,105.14,-1745.38,OK,-88.099,93.8697,-1725.53,OK,-102.301,41.7055,-1735.26,OK,-41.8991,48.3076,-1758.83,,365925508,Port:2,0,1773324358,468826770,Enabled,0.930145,0.0306828,0.0355252,0.36418,-87.4701,271.277,-1592.32,0.144948,3,OK,-87.2954,271.345,-1592.33,OK,-128.999,241.33,-1589.57,OK,-130.187,317.61,-1587.07,,365925508,Port:3,0,1773324358,468826770,Missing,,,,,,,,,4,Missing,,,,Missing,,,,Missing,,,,Missing,,,,,365925508,Port:65535,0,1773324358,468826770,Missing,,,,,,,,,8,OK,-40.9252,206.203,-2041.53,OK,-64.1928,219.282,-2294.35,OK,-41.8991,48.3076,-1758.83,OK,-38.8025,69.8948,-1573.21,OK,-45.4252,85.5915,-1977.6,OK,-41.566,105.14,-1745.38,OK,-88.099,93.8697,-1725.53,OK,-102.301,41.7055,-1735.26
4,,365925511,Port:1,0,1773324358,518826769,49999999,Enabled,0.732556,0.398652,-0.538963,0.118142,-37.2162,107.106,-1744.34,0.480193,4,OK,-37.0429,106.855,-1744.85,OK,-83.1655,96.5019,-1726.67,OK,-98.5988,44.5551,-1735.65,OK,-38.4327,49.6565,-1760.21,,365925511,Port:2,0,1773324358,518826769,Enabled,0.930161,0.0307703,0.0351755,0.364166,-87.468,271.27,-1592.29,0.144743,3,OK,-87.2909,271.335,-1592.3,OK,-129,241.329,-1589.57,OK,-130.187,317.601,-1587.05,,365925511,Port:3,0,1773324358,518826769,Missing,,,,,,,,,4,Missing,,,,Missing,,,,Missing,,,,Missing,,,,,365925511,Port:65535,0,1773324358,518826769,Missing,,,,,,,,,2,OK,-40.9204,206.206,-2041.48,OK,-63.894,219.268,-2295.04,,,,,,,,,,,,,,,,,,,,,,,,
4,,365925514,Port:1,0,1773324358,568826769,50000000,Enabled,0.733764,0.389676,-0.545792,0.108877,-31.948,108.442,-1745.59,0.142716,4,OK,-31.8821,108.3,-1745.68,OK,-78.1348,99.2948,-1728.48,OK,-95.0325,47.6844,-1736.72,OK,-34.8974,50.8552,-1761.58,,365925514,Port:2,0,1773324358,568826769,Enabled,0.930139,0.0309447,0.0354351,0.364182,-87.471,271.275,-1592.32,0.145701,3,OK,-87.2941,271.344,-1592.33,OK,-129.002,241.333,-1589.59,OK,-130.187,317.6,-1587.05,,365925514,Port:3,0,1773324358,568826769,Missing,,,,,,,,,4,Missing,,,,Missing,,,,Missing,,,,Missing,,,,,365925514,Port:65535,0,1773324358,568826769,Missing,,,,,,,,,2,OK,-40.8951,206.199,-2041.55,OK,-63.8257,219.259,-2295.15,,,,,,,,,,,,,,,,,,,,,,,,
4,,365925517,Port:1,0,1773324358,618826769,50000000,Enabled,0.739503,0.380119,-0.546434,0.100275,-27.0449,109.383,-1747.29,0.141579,4,OK,-26.9787,109.242,-1747.34,OK,-73.2856,101.542,-1729.68,OK,-91.5271,50.2983,-1737.21,OK,-31.5636,51.7345,-1762.76,,365925517,Port:2,0,1773324358,618826769,Enabled,0.93018,0.030679,0.0348925,0.364151,-87.4675,271.272,-1592.27,0.140537,3,OK,-87.2977,271.337,-1592.28,OK,-128.999,241.332,-1589.58,OK,-130.184,317.606,-1587.05,,365925517,Port:3,0,1773324358,618826769,Missing,,,,,,,,,4,Missing,,,,Missing,,,,Missing,,,,Missing,,,,,365925517,Port:65535,0,1773324358,618826769,Missing,,,,,,,,,3,OK,-40.9116,206.196,-2041.47,OK,-63.8247,219.247,-2294.96,OK,-43.9117,201.771,-2245.25,,,,,,,,,,,,,,,,,,,,
4,,365925520,Port:1,0,1773324358,668826770,50000001,Enabled,0.743888,0.374311,-0.545453,0.0948833,-23.6788,109.967,-1748.59,0.148808,4,OK,-23.6118,109.824,-1748.66,OK,-69.8565,102.904,-1730.49,OK,-88.9296,51.878,-1737.57,OK,-29.1626,52.3061,-1763.65,,365925520,Port:2,0,1773324358,668826770,Enabled,0.930131,0.0311352,0.0355331,0.364176,-87.4762,271.273,-1592.32,0.143212,3,OK,-87.3029,271.341,-1592.34,OK,-129.004,241.33,-1589.58,OK,-130.189,317.598,-1587.02,,365925520,Port:3,0,1773324358,668826770,Missing,,,,,,,,,4,Missing,,,,Missing,,,,Missing,,,,Missing,,,,,365925520,Port:65535,0,1773324358,668826770,Missing,,,,,,,,,3,OK,-40.9201,206.196,-2041.47,OK,-43.6378,201.763,-2245.51,OK,-63.8373,219.265,-2295.13,,,,,,,,,,,,,,,,,,,,
4,,365925523,Port:1,0,1773324358,718826770,50000000,Enabled,0.747982,0.37038,-0.542833,0.093133,-21.6269,110.472,-1749.75,0.143092,4,OK,-21.5674,110.325,-1749.81,OK,-67.6571,103.807,-1731.19,OK,-87.0953,52.8293,-1737.71,OK,-27.599,52.7502,-1764.3,,365925523,Port:2,0,1773324358,718826770,Enabled,0.930143,0.0310946,0.0354637,0.364155,-87.4723,271.272,-1592.34,0.145125,3,OK,-87.2964,271.341,-1592.35,OK,-129.005,241.331,-1589.6,OK,-130.184,317.597,-1587.04,,365925523,Port:3,0,1773324358,718826770,Missing,,,,,,,,,4,Missing,,,,Missing,,,,Missing,,,,Missing,,,,,365925523,Port:65535,0,1773324358,718826770,Missing,,,,,,,,,3,OK,-40.9155,206.211,-2041.51,OK,-43.4961,201.775,-2245.78,OK,-63.8144,219.26,-2295.17,,,,,,,,,,,,,,,,,,,,
4,,365925526,Port:1,0,1773324358,768826769,49999999,Enabled,0.750672,0.367555,-0.54139,0.091057,-19.9164,110.909,-1750.66,0.131954,4,OK,-19.8695,110.763,-1750.71,OK,-65.8651,104.588,-1731.8,OK,-85.6143,53.6888,-1737.98,OK,-26.3098,53.1492,-1764.93,,365925526,Port:2,0,1773324358,768826769,Enabled,0.930114,0.0312499,0.035759,0.364188,-87.4718,271.28,-1592.34,0.142633,3,OK,-87.3002,271.349,-1592.35,OK,-128.997,241.334,-1589.58,OK,-130.182,317.601,-1587.02,,365925526,Port:3,0,1773324358,768826769,Missing,,,,,,,,,4,Missing,,,,Missing,,,,Missing,,,,Missing,,,,,365925526,Port:65535,0,1773324358,768826769,Missing,,,,,,,,,3,OK,-40.9228,206.203,-2041.51,OK,-43.4578,201.768,-2245.73,OK,-63.8407,219.255,-2294.99,,,,,,,,,,,,,,,,,,,,
4,,365925529,Port:1,0,1773324358,818826769,50000000,Enabled,0.754064,0.362935,-0.540206,0.0885656,-17.9389,111.507,-1751.92,0.130881,4,OK,-17.8978,111.363,-1751.95,OK,-63.7993,105.703,-1732.75,OK,-84.0365,54.9306,-1738.4,OK,-24.9253,53.7173,-1765.75,,365925529,Port:2,0,1773324358,818826769,Enabled,0.930146,0.030857,0.0356495,0.364149,-87.4735,271.27,-1592.31,0.144737,3,OK,-87.2989,271.34,-1592.32,OK,-129.004,241.328,-1589.55,OK,-130.184,317.6,-1587.03,,365925529,Port:3,0,1773324358,818826769,Missing,,,,,,,,,4,Missing,,,,Missing,,,,Missing,,,,Missing,,,,,365925529,Port:65535,0,1773324358,818826769,Missing,,,,,,,,,3,OK,-40.9178,206.209,-2041.48,OK,-43.4528,201.77,-2245.82,OK,-63.7787,219.263,-2295.24,,,,,,,,,,,,,,,,,,,,
4,,365925532,Port:1,0,1773324358,868826769,50000000,Enabled,0.758994,0.357678,-0.537396,0.0848536,-15.2034,112.192,-1753.6,0.133123,4,OK,-15.1666,112.057,-1753.61,OK,-60.9044,107.012,-1733.89,OK,-81.7263,56.4048,-1738.86,OK,-22.9029,54.3473,-1766.92,,365925532,Port:2,0,1773324358,868826769,Enabled,0.93014,0.031137,0.0354597,0.364161,-87.4691,271.27,-1592.31,0.144332,3,OK,-87.2919,271.336,-1592.33,OK,-129,241.333,-1589.58,OK,-130.183,317.594,-1587.02,,365925532,Port:3,0,1773324358,868826769,Missing,,,,,,,,,4,Missing,,,,Missing,,,,Missing,,,,Missing,,,,,365925532,Port:65535,0,1773324358,868826769,Missing,,,,,,,,,3,OK,-40.916,206.206,-2041.54,OK,-43.4585,201.77,-2245.77,OK,-65.3743,219.327,-2290.21,,,,,,,,,,,,,,,,,,,,
4,,365925535,Port:1,0,1773324358,918826770,50000001,Enabled,0.76336,0.348082,-0.538047,0.0814006,-11.6979,112.748,-1755.49,0.23508,4,OK,-11.6825,112.633,-1755.38,OK,-57.2588,108.496,-1735.72,OK,-79.0904,58.2708,-1739.59,OK,-20.52,54.9773,-1767.97,,365925535,Port:2,0,1773324358,918826770,Enabled,0.930148,0.0306079,0.0354206,0.36419,-87.4711,271.275,-1592.31,0.139486,3,OK,-87.3039,271.343,-1592.33,OK,-128.995,241.331,-1589.57,OK,-130.187,317.606,-1587.08,,365925535,Port:3,0,1773324358,918826770,Missing,,,,,,,,,4,Missing,,,,Missing,,,,Missing,,,,Missing,,,,,365925535,Port:65535,0,1773324358,918826770,Missing,,,,,,,,,2,OK,-40.9161,206.201,-2041.48,OK,-43.4608,201.764,-2245.68,,,,,,,,,,,,,,,,,,,,,,,,
4,,365925538,Port:1,0,1773324358,968826770,50000000,Enabled,0.76636,0.342337,-0.538662,0.0730819,-8.20345,113.15,-1756.72,0.147734,4,OK,-8.16203,113.007,-1756.71,OK,-53.8184,109.945,-1736.44,OK,-76.5368,60.0596,-1740.31,OK,-18.1709,55.4465,-1769.04,,365925538,Port:2,0,1773324358,968826770,Enabled,0.930112,0.0309268,0.0361759,0.36418,-87.4755,271.272,-1592.36,0.147468,3,OK,-87.2998,271.345,-1592.37,OK,-129.003,241.321,-1589.55,OK,-130.185,317.6,-1587.05,,365925538,Port:3,0,1773324358,968826770,Missing,,,,,,,,,4,Missing,,,,Missing,,,,Missing,,,,Missing,,,,,365925538,Port:65535,0,1773324358,968826770,Missing,,,,,,,,,2,OK,-40.93,206.186,-2041.56,OK,-43.4594,201.75,-2245.69,,,,,,,,,,,,,,,,,,,,,,,,
4,,365925541,Port:1,0,1773324359,18826768,49999998,Enabled,0.768528,0.336995,-0.539541,0.068518,-5.75445,113.396,-1757.72,0.14429,4,OK,-5.70446,113.251,-1757.74,OK,-51.354,110.918,-1737.24,OK,-74.758,61.3193,-1740.86,OK,-16.5407,55.7736,-1769.73,,365925541,Port:2,0,1773324359,18826768,Enabled,0.930174,0.0306358,0.0352956,0.364133,-87.4679,271.264,-1592.28,0.144197,3,OK,-87.2924,271.33,-1592.29,OK,-129.001,241.326,-1589.55,OK,-130.182,317.599,-1587.05,,365925541,Port:3,0,1773324359,18826768,Missing,,,,,,,,,4,Missing,,,,Missing,,,,Missing,,,,Missing,,,,,365925541,Port:65535,0,1773324359,18826768,Missing,,,,,,,,,2,OK,-40.9063,206.191,-2041.52,OK,-43.3986,201.758,-2245.54,,,,,,,,,,,,,,,,,,,,,,,,
4,,365925544,Port:1,0,1773324359,68826768,50000000,Enabled,0.769823,0.333851,-0.539858,0.0668627,-4.63911,113.564,-1758.38,0.142603,4,OK,-4.58396,113.42,-1758.44,OK,-50.2328,111.459,-1737.77,OK,-73.945,61.9945,-1741.23,OK,-15.801,55.9559,-1770.13,,365925544,Port:2,0,1773324359,68826768,Enabled,0.930122,0.0311258,0.0356095,0.364194,-87.4722,271.277,-1592.34,0.144623,3,OK,-87.2986,271.349,-1592.35,OK,-129,241.331,-1589.59,OK,-130.185,317.599,-1587.04,,365925544,Port:3,0,1773324359,68826768,Missing,,,,,,,,,4,Missing,,,,Missing,,,,Missing,,,,Missing,,,,,365925544,Port:65535,0,1773324359,68826768,Missing,,,,,,,,,2,OK,-40.9232,206.188,-2041.48,OK,-43.3612,201.761,-2245.13,,,,,,,,,,,,,,,,,,,,,,,,
4,,365925547,Port:1,0,1773324359,118826768,50000000,Enabled,0.769126,0.332867,-0.541427,0.067089,-4.60514,113.736,-1758.47,0.131558,4,OK,-4.56182,113.598,-1758.53,OK,-50.2557,111.72,-1738.01,OK,-74.0411,62.3002,-1741.53,OK,-15.8431,56.1366,-1770.18,,365925547,Port:2,0,1773324359,118826768,Enabled,0.930153,0.0306427,0.0354512,0.36417,-87.4706,271.272,-1592.3,0.145755,3,OK,-87.2958,271.342,-1592.32,OK,-129.002,241.326,-1589.56,OK,-130.185,317.603,-1587.07,,365925547,Port:3,0,1773324359,118826768,Missing,,,,,,,,,4,Missing,,,,Missing,,,,Missing,,,,Missing,,,,,365925547,Port:65535,0,1773324359,118826768,Missing,,,,,,,,,2,OK,-40.9136,206.198,-2041.57,OK,-43.3463,201.775,-2245.13,,,,,,,,,,,,,,,,,,,,,,,,
4,,365925550,Port:1,0,1773324359,168826768,50000000,Enabled,0.768641,0.333039,-0.541937,0.0676853,-5.17992,113.981,-1758.5,0.137398,4,OK,-5.13969,113.839,-1758.53,OK,-50.8719,111.939,-1738.14,OK,-74.6124,62.4929,-1741.64,OK,-16.3276,56.3598,-1770.26,,365925550,Port:2,0,1773324359,168826768,Enabled,0.930153,0.030812,0.0353277,0.364168,-87.4702,271.274,-1592.32,0.142313,3,OK,-87.298,271.34,-1592.33,OK,-128.999,241.33,-1589.59,OK,-130.186,317.606,-1587.06,,365925550,Port:3,0,1773324359,168826768,Missing,,,,,,,,,4,Missing,,,,Missing,,,,Missing,,,,Missing,,,,,365925550,Port:65535,0,1773324359,168826768,Missing,,,,,,,,,2,OK,-40.9133,206.217,-2041.47,OK,-43.3729,201.789,-2245.41,,,,,,,,,,,,,,,,,,,,,,,,
4,,365925553,Port:1,0,1773324359,218826768,50000000,Enabled,0.768154,0.332563,-0.542679,0.0695796,-5.54049,114.257,-1758.71,0.130822,4,OK,-5.51167,114.11,-1758.73,OK,-51.2744,112.171,-1738.49,OK,-74.9032,62.6673,-1741.94,OK,-16.5614,56.5978,-1770.35,,365925553,Port:2,0,1773324359,218826768,Enabled,0.930155,0.0311468,0.0350685,0.364159,-87.4689,271.271,-1592.27,0.140599,3,OK,-87.2979,271.338,-1592.29,OK,-129,241.335,-1589.58,OK,-130.182,317.594,-1586.99,,365925553,Port:3,0,1773324359,218826768,Missing,,,,,,,,,4,Missing,,,,Missing,,,,Missing,,,,Missing,,,,,365925553,Port:65535,0,1773324359,218826768,Missing,,,,,,,,,2,OK,-40.9357,206.196,-2041.48,OK,-43.3933,201.769,-2245.25,,,,,,,,,,,,,,,,,,,,,,,,
4,,365925556,Port:1,0,1773324359,268826768,50000000,Enabled,0.767288,0.33115,-0.54497,0.0679401,-5.18107,114.256,-1758.62,0.127005,4,OK,-5.15248,114.112,-1758.64,OK,-51.0013,112.412,-1738.55,OK,-74.8811,63.0395,-1742.13,OK,-16.4738,56.6556,-1770.33,,365925556,Port:2,0,1773324359,268826768,Enabled,0.930127,0.0311093,0.0356917,0.364174,-87.4745,271.275,-1592.34,0.141263,3,OK,-87.3022,271.339,-1592.36,OK,-128.999,241.332,-1589.59,OK,-130.188,317.605,-1587.04,,365925556,Port:3,0,1773324359,268826768,Missing,,,,,,,,,4,Missing,,,,Missing,,,,Missing,,,,Missing,,,,,365925556,Port:65535,0,1773324359,268826768,Missing,,,,,,,,,2,OK,-40.9226,206.188,-2041.39,OK,-43.3756,201.759,-2245.18,,,,,,,,,,,,,,,,,,,,,,,,
4,,365925559,Port:1,0,1773324359,318826768,50000000,Enabled,0.766573,0.331434,-0.545927,0.0669364,-5.16215,114.11,-1758.22,0.130768,4,OK,-5.11921,113.974,-1758.28,OK,-51.0204,112.296,-1738.2,OK,-74.9904,62.9793,-1741.97,OK,-16.5367,56.5581,-1770.05,,365925559,Port:2,0,1773324359,318826768,Enabled,0.930138,0.0309686,0.0357911,0.364147,-87.4754,271.273,-1592.34,0.144153,3,OK,-87.3008,271.34,-1592.35,OK,-129.004,241.331,-1589.57,OK,-130.186,317.604,-1587.05,,365925559,Port:3,0,1773324359,318826768,Missing,,,,,,,,,4,Missing,,,,Missing,,,,Missing,,,,Missing,,,,,365925559,Port:65535,0,1773324359,318826768,Missing,,,,,,,,,2,OK,-40.9252,206.197,-2041.51,OK,-43.3639,201.77,-2245.28,,,,,,,,,,,,,,,,,,,,,,,,
4,,365925562,Port:1,0,1773324359,368826768,50000000,Enabled,0.764684,0.333413,-0.547181,0.0684644,-6.17897,113.84,-1757.54,0.137402,4,OK,-6.1329,113.699,-1757.59,OK,-52.1306,111.789,-1737.76,OK,-75.8888,62.3957,-1741.74,OK,-17.2597,56.2801,-1769.6,,365925562,Port:2,0,1773324359,368826768,Enabled,0.930157,0.0308799,0.0354008,0.364145,-87.4742,271.273,-1592.31,0.141785,3,OK,-87.3022,271.34,-1592.32,OK,-129.004,241.334,-1589.58,OK,-130.186,317.603,-1587.04,,365925562,Port:3,0,1773324359,368826768,Missing,,,,,,,,,4,Missing,,,,Missing,,,,Missing,,,,Missing,,,,,365925562,Port:65535,0,1773324359,368826768,Missing,,,,,,,,,2,OK,-40.9203,206.202,-2041.54,OK,-43.4194,201.77,-2245.55,,,,,,,,,,,,,,,,,,,,,,,,
4,,365925565,Port:1,0,1773324359,418826768,50000000,Enabled,0.762014,0.337676,-0.547761,0.0725733,-8.38268,113.317,-1756.27,0.139776,4,OK,-8.35288,113.171,-1756.27,OK,-54.3851,110.668,-1736.84,OK,-77.5986,61.0411,-1741.06,OK,-18.8033,55.723,-1768.61,,365925565,Port:2,0,1773324359,418826768,Enabled,0.930136,0.0310248,0.0356913,0.364158,-87.4762,271.271,-1592.33,0.142765,3,OK,-87.3032,271.338,-1592.34,OK,-129.004,241.329,-1589.57,OK,-130.187,317.6,-1587.04,,365925565,Port:3,0,1773324359,418826768,Missing,,,,,,,,,4,Missing,,,,Missing,,,,Missing,,,,Missing,,,,,365925565,Port:65535,0,1773324359,418826768,Missing,,,,,,,,,2,OK,-40.9233,206.172,-2041.54,OK,-43.4614,201.733,-2245.7,,,,,,,,,,,,,,,,,,,,,,,,
4,,365925568,Port:1,0,1773324359,468826768,50000000,Enabled,0.760671,0.342928,-0.545638,0.0778369,-10.905,113.129,-1755.4,0.201863,4,OK,-10.887,113.014,-1755.29,OK,-56.8153,109.66,-1736.17,OK,-79.3335,59.7449,-1740.33,OK,-20.4652,55.45,-1767.96,,365925568,Port:2,0,1773324359,468826768,Enabled,0.930144,0.0305403,0.0358553,0.364161,-87.4681,271.271,-1592.3,0.143993,3,OK,-87.2966,271.34,-1592.31,OK,-128.995,241.322,-1589.51,OK,-130.18,317.608,-1587.05,,365925568,Port:3,0,1773324359,468826768,Missing,,,,,,,,,4,Missing,,,,Missing,,,,Missing,,,,Missing,,,,,365925568,Port:65535,0,1773324359,468826768,Missing,,,,,,,,,2,OK,-40.9167,206.206,-2041.44,OK,-43.4648,201.768,-2245.79,,,,,,,,,,,,,,,,,,,,,,,,
4,,365925571,Port:1,0,1773324359,518826768,50000000,Enabled,0.761424,0.349044,-0.539889,0.0831992,-13.5715,113.693,-1755.41,0.147369,4,OK,-13.5437,113.557,-1755.39,OK,-59.3304,109.372,-1735.77,OK,-80.8823,59.0233,-1740.05,OK,-22.0982,55.8347,-1768.01,,365925571,Port:2,0,1773324359,518826768,Enabled,0.930121,0.031068,0.0358214,0.36418,-87.478,271.275,-1592.34,0.1465,3,OK,-87.3034,271.349,-1592.36,OK,-129.007,241.327,-1589.57,OK,-130.187,317.599,-1587.04,,365925571,Port:3,0,1773324359,518826768,Missing,,,,,,,,,4,Missing,,,,Missing,,,,Missing,,,,Missing,,,,,365925571,Port:65535,0,1773324359,518826768,Missing,,,,,,,,,2,OK,-40.9213,206.199,-2041.54,OK,-43.4519,201.762,-2245.79,,,,,,,,,,,,,,,,,,,,,,,,
4,,365925574,Port:1,0,1773324359,568826768,50000000,Enabled,0.761794,0.354191,-0.535026,0.0892527,-16.5009,114.715,-1755.99,0.134263,4,OK,-16.4582,114.571,-1756.05,OK,-62.1307,109.6,-1736.03,OK,-82.749,58.8358,-1740.41,OK,-23.995,56.6841,-1768.54,,365925574,Port:2,0,1773324359,568826768,Enabled,0.930158,0.0307105,0.0353463,0.364162,-87.4705,271.266,-1592.3,0.141662,3,OK,-87.3002,271.333,-1592.31,OK,-128.999,241.322,-1589.57,OK,-130.185,317.6,-1587.06,,365925574,Port:3,0,1773324359,568826768,Missing,,,,,,,,,4,Missing,,,,Missing,,,,Missing,,,,Missing,,,,,365925574,Port:65535,0,1773324359,568826768,Missing,,,,,,,,,3,OK,-40.9305,206.199,-2041.53,OK,-43.4639,201.761,-2245.85,OK,-63.6542,219.267,-2294.63,,,,,,,,,,,,,,,,,,,,
4,,365925577,Port:1,0,1773324359,618826768,50000000,Enabled,0.765288,0.35899,-0.524895,0.0997283,-20.1624,116.201,-1757.46,0.142609,4,OK,-20.1141,116.057,-1757.47,OK,-65.3934,110,-1736.92,OK,-84.6456,58.6538,-1740.55,OK,-26.1832,57.8719,-1769.49,,365925577,Port:2,0,1773324359,618826768,Enabled,0.930164,0.0308915,0.0352798,0.364137,-87.471,271.269,-1592.28,0.140014,3,OK,-87.3021,271.335,-1592.3,OK,-129,241.33,-1589.56,OK,-130.182,317.603,-1587.03,,365925577,Port:3,0,1773324359,618826768,Missing,,,,,,,,,4,Missing,,,,Missing,,,,Missing,,,,Missing,,,,,365925577,Port:65535,0,1773324359,618826768,Missing,,,,,,,,,3,OK,-40.9374,206.202,-2041.52,OK,-43.473,201.765,-2245.75,OK,-63.8208,219.274,-2295.12,,,,,,,,,,,,,,,,,,,,
4,,365925580,Port:1,0,1773324359,668826768,50000000,Enabled,0.768311,0.365846,-0.512295,0.115797,-25.1607,117.332,-1758.98,0.129465,4,OK,-25.1059,117.204,-1759.03,OK,-69.8419,109.543,-1737.78,OK,-87.062,57.4311,-1740.67,OK,-28.9863,58.6737,-1770.27,,365925580,Port:2,0,1773324359,668826768,Enabled,0.930142,0.0307835,0.035542,0.364177,-87.4708,271.271,-1592.31,0.142942,3,OK,-87.2988,271.339,-1592.32,OK,-128.998,241.325,-1589.56,OK,-130.185,317.601,-1587.05,,365925580,Port:3,0,1773324359,668826768,Missing,,,,,,,,,4,Missing,,,,Missing,,,,Missing,,,,Missing,,,,,365925580,Port:65535,0,1773324359,668826768,Missing,,,,,,,,,3,OK,-40.9198,206.197,-2041.53,OK,-43.8082,201.767,-2245.45,OK,-63.8215,219.263,-2295.21,,,,,,,,,,,,,,,,,,,,
4,,365925583,Port:1,0,1773324359,718826768,50000000,Enabled,0.769471,0.372632,-0.50174,0.131594,-30.3,117.978,-1759.44,0.140828,4,OK,-30.2255,117.853,-1759.5,OK,-74.51,108.673,-1737.8,OK,-89.7166,55.8944,-1740.13,OK,-31.9162,59.1119,-1770.17,,365925583,Port:2,0,1773324359,718826768,Enabled,0.930108,0.0310524,0.0361006,0.364186,-87.4779,271.273,-1592.35,0.144985,3,OK,-87.306,271.347,-1592.37,OK,-129.003,241.323,-1589.56,OK,-130.186,317.598,-1587.04,,365925583,Port:3,0,1773324359,718826768,Missing,,,,,,,,,4,Missing,,,,Missing,,,,Missing,,,,Missing,,,,,365925583,Port:65535,0,1773324359,718826768,Missing,,,,,,,,,2,OK,-40.9255,206.192,-2041.43,OK,-63.8183,219.277,-2295.3,,,,,,,,,,,,,,,,,,,,,,,,
4,,365925586,Port:1,0,1773324359,768826768,50000000,Enabled,0.767844,0.380334,-0.496093,0.140188,-33.9829,118.324,-1758.43,0.141471,4,OK,-33.911,118.191,-1758.48,OK,-77.8833,107.835,-1736.72,OK,-91.7337,54.6863,-1739.14,OK,-34.1196,59.4694,-1769.35,,365925586,Port:2,0,1773324359,768826768,Enabled,0.930138,0.0309307,0.0355425,0.364175,-87.4719,271.274,-1592.31,0.14509,3,OK,-87.2976,271.344,-1592.32,OK,-129.002,241.328,-1589.56,OK,-130.185,317.601,-1587.03,,365925586,Port:3,0,1773324359,768826768,Missing,,,,,,,,,4,Missing,,,,Missing,,,,Missing,,,,Missing,,,,,365925586,Port:65535,0,1773324359,768826768,Missing,,,,,,,,,2,OK,-40.9252,206.211,-2041.4,OK,-63.8225,219.265,-2295.2,,,,,,,,,,,,,,,,,,,,,,,,
4,,365925589,Port:1,0,1773324359,818826768,50000000,Enabled,0.765021,0.38255,-0.496933,0.146478,-36.7695,119.393,-1757.88,0.141071,4,OK,-36.7081,119.251,-1757.95,OK,-80.72,108.389,-1736.5,OK,-93.898,55.0865,-1739.06,OK,-36.1065,60.5298,-1768.75,,365925589,Port:2,0,1773324359,818826768,Enabled,0.930138,0.030983,0.035542,0.364171,-87.4748,271.274,-1592.31,0.147703,3,OK,-87.2967,271.346,-1592.32,OK,-129.008,241.33,-1589.56,OK,-130.187,317.598,-1587.03,,365925589,Port:3,0,1773324359,818826768,Missing,,,,,,,,,4,Missing,,,,Missing,,,,Missing,,,,Missing,,,,,365925589,Port:65535,0,1773324359,818826768,Missing,,,,,,,,,2,OK,-40.911,206.193,-2041.38,OK,-63.8633,219.252,-2294.93,,,,,,,,,,,,,,,,,,,,,,,,
4,,365925592,Port:1,0,1773324359,868826768,50000000,Enabled,0.758516,0.386323,-0.501344,0.155121,-40.455,120.44,-1756.66,0.126803,4,OK,-40.3966,120.309,-1756.71,OK,-84.6195,108.693,-1736.16,OK,-96.9089,55.1857,-1739.13,OK,-38.6796,61.6136,-1767.73,,365925592,Port:2,0,1773324359,868826768,Enabled,0.93016,0.0310009,0.0351069,0.364155,-87.4745,271.274,-1592.31,0.141731,3,OK,-87.301,271.338,-1592.32,OK,-129.006,241.337,-1589.61,OK,-130.19,317.602,-1587.04,,365925592,Port:3,0,1773324359,868826768,Missing,,,,,,,,,4,Missing,,,,Missing,,,,Missing,,,,Missing,,,,,365925592,Port:65535,0,1773324359,868826768,Missing,,,,,,,,,3,OK,-40.9199,206.198,-2041.43,OK,-43.2352,201.758,-2245.73,OK,-64.0504,219.278,-2295.11,,,,,,,,,,,,,,,,,,,,
4,,365925595,Port:1,0,1773324359,918826768,50000000,Enabled,0.755286,0.393696,-0.495928,0.169122,-44.9651,121.027,-1755.14,0.124249,4,OK,-44.911,120.889,-1755.19,OK,-88.7626,107.831,-1734.77,OK,-99.2333,53.9359,-1737.68,OK,-41.1811,62.2865,-1766.06,,365925595,Port:2,0,1773324359,918826768,Enabled,0.93016,0.0306928,0.0352234,0.36417,-87.4717,271.281,-1592.29,0.144603,3,OK,-87.2979,271.349,-1592.3,OK,-129.003,241.335,-1589.57,OK,-130.188,317.615,-1587.05,,365925595,Port:3,0,1773324359,918826768,Missing,,,,,,,,,4,Missing,,,,Missing,,,,Missing,,,,Missing,,,,,365925595,Port:65535,0,1773324359,918826768,Missing,,,,,,,,,2,OK,-40.9248,206.194,-2041.55,OK,-43.4543,201.76,-2245.62,,,,,,,,,,,,,,,,,,,,,,,,
4,,365925598,Port:1,0,1773324359,968826768,50000000,Enabled,0.751177,0.401494,-0.491511,0.181529,-48.8014,121.329,-1753.14,0.13093,4,OK,-48.7482,121.192,-1753.22,OK,-92.2602,106.735,-1732.96,OK,-101.026,52.56,-1736.02,OK,-43.1109,62.7431,-1764.11,,365925598,Port:2,0,1773324359,968826768,Enabled,0.930143,0.0309894,0.0354082,0.36417,-87.4715,271.28,-1592.33,0.145956,3,OK,-87.2941,271.348,-1592.34,OK,-129.003,241.336,-1589.59,OK,-130.187,317.609,-1587.05,,365925598,Port:3,0,1773324359,968826768,Missing,,,,,,,,,4,Missing,,,,Missing,,,,Missing,,,,Missing,,,,,365925598,Port:65535,0,1773324359,968826768,Missing,,,,,,,,,2,OK,-40.9172,206.202,-2041.64,OK,-43.4635,201.767,-2245.79,,,,,,,,,,,,,,,,,,,,,,,,
4,,365925601,Port:1,0,1773324360,18826767,49999999,Enabled,0.743167,0.404775,-0.49862,0.187719,-50.2877,121.327,-1750,0.124747,4,OK,-50.233,121.191,-1750.07,OK,-94.0312,106.15,-1730.92,OK,-102.189,51.9264,-1734.59,OK,-43.8019,62.8919,-1761.28,,365925601,Port:2,0,1773324360,18826767,Enabled,0.930142,0.0308263,0.0354834,0.364179,-87.4705,271.277,-1592.32,0.146784,3,OK,-87.2934,271.346,-1592.33,OK,-129.002,241.329,-1589.57,OK,-130.187,317.608,-1587.05,,365925601,Port:3,0,1773324360,18826767,Missing,,,,,,,,,4,Missing,,,,Missing,,,,Missing,,,,Missing,,,,,365925601,Port:65535,0,1773324360,18826767,Missing,,,,,,,,,2,OK,-40.9345,206.206,-2041.68,OK,-43.4613,201.773,-2245.83,,,,,,,,,,,,,,,,,,,,,,,,
4,,365925604,Port:1,0,1773324360,68826767,50000000,Enabled,0.737195,0.403742,-0.50937,0.1846,-49.997,121.701,-1746.34,0.144157,4,OK,-49.9249,121.566,-1746.45,OK,-94.2984,106.856,-1728.25,OK,-103.033,52.7786,-1732.71,OK,-43.9927,63.3242,-1758.08,,365925604,Port:2,0,1773324360,68826767,Enabled,0.930131,0.0310685,0.0356761,0.364169,-87.4781,271.285,-1592.33,0.146003,3,OK,-87.3024,271.355,-1592.34,OK,-129.008,241.339,-1589.57,OK,-130.19,317.612,-1587.03,,365925604,Port:3,0,1773324360,68826767,Missing,,,,,,,,,4,Missing,,,,Missing,,,,Missing,,,,Missing,,,,,365925604,Port:65535,0,1773324360,68826767,Missing,,,,,,,,,2,OK,-40.9195,206.204,-2041.39,OK,-43.4644,201.765,-2245.75,,,,,,,,,,,,,,,,,,,,,,,,
4,,365925607,Port:1,0,1773324360,118826767,50000000,Enabled,0.729692,0.403106,-0.521978,0.180536,-51.7232,122.649,-1743.27,0.146945,4,OK,-51.6452,122.515,-1743.37,OK,-96.6385,108.177,-1726.42,OK,-106.016,54.3109,-1731.83,OK,-46.2591,64.3628,-1755.68,,365925607,Port:2,0,1773324360,118826767,Enabled,0.930141,0.0310579,0.0355153,0.364159,-87.4751,271.279,-1592.31,0.143156,3,OK,-87.3028,271.348,-1592.33,OK,-129.005,241.336,-1589.57,OK,-130.186,317.605,-1587.02,,365925607,Port:3,0,1773324360,118826767,Missing,,,,,,,,,4,Missing,,,,Missing,,,,Missing,,,,Missing,,,,,365925607,Port:65535,0,1773324360,118826767,Missing,,,,,,,,,2,OK,-40.9211,206.197,-2041.52,OK,-43.4656,201.761,-2245.72,,,,,,,,,,,,,,,,,,,,,,,,
4,,365925610,Port:1,0,1773324360,168826767,50000000,Enabled,0.724554,0.408216,-0.524086,0.183616,-57.266,124.678,-1741.65,0.147787,4,OK,-57.191,124.554,-1741.77,OK,-102.176,109.603,-1725.33,OK,-110.971,55.7011,-1731.35,OK,-51.11,66.5594,-1754.53,,365925610,Port:2,0,1773324360,168826767,Enabled,0.930156,0.0309263,0.035359,0.364147,-87.4745,271.274,-1592.29,0.143859,3,OK,-87.3009,271.344,-1592.3,OK,-129.007,241.334,-1589.56,OK,-130.186,317.603,-1587.02,,365925610,Port:3,0,1773324360,168826767,Missing,,,,,,,,,4,Missing,,,,Missing,,,,Missing,,,,Missing,,,,,365925610,Port:65535,0,1773324360,168826767,Missing,,,,,,,,,3,OK,-40.9232,206.201,-2041.59,OK,-43.4547,201.764,-2245.8,OK,-63.6115,219.279,-2294.78,,,,,,,,,,,,,,,,,,,,
4,,365925613,Port:1,0,1773324360,218826767,50000000,Enabled,0.72385,0.414074,-0.516191,0.195271,-65.6831,129.381,-1742.65,0.174346,4,OK,-65.5891,129.254,-1742.81,OK,-110.074,113.067,-1726.06,OK,-117.283,58.8995,-1731.78,OK,-57.853,71.4137,-1755.18,,365925613,Port:2,0,1773324360,218826767,Enabled,0.930155,0.0309549,0.0351345,0.36417,-87.4746,271.285,-1592.29,0.142114,3,OK,-87.304,271.353,-1592.31,OK,-129.005,241.34,-1589.59,OK,-130.189,317.615,-1587.03,,365925613,Port:3,0,1773324360,218826767,Missing,,,,,,,,,4,Missing,,,,Missing,,,,Missing,,,,Missing,,,,,365925613,Port:65535,0,1773324360,218826767,Missing,,,,,,,,,3,OK,-40.9359,206.212,-2041.5,OK,-43.4625,201.775,-2245.8,OK,-63.8516,219.263,-2295.18,,,,,,,,,,,,,,,,,,,,
4,,365925616,Port:1,0,1773324360,268826767,50000000,Enabled,0.723152,0.405715,-0.518553,0.208683,-73.6188,136.676,-1745.83,0.149909,4,OK,-73.5398,136.549,-1745.95,OK,-118.16,120.373,-1729.68,OK,-124.784,66.0033,-1734.16,OK,-65.028,78.4765,-1756.81,,365925616,Port:2,0,1773324360,268826767,Enabled,0.930142,0.031202,0.0355157,0.364144,-87.4739,271.276,-1592.31,0.146786,3,OK,-87.2966,271.347,-1592.32,OK,-129.008,241.334,-1589.57,OK,-130.183,317.6,-1587,,365925616,Port:3,0,1773324360,268826767,Missing,,,,,,,,,4,Missing,,,,Missing,,,,Missing,,,,Missing,,,,,365925616,Port:65535,0,1773324360,268826767,Missing,,,,,,,,,3,OK,-40.92,206.195,-2041.47,OK,-43.4743,201.757,-2245.75,OK,-63.8243,219.272,-2295.11,,,,,,,,,,,,,,,,,,,,
4,,365925619,Port:1,0,1773324360,318826767,50000000,Enabled,0.728749,0.386562,-0.524134,0.211611,-79.0197,146.73,-1748.18,0.125967,4,OK,-78.9413,146.599,-1748.23,OK,-124.124,131.966,-1732.17,OK,-131.906,77.6483,-1734.81,OK,-71.6182,88.0127,-1757.19,,365925619,Port:2,0,1773324360,318826767,Enabled,0.930137,0.0309887,0.035379,0.364189,-87.4722,271.28,-1592.28,0.143806,3,OK,-87.2992,271.35,-1592.29,OK,-129.002,241.335,-1589.55,OK,-130.187,317.604,-1587,,365925619,Port:3,0,1773324360,318826767,Missing,,,,,,,,,4,Missing,,,,Missing,,,,Missing,,,,Missing,,,,,365925619,Port:65535,0,1773324360,318826767,Missing,,,,,,,,,3,OK,-40.9262,206.203,-2041.44,OK,-43.4629,201.765,-2245.73,OK,-63.8315,219.287,-2295.25,,,,,,,,,,,,,,,,,,,,
4,,365925622,Port:1,0,1773324360,368826767,50000000,Enabled,0.735018,0.360474,-0.53684,0.203985,-81.5294,157.866,-1746.85,0.129552,4,OK,-81.4597,157.723,-1746.9,OK,-127.58,145.893,-1731.21,OK,-138.093,91.9816,-1732.42,OK,-76.9981,98.6137,-1754,,365925622,Port:2,0,1773324360,368826767,Enabled,0.93018,0.0306865,0.0351161,0.364128,-87.475,271.281,-1592.3,0.143201,3,OK,-87.3028,271.349,-1592.31,OK,-129.009,241.34,-1589.59,OK,-130.187,317.616,-1587.07,,365925622,Port:3,0,1773324360,368826767,Missing,,,,,,,,,4,Missing,,,,Missing,,,,Missing,,,,Missing,,,,,365925622,Port:65535,0,1773324360,368826767,Missing,,,,,,,,,3,OK,-40.9097,206.204,-2041.55,OK,-43.4657,201.767,-2245.83,OK,-63.8397,219.28,-2295.19,,,,,,,,,,,,,,,,,,,,
4,,365925625,Port:1,0,1773324360,418826767,50000000,Enabled,0.738529,0.337589,-0.551745,0.190226,-82.9932,168.369,-1741.31,0.125734,4,OK,-82.9355,168.233,-1741.36,OK,-129.908,159.266,-1726.32,OK,-143.466,106.051,-1726.94,OK,-81.7285,108.842,-1747.5,,365925625,Port:2,0,1773324360,418826767,Enabled,0.930131,0.031286,0.0358013,0.364137,-87.4767,271.283,-1592.35,0.143124,3,OK,-87.3049,271.354,-1592.36,OK,-129.006,241.341,-1589.59,OK,-130.181,317.608,-1587.02,,365925625,Port:3,0,1773324360,418826767,Missing,,,,,,,,,4,Missing,,,,Missing,,,,Missing,,,,Missing,,,,,365925625,Port:65535,0,1773324360,418826767,Missing,,,,,,,,,3,OK,-40.9196,206.203,-2041.47,OK,-43.4634,201.766,-2245.72,OK,-63.8304,219.269,-2295.21,,,,,,,,,,,,,,,,,,,,
4,,365925628,Port:1,0,1773324360,468826767,50000000,Enabled,0.743176,0.32889,-0.554668,0.178505,-83.3463,177.309,-1733.77,0.118429,4,OK,-83.2934,177.171,-1733.8,OK,-130.426,169.677,-1718.53,OK,-145.605,116.893,-1718.94,OK,-83.966,117.767,-1739.85,,365925628,Port:2,0,1773324360,468826767,Enabled,0.930171,0.0307786,0.0350954,0.364146,-87.4765,271.284,-1592.29,0.14341,3,OK,-87.3033,271.353,-1592.3,OK,-129.011,241.346,-1589.58,OK,-130.19,317.612,-1587.05,,365925628,Port:3,0,1773324360,468826767,Missing,,,,,,,,,4,Missing,,,,Missing,,,,Missing,,,,Missing,,,,,365925628,Port:65535,0,1773324360,468826767,Missing,,,,,,,,,3,OK,-40.918,206.202,-2041.45,OK,-43.463,201.763,-2245.79,OK,-63.8282,219.276,-2294.35,,,,,,,,,,,,,,,,,,,,
4,,365925631,Port:1,0,1773324360,518826767,50000000,Enabled,0.742955,0.347002,-0.541514,0.185391,-84.1391,184.067,-1727.47,0.126785,4,OK,-84.0891,183.927,-1727.54,OK,-130.551,174.387,-1711.33,OK,-143.678,121.053,-1712.28,OK,-82.5518,124.632,-1734.42,,365925631,Port:2,0,1773324360,518826767,Enabled,0.930142,0.0306664,0.0354816,0.364194,-87.4713,271.284,-1592.29,0.143616,3,OK,-87.2977,271.352,-1592.31,OK,-128.999,241.339,-1589.55,OK,-130.189,317.612,-1587.05,,365925631,Port:3,0,1773324360,518826767,Missing,,,,,,,,,4,Missing,,,,Missing,,,,Missing,,,,Missing,,,,,365925631,Port:65535,0,1773324360,518826767,Missing,,,,,,,,,2,OK,-40.9296,206.206,-2041.5,OK,-43.2853,201.802,-2244.25,,,,,,,,,,,,,,,,,,,,,,,,
4,,365925634,Port:1,0,1773324360,568826767,50000000,Enabled,0.732512,0.382211,-0.519916,0.216859,-86.8605,188.577,-1724.24,0.131915,4,OK,-86.7966,188.446,-1724.33,OK,-131.824,173.87,-1707.75,OK,-139.363,119.487,-1709.54,OK,-79.1994,129.743,-1732.29,,365925634,Port:2,0,1773324360,568826767,Enabled,0.930114,0.0309915,0.035937,0.364192,-87.4781,271.287,-1592.34,0.14323,3,OK,-87.3072,271.358,-1592.35,OK,-129.002,241.338,-1589.56,OK,-130.188,317.613,-1587.04,,365925634,Port:3,0,1773324360,568826767,Missing,,,,,,,,,4,Missing,,,,Missing,,,,Missing,,,,Missing,,,,,365925634,Port:65535,0,1773324360,568826767,Missing,,,,,,,,,1,OK,-40.9395,206.213,-2041.58,,,,,,,,,,,,,,,,,,,,,,,,,,,,
4,,365925637,Port:1,0,1773324360,618826767,50000000,Enabled,0.69744,0.440392,-0.506858,0.250454,-86.1397,185.922,-1720.43,0.159313,4,OK,-86.0351,185.809,-1720.56,OK,-128.93,164.158,-1705.98,OK,-129.012,109.545,-1711.82,OK,-70.4956,129.392,-1732.37,,365925637,Port:2,0,1773324360,618826767,Enabled,0.930116,0.0312491,0.0357997,0.364179,-87.4756,271.279,-1592.32,0.143764,3,OK,-87.3024,271.348,-1592.34,OK,-129.002,241.333,-1589.56,OK,-130.186,317.604,-1587,,365925637,Port:3,0,1773324360,618826767,Missing,,,,,,,,,4,Missing,,,,Missing,,,,Missing,,,,Missing,,,,,365925637,Port:65535,0,1773324360,618826767,Missing,,,,,,,,,1,OK,-40.9364,206.209,-2041.38,,,,,,,,,,,,,,,,,,,,,,,,,,,,
4,,365925640,Port:1,0,1773324360,668826767,50000000,Enabled,0.673991,0.504834,-0.474803,0.255814,-80.0188,181.098,-1721.21,0.182378,4,OK,-79.8927,180.999,-1721.38,OK,-119.322,153.411,-1706.94,OK,-113.679,99.8461,-1717.79,OK,-58.9101,127.987,-1738.92,,365925640,Port:2,0,1773324360,668826767,Enabled,0.930135,0.0307881,0.0356554,0.364184,-87.469,271.269,-1592.33,0.144432,3,OK,-87.2943,271.337,-1592.34,OK,-128.997,241.324,-1589.57,OK,-130.184,317.597,-1587.06,,365925640,Port:3,0,1773324360,668826767,Missing,,,,,,,,,4,Missing,,,,Missing,,,,Missing,,,,Missing,,,,,365925640,Port:65535,0,1773324360,668826767,Missing,,,,,,,,,2,OK,-40.9178,206.203,-2041.46,OK,-63.83,219.275,-2295.16,,,,,,,,,,,,,,,,,,,,,,,,
4,,365925643,Port:1,0,1773324360,718826767,50000000,Enabled,0.667938,0.508375,-0.465074,0.281281,-80.9262,181.319,-1729.43,0.194027,4,OK,-80.8101,181.238,-1729.62,OK,-119.001,151.922,-1715.24,OK,-110.495,98.5537,-1725.07,OK,-56.8713,129.02,-1745.77,,365925643,Port:2,0,1773324360,718826767,Enabled,0.930135,0.0309265,0.0354785,0.364189,-87.4689,271.267,-1592.34,0.142498,3,OK,-87.2967,271.335,-1592.35,OK,-128.996,241.323,-1589.6,OK,-130.184,317.594,-1587.07,,365925643,Port:3,0,1773324360,718826767,Missing,,,,,,,,,4,Missing,,,,Missing,,,,Missing,,,,Missing,,,,,365925643,Port:65535,0,1773324360,718826767,Missing,,,,,,,,,2,OK,-40.9249,206.195,-2041.5,OK,-63.8291,219.26,-2295.01,,,,,,,,,,,,,,,,,,,,,,,,
4,,365925646,Port:1,0,1773324360,768826767,50000000,Enabled,0.645657,0.50275,-0.491013,0.298791,-88.3345,181.06,-1731.45,0.195324,4,OK,-88.2052,180.974,-1731.64,OK,-127.234,151.326,-1720.61,OK,-117.752,98.1391,-1730.46,OK,-62.8496,129.086,-1746.61,,365925646,Port:2,0,1773324360,768826767,Enabled,0.930161,0.0306696,0.0352836,0.364162,-87.4678,271.265,-1592.32,0.140828,3,OK,-87.2975,271.33,-1592.34,OK,-128.996,241.323,-1589.6,OK,-130.183,317.598,-1587.09,,365925646,Port:3,0,1773324360,768826767,Missing,,,,,,,,,4,Missing,,,,Missing,,,,Missing,,,,Missing,,,,,365925646,Port:65535,0,1773324360,768826767,Missing,,,,,,,,,2,OK,-40.9164,206.204,-2041.5,OK,-63.8238,219.276,-2295.15,,,,,,,,,,,,,,,,,,,,,,,,
4,,365925649,Port:1,0,1773324360,818826767,50000000,Enabled,0.626756,0.525832,-0.489238,0.302199,-97.0271,177.776,-1725.67,0.203562,4,OK,-96.8885,177.714,-1725.87,OK,-134.774,146.057,-1716.4,OK,-123.093,93.7757,-1728.55,OK,-69.371,127.585,-1742.94,,365925649,Port:2,0,1773324360,818826767,Enabled,0.930126,0.0309049,0.0357932,0.364183,-87.4701,271.268,-1592.33,0.144611,3,OK,-87.2974,271.341,-1592.35,OK,-128.998,241.322,-1589.56,OK,-130.181,317.592,-1587.05,,365925649,Port:3,0,1773324360,818826767,Missing,,,,,,,,,4,Missing,,,,Missing,,,,Missing,,,,Missing,,,,,365925649,Port:65535,0,1773324360,818826767,Missing,,,,,,,,,2,OK,-40.9173,206.19,-2041.44,OK,-64.093,219.274,-2294.6,,,,,,,,,,,,,,,,,,,,,,,,
4,,365925652,Port:1,0,1773324360,868826767,50000000,Enabled,0.617561,0.555058,-0.475784,0.290102,-103.886,173.773,-1718.96,0.250686,4,OK,-103.732,173.706,-1719.23,OK,-140.199,140.355,-1709.87,OK,-127.343,89.1732,-1725.15,OK,-75.3391,125.502,-1739.73,,365925652,Port:2,0,1773324360,868826767,Enabled,0.930122,0.0307315,0.0358659,0.3642,-87.4703,271.266,-1592.34,0.145787,3,OK,-87.2961,271.337,-1592.35,OK,-128.996,241.314,-1589.56,OK,-130.185,317.597,-1587.07,,365925652,Port:3,0,1773324360,868826767,Missing,,,,,,,,,4,Missing,,,,Missing,,,,Missing,,,,Missing,,,,,365925652,Port:65535,0,1773324360,868826767,Missing,,,,,,,,,1,OK,-40.9103,206.201,-2041.31,,,,,,,,,,,,,,,,,,,,,,,,,,,,
4,,365925655,Port:1,0,1773324360,918826767,50000000,Enabled,0.611361,0.568467,-0.464064,0.296189,-111.841,170.269,-1718.55,0.235675,4,OK,-111.675,170.227,-1718.8,OK,-146.831,135.436,-1709.5,OK,-132.213,84.9284,-1725.44,OK,-81.7411,123.298,-1740.14,,365925655,Port:2,0,1773324360,918826767,Enabled,0.930139,0.0307573,0.035347,0.364205,-87.4674,271.267,-1592.32,0.143629,3,OK,-87.2954,271.336,-1592.33,OK,-128.995,241.317,-1589.59,OK,-130.186,317.598,-1587.07,,365925655,Port:3,0,1773324360,918826767,Missing,,,,,,,,,4,Missing,,,,Missing,,,,Missing,,,,Missing,,,,,365925655,Port:65535,0,1773324360,918826767,Missing,,,,,,,,,1,OK,-40.9172,206.195,-2041.5,,,,,,,,,,,,,,,,,,,,,,,,,,,,
4,,365925658,Port:1,0,1773324360,968826767,50000000,Enabled,0.600789,0.565447,-0.470865,0.312425,-118.554,168.043,-1721.32,0.261169,4,OK,-118.398,167.972,-1721.59,OK,-153.29,132.699,-1713.47,OK,-137.316,82.3991,-1728.75,OK,-86.9353,121.498,-1741.55,,365925658,Port:2,0,1773324360,968826767,Enabled,0.930129,0.0309084,0.0355325,0.364202,-87.4676,271.262,-1592.34,0.142464,3,OK,-87.296,271.329,-1592.35,OK,-128.993,241.314,-1589.59,OK,-130.184,317.59,-1587.06,,365925658,Port:3,0,1773324360,968826767,Missing,,,,,,,,,4,Missing,,,,Missing,,,,Missing,,,,Missing,,,,,365925658,Port:65535,0,1773324360,968826767,Missing,,,,,,,,,1,OK,-40.9161,206.18,-2041.39,,,,,,,,,,,,,,,,,,,,,,,,,,,,
4,,365925661,Port:1,0,1773324361,18826768,50000001,Enabled,0.594258,0.556341,-0.487026,0.316461,-121.951,167.441,-1723.68,0.243952,4,OK,-121.789,167.365,-1723.93,OK,-157.566,132.705,-1717.22,OK,-141.969,82.1676,-1732.02,OK,-90.4628,120.389,-1742.93,,365925661,Port:2,0,1773324361,18826768,Enabled,0.930116,0.0310718,0.0357537,0.364199,-87.466,271.262,-1592.35,0.146381,3,OK,-87.2904,271.333,-1592.37,OK,-128.994,241.312,-1589.59,OK,-130.179,317.587,-1587.05,,365925661,Port:3,0,1773324361,18826768,Missing,,,,,,,,,4,Missing,,,,Missing,,,,Missing,,,,Missing,,,,,365925661,Port:65535,0,1773324361,18826768,Missing,,,,,,,,,1,OK,-40.9014,206.182,-2041.43,,,,,,,,,,,,,,,,,,,,,,,,,,,,
4,,365925664,Port:1,0,1773324361,68826768,50000000,Enabled,0.596913,0.556396,-0.48642,0.312271,-124.81,166.697,-1725.55,0.23549,4,OK,-124.651,166.623,-1725.79,OK,-160.586,132.167,-1718.84,OK,-145.398,81.5522,-1733.79,OK,-93.7496,119.47,-1745.1,,365925664,Port:2,0,1773324361,68826768,Enabled,0.930116,0.0310787,0.0357988,0.364194,-87.4693,271.263,-1592.36,0.146236,3,OK,-87.2922,271.331,-1592.38,OK,-128.996,241.314,-1589.59,OK,-130.184,317.591,-1587.06,,365925664,Port:3,0,1773324361,68826768,Missing,,,,,,,,,4,Missing,,,,Missing,,,,Missing,,,,Missing,,,,,365925664,Port:65535,0,1773324361,68826768,Missing,,,,,,,,,1,OK,-40.9171,206.193,-2041.55,,,,,,,,,,,,,,,,,,,,,,,,,,,,
4,,365925667,Port:1,0,1773324361,118826768,50000000,Enabled,0.592938,0.563577,-0.478749,0.318755,-131.982,165.28,-1727.83,0.266187,4,OK,-131.815,165.212,-1728.11,OK,-166.834,129.823,-1721.06,OK,-150.389,79.6526,-1736.22,OK,-99.7808,118.907,-1747.52,,365925667,Port:2,0,1773324361,118826768,Enabled,0.93011,0.0310347,0.0358253,0.364211,-87.4692,271.256,-1592.35,0.14321,3,OK,-87.2984,271.327,-1592.36,OK,-128.993,241.305,-1589.58,OK,-130.182,317.58,-1587.04,,365925667,Port:3,0,1773324361,118826768,Missing,,,,,,,,,4,Missing,,,,Missing,,,,Missing,,,,Missing,,,,,365925667,Port:65535,0,1773324361,118826768,Missing,,,,,,,,,1,OK,-40.9047,206.203,-2041.52,,,,,,,,,,,,,,,,,,,,,,,,,,,,
4,,365925670,Port:1,0,1773324361,168826768,50000000,Enabled,0.586098,0.563784,-0.47634,0.33427,-141.477,164.607,-1731.65,0.276714,4,OK,-141.32,164.542,-1731.94,OK,-175.545,128.313,-1725.28,OK,-157.522,78.4796,-1739.69,OK,-107.659,118.915,-1750.25,,365925670,Port:2,0,1773324361,168826768,Enabled,0.930135,0.0310051,0.035427,0.364187,-87.4656,271.259,-1592.31,0.14017,3,OK,-87.297,271.326,-1592.32,OK,-128.99,241.313,-1589.57,OK,-130.18,317.588,-1587.03,,365925670,Port:3,0,1773324361,168826768,Missing,,,,,,,,,4,Missing,,,,Missing,,,,Missing,,,,Missing,,,,,365925670,Port:65535,0,1773324361,168826768,Missing,,,,,,,,,1,OK,-40.9306,206.192,-2041.47,,,,,,,,,,,,,,,,,,,,,,,,,,,,
4,,365925673,Port:1,0,1773324361,218826768,50000000,Enabled,0.581103,0.559549,-0.47735,0.348368,-148.681,164.242,-1735.24,0.26044,4,OK,-148.51,164.175,-1735.5,OK,-182.354,127.526,-1729.29,OK,-163.267,77.7894,-1742.59,OK,-113.773,118.844,-1752.45,,365925673,Port:2,0,1773324361,218826768,Enabled,0.930153,0.0307733,0.0351752,0.364184,-87.4643,271.256,-1592.28,0.138962,3,OK,-87.2975,271.322,-1592.29,OK,-128.99,241.311,-1589.57,OK,-130.181,317.587,-1587.04,,365925673,Port:3,0,1773324361,218826768,Missing,,,,,,,,,4,Missing,,,,Missing,,,,Missing,,,,Missing,,,,,365925673,Port:65535,0,1773324361,218826768,Missing,,,,,,,,,1,OK,-40.9199,206.189,-2041.48,,,,,,,,,,,,,,,,,,,,,,,,,,,,
4,,365925676,Port:1,0,1773324361,268826768,50000000,Enabled,0.577426,0.562605,-0.475262,0.352393,-151.195,163.43,-1736.51,0.239079,4,OK,-151.034,163.367,-1736.75,OK,-184.432,126.292,-1730.78,OK,-164.665,76.8232,-1744.11,OK,-115.652,118.497,-1753.73,,365925676,Port:2,0,1773324361,268826768,Enabled,0.930126,0.0310114,0.0356726,0.364186,-87.4701,271.256,-1592.34,0.145264,3,OK,-87.2965,271.327,-1592.36,OK,-128.998,241.306,-1589.59,OK,-130.183,317.586,-1587.05,,365925676,Port:3,0,1773324361,268826768,Missing,,,,,,,,,4,Missing,,,,Missing,,,,Missing,,,,Missing,,,,,365925676,Port:65535,0,1773324361,268826768,Missing,,,,,,,,,1,OK,-40.9253,206.184,-2041.44,,,,,,,,,,,,,,,,,,,,,,,,,,,,
4,,365925679,Port:1,0,1773324361,318826768,50000000,Enabled,0.576115,0.566676,-0.475992,0.34699,-150.857,162.415,-1735.9,0.24309,4,OK,-150.701,162.355,-1736.15,OK,-184.139,125.295,-1730.37,OK,-164.572,75.9304,-1744.43,OK,-115.54,117.605,-1753.88,,365925679,Port:2,0,1773324361,318826768,Enabled,0.930164,0.0304877,0.0353295,0.364167,-87.4632,271.254,-1592.3,0.143211,3,OK,-87.2905,271.32,-1592.31,OK,-128.993,241.309,-1589.56,OK,-130.181,317.59,-1587.08,,365925679,Port:3,0,1773324361,318826768,Missing,,,,,,,,,4,Missing,,,,Missing,,,,Missing,,,,Missing,,,,,365925679,Port:65535,0,1773324361,318826768,Missing,,,,,,,,,1,OK,-40.9082,206.204,-2041.51,,,,,,,,,,,,,,,,,,,,,,,,,,,,
4,,365925682,Port:1,0,1773324361,368826768,50000000,Enabled,0.576319,0.565558,-0.478174,0.345471,-149.943,160.508,-1735.54,0.247924,4,OK,-149.791,160.444,-1735.79,OK,-183.439,123.563,-1730.1,OK,-164.115,74.1167,-1744.22,OK,-114.838,115.529,-1753.53,,365925682,Port:2,0,1773324361,368826768,Enabled,0.930142,0.0309366,0.0356104,0.364156,-87.4655,271.251,-1592.32,0.143277,3,OK,-87.2921,271.319,-1592.33,OK,-128.994,241.31,-1589.56,OK,-130.177,317.58,-1587.04,,365925682,Port:3,0,1773324361,368826768,Missing,,,,,,,,,4,Missing,,,,Missing,,,,Missing,,,,Missing,,,,,365925682,Port:65535,0,1773324361,368826768,Missing,,,,,,,,,1,OK,-40.9123,206.192,-2041.6,,,,,,,,,,,,,,,,,,,,,,,,,,,,
4,,365925685,Port:1,0,1773324361,418826768,50000000,Enabled,0.571888,0.570206,-0.478187,0.345176,-149.339,157.011,-1733.92,0.292257,4,OK,-149.174,156.953,-1734.23,OK,-182.555,119.757,-1728.85,OK,-162.901,70.6096,-1743.57,OK,-113.917,112.499,-1752.32,,365925685,Port:2,0,1773324361,418826768,Enabled,0.930151,0.0308391,0.035289,0.364173,-87.4669,271.252,-1592.32,0.142423,3,OK,-87.2958,271.321,-1592.33,OK,-128.997,241.309,-1589.6,OK,-130.181,317.579,-1587.07,,365925685,Port:3,0,1773324361,418826768,Missing,,,,,,,,,4,Missing,,,,Missing,,,,Missing,,,,Missing,,,,,365925685,Port:65535,0,1773324361,418826768,Missing,,,,,,,,,1,OK,-40.921,206.196,-2041.59,,,,,,,,,,,,,,,,,,,,,,,,,,,,
4,,365925688,Port:1,0,1773324361,468826768,50000000,Enabled,0.569797,0.578647,-0.470203,0.345555,-149.098,153.385,-1732.17,0.303141,4,OK,-148.931,153.338,-1732.49,OK,-181.548,115.467,-1726.91,OK,-161.142,66.7978,-1742.2,OK,-113.052,109.674,-1751.29,,365925688,Port:2,0,1773324361,468826768,Enabled,0.930116,0.0308581,0.0358294,0.36421,-87.465,271.253,-1592.33,0.145459,3,OK,-87.291,271.322,-1592.35,OK,-128.99,241.299,-1589.56,OK,-130.181,317.583,-1587.05,,365925688,Port:3,0,1773324361,468826768,Missing,,,,,,,,,4,Missing,,,,Missing,,,,Missing,,,,Missing,,,,,365925688,Port:65535,0,1773324361,468826768,Missing,,,,,,,,,2,OK,-43.2422,201.875,-2239.73,OK,-40.92,206.186,-2041.4,,,,,,,,,,,,,,,,,,,,,,,,
4,,365925691,Port:1,0,1773324361,518826768,50000000,Enabled,0.568571,0.583379,-0.463263,0.348973,-149.204,150.762,-1731.34,0.270875,4,OK,-149.03,150.714,-1731.62,OK,-180.975,112.295,-1725.88,OK,-159.807,63.9757,-1741.16,OK,-112.533,107.654,-1750.66,,365925691,Port:2,0,1773324361,518826768,Enabled,0.930155,0.0306078,0.0351084,0.364202,-87.4604,271.251,-1592.28,0.141211,3,OK,-87.2905,271.318,-1592.29,OK,-128.988,241.305,-1589.57,OK,-130.181,317.581,-1587.06,,365925691,Port:3,0,1773324361,518826768,Missing,,,,,,,,,4,Missing,,,,Missing,,,,Missing,,,,Missing,,,,,365925691,Port:65535,0,1773324361,518826768,Missing,,,,,,,,,2,OK,-43.206,201.823,-2242,OK,-40.8986,206.182,-2041.47,,,,,,,,,,,,,,,,,,,,,,,,
4,,365925694,Port:1,0,1773324361,568826768,50000000,Enabled,0.564626,0.587324,-0.463544,0.348389,-150.092,149.232,-1730.92,0.288136,4,OK,-149.911,149.168,-1731.22,OK,-181.649,110.545,-1725.85,OK,-160.218,62.4953,-1741.61,OK,-113.194,106.526,-1750.63,,365925694,Port:2,0,1773324361,568826768,Enabled,0.93015,0.030993,0.0352499,0.364168,-87.4637,271.249,-1592.3,0.140295,3,OK,-87.2949,271.315,-1592.32,OK,-128.991,241.305,-1589.59,OK,-130.177,317.58,-1587.03,,365925694,Port:3,0,1773324361,568826768,Missing,,,,,,,,,4,Missing,,,,Missing,,,,Missing,,,,Missing,,,,,365925694,Port:65535,0,1773324361,568826768,Missing,,,,,,,,,2,OK,-40.9162,206.199,-2041.43,OK,-43.2714,201.819,-2243,,,,,,,,,,,,,,,,,,,,,,,,
4,,365925697,Port:1,0,1773324361,618826768,50000000,Enabled,0.561039,0.591326,-0.462709,0.348524,-151.532,147.5,-1730.72,0.298328,4,OK,-151.357,147.441,-1731.04,OK,-182.817,108.55,-1725.93,OK,-161.018,60.7807,-1742.13,OK,-114.313,105.215,-1750.78,,365925697,Port:2,0,1773324361,618826768,Enabled,0.930153,0.0309043,0.0351493,0.364176,-87.4635,271.253,-1592.31,0.143717,3,OK,-87.2895,271.32,-1592.32,OK,-128.994,241.308,-1589.6,OK,-130.181,317.585,-1587.05,,365925697,Port:3,0,1773324361,618826768,Missing,,,,,,,,,4,Missing,,,,Missing,,,,Missing,,,,Missing,,,,,365925697,Port:65535,0,1773324361,618826768,Missing,,,,,,,,,2,OK,-40.9182,206.192,-2041.56,OK,-43.323,201.807,-2243.34,,,,,,,,,,,,,,,,,,,,,,,,
4,,365925700,Port:1,0,1773324361,668826768,50000000,Enabled,0.556132,0.598103,-0.459583,0.348959,-153.068,144.835,-1729.97,0.288634,4,OK,-152.9,144.791,-1730.28,OK,-183.782,105.407,-1725.51,OK,-161.393,58.1104,-1742.28,OK,-115.331,103.289,-1750.6,,365925700,Port:2,0,1773324361,668826768,Enabled,0.93014,0.0306686,0.0355507,0.364191,-87.4634,271.252,-1592.32,0.144775,3,OK,-87.2886,271.321,-1592.34,OK,-128.992,241.306,-1589.57,OK,-130.181,317.583,-1587.08,,365925700,Port:3,0,1773324361,668826768,Missing,,,,,,,,,4,Missing,,,,Missing,,,,Missing,,,,Missing,,,,,365925700,Port:65535,0,1773324361,668826768,Missing,,,,,,,,,2,OK,-40.905,206.192,-2041.48,OK,-43.3878,201.798,-2243.75,,,,,,,,,,,,,,,,,,,,,,,,
4,,365925703,Port:1,0,1773324361,718826768,50000000,Enabled,0.550881,0.604151,-0.456323,0.351143,-153.359,142.008,-1729.16,0.302681,4,OK,-153.194,141.963,-1729.49,OK,-183.459,102.069,-1725.02,OK,-160.344,55.2813,-1742.24,OK,-114.98,101.237,-1750.16,,365925703,Port:2,0,1773324361,718826768,Enabled,0.93013,0.0310431,0.0356744,0.364172,-87.4661,271.252,-1592.35,0.144542,3,OK,-87.2937,271.324,-1592.36,OK,-128.995,241.305,-1589.59,OK,-130.176,317.577,-1587.05,,365925703,Port:3,0,1773324361,718826768,Missing,,,,,,,,,4,Missing,,,,Missing,,,,Missing,,,,Missing,,,,,365925703,Port:65535,0,1773324361,718826768,Missing,,,,,,,,,2,OK,-40.912,206.196,-2041.4,OK,-43.3872,201.794,-2244.03,,,,,,,,,,,,,,,,,,,,,,,,
4,,365925706,Port:1,0,1773324361,768826768,50000000,Enabled,0.549013,0.607857,-0.453297,0.35159,-151.665,140.312,-1728.41,0.292109,4,OK,-151.496,140.264,-1728.72,OK,-181.417,100.1,-1724.31,OK,-157.92,53.5796,-1741.78,OK,-113.002,99.9579,-1749.71,,365925706,Port:2,0,1773324361,768826768,Enabled,0.930099,0.0310774,0.0360348,0.364213,-87.4683,271.256,-1592.37,0.144163,3,OK,-87.2951,271.326,-1592.38,OK,-128.991,241.306,-1589.58,OK,-130.181,317.578,-1587.05,,365925706,Port:3,0,1773324361,768826768,Missing,,,,,,,,,4,Missing,,,,Missing,,,,Missing,,,,Missing,,,,,365925706,Port:65535,0,1773324361,768826768,Missing,,,,,,,,,2,OK,-40.9233,206.185,-2041.65,OK,-43.2752,201.786,-2244.07,,,,,,,,,,,,,,,,,,,,,,,,
4,,365925709,Port:1,0,1773324361,818826768,50000000,Enabled,0.549781,0.610028,-0.451386,0.349081,-148.671,139.864,-1727.61,0.290797,4,OK,-148.492,139.813,-1727.92,OK,-178.337,99.5972,-1723.41,OK,-154.939,53.1729,-1741.13,OK,-110.152,99.6041,-1749.29,,365925709,Port:2,0,1773324361,818826768,Enabled,0.930139,0.0307945,0.0353974,0.364197,-87.4613,271.246,-1592.32,0.142181,3,OK,-87.2874,271.31,-1592.33,OK,-128.987,241.304,-1589.58,OK,-130.181,317.575,-1587.06,,365925709,Port:3,0,1773324361,818826768,Missing,,,,,,,,,4,Missing,,,,Missing,,,,Missing,,,,Missing,,,,,365925709,Port:65535,0,1773324361,818826768,Missing,,,,,,,,,2,OK,-43.0853,201.763,-2244.23,OK,-40.9037,206.173,-2041.42,,,,,,,,,,,,,,,,,,,,,,,,
4,,365925712,Port:1,0,1773324361,868826768,50000000,Enabled,0.552872,0.609636,-0.450496,0.346021,-146.657,140.456,-1727.8,0.296754,4,OK,-146.485,140.41,-1728.12,OK,-176.502,100.342,-1723.29,OK,-153.445,53.7542,-1741.1,OK,-108.459,99.971,-1749.68,,365925712,Port:2,0,1773324361,868826768,Enabled,0.930165,0.0306492,0.035139,0.36417,-87.4632,271.246,-1592.3,0.142228,3,OK,-87.2927,271.315,-1592.31,OK,-128.994,241.302,-1589.58,OK,-130.179,317.578,-1587.07,,365925712,Port:3,0,1773324361,868826768,Missing,,,,,,,,,4,Missing,,,,Missing,,,,Missing,,,,Missing,,,,,365925712,Port:65535,0,1773324361,868826768,Missing,,,,,,,,,1,OK,-40.9083,206.189,-2041.47,,,,,,,,,,,,,,,,,,,,,,,,,,,,
4,,365925715,Port:1,0,1773324361,918826768,50000000,Enabled,0.552409,0.605929,-0.453863,0.34886,-145.91,141.347,-1729.03,0.30372,4,OK,-145.734,141.297,-1729.36,OK,-175.945,101.37,-1724.67,OK,-152.916,54.618,-1742.08,OK,-107.663,100.638,-1750.36,,365925715,Port:2,0,1773324361,918826768,Enabled,0.930138,0.030925,0.0353416,0.364196,-87.4649,271.25,-1592.31,0.144848,3,OK,-87.2914,271.322,-1592.32,OK,-128.995,241.303,-1589.59,OK,-130.18,317.574,-1587.05,,365925715,Port:3,0,1773324361,918826768,Missing,,,,,,,,,4,Missing,,,,Missing,,,,Missing,,,,Missing,,,,,365925715,Port:65535,0,1773324361,918826768,Missing,,,,,,,,,1,OK,-40.9261,206.197,-2041.53,,,,,,,,,,,,,,,,,,,,,,,,,,,,
4,,365925718,Port:1,0,1773324361,968826768,50000000,Enabled,0.553495,0.603898,-0.455755,0.348192,-145.452,142.519,-1730.35,0.3166,4,OK,-145.287,142.477,-1730.7,OK,-175.717,102.723,-1725.95,OK,-152.915,55.8151,-1743.3,OK,-107.397,101.541,-1751.53,,365925718,Port:2,0,1773324361,968826768,Enabled,0.930137,0.0307844,0.035578,0.364187,-87.4654,271.253,-1592.34,0.142688,3,OK,-87.2939,271.322,-1592.35,OK,-128.992,241.308,-1589.59,OK,-130.18,317.58,-1587.08,,365925718,Port:3,0,1773324361,968826768,Missing,,,,,,,,,4,Missing,,,,Missing,,,,Missing,,,,Missing,,,,,365925718,Port:65535,0,1773324361,968826768,Missing,,,,,,,,,1,OK,-40.9273,206.193,-2041.52,,,,,,,,,,,,,,,,,,,,,,,,,,,,
4,,365925721,Port:1,0,1773324362,18826768,50000000,Enabled,0.555628,0.603096,-0.452972,0.349811,-144.967,143.428,-1731.96,0.317503,4,OK,-144.796,143.38,-1732.3,OK,-175.105,103.565,-1727.21,OK,-152.216,56.6195,-1744.28,OK,-106.843,102.427,-1752.96,,365925721,Port:2,0,1773324362,18826768,Enabled,0.930132,0.0307991,0.035439,0.364212,-87.4639,271.249,-1592.31,0.145836,3,OK,-87.2891,271.318,-1592.33,OK,-128.992,241.296,-1589.58,OK,-130.183,317.579,-1587.06,,365925721,Port:3,0,1773324362,18826768,Missing,,,,,,,,,4,Missing,,,,Missing,,,,Missing,,,,Missing,,,,,365925721,Port:65535,0,1773324362,18826768,Missing,,,,,,,,,1,OK,-40.9295,206.186,-2041.42,,,,,,,,,,,,,,,,,,,,,,,,,,,,
4,,365925724,Port:1,0,1773324362,68826768,50000000,Enabled,0.557156,0.601564,-0.450723,0.352911,-144.061,144.906,-1733.56,0.253435,4,OK,-143.882,144.86,-1733.82,OK,-174.046,104.991,-1728.61,OK,-150.959,57.9514,-1745.14,OK,-105.799,103.879,-1754.24,,365925724,Port:2,0,1773324362,68826768,Enabled,0.930171,0.0307722,0.0350264,0.364155,-87.4635,271.252,-1592.3,0.139798,3,OK,-87.2946,271.318,-1592.32,OK,-128.993,241.313,-1589.6,OK,-130.178,317.584,-1587.07,,365925724,Port:3,0,1773324362,68826768,Missing,,,,,,,,,4,Missing,,,,Missing,,,,Missing,,,,Missing,,,,,365925724,Port:65535,0,1773324362,68826768,Missing,,,,,,,,,1,OK,-40.9198,206.203,-2041.54,,,,,,,,,,,,,,,,,,,,,,,,,,,,
4,,365925727,Port:1,0,1773324362,118826768,50000000,Enabled,0.560408,0.597979,-0.45385,0.349835,-143.15,147.379,-1735.05,0.252189,4,OK,-142.983,147.325,-1735.32,OK,-173.655,107.86,-1729.96,OK,-151.161,60.506,-1746.37,OK,-105.398,105.799,-1755.65,,365925727,Port:2,0,1773324362,118826768,Enabled,0.930118,0.0310136,0.0356615,0.364207,-87.4623,271.254,-1592.34,0.144551,3,OK,-87.2887,271.324,-1592.36,OK,-128.989,241.306,-1589.59,OK,-130.177,317.577,-1587.05,,365925727,Port:3,0,1773324362,118826768,Missing,,,,,,,,,4,Missing,,,,Missing,,,,Missing,,,,Missing,,,,,365925727,Port:65535,0,1773324362,118826768,Missing,,,,,,,,,1,OK,-40.9185,206.187,-2041.47,,,,,,,,,,,,,,,,,,,,,,,,,,,,
4,,365925730,Port:1,0,1773324362,168826768,50000000,Enabled,0.561914,0.591606,-0.459971,0.35026,-142.528,149.344,-1736.95,0.264971,4,OK,-142.365,149.288,-1737.23,OK,-173.607,110.269,-1731.97,OK,-151.628,62.5205,-1747.93,OK,-105.129,107.157,-1756.93,,365925730,Port:2,0,1773324362,168826768,Enabled,0.930127,0.0310406,0.0354971,0.364198,-87.4704,271.256,-1592.34,0.143269,3,OK,-87.2991,271.326,-1592.35,OK,-128.997,241.306,-1589.6,OK,-130.185,317.584,-1587.05,,365925730,Port:3,0,1773324362,168826768,Missing,,,,,,,,,4,Missing,,,,Missing,,,,Missing,,,,Missing,,,,,365925730,Port:65535,0,1773324362,168826768,Missing,,,,,,,,,1,OK,-40.9165,206.188,-2041.43,,,,,,,,,,,,,,,,,,,,,,,,,,,,
4,,365925733,Port:1,0,1773324362,218826768,50000000,Enabled,0.559911,0.588462,-0.465138,0.351938,-142.081,150.217,-1737.91,0.291437,4,OK,-141.909,150.158,-1738.22,OK,-173.443,111.314,-1733.29,OK,-151.533,63.4693,-1749.11,OK,-104.704,107.827,-1757.46,,365925733,Port:2,0,1773324362,218826768,Enabled,0.930146,0.0307395,0.0353883,0.364187,-87.4631,271.257,-1592.3,0.144191,3,OK,-87.2902,271.327,-1592.32,OK,-128.993,241.31,-1589.57,OK,-130.179,317.585,-1587.06,,365925733,Port:3,0,1773324362,218826768,Missing,,,,,,,,,4,Missing,,,,Missing,,,,Missing,,,,Missing,,,,,365925733,Port:65535,0,1773324362,218826768,Missing,,,,,,,,,1,OK,-40.915,206.188,-2041.53,,,,,,,,,,,,,,,,,,,,,,,,,,,,
4,,365925736,Port:1,0,1773324362,268826768,50000000,Enabled,0.560281,0.585964,-0.469667,0.349491,-141.215,150.988,-1737.93,0.274998,4,OK,-141.046,150.932,-1738.22,OK,-173,112.413,-1733.54,OK,-151.556,64.3628,-1749.34,OK,-104.22,108.247,-1757.45,,365925736,Port:2,0,1773324362,268826768,Enabled,0.930154,0.0310907,0.0353152,0.364142,-87.4651,271.251,-1592.33,0.14223,3,OK,-87.2935,271.32,-1592.34,OK,-128.996,241.311,-1589.61,OK,-130.175,317.578,-1587.04,,365925736,Port:3,0,1773324362,268826768,Missing,,,,,,,,,4,Missing,,,,Missing,,,,Missing,,,,Missing,,,,,365925736,Port:65535,0,1773324362,268826768,Missing,,,,,,,,,1,OK,-40.9172,206.194,-2041.47,,,,,,,,,,,,,,,,,,,,,,,,,,,,
4,,365925739,Port:1,0,1773324362,318826768,50000000,Enabled,0.561227,0.585182,-0.473092,0.344631,-139.811,151.29,-1737.78,0.239084,4,OK,-139.647,151.229,-1738.03,OK,-172.023,113.05,-1733.56,OK,-151.105,64.8455,-1749.57,OK,-103.314,108.237,-1757.64,,365925739,Port:2,0,1773324362,318826768,Enabled,0.93014,0.0309566,0.0352032,0.364202,-87.4634,271.252,-1592.3,0.141193,3,OK,-87.2922,271.318,-1592.31,OK,-128.99,241.308,-1589.59,OK,-130.182,317.577,-1587.03,,365925739,Port:3,0,1773324362,318826768,Missing,,,,,,,,,4,Missing,,,,Missing,,,,Missing,,,,Missing,,,,,365925739,Port:65535,0,1773324362,318826768,Missing,,,,,,,,,1,OK,-40.9093,206.201,-2041.46,,,,,,,,,,,,,,,,,,,,,,,,,,,,
4,,365925742,Port:1,0,1773324362,368826768,50000000,Enabled,0.560894,0.578883,-0.480661,0.345336,-138.872,151.884,-1739.3,0.270663,4,OK,-138.705,151.823,-1739.58,OK,-171.641,114.085,-1735.41,OK,-151.206,65.5854,-1751.1,OK,-102.711,108.296,-1758.52,,365925742,Port:2,0,1773324362,368826768,Enabled,0.930112,0.0308608,0.035745,0.364227,-87.4651,271.256,-1592.34,0.144785,3,OK,-87.2913,271.326,-1592.35,OK,-128.99,241.305,-1589.57,OK,-130.182,317.58,-1587.06,,365925742,Port:3,0,1773324362,368826768,Missing,,,,,,,,,4,Missing,,,,Missing,,,,Missing,,,,Missing,,,,,365925742,Port:65535,0,1773324362,368826768,Missing,,,,,,,,,1,OK,-40.904,206.206,-2041.57,,,,,,,,,,,,,,,,,,,,,,,,,,,,
4,,365925745,Port:1,0,1773324362,418826768,50000000,Enabled,0.562646,0.569515,-0.489553,0.345572,-137.697,153.337,-1741.34,0.259928,4,OK,-137.526,153.268,-1741.61,OK,-171.29,116.237,-1737.72,OK,-151.599,67.2275,-1752.75,OK,-102.139,108.898,-1759.75,,365925745,Port:2,0,1773324362,418826768,Enabled,0.930187,0.0305663,0.0350129,0.364133,-87.4613,271.245,-1592.28,0.140955,3,OK,-87.2912,271.312,-1592.29,OK,-128.994,241.307,-1589.58,OK,-130.176,317.58,-1587.07,,365925745,Port:3,0,1773324362,418826768,Missing,,,,,,,,,4,Missing,,,,Missing,,,,Missing,,,,Missing,,,,,365925745,Port:65535,0,1773324362,418826768,Missing,,,,,,,,,1,OK,-40.9105,206.201,-2041.55,,,,,,,,,,,,,,,,,,,,,,,,,,,,
4,,365925748,Port:1,0,1773324362,468826768,50000000,Enabled,0.565841,0.561151,-0.498403,0.341362,-135.366,155.635,-1742.92,0.253985,4,OK,-135.201,155.569,-1743.18,OK,-169.897,119.412,-1739.46,OK,-151.342,69.8619,-1754.21,OK,-100.811,110.253,-1760.92,,365925748,Port:2,0,1773324362,468826768,Enabled,0.930132,0.0311477,0.0354848,0.364178,-87.465,271.251,-1592.34,0.142107,3,OK,-87.2925,271.319,-1592.35,OK,-128.993,241.311,-1589.6,OK,-130.178,317.572,-1587.04,,365925748,Port:3,0,1773324362,468826768,Missing,,,,,,,,,4,Missing,,,,Missing,,,,Missing,,,,Missing,,,,,365925748,Port:65535,0,1773324362,468826768,Missing,,,,,,,,,1,OK,-40.9195,206.192,-2041.5,,,,,,,,,,,,,,,,,,,,,,,,,,,,
4,,365925751,Port:1,0,1773324362,518826768,50000000,Enabled,0.572195,0.551438,-0.50717,0.333599,-132.296,159.282,-1744.54,0.246784,4,OK,-132.138,159.206,-1744.79,OK,-167.992,124.222,-1740.98,OK,-151.049,74.029,-1755.47,OK,-99.2086,112.717,-1762.29,,365925751,Port:2,0,1773324362,518826768,Enabled,0.930135,0.0308682,0.0353862,0.364202,-87.4637,271.254,-1592.32,0.144053,3,OK,-87.2889,271.322,-1592.33,OK,-128.992,241.31,-1589.58,OK,-130.182,317.578,-1587.05,,365925751,Port:3,0,1773324362,518826768,Missing,,,,,,,,,4,Missing,,,,Missing,,,,Missing,,,,Missing,,,,,365925751,Port:65535,0,1773324362,518826768,Missing,,,,,,,,,1,OK,-40.9146,206.189,-2041.51,,,,,,,,,,,,,,,,,,,,,,,,,,,,
4,,365925754,Port:1,0,1773324362,568826768,50000000,Enabled,0.578104,0.53792,-0.519275,0.326788,-129.042,163.81,-1746.85,0.238575,4,OK,-128.879,163.72,-1747.09,OK,-166.101,130.188,-1743.42,OK,-150.99,79.2675,-1757.37,OK,-97.6336,115.881,-1763.98,,365925754,Port:2,0,1773324362,568826768,Enabled,0.930141,0.0307336,0.0353308,0.364204,-87.4629,271.251,-1592.31,0.141438,3,OK,-87.2928,271.32,-1592.32,OK,-128.989,241.306,-1589.58,OK,-130.181,317.578,-1587.07,,365925754,Port:3,0,1773324362,568826768,Missing,,,,,,,,,4,Missing,,,,Missing,,,,Missing,,,,Missing,,,,,365925754,Port:65535,0,1773324362,568826768,Missing,,,,,,,,,1,OK,-40.9044,206.189,-2041.54,,,,,,,,,,,,,,,,,,,,,,,,,,,,
4,,365925757,Port:1,0,1773324362,618826768,50000000,Enabled,0.586031,0.519961,-0.530921,0.323004,-125.892,169.119,-1750.6,0.257941,4,OK,-125.733,169.025,-1750.86,OK,-164.323,137.084,-1747.04,OK,-151.143,85.3718,-1759.95,OK,-96.2605,119.649,-1766.45,,365925757,Port:2,0,1773324362,618826768,Enabled,0.930131,0.0310498,0.035513,0.364185,-87.4688,271.257,-1592.34,0.146103,3,OK,-87.2936,271.327,-1592.35,OK,-128.999,241.307,-1589.6,OK,-130.183,317.586,-1587.05,,365925757,Port:3,0,1773324362,618826768,Missing,,,,,,,,,4,Missing,,,,Missing,,,,Missing,,,,Missing,,,,,365925757,Port:65535,0,1773324362,618826768,Missing,,,,,,,,,1,OK,-40.8986,206.188,-2041.47,,,,,,,,,,,,,,,,,,,,,,,,,,,,
4,,365925760,Port:1,0,1773324362,668826768,50000000,Enabled,0.595712,0.500964,-0.538951,0.322016,-122.74,174.186,-1755.49,0.227016,4,OK,-122.583,174.081,-1755.7,OK,-162.341,143.64,-1751.57,OK,-150.906,91.1917,-1762.9,OK,-94.7446,123.284,-1769.77,,365925760,Port:2,0,1773324362,668826768,Enabled,0.930151,0.0309704,0.0351824,0.364172,-87.4655,271.252,-1592.3,0.14198,3,OK,-87.2943,271.32,-1592.32,OK,-128.995,241.309,-1589.59,OK,-130.18,317.579,-1587.04,,365925760,Port:3,0,1773324362,668826768,Missing,,,,,,,,,4,Missing,,,,Missing,,,,Missing,,,,Missing,,,,,365925760,Port:65535,0,1773324362,668826768,Missing,,,,,,,,,1,OK,-40.9146,206.186,-2041.5,,,,,,,,,,,,,,,,,,,,,,,,,,,,
4,,365925763,Port:1,0,1773324362,718826768,50000000,Enabled,0.601782,0.48143,-0.550475,0.321031,-119.204,178.552,-1760.22,0.200475,4,OK,-119.059,178.435,-1760.4,OK,-159.979,149.616,-1756.48,OK,-150.342,96.5261,-1766.44,OK,-92.915,126.342,-1772.93,,365925763,Port:2,0,1773324362,718826768,Enabled,0.930144,0.0308865,0.0352692,0.364189,-87.4654,271.253,-1592.32,0.142118,3,OK,-87.2939,271.321,-1592.33,OK,-128.994,241.309,-1589.6,OK,-130.182,317.58,-1587.06,,365925763,Port:3,0,1773324362,718826768,Missing,,,,,,,,,4,Missing,,,,Missing,,,,Missing,,,,Missing,,,,,365925763,Port:65535,0,1773324362,718826768,Missing,,,,,,,,,1,OK,-40.9199,206.188,-2041.47,,,,,,,,,,,,,,,,,,,,,,,,,,,,
4,,365925766,Port:1,0,1773324362,768826768,50000000,Enabled,0.60743,0.463371,-0.562057,0.316871,-114.928,182.217,-1763.92,0.219691,4,OK,-114.779,182.098,-1764.12,OK,-156.883,154.962,-1760.36,OK,-149.215,101.41,-1769.43,OK,-90.5371,128.816,-1775.43,,365925766,Port:2,0,1773324362,768826768,Enabled,0.930119,0.0309458,0.0355658,0.364221,-87.4664,271.257,-1592.33,0.145448,3,OK,-87.29,271.326,-1592.34,OK,-128.994,241.31,-1589.58,OK,-130.186,317.58,-1587.05,,365925766,Port:3,0,1773324362,768826768,Missing,,,,,,,,,4,Missing,,,,Missing,,,,Missing,,,,Missing,,,,,365925766,Port:65535,0,1773324362,768826768,Missing,,,,,,,,,1,OK,-40.9146,206.199,-2041.45,,,,,,,,,,,,,,,,,,,,,,,,,,,,
4,,365925769,Port:1,0,1773324362,818826768,50000000,Enabled,0.61551,0.445484,-0.573038,0.307113,-109.513,185.688,-1765.98,0.207326,4,OK,-109.377,185.561,-1766.15,OK,-152.731,160.498,-1762.4,OK,-147.547,106.527,-1770.8,OK,-87.5961,131.061,-1776.73,,365925769,Port:2,0,1773324362,818826768,Enabled,0.930135,0.0305785,0.0351993,0.364244,-87.4617,271.254,-1592.31,0.146071,3,OK,-87.2851,271.322,-1592.32,OK,-128.99,241.302,-1589.59,OK,-130.188,317.582,-1587.09,,365925769,Port:3,0,1773324362,818826768,Missing,,,,,,,,,4,Missing,,,,Missing,,,,Missing,,,,Missing,,,,,365925769,Port:65535,0,1773324362,818826768,Missing,,,,,,,,,1,OK,-40.8983,206.192,-2041.42,,,,,,,,,,,,,,,,,,,,,,,,,,,,
4,,365925772,Port:1,0,1773324362,868826768,50000000,Enabled,0.623546,0.429156,-0.584201,0.292787,-103.566,188.703,-1766.29,0.204042,4,OK,-103.437,188.574,-1766.47,OK,-148.008,165.767,-1762.71,OK,-145.596,111.573,-1770.88,OK,-84.4718,132.986,-1776.79,,365925772,Port:2,0,1773324362,868826768,Enabled,0.930128,0.0310697,0.0355231,0.36419,-87.464,271.253,-1592.34,0.143356,3,OK,-87.2896,271.321,-1592.35,OK,-128.992,241.312,-1589.6,OK,-130.179,317.575,-1587.04,,365925772,Port:3,0,1773324362,868826768,Missing,,,,,,,,,4,Missing,,,,Missing,,,,Missing,,,,Missing,,,,,365925772,Port:65535,0,1773324362,868826768,Missing,,,,,,,,,1,OK,-40.9106,206.191,-2041.54,,,,,,,,,,,,,,,,,,,,,,,,,,,,
4,,365925775,Port:1,0,1773324362,918826768,50000000,Enabled,0.628906,0.422671,-0.592105,0.274296,-97.0434,189.85,-1764.17,0.192536,4,OK,-96.913,189.72,-1764.32,OK,-142.37,168.691,-1760.52,OK,-142.204,114.554,-1769.4,OK,-80.3043,133.547,-1775.59,,365925775,Port:2,0,1773324362,918826768,Enabled,0.930134,0.0308839,0.0357817,0.364167,-87.462,271.25,-1592.33,0.145178,3,OK,-87.2856,271.318,-1592.34,OK,-128.991,241.308,-1589.56,OK,-130.175,317.577,-1587.05,,365925775,Port:3,0,1773324362,918826768,Missing,,,,,,,,,4,Missing,,,,Missing,,,,Missing,,,,Missing,,,,,365925775,Port:65535,0,1773324362,918826768,Missing,,,,,,,,,1,OK,-40.9141,206.205,-2041.5,,,,,,,,,,,,,,,,,,,,,,,,,,,,
4,,365925778,Port:1,0,1773324362,968826768,50000000,Enabled,0.632649,0.419724,-0.596775,0.259703,-91.4183,189.973,-1761.83,0.209566,4,OK,-91.2902,189.841,-1762.01,OK,-137.272,170.026,-1758,OK,-138.713,116.036,-1767.62,OK,-76.3706,133.393,-1774.11,,365925778,Port:2,0,1773324362,968826768,Enabled,0.930132,0.0308529,0.0355877,0.364192,-87.4629,271.251,-1592.33,0.142124,3,OK,-87.2918,271.318,-1592.34,OK,-128.988,241.304,-1589.58,OK,-130.178,317.581,-1587.06,,365925778,Port:3,0,1773324362,968826768,Missing,,,,,,,,,4,Missing,,,,Missing,,,,Missing,,,,Missing,,,,,365925778,Port:65535,0,1773324362,968826768,Missing,,,,,,,,,1,OK,-40.8955,206.179,-2041.5,,,,,,,,,,,,,,,,,,,,,,,,,,,,
4,,365925781,Port:1,0,1773324363,18826766,49999998,Enabled,0.634674,0.417906,-0.598316,0.254089,-87.9657,189.876,-1760.99,0.194899,4,OK,-87.8362,189.741,-1761.15,OK,-134.038,170.448,-1757.07,OK,-136.134,116.516,-1766.81,OK,-73.6317,133.167,-1773.55,,365925781,Port:2,0,1773324363,18826766,Enabled,0.93014,0.0308702,0.0355667,0.364174,-87.4645,271.245,-1592.33,0.142261,3,OK,-87.2955,271.317,-1592.34,OK,-128.992,241.299,-1589.58,OK,-130.175,317.573,-1587.06,,365925781,Port:3,0,1773324363,18826766,Missing,,,,,,,,,4,Missing,,,,Missing,,,,Missing,,,,Missing,,,,,365925781,Port:65535,0,1773324363,18826766,Missing,,,,,,,,,1,OK,-40.9039,206.187,-2041.51,,,,,,,,,,,,,,,,,,,,,,,,,,,,
4,,365925784,Port:1,0,1773324363,68826766,50000000,Enabled,0.635197,0.418414,-0.597976,0.252744,-86.3452,189.771,-1760.78,0.201337,4,OK,-86.2169,189.648,-1760.96,OK,-132.439,170.39,-1756.76,OK,-134.608,116.474,-1766.62,OK,-72.0917,133.052,-1773.47,,365925784,Port:2,0,1773324363,68826766,Enabled,0.930131,0.0306902,0.035632,0.364205,-87.4668,271.255,-1592.32,0.140138,3,OK,-87.2991,271.321,-1592.33,OK,-128.988,241.305,-1589.56,OK,-130.183,317.588,-1587.07,,365925784,Port:3,0,1773324363,68826766,Missing,,,,,,,,,4,Missing,,,,Missing,,,,Missing,,,,Missing,,,,,365925784,Port:65535,0,1773324363,68826766,Missing,,,,,,,,,1,OK,-40.913,206.192,-2041.43,,,,,,,,,,,,,,,,,,,,,,,,,,,,
4,,365925787,Port:1,0,1773324363,118826766,50000000,Enabled,0.634999,0.419795,-0.597497,0.252084,-85.4443,189.541,-1760.21,0.195565,4,OK,-85.3161,189.41,-1760.37,OK,-131.502,170.091,-1756.17,OK,-133.617,116.195,-1766.14,OK,-71.1445,132.882,-1773.06,,365925787,Port:2,0,1773324363,118826766,Enabled,0.930139,0.0310449,0.0353862,0.364177,-87.4649,271.247,-1592.3,0.141123,3,OK,-87.2934,271.313,-1592.32,OK,-128.992,241.306,-1589.58,OK,-130.18,317.574,-1587.02,,365925787,Port:3,0,1773324363,118826766,Missing,,,,,,,,,4,Missing,,,,Missing,,,,Missing,,,,Missing,,,,,365925787,Port:65535,0,1773324363,118826766,Missing,,,,,,,,,1,OK,-40.9208,206.188,-2041.63,,,,,,,,,,,,,,,,,,,,,,,,,,,,
4,,365925790,Port:1,0,1773324363,168826766,50000000,Enabled,0.633329,0.421618,-0.598589,0.250646,-85.0392,189.025,-1759.93,0.240154,4,OK,-84.9122,188.903,-1760.16,OK,-131.089,169.525,-1755.99,OK,-133.189,115.708,-1766.41,OK,-70.7089,132.445,-1773.05,,365925790,Port:2,0,1773324363,168826766,Enabled,0.930107,0.0309846,0.0359347,0.364211,-87.4664,271.25,-1592.35,0.141961,3,OK,-87.2956,271.318,-1592.36,OK,-128.988,241.301,-1589.57,OK,-130.18,317.574,-1587.05,,365925790,Port:3,0,1773324363,168826766,Missing,,,,,,,,,4,Missing,,,,Missing,,,,Missing,,,,Missing,,,,,365925790,Port:65535,0,1773324363,168826766,Missing,,,,,,,,,1,OK,-40.9293,206.189,-2041.45,,,,,,,,,,,,,,,,,,,,,,,,,,,,
4,,365925793,Port:1,0,1773324363,218826766,50000000,Enabled,0.629699,0.429876,-0.595178,0.253868,-86.7315,187.365,-1759.58,0.229851,4,OK,-86.5948,187.234,-1759.8,OK,-132.4,166.988,-1755.77,OK,-133.512,113.201,-1766.58,OK,-71.3809,131.187,-1773.19,,365925793,Port:2,0,1773324363,218826766,Enabled,0.930155,0.030571,0.0351437,0.3642,-87.4617,271.249,-1592.31,0.144053,3,OK,-87.2878,271.315,-1592.33,OK,-128.991,241.3,-1589.6,OK,-130.184,317.585,-1587.1,,365925793,Port:3,0,1773324363,218826766,Missing,,,,,,,,,4,Missing,,,,Missing,,,,Missing,,,,Missing,,,,,365925793,Port:65535,0,1773324363,218826766,Missing,,,,,,,,,1,OK,-40.9207,206.205,-2041.53,,,,,,,,,,,,,,,,,,,,,,,,,,,,
4,,365925796,Port:1,0,1773324363,268826766,50000000,Enabled,0.62496,0.442093,-0.587858,0.261538,-89.9368,184.679,-1758.48,0.206508,4,OK,-89.7967,184.55,-1758.65,OK,-134.906,162.788,-1754.7,OK,-134.281,109.065,-1765.78,OK,-72.7785,129.127,-1772.53,,365925796,Port:2,0,1773324363,268826766,Enabled,0.930104,0.0309353,0.0358479,0.364232,-87.4635,271.252,-1592.35,0.141754,3,OK,-87.2944,271.323,-1592.37,OK,-128.985,241.301,-1589.58,OK,-130.178,317.573,-1587.06,,365925796,Port:3,0,1773324363,268826766,Missing,,,,,,,,,4,Missing,,,,Missing,,,,Missing,,,,Missing,,,,,365925796,Port:65535,0,1773324363,268826766,Missing,,,,,,,,,1,OK,-40.9165,206.205,-2041.62,,,,,,,,,,,,,,,,,,,,,,,,,,,,
4,,365925799,Port:1,0,1773324363,318826766,50000000,Enabled,0.618419,0.457506,-0.580982,0.265906,-93.0628,181.33,-1756.12,0.218678,4,OK,-92.907,181.211,-1756.31,OK,-137.27,157.899,-1752.47,OK,-134.919,104.417,-1764.46,OK,-74.1649,126.617,-1771.16,,365925799,Port:2,0,1773324363,318826766,Enabled,0.930133,0.0308473,0.0356643,0.364183,-87.4665,271.258,-1592.36,0.144999,3,OK,-87.2899,271.323,-1592.38,OK,-128.993,241.312,-1589.6,OK,-130.184,317.592,-1587.09,,365925799,Port:3,0,1773324363,318826766,Missing,,,,,,,,,4,Missing,,,,Missing,,,,Missing,,,,Missing,,,,,365925799,Port:65535,0,1773324363,318826766,Missing,,,,,,,,,1,OK,-40.9166,206.19,-2041.46,,,,,,,,,,,,,,,,,,,,,,,,,,,,
4,,365925802,Port:1,0,1773324363,368826766,50000000,Enabled,0.612404,0.471301,-0.575458,0.267738,-96.4263,178.175,-1753.53,0.251508,4,OK,-96.2757,178.063,-1753.77,OK,-139.972,153.513,-1750,OK,-136.284,100.337,-1763.04,OK,-76.161,124.252,-1769.59,,365925802,Port:2,0,1773324363,368826766,Enabled,0.930128,0.0308539,0.0354915,0.364213,-87.4683,271.254,-1592.32,0.140917,3,OK,-87.3006,271.324,-1592.34,OK,-128.992,241.304,-1589.58,OK,-130.183,317.58,-1587.06,,365925802,Port:3,0,1773324363,368826766,Missing,,,,,,,,,4,Missing,,,,Missing,,,,Missing,,,,Missing,,,,,365925802,Port:65535,0,1773324363,368826766,Missing,,,,,,,,,1,OK,-40.9083,206.205,-2041.51,,,,,,,,,,,,,,,,,,,,,,,,,,,,
4,,365925805,Port:1,0,1773324363,418826766,50000000,Enabled,0.604485,0.485377,-0.570616,0.270934,-100.486,174.75,-1750.71,0.239219,4,OK,-100.331,174.646,-1750.94,OK,-143.305,148.792,-1747.61,OK,-138.091,95.9681,-1761.61,OK,-78.6896,121.738,-1767.8,,365925805,Port:2,0,1773324363,418826766,Enabled,0.930136,0.0306272,0.0355199,0.364209,-87.4614,271.25,-1592.31,0.13872,3,OK,-87.2952,271.316,-1592.32,OK,-128.982,241.302,-1589.56,OK,-130.179,317.583,-1587.07,,365925805,Port:3,0,1773324363,418826766,Missing,,,,,,,,,4,Missing,,,,Missing,,,,Missing,,,,Missing,,,,,365925805,Port:65535,0,1773324363,418826766,Missing,,,,,,,,,1,OK,-40.9147,206.212,-2041.65,,,,,,,,,,,,,,,,,,,,,,,,,,,,
4,,365925808,Port:1,0,1773324363,468826766,50000000,Enabled,0.597063,0.502495,-0.560342,0.277545,-104.252,170.021,-1747.56,0.242498,4,OK,-104.087,169.916,-1747.79,OK,-145.934,142.254,-1744.57,OK,-138.637,89.92,-1759.37,OK,-80.4027,118.23,-1765.58,,365925808,Port:2,0,1773324363,468826766,Enabled,0.930157,0.0309441,0.0349164,0.364185,-87.4643,271.25,-1592.3,0.14028,3,OK,-87.2924,271.312,-1592.31,OK,-128.992,241.31,-1589.61,OK,-130.185,317.58,-1587.05,,365925808,Port:3,0,1773324363,468826766,Missing,,,,,,,,,4,Missing,,,,Missing,,,,Missing,,,,Missing,,,,,365925808,Port:65535,0,1773324363,468826766,Missing,,,,,,,,,1,OK,-40.8904,206.188,-2041.44,,,,,,,,,,,,,,,,,,,,,,,,,,,,
4,,365925811,Port:1,0,1773324363,518826766,50000000,Enabled,0.583907,0.52504,-0.550532,0.283373,-108.412,163.977,-1744.3,0.224999,4,OK,-108.238,163.892,-1744.51,OK,-148.689,134.126,-1741.99,OK,-138.842,82.632,-1758.26,OK,-82.109,113.941,-1763.87,,365925811,Port:2,0,1773324363,518826766,Enabled,0.930164,0.0309645,0.0352044,0.364138,-87.4635,271.248,-1592.31,0.142661,3,OK,-87.2918,271.316,-1592.32,OK,-128.995,241.306,-1589.6,OK,-130.175,317.583,-1587.05,,365925811,Port:3,0,1773324363,518826766,Missing,,,,,,,,,4,Missing,,,,Missing,,,,Missing,,,,Missing,,,,,365925811,Port:65535,0,1773324363,518826766,Missing,,,,,,,,,1,OK,-40.919,206.176,-2041.38,,,,,,,,,,,,,,,,,,,,,,,,,,,,
4,,365925814,Port:1,0,1773324363,568826766,50000000,Enabled,0.573008,0.545943,-0.53595,0.29388,-112.528,157.514,-1741.73,0.237389,4,OK,-112.355,157.438,-1741.96,OK,-151.028,125.385,-1739.67,OK,-138.399,74.8045,-1756.85,OK,-83.5359,109.377,-1762.24,,365925814,Port:2,0,1773324363,568826766,Enabled,0.930147,0.0308031,0.0352078,0.364195,-87.4584,271.251,-1592.3,0.14304,3,OK,-87.2836,271.316,-1592.32,OK,-128.987,241.309,-1589.59,OK,-130.179,317.578,-1587.06,,365925814,Port:3,0,1773324363,568826766,Missing,,,,,,,,,4,Missing,,,,Missing,,,,Missing,,,,Missing,,,,,365925814,Port:65535,0,1773324363,568826766,Missing,,,,,,,,,1,OK,-40.911,206.19,-2041.39,,,,,,,,,,,,,,,,,,,,,,,,,,,,
4,,365925817,Port:1,0,1773324363,618826766,50000000,Enabled,0.565577,0.562866,-0.521223,0.302708,-114.841,151.85,-1739.07,0.250743,4,OK,-114.659,151.775,-1739.32,OK,-151.703,117.868,-1736.96,OK,-136.796,68.1148,-1754.76,OK,-83.7573,105.384,-1760.28,,365925817,Port:2,0,1773324363,618826766,Enabled,0.930158,0.0306891,0.0349626,0.364201,-87.4619,271.25,-1592.29,0.141078,3,OK,-87.2898,271.312,-1592.3,OK,-128.989,241.304,-1589.59,OK,-130.186,317.585,-1587.07,,365925817,Port:3,0,1773324363,618826766,Missing,,,,,,,,,4,Missing,,,,Missing,,,,Missing,,,,Missing,,,,,365925817,Port:65535,0,1773324363,618826766,Missing,,,,,,,,,2,OK,-40.9093,206.202,-2041.65,OK,-64.1593,219.334,-2290.54,,,,,,,,,,,,,,,,,,,,,,,,
4,,365925820,Port:1,0,1773324363,668826766,50000000,Enabled,0.564849,0.574069,-0.508745,0.304251,-115.411,148.673,-1736.92,0.262894,4,OK,-115.236,148.612,-1737.19,OK,-151.268,113.653,-1734.27,OK,-135.312,64.4387,-1752.6,OK,-83.4316,103.171,-1758.9,,365925820,Port:2,0,1773324363,668826766,Enabled,0.930141,0.0311653,0.0352029,0.36418,-87.4653,271.255,-1592.32,0.144726,3,OK,-87.2893,271.323,-1592.33,OK,-128.997,241.313,-1589.61,OK,-130.181,317.578,-1587.03,,365925820,Port:3,0,1773324363,668826766,Missing,,,,,,,,,4,Missing,,,,Missing,,,,Missing,,,,Missing,,,,,365925820,Port:65535,0,1773324363,668826766,Missing,,,,,,,,,2,OK,-40.9198,206.198,-2041.61,OK,-64.1293,219.336,-2291.4,,,,,,,,,,,,,,,,,,,,,,,,
4,,365925823,Port:1,0,1773324363,718826766,50000000,Enabled,0.566724,0.575567,-0.505314,0.303651,-115.446,148.099,-1736.38,0.261968,4,OK,-115.279,148.054,-1736.65,OK,-151.152,112.968,-1733.38,OK,-135.147,63.7452,-1751.77,OK,-83.4688,102.658,-1758.5,,365925823,Port:2,0,1773324363,718826766,Enabled,0.930126,0.0311278,0.0350473,0.364237,-87.46,271.251,-1592.33,0.144219,3,OK,-87.283,271.316,-1592.34,OK,-128.988,241.306,-1589.64,OK,-130.185,317.572,-1587.05,,365925823,Port:3,0,1773324363,718826766,Missing,,,,,,,,,4,Missing,,,,Missing,,,,Missing,,,,Missing,,,,,365925823,Port:65535,0,1773324363,718826766,Missing,,,,,,,,,2,OK,-40.9188,206.182,-2041.45,OK,-64.1177,219.301,-2291.7,,,,,,,,,,,,,,,,,,,,,,,,
4,,365925826,Port:1,0,1773324363,768826766,50000000,Enabled,0.566028,0.574289,-0.507863,0.303118,-115.318,147.856,-1736.64,0.25155,4,OK,-115.142,147.804,-1736.9,OK,-151.197,112.873,-1733.86,OK,-135.338,63.61,-1752.2,OK,-83.4552,102.317,-1758.72,,365925826,Port:2,0,1773324363,768826766,Enabled,0.930145,0.0306444,0.0355081,0.364185,-87.4646,271.251,-1592.32,0.142463,3,OK,-87.2929,271.317,-1592.33,OK,-128.99,241.304,-1589.57,OK,-130.182,317.586,-1587.08,,365925826,Port:3,0,1773324363,768826766,Missing,,,,,,,,,4,Missing,,,,Missing,,,,Missing,,,,Missing,,,,,365925826,Port:65535,0,1773324363,768826766,Missing,,,,,,,,,2,OK,-40.924,206.187,-2041.39,OK,-64.0701,219.322,-2292.03,,,,,,,,,,,,,,,,,,,,,,,,
4,,365925829,Port:1,0,1773324363,818826766,50000000,Enabled,0.566761,0.57491,-0.50596,0.30375,-115.286,147.674,-1736.92,0.25868,4,OK,-115.116,147.614,-1737.19,OK,-151.038,112.587,-1733.97,OK,-135.086,63.3433,-1752.28,OK,-83.3419,102.192,-1758.99,,365925829,Port:2,0,1773324363,818826766,Enabled,0.930167,0.0306576,0.035225,0.364154,-87.4623,271.243,-1592.29,0.144204,3,OK,-87.2876,271.31,-1592.3,OK,-128.995,241.301,-1589.56,OK,-130.179,317.578,-1587.06,,365925829,Port:3,0,1773324363,818826766,Missing,,,,,,,,,4,Missing,,,,Missing,,,,Missing,,,,Missing,,,,,365925829,Port:65535,0,1773324363,818826766,Missing,,,,,,,,,2,OK,-40.9153,206.194,-2041.53,OK,-64.0664,219.303,-2292.16,,,,,,,,,,,,,,,,,,,,,,,,
4,,365925832,Port:1,0,1773324363,868826766,50000000,Enabled,0.566943,0.575125,-0.506284,0.302461,-115.734,147.986,-1737.52,0.243626,4,OK,-115.561,147.928,-1737.77,OK,-151.56,112.965,-1734.59,OK,-135.696,63.707,-1752.97,OK,-83.8927,102.48,-1759.72,,365925832,Port:2,0,1773324363,868826766,Enabled,0.930151,0.0310025,0.0352369,0.364165,-87.4597,271.25,-1592.33,0.140306,3,OK,-87.2893,271.316,-1592.34,OK,-128.988,241.312,-1589.61,OK,-130.174,317.575,-1587.06,,365925832,Port:3,0,1773324363,868826766,Missing,,,,,,,,,4,Missing,,,,Missing,,,,Missing,,,,Missing,,,,,365925832,Port:65535,0,1773324363,868826766,Missing,,,,,,,,,2,OK,-40.9124,206.205,-2041.57,OK,-64.0953,219.293,-2291.37,,,,,,,,,,,,,,,,,,,,,,,,
4,,365925835,Port:1,0,1773324363,918826766,50000000,Enabled,0.56744,0.57343,-0.507342,0.302975,-116.303,148.654,-1738.47,0.239597,4,OK,-116.129,148.603,-1738.7,OK,-152.235,113.724,-1735.54,OK,-136.456,64.397,-1753.75,OK,-84.5209,103.006,-1760.49,,365925835,Port:2,0,1773324363,918826766,Enabled,0.930132,0.030774,0.0355375,0.364203,-87.4615,271.25,-1592.31,0.140234,3,OK,-87.2934,271.318,-1592.32,OK,-128.985,241.303,-1589.56,OK,-130.177,317.578,-1587.05,,365925835,Port:3,0,1773324363,918826766,Missing,,,,,,,,,4,Missing,,,,Missing,,,,Missing,,,,Missing,,,,,365925835,Port:65535,0,1773324363,918826766,Missing,,,,,,,,,2,OK,-40.9177,206.198,-2041.62,OK,-64.1577,219.32,-2290.68,,,,,,,,,,,,,,,,,,,,,,,,
4,,365925838,Port:1,0,1773324363,968826766,50000000,Enabled,0.567093,0.570592,-0.511451,0.302074,-116.604,149.532,-1739.17,0.222069,4,OK,-116.431,149.479,-1739.39,OK,-152.83,114.924,-1736.49,OK,-137.368,65.4372,-1754.61,OK,-85.1023,103.632,-1761.05,,365925838,Port:2,0,1773324363,968826766,Enabled,0.930141,0.0308287,0.0354182,0.364187,-87.4692,271.252,-1592.33,0.143656,3,OK,-87.2986,271.324,-1592.34,OK,-128.998,241.304,-1589.59,OK,-130.182,317.578,-1587.07,,365925838,Port:3,0,1773324363,968826766,Missing,,,,,,,,,4,Missing,,,,Missing,,,,Missing,,,,Missing,,,,,365925838,Port:65535,0,1773324363,968826766,Missing,,,,,,,,,2,OK,-40.9045,206.205,-2041.51,OK,-64.1836,219.338,-2289.66,,,,,,,,,,,,,,,,,,,,,,,,
4,,365925841,Port:1,0,1773324364,18826768,50000002,Enabled,0.570264,0.564564,-0.513491,0.303962,-116.483,150.593,-1740.54,0.249888,4,OK,-116.302,150.517,-1740.79,OK,-153.035,116.307,-1737.62,OK,-137.866,66.5287,-1755.16,OK,-85.2432,104.197,-1761.74,,365925841,Port:2,0,1773324364,18826768,Enabled,0.930187,0.0307459,0.0345937,0.364156,-87.4593,271.244,-1592.27,0.140366,3,OK,-87.2892,271.309,-1592.28,OK,-128.993,241.305,-1589.61,OK,-130.178,317.577,-1587.05,,365925841,Port:3,0,1773324364,18826768,Missing,,,,,,,,,4,Missing,,,,Missing,,,,Missing,,,,Missing,,,,,365925841,Port:65535,0,1773324364,18826768,Missing,,,,,,,,,2,OK,-40.9152,206.18,-2041.46,OK,-64.1623,219.329,-2289.62,,,,,,,,,,,,,,,,,,,,,,,,
4,,365925844,Port:1,0,1773324364,68826768,50000000,Enabled,0.572771,0.557662,-0.516083,0.307579,-115.164,151.528,-1741.94,0.229735,4,OK,-114.986,151.452,-1742.16,OK,-151.953,117.548,-1738.94,OK,-137.051,67.4384,-1755.65,OK,-84.1227,104.64,-1762.28,,365925844,Port:2,0,1773324364,68826768,Enabled,0.930125,0.0307612,0.0356426,0.364213,-87.4619,271.254,-1592.34,0.141323,3,OK,-87.2912,271.32,-1592.35,OK,-128.984,241.306,-1589.58,OK,-130.18,317.582,-1587.08,,365925844,Port:3,0,1773324364,68826768,Missing,,,,,,,,,4,Missing,,,,Missing,,,,Missing,,,,Missing,,,,,365925844,Port:65535,0,1773324364,68826768,Missing,,,,,,,,,2,OK,-40.9184,206.212,-2041.52,OK,-64.1017,219.311,-2291.49,,,,,,,,,,,,,,,,,,,,,,,,
4,,365925847,Port:1,0,1773324364,118826768,50000000,Enabled,0.577467,0.552662,-0.517889,0.304774,-113.024,152.826,-1743.06,0.247237,4,OK,-112.854,152.753,-1743.31,OK,-150.26,119.359,-1739.69,OK,-136.068,68.9444,-1756.15,OK,-82.6451,105.381,-1763.14,,365925847,Port:2,0,1773324364,118826768,Enabled,0.930134,0.0306606,0.0356204,0.364201,-87.4653,271.253,-1592.33,0.142422,3,OK,-87.2931,271.319,-1592.34,OK,-128.99,241.306,-1589.57,OK,-130.184,317.583,-1587.08,,365925847,Port:3,0,1773324364,118826768,Missing,,,,,,,,,4,Missing,,,,Missing,,,,Missing,,,,Missing,,,,,365925847,Port:65535,0,1773324364,118826768,Missing,,,,,,,,,2,OK,-40.9104,206.195,-2041.53,OK,-64.0335,219.31,-2292.39,,,,,,,,,,,,,,,,,,,,,,,,
4,,365925850,Port:1,0,1773324364,168826768,50000000,Enabled,0.586451,0.546667,-0.513919,0.305151,-110.66,154.661,-1744.79,0.254622,4,OK,-110.483,154.568,-1745.04,OK,-148.087,121.522,-1740.39,OK,-134.409,70.6991,-1755.99,OK,-80.8067,106.642,-1764.22,,365925850,Port:2,0,1773324364,168826768,Enabled,0.930157,0.0309621,0.0351622,0.364162,-87.4612,271.246,-1592.31,0.142576,3,OK,-87.2877,271.311,-1592.33,OK,-128.992,241.305,-1589.61,OK,-130.177,317.577,-1587.05,,365925850,Port:3,0,1773324364,168826768,Missing,,,,,,,,,4,Missing,,,,Missing,,,,Missing,,,,Missing,,,,,365925850,Port:65535,0,1773324364,168826768,Missing,,,,,,,,,2,OK,-40.9135,206.181,-2041.52,OK,-63.9477,219.311,-2292.66,,,,,,,,,,,,,,,,,,,,,,,,
4,,365925853,Port:1,0,1773324364,218826768,50000000,Enabled,0.596223,0.539462,-0.513033,0.300493,-106.951,157.675,-1746.79,0.260553,4,OK,-106.79,157.586,-1747.06,OK,-144.911,125.295,-1741.44,OK,-132.314,73.9904,-1756.48,OK,-78.1772,108.827,-1765.84,,365925853,Port:2,0,1773324364,218826768,Enabled,0.930139,0.0310444,0.0353746,0.36418,-87.4616,271.251,-1592.34,0.146788,3,OK,-87.2824,271.318,-1592.35,OK,-128.994,241.307,-1589.61,OK,-130.179,317.579,-1587.05,,365925853,Port:3,0,1773324364,218826768,Missing,,,,,,,,,4,Missing,,,,Missing,,,,Missing,,,,Missing,,,,,365925853,Port:65535,0,1773324364,218826768,Missing,,,,,,,,,2,OK,-40.9042,206.2,-2041.44,OK,-63.875,219.329,-2292.59,,,,,,,,,,,,,,,,,,,,,,,,
4,,365925856,Port:1,0,1773324364,268826768,50000000,Enabled,0.606174,0.525036,-0.520614,0.293005,-102.313,162.015,-1749.29,0.240283,4,OK,-102.153,161.906,-1749.53,OK,-141.46,131.187,-1743.46,OK,-130.839,79.2033,-1757.63,OK,-75.4329,111.831,-1767.6,,365925856,Port:2,0,1773324364,268826768,Enabled,0.930116,0.0309872,0.0355549,0.364225,-87.4629,271.257,-1592.33,0.144145,3,OK,-87.2896,271.326,-1592.34,OK,-128.988,241.306,-1589.59,OK,-130.181,317.581,-1587.05,,365925856,Port:3,0,1773324364,268826768,Missing,,,,,,,,,4,Missing,,,,Missing,,,,Missing,,,,Missing,,,,,365925856,Port:65535,0,1773324364,268826768,Missing,,,,,,,,,2,OK,-40.9216,206.187,-2041.52,OK,-63.7522,219.331,-2291.11,,,,,,,,,,,,,,,,,,,,,,,,
4,,365925859,Port:1,0,1773324364,318826768,50000000,Enabled,0.61409,0.511282,-0.529808,0.284231,-98.2425,165.8,-1751.54,0.225791,4,OK,-98.0926,165.696,-1751.76,OK,-138.57,136.588,-1745.47,OK,-129.981,84.0936,-1759.06,OK,-73.3318,114.399,-1769.28,,365925859,Port:2,0,1773324364,318826768,Enabled,0.930118,0.0311816,0.0356128,0.364198,-87.4649,271.256,-1592.37,0.141668,3,OK,-87.2938,271.324,-1592.38,OK,-128.989,241.311,-1589.62,OK,-130.178,317.578,-1587.06,,365925859,Port:3,0,1773324364,318826768,Missing,,,,,,,,,4,Missing,,,,Missing,,,,Missing,,,,Missing,,,,,365925859,Port:65535,0,1773324364,318826768,Missing,,,,,,,,,1,OK,-40.9146,206.21,-2041.54,,,,,,,,,,,,,,,,,,,,,,,,,,,,
4,,365925862,Port:1,0,1773324364,368826768,50000000,Enabled,0.619724,0.505103,-0.532153,0.278615,-95.6068,167.831,-1752.84,0.276762,4,OK,-95.4497,167.721,-1753.12,OK,-136.456,139.416,-1746.32,OK,-128.945,86.7042,-1759.74,OK,-71.7673,115.869,-1770.35,,365925862,Port:2,0,1773324364,368826768,Enabled,0.930147,0.0307158,0.035436,0.364182,-87.4652,271.25,-1592.32,0.142567,3,OK,-87.294,271.316,-1592.33,OK,-128.992,241.302,-1589.58,OK,-130.182,317.584,-1587.07,,365925862,Port:3,0,1773324364,368826768,Missing,,,,,,,,,4,Missing,,,,Missing,,,,Missing,,,,Missing,,,,,365925862,Port:65535,0,1773324364,368826768,Missing,,,,,,,,,1,OK,-40.9194,206.202,-2041.56,,,,,,,,,,,,,,,,,,,,,,,,,,,,
4,,365925865,Port:1,0,1773324364,418826768,50000000,Enabled,0.621664,0.504649,-0.530278,0.27869,-94.7435,168.494,-1753.64,0.227097,4,OK,-94.5827,168.388,-1753.86,OK,-135.562,140.1,-1746.92,OK,-128.07,87.3124,-1760.06,OK,-70.9548,116.476,-1771.11,,365925865,Port:2,0,1773324364,418826768,Enabled,0.930156,0.0306811,0.0351747,0.364185,-87.4622,271.251,-1592.3,0.146508,3,OK,-87.2858,271.319,-1592.31,OK,-128.995,241.302,-1589.58,OK,-130.182,317.585,-1587.07,,365925865,Port:3,0,1773324364,418826768,Missing,,,,,,,,,4,Missing,,,,Missing,,,,Missing,,,,Missing,,,,,365925865,Port:65535,0,1773324364,418826768,Missing,,,,,,,,,1,OK,-40.9119,206.193,-2041.47,,,,,,,,,,,,,,,,,,,,,,,,,,,,
4,,365925868,Port:1,0,1773324364,468826768,50000000,Enabled,0.619117,0.505443,-0.531955,0.279723,-95.02,168.079,-1753.65,0.247403,4,OK,-94.8657,167.967,-1753.9,OK,-135.809,139.583,-1747.22,OK,-128.159,86.8699,-1760.55,OK,-71.0466,116.166,-1771.14,,365925868,Port:2,0,1773324364,468826768,Enabled,0.930102,0.0306973,0.0359635,0.364244,-87.464,271.254,-1592.35,0.142842,3,OK,-87.2937,271.322,-1592.36,OK,-128.983,241.298,-1589.55,OK,-130.182,317.583,-1587.08,,365925868,Port:3,0,1773324364,468826768,Missing,,,,,,,,,4,Missing,,,,Missing,,,,Missing,,,,Missing,,,,,365925868,Port:65535,0,1773324364,468826768,Missing,,,,,,,,,1,OK,-40.9161,206.2,-2041.57,,,,,,,,,,,,,,,,,,,,,,,,,,,,
4,,365925871,Port:1,0,1773324364,518826768,50000000,Enabled,0.617903,0.510154,-0.527895,0.281541,-95.9291,166.73,-1752.66,0.221612,4,OK,-95.78,166.62,-1752.87,OK,-136.352,137.737,-1746.15,OK,-128.119,85.1448,-1759.6,OK,-71.3966,115.153,-1770.43,,365925871,Port:2,0,1773324364,518826768,Enabled,0.93014,0.0309283,0.0355473,0.364171,-87.4657,271.25,-1592.33,0.141615,3,OK,-87.2934,271.315,-1592.34,OK,-128.992,241.308,-1589.58,OK,-130.18,317.581,-1587.05,,365925871,Port:3,0,1773324364,518826768,Missing,,,,,,,,,4,Missing,,,,Missing,,,,Missing,,,,Missing,,,,,365925871,Port:65535,0,1773324364,518826768,Missing,,,,,,,,,1,OK,-40.9063,206.203,-2041.47,,,,,,,,,,,,,,,,,,,,,,,,,,,,
4,,365925874,Port:1,0,1773324364,568826768,50000000,Enabled,0.614785,0.513108,-0.525659,0.287128,-97.3771,165.092,-1751.97,0.257533,4,OK,-97.2244,164.981,-1752.23,OK,-137.413,135.533,-1745.59,OK,-128.382,83.0619,-1759.08,OK,-72.0488,113.862,-1769.58,,365925874,Port:2,0,1773324364,568826768,Enabled,0.930095,0.031005,0.0358752,0.364244,-87.4657,271.26,-1592.37,0.142053,3,OK,-87.2957,271.331,-1592.38,OK,-128.986,241.31,-1589.59,OK,-130.181,317.577,-1587.07,,365925874,Port:3,0,1773324364,568826768,Missing,,,,,,,,,4,Missing,,,,Missing,,,,Missing,,,,Missing,,,,,365925874,Port:65535,0,1773324364,568826768,Missing,,,,,,,,,1,OK,-40.8999,206.206,-2041.53,,,,,,,,,,,,,,,,,,,,,,,,,,,,
4,,365925877,Port:1,0,1773324364,618826768,50000000,Enabled,0.611804,0.515233,-0.524628,0.291541,-98.4962,163.723,-1751.7,0.250011,4,OK,-98.3405,163.622,-1751.95,OK,-138.255,133.744,-1745.55,OK,-128.6,81.3797,-1759,OK,-72.5517,112.761,-1769.2,,365925877,Port:2,0,1773324364,618826768,Enabled,0.930121,0.0309529,0.0356089,0.36421,-87.4634,271.255,-1592.34,0.146481,3,OK,-87.2864,271.324,-1592.36,OK,-128.992,241.305,-1589.59,OK,-130.181,317.581,-1587.06,,365925877,Port:3,0,1773324364,618826768,Missing,,,,,,,,,4,Missing,,,,Missing,,,,Missing,,,,Missing,,,,,365925877,Port:65535,0,1773324364,618826768,Missing,,,,,,,,,2,OK,-40.9122,206.193,-2041.47,OK,-63.5993,219.36,-2288.85,,,,,,,,,,,,,,,,,,,,,,,,
4,,365925880,Port:1,0,1773324364,668826768,50000000,Enabled,0.608302,0.517505,-0.526989,0.290585,-99.1937,162.721,-1750.88,0.260113,4,OK,-99.0408,162.623,-1751.15,OK,-138.955,132.665,-1745.14,OK,-129.206,80.4095,-1759.04,OK,-73.1158,111.937,-1768.71,,365925880,Port:2,0,1773324364,668826768,Enabled,0.930136,0.0309284,0.0355515,0.364179,-87.4621,271.252,-1592.31,0.142857,3,OK,-87.2882,271.319,-1592.33,OK,-128.99,241.311,-1589.57,OK,-130.177,317.577,-1587.04,,365925880,Port:3,0,1773324364,668826768,Missing,,,,,,,,,4,Missing,,,,Missing,,,,Missing,,,,Missing,,,,,365925880,Port:65535,0,1773324364,668826768,Missing,,,,,,,,,2,OK,-40.9309,206.217,-2041.53,OK,-63.6828,219.337,-2290.76,,,,,,,,,,,,,,,,,,,,,,,,
4,,365925883,Port:1,0,1773324364,718826768,50000000,Enabled,0.599724,0.52305,-0.531756,0.289801,-101.268,160.669,-1749.31,0.224787,4,OK,-101.104,160.573,-1749.52,OK,-140.938,130.309,-1744.64,OK,-130.767,78.3939,-1759.33,OK,-74.7591,110.367,-1767.86,,365925883,Port:2,0,1773324364,718826768,Enabled,0.930123,0.0309953,0.0355447,0.364208,-87.4654,271.258,-1592.34,0.143231,3,OK,-87.2926,271.327,-1592.36,OK,-128.992,241.312,-1589.6,OK,-130.181,317.58,-1587.06,,365925883,Port:3,0,1773324364,718826768,Missing,,,,,,,,,4,Missing,,,,Missing,,,,Missing,,,,Missing,,,,,365925883,Port:65535,0,1773324364,718826768,Missing,,,,,,,,,2,OK,-40.9109,206.203,-2041.56,OK,-63.7417,219.307,-2292.62,,,,,,,,,,,,,,,,,,,,,,,,
4,,365925886,Port:1,0,1773324364,768826768,50000000,Enabled,0.591652,0.533066,-0.52735,0.296126,-104.68,157.414,-1747.34,0.220773,4,OK,-104.503,157.321,-1747.55,OK,-143.523,125.922,-1743.2,OK,-131.864,74.473,-1758.39,OK,-76.7215,108.08,-1766.35,,365925886,Port:2,0,1773324364,768826768,Enabled,0.93014,0.0310069,0.0354051,0.364178,-87.47,271.255,-1592.35,0.144713,3,OK,-87.2962,271.324,-1592.36,OK,-129,241.308,-1589.62,OK,-130.184,317.583,-1587.07,,365925886,Port:3,0,1773324364,768826768,Missing,,,,,,,,,4,Missing,,,,Missing,,,,Missing,,,,Missing,,,,,365925886,Port:65535,0,1773324364,768826768,Missing,,,,,,,,,2,OK,-40.912,206.188,-2041.52,OK,-63.779,219.29,-2293.13,,,,,,,,,,,,,,,,,,,,,,,,
4,,365925889,Port:1,0,1773324364,818826768,50000000,Enabled,0.577096,0.548513,-0.526078,0.298891,-108.269,152.671,-1744.31,0.233206,4,OK,-108.097,152.592,-1744.54,OK,-146.187,119.933,-1741.4,OK,-132.899,69.3533,-1758.08,OK,-78.7215,104.767,-1764.55,,365925889,Port:2,0,1773324364,818826768,Enabled,0.93015,0.0309475,0.0352305,0.364172,-87.4598,271.257,-1592.32,0.141007,3,OK,-87.2901,271.326,-1592.33,OK,-128.989,241.317,-1589.61,OK,-130.173,317.581,-1587.06,,365925889,Port:3,0,1773324364,818826768,Missing,,,,,,,,,4,Missing,,,,Missing,,,,Missing,,,,Missing,,,,,365925889,Port:65535,0,1773324364,818826768,Missing,,,,,,,,,2,OK,-40.9108,206.203,-2041.56,OK,-63.8341,219.301,-2294.06,,,,,,,,,,,,,,,,,,,,,,,,
4,,365925892,Port:1,0,1773324364,868826768,50000000,Enabled,0.564772,0.564371,-0.518465,0.306123,-111.758,147.697,-1741.87,0.270199,4,OK,-111.581,147.637,-1742.15,OK,-148.313,113.388,-1739.66,OK,-132.938,63.7326,-1757.39,OK,-80.2423,101.44,-1762.91,,365925892,Port:2,0,1773324364,868826768,Enabled,0.930121,0.0310147,0.0354906,0.364217,-87.4601,271.256,-1592.34,0.14524,3,OK,-87.2847,271.325,-1592.35,OK,-128.988,241.307,-1589.6,OK,-130.178,317.58,-1587.05,,365925892,Port:3,0,1773324364,868826768,Missing,,,,,,,,,4,Missing,,,,Missing,,,,Missing,,,,Missing,,,,,365925892,Port:65535,0,1773324364,868826768,Missing,,,,,,,,,2,OK,-40.9226,206.207,-2041.58,OK,-63.8975,219.283,-2294.63,,,,,,,,,,,,,,,,,,,,,,,,
4,,365925895,Port:1,0,1773324364,918826768,50000000,Enabled,0.554097,0.574949,-0.511139,0.318037,-115.734,143.122,-1740.61,0.287318,4,OK,-115.558,143.079,-1740.91,OK,-150.924,107.393,-1738.97,OK,-133.451,58.5028,-1756.95,OK,-82.2303,98.2856,-1761.64,,365925895,Port:2,0,1773324364,918826768,Enabled,0.930128,0.0310591,0.0354031,0.364202,-87.4647,271.256,-1592.33,0.141491,3,OK,-87.2956,271.326,-1592.35,OK,-128.991,241.309,-1589.6,OK,-130.178,317.578,-1587.05,,365925895,Port:3,0,1773324364,918826768,Missing,,,,,,,,,4,Missing,,,,Missing,,,,Missing,,,,Missing,,,,,365925895,Port:65535,0,1773324364,918826768,Missing,,,,,,,,,2,OK,-40.9098,206.194,-2041.62,OK,-63.8904,219.272,-2294.42,,,,,,,,,,,,,,,,,,,,,,,,
4,,365925898,Port:1,0,1773324364,968826768,50000000,Enabled,0.544858,0.586671,-0.503913,0.324065,-118.835,138.821,-1739.06,0.25714,4,OK,-118.661,138.768,-1739.32,OK,-152.862,101.946,-1737.95,OK,-133.756,53.8914,-1756.46,OK,-83.8279,95.3903,-1760.67,,365925898,Port:2,0,1773324364,968826768,Enabled,0.930136,0.0309308,0.0355713,0.364178,-87.4675,271.256,-1592.35,0.143592,3,OK,-87.2951,271.326,-1592.36,OK,-128.996,241.31,-1589.6,OK,-130.18,317.584,-1587.07,,365925898,Port:3,0,1773324364,968826768,Missing,,,,,,,,,4,Missing,,,,Missing,,,,Missing,,,,Missing,,,,,365925898,Port:65535,0,1773324364,968826768,Missing,,,,,,,,,2,OK,-40.8981,206.206,-2041.57,OK,-63.8911,219.276,-2294.19,,,,,,,,,,,,,,,,,,,,,,,,
4,,365925901,Port:1,0,1773324365,18826770,50000002,Enabled,0.536713,0.597525,-0.500339,0.323363,-120.798,135.635,-1737.12,0.236758,4,OK,-120.629,135.599,-1737.36,OK,-154.101,98.0925,-1736.65,OK,-134.107,50.7796,-1756.14,OK,-85.0191,93.3258,-1759.72,,365925901,Port:2,0,1773324365,18826770,Enabled,0.930136,0.0309793,0.0352408,0.364204,-87.4633,271.256,-1592.32,0.14442,3,OK,-87.2891,271.325,-1592.33,OK,-128.993,241.309,-1589.61,OK,-130.181,317.58,-1587.05,,365925901,Port:3,0,1773324365,18826770,Missing,,,,,,,,,4,Missing,,,,Missing,,,,Missing,,,,Missing,,,,,365925901,Port:65535,0,1773324365,18826770,Missing,,,,,,,,,3,OK,-43.0176,201.861,-2241.15,OK,-40.9206,206.201,-2041.44,OK,-63.8911,219.298,-2294.14,,,,,,,,,,,,,,,,,,,,
4,,365925904,Port:1,0,1773324365,68826770,50000000,Enabled,0.533576,0.601419,-0.498602,0.324018,-122.02,134.041,-1736.27,0.244835,4,OK,-121.842,134.011,-1736.52,OK,-154.99,96.2072,-1736.01,OK,-134.6,49.1822,-1755.81,OK,-85.8989,92.1921,-1759.14,,365925904,Port:2,0,1773324365,68826770,Enabled,0.930156,0.0308341,0.0350166,0.364188,-87.4632,271.253,-1592.31,0.141984,3,OK,-87.293,271.322,-1592.32,OK,-128.993,241.307,-1589.62,OK,-130.18,317.581,-1587.07,,365925904,Port:3,0,1773324365,68826770,Missing,,,,,,,,,4,Missing,,,,Missing,,,,Missing,,,,Missing,,,,,365925904,Port:65535,0,1773324365,68826770,Missing,,,,,,,,,3,OK,-40.9134,206.201,-2041.58,OK,-43.2185,201.822,-2243.13,OK,-63.8762,219.296,-2294.02,,,,,,,,,,,,,,,,,,,,
4,,365925907,Port:1,0,1773324365,118826770,50000000,Enabled,0.531942,0.603284,-0.498088,0.324029,-122.51,133.321,-1736.02,0.252002,4,OK,-122.341,133.288,-1736.28,OK,-155.352,95.3632,-1735.88,OK,-134.791,48.5104,-1755.87,OK,-86.2278,91.6729,-1759.04,,365925907,Port:2,0,1773324365,118826770,Enabled,0.930132,0.0308706,0.0356816,0.364183,-87.4643,271.251,-1592.32,0.140684,3,OK,-87.2964,271.319,-1592.33,OK,-128.987,241.302,-1589.56,OK,-130.177,317.583,-1587.05,,365925907,Port:3,0,1773324365,118826770,Missing,,,,,,,,,4,Missing,,,,Missing,,,,Missing,,,,Missing,,,,,365925907,Port:65535,0,1773324365,118826770,Missing,,,,,,,,,3,OK,-40.9153,206.211,-2041.4,OK,-43.2688,201.82,-2243.57,OK,-63.847,219.289,-2293.9,,,,,,,,,,,,,,,,,,,,
4,,365925910,Port:1,0,1773324365,168826770,50000000,Enabled,0.532063,0.602545,-0.499322,0.323305,-122.181,133.586,-1735.92,0.238018,4,OK,-122.006,133.55,-1736.16,OK,-155.127,95.744,-1735.85,OK,-134.703,48.8032,-1755.82,OK,-86.029,91.8501,-1758.94,,365925910,Port:2,0,1773324365,168826770,Enabled,0.930115,0.0308191,0.0357871,0.36422,-87.4631,271.26,-1592.35,0.144809,3,OK,-87.2908,271.332,-1592.37,OK,-128.988,241.307,-1589.58,OK,-130.178,317.586,-1587.08,,365925910,Port:3,0,1773324365,168826770,Missing,,,,,,,,,4,Missing,,,,Missing,,,,Missing,,,,Missing,,,,,365925910,Port:65535,0,1773324365,168826770,Missing,,,,,,,,,3,OK,-40.9168,206.183,-2041.58,OK,-43.2704,201.797,-2243.36,OK,-63.8682,219.28,-2294.06,,,,,,,,,,,,,,,,,,,,
4,,365925913,Port:1,0,1773324365,218826770,50000000,Enabled,0.533602,0.600996,-0.502124,0.319287,-121.189,134.525,-1736.01,0.231999,4,OK,-121.022,134.497,-1736.24,OK,-154.521,97.0214,-1735.95,OK,-134.623,49.9197,-1756.07,OK,-85.5085,92.4691,-1759.22,,365925913,Port:2,0,1773324365,218826770,Enabled,0.930119,0.0308702,0.0357675,0.364208,-87.4643,271.261,-1592.36,0.146126,3,OK,-87.2916,271.335,-1592.37,OK,-128.991,241.307,-1589.59,OK,-130.177,317.588,-1587.08,,365925913,Port:3,0,1773324365,218826770,Missing,,,,,,,,,4,Missing,,,,Missing,,,,Missing,,,,Missing,,,,,365925913,Port:65535,0,1773324365,218826770,Missing,,,,,,,,,3,OK,-40.9076,206.194,-2041.64,OK,-43.1633,201.826,-2242.62,OK,-63.8596,219.292,-2294.12,,,,,,,,,,,,,,,,,,,,
4,,365925916,Port:1,0,1773324365,268826770,50000000,Enabled,0.535449,0.598563,-0.504772,0.316579,-119.76,135.872,-1736.31,0.236956,4,OK,-119.586,135.839,-1736.55,OK,-153.447,98.6924,-1736.21,OK,-134.027,51.3882,-1756.34,OK,-84.5229,93.469,-1759.53,,365925916,Port:2,0,1773324365,268826770,Enabled,0.930168,0.0306212,0.0350012,0.364176,-87.4614,271.254,-1592.3,0.143091,3,OK,-87.2872,271.32,-1592.31,OK,-128.993,241.313,-1589.6,OK,-130.182,317.587,-1587.08,,365925916,Port:3,0,1773324365,268826770,Missing,,,,,,,,,4,Missing,,,,Missing,,,,Missing,,,,Missing,,,,,365925916,Port:65535,0,1773324365,268826770,Missing,,,,,,,,,3,OK,-42.9241,201.859,-2240.53,OK,-40.9227,206.187,-2041.5,OK,-63.8673,219.272,-2294.07,,,,,,,,,,,,,,,,,,,,
4,,365925919,Port:1,0,1773324365,318826770,50000000,Enabled,0.538661,0.594497,-0.508096,0.313458,-118.138,137.676,-1737.12,0.242626,4,OK,-117.965,137.641,-1737.37,OK,-152.333,100.939,-1736.88,OK,-133.563,53.3491,-1756.88,OK,-83.4812,94.7309,-1760.24,,365925919,Port:2,0,1773324365,318826770,Enabled,0.93014,0.0309716,0.0354442,0.364176,-87.467,271.257,-1592.35,0.141977,3,OK,-87.2942,271.323,-1592.36,OK,-128.994,241.315,-1589.61,OK,-130.182,317.584,-1587.07,,365925919,Port:3,0,1773324365,318826770,Missing,,,,,,,,,4,Missing,,,,Missing,,,,Missing,,,,Missing,,,,,365925919,Port:65535,0,1773324365,318826770,Missing,,,,,,,,,2,OK,-40.922,206.193,-2041.57,OK,-63.8861,219.292,-2294.31,,,,,,,,,,,,,,,,,,,,,,,,
4,,365925922,Port:1,0,1773324365,368826770,50000000,Enabled,0.540057,0.590202,-0.512685,0.311694,-117.083,139.304,-1738.04,0.203464,4,OK,-116.916,139.265,-1738.23,OK,-151.742,103.016,-1737.93,OK,-133.48,55.1404,-1757.69,OK,-82.8703,95.8806,-1760.98,,365925922,Port:2,0,1773324365,368826770,Enabled,0.930139,0.0310449,0.035178,0.364197,-87.4633,271.258,-1592.32,0.144898,3,OK,-87.2876,271.326,-1592.34,OK,-128.994,241.313,-1589.62,OK,-130.182,317.584,-1587.05,,365925922,Port:3,0,1773324365,368826770,Missing,,,,,,,,,4,Missing,,,,Missing,,,,Missing,,,,Missing,,,,,365925922,Port:65535,0,1773324365,368826770,Missing,,,,,,,,,2,OK,-40.9236,206.2,-2041.51,OK,-63.8815,219.283,-2294.3,,,,,,,,,,,,,,,,,,,,,,,,
4,,365925925,Port:1,0,1773324365,418826770,50000000,Enabled,0.541978,0.587117,-0.514853,0.310612,-116.321,140.373,-1738.53,0.247538,4,OK,-116.142,140.335,-1738.78,OK,-151.268,104.35,-1738.29,OK,-133.381,56.2937,-1757.97,OK,-82.4528,96.6097,-1761.26,,365925925,Port:2,0,1773324365,418826770,Enabled,0.930098,0.0308161,0.0357961,0.364261,-87.466,271.264,-1592.36,0.142833,3,OK,-87.2957,271.333,-1592.38,OK,-128.986,241.308,-1589.59,OK,-130.186,317.588,-1587.09,,365925925,Port:3,0,1773324365,418826770,Missing,,,,,,,,,4,Missing,,,,Missing,,,,Missing,,,,Missing,,,,,365925925,Port:65535,0,1773324365,418826770,Missing,,,,,,,,,2,OK,-40.9142,206.209,-2041.45,OK,-63.8882,219.284,-2294.33,,,,,,,,,,,,,,,,,,,,,,,,
4,,365925928,Port:1,0,1773324365,468826770,50000000,Enabled,0.544232,0.586428,-0.513808,0.309701,-115.859,140.933,-1738.77,0.232424,4,OK,-115.687,140.882,-1739,OK,-150.864,104.979,-1738.3,OK,-133.163,56.8273,-1757.87,OK,-82.1621,97.0431,-1761.52,,365925928,Port:2,0,1773324365,468826770,Enabled,0.930129,0.0310498,0.0354672,0.364196,-87.4642,271.252,-1592.31,0.141608,3,OK,-87.2942,271.322,-1592.33,OK,-128.991,241.308,-1589.58,OK,-130.178,317.574,-1587.03,,365925928,Port:3,0,1773324365,468826770,Missing,,,,,,,,,4,Missing,,,,Missing,,,,Missing,,,,Missing,,,,,365925928,Port:65535,0,1773324365,468826770,Missing,,,,,,,,,2,OK,-40.9156,206.202,-2041.52,OK,-63.882,219.264,-2294.32,,,,,,,,,,,,,,,,,,,,,,,,
4,,365925931,Port:1,0,1773324365,518826770,50000000,Enabled,0.545288,0.584757,-0.514759,0.309426,-115.327,141.419,-1739.15,0.246573,4,OK,-115.154,141.374,-1739.4,OK,-150.485,105.604,-1738.59,OK,-132.934,57.3288,-1758.09,OK,-81.769,97.3479,-1761.76,,365925931,Port:2,0,1773324365,518826770,Enabled,0.930141,0.0308464,0.0354913,0.364179,-87.4655,271.249,-1592.32,0.140077,3,OK,-87.2962,271.315,-1592.33,OK,-128.99,241.306,-1589.58,OK,-130.18,317.578,-1587.06,,365925931,Port:3,0,1773324365,518826770,Missing,,,,,,,,,4,Missing,,,,Missing,,,,Missing,,,,Missing,,,,,365925931,Port:65535,0,1773324365,518826770,Missing,,,,,,,,,2,OK,-40.9051,206.207,-2041.58,OK,-63.88,219.291,-2294.47,,,,,,,,,,,,,,,,,,,,,,,,
4,,365925934,Port:1,0,1773324365,568826770,50000000,Enabled,0.545483,0.584666,-0.516483,0.306366,-114.605,141.751,-1738.97,0.26521,4,OK,-114.434,141.727,-1739.25,OK,-149.95,106.128,-1738.46,OK,-132.716,57.8235,-1758.24,OK,-81.34,97.5753,-1761.8,,365925934,Port:2,0,1773324365,568826770,Enabled,0.930154,0.0308739,0.0349436,0.364197,-87.4626,271.252,-1592.3,0.141586,3,OK,-87.2893,271.317,-1592.32,OK,-128.992,241.313,-1589.62,OK,-130.184,317.576,-1587.06,,365925934,Port:3,0,1773324365,568826770,Missing,,,,,,,,,4,Missing,,,,Missing,,,,Missing,,,,Missing,,,,,365925934,Port:65535,0,1773324365,568826770,Missing,,,,,,,,,2,OK,-40.9177,206.2,-2041.47,OK,-63.8889,219.275,-2294.64,,,,,,,,,,,,,,,,,,,,,,,,
4,,365925937,Port:1,0,1773324365,618826770,50000000,Enabled,0.547746,0.583956,-0.515568,0.305221,-113.93,142.357,-1739.07,0.258182,4,OK,-113.757,142.327,-1739.34,OK,-149.354,106.818,-1738.32,OK,-132.311,58.4189,-1758.02,OK,-80.8705,98.0423,-1761.92,,365925937,Port:2,0,1773324365,618826770,Enabled,0.930143,0.0308298,0.0353059,0.364193,-87.4639,271.251,-1592.3,0.141157,3,OK,-87.2934,271.319,-1592.32,OK,-128.991,241.309,-1589.58,OK,-130.18,317.576,-1587.05,,365925937,Port:3,0,1773324365,618826770,Missing,,,,,,,,,4,Missing,,,,Missing,,,,Missing,,,,Missing,,,,,365925937,Port:65535,0,1773324365,618826770,Missing,,,,,,,,,2,OK,-40.9058,206.189,-2041.45,OK,-63.8786,219.261,-2294.48,,,,,,,,,,,,,,,,,,,,,,,,
4,,365925940,Port:1,0,1773324365,668826770,50000000,Enabled,0.550643,0.581199,-0.516694,0.303361,-112.872,143.495,-1739.52,0.222375,4,OK,-112.688,143.432,-1739.73,OK,-148.592,108.234,-1738.64,OK,-131.967,59.6542,-1758.04,OK,-80.2115,98.8514,-1762.33,,365925940,Port:2,0,1773324365,668826770,Enabled,0.930139,0.0306141,0.0353288,0.364221,-87.4623,271.254,-1592.31,0.139417,3,OK,-87.2931,271.318,-1592.32,OK,-128.984,241.308,-1589.58,OK,-130.185,317.584,-1587.08,,365925940,Port:3,0,1773324365,668826770,Missing,,,,,,,,,4,Missing,,,,Missing,,,,Missing,,,,Missing,,,,,365925940,Port:65535,0,1773324365,668826770,Missing,,,,,,,,,2,OK,-40.9155,206.201,-2041.55,OK,-63.8629,219.274,-2294.62,,,,,,,,,,,,,,,,,,,,,,,,
4,,365925943,Port:1,0,1773324365,718826770,50000000,Enabled,0.553274,0.575881,-0.521825,0.299914,-111.249,145.258,-1740.18,0.246312,4,OK,-111.078,145.205,-1740.43,OK,-147.543,110.62,-1739.24,OK,-131.709,61.6957,-1758.61,OK,-79.3092,100.005,-1762.78,,365925943,Port:2,0,1773324365,718826770,Enabled,0.930137,0.0308334,0.0354438,0.364196,-87.4621,271.254,-1592.31,0.143104,3,OK,-87.2888,271.322,-1592.33,OK,-128.989,241.31,-1589.58,OK,-130.18,317.582,-1587.05,,365925943,Port:3,0,1773324365,718826770,Missing,,,,,,,,,4,Missing,,,,Missing,,,,Missing,,,,Missing,,,,,365925943,Port:65535,0,1773324365,718826770,Missing,,,,,,,,,2,OK,-40.9024,206.188,-2041.53,OK,-63.8712,219.279,-2294.77,,,,,,,,,,,,,,,,,,,,,,,,
4,,365925946,Port:1,0,1773324365,768826770,50000000,Enabled,0.554512,0.569422,-0.529187,0.297046,-109.631,146.887,-1741.03,0.218089,4,OK,-109.455,146.822,-1741.23,OK,-146.592,112.943,-1740.37,OK,-131.548,63.7215,-1759.47,OK,-78.3953,101.008,-1763.37,,365925946,Port:2,0,1773324365,768826770,Enabled,0.930139,0.0307412,0.0353591,0.364207,-87.466,271.255,-1592.31,0.139938,3,OK,-87.2977,271.323,-1592.33,OK,-128.99,241.31,-1589.58,OK,-130.184,317.582,-1587.07,,365925946,Port:3,0,1773324365,768826770,Missing,,,,,,,,,4,Missing,,,,Missing,,,,Missing,,,,Missing,,,,,365925946,Port:65535,0,1773324365,768826770,Missing,,,,,,,,,2,OK,-40.9068,206.193,-2041.4,OK,-63.8553,219.266,-2294.8,,,,,,,,,,,,,,,,,,,,,,,,
4,,365925949,Port:1,0,1773324365,818826770,50000000,Enabled,0.557795,0.564076,-0.531886,0.296275,-107.339,148.236,-1741.84,0.233688,4,OK,-107.164,148.181,-1742.07,OK,-144.674,114.722,-1740.98,OK,-130.188,65.188,-1759.74,OK,-76.6058,101.839,-1763.77,,365925949,Port:2,0,1773324365,818826770,Enabled,0.930136,0.0308839,0.0354809,0.364191,-87.4663,271.255,-1592.34,0.143382,3,OK,-87.2943,271.324,-1592.36,OK,-128.994,241.308,-1589.6,OK,-130.181,317.583,-1587.08,,365925949,Port:3,0,1773324365,818826770,Missing,,,,,,,,,4,Missing,,,,Missing,,,,Missing,,,,Missing,,,,,365925949,Port:65535,0,1773324365,818826770,Missing,,,,,,,,,2,OK,-40.9063,206.182,-2041.48,OK,-63.8094,219.278,-2294.89,,,,,,,,,,,,,,,,,,,,,,,,
4,,365925952,Port:1,0,1773324365,868826770,50000000,Enabled,0.564254,0.559236,-0.531382,0.294118,-105.305,149.84,-1742.79,0.225729,4,OK,-105.128,149.764,-1743.01,OK,-143.008,116.755,-1741.33,OK,-129.165,66.861,-1759.63,OK,-75.2259,102.885,-1764.45,,365925952,Port:2,0,1773324365,868826770,Enabled,0.930111,0.0311719,0.035497,0.364228,-87.4631,271.255,-1592.34,0.142951,3,OK,-87.2882,271.321,-1592.36,OK,-128.988,241.311,-1589.61,OK,-130.183,317.572,-1587.04,,365925952,Port:3,0,1773324365,868826770,Missing,,,,,,,,,4,Missing,,,,Missing,,,,Missing,,,,Missing,,,,,365925952,Port:65535,0,1773324365,868826770,Missing,,,,,,,,,2,OK,-40.9133,206.191,-2041.38,OK,-63.7797,219.259,-2294.43,,,,,,,,,,,,,,,,,,,,,,,,
4,,365925955,Port:1,0,1773324365,918826770,50000000,Enabled,0.568536,0.552865,-0.535273,0.290845,-103.914,151.721,-1743.82,0.224002,4,OK,-103.743,151.653,-1744.04,OK,-142.17,119.296,-1742.15,OK,-129.218,69.0642,-1760.14,OK,-74.6592,104.116,-1765.18,,365925955,Port:2,0,1773324365,918826770,Enabled,0.930118,0.03114,0.0355239,0.364209,-87.4671,271.257,-1592.35,0.145237,3,OK,-87.2936,271.331,-1592.37,OK,-128.996,241.31,-1589.61,OK,-130.18,317.575,-1587.05,,365925955,Port:3,0,1773324365,918826770,Missing,,,,,,,,,4,Missing,,,,Missing,,,,Missing,,,,Missing,,,,,365925955,Port:65535,0,1773324365,918826770,Missing,,,,,,,,,2,OK,-40.9176,206.198,-2041.45,OK,-63.7721,219.258,-2293.91,,,,,,,,,,,,,,,,,,,,,,,,
4,,365925958,Port:1,0,1773324365,968826770,50000000,Enabled,0.581442,0.542044,-0.532035,0.291638,-102.454,154.83,-1745.96,0.232378,4,OK,-102.291,154.747,-1746.19,OK,-141.151,123.037,-1742.94,OK,-129.126,72.1142,-1759.6,OK,-74.1118,106.197,-1766.2,,365925958,Port:2,0,1773324365,968826770,Enabled,0.930123,0.0312366,0.0353511,0.364205,-87.4666,271.263,-1592.35,0.142461,3,OK,-87.2937,271.329,-1592.37,OK,-128.993,241.317,-1589.63,OK,-130.183,317.586,-1587.05,,365925958,Port:3,0,1773324365,968826770,Missing,,,,,,,,,4,Missing,,,,Missing,,,,Missing,,,,Missing,,,,,365925958,Port:65535,0,1773324365,968826770,Missing,,,,,,,,,2,OK,-40.9171,206.194,-2041.43,OK,-63.7617,219.285,-2293.46,,,,,,,,,,,,,,,,,,,,,,,,
4,,365925961,Port:1,0,1773324366,18826769,49999999,Enabled,0.591874,0.531367,-0.53365,0.287319,-99.9351,158.322,-1747.41,0.234641,4,OK,-99.7634,158.217,-1747.63,OK,-139.36,127.52,-1743.54,OK,-128.714,76.0551,-1759.32,OK,-72.9413,108.68,-1766.97,,365925961,Port:2,0,1773324366,18826769,Enabled,0.930157,0.0309804,0.0351094,0.364165,-87.4644,271.259,-1592.32,0.142212,3,OK,-87.2947,271.33,-1592.33,OK,-128.996,241.316,-1589.62,OK,-130.176,317.585,-1587.06,,365925961,Port:3,0,1773324366,18826769,Missing,,,,,,,,,4,Missing,,,,Missing,,,,Missing,,,,Missing,,,,,365925961,Port:65535,0,1773324366,18826769,Missing,,,,,,,,,2,OK,-40.9237,206.173,-2041.39,OK,-63.7496,219.301,-2293.03,,,,,,,,,,,,,,,,,,,,,,,,
4,,365925964,Port:1,0,1773324366,68826769,50000000,Enabled,0.596703,0.523154,-0.542599,0.275392,-96.6632,161.54,-1748.89,0.223885,4,OK,-96.4928,161.434,-1749.1,OK,-137.14,132.134,-1745.03,OK,-128.34,80.37,-1760.96,OK,-71.4875,111.035,-1768.68,,365925964,Port:2,0,1773324366,68826769,Enabled,0.930131,0.0313202,0.0352199,0.364192,-87.4672,271.259,-1592.33,0.145541,3,OK,-87.2902,271.329,-1592.35,OK,-129,241.317,-1589.63,OK,-130.183,317.577,-1587.03,,365925964,Port:3,0,1773324366,68826769,Missing,,,,,,,,,4,Missing,,,,Missing,,,,Missing,,,,Missing,,,,,365925964,Port:65535,0,1773324366,68826769,Missing,,,,,,,,,2,OK,-40.9337,206.205,-2041.59,OK,-63.6826,219.324,-2290.28,,,,,,,,,,,,,,,,,,,,,,,,
4,,365925967,Port:1,0,1773324366,118826769,50000000,Enabled,0.604808,0.509342,-0.548679,0.271532,-93.539,164.901,-1751.68,0.215385,4,OK,-93.376,164.788,-1751.88,OK,-134.896,136.814,-1747.42,OK,-127.654,84.5286,-1762.4,OK,-69.8707,113.315,-1770.54,,365925967,Port:2,0,1773324366,118826769,Enabled,0.930153,0.030999,0.0351213,0.364172,-87.4651,271.253,-1592.31,0.142754,3,OK,-87.2947,271.324,-1592.32,OK,-128.996,241.308,-1589.6,OK,-130.178,317.581,-1587.04,,365925967,Port:3,0,1773324366,118826769,Missing,,,,,,,,,4,Missing,,,,Missing,,,,Missing,,,,Missing,,,,,365925967,Port:65535,0,1773324366,118826769,Missing,,,,,,,,,1,OK,-40.9141,206.199,-2041.44,,,,,,,,,,,,,,,,,,,,,,,,,,,,
4,,365925970,Port:1,0,1773324366,168826769,50000000,Enabled,0.610994,0.49882,-0.552871,0.268697,-90.4804,167.293,-1753.63,0.230677,4,OK,-90.3293,167.19,-1753.85,OK,-132.454,140.213,-1748.98,OK,-126.395,87.5667,-1763.33,OK,-67.9682,114.921,-1771.72,,365925970,Port:2,0,1773324366,168826769,Enabled,0.930125,0.0308953,0.0356038,0.364205,-87.464,271.259,-1592.34,0.143483,3,OK,-87.2917,271.329,-1592.35,OK,-128.99,241.311,-1589.59,OK,-130.179,317.583,-1587.07,,365925970,Port:3,0,1773324366,168826769,Missing,,,,,,,,,4,Missing,,,,Missing,,,,Missing,,,,Missing,,,,,365925970,Port:65535,0,1773324366,168826769,Missing,,,,,,,,,1,OK,-40.9147,206.198,-2041.56,,,,,,,,,,,,,,,,,,,,,,,,,,,,
4,,365925973,Port:1,0,1773324366,218826769,50000000,Enabled,0.61668,0.492376,-0.554699,0.263783,-87.6135,168.822,-1754.44,0.234974,4,OK,-87.4563,168.719,-1754.66,OK,-130.032,142.528,-1749.37,OK,-125.018,89.6798,-1763.37,OK,-66.1585,115.938,-1772.27,,365925973,Port:2,0,1773324366,218826769,Enabled,0.93016,0.030558,0.0353001,0.364173,-87.4673,271.253,-1592.3,0.144217,3,OK,-87.2936,271.322,-1592.32,OK,-128.998,241.309,-1589.57,OK,-130.185,317.587,-1587.08,,365925973,Port:3,0,1773324366,218826769,Missing,,,,,,,,,4,Missing,,,,Missing,,,,Missing,,,,Missing,,,,,365925973,Port:65535,0,1773324366,218826769,Missing,,,,,,,,,1,OK,-40.9181,206.199,-2041.57,,,,,,,,,,,,,,,,,,,,,,,,,,,,
4,,365925976,Port:1,0,1773324366,268826769,50000000,Enabled,0.62272,0.488951,-0.554194,0.256938,-84.8987,169.783,-1754.71,0.233558,4,OK,-84.7508,169.664,-1754.94,OK,-127.65,144.15,-1749.05,OK,-123.581,91.1909,-1762.95,OK,-64.4441,116.533,-1772.66,,365925976,Port:2,0,1773324366,268826769,Enabled,0.930144,0.0308144,0.0354223,0.364182,-87.464,271.256,-1592.34,0.144217,3,OK,-87.2878,271.323,-1592.35,OK,-128.994,241.315,-1589.6,OK,-130.182,317.583,-1587.08,,365925976,Port:3,0,1773324366,268826769,Missing,,,,,,,,,4,Missing,,,,Missing,,,,Missing,,,,Missing,,,,,365925976,Port:65535,0,1773324366,268826769,Missing,,,,,,,,,1,OK,-40.9205,206.186,-2041.53,,,,,,,,,,,,,,,,,,,,,,,,,,,,
4,,365925979,Port:1,0,1773324366,318826769,50000000,Enabled,0.627773,0.483889,-0.554747,0.252999,-82.6579,170.554,-1755.09,0.225293,4,OK,-82.5176,170.438,-1755.3,OK,-125.727,145.552,-1749,OK,-122.449,92.4489,-1762.57,OK,-63.0399,116.896,-1772.81,,365925979,Port:2,0,1773324366,318826769,Enabled,0.930144,0.0308622,0.0355078,0.364168,-87.4676,271.252,-1592.32,0.142573,3,OK,-87.2955,271.32,-1592.33,OK,-128.996,241.31,-1589.58,OK,-130.181,317.58,-1587.05,,365925979,Port:3,0,1773324366,318826769,Missing,,,,,,,,,4,Missing,,,,Missing,,,,Missing,,,,Missing,,,,,365925979,Port:65535,0,1773324366,318826769,Missing,,,,,,,,,1,OK,-40.9215,206.201,-2041.4,,,,,,,,,,,,,,,,,,,,,,,,,,,,
4,,365925982,Port:1,0,1773324366,368826769,50000000,Enabled,0.629722,0.481369,-0.556965,0.248042,-81.0394,170.796,-1754.73,0.227441,4,OK,-80.888,170.67,-1754.95,OK,-124.395,146.309,-1748.57,OK,-121.801,93.1828,-1762.21,OK,-62.1337,116.949,-1772.6,,365925982,Port:2,0,1773324366,368826769,Enabled,0.930133,0.0307734,0.0354264,0.364213,-87.4614,271.253,-1592.3,0.144933,3,OK,-87.2891,271.323,-1592.32,OK,-128.989,241.299,-1589.57,OK,-130.179,317.583,-1587.05,,365925982,Port:3,0,1773324366,368826769,Missing,,,,,,,,,4,Missing,,,,Missing,,,,Missing,,,,Missing,,,,,365925982,Port:65535,0,1773324366,368826769,Missing,,,,,,,,,1,OK,-40.9223,206.201,-2041.62,,,,,,,,,,,,,,,,,,,,,,,,,,,,
4,,365925985,Port:1,0,1773324366,418826769,50000000,Enabled,0.630408,0.482036,-0.55747,0.243834,-80.217,170.7,-1754.24,0.21277,4,OK,-80.0707,170.568,-1754.43,OK,-123.676,146.418,-1748.03,OK,-121.423,93.3517,-1761.91,OK,-61.6854,116.843,-1772.49,,365925985,Port:2,0,1773324366,418826769,Enabled,0.930166,0.0307889,0.0351336,0.364155,-87.4616,271.254,-1592.31,0.142914,3,OK,-87.2865,271.32,-1592.33,OK,-128.994,241.318,-1589.6,OK,-130.179,317.583,-1587.07,,365925985,Port:3,0,1773324366,418826769,Missing,,,,,,,,,4,Missing,,,,Missing,,,,Missing,,,,Missing,,,,,365925985,Port:65535,0,1773324366,418826769,Missing,,,,,,,,,1,OK,-40.9017,206.202,-2041.48,,,,,,,,,,,,,,,,,,,,,,,,,,,,
4,,365925988,Port:1,0,1773324366,468826769,50000000,Enabled,0.630387,0.482355,-0.557551,0.243068,-80.1762,170.634,-1754.18,0.234687,4,OK,-80.0304,170.516,-1754.41,OK,-123.649,146.372,-1747.93,OK,-121.454,93.3175,-1761.96,OK,-61.6791,116.783,-1772.49,,365925988,Port:2,0,1773324366,468826769,Enabled,0.930147,0.0311811,0.0351991,0.364163,-87.4653,271.252,-1592.33,0.138678,3,OK,-87.2978,271.318,-1592.34,OK,-128.992,241.312,-1589.62,OK,-130.177,317.579,-1587.04,,365925988,Port:3,0,1773324366,468826769,Missing,,,,,,,,,4,Missing,,,,Missing,,,,Missing,,,,Missing,,,,,365925988,Port:65535,0,1773324366,468826769,Missing,,,,,,,,,1,OK,-40.9074,206.189,-2041.53,,,,,,,,,,,,,,,,,,,,,,,,,,,,
4,,365925991,Port:1,0,1773324366,518826769,50000000,Enabled,0.630385,0.482377,-0.557862,0.242318,-80.3776,170.695,-1754.21,0.216317,4,OK,-80.2347,170.566,-1754.41,OK,-123.888,146.489,-1748,OK,-121.745,93.4403,-1762.02,OK,-61.9469,116.838,-1772.61,,365925991,Port:2,0,1773324366,518826769,Enabled,0.930115,0.0309585,0.0357005,0.364216,-87.4682,271.259,-1592.34,0.143321,3,OK,-87.2966,271.329,-1592.36,OK,-128.992,241.308,-1589.58,OK,-130.184,317.584,-1587.06,,365925991,Port:3,0,1773324366,518826769,Missing,,,,,,,,,4,Missing,,,,Missing,,,,Missing,,,,Missing,,,,,365925991,Port:65535,0,1773324366,518826769,Missing,,,,,,,,,1,OK,-40.9084,206.2,-2041.51,,,,,,,,,,,,,,,,,,,,,,,,,,,,
4,,365925994,Port:1,0,1773324366,568826769,50000000,Enabled,0.629142,0.482241,-0.559334,0.242426,-80.5438,170.625,-1754.1,0.224259,4,OK,-80.3999,170.506,-1754.31,OK,-124.088,146.436,-1748.06,OK,-121.949,93.421,-1762.19,OK,-62.1018,116.78,-1772.5,,365925994,Port:2,0,1773324366,568826769,Enabled,0.930141,0.03089,0.0354942,0.364174,-87.4666,271.254,-1592.32,0.144619,3,OK,-87.2918,271.323,-1592.34,OK,-128.997,241.31,-1589.58,OK,-130.181,317.581,-1587.06,,365925994,Port:3,0,1773324366,568826769,Missing,,,,,,,,,4,Missing,,,,Missing,,,,Missing,,,,Missing,,,,,365925994,Port:65535,0,1773324366,568826769,Missing,,,,,,,,,1,OK,-40.9131,206.195,-2041.51,,,,,,,,,,,,,,,,,,,,,,,,,,,,
4,,365925997,Port:1,0,1773324366,618826769,50000000,Enabled,0.628917,0.482546,-0.559826,0.241261,-80.3095,170.503,-1753.66,0.212192,4,OK,-80.1626,170.372,-1753.85,OK,-123.886,146.366,-1747.68,OK,-121.836,93.3754,-1761.88,OK,-61.9582,116.682,-1772.2,,365925997,Port:2,0,1773324366,618826769,Enabled,0.930155,0.0307888,0.035292,0.364169,-87.4647,271.254,-1592.32,0.143356,3,OK,-87.293,271.325,-1592.33,OK,-128.996,241.311,-1589.6,OK,-130.178,317.581,-1587.07,,365925997,Port:3,0,1773324366,618826769,Missing,,,,,,,,,4,Missing,,,,Missing,,,,Missing,,,,Missing,,,,,365925997,Port:65535,0,1773324366,618826769,Missing,,,,,,,,,1,OK,-40.9196,206.194,-2041.47,,,,,,,,,,,,,,,,,,,,,,,,,,,,
4,,365926000,Port:1,0,1773324366,668826769,50000000,Enabled,0.628583,0.482786,-0.561264,0.238292,-79.9174,170.309,-1753.28,0.22782,4,OK,-79.7698,170.186,-1753.5,OK,-123.614,146.349,-1747.35,OK,-121.808,93.4213,-1761.84,OK,-61.8271,116.478,-1772.07,,365926000,Port:2,0,1773324366,668826769,Enabled,0.930171,0.030823,0.0346534,0.364184,-87.4625,271.258,-1592.29,0.142278,3,OK,-87.2897,271.325,-1592.3,OK,-128.997,241.319,-1589.63,OK,-130.183,317.582,-1587.07,,365926000,Port:3,0,1773324366,668826769,Missing,,,,,,,,,4,Missing,,,,Missing,,,,Missing,,,,Missing,,,,,365926000,Port:65535,0,1773324366,668826769,Missing,,,,,,,,,1,OK,-40.925,206.201,-2041.55,,,,,,,,,,,,,,,,,,,,,,,,,,,,
4,,365926003,Port:1,0,1773324366,718826769,50000000,Enabled,0.627313,0.483115,-0.562663,0.237673,-80.0044,170.024,-1753.11,0.218864,4,OK,-79.8542,169.901,-1753.31,OK,-123.732,146.1,-1747.37,OK,-121.966,93.199,-1761.99,OK,-61.9393,116.239,-1772.02,,365926003,Port:2,0,1773324366,718826769,Enabled,0.93017,0.0306309,0.035014,0.364171,-87.4642,271.251,-1592.29,0.14117,3,OK,-87.2931,271.315,-1592.3,OK,-128.993,241.308,-1589.59,OK,-130.184,317.588,-1587.07,,365926003,Port:3,0,1773324366,718826769,Missing,,,,,,,,,4,Missing,,,,Missing,,,,Missing,,,,Missing,,,,,365926003,Port:65535,0,1773324366,718826769,Missing,,,,,,,,,1,OK,-40.9134,206.186,-2041.47,,,,,,,,,,,,,,,,,,,,,,,,,,,,
4,,365926006,Port:1,0,1773324366,768826769,50000000,Enabled,0.626961,0.483787,-0.562022,0.238749,-80.1315,169.803,-1752.96,0.225112,4,OK,-79.9795,169.682,-1753.17,OK,-123.784,145.738,-1747.23,OK,-121.864,92.8675,-1761.84,OK,-61.9176,116.066,-1771.84,,365926006,Port:2,0,1773324366,768826769,Enabled,0.930128,0.0310969,0.0356921,0.364172,-87.4691,271.256,-1592.36,0.144134,3,OK,-87.2964,271.326,-1592.38,OK,-128.997,241.309,-1589.61,OK,-130.18,317.584,-1587.06,,365926006,Port:3,0,1773324366,768826769,Missing,,,,,,,,,4,Missing,,,,Missing,,,,Missing,,,,Missing,,,,,365926006,Port:65535,0,1773324366,768826769,Missing,,,,,,,,,1,OK,-40.9121,206.203,-2041.44,,,,,,,,,,,,,,,,,,,,,,,,,,,,
4,,365926009,Port:1,0,1773324366,818826769,50000000,Enabled,0.627395,0.483592,-0.561995,0.238069,-79.9265,169.998,-1753.04,0.226282,4,OK,-79.7716,169.877,-1753.25,OK,-123.604,145.996,-1747.26,OK,-121.76,93.1068,-1761.88,OK,-61.8078,116.241,-1771.94,,365926009,Port:2,0,1773324366,818826769,Enabled,0.930132,0.0307823,0.0354656,0.36421,-87.4636,271.258,-1592.32,0.141133,3,OK,-87.2938,271.326,-1592.33,OK,-128.988,241.312,-1589.58,OK,-130.181,317.583,-1587.06,,365926009,Port:3,0,1773324366,818826769,Missing,,,,,,,,,4,Missing,,,,Missing,,,,Missing,,,,Missing,,,,,365926009,Port:65535,0,1773324366,818826769,Missing,,,,,,,,,1,OK,-40.925,206.209,-2041.55,,,,,,,,,,,,,,,,,,,,,,,,,,,,
4,,365926012,Port:1,0,1773324366,868826769,50000000,Enabled,0.628161,0.482248,-0.562228,0.238221,-79.5293,170.429,-1753.34,0.22113,4,OK,-79.3821,170.294,-1753.54,OK,-123.256,146.535,-1747.51,OK,-121.514,93.5944,-1761.99,OK,-61.4934,116.594,-1772.12,,365926012,Port:2,0,1773324366,868826769,Enabled,0.930151,0.0307052,0.0349679,0.364215,-87.4607,271.256,-1592.29,0.143467,3,OK,-87.2855,271.32,-1592.3,OK,-128.99,241.311,-1589.59,OK,-130.186,317.585,-1587.06,,365926012,Port:3,0,1773324366,868826769,Missing,,,,,,,,,4,Missing,,,,Missing,,,,Missing,,,,Missing,,,,,365926012,Port:65535,0,1773324366,868826769,Missing,,,,,,,,,1,OK,-40.9256,206.189,-2041.54,,,,,,,,,,,,,,,,,,,,,,,,,,,,
4,,365926015,Port:1,0,1773324366,918826769,50000000,Enabled,0.628614,0.481291,-0.563681,0.235516,-78.8197,170.744,-1753.33,0.230089,4,OK,-78.6735,170.62,-1753.55,OK,-122.688,147.095,-1747.5,OK,-121.287,94.1896,-1762.12,OK,-61.1172,116.833,-1772.23,,365926015,Port:2,0,1773324366,918826769,Enabled,0.930144,0.0308926,0.0353232,0.364185,-87.4652,271.255,-1592.34,0.142233,3,OK,-87.2924,271.32,-1592.35,OK,-128.993,241.311,-1589.61,OK,-130.183,317.584,-1587.07,,365926015,Port:3,0,1773324366,918826769,Missing,,,,,,,,,4,Missing,,,,Missing,,,,Missing,,,,Missing,,,,,365926015,Port:65535,0,1773324366,918826769,Missing,,,,,,,,,1,OK,-40.9156,206.185,-2041.41,,,,,,,,,,,,,,,,,,,,,,,,,,,,
4,,365926018,Port:1,0,1773324366,968826769,50000000,Enabled,0.628328,0.480851,-0.564765,0.234576,-78.725,170.65,-1753.1,0.228017,4,OK,-78.5784,170.53,-1753.32,OK,-122.65,147.113,-1747.34,OK,-121.378,94.2043,-1762.03,OK,-61.1581,116.719,-1772.04,,365926018,Port:2,0,1773324366,968826769,Enabled,0.93014,0.0310506,0.0354141,0.364173,-87.4657,271.258,-1592.32,0.140689,3,OK,-87.2946,271.325,-1592.34,OK,-128.993,241.32,-1589.59,OK,-130.179,317.582,-1587.04,,365926018,Port:3,0,1773324366,968826769,Missing,,,,,,,,,4,Missing,,,,Missing,,,,Missing,,,,Missing,,,,,365926018,Port:65535,0,1773324366,968826769,Missing,,,,,,,,,1,OK,-40.9265,206.196,-2041.52,,,,,,,,,,,,,,,,,,,,,,,,,,,,
4,,365926021,Port:1,0,1773324367,18826768,49999999,Enabled,0.627107,0.482988,-0.563982,0.235338,-79.4467,169.885,-1752.57,0.219659,4,OK,-79.2994,169.769,-1752.78,OK,-123.263,146.115,-1746.9,OK,-121.728,93.2796,-1761.7,OK,-61.6338,116.08,-1771.67,,365926021,Port:2,0,1773324367,18826768,Enabled,0.93014,0.030825,0.0353812,0.364194,-87.4639,271.259,-1592.32,0.145823,3,OK,-87.2872,271.328,-1592.33,OK,-128.995,241.314,-1589.59,OK,-130.182,317.585,-1587.06,,365926021,Port:3,0,1773324367,18826768,Missing,,,,,,,,,4,Missing,,,,Missing,,,,Missing,,,,Missing,,,,,365926021,Port:65535,0,1773324367,18826768,Missing,,,,,,,,,1,OK,-40.9162,206.193,-2041.41,,,,,,,,,,,,,,,,,,,,,,,,,,,,
4,,365926024,Port:1,0,1773324367,68826768,50000000,Enabled,0.625596,0.486206,-0.562799,0.235566,-80.2095,169.16,-1751.94,0.224539,4,OK,-80.0617,169.04,-1752.16,OK,-123.885,145.122,-1746.33,OK,-122.068,92.3443,-1761.39,OK,-62.0948,115.556,-1771.3,,365926024,Port:2,0,1773324367,68826768,Enabled,0.930151,0.0309024,0.0353925,0.364159,-87.467,271.249,-1592.32,0.143171,3,OK,-87.2924,271.315,-1592.33,OK,-128.997,241.309,-1589.59,OK,-130.182,317.578,-1587.05,,365926024,Port:3,0,1773324367,68826768,Missing,,,,,,,,,4,Missing,,,,Missing,,,,Missing,,,,Missing,,,,,365926024,Port:65535,0,1773324367,68826768,Missing,,,,,,,,,1,OK,-40.9186,206.195,-2041.47,,,,,,,,,,,,,,,,,,,,,,,,,,,,
4,,365926027,Port:1,0,1773324367,118826768,50000000,Enabled,0.624546,0.486999,-0.563518,0.234995,-80.5453,168.899,-1751.71,0.225793,4,OK,-80.3953,168.773,-1751.93,OK,-124.243,144.839,-1746.22,OK,-122.391,92.1283,-1761.43,OK,-62.3999,115.35,-1771.22,,365926027,Port:2,0,1773324367,118826768,Enabled,0.930133,0.0307967,0.0354343,0.364208,-87.4623,271.262,-1592.33,0.141788,3,OK,-87.2903,271.328,-1592.34,OK,-128.987,241.317,-1589.59,OK,-130.181,317.589,-1587.07,,365926027,Port:3,0,1773324367,118826768,Missing,,,,,,,,,4,Missing,,,,Missing,,,,Missing,,,,Missing,,,,,365926027,Port:65535,0,1773324367,118826768,Missing,,,,,,,,,1,OK,-40.9094,206.19,-2041.45,,,,,,,,,,,,,,,,,,,,,,,,,,,,
4,,365926030,Port:1,0,1773324367,168826768,50000000,Enabled,0.62089,0.486898,-0.566747,0.237117,-81.6429,168.61,-1751.77,0.210282,4,OK,-81.4855,168.487,-1751.96,OK,-125.358,144.485,-1746.83,OK,-123.302,91.8117,-1762.09,OK,-63.2505,115.139,-1771.24,,365926030,Port:2,0,1773324367,168826768,Enabled,0.930129,0.0309113,0.0352954,0.364223,-87.4653,271.26,-1592.32,0.144252,3,OK,-87.2913,271.33,-1592.33,OK,-128.994,241.313,-1589.59,OK,-130.185,317.582,-1587.05,,365926030,Port:3,0,1773324367,168826768,Missing,,,,,,,,,4,Missing,,,,Missing,,,,Missing,,,,Missing,,,,,365926030,Port:65535,0,1773324367,168826768,Missing,,,,,,,,,1,OK,-40.9226,206.207,-2041.55,,,,,,,,,,,,,,,,,,,,,,,,,,,,
4,,365926033,Port:1,0,1773324367,218826768,50000000,Enabled,0.614088,0.491213,-0.569293,0.239813,-83.8383,167.353,-1751.01,0.218731,4,OK,-83.6827,167.231,-1751.21,OK,-127.379,142.778,-1746.8,OK,-124.685,90.3066,-1762.59,OK,-64.7406,114.251,-1770.79,,365926033,Port:2,0,1773324367,218826768,Enabled,0.930163,0.0306699,0.0350402,0.364182,-87.4633,271.251,-1592.3,0.138969,3,OK,-87.2959,271.316,-1592.31,OK,-128.99,241.307,-1589.6,OK,-130.182,317.585,-1587.08,,365926033,Port:3,0,1773324367,218826768,Missing,,,,,,,,,4,Missing,,,,Missing,,,,Missing,,,,Missing,,,,,365926033,Port:65535,0,1773324367,218826768,Missing,,,,,,,,,1,OK,-40.9056,206.187,-2041.48,,,,,,,,,,,,,,,,,,,,,,,,,,,,
4,,365926036,Port:1,0,1773324367,268826768,50000000,Enabled,0.606301,0.498976,-0.56929,0.243579,-86.9623,165.298,-1749.61,0.194881,4,OK,-86.8016,165.189,-1749.77,OK,-130.117,139.939,-1746.14,OK,-126.362,87.7116,-1762.51,OK,-66.7795,112.782,-1769.93,,365926036,Port:2,0,1773324367,268826768,Enabled,0.930127,0.0309839,0.035544,0.364197,-87.4624,271.258,-1592.32,0.14153,3,OK,-87.2901,271.323,-1592.34,OK,-128.987,241.314,-1589.58,OK,-130.18,317.586,-1587.04,,365926036,Port:3,0,1773324367,268826768,Missing,,,,,,,,,4,Missing,,,,Missing,,,,Missing,,,,Missing,,,,,365926036,Port:65535,0,1773324367,268826768,Missing,,,,,,,,,1,OK,-40.9124,206.189,-2041.42,,,,,,,,,,,,,,,,,,,,,,,,,,,,
4,,365926039,Port:1,0,1773324367,318826768,50000000,Enabled,0.594617,0.50993,-0.569262,0.249687,-90.8148,162.137,-1747.79,0.228924,4,OK,-90.6509,162.032,-1748.01,OK,-133.351,135.623,-1745.33,OK,-128.025,83.8296,-1762.68,OK,-69.0026,110.528,-1768.72,,365926039,Port:2,0,1773324367,318826768,Enabled,0.930135,0.0308833,0.0354034,0.364201,-87.4655,271.257,-1592.33,0.143687,3,OK,-87.2935,271.326,-1592.35,OK,-128.993,241.307,-1589.6,OK,-130.182,317.586,-1587.07,,365926039,Port:3,0,1773324367,318826768,Missing,,,,,,,,,4,Missing,,,,Missing,,,,Missing,,,,Missing,,,,,365926039,Port:65535,0,1773324367,318826768,Missing,,,,,,,,,2,OK,-40.8948,206.194,-2041.55,OK,-63.7362,219.314,-2291.4,,,,,,,,,,,,,,,,,,,,,,,,
4,,365926042,Port:1,0,1773324367,368826768,50000000,Enabled,0.584131,0.523686,-0.564384,0.256933,-94.2951,158.506,-1745.94,0.233616,4,OK,-94.1266,158.413,-1746.17,OK,-135.904,130.512,-1744.19,OK,-128.676,79.2162,-1762.37,OK,-70.5887,108.026,-1767.54,,365926042,Port:2,0,1773324367,368826768,Enabled,0.930142,0.0310864,0.0352595,0.364178,-87.4668,271.248,-1592.29,0.14101,3,OK,-87.2964,271.316,-1592.3,OK,-128.995,241.306,-1589.58,OK,-130.181,317.572,-1587.01,,365926042,Port:3,0,1773324367,368826768,Missing,,,,,,,,,4,Missing,,,,Missing,,,,Missing,,,,Missing,,,,,365926042,Port:65535,0,1773324367,368826768,Missing,,,,,,,,,2,OK,-40.9249,206.205,-2041.64,OK,-63.7452,219.276,-2293.1,,,,,,,,,,,,,,,,,,,,,,,,
4,,365926045,Port:1,0,1773324367,418826768,50000000,Enabled,0.572507,0.536344,-0.562029,0.262096,-97.1016,154.89,-1744.12,0.224961,4,OK,-96.9249,154.805,-1744.33,OK,-137.904,125.682,-1743.34,OK,-129.034,74.9957,-1762.43,OK,-71.7531,105.557,-1766.5,,365926045,Port:2,0,1773324367,418826768,Enabled,0.930121,0.0310884,0.035431,0.364215,-87.4645,271.261,-1592.34,0.144853,3,OK,-87.2915,271.333,-1592.35,OK,-128.992,241.31,-1589.61,OK,-130.18,317.585,-1587.05,,365926045,Port:3,0,1773324367,418826768,Missing,,,,,,,,,4,Missing,,,,Missing,,,,Missing,,,,Missing,,,,,365926045,Port:65535,0,1773324367,418826768,Missing,,,,,,,,,2,OK,-40.9286,206.206,-2041.47,OK,-63.7837,219.284,-2293.74,,,,,,,,,,,,,,,,,,,,,,,,
4,,365926048,Port:1,0,1773324367,468826768,50000000,Enabled,0.56063,0.547001,-0.562207,0.265344,-99.7326,151.552,-1742.52,0.206854,4,OK,-99.5723,151.486,-1742.72,OK,-139.911,121.483,-1742.83,OK,-129.695,71.3938,-1762.89,OK,-73.0324,103.241,-1765.67,,365926048,Port:2,0,1773324367,468826768,Enabled,0.930152,0.0306011,0.0352229,0.364198,-87.4633,271.256,-1592.3,0.145314,3,OK,-87.2882,271.323,-1592.32,OK,-128.993,241.306,-1589.58,OK,-130.185,317.59,-1587.08,,365926048,Port:3,0,1773324367,468826768,Missing,,,,,,,,,4,Missing,,,,Missing,,,,Missing,,,,Missing,,,,,365926048,Port:65535,0,1773324367,468826768,Missing,,,,,,,,,2,OK,-40.9131,206.198,-2041.45,OK,-63.8047,219.269,-2294.41,,,,,,,,,,,,,,,,,,,,,,,,
4,,365926051,Port:1,0,1773324367,518826768,50000000,Enabled,0.54992,0.558495,-0.55827,0.272042,-102.534,148.015,-1741.14,0.184078,4,OK,-102.364,147.957,-1741.29,OK,-141.769,116.753,-1742.3,OK,-129.85,67.2965,-1762.94,OK,-74.1981,100.893,-1764.78,,365926051,Port:2,0,1773324367,518826768,Enabled,0.930144,0.0311398,0.0353967,0.364155,-87.4682,271.253,-1592.33,0.143088,3,OK,-87.2957,271.322,-1592.35,OK,-128.999,241.312,-1589.61,OK,-130.179,317.578,-1587.04,,365926051,Port:3,0,1773324367,518826768,Missing,,,,,,,,,4,Missing,,,,Missing,,,,Missing,,,,Missing,,,,,365926051,Port:65535,0,1773324367,518826768,Missing,,,,,,,,,2,OK,-40.92,206.195,-2041.64,OK,-63.8168,219.263,-2294.99,,,,,,,,,,,,,,,,,,,,,,,,
4,,365926054,Port:1,0,1773324367,568826768,50000000,Enabled,0.540329,0.569286,-0.551228,0.283027,-105.569,144.459,-1740.61,0.208547,4,OK,-105.394,144.388,-1740.8,OK,-143.597,111.754,-1742.32,OK,-129.662,62.952,-1763.2,OK,-75.2804,98.5917,-1764.26,,365926054,Port:2,0,1773324367,568826768,Enabled,0.930127,0.0307774,0.0357249,0.364197,-87.4672,271.257,-1592.33,0.144113,3,OK,-87.2942,271.327,-1592.34,OK,-128.993,241.309,-1589.56,OK,-130.182,317.585,-1587.06,,365926054,Port:3,0,1773324367,568826768,Missing,,,,,,,,,4,Missing,,,,Missing,,,,Missing,,,,Missing,,,,,365926054,Port:65535,0,1773324367,568826768,Missing,,,,,,,,,2,OK,-40.9138,206.188,-2041.56,OK,-63.8212,219.265,-2295.16,,,,,,,,,,,,,,,,,,,,,,,,
4,,365926057,Port:1,0,1773324367,618826768,50000000,Enabled,0.530422,0.581406,-0.542019,0.294678,-108.582,140.754,-1740.35,0.215304,4,OK,-108.414,140.726,-1740.56,OK,-145.194,106.503,-1742.5,OK,-129.057,58.4338,-1763.65,OK,-76.2051,96.3293,-1764.03,,365926057,Port:2,0,1773324367,618826768,Enabled,0.930156,0.0306253,0.0352856,0.364179,-87.4654,271.251,-1592.31,0.141296,3,OK,-87.2978,271.323,-1592.32,OK,-128.994,241.305,-1589.58,OK,-130.179,317.582,-1587.08,,365926057,Port:3,0,1773324367,618826768,Missing,,,,,,,,,4,Missing,,,,Missing,,,,Missing,,,,Missing,,,,,365926057,Port:65535,0,1773324367,618826768,Missing,,,,,,,,,2,OK,-40.9154,206.189,-2041.58,OK,-63.8151,219.259,-2295.14,,,,,,,,,,,,,,,,,,,,,,,,
4,,365926060,Port:1,0,1773324367,668826768,50000000,Enabled,0.523597,0.589598,-0.534791,0.303677,-110.856,137.899,-1740.17,0.211644,4,OK,-110.683,137.852,-1740.37,OK,-146.374,102.537,-1742.63,OK,-128.659,55.0653,-1763.77,OK,-77.0094,94.5713,-1763.8,,365926060,Port:2,0,1773324367,668826768,Enabled,0.930166,0.0304809,0.035107,0.364183,-87.4648,271.257,-1592.3,0.144606,3,OK,-87.2879,271.321,-1592.32,OK,-128.996,241.314,-1589.59,OK,-130.188,317.591,-1587.1,,365926060,Port:3,0,1773324367,668826768,Missing,,,,,,,,,4,Missing,,,,Missing,,,,Missing,,,,Missing,,,,,365926060,Port:65535,0,1773324367,668826768,Missing,,,,,,,,,2,OK,-40.9203,206.184,-2041.56,OK,-63.8131,219.271,-2295.22,,,,,,,,,,,,,,,,,,,,,,,,
4,,365926063,Port:1,0,1773324367,718826768,50000000,Enabled,0.522319,0.593392,-0.531456,0.30434,-111.585,136.81,-1739.46,0.215641,4,OK,-111.406,136.765,-1739.66,OK,-146.782,101.116,-1741.89,OK,-128.694,53.8744,-1763.23,OK,-77.4105,93.8747,-1763.33,,365926063,Port:2,0,1773324367,718826768,Enabled,0.930115,0.0308464,0.0359288,0.364203,-87.4689,271.265,-1592.37,0.143455,3,OK,-87.2982,271.336,-1592.39,OK,-128.993,241.315,-1589.59,OK,-130.181,317.59,-1587.09,,365926063,Port:3,0,1773324367,718826768,Missing,,,,,,,,,4,Missing,,,,Missing,,,,Missing,,,,Missing,,,,,365926063,Port:65535,0,1773324367,718826768,Missing,,,,,,,,,2,OK,-40.9058,206.197,-2041.58,OK,-63.8278,219.271,-2295.26,,,,,,,,,,,,,,,,,,,,,,,,
4,,365926066,Port:1,0,1773324367,768826768,50000000,Enabled,0.521533,0.59468,-0.532619,0.301126,-111.588,136.603,-1738.63,0.205091,4,OK,-111.404,136.552,-1738.81,OK,-146.896,101.025,-1741.22,OK,-128.999,53.8719,-1762.86,OK,-77.6035,93.7302,-1762.88,,365926066,Port:2,0,1773324367,768826768,Enabled,0.930161,0.0307977,0.0350477,0.364175,-87.4644,271.251,-1592.31,0.141765,3,OK,-87.2914,271.315,-1592.32,OK,-128.994,241.31,-1589.61,OK,-130.184,317.582,-1587.07,,365926066,Port:3,0,1773324367,768826768,Missing,,,,,,,,,4,Missing,,,,Missing,,,,Missing,,,,Missing,,,,,365926066,Port:65535,0,1773324367,768826768,Missing,,,,,,,,,2,OK,-40.9128,206.192,-2041.49,OK,-63.8082,219.25,-2295.07,,,,,,,,,,,,,,,,,,,,,,,,
4,,365926069,Port:1,0,1773324367,818826768,50000000,Enabled,0.518934,0.596572,-0.534422,0.298669,-111.626,136.183,-1738.1,0.20561,4,OK,-111.451,136.153,-1738.3,OK,-146.975,100.685,-1741,OK,-129.107,53.6655,-1763.09,OK,-77.6708,93.4701,-1762.7,,365926069,Port:2,0,1773324367,818826768,Enabled,0.930126,0.031039,0.0356474,0.364186,-87.4656,271.253,-1592.33,0.144594,3,OK,-87.2931,271.324,-1592.34,OK,-128.994,241.304,-1589.58,OK,-130.177,317.579,-1587.04,,365926069,Port:3,0,1773324367,818826768,Missing,,,,,,,,,4,Missing,,,,Missing,,,,Missing,,,,Missing,,,,,365926069,Port:65535,0,1773324367,818826768,Missing,,,,,,,,,2,OK,-40.9151,206.185,-2041.43,OK,-63.7976,219.272,-2295.19,,,,,,,,,,,,,,,,,,,,,,,,
4,,365926072,Port:1,0,1773324367,868826768,50000000,Enabled,0.518682,0.597042,-0.532662,0.301299,-111.981,135.772,-1738.23,0.199693,4,OK,-111.812,135.731,-1738.42,OK,-147.128,100.076,-1741.07,OK,-128.976,53.092,-1762.98,OK,-77.7562,93.1699,-1762.65,,365926072,Port:2,0,1773324367,868826768,Enabled,0.930098,0.0313643,0.0357721,0.364216,-87.4638,271.262,-1592.36,0.143064,3,OK,-87.2918,271.333,-1592.37,OK,-128.988,241.315,-1589.6,OK,-130.175,317.576,-1587.02,,365926072,Port:3,0,1773324367,868826768,Missing,,,,,,,,,4,Missing,,,,Missing,,,,Missing,,,,Missing,,,,,365926072,Port:65535,0,1773324367,868826768,Missing,,,,,,,,,2,OK,-40.903,206.196,-2041.5,OK,-63.82,219.28,-2295.18,,,,,,,,,,,,,,,,,,,,,,,,
4,,365926075,Port:1,0,1773324367,918826768,50000000,Enabled,0.51581,0.598658,-0.533915,0.300806,-112.491,135.084,-1737.86,0.202746,4,OK,-112.314,135.058,-1738.05,OK,-147.58,99.3507,-1741.03,OK,-129.302,52.5306,-1763.19,OK,-78.1398,92.6924,-1762.46,,365926075,Port:2,0,1773324367,918826768,Enabled,0.930155,0.0310307,0.0349304,0.364183,-87.4632,271.251,-1592.3,0.140732,3,OK,-87.2948,271.321,-1592.31,OK,-128.994,241.308,-1589.62,OK,-130.178,317.574,-1587.04,,365926075,Port:3,0,1773324367,918826768,Missing,,,,,,,,,4,Missing,,,,Missing,,,,Missing,,,,Missing,,,,,365926075,Port:65535,0,1773324367,918826768,Missing,,,,,,,,,2,OK,-40.9148,206.194,-2041.48,OK,-63.8076,219.26,-2295.28,,,,,,,,,,,,,,,,,,,,,,,,
4,,365926078,Port:1,0,1773324367,968826768,50000000,Enabled,0.517157,0.59801,-0.53307,0.30128,-112.991,134.967,-1737.77,0.222887,4,OK,-112.807,134.926,-1737.98,OK,-148.083,99.2132,-1740.75,OK,-129.84,52.3447,-1762.81,OK,-78.6748,92.5048,-1762.26,,365926078,Port:2,0,1773324367,968826768,Enabled,0.930132,0.0306912,0.0356802,0.364198,-87.4647,271.258,-1592.33,0.144144,3,OK,-87.2911,271.327,-1592.34,OK,-128.991,241.311,-1589.56,OK,-130.181,317.588,-1587.07,,365926078,Port:3,0,1773324367,968826768,Missing,,,,,,,,,4,Missing,,,,Missing,,,,Missing,,,,Missing,,,,,365926078,Port:65535,0,1773324367,968826768,Missing,,,,,,,,,2,OK,-40.9147,206.214,-2041.52,OK,-63.8232,219.279,-2295.21,,,,,,,,,,,,,,,,,,,,,,,,
4,,365926081,Port:1,0,1773324368,18826770,50000002,Enabled,0.520081,0.598323,-0.534484,0.293004,-112.391,135.581,-1736.86,0.201194,4,OK,-112.223,135.537,-1737.05,OK,-147.939,100.272,-1739.68,OK,-130.487,53.3315,-1762.22,OK,-78.8564,92.8682,-1762.05,,365926081,Port:2,0,1773324368,18826770,Enabled,0.930159,0.0308594,0.0352095,0.36416,-87.4644,271.254,-1592.3,0.145134,3,OK,-87.2889,271.324,-1592.31,OK,-128.998,241.313,-1589.58,OK,-130.179,317.581,-1587.04,,365926081,Port:3,0,1773324368,18826770,Missing,,,,,,,,,4,Missing,,,,Missing,,,,Missing,,,,Missing,,,,,365926081,Port:65535,0,1773324368,18826770,Missing,,,,,,,,,2,OK,-40.9104,206.202,-2041.45,OK,-63.8213,219.271,-2295.27,,,,,,,,,,,,,,,,,,,,,,,,
4,,365926084,Port:1,0,1773324368,68826770,50000000,Enabled,0.525622,0.595719,-0.539868,0.278176,-110.372,137.392,-1735.45,0.187371,4,OK,-110.207,137.359,-1735.61,OK,-146.954,103.121,-1738.03,OK,-131.179,55.9143,-1761.26,OK,-78.4431,94.012,-1761.61,,365926084,Port:2,0,1773324368,68826770,Enabled,0.930127,0.0307238,0.0357369,0.364201,-87.4633,271.257,-1592.35,0.148218,3,OK,-87.2858,271.33,-1592.36,OK,-128.993,241.307,-1589.58,OK,-130.179,317.585,-1587.09,,365926084,Port:3,0,1773324368,68826770,Missing,,,,,,,,,4,Missing,,,,Missing,,,,Missing,,,,Missing,,,,,365926084,Port:65535,0,1773324368,68826770,Missing,,,,,,,,,2,OK,-40.917,206.205,-2041.63,OK,-63.8135,219.262,-2295.16,,,,,,,,,,,,,,,,,,,,,,,,
4,,365926087,Port:1,0,1773324368,118826770,50000000,Enabled,0.537163,0.585889,-0.546515,0.26365,-107.44,140.743,-1734.97,0.202579,4,OK,-107.288,140.695,-1735.16,OK,-145.422,107.965,-1736.71,OK,-131.946,60.0693,-1760.02,OK,-77.7232,95.9902,-1761.45,,365926087,Port:2,0,1773324368,118826770,Enabled,0.930147,0.0309649,0.0353775,0.364166,-87.4671,271.256,-1592.33,0.141035,3,OK,-87.296,271.321,-1592.35,OK,-128.994,241.314,-1589.61,OK,-130.181,317.586,-1587.06,,365926087,Port:3,0,1773324368,118826770,Missing,,,,,,,,,4,Missing,,,,Missing,,,,Missing,,,,Missing,,,,,365926087,Port:65535,0,1773324368,118826770,Missing,,,,,,,,,2,OK,-40.9101,206.201,-2041.52,OK,-63.824,219.263,-2295.23,,,,,,,,,,,,,,,,,,,,,,,,
4,,365926090,Port:1,0,1773324368,168826770,50000000,Enabled,0.547725,0.572885,-0.558255,0.245257,-103.431,144.632,-1734.44,0.190579,4,OK,-103.274,144.596,-1734.62,OK,-143.115,113.923,-1735.67,OK,-132.543,65.3661,-1759.12,OK,-76.5192,98.3711,-1761.31,,365926090,Port:2,0,1773324368,168826770,Enabled,0.930134,0.0313302,0.0354466,0.364161,-87.47,271.259,-1592.34,0.14531,3,OK,-87.2936,271.329,-1592.36,OK,-129.003,241.319,-1589.62,OK,-130.181,317.579,-1587.02,,365926090,Port:3,0,1773324368,168826770,Missing,,,,,,,,,4,Missing,,,,Missing,,,,Missing,,,,Missing,,,,,365926090,Port:65535,0,1773324368,168826770,Missing,,,,,,,,,2,OK,-40.9046,206.195,-2041.53,OK,-63.8248,219.278,-2295.16,,,,,,,,,,,,,,,,,,,,,,,,
4,,365926093,Port:1,0,1773324368,218826770,50000000,Enabled,0.560046,0.560872,-0.567416,0.223181,-98.6059,148.402,-1733.58,0.196649,4,OK,-98.4378,148.332,-1733.76,OK,-139.92,119.881,-1733.95,OK,-132.53,70.8942,-1757.66,OK,-74.8729,100.848,-1761.13,,365926093,Port:2,0,1773324368,218826770,Enabled,0.930118,0.0308351,0.0359896,0.364191,-87.4673,271.253,-1592.34,0.140708,3,OK,-87.2977,271.32,-1592.35,OK,-128.988,241.307,-1589.55,OK,-130.18,317.581,-1587.06,,365926093,Port:3,0,1773324368,218826770,Missing,,,,,,,,,4,Missing,,,,Missing,,,,Missing,,,,Missing,,,,,365926093,Port:65535,0,1773324368,218826770,Missing,,,,,,,,,2,OK,-40.9241,206.193,-2041.45,OK,-63.8244,219.251,-2295.08,,,,,,,,,,,,,,,,,,,,,,,,
4,,365926096,Port:1,0,1773324368,268826770,50000000,Enabled,0.571433,0.549087,-0.574868,0.203701,-93.7929,151.783,-1733.11,0.181704,4,OK,-93.6286,151.708,-1733.26,OK,-136.446,125.308,-1732.61,OK,-131.95,76.008,-1756.36,OK,-72.986,103.132,-1761.12,,365926096,Port:2,0,1773324368,268826770,Enabled,0.930145,0.030639,0.035194,0.364215,-87.4617,271.256,-1592.29,0.141051,3,OK,-87.2888,271.319,-1592.3,OK,-128.987,241.314,-1589.57,OK,-130.186,317.584,-1587.06,,365926096,Port:3,0,1773324368,268826770,Missing,,,,,,,,,4,Missing,,,,Missing,,,,Missing,,,,Missing,,,,,365926096,Port:65535,0,1773324368,268826770,Missing,,,,,,,,,2,OK,-40.9173,206.204,-2041.49,OK,-63.8036,219.265,-2294.47,,,,,,,,,,,,,,,,,,,,,,,,
4,,365926099,Port:1,0,1773324368,318826770,50000000,Enabled,0.580994,0.535569,-0.582079,0.191825,-89.7054,154.916,-1733.83,0.175775,4,OK,-89.539,154.837,-1733.96,OK,-133.392,130.213,-1732.67,OK,-131.177,80.548,-1755.95,OK,-71.2026,105.208,-1761.59,,365926099,Port:2,0,1773324368,318826770,Enabled,0.930117,0.0307181,0.0358777,0.364213,-87.4704,271.259,-1592.34,0.146713,3,OK,-87.2942,271.329,-1592.36,OK,-128.996,241.306,-1589.56,OK,-130.188,317.59,-1587.08,,365926099,Port:3,0,1773324368,318826770,Missing,,,,,,,,,4,Missing,,,,Missing,,,,Missing,,,,Missing,,,,,365926099,Port:65535,0,1773324368,318826770,Missing,,,,,,,,,2,OK,-40.9116,206.196,-2041.47,OK,-63.7751,219.276,-2293.6,,,,,,,,,,,,,,,,,,,,,,,,
4,,365926102,Port:1,0,1773324368,368826770,50000000,Enabled,0.586397,0.525499,-0.588181,0.18448,-86.6907,157.321,-1734.93,0.187095,4,OK,-86.5253,157.208,-1735.06,OK,-131.077,133.887,-1733.49,OK,-130.359,84.0622,-1756.41,OK,-69.7192,106.934,-1762.42,,365926102,Port:2,0,1773324368,368826770,Enabled,0.930133,0.0309683,0.0356038,0.364178,-87.4677,271.257,-1592.35,0.148708,3,OK,-87.2893,271.331,-1592.36,OK,-129.001,241.31,-1589.6,OK,-130.18,317.581,-1587.06,,365926102,Port:3,0,1773324368,368826770,Missing,,,,,,,,,4,Missing,,,,Missing,,,,Missing,,,,Missing,,,,,365926102,Port:65535,0,1773324368,368826770,Missing,,,,,,,,,2,OK,-40.908,206.195,-2041.53,OK,-63.7345,219.278,-2293.21,,,,,,,,,,,,,,,,,,,,,,,,
4,,365926105,Port:1,0,1773324368,418826770,50000000,Enabled,0.590221,0.520481,-0.589723,0.181563,-84.7077,158.898,-1736.05,0.180589,4,OK,-84.5498,158.789,-1736.16,OK,-129.383,136.024,-1734.31,OK,-129.355,86.0671,-1756.91,OK,-68.4588,108.128,-1763.33,,365926105,Port:2,0,1773324368,418826770,Enabled,0.930094,0.0312715,0.0357139,0.36424,-87.466,271.265,-1592.36,0.145263,3,OK,-87.2909,271.336,-1592.38,OK,-128.991,241.314,-1589.61,OK,-130.183,317.581,-1587.04,,365926105,Port:3,0,1773324368,418826770,Missing,,,,,,,,,4,Missing,,,,Missing,,,,Missing,,,,Missing,,,,,365926105,Port:65535,0,1773324368,418826770,Missing,,,,,,,,,2,OK,-40.9189,206.192,-2041.56,OK,-63.7476,219.319,-2292.74,,,,,,,,,,,,,,,,,,,,,,,,
4,,365926108,Port:1,0,1773324368,468826770,50000000,Enabled,0.594989,0.516062,-0.588741,0.181803,-83.1514,160.296,-1737.11,0.179483,4,OK,-83.0001,160.183,-1737.25,OK,-127.925,137.713,-1734.88,OK,-128.322,87.4727,-1756.99,OK,-67.3258,109.153,-1763.9,,365926108,Port:2,0,1773324368,468826770,Enabled,0.930164,0.030653,0.0350606,0.364179,-87.4623,271.259,-1592.32,0.146886,3,OK,-87.284,271.327,-1592.33,OK,-128.997,241.314,-1589.61,OK,-130.183,317.592,-1587.1,,365926108,Port:3,0,1773324368,468826770,Missing,,,,,,,,,4,Missing,,,,Missing,,,,Missing,,,,Missing,,,,,365926108,Port:65535,0,1773324368,468826770,Missing,,,,,,,,,2,OK,-40.9233,206.198,-2041.5,OK,-63.726,219.316,-2291.47,,,,,,,,,,,,,,,,,,,,,,,,
4,,365926111,Port:1,0,1773324368,518826770,50000000,Enabled,0.597697,0.512481,-0.590133,0.17851,-81.4584,161.299,-1737.67,0.185207,4,OK,-81.2999,161.188,-1737.81,OK,-126.455,139.177,-1735.22,OK,-127.477,88.9093,-1757.19,OK,-66.2737,109.932,-1764.37,,365926111,Port:2,0,1773324368,518826770,Enabled,0.93015,0.0309244,0.0353091,0.364168,-87.4668,271.249,-1592.3,0.141631,3,OK,-87.2952,271.315,-1592.31,OK,-128.995,241.306,-1589.58,OK,-130.182,317.579,-1587.04,,365926111,Port:3,0,1773324368,518826770,Missing,,,,,,,,,4,Missing,,,,Missing,,,,Missing,,,,Missing,,,,,365926111,Port:65535,0,1773324368,518826770,Missing,,,,,,,,,2,OK,-40.9195,206.194,-2041.58,OK,-63.6653,219.342,-2289.79,,,,,,,,,,,,,,,,,,,,,,,,
4,,365926114,Port:1,0,1773324368,568826770,50000000,Enabled,0.60146,0.509008,-0.590399,0.174889,-79.7937,162.371,-1738.22,0.18372,4,OK,-79.6419,162.257,-1738.36,OK,-125.002,140.717,-1735.39,OK,-126.651,90.3848,-1757.18,OK,-65.3021,110.745,-1764.84,,365926114,Port:2,0,1773324368,568826770,Enabled,0.93013,0.0312406,0.0353905,0.364183,-87.4632,271.257,-1592.33,0.143294,3,OK,-87.291,271.327,-1592.34,OK,-128.992,241.311,-1589.61,OK,-130.175,317.58,-1587.03,,365926114,Port:3,0,1773324368,568826770,Missing,,,,,,,,,4,Missing,,,,Missing,,,,Missing,,,,Missing,,,,,365926114,Port:65535,0,1773324368,568826770,Missing,,,,,,,,,1,OK,-40.9182,206.186,-2041.43,,,,,,,,,,,,,,,,,,,,,,,,,,,,
4,,365926117,Port:1,0,1773324368,618826770,50000000,Enabled,0.601273,0.505833,-0.593423,0.174507,-79.2217,163.184,-1739.07,0.189921,4,OK,-79.0641,163.057,-1739.21,OK,-124.595,141.857,-1736.4,OK,-126.51,91.4997,-1758.08,OK,-64.9913,111.414,-1765.5,,365926117,Port:2,0,1773324368,618826770,Enabled,0.930137,0.0309293,0.0351616,0.364213,-87.4625,271.254,-1592.31,0.142184,3,OK,-87.2919,271.325,-1592.32,OK,-128.991,241.309,-1589.6,OK,-130.18,317.576,-1587.05,,365926117,Port:3,0,1773324368,618826770,Missing,,,,,,,,,4,Missing,,,,Missing,,,,Missing,,,,Missing,,,,,365926117,Port:65535,0,1773324368,618826770,Missing,,,,,,,,,1,OK,-40.9067,206.199,-2041.67,,,,,,,,,,,,,,,,,,,,,,,,,,,,
4,,365926120,Port:1,0,1773324368,668826770,50000000,Enabled,0.59772,0.505957,-0.596568,0.17563,-79.8198,163.233,-1739.48,0.181237,4,OK,-79.6647,163.118,-1739.61,OK,-125.225,141.921,-1737.31,OK,-126.96,91.6358,-1759.17,OK,-65.372,111.535,-1765.97,,365926120,Port:2,0,1773324368,668826770,Enabled,0.930185,0.0309481,0.0348591,0.364119,-87.4641,271.248,-1592.3,0.140304,3,OK,-87.292,271.312,-1592.32,OK,-128.998,241.317,-1589.62,OK,-130.178,317.579,-1587.06,,365926120,Port:3,0,1773324368,668826770,Missing,,,,,,,,,4,Missing,,,,Missing,,,,Missing,,,,Missing,,,,,365926120,Port:65535,0,1773324368,668826770,Missing,,,,,,,,,1,OK,-40.9166,206.188,-2041.59,,,,,,,,,,,,,,,,,,,,,,,,,,,,
4,,365926123,Port:1,0,1773324368,718826770,50000000,Enabled,0.592598,0.511757,-0.595037,0.181283,-81.7134,162.1,-1739.33,0.183008,4,OK,-81.5571,161.99,-1739.48,OK,-126.769,140.025,-1737.6,OK,-127.469,89.7965,-1759.76,OK,-66.1708,110.78,-1765.95,,365926123,Port:2,0,1773324368,718826770,Enabled,0.930142,0.0310325,0.0351874,0.36419,-87.4654,271.26,-1592.32,0.142325,3,OK,-87.2936,271.329,-1592.33,OK,-128.995,241.318,-1589.61,OK,-130.181,317.581,-1587.04,,365926123,Port:3,0,1773324368,718826770,Missing,,,,,,,,,4,Missing,,,,Missing,,,,Missing,,,,Missing,,,,,365926123,Port:65535,0,1773324368,718826770,Missing,,,,,,,,,1,OK,-40.9191,206.184,-2041.53,,,,,,,,,,,,,,,,,,,,,,,,,,,,
4,,365926126,Port:1,0,1773324368,768826770,50000000,Enabled,0.587176,0.523504,-0.585835,0.194848,-84.9605,159.598,-1739.26,0.183267,4,OK,-84.804,159.494,-1739.39,OK,-129.076,135.669,-1737.76,OK,-127.578,85.4745,-1759.9,OK,-67.1542,108.964,-1765.79,,365926126,Port:2,0,1773324368,768826770,Enabled,0.930155,0.0307209,0.0352207,0.364181,-87.4653,271.252,-1592.31,0.141923,3,OK,-87.2952,271.321,-1592.33,OK,-128.994,241.307,-1589.59,OK,-130.181,317.583,-1587.08,,365926126,Port:3,0,1773324368,768826770,Missing,,,,,,,,,4,Missing,,,,Missing,,,,Missing,,,,Missing,,,,,365926126,Port:65535,0,1773324368,768826770,Missing,,,,,,,,,2,OK,-40.9092,206.199,-2041.46,OK,-63.7132,219.312,-2291.38,,,,,,,,,,,,,,,,,,,,,,,,
4,,365926129,Port:1,0,1773324368,818826770,50000000,Enabled,0.577328,0.539186,-0.575515,0.211549,-88.9581,156.038,-1739.03,0.183037,4,OK,-88.7936,155.951,-1739.17,OK,-131.75,129.811,-1738.12,OK,-127.395,79.881,-1760.51,OK,-68.2457,106.558,-1765.6,,365926129,Port:2,0,1773324368,818826770,Enabled,0.930145,0.030857,0.0354544,0.364173,-87.4638,271.252,-1592.33,0.144262,3,OK,-87.2901,271.32,-1592.34,OK,-128.993,241.305,-1589.59,OK,-130.179,317.584,-1587.07,,365926129,Port:3,0,1773324368,818826770,Missing,,,,,,,,,4,Missing,,,,Missing,,,,Missing,,,,Missing,,,,,365926129,Port:65535,0,1773324368,818826770,Missing,,,,,,,,,2,OK,-40.9215,206.18,-2041.38,OK,-63.7365,219.293,-2293.03,,,,,,,,,,,,,,,,,,,,,,,,
4,,365926132,Port:1,0,1773324368,868826770,50000000,Enabled,0.5704,0.550971,-0.56388,0.230464,-92.8828,152.882,-1739.43,0.195918,4,OK,-92.7114,152.808,-1739.6,OK,-134.29,124.509,-1738.75,OK,-127.173,74.7602,-1760.86,OK,-69.4247,104.374,-1765.48,,365926132,Port:2,0,1773324368,868826770,Enabled,0.930172,0.0308076,0.0348328,0.364167,-87.4623,271.257,-1592.31,0.142875,3,OK,-87.2883,271.324,-1592.33,OK,-128.996,241.319,-1589.63,OK,-130.181,317.584,-1587.08,,365926132,Port:3,0,1773324368,868826770,Missing,,,,,,,,,4,Missing,,,,Missing,,,,Missing,,,,Missing,,,,,365926132,Port:65535,0,1773324368,868826770,Missing,,,,,,,,,2,OK,-40.9177,206.201,-2041.44,OK,-63.7864,219.285,-2293.67,,,,,,,,,,,,,,,,,,,,,,,,
4,,365926135,Port:1,0,1773324368,918826770,50000000,Enabled,0.56299,0.558831,-0.557862,0.244007,-96.2911,150.266,-1739.55,0.187247,4,OK,-96.1201,150.194,-1739.7,OK,-136.71,120.49,-1739.39,OK,-127.602,71.003,-1761.31,OK,-70.8365,102.572,-1765.26,,365926135,Port:2,0,1773324368,918826770,Enabled,0.930163,0.0306572,0.0350353,0.364184,-87.465,271.251,-1592.3,0.140313,3,OK,-87.2937,271.314,-1592.31,OK,-128.993,241.311,-1589.6,OK,-130.186,317.582,-1587.08,,365926135,Port:3,0,1773324368,918826770,Missing,,,,,,,,,4,Missing,,,,Missing,,,,Missing,,,,Missing,,,,,365926135,Port:65535,0,1773324368,918826770,Missing,,,,,,,,,2,OK,-40.9172,206.211,-2041.5,OK,-63.7884,219.266,-2294.3,,,,,,,,,,,,,,,,,,,,,,,,
4,,365926138,Port:1,0,1773324368,968826770,50000000,Enabled,0.557187,0.565347,-0.553524,0.252065,-98.8543,148.158,-1739.31,0.198764,4,OK,-98.6797,148.095,-1739.48,OK,-138.55,117.414,-1739.5,OK,-128.084,68.2358,-1761.53,OK,-72.0748,101.155,-1764.94,,365926138,Port:2,0,1773324368,968826770,Enabled,0.930148,0.0307327,0.0353067,0.364188,-87.464,271.252,-1592.31,0.143638,3,OK,-87.2885,271.317,-1592.32,OK,-128.993,241.309,-1589.58,OK,-130.184,317.582,-1587.06,,365926138,Port:3,0,1773324368,968826770,Missing,,,,,,,,,4,Missing,,,,Missing,,,,Missing,,,,Missing,,,,,365926138,Port:65535,0,1773324368,968826770,Missing,,,,,,,,,2,OK,-40.9143,206.192,-2041.36,OK,-63.8091,219.259,-2294.76,,,,,,,,,,,,,,,,,,,,,,,,
4,,365926141,Port:1,0,1773324369,18826768,49999998,Enabled,0.551786,0.568742,-0.55329,0.256777,-100.593,146.799,-1739.03,0.199027,4,OK,-100.425,146.743,-1739.22,OK,-139.9,115.586,-1739.73,OK,-128.652,66.6345,-1761.9,OK,-73.0152,100.233,-1764.61,,365926141,Port:2,0,1773324369,18826768,Enabled,0.930123,0.0310561,0.0355742,0.364199,-87.4626,271.262,-1592.35,0.147097,3,OK,-87.2836,271.329,-1592.36,OK,-128.992,241.314,-1589.6,OK,-130.181,317.589,-1587.06,,365926141,Port:3,0,1773324369,18826768,Missing,,,,,,,,,4,Missing,,,,Missing,,,,Missing,,,,Missing,,,,,365926141,Port:65535,0,1773324369,18826768,Missing,,,,,,,,,2,OK,-40.8892,206.198,-2041.53,OK,-63.8257,219.265,-2295.03,,,,,,,,,,,,,,,,,,,,,,,,
4,,365926144,Port:1,0,1773324369,68826768,50000000,Enabled,0.543814,0.571615,-0.558065,0.257072,-102.306,145.655,-1738.6,0.192649,4,OK,-102.142,145.635,-1738.78,OK,-141.531,114.385,-1740.24,OK,-129.883,65.7451,-1763,OK,-74.2927,99.4971,-1764.49,,365926144,Port:2,0,1773324369,68826768,Enabled,0.93012,0.0310549,0.0355899,0.364205,-87.4679,271.254,-1592.35,0.142734,3,OK,-87.2967,271.324,-1592.36,OK,-128.993,241.306,-1589.6,OK,-130.182,317.578,-1587.05,,365926144,Port:3,0,1773324369,68826768,Missing,,,,,,,,,4,Missing,,,,Missing,,,,Missing,,,,Missing,,,,,365926144,Port:65535,0,1773324369,68826768,Missing,,,,,,,,,2,OK,-40.9133,206.192,-2041.55,OK,-63.8156,219.247,-2295.01,,,,,,,,,,,,,,,,,,,,,,,,
4,,365926147,Port:1,0,1773324369,118826768,50000000,Enabled,0.538658,0.575835,-0.558535,0.257489,-104.3,144.169,-1737.82,0.200778,4,OK,-104.132,144.107,-1738,OK,-143.293,112.629,-1739.97,OK,-131.184,64.3419,-1763.14,OK,-75.8269,98.507,-1764.05,,365926147,Port:2,0,1773324369,118826768,Enabled,0.930158,0.0308374,0.0350922,0.364175,-87.4633,271.252,-1592.31,0.141537,3,OK,-87.2941,271.323,-1592.32,OK,-128.994,241.31,-1589.61,OK,-130.177,317.579,-1587.07,,365926147,Port:3,0,1773324369,118826768,Missing,,,,,,,,,4,Missing,,,,Missing,,,,Missing,,,,Missing,,,,,365926147,Port:65535,0,1773324369,118826768,Missing,,,,,,,,,2,OK,-40.9223,206.185,-2041.41,OK,-63.813,219.267,-2295.09,,,,,,,,,,,,,,,,,,,,,,,,
4,,365926150,Port:1,0,1773324369,168826768,50000000,Enabled,0.534382,0.580809,-0.555958,0.260783,-106.328,142.346,-1736.95,0.18848,4,OK,-106.157,142.305,-1737.12,OK,-144.856,110.266,-1739.41,OK,-131.981,62.2724,-1762.78,OK,-77.1363,97.2255,-1763.34,,365926150,Port:2,0,1773324369,168826768,Enabled,0.930142,0.0309277,0.0354322,0.364175,-87.4646,271.259,-1592.34,0.142934,3,OK,-87.2934,271.329,-1592.35,OK,-128.993,241.314,-1589.6,OK,-130.177,317.587,-1587.06,,365926150,Port:3,0,1773324369,168826768,Missing,,,,,,,,,4,Missing,,,,Missing,,,,Missing,,,,Missing,,,,,365926150,Port:65535,0,1773324369,168826768,Missing,,,,,,,,,2,OK,-40.9231,206.19,-2041.5,OK,-63.8221,219.244,-2295.15,,,,,,,,,,,,,,,,,,,,,,,,
4,,365926153,Port:1,0,1773324369,218826768,50000000,Enabled,0.528703,0.587925,-0.553376,0.261899,-107.814,140.18,-1736.01,0.191665,4,OK,-107.645,140.139,-1736.18,OK,-145.863,107.559,-1738.87,OK,-132.23,60.034,-1762.8,OK,-77.9041,95.8122,-1762.88,,365926153,Port:2,0,1773324369,218826768,Enabled,0.930103,0.0311974,0.0355938,0.364237,-87.4638,271.258,-1592.33,0.14334,3,OK,-87.2928,271.331,-1592.35,OK,-128.989,241.308,-1589.59,OK,-130.179,317.574,-1587.02,,365926153,Port:3,0,1773324369,218826768,Missing,,,,,,,,,4,Missing,,,,Missing,,,,Missing,,,,Missing,,,,,365926153,Port:65535,0,1773324369,218826768,Missing,,,,,,,,,2,OK,-40.9084,206.186,-2041.35,OK,-63.8163,219.247,-2295.08,,,,,,,,,,,,,,,,,,,,,,,,
4,,365926156,Port:1,0,1773324369,268826768,50000000,Enabled,0.522531,0.59459,-0.550964,0.264317,-108.884,138.136,-1735.26,0.182677,4,OK,-108.726,138.108,-1735.43,OK,-146.394,104.953,-1738.6,OK,-131.91,57.8915,-1762.97,OK,-78.1666,94.5177,-1762.49,,365926156,Port:2,0,1773324369,268826768,Enabled,0.930114,0.0310595,0.0357175,0.364209,-87.4657,271.262,-1592.35,0.145971,3,OK,-87.2909,271.333,-1592.37,OK,-128.993,241.311,-1589.59,OK,-130.18,317.585,-1587.06,,365926156,Port:3,0,1773324369,268826768,Missing,,,,,,,,,4,Missing,,,,Missing,,,,Missing,,,,Missing,,,,,365926156,Port:65535,0,1773324369,268826768,Missing,,,,,,,,,2,OK,-40.9138,206.208,-2041.52,OK,-63.8168,219.273,-2295.24,,,,,,,,,,,,,,,,,,,,,,,,
4,,365926159,Port:1,0,1773324369,318826768,50000000,Enabled,0.514829,0.603367,-0.545765,0.270259,-110.662,135.572,-1734.96,0.160404,4,OK,-110.51,135.541,-1735.09,OK,-147.274,101.455,-1738.86,OK,-131.427,55.0224,-1763.48,OK,-78.6649,93.0139,-1762.44,,365926159,Port:2,0,1773324369,318826768,Enabled,0.930133,0.031009,0.035582,0.364177,-87.4651,271.258,-1592.34,0.143432,3,OK,-87.292,271.325,-1592.36,OK,-128.992,241.312,-1589.6,OK,-130.179,317.587,-1587.06,,365926159,Port:3,0,1773324369,318826768,Missing,,,,,,,,,4,Missing,,,,Missing,,,,Missing,,,,Missing,,,,,365926159,Port:65535,0,1773324369,318826768,Missing,,,,,,,,,2,OK,-40.9146,206.207,-2041.5,OK,-63.8169,219.275,-2295.31,,,,,,,,,,,,,,,,,,,,,,,,
4,,365926162,Port:1,0,1773324369,368826768,50000000,Enabled,0.508021,0.612307,-0.535687,0.282902,-113.188,132.609,-1735.42,0.165812,4,OK,-113.036,132.579,-1735.55,OK,-148.435,97.1002,-1739.5,OK,-130.614,51.2698,-1763.93,OK,-79.3537,91.2717,-1762.57,,365926162,Port:2,0,1773324369,368826768,Enabled,0.930132,0.0310386,0.0354413,0.364192,-87.463,271.253,-1592.33,0.143863,3,OK,-87.2894,271.322,-1592.34,OK,-128.992,241.308,-1589.59,OK,-130.178,317.577,-1587.04,,365926162,Port:3,0,1773324369,368826768,Missing,,,,,,,,,4,Missing,,,,Missing,,,,Missing,,,,Missing,,,,,365926162,Port:65535,0,1773324369,368826768,Missing,,,,,,,,,2,OK,-40.9154,206.202,-2041.52,OK,-63.8202,219.253,-2295.17,,,,,,,,,,,,,,,,,,,,,,,,
4,,365926165,Port:1,0,1773324369,418826768,50000000,Enabled,0.501142,0.619897,-0.525896,0.296678,-115.414,129.725,-1736.06,0.169609,4,OK,-115.259,129.719,-1736.21,OK,-149.221,92.8956,-1740.31,OK,-129.449,47.6382,-1764.43,OK,-79.7874,89.598,-1762.67,,365926165,Port:2,0,1773324369,418826768,Enabled,0.930142,0.0308808,0.03533,0.36419,-87.469,271.255,-1592.32,0.140435,3,OK,-87.2999,271.323,-1592.33,OK,-128.995,241.311,-1589.6,OK,-130.184,317.58,-1587.06,,365926165,Port:3,0,1773324369,418826768,Missing,,,,,,,,,4,Missing,,,,Missing,,,,Missing,,,,Missing,,,,,365926165,Port:65535,0,1773324369,418826768,Missing,,,,,,,,,3,OK,-43.1772,201.918,-2238.72,OK,-40.9141,206.202,-2041.52,OK,-63.8104,219.271,-2295.2,,,,,,,,,,,,,,,,,,,,
4,,365926168,Port:1,0,1773324369,468826768,50000000,Enabled,0.495682,0.625596,-0.519915,0.304331,-116.838,127.462,-1736.25,0.175877,4,OK,-116.689,127.469,-1736.41,OK,-149.721,89.8242,-1740.71,OK,-128.704,45.0887,-1764.78,OK,-80.0774,88.2269,-1762.68,,365926168,Port:2,0,1773324369,468826768,Enabled,0.930163,0.0306991,0.0350675,0.364178,-87.46,271.254,-1592.32,0.14114,3,OK,-87.2894,271.319,-1592.33,OK,-128.989,241.31,-1589.61,OK,-130.179,317.588,-1587.09,,365926168,Port:3,0,1773324369,468826768,Missing,,,,,,,,,4,Missing,,,,Missing,,,,Missing,,,,Missing,,,,,365926168,Port:65535,0,1773324369,468826768,Missing,,,,,,,,,3,OK,-43.2119,201.883,-2239.73,OK,-40.9247,206.191,-2041.49,OK,-63.8164,219.261,-2295.08,,,,,,,,,,,,,,,,,,,,
4,,365926171,Port:1,0,1773324369,518826768,50000000,Enabled,0.496129,0.626692,-0.515424,0.308951,-117.371,126.599,-1736.17,0.189074,4,OK,-117.211,126.595,-1736.35,OK,-149.828,88.553,-1740.37,OK,-128.328,43.9184,-1764.12,OK,-80.1804,87.6032,-1762.31,,365926171,Port:2,0,1773324369,518826768,Enabled,0.930164,0.0307148,0.0352751,0.364152,-87.4653,271.253,-1592.32,0.142191,3,OK,-87.2927,271.319,-1592.33,OK,-128.996,241.313,-1589.59,OK,-130.181,317.586,-1587.08,,365926171,Port:3,0,1773324369,518826768,Missing,,,,,,,,,4,Missing,,,,Missing,,,,Missing,,,,Missing,,,,,365926171,Port:65535,0,1773324369,518826768,Missing,,,,,,,,,3,OK,-43.2298,201.872,-2240.33,OK,-40.9218,206.194,-2041.44,OK,-63.8011,219.265,-2295.19,,,,,,,,,,,,,,,,,,,,
4,,365926174,Port:1,0,1773324369,568826768,50000000,Enabled,0.496378,0.626955,-0.516424,0.306336,-117.041,126.692,-1735.8,0.185688,4,OK,-116.889,126.69,-1735.97,OK,-149.664,88.7908,-1740.03,OK,-128.377,44.1389,-1763.99,OK,-80.0518,87.6359,-1762.17,,365926174,Port:2,0,1773324369,568826768,Enabled,0.930114,0.0311775,0.035998,0.364171,-87.4718,271.263,-1592.39,0.145616,3,OK,-87.2974,271.336,-1592.4,OK,-129,241.318,-1589.6,OK,-130.179,317.585,-1587.06,,365926174,Port:3,0,1773324369,568826768,Missing,,,,,,,,,4,Missing,,,,Missing,,,,Missing,,,,Missing,,,,,365926174,Port:65535,0,1773324369,568826768,Missing,,,,,,,,,3,OK,-43.2298,201.873,-2240.43,OK,-40.914,206.197,-2041.46,OK,-63.8147,219.259,-2295.17,,,,,,,,,,,,,,,,,,,,
4,,365926177,Port:1,0,1773324369,618826768,50000000,Enabled,0.496707,0.625308,-0.518433,0.305778,-116.723,127.183,-1735.92,0.187059,4,OK,-116.56,127.185,-1736.09,OK,-149.506,89.4416,-1740.21,OK,-128.419,44.6673,-1764.12,OK,-79.9051,87.9488,-1762.19,,365926177,Port:2,0,1773324369,618826768,Enabled,0.930117,0.0309897,0.0356487,0.364214,-87.465,271.251,-1592.32,0.140829,3,OK,-87.2962,271.321,-1592.33,OK,-128.988,241.305,-1589.57,OK,-130.179,317.573,-1587.03,,365926177,Port:3,0,1773324369,618826768,Missing,,,,,,,,,4,Missing,,,,Missing,,,,Missing,,,,Missing,,,,,365926177,Port:65535,0,1773324369,618826768,Missing,,,,,,,,,3,OK,-43.239,201.881,-2239.97,OK,-40.9005,206.194,-2041.48,OK,-63.8077,219.261,-2295.07,,,,,,,,,,,,,,,,,,,,
4,,365926180,Port:1,0,1773324369,668826768,50000000,Enabled,0.497736,0.624316,-0.51743,0.307824,-116.653,127.507,-1736.41,0.198506,4,OK,-116.502,127.507,-1736.6,OK,-149.38,89.691,-1740.52,OK,-128.18,44.8468,-1764.23,OK,-79.7201,88.1874,-1762.44,,365926180,Port:2,0,1773324369,668826768,Enabled,0.930173,0.0308897,0.0350256,0.36414,-87.4672,271.254,-1592.31,0.141416,3,OK,-87.2955,271.32,-1592.32,OK,-129,241.317,-1589.61,OK,-130.181,317.585,-1587.06,,365926180,Port:3,0,1773324369,668826768,Missing,,,,,,,,,4,Missing,,,,Missing,,,,Missing,,,,Missing,,,,,365926180,Port:65535,0,1773324369,668826768,Missing,,,,,,,,,3,OK,-43.2057,201.899,-2239.63,OK,-40.9196,206.203,-2041.54,OK,-63.7985,219.252,-2295.1,,,,,,,,,,,,,,,,,,,,
4,,365926183,Port:1,0,1773324369,718826768,50000000,Enabled,0.498767,0.623413,-0.518066,0.306913,-116.225,127.948,-1736.47,0.192421,4,OK,-116.064,127.951,-1736.65,OK,-149.074,90.2318,-1740.53,OK,-128.049,45.2979,-1764.19,OK,-79.4645,88.4907,-1762.51,,365926183,Port:2,0,1773324369,718826768,Enabled,0.93017,0.0310798,0.0348942,0.364144,-87.4611,271.251,-1592.29,0.139434,3,OK,-87.291,271.315,-1592.31,OK,-128.992,241.316,-1589.62,OK,-130.175,317.578,-1587.03,,365926183,Port:3,0,1773324369,718826768,Missing,,,,,,,,,4,Missing,,,,Missing,,,,Missing,,,,Missing,,,,,365926183,Port:65535,0,1773324369,718826768,Missing,,,,,,,,,3,OK,-43.194,201.905,-2238.93,OK,-40.9049,206.194,-2041.54,OK,-63.8247,219.267,-2295.24,,,,,,,,,,,,,,,,,,,,
4,,365926186,Port:1,0,1773324369,768826768,50000000,Enabled,0.502114,0.621633,-0.520154,0.301486,-115.214,128.963,-1736.16,0.152127,4,OK,-115.062,128.967,-1736.27,OK,-148.553,91.6644,-1740.08,OK,-128.205,46.476,-1763.83,OK,-79.1001,89.0869,-1762.55,,365926186,Port:2,0,1773324369,768826768,Enabled,0.930163,0.0307166,0.0352022,0.364163,-87.463,271.256,-1592.32,0.14187,3,OK,-87.2914,271.322,-1592.33,OK,-128.992,241.313,-1589.6,OK,-130.179,317.59,-1587.08,,365926186,Port:3,0,1773324369,768826768,Missing,,,,,,,,,4,Missing,,,,Missing,,,,Missing,,,,Missing,,,,,365926186,Port:65535,0,1773324369,768826768,Missing,,,,,,,,,2,OK,-40.9258,206.192,-2041.49,OK,-63.8091,219.248,-2295.11,,,,,,,,,,,,,,,,,,,,,,,,
4,,365926189,Port:1,0,1773324369,818826768,50000000,Enabled,0.507615,0.61767,-0.527018,0.288205,-113.417,130.853,-1735,0.159521,4,OK,-113.273,130.851,-1735.14,OK,-147.881,94.5748,-1738.73,OK,-129.181,48.9893,-1763.09,OK,-78.8272,90.129,-1762.13,,365926189,Port:2,0,1773324369,818826768,Enabled,0.930127,0.0310648,0.0357639,0.36417,-87.4686,271.254,-1592.34,0.144628,3,OK,-87.2943,271.325,-1592.35,OK,-128.997,241.31,-1589.58,OK,-130.179,317.58,-1587.04,,365926189,Port:3,0,1773324369,818826768,Missing,,,,,,,,,4,Missing,,,,Missing,,,,Missing,,,,Missing,,,,,365926189,Port:65535,0,1773324369,818826768,Missing,,,,,,,,,2,OK,-40.9251,206.201,-2041.59,OK,-63.823,219.25,-2295.01,,,,,,,,,,,,,,,,,,,,,,,,
4,,365926192,Port:1,0,1773324369,868826768,50000000,Enabled,0.514007,0.611899,-0.535311,0.27353,-111.219,133.151,-1733.81,0.173771,4,OK,-111.053,133.12,-1733.95,OK,-146.988,98.107,-1737.32,OK,-130.21,52.0893,-1762.17,OK,-78.429,91.46,-1761.64,,365926192,Port:2,0,1773324369,868826768,Enabled,0.93011,0.0311495,0.0356937,0.364214,-87.4642,271.258,-1592.35,0.144168,3,OK,-87.2906,271.328,-1592.36,OK,-128.99,241.31,-1589.59,OK,-130.179,317.578,-1587.04,,365926192,Port:3,0,1773324369,868826768,Missing,,,,,,,,,4,Missing,,,,Missing,,,,Missing,,,,Missing,,,,,365926192,Port:65535,0,1773324369,868826768,Missing,,,,,,,,,2,OK,-40.9086,206.213,-2041.59,OK,-63.8165,219.259,-2295.07,,,,,,,,,,,,,,,,,,,,,,,,
4,,365926195,Port:1,0,1773324369,918826768,50000000,Enabled,0.519077,0.606605,-0.542736,0.260819,-109.11,135.178,-1733.04,0.178021,4,OK,-108.947,135.148,-1733.19,OK,-145.966,101.269,-1736.36,OK,-130.867,54.9038,-1761.69,OK,-77.9077,92.6766,-1761.44,,365926195,Port:2,0,1773324369,918826768,Enabled,0.930106,0.0310981,0.0358376,0.364212,-87.468,271.258,-1592.35,0.139673,3,OK,-87.302,271.329,-1592.36,OK,-128.988,241.309,-1589.58,OK,-130.178,317.579,-1587.04,,365926195,Port:3,0,1773324369,918826768,Missing,,,,,,,,,4,Missing,,,,Missing,,,,Missing,,,,Missing,,,,,365926195,Port:65535,0,1773324369,918826768,Missing,,,,,,,,,2,OK,-40.9063,206.203,-2041.46,OK,-63.8145,219.251,-2295.06,,,,,,,,,,,,,,,,,,,,,,,,
4,,365926198,Port:1,0,1773324369,968826768,50000000,Enabled,0.525664,0.60197,-0.546933,0.249348,-107.089,137.065,-1732.46,0.176282,4,OK,-106.95,137.037,-1732.61,OK,-144.861,104.119,-1735.3,OK,-131.284,57.4392,-1760.93,OK,-77.352,93.8144,-1761.4,,365926198,Port:2,0,1773324369,968826768,Enabled,0.930154,0.030768,0.0352387,0.364177,-87.4649,271.252,-1592.3,0.144457,3,OK,-87.2889,271.318,-1592.32,OK,-128.996,241.31,-1589.59,OK,-130.184,317.584,-1587.06,,365926198,Port:3,0,1773324369,968826768,Missing,,,,,,,,,4,Missing,,,,Missing,,,,Missing,,,,Missing,,,,,365926198,Port:65535,0,1773324369,968826768,Missing,,,,,,,,,2,OK,-40.9237,206.199,-2041.4,OK,-63.8096,219.268,-2295.22,,,,,,,,,,,,,,,,,,,,,,,,
4,,365926201,Port:1,0,1773324370,18826770,50000002,Enabled,0.53118,0.596983,-0.550592,0.24147,-105.289,138.571,-1731.98,0.168149,4,OK,-105.133,138.537,-1732.1,OK,-143.773,106.411,-1734.46,OK,-131.404,59.425,-1760.08,OK,-76.7388,94.6827,-1761.14,,365926201,Port:2,0,1773324370,18826770,Enabled,0.93012,0.0308732,0.0355703,0.364222,-87.4633,271.256,-1592.32,0.143111,3,OK,-87.2902,271.322,-1592.34,OK,-128.987,241.306,-1589.57,OK,-130.183,317.583,-1587.05,,365926201,Port:3,0,1773324370,18826770,Missing,,,,,,,,,4,Missing,,,,Missing,,,,Missing,,,,Missing,,,,,365926201,Port:65535,0,1773324370,18826770,Missing,,,,,,,,,2,OK,-40.9173,206.187,-2041.44,OK,-63.823,219.264,-2295.16,,,,,,,,,,,,,,,,,,,,,,,,
4,,365926204,Port:1,0,1773324370,68826770,50000000,Enabled,0.536572,0.592249,-0.552861,0.235959,-103.587,139.915,-1731.71,0.192603,4,OK,-103.425,139.864,-1731.88,OK,-142.603,108.371,-1733.72,OK,-131.218,61.0972,-1759.28,OK,-75.9964,95.4565,-1760.86,,365926204,Port:2,0,1773324370,68826770,Enabled,0.93012,0.0309001,0.0355176,0.364227,-87.4622,271.259,-1592.33,0.141363,3,OK,-87.2916,271.326,-1592.34,OK,-128.985,241.311,-1589.58,OK,-130.181,317.583,-1587.06,,365926204,Port:3,0,1773324370,68826770,Missing,,,,,,,,,4,Missing,,,,Missing,,,,Missing,,,,Missing,,,,,365926204,Port:65535,0,1773324370,68826770,Missing,,,,,,,,,2,OK,-40.9268,206.194,-2041.57,OK,-63.8172,219.254,-2295.12,,,,,,,,,,,,,,,,,,,,,,,,
4,,365926207,Port:1,0,1773324370,118826770,50000000,Enabled,0.546104,0.585953,-0.552611,0.230327,-101.701,141.787,-1731.71,0.172831,4,OK,-101.554,141.718,-1731.84,OK,-141.289,110.919,-1732.81,OK,-131.076,63.1381,-1757.89,OK,-75.2836,96.5149,-1760.76,,365926207,Port:2,0,1773324370,118826770,Enabled,0.93012,0.0312245,0.0355547,0.364195,-87.4682,271.257,-1592.34,0.144971,3,OK,-87.2925,271.326,-1592.35,OK,-128.997,241.311,-1589.6,OK,-130.183,317.58,-1587.03,,365926207,Port:3,0,1773324370,118826770,Missing,,,,,,,,,4,Missing,,,,Missing,,,,Missing,,,,Missing,,,,,365926207,Port:65535,0,1773324370,118826770,Missing,,,,,,,,,2,OK,-40.9151,206.216,-2041.59,OK,-63.8165,219.268,-2295.25,,,,,,,,,,,,,,,,,,,,,,,,
4,,365926210,Port:1,0,1773324370,168826770,50000000,Enabled,0.555559,0.576877,-0.556017,0.222288,-99.3684,144.164,-1731.46,0.178436,4,OK,-99.2093,144.117,-1731.62,OK,-139.747,114.351,-1731.76,OK,-131.197,66.0569,-1756.48,OK,-74.5795,97.9068,-1760.3,,365926210,Port:2,0,1773324370,168826770,Enabled,0.930135,0.0304163,0.0354539,0.364236,-87.4613,271.263,-1592.32,0.141787,3,OK,-87.2914,271.331,-1592.33,OK,-128.984,241.313,-1589.57,OK,-130.183,317.593,-1587.11,,365926210,Port:3,0,1773324370,168826770,Missing,,,,,,,,,4,Missing,,,,Missing,,,,Missing,,,,Missing,,,,,365926210,Port:65535,0,1773324370,168826770,Missing,,,,,,,,,2,OK,-40.9086,206.208,-2041.5,OK,-63.8151,219.251,-2295.12,,,,,,,,,,,,,,,,,,,,,,,,
4,,365926213,Port:1,0,1773324370,218826770,50000000,Enabled,0.565367,0.566863,-0.560469,0.211898,-96.5843,146.84,-1731.6,0.181379,4,OK,-96.4242,146.771,-1731.75,OK,-137.919,118.35,-1731.09,OK,-131.232,69.5893,-1755.47,OK,-73.6856,99.5611,-1760.35,,365926213,Port:2,0,1773324370,218826770,Enabled,0.930143,0.0307849,0.0352834,0.364198,-87.4632,271.253,-1592.31,0.144529,3,OK,-87.2874,271.32,-1592.32,OK,-128.993,241.308,-1589.59,OK,-130.184,317.582,-1587.06,,365926213,Port:3,0,1773324370,218826770,Missing,,,,,,,,,4,Missing,,,,Missing,,,,Missing,,,,Missing,,,,,365926213,Port:65535,0,1773324370,218826770,Missing,,,,,,,,,2,OK,-40.9243,206.183,-2041.48,OK,-63.8129,219.26,-2295.12,,,,,,,,,,,,,,,,,,,,,,,,
4,,365926216,Port:1,0,1773324370,268826770,50000000,Enabled,0.576752,0.554595,-0.563337,0.205992,-93.7001,149.92,-1732.58,0.171742,4,OK,-93.5393,149.851,-1732.71,OK,-135.808,122.639,-1731.1,OK,-130.812,73.2413,-1754.58,OK,-72.4768,101.486,-1760.67,,365926216,Port:2,0,1773324370,268826770,Enabled,0.930157,0.0309956,0.0352528,0.364148,-87.4655,271.253,-1592.31,0.139933,3,OK,-87.2953,271.318,-1592.33,OK,-128.994,241.315,-1589.6,OK,-130.179,317.583,-1587.04,,365926216,Port:3,0,1773324370,268826770,Missing,,,,,,,,,4,Missing,,,,Missing,,,,Missing,,,,Missing,,,,,365926216,Port:65535,0,1773324370,268826770,Missing,,,,,,,,,2,OK,-40.9093,206.203,-2041.47,OK,-63.8154,219.275,-2295.05,,,,,,,,,,,,,,,,,,,,,,,,
4,,365926219,Port:1,0,1773324370,318826770,50000000,Enabled,0.583935,0.54505,-0.566909,0.201383,-91.3961,152.304,-1733.63,0.19892,4,OK,-91.2289,152.213,-1733.81,OK,-134.104,125.99,-1731.59,OK,-130.372,76.2639,-1754.52,OK,-71.4573,103.072,-1761.19,,365926219,Port:2,0,1773324370,318826770,Enabled,0.930158,0.0308727,0.0353933,0.364144,-87.465,271.252,-1592.31,0.139897,3,OK,-87.2962,271.32,-1592.33,OK,-128.993,241.315,-1589.58,OK,-130.176,317.582,-1587.05,,365926219,Port:3,0,1773324370,318826770,Missing,,,,,,,,,4,Missing,,,,Missing,,,,Missing,,,,Missing,,,,,365926219,Port:65535,0,1773324370,318826770,Missing,,,,,,,,,2,OK,-40.9171,206.178,-2041.3,OK,-63.8108,219.266,-2294.56,,,,,,,,,,,,,,,,,,,,,,,,
4,,365926222,Port:1,0,1773324370,368826770,50000000,Enabled,0.592565,0.537002,-0.566738,0.19825,-89.3533,154.437,-1734.77,0.194052,4,OK,-89.1863,154.347,-1734.93,OK,-132.461,128.856,-1731.9,OK,-129.764,78.7128,-1754.08,OK,-70.4742,104.474,-1761.78,,365926222,Port:2,0,1773324370,368826770,Enabled,0.930126,0.0309351,0.0354457,0.364214,-87.4634,271.254,-1592.32,0.142657,3,OK,-87.2917,271.323,-1592.33,OK,-128.989,241.307,-1589.58,OK,-130.181,317.577,-1587.05,,365926222,Port:3,0,1773324370,368826770,Missing,,,,,,,,,4,Missing,,,,Missing,,,,Missing,,,,Missing,,,,,365926222,Port:65535,0,1773324370,368826770,Missing,,,,,,,,,2,OK,-40.9056,206.198,-2041.47,OK,-63.7833,219.273,-2294.21,,,,,,,,,,,,,,,,,,,,,,,,
4,,365926225,Port:1,0,1773324370,418826770,50000000,Enabled,0.60182,0.528754,-0.565416,0.196305,-87.2708,156.546,-1736.03,0.204552,4,OK,-87.1134,156.433,-1736.21,OK,-130.691,131.627,-1732.22,OK,-128.937,81.0691,-1753.53,OK,-69.3722,105.857,-1762.32,,365926225,Port:2,0,1773324370,418826770,Enabled,0.930131,0.0308982,0.0355266,0.364196,-87.4621,271.26,-1592.32,0.142754,3,OK,-87.2906,271.33,-1592.33,OK,-128.989,241.314,-1589.58,OK,-130.177,317.585,-1587.05,,365926225,Port:3,0,1773324370,418826770,Missing,,,,,,,,,4,Missing,,,,Missing,,,,Missing,,,,Missing,,,,,365926225,Port:65535,0,1773324370,418826770,Missing,,,,,,,,,2,OK,-40.903,206.189,-2041.5,OK,-63.7713,219.291,-2293.75,,,,,,,,,,,,,,,,,,,,,,,,
4,,365926228,Port:1,0,1773324370,468826770,50000000,Enabled,0.608624,0.520316,-0.567188,0.192735,-84.675,158.576,-1737.14,0.182819,4,OK,-84.5211,158.452,-1737.27,OK,-128.493,134.508,-1732.82,OK,-127.824,83.6587,-1753.4,OK,-67.9007,107.255,-1762.91,,365926228,Port:2,0,1773324370,468826770,Enabled,0.930121,0.0311427,0.0354849,0.364206,-87.4636,271.254,-1592.32,0.145863,3,OK,-87.2888,271.328,-1592.33,OK,-128.995,241.309,-1589.58,OK,-130.177,317.569,-1587.02,,365926228,Port:3,0,1773324370,468826770,Missing,,,,,,,,,4,Missing,,,,Missing,,,,Missing,,,,Missing,,,,,365926228,Port:65535,0,1773324370,468826770,Missing,,,,,,,,,2,OK,-40.9181,206.2,-2041.57,OK,-63.7381,219.287,-2293.27,,,,,,,,,,,,,,,,,,,,,,,,
4,,365926231,Port:1,0,1773324370,518826770,50000000,Enabled,0.61583,0.511252,-0.569104,0.188401,-81.9088,160.716,-1738.44,0.199138,4,OK,-81.7588,160.588,-1738.61,OK,-126.196,137.608,-1733.47,OK,-126.68,86.4954,-1753.47,OK,-66.3382,108.726,-1763.65,,365926231,Port:2,0,1773324370,518826770,Enabled,0.930139,0.0309488,0.0354309,0.364181,-87.4641,271.257,-1592.33,0.146866,3,OK,-87.2845,271.323,-1592.35,OK,-128.995,241.312,-1589.6,OK,-130.183,317.587,-1587.06,,365926231,Port:3,0,1773324370,518826770,Missing,,,,,,,,,4,Missing,,,,Missing,,,,Missing,,,,Missing,,,,,365926231,Port:65535,0,1773324370,518826770,Missing,,,,,,,,,3,OK,-43.821,201.905,-2238.84,OK,-40.9098,206.191,-2041.56,OK,-63.732,219.3,-2292.64,,,,,,,,,,,,,,,,,,,,
4,,365926234,Port:1,0,1773324370,568826770,50000000,Enabled,0.621914,0.501604,-0.572857,0.182899,-78.9656,162.724,-1739.48,0.186313,4,OK,-78.8147,162.595,-1739.62,OK,-123.753,140.726,-1734.13,OK,-125.573,89.4352,-1753.52,OK,-64.7609,110.133,-1764.22,,365926234,Port:2,0,1773324370,568826770,Enabled,0.930169,0.0304812,0.0353962,0.364148,-87.4676,271.257,-1592.32,0.141565,3,OK,-87.2979,271.325,-1592.33,OK,-128.996,241.314,-1589.58,OK,-130.181,317.595,-1587.11,,365926234,Port:3,0,1773324370,568826770,Missing,,,,,,,,,4,Missing,,,,Missing,,,,Missing,,,,Missing,,,,,365926234,Port:65535,0,1773324370,568826770,Missing,,,,,,,,,3,OK,-43.7173,201.893,-2239.64,OK,-40.9072,206.197,-2041.52,OK,-63.6788,219.345,-2290.84,,,,,,,,,,,,,,,,,,,,
4,,365926237,Port:1,0,1773324370,618826770,50000000,Enabled,0.628293,0.493631,-0.574609,0.177202,-76.2091,164.507,-1740.21,0.204685,4,OK,-76.0632,164.376,-1740.39,OK,-121.384,143.475,-1734.25,OK,-124.403,92.0559,-1753.25,OK,-63.2771,111.415,-1764.54,,365926237,Port:2,0,1773324370,618826770,Enabled,0.930131,0.0309176,0.0355183,0.364197,-87.4637,271.254,-1592.33,0.144571,3,OK,-87.2897,271.324,-1592.34,OK,-128.992,241.307,-1589.59,OK,-130.179,317.579,-1587.06,,365926237,Port:3,0,1773324370,618826770,Missing,,,,,,,,,4,Missing,,,,Missing,,,,Missing,,,,Missing,,,,,365926237,Port:65535,0,1773324370,618826770,Missing,,,,,,,,,2,OK,-43.6095,201.894,-2239.49,OK,-40.9127,206.194,-2041.54,,,,,,,,,,,,,,,,,,,,,,,,
4,,365926240,Port:1,0,1773324370,668826770,50000000,Enabled,0.632583,0.488796,-0.576003,0.170699,-73.9715,165.776,-1740.73,0.17377,4,OK,-73.8372,165.659,-1740.86,OK,-119.459,145.535,-1734.39,OK,-123.462,94.0976,-1753.18,OK,-62.0926,112.386,-1765.08,,365926240,Port:2,0,1773324370,668826770,Enabled,0.930138,0.0310346,0.0352665,0.364194,-87.4639,271.26,-1592.33,0.143059,3,OK,-87.2905,271.327,-1592.35,OK,-128.993,241.316,-1589.62,OK,-130.181,317.585,-1587.06,,365926240,Port:3,0,1773324370,668826770,Missing,,,,,,,,,4,Missing,,,,Missing,,,,Missing,,,,Missing,,,,,365926240,Port:65535,0,1773324370,668826770,Missing,,,,,,,,,1,OK,-40.9171,206.201,-2041.49,,,,,,,,,,,,,,,,,,,,,,,,,,,,
4,,365926243,Port:1,0,1773324370,718826770,50000000,Enabled,0.63691,0.483415,-0.576403,0.168568,-72.4537,166.934,-1741.41,0.193087,4,OK,-72.3274,166.805,-1741.58,OK,-118.101,147.219,-1734.66,OK,-122.768,95.7047,-1753.05,OK,-61.2854,113.234,-1765.31,,365926243,Port:2,0,1773324370,718826770,Enabled,0.930152,0.0309995,0.0349675,0.364189,-87.468,271.257,-1592.31,0.142177,3,OK,-87.296,271.324,-1592.32,OK,-128.998,241.313,-1589.62,OK,-130.186,317.584,-1587.05,,365926243,Port:3,0,1773324370,718826770,Missing,,,,,,,,,4,Missing,,,,Missing,,,,Missing,,,,Missing,,,,,365926243,Port:65535,0,1773324370,718826770,Missing,,,,,,,,,1,OK,-40.8994,206.171,-2041.34,,,,,,,,,,,,,,,,,,,,,,,,,,,,
4,,365926246,Port:1,0,1773324370,768826770,50000000,Enabled,0.636478,0.48104,-0.579115,0.167696,-72.2693,167.484,-1741.99,0.200133,4,OK,-72.1345,167.358,-1742.18,OK,-118.073,148.055,-1735.4,OK,-122.992,96.567,-1753.79,OK,-61.3452,113.7,-1765.82,,365926246,Port:2,0,1773324370,768826770,Enabled,0.930152,0.0307651,0.0354423,0.364163,-87.4634,271.253,-1592.32,0.140197,3,OK,-87.2959,271.323,-1592.33,OK,-128.991,241.312,-1589.58,OK,-130.174,317.58,-1587.06,,365926246,Port:3,0,1773324370,768826770,Missing,,,,,,,,,4,Missing,,,,Missing,,,,Missing,,,,Missing,,,,,365926246,Port:65535,0,1773324370,768826770,Missing,,,,,,,,,1,OK,-40.917,206.192,-2041.51,,,,,,,,,,,,,,,,,,,,,,,,,,,,
4,,365926249,Port:1,0,1773324370,818826770,50000000,Enabled,0.634814,0.482115,-0.578823,0.171875,-73.9666,167.374,-1742.3,0.201367,4,OK,-73.826,167.239,-1742.48,OK,-119.659,147.621,-1735.92,OK,-124.096,96.0587,-1754.21,OK,-62.5296,113.637,-1765.96,,365926249,Port:2,0,1773324370,818826770,Enabled,0.930157,0.030888,0.0353869,0.364146,-87.4647,271.248,-1592.29,0.142058,3,OK,-87.2942,271.317,-1592.31,OK,-128.995,241.307,-1589.56,OK,-130.175,317.577,-1587.03,,365926249,Port:3,0,1773324370,818826770,Missing,,,,,,,,,4,Missing,,,,Missing,,,,Missing,,,,Missing,,,,,365926249,Port:65535,0,1773324370,818826770,Missing,,,,,,,,,1,OK,-40.9332,206.195,-2041.48,,,,,,,,,,,,,,,,,,,,,,,,,,,,
4,,365926252,Port:1,0,1773324370,868826770,50000000,Enabled,0.626934,0.489317,-0.578547,0.181126,-77.9467,165.805,-1742.01,0.192527,4,OK,-77.8005,165.666,-1742.17,OK,-123.266,144.971,-1736.47,OK,-126.224,93.4313,-1755.08,OK,-64.9156,112.493,-1765.82,,365926252,Port:2,0,1773324370,868826770,Enabled,0.930148,0.0308972,0.0356294,0.364144,-87.4666,271.257,-1592.34,0.144001,3,OK,-87.2922,271.326,-1592.35,OK,-128.998,241.318,-1589.58,OK,-130.177,317.584,-1587.06,,365926252,Port:3,0,1773324370,868826770,Missing,,,,,,,,,4,Missing,,,,Missing,,,,Missing,,,,Missing,,,,,365926252,Port:65535,0,1773324370,868826770,Missing,,,,,,,,,1,OK,-40.9101,206.214,-2041.7,,,,,,,,,,,,,,,,,,,,,,,,,,,,
4,,365926255,Port:1,0,1773324370,918826770,50000000,Enabled,0.614463,0.502634,-0.575391,0.196775,-83.8263,162.488,-1741.27,0.219671,4,OK,-83.6546,162.356,-1741.46,OK,-128.317,139.66,-1736.86,OK,-128.693,88.2751,-1756.04,OK,-68.0491,110.041,-1765.25,,365926255,Port:2,0,1773324370,918826770,Enabled,0.930121,0.0310144,0.0354982,0.364216,-87.4663,271.26,-1592.34,0.144782,3,OK,-87.2933,271.331,-1592.36,OK,-128.994,241.308,-1589.61,OK,-130.182,317.584,-1587.06,,365926255,Port:3,0,1773324370,918826770,Missing,,,,,,,,,4,Missing,,,,Missing,,,,Missing,,,,Missing,,,,,365926255,Port:65535,0,1773324370,918826770,Missing,,,,,,,,,2,OK,-40.9258,206.197,-2041.46,OK,-63.7118,219.285,-2292.39,,,,,,,,,,,,,,,,,,,,,,,,
4,,365926258,Port:1,0,1773324370,968826770,50000000,Enabled,0.602355,0.522638,-0.563373,0.215937,-90.1735,157.847,-1740.1,0.199201,4,OK,-89.9942,157.74,-1740.25,OK,-133.183,132.22,-1736.41,OK,-130.082,81.0867,-1756.05,OK,-70.8468,106.735,-1764.44,,365926258,Port:2,0,1773324370,968826770,Enabled,0.930136,0.0307379,0.0355436,0.364196,-87.465,271.256,-1592.32,0.140483,3,OK,-87.2957,271.322,-1592.34,OK,-128.988,241.31,-1589.57,OK,-130.181,317.586,-1587.07,,365926258,Port:3,0,1773324370,968826770,Missing,,,,,,,,,4,Missing,,,,Missing,,,,Missing,,,,Missing,,,,,365926258,Port:65535,0,1773324370,968826770,Missing,,,,,,,,,2,OK,-40.9094,206.203,-2041.48,OK,-63.7597,219.298,-2293.92,,,,,,,,,,,,,,,,,,,,,,,,
4,,365926261,Port:1,0,1773324371,18826771,50000001,Enabled,0.586735,0.545903,-0.548936,0.237487,-96.4773,151.975,-1738.89,0.201835,4,OK,-96.3043,151.889,-1739.07,OK,-137.503,123.195,-1736.08,OK,-130.391,72.7168,-1756.42,OK,-73.1231,102.769,-1763.64,,365926261,Port:2,0,1773324371,18826771,Enabled,0.930175,0.030762,0.034811,0.364165,-87.4599,271.257,-1592.29,0.14044,3,OK,-87.2878,271.32,-1592.3,OK,-128.991,241.32,-1589.61,OK,-130.181,317.59,-1587.07,,365926261,Port:3,0,1773324371,18826771,Missing,,,,,,,,,4,Missing,,,,Missing,,,,Missing,,,,Missing,,,,,365926261,Port:65535,0,1773324371,18826771,Missing,,,,,,,,,2,OK,-40.9089,206.197,-2041.67,OK,-63.8125,219.263,-2294.89,,,,,,,,,,,,,,,,,,,,,,,,
4,,365926264,Port:1,0,1773324371,68826771,50000000,Enabled,0.576085,0.563739,-0.531987,0.25945,-101.766,146.961,-1738.59,0.218942,4,OK,-101.607,146.905,-1738.81,OK,-140.729,115.436,-1736.01,OK,-130.007,65.5602,-1756.43,OK,-74.8829,99.4699,-1763.15,,365926264,Port:2,0,1773324371,68826771,Enabled,0.93013,0.0310428,0.0353863,0.364202,-87.4662,271.254,-1592.33,0.142479,3,OK,-87.2953,271.322,-1592.35,OK,-128.993,241.305,-1589.61,OK,-130.182,317.58,-1587.05,,365926264,Port:3,0,1773324371,68826771,Missing,,,,,,,,,4,Missing,,,,Missing,,,,Missing,,,,Missing,,,,,365926264,Port:65535,0,1773324371,68826771,Missing,,,,,,,,,2,OK,-40.9113,206.195,-2041.5,OK,-63.82,219.258,-2295.12,,,,,,,,,,,,,,,,,,,,,,,,
4,,365926267,Port:1,0,1773324371,118826771,50000000,Enabled,0.567904,0.571607,-0.524761,0.274549,-105.237,143.834,-1738.82,0.242245,4,OK,-105.055,143.77,-1739.06,OK,-143,110.827,-1736.7,OK,-130.12,61.4078,-1756.89,OK,-76.2503,97.3959,-1762.91,,365926267,Port:2,0,1773324371,118826771,Enabled,0.930128,0.0309167,0.0355913,0.364198,-87.4653,271.255,-1592.33,0.142675,3,OK,-87.2928,271.322,-1592.34,OK,-128.991,241.309,-1589.58,OK,-130.181,317.581,-1587.05,,365926267,Port:3,0,1773324371,118826771,Missing,,,,,,,,,4,Missing,,,,Missing,,,,Missing,,,,Missing,,,,,365926267,Port:65535,0,1773324371,118826771,Missing,,,,,,,,,2,OK,-40.9006,206.191,-2041.41,OK,-63.8325,219.27,-2295.16,,,,,,,,,,,,,,,,,,,,,,,,
4,,365926270,Port:1,0,1773324371,168826771,50000000,Enabled,0.564328,0.573524,-0.524014,0.279309,-106.739,142.743,-1738.91,0.221752,4,OK,-106.563,142.681,-1739.13,OK,-144.18,109.364,-1737.11,OK,-130.641,60.0717,-1757.22,OK,-77.0936,96.6178,-1762.85,,365926270,Port:2,0,1773324371,168826771,Enabled,0.930135,0.0310567,0.0352816,0.364197,-87.4638,271.259,-1592.33,0.143206,3,OK,-87.2916,271.328,-1592.35,OK,-128.992,241.312,-1589.62,OK,-130.18,317.584,-1587.05,,365926270,Port:3,0,1773324371,168826771,Missing,,,,,,,,,4,Missing,,,,Missing,,,,Missing,,,,Missing,,,,,365926270,Port:65535,0,1773324371,168826771,Missing,,,,,,,,,2,OK,-40.9133,206.185,-2041.49,OK,-63.8142,219.261,-2295.15,,,,,,,,,,,,,,,,,,,,,,,,
4,,365926273,Port:1,0,1773324371,218826771,50000000,Enabled,0.562209,0.575519,-0.524088,0.27934,-107.03,142.187,-1738.61,0.227949,4,OK,-106.857,142.121,-1738.84,OK,-144.37,108.676,-1737.01,OK,-130.638,59.5413,-1757.34,OK,-77.2029,96.2643,-1762.73,,365926273,Port:2,0,1773324371,218826771,Enabled,0.930136,0.0308079,0.0357784,0.364167,-87.4672,271.252,-1592.34,0.144739,3,OK,-87.291,271.318,-1592.36,OK,-128.995,241.308,-1589.57,OK,-130.182,317.584,-1587.07,,365926273,Port:3,0,1773324371,218826771,Missing,,,,,,,,,4,Missing,,,,Missing,,,,Missing,,,,Missing,,,,,365926273,Port:65535,0,1773324371,218826771,Missing,,,,,,,,,2,OK,-40.9143,206.193,-2041.51,OK,-63.8306,219.265,-2295.17,,,,,,,,,,,,,,,,,,,,,,,,
4,,365926276,Port:1,0,1773324371,268826771,50000000,Enabled,0.561661,0.576241,-0.523254,0.280515,-106.881,142.042,-1738.52,0.22688,4,OK,-106.706,141.988,-1738.74,OK,-144.105,108.403,-1736.92,OK,-130.205,59.3088,-1757.24,OK,-76.8914,96.2133,-1762.6,,365926276,Port:2,0,1773324371,268826771,Enabled,0.930164,0.0309606,0.0349203,0.364166,-87.4593,271.254,-1592.3,0.14236,3,OK,-87.2841,271.317,-1592.32,OK,-128.992,241.317,-1589.62,OK,-130.179,317.581,-1587.05,,365926276,Port:3,0,1773324371,268826771,Missing,,,,,,,,,4,Missing,,,,Missing,,,,Missing,,,,Missing,,,,,365926276,Port:65535,0,1773324371,268826771,Missing,,,,,,,,,2,OK,-40.9106,206.206,-2041.58,OK,-63.813,219.267,-2295.24,,,,,,,,,,,,,,,,,,,,,,,,
4,,365926279,Port:1,0,1773324371,318826771,50000000,Enabled,0.56306,0.575454,-0.523933,0.278047,-105.935,142.606,-1738.57,0.214493,4,OK,-105.76,142.551,-1738.77,OK,-143.332,109.171,-1736.89,OK,-129.74,59.9916,-1757.24,OK,-76.2557,96.6343,-1762.78,,365926279,Port:2,0,1773324371,318826771,Enabled,0.930157,0.0309623,0.0350467,0.364173,-87.4668,271.257,-1592.32,0.144865,3,OK,-87.2911,271.325,-1592.33,OK,-129,241.314,-1589.62,OK,-130.184,317.585,-1587.06,,365926279,Port:3,0,1773324371,318826771,Missing,,,,,,,,,4,Missing,,,,Missing,,,,Missing,,,,Missing,,,,,365926279,Port:65535,0,1773324371,318826771,Missing,,,,,,,,,2,OK,-40.9216,206.193,-2041.48,OK,-63.8087,219.263,-2295.13,,,,,,,,,,,,,,,,,,,,,,,,
4,,365926282,Port:1,0,1773324371,368826771,50000000,Enabled,0.564139,0.572709,-0.527343,0.275066,-104.899,143.521,-1738.69,0.256638,4,OK,-104.722,143.462,-1738.95,OK,-142.639,110.476,-1737.01,OK,-129.58,61.1888,-1757.49,OK,-75.7109,97.2555,-1762.86,,365926282,Port:2,0,1773324371,368826771,Enabled,0.930118,0.0310441,0.0358938,0.364182,-87.4691,271.255,-1592.34,0.1442,3,OK,-87.2942,271.322,-1592.36,OK,-128.994,241.309,-1589.57,OK,-130.182,317.582,-1587.04,,365926282,Port:3,0,1773324371,368826771,Missing,,,,,,,,,4,Missing,,,,Missing,,,,Missing,,,,Missing,,,,,365926282,Port:65535,0,1773324371,368826771,Missing,,,,,,,,,2,OK,-40.9093,206.178,-2041.49,OK,-63.8313,219.268,-2295.26,,,,,,,,,,,,,,,,,,,,,,,,
4,,365926285,Port:1,0,1773324371,418826771,50000000,Enabled,0.564882,0.57139,-0.529767,0.271603,-104.17,144.108,-1738.78,0.225623,4,OK,-103.996,144.052,-1739,OK,-142.193,111.38,-1737.18,OK,-129.575,62.0378,-1757.73,OK,-75.3939,97.6577,-1763.15,,365926285,Port:2,0,1773324371,418826771,Enabled,0.930114,0.0308044,0.0358651,0.364216,-87.468,271.256,-1592.34,0.14491,3,OK,-87.2954,271.328,-1592.35,OK,-128.993,241.303,-1589.56,OK,-130.183,317.582,-1587.07,,365926285,Port:3,0,1773324371,418826771,Missing,,,,,,,,,4,Missing,,,,Missing,,,,Missing,,,,Missing,,,,,365926285,Port:65535,0,1773324371,418826771,Missing,,,,,,,,,2,OK,-40.9154,206.191,-2041.47,OK,-63.7965,219.269,-2295.12,,,,,,,,,,,,,,,,,,,,,,,,
4,,365926288,Port:1,0,1773324371,468826771,50000000,Enabled,0.565682,0.57059,-0.530161,0.270851,-103.831,144.354,-1738.77,0.224774,4,OK,-103.653,144.289,-1738.98,OK,-141.944,111.729,-1737.12,OK,-129.456,62.3367,-1757.62,OK,-75.2012,97.8106,-1763.12,,365926288,Port:2,0,1773324371,468826771,Enabled,0.930126,0.03079,0.0356975,0.364203,-87.4685,271.261,-1592.34,0.144368,3,OK,-87.2951,271.331,-1592.35,OK,-128.994,241.312,-1589.57,OK,-130.185,317.59,-1587.07,,365926288,Port:3,0,1773324371,468826771,Missing,,,,,,,,,4,Missing,,,,Missing,,,,Missing,,,,Missing,,,,,365926288,Port:65535,0,1773324371,468826771,Missing,,,,,,,,,2,OK,-40.9185,206.185,-2041.48,OK,-63.809,219.251,-2295.09,,,,,,,,,,,,,,,,,,,,,,,,
4,,365926291,Port:1,0,1773324371,518826771,50000000,Enabled,0.566224,0.570592,-0.530431,0.269179,-103.508,144.428,-1738.6,0.201235,4,OK,-103.341,144.37,-1738.78,OK,-141.701,111.906,-1736.93,OK,-129.377,62.4942,-1757.48,OK,-75.0367,97.8351,-1763.1,,365926291,Port:2,0,1773324371,518826771,Enabled,0.930148,0.031009,0.0352803,0.364169,-87.4685,271.255,-1592.32,0.140477,3,OK,-87.2975,271.321,-1592.33,OK,-128.996,241.316,-1589.6,OK,-130.183,317.583,-1587.04,,365926291,Port:3,0,1773324371,518826771,Missing,,,,,,,,,4,Missing,,,,Missing,,,,Missing,,,,Missing,,,,,365926291,Port:65535,0,1773324371,518826771,Missing,,,,,,,,,2,OK,-40.9127,206.212,-2041.48,OK,-63.8022,219.271,-2295.29,,,,,,,,,,,,,,,,,,,,,,,,
4,,365926294,Port:1,0,1773324371,568826771,50000000,Enabled,0.567566,0.569207,-0.529997,0.27014,-103.296,144.538,-1738.84,0.215842,4,OK,-103.121,144.474,-1739.05,OK,-141.498,112.031,-1737.03,OK,-129.231,62.542,-1757.37,OK,-74.857,97.8387,-1763.13,,365926294,Port:2,0,1773324371,568826771,Enabled,0.930128,0.0308357,0.0357143,0.364191,-87.4627,271.254,-1592.31,0.145118,3,OK,-87.2875,271.323,-1592.32,OK,-128.99,241.307,-1589.55,OK,-130.178,317.583,-1587.04,,365926294,Port:3,0,1773324371,568826771,Missing,,,,,,,,,4,Missing,,,,Missing,,,,Missing,,,,Missing,,,,,365926294,Port:65535,0,1773324371,568826771,Missing,,,,,,,,,2,OK,-40.9302,206.205,-2041.47,OK,-63.8193,219.252,-2295.18,,,,,,,,,,,,,,,,,,,,,,,,
4,,365926297,Port:1,0,1773324371,618826771,50000000,Enabled,0.567898,0.569803,-0.529186,0.269776,-103.311,144.351,-1738.9,0.22904,4,OK,-103.145,144.281,-1739.13,OK,-141.482,111.815,-1736.98,OK,-129.194,62.3431,-1757.42,OK,-74.8746,97.6755,-1763.24,,365926297,Port:2,0,1773324371,618826771,Enabled,0.930134,0.0308192,0.0354705,0.3642,-87.4663,271.255,-1592.32,0.144892,3,OK,-87.2917,271.325,-1592.33,OK,-128.995,241.308,-1589.58,OK,-130.183,317.581,-1587.06,,365926297,Port:3,0,1773324371,618826771,Missing,,,,,,,,,4,Missing,,,,Missing,,,,Missing,,,,Missing,,,,,365926297,Port:65535,0,1773324371,618826771,Missing,,,,,,,,,2,OK,-40.9103,206.191,-2041.48,OK,-63.8285,219.248,-2295.05,,,,,,,,,,,,,,,,,,,,,,,,
4,,365926300,Port:1,0,1773324371,668826771,50000000,Enabled,0.568608,0.570257,-0.527749,0.270137,-103.309,144.182,-1738.74,0.231375,4,OK,-103.13,144.116,-1738.96,OK,-141.388,111.562,-1736.7,OK,-129.061,62.0779,-1757.08,OK,-74.853,97.5478,-1763.06,,365926300,Port:2,0,1773324371,668826771,Enabled,0.930147,0.0308136,0.035377,0.364178,-87.4636,271.255,-1592.31,0.142346,3,OK,-87.2938,271.324,-1592.32,OK,-128.991,241.307,-1589.58,OK,-130.178,317.589,-1587.05,,365926300,Port:3,0,1773324371,668826771,Missing,,,,,,,,,4,Missing,,,,Missing,,,,Missing,,,,Missing,,,,,365926300,Port:65535,0,1773324371,668826771,Missing,,,,,,,,,2,OK,-40.9177,206.196,-2041.44,OK,-63.8229,219.274,-2295.31,,,,,,,,,,,,,,,,,,,,,,,,
4,,365926303,Port:1,0,1773324371,718826771,50000000,Enabled,0.568563,0.570487,-0.527877,0.269491,-103.295,144.16,-1738.74,0.206425,4,OK,-103.116,144.084,-1738.92,OK,-141.424,111.557,-1736.76,OK,-129.102,62.1137,-1757.11,OK,-74.8612,97.5252,-1763.19,,365926303,Port:2,0,1773324371,718826771,Enabled,0.930133,0.0308225,0.0355183,0.3642,-87.4664,271.257,-1592.33,0.142024,3,OK,-87.2941,271.324,-1592.35,OK,-128.992,241.314,-1589.59,OK,-130.184,317.584,-1587.07,,365926303,Port:3,0,1773324371,718826771,Missing,,,,,,,,,4,Missing,,,,Missing,,,,Missing,,,,Missing,,,,,365926303,Port:65535,0,1773324371,718826771,Missing,,,,,,,,,2,OK,-40.9169,206.193,-2041.47,OK,-63.7943,219.263,-2295.11,,,,,,,,,,,,,,,,,,,,,,,,
4,,365926306,Port:1,0,1773324371,768826771,50000000,Enabled,0.569247,0.57013,-0.527909,0.268741,-103.173,144.392,-1738.9,0.227915,4,OK,-103.004,144.334,-1739.13,OK,-141.343,111.855,-1736.8,OK,-129.149,62.3679,-1757.25,OK,-74.837,97.6937,-1763.33,,365926306,Port:2,0,1773324371,768826771,Enabled,0.930146,0.0309522,0.0351582,0.364191,-87.4659,271.256,-1592.31,0.141555,3,OK,-87.2928,271.319,-1592.33,OK,-128.993,241.313,-1589.61,OK,-130.186,317.587,-1587.05,,365926306,Port:3,0,1773324371,768826771,Missing,,,,,,,,,4,Missing,,,,Missing,,,,Missing,,,,Missing,,,,,365926306,Port:65535,0,1773324371,768826771,Missing,,,,,,,,,2,OK,-40.9118,206.203,-2041.44,OK,-63.8307,219.267,-2295.14,,,,,,,,,,,,,,,,,,,,,,,,
4,,365926309,Port:1,0,1773324371,818826771,50000000,Enabled,0.569126,0.568514,-0.529243,0.269796,-102.996,144.651,-1739.14,0.229802,4,OK,-102.819,144.58,-1739.37,OK,-141.219,112.183,-1737.13,OK,-129.066,62.6442,-1757.41,OK,-74.6882,97.8617,-1763.36,,365926309,Port:2,0,1773324371,818826771,Enabled,0.930149,0.0309514,0.0350051,0.364197,-87.4649,271.255,-1592.29,0.140741,3,OK,-87.2952,271.322,-1592.31,OK,-128.993,241.311,-1589.6,OK,-130.183,317.58,-1587.04,,365926309,Port:3,0,1773324371,818826771,Missing,,,,,,,,,4,Missing,,,,Missing,,,,Missing,,,,Missing,,,,,365926309,Port:65535,0,1773324371,818826771,Missing,,,,,,,,,2,OK,-40.9258,206.197,-2041.46,OK,-63.808,219.258,-2295.2,,,,,,,,,,,,,,,,,,,,,,,,
4,,365926312,Port:1,0,1773324371,868826771,50000000,Enabled,0.568745,0.569146,-0.530804,0.266173,-102.265,144.686,-1738.82,0.204371,4,OK,-102.096,144.629,-1739.01,OK,-140.65,112.417,-1736.93,OK,-128.777,62.9052,-1757.49,OK,-74.2457,97.8797,-1763.4,,365926312,Port:2,0,1773324371,868826771,Enabled,0.930132,0.0309364,0.0356143,0.364183,-87.4651,271.258,-1592.34,0.144155,3,OK,-87.2901,271.325,-1592.35,OK,-128.993,241.314,-1589.59,OK,-130.18,317.585,-1587.06,,365926312,Port:3,0,1773324371,868826771,Missing,,,,,,,,,4,Missing,,,,Missing,,,,Missing,,,,Missing,,,,,365926312,Port:65535,0,1773324371,868826771,Missing,,,,,,,,,2,OK,-40.9174,206.202,-2041.48,OK,-63.8169,219.269,-2295.19,,,,,,,,,,,,,,,,,,,,,,,,
4,,365926315,Port:1,0,1773324371,918826771,50000000,Enabled,0.569617,0.568697,-0.530691,0.265494,-101.437,144.815,-1738.66,0.226625,4,OK,-101.27,144.761,-1738.89,OK,-139.866,112.601,-1736.65,OK,-128.111,63.0674,-1757.25,OK,-73.5333,97.9429,-1763.22,,365926315,Port:2,0,1773324371,918826771,Enabled,0.930157,0.030788,0.0350668,0.364186,-87.4668,271.251,-1592.29,0.140228,3,OK,-87.2988,271.321,-1592.31,OK,-128.996,241.309,-1589.59,OK,-130.182,317.576,-1587.06,,365926315,Port:3,0,1773324371,918826771,Missing,,,,,,,,,4,Missing,,,,Missing,,,,Missing,,,,Missing,,,,,365926315,Port:65535,0,1773324371,918826771,Missing,,,,,,,,,2,OK,-40.9109,206.194,-2041.61,OK,-63.8186,219.258,-2295.19,,,,,,,,,,,,,,,,,,,,,,,,
4,,365926318,Port:1,0,1773324371,968826771,50000000,Enabled,0.569999,0.567658,-0.531505,0.265269,-100.738,145.212,-1738.4,0.211679,4,OK,-100.567,145.15,-1738.61,OK,-139.252,113.099,-1736.42,OK,-127.602,63.5094,-1756.91,OK,-72.9272,98.2548,-1762.92,,365926318,Port:2,0,1773324371,968826771,Enabled,0.930183,0.0305315,0.0349384,0.364153,-87.4646,271.255,-1592.29,0.140809,3,OK,-87.2947,271.32,-1592.31,OK,-128.996,241.314,-1589.6,OK,-130.182,317.591,-1587.09,,365926318,Port:3,0,1773324371,968826771,Missing,,,,,,,,,4,Missing,,,,Missing,,,,Missing,,,,Missing,,,,,365926318,Port:65535,0,1773324371,968826771,Missing,,,,,,,,,2,OK,-40.9084,206.204,-2041.55,OK,-63.8415,219.268,-2295.28,,,,,,,,,,,,,,,,,,,,,,,,
4,,365926321,Port:1,0,1773324372,18826765,49999994,Enabled,0.571068,0.568463,-0.530639,0.262971,-99.9111,145.419,-1737.43,0.209623,4,OK,-99.7427,145.353,-1737.63,OK,-138.468,113.359,-1735.3,OK,-126.975,63.7865,-1755.93,OK,-72.2858,98.4615,-1762.17,,365926321,Port:2,0,1773324372,18826765,Enabled,0.930107,0.0309417,0.035961,0.364212,-87.4681,271.261,-1592.35,0.14259,3,OK,-87.2965,271.329,-1592.37,OK,-128.99,241.312,-1589.57,OK,-130.183,317.587,-1587.06,,365926321,Port:3,0,1773324372,18826765,Missing,,,,,,,,,4,Missing,,,,Missing,,,,Missing,,,,Missing,,,,,365926321,Port:65535,0,1773324372,18826765,Missing,,,,,,,,,2,OK,-40.9204,206.202,-2041.53,OK,-63.8176,219.25,-2295,,,,,,,,,,,,,,,,,,,,,,,,
4,,365926324,Port:1,0,1773324372,68826765,50000000,Enabled,0.572333,0.569037,-0.529262,0.261752,-99.2054,145.521,-1737.11,0.247759,4,OK,-99.0378,145.459,-1737.36,OK,-137.755,113.449,-1734.73,OK,-126.348,63.8888,-1755.51,OK,-71.6788,98.5579,-1761.93,,365926324,Port:2,0,1773324372,68826765,Enabled,0.930181,0.0305583,0.0350232,0.364146,-87.4638,271.252,-1592.28,0.142555,3,OK,-87.289,271.315,-1592.29,OK,-128.996,241.315,-1589.58,OK,-130.183,317.588,-1587.07,,365926324,Port:3,0,1773324372,68826765,Missing,,,,,,,,,4,Missing,,,,Missing,,,,Missing,,,,Missing,,,,,365926324,Port:65535,0,1773324372,68826765,Missing,,,,,,,,,2,OK,-40.9173,206.193,-2041.46,OK,-63.8222,219.261,-2295.15,,,,,,,,,,,,,,,,,,,,,,,,
4,,365926327,Port:1,0,1773324372,118826766,50000001,Enabled,0.571269,0.567465,-0.532015,0.261906,-98.7915,145.88,-1737.94,0.223696,4,OK,-98.6222,145.805,-1738.16,OK,-137.488,113.969,-1735.84,OK,-126.169,64.3706,-1756.51,OK,-71.3202,98.8289,-1762.68,,365926327,Port:2,0,1773324372,118826766,Enabled,0.930146,0.0309428,0.0353318,0.364174,-87.4644,271.249,-1592.3,0.141367,3,OK,-87.2934,271.316,-1592.31,OK,-128.992,241.307,-1589.57,OK,-130.179,317.578,-1587.03,,365926327,Port:3,0,1773324372,118826766,Missing,,,,,,,,,4,Missing,,,,Missing,,,,Missing,,,,Missing,,,,,365926327,Port:65535,0,1773324372,118826766,Missing,,,,,,,,,2,OK,-40.9128,206.198,-2041.55,OK,-63.8034,219.267,-2295.19,,,,,,,,,,,,,,,,,,,,,,,,
4,,365926330,Port:1,0,1773324372,168826765,49999999,Enabled,0.571973,0.563954,-0.534236,0.263428,-98.7146,146.689,-1739.39,0.227136,4,OK,-98.531,146.617,-1739.61,OK,-137.571,114.973,-1737.34,OK,-126.396,65.2059,-1757.68,OK,-71.3571,99.3884,-1763.73,,365926330,Port:2,0,1773324372,168826765,Enabled,0.930149,0.0306302,0.0353097,0.364195,-87.4629,271.256,-1592.31,0.140195,3,OK,-87.2946,271.322,-1592.32,OK,-128.987,241.308,-1589.58,OK,-130.181,317.59,-1587.08,,365926330,Port:3,0,1773324372,168826765,Missing,,,,,,,,,4,Missing,,,,Missing,,,,Missing,,,,Missing,,,,,365926330,Port:65535,0,1773324372,168826765,Missing,,,,,,,,,2,OK,-40.9166,206.199,-2041.61,OK,-63.8029,219.269,-2295.19,,,,,,,,,,,,,,,,,,,,,,,,
4,,365926333,Port:1,0,1773324372,218826765,50000000,Enabled,0.571147,0.563346,-0.535763,0.26342,-98.9994,146.897,-1740.04,0.226403,4,OK,-98.8293,146.829,-1740.27,OK,-137.918,115.253,-1738.12,OK,-126.787,65.4985,-1758.51,OK,-71.6527,99.5564,-1764.35,,365926333,Port:2,0,1773324372,218826765,Enabled,0.930171,0.0309042,0.0350107,0.364145,-87.465,271.25,-1592.31,0.141427,3,OK,-87.2919,271.313,-1592.32,OK,-128.997,241.312,-1589.61,OK,-130.181,317.582,-1587.06,,365926333,Port:3,0,1773324372,218826765,Missing,,,,,,,,,4,Missing,,,,Missing,,,,Missing,,,,Missing,,,,,365926333,Port:65535,0,1773324372,218826765,Missing,,,,,,,,,2,OK,-40.9148,206.191,-2041.41,OK,-63.8039,219.256,-2295.08,,,,,,,,,,,,,,,,,,,,,,,,
4,,365926336,Port:1,0,1773324372,268826765,50000000,Enabled,0.57116,0.564577,-0.534337,0.263652,-99.3498,146.972,-1740.12,0.220938,4,OK,-99.1842,146.909,-1740.34,OK,-138.153,115.208,-1738.13,OK,-126.911,65.4869,-1758.56,OK,-71.9134,99.7233,-1764.49,,365926336,Port:2,0,1773324372,268826765,Enabled,0.930157,0.0307308,0.0351814,0.364177,-87.4612,271.255,-1592.31,0.144403,3,OK,-87.2861,271.322,-1592.32,OK,-128.993,241.312,-1589.6,OK,-130.18,317.585,-1587.07,,365926336,Port:3,0,1773324372,268826765,Missing,,,,,,,,,4,Missing,,,,Missing,,,,Missing,,,,Missing,,,,,365926336,Port:65535,0,1773324372,268826765,Missing,,,,,,,,,2,OK,-40.9064,206.188,-2041.51,OK,-63.8185,219.277,-2295.33,,,,,,,,,,,,,,,,,,,,,,,,
4,,365926339,Port:1,0,1773324372,318826765,50000000,Enabled,0.570846,0.564918,-0.535707,0.260808,-99.5122,147.372,-1740.15,0.222221,4,OK,-99.3426,147.307,-1740.37,OK,-138.462,115.771,-1738.25,OK,-127.446,66.083,-1758.92,OK,-72.305,100.117,-1764.79,,365926339,Port:2,0,1773324372,318826765,Enabled,0.930104,0.0313181,0.0357798,0.364206,-87.4711,271.264,-1592.37,0.144414,3,OK,-87.2963,271.334,-1592.39,OK,-128.997,241.318,-1589.61,OK,-130.184,317.583,-1587.04,,365926339,Port:3,0,1773324372,318826765,Missing,,,,,,,,,4,Missing,,,,Missing,,,,Missing,,,,Missing,,,,,365926339,Port:65535,0,1773324372,318826765,Missing,,,,,,,,,2,OK,-40.9032,206.2,-2041.6,OK,-63.817,219.277,-2295.22,,,,,,,,,,,,,,,,,,,,,,,,
4,,365926342,Port:1,0,1773324372,368826766,50000001,Enabled,0.571048,0.564582,-0.535888,0.260721,-99.4549,147.742,-1740.08,0.225956,4,OK,-99.2834,147.663,-1740.3,OK,-138.443,116.164,-1738.17,OK,-127.453,66.4846,-1758.8,OK,-72.2681,100.462,-1764.7,,365926342,Port:2,0,1773324372,368826766,Enabled,0.930174,0.0307977,0.0349426,0.364153,-87.4694,271.257,-1592.31,0.143242,3,OK,-87.2973,271.325,-1592.32,OK,-129.003,241.313,-1589.62,OK,-130.185,317.592,-1587.07,,365926342,Port:3,0,1773324372,368826766,Missing,,,,,,,,,4,Missing,,,,Missing,,,,Missing,,,,Missing,,,,,365926342,Port:65535,0,1773324372,368826766,Missing,,,,,,,,,2,OK,-40.9139,206.197,-2041.48,OK,-63.805,219.256,-2295.12,,,,,,,,,,,,,,,,,,,,,,,,
4,,365926345,Port:1,0,1773324372,418826765,49999999,Enabled,0.570727,0.564671,-0.537436,0.258029,-99.2861,147.529,-1739.67,0.226617,4,OK,-99.1101,147.447,-1739.89,OK,-138.399,116.113,-1737.86,OK,-127.671,66.4817,-1758.69,OK,-72.3627,100.237,-1764.5,,365926345,Port:2,0,1773324372,418826765,Enabled,0.930187,0.0307616,0.0346725,0.364147,-87.4671,271.25,-1592.3,0.139578,3,OK,-87.2972,271.314,-1592.32,OK,-128.999,241.313,-1589.64,OK,-130.185,317.585,-1587.09,,365926345,Port:3,0,1773324372,418826765,Missing,,,,,,,,,4,Missing,,,,Missing,,,,Missing,,,,Missing,,,,,365926345,Port:65535,0,1773324372,418826765,Missing,,,,,,,,,2,OK,-40.9045,206.198,-2041.59,OK,-63.823,219.265,-2295.18,,,,,,,,,,,,,,,,,,,,,,,,
4,,365926348,Port:1,0,1773324372,468826765,50000000,Enabled,0.568894,0.56669,-0.53704,0.258477,-99.7451,146.503,-1739.15,0.200583,4,OK,-99.5749,146.447,-1739.34,OK,-138.745,114.94,-1737.52,OK,-127.772,65.3906,-1758.5,OK,-72.5941,99.3887,-1764.16,,365926348,Port:2,0,1773324372,468826765,Enabled,0.930135,0.0310814,0.0355272,0.364172,-87.4702,271.261,-1592.35,0.143329,3,OK,-87.2989,271.334,-1592.36,OK,-129,241.318,-1589.61,OK,-130.179,317.581,-1587.06,,365926348,Port:3,0,1773324372,468826765,Missing,,,,,,,,,4,Missing,,,,Missing,,,,Missing,,,,Missing,,,,,365926348,Port:65535,0,1773324372,468826765,Missing,,,,,,,,,2,OK,-40.8948,206.193,-2041.56,OK,-63.8014,219.26,-2295.15,,,,,,,,,,,,,,,,,,,,,,,,
4,,365926351,Port:1,0,1773324372,518826765,50000000,Enabled,0.568657,0.56871,-0.534617,0.259583,-100.237,145.561,-1738.84,0.245858,4,OK,-100.065,145.491,-1739.09,OK,-139.012,113.735,-1737.06,OK,-127.813,64.29,-1758.17,OK,-72.8549,98.6442,-1763.86,,365926351,Port:2,0,1773324372,518826765,Enabled,0.930152,0.0306084,0.035167,0.364202,-87.4616,271.256,-1592.3,0.140939,3,OK,-87.291,271.32,-1592.31,OK,-128.987,241.31,-1589.58,OK,-130.183,317.589,-1587.08,,365926351,Port:3,0,1773324372,518826765,Missing,,,,,,,,,4,Missing,,,,Missing,,,,Missing,,,,Missing,,,,,365926351,Port:65535,0,1773324372,518826765,Missing,,,,,,,,,2,OK,-40.9311,206.2,-2041.45,OK,-63.8154,219.265,-2295.13,,,,,,,,,,,,,,,,,,,,,,,,
4,,365926354,Port:1,0,1773324372,568826765,50000000,Enabled,0.567811,0.568432,-0.535335,0.260562,-100.54,145.578,-1739.35,0.235644,4,OK,-100.36,145.518,-1739.58,OK,-139.32,113.739,-1737.7,OK,-128.019,64.2855,-1758.75,OK,-73.0581,98.6674,-1764.3,,365926354,Port:2,0,1773324372,568826765,Enabled,0.930125,0.0309334,0.0356706,0.364194,-87.4678,271.257,-1592.33,0.140862,3,OK,-87.2981,271.325,-1592.34,OK,-128.991,241.312,-1589.57,OK,-130.182,317.583,-1587.05,,365926354,Port:3,0,1773324372,568826765,Missing,,,,,,,,,4,Missing,,,,Missing,,,,Missing,,,,Missing,,,,,365926354,Port:65535,0,1773324372,568826765,Missing,,,,,,,,,2,OK,-40.9197,206.215,-2041.57,OK,-63.8092,219.264,-2295.18,,,,,,,,,,,,,,,,,,,,,,,,
4,,365926357,Port:1,0,1773324372,618826766,50000001,Enabled,0.568287,0.567457,-0.536152,0.259966,-99.9935,146.322,-1739.58,0.204956,4,OK,-99.8185,146.258,-1739.77,OK,-138.861,114.6,-1737.98,OK,-127.703,65.0963,-1758.9,OK,-72.6431,99.3168,-1764.54,,365926357,Port:2,0,1773324372,618826766,Enabled,0.930122,0.0310405,0.0355369,0.364206,-87.4677,271.261,-1592.35,0.147967,3,OK,-87.2897,271.333,-1592.36,OK,-128.999,241.312,-1589.61,OK,-130.184,317.583,-1587.06,,365926357,Port:3,0,1773324372,618826766,Missing,,,,,,,,,4,Missing,,,,Missing,,,,Missing,,,,Missing,,,,,365926357,Port:65535,0,1773324372,618826766,Missing,,,,,,,,,2,OK,-40.9012,206.176,-2041.4,OK,-63.8111,219.278,-2295.22,,,,,,,,,,,,,,,,,,,,,,,,
4,,365926360,Port:1,0,1773324372,668826765,49999999,Enabled,0.570079,0.566028,-0.53741,0.25654,-98.7437,147.395,-1739.57,0.210929,4,OK,-98.5678,147.321,-1739.76,OK,-137.871,115.981,-1737.83,OK,-127.147,66.4085,-1758.85,OK,-71.8416,100.192,-1764.66,,365926360,Port:2,0,1773324372,668826765,Enabled,0.930091,0.0310546,0.0362438,0.364216,-87.4689,271.26,-1592.36,0.143806,3,OK,-87.2975,271.332,-1592.38,OK,-128.99,241.309,-1589.55,OK,-130.179,317.581,-1587.04,,365926360,Port:3,0,1773324372,668826765,Missing,,,,,,,,,4,Missing,,,,Missing,,,,Missing,,,,Missing,,,,,365926360,Port:65535,0,1773324372,668826765,Missing,,,,,,,,,2,OK,-40.9184,206.201,-2041.52,OK,-63.8223,219.26,-2295.15,,,,,,,,,,,,,,,,,,,,,,,,
4,,365926363,Port:1,0,1773324372,718826765,50000000,Enabled,0.571304,0.563551,-0.539143,0.255629,-97.8507,148.244,-1739.72,0.225179,4,OK,-97.684,148.168,-1739.94,OK,-137.161,117.076,-1737.92,OK,-126.754,67.3949,-1758.86,OK,-71.2212,100.815,-1764.65,,365926363,Port:2,0,1773324372,718826765,Enabled,0.930132,0.0307486,0.0355856,0.364201,-87.468,271.255,-1592.32,0.144989,3,OK,-87.2919,271.322,-1592.33,OK,-128.995,241.308,-1589.56,OK,-130.187,317.584,-1587.06,,365926363,Port:3,0,1773324372,718826765,Missing,,,,,,,,,4,Missing,,,,Missing,,,,Missing,,,,Missing,,,,,365926363,Port:65535,0,1773324372,718826765,Missing,,,,,,,,,2,OK,-40.9283,206.216,-2041.53,OK,-63.8103,219.27,-2295.02,,,,,,,,,,,,,,,,,,,,,,,,
4,,365926366,Port:1,0,1773324372,768826765,50000000,Enabled,0.569633,0.563532,-0.542041,0.253264,-97.5833,147.945,-1739.33,0.206341,4,OK,-97.4159,147.881,-1739.52,OK,-137.047,116.974,-1737.83,OK,-126.854,67.3466,-1759,OK,-71.1458,100.527,-1764.49,,365926366,Port:2,0,1773324372,768826765,Enabled,0.930147,0.0309223,0.0354459,0.364163,-87.4665,271.256,-1592.33,0.142466,3,OK,-87.2924,271.321,-1592.34,OK,-128.995,241.317,-1589.59,OK,-130.182,317.583,-1587.06,,365926366,Port:3,0,1773324372,768826765,Missing,,,,,,,,,4,Missing,,,,Missing,,,,Missing,,,,Missing,,,,,365926366,Port:65535,0,1773324372,768826765,Missing,,,,,,,,,2,OK,-40.9109,206.201,-2041.46,OK,-63.803,219.277,-2295.14,,,,,,,,,,,,,,,,,,,,,,,,
4,,365926369,Port:1,0,1773324372,818826765,50000000,Enabled,0.569163,0.566184,-0.540055,0.252646,-98.2323,146.753,-1738.97,0.221047,4,OK,-98.0669,146.71,-1739.19,OK,-137.574,115.612,-1737.37,OK,-127.19,66.0688,-1758.82,OK,-71.6549,99.5149,-1764.37,,365926369,Port:2,0,1773324372,818826765,Enabled,0.930101,0.0308379,0.0360145,0.364232,-87.4686,271.257,-1592.36,0.143656,3,OK,-87.2978,271.33,-1592.37,OK,-128.99,241.305,-1589.57,OK,-130.183,317.579,-1587.07,,365926369,Port:3,0,1773324372,818826765,Missing,,,,,,,,,4,Missing,,,,Missing,,,,Missing,,,,Missing,,,,,365926369,Port:65535,0,1773324372,818826765,Missing,,,,,,,,,2,OK,-40.9014,206.205,-2041.54,OK,-63.807,219.249,-2295.05,,,,,,,,,,,,,,,,,,,,,,,,
4,,365926372,Port:1,0,1773324372,868826766,50000001,Enabled,0.567231,0.567865,-0.538471,0.256568,-99.6883,145.447,-1739.06,0.23837,4,OK,-99.5175,145.381,-1739.3,OK,-138.732,113.924,-1737.59,OK,-127.843,64.5199,-1758.95,OK,-72.6058,98.4474,-1764.29,,365926372,Port:2,0,1773324372,868826766,Enabled,0.930171,0.0309277,0.0348372,0.364158,-87.4635,271.255,-1592.3,0.141548,3,OK,-87.2895,271.317,-1592.32,OK,-128.995,241.317,-1589.63,OK,-130.183,317.589,-1587.06,,365926372,Port:3,0,1773324372,868826766,Missing,,,,,,,,,4,Missing,,,,Missing,,,,Missing,,,,Missing,,,,,365926372,Port:65535,0,1773324372,868826766,Missing,,,,,,,,,2,OK,-40.9248,206.197,-2041.64,OK,-63.8054,219.263,-2295.13,,,,,,,,,,,,,,,,,,,,,,,,
4,,365926375,Port:1,0,1773324372,918826765,49999999,Enabled,0.566538,0.56961,-0.5365,0.258355,-100.259,144.976,-1738.85,0.187068,4,OK,-100.095,144.931,-1739.02,OK,-139.094,113.225,-1737.42,OK,-127.887,63.8322,-1758.67,OK,-72.8834,98.1341,-1764.13,,365926375,Port:2,0,1773324372,918826765,Enabled,0.930129,0.031075,0.0356422,0.364177,-87.4651,271.259,-1592.35,0.144956,3,OK,-87.2903,271.328,-1592.37,OK,-128.994,241.313,-1589.6,OK,-130.177,317.584,-1587.06,,365926375,Port:3,0,1773324372,918826765,Missing,,,,,,,,,4,Missing,,,,Missing,,,,Missing,,,,Missing,,,,,365926375,Port:65535,0,1773324372,918826765,Missing,,,,,,,,,2,OK,-40.9136,206.192,-2041.51,OK,-63.8165,219.239,-2295.08,,,,,,,,,,,,,,,,,,,,,,,,
4,,365926378,Port:1,0,1773324372,968826765,50000000,Enabled,0.567593,0.567983,-0.53823,0.256013,-99.3616,145.659,-1738.64,0.211949,4,OK,-99.1796,145.594,-1738.84,OK,-138.407,114.15,-1737.19,OK,-127.583,64.7333,-1758.47,OK,-72.3467,98.6681,-1763.95,,365926378,Port:2,0,1773324372,968826765,Enabled,0.93011,0.0310126,0.0358125,0.364213,-87.4688,271.259,-1592.35,0.144906,3,OK,-87.2945,271.328,-1592.36,OK,-128.994,241.308,-1589.58,OK,-130.184,317.585,-1587.05,,365926378,Port:3,0,1773324372,968826765,Missing,,,,,,,,,4,Missing,,,,Missing,,,,Missing,,,,Missing,,,,,365926378,Port:65535,0,1773324372,968826765,Missing,,,,,,,,,2,OK,-40.9133,206.196,-2041.49,OK,-63.8061,219.247,-2295.15,,,,,,,,,,,,,,,,,,,,,,,,
4,,365926381,Port:1,0,1773324373,18826770,50000005,Enabled,0.568999,0.566126,-0.540544,0.252097,-98.2897,146.584,-1738.64,0.218955,4,OK,-98.1223,146.515,-1738.85,OK,-137.661,115.465,-1737.11,OK,-127.342,65.9857,-1758.54,OK,-71.7688,99.3552,-1764.09,,365926381,Port:2,0,1773324373,18826770,Enabled,0.930128,0.0312395,0.0355034,0.364177,-87.4696,271.261,-1592.36,0.142851,3,OK,-87.2956,271.327,-1592.37,OK,-128.997,241.319,-1589.62,OK,-130.183,317.585,-1587.04,,365926381,Port:3,0,1773324373,18826770,Missing,,,,,,,,,4,Missing,,,,Missing,,,,Missing,,,,Missing,,,,,365926381,Port:65535,0,1773324373,18826770,Missing,,,,,,,,,2,OK,-40.9181,206.191,-2041.63,OK,-63.8165,219.268,-2295.22,,,,,,,,,,,,,,,,,,,,,,,,
4,,365926384,Port:1,0,1773324373,68826770,50000000,Enabled,0.568579,0.566549,-0.541335,0.250393,-97.9559,146.516,-1738.27,0.196353,4,OK,-97.7901,146.461,-1738.45,OK,-137.392,115.489,-1736.84,OK,-127.197,66.0275,-1758.4,OK,-71.5584,99.3051,-1763.91,,365926384,Port:2,0,1773324373,68826770,Enabled,0.930138,0.0307941,0.0355464,0.364186,-87.4652,271.258,-1592.33,0.146314,3,OK,-87.2885,271.325,-1592.34,OK,-128.995,241.309,-1589.58,OK,-130.182,317.59,-1587.07,,365926384,Port:3,0,1773324373,68826770,Missing,,,,,,,,,4,Missing,,,,Missing,,,,Missing,,,,Missing,,,,,365926384,Port:65535,0,1773324373,68826770,Missing,,,,,,,,,2,OK,-40.9005,206.189,-2041.6,OK,-63.8072,219.242,-2295.01,,,,,,,,,,,,,,,,,,,,,,,,
4,,365926387,Port:1,0,1773324373,118826770,50000000,Enabled,0.568321,0.56735,-0.540442,0.251095,-98.1559,145.873,-1738.14,0.225727,4,OK,-97.9881,145.807,-1738.37,OK,-137.489,114.726,-1736.66,OK,-127.18,65.3094,-1758.29,OK,-71.6499,98.7467,-1763.76,,365926387,Port:2,0,1773324373,118826770,Enabled,0.930135,0.030736,0.0354927,0.364204,-87.4668,271.255,-1592.33,0.141812,3,OK,-87.2979,271.325,-1592.34,OK,-128.992,241.305,-1589.58,OK,-130.182,317.583,-1587.07,,365926387,Port:3,0,1773324373,118826770,Missing,,,,,,,,,4,Missing,,,,Missing,,,,Missing,,,,Missing,,,,,365926387,Port:65535,0,1773324373,118826770,Missing,,,,,,,,,3,OK,-43.7721,201.919,-2238.95,OK,-40.9228,206.206,-2041.55,OK,-63.8121,219.249,-2295.16,,,,,,,,,,,,,,,,,,,,
4,,365926390,Port:1,0,1773324373,168826770,50000000,Enabled,0.567512,0.567897,-0.54039,0.251797,-98.5923,145.376,-1738.6,0.200952,4,OK,-98.4239,145.321,-1738.79,OK,-137.886,114.165,-1737.23,OK,-127.44,64.7631,-1758.82,OK,-71.9482,98.3108,-1764.25,,365926390,Port:2,0,1773324373,168826770,Enabled,0.930148,0.0308374,0.0351913,0.364192,-87.4632,271.258,-1592.32,0.144722,3,OK,-87.2875,271.325,-1592.34,OK,-128.994,241.313,-1589.61,OK,-130.183,317.587,-1587.07,,365926390,Port:3,0,1773324373,168826770,Missing,,,,,,,,,4,Missing,,,,Missing,,,,Missing,,,,Missing,,,,,365926390,Port:65535,0,1773324373,168826770,Missing,,,,,,,,,3,OK,-43.706,201.901,-2239.16,OK,-40.9099,206.195,-2041.49,OK,-63.8042,219.259,-2295.12,,,,,,,,,,,,,,,,,,,,
4,,365926393,Port:1,0,1773324373,218826770,50000000,Enabled,0.568294,0.567485,-0.539086,0.25375,-98.6691,145.404,-1738.9,0.211582,4,OK,-98.4988,145.339,-1739.1,OK,-137.867,114.08,-1737.39,OK,-127.287,64.6344,-1758.8,OK,-71.8924,98.3194,-1764.34,,365926393,Port:2,0,1773324373,218826770,Enabled,0.930171,0.0311463,0.0347444,0.364149,-87.4656,271.251,-1592.3,0.142938,3,OK,-87.2934,271.321,-1592.31,OK,-129.002,241.312,-1589.64,OK,-130.179,317.577,-1587.03,,365926393,Port:3,0,1773324373,218826770,Missing,,,,,,,,,4,Missing,,,,Missing,,,,Missing,,,,Missing,,,,,365926393,Port:65535,0,1773324373,218826770,Missing,,,,,,,,,3,OK,-43.7442,201.885,-2239.24,OK,-40.9041,206.185,-2041.35,OK,-63.8119,219.275,-2295.2,,,,,,,,,,,,,,,,,,,,
4,,365926396,Port:1,0,1773324373,268826770,50000000,Enabled,0.568096,0.566747,-0.541191,0.251351,-98.172,145.892,-1738.48,0.217118,4,OK,-97.9918,145.834,-1738.68,OK,-137.546,114.784,-1737.07,OK,-127.253,65.3437,-1758.63,OK,-71.6788,98.7338,-1764.04,,365926396,Port:2,0,1773324373,268826770,Enabled,0.930126,0.0307497,0.035588,0.364217,-87.4645,271.258,-1592.32,0.146486,3,OK,-87.2888,271.328,-1592.34,OK,-128.992,241.305,-1589.57,OK,-130.183,317.586,-1587.06,,365926396,Port:3,0,1773324373,268826770,Missing,,,,,,,,,4,Missing,,,,Missing,,,,Missing,,,,Missing,,,,,365926396,Port:65535,0,1773324373,268826770,Missing,,,,,,,,,3,OK,-43.7486,201.922,-2238.88,OK,-40.9182,206.208,-2041.51,OK,-63.8004,219.259,-2295.22,,,,,,,,,,,,,,,,,,,,
4,,365926399,Port:1,0,1773324373,318826770,50000000,Enabled,0.569343,0.566458,-0.54085,0.24991,-97.8392,146.456,-1738.38,0.221302,4,OK,-97.6774,146.393,-1738.6,OK,-137.292,115.452,-1736.8,OK,-127.152,65.9749,-1758.43,OK,-71.5087,99.2122,-1764.01,,365926399,Port:2,0,1773324373,318826770,Enabled,0.930109,0.0310745,0.0358567,0.364206,-87.4678,271.263,-1592.36,0.139968,3,OK,-87.2994,271.33,-1592.37,OK,-128.988,241.316,-1589.58,OK,-130.181,317.588,-1587.05,,365926399,Port:3,0,1773324373,318826770,Missing,,,,,,,,,4,Missing,,,,Missing,,,,Missing,,,,Missing,,,,,365926399,Port:65535,0,1773324373,318826770,Missing,,,,,,,,,3,OK,-43.7865,201.943,-2238.44,OK,-40.8931,206.216,-2041.67,OK,-63.8114,219.267,-2295.13,,,,,,,,,,,,,,,,,,,,
4,,365926402,Port:1,0,1773324373,368826770,50000000,Enabled,0.568538,0.566017,-0.542335,0.249524,-97.7966,146.472,-1738.18,0.206037,4,OK,-97.6227,146.407,-1738.37,OK,-137.329,115.549,-1736.78,OK,-127.239,66.0832,-1758.39,OK,-71.5134,99.2181,-1763.85,,365926402,Port:2,0,1773324373,368826770,Enabled,0.930146,0.0307713,0.0353163,0.36419,-87.465,271.259,-1592.31,0.142783,3,OK,-87.293,271.328,-1592.33,OK,-128.994,241.315,-1589.59,OK,-130.182,317.585,-1587.07,,365926402,Port:3,0,1773324373,368826770,Missing,,,,,,,,,4,Missing,,,,Missing,,,,Missing,,,,Missing,,,,,365926402,Port:65535,0,1773324373,368826770,Missing,,,,,,,,,2,OK,-40.9078,206.206,-2041.51,OK,-63.8164,219.265,-2295.15,,,,,,,,,,,,,,,,,,,,,,,,
4,,365926405,Port:1,0,1773324373,418826770,50000000,Enabled,0.568216,0.567087,-0.54216,0.248205,-97.9936,145.87,-1737.85,0.184577,4,OK,-97.8252,145.795,-1738,OK,-137.516,114.947,-1736.52,OK,-127.475,65.5396,-1758.21,OK,-71.7572,98.6977,-1763.74,,365926405,Port:2,0,1773324373,418826770,Enabled,0.930128,0.0308334,0.0355317,0.36421,-87.4636,271.259,-1592.33,0.142086,3,OK,-87.2925,271.326,-1592.34,OK,-128.988,241.311,-1589.58,OK,-130.181,317.587,-1587.06,,365926405,Port:3,0,1773324373,418826770,Missing,,,,,,,,,4,Missing,,,,Missing,,,,Missing,,,,Missing,,,,,365926405,Port:65535,0,1773324373,418826770,Missing,,,,,,,,,3,OK,-43.7393,201.922,-2238.94,OK,-40.8962,206.209,-2041.53,OK,-63.8114,219.26,-2295.11,,,,,,,,,,,,,,,,,,,,
4,,365926408,Port:1,0,1773324373,468826770,50000000,Enabled,0.567513,0.568328,-0.541056,0.249381,-98.6371,145.125,-1738.02,0.210166,4,OK,-98.457,145.056,-1738.21,OK,-138.023,114.018,-1736.67,OK,-127.772,64.6795,-1758.44,OK,-72.2056,98.0822,-1763.88,,365926408,Port:2,0,1773324373,468826770,Enabled,0.930119,0.0310654,0.0356908,0.364197,-87.467,271.256,-1592.34,0.141499,3,OK,-87.2961,271.323,-1592.36,OK,-128.99,241.31,-1589.59,OK,-130.181,317.582,-1587.04,,365926408,Port:3,0,1773324373,468826770,Missing,,,,,,,,,4,Missing,,,,Missing,,,,Missing,,,,Missing,,,,,365926408,Port:65535,0,1773324373,468826770,Missing,,,,,,,,,3,OK,-43.6923,201.908,-2239.15,OK,-40.8969,206.201,-2041.48,OK,-63.7994,219.251,-2295.24,,,,,,,,,,,,,,,,,,,,
4,,365926411,Port:1,0,1773324373,518826770,50000000,Enabled,0.56674,0.568621,-0.540668,0.251305,-99.4212,144.997,-1738.62,0.228228,4,OK,-99.2581,144.935,-1738.85,OK,-138.689,113.768,-1737.28,OK,-128.241,64.4284,-1759.08,OK,-72.7678,98.0041,-1764.34,,365926411,Port:2,0,1773324373,518826770,Enabled,0.930143,0.0305507,0.0354305,0.364204,-87.4636,271.256,-1592.32,0.143877,3,OK,-87.2895,271.323,-1592.33,OK,-128.991,241.309,-1589.58,OK,-130.184,317.587,-1587.09,,365926411,Port:3,0,1773324373,518826770,Missing,,,,,,,,,4,Missing,,,,Missing,,,,Missing,,,,Missing,,,,,365926411,Port:65535,0,1773324373,518826770,Missing,,,,,,,,,3,OK,-43.6567,201.914,-2238.64,OK,-40.9075,206.196,-2041.48,OK,-63.8051,219.265,-2295.22,,,,,,,,,,,,,,,,,,,,
4,,365926414,Port:1,0,1773324373,568826770,50000000,Enabled,0.567798,0.567537,-0.540528,0.251668,-99.3658,145.639,-1738.82,0.216836,4,OK,-99.1986,145.581,-1739.03,OK,-138.672,114.453,-1737.39,OK,-128.289,65.0434,-1759.01,OK,-72.771,98.5436,-1764.42,,365926414,Port:2,0,1773324373,568826770,Enabled,0.930136,0.0310324,0.0352569,0.364199,-87.4664,271.263,-1592.35,0.142701,3,OK,-87.2954,271.334,-1592.36,OK,-128.995,241.318,-1589.63,OK,-130.181,317.585,-1587.07,,365926414,Port:3,0,1773324373,568826770,Missing,,,,,,,,,4,Missing,,,,Missing,,,,Missing,,,,Missing,,,,,365926414,Port:65535,0,1773324373,568826770,Missing,,,,,,,,,2,OK,-40.8886,206.184,-2041.41,OK,-63.8078,219.265,-2295.13,,,,,,,,,,,,,,,,,,,,,,,,
4,,365926417,Port:1,0,1773324373,618826770,50000000,Enabled,0.568115,0.566961,-0.542123,0.248804,-98.7842,146.178,-1738.61,0.221926,4,OK,-98.6138,146.115,-1738.82,OK,-138.287,115.221,-1737.21,OK,-128.203,65.8161,-1758.99,OK,-72.4944,99.0006,-1764.39,,365926417,Port:2,0,1773324373,618826770,Enabled,0.930128,0.0308171,0.0356379,0.3642,-87.4674,271.264,-1592.34,0.143862,3,OK,-87.2934,271.331,-1592.35,OK,-128.993,241.317,-1589.58,OK,-130.185,317.592,-1587.07,,365926417,Port:3,0,1773324373,618826770,Missing,,,,,,,,,4,Missing,,,,Missing,,,,Missing,,,,Missing,,,,,365926417,Port:65535,0,1773324373,618826770,Missing,,,,,,,,,2,OK,-40.9105,206.202,-2041.54,OK,-63.8166,219.269,-2295.18,,,,,,,,,,,,,,,,,,,,,,,,
4,,365926420,Port:1,0,1773324373,668826770,50000000,Enabled,0.568394,0.56642,-0.542657,0.248234,-98.5474,146.168,-1738.37,0.208829,4,OK,-98.3782,146.11,-1738.57,OK,-138.098,115.296,-1736.99,OK,-128.116,65.8574,-1758.74,OK,-72.3759,98.9333,-1764.16,,365926420,Port:2,0,1773324373,668826770,Enabled,0.930153,0.0311998,0.035019,0.364165,-87.4669,271.26,-1592.32,0.145771,3,OK,-87.2899,271.33,-1592.33,OK,-129.003,241.321,-1589.63,OK,-130.181,317.582,-1587.04,,365926420,Port:3,0,1773324373,668826770,Missing,,,,,,,,,4,Missing,,,,Missing,,,,Missing,,,,Missing,,,,,365926420,Port:65535,0,1773324373,668826770,Missing,,,,,,,,,2,OK,-40.8943,206.187,-2041.56,OK,-63.8147,219.266,-2295.14,,,,,,,,,,,,,,,,,,,,,,,,
4,,365926423,Port:1,0,1773324373,718826770,50000000,Enabled,0.567815,0.568172,-0.541059,0.249043,-98.941,145.395,-1737.86,0.195807,4,OK,-98.772,145.325,-1738.03,OK,-138.346,114.323,-1736.49,OK,-128.147,64.9668,-1758.24,OK,-72.5487,98.3231,-1763.75,,365926423,Port:2,0,1773324373,718826770,Enabled,0.930092,0.0309961,0.0360283,0.364238,-87.4663,271.263,-1592.37,0.145592,3,OK,-87.293,271.335,-1592.38,OK,-128.989,241.307,-1589.57,OK,-130.181,317.587,-1587.06,,365926423,Port:3,0,1773324373,718826770,Missing,,,,,,,,,4,Missing,,,,Missing,,,,Missing,,,,Missing,,,,,365926423,Port:65535,0,1773324373,718826770,Missing,,,,,,,,,3,OK,-43.692,201.923,-2238.42,OK,-40.8987,206.201,-2041.48,OK,-63.8255,219.276,-2295.09,,,,,,,,,,,,,,,,,,,,
4,,365926426,Port:1,0,1773324373,768826770,50000000,Enabled,0.567159,0.569915,-0.53939,0.250172,-99.4318,144.788,-1737.64,0.191721,4,OK,-99.2663,144.73,-1737.81,OK,-138.667,113.526,-1736.25,OK,-128.213,64.192,-1758.07,OK,-72.8091,97.8687,-1763.57,,365926426,Port:2,0,1773324373,768826770,Enabled,0.930132,0.0309128,0.0354212,0.364204,-87.4626,271.258,-1592.31,0.140626,3,OK,-87.2939,271.328,-1592.32,OK,-128.988,241.313,-1589.58,OK,-130.177,317.581,-1587.04,,365926426,Port:3,0,1773324373,768826770,Missing,,,,,,,,,4,Missing,,,,Missing,,,,Missing,,,,Missing,,,,,365926426,Port:65535,0,1773324373,768826770,Missing,,,,,,,,,3,OK,-43.6679,201.92,-2238.62,OK,-40.918,206.2,-2041.56,OK,-63.8087,219.263,-2295.27,,,,,,,,,,,,,,,,,,,,
4,,365926429,Port:1,0,1773324373,818826770,50000000,Enabled,0.567347,0.568471,-0.539957,0.251802,-99.3375,145.034,-1738.15,0.232804,4,OK,-99.1627,144.969,-1738.38,OK,-138.583,113.76,-1736.73,OK,-128.1,64.412,-1758.43,OK,-72.6689,98.0264,-1763.8,,365926429,Port:2,0,1773324373,818826770,Enabled,0.930086,0.0309678,0.0361602,0.364244,-87.4708,271.265,-1592.37,0.141849,3,OK,-87.3002,271.334,-1592.39,OK,-128.988,241.314,-1589.57,OK,-130.187,317.587,-1587.06,,365926429,Port:3,0,1773324373,818826770,Missing,,,,,,,,,4,Missing,,,,Missing,,,,Missing,,,,Missing,,,,,365926429,Port:65535,0,1773324373,818826770,Missing,,,,,,,,,3,OK,-43.6788,201.921,-2238.77,OK,-40.9193,206.202,-2041.62,OK,-63.8049,219.26,-2295.11,,,,,,,,,,,,,,,,,,,,
4,,365926432,Port:1,0,1773324373,868826770,50000000,Enabled,0.567923,0.565928,-0.542528,0.250705,-98.2799,146.19,-1738.93,0.204716,4,OK,-98.1109,146.129,-1739.13,OK,-137.76,115.219,-1737.6,OK,-127.565,65.7467,-1759.18,OK,-71.8886,98.9519,-1764.51,,365926432,Port:2,0,1773324373,868826770,Enabled,0.930144,0.0309894,0.0352468,0.364182,-87.4668,271.257,-1592.31,0.139485,3,OK,-87.2972,271.322,-1592.33,OK,-128.993,241.317,-1589.6,OK,-130.183,317.582,-1587.04,,365926432,Port:3,0,1773324373,868826770,Missing,,,,,,,,,4,Missing,,,,Missing,,,,Missing,,,,Missing,,,,,365926432,Port:65535,0,1773324373,868826770,Missing,,,,,,,,,3,OK,-43.7552,201.92,-2238.72,OK,-40.9177,206.202,-2041.6,OK,-63.8179,219.264,-2295.2,,,,,,,,,,,,,,,,,,,,
4,,365926435,Port:1,0,1773324373,918826770,50000000,Enabled,0.570099,0.559711,-0.548144,0.247485,-96.3379,148.102,-1739.81,0.211608,4,OK,-96.1751,148.036,-1740.01,OK,-136.372,117.846,-1738.5,OK,-126.995,68.1292,-1759.9,OK,-70.6873,100.319,-1765.13,,365926435,Port:2,0,1773324373,918826770,Enabled,0.930129,0.0308817,0.0354745,0.364207,-87.462,271.254,-1592.3,0.14456,3,OK,-87.2873,271.322,-1592.32,OK,-128.99,241.306,-1589.56,OK,-130.18,317.58,-1587.04,,365926435,Port:3,0,1773324373,918826770,Missing,,,,,,,,,4,Missing,,,,Missing,,,,Missing,,,,Missing,,,,,365926435,Port:65535,0,1773324373,918826770,Missing,,,,,,,,,3,OK,-43.8137,201.896,-2239.37,OK,-40.9117,206.195,-2041.53,OK,-63.815,219.261,-2295.16,,,,,,,,,,,,,,,,,,,,
4,,365926438,Port:1,0,1773324373,968826770,50000000,Enabled,0.575735,0.541994,-0.56492,0.235876,-91.4848,151.524,-1740.25,0.21159,4,OK,-91.3168,151.433,-1740.45,OK,-133.113,123.476,-1739.17,OK,-126.271,73.2265,-1760.18,OK,-68.2405,102.295,-1765.11,,365926438,Port:2,0,1773324373,968826770,Enabled,0.930118,0.0310435,0.0358294,0.364187,-87.4691,271.256,-1592.33,0.144109,3,OK,-87.2975,271.328,-1592.34,OK,-128.995,241.306,-1589.56,OK,-130.179,317.584,-1587.03,,365926438,Port:3,0,1773324373,968826770,Missing,,,,,,,,,4,Missing,,,,Missing,,,,Missing,,,,Missing,,,,,365926438,Port:65535,0,1773324373,968826770,Missing,,,,,,,,,3,OK,-43.7258,201.837,-2241.88,OK,-40.9131,206.192,-2041.47,OK,-63.806,219.261,-2294.75,,,,,,,,,,,,,,,,,,,,
4,,365926441,Port:1,0,1773324374,18826765,49999995,Enabled,0.58167,0.520109,-0.590699,0.205479,-83.781,155.128,-1738.42,0.190041,4,OK,-83.6246,155.029,-1738.58,OK,-127.771,130.948,-1737.78,OK,-125.469,80.5987,-1759.47,OK,-65.0682,104.367,-1764.04,,365926441,Port:2,0,1773324374,18826765,Enabled,0.930158,0.0309417,0.0351863,0.364156,-87.4676,271.252,-1592.3,0.141904,3,OK,-87.2963,271.318,-1592.32,OK,-128.997,241.309,-1589.59,OK,-130.182,317.585,-1587.04,,365926441,Port:3,0,1773324374,18826765,Missing,,,,,,,,,4,Missing,,,,Missing,,,,Missing,,,,Missing,,,,,365926441,Port:65535,0,1773324374,18826765,Missing,,,,,,,,,3,OK,-40.9077,206.196,-2041.58,OK,-43.5323,201.817,-2243.22,OK,-63.7686,219.286,-2293.73,,,,,,,,,,,,,,,,,,,,
4,,365926444,Port:1,0,1773324374,68826765,50000000,Enabled,0.584231,0.508298,-0.607974,0.175143,-76.9052,156.387,-1735.31,0.196219,4,OK,-76.7338,156.263,-1735.45,OK,-122.444,135.236,-1734.89,OK,-123.78,85.4611,-1757.83,OK,-61.9378,105.209,-1762.46,,365926444,Port:2,0,1773324374,68826765,Enabled,0.930134,0.0310395,0.0355607,0.364174,-87.4687,271.26,-1592.34,0.143696,3,OK,-87.2946,271.327,-1592.35,OK,-128.997,241.316,-1589.59,OK,-130.182,317.588,-1587.05,,365926444,Port:3,0,1773324374,68826765,Missing,,,,,,,,,4,Missing,,,,Missing,,,,Missing,,,,Missing,,,,,365926444,Port:65535,0,1773324374,68826765,Missing,,,,,,,,,3,OK,-40.908,206.198,-2041.61,OK,-43.4082,201.813,-2243.51,OK,-63.6985,219.287,-2293.42,,,,,,,,,,,,,,,,,,,,
4,,365926447,Port:1,0,1773324374,118826765,50000000,Missing,,,,,,,,,4,OK,-71.4567,156.594,-1733.32,OK,-117.775,137,-1731.74,OK,-121.147,87.3329,-1754.83,OK,-58.4174,105.329,-1758.72,,365926447,Port:2,0,1773324374,118826765,Enabled,0.93015,0.0308736,0.0352167,0.364181,-87.4652,271.258,-1592.32,0.144791,3,OK,-87.2893,271.325,-1592.33,OK,-128.997,241.314,-1589.6,OK,-130.183,317.587,-1587.06,,365926447,Port:3,0,1773324374,118826765,Missing,,,,,,,,,4,Missing,,,,Missing,,,,Missing,,,,Missing,,,,,365926447,Port:65535,0,1773324374,118826765,Missing,,,,,,,,,8,OK,-40.9057,206.205,-2041.61,OK,-43.3211,201.82,-2243.5,OK,-58.4174,105.329,-1758.72,OK,-71.4567,156.594,-1733.32,OK,-131.398,123.186,-1940.36,OK,-117.775,137,-1731.74,OK,-121.147,87.3329,-1754.83,OK,-109.727,103.508,-1582.77
4,,365926450,Port:1,0,1773324374,168826765,50000000,Enabled,0.60287,0.494329,-0.609941,0.141979,-65.8463,156.959,-1730.48,0.237231,4,OK,-65.6866,156.822,-1730.71,OK,-112.545,138.751,-1727.82,OK,-118.264,89.3361,-1751.02,OK,-55.5558,105.159,-1758.47,,365926450,Port:2,0,1773324374,168826765,Enabled,0.93015,0.0307217,0.0352207,0.364192,-87.4653,271.255,-1592.3,0.141002,3,OK,-87.2952,271.32,-1592.31,OK,-128.992,241.309,-1589.58,OK,-130.184,317.588,-1587.06,,365926450,Port:3,0,1773324374,168826765,Missing,,,,,,,,,4,Missing,,,,Missing,,,,Missing,,,,Missing,,,,,365926450,Port:65535,0,1773324374,168826765,Missing,,,,,,,,,2,OK,-40.9288,206.2,-2041.52,OK,-43.2328,201.847,-2241.84,,,,,,,,,,,,,,,,,,,,,,,,
4,,365926453,Port:1,0,1773324374,218826765,50000000,Enabled,0.612861,0.485279,-0.611599,0.121874,-59.9993,157.506,-1728.44,0.18657,4,OK,-59.8597,157.368,-1728.59,OK,-107.329,141.197,-1724.63,OK,-115.581,92.1074,-1747.72,OK,-52.5382,105.429,-1756.98,,365926453,Port:2,0,1773324374,218826765,Enabled,0.930112,0.0309702,0.0357534,0.364218,-87.4644,271.255,-1592.32,0.145047,3,OK,-87.2896,271.325,-1592.33,OK,-128.99,241.306,-1589.55,OK,-130.181,317.577,-1587.03,,365926453,Port:3,0,1773324374,218826765,Missing,,,,,,,,,4,Missing,,,,Missing,,,,Missing,,,,Missing,,,,,365926453,Port:65535,0,1773324374,218826765,Missing,,,,,,,,,2,OK,-43.0996,201.895,-2239.59,OK,-40.9208,206.198,-2041.56,,,,,,,,,,,,,,,,,,,,,,,,
4,,365926456,Port:1,0,1773324374,268826765,50000000,Enabled,0.619687,0.47525,-0.615729,0.104898,-54.541,158.007,-1726.46,0.192975,4,OK,-54.4067,157.867,-1726.62,OK,-102.398,143.527,-1721.86,OK,-112.953,94.8717,-1744.94,OK,-49.5842,105.772,-1755.25,,365926456,Port:2,0,1773324374,268826765,Enabled,0.930131,0.0309976,0.0353255,0.364208,-87.4634,271.256,-1592.31,0.143219,3,OK,-87.2906,271.323,-1592.32,OK,-128.991,241.308,-1589.59,OK,-130.181,317.582,-1587.04,,365926456,Port:3,0,1773324374,268826765,Missing,,,,,,,,,4,Missing,,,,Missing,,,,Missing,,,,Missing,,,,,365926456,Port:65535,0,1773324374,268826765,Missing,,,,,,,,,1,OK,-40.9138,206.201,-2041.57,,,,,,,,,,,,,,,,,,,,,,,,,,,,
4,,365926459,Port:1,0,1773324374,318826765,50000000,Enabled,0.628867,0.469475,-0.61295,0.0917117,-49.685,158.171,-1724.98,0.175388,4,OK,-49.5538,158.04,-1725.09,OK,-97.7266,144.791,-1719.17,OK,-109.982,96.374,-1741.86,OK,-46.6658,105.828,-1753.9,,365926459,Port:2,0,1773324374,318826765,Enabled,0.930123,0.0309033,0.0357726,0.364192,-87.4677,271.259,-1592.34,0.141854,3,OK,-87.2968,271.328,-1592.35,OK,-128.992,241.315,-1589.57,OK,-130.181,317.584,-1587.06,,365926459,Port:3,0,1773324374,318826765,Missing,,,,,,,,,4,Missing,,,,Missing,,,,Missing,,,,Missing,,,,,365926459,Port:65535,0,1773324374,318826765,Missing,,,,,,,,,1,OK,-40.8979,206.193,-2041.44,,,,,,,,,,,,,,,,,,,,,,,,,,,,
4,,365926462,Port:1,0,1773324374,368826765,50000000,Enabled,0.633527,0.463703,-0.614198,0.0798976,-45.7856,157.701,-1723.2,0.167759,4,OK,-45.6609,157.572,-1723.3,OK,-94.0333,145.451,-1716.76,OK,-107.784,97.4154,-1739.39,OK,-44.4397,105.399,-1752.31,,365926462,Port:2,0,1773324374,368826765,Enabled,0.930148,0.0307573,0.0353469,0.364183,-87.4644,271.253,-1592.31,0.140176,3,OK,-87.2934,271.316,-1592.32,OK,-128.99,241.312,-1589.58,OK,-130.183,317.582,-1587.06,,365926462,Port:3,0,1773324374,368826765,Missing,,,,,,,,,4,Missing,,,,Missing,,,,Missing,,,,Missing,,,,,365926462,Port:65535,0,1773324374,368826765,Missing,,,,,,,,,1,OK,-40.7952,206.19,-2041.46,,,,,,,,,,,,,,,,,,,,,,,,,,,,
4,,365926465,Port:1,0,1773324374,418826765,50000000,Enabled,0.638975,0.460464,-0.612187,0.0700796,-42.4163,157.072,-1721.43,0.165524,4,OK,-42.2915,156.942,-1721.53,OK,-90.708,145.537,-1714.18,OK,-105.62,97.7861,-1736.66,OK,-42.4152,104.85,-1750.68,,365926465,Port:2,0,1773324374,418826765,Enabled,0.930133,0.0311156,0.0356249,0.364163,-87.4694,271.261,-1592.35,0.14238,3,OK,-87.2982,271.33,-1592.36,OK,-128.997,241.318,-1589.6,OK,-130.179,317.586,-1587.05,,365926465,Port:3,0,1773324374,418826765,Missing,,,,,,,,,4,Missing,,,,Missing,,,,Missing,,,,Missing,,,,,365926465,Port:65535,0,1773324374,418826765,Missing,,,,,,,,,1,OK,-40.6801,206.191,-2041.59,,,,,,,,,,,,,,,,,,,,,,,,,,,,
4,,365926468,Port:1,0,1773324374,468826765,50000000,Enabled,0.642767,0.458129,-0.611012,0.0602643,-39.0857,156.371,-1720.21,0.179088,4,OK,-38.968,156.235,-1720.33,OK,-87.4623,145.531,-1712.26,OK,-103.391,98.1227,-1734.82,OK,-40.2539,104.295,-1749.74,,365926468,Port:2,0,1773324374,468826765,Enabled,0.93012,0.0308489,0.0357231,0.364211,-87.4648,271.262,-1592.34,0.144614,3,OK,-87.291,271.331,-1592.35,OK,-128.99,241.312,-1589.57,OK,-130.181,317.589,-1587.06,,365926468,Port:3,0,1773324374,468826765,Missing,,,,,,,,,4,Missing,,,,Missing,,,,Missing,,,,Missing,,,,,365926468,Port:65535,0,1773324374,468826765,Missing,,,,,,,,,0,,,,,,,,,,,,,,,,,,,,,,,,,,,,,,,,
4,,365926471,Port:1,0,1773324374,518826765,50000000,Enabled,0.643941,0.453826,-0.613733,0.0520909,-36.2912,156.203,-1719.92,0.17542,4,OK,-36.188,156.061,-1720,OK,-84.8256,146.231,-1711.81,OK,-101.723,99.2102,-1734.38,OK,-38.5501,104.256,-1749.68,,365926471,Port:2,0,1773324374,518826765,Enabled,0.930138,0.0307796,0.0355265,0.36419,-87.4664,271.257,-1592.33,0.140245,3,OK,-87.2985,271.325,-1592.35,OK,-128.99,241.31,-1589.59,OK,-130.181,317.587,-1587.08,,365926471,Port:3,0,1773324374,518826765,Missing,,,,,,,,,4,Missing,,,,Missing,,,,Missing,,,,Missing,,,,,365926471,Port:65535,0,1773324374,518826765,Missing,,,,,,,,,0,,,,,,,,,,,,,,,,,,,,,,,,,,,,,,,,
4,,365926474,Port:1,0,1773324374,568826765,50000000,Enabled,0.646206,0.451466,-0.613149,0.0514126,-35.3417,156.974,-1720.83,0.175379,4,OK,-35.2423,156.855,-1720.88,OK,-83.8973,147.238,-1712.48,OK,-101.029,100.142,-1734.78,OK,-37.8724,104.86,-1750.4,,365926474,Port:2,0,1773324374,568826765,Enabled,0.930118,0.0306964,0.0356975,0.364232,-87.4617,271.258,-1592.32,0.141621,3,OK,-87.2917,271.326,-1592.33,OK,-128.983,241.308,-1589.55,OK,-130.18,317.583,-1587.06,,365926474,Port:3,0,1773324374,568826765,Missing,,,,,,,,,4,Missing,,,,Missing,,,,Missing,,,,Missing,,,,,365926474,Port:65535,0,1773324374,568826765,Missing,,,,,,,,,0,,,,,,,,,,,,,,,,,,,,,,,,,,,,,,,,
4,,365926477,Port:1,0,1773324374,618826765,50000000,Enabled,0.646023,0.450776,-0.61358,0.0545472,-36.0473,157.891,-1721.6,0.182857,4,OK,-35.9434,157.777,-1721.61,OK,-84.617,148.07,-1713.41,OK,-101.516,100.803,-1735.51,OK,-38.3206,105.623,-1750.97,,365926477,Port:2,0,1773324374,618826765,Enabled,0.930134,0.0309731,0.0351278,0.364222,-87.4653,271.264,-1592.31,0.141461,3,OK,-87.2937,271.329,-1592.32,OK,-128.991,241.316,-1589.61,OK,-130.187,317.591,-1587.05,,365926477,Port:3,0,1773324374,618826765,Missing,,,,,,,,,4,Missing,,,,Missing,,,,Missing,,,,Missing,,,,,365926477,Port:65535,0,1773324374,618826765,Missing,,,,,,,,,0,,,,,,,,,,,,,,,,,,,,,,,,,,,,,,,,
4,,365926480,Port:1,0,1773324374,668826765,50000000,Enabled,0.644333,0.451849,-0.61444,0.0559539,-37.2105,158.254,-1721.69,0.154697,4,OK,-37.1188,158.147,-1721.74,OK,-85.7588,148.297,-1713.68,OK,-102.464,101.011,-1736,OK,-39.2504,106.023,-1751.09,,365926480,Port:2,0,1773324374,668826765,Enabled,0.930119,0.0307194,0.0357234,0.364223,-87.4664,271.257,-1592.31,0.141527,3,OK,-87.2971,271.327,-1592.33,OK,-128.989,241.309,-1589.55,OK,-130.183,317.582,-1587.05,,365926480,Port:3,0,1773324374,668826765,Missing,,,,,,,,,4,Missing,,,,Missing,,,,Missing,,,,Missing,,,,,365926480,Port:65535,0,1773324374,668826765,Missing,,,,,,,,,0,,,,,,,,,,,,,,,,,,,,,,,,,,,,,,,,
4,,365926483,Port:1,0,1773324374,718826765,50000000,Enabled,0.64433,0.452888,-0.613339,0.059559,-38.5281,158.265,-1722.14,0.16435,4,OK,-38.4201,158.146,-1722.24,OK,-87.0123,147.962,-1714.16,OK,-103.369,100.533,-1736.41,OK,-40.1688,105.967,-1751.32,,365926483,Port:2,0,1773324374,718826765,Enabled,0.930133,0.0307835,0.0355966,0.364195,-87.4669,271.258,-1592.33,0.144072,3,OK,-87.2925,271.327,-1592.35,OK,-128.995,241.315,-1589.58,OK,-130.183,317.583,-1587.07,,365926483,Port:3,0,1773324374,718826765,Missing,,,,,,,,,4,Missing,,,,Missing,,,,Missing,,,,Missing,,,,,365926483,Port:65535,0,1773324374,718826765,Missing,,,,,,,,,0,,,,,,,,,,,,,,,,,,,,,,,,,,,,,,,,
4,,365926486,Port:1,0,1773324374,768826765,50000000,Enabled,0.641123,0.454229,-0.615224,0.0643206,-40.8263,157.939,-1722.5,0.176646,4,OK,-40.7076,157.809,-1722.64,OK,-89.305,147.301,-1715.02,OK,-105.144,99.7757,-1737.42,OK,-41.8463,105.643,-1751.6,,365926486,Port:2,0,1773324374,768826765,Enabled,0.930169,0.030811,0.035059,0.364152,-87.4668,271.253,-1592.32,0.139555,3,OK,-87.2969,271.317,-1592.33,OK,-128.996,241.315,-1589.62,OK,-130.183,317.584,-1587.08,,365926486,Port:3,0,1773324374,768826765,Missing,,,,,,,,,4,Missing,,,,Missing,,,,Missing,,,,Missing,,,,,365926486,Port:65535,0,1773324374,768826765,Missing,,,,,,,,,0,,,,,,,,,,,,,,,,,,,,,,,,,,,,,,,,
4,,365926489,Port:1,0,1773324374,818826765,50000000,Enabled,0.634969,0.46265,-0.613621,0.078985,-46.6639,157.572,-1723.32,0.174215,4,OK,-46.5306,157.441,-1723.41,OK,-94.9235,145.428,-1716.71,OK,-108.845,97.3951,-1739.21,OK,-45.5234,105.226,-1752.35,,365926489,Port:2,0,1773324374,818826765,Enabled,0.93016,0.0309378,0.0350129,0.364171,-87.464,271.254,-1592.3,0.144218,3,OK,-87.2871,271.318,-1592.32,OK,-128.996,241.313,-1589.61,OK,-130.184,317.585,-1587.05,,365926489,Port:3,0,1773324374,818826765,Missing,,,,,,,,,4,Missing,,,,Missing,,,,Missing,,,,Missing,,,,,365926489,Port:65535,0,1773324374,818826765,Missing,,,,,,,,,1,OK,-40.8572,206.193,-2041.42,,,,,,,,,,,,,,,,,,,,,,,,,,,,
4,,365926492,Port:1,0,1773324374,868826765,50000000,Enabled,0.632441,0.474831,-0.603146,0.103767,-53.6075,157.3,-1725.02,0.162904,4,OK,-53.4823,157.175,-1725.12,OK,-101.164,142.562,-1718.72,OK,-112.106,93.4758,-1740.69,OK,-49.1929,104.692,-1753.27,,365926492,Port:2,0,1773324374,868826765,Enabled,0.930149,0.0308483,0.0353867,0.36417,-87.4738,271.262,-1592.34,0.141896,3,OK,-87.3018,271.329,-1592.35,OK,-129.002,241.321,-1589.61,OK,-130.189,317.591,-1587.08,,365926492,Port:3,0,1773324374,868826765,Missing,,,,,,,,,4,Missing,,,,Missing,,,,Missing,,,,Missing,,,,,365926492,Port:65535,0,1773324374,868826765,Missing,,,,,,,,,1,OK,-40.9124,206.195,-2041.54,,,,,,,,,,,,,,,,,,,,,,,,,,,,
4,,365926495,Port:1,0,1773324374,918826765,50000000,Enabled,0.631473,0.4815,-0.595865,0.119765,-57.9099,157.395,-1726.49,0.160098,4,OK,-57.7733,157.283,-1726.59,OK,-104.943,141.05,-1720.28,OK,-114.023,91.3555,-1741.76,OK,-51.4827,104.661,-1754.09,,365926495,Port:2,0,1773324374,918826765,Enabled,0.930138,0.0308968,0.0356079,0.36417,-87.4713,271.258,-1592.34,0.142436,3,OK,-87.2991,271.325,-1592.36,OK,-128.998,241.314,-1589.59,OK,-130.185,317.588,-1587.07,,365926495,Port:3,0,1773324374,918826765,Missing,,,,,,,,,4,Missing,,,,Missing,,,,Missing,,,,Missing,,,,,365926495,Port:65535,0,1773324374,918826765,Missing,,,,,,,,,2,OK,-43.1817,201.861,-2240.48,OK,-40.9127,206.185,-2041.52,,,,,,,,,,,,,,,,,,,,,,,,
4,,365926498,Port:1,0,1773324374,968826765,50000000,Enabled,0.634096,0.478898,-0.594184,0.124598,-58.1209,158.238,-1727.71,0.171759,4,OK,-57.9883,158.119,-1727.83,OK,-105.093,141.772,-1721.28,OK,-113.974,91.8103,-1742.2,OK,-51.4682,105.205,-1754.66,,365926498,Port:2,0,1773324374,968826765,Enabled,0.9301,0.0309241,0.036247,0.364204,-87.4684,271.257,-1592.36,0.144029,3,OK,-87.2955,271.325,-1592.37,OK,-128.989,241.305,-1589.54,OK,-130.181,317.586,-1587.05,,365926498,Port:3,0,1773324374,968826765,Missing,,,,,,,,,4,Missing,,,,Missing,,,,Missing,,,,Missing,,,,,365926498,Port:65535,0,1773324374,968826765,Missing,,,,,,,,,2,OK,-43.1502,201.873,-2240.03,OK,-40.9211,206.19,-2041.42,,,,,,,,,,,,,,,,,,,,,,,,
4,,365926501,Port:1,0,1773324375,18826768,50000003,Enabled,0.635451,0.47292,-0.598952,0.117497,-55.1495,158.913,-1727.96,0.173656,4,OK,-55.0204,158.782,-1728.08,OK,-102.452,143.427,-1721.52,OK,-112.397,93.6917,-1742.44,OK,-49.6366,105.781,-1754.96,,365926501,Port:2,0,1773324375,18826768,Enabled,0.930177,0.0306221,0.0346899,0.364183,-87.4614,271.254,-1592.29,0.143011,3,OK,-87.2878,271.32,-1592.3,OK,-128.995,241.312,-1589.62,OK,-130.184,317.586,-1587.09,,365926501,Port:3,0,1773324375,18826768,Missing,,,,,,,,,4,Missing,,,,Missing,,,,Missing,,,,Missing,,,,,365926501,Port:65535,0,1773324375,18826768,Missing,,,,,,,,,1,OK,-40.9214,206.203,-2041.56,,,,,,,,,,,,,,,,,,,,,,,,,,,,
4,,365926504,Port:1,0,1773324375,68826768,50000000,Enabled,0.63934,0.463849,-0.603449,0.109262,-51.5972,160.008,-1728.46,0.175146,4,OK,-51.4685,159.878,-1728.58,OK,-99.2775,145.809,-1721.74,OK,-110.615,96.2731,-1742.4,OK,-47.6125,106.625,-1755.27,,365926504,Port:2,0,1773324375,68826768,Enabled,0.930124,0.0311663,0.0356919,0.364176,-87.467,271.253,-1592.34,0.143553,3,OK,-87.2941,271.322,-1592.36,OK,-128.994,241.307,-1589.59,OK,-130.178,317.578,-1587.03,,365926504,Port:3,0,1773324375,68826768,Missing,,,,,,,,,4,Missing,,,,Missing,,,,Missing,,,,Missing,,,,,365926504,Port:65535,0,1773324375,68826768,Missing,,,,,,,,,1,OK,-40.9226,206.206,-2041.53,,,,,,,,,,,,,,,,,,,,,,,,,,,,
4,,365926507,Port:1,0,1773324375,118826769,50000001,Enabled,0.640847,0.455357,-0.608982,0.105383,-49.7049,161.124,-1729.31,0.178759,4,OK,-49.5781,161.007,-1729.45,OK,-97.6844,147.958,-1722.62,OK,-109.984,98.5259,-1743.08,OK,-46.7362,107.489,-1755.74,,365926507,Port:2,0,1773324375,118826769,Enabled,0.930121,0.0310426,0.0358024,0.364183,-87.47,271.263,-1592.38,0.144191,3,OK,-87.2968,271.333,-1592.39,OK,-128.997,241.316,-1589.61,OK,-130.181,317.589,-1587.08,,365926507,Port:3,0,1773324375,118826769,Missing,,,,,,,,,4,Missing,,,,Missing,,,,Missing,,,,Missing,,,,,365926507,Port:65535,0,1773324375,118826769,Missing,,,,,,,,,1,OK,-40.9292,206.193,-2041.57,,,,,,,,,,,,,,,,,,,,,,,,,,,,
4,,365926510,Port:1,0,1773324375,168826769,50000000,Enabled,0.644031,0.449503,-0.610132,0.104455,-48.6609,161.932,-1729.81,0.178406,4,OK,-48.5263,161.786,-1729.92,OK,-96.7543,149.296,-1722.98,OK,-109.587,99.8239,-1742.86,OK,-46.3014,108.07,-1755.78,,365926510,Port:2,0,1773324375,168826769,Enabled,0.930123,0.030999,0.035566,0.364206,-87.4683,271.259,-1592.33,0.143157,3,OK,-87.2974,271.329,-1592.35,OK,-128.994,241.308,-1589.59,OK,-130.183,317.587,-1587.05,,365926510,Port:3,0,1773324375,168826769,Missing,,,,,,,,,4,Missing,,,,Missing,,,,Missing,,,,Missing,,,,,365926510,Port:65535,0,1773324375,168826769,Missing,,,,,,,,,1,OK,-40.8935,206.182,-2041.49,,,,,,,,,,,,,,,,,,,,,,,,,,,,
4,,365926513,Port:1,0,1773324375,218826769,50000000,Enabled,0.652372,0.443491,-0.605569,0.10494,-46.7258,162.838,-1730.69,0.181671,4,OK,-46.6007,162.695,-1730.83,OK,-94.7439,150.52,-1722.94,OK,-108.104,100.793,-1741.84,OK,-44.9778,108.548,-1755.75,,365926513,Port:2,0,1773324375,218826769,Enabled,0.930138,0.0307681,0.0354383,0.364198,-87.4673,271.261,-1592.33,0.142317,3,OK,-87.2957,271.329,-1592.35,OK,-128.994,241.316,-1589.59,OK,-130.184,317.588,-1587.08,,365926513,Port:3,0,1773324375,218826769,Missing,,,,,,,,,4,Missing,,,,Missing,,,,Missing,,,,Missing,,,,,365926513,Port:65535,0,1773324375,218826769,Missing,,,,,,,,,1,OK,-40.8308,206.196,-2041.54,,,,,,,,,,,,,,,,,,,,,,,,,,,,
4,,365926516,Port:1,0,1773324375,268826768,49999999,Enabled,0.658254,0.435416,-0.60575,0.100905,-43.6555,163.699,-1731.52,0.165938,4,OK,-43.5479,163.559,-1731.63,OK,-91.8013,152.278,-1723.23,OK,-106.144,102.556,-1741.45,OK,-42.9981,109.096,-1756.03,,365926516,Port:2,0,1773324375,268826768,Enabled,0.930133,0.0309709,0.035468,0.364191,-87.4651,271.256,-1592.31,0.141606,3,OK,-87.2945,271.326,-1592.32,OK,-128.992,241.314,-1589.57,OK,-130.179,317.578,-1587.03,,365926516,Port:3,0,1773324375,268826768,Missing,,,,,,,,,4,Missing,,,,Missing,,,,Missing,,,,Missing,,,,,365926516,Port:65535,0,1773324375,268826768,Missing,,,,,,,,,1,OK,-40.6973,206.188,-2041.57,,,,,,,,,,,,,,,,,,,,,,,,,,,,
4,,365926519,Port:1,0,1773324375,318826768,50000000,Enabled,0.665893,0.423768,-0.605742,0.100417,-40.8468,165.066,-1733.19,0.165836,4,OK,-40.7435,164.92,-1733.31,OK,-89.0833,154.604,-1724.31,OK,-104.39,104.747,-1741.36,OK,-41.2825,109.969,-1756.51,,365926519,Port:2,0,1773324375,318826768,Enabled,0.930149,0.0308857,0.0351206,0.364192,-87.4658,271.261,-1592.32,0.145494,3,OK,-87.2897,271.329,-1592.34,OK,-128.998,241.315,-1589.62,OK,-130.185,317.587,-1587.07,,365926519,Port:3,0,1773324375,318826768,Missing,,,,,,,,,4,Missing,,,,Missing,,,,Missing,,,,Missing,,,,,365926519,Port:65535,0,1773324375,318826768,Missing,,,,,,,,,0,,,,,,,,,,,,,,,,,,,,,,,,,,,,,,,,
4,,365926522,Port:1,0,1773324375,368826769,50000001,Enabled,0.675424,0.415019,-0.600597,0.104141,-39.2687,166.693,-1735.57,0.151593,4,OK,-39.176,166.549,-1735.66,OK,-87.4028,156.631,-1725.8,OK,-103.098,106.393,-1741.34,OK,-40.1881,111.018,-1757.49,,365926522,Port:2,0,1773324375,368826769,Enabled,0.930158,0.0308829,0.0351638,0.364166,-87.4682,271.254,-1592.3,0.142209,3,OK,-87.2971,271.323,-1592.32,OK,-128.999,241.311,-1589.59,OK,-130.182,317.582,-1587.05,,365926522,Port:3,0,1773324375,368826769,Missing,,,,,,,,,4,Missing,,,,Missing,,,,Missing,,,,Missing,,,,,365926522,Port:65535,0,1773324375,368826769,Missing,,,,,,,,,0,,,,,,,,,,,,,,,,,,,,,,,,,,,,,,,,
4,,365926525,Port:1,0,1773324375,418826769,50000000,Enabled,0.685019,0.406351,-0.595213,0.106534,-38.2382,168.21,-1737.62,0.176607,4,OK,-38.1441,168.075,-1737.77,OK,-86.2611,158.605,-1726.81,OK,-102.428,108.107,-1741.07,OK,-39.7386,112.034,-1758.15,,365926525,Port:2,0,1773324375,418826769,Enabled,0.930134,0.0310657,0.0355415,0.364173,-87.4675,271.263,-1592.35,0.145513,3,OK,-87.2919,271.333,-1592.36,OK,-128.998,241.318,-1589.61,OK,-130.18,317.588,-1587.06,,365926525,Port:3,0,1773324375,418826769,Missing,,,,,,,,,4,Missing,,,,Missing,,,,Missing,,,,Missing,,,,,365926525,Port:65535,0,1773324375,418826769,Missing,,,,,,,,,0,,,,,,,,,,,,,,,,,,,,,,,,,,,,,,,,
4,,365926528,Port:1,0,1773324375,468826769,50000000,Enabled,0.693279,0.399032,-0.589777,0.110913,-37.959,169.202,-1739.4,0.176114,4,OK,-37.8609,169.059,-1739.54,OK,-85.8543,159.849,-1727.81,OK,-102.184,109.055,-1740.66,OK,-39.6994,112.574,-1758.61,,365926528,Port:2,0,1773324375,468826769,Enabled,0.930114,0.0310004,0.0356485,0.364221,-87.4709,271.264,-1592.33,0.143133,3,OK,-87.3003,271.335,-1592.35,OK,-128.996,241.313,-1589.58,OK,-130.185,317.586,-1587.05,,365926528,Port:3,0,1773324375,468826769,Missing,,,,,,,,,4,Missing,,,,Missing,,,,Missing,,,,Missing,,,,,365926528,Port:65535,0,1773324375,468826769,Missing,,,,,,,,,0,,,,,,,,,,,,,,,,,,,,,,,,,,,,,,,,
4,,365926531,Port:1,0,1773324375,518826768,49999999,Enabled,0.694716,0.398721,-0.587802,0.113486,-38.268,169.325,-1739.85,0.156916,4,OK,-38.1788,169.188,-1739.97,OK,-86.091,159.833,-1728.13,OK,-102.224,108.882,-1740.65,OK,-39.7959,112.577,-1758.8,,365926531,Port:2,0,1773324375,518826768,Enabled,0.930157,0.0307623,0.0351969,0.364173,-87.468,271.253,-1592.3,0.143453,3,OK,-87.2944,271.319,-1592.31,OK,-128.998,241.309,-1589.58,OK,-130.186,317.586,-1587.06,,365926531,Port:3,0,1773324375,518826768,Missing,,,,,,,,,4,Missing,,,,Missing,,,,Missing,,,,Missing,,,,,365926531,Port:65535,0,1773324375,518826768,Missing,,,,,,,,,0,,,,,,,,,,,,,,,,,,,,,,,,,,,,,,,,
4,,365926534,Port:1,0,1773324375,568826768,50000000,Enabled,0.692356,0.401654,-0.588462,0.114153,-39.0097,168.779,-1739.15,0.170734,4,OK,-38.9084,168.641,-1739.29,OK,-86.824,158.995,-1727.65,OK,-102.699,108.061,-1740.51,OK,-40.2371,112.151,-1758.39,,365926534,Port:2,0,1773324375,568826768,Enabled,0.93013,0.0310409,0.0354955,0.364191,-87.4665,271.26,-1592.32,0.146583,3,OK,-87.2895,271.329,-1592.34,OK,-128.997,241.312,-1589.58,OK,-130.182,317.587,-1587.03,,365926534,Port:3,0,1773324375,568826768,Missing,,,,,,,,,4,Missing,,,,Missing,,,,Missing,,,,Missing,,,,,365926534,Port:65535,0,1773324375,568826768,Missing,,,,,,,,,0,,,,,,,,,,,,,,,,,,,,,,,,,,,,,,,,
4,,365926537,Port:1,0,1773324375,618826769,50000001,Enabled,0.69035,0.407228,-0.586357,0.117334,-40.7704,168.056,-1738.43,0.165848,4,OK,-40.6693,167.92,-1738.56,OK,-88.4457,157.6,-1727.01,OK,-103.658,106.498,-1740.14,OK,-41.2527,111.522,-1757.94,,365926537,Port:2,0,1773324375,618826769,Enabled,0.930127,0.0309254,0.0354926,0.364209,-87.4654,271.256,-1592.32,0.145739,3,OK,-87.288,271.324,-1592.33,OK,-128.994,241.31,-1589.58,OK,-130.185,317.581,-1587.04,,365926537,Port:3,0,1773324375,618826769,Missing,,,,,,,,,4,Missing,,,,Missing,,,,Missing,,,,Missing,,,,,365926537,Port:65535,0,1773324375,618826769,Missing,,,,,,,,,0,,,,,,,,,,,,,,,,,,,,,,,,,,,,,,,,
4,,365926540,Port:1,0,1773324375,668826769,50000000,Enabled,0.685912,0.413915,-0.5859,0.122147,-43.5946,167.285,-1737.78,0.159937,4,OK,-43.5019,167.144,-1737.91,OK,-91.1827,156.002,-1726.77,OK,-105.464,104.76,-1740.37,OK,-43.0399,110.878,-1757.71,,365926540,Port:2,0,1773324375,668826769,Enabled,0.93013,0.0311214,0.0354119,0.364193,-87.4696,271.261,-1592.33,0.143174,3,OK,-87.2969,271.332,-1592.34,OK,-128.999,241.319,-1589.6,OK,-130.183,317.579,-1587.04,,365926540,Port:3,0,1773324375,668826769,Missing,,,,,,,,,4,Missing,,,,Missing,,,,Missing,,,,Missing,,,,,365926540,Port:65535,0,1773324375,668826769,Missing,,,,,,,,,1,OK,-40.7128,206.181,-2041.63,,,,,,,,,,,,,,,,,,,,,,,,,,,,
4,,365926543,Port:1,0,1773324375,718826769,50000000,Enabled,0.68242,0.420627,-0.58426,0.126555,-46.3742,166.573,-1737.13,0.168402,4,OK,-46.2771,166.432,-1737.27,OK,-93.8167,154.445,-1726.37,OK,-107.223,103.083,-1740.37,OK,-44.8284,110.32,-1757.41,,365926543,Port:2,0,1773324375,718826769,Enabled,0.930141,0.0309155,0.0353316,0.36419,-87.4658,271.261,-1592.32,0.143106,3,OK,-87.2926,271.329,-1592.34,OK,-128.995,241.318,-1589.6,OK,-130.182,317.586,-1587.06,,365926543,Port:3,0,1773324375,718826769,Missing,,,,,,,,,4,Missing,,,,Missing,,,,Missing,,,,Missing,,,,,365926543,Port:65535,0,1773324375,718826769,Missing,,,,,,,,,1,OK,-40.8488,206.205,-2041.53,,,,,,,,,,,,,,,,,,,,,,,,,,,,
4,,365926546,Port:1,0,1773324375,768826768,49999999,Enabled,0.678776,0.425131,-0.584998,0.127685,-48.2667,166.047,-1736.59,0.164261,4,OK,-48.1654,165.918,-1736.73,OK,-95.6887,153.506,-1726.16,OK,-108.642,102.155,-1740.65,OK,-46.2088,109.954,-1757.33,,365926546,Port:2,0,1773324375,768826768,Enabled,0.930103,0.0312863,0.0357207,0.364216,-87.4673,271.262,-1592.36,0.144931,3,OK,-87.2942,271.335,-1592.37,OK,-128.994,241.312,-1589.6,OK,-130.179,317.579,-1587.03,,365926546,Port:3,0,1773324375,768826768,Missing,,,,,,,,,4,Missing,,,,Missing,,,,Missing,,,,Missing,,,,,365926546,Port:65535,0,1773324375,768826768,Missing,,,,,,,,,1,OK,-40.9145,206.201,-2041.59,,,,,,,,,,,,,,,,,,,,,,,,,,,,
4,,365926549,Port:1,0,1773324375,818826768,50000000,Enabled,0.675139,0.427093,-0.587216,0.130214,-49.8491,165.711,-1736.33,0.176133,4,OK,-49.7366,165.571,-1736.47,OK,-97.3035,152.892,-1726.38,OK,-109.888,101.552,-1741.14,OK,-47.3366,109.72,-1757.23,,365926549,Port:2,0,1773324375,818826768,Enabled,0.930163,0.0307813,0.0351529,0.364161,-87.4683,271.256,-1592.32,0.141328,3,OK,-87.2976,271.323,-1592.33,OK,-128.998,241.315,-1589.61,OK,-130.183,317.587,-1587.08,,365926549,Port:3,0,1773324375,818826768,Missing,,,,,,,,,4,Missing,,,,Missing,,,,Missing,,,,Missing,,,,,365926549,Port:65535,0,1773324375,818826768,Missing,,,,,,,,,1,OK,-40.9087,206.205,-2041.63,,,,,,,,,,,,,,,,,,,,,,,,,,,,
4,,365926552,Port:1,0,1773324375,868826769,50000001,Enabled,0.670904,0.431833,-0.587397,0.13555,-52.8435,165.357,-1736.54,0.172386,4,OK,-52.7239,165.233,-1736.68,OK,-100.224,151.87,-1727.03,OK,-111.951,100.397,-1742.11,OK,-49.3662,109.457,-1757.65,,365926552,Port:2,0,1773324375,868826769,Enabled,0.930167,0.0308146,0.0350081,0.364161,-87.4653,271.258,-1592.3,0.142146,3,OK,-87.2917,271.323,-1592.31,OK,-128.997,241.32,-1589.6,OK,-130.183,317.587,-1587.06,,365926552,Port:3,0,1773324375,868826769,Missing,,,,,,,,,4,Missing,,,,Missing,,,,Missing,,,,Missing,,,,,365926552,Port:65535,0,1773324375,868826769,Missing,,,,,,,,,1,OK,-40.9279,206.2,-2041.5,,,,,,,,,,,,,,,,,,,,,,,,,,,,
4,,365926555,Port:1,0,1773324375,918826769,50000000,Enabled,0.664457,0.439505,-0.585144,0.151453,-58.7218,164.515,-1737.41,0.188482,4,OK,-58.599,164.38,-1737.58,OK,-105.751,149.436,-1728.6,OK,-115.481,97.5722,-1743.71,OK,-53.0188,108.722,-1758.22,,365926555,Port:2,0,1773324375,918826769,Enabled,0.930126,0.0311775,0.0355928,0.36418,-87.4693,271.257,-1592.34,0.143845,3,OK,-87.2958,271.327,-1592.35,OK,-128.998,241.313,-1589.59,OK,-130.181,317.58,-1587.03,,365926555,Port:3,0,1773324375,918826769,Missing,,,,,,,,,4,Missing,,,,Missing,,,,Missing,,,,Missing,,,,,365926555,Port:65535,0,1773324375,918826769,Missing,,,,,,,,,2,OK,-43.1436,201.844,-2240.85,OK,-40.9057,206.178,-2041.46,,,,,,,,,,,,,,,,,,,,,,,,
4,,365926558,Port:1,0,1773324375,968826769,50000000,Enabled,0.655368,0.449372,-0.581034,0.175948,-66.3014,162.941,-1738.05,0.3018,4,OK,-66.1716,162.779,-1738.35,OK,-112.65,145.52,-1730.08,OK,-119.534,93.1683,-1745.14,OK,-57.2746,107.425,-1758.07,,365926558,Port:2,0,1773324375,968826769,Enabled,0.930184,0.0305669,0.0348185,0.364158,-87.465,271.253,-1592.29,0.142531,3,OK,-87.2931,271.318,-1592.3,OK,-128.997,241.309,-1589.61,OK,-130.184,317.593,-1587.09,,365926558,Port:3,0,1773324375,968826769,Missing,,,,,,,,,4,Missing,,,,Missing,,,,Missing,,,,Missing,,,,,365926558,Port:65535,0,1773324375,968826769,Missing,,,,,,,,,2,OK,-40.9165,206.195,-2041.43,OK,-43.3325,201.787,-2244.25,,,,,,,,,,,,,,,,,,,,,,,,
4,,365926561,Port:1,0,1773324376,18826769,50000000,Enabled,0.650017,0.463177,-0.569785,0.195676,-73.4435,160.709,-1738.97,0.248368,4,OK,-73.3032,160.592,-1739.23,OK,-118.86,140.887,-1731.15,OK,-122.749,88.1362,-1745.99,OK,-61.3722,105.61,-1758.77,,365926561,Port:2,0,1773324376,18826769,Enabled,0.930128,0.0310355,0.0356496,0.364181,-87.4704,271.265,-1592.36,0.142963,3,OK,-87.2983,271.335,-1592.37,OK,-128.997,241.321,-1589.6,OK,-130.182,317.59,-1587.06,,365926561,Port:3,0,1773324376,18826769,Missing,,,,,,,,,4,Missing,,,,Missing,,,,Missing,,,,Missing,,,,,365926561,Port:65535,0,1773324376,18826769,Missing,,,,,,,,,3,OK,-40.926,206.196,-2041.63,OK,-43.4468,201.771,-2245.28,OK,-64.8956,219.245,-2297.28,,,,,,,,,,,,,,,,,,,,
4,,365926564,Port:1,0,1773324376,68826769,50000000,Enabled,0.644036,0.472554,-0.562998,0.212001,-78.8286,158.703,-1739.55,0.202067,4,OK,-78.6896,158.592,-1739.74,OK,-123.485,137.08,-1732.15,OK,-125.063,84.1882,-1746.71,OK,-64.3518,104.055,-1759.08,,365926564,Port:2,0,1773324376,68826769,Enabled,0.930118,0.0308448,0.0356561,0.364223,-87.465,271.261,-1592.34,0.14648,3,OK,-87.2881,271.329,-1592.36,OK,-128.992,241.309,-1589.58,OK,-130.185,317.588,-1587.07,,365926564,Port:3,0,1773324376,68826769,Missing,,,,,,,,,4,Missing,,,,Missing,,,,Missing,,,,Missing,,,,,365926564,Port:65535,0,1773324376,68826769,Missing,,,,,,,,,3,OK,-40.9049,206.184,-2041.54,OK,-43.4759,201.754,-2245.38,OK,-63.7789,219.263,-2294.82,,,,,,,,,,,,,,,,,,,,
4,,365926567,Port:1,0,1773324376,118826769,50000000,Enabled,0.640336,0.478064,-0.558498,0.222499,-82.2058,157.234,-1739.89,0.187013,4,OK,-82.0583,157.125,-1740.05,OK,-126.341,134.502,-1732.72,OK,-126.478,81.5342,-1747.06,OK,-66.2251,102.916,-1759.18,,365926567,Port:2,0,1773324376,118826769,Enabled,0.930131,0.0308388,0.0356303,0.364192,-87.4676,271.261,-1592.33,0.14405,3,OK,-87.2933,271.329,-1592.34,OK,-128.994,241.315,-1589.57,OK,-130.184,317.59,-1587.06,,365926567,Port:3,0,1773324376,118826769,Missing,,,,,,,,,4,Missing,,,,Missing,,,,Missing,,,,Missing,,,,,365926567,Port:65535,0,1773324376,118826769,Missing,,,,,,,,,3,OK,-40.9045,206.201,-2041.6,OK,-43.4795,201.777,-2245.26,OK,-63.8177,219.265,-2295.07,,,,,,,,,,,,,,,,,,,,
4,,365926570,Port:1,0,1773324376,168826770,50000001,Enabled,0.637028,0.4826,-0.555075,0.230618,-84.5628,155.983,-1740.04,0.235622,4,OK,-84.4091,155.876,-1740.27,OK,-128.259,132.35,-1732.98,OK,-127.271,79.4077,-1747.36,OK,-67.3889,101.98,-1759.1,,365926570,Port:2,0,1773324376,168826770,Enabled,0.930129,0.0310225,0.0352938,0.364215,-87.4633,271.259,-1592.32,0.145604,3,OK,-87.2898,271.332,-1592.34,OK,-128.994,241.309,-1589.61,OK,-130.179,317.58,-1587.05,,365926570,Port:3,0,1773324376,168826770,Missing,,,,,,,,,4,Missing,,,,Missing,,,,Missing,,,,Missing,,,,,365926570,Port:65535,0,1773324376,168826770,Missing,,,,,,,,,3,OK,-40.9107,206.205,-2041.55,OK,-43.4829,201.782,-2245.2,OK,-63.8036,219.27,-2295.29,,,,,,,,,,,,,,,,,,,,
4,,365926573,Port:1,0,1773324376,218826770,50000000,Enabled,0.634675,0.486606,-0.550945,0.238458,-86.8167,154.908,-1740.42,0.20757,4,OK,-86.6617,154.806,-1740.61,OK,-130.08,130.474,-1733.44,OK,-127.992,77.4774,-1747.59,OK,-68.5269,101.177,-1759.29,,365926573,Port:2,0,1773324376,218826770,Enabled,0.93011,0.0311481,0.0358761,0.364196,-87.4694,271.258,-1592.36,0.144117,3,OK,-87.2951,271.326,-1592.38,OK,-128.994,241.311,-1589.59,OK,-130.182,317.582,-1587.04,,365926573,Port:3,0,1773324376,218826770,Missing,,,,,,,,,4,Missing,,,,Missing,,,,Missing,,,,Missing,,,,,365926573,Port:65535,0,1773324376,218826770,Missing,,,,,,,,,3,OK,-40.9142,206.189,-2041.55,OK,-43.4754,201.767,-2245.04,OK,-63.8,219.261,-2295.3,,,,,,,,,,,,,,,,,,,,
4,,365926576,Port:1,0,1773324376,268826769,49999999,Enabled,0.630258,0.491986,-0.548133,0.245511,-89.2974,153.543,-1740.48,0.213566,4,OK,-89.1497,153.441,-1740.68,OK,-132.108,128.248,-1733.77,OK,-128.905,75.3344,-1748.04,OK,-69.8271,100.219,-1759.34,,365926576,Port:2,0,1773324376,268826769,Enabled,0.930127,0.0307976,0.0356373,0.364206,-87.4687,271.264,-1592.34,0.142701,3,OK,-87.2967,271.331,-1592.35,OK,-128.993,241.316,-1589.58,OK,-130.186,317.591,-1587.07,,365926576,Port:3,0,1773324376,268826769,Missing,,,,,,,,,4,Missing,,,,Missing,,,,Missing,,,,Missing,,,,,365926576,Port:65535,0,1773324376,268826769,Missing,,,,,,,,,3,OK,-40.9041,206.194,-2041.53,OK,-43.4751,201.773,-2245.03,OK,-63.8022,219.257,-2295.12,,,,,,,,,,,,,,,,,,,,
4,,365926579,Port:1,0,1773324376,318826769,50000000,Enabled,0.626088,0.497187,-0.545125,0.252304,-91.4475,152.015,-1740.15,0.228709,4,OK,-91.2798,151.922,-1740.36,OK,-133.792,125.871,-1733.69,OK,-129.492,73.0782,-1748.05,OK,-70.892,99.1172,-1758.98,,365926579,Port:2,0,1773324376,318826769,Enabled,0.93014,0.0306059,0.035457,0.364206,-87.4675,271.261,-1592.31,0.140796,3,OK,-87.2982,271.329,-1592.33,OK,-128.992,241.315,-1589.57,OK,-130.186,317.589,-1587.08,,365926579,Port:3,0,1773324376,318826769,Missing,,,,,,,,,4,Missing,,,,Missing,,,,Missing,,,,Missing,,,,,365926579,Port:65535,0,1773324376,318826769,Missing,,,,,,,,,3,OK,-40.8971,206.186,-2041.44,OK,-43.4643,201.764,-2244.91,OK,-63.8126,219.256,-2295.1,,,,,,,,,,,,,,,,,,,,
4,,365926582,Port:1,0,1773324376,368826769,50000000,Enabled,0.621493,0.502345,-0.543676,0.256541,-93.2284,150.494,-1739.73,0.21539,4,OK,-93.068,150.401,-1739.93,OK,-135.214,123.709,-1733.63,OK,-130.069,71.0463,-1748.25,OK,-71.7997,98.0061,-1758.78,,365926582,Port:2,0,1773324376,368826769,Enabled,0.930134,0.0309441,0.0353797,0.3642,-87.4658,271.26,-1592.34,0.1443,3,OK,-87.2901,271.328,-1592.35,OK,-128.995,241.317,-1589.61,OK,-130.184,317.584,-1587.07,,365926582,Port:3,0,1773324376,368826769,Missing,,,,,,,,,4,Missing,,,,Missing,,,,Missing,,,,Missing,,,,,365926582,Port:65535,0,1773324376,368826769,Missing,,,,,,,,,3,OK,-40.9175,206.192,-2041.44,OK,-43.4589,201.77,-2244.95,OK,-63.8111,219.291,-2295.36,,,,,,,,,,,,,,,,,,,,
4,,365926585,Port:1,0,1773324376,418826770,50000001,Enabled,0.615829,0.508064,-0.542832,0.26069,-95.0704,148.77,-1739.01,0.22641,4,OK,-94.9043,148.687,-1739.23,OK,-136.671,121.291,-1733.39,OK,-130.655,68.849,-1748.4,OK,-72.7379,96.7691,-1758.32,,365926585,Port:2,0,1773324376,418826770,Enabled,0.930128,0.0309792,0.0354317,0.364208,-87.4658,271.261,-1592.32,0.142813,3,OK,-87.291,271.327,-1592.34,OK,-128.992,241.319,-1589.59,OK,-130.185,317.584,-1587.05,,365926585,Port:3,0,1773324376,418826770,Missing,,,,,,,,,4,Missing,,,,Missing,,,,Missing,,,,Missing,,,,,365926585,Port:65535,0,1773324376,418826770,Missing,,,,,,,,,3,OK,-40.9166,206.182,-2041.55,OK,-43.449,201.759,-2245.12,OK,-63.8065,219.248,-2295.08,,,,,,,,,,,,,,,,,,,,
4,,365926588,Port:1,0,1773324376,468826770,50000000,Enabled,0.609878,0.516541,-0.538983,0.265953,-97.2559,146.682,-1738.25,0.224376,4,OK,-97.0926,146.61,-1738.47,OK,-138.227,118.224,-1732.98,OK,-130.991,66.0536,-1748.44,OK,-73.7036,95.3695,-1757.95,,365926588,Port:2,0,1773324376,468826770,Enabled,0.930131,0.0309006,0.0352117,0.364227,-87.4653,271.256,-1592.31,0.143944,3,OK,-87.2905,271.324,-1592.32,OK,-128.993,241.31,-1589.6,OK,-130.187,317.578,-1587.05,,365926588,Port:3,0,1773324376,468826770,Missing,,,,,,,,,4,Missing,,,,Missing,,,,Missing,,,,Missing,,,,,365926588,Port:65535,0,1773324376,468826770,Missing,,,,,,,,,3,OK,-40.8965,206.194,-2041.48,OK,-43.4632,201.768,-2245.17,OK,-63.8271,219.278,-2295.21,,,,,,,,,,,,,,,,,,,,
4,,365926591,Port:1,0,1773324376,518826769,49999999,Enabled,0.601229,0.528192,-0.532687,0.275285,-100.154,143.863,-1737.84,0.2502,4,OK,-99.9885,143.801,-1738.1,OK,-140.144,113.944,-1733.01,OK,-130.992,62.2051,-1749.02,OK,-74.701,93.5963,-1757.89,,365926591,Port:2,0,1773324376,518826769,Enabled,0.930132,0.031026,0.035539,0.364182,-87.4685,271.259,-1592.35,0.139513,3,OK,-87.3018,271.327,-1592.36,OK,-128.992,241.313,-1589.6,OK,-130.18,317.586,-1587.06,,365926591,Port:3,0,1773324376,518826769,Missing,,,,,,,,,4,Missing,,,,Missing,,,,Missing,,,,Missing,,,,,365926591,Port:65535,0,1773324376,518826769,Missing,,,,,,,,,3,OK,-40.9081,206.2,-2041.49,OK,-43.4455,201.773,-2245.3,OK,-63.808,219.265,-2295.14,,,,,,,,,,,,,,,,,,,,
4,,365926594,Port:1,0,1773324376,568826769,50000000,Enabled,0.59201,0.54077,-0.525318,0.284839,-103.005,140.696,-1737.37,0.253096,4,OK,-102.838,140.634,-1737.63,OK,-141.875,109.246,-1733.02,OK,-130.685,58.065,-1749.55,OK,-75.5808,91.6349,-1757.84,,365926594,Port:2,0,1773324376,568826769,Enabled,0.930148,0.0309964,0.0353145,0.364167,-87.4688,271.263,-1592.33,0.143364,3,OK,-87.2948,271.331,-1592.35,OK,-128.999,241.322,-1589.61,OK,-130.183,317.59,-1587.06,,365926594,Port:3,0,1773324376,568826769,Missing,,,,,,,,,4,Missing,,,,Missing,,,,Missing,,,,Missing,,,,,365926594,Port:65535,0,1773324376,568826769,Missing,,,,,,,,,3,OK,-40.9136,206.197,-2041.51,OK,-43.4483,201.769,-2245.33,OK,-63.8026,219.257,-2295.03,,,,,,,,,,,,,,,,,,,,
4,,365926597,Port:1,0,1773324376,618826769,50000000,Enabled,0.585994,0.550043,-0.517686,0.293368,-105.265,138.017,-1736.99,0.230418,4,OK,-105.091,137.945,-1737.21,OK,-143.136,105.333,-1732.86,OK,-130.318,54.6209,-1749.5,OK,-76.2775,89.9429,-1757.66,,365926597,Port:2,0,1773324376,618826769,Enabled,0.930141,0.0310785,0.0354332,0.364166,-87.4665,271.254,-1592.32,0.143216,3,OK,-87.2936,271.325,-1592.34,OK,-128.997,241.314,-1589.59,OK,-130.178,317.577,-1587.03,,365926597,Port:3,0,1773324376,618826769,Missing,,,,,,,,,4,Missing,,,,Missing,,,,Missing,,,,Missing,,,,,365926597,Port:65535,0,1773324376,618826769,Missing,,,,,,,,,3,OK,-40.9199,206.203,-2041.51,OK,-43.4632,201.771,-2245.48,OK,-63.795,219.255,-2295.21,,,,,,,,,,,,,,,,,,,,
4,,365926600,Port:1,0,1773324376,668826770,50000001,Enabled,0.582246,0.5547,-0.514205,0.298145,-106.598,136.471,-1736.74,0.24723,4,OK,-106.422,136.407,-1736.99,OK,-143.931,103.156,-1732.76,OK,-130.248,52.7042,-1749.55,OK,-76.7765,88.9344,-1757.44,,365926600,Port:2,0,1773324376,668826770,Enabled,0.93014,0.0311721,0.0353687,0.364167,-87.465,271.256,-1592.33,0.143035,3,OK,-87.2892,271.322,-1592.35,OK,-128.995,241.32,-1589.61,OK,-130.18,317.578,-1587.04,,365926600,Port:3,0,1773324376,668826770,Missing,,,,,,,,,4,Missing,,,,Missing,,,,Missing,,,,Missing,,,,,365926600,Port:65535,0,1773324376,668826770,Missing,,,,,,,,,3,OK,-40.9209,206.196,-2041.5,OK,-43.4366,201.761,-2245.63,OK,-63.8043,219.262,-2295.18,,,,,,,,,,,,,,,,,,,,
4,,365926603,Port:1,0,1773324376,718826770,50000000,Enabled,0.578971,0.558272,-0.513341,0.299342,-107.287,135.506,-1736.37,0.244899,4,OK,-107.129,135.457,-1736.62,OK,-144.349,101.89,-1732.63,OK,-130.243,51.618,-1749.74,OK,-77.0538,88.3177,-1757.3,,365926603,Port:2,0,1773324376,718826770,Enabled,0.930136,0.0309042,0.0356085,0.364176,-87.4691,271.259,-1592.34,0.141714,3,OK,-87.2985,271.327,-1592.35,OK,-128.995,241.315,-1589.58,OK,-130.182,317.588,-1587.06,,365926603,Port:3,0,1773324376,718826770,Missing,,,,,,,,,4,Missing,,,,Missing,,,,Missing,,,,Missing,,,,,365926603,Port:65535,0,1773324376,718826770,Missing,,,,,,,,,3,OK,-40.9114,206.209,-2041.57,OK,-43.4575,201.777,-2245.63,OK,-63.8082,219.27,-2295.16,,,,,,,,,,,,,,,,,,,,
4,,365926606,Port:1,0,1773324376,768826769,49999999,Enabled,0.575609,0.561464,-0.510943,0.303924,-108.478,134.406,-1736.57,0.270927,4,OK,-108.306,134.36,-1736.85,OK,-145.103,100.274,-1732.99,OK,-130.27,50.2506,-1750.15,OK,-77.5499,87.658,-1757.42,,365926606,Port:2,0,1773324376,768826769,Enabled,0.930155,0.0307439,0.0355015,0.364151,-87.4704,271.254,-1592.33,0.147473,3,OK,-87.2933,271.323,-1592.35,OK,-129.003,241.306,-1589.59,OK,-130.184,317.592,-1587.08,,365926606,Port:3,0,1773324376,768826769,Missing,,,,,,,,,4,Missing,,,,Missing,,,,Missing,,,,Missing,,,,,365926606,Port:65535,0,1773324376,768826769,Missing,,,,,,,,,3,OK,-40.9122,206.189,-2041.55,OK,-43.4413,201.754,-2245.67,OK,-63.8164,219.253,-2295.08,,,,,,,,,,,,,,,,,,,,
4,,365926609,Port:1,0,1773324376,818826769,50000000,Enabled,0.569811,0.566779,-0.507597,0.310519,-110.288,132.544,-1736.64,0.234849,4,OK,-110.115,132.494,-1736.87,OK,-146.247,97.6632,-1733.48,OK,-130.277,48.0324,-1750.63,OK,-78.2748,86.5118,-1757.52,,365926609,Port:2,0,1773324376,818826769,Enabled,0.93016,0.0309798,0.0350005,0.364167,-87.4653,271.257,-1592.31,0.142467,3,OK,-87.292,271.322,-1592.32,OK,-128.997,241.315,-1589.62,OK,-130.183,317.588,-1587.05,,365926609,Port:3,0,1773324376,818826769,Missing,,,,,,,,,4,Missing,,,,Missing,,,,Missing,,,,Missing,,,,,365926609,Port:65535,0,1773324376,818826769,Missing,,,,,,,,,3,OK,-40.9149,206.193,-2041.64,OK,-43.4561,201.761,-2245.62,OK,-63.8149,219.26,-2295.05,,,,,,,,,,,,,,,,,,,,
4,,365926612,Port:1,0,1773324376,868826769,50000000,Enabled,0.560946,0.575957,-0.502341,0.318225,-112.297,129.634,-1736.05,0.295953,4,OK,-112.121,129.602,-1736.36,OK,-147.198,93.679,-1733.35,OK,-129.697,44.6869,-1751.03,OK,-78.8402,84.7721,-1757.09,,365926612,Port:2,0,1773324376,868826769,Enabled,0.930144,0.0309376,0.035277,0.364185,-87.4671,271.263,-1592.33,0.143128,3,OK,-87.2959,271.336,-1592.34,OK,-128.998,241.32,-1589.61,OK,-130.18,317.586,-1587.06,,365926612,Port:3,0,1773324376,868826769,Missing,,,,,,,,,4,Missing,,,,Missing,,,,Missing,,,,Missing,,,,,365926612,Port:65535,0,1773324376,868826769,Missing,,,,,,,,,3,OK,-40.9237,206.2,-2041.51,OK,-43.4459,201.763,-2245.74,OK,-63.8052,219.25,-2295.13,,,,,,,,,,,,,,,,,,,,
4,,365926615,Port:1,0,1773324376,918826770,50000001,Enabled,0.553794,0.584785,-0.496396,0.323928,-113.964,126.745,-1735.34,0.287657,4,OK,-113.787,126.721,-1735.64,OK,-147.908,89.8542,-1733.01,OK,-129.069,41.4971,-1751.07,OK,-79.2876,82.9713,-1756.72,,365926615,Port:2,0,1773324376,918826770,Enabled,0.930164,0.030739,0.0350155,0.364177,-87.4652,271.256,-1592.29,0.141357,3,OK,-87.2932,271.321,-1592.3,OK,-128.995,241.315,-1589.59,OK,-130.184,317.585,-1587.06,,365926615,Port:3,0,1773324376,918826770,Missing,,,,,,,,,4,Missing,,,,Missing,,,,Missing,,,,Missing,,,,,365926615,Port:65535,0,1773324376,918826770,Missing,,,,,,,,,3,OK,-40.9006,206.202,-2041.45,OK,-43.4472,201.762,-2245.82,OK,-63.8072,219.259,-2295.18,,,,,,,,,,,,,,,,,,,,
4,,365926618,Port:1,0,1773324376,968826770,50000000,Enabled,0.548888,0.593223,-0.490963,0.325214,-115.164,124.248,-1734.11,0.270168,4,OK,-114.993,124.21,-1734.4,OK,-148.408,86.7056,-1732.01,OK,-128.693,38.8902,-1750.63,OK,-79.7315,81.3736,-1756.15,,365926618,Port:2,0,1773324376,968826770,Enabled,0.930169,0.0307825,0.0349451,0.364166,-87.4644,271.261,-1592.32,0.142536,3,OK,-87.2915,271.328,-1592.33,OK,-128.997,241.321,-1589.63,OK,-130.182,317.591,-1587.09,,365926618,Port:3,0,1773324376,968826770,Missing,,,,,,,,,4,Missing,,,,Missing,,,,Missing,,,,Missing,,,,,365926618,Port:65535,0,1773324376,968826770,Missing,,,,,,,,,3,OK,-40.9076,206.191,-2041.48,OK,-43.4566,201.752,-2245.77,OK,-63.8148,219.267,-2295.11,,,,,,,,,,,,,,,,,,,,
4,,365926621,Port:1,0,1773324377,18826764,49999994,Enabled,0.543314,0.602068,-0.485241,0.326902,-116.178,121.657,-1732.66,0.244572,4,OK,-116.001,121.633,-1732.9,OK,-148.615,83.3931,-1730.86,OK,-128.001,36.2197,-1750.02,OK,-79.9653,79.7823,-1755.34,,365926621,Port:2,0,1773324377,18826764,Enabled,0.930145,0.0306893,0.0353312,0.364197,-87.4689,271.257,-1592.31,0.144657,3,OK,-87.2963,271.329,-1592.32,OK,-128.999,241.309,-1589.58,OK,-130.186,317.585,-1587.07,,365926621,Port:3,0,1773324377,18826764,Missing,,,,,,,,,4,Missing,,,,Missing,,,,Missing,,,,Missing,,,,,365926621,Port:65535,0,1773324377,18826764,Missing,,,,,,,,,3,OK,-40.8973,206.194,-2041.43,OK,-43.4403,201.753,-2245.84,OK,-63.815,219.258,-2295.21,,,,,,,,,,,,,,,,,,,,
4,,365926624,Port:1,0,1773324377,68826765,50000001,Enabled,0.538113,0.610533,-0.47681,0.332168,-117.358,118.945,-1731.87,0.263378,4,OK,-117.18,118.925,-1732.14,OK,-148.721,79.7986,-1730.13,OK,-126.885,33.2964,-1749.63,OK,-80.0936,78.1916,-1754.86,,365926624,Port:2,0,1773324377,68826765,Enabled,0.930145,0.030921,0.0354181,0.364169,-87.4694,271.256,-1592.32,0.140929,3,OK,-87.3006,271.325,-1592.34,OK,-128.997,241.313,-1589.59,OK,-130.181,317.582,-1587.05,,365926624,Port:3,0,1773324377,68826765,Missing,,,,,,,,,4,Missing,,,,Missing,,,,Missing,,,,Missing,,,,,365926624,Port:65535,0,1773324377,68826765,Missing,,,,,,,,,3,OK,-40.9078,206.172,-2041.38,OK,-43.452,201.731,-2245.69,OK,-63.8102,219.253,-2295.08,,,,,,,,,,,,,,,,,,,,
4,,365926627,Port:1,0,1773324377,118826765,50000000,Enabled,0.529952,0.61997,-0.468248,0.339899,-118.77,115.64,-1731.25,0.249118,4,OK,-118.586,115.61,-1731.5,OK,-148.813,75.4622,-1729.87,OK,-125.428,29.8534,-1749.6,OK,-80.1374,76.3249,-1754.47,,365926627,Port:2,0,1773324377,118826765,Enabled,0.930162,0.0308068,0.0351354,0.364164,-87.4632,271.255,-1592.29,0.144499,3,OK,-87.289,271.323,-1592.3,OK,-128.996,241.311,-1589.58,OK,-130.179,317.586,-1587.04,,365926627,Port:3,0,1773324377,118826765,Missing,,,,,,,,,4,Missing,,,,Missing,,,,Missing,,,,Missing,,,,,365926627,Port:65535,0,1773324377,118826765,Missing,,,,,,,,,3,OK,-40.9076,206.206,-2041.63,OK,-43.4379,201.771,-2245.85,OK,-63.8064,219.263,-2295.16,,,,,,,,,,,,,,,,,,,,
4,,365926630,Port:1,0,1773324377,168826765,50000000,Enabled,0.523005,0.629062,-0.457517,0.34846,-120.237,112.254,-1730.76,0.278411,4,OK,-120.064,112.231,-1731.06,OK,-148.833,71.0367,-1729.43,OK,-123.834,26.3494,-1749.41,OK,-80.2356,74.3915,-1754.07,,365926630,Port:2,0,1773324377,168826765,Enabled,0.930148,0.0309217,0.035309,0.364172,-87.47,271.258,-1592.32,0.14238,3,OK,-87.2964,271.325,-1592.33,OK,-129,241.319,-1589.6,OK,-130.186,317.583,-1587.05,,365926630,Port:3,0,1773324377,168826765,Missing,,,,,,,,,4,Missing,,,,Missing,,,,Missing,,,,Missing,,,,,365926630,Port:65535,0,1773324377,168826765,Missing,,,,,,,,,3,OK,-40.9048,206.207,-2041.53,OK,-43.4568,201.771,-2245.76,OK,-63.8067,219.252,-2295.09,,,,,,,,,,,,,,,,,,,,
4,,365926633,Port:1,0,1773324377,218826764,49999999,Enabled,0.517209,0.637265,-0.448361,0.354063,-121.389,109.214,-1729.92,0.245773,4,OK,-121.213,109.191,-1730.17,OK,-148.79,67.1826,-1728.74,OK,-122.55,23.3277,-1748.9,OK,-80.375,72.6224,-1753.55,,365926633,Port:2,0,1773324377,218826764,Enabled,0.930146,0.0309194,0.035584,0.364151,-87.4715,271.256,-1592.35,0.145614,3,OK,-87.295,271.323,-1592.36,OK,-129.002,241.312,-1589.6,OK,-130.185,317.59,-1587.07,,365926633,Port:3,0,1773324377,218826764,Missing,,,,,,,,,4,Missing,,,,Missing,,,,Missing,,,,Missing,,,,,365926633,Port:65535,0,1773324377,218826764,Missing,,,,,,,,,3,OK,-40.9165,206.2,-2041.55,OK,-43.4469,201.762,-2245.88,OK,-63.8075,219.259,-2295.15,,,,,,,,,,,,,,,,,,,,
4,,365926636,Port:1,0,1773324377,268826764,50000000,Enabled,0.515592,0.641757,-0.442856,0.355235,-121.633,107.52,-1728.83,0.224345,4,OK,-121.464,107.511,-1729.06,OK,-148.459,65.1417,-1727.59,OK,-121.746,21.6361,-1747.95,OK,-80.2831,71.517,-1752.79,,365926636,Port:2,0,1773324377,268826764,Enabled,0.930166,0.03084,0.034908,0.364172,-87.4631,271.258,-1592.29,0.138922,3,OK,-87.2957,271.324,-1592.3,OK,-128.992,241.317,-1589.6,OK,-130.179,317.587,-1587.05,,365926636,Port:3,0,1773324377,268826764,Missing,,,,,,,,,4,Missing,,,,Missing,,,,Missing,,,,Missing,,,,,365926636,Port:65535,0,1773324377,268826764,Missing,,,,,,,,,3,OK,-40.906,206.192,-2041.5,OK,-43.4573,201.754,-2245.73,OK,-63.8063,219.259,-2295.1,,,,,,,,,,,,,,,,,,,,
4,,365926639,Port:1,0,1773324377,318826765,50000001,Enabled,0.516649,0.641404,-0.440947,0.356706,-121.789,107.023,-1728.59,0.228604,4,OK,-121.606,106.996,-1728.82,OK,-148.5,64.5608,-1727.15,OK,-121.676,21.0698,-1747.31,OK,-80.3463,71.053,-1752.42,,365926639,Port:2,0,1773324377,318826765,Enabled,0.930153,0.0304737,0.0353755,0.364192,-87.467,271.262,-1592.32,0.142896,3,OK,-87.2959,271.331,-1592.34,OK,-128.995,241.315,-1589.58,OK,-130.185,317.594,-1587.11,,365926639,Port:3,0,1773324377,318826765,Missing,,,,,,,,,4,Missing,,,,Missing,,,,Missing,,,,Missing,,,,,365926639,Port:65535,0,1773324377,318826765,Missing,,,,,,,,,3,OK,-40.9177,206.201,-2041.58,OK,-43.4465,201.765,-2245.82,OK,-63.8091,219.265,-2295.24,,,,,,,,,,,,,,,,,,,,
4,,365926642,Port:1,0,1773324377,368826765,50000000,Enabled,0.516091,0.642432,-0.440262,0.356511,-121.83,106.593,-1728.24,0.244034,4,OK,-121.643,106.556,-1728.49,OK,-148.448,64.0697,-1726.82,OK,-121.574,20.6802,-1747.1,OK,-80.3521,70.7443,-1752.16,,365926642,Port:2,0,1773324377,368826765,Enabled,0.930138,0.0310342,0.0354011,0.36418,-87.4692,271.253,-1592.33,0.14137,3,OK,-87.297,271.318,-1592.34,OK,-128.996,241.312,-1589.6,OK,-130.185,317.58,-1587.05,,365926642,Port:3,0,1773324377,368826765,Missing,,,,,,,,,4,Missing,,,,Missing,,,,Missing,,,,Missing,,,,,365926642,Port:65535,0,1773324377,368826765,Missing,,,,,,,,,3,OK,-40.8995,206.203,-2041.57,OK,-43.4462,201.765,-2245.89,OK,-63.8143,219.264,-2295.22,,,,,,,,,,,,,,,,,,,,
4,,365926645,Port:1,0,1773324377,418826765,50000000,Enabled,0.517099,0.642863,-0.438445,0.356513,-121.76,106.644,-1728.17,0.238603,4,OK,-121.574,106.609,-1728.41,OK,-148.301,64.073,-1726.58,OK,-121.389,20.6825,-1746.84,OK,-80.27,70.8284,-1752.15,,365926645,Port:2,0,1773324377,418826765,Enabled,0.930128,0.0308405,0.0357847,0.364183,-87.4666,271.261,-1592.34,0.144807,3,OK,-87.2932,271.331,-1592.36,OK,-128.993,241.312,-1589.57,OK,-130.18,317.591,-1587.07,,365926645,Port:3,0,1773324377,418826765,Missing,,,,,,,,,4,Missing,,,,Missing,,,,Missing,,,,Missing,,,,,365926645,Port:65535,0,1773324377,418826765,Missing,,,,,,,,,3,OK,-40.9162,206.209,-2041.44,OK,-43.4541,201.769,-2245.9,OK,-63.8061,219.262,-2295,,,,,,,,,,,,,,,,,,,,
4,,365926648,Port:1,0,1773324377,468826764,49999999,Enabled,0.517396,0.642206,-0.439018,0.356561,-121.688,107.03,-1728.4,0.238402,4,OK,-121.518,107.017,-1728.65,OK,-148.288,64.5051,-1726.78,OK,-121.417,21.0542,-1747.03,OK,-80.2323,71.1126,-1752.31,,365926648,Port:2,0,1773324377,468826764,Enabled,0.930152,0.0308147,0.035464,0.364157,-87.4666,271.255,-1592.32,0.141782,3,OK,-87.2952,271.321,-1592.33,OK,-128.994,241.312,-1589.58,OK,-130.18,317.588,-1587.06,,365926648,Port:3,0,1773324377,468826764,Missing,,,,,,,,,4,Missing,,,,Missing,,,,Missing,,,,Missing,,,,,365926648,Port:65535,0,1773324377,468826764,Missing,,,,,,,,,3,OK,-40.9156,206.189,-2041.46,OK,-43.4437,201.75,-2245.75,OK,-63.7923,219.255,-2295.1,,,,,,,,,,,,,,,,,,,,
4,,365926651,Port:1,0,1773324377,518826764,50000000,Enabled,0.518735,0.64085,-0.439274,0.35674,-121.23,107.652,-1728.6,0.24912,4,OK,-121.045,107.616,-1728.86,OK,-147.917,65.1865,-1726.86,OK,-121.164,21.6209,-1746.96,OK,-79.8607,71.5885,-1752.38,,365926651,Port:2,0,1773324377,518826764,Enabled,0.930168,0.0309578,0.0349544,0.364152,-87.4665,271.256,-1592.3,0.141718,3,OK,-87.2943,271.322,-1592.31,OK,-128.999,241.318,-1589.61,OK,-130.182,317.585,-1587.05,,365926651,Port:3,0,1773324377,518826764,Missing,,,,,,,,,4,Missing,,,,Missing,,,,Missing,,,,Missing,,,,,365926651,Port:65535,0,1773324377,518826764,Missing,,,,,,,,,3,OK,-40.9202,206.207,-2041.43,OK,-43.4506,201.765,-2245.93,OK,-63.8156,219.253,-2295.07,,,,,,,,,,,,,,,,,,,,
4,,365926654,Port:1,0,1773324377,568826765,50000001,Enabled,0.520198,0.640213,-0.440494,0.354241,-120.345,108.467,-1728.64,0.253369,4,OK,-120.164,108.44,-1728.9,OK,-147.28,66.1593,-1726.83,OK,-120.815,22.4434,-1747.05,OK,-79.2474,72.1693,-1752.55,,365926654,Port:2,0,1773324377,568826765,Enabled,0.930138,0.0307875,0.0353468,0.364206,-87.4641,271.265,-1592.32,0.143913,3,OK,-87.2906,271.333,-1592.33,OK,-128.992,241.317,-1589.59,OK,-130.183,317.592,-1587.07,,365926654,Port:3,0,1773324377,568826765,Missing,,,,,,,,,4,Missing,,,,Missing,,,,Missing,,,,Missing,,,,,365926654,Port:65535,0,1773324377,568826765,Missing,,,,,,,,,3,OK,-40.9229,206.214,-2041.57,OK,-43.4412,201.777,-2245.88,OK,-63.8211,219.264,-2295.3,,,,,,,,,,,,,,,,,,,,
4,,365926657,Port:1,0,1773324377,618826765,50000000,Enabled,0.520096,0.640258,-0.443448,0.350605,-119.611,109.067,-1728.42,0.250457,4,OK,-119.441,109.057,-1728.68,OK,-146.86,66.9547,-1726.79,OK,-120.75,23.1421,-1747.31,OK,-78.8119,72.587,-1752.59,,365926657,Port:2,0,1773324377,618826765,Enabled,0.930181,0.0306368,0.0348364,0.364159,-87.4653,271.252,-1592.28,0.142809,3,OK,-87.2934,271.32,-1592.29,OK,-128.999,241.31,-1589.59,OK,-130.183,317.586,-1587.07,,365926657,Port:3,0,1773324377,618826765,Missing,,,,,,,,,4,Missing,,,,Missing,,,,Missing,,,,Missing,,,,,365926657,Port:65535,0,1773324377,618826765,Missing,,,,,,,,,3,OK,-40.9088,206.199,-2041.47,OK,-43.43,201.76,-2245.83,OK,-63.812,219.273,-2295.18,,,,,,,,,,,,,,,,,,,,
4,,365926660,Port:1,0,1773324377,668826765,50000000,Enabled,0.522364,0.640023,-0.443996,0.346949,-118.905,109.759,-1728.15,0.245237,4,OK,-118.718,109.725,-1728.4,OK,-146.424,67.8092,-1726.41,OK,-120.703,23.8658,-1747.05,OK,-78.4815,73.0536,-1752.6,,365926660,Port:2,0,1773324377,668826765,Enabled,0.930126,0.0308936,0.0355742,0.364205,-87.4729,271.255,-1592.32,0.142108,3,OK,-87.3012,271.323,-1592.33,OK,-128.998,241.31,-1589.57,OK,-130.189,317.579,-1587.05,,365926660,Port:3,0,1773324377,668826765,Missing,,,,,,,,,4,Missing,,,,Missing,,,,Missing,,,,Missing,,,,,365926660,Port:65535,0,1773324377,668826765,Missing,,,,,,,,,3,OK,-40.913,206.187,-2041.37,OK,-43.451,201.743,-2245.85,OK,-63.8095,219.25,-2295.1,,,,,,,,,,,,,,,,,,,,
4,,365926663,Port:1,0,1773324377,718826764,49999999,Enabled,0.523504,0.638017,-0.448819,0.342695,-117.913,111.058,-1728.19,0.298841,4,OK,-117.73,111.031,-1728.51,OK,-145.961,69.4587,-1726.52,OK,-120.852,25.2667,-1747.45,OK,-77.9853,73.9069,-1752.71,,365926663,Port:2,0,1773324377,718826764,Enabled,0.930109,0.0309723,0.0357144,0.36423,-87.4691,271.265,-1592.35,0.144634,3,OK,-87.2956,271.335,-1592.36,OK,-128.993,241.313,-1589.58,OK,-130.186,317.589,-1587.06,,365926663,Port:3,0,1773324377,718826764,Missing,,,,,,,,,4,Missing,,,,Missing,,,,Missing,,,,Missing,,,,,365926663,Port:65535,0,1773324377,718826764,Missing,,,,,,,,,3,OK,-40.9162,206.199,-2041.58,OK,-43.4463,201.763,-2245.75,OK,-63.8158,219.259,-2295.12,,,,,,,,,,,,,,,,,,,,
4,,365926666,Port:1,0,1773324377,768826764,50000000,Enabled,0.527901,0.631845,-0.45647,0.337236,-116.238,113.593,-1728.94,0.260968,4,OK,-116.069,113.557,-1729.22,OK,-145.301,72.7,-1727.27,OK,-121.207,27.8521,-1748.02,OK,-77.1539,75.4392,-1753.39,,365926666,Port:2,0,1773324377,768826764,Enabled,0.93016,0.030828,0.035277,0.364152,-87.465,271.256,-1592.32,0.144817,3,OK,-87.2888,271.323,-1592.33,OK,-128.998,241.315,-1589.6,OK,-130.181,317.588,-1587.07,,365926666,Port:3,0,1773324377,768826764,Missing,,,,,,,,,4,Missing,,,,Missing,,,,Missing,,,,Missing,,,,,365926666,Port:65535,0,1773324377,768826764,Missing,,,,,,,,,3,OK,-40.8838,206.202,-2041.5,OK,-43.4515,201.762,-2245.89,OK,-63.8046,219.262,-2295.12,,,,,,,,,,,,,,,,,,,,
4,,365926669,Port:1,0,1773324377,818826765,50000001,Enabled,0.53709,0.62111,-0.464663,0.331428,-114.055,117.248,-1730.03,0.272862,4,OK,-113.885,117.208,-1730.32,OK,-144.419,77.3424,-1727.85,OK,-121.809,31.4837,-1748.08,OK,-76.2449,77.5543,-1753.97,,365926669,Port:2,0,1773324377,818826765,Enabled,0.930144,0.0309143,0.035414,0.364174,-87.4702,271.257,-1592.34,0.146567,3,OK,-87.2928,271.326,-1592.35,OK,-129.002,241.312,-1589.6,OK,-130.186,317.586,-1587.07,,365926669,Port:3,0,1773324377,818826765,Missing,,,,,,,,,4,Missing,,,,Missing,,,,Missing,,,,Missing,,,,,365926669,Port:65535,0,1773324377,818826765,Missing,,,,,,,,,3,OK,-40.9197,206.186,-2041.5,OK,-43.4521,201.748,-2245.72,OK,-63.7992,219.263,-2295.1,,,,,,,,,,,,,,,,,,,,
4,,365926672,Port:1,0,1773324377,868826765,50000000,Enabled,0.545256,0.612592,-0.472257,0.323109,-111.92,120.591,-1730.67,0.260542,4,OK,-111.747,120.558,-1730.95,OK,-143.52,81.6775,-1728.13,OK,-122.457,34.9992,-1748.11,OK,-75.5002,79.5572,-1754.52,,365926672,Port:2,0,1773324377,868826765,Enabled,0.930166,0.0306084,0.0348758,0.364195,-87.4684,271.265,-1592.32,0.139965,3,OK,-87.2987,271.329,-1592.33,OK,-128.996,241.321,-1589.63,OK,-130.191,317.599,-1587.11,,365926672,Port:3,0,1773324377,868826765,Missing,,,,,,,,,4,Missing,,,,Missing,,,,Missing,,,,Missing,,,,,365926672,Port:65535,0,1773324377,868826765,Missing,,,,,,,,,3,OK,-40.9145,206.193,-2041.58,OK,-43.4446,201.759,-2245.64,OK,-63.8009,219.277,-2295.23,,,,,,,,,,,,,,,,,,,,
4,,365926675,Port:1,0,1773324377,918826765,50000000,Enabled,0.558698,0.60271,-0.475163,0.314353,-109.454,124.309,-1731.02,0.281197,4,OK,-109.273,124.249,-1731.32,OK,-142.195,86.4378,-1727.38,OK,-122.9,38.8106,-1746.84,OK,-74.6764,81.7881,-1754.63,,365926675,Port:2,0,1773324377,918826765,Enabled,0.930125,0.0309165,0.0357368,0.364191,-87.4666,271.261,-1592.34,0.143495,3,OK,-87.2949,271.33,-1592.36,OK,-128.992,241.312,-1589.58,OK,-130.179,317.589,-1587.06,,365926675,Port:3,0,1773324377,918826765,Missing,,,,,,,,,4,Missing,,,,Missing,,,,Missing,,,,Missing,,,,,365926675,Port:65535,0,1773324377,918826765,Missing,,,,,,,,,3,OK,-40.9115,206.186,-2041.41,OK,-43.4455,201.748,-2245.66,OK,-63.8103,219.26,-2295.24,,,,,,,,,,,,,,,,,,,,
4,,365926678,Port:1,0,1773324377,968826764,49999999,Enabled,0.567663,0.594582,-0.482497,0.302371,-106.52,127.712,-1731.22,0.290142,4,OK,-106.342,127.64,-1731.54,OK,-140.553,91.0422,-1727.1,OK,-123.149,42.6935,-1746.57,OK,-73.5076,83.8906,-1754.98,,365926678,Port:2,0,1773324377,968826764,Enabled,0.93012,0.0307775,0.0356335,0.364225,-87.4674,271.262,-1592.33,0.141158,3,OK,-87.2984,271.331,-1592.34,OK,-128.99,241.313,-1589.57,OK,-130.184,317.586,-1587.06,,365926678,Port:3,0,1773324377,968826764,Missing,,,,,,,,,4,Missing,,,,Missing,,,,Missing,,,,Missing,,,,,365926678,Port:65535,0,1773324377,968826764,Missing,,,,,,,,,3,OK,-40.9167,206.2,-2041.5,OK,-43.4518,201.766,-2245.61,OK,-63.8215,219.256,-2295.15,,,,,,,,,,,,,,,,,,,,
4,,365926681,Port:1,0,1773324378,18826764,50000000,Enabled,0.57781,0.585251,-0.488027,0.29231,-102.986,131.303,-1731.99,0.24426,4,OK,-102.811,131.232,-1732.24,OK,-138.182,95.8349,-1727.24,OK,-122.568,46.7241,-1746.3,OK,-71.6774,86.1869,-1755.68,,365926681,Port:2,0,1773324378,18826764,Enabled,0.930132,0.0309231,0.0354712,0.364198,-87.4674,271.264,-1592.33,0.144163,3,OK,-87.2943,271.335,-1592.35,OK,-128.996,241.319,-1589.59,OK,-130.182,317.587,-1587.06,,365926681,Port:3,0,1773324378,18826764,Missing,,,,,,,,,4,Missing,,,,Missing,,,,Missing,,,,Missing,,,,,365926681,Port:65535,0,1773324378,18826764,Missing,,,,,,,,,3,OK,-40.9043,206.182,-2041.49,OK,-43.4425,201.75,-2245.38,OK,-63.816,219.254,-2295.01,,,,,,,,,,,,,,,,,,,,
4,,365926684,Port:1,0,1773324378,68826764,50000000,Enabled,0.588591,0.574007,-0.495183,0.280837,-99.1802,135.25,-1732.78,0.257186,4,OK,-99.011,135.166,-1733.05,OK,-135.665,101.222,-1727.34,OK,-122.169,51.3648,-1746.05,OK,-69.8835,88.7175,-1756.26,,365926684,Port:2,0,1773324378,68826764,Enabled,0.930132,0.0307737,0.0355845,0.364198,-87.4675,271.256,-1592.33,0.143425,3,OK,-87.2947,271.322,-1592.34,OK,-128.992,241.306,-1589.58,OK,-130.186,317.59,-1587.07,,365926684,Port:3,0,1773324378,68826764,Missing,,,,,,,,,4,Missing,,,,Missing,,,,Missing,,,,Missing,,,,,365926684,Port:65535,0,1773324378,68826764,Missing,,,,,,,,,3,OK,-40.8972,206.199,-2041.53,OK,-43.4651,201.768,-2245.46,OK,-63.8167,219.255,-2295.07,,,,,,,,,,,,,,,,,,,,
4,,365926687,Port:1,0,1773324378,118826764,50000000,Enabled,0.597677,0.564593,-0.503422,0.265674,-95.4096,138.904,-1733.06,0.247782,4,OK,-95.2412,138.821,-1733.32,OK,-133.235,106.439,-1727.14,OK,-122.027,56.0222,-1745.88,OK,-68.3399,91.1455,-1756.79,,365926687,Port:2,0,1773324378,118826764,Enabled,0.930148,0.0309368,0.0353298,0.36417,-87.4682,271.253,-1592.3,0.142203,3,OK,-87.2957,271.319,-1592.32,OK,-128.997,241.311,-1589.58,OK,-130.183,317.58,-1587.04,,365926687,Port:3,0,1773324378,118826764,Missing,,,,,,,,,4,Missing,,,,Missing,,,,Missing,,,,Missing,,,,,365926687,Port:65535,0,1773324378,118826764,Missing,,,,,,,,,3,OK,-40.9176,206.202,-2041.47,OK,-43.4675,201.771,-2245.47,OK,-63.8135,219.255,-2295.2,,,,,,,,,,,,,,,,,,,,
4,,365926690,Port:1,0,1773324378,168826764,50000000,Enabled,0.603344,0.559199,-0.508636,0.254092,-92.2842,141.364,-1733.25,0.259952,4,OK,-92.1264,141.269,-1733.52,OK,-130.955,109.973,-1726.98,OK,-121.352,59.2876,-1745.94,OK,-66.7879,92.9034,-1757.3,,365926690,Port:2,0,1773324378,168826764,Enabled,0.930115,0.0311232,0.0358323,0.36419,-87.4726,271.262,-1592.37,0.145601,3,OK,-87.2974,271.333,-1592.38,OK,-129,241.315,-1589.6,OK,-130.184,317.586,-1587.06,,365926690,Port:3,0,1773324378,168826764,Missing,,,,,,,,,4,Missing,,,,Missing,,,,Missing,,,,Missing,,,,,365926690,Port:65535,0,1773324378,168826764,Missing,,,,,,,,,3,OK,-40.9211,206.202,-2041.54,OK,-43.466,201.772,-2245.47,OK,-63.7983,219.258,-2295.07,,,,,,,,,,,,,,,,,,,,
4,,365926693,Port:1,0,1773324378,218826764,50000000,Enabled,0.608304,0.554006,-0.511659,0.247483,-89.708,143.244,-1733.65,0.219896,4,OK,-89.5391,143.141,-1733.86,OK,-128.934,112.624,-1727.11,OK,-120.412,61.689,-1745.81,OK,-65.3159,94.2313,-1757.72,,365926693,Port:2,0,1773324378,218826764,Enabled,0.930137,0.0308829,0.0354208,0.364192,-87.4667,271.26,-1592.32,0.141484,3,OK,-87.2959,271.327,-1592.33,OK,-128.993,241.315,-1589.58,OK,-130.183,317.589,-1587.05,,365926693,Port:3,0,1773324378,218826764,Missing,,,,,,,,,4,Missing,,,,Missing,,,,Missing,,,,Missing,,,,,365926693,Port:65535,0,1773324378,218826764,Missing,,,,,,,,,3,OK,-40.9194,206.189,-2041.56,OK,-43.4637,201.758,-2245.49,OK,-63.8065,219.251,-2295.1,,,,,,,,,,,,,,,,,,,,
4,,365926696,Port:1,0,1773324378,268826764,50000000,Enabled,0.61259,0.551073,-0.513671,0.239153,-86.9826,144.582,-1733.65,0.241593,4,OK,-86.8229,144.483,-1733.9,OK,-126.685,114.637,-1726.73,OK,-119.233,63.6011,-1745.63,OK,-63.6599,95.1714,-1758,,365926696,Port:2,0,1773324378,268826764,Enabled,0.930168,0.0308408,0.0350392,0.364154,-87.467,271.257,-1592.31,0.140566,3,OK,-87.2949,271.32,-1592.32,OK,-128.997,241.319,-1589.61,OK,-130.185,317.59,-1587.07,,365926696,Port:3,0,1773324378,268826764,Missing,,,,,,,,,4,Missing,,,,Missing,,,,Missing,,,,Missing,,,,,365926696,Port:65535,0,1773324378,268826764,Missing,,,,,,,,,3,OK,-40.9199,206.207,-2041.7,OK,-43.4623,201.777,-2245.7,OK,-63.8036,219.235,-2294.99,,,,,,,,,,,,,,,,,,,,
4,,365926699,Port:1,0,1773324378,318826764,50000000,Enabled,0.619648,0.547917,-0.511746,0.23225,-83.4603,146.172,-1733.8,0.220225,4,OK,-83.3047,146.06,-1734.01,OK,-123.432,116.797,-1726.12,OK,-116.932,65.5448,-1744.79,OK,-61.1718,96.3387,-1758.25,,365926699,Port:2,0,1773324378,318826764,Enabled,0.930113,0.0308771,0.0358476,0.364214,-87.4675,271.259,-1592.33,0.143607,3,OK,-87.2952,271.329,-1592.34,OK,-128.991,241.309,-1589.55,OK,-130.183,317.584,-1587.04,,365926699,Port:3,0,1773324378,318826764,Missing,,,,,,,,,4,Missing,,,,Missing,,,,Missing,,,,Missing,,,,,365926699,Port:65535,0,1773324378,318826764,Missing,,,,,,,,,3,OK,-40.9221,206.198,-2041.41,OK,-43.4566,201.757,-2245.78,OK,-63.8226,219.265,-2295.23,,,,,,,,,,,,,,,,,,,,
4,,365926702,Port:1,0,1773324378,368826764,50000000,Enabled,0.626856,0.539982,-0.514325,0.225701,-79.3993,148.643,-1734.74,0.245882,4,OK,-79.2406,148.525,-1734.99,OK,-119.913,120.229,-1726.45,OK,-114.752,68.6807,-1744.71,OK,-58.4719,98.1081,-1758.82,,365926702,Port:2,0,1773324378,368826764,Enabled,0.930121,0.0310516,0.0355621,0.364206,-87.4684,271.26,-1592.35,0.1441,3,OK,-87.2928,271.325,-1592.36,OK,-128.994,241.313,-1589.6,OK,-130.187,317.586,-1587.06,,365926702,Port:3,0,1773324378,368826764,Missing,,,,,,,,,4,Missing,,,,Missing,,,,Missing,,,,Missing,,,,,365926702,Port:65535,0,1773324378,368826764,Missing,,,,,,,,,3,OK,-40.9128,206.185,-2041.59,OK,-43.4476,201.749,-2245.75,OK,-63.7585,219.273,-2294.66,,,,,,,,,,,,,,,,,,,,
4,,365926705,Port:1,0,1773324378,418826764,50000000,Enabled,0.630379,0.532653,-0.520936,0.218011,-76.4717,150.796,-1735.67,0.255324,4,OK,-76.3078,150.672,-1735.93,OK,-117.709,123.45,-1727.31,OK,-113.904,71.7513,-1745.46,OK,-56.8571,99.6999,-1759.65,,365926705,Port:2,0,1773324378,418826764,Enabled,0.930132,0.0310162,0.0355793,0.364179,-87.4686,271.263,-1592.35,0.139881,3,OK,-87.3006,271.329,-1592.36,OK,-128.992,241.316,-1589.6,OK,-130.181,317.593,-1587.06,,365926705,Port:3,0,1773324378,418826764,Missing,,,,,,,,,4,Missing,,,,Missing,,,,Missing,,,,Missing,,,,,365926705,Port:65535,0,1773324378,418826764,Missing,,,,,,,,,3,OK,-40.9127,206.184,-2041.39,OK,-43.4249,201.753,-2245.21,OK,-63.653,219.275,-2294.59,,,,,,,,,,,,,,,,,,,,
4,,365926708,Port:1,0,1773324378,468826764,50000000,Enabled,0.631798,0.529064,-0.524575,0.213878,-75.2359,151.923,-1735.96,0.268059,4,OK,-75.0739,151.782,-1736.23,OK,-116.801,125.13,-1727.62,OK,-113.731,73.3786,-1745.75,OK,-56.3352,100.593,-1759.9,,365926708,Port:2,0,1773324378,468826764,Enabled,0.930128,0.0313967,0.035686,0.364145,-87.4674,271.257,-1592.34,0.144785,3,OK,-87.2941,271.329,-1592.36,OK,-128.998,241.313,-1589.6,OK,-130.173,317.582,-1587.01,,365926708,Port:3,0,1773324378,468826764,Missing,,,,,,,,,4,Missing,,,,Missing,,,,Missing,,,,Missing,,,,,365926708,Port:65535,0,1773324378,468826764,Missing,,,,,,,,,3,OK,-40.9145,206.202,-2041.53,OK,-43.4081,201.78,-2245.05,OK,-64.3603,219.123,-2304.37,,,,,,,,,,,,,,,,,,,,
4,,365926711,Port:1,0,1773324378,518826764,50000000,Enabled,0.630564,0.530208,-0.526073,0.21099,-75.2557,151.79,-1735.61,0.271215,4,OK,-75.0936,151.656,-1735.89,OK,-116.93,125.087,-1727.41,OK,-114.021,73.4599,-1745.9,OK,-56.5355,100.535,-1759.88,,365926711,Port:2,0,1773324378,518826764,Enabled,0.930148,0.0308949,0.0350314,0.364203,-87.4637,271.254,-1592.3,0.14151,3,OK,-87.2927,271.321,-1592.31,OK,-128.992,241.309,-1589.6,OK,-130.183,317.581,-1587.05,,365926711,Port:3,0,1773324378,518826764,Missing,,,,,,,,,4,Missing,,,,Missing,,,,Missing,,,,Missing,,,,,365926711,Port:65535,0,1773324378,518826764,Missing,,,,,,,,,3,OK,-40.9099,206.194,-2041.36,OK,-43.4071,201.768,-2245.06,OK,-64.3297,219.13,-2303.66,,,,,,,,,,,,,,,,,,,,
4,,365926714,Port:1,0,1773324378,568826764,50000000,Enabled,0.629403,0.53166,-0.525965,0.211069,-75.7466,151.31,-1735.23,0.25698,4,OK,-75.5864,151.18,-1735.5,OK,-117.358,124.493,-1727.15,OK,-114.327,72.9193,-1745.76,OK,-56.9082,100.165,-1759.66,,365926714,Port:2,0,1773324378,568826764,Enabled,0.930171,0.0308393,0.0350992,0.364142,-87.469,271.255,-1592.31,0.144127,3,OK,-87.2932,271.321,-1592.32,OK,-129.003,241.317,-1589.6,OK,-130.185,317.587,-1587.06,,365926714,Port:3,0,1773324378,568826764,Missing,,,,,,,,,4,Missing,,,,Missing,,,,Missing,,,,Missing,,,,,365926714,Port:65535,0,1773324378,568826764,Missing,,,,,,,,,3,OK,-40.9163,206.189,-2041.45,OK,-43.429,201.762,-2245.19,OK,-65.6052,218.965,-2316.66,,,,,,,,,,,,,,,,,,,,
4,,365926717,Port:1,0,1773324378,618826764,50000000,Enabled,0.628152,0.53386,-0.525781,0.209696,-76.2413,150.741,-1734.8,0.234384,4,OK,-76.0851,150.618,-1735.04,OK,-117.838,123.841,-1726.82,OK,-114.729,72.36,-1745.69,OK,-57.3359,99.7341,-1759.57,,365926717,Port:2,0,1773324378,618826764,Enabled,0.930162,0.0309755,0.035148,0.364147,-87.4683,271.254,-1592.31,0.144521,3,OK,-87.2934,271.323,-1592.32,OK,-129.002,241.314,-1589.6,OK,-130.182,317.584,-1587.04,,365926717,Port:3,0,1773324378,618826764,Missing,,,,,,,,,4,Missing,,,,Missing,,,,Missing,,,,Missing,,,,,365926717,Port:65535,0,1773324378,618826764,Missing,,,,,,,,,3,OK,-40.9008,206.187,-2041.44,OK,-43.4209,201.757,-2245.3,OK,-63.6589,219.249,-2294.31,,,,,,,,,,,,,,,,,,,,
4,,365926720,Port:1,0,1773324378,668826764,50000000,Enabled,0.627383,0.535215,-0.525415,0.209463,-76.5558,150.386,-1734.47,0.252087,4,OK,-76.4022,150.27,-1734.73,OK,-118.098,123.391,-1726.5,OK,-114.908,71.9581,-1745.57,OK,-57.5632,99.4755,-1759.35,,365926720,Port:2,0,1773324378,668826764,Enabled,0.930125,0.0311913,0.0352889,0.364211,-87.4672,271.258,-1592.34,0.146155,3,OK,-87.2896,271.327,-1592.36,OK,-128.998,241.311,-1589.63,OK,-130.186,317.579,-1587.05,,365926720,Port:3,0,1773324378,668826764,Missing,,,,,,,,,4,Missing,,,,Missing,,,,Missing,,,,Missing,,,,,365926720,Port:65535,0,1773324378,668826764,Missing,,,,,,,,,3,OK,-40.9006,206.189,-2041.42,OK,-43.4222,201.756,-2245.39,OK,-63.6721,219.272,-2294.41,,,,,,,,,,,,,,,,,,,,
4,,365926723,Port:1,0,1773324378,718826764,50000000,Enabled,0.625956,0.535639,-0.527198,0.208163,-76.7036,150.305,-1734.31,0.24452,4,OK,-76.5491,150.18,-1734.56,OK,-118.339,123.386,-1726.56,OK,-115.219,72.0244,-1745.81,OK,-57.7823,99.4503,-1759.38,,365926723,Port:2,0,1773324378,718826764,Enabled,0.93012,0.0312217,0.0355891,0.364191,-87.4698,271.26,-1592.35,0.143531,3,OK,-87.2973,271.332,-1592.36,OK,-128.998,241.317,-1589.61,OK,-130.181,317.578,-1587.04,,365926723,Port:3,0,1773324378,718826764,Missing,,,,,,,,,4,Missing,,,,Missing,,,,Missing,,,,Missing,,,,,365926723,Port:65535,0,1773324378,718826764,Missing,,,,,,,,,3,OK,-40.9041,206.194,-2041.5,OK,-43.4345,201.763,-2245.45,OK,-63.6775,219.28,-2294.52,,,,,,,,,,,,,,,,,,,,
4,,365926726,Port:1,0,1773324378,768826764,50000000,Enabled,0.625217,0.53579,-0.528277,0.207258,-76.89,150.251,-1734.25,0.232956,4,OK,-76.7248,150.128,-1734.48,OK,-118.594,123.385,-1726.64,OK,-115.534,72.0675,-1745.96,OK,-58.0361,99.4243,-1759.44,,365926726,Port:2,0,1773324378,768826764,Enabled,0.930162,0.0307112,0.0352092,0.364165,-87.4687,271.255,-1592.3,0.142297,3,OK,-87.2976,271.322,-1592.31,OK,-128.998,241.31,-1589.58,OK,-130.184,317.588,-1587.06,,365926726,Port:3,0,1773324378,768826764,Missing,,,,,,,,,4,Missing,,,,Missing,,,,Missing,,,,Missing,,,,,365926726,Port:65535,0,1773324378,768826764,Missing,,,,,,,,,3,OK,-40.9102,206.187,-2041.35,OK,-43.4174,201.754,-2245.35,OK,-63.6739,219.271,-2294.45,,,,,,,,,,,,,,,,,,,,
