ToolCount,ToolInfo,Frame#,PortHandle,Face#,timespec_s,timespec_ns,,TransformStatus,Q0,Qx,Qy,Qz,Tx,Ty,Tz,Error,#Markers,Marker0.Status,Tx,Ty,Tz,Marker1.Status,Tx,Ty,Tz,Marker2.Status,Tx,Ty,Tz,Marker3.Status,Tx,Ty,Tz,ToolInfo,Frame#,PortHandle,Face#,timespec_s,timespec_ns,TransformStatus,Q0,Qx,Qy,Qz,Tx,Ty,Tz,Error,#Markers,Marker0.Status,Tx,Ty,Tz,Marker1.Status,Tx,Ty,Tz,Marker2.Status,Tx,Ty,Tz,ToolInfo,Frame#,PortHandle,Face#,timespec_s,timespec_ns,TransformStatus,Q0,Qx,Qy,Qz,Tx,Ty,Tz,Error,#Markers,Marker0.Status,Tx,Ty,Tz,Marker1.Status,Tx,Ty,Tz,Marker2.Status,Tx,Ty,Tz,Marker3.Status,Tx,Ty,Tz,ToolInfo,Frame#,PortHandle,Face#,timespec_s,timespec_ns,TransformStatus,Q0,Qx,Qy,Qz,Tx,Ty,Tz,Error,#Markers
4,,365986159,Port:1,0,1773325369,318826766,,Enabled,0.382042,0.449391,-0.796676,0.131908,-95.5408,124.972,-1696.62,0.171547,4,OK,-95.4963,124.863,-1696.58,OK,-139.099,118.327,-1720.58,OK,-138.546,76.3109,-1755.68,OK,-79.2425,77.749,-1729.83,,365986159,Port:2,0,1773325369,318826766,Enabled,0.930104,0.031022,0.0358764,0.364221,-87.5202,271.261,-1592.35,0.14234,3,OK,-87.3483,271.329,-1592.36,OK,-129.042,241.313,-1589.57,OK,-130.236,317.583,-1587.05,,365986159,Port:3,0,1773325369,318826766,Missing,,,,,,,,,4,Missing,,,,Missing,,,,Missing,,,,Missing,,,,,365986159,Port:65535,0,1773325369,318826766,Missing,,,,,,,,,0
4,,365986165,Port:1,0,1773325369,418826766,100000000,Enabled,0.383508,0.44867,-0.79625,0.132675,-95.0259,125.71,-1697.29,0.191101,4,OK,-94.9955,125.607,-1697.23,OK,-138.62,119.024,-1721.17,OK,-138.141,76.8757,-1756.09,OK,-78.8331,78.3628,-1730.41,,365986165,Port:2,0,1773325369,418826766,Enabled,0.9301,0.0310752,0.0359319,0.36422,-87.5208,271.26,-1592.34,0.145645,3,OK,-87.3455,271.331,-1592.36,OK,-129.046,241.31,-1589.56,OK,-130.235,317.582,-1587.03,,365986165,Port:3,0,1773325369,418826766,Missing,,,,,,,,,4,Missing,,,,Missing,,,,Missing,,,,Missing,,,,,365986165,Port:65535,0,1773325369,418826766,Missing,,,,,,,,,0
4,,365986168,Port:1,0,1773325369,468826766,50000000,Enabled,0.383335,0.446134,-0.797801,0.132406,-94.1212,126.575,-1697.71,0.175341,4,OK,-94.077,126.461,-1697.68,OK,-137.711,120.098,-1721.65,OK,-137.411,77.9334,-1756.57,OK,-78.1266,79.123,-1730.72,,365986168,Port:2,0,1773325369,468826766,Enabled,0.930119,0.0309925,0.0355645,0.364217,-87.5218,271.257,-1592.33,0.142529,3,OK,-87.3493,271.324,-1592.34,OK,-129.045,241.309,-1589.58,OK,-130.24,317.584,-1587.04,,365986168,Port:3,0,1773325369,468826766,Missing,,,,,,,,,4,Missing,,,,Missing,,,,Missing,,,,Missing,,,,,365986168,Port:65535,0,1773325369,468826766,Missing,,,,,,,,,0
4,,365986174,Port:1,0,1773325369,568826766,100000000,Enabled,0.385422,0.442783,-0.798085,0.135845,-93.2553,129.684,-1700.18,0.223048,4,OK,-93.2055,129.582,-1700.07,OK,-136.856,123.124,-1724.16,OK,-136.664,80.616,-1758.53,OK,-77.4021,81.8441,-1732.76,,365986174,Port:2,0,1773325369,568826766,Enabled,0.930121,0.030817,0.0356147,0.364221,-87.5197,271.261,-1592.32,0.148001,3,OK,-87.3425,271.332,-1592.34,OK,-129.048,241.307,-1589.57,OK,-130.238,317.59,-1587.06,,365986174,Port:3,0,1773325369,568826766,Missing,,,,,,,,,4,Missing,,,,Missing,,,,Missing,,,,Missing,,,,,365986174,Port:65535,0,1773325369,568826766,Missing,,,,,,,,,0
4,,365986180,Port:1,0,1773325369,668826766,100000000,Enabled,0.387912,0.435199,-0.800531,0.138842,-91.6481,134.625,-1703.32,0.175338,4,OK,-91.6092,134.519,-1703.27,OK,-135.257,128.325,-1727.27,OK,-135.528,85.4003,-1761.24,OK,-76.316,86.1974,-1735.23,,365986180,Port:2,0,1773325369,668826766,Enabled,0.930134,0.0310184,0.035463,0.364185,-87.5171,271.258,-1592.3,0.143344,3,OK,-87.3437,271.326,-1592.32,OK,-129.045,241.314,-1589.57,OK,-130.232,317.583,-1587.02,,365986180,Port:3,0,1773325369,668826766,Missing,,,,,,,,,4,Missing,,,,Missing,,,,Missing,,,,Missing,,,,,365986180,Port:65535,0,1773325369,668826766,Missing,,,,,,,,,0
4,,365986183,Port:1,0,1773325369,718826766,50000000,Enabled,0.386494,0.430348,-0.803611,0.140115,-90.9828,137.092,-1705.27,0.194415,4,OK,-90.9619,136.977,-1705.22,OK,-134.468,131.11,-1729.51,OK,-134.874,88.048,-1763.3,OK,-75.8781,88.4064,-1736.91,,365986183,Port:2,0,1773325369,718826766,Enabled,0.930115,0.0311168,0.0356453,0.364208,-87.5212,271.261,-1592.34,0.141618,3,OK,-87.3518,271.331,-1592.35,OK,-129.046,241.314,-1589.59,OK,-130.234,317.58,-1587.04,,365986183,Port:3,0,1773325369,718826766,Missing,,,,,,,,,4,Missing,,,,Missing,,,,Missing,,,,Missing,,,,,365986183,Port:65535,0,1773325369,718826766,Missing,,,,,,,,,0
4,,365986186,Port:1,0,1773325369,768826766,50000000,Enabled,0.38862,0.426005,-0.804625,0.141682,-89.3774,139.625,-1706.7,0.178976,4,OK,-89.3267,139.541,-1706.61,OK,-132.904,133.768,-1730.92,OK,-133.672,90.4473,-1764.4,OK,-74.618,90.6039,-1737.98,,365986186,Port:2,0,1773325369,768826766,Enabled,0.930121,0.0307344,0.0359061,0.364198,-87.5183,271.256,-1592.32,0.143968,3,OK,-87.3451,271.325,-1592.34,OK,-129.043,241.308,-1589.54,OK,-130.233,317.584,-1587.05,,365986186,Port:3,0,1773325369,768826766,Missing,,,,,,,,,4,Missing,,,,Missing,,,,Missing,,,,Missing,,,,,365986186,Port:65535,0,1773325369,768826766,Missing,,,,,,,,,0
4,,365986189,Port:1,0,1773325369,818826766,50000000,Enabled,0.39333,0.417993,-0.806803,0.14015,-86.7081,143.106,-1708.63,0.126372,4,OK,-86.6655,143.029,-1708.61,OK,-130.441,137.838,-1732.49,OK,-132.123,94.281,-1765.83,OK,-72.9631,93.6096,-1739.58,,365986189,Port:2,0,1773325369,818826766,Enabled,0.930123,0.0311542,0.035248,0.364222,-87.5176,271.265,-1592.32,0.142329,3,OK,-87.3443,271.33,-1592.34,OK,-129.044,241.319,-1589.61,OK,-130.238,317.587,-1587.04,,365986189,Port:3,0,1773325369,818826766,Missing,,,,,,,,,4,Missing,,,,Missing,,,,Missing,,,,Missing,,,,,365986189,Port:65535,0,1773325369,818826766,Missing,,,,,,,,,0
4,,365986195,Port:1,0,1773325369,918826766,100000000,Enabled,0.390611,0.398494,-0.8153,0.154638,-86.6615,151.155,-1716.01,0.164865,4,OK,-86.6473,151.034,-1716.02,OK,-129.834,146.186,-1740.98,OK,-131.716,101.635,-1772.77,OK,-73.3808,100.292,-1744.87,,365986195,Port:2,0,1773325369,918826766,Enabled,0.930099,0.0311608,0.0357216,0.364237,-87.5201,271.266,-1592.35,0.143905,3,OK,-87.3453,271.334,-1592.36,OK,-129.044,241.318,-1589.59,OK,-130.238,317.584,-1587.03,,365986195,Port:3,0,1773325369,918826766,Missing,,,,,,,,,4,Missing,,,,Missing,,,,Missing,,,,Missing,,,,,365986195,Port:65535,0,1773325369,918826766,Missing,,,,,,,,,0
4,,365986198,Port:1,0,1773325369,968826766,50000000,Enabled,0.398894,0.394441,-0.811944,0.16139,-86.8118,155.012,-1719.16,0.154235,4,OK,-86.7753,154.893,-1719.16,OK,-130.238,149.55,-1743.6,OK,-132.48,104.324,-1774.41,OK,-73.8521,103.523,-1747,,365986198,Port:2,0,1773325369,968826766,Enabled,0.930116,0.0311482,0.0357027,0.364198,-87.5202,271.261,-1592.33,0.141003,3,OK,-87.35,271.328,-1592.35,OK,-129.043,241.315,-1589.58,OK,-130.233,317.585,-1587.02,,365986198,Port:3,0,1773325369,968826766,Missing,,,,,,,,,4,Missing,,,,Missing,,,,Missing,,,,Missing,,,,,365986198,Port:65535,0,1773325369,968826766,Missing,,,,,,,,,0
4,,365986201,Port:1,0,1773325370,18826766,50000000,Enabled,0.404899,0.387068,-0.811533,0.166279,-86.0794,159.155,-1722.92,0.150005,4,OK,-86.0303,159.059,-1722.89,OK,-129.648,153.659,-1747.09,OK,-132.457,107.87,-1777.05,OK,-73.7391,107.029,-1749.86,,365986201,Port:2,0,1773325370,18826766,Enabled,0.930161,0.0309864,0.0350511,0.36416,-87.5205,271.252,-1592.29,0.140865,3,OK,-87.349,271.318,-1592.31,OK,-129.051,241.314,-1589.6,OK,-130.236,317.58,-1587.03,,365986201,Port:3,0,1773325370,18826766,Missing,,,,,,,,,4,Missing,,,,Missing,,,,Missing,,,,Missing,,,,,365986201,Port:65535,0,1773325370,18826766,Missing,,,,,,,,,0
4,,365986204,Port:1,0,1773325370,68826766,50000000,Enabled,0.407523,0.376968,-0.814079,0.170575,-85.5263,162.986,-1726.9,0.160405,4,OK,-85.5142,162.887,-1726.88,OK,-129.058,157.79,-1751.18,OK,-132.446,111.57,-1780.37,OK,-73.8964,110.218,-1752.94,,365986204,Port:2,0,1773325370,68826766,Enabled,0.930127,0.0312146,0.0354841,0.364185,-87.5218,271.262,-1592.34,0.142762,3,OK,-87.3481,271.329,-1592.35,OK,-129.049,241.32,-1589.61,OK,-130.236,317.585,-1587.03,,365986204,Port:3,0,1773325370,68826766,Missing,,,,,,,,,4,Missing,,,,Missing,,,,Missing,,,,Missing,,,,,365986204,Port:65535,0,1773325370,68826766,Missing,,,,,,,,,0
4,,365986210,Port:1,0,1773325370,168826766,100000000,Enabled,0.42841,0.357786,-0.807643,0.190174,-84.3295,168.739,-1735.39,0.183349,4,OK,-84.2878,168.595,-1735.35,OK,-128.415,162.734,-1758.56,OK,-133.119,114.826,-1784.54,OK,-74.0545,114.225,-1758.09,,365986210,Port:2,0,1773325370,168826766,Enabled,0.930125,0.0310745,0.035261,0.364222,-87.5181,271.263,-1592.32,0.14511,3,OK,-87.3422,271.331,-1592.33,OK,-129.047,241.315,-1589.61,OK,-130.238,317.585,-1587.04,,365986210,Port:3,0,1773325370,168826766,Missing,,,,,,,,,4,Missing,,,,Missing,,,,Missing,,,,Missing,,,,,365986210,Port:65535,0,1773325370,168826766,Missing,,,,,,,,,0
4,,365986213,Port:1,0,1773325370,218826766,50000000,Enabled,0.455923,0.341892,-0.798305,0.194814,-80.9279,172.713,-1738.97,0.159198,4,OK,-80.8711,172.589,-1738.94,OK,-126.12,166.863,-1759.93,OK,-133.142,117.996,-1783.57,OK,-72.9841,117,-1759.6,,365986213,Port:2,0,1773325370,218826766,Enabled,0.930153,0.0307087,0.0351009,0.364198,-87.5167,271.259,-1592.29,0.141092,3,OK,-87.3463,271.324,-1592.31,OK,-129.043,241.313,-1589.59,OK,-130.237,317.593,-1587.06,,365986213,Port:3,0,1773325370,218826766,Missing,,,,,,,,,4,Missing,,,,Missing,,,,Missing,,,,Missing,,,,,365986213,Port:65535,0,1773325370,218826766,Missing,,,,,,,,,0
4,,365986216,Port:1,0,1773325370,268826766,50000000,Enabled,0.477919,0.323686,-0.79111,0.202403,-77.5084,176.744,-1743.57,0.169943,4,OK,-77.4598,176.608,-1743.55,OK,-123.459,171.114,-1762.92,OK,-132.39,121.463,-1784.02,OK,-71.5686,119.94,-1761.77,,365986216,Port:2,0,1773325370,268826766,Enabled,0.930122,0.0310037,0.0357081,0.364194,-87.5223,271.263,-1592.35,0.147117,3,OK,-87.3438,271.332,-1592.37,OK,-129.052,241.316,-1589.59,OK,-130.238,317.588,-1587.06,,365986216,Port:3,0,1773325370,268826766,Missing,,,,,,,,,4,Missing,,,,Missing,,,,Missing,,,,Missing,,,,,365986216,Port:65535,0,1773325370,268826766,Missing,,,,,,,,,0
4,,365986222,Port:1,0,1773325370,368826766,100000000,Enabled,0.470754,0.287498,-0.807234,0.21002,-72.1109,181.302,-1750.14,0.159605,4,OK,-72.0686,181.172,-1750.12,OK,-117.379,177.579,-1771.43,OK,-128.24,127.756,-1791.25,OK,-68.6798,123.626,-1766.09,,365986222,Port:2,0,1773325370,368826766,Enabled,0.930154,0.0306071,0.0352689,0.364187,-87.5174,271.255,-1592.28,0.143995,3,OK,-87.3437,271.321,-1592.3,OK,-129.046,241.307,-1589.56,OK,-130.237,317.59,-1587.06,,365986222,Port:3,0,1773325370,368826766,Missing,,,,,,,,,4,Missing,,,,Missing,,,,Missing,,,,Missing,,,,,365986222,Port:65535,0,1773325370,368826766,Missing,,,,,,,,,0
4,,365986225,Port:1,0,1773325370,418826766,50000000,Enabled,0.465491,0.284106,-0.812076,0.207688,-71.0426,181.31,-1748.96,0.174836,4,OK,-70.9995,181.182,-1748.9,OK,-116.056,178.085,-1770.9,OK,-127.068,128.454,-1791.08,OK,-67.8713,123.693,-1765.22,,365986225,Port:2,0,1773325370,418826766,Enabled,0.930126,0.031172,0.0352713,0.364212,-87.5181,271.263,-1592.31,0.138336,3,OK,-87.3497,271.328,-1592.32,OK,-129.041,241.322,-1589.6,OK,-130.235,317.582,-1587.02,,365986225,Port:3,0,1773325370,418826766,Missing,,,,,,,,,4,Missing,,,,Missing,,,,Missing,,,,Missing,,,,,365986225,Port:65535,0,1773325370,418826766,Missing,,,,,,,,,0
4,,365986228,Port:1,0,1773325370,468826766,50000000,Enabled,0.463858,0.288304,-0.811808,0.2066,-71.3159,180.05,-1746.91,0.160508,4,OK,-71.2635,179.922,-1746.87,OK,-116.311,176.681,-1768.84,OK,-126.987,127.085,-1789.39,OK,-67.7689,122.566,-1763.52,,365986228,Port:2,0,1773325370,468826766,Enabled,0.930136,0.0309153,0.0353767,0.364196,-87.5202,271.259,-1592.31,0.144343,3,OK,-87.3437,271.324,-1592.33,OK,-129.049,241.315,-1589.58,OK,-130.24,317.586,-1587.05,,365986228,Port:3,0,1773325370,468826766,Missing,,,,,,,,,4,Missing,,,,Missing,,,,Missing,,,,Missing,,,,,365986228,Port:65535,0,1773325370,468826766,Missing,,,,,,,,,0
4,,365986231,Port:1,0,1773325370,518826766,50000000,Enabled,0.460239,0.286812,-0.814765,0.205126,-71.3017,179.05,-1745.62,0.171992,4,OK,-71.2484,178.925,-1745.57,OK,-116.133,175.941,-1767.97,OK,-126.829,126.512,-1788.79,OK,-67.8317,121.616,-1762.46,,365986231,Port:2,0,1773325370,518826766,Enabled,0.930144,0.0309035,0.0352253,0.364193,-87.5188,271.263,-1592.3,0.13927,3,OK,-87.3496,271.328,-1592.32,OK,-129.044,241.322,-1589.59,OK,-130.237,317.59,-1587.04,,365986231,Port:3,0,1773325370,518826766,Missing,,,,,,,,,4,Missing,,,,Missing,,,,Missing,,,,Missing,,,,,365986231,Port:65535,0,1773325370,518826766,Missing,,,,,,,,,0
4,,365986234,Port:1,0,1773325370,568826766,50000000,Enabled,0.437727,0.283631,-0.829353,0.200305,-71.2945,177.249,-1744.26,0.15684,4,OK,-71.2415,177.124,-1744.22,OK,-114.994,175.087,-1768.81,OK,-125.086,126.25,-1791.34,OK,-67.4871,120.212,-1762.28,,365986234,Port:2,0,1773325370,568826766,Enabled,0.93017,0.0307488,0.0349261,0.364168,-87.5171,271.261,-1592.28,0.144117,3,OK,-87.3418,271.328,-1592.3,OK,-129.051,241.32,-1589.59,OK,-130.236,317.592,-1587.06,,365986234,Port:3,0,1773325370,568826766,Missing,,,,,,,,,4,Missing,,,,Missing,,,,Missing,,,,Missing,,,,,365986234,Port:65535,0,1773325370,568826766,Missing,,,,,,,,,0
4,,365986240,Port:1,0,1773325370,668826766,100000000,Enabled,0.402667,0.269229,-0.853013,0.194278,-71.4276,173.533,-1743.2,0.154425,4,OK,-71.3989,173.414,-1743.18,OK,-113.017,173.317,-1771.23,OK,-122.55,125.356,-1795.87,OK,-67.7495,116.871,-1762.45,,365986240,Port:2,0,1773325370,668826766,Enabled,0.930152,0.0309491,0.0349134,0.364198,-87.5196,271.26,-1592.29,0.141075,3,OK,-87.351,271.329,-1592.3,OK,-129.049,241.314,-1589.61,OK,-130.237,317.586,-1587.04,,365986240,Port:3,0,1773325370,668826766,Missing,,,,,,,,,4,Missing,,,,Missing,,,,Missing,,,,Missing,,,,,365986240,Port:65535,0,1773325370,668826766,Missing,,,,,,,,,0
4,,365986243,Port:1,0,1773325370,718826766,50000000,Enabled,0.391329,0.27432,-0.85704,0.192592,-73.8226,171.048,-1741.69,0.191554,4,OK,-73.8357,170.935,-1741.65,OK,-114.81,170.85,-1770.55,OK,-123.387,123.171,-1795.98,OK,-69.2592,114.711,-1761.74,,365986243,Port:2,0,1773325370,718826766,Enabled,0.930089,0.0313343,0.0360537,0.364216,-87.5217,271.265,-1592.36,0.145718,3,OK,-87.3458,271.336,-1592.37,OK,-129.046,241.316,-1589.57,OK,-130.234,317.581,-1587.01,,365986243,Port:3,0,1773325370,718826766,Missing,,,,,,,,,4,Missing,,,,Missing,,,,Missing,,,,Missing,,,,,365986243,Port:65535,0,1773325370,718826766,Missing,,,,,,,,,0
4,,365986246,Port:1,0,1773325370,768826766,50000000,Enabled,0.391445,0.279912,-0.857604,0.181482,-75.2518,168.383,-1737.96,0.185623,4,OK,-75.2477,168.278,-1737.91,OK,-116.485,168.833,-1766.5,OK,-125.242,121.773,-1792.98,OK,-70.8114,112.528,-1759.37,,365986246,Port:2,0,1773325370,768826766,Enabled,0.930172,0.0309035,0.0349042,0.364152,-87.5204,271.258,-1592.28,0.140644,3,OK,-87.3482,271.321,-1592.29,OK,-129.051,241.321,-1589.59,OK,-130.238,317.591,-1587.03,,365986246,Port:3,0,1773325370,768826766,Missing,,,,,,,,,4,Missing,,,,Missing,,,,Missing,,,,Missing,,,,,365986246,Port:65535,0,1773325370,768826766,Missing,,,,,,,,,0
4,,365986252,Port:1,0,1773325370,868826766,100000000,Enabled,0.408151,0.299451,-0.847321,0.16059,-75.8977,162.82,-1730.34,0.158348,4,OK,-75.8744,162.716,-1730.31,OK,-118.66,163.6,-1756.51,OK,-128.174,117.418,-1784.32,OK,-71.7561,107.905,-1754.07,,365986252,Port:2,0,1773325370,868826766,Enabled,0.930127,0.0309028,0.0357623,0.364184,-87.5221,271.26,-1592.34,0.146173,3,OK,-87.3422,271.325,-1592.35,OK,-129.051,241.319,-1589.57,OK,-130.24,317.586,-1587.05,,365986252,Port:3,0,1773325370,868826766,Missing,,,,,,,,,4,Missing,,,,Missing,,,,Missing,,,,Missing,,,,,365986252,Port:65535,0,1773325370,868826766,Missing,,,,,,,,,0
4,,365986255,Port:1,0,1773325370,918826766,50000000,Enabled,0.428696,0.309943,-0.832804,0.163073,-74.9775,161.163,-1728.64,0.171025,4,OK,-74.9443,161.061,-1728.59,OK,-118.969,160.674,-1752.72,OK,-128.779,113.938,-1779.44,OK,-70.7752,106.043,-1751.89,,365986255,Port:2,0,1773325370,918826766,Enabled,0.930142,0.0307886,0.0353815,0.364192,-87.5234,271.261,-1592.31,0.140973,3,OK,-87.3551,271.329,-1592.33,OK,-129.049,241.313,-1589.58,OK,-130.239,317.591,-1587.06,,365986255,Port:3,0,1773325370,918826766,Missing,,,,,,,,,4,Missing,,,,Missing,,,,Missing,,,,Missing,,,,,365986255,Port:65535,0,1773325370,918826766,Missing,,,,,,,,,0
4,,365986258,Port:1,0,1773325370,968826766,50000000,Enabled,0.45344,0.315426,-0.814522,0.177349,-74.7864,161.293,-1730.17,0.168665,4,OK,-74.7271,161.184,-1730.11,OK,-119.901,158.775,-1751.98,OK,-129.822,110.769,-1776.29,OK,-70.3053,105.392,-1751.37,,365986258,Port:2,0,1773325370,968826766,Enabled,0.930128,0.0306314,0.0356779,0.364212,-87.5209,271.263,-1592.31,0.143903,3,OK,-87.3472,271.328,-1592.32,OK,-129.045,241.311,-1589.54,OK,-130.241,317.597,-1587.06,,365986258,Port:3,0,1773325370,968826766,Missing,,,,,,,,,4,Missing,,,,Missing,,,,Missing,,,,Missing,,,,,365986258,Port:65535,0,1773325370,968826766,Missing,,,,,,,,,0
4,,365986261,Port:1,0,1773325371,18826766,50000000,Enabled,0.420278,0.313744,-0.83329,0.174809,-75.7794,159.068,-1728.94,0.185681,4,OK,-75.7109,158.944,-1728.87,OK,-119.284,157.483,-1753.95,OK,-127.665,110.299,-1780.3,OK,-70.0342,103.809,-1751.47,,365986261,Port:2,0,1773325371,18826766,Enabled,0.930122,0.0311112,0.0354242,0.364212,-87.5218,271.259,-1592.34,0.143547,3,OK,-87.3499,271.33,-1592.35,OK,-129.049,241.31,-1589.61,OK,-130.237,317.581,-1587.04,,365986261,Port:3,0,1773325371,18826766,Missing,,,,,,,,,4,Missing,,,,Missing,,,,Missing,,,,Missing,,,,,365986261,Port:65535,0,1773325371,18826766,Missing,,,,,,,,,0
4,,365986264,Port:1,0,1773325371,68826765,49999999,Enabled,0.430931,0.325782,-0.822941,0.175878,-75.8338,158.459,-1727.67,0.174838,4,OK,-75.7818,158.335,-1727.61,OK,-119.999,155.79,-1751.34,OK,-128.059,108.355,-1777.37,OK,-69.4545,103.297,-1750.26,,365986264,Port:2,0,1773325371,68826765,Enabled,0.930116,0.0310331,0.0357624,0.3642,-87.5222,271.261,-1592.32,0.141724,3,OK,-87.3506,271.329,-1592.34,OK,-129.046,241.318,-1589.56,OK,-130.236,317.582,-1587.03,,365986264,Port:3,0,1773325371,68826765,Missing,,,,,,,,,4,Missing,,,,Missing,,,,Missing,,,,Missing,,,,,365986264,Port:65535,0,1773325371,68826765,Missing,,,,,,,,,0
4,,365986270,Port:1,0,1773325371,168826765,100000000,Enabled,0.500731,0.359438,-0.758057,0.213125,-79.9324,159.243,-1729.28,0.155298,4,OK,-79.834,159.121,-1729.34,OK,-126.621,149.739,-1744.97,OK,-133.163,99.258,-1765.12,OK,-70.8735,102.855,-1747.35,,365986270,Port:2,0,1773325371,168826765,Enabled,0.930137,0.031306,0.0354488,0.364155,-87.5216,271.258,-1592.32,0.146946,3,OK,-87.3438,271.328,-1592.34,OK,-129.056,241.315,-1589.59,OK,-130.232,317.581,-1587.01,,365986270,Port:3,0,1773325371,168826765,Missing,,,,,,,,,4,Missing,,,,Missing,,,,Missing,,,,Missing,,,,,365986270,Port:65535,0,1773325371,168826765,Missing,,,,,,,,,0
4,,365986273,Port:1,0,1773325371,218826765,50000000,Enabled,0.495013,0.362072,-0.757714,0.223015,-83.4917,159.769,-1730.95,0.163058,4,OK,-83.4135,159.632,-1730.95,OK,-129.771,149.375,-1747.28,OK,-135.177,98.6125,-1766.97,OK,-73.2618,103.392,-1748.46,,365986273,Port:2,0,1773325371,218826765,Enabled,0.930143,0.0307919,0.0353727,0.364189,-87.5214,271.263,-1592.3,0.14256,3,OK,-87.349,271.33,-1592.31,OK,-129.049,241.319,-1589.56,OK,-130.239,317.591,-1587.04,,365986273,Port:3,0,1773325371,218826765,Missing,,,,,,,,,4,Missing,,,,Missing,,,,Missing,,,,Missing,,,,,365986273,Port:65535,0,1773325371,218826765,Missing,,,,,,,,,0
4,,365986276,Port:1,0,1773325371,268826764,49999999,Enabled,0.493325,0.358851,-0.75755,0.232324,-85.4165,161.047,-1733.3,0.153906,4,OK,-85.3237,160.928,-1733.32,OK,-131.476,150.139,-1749.93,OK,-136.417,99.043,-1768.9,OK,-74.7025,104.443,-1749.77,,365986276,Port:2,0,1773325371,268826764,Enabled,0.930115,0.0312752,0.0354448,0.364215,-87.5197,271.26,-1592.31,0.144959,3,OK,-87.3434,271.33,-1592.32,OK,-129.048,241.316,-1589.58,OK,-130.236,317.576,-1586.99,,365986276,Port:3,0,1773325371,268826764,Missing,,,,,,,,,4,Missing,,,,Missing,,,,Missing,,,,Missing,,,,,365986276,Port:65535,0,1773325371,268826764,Missing,,,,,,,,,0
4,,365986279,Port:1,0,1773325371,318826765,50000001,Enabled,0.500359,0.353515,-0.75525,0.232949,-85.0288,162.218,-1734.01,0.161256,4,OK,-84.9288,162.087,-1734,OK,-131.357,151.532,-1750.08,OK,-136.962,100.244,-1768.31,OK,-74.9731,105.334,-1749.9,,365986279,Port:2,0,1773325371,318826765,Enabled,0.930125,0.0312256,0.0353036,0.364207,-87.5196,271.265,-1592.32,0.142103,3,OK,-87.3458,271.331,-1592.33,OK,-129.047,241.324,-1589.61,OK,-130.237,317.582,-1587.02,,365986279,Port:3,0,1773325371,318826765,Missing,,,,,,,,,4,Missing,,,,Missing,,,,Missing,,,,Missing,,,,,365986279,Port:65535,0,1773325371,318826765,Missing,,,,,,,,,0
4,,365986285,Port:1,0,1773325371,418826765,100000000,Enabled,0.525207,0.359241,-0.732131,0.24308,-85.3335,162.308,-1734.15,0.152073,4,OK,-85.2305,162.187,-1734.2,OK,-132.199,149.961,-1747.11,OK,-137.567,97.9084,-1763.18,OK,-74.7784,105.095,-1748.41,,365986285,Port:2,0,1773325371,418826765,Enabled,0.930135,0.0311194,0.035343,0.364185,-87.5199,271.26,-1592.31,0.144986,3,OK,-87.3458,271.332,-1592.33,OK,-129.051,241.315,-1589.59,OK,-130.233,317.583,-1587.03,,365986285,Port:3,0,1773325371,418826765,Missing,,,,,,,,,4,Missing,,,,Missing,,,,Missing,,,,Missing,,,,,365986285,Port:65535,0,1773325371,418826765,Missing,,,,,,,,,0
4,,365986288,Port:1,0,1773325371,468826765,50000000,Enabled,0.514828,0.376739,-0.731645,0.240239,-88.2446,159.21,-1731.47,0.152226,4,OK,-88.113,159.112,-1731.48,OK,-134.693,145.948,-1745.04,OK,-138.54,94.2412,-1762.62,OK,-76.0623,102.775,-1747.41,,365986288,Port:2,0,1773325371,468826765,Enabled,0.93014,0.0307465,0.0354639,0.364194,-87.5185,271.26,-1592.3,0.145071,3,OK,-87.3428,271.33,-1592.32,OK,-129.048,241.317,-1589.56,OK,-130.236,317.585,-1587.05,,365986288,Port:3,0,1773325371,468826765,Missing,,,,,,,,,4,Missing,,,,Missing,,,,Missing,,,,Missing,,,,,365986288,Port:65535,0,1773325371,468826765,Missing,,,,,,,,,0
4,,365986291,Port:1,0,1773325371,518826764,49999999,Enabled,0.50087,0.397168,-0.731051,0.238646,-92.6117,155.017,-1728.18,0.15101,4,OK,-92.4938,154.92,-1728.19,OK,-138.452,140.599,-1742.62,OK,-140.298,89.4174,-1761.94,OK,-78.2899,99.5985,-1745.89,,365986291,Port:2,0,1773325371,518826764,Enabled,0.930107,0.0309471,0.0358908,0.364219,-87.5197,271.265,-1592.34,0.142644,3,OK,-87.348,271.332,-1592.35,OK,-129.041,241.313,-1589.56,OK,-130.236,317.592,-1587.04,,365986291,Port:3,0,1773325371,518826764,Missing,,,,,,,,,4,Missing,,,,Missing,,,,Missing,,,,Missing,,,,,365986291,Port:65535,0,1773325371,518826764,Missing,,,,,,,,,0
4,,365986294,Port:1,0,1773325371,568826765,50000001,Enabled,0.503445,0.419246,-0.716064,0.240891,-96.541,150.941,-1725.14,0.136716,4,OK,-96.4308,150.856,-1725.15,OK,-142.055,134.608,-1738.46,OK,-142.137,83.5389,-1758.26,OK,-80.2385,96.3815,-1743.8,,365986294,Port:2,0,1773325371,568826765,Enabled,0.930126,0.031104,0.0355043,0.364194,-87.5204,271.26,-1592.32,0.146251,3,OK,-87.3426,271.329,-1592.33,OK,-129.051,241.316,-1589.58,OK,-130.237,317.583,-1587.02,,365986294,Port:3,0,1773325371,568826765,Missing,,,,,,,,,4,Missing,,,,Missing,,,,Missing,,,,Missing,,,,,365986294,Port:65535,0,1773325371,568826765,Missing,,,,,,,,,0
4,,365986300,Port:1,0,1773325371,668826765,100000000,Enabled,0.5103,0.438582,-0.693241,0.258178,-102.243,144.81,-1722.53,0.152135,4,OK,-102.11,144.715,-1722.55,OK,-147.029,125.429,-1734.2,OK,-144.525,74.0423,-1752.92,OK,-83.1236,90.9503,-1740.46,,365986300,Port:2,0,1773325371,668826765,Enabled,0.930141,0.0309797,0.0355355,0.364164,-87.5242,271.26,-1592.32,0.146401,3,OK,-87.3473,271.329,-1592.34,OK,-129.056,241.314,-1589.58,OK,-130.238,317.591,-1587.04,,365986300,Port:3,0,1773325371,668826765,Missing,,,,,,,,,4,Missing,,,,Missing,,,,Missing,,,,Missing,,,,,365986300,Port:65535,0,1773325371,668826765,Missing,,,,,,,,,0
4,,365986303,Port:1,0,1773325371,718826765,50000000,Enabled,0.510193,0.441534,-0.68746,0.268609,-104.21,142.497,-1722.42,0.15649,4,OK,-104.072,142.405,-1722.46,OK,-148.577,122.058,-1733.88,OK,-145.01,70.4805,-1751.88,OK,-84.0014,88.7775,-1739.53,,365986303,Port:2,0,1773325371,718826765,Enabled,0.930157,0.0311239,0.035151,0.364147,-87.5212,271.257,-1592.31,0.144078,3,OK,-87.3471,271.326,-1592.32,OK,-129.055,241.316,-1589.61,OK,-130.233,317.583,-1587.03,,365986303,Port:3,0,1773325371,718826765,Missing,,,,,,,,,4,Missing,,,,Missing,,,,Missing,,,,Missing,,,,,365986303,Port:65535,0,1773325371,718826765,Missing,,,,,,,,,0
4,,365986306,Port:1,0,1773325371,768826764,49999999,Enabled,0.515351,0.443353,-0.682056,0.269538,-104.792,140.936,-1721.25,0.154015,4,OK,-104.66,140.834,-1721.28,OK,-149.189,120.187,-1732.01,OK,-145.577,68.4967,-1749.67,OK,-84.4914,87.2152,-1738.26,,365986306,Port:2,0,1773325371,768826764,Enabled,0.930145,0.0310514,0.0353911,0.36416,-87.5225,271.256,-1592.32,0.143231,3,OK,-87.3489,271.323,-1592.34,OK,-129.052,241.314,-1589.59,OK,-130.236,317.586,-1587.04,,365986306,Port:3,0,1773325371,768826764,Missing,,,,,,,,,4,Missing,,,,Missing,,,,Missing,,,,Missing,,,,,365986306,Port:65535,0,1773325371,768826764,Missing,,,,,,,,,0
4,,365986312,Port:1,0,1773325371,868826765,100000001,Enabled,0.525973,0.447745,-0.666787,0.279771,-107.8,137.427,-1719.73,0.162868,4,OK,-107.65,137.337,-1719.75,OK,-151.919,115.312,-1728.88,OK,-147.446,63.28,-1745.22,OK,-86.5776,83.7697,-1735.78,,365986312,Port:2,0,1773325371,868826765,Enabled,0.930133,0.0308669,0.0356624,0.364183,-87.5214,271.266,-1592.33,0.144274,3,OK,-87.3485,271.336,-1592.34,OK,-129.049,241.319,-1589.57,OK,-130.234,317.593,-1587.06,,365986312,Port:3,0,1773325371,868826765,Missing,,,,,,,,,4,Missing,,,,Missing,,,,Missing,,,,Missing,,,,,365986312,Port:65535,0,1773325371,868826765,Missing,,,,,,,,,0
4,,365986315,Port:1,0,1773325371,918826765,50000000,Enabled,0.531228,0.45137,-0.658705,0.283141,-109.401,135.615,-1718.93,0.167877,4,OK,-109.256,135.518,-1719.03,OK,-153.351,112.867,-1727.14,OK,-148.458,60.7149,-1743.18,OK,-87.7369,82.077,-1734.71,,365986315,Port:2,0,1773325371,918826765,Enabled,0.930134,0.0307326,0.0353885,0.364217,-87.5178,271.265,-1592.3,0.141064,3,OK,-87.3469,271.33,-1592.31,OK,-129.042,241.318,-1589.56,OK,-130.239,317.593,-1587.05,,365986315,Port:3,0,1773325371,918826765,Missing,,,,,,,,,4,Missing,,,,Missing,,,,Missing,,,,Missing,,,,,365986315,Port:65535,0,1773325371,918826765,Missing,,,,,,,,,0
4,,365986318,Port:1,0,1773325371,968826764,49999999,Enabled,0.534435,0.457779,-0.650928,0.2848,-111.159,133.432,-1717.59,0.160472,4,OK,-111.012,133.328,-1717.66,OK,-154.868,109.992,-1725.13,OK,-149.418,57.8635,-1741.05,OK,-88.8961,80.2018,-1733.56,,365986318,Port:2,0,1773325371,968826764,Enabled,0.930117,0.031088,0.0355933,0.364209,-87.5209,271.265,-1592.33,0.14304,3,OK,-87.3497,271.336,-1592.34,OK,-129.047,241.317,-1589.58,OK,-130.235,317.587,-1587.03,,365986318,Port:3,0,1773325371,968826764,Missing,,,,,,,,,4,Missing,,,,Missing,,,,Missing,,,,Missing,,,,,365986318,Port:65535,0,1773325371,968826764,Missing,,,,,,,,,0
4,,365986321,Port:1,0,1773325372,18826764,50000000,Enabled,0.544994,0.465754,-0.631982,0.294369,-114.14,131.022,-1716.99,0.190157,4,OK,-113.987,130.936,-1717.14,OK,-157.27,106.032,-1722.55,OK,-150.626,53.7089,-1737.54,OK,-90.6399,78.1436,-1732.28,,365986321,Port:2,0,1773325372,18826764,Enabled,0.930149,0.0309628,0.0351347,0.364185,-87.5222,271.262,-1592.31,0.143018,3,OK,-87.3509,271.334,-1592.32,OK,-129.054,241.319,-1589.6,OK,-130.237,317.585,-1587.05,,365986321,Port:3,0,1773325372,18826764,Missing,,,,,,,,,4,Missing,,,,Missing,,,,Missing,,,,Missing,,,,,365986321,Port:65535,0,1773325372,18826764,Missing,,,,,,,,,0
4,,365986324,Port:1,0,1773325372,68826764,50000000,Enabled,0.541503,0.484765,-0.61559,0.304673,-119.259,125.964,-1715.18,0.188272,4,OK,-119.108,125.901,-1715.33,OK,-161.096,98.7383,-1720.13,OK,-151.94,46.8631,-1735.32,OK,-93.2359,74.3948,-1730.92,,365986324,Port:2,0,1773325372,68826764,Enabled,0.930118,0.0311298,0.0356968,0.364195,-87.5193,271.267,-1592.34,0.14618,3,OK,-87.3422,271.336,-1592.36,OK,-129.048,241.32,-1589.59,OK,-130.234,317.591,-1587.04,,365986324,Port:3,0,1773325372,68826764,Missing,,,,,,,,,4,Missing,,,,Missing,,,,Missing,,,,Missing,,,,,365986324,Port:65535,0,1773325372,68826764,Missing,,,,,,,,,0
4,,365986330,Port:1,0,1773325372,168826771,100000007,Enabled,0.52749,0.511786,-0.595337,0.324658,-126.435,115.927,-1711.73,0.224759,4,OK,-126.276,115.856,-1711.93,OK,-165.864,85.3449,-1716.73,OK,-152.483,34.5134,-1732.32,OK,-96.2642,66.8077,-1727.77,,365986330,Port:2,0,1773325372,168826771,Enabled,0.930165,0.0309647,0.0351323,0.364143,-87.5208,271.261,-1592.29,0.144919,3,OK,-87.3448,271.329,-1592.31,OK,-129.056,241.321,-1589.59,OK,-130.235,317.591,-1587.03,,365986330,Port:3,0,1773325372,168826771,Missing,,,,,,,,,4,Missing,,,,Missing,,,,Missing,,,,Missing,,,,,365986330,Port:65535,0,1773325372,168826771,Missing,,,,,,,,,0
4,,365986333,Port:1,0,1773325372,218826764,49999993,Enabled,0.524075,0.521132,-0.587852,0.328934,-127.79,112.054,-1710.09,0.195078,4,OK,-127.637,111.985,-1710.25,OK,-166.459,80.4974,-1715.03,OK,-151.861,30.0768,-1730.78,OK,-96.4604,63.766,-1726.5,,365986333,Port:2,0,1773325372,218826764,Enabled,0.930093,0.031114,0.0358746,0.364241,-87.5256,271.271,-1592.35,0.144588,3,OK,-87.3532,271.343,-1592.36,OK,-129.049,241.317,-1589.58,OK,-130.24,317.59,-1587.04,,365986333,Port:3,0,1773325372,218826764,Missing,,,,,,,,,4,Missing,,,,Missing,,,,Missing,,,,Missing,,,,,365986333,Port:65535,0,1773325372,218826764,Missing,,,,,,,,,0
4,,365986336,Port:1,0,1773325372,268826764,50000000,Enabled,0.523018,0.534513,-0.57323,0.334897,-129.509,107.438,-1707.82,0.196731,4,OK,-129.353,107.381,-1707.99,OK,-167.035,74.4362,-1712.07,OK,-150.794,24.5579,-1728.02,OK,-96.6511,60.3437,-1724.7,,365986336,Port:2,0,1773325372,268826764,Enabled,0.930147,0.0308212,0.0351924,0.364195,-87.5227,271.263,-1592.29,0.141952,3,OK,-87.3509,271.328,-1592.3,OK,-129.05,241.317,-1589.57,OK,-130.242,317.595,-1587.04,,365986336,Port:3,0,1773325372,268826764,Missing,,,,,,,,,4,Missing,,,,Missing,,,,Missing,,,,Missing,,,,,365986336,Port:65535,0,1773325372,268826764,Missing,,,,,,,,,0
4,,365986339,Port:1,0,1773325372,318826764,50000000,Enabled,0.525869,0.548717,-0.554131,0.339573,-131.186,102.595,-1704.74,0.192218,4,OK,-131.038,102.546,-1704.91,OK,-167.481,68.1154,-1707.74,OK,-149.708,18.7899,-1723.86,OK,-96.9447,56.7172,-1722.25,,365986339,Port:2,0,1773325372,318826764,Enabled,0.930179,0.0306124,0.0349556,0.364153,-87.5196,271.26,-1592.27,0.141812,3,OK,-87.3501,271.327,-1592.28,OK,-129.051,241.315,-1589.57,OK,-130.235,317.597,-1587.05,,365986339,Port:3,0,1773325372,318826764,Missing,,,,,,,,,4,Missing,,,,Missing,,,,Missing,,,,Missing,,,,,365986339,Port:65535,0,1773325372,318826764,Missing,,,,,,,,,0
4,,365986345,Port:1,0,1773325372,418826771,100000007,Enabled,0.525384,0.571402,-0.527537,0.345219,-132.897,93.8296,-1698.89,0.24265,4,OK,-132.724,93.7744,-1699.13,OK,-167.123,57.2034,-1700.55,OK,-147.005,9.02989,-1717.47,OK,-96.6299,50.1237,-1717.66,,365986345,Port:2,0,1773325372,418826771,Enabled,0.930124,0.0309747,0.0356562,0.364196,-87.5254,271.267,-1592.32,0.141663,3,OK,-87.3559,271.337,-1592.34,OK,-129.05,241.32,-1589.57,OK,-130.238,317.593,-1587.04,,365986345,Port:3,0,1773325372,418826771,Missing,,,,,,,,,4,Missing,,,,Missing,,,,Missing,,,,Missing,,,,,365986345,Port:65535,0,1773325372,418826771,Missing,,,,,,,,,0
4,,365986348,Port:1,0,1773325372,468826764,49999993,Enabled,0.526486,0.58066,-0.514067,0.348398,-133.43,89.9225,-1696.45,0.208197,4,OK,-133.268,89.8812,-1696.65,OK,-166.67,52.3726,-1697.38,OK,-145.503,4.66633,-1714.41,OK,-96.2839,47.1446,-1715.73,,365986348,Port:2,0,1773325372,468826764,Enabled,0.930124,0.0309648,0.0357444,0.364189,-87.5239,271.268,-1592.33,0.143128,3,OK,-87.3505,271.336,-1592.34,OK,-129.049,241.323,-1589.56,OK,-130.238,317.594,-1587.04,,365986348,Port:3,0,1773325372,468826764,Missing,,,,,,,,,4,Missing,,,,Missing,,,,Missing,,,,Missing,,,,,365986348,Port:65535,0,1773325372,468826764,Missing,,,,,,,,,0
4,,365986351,Port:1,0,1773325372,518826764,50000000,Enabled,0.522536,0.593256,-0.50308,0.349162,-134.269,85.1111,-1693.6,0.201792,4,OK,-134.114,85.0731,-1693.79,OK,-166.425,46.6076,-1694.39,OK,-144.122,-0.276107,-1712.17,OK,-96.1779,43.6099,-1713.87,,365986351,Port:2,0,1773325372,518826764,Enabled,0.930174,0.0307934,0.0346835,0.364178,-87.5129,271.258,-1592.25,0.144856,3,OK,-87.3363,271.324,-1592.26,OK,-129.048,241.317,-1589.58,OK,-130.235,317.589,-1587.03,,365986351,Port:3,0,1773325372,518826764,Missing,,,,,,,,,4,Missing,,,,Missing,,,,Missing,,,,Missing,,,,,365986351,Port:65535,0,1773325372,518826764,Missing,,,,,,,,,0
4,,365986354,Port:1,0,1773325372,568826764,50000000,Enabled,0.516954,0.604163,-0.492151,0.354306,-135.512,80.0292,-1691.28,0.220395,4,OK,-135.341,79.9909,-1691.5,OK,-166.373,40.4901,-1692.03,OK,-142.664,-5.56239,-1710.26,OK,-96.2328,39.94,-1712.03,,365986354,Port:2,0,1773325372,568826764,Enabled,0.930142,0.0309554,0.0352976,0.364187,-87.5208,271.267,-1592.31,0.143728,3,OK,-87.3473,271.336,-1592.32,OK,-129.05,241.322,-1589.59,OK,-130.237,317.594,-1587.04,,365986354,Port:3,0,1773325372,568826764,Missing,,,,,,,,,4,Missing,,,,Missing,,,,Missing,,,,Missing,,,,,365986354,Port:65535,0,1773325372,568826764,Missing,,,,,,,,,0
4,,365986360,Port:1,0,1773325372,668826771,100000007,Enabled,0.510761,0.622993,-0.470647,0.359854,-136.633,71.283,-1686.81,0.254342,4,OK,-136.472,71.2393,-1687.08,OK,-165.304,30.121,-1687.07,OK,-139.543,-14.4498,-1706.24,OK,-95.699,33.5205,-1708.68,,365986360,Port:2,0,1773325372,668826771,Enabled,0.930146,0.0309641,0.035451,0.364161,-87.5215,271.26,-1592.32,0.141672,3,OK,-87.3501,271.326,-1592.33,OK,-129.049,241.317,-1589.58,OK,-130.235,317.593,-1587.04,,365986360,Port:3,0,1773325372,668826771,Missing,,,,,,,,,4,Missing,,,,Missing,,,,Missing,,,,Missing,,,,,365986360,Port:65535,0,1773325372,668826771,Missing,,,,,,,,,0
4,,365986363,Port:1,0,1773325372,718826764,49999993,Enabled,0.506436,0.632928,-0.460175,0.362165,-137.289,66.9325,-1684.72,0.22681,4,OK,-137.128,66.8983,-1684.95,OK,-164.815,24.9958,-1684.96,OK,-138.015,-18.7431,-1704.61,OK,-95.5606,30.4479,-1707.28,,365986363,Port:2,0,1773325372,718826764,Enabled,0.930146,0.0309118,0.0350941,0.364201,-87.5211,271.267,-1592.29,0.140395,3,OK,-87.3506,271.334,-1592.3,OK,-129.048,241.326,-1589.59,OK,-130.24,317.591,-1587.03,,365986363,Port:3,0,1773325372,718826764,Missing,,,,,,,,,4,Missing,,,,Missing,,,,Missing,,,,Missing,,,,,365986363,Port:65535,0,1773325372,718826764,Missing,,,,,,,,,0
4,,365986366,Port:1,0,1773325372,768826764,50000000,Enabled,0.50187,0.642062,-0.450193,0.364977,-137.615,62.5799,-1682.68,0.208152,4,OK,-137.453,62.5615,-1682.89,OK,-163.994,19.9139,-1682.92,OK,-136.19,-22.9954,-1703,OK,-95.1199,27.3611,-1705.83,,365986366,Port:2,0,1773325372,768826764,Enabled,0.930152,0.0309541,0.0354233,0.364149,-87.5234,271.266,-1592.32,0.144419,3,OK,-87.3482,271.333,-1592.34,OK,-129.055,241.324,-1589.59,OK,-130.236,317.596,-1587.05,,365986366,Port:3,0,1773325372,768826764,Missing,,,,,,,,,4,Missing,,,,Missing,,,,Missing,,,,Missing,,,,,365986366,Port:65535,0,1773325372,768826764,Missing,,,,,,,,,0
4,,365986372,Port:1,0,1773325372,868826764,100000000,Enabled,0.497795,0.658775,-0.430886,0.364078,-136.471,54.9198,-1677.96,0.233866,4,OK,-136.32,54.9078,-1678.21,OK,-161.065,11.1975,-1677.79,OK,-132.057,-30.3574,-1699.15,OK,-93.2174,21.7026,-1702.63,,365986372,Port:2,0,1773325372,868826764,Enabled,0.930157,0.0308566,0.0350379,0.364181,-87.5172,271.263,-1592.28,0.142805,3,OK,-87.3449,271.33,-1592.29,OK,-129.048,241.318,-1589.58,OK,-130.235,317.595,-1587.03,,365986372,Port:3,0,1773325372,868826764,Missing,,,,,,,,,4,Missing,,,,Missing,,,,Missing,,,,Missing,,,,,365986372,Port:65535,0,1773325372,868826764,Missing,,,,,,,,,0
4,,365986375,Port:1,0,1773325372,918826771,50000007,Enabled,0.496849,0.663077,-0.425683,0.363681,-135.737,52.348,-1676.42,0.193211,4,OK,-135.586,52.3335,-1676.61,OK,-159.863,8.36368,-1676.2,OK,-130.566,-32.8347,-1697.77,OK,-92.3202,19.6569,-1701.55,,365986375,Port:2,0,1773325372,918826771,Enabled,0.93012,0.031175,0.0356535,0.364189,-87.5227,271.266,-1592.35,0.141842,3,OK,-87.353,271.336,-1592.36,OK,-129.048,241.32,-1589.6,OK,-130.233,317.589,-1587.04,,365986375,Port:3,0,1773325372,918826771,Missing,,,,,,,,,4,Missing,,,,Missing,,,,Missing,,,,Missing,,,,,365986375,Port:65535,0,1773325372,918826771,Missing,,,,,,,,,0
4,,365986378,Port:1,0,1773325372,968826764,49999993,Enabled,0.495149,0.667619,-0.422127,0.361831,-134.959,50.3295,-1675.02,0.216803,4,OK,-134.804,50.3301,-1675.24,OK,-158.73,6.14649,-1674.83,OK,-129.276,-34.6876,-1696.94,OK,-91.492,18.1271,-1700.65,,365986378,Port:2,0,1773325372,968826764,Enabled,0.93014,0.0308412,0.0352288,0.364209,-87.5195,271.263,-1592.3,0.145148,3,OK,-87.3416,271.328,-1592.31,OK,-129.049,241.319,-1589.58,OK,-130.243,317.591,-1587.04,,365986378,Port:3,0,1773325372,968826764,Missing,,,,,,,,,4,Missing,,,,Missing,,,,Missing,,,,Missing,,,,,365986378,Port:65535,0,1773325372,968826764,Missing,,,,,,,,,0
4,,365986381,Port:1,0,1773325373,18826764,50000000,Enabled,0.496379,0.668395,-0.420209,0.360943,-134.275,49.7455,-1674.32,0.224056,4,OK,-134.131,49.7365,-1674.56,OK,-157.976,5.53175,-1673.94,OK,-128.577,-35.2883,-1696.14,OK,-90.8722,17.5654,-1700.1,,365986381,Port:2,0,1773325373,18826764,Enabled,0.930132,0.0310544,0.0356405,0.364169,-87.5211,271.261,-1592.31,0.145009,3,OK,-87.345,271.329,-1592.32,OK,-129.051,241.318,-1589.56,OK,-130.234,317.586,-1587.02,,365986381,Port:3,0,1773325373,18826764,Missing,,,,,,,,,4,Missing,,,,Missing,,,,Missing,,,,Missing,,,,,365986381,Port:65535,0,1773325373,18826764,Missing,,,,,,,,,0
4,,365986384,Port:1,0,1773325373,68826770,50000006,Enabled,0.498394,0.668964,-0.417186,0.360619,-133.723,49.5311,-1673.7,0.237767,4,OK,-133.567,49.5175,-1673.95,OK,-157.297,5.24575,-1673,OK,-127.916,-35.571,-1695.21,OK,-90.3847,17.3753,-1699.58,,365986384,Port:2,0,1773325373,68826770,Enabled,0.930139,0.0310952,0.0354861,0.364164,-87.5243,271.266,-1592.33,0.144389,3,OK,-87.3492,271.334,-1592.34,OK,-129.054,241.323,-1589.59,OK,-130.237,317.594,-1587.03,,365986384,Port:3,0,1773325373,68826770,Missing,,,,,,,,,4,Missing,,,,Missing,,,,Missing,,,,Missing,,,,,365986384,Port:65535,0,1773325373,68826770,Missing,,,,,,,,,0
4,,365986390,Port:1,0,1773325373,168826770,100000000,Enabled,0.50409,0.666909,-0.414053,0.360119,-132.635,50.6546,-1673.55,0.252204,4,OK,-132.485,50.6493,-1673.82,OK,-156.302,6.43682,-1672.15,OK,-127.151,-34.7134,-1694.15,OK,-89.547,18.1038,-1699.35,,365986390,Port:2,0,1773325373,168826770,Enabled,0.930136,0.03075,0.0354594,0.364203,-87.5219,271.262,-1592.29,0.141912,3,OK,-87.3495,271.326,-1592.31,OK,-129.046,241.316,-1589.55,OK,-130.242,317.594,-1587.04,,365986390,Port:3,0,1773325373,168826770,Missing,,,,,,,,,4,Missing,,,,Missing,,,,Missing,,,,Missing,,,,,365986390,Port:65535,0,1773325373,168826770,Missing,,,,,,,,,0
4,,365986393,Port:1,0,1773325373,218826770,50000000,Enabled,0.505252,0.664797,-0.419131,0.356504,-132.07,51.9214,-1673.78,0.236866,4,OK,-131.908,51.9043,-1674.03,OK,-156.319,8.00436,-1672.56,OK,-127.681,-33.4415,-1694.6,OK,-89.3852,18.8992,-1699.66,,365986393,Port:2,0,1773325373,218826770,Enabled,0.930112,0.0308961,0.0356028,0.36424,-87.5246,271.272,-1592.32,0.143545,3,OK,-87.3521,271.343,-1592.34,OK,-129.049,241.324,-1589.57,OK,-130.243,317.59,-1587.05,,365986393,Port:3,0,1773325373,218826770,Missing,,,,,,,,,4,Missing,,,,Missing,,,,Missing,,,,Missing,,,,,365986393,Port:65535,0,1773325373,218826770,Missing,,,,,,,,,0
4,,365986396,Port:1,0,1773325373,268826770,50000000,Enabled,0.509207,0.660348,-0.420958,0.356992,-131.711,53.8345,-1674.6,0.24375,4,OK,-131.552,53.8134,-1674.86,OK,-156.331,10.1368,-1673.04,OK,-128.001,-31.7414,-1694.66,OK,-89.25,20.2215,-1700.08,,365986396,Port:2,0,1773325373,268826770,Enabled,0.930159,0.0308262,0.0351259,0.364171,-87.5204,271.262,-1592.28,0.140188,3,OK,-87.3506,271.327,-1592.29,OK,-129.048,241.321,-1589.57,OK,-130.237,317.593,-1587.04,,365986396,Port:3,0,1773325373,268826770,Missing,,,,,,,,,4,Missing,,,,Missing,,,,Missing,,,,Missing,,,,,365986396,Port:65535,0,1773325373,268826770,Missing,,,,,,,,,0
4,,365986399,Port:1,0,1773325373,318826770,50000000,Enabled,0.512392,0.657064,-0.42251,0.356662,-131.441,55.4902,-1675.27,0.285185,4,OK,-131.288,55.4738,-1675.58,OK,-156.376,11.9877,-1673.4,OK,-128.355,-30.2413,-1694.85,OK,-89.2071,21.4068,-1700.46,,365986399,Port:2,0,1773325373,318826770,Enabled,0.930109,0.0310249,0.0359973,0.364197,-87.5245,271.265,-1592.34,0.148826,3,OK,-87.3449,271.337,-1592.36,OK,-129.054,241.317,-1589.55,OK,-130.238,317.588,-1587.03,,365986399,Port:3,0,1773325373,318826770,Missing,,,,,,,,,4,Missing,,,,Missing,,,,Missing,,,,Missing,,,,,365986399,Port:65535,0,1773325373,318826770,Missing,,,,,,,,,0
4,,365986405,Port:1,0,1773325373,418826770,100000000,Enabled,0.51777,0.649305,-0.42802,0.356534,-130.696,58.4981,-1676.52,0.242485,4,OK,-130.529,58.4678,-1676.78,OK,-156.412,15.4594,-1674.41,OK,-129.01,-27.471,-1695.09,OK,-88.9326,23.397,-1701.1,,365986405,Port:2,0,1773325373,418826770,Enabled,0.930129,0.0314228,0.0354815,0.364162,-87.5231,271.265,-1592.34,0.141714,3,OK,-87.3497,271.332,-1592.35,OK,-129.051,241.328,-1589.61,OK,-130.234,317.586,-1587.01,,365986405,Port:3,0,1773325373,418826770,Missing,,,,,,,,,4,Missing,,,,Missing,,,,Missing,,,,Missing,,,,,365986405,Port:65535,0,1773325373,418826770,Missing,,,,,,,,,0
4,,365986408,Port:1,0,1773325373,468826770,50000000,Enabled,0.522316,0.644489,-0.430364,0.355818,-129.974,60.6558,-1677.39,0.271399,4,OK,-129.821,60.6189,-1677.68,OK,-156.169,17.9248,-1674.89,OK,-129.24,-25.4814,-1695.24,OK,-88.5556,24.8828,-1701.59,,365986408,Port:2,0,1773325373,468826770,Enabled,0.930178,0.0306805,0.0347816,0.364166,-87.5212,271.263,-1592.27,0.140565,3,OK,-87.3497,271.327,-1592.28,OK,-129.052,241.325,-1589.59,OK,-130.242,317.597,-1587.06,,365986408,Port:3,0,1773325373,468826770,Missing,,,,,,,,,4,Missing,,,,Missing,,,,Missing,,,,Missing,,,,,365986408,Port:65535,0,1773325373,468826770,Missing,,,,,,,,,0
4,,365986411,Port:1,0,1773325373,518826770,50000000,Enabled,0.526148,0.634531,-0.442515,0.353155,-128.796,64.5155,-1679.11,0.244946,4,OK,-128.628,64.4577,-1679.36,OK,-156.268,22.58,-1676.83,OK,-130.406,-21.6717,-1696.55,OK,-88.1647,27.4306,-1702.65,,365986411,Port:2,0,1773325373,518826770,Enabled,0.930143,0.0310324,0.0353657,0.36417,-87.5183,271.259,-1592.29,0.141818,3,OK,-87.3475,271.328,-1592.3,OK,-129.047,241.316,-1589.56,OK,-130.231,317.587,-1587.01,,365986411,Port:3,0,1773325373,518826770,Missing,,,,,,,,,4,Missing,,,,Missing,,,,Missing,,,,Missing,,,,,365986411,Port:65535,0,1773325373,518826770,Missing,,,,,,,,,0
4,,365986417,Port:1,0,1773325373,618826770,100000000,Enabled,0.536469,0.615208,-0.459888,0.349604,-127.306,73.2539,-1683.37,0.262605,4,OK,-127.139,73.1977,-1683.65,OK,-156.879,32.7892,-1680.85,OK,-132.939,-13.056,-1699.35,OK,-88.1882,33.7489,-1705.47,,365986417,Port:2,0,1773325373,618826770,Enabled,0.930184,0.0307011,0.034705,0.364158,-87.5203,271.263,-1592.27,0.142034,3,OK,-87.345,271.326,-1592.28,OK,-129.054,241.329,-1589.6,OK,-130.242,317.593,-1587.06,,365986417,Port:3,0,1773325373,618826770,Missing,,,,,,,,,4,Missing,,,,Missing,,,,Missing,,,,Missing,,,,,365986417,Port:65535,0,1773325373,618826770,Missing,,,,,,,,,0
4,,365986420,Port:1,0,1773325373,668826770,50000000,Enabled,0.542647,0.603781,-0.467645,0.349701,-126.601,77.816,-1685.95,0.274684,4,OK,-126.439,77.7544,-1686.24,OK,-157.159,38.125,-1683.14,OK,-134.165,-8.56281,-1700.76,OK,-88.233,37.0543,-1707.02,,365986420,Port:2,0,1773325373,668826770,Enabled,0.930131,0.0309141,0.0354129,0.364208,-87.5212,271.265,-1592.3,0.142829,3,OK,-87.3475,271.33,-1592.31,OK,-129.047,241.319,-1589.56,OK,-130.241,317.591,-1587.03,,365986420,Port:3,0,1773325373,668826770,Missing,,,,,,,,,4,Missing,,,,Missing,,,,Missing,,,,Missing,,,,,365986420,Port:65535,0,1773325373,668826770,Missing,,,,,,,,,0
4,,365986423,Port:1,0,1773325373,718826770,50000000,Enabled,0.546186,0.592794,-0.479552,0.346852,-125.285,82.5346,-1688.64,0.244576,4,OK,-125.113,82.461,-1688.89,OK,-157.084,43.799,-1686.11,OK,-135.246,-3.64753,-1703.08,OK,-87.8795,40.5183,-1709.01,,365986423,Port:2,0,1773325373,718826770,Enabled,0.930149,0.0309632,0.0351247,0.364184,-87.5188,271.264,-1592.29,0.143733,3,OK,-87.3436,271.329,-1592.31,OK,-129.049,241.32,-1589.59,OK,-130.238,317.595,-1587.03,,365986423,Port:3,0,1773325373,718826770,Missing,,,,,,,,,4,Missing,,,,Missing,,,,Missing,,,,Missing,,,,,365986423,Port:65535,0,1773325373,718826770,Missing,,,,,,,,,0
4,,365986426,Port:1,0,1773325373,768826770,50000000,Enabled,0.551621,0.582605,-0.487867,0.343907,-123.028,87.3115,-1690.85,0.212526,4,OK,-122.866,87.2293,-1691.05,OK,-155.856,49.4645,-1688.26,OK,-135.18,1.29442,-1704.57,OK,-86.602,44.132,-1710.59,,365986426,Port:2,0,1773325373,768826770,Enabled,0.930129,0.0312864,0.0356517,0.364158,-87.5236,271.26,-1592.31,0.145989,3,OK,-87.3451,271.328,-1592.33,OK,-129.055,241.321,-1589.56,OK,-130.235,317.582,-1586.99,,365986426,Port:3,0,1773325373,768826770,Missing,,,,,,,,,4,Missing,,,,Missing,,,,Missing,,,,Missing,,,,,365986426,Port:65535,0,1773325373,768826770,Missing,,,,,,,,,0
4,,365986429,Port:1,0,1773325373,818826770,50000000,Enabled,0.562018,0.570388,-0.493802,0.339047,-120.087,92.9895,-1693.09,0.258146,4,OK,-119.922,92.902,-1693.36,OK,-154.069,56.2216,-1689.8,OK,-134.961,7.17756,-1705.41,OK,-85.0589,48.3788,-1712.09,,365986429,Port:2,0,1773325373,818826770,Enabled,0.930116,0.0312859,0.035631,0.364193,-87.5221,271.265,-1592.33,0.143938,3,OK,-87.3485,271.335,-1592.34,OK,-129.05,241.321,-1589.58,OK,-130.234,317.583,-1587.01,,365986429,Port:3,0,1773325373,818826770,Missing,,,,,,,,,4,Missing,,,,Missing,,,,Missing,,,,Missing,,,,,365986429,Port:65535,0,1773325373,818826770,Missing,,,,,,,,,0
4,,365986435,Port:1,0,1773325373,918826770,100000000,Enabled,0.570811,0.544002,-0.51422,0.337363,-116.606,103.227,-1699.61,0.267916,4,OK,-116.442,103.139,-1699.89,OK,-152.704,68.54,-1696.5,OK,-136.017,18.113,-1710.4,OK,-83.6845,56.2286,-1716.45,,365986435,Port:2,0,1773325373,918826770,Enabled,0.930133,0.0308624,0.0354209,0.364206,-87.5229,271.263,-1592.3,0.14423,3,OK,-87.3473,271.328,-1592.31,OK,-129.05,241.316,-1589.56,OK,-130.243,317.593,-1587.03,,365986435,Port:3,0,1773325373,918826770,Missing,,,,,,,,,4,Missing,,,,Missing,,,,Missing,,,,Missing,,,,,365986435,Port:65535,0,1773325373,918826770,Missing,,,,,,,,,0
4,,365986438,Port:1,0,1773325373,968826770,50000000,Enabled,0.57405,0.532326,-0.523444,0.336306,-115.117,107.63,-1702.61,0.243941,4,OK,-114.955,107.531,-1702.85,OK,-152.133,73.8971,-1699.71,OK,-136.544,22.9471,-1712.84,OK,-83.1639,59.6482,-1718.57,,365986438,Port:2,0,1773325373,968826770,Enabled,0.930118,0.0310308,0.0355195,0.36422,-87.521,271.268,-1592.31,0.141444,3,OK,-87.3494,271.336,-1592.32,OK,-129.045,241.324,-1589.57,OK,-130.238,317.587,-1587.02,,365986438,Port:3,0,1773325373,968826770,Missing,,,,,,,,,4,Missing,,,,Missing,,,,Missing,,,,Missing,,,,,365986438,Port:65535,0,1773325373,968826770,Missing,,,,,,,,,0
4,,365986441,Port:1,0,1773325374,18826770,50000000,Enabled,0.57952,0.521585,-0.529208,0.334731,-112.959,111.692,-1705.19,0.248798,4,OK,-112.799,111.581,-1705.43,OK,-150.754,78.8537,-1702.1,OK,-136.258,27.398,-1714.49,OK,-82.0111,62.7984,-1720.32,,365986441,Port:2,0,1773325374,18826770,Enabled,0.93015,0.0309843,0.0352544,0.364168,-87.5197,271.265,-1592.3,0.14482,3,OK,-87.3446,271.333,-1592.32,OK,-129.052,241.321,-1589.59,OK,-130.235,317.594,-1587.03,,365986441,Port:3,0,1773325374,18826770,Missing,,,,,,,,,4,Missing,,,,Missing,,,,Missing,,,,Missing,,,,,365986441,Port:65535,0,1773325374,18826770,Missing,,,,,,,,,0
4,,365986447,Port:1,0,1773325374,118826765,99999995,Enabled,0.588596,0.496494,-0.546506,0.32921,-107.428,119.638,-1710.26,0.2373,4,OK,-107.281,119.534,-1710.49,OK,-147.086,89.0868,-1707.33,OK,-135.31,36.6061,-1718.35,OK,-79.0289,68.7278,-1723.7,,365986447,Port:2,0,1773325374,118826765,Enabled,0.930138,0.0306727,0.0355069,0.3642,-87.5199,271.26,-1592.3,0.14238,3,OK,-87.3502,271.33,-1592.31,OK,-129.046,241.312,-1589.55,OK,-130.235,317.589,-1587.05,,365986447,Port:3,0,1773325374,118826765,Missing,,,,,,,,,4,Missing,,,,Missing,,,,Missing,,,,Missing,,,,,365986447,Port:65535,0,1773325374,118826765,Missing,,,,,,,,,0
4,,365986450,Port:1,0,1773325374,168826765,50000000,Enabled,0.592166,0.484311,-0.554089,0.328279,-105.186,123.219,-1713.03,0.253002,4,OK,-105.038,123.108,-1713.28,OK,-145.605,93.6657,-1710.21,OK,-134.988,40.8004,-1720.5,OK,-77.8775,71.4819,-1725.51,,365986450,Port:2,0,1773325374,168826765,Enabled,0.930145,0.0309514,0.0352683,0.364182,-87.5192,271.259,-1592.29,0.14144,3,OK,-87.3474,271.324,-1592.3,OK,-129.046,241.316,-1589.57,OK,-130.236,317.588,-1587.02,,365986450,Port:3,0,1773325374,168826765,Missing,,,,,,,,,4,Missing,,,,Missing,,,,Missing,,,,Missing,,,,,365986450,Port:65535,0,1773325374,168826765,Missing,,,,,,,,,0
4,,365986453,Port:1,0,1773325374,218826765,50000000,Enabled,0.594604,0.474431,-0.560432,0.327532,-103.417,126.26,-1715.58,0.222274,4,OK,-103.27,126.144,-1715.79,OK,-144.437,97.5319,-1712.98,OK,-134.747,44.3746,-1722.6,OK,-77.0023,73.8843,-1727.34,,365986453,Port:2,0,1773325374,218826765,Enabled,0.930142,0.0307487,0.0355489,0.364179,-87.5236,271.263,-1592.33,0.140863,3,OK,-87.3545,271.33,-1592.34,OK,-129.048,241.316,-1589.58,OK,-130.238,317.596,-1587.07,,365986453,Port:3,0,1773325374,218826765,Missing,,,,,,,,,4,Missing,,,,Missing,,,,Missing,,,,Missing,,,,,365986453,Port:65535,0,1773325374,218826765,Missing,,,,,,,,,0
4,,365986456,Port:1,0,1773325374,268826765,50000000,Enabled,0.598737,0.463419,-0.565815,0.326511,-101.148,129.367,-1717.97,0.234378,4,OK,-100.999,129.249,-1718.18,OK,-142.784,101.538,-1715.33,OK,-134.173,48.0958,-1724.25,OK,-75.7755,76.3023,-1728.86,,365986456,Port:2,0,1773325374,268826765,Enabled,0.930166,0.0307571,0.0347827,0.36419,-87.5175,271.261,-1592.27,0.142572,3,OK,-87.3449,271.329,-1592.28,OK,-129.05,241.32,-1589.6,OK,-130.238,317.588,-1587.05,,365986456,Port:3,0,1773325374,268826765,Missing,,,,,,,,,4,Missing,,,,Missing,,,,Missing,,,,Missing,,,,,365986456,Port:65535,0,1773325374,268826765,Missing,,,,,,,,,0
4,,365986459,Port:1,0,1773325374,318826765,50000000,Enabled,0.602196,0.453476,-0.5714,0.324378,-98.6465,132.466,-1720.36,0.230216,4,OK,-98.5158,132.338,-1720.57,OK,-140.884,105.565,-1717.78,OK,-133.344,51.8652,-1726.16,OK,-74.3157,78.7657,-1730.58,,365986459,Port:2,0,1773325374,318826765,Enabled,0.930139,0.0310493,0.0355052,0.364165,-87.521,271.26,-1592.31,0.143001,3,OK,-87.3446,271.323,-1592.32,OK,-129.05,241.323,-1589.57,OK,-130.237,317.585,-1587.02,,365986459,Port:3,0,1773325374,318826765,Missing,,,,,,,,,4,Missing,,,,Missing,,,,Missing,,,,Missing,,,,,365986459,Port:65535,0,1773325374,318826765,Missing,,,,,,,,,0
4,,365986465,Port:1,0,1773325374,418826765,100000000,Enabled,0.608125,0.425998,-0.589832,0.317504,-92.2997,139.408,-1725.75,0.185222,4,OK,-92.1726,139.273,-1725.89,OK,-136.129,115.143,-1723.93,OK,-131.642,60.9292,-1731.01,OK,-71.0076,84.1579,-1734.39,,365986465,Port:2,0,1773325374,418826765,Enabled,0.930144,0.0309611,0.0352814,0.364181,-87.5239,271.264,-1592.31,0.141642,3,OK,-87.352,271.33,-1592.32,OK,-129.051,241.321,-1589.59,OK,-130.241,317.593,-1587.04,,365986465,Port:3,0,1773325374,418826765,Missing,,,,,,,,,4,Missing,,,,Missing,,,,Missing,,,,Missing,,,,,365986465,Port:65535,0,1773325374,418826765,Missing,,,,,,,,,0
4,,365986468,Port:1,0,1773325374,468826765,50000000,Enabled,0.6106,0.413976,-0.595654,0.317787,-89.9331,142.173,-1728.43,0.180627,4,OK,-89.808,142.047,-1728.56,OK,-134.272,118.82,-1726.82,OK,-130.806,64.4531,-1733.12,OK,-69.6698,86.378,-1736.07,,365986468,Port:2,0,1773325374,468826765,Enabled,0.930137,0.0312179,0.0353796,0.36417,-87.521,271.266,-1592.33,0.143037,3,OK,-87.3478,271.333,-1592.34,OK,-129.05,241.322,-1589.61,OK,-130.234,317.595,-1587.03,,365986468,Port:3,0,1773325374,468826765,Missing,,,,,,,,,4,Missing,,,,Missing,,,,Missing,,,,Missing,,,,,365986468,Port:65535,0,1773325374,468826765,Missing,,,,,,,,,0
4,,365986471,Port:1,0,1773325374,518826765,50000000,Enabled,0.614183,0.405101,-0.599438,0.315193,-87.6595,144.508,-1730.4,0.165153,4,OK,-87.5281,144.375,-1730.5,OK,-132.449,122.028,-1728.82,OK,-129.999,67.5371,-1734.58,OK,-68.4406,88.2827,-1737.53,,365986471,Port:2,0,1773325374,518826765,Enabled,0.930128,0.0309171,0.0356264,0.364194,-87.5232,271.263,-1592.32,0.143782,3,OK,-87.3522,271.334,-1592.34,OK,-129.05,241.312,-1589.57,OK,-130.236,317.59,-1587.05,,365986471,Port:3,0,1773325374,518826765,Missing,,,,,,,,,4,Missing,,,,Missing,,,,Missing,,,,Missing,,,,,365986471,Port:65535,0,1773325374,518826765,Missing,,,,,,,,,0
4,,365986477,Port:1,0,1773325374,618826765,100000000,Enabled,0.618347,0.388625,-0.607764,0.311835,-83.3293,148.165,-1733.86,0.176636,4,OK,-83.2096,148.037,-1733.98,OK,-128.857,127.195,-1732.51,OK,-128.148,72.6033,-1737.53,OK,-65.9074,91.218,-1739.92,,365986477,Port:2,0,1773325374,618826765,Enabled,0.930153,0.0311618,0.0349073,0.364178,-87.5169,271.262,-1592.28,0.143666,3,OK,-87.3419,271.33,-1592.29,OK,-129.05,241.322,-1589.6,OK,-130.234,317.586,-1587,,365986477,Port:3,0,1773325374,618826765,Missing,,,,,,,,,4,Missing,,,,Missing,,,,Missing,,,,Missing,,,,,365986477,Port:65535,0,1773325374,618826765,Missing,,,,,,,,,0
4,,365986480,Port:1,0,1773325374,668826765,50000000,Enabled,0.62058,0.381429,-0.612877,0.306227,-80.3343,149.877,-1734.86,0.183397,4,OK,-80.2235,149.734,-1734.99,OK,-126.292,129.877,-1733.65,OK,-126.72,75.2722,-1738.66,OK,-64.0919,92.5787,-1740.81,,365986480,Port:2,0,1773325374,668826765,Enabled,0.930123,0.0308596,0.0354555,0.364229,-87.5205,271.264,-1592.31,0.141851,3,OK,-87.3501,271.334,-1592.33,OK,-129.045,241.317,-1589.57,OK,-130.238,317.585,-1587.05,,365986480,Port:3,0,1773325374,668826765,Missing,,,,,,,,,4,Missing,,,,Missing,,,,Missing,,,,Missing,,,,,365986480,Port:65535,0,1773325374,668826765,Missing,,,,,,,,,0
4,,365986483,Port:1,0,1773325374,718826765,50000000,Enabled,0.625595,0.372165,-0.61422,0.304726,-77.4117,151.641,-1736.56,0.162027,4,OK,-77.2996,151.503,-1736.66,OK,-123.719,132.466,-1735.15,OK,-125.073,77.8037,-1739.4,OK,-62.1658,93.988,-1741.81,,365986483,Port:2,0,1773325374,718826765,Enabled,0.930167,0.0308289,0.0351971,0.364144,-87.5163,271.256,-1592.29,0.141339,3,OK,-87.3431,271.319,-1592.3,OK,-129.047,241.319,-1589.57,OK,-130.232,317.588,-1587.04,,365986483,Port:3,0,1773325374,718826765,Missing,,,,,,,,,4,Missing,,,,Missing,,,,Missing,,,,Missing,,,,,365986483,Port:65535,0,1773325374,718826765,Missing,,,,,,,,,0
4,,365986486,Port:1,0,1773325374,768826765,50000000,Enabled,0.630782,0.365443,-0.615138,0.300285,-74.7478,153.355,-1737.94,0.150204,4,OK,-74.6367,153.215,-1738.01,OK,-121.368,134.997,-1736.25,OK,-123.726,80.356,-1740.08,OK,-60.5492,95.4212,-1742.92,,365986486,Port:2,0,1773325374,768826765,Enabled,0.930162,0.0305904,0.0351096,0.364185,-87.5183,271.259,-1592.28,0.143743,3,OK,-87.3431,271.324,-1592.3,OK,-129.048,241.315,-1589.57,OK,-130.241,317.594,-1587.07,,365986486,Port:3,0,1773325374,768826765,Missing,,,,,,,,,4,Missing,,,,Missing,,,,Missing,,,,Missing,,,,,365986486,Port:65535,0,1773325374,768826765,Missing,,,,,,,,,0
4,,365986489,Port:1,0,1773325374,818826765,50000000,Enabled,0.634303,0.358016,-0.617349,0.297262,-72.2664,154.934,-1739.27,0.160441,4,OK,-72.1582,154.791,-1739.36,OK,-119.183,137.366,-1737.46,OK,-122.462,82.7485,-1740.96,OK,-59.0292,96.7441,-1743.82,,365986489,Port:2,0,1773325374,818826765,Enabled,0.930122,0.0311548,0.035369,0.364212,-87.5181,271.262,-1592.31,0.143566,3,OK,-87.3458,271.331,-1592.32,OK,-129.045,241.312,-1589.59,OK,-130.234,317.585,-1587.02,,365986489,Port:3,0,1773325374,818826765,Missing,,,,,,,,,4,Missing,,,,Missing,,,,Missing,,,,Missing,,,,,365986489,Port:65535,0,1773325374,818826765,Missing,,,,,,,,,0
4,,365986495,Port:1,0,1773325374,918826765,100000000,Enabled,0.642432,0.341474,-0.622877,0.287577,-65.6341,157.996,-1741.62,0.143688,4,OK,-65.5399,157.849,-1741.67,OK,-113.237,142.421,-1739.64,OK,-118.784,87.938,-1742.46,OK,-54.8174,99.2504,-1745.52,,365986495,Port:2,0,1773325374,918826765,Enabled,0.930155,0.0305268,0.0352283,0.364195,-87.5203,271.264,-1592.3,0.14646,3,OK,-87.3417,271.331,-1592.31,OK,-129.052,241.32,-1589.57,OK,-130.243,317.595,-1587.08,,365986495,Port:3,0,1773325374,918826765,Missing,,,,,,,,,4,Missing,,,,Missing,,,,Missing,,,,Missing,,,,,365986495,Port:65535,0,1773325374,918826765,Missing,,,,,,,,,0
4,,365986498,Port:1,0,1773325374,968826765,50000000,Enabled,0.646,0.332355,-0.627844,0.279349,-61.4567,159.535,-1742.54,0.143338,4,OK,-61.3601,159.386,-1742.58,OK,-109.479,145.267,-1740.64,OK,-116.491,90.9616,-1743.37,OK,-52.2565,100.509,-1746.37,,365986498,Port:2,0,1773325374,968826765,Enabled,0.930122,0.0311219,0.0353379,0.36422,-87.5202,271.265,-1592.33,0.141374,3,OK,-87.3495,271.333,-1592.34,OK,-129.045,241.318,-1589.61,OK,-130.238,317.587,-1587.04,,365986498,Port:3,0,1773325374,968826765,Missing,,,,,,,,,4,Missing,,,,Missing,,,,Missing,,,,Missing,,,,,365986498,Port:65535,0,1773325374,968826765,Missing,,,,,,,,,0
4,,365986501,Port:1,0,1773325375,18826765,50000000,Enabled,0.650674,0.32385,-0.629895,0.273818,-57.649,160.858,-1743.59,0.145667,4,OK,-57.568,160.71,-1743.67,OK,-105.954,147.66,-1741.46,OK,-114.166,93.4919,-1743.93,OK,-49.7454,101.616,-1747.06,,365986501,Port:2,0,1773325375,18826765,Enabled,0.93012,0.0310802,0.0356827,0.364193,-87.5227,271.266,-1592.33,0.143723,3,OK,-87.3495,271.336,-1592.35,OK,-129.05,241.321,-1589.58,OK,-130.235,317.587,-1587.03,,365986501,Port:3,0,1773325375,18826765,Missing,,,,,,,,,4,Missing,,,,Missing,,,,Missing,,,,Missing,,,,,365986501,Port:65535,0,1773325375,18826765,Missing,,,,,,,,,0
4,,365986504,Port:1,0,1773325375,68826766,50000001,Enabled,0.653835,0.315505,-0.633123,0.268536,-54.093,161.99,-1744.65,0.155364,4,OK,-54.0119,161.832,-1744.73,OK,-102.674,149.82,-1742.53,OK,-112.032,95.8447,-1744.77,OK,-47.4375,102.589,-1747.84,,365986504,Port:2,0,1773325375,68826766,Enabled,0.930117,0.0308532,0.0354719,0.364241,-87.5209,271.265,-1592.32,0.14621,3,OK,-87.345,271.336,-1592.33,OK,-129.048,241.314,-1589.58,OK,-130.242,317.588,-1587.05,,365986504,Port:3,0,1773325375,68826766,Missing,,,,,,,,,4,Missing,,,,Missing,,,,Missing,,,,Missing,,,,,365986504,Port:65535,0,1773325375,68826766,Missing,,,,,,,,,0
4,,365986510,Port:1,0,1773325375,168826766,100000000,Enabled,0.659712,0.300412,-0.63866,0.258159,-47.6784,163.726,-1746.21,0.139023,4,OK,-47.6009,163.565,-1746.21,OK,-96.7036,153.493,-1744.16,OK,-108.161,99.9078,-1745.87,OK,-43.3739,104.086,-1749.01,,365986510,Port:2,0,1773325375,168826766,Enabled,0.930145,0.0307622,0.0353959,0.364186,-87.5203,271.259,-1592.3,0.144767,3,OK,-87.3452,271.328,-1592.32,OK,-129.05,241.314,-1589.57,OK,-130.238,317.588,-1587.05,,365986510,Port:3,0,1773325375,168826766,Missing,,,,,,,,,4,Missing,,,,Missing,,,,Missing,,,,Missing,,,,,365986510,Port:65535,0,1773325375,168826766,Missing,,,,,,,,,0
4,,365986513,Port:1,0,1773325375,218826766,50000000,Enabled,0.661691,0.294454,-0.640912,0.254348,-44.9416,164.295,-1746.86,0.135765,4,OK,-44.8675,164.139,-1746.84,OK,-94.1199,154.816,-1744.86,OK,-106.374,101.388,-1746.39,OK,-41.5287,104.58,-1749.49,,365986513,Port:2,0,1773325375,218826766,Enabled,0.930133,0.0309137,0.0353618,0.364206,-87.5207,271.265,-1592.31,0.14128,3,OK,-87.3538,271.336,-1592.32,OK,-129.046,241.314,-1589.58,OK,-130.234,317.59,-1587.04,,365986513,Port:3,0,1773325375,218826766,Missing,,,,,,,,,4,Missing,,,,Missing,,,,Missing,,,,Missing,,,,,365986513,Port:65535,0,1773325375,218826766,Missing,,,,,,,,,0
4,,365986516,Port:1,0,1773325375,268826766,50000000,Enabled,0.665623,0.287711,-0.641443,0.25044,-42.0538,164.865,-1747.74,0.135845,4,OK,-41.98,164.713,-1747.77,OK,-91.367,156.179,-1745.48,OK,-104.498,102.966,-1746.74,OK,-39.6109,105.092,-1749.99,,365986516,Port:2,0,1773325375,268826766,Enabled,0.930111,0.0309499,0.0355588,0.36424,-87.5179,271.262,-1592.31,0.145722,3,OK,-87.343,271.334,-1592.33,OK,-129.045,241.311,-1589.57,OK,-130.237,317.582,-1587.03,,365986516,Port:3,0,1773325375,268826766,Missing,,,,,,,,,4,Missing,,,,Missing,,,,Missing,,,,Missing,,,,,365986516,Port:65535,0,1773325375,268826766,Missing,,,,,,,,,0
4,,365986519,Port:1,0,1773325375,318826766,50000000,Enabled,0.667649,0.280686,-0.644299,0.245639,-38.9698,165.354,-1748.57,0.13257,4,OK,-38.9028,165.197,-1748.57,OK,-88.4298,157.572,-1746.41,OK,-102.524,104.59,-1747.49,OK,-37.605,105.543,-1750.66,,365986519,Port:2,0,1773325375,318826766,Enabled,0.930139,0.0308962,0.0354392,0.364186,-87.5185,271.261,-1592.31,0.144706,3,OK,-87.3429,271.329,-1592.32,OK,-129.048,241.317,-1589.57,OK,-130.236,317.59,-1587.04,,365986519,Port:3,0,1773325375,318826766,Missing,,,,,,,,,4,Missing,,,,Missing,,,,Missing,,,,Missing,,,,,365986519,Port:65535,0,1773325375,318826766,Missing,,,,,,,,,0
4,,365986525,Port:1,0,1773325375,418826766,100000000,Enabled,0.674904,0.26544,-0.646383,0.237139,-32.4298,166.165,-1750.15,0.132436,4,OK,-32.3672,166.007,-1750.14,OK,-82.1233,160.182,-1747.73,OK,-98.1128,107.727,-1748.07,OK,-33.2093,106.325,-1751.51,,365986525,Port:2,0,1773325375,418826766,Enabled,0.930121,0.0312186,0.0356266,0.364186,-87.5214,271.261,-1592.33,0.142489,3,OK,-87.3488,271.33,-1592.34,OK,-129.048,241.32,-1589.58,OK,-130.233,317.579,-1587.01,,365986525,Port:3,0,1773325375,418826766,Missing,,,,,,,,,4,Missing,,,,Missing,,,,Missing,,,,Missing,,,,,365986525,Port:65535,0,1773325375,418826766,Missing,,,,,,,,,0
4,,365986528,Port:1,0,1773325375,468826766,50000000,Enabled,0.67812,0.256926,-0.648451,0.231632,-28.4475,166.601,-1751.05,0.14218,4,OK,-28.3768,166.455,-1750.99,OK,-78.2598,161.673,-1748.64,OK,-95.3538,109.568,-1748.61,OK,-30.4871,106.779,-1752.13,,365986528,Port:2,0,1773325375,468826766,Enabled,0.930134,0.030762,0.0355064,0.364202,-87.5195,271.262,-1592.3,0.14658,3,OK,-87.342,271.33,-1592.31,OK,-129.049,241.314,-1589.55,OK,-130.239,317.59,-1587.05,,365986528,Port:3,0,1773325375,468826766,Missing,,,,,,,,,4,Missing,,,,Missing,,,,Missing,,,,Missing,,,,,365986528,Port:65535,0,1773325375,468826766,Missing,,,,,,,,,0
4,,365986531,Port:1,0,1773325375,518826766,50000000,Enabled,0.681599,0.24612,-0.651619,0.224144,-23.6155,167.122,-1752.29,0.138814,4,OK,-23.5484,166.971,-1752.25,OK,-73.5506,163.569,-1749.87,OK,-92.0632,111.966,-1749.64,OK,-27.2875,107.376,-1753.04,,365986531,Port:2,0,1773325375,518826766,Enabled,0.930104,0.0310918,0.0358132,0.364221,-87.5261,271.268,-1592.35,0.145285,3,OK,-87.3503,271.338,-1592.36,OK,-129.052,241.32,-1589.58,OK,-130.242,317.587,-1587.04,,365986531,Port:3,0,1773325375,518826766,Missing,,,,,,,,,4,Missing,,,,Missing,,,,Missing,,,,Missing,,,,,365986531,Port:65535,0,1773325375,518826766,Missing,,,,,,,,,0
4,,365986534,Port:1,0,1773325375,568826766,50000000,Enabled,0.683348,0.23411,-0.656446,0.217504,-18.762,167.671,-1753.63,0.135004,4,OK,-18.7012,167.525,-1753.58,OK,-68.7886,165.532,-1751.53,OK,-88.7305,114.455,-1751.07,OK,-24.1001,108.038,-1754.04,,365986534,Port:2,0,1773325375,568826766,Enabled,0.930156,0.030894,0.0350858,0.364177,-87.5184,271.262,-1592.29,0.144722,3,OK,-87.3426,271.33,-1592.31,OK,-129.052,241.321,-1589.59,OK,-130.236,317.587,-1587.04,,365986534,Port:3,0,1773325375,568826766,Missing,,,,,,,,,4,Missing,,,,Missing,,,,Missing,,,,Missing,,,,,365986534,Port:65535,0,1773325375,568826766,Missing,,,,,,,,,0
4,,365986540,Port:1,0,1773325375,668826766,100000000,Enabled,0.688245,0.219456,-0.658951,0.209623,-12.4265,168.391,-1756.03,0.136556,4,OK,-12.3637,168.245,-1755.98,OK,-62.4981,167.945,-1753.91,OK,-84.1209,117.56,-1752.88,OK,-19.7586,108.969,-1755.79,,365986540,Port:2,0,1773325375,668826766,Enabled,0.930132,0.030947,0.0353378,0.364209,-87.5214,271.267,-1592.33,0.14243,3,OK,-87.3507,271.336,-1592.34,OK,-129.048,241.318,-1589.6,OK,-130.238,317.593,-1587.06,,365986540,Port:3,0,1773325375,668826766,Missing,,,,,,,,,4,Missing,,,,Missing,,,,Missing,,,,Missing,,,,,365986540,Port:65535,0,1773325375,668826766,Missing,,,,,,,,,0
4,,365986543,Port:1,0,1773325375,718826766,50000000,Enabled,0.691394,0.216639,-0.65682,0.208875,-11.2044,168.51,-1756.71,0.132816,4,OK,-11.1525,168.366,-1756.66,OK,-61.252,168.325,-1754.27,OK,-83.1418,118.07,-1752.86,OK,-18.8341,109.13,-1756.12,,365986543,Port:2,0,1773325375,718826766,Enabled,0.930152,0.0308112,0.0350443,0.364198,-87.5183,271.259,-1592.28,0.144466,3,OK,-87.3442,271.327,-1592.29,OK,-129.049,241.311,-1589.58,OK,-130.238,317.589,-1587.04,,365986543,Port:3,0,1773325375,718826766,Missing,,,,,,,,,4,Missing,,,,Missing,,,,Missing,,,,Missing,,,,,365986543,Port:65535,0,1773325375,718826766,Missing,,,,,,,,,0
4,,365986546,Port:1,0,1773325375,768826766,50000000,Enabled,0.69291,0.214348,-0.65605,0.208636,-10.3654,168.56,-1757.1,0.152821,4,OK,-10.3211,168.408,-1757,OK,-60.4125,168.577,-1754.59,OK,-82.4751,118.4,-1752.86,OK,-18.1998,109.205,-1756.29,,365986546,Port:2,0,1773325375,768826766,Enabled,0.930128,0.0306318,0.0357649,0.364204,-87.5206,271.262,-1592.32,0.146134,3,OK,-87.3446,271.329,-1592.33,OK,-129.047,241.31,-1589.54,OK,-130.239,317.595,-1587.07,,365986546,Port:3,0,1773325375,768826766,Missing,,,,,,,,,4,Missing,,,,Missing,,,,Missing,,,,Missing,,,,,365986546,Port:65535,0,1773325375,768826766,Missing,,,,,,,,,0
4,,365986549,Port:1,0,1773325375,818826766,50000000,Enabled,0.692514,0.213131,-0.657021,0.208142,-10.0285,168.635,-1757.31,0.152618,4,OK,-9.97686,168.49,-1757.21,OK,-60.0848,168.781,-1754.92,OK,-82.2759,118.657,-1753.2,OK,-18.0168,109.296,-1756.49,,365986549,Port:2,0,1773325375,818826766,Enabled,0.930136,0.0309634,0.0353733,0.364194,-87.5193,271.266,-1592.33,0.144864,3,OK,-87.3419,271.33,-1592.34,OK,-129.048,241.321,-1589.6,OK,-130.239,317.595,-1587.06,,365986549,Port:3,0,1773325375,818826766,Missing,,,,,,,,,4,Missing,,,,Missing,,,,Missing,,,,Missing,,,,,365986549,Port:65535,0,1773325375,818826766,Missing,,,,,,,,,0
4,,365986555,Port:1,0,1773325375,918826766,100000000,Enabled,0.693227,0.216031,-0.65421,0.211604,-11.8116,168.807,-1757.41,0.138562,4,OK,-11.7543,168.66,-1757.35,OK,-61.855,168.485,-1754.75,OK,-83.5646,118.148,-1752.9,OK,-19.2323,109.403,-1756.42,,365986555,Port:2,0,1773325375,918826766,Enabled,0.930153,0.030961,0.0350664,0.364179,-87.5166,271.258,-1592.29,0.143862,3,OK,-87.3426,271.326,-1592.3,OK,-129.048,241.314,-1589.59,OK,-130.234,317.587,-1587.03,,365986555,Port:3,0,1773325375,918826766,Missing,,,,,,,,,4,Missing,,,,Missing,,,,Missing,,,,Missing,,,,,365986555,Port:65535,0,1773325375,918826766,Missing,,,,,,,,,0
4,,365986558,Port:1,0,1773325375,968826766,50000000,Enabled,0.695599,0.220383,-0.649148,0.214897,-13.5343,168.892,-1757.28,0.127668,4,OK,-13.4786,168.752,-1757.23,OK,-63.5362,168.002,-1754.07,OK,-84.6463,117.422,-1751.95,OK,-20.2678,109.401,-1756.11,,365986558,Port:2,0,1773325375,968826766,Enabled,0.930131,0.031041,0.0355953,0.364179,-87.5216,271.261,-1592.33,0.140872,3,OK,-87.3515,271.33,-1592.34,OK,-129.047,241.32,-1589.58,OK,-130.233,317.585,-1587.04,,365986558,Port:3,0,1773325375,968826766,Missing,,,,,,,,,4,Missing,,,,Missing,,,,Missing,,,,Missing,,,,,365986558,Port:65535,0,1773325375,968826766,Missing,,,,,,,,,0
4,,365986561,Port:1,0,1773325376,18826766,50000000,Enabled,0.697091,0.224612,-0.644937,0.218334,-15.2228,168.995,-1757.12,0.133943,4,OK,-15.1651,168.864,-1757.05,OK,-65.17,167.527,-1753.54,OK,-85.7081,116.713,-1751.14,OK,-21.2611,109.436,-1755.86,,365986561,Port:2,0,1773325376,18826766,Enabled,0.930128,0.0309945,0.0356757,0.364182,-87.524,271.264,-1592.35,0.143972,3,OK,-87.3504,271.334,-1592.36,OK,-129.052,241.32,-1589.59,OK,-130.236,317.587,-1587.06,,365986561,Port:3,0,1773325376,18826766,Missing,,,,,,,,,4,Missing,,,,Missing,,,,Missing,,,,Missing,,,,,365986561,Port:65535,0,1773325376,18826766,Missing,,,,,,,,,0
4,,365986567,Port:1,0,1773325376,118826767,100000001,Enabled,0.690447,0.231446,-0.647426,0.224845,-19.2834,169.062,-1756.61,0.136351,4,OK,-19.2226,168.921,-1756.55,OK,-69.2431,166.594,-1753.63,OK,-88.7731,115.382,-1751.76,OK,-24.169,109.395,-1755.72,,365986567,Port:2,0,1773325376,118826767,Enabled,0.93014,0.0311489,0.0351427,0.36419,-87.52,271.259,-1592.31,0.142459,3,OK,-87.3489,271.328,-1592.33,OK,-129.049,241.312,-1589.61,OK,-130.236,317.586,-1587.03,,365986567,Port:3,0,1773325376,118826767,Missing,,,,,,,,,4,Missing,,,,Missing,,,,Missing,,,,Missing,,,,,365986567,Port:65535,0,1773325376,118826767,Missing,,,,,,,,,0
4,,365986570,Port:1,0,1773325376,168826767,50000000,Enabled,0.68642,0.237983,-0.647633,0.229703,-22.6317,168.755,-1755.71,0.130875,4,OK,-22.5672,168.612,-1755.67,OK,-72.5576,165.43,-1752.95,OK,-91.2456,113.887,-1751.46,OK,-26.4943,109.011,-1755.1,,365986570,Port:2,0,1773325376,168826767,Enabled,0.930115,0.0310681,0.0355617,0.364219,-87.5201,271.261,-1592.3,0.142068,3,OK,-87.3501,271.33,-1592.31,OK,-129.044,241.311,-1589.56,OK,-130.236,317.586,-1587.01,,365986570,Port:3,0,1773325376,168826767,Missing,,,,,,,,,4,Missing,,,,Missing,,,,Missing,,,,Missing,,,,,365986570,Port:65535,0,1773325376,168826767,Missing,,,,,,,,,0
4,,365986573,Port:1,0,1773325376,218826767,50000000,Enabled,0.684088,0.246394,-0.645014,0.235096,-26.3065,168.123,-1754.51,0.133848,4,OK,-26.2381,167.981,-1754.47,OK,-76.1485,163.752,-1751.69,OK,-93.761,111.838,-1750.38,OK,-28.9415,108.312,-1754.17,,365986573,Port:2,0,1773325376,218826767,Enabled,0.930107,0.0310838,0.0359492,0.364201,-87.5205,271.264,-1592.35,0.143753,3,OK,-87.3487,271.336,-1592.36,OK,-129.045,241.316,-1589.57,OK,-130.231,317.587,-1587.04,,365986573,Port:3,0,1773325376,218826767,Missing,,,,,,,,,4,Missing,,,,Missing,,,,Missing,,,,Missing,,,,,365986573,Port:65535,0,1773325376,218826767,Missing,,,,,,,,,0
4,,365986576,Port:1,0,1773325376,268826767,50000000,Enabled,0.680015,0.255464,-0.644365,0.238979,-29.7488,167.288,-1752.93,0.134022,4,OK,-29.6808,167.144,-1752.89,OK,-79.5031,161.938,-1750.25,OK,-96.1017,109.68,-1749.46,OK,-31.2419,107.438,-1753.14,,365986576,Port:2,0,1773325376,268826767,Enabled,0.930136,0.0307738,0.0355673,0.364191,-87.5181,271.258,-1592.31,0.143864,3,OK,-87.3475,271.331,-1592.33,OK,-129.046,241.31,-1589.56,OK,-130.23,317.584,-1587.05,,365986576,Port:3,0,1773325376,268826767,Missing,,,,,,,,,4,Missing,,,,Missing,,,,Missing,,,,Missing,,,,,365986576,Port:65535,0,1773325376,268826767,Missing,,,,,,,,,0
4,,365986582,Port:1,0,1773325376,368826767,100000000,Enabled,0.673852,0.270852,-0.640941,0.248509,-36.1378,165.47,-1750.58,0.136203,4,OK,-36.0514,165.331,-1750.54,OK,-85.6628,158.233,-1748.01,OK,-100.301,105.374,-1747.75,OK,-35.3803,105.615,-1751.4,,365986582,Port:2,0,1773325376,368826767,Enabled,0.930202,0.0306114,0.0343764,0.364149,-87.5128,271.258,-1592.24,0.140411,3,OK,-87.342,271.322,-1592.25,OK,-129.048,241.321,-1589.6,OK,-130.234,317.593,-1587.05,,365986582,Port:3,0,1773325376,368826767,Missing,,,,,,,,,4,Missing,,,,Missing,,,,Missing,,,,Missing,,,,,365986582,Port:65535,0,1773325376,368826767,Missing,,,,,,,,,0
4,,365986585,Port:1,0,1773325376,418826767,50000000,Enabled,0.670834,0.278103,-0.639491,0.252374,-39.07,164.617,-1749.37,0.132798,4,OK,-38.9866,164.48,-1749.34,OK,-88.4634,156.531,-1746.85,OK,-102.219,103.442,-1746.93,OK,-37.3033,104.788,-1750.53,,365986585,Port:2,0,1773325376,418826767,Enabled,0.930191,0.0305776,0.0347428,0.364146,-87.5188,271.253,-1592.26,0.141528,3,OK,-87.3462,271.317,-1592.27,OK,-129.053,241.316,-1589.59,OK,-130.238,317.588,-1587.06,,365986585,Port:3,0,1773325376,418826767,Missing,,,,,,,,,4,Missing,,,,Missing,,,,Missing,,,,Missing,,,,,365986585,Port:65535,0,1773325376,418826767,Missing,,,,,,,,,0
4,,365986588,Port:1,0,1773325376,468826767,50000000,Enabled,0.668196,0.285953,-0.636903,0.257098,-42.0603,163.717,-1748.41,0.132442,4,OK,-41.977,163.577,-1748.38,OK,-91.2881,154.68,-1745.85,OK,-104.024,101.332,-1746.16,OK,-39.1446,103.936,-1749.84,,365986588,Port:2,0,1773325376,468826767,Enabled,0.930134,0.0309853,0.0355573,0.36418,-87.5226,271.259,-1592.31,0.142963,3,OK,-87.3493,271.325,-1592.33,OK,-129.049,241.314,-1589.57,OK,-130.238,317.589,-1587.03,,365986588,Port:3,0,1773325376,468826767,Missing,,,,,,,,,4,Missing,,,,Missing,,,,Missing,,,,Missing,,,,,365986588,Port:65535,0,1773325376,468826767,Missing,,,,,,,,,0
4,,365986591,Port:1,0,1773325376,518826767,50000000,Enabled,0.665782,0.291768,-0.635355,0.260632,-44.5696,162.896,-1747.36,0.128142,4,OK,-44.4812,162.766,-1747.35,OK,-93.6655,153.14,-1744.82,OK,-105.629,99.6327,-1745.37,OK,-40.8116,103.164,-1749.01,,365986591,Port:2,0,1773325376,518826767,Enabled,0.930128,0.0311547,0.0355614,0.364179,-87.522,271.262,-1592.33,0.143708,3,OK,-87.3499,271.332,-1592.34,OK,-129.05,241.315,-1589.59,OK,-130.233,317.587,-1587.03,,365986591,Port:3,0,1773325376,518826767,Missing,,,,,,,,,4,Missing,,,,Missing,,,,Missing,,,,Missing,,,,,365986591,Port:65535,0,1773325376,518826767,Missing,,,,,,,,,0
4,,365986594,Port:1,0,1773325376,568826767,50000000,Enabled,0.663475,0.298663,-0.632143,0.266453,-47.8416,161.943,-1746.65,0.12534,4,OK,-47.7598,161.814,-1746.65,OK,-96.7328,151.225,-1744.04,OK,-107.65,97.5001,-1744.67,OK,-42.9045,102.292,-1748.38,,365986594,Port:2,0,1773325376,568826767,Enabled,0.930133,0.0309143,0.0353714,0.364206,-87.52,271.264,-1592.31,0.141291,3,OK,-87.3502,271.332,-1592.33,OK,-129.046,241.318,-1589.59,OK,-130.236,317.588,-1587.05,,365986594,Port:3,0,1773325376,568826767,Missing,,,,,,,,,4,Missing,,,,Missing,,,,Missing,,,,Missing,,,,,365986594,Port:65535,0,1773325376,568826767,Missing,,,,,,,,,0
4,,365986600,Port:1,0,1773325376,668826767,100000000,Enabled,0.654917,0.315765,-0.626166,0.28159,-56.0447,159.138,-1744.66,0.124252,4,OK,-55.9586,159.012,-1744.68,OK,-104.342,145.984,-1742.23,OK,-112.571,91.782,-1743.22,OK,-48.1431,99.8195,-1746.69,,365986600,Port:2,0,1773325376,668826767,Enabled,0.930136,0.0308507,0.0354869,0.364193,-87.5189,271.259,-1592.3,0.143213,3,OK,-87.346,271.327,-1592.31,OK,-129.046,241.314,-1589.55,OK,-130.235,317.587,-1587.03,,365986600,Port:3,0,1773325376,668826767,Missing,,,,,,,,,4,Missing,,,,Missing,,,,Missing,,,,Missing,,,,,365986600,Port:65535,0,1773325376,668826767,Missing,,,,,,,,,0
4,,365986603,Port:1,0,1773325376,718826767,50000000,Enabled,0.651572,0.32263,-0.622894,0.288734,-59.6054,157.639,-1743.8,0.132146,4,OK,-59.5148,157.507,-1743.83,OK,-107.609,143.425,-1741.39,OK,-114.638,89.0679,-1742.42,OK,-50.4067,98.513,-1745.83,,365986603,Port:2,0,1773325376,718826767,Enabled,0.930167,0.0308357,0.0351688,0.364145,-87.5196,271.26,-1592.31,0.143253,3,OK,-87.3456,271.327,-1592.32,OK,-129.052,241.321,-1589.59,OK,-130.234,317.592,-1587.06,,365986603,Port:3,0,1773325376,718826767,Missing,,,,,,,,,4,Missing,,,,Missing,,,,Missing,,,,Missing,,,,,365986603,Port:65535,0,1773325376,718826767,Missing,,,,,,,,,0
4,,365986606,Port:1,0,1773325376,768826767,50000000,Enabled,0.646482,0.326103,-0.624346,0.293106,-62.1831,156.63,-1743.34,0.14581,4,OK,-62.0893,156.51,-1743.42,OK,-110.029,141.834,-1741.34,OK,-116.4,87.3939,-1742.73,OK,-52.2563,97.6217,-1745.43,,365986606,Port:2,0,1773325376,768826767,Enabled,0.930129,0.0310136,0.0354618,0.364197,-87.5189,271.258,-1592.31,0.141333,3,OK,-87.3478,271.325,-1592.33,OK,-129.044,241.314,-1589.58,OK,-130.235,317.583,-1587.03,,365986606,Port:3,0,1773325376,768826767,Missing,,,,,,,,,4,Missing,,,,Missing,,,,Missing,,,,Missing,,,,,365986606,Port:65535,0,1773325376,768826767,Missing,,,,,,,,,0
4,,365986609,Port:1,0,1773325376,818826767,50000000,Enabled,0.641544,0.330391,-0.624119,0.299564,-65.2578,155.666,-1743.22,0.139307,4,OK,-65.1575,155.548,-1743.29,OK,-112.864,140.064,-1741.62,OK,-118.314,85.5316,-1743.04,OK,-54.328,96.8368,-1745.29,,365986609,Port:2,0,1773325376,818826767,Enabled,0.930162,0.0306984,0.0351285,0.364173,-87.5156,271.257,-1592.27,0.143476,3,OK,-87.3426,271.326,-1592.28,OK,-129.048,241.315,-1589.56,OK,-130.232,317.586,-1587.04,,365986609,Port:3,0,1773325376,818826767,Missing,,,,,,,,,4,Missing,,,,Missing,,,,Missing,,,,Missing,,,,,365986609,Port:65535,0,1773325376,818826767,Missing,,,,,,,,,0
4,,365986615,Port:1,0,1773325376,918826767,100000000,Enabled,0.63368,0.343437,-0.619398,0.311203,-71.9546,153.013,-1741.85,0.148387,4,OK,-71.8498,152.905,-1741.93,OK,-118.914,135.555,-1740.46,OK,-122.229,80.8581,-1742.2,OK,-58.7369,94.6632,-1744.12,,365986615,Port:2,0,1773325376,918826767,Enabled,0.930113,0.030602,0.0357667,0.364244,-87.5189,271.268,-1592.34,0.145849,3,OK,-87.3437,271.338,-1592.35,OK,-129.043,241.314,-1589.56,OK,-130.24,317.595,-1587.09,,365986615,Port:3,0,1773325376,918826767,Missing,,,,,,,,,4,Missing,,,,Missing,,,,Missing,,,,Missing,,,,,365986615,Port:65535,0,1773325376,918826767,Missing,,,,,,,,,0
4,,365986618,Port:1,0,1773325376,968826767,50000000,Enabled,0.63197,0.351113,-0.614649,0.315501,-74.8471,151.334,-1740.76,0.139291,4,OK,-74.7321,151.223,-1740.82,OK,-121.473,132.972,-1739.2,OK,-123.726,78.228,-1740.99,OK,-60.5058,93.2562,-1743.29,,365986618,Port:2,0,1773325376,968826767,Enabled,0.930142,0.0307845,0.0352791,0.364203,-87.5176,271.258,-1592.28,0.138249,3,OK,-87.3524,271.327,-1592.29,OK,-129.042,241.315,-1589.56,OK,-130.233,317.581,-1587.03,,365986618,Port:3,0,1773325376,968826767,Missing,,,,,,,,,4,Missing,,,,Missing,,,,Missing,,,,Missing,,,,,365986618,Port:65535,0,1773325376,968826767,Missing,,,,,,,,,0
4,,365986621,Port:1,0,1773325377,18826767,50000000,Enabled,0.628417,0.357493,-0.613324,0.318002,-76.9259,149.707,-1739.4,0.139776,4,OK,-76.8091,149.592,-1739.45,OK,-123.288,130.678,-1737.99,OK,-124.755,75.9214,-1740.13,OK,-61.77,91.8596,-1742.31,,365986621,Port:2,0,1773325377,18826767,Enabled,0.930164,0.0307093,0.0349733,0.364183,-87.5216,271.265,-1592.3,0.144356,3,OK,-87.3477,271.332,-1592.32,OK,-129.053,241.318,-1589.61,OK,-130.242,317.6,-1587.08,,365986621,Port:3,0,1773325377,18826767,Missing,,,,,,,,,4,Missing,,,,Missing,,,,Missing,,,,Missing,,,,,365986621,Port:65535,0,1773325377,18826767,Missing,,,,,,,,,0
4,,365986627,Port:1,0,1773325377,118826767,100000000,Enabled,0.626477,0.36647,-0.608765,0.320361,-79.7106,147.467,-1737.49,0.136683,4,OK,-79.5903,147.365,-1737.54,OK,-125.704,127.573,-1735.87,OK,-126.177,72.8129,-1738.38,OK,-63.5108,89.9239,-1740.91,,365986627,Port:2,0,1773325377,118826767,Enabled,0.930097,0.0311871,0.0360945,0.364203,-87.5232,271.261,-1592.34,0.142191,3,OK,-87.3518,271.33,-1592.35,OK,-129.045,241.315,-1589.54,OK,-130.234,317.581,-1587.01,,365986627,Port:3,0,1773325377,118826767,Missing,,,,,,,,,4,Missing,,,,Missing,,,,Missing,,,,Missing,,,,,365986627,Port:65535,0,1773325377,118826767,Missing,,,,,,,,,0
4,,365986630,Port:1,0,1773325377,168826767,50000000,Enabled,0.626007,0.37168,-0.60453,0.323282,-81.5802,146.245,-1736.42,0.156813,4,OK,-81.4631,146.144,-1736.52,OK,-127.283,125.731,-1734.48,OK,-127.052,70.975,-1737.13,OK,-64.6296,88.9301,-1739.94,,365986630,Port:2,0,1773325377,168826767,Enabled,0.930152,0.0308286,0.0352906,0.364172,-87.5207,271.262,-1592.3,0.14229,3,OK,-87.3484,271.33,-1592.32,OK,-129.05,241.321,-1589.58,OK,-130.236,317.59,-1587.05,,365986630,Port:3,0,1773325377,168826767,Missing,,,,,,,,,4,Missing,,,,Missing,,,,Missing,,,,Missing,,,,,365986630,Port:65535,0,1773325377,168826767,Missing,,,,,,,,,0
4,,365986633,Port:1,0,1773325377,218826767,50000000,Enabled,0.624077,0.378587,-0.6009,0.325758,-83.7161,144.687,-1735.23,0.157957,4,OK,-83.594,144.592,-1735.33,OK,-129.1,123.469,-1733.16,OK,-128.025,68.7266,-1736.08,OK,-65.8972,87.6501,-1739.1,,365986633,Port:2,0,1773325377,218826767,Enabled,0.930147,0.0307857,0.0351937,0.364198,-87.5181,271.264,-1592.29,0.145806,3,OK,-87.3453,271.336,-1592.31,OK,-129.05,241.311,-1589.58,OK,-130.235,317.594,-1587.05,,365986633,Port:3,0,1773325377,218826767,Missing,,,,,,,,,4,Missing,,,,Missing,,,,Missing,,,,Missing,,,,,365986633,Port:65535,0,1773325377,218826767,Missing,,,,,,,,,0
4,,365986636,Port:1,0,1773325377,268826767,50000000,Enabled,0.624109,0.382023,-0.598448,0.326201,-84.7133,143.557,-1734.2,0.146437,4,OK,-84.5929,143.453,-1734.28,OK,-129.936,122.049,-1731.98,OK,-128.531,67.2977,-1734.97,OK,-66.552,86.6578,-1738.3,,365986636,Port:2,0,1773325377,268826767,Enabled,0.930137,0.0309518,0.0351739,0.364211,-87.5153,271.265,-1592.31,0.143526,3,OK,-87.3425,271.335,-1592.32,OK,-129.045,241.32,-1589.6,OK,-130.233,317.585,-1587.04,,365986636,Port:3,0,1773325377,268826767,Missing,,,,,,,,,4,Missing,,,,Missing,,,,Missing,,,,Missing,,,,,365986636,Port:65535,0,1773325377,268826767,Missing,,,,,,,,,0
4,,365986639,Port:1,0,1773325377,318826767,50000000,Enabled,0.62122,0.384684,-0.59915,0.327296,-85.5244,142.575,-1733.42,0.1414,4,OK,-85.3982,142.471,-1733.48,OK,-130.632,120.782,-1731.48,OK,-128.879,66.0762,-1734.68,OK,-67.0216,85.8035,-1737.74,,365986639,Port:2,0,1773325377,318826767,Enabled,0.930096,0.030775,0.0361861,0.364233,-87.5275,271.269,-1592.35,0.144156,3,OK,-87.3547,271.338,-1592.37,OK,-129.047,241.314,-1589.54,OK,-130.244,317.597,-1587.07,,365986639,Port:3,0,1773325377,318826767,Missing,,,,,,,,,4,Missing,,,,Missing,,,,Missing,,,,Missing,,,,,365986639,Port:65535,0,1773325377,318826767,Missing,,,,,,,,,0
4,,365986645,Port:1,0,1773325377,418826767,100000000,Enabled,0.618413,0.396349,-0.591539,0.332498,-89.4592,139.741,-1731.63,0.14908,4,OK,-89.3415,139.644,-1731.72,OK,-133.906,116.675,-1729.35,OK,-130.669,62.0608,-1732.92,OK,-69.3984,83.5344,-1736.42,,365986645,Port:2,0,1773325377,418826767,Enabled,0.930134,0.0308596,0.0356838,0.364178,-87.5192,271.263,-1592.33,0.147333,3,OK,-87.341,271.332,-1592.34,OK,-129.05,241.316,-1589.56,OK,-130.234,317.593,-1587.05,,365986645,Port:3,0,1773325377,418826767,Missing,,,,,,,,,4,Missing,,,,Missing,,,,Missing,,,,Missing,,,,,365986645,Port:65535,0,1773325377,418826767,Missing,,,,,,,,,0
4,,365986648,Port:1,0,1773325377,468826767,50000000,Enabled,0.618718,0.408897,-0.58041,0.336326,-92.5402,137.342,-1729.72,0.148971,4,OK,-92.4196,137.243,-1729.81,OK,-136.27,113.024,-1726.67,OK,-131.554,58.5391,-1730.5,OK,-71.0093,81.7386,-1735.11,,365986648,Port:2,0,1773325377,468826767,Enabled,0.930139,0.0307645,0.0353987,0.3642,-87.519,271.26,-1592.29,0.143676,3,OK,-87.3472,271.33,-1592.3,OK,-129.047,241.311,-1589.56,OK,-130.236,317.589,-1587.04,,365986648,Port:3,0,1773325377,468826767,Missing,,,,,,,,,4,Missing,,,,Missing,,,,Missing,,,,Missing,,,,,365986648,Port:65535,0,1773325377,468826767,Missing,,,,,,,,,0
4,,365986651,Port:1,0,1773325377,518826767,50000000,Enabled,0.617587,0.41852,-0.572101,0.340775,-95.0792,134.888,-1728,0.169443,4,OK,-94.96,134.791,-1728.13,OK,-138.162,109.521,-1724.44,OK,-132.197,55.145,-1728.52,OK,-72.2595,79.8426,-1733.74,,365986651,Port:2,0,1773325377,518826767,Enabled,0.930158,0.0310083,0.0349925,0.36417,-87.5185,271.257,-1592.29,0.143217,3,OK,-87.3464,271.328,-1592.3,OK,-129.052,241.315,-1589.6,OK,-130.233,317.581,-1587.03,,365986651,Port:3,0,1773325377,518826767,Missing,,,,,,,,,4,Missing,,,,Missing,,,,Missing,,,,Missing,,,,,365986651,Port:65535,0,1773325377,518826767,Missing,,,,,,,,,0
4,,365986654,Port:1,0,1773325377,568826767,50000000,Enabled,0.617701,0.427304,-0.564206,0.342826,-96.7335,132.749,-1726.35,0.186094,4,OK,-96.6167,132.66,-1726.51,OK,-139.274,106.554,-1722.23,OK,-132.322,52.3152,-1726.62,OK,-72.9468,78.1592,-1732.56,,365986654,Port:2,0,1773325377,568826767,Enabled,0.930135,0.0310714,0.03529,0.364194,-87.5193,271.266,-1592.31,0.141873,3,OK,-87.3461,271.332,-1592.32,OK,-129.047,241.325,-1589.59,OK,-130.237,317.589,-1587.03,,365986654,Port:3,0,1773325377,568826767,Missing,,,,,,,,,4,Missing,,,,Missing,,,,Missing,,,,Missing,,,,,365986654,Port:65535,0,1773325377,568826767,Missing,,,,,,,,,0
4,,365986660,Port:1,0,1773325377,668826767,100000000,Enabled,0.617229,0.444887,-0.547803,0.347873,-99.8127,128.087,-1722.67,0.203374,4,OK,-99.6742,128.001,-1722.85,OK,-141.137,100.164,-1717.53,OK,-132.128,46.2682,-1722.45,OK,-74.0358,74.5544,-1729.84,,365986660,Port:2,0,1773325377,668826767,Enabled,0.930149,0.0309155,0.035352,0.364165,-87.5219,271.256,-1592.3,0.142872,3,OK,-87.3506,271.326,-1592.31,OK,-129.052,241.313,-1589.57,OK,-130.234,317.583,-1587.03,,365986660,Port:3,0,1773325377,668826767,Missing,,,,,,,,,4,Missing,,,,Missing,,,,Missing,,,,Missing,,,,,365986660,Port:65535,0,1773325377,668826767,Missing,,,,,,,,,0
4,,365986663,Port:1,0,1773325377,718826767,50000000,Enabled,0.616395,0.452896,-0.541338,0.349136,-100.995,125.833,-1720.89,0.220153,4,OK,-100.864,125.753,-1721.1,OK,-141.79,97.2084,-1715.37,OK,-131.942,43.4819,-1720.71,OK,-74.4031,72.7658,-1728.59,,365986663,Port:2,0,1773325377,718826767,Enabled,0.930152,0.0308661,0.0353246,0.364166,-87.5191,271.263,-1592.33,0.143163,3,OK,-87.344,271.327,-1592.34,OK,-129.048,241.322,-1589.6,OK,-130.237,317.594,-1587.07,,365986663,Port:3,0,1773325377,718826767,Missing,,,,,,,,,4,Missing,,,,Missing,,,,Missing,,,,Missing,,,,,365986663,Port:65535,0,1773325377,718826767,Missing,,,,,,,,,0
4,,365986666,Port:1,0,1773325377,768826767,50000000,Enabled,0.616364,0.461524,-0.532763,0.351077,-102.193,123.467,-1719.07,0.227644,4,OK,-102.067,123.392,-1719.29,OK,-142.339,94.0388,-1713.01,OK,-131.527,40.5271,-1718.66,OK,-74.6775,70.9459,-1727.3,,365986666,Port:2,0,1773325377,768826767,Enabled,0.93014,0.031026,0.0352219,0.364192,-87.5237,271.264,-1592.32,0.143869,3,OK,-87.3521,271.336,-1592.34,OK,-129.054,241.317,-1589.61,OK,-130.238,317.589,-1587.05,,365986666,Port:3,0,1773325377,768826767,Missing,,,,,,,,,4,Missing,,,,Missing,,,,Missing,,,,Missing,,,,,365986666,Port:65535,0,1773325377,768826767,Missing,,,,,,,,,0
4,,365986669,Port:1,0,1773325377,818826767,50000000,Enabled,0.616077,0.467245,-0.52751,0.351944,-102.899,121.601,-1717.54,0.240947,4,OK,-102.776,121.508,-1717.78,OK,-142.619,91.6823,-1711.18,OK,-131.209,38.3036,-1717.11,OK,-74.8298,69.4542,-1726.16,,365986669,Port:2,0,1773325377,818826767,Enabled,0.930087,0.0311135,0.0360754,0.364237,-87.5242,271.268,-1592.37,0.142896,3,OK,-87.355,271.341,-1592.38,OK,-129.044,241.314,-1589.57,OK,-130.236,317.588,-1587.04,,365986669,Port:3,0,1773325377,818826767,Missing,,,,,,,,,4,Missing,,,,Missing,,,,Missing,,,,Missing,,,,,365986669,Port:65535,0,1773325377,818826767,Missing,,,,,,,,,0
4,,365986675,Port:1,0,1773325377,918826767,100000000,Enabled,0.614961,0.478548,-0.517116,0.354126,-104.371,117.969,-1715,0.185103,4,OK,-104.239,117.895,-1715.16,OK,-143.234,87.0201,-1708.19,OK,-130.566,33.9878,-1714.47,OK,-75.1526,66.5773,-1724.46,,365986675,Port:2,0,1773325377,918826767,Enabled,0.93013,0.031181,0.0354308,0.364186,-87.5228,271.26,-1592.31,0.143344,3,OK,-87.351,271.333,-1592.32,OK,-129.053,241.317,-1589.58,OK,-130.234,317.578,-1587.01,,365986675,Port:3,0,1773325377,918826767,Missing,,,,,,,,,4,Missing,,,,Missing,,,,Missing,,,,Missing,,,,,365986675,Port:65535,0,1773325377,918826767,Missing,,,,,,,,,0
4,,365986678,Port:1,0,1773325377,968826767,50000000,Enabled,0.613998,0.484774,-0.511469,0.355527,-105.348,116.027,-1713.72,0.239187,4,OK,-105.216,115.95,-1713.96,OK,-143.708,84.5039,-1706.58,OK,-130.346,31.6835,-1713.28,OK,-75.477,65.091,-1723.56,,365986678,Port:2,0,1773325377,968826767,Enabled,0.930152,0.0311095,0.0351639,0.36416,-87.52,271.257,-1592.29,0.140889,3,OK,-87.3492,271.325,-1592.31,OK,-129.05,241.319,-1589.59,OK,-130.233,317.581,-1587.01,,365986678,Port:3,0,1773325377,968826767,Missing,,,,,,,,,4,Missing,,,,Missing,,,,Missing,,,,Missing,,,,,365986678,Port:65535,0,1773325377,968826767,Missing,,,,,,,,,0
4,,365986681,Port:1,0,1773325378,18826767,50000000,Enabled,0.614395,0.489314,-0.505899,0.35659,-105.887,114.392,-1712.47,0.209499,4,OK,-105.745,114.315,-1712.66,OK,-143.83,82.445,-1705.02,OK,-129.946,29.7672,-1711.77,OK,-75.5557,63.801,-1722.63,,365986681,Port:2,0,1773325378,18826767,Enabled,0.930123,0.0308402,0.0356011,0.364214,-87.522,271.267,-1592.32,0.142289,3,OK,-87.3514,271.337,-1592.34,OK,-129.046,241.319,-1589.57,OK,-130.238,317.592,-1587.05,,365986681,Port:3,0,1773325378,18826767,Missing,,,,,,,,,4,Missing,,,,Missing,,,,Missing,,,,Missing,,,,,365986681,Port:65535,0,1773325378,18826767,Missing,,,,,,,,,0
4,,365986687,Port:1,0,1773325378,118826769,100000002,Enabled,0.616057,0.492681,-0.499702,0.357823,-105.797,112.912,-1711.29,0.240611,4,OK,-105.653,112.84,-1711.52,OK,-143.342,80.6141,-1703.3,OK,-129.02,28.0577,-1710.11,OK,-75.0805,62.5931,-1721.58,,365986687,Port:2,0,1773325378,118826769,Enabled,0.93011,0.0312307,0.035769,0.364198,-87.5262,271.267,-1592.34,0.146168,3,OK,-87.3497,271.337,-1592.35,OK,-129.054,241.318,-1589.58,OK,-130.239,317.589,-1587.02,,365986687,Port:3,0,1773325378,118826769,Missing,,,,,,,,,4,Missing,,,,Missing,,,,Missing,,,,Missing,,,,,365986687,Port:65535,0,1773325378,118826769,Missing,,,,,,,,,0
4,,365986690,Port:1,0,1773325378,168826769,50000000,Enabled,0.616358,0.495303,-0.496009,0.358821,-106.31,112.116,-1710.82,0.213561,4,OK,-106.167,112.04,-1711.02,OK,-143.576,79.5578,-1702.64,OK,-128.907,27.0913,-1709.41,OK,-75.2863,62.0154,-1721.28,,365986690,Port:2,0,1773325378,168826769,Enabled,0.930135,0.0307855,0.0356037,0.364189,-87.5194,271.266,-1592.3,0.142651,3,OK,-87.3517,271.34,-1592.31,OK,-129.046,241.315,-1589.54,OK,-130.23,317.595,-1587.04,,365986690,Port:3,0,1773325378,168826769,Missing,,,,,,,,,4,Missing,,,,Missing,,,,Missing,,,,Missing,,,,,365986690,Port:65535,0,1773325378,168826769,Missing,,,,,,,,,0
4,,365986693,Port:1,0,1773325378,218826768,49999999,Enabled,0.615972,0.499468,-0.490147,0.361754,-107.207,110.665,-1709.96,0.187927,4,OK,-107.063,110.584,-1710.12,OK,-143.968,77.6056,-1701.51,OK,-128.613,25.3493,-1708.23,OK,-75.5615,60.9804,-1720.59,,365986693,Port:2,0,1773325378,218826768,Enabled,0.93012,0.0307965,0.0356533,0.364222,-87.5236,271.262,-1592.32,0.14451,3,OK,-87.3511,271.332,-1592.34,OK,-129.048,241.308,-1589.56,OK,-130.242,317.593,-1587.06,,365986693,Port:3,0,1773325378,218826768,Missing,,,,,,,,,4,Missing,,,,Missing,,,,Missing,,,,Missing,,,,,365986693,Port:65535,0,1773325378,218826768,Missing,,,,,,,,,0
4,,365986696,Port:1,0,1773325378,268826768,50000000,Enabled,0.615669,0.504563,-0.484695,0.362545,-107.756,109.027,-1708.62,0.179564,4,OK,-107.622,108.949,-1708.78,OK,-144.043,75.5404,-1699.9,OK,-128.143,23.4582,-1706.86,OK,-75.6418,59.7247,-1719.64,,365986696,Port:2,0,1773325378,268826768,Enabled,0.930093,0.0311282,0.0359832,0.364229,-87.5241,271.272,-1592.36,0.143956,3,OK,-87.3531,271.346,-1592.38,OK,-129.047,241.321,-1589.58,OK,-130.236,317.588,-1587.04,,365986696,Port:3,0,1773325378,268826768,Missing,,,,,,,,,4,Missing,,,,Missing,,,,Missing,,,,Missing,,,,,365986696,Port:65535,0,1773325378,268826768,Missing,,,,,,,,,0
4,,365986699,Port:1,0,1773325378,318826768,50000000,Enabled,0.615564,0.508528,-0.48054,0.362714,-107.759,107.512,-1707.39,0.202742,4,OK,-107.624,107.43,-1707.58,OK,-143.697,73.7074,-1698.41,OK,-127.42,21.778,-1705.65,OK,-75.3275,58.5031,-1718.72,,365986699,Port:2,0,1773325378,318826768,Enabled,0.93015,0.0310838,0.0350539,0.36418,-87.5207,271.271,-1592.31,0.142296,3,OK,-87.3482,271.338,-1592.32,OK,-129.051,241.329,-1589.62,OK,-130.237,317.597,-1587.04,,365986699,Port:3,0,1773325378,318826768,Missing,,,,,,,,,4,Missing,,,,Missing,,,,Missing,,,,Missing,,,,,365986699,Port:65535,0,1773325378,318826768,Missing,,,,,,,,,0
4,,365986705,Port:1,0,1773325378,418826769,100000001,Enabled,0.614166,0.514589,-0.476856,0.361395,-107.792,105.301,-1705.5,0.230772,4,OK,-107.661,105.227,-1705.73,OK,-143.331,71.1048,-1696.42,OK,-126.67,19.3837,-1704.27,OK,-75.0344,56.6677,-1717.45,,365986705,Port:2,0,1773325378,418826769,Enabled,0.93016,0.0306839,0.0349167,0.364201,-87.5161,271.259,-1592.26,0.142113,3,OK,-87.3432,271.324,-1592.27,OK,-129.046,241.316,-1589.57,OK,-130.239,317.587,-1587.04,,365986705,Port:3,0,1773325378,418826769,Missing,,,,,,,,,4,Missing,,,,Missing,,,,Missing,,,,Missing,,,,,365986705,Port:65535,0,1773325378,418826769,Missing,,,,,,,,,0
4,,365986708,Port:1,0,1773325378,468826768,49999999,Enabled,0.613713,0.518967,-0.471606,0.362791,-108.695,103.957,-1704.69,0.209884,4,OK,-108.558,103.881,-1704.89,OK,-143.791,69.35,-1695.39,OK,-126.565,17.8184,-1703.35,OK,-75.4488,55.7203,-1716.97,,365986708,Port:2,0,1773325378,468826768,Enabled,0.930115,0.0308564,0.0357677,0.364217,-87.52,271.265,-1592.32,0.144582,3,OK,-87.347,271.336,-1592.34,OK,-129.045,241.315,-1589.55,OK,-130.235,317.588,-1587.04,,365986708,Port:3,0,1773325378,468826768,Missing,,,,,,,,,4,Missing,,,,Missing,,,,Missing,,,,Missing,,,,,365986708,Port:65535,0,1773325378,468826768,Missing,,,,,,,,,0
4,,365986711,Port:1,0,1773325378,518826768,50000000,Enabled,0.613827,0.522449,-0.466416,0.364307,-109.226,102.786,-1703.92,0.208089,4,OK,-109.092,102.711,-1704.12,OK,-143.88,67.8324,-1694.32,OK,-126.175,16.4634,-1702.36,OK,-75.5844,54.8814,-1716.39,,365986711,Port:2,0,1773325378,518826768,Enabled,0.930121,0.0307691,0.0356756,0.364219,-87.5219,271.263,-1592.32,0.146241,3,OK,-87.3475,271.333,-1592.34,OK,-129.048,241.307,-1589.56,OK,-130.24,317.593,-1587.06,,365986711,Port:3,0,1773325378,518826768,Missing,,,,,,,,,4,Missing,,,,Missing,,,,Missing,,,,Missing,,,,,365986711,Port:65535,0,1773325378,518826768,Missing,,,,,,,,,0
4,,365986717,Port:1,0,1773325378,618826769,100000001,Enabled,0.612906,0.534795,-0.449277,0.369448,-110.687,98.3269,-1701.16,0.252887,4,OK,-110.556,98.2519,-1701.42,OK,-143.805,62.1414,-1690.65,OK,-124.457,11.4506,-1699.18,OK,-75.6109,51.6696,-1714.35,,365986717,Port:2,0,1773325378,618826769,Enabled,0.930127,0.030947,0.0354872,0.364206,-87.5212,271.264,-1592.3,0.144768,3,OK,-87.3487,271.336,-1592.31,OK,-129.049,241.314,-1589.56,OK,-130.236,317.589,-1587.02,,365986717,Port:3,0,1773325378,618826769,Missing,,,,,,,,,4,Missing,,,,Missing,,,,Missing,,,,Missing,,,,,365986717,Port:65535,0,1773325378,618826769,Missing,,,,,,,,,0
4,,365986720,Port:1,0,1773325378,668826769,50000000,Enabled,0.612122,0.541038,-0.441888,0.370566,-110.907,95.9561,-1699.45,0.236021,4,OK,-110.769,95.8593,-1699.69,OK,-143.353,59.2547,-1688.66,OK,-123.296,8.87862,-1697.47,OK,-75.2792,49.8794,-1713.18,,365986720,Port:2,0,1773325378,668826769,Enabled,0.930117,0.0309353,0.0358331,0.364201,-87.5242,271.262,-1592.33,0.145472,3,OK,-87.3489,271.331,-1592.34,OK,-129.051,241.313,-1589.55,OK,-130.239,317.587,-1587.04,,365986720,Port:3,0,1773325378,668826769,Missing,,,,,,,,,4,Missing,,,,Missing,,,,Missing,,,,Missing,,,,,365986720,Port:65535,0,1773325378,668826769,Missing,,,,,,,,,0
4,,365986723,Port:1,0,1773325378,718826768,49999999,Enabled,0.61139,0.543164,-0.440986,0.369739,-110.532,94.782,-1698.53,0.233833,4,OK,-110.394,94.6826,-1698.76,OK,-142.853,57.968,-1687.77,OK,-122.705,7.67029,-1696.81,OK,-74.8425,48.8386,-1712.51,,365986723,Port:2,0,1773325378,718826768,Enabled,0.930142,0.0309009,0.0352881,0.364191,-87.5169,271.264,-1592.31,0.14392,3,OK,-87.3415,271.331,-1592.32,OK,-129.046,241.322,-1589.59,OK,-130.236,317.59,-1587.05,,365986723,Port:3,0,1773325378,718826768,Missing,,,,,,,,,4,Missing,,,,Missing,,,,Missing,,,,Missing,,,,,365986723,Port:65535,0,1773325378,718826768,Missing,,,,,,,,,0
4,,365986726,Port:1,0,1773325378,768826768,50000000,Enabled,0.610785,0.545932,-0.439258,0.368716,-110.213,94.0107,-1697.83,0.235004,4,OK,-110.079,93.9044,-1698.06,OK,-142.357,57.0483,-1687.05,OK,-122.075,6.85328,-1696.37,OK,-74.4202,48.2464,-1712.16,,365986726,Port:2,0,1773325378,768826768,Enabled,0.930148,0.0310881,0.0351294,0.364176,-87.5193,271.264,-1592.3,0.141183,3,OK,-87.3483,271.332,-1592.32,OK,-129.049,241.324,-1589.6,OK,-130.234,317.586,-1587.03,,365986726,Port:3,0,1773325378,768826768,Missing,,,,,,,,,4,Missing,,,,Missing,,,,Missing,,,,Missing,,,,,365986726,Port:65535,0,1773325378,768826768,Missing,,,,,,,,,0
4,,365986729,Port:1,0,1773325378,818826768,50000000,Enabled,0.61111,0.547054,-0.437108,0.369072,-110.121,93.5693,-1697.5,0.238113,4,OK,-109.981,93.467,-1697.74,OK,-142.094,56.497,-1686.59,OK,-121.67,6.37118,-1695.93,OK,-74.2248,47.9222,-1711.91,,365986729,Port:2,0,1773325378,818826768,Enabled,0.930136,0.0310007,0.0352925,0.364197,-87.5216,271.26,-1592.31,0.143327,3,OK,-87.3497,271.33,-1592.32,OK,-129.05,241.313,-1589.59,OK,-130.237,317.585,-1587.03,,365986729,Port:3,0,1773325378,818826768,Missing,,,,,,,,,4,Missing,,,,Missing,,,,Missing,,,,Missing,,,,,365986729,Port:65535,0,1773325378,818826768,Missing,,,,,,,,,0
4,,365986735,Port:1,0,1773325378,918826769,100000001,Enabled,0.611756,0.548792,-0.434339,0.368688,-109.56,92.6645,-1696.67,0.268764,4,OK,-109.418,92.5675,-1696.94,OK,-141.343,55.4731,-1685.52,OK,-120.79,5.42582,-1695.04,OK,-73.5765,47.1451,-1711.23,,365986735,Port:2,0,1773325378,918826769,Enabled,0.930105,0.0311208,0.0356149,0.364237,-87.521,271.264,-1592.31,0.144808,3,OK,-87.3458,271.335,-1592.33,OK,-129.047,241.318,-1589.57,OK,-130.239,317.578,-1587.01,,365986735,Port:3,0,1773325378,918826769,Missing,,,,,,,,,4,Missing,,,,Missing,,,,Missing,,,,Missing,,,,,365986735,Port:65535,0,1773325378,918826769,Missing,,,,,,,,,0
4,,365986738,Port:1,0,1773325378,968826768,49999999,Enabled,0.613342,0.550971,-0.430282,0.367558,-108.954,92.1137,-1695.98,0.275137,4,OK,-108.815,92.0213,-1696.27,OK,-140.499,54.8156,-1684.49,OK,-119.838,4.83241,-1694.16,OK,-72.9219,46.712,-1710.83,,365986738,Port:2,0,1773325378,968826768,Enabled,0.93014,0.031043,0.0351957,0.364194,-87.5165,271.257,-1592.3,0.141842,3,OK,-87.3428,271.323,-1592.31,OK,-129.045,241.318,-1589.59,OK,-130.235,317.579,-1587.03,,365986738,Port:3,0,1773325378,968826768,Missing,,,,,,,,,4,Missing,,,,Missing,,,,Missing,,,,Missing,,,,,365986738,Port:65535,0,1773325378,968826768,Missing,,,,,,,,,0
4,,365986741,Port:1,0,1773325379,18826768,50000000,Enabled,0.612741,0.553959,-0.427051,0.367839,-108.852,91.0125,-1695.17,0.271569,4,OK,-108.717,90.9178,-1695.45,OK,-140.069,53.48,-1683.58,OK,-119.118,3.65988,-1693.44,OK,-72.5986,45.8828,-1710.28,,365986741,Port:2,0,1773325379,18826768,Enabled,0.930167,0.0307289,0.0347508,0.364195,-87.5167,271.26,-1592.26,0.142988,3,OK,-87.3436,271.326,-1592.27,OK,-129.048,241.314,-1589.59,OK,-130.239,317.591,-1587.04,,365986741,Port:3,0,1773325379,18826768,Missing,,,,,,,,,4,Missing,,,,Missing,,,,Missing,,,,Missing,,,,,365986741,Port:65535,0,1773325379,18826768,Missing,,,,,,,,,0
4,,365986744,Port:1,0,1773325379,68826769,50000001,Enabled,0.612094,0.55607,-0.425042,0.368057,-108.748,89.9979,-1694.32,0.268657,4,OK,-108.611,89.9052,-1694.6,OK,-139.734,52.3032,-1682.7,OK,-118.589,2.58417,-1692.7,OK,-72.3464,45.071,-1709.62,,365986744,Port:2,0,1773325379,68826769,Enabled,0.930148,0.0309174,0.0350625,0.364196,-87.5209,271.263,-1592.29,0.143826,3,OK,-87.3466,271.33,-1592.3,OK,-129.052,241.318,-1589.59,OK,-130.24,317.589,-1587.04,,365986744,Port:3,0,1773325379,68826769,Missing,,,,,,,,,4,Missing,,,,Missing,,,,Missing,,,,Missing,,,,,365986744,Port:65535,0,1773325379,68826769,Missing,,,,,,,,,0
4,,365986750,Port:1,0,1773325379,168826769,100000000,Enabled,0.613229,0.561312,-0.415671,0.368911,-108.427,88.1252,-1692.9,0.219579,4,OK,-108.285,88.0323,-1693.12,OK,-138.679,49.9995,-1680.79,OK,-116.913,0.578392,-1690.87,OK,-71.5831,43.7114,-1708.71,,365986750,Port:2,0,1773325379,168826769,Enabled,0.930146,0.0309874,0.0350237,0.3642,-87.5178,271.266,-1592.29,0.141566,3,OK,-87.3452,271.33,-1592.31,OK,-129.046,241.323,-1589.6,OK,-130.238,317.591,-1587.03,,365986750,Port:3,0,1773325379,168826769,Missing,,,,,,,,,4,Missing,,,,Missing,,,,Missing,,,,Missing,,,,,365986750,Port:65535,0,1773325379,168826769,Missing,,,,,,,,,0
4,,365986753,Port:1,0,1773325379,218826769,50000000,Enabled,0.614072,0.562438,-0.411322,0.370666,-108.317,87.4648,-1692.6,0.221263,4,OK,-108.169,87.3682,-1692.82,OK,-138.228,49.1614,-1680.19,OK,-116.157,-0.131487,-1690.15,OK,-71.2264,43.2674,-1708.41,,365986753,Port:2,0,1773325379,218826769,Enabled,0.930142,0.0306766,0.0354754,0.364193,-87.5183,271.263,-1592.3,0.144705,3,OK,-87.3433,271.331,-1592.31,OK,-129.047,241.316,-1589.55,OK,-130.237,317.593,-1587.05,,365986753,Port:3,0,1773325379,218826769,Missing,,,,,,,,,4,Missing,,,,Missing,,,,Missing,,,,Missing,,,,,365986753,Port:65535,0,1773325379,218826769,Missing,,,,,,,,,0
4,,365986756,Port:1,0,1773325379,268826769,50000000,Enabled,0.61406,0.564535,-0.409555,0.369453,-108.043,86.9964,-1692.09,0.218491,4,OK,-107.899,86.9029,-1692.31,OK,-137.817,48.6075,-1679.61,OK,-115.668,-0.625067,-1689.81,OK,-70.9261,42.9092,-1708.19,,365986756,Port:2,0,1773325379,268826769,Enabled,0.930135,0.0310209,0.0354303,0.364186,-87.5226,271.257,-1592.3,0.142616,3,OK,-87.3501,271.326,-1592.31,OK,-129.051,241.314,-1589.56,OK,-130.237,317.581,-1587.01,,365986756,Port:3,0,1773325379,268826769,Missing,,,,,,,,,4,Missing,,,,Missing,,,,Missing,,,,Missing,,,,,365986756,Port:65535,0,1773325379,268826769,Missing,,,,,,,,,0
4,,365986762,Port:1,0,1773325379,368826769,100000000,Enabled,0.613112,0.56798,-0.404654,0.371144,-108.354,85.4255,-1691.15,0.223182,4,OK,-108.206,85.3319,-1691.38,OK,-137.625,46.7035,-1678.5,OK,-114.99,-2.27909,-1688.86,OK,-70.8461,41.7637,-1707.48,,365986762,Port:2,0,1773325379,368826769,Enabled,0.930135,0.0309667,0.0354261,0.36419,-87.5217,271.266,-1592.32,0.146727,3,OK,-87.3441,271.335,-1592.33,OK,-129.053,241.32,-1589.58,OK,-130.238,317.591,-1587.04,,365986762,Port:3,0,1773325379,368826769,Missing,,,,,,,,,4,Missing,,,,Missing,,,,Missing,,,,Missing,,,,,365986762,Port:65535,0,1773325379,368826769,Missing,,,,,,,,,0
4,,365986765,Port:1,0,1773325379,418826769,50000000,Enabled,0.612995,0.569753,-0.403171,0.370231,-108.122,84.8128,-1690.61,0.224767,4,OK,-107.975,84.7261,-1690.83,OK,-137.259,45.9963,-1677.91,OK,-114.57,-2.9065,-1688.45,OK,-70.5891,41.2607,-1707.17,,365986765,Port:2,0,1773325379,418826769,Enabled,0.930145,0.0311141,0.0353923,0.364156,-87.5221,271.262,-1592.33,0.142671,3,OK,-87.3492,271.33,-1592.34,OK,-129.052,241.321,-1589.6,OK,-130.234,317.588,-1587.04,,365986765,Port:3,0,1773325379,418826769,Missing,,,,,,,,,4,Missing,,,,Missing,,,,Missing,,,,Missing,,,,,365986765,Port:65535,0,1773325379,418826769,Missing,,,,,,,,,0
4,,365986768,Port:1,0,1773325379,468826769,50000000,Enabled,0.613536,0.569768,-0.402685,0.369842,-107.943,84.6503,-1690.42,0.22949,4,OK,-107.787,84.5592,-1690.65,OK,-137.081,45.8456,-1677.65,OK,-114.415,-3.06116,-1688.2,OK,-70.4464,41.0813,-1707.01,,365986768,Port:2,0,1773325379,468826769,Enabled,0.930154,0.0305812,0.035238,0.364193,-87.5174,271.261,-1592.28,0.144636,3,OK,-87.3429,271.328,-1592.3,OK,-129.047,241.313,-1589.56,OK,-130.238,317.596,-1587.06,,365986768,Port:3,0,1773325379,468826769,Missing,,,,,,,,,4,Missing,,,,Missing,,,,Missing,,,,Missing,,,,,365986768,Port:65535,0,1773325379,468826769,Missing,,,,,,,,,0
4,,365986771,Port:1,0,1773325379,518826769,50000000,Enabled,0.612996,0.56886,-0.40575,0.368783,-107.779,85.0365,-1690.66,0.216807,4,OK,-107.633,84.9474,-1690.87,OK,-137.155,46.3553,-1678.11,OK,-114.71,-2.65095,-1688.68,OK,-70.4408,41.315,-1707.23,,365986771,Port:2,0,1773325379,518826769,Enabled,0.930135,0.030964,0.0353585,0.364197,-87.518,271.263,-1592.29,0.141183,3,OK,-87.3499,271.333,-1592.31,OK,-129.044,241.315,-1589.57,OK,-130.232,317.588,-1587.02,,365986771,Port:3,0,1773325379,518826769,Missing,,,,,,,,,4,Missing,,,,Missing,,,,Missing,,,,Missing,,,,,365986771,Port:65535,0,1773325379,518826769,Missing,,,,,,,,,0
4,,365986774,Port:1,0,1773325379,568826769,50000000,Enabled,0.614117,0.566724,-0.406236,0.369671,-107.795,85.8099,-1691.34,0.223864,4,OK,-107.649,85.7194,-1691.56,OK,-137.283,47.2443,-1678.68,OK,-114.907,-1.85571,-1689.02,OK,-70.507,41.9421,-1707.64,,365986774,Port:2,0,1773325379,568826769,Enabled,0.930148,0.0307583,0.0353379,0.364184,-87.5197,271.262,-1592.31,0.142163,3,OK,-87.3502,271.33,-1592.32,OK,-129.047,241.313,-1589.58,OK,-130.235,317.595,-1587.06,,365986774,Port:3,0,1773325379,568826769,Missing,,,,,,,,,4,Missing,,,,Missing,,,,Missing,,,,Missing,,,,,365986774,Port:65535,0,1773325379,568826769,Missing,,,,,,,,,0
4,,365986780,Port:1,0,1773325379,668826769,100000000,Enabled,0.615652,0.560511,-0.414081,0.367883,-107.101,88.3028,-1692.97,0.223077,4,OK,-106.962,88.2102,-1693.2,OK,-137.38,50.2822,-1680.56,OK,-115.747,0.7861,-1690.56,OK,-70.4054,43.7512,-1708.77,,365986780,Port:2,0,1773325379,668826769,Enabled,0.930124,0.0309531,0.0355451,0.364208,-87.5206,271.267,-1592.33,0.143386,3,OK,-87.3495,271.338,-1592.34,OK,-129.047,241.319,-1589.58,OK,-130.235,317.589,-1587.05,,365986780,Port:3,0,1773325379,668826769,Missing,,,,,,,,,4,Missing,,,,Missing,,,,Missing,,,,Missing,,,,,365986780,Port:65535,0,1773325379,668826769,Missing,,,,,,,,,0
4,,365986783,Port:1,0,1773325379,718826769,50000000,Enabled,0.619034,0.552949,-0.423376,0.363038,-105.587,90.9372,-1694.16,0.260849,4,OK,-105.45,90.8397,-1694.43,OK,-136.915,53.7145,-1681.88,OK,-116.462,3.66882,-1691.67,OK,-69.879,45.448,-1709.5,,365986783,Port:2,0,1773325379,718826769,Enabled,0.930107,0.0308085,0.0355307,0.364265,-87.5188,271.269,-1592.31,0.142587,3,OK,-87.3477,271.337,-1592.32,OK,-129.04,241.314,-1589.56,OK,-130.242,317.594,-1587.05,,365986783,Port:3,0,1773325379,718826769,Missing,,,,,,,,,4,Missing,,,,Missing,,,,Missing,,,,Missing,,,,,365986783,Port:65535,0,1773325379,718826769,Missing,,,,,,,,,0
4,,365986786,Port:1,0,1773325379,768826769,50000000,Enabled,0.621671,0.54282,-0.43384,0.361462,-104.226,94.2863,-1696.52,0.213287,4,OK,-104.079,94.1641,-1696.72,OK,-136.63,57.913,-1684.61,OK,-117.228,7.32896,-1693.6,OK,-69.3995,47.8607,-1711.04,,365986786,Port:2,0,1773325379,768826769,Enabled,0.930105,0.0310333,0.0358261,0.364223,-87.5211,271.268,-1592.33,0.144171,3,OK,-87.3502,271.341,-1592.35,OK,-129.045,241.315,-1589.56,OK,-130.234,317.589,-1587.03,,365986786,Port:3,0,1773325379,768826769,Missing,,,,,,,,,4,Missing,,,,Missing,,,,Missing,,,,Missing,,,,,365986786,Port:65535,0,1773325379,768826769,Missing,,,,,,,,,0
4,,365986789,Port:1,0,1773325379,818826769,50000000,Enabled,0.626096,0.529728,-0.447231,0.356897,-102.399,98.8581,-1699.38,0.234737,4,OK,-102.258,98.7493,-1699.62,OK,-136.243,63.7172,-1687.74,OK,-118.475,12.4254,-1696.1,OK,-68.9649,51.1325,-1712.93,,365986789,Port:2,0,1773325379,818826769,Enabled,0.930161,0.030918,0.0349814,0.364173,-87.5189,271.268,-1592.32,0.142964,3,OK,-87.3457,271.335,-1592.33,OK,-129.051,241.325,-1589.63,OK,-130.237,317.598,-1587.07,,365986789,Port:3,0,1773325379,818826769,Missing,,,,,,,,,4,Missing,,,,Missing,,,,Missing,,,,Missing,,,,,365986789,Port:65535,0,1773325379,818826769,Missing,,,,,,,,,0
4,,365986795,Port:1,0,1773325379,918826769,100000000,Enabled,0.632928,0.501353,-0.473077,0.352483,-99.4298,108.165,-1706.23,0.220237,4,OK,-99.3012,108.039,-1706.44,OK,-135.872,75.4759,-1695.38,OK,-121.084,23.0131,-1701.98,OK,-68.5709,58.1462,-1717.44,,365986795,Port:2,0,1773325379,918826769,Enabled,0.930149,0.0306108,0.0353389,0.364194,-87.5167,271.26,-1592.28,0.145603,3,OK,-87.3415,271.329,-1592.29,OK,-129.047,241.311,-1589.55,OK,-130.236,317.593,-1587.05,,365986795,Port:3,0,1773325379,918826769,Missing,,,,,,,,,4,Missing,,,,Missing,,,,Missing,,,,Missing,,,,,365986795,Port:65535,0,1773325379,918826769,Missing,,,,,,,,,0
4,,365986798,Port:1,0,1773325379,968826769,50000000,Enabled,0.63316,0.484061,-0.49462,0.346618,-96.8364,113.339,-1709.96,0.220624,4,OK,-96.7056,113.213,-1710.17,OK,-135.075,82.3651,-1700.31,OK,-122.485,29.2634,-1706.38,OK,-67.9211,61.9452,-1720.11,,365986798,Port:2,0,1773325379,968826769,Enabled,0.930132,0.0308651,0.0356221,0.364187,-87.5199,271.26,-1592.31,0.145087,3,OK,-87.3467,271.33,-1592.32,OK,-129.048,241.31,-1589.55,OK,-130.233,317.589,-1587.04,,365986798,Port:3,0,1773325379,968826769,Missing,,,,,,,,,4,Missing,,,,Missing,,,,Missing,,,,Missing,,,,,365986798,Port:65535,0,1773325379,968826769,Missing,,,,,,,,,0
4,,365986801,Port:1,0,1773325380,18826769,50000000,Enabled,0.636791,0.464363,-0.511655,0.34216,-93.8203,118.671,-1714.01,0.183299,4,OK,-93.696,118.547,-1714.16,OK,-133.645,89.5338,-1705.1,OK,-123.242,35.8684,-1710.12,OK,-66.9489,65.9098,-1722.78,,365986801,Port:2,0,1773325380,18826769,Enabled,0.930123,0.0310796,0.0356261,0.364191,-87.5218,271.266,-1592.33,0.140997,3,OK,-87.3519,271.336,-1592.34,OK,-129.047,241.324,-1589.58,OK,-130.234,317.585,-1587.03,,365986801,Port:3,0,1773325380,18826769,Missing,,,,,,,,,4,Missing,,,,Missing,,,,Missing,,,,Missing,,,,,365986801,Port:65535,0,1773325380,18826769,Missing,,,,,,,,,0
4,,365986804,Port:1,0,1773325380,68826765,49999996,Enabled,0.638909,0.451296,-0.521789,0.340389,-91.7607,122.859,-1717.48,0.21191,4,OK,-91.6312,122.73,-1717.67,OK,-132.486,94.8637,-1708.99,OK,-123.449,40.9013,-1713.36,OK,-66.154,69.3373,-1725.23,,365986804,Port:2,0,1773325380,68826765,Enabled,0.930135,0.0312319,0.0352673,0.364183,-87.5206,271.27,-1592.33,0.142304,3,OK,-87.3501,271.341,-1592.34,OK,-129.05,241.326,-1589.62,OK,-130.232,317.591,-1587.03,,365986804,Port:3,0,1773325380,68826765,Missing,,,,,,,,,4,Missing,,,,Missing,,,,Missing,,,,Missing,,,,,365986804,Port:65535,0,1773325380,68826765,Missing,,,,,,,,,0
4,,365986810,Port:1,0,1773325380,168826766,100000001,Enabled,0.642645,0.431505,-0.534847,0.338747,-89.0272,128.631,-1722.57,0.180516,4,OK,-88.9191,128.492,-1722.71,OK,-130.952,102.32,-1714.65,OK,-123.839,47.9987,-1717.78,OK,-65.2454,74.0526,-1728.76,,365986810,Port:2,0,1773325380,168826766,Enabled,0.930148,0.031005,0.0351616,0.364181,-87.5203,271.26,-1592.29,0.14448,3,OK,-87.3438,271.326,-1592.3,OK,-129.052,241.318,-1589.58,OK,-130.239,317.585,-1587.02,,365986810,Port:3,0,1773325380,168826766,Missing,,,,,,,,,4,Missing,,,,Missing,,,,Missing,,,,Missing,,,,,365986810,Port:65535,0,1773325380,168826766,Missing,,,,,,,,,0
4,,365986813,Port:1,0,1773325380,218826766,50000000,Enabled,0.644686,0.425123,-0.538701,0.336827,-87.4018,130.522,-1724.05,0.196902,4,OK,-87.2874,130.38,-1724.21,OK,-129.737,104.843,-1716.2,OK,-123.375,50.4031,-1719.04,OK,-64.3498,75.5945,-1729.81,,365986813,Port:2,0,1773325380,218826766,Enabled,0.930147,0.0308594,0.0353084,0.364181,-87.5216,271.261,-1592.3,0.142991,3,OK,-87.3468,271.325,-1592.32,OK,-129.05,241.318,-1589.58,OK,-130.241,317.593,-1587.05,,365986813,Port:3,0,1773325380,218826766,Missing,,,,,,,,,4,Missing,,,,Missing,,,,Missing,,,,Missing,,,,,365986813,Port:65535,0,1773325380,218826766,Missing,,,,,,,,,0
4,,365986816,Port:1,0,1773325380,268826765,49999999,Enabled,0.64734,0.417568,-0.54271,0.334745,-85.2814,132.41,-1725.53,0.19245,4,OK,-85.1751,132.275,-1725.69,OK,-128.059,107.468,-1717.74,OK,-122.556,52.916,-1720.16,OK,-63.0883,77.0692,-1730.77,,365986816,Port:2,0,1773325380,268826765,Enabled,0.930141,0.0310405,0.0352199,0.364189,-87.5182,271.258,-1592.29,0.141986,3,OK,-87.3463,271.326,-1592.31,OK,-129.047,241.316,-1589.58,OK,-130.234,317.58,-1587.02,,365986816,Port:3,0,1773325380,268826765,Missing,,,,,,,,,4,Missing,,,,Missing,,,,Missing,,,,Missing,,,,,365986816,Port:65535,0,1773325380,268826765,Missing,,,,,,,,,0
4,,365986822,Port:1,0,1773325380,368826766,100000001,Enabled,0.650178,0.403662,-0.551914,0.331235,-81.8616,136.027,-1728.74,0.169671,4,OK,-81.751,135.884,-1728.85,OK,-125.465,112.421,-1721.4,OK,-121.525,57.7161,-1723.1,OK,-61.2292,80.0178,-1733.1,,365986822,Port:2,0,1773325380,368826766,Enabled,0.930113,0.0312526,0.0359938,0.364167,-87.5238,271.267,-1592.35,0.145544,3,OK,-87.3495,271.339,-1592.37,OK,-129.051,241.32,-1589.57,OK,-130.231,317.592,-1587.02,,365986822,Port:3,0,1773325380,368826766,Missing,,,,,,,,,4,Missing,,,,Missing,,,,Missing,,,,Missing,,,,,365986822,Port:65535,0,1773325380,368826766,Missing,,,,,,,,,0
4,,365986825,Port:1,0,1773325380,418826766,50000000,Enabled,0.652995,0.396366,-0.554954,0.329421,-80.1718,137.836,-1730.29,0.158431,4,OK,-80.0698,137.688,-1730.38,OK,-124.137,114.93,-1722.98,OK,-121.006,60.1659,-1724.2,OK,-60.3575,81.4963,-1734.14,,365986825,Port:2,0,1773325380,418826766,Enabled,0.930133,0.030883,0.035154,0.364229,-87.5175,271.257,-1592.29,0.146157,3,OK,-87.3412,271.326,-1592.31,OK,-129.047,241.306,-1589.59,OK,-130.24,317.583,-1587.04,,365986825,Port:3,0,1773325380,418826766,Missing,,,,,,,,,4,Missing,,,,Missing,,,,Missing,,,,Missing,,,,,365986825,Port:65535,0,1773325380,418826766,Missing,,,,,,,,,0
4,,365986828,Port:1,0,1773325380,468826766,50000000,Enabled,0.655303,0.389227,-0.558172,0.327909,-78.162,139.491,-1731.75,0.154497,4,OK,-78.054,139.353,-1731.84,OK,-122.487,117.249,-1724.51,OK,-120.112,62.4459,-1725.31,OK,-59.1149,82.8497,-1735.1,,365986828,Port:2,0,1773325380,468826766,Enabled,0.930149,0.0310402,0.0350709,0.364182,-87.5169,271.265,-1592.29,0.142804,3,OK,-87.3421,271.33,-1592.31,OK,-129.047,241.325,-1589.6,OK,-130.236,317.591,-1587.03,,365986828,Port:3,0,1773325380,468826766,Missing,,,,,,,,,4,Missing,,,,Missing,,,,Missing,,,,Missing,,,,,365986828,Port:65535,0,1773325380,468826766,Missing,,,,,,,,,0
4,,365986831,Port:1,0,1773325380,518826765,49999999,Enabled,0.6564,0.380951,-0.565191,0.323381,-75.5518,141.32,-1733.16,0.144082,4,OK,-75.4499,141.164,-1733.2,OK,-120.422,120.055,-1726.36,OK,-119.194,65.2065,-1726.94,OK,-57.6788,84.2768,-1736.24,,365986831,Port:2,0,1773325380,518826765,Enabled,0.930129,0.0308115,0.0354683,0.364216,-87.5219,271.267,-1592.33,0.139956,3,OK,-87.3545,271.334,-1592.34,OK,-129.044,241.317,-1589.59,OK,-130.239,317.596,-1587.07,,365986831,Port:3,0,1773325380,518826765,Missing,,,,,,,,,4,Missing,,,,Missing,,,,Missing,,,,Missing,,,,,365986831,Port:65535,0,1773325380,518826765,Missing,,,,,,,,,0
4,,365986834,Port:1,0,1773325380,568826765,50000000,Enabled,0.657877,0.373897,-0.570455,0.319344,-73.0678,143.03,-1734.5,0.155656,4,OK,-72.9731,142.881,-1734.59,OK,-118.349,122.602,-1727.9,OK,-118.138,67.7344,-1728.44,OK,-56.2215,85.6624,-1737.29,,365986834,Port:2,0,1773325380,568826765,Enabled,0.930157,0.030731,0.035143,0.364182,-87.5197,271.254,-1592.28,0.142534,3,OK,-87.3476,271.321,-1592.29,OK,-129.05,241.31,-1589.57,OK,-130.238,317.584,-1587.05,,365986834,Port:3,0,1773325380,568826765,Missing,,,,,,,,,4,Missing,,,,Missing,,,,Missing,,,,Missing,,,,,365986834,Port:65535,0,1773325380,568826765,Missing,,,,,,,,,0
4,,365986840,Port:1,0,1773325380,668826766,100000001,Enabled,0.660269,0.36229,-0.577329,0.315407,-69.44,145.427,-1736.87,0.141551,4,OK,-69.354,145.266,-1736.91,OK,-115.289,126.196,-1730.64,OK,-116.433,71.3489,-1730.66,OK,-54.0241,87.632,-1739.04,,365986840,Port:2,0,1773325380,668826766,Enabled,0.930145,0.0307203,0.0353656,0.364191,-87.5189,271.257,-1592.29,0.140307,3,OK,-87.3506,271.325,-1592.3,OK,-129.044,241.312,-1589.55,OK,-130.235,317.586,-1587.04,,365986840,Port:3,0,1773325380,668826766,Missing,,,,,,,,,4,Missing,,,,Missing,,,,Missing,,,,Missing,,,,,365986840,Port:65535,0,1773325380,668826766,Missing,,,,,,,,,0
4,,365986843,Port:1,0,1773325380,718826766,50000000,Enabled,0.665857,0.359639,-0.574966,0.310979,-67.1632,146.206,-1737.06,0.149776,4,OK,-67.0681,146.05,-1737.13,OK,-113.154,127.491,-1730.22,OK,-114.882,72.6548,-1730.05,OK,-52.3831,88.2396,-1739.15,,365986843,Port:2,0,1773325380,718826766,Enabled,0.930109,0.031104,0.0355435,0.364234,-87.5174,271.262,-1592.31,0.143528,3,OK,-87.3429,271.328,-1592.32,OK,-129.041,241.313,-1589.57,OK,-130.237,317.584,-1587.01,,365986843,Port:3,0,1773325380,718826766,Missing,,,,,,,,,4,Missing,,,,Missing,,,,Missing,,,,Missing,,,,,365986843,Port:65535,0,1773325380,718826766,Missing,,,,,,,,,0
4,,365986846,Port:1,0,1773325380,768826765,49999999,Enabled,0.669349,0.355415,-0.578237,0.30215,-63.5875,147.135,-1736.66,0.146466,4,OK,-63.5038,146.976,-1736.73,OK,-109.938,129.377,-1729.75,OK,-112.831,74.5773,-1729.79,OK,-50.0356,88.875,-1739.05,,365986846,Port:2,0,1773325380,768826765,Enabled,0.930127,0.030898,0.0351601,0.364244,-87.516,271.27,-1592.3,0.142807,3,OK,-87.3444,271.339,-1592.31,OK,-129.043,241.321,-1589.59,OK,-130.238,317.59,-1587.04,,365986846,Port:3,0,1773325380,768826765,Missing,,,,,,,,,4,Missing,,,,Missing,,,,Missing,,,,Missing,,,,,365986846,Port:65535,0,1773325380,768826765,Missing,,,,,,,,,0
4,,365986849,Port:1,0,1773325380,818826765,50000000,Enabled,0.672154,0.347219,-0.582712,0.296807,-60.2386,148.282,-1737.46,0.146974,4,OK,-60.1659,148.124,-1737.54,OK,-106.971,131.541,-1730.65,OK,-111.06,76.8369,-1730.49,OK,-47.9393,89.7376,-1739.55,,365986849,Port:2,0,1773325380,818826765,Enabled,0.930134,0.0307438,0.0355539,0.364199,-87.5182,271.253,-1592.3,0.146532,3,OK,-87.3414,271.321,-1592.32,OK,-129.047,241.302,-1589.55,OK,-130.237,317.585,-1587.05,,365986849,Port:3,0,1773325380,818826765,Missing,,,,,,,,,4,Missing,,,,Missing,,,,Missing,,,,Missing,,,,,365986849,Port:65535,0,1773325380,818826765,Missing,,,,,,,,,0
4,,365986855,Port:1,0,1773325380,918826766,100000001,Enabled,0.676845,0.336645,-0.588515,0.286706,-55.1761,150.453,-1738.78,0.144019,4,OK,-55.0997,150.289,-1738.84,OK,-102.454,135.276,-1732.02,OK,-108.309,80.7173,-1731.72,OK,-44.8004,91.5325,-1740.72,,365986855,Port:2,0,1773325380,918826766,Enabled,0.930089,0.0313574,0.0356202,0.364255,-87.5188,271.27,-1592.33,0.144304,3,OK,-87.3447,271.34,-1592.35,OK,-129.042,241.319,-1589.59,OK,-130.237,317.585,-1587,,365986855,Port:3,0,1773325380,918826766,Missing,,,,,,,,,4,Missing,,,,Missing,,,,Missing,,,,Missing,,,,,365986855,Port:65535,0,1773325380,918826766,Missing,,,,,,,,,0
4,,365986858,Port:1,0,1773325380,968826766,50000000,Enabled,0.681371,0.331169,-0.588964,0.281393,-52.7818,151.419,-1739.31,0.12995,4,OK,-52.7144,151.258,-1739.32,OK,-100.263,137.05,-1732.31,OK,-107.016,82.6043,-1731.66,OK,-43.3984,92.3219,-1741.11,,365986858,Port:2,0,1773325380,968826766,Enabled,0.930121,0.0310388,0.0353184,0.364232,-87.5197,271.259,-1592.31,0.144889,3,OK,-87.3431,271.326,-1592.32,OK,-129.047,241.312,-1589.59,OK,-130.242,317.58,-1587.03,,365986858,Port:3,0,1773325380,968826766,Missing,,,,,,,,,4,Missing,,,,Missing,,,,Missing,,,,Missing,,,,,365986858,Port:65535,0,1773325380,968826766,Missing,,,,,,,,,0
4,,365986861,Port:1,0,1773325381,18826765,49999999,Enabled,0.686003,0.32611,-0.589997,0.273781,-49.8838,152.303,-1739.58,0.13588,4,OK,-49.8221,152.129,-1739.57,OK,-97.5946,138.878,-1732.28,OK,-105.417,84.5664,-1731.54,OK,-41.6602,93.0394,-1741.42,,365986861,Port:2,0,1773325381,18826765,Enabled,0.930153,0.0309794,0.0351425,0.364171,-87.5241,271.259,-1592.3,0.144331,3,OK,-87.3494,271.328,-1592.31,OK,-129.057,241.317,-1589.59,OK,-130.239,317.584,-1587.04,,365986861,Port:3,0,1773325381,18826765,Missing,,,,,,,,,4,Missing,,,,Missing,,,,Missing,,,,Missing,,,,,365986861,Port:65535,0,1773325381,18826765,Missing,,,,,,,,,0
4,,365986864,Port:1,0,1773325381,68826765,50000000,Enabled,0.690286,0.320864,-0.591693,0.265427,-46.7502,153.045,-1739.7,0.139088,4,OK,-46.6935,152.868,-1739.68,OK,-94.6876,140.617,-1732.18,OK,-103.66,86.4901,-1731.4,OK,-39.7922,93.6294,-1741.64,,365986864,Port:2,0,1773325381,68826765,Enabled,0.930155,0.0307379,0.0352876,0.364172,-87.5198,271.263,-1592.3,0.142031,3,OK,-87.3472,271.327,-1592.32,OK,-129.048,241.32,-1589.58,OK,-130.238,317.596,-1587.06,,365986864,Port:3,0,1773325381,68826765,Missing,,,,,,,,,4,Missing,,,,Missing,,,,Missing,,,,Missing,,,,,365986864,Port:65535,0,1773325381,68826765,Missing,,,,,,,,,0
4,,365986870,Port:1,0,1773325381,168826765,100000000,Enabled,0.699572,0.31015,-0.592115,0.252597,-41.1665,154.525,-1740.46,0.13641,4,OK,-41.1148,154.352,-1740.5,OK,-89.4114,143.861,-1732.19,OK,-100.3,90.0713,-1731.12,OK,-36.3475,94.8861,-1742.12,,365986870,Port:2,0,1773325381,168826765,Enabled,0.930135,0.0309773,0.0353202,0.364201,-87.5158,271.262,-1592.3,0.141126,3,OK,-87.3459,271.33,-1592.32,OK,-129.042,241.316,-1589.58,OK,-130.232,317.588,-1587.03,,365986870,Port:3,0,1773325381,168826765,Missing,,,,,,,,,4,Missing,,,,Missing,,,,Missing,,,,Missing,,,,,365986870,Port:65535,0,1773325381,168826765,Missing,,,,,,,,,0
4,,365986873,Port:1,0,1773325381,218826764,49999999,Enabled,0.701965,0.304441,-0.59469,0.246787,-38.2655,155.299,-1741.09,0.132565,4,OK,-38.206,155.133,-1741.09,OK,-86.6934,145.496,-1732.87,OK,-98.5388,91.9072,-1731.63,OK,-34.5039,95.5843,-1742.71,,365986873,Port:2,0,1773325381,218826764,Enabled,0.930136,0.0310455,0.0354727,0.364176,-87.5206,271.261,-1592.31,0.140339,3,OK,-87.3514,271.329,-1592.33,OK,-129.047,241.319,-1589.58,OK,-130.233,317.585,-1587.03,,365986873,Port:3,0,1773325381,218826764,Missing,,,,,,,,,4,Missing,,,,Missing,,,,Missing,,,,Missing,,,,,365986873,Port:65535,0,1773325381,218826764,Missing,,,,,,,,,0
4,,365986876,Port:1,0,1773325381,268826764,50000000,Enabled,0.703747,0.298691,-0.598144,0.240306,-35.0469,156.061,-1741.62,0.13382,4,OK,-34.99,155.891,-1741.63,OK,-83.6632,147.172,-1733.47,OK,-96.5221,93.8192,-1732.28,OK,-32.4173,96.2915,-1743.24,,365986876,Port:2,0,1773325381,268826764,Enabled,0.930123,0.0310349,0.0354543,0.364213,-87.5168,271.256,-1592.3,0.142063,3,OK,-87.3455,271.325,-1592.31,OK,-129.042,241.31,-1589.57,OK,-130.233,317.579,-1587.02,,365986876,Port:3,0,1773325381,268826764,Missing,,,,,,,,,4,Missing,,,,Missing,,,,Missing,,,,Missing,,,,,365986876,Port:65535,0,1773325381,268826764,Missing,,,,,,,,,0
4,,365986879,Port:1,0,1773325381,318826765,50000001,Enabled,0.707929,0.292545,-0.598621,0.234321,-31.5217,156.805,-1742.5,0.134179,4,OK,-31.4773,156.63,-1742.49,OK,-80.2525,148.827,-1734.08,OK,-94.0538,95.731,-1732.61,OK,-29.9776,96.984,-1743.91,,365986879,Port:2,0,1773325381,318826765,Enabled,0.930106,0.0312192,0.0359215,0.364196,-87.5229,271.26,-1592.34,0.146669,3,OK,-87.3458,271.331,-1592.35,OK,-129.051,241.313,-1589.56,OK,-130.235,317.581,-1587.01,,365986879,Port:3,0,1773325381,318826765,Missing,,,,,,,,,4,Missing,,,,Missing,,,,Missing,,,,Missing,,,,,365986879,Port:65535,0,1773325381,318826765,Missing,,,,,,,,,0
4,,365986885,Port:1,0,1773325381,418826765,100000000,Enabled,0.71537,0.279954,-0.599007,0.225969,-25.5889,158.016,-1744.47,0.125283,4,OK,-25.5454,157.854,-1744.48,OK,-74.4685,151.633,-1735.59,OK,-89.8859,99.0009,-1733.41,OK,-25.8924,98.1595,-1745.15,,365986885,Port:2,0,1773325381,418826765,Enabled,0.93014,0.0307689,0.0353463,0.364203,-87.519,271.253,-1592.29,0.141754,3,OK,-87.3497,271.322,-1592.3,OK,-129.045,241.304,-1589.56,OK,-130.236,317.584,-1587.04,,365986885,Port:3,0,1773325381,418826765,Missing,,,,,,,,,4,Missing,,,,Missing,,,,Missing,,,,Missing,,,,,365986885,Port:65535,0,1773325381,418826765,Missing,,,,,,,,,0
4,,365986888,Port:1,0,1773325381,468826764,49999999,Enabled,0.719852,0.274809,-0.5978,0.221197,-22.9325,158.536,-1745.29,0.135131,4,OK,-22.8832,158.381,-1745.24,OK,-71.8276,152.905,-1736.1,OK,-87.9955,100.487,-1733.42,OK,-24.0981,98.6888,-1745.73,,365986888,Port:2,0,1773325381,468826764,Enabled,0.930159,0.0311636,0.0349486,0.364159,-87.5181,271.257,-1592.29,0.146607,3,OK,-87.3396,271.327,-1592.31,OK,-129.056,241.318,-1589.61,OK,-130.233,317.58,-1587.02,,365986888,Port:3,0,1773325381,468826764,Missing,,,,,,,,,4,Missing,,,,Missing,,,,Missing,,,,Missing,,,,,365986888,Port:65535,0,1773325381,468826764,Missing,,,,,,,,,0
4,,365986891,Port:1,0,1773325381,518826764,50000000,Enabled,0.7215,0.270804,-0.599208,0.216916,-20.6879,158.847,-1745.79,0.124819,4,OK,-20.6532,158.688,-1745.75,OK,-69.641,153.832,-1736.53,OK,-86.4473,101.632,-1733.85,OK,-22.6049,99.0132,-1746.15,,365986891,Port:2,0,1773325381,518826764,Enabled,0.930134,0.0309146,0.0355995,0.364181,-87.5193,271.261,-1592.3,0.145554,3,OK,-87.3433,271.329,-1592.32,OK,-129.048,241.314,-1589.55,OK,-130.235,317.591,-1587.03,,365986891,Port:3,0,1773325381,518826764,Missing,,,,,,,,,4,Missing,,,,Missing,,,,Missing,,,,Missing,,,,,365986891,Port:65535,0,1773325381,518826764,Missing,,,,,,,,,0
4,,365986897,Port:1,0,1773325381,618826765,100000001,Enabled,0.727894,0.264914,-0.595764,0.212264,-16.9183,159.214,-1747.1,0.129036,4,OK,-16.8727,159.065,-1747.05,OK,-65.8229,154.983,-1737.2,OK,-83.3682,103.07,-1733.87,OK,-19.7065,99.4152,-1746.97,,365986897,Port:2,0,1773325381,618826765,Enabled,0.930138,0.0308394,0.0353908,0.364198,-87.5201,271.26,-1592.31,0.144819,3,OK,-87.3449,271.328,-1592.33,OK,-129.049,241.312,-1589.58,OK,-130.239,317.589,-1587.05,,365986897,Port:3,0,1773325381,618826765,Missing,,,,,,,,,4,Missing,,,,Missing,,,,Missing,,,,Missing,,,,,365986897,Port:65535,0,1773325381,618826765,Missing,,,,,,,,,0
4,,365986900,Port:1,0,1773325381,668826765,50000000,Enabled,0.729242,0.261433,-0.596884,0.208779,-15.0324,159.544,-1747.68,0.122977,4,OK,-14.9958,159.39,-1747.66,OK,-63.9688,155.839,-1737.74,OK,-82.0583,104.105,-1734.38,OK,-18.4391,99.7766,-1747.47,,365986900,Port:2,0,1773325381,668826765,Enabled,0.930137,0.0309852,0.0356392,0.364164,-87.5206,271.257,-1592.32,0.144213,3,OK,-87.3474,271.328,-1592.33,OK,-129.05,241.314,-1589.57,OK,-130.231,317.583,-1587.03,,365986900,Port:3,0,1773325381,668826765,Missing,,,,,,,,,4,Missing,,,,Missing,,,,Missing,,,,Missing,,,,,365986900,Port:65535,0,1773325381,668826765,Missing,,,,,,,,,0
4,,365986903,Port:1,0,1773325381,718826764,49999999,Enabled,0.73201,0.258075,-0.595164,0.208177,-13.7672,159.945,-1748.77,0.126159,4,OK,-13.722,159.8,-1748.73,OK,-62.6845,156.554,-1738.59,OK,-81.013,104.94,-1734.78,OK,-17.4781,100.191,-1748.18,,365986903,Port:2,0,1773325381,718826764,Enabled,0.930138,0.0309565,0.0352221,0.364203,-87.5171,271.26,-1592.32,0.142651,3,OK,-87.3439,271.327,-1592.33,OK,-129.045,241.316,-1589.61,OK,-130.236,317.583,-1587.05,,365986903,Port:3,0,1773325381,718826764,Missing,,,,,,,,,4,Missing,,,,Missing,,,,Missing,,,,Missing,,,,,365986903,Port:65535,0,1773325381,718826764,Missing,,,,,,,,,0
4,,365986906,Port:1,0,1773325381,768826764,50000000,Enabled,0.731702,0.254584,-0.597563,0.206683,-12.6564,160.339,-1749.29,0.130481,4,OK,-12.6262,160.18,-1749.24,OK,-61.6353,157.346,-1739.34,OK,-80.3708,105.864,-1735.49,OK,-16.8126,100.621,-1748.59,,365986906,Port:2,0,1773325381,768826764,Enabled,0.930108,0.031051,0.035752,0.364222,-87.5192,271.262,-1592.32,0.143417,3,OK,-87.349,271.335,-1592.33,OK,-129.043,241.31,-1589.56,OK,-130.232,317.584,-1587.02,,365986906,Port:3,0,1773325381,768826764,Missing,,,,,,,,,4,Missing,,,,Missing,,,,Missing,,,,Missing,,,,,365986906,Port:65535,0,1773325381,768826764,Missing,,,,,,,,,0
4,,365986909,Port:1,0,1773325381,818826765,50000001,Enabled,0.733004,0.252811,-0.596568,0.207118,-12.1792,160.661,-1750,0.132768,4,OK,-12.1502,160.499,-1749.95,OK,-61.147,157.786,-1739.93,OK,-79.9451,106.351,-1735.83,OK,-16.4199,100.951,-1749.04,,365986909,Port:2,0,1773325381,818826765,Enabled,0.930156,0.0309563,0.0352537,0.364155,-87.5186,271.259,-1592.3,0.143884,3,OK,-87.3439,271.325,-1592.32,OK,-129.05,241.317,-1589.59,OK,-130.234,317.592,-1587.04,,365986909,Port:3,0,1773325381,818826765,Missing,,,,,,,,,4,Missing,,,,Missing,,,,Missing,,,,Missing,,,,,365986909,Port:65535,0,1773325381,818826765,Missing,,,,,,,,,0
4,,365986915,Port:1,0,1773325381,918826765,100000000,Enabled,0.734107,0.251032,-0.596302,0.206141,-11.4161,160.854,-1750.55,0.129667,4,OK,-11.3887,160.693,-1750.5,OK,-60.3773,158.189,-1740.4,OK,-79.3717,106.836,-1736.17,OK,-15.8875,101.162,-1749.45,,365986915,Port:2,0,1773325381,918826765,Enabled,0.930101,0.0308839,0.036019,0.364225,-87.5228,271.263,-1592.35,0.143833,3,OK,-87.3514,271.334,-1592.36,OK,-129.044,241.309,-1589.55,OK,-130.237,317.589,-1587.05,,365986915,Port:3,0,1773325381,918826765,Missing,,,,,,,,,4,Missing,,,,Missing,,,,Missing,,,,Missing,,,,,365986915,Port:65535,0,1773325381,918826765,Missing,,,,,,,,,0
4,,365986918,Port:1,0,1773325381,968826764,49999999,Enabled,0.735058,0.250926,-0.595107,0.206332,-11.3763,160.84,-1750.7,0.133193,4,OK,-11.3439,160.682,-1750.67,OK,-60.3114,158.162,-1740.41,OK,-79.295,106.823,-1736.07,OK,-15.8025,101.147,-1749.51,,365986918,Port:2,0,1773325381,968826764,Enabled,0.930103,0.0311918,0.0357273,0.364224,-87.5204,271.263,-1592.34,0.146056,3,OK,-87.3436,271.333,-1592.35,OK,-129.047,241.315,-1589.58,OK,-130.237,317.582,-1587.02,,365986918,Port:3,0,1773325381,968826764,Missing,,,,,,,,,4,Missing,,,,Missing,,,,Missing,,,,Missing,,,,,365986918,Port:65535,0,1773325381,968826764,Missing,,,,,,,,,0
4,,365986921,Port:1,0,1773325382,18826764,50000000,Enabled,0.733837,0.252038,-0.595826,0.207247,-12.116,160.815,-1750.62,0.137154,4,OK,-12.0877,160.65,-1750.57,OK,-61.0677,157.981,-1740.48,OK,-79.8927,106.589,-1736.23,OK,-16.4007,101.116,-1749.54,,365986921,Port:2,0,1773325382,18826764,Enabled,0.930123,0.0309538,0.0356586,0.364199,-87.5192,271.263,-1592.33,0.146138,3,OK,-87.3414,271.332,-1592.35,OK,-129.048,241.32,-1589.58,OK,-130.236,317.586,-1587.05,,365986921,Port:3,0,1773325382,18826764,Missing,,,,,,,,,4,Missing,,,,Missing,,,,Missing,,,,Missing,,,,,365986921,Port:65535,0,1773325382,18826764,Missing,,,,,,,,,0
4,,365986924,Port:1,0,1773325382,68826765,50000001,Enabled,0.731828,0.254893,-0.595003,0.21314,-14.5083,160.786,-1750.67,0.129793,4,OK,-14.462,160.632,-1750.63,OK,-63.4492,157.328,-1740.65,OK,-81.611,105.679,-1736.37,OK,-18.0066,101.04,-1749.46,,365986924,Port:2,0,1773325382,68826765,Enabled,0.930107,0.0309961,0.0357749,0.364227,-87.5175,271.259,-1592.32,0.145324,3,OK,-87.3444,271.331,-1592.33,OK,-129.042,241.306,-1589.55,OK,-130.233,317.583,-1587.02,,365986924,Port:3,0,1773325382,68826765,Missing,,,,,,,,,4,Missing,,,,Missing,,,,Missing,,,,Missing,,,,,365986924,Port:65535,0,1773325382,68826765,Missing,,,,,,,,,0
4,,365986930,Port:1,0,1773325382,168826765,100000000,Enabled,0.724858,0.265621,-0.590544,0.235125,-22.7716,160.88,-1751.8,0.152919,4,OK,-22.7249,160.717,-1751.71,OK,-71.5674,155.065,-1742.2,OK,-87.1424,102.601,-1737.51,OK,-23.2739,101.043,-1750.12,,365986930,Port:2,0,1773325382,168826765,Enabled,0.930131,0.0307968,0.0354423,0.364213,-87.5161,271.259,-1592.29,0.145295,3,OK,-87.3413,271.329,-1592.31,OK,-129.044,241.31,-1589.56,OK,-130.235,317.586,-1587.04,,365986930,Port:3,0,1773325382,168826765,Missing,,,,,,,,,4,Missing,,,,Missing,,,,Missing,,,,Missing,,,,,365986930,Port:65535,0,1773325382,168826765,Missing,,,,,,,,,0
4,,365986933,Port:1,0,1773325382,218826765,50000000,Enabled,0.7222,0.268991,-0.588138,0.245285,-26.3447,160.915,-1752.54,0.157986,4,OK,-26.2901,160.762,-1752.44,OK,-75.0423,154.131,-1743.09,OK,-89.5115,101.377,-1738.06,OK,-25.5875,101.089,-1750.46,,365986933,Port:2,0,1773325382,218826765,Enabled,0.930154,0.0311326,0.0350675,0.364162,-87.5183,271.255,-1592.3,0.142027,3,OK,-87.3458,271.322,-1592.31,OK,-129.05,241.315,-1589.6,OK,-130.233,317.58,-1587.02,,365986933,Port:3,0,1773325382,218826765,Missing,,,,,,,,,4,Missing,,,,Missing,,,,Missing,,,,Missing,,,,,365986933,Port:65535,0,1773325382,218826765,Missing,,,,,,,,,0
4,,365986936,Port:1,0,1773325382,268826765,50000000,Enabled,0.718345,0.271612,-0.589721,0.249874,-28.7371,160.87,-1752.51,0.132766,4,OK,-28.6861,160.717,-1752.46,OK,-77.4283,153.537,-1743.4,OK,-91.3688,100.65,-1738.66,OK,-27.3585,101.057,-1750.46,,365986936,Port:2,0,1773325382,268826765,Enabled,0.930138,0.0307635,0.0356304,0.364181,-87.5226,271.261,-1592.32,0.145225,3,OK,-87.3487,271.329,-1592.33,OK,-129.05,241.31,-1589.56,OK,-130.238,317.597,-1587.06,,365986936,Port:3,0,1773325382,268826765,Missing,,,,,,,,,4,Missing,,,,Missing,,,,Missing,,,,Missing,,,,,365986936,Port:65535,0,1773325382,268826765,Missing,,,,,,,,,0
4,,365986939,Port:1,0,1773325382,318826765,50000000,Enabled,0.714551,0.275171,-0.591047,0.253695,-30.9625,160.516,-1752.04,0.123019,4,OK,-30.9101,160.377,-1751.99,OK,-79.624,152.615,-1743.26,OK,-93.0267,99.5746,-1738.8,OK,-28.9539,100.709,-1750.16,,365986939,Port:2,0,1773325382,318826765,Enabled,0.930139,0.0309123,0.0352942,0.364197,-87.5153,271.262,-1592.31,0.142472,3,OK,-87.3429,271.33,-1592.32,OK,-129.043,241.319,-1589.58,OK,-130.232,317.586,-1587.04,,365986939,Port:3,0,1773325382,318826765,Missing,,,,,,,,,4,Missing,,,,Missing,,,,Missing,,,,Missing,,,,,365986939,Port:65535,0,1773325382,318826765,Missing,,,,,,,,,0
4,,365986945,Port:1,0,1773325382,418826765,100000000,Enabled,0.707611,0.284394,-0.591614,0.261532,-35.8162,159.266,-1750.73,0.129893,4,OK,-35.7586,159.117,-1750.68,OK,-84.347,150.075,-1742.44,OK,-96.4238,96.6702,-1738.52,OK,-32.3017,99.5153,-1749.31,,365986945,Port:2,0,1773325382,418826765,Enabled,0.930126,0.0307996,0.0355671,0.364214,-87.5184,271.266,-1592.31,0.143121,3,OK,-87.345,271.333,-1592.33,OK,-129.043,241.319,-1589.56,OK,-130.237,317.592,-1587.05,,365986945,Port:3,0,1773325382,418826765,Missing,,,,,,,,,4,Missing,,,,Missing,,,,Missing,,,,Missing,,,,,365986945,Port:65535,0,1773325382,418826765,Missing,,,,,,,,,0
4,,365986948,Port:1,0,1773325382,468826765,50000000,Enabled,0.705081,0.288787,-0.589729,0.267736,-38.6894,158.482,-1750.15,0.110175,4,OK,-38.622,158.353,-1750.14,OK,-87.0674,148.505,-1741.89,OK,-98.2732,94.895,-1738.03,OK,-34.2255,98.7936,-1748.66,,365986948,Port:2,0,1773325382,468826765,Enabled,0.930161,0.0305998,0.0349786,0.364199,-87.5165,271.253,-1592.26,0.140374,3,OK,-87.3461,271.318,-1592.28,OK,-129.044,241.31,-1589.57,OK,-130.239,317.584,-1587.05,,365986948,Port:3,0,1773325382,468826765,Missing,,,,,,,,,4,Missing,,,,Missing,,,,Missing,,,,Missing,,,,,365986948,Port:65535,0,1773325382,468826765,Missing,,,,,,,,,0
4,,365986951,Port:1,0,1773325382,518826765,50000000,Enabled,0.70186,0.295692,-0.588548,0.271238,-41.5633,157.618,-1749.29,0.130881,4,OK,-41.5049,157.463,-1749.24,OK,-89.794,146.841,-1741.16,OK,-100.168,93.0503,-1737.6,OK,-36.1475,98.0045,-1748.23,,365986951,Port:2,0,1773325382,518826765,Enabled,0.93013,0.0310674,0.035089,0.364228,-87.5197,271.264,-1592.3,0.14405,3,OK,-87.3467,271.333,-1592.32,OK,-129.048,241.313,-1589.61,OK,-130.24,317.587,-1587.03,,365986951,Port:3,0,1773325382,518826765,Missing,,,,,,,,,4,Missing,,,,Missing,,,,Missing,,,,Missing,,,,,365986951,Port:65535,0,1773325382,518826765,Missing,,,,,,,,,0
4,,365986957,Port:1,0,1773325382,618826765,100000000,Enabled,0.694433,0.307531,-0.586705,0.281006,-47.3454,155.569,-1747.33,0.11872,4,OK,-47.2815,155.432,-1747.31,OK,-95.2388,143.137,-1739.54,OK,-103.859,89.027,-1736.53,OK,-39.9896,96.1458,-1746.72,,365986957,Port:2,0,1773325382,618826765,Enabled,0.930116,0.0311172,0.035643,0.364205,-87.5189,271.267,-1592.33,0.143865,3,OK,-87.3464,271.337,-1592.35,OK,-129.045,241.318,-1589.58,OK,-130.233,317.59,-1587.03,,365986957,Port:3,0,1773325382,618826765,Missing,,,,,,,,,4,Missing,,,,Missing,,,,Missing,,,,Missing,,,,,365986957,Port:65535,0,1773325382,618826765,Missing,,,,,,,,,0
4,,365986960,Port:1,0,1773325382,668826765,50000000,Enabled,0.691264,0.31486,-0.583936,0.286421,-50.496,154.424,-1746.41,0.127195,4,OK,-50.4219,154.283,-1746.39,OK,-98.1359,141.019,-1738.63,OK,-105.691,86.7435,-1735.84,OK,-41.9698,95.1628,-1746.07,,365986960,Port:2,0,1773325382,668826765,Enabled,0.930164,0.0307717,0.0348894,0.364185,-87.5156,271.255,-1592.26,0.14309,3,OK,-87.342,271.322,-1592.28,OK,-129.048,241.313,-1589.58,OK,-130.236,317.583,-1587.04,,365986960,Port:3,0,1773325382,668826765,Missing,,,,,,,,,4,Missing,,,,Missing,,,,Missing,,,,Missing,,,,,365986960,Port:65535,0,1773325382,668826765,Missing,,,,,,,,,0
4,,365986963,Port:1,0,1773325382,718826765,50000000,Enabled,0.688397,0.32085,-0.581562,0.291463,-53.3111,153.295,-1745.51,0.118898,4,OK,-53.2351,153.165,-1745.53,OK,-100.706,139.058,-1737.73,OK,-107.347,84.6397,-1735.16,OK,-43.7704,94.1841,-1745.31,,365986963,Port:2,0,1773325382,718826765,Enabled,0.93016,0.0307931,0.0350119,0.364182,-87.5189,271.261,-1592.29,0.145705,3,OK,-87.3412,271.327,-1592.3,OK,-129.053,241.318,-1589.59,OK,-130.24,317.59,-1587.05,,365986963,Port:3,0,1773325382,718826765,Missing,,,,,,,,,4,Missing,,,,Missing,,,,Missing,,,,Missing,,,,,365986963,Port:65535,0,1773325382,718826765,Missing,,,,,,,,,0
4,,365986966,Port:1,0,1773325382,768826765,50000000,Enabled,0.686098,0.326807,-0.578495,0.296328,-55.7391,152.13,-1744.54,0.124249,4,OK,-55.6623,151.991,-1744.53,OK,-102.87,137.075,-1736.72,OK,-108.583,82.5499,-1734.22,OK,-45.2009,93.1978,-1744.5,,365986966,Port:2,0,1773325382,768826765,Enabled,0.930175,0.0307819,0.0348988,0.364156,-87.5156,271.26,-1592.27,0.143367,3,OK,-87.3437,271.328,-1592.28,OK,-129.049,241.315,-1589.59,OK,-130.232,317.596,-1587.04,,365986966,Port:3,0,1773325382,768826765,Missing,,,,,,,,,4,Missing,,,,Missing,,,,Missing,,,,Missing,,,,,365986966,Port:65535,0,1773325382,768826765,Missing,,,,,,,,,0
4,,365986972,Port:1,0,1773325382,868826765,100000000,Enabled,0.680973,0.339854,-0.574002,0.302152,-59.9472,149.666,-1742.25,0.117443,4,OK,-59.8807,149.529,-1742.28,OK,-106.586,133.167,-1734.39,OK,-110.691,78.4668,-1732.59,OK,-47.7008,91.052,-1742.94,,365986972,Port:2,0,1773325382,868826765,Enabled,0.930129,0.0308887,0.0354763,0.364208,-87.5186,271.262,-1592.3,0.147104,3,OK,-87.3421,271.333,-1592.31,OK,-129.049,241.312,-1589.56,OK,-130.236,317.587,-1587.03,,365986972,Port:3,0,1773325382,868826765,Missing,,,,,,,,,4,Missing,,,,Missing,,,,Missing,,,,Missing,,,,,365986972,Port:65535,0,1773325382,868826765,Missing,,,,,,,,,0
4,,365986975,Port:1,0,1773325382,918826765,50000000,Enabled,0.679718,0.349252,-0.566568,0.308234,-63.0829,147.839,-1740.93,0.130902,4,OK,-63.0055,147.709,-1740.99,OK,-109.213,130.152,-1732.59,OK,-111.954,75.3804,-1730.93,OK,-49.3828,89.5565,-1741.85,,365986975,Port:2,0,1773325382,918826765,Enabled,0.930143,0.0309615,0.0353418,0.364179,-87.5189,271.258,-1592.31,0.143627,3,OK,-87.3437,271.323,-1592.33,OK,-129.048,241.315,-1589.59,OK,-130.237,317.587,-1587.04,,365986975,Port:3,0,1773325382,918826765,Missing,,,,,,,,,4,Missing,,,,Missing,,,,Missing,,,,Missing,,,,,365986975,Port:65535,0,1773325382,918826765,Missing,,,,,,,,,0
4,,365986978,Port:1,0,1773325382,968826765,50000000,Enabled,0.676543,0.359079,-0.561736,0.312738,-66.1771,145.845,-1739.26,0.131066,4,OK,-66.0852,145.701,-1739.29,OK,-111.864,127.072,-1730.82,OK,-113.33,72.2203,-1729.5,OK,-51.1753,87.9051,-1740.72,,365986978,Port:2,0,1773325382,968826765,Enabled,0.930143,0.0307599,0.035319,0.364199,-87.5198,271.263,-1592.3,0.142536,3,OK,-87.3485,271.331,-1592.31,OK,-129.047,241.317,-1589.57,OK,-130.237,317.59,-1587.05,,365986978,Port:3,0,1773325382,968826765,Missing,,,,,,,,,4,Missing,,,,Missing,,,,Missing,,,,Missing,,,,,365986978,Port:65535,0,1773325382,968826765,Missing,,,,,,,,,0
4,,365986981,Port:1,0,1773325383,18826765,50000000,Enabled,0.674039,0.367503,-0.556994,0.316812,-68.6728,144.007,-1737.74,0.125619,4,OK,-68.5842,143.869,-1737.75,OK,-113.915,124.271,-1729.17,OK,-114.288,69.4093,-1728.11,OK,-52.5337,86.3849,-1739.64,,365986981,Port:2,0,1773325383,18826765,Enabled,0.930139,0.0307655,0.0353809,0.364202,-87.5187,271.262,-1592.29,0.145792,3,OK,-87.3441,271.333,-1592.31,OK,-129.049,241.313,-1589.56,OK,-130.236,317.587,-1587.04,,365986981,Port:3,0,1773325383,18826765,Missing,,,,,,,,,4,Missing,,,,Missing,,,,Missing,,,,Missing,,,,,365986981,Port:65535,0,1773325383,18826765,Missing,,,,,,,,,0
4,,365986987,Port:1,0,1773325383,118826769,100000004,Enabled,0.671507,0.378301,-0.549642,0.322275,-71.7276,141.533,-1735.83,0.127641,4,OK,-71.6377,141.398,-1735.88,OK,-116.339,120.571,-1726.89,OK,-115.265,65.6904,-1726.21,OK,-54.0943,84.3712,-1738.2,,365986987,Port:2,0,1773325383,118826769,Enabled,0.930137,0.031042,0.0351322,0.364207,-87.5168,271.263,-1592.3,0.14454,3,OK,-87.3405,271.329,-1592.32,OK,-129.047,241.318,-1589.6,OK,-130.237,317.586,-1587.03,,365986987,Port:3,0,1773325383,118826769,Missing,,,,,,,,,4,Missing,,,,Missing,,,,Missing,,,,Missing,,,,,365986987,Port:65535,0,1773325383,118826769,Missing,,,,,,,,,0
4,,365986990,Port:1,0,1773325383,168826770,50000001,Enabled,0.671468,0.384061,-0.543646,0.325695,-73.2299,140.488,-1735.14,0.132927,4,OK,-73.1297,140.356,-1735.18,OK,-117.442,118.834,-1725.79,OK,-115.505,63.9816,-1725.13,OK,-54.7248,83.6084,-1737.68,,365986990,Port:2,0,1773325383,168826770,Enabled,0.930112,0.0309757,0.0356033,0.364233,-87.5215,271.26,-1592.3,0.142716,3,OK,-87.3511,271.33,-1592.32,OK,-129.045,241.307,-1589.55,OK,-130.238,317.584,-1587.02,,365986990,Port:3,0,1773325383,168826770,Missing,,,,,,,,,4,Missing,,,,Missing,,,,Missing,,,,Missing,,,,,365986990,Port:65535,0,1773325383,168826770,Missing,,,,,,,,,0
4,,365986993,Port:1,0,1773325383,218826770,50000000,Enabled,0.671149,0.391514,-0.536746,0.328907,-75.3685,139.253,-1734.23,0.142797,4,OK,-75.2684,139.131,-1734.31,OK,-119.075,116.788,-1724.39,OK,-116.16,61.9759,-1723.95,OK,-55.8668,82.7169,-1737.09,,365986993,Port:2,0,1773325383,218826770,Enabled,0.930112,0.03079,0.0356667,0.364241,-87.5202,271.269,-1592.33,0.143311,3,OK,-87.3491,271.339,-1592.34,OK,-129.043,241.316,-1589.57,OK,-130.239,317.594,-1587.06,,365986993,Port:3,0,1773325383,218826770,Missing,,,,,,,,,4,Missing,,,,Missing,,,,Missing,,,,Missing,,,,,365986993,Port:65535,0,1773325383,218826770,Missing,,,,,,,,,0
4,,365986996,Port:1,0,1773325383,268826770,50000000,Enabled,0.669442,0.39787,-0.531971,0.332495,-77.448,137.819,-1733.2,0.143479,4,OK,-77.3517,137.69,-1733.29,OK,-120.719,114.611,-1723.18,OK,-116.894,59.8563,-1722.92,OK,-57.032,81.6212,-1736.35,,365986996,Port:2,0,1773325383,268826770,Enabled,0.93017,0.0308839,0.0350541,0.364144,-87.5194,271.251,-1592.27,0.140188,3,OK,-87.3499,271.318,-1592.28,OK,-129.051,241.314,-1589.57,OK,-130.232,317.58,-1587.02,,365986996,Port:3,0,1773325383,268826770,Missing,,,,,,,,,4,Missing,,,,Missing,,,,Missing,,,,Missing,,,,,365986996,Port:65535,0,1773325383,268826770,Missing,,,,,,,,,0
4,,365986999,Port:1,0,1773325383,318826770,50000000,Enabled,0.668101,0.404683,-0.526549,0.335587,-79.3231,136.217,-1731.94,0.137462,4,OK,-79.2268,136.077,-1732,OK,-122.129,112.27,-1721.68,OK,-117.382,57.5788,-1721.58,OK,-58.0022,80.3768,-1735.45,,365986999,Port:2,0,1773325383,318826770,Enabled,0.930175,0.0307645,0.0347908,0.364168,-87.5173,271.257,-1592.28,0.14574,3,OK,-87.3415,271.327,-1592.29,OK,-129.054,241.315,-1589.6,OK,-130.236,317.587,-1587.05,,365986999,Port:3,0,1773325383,318826770,Missing,,,,,,,,,4,Missing,,,,Missing,,,,Missing,,,,Missing,,,,,365986999,Port:65535,0,1773325383,318826770,Missing,,,,,,,,,0
4,,365987005,Port:1,0,1773325383,418826770,100000000,Enabled,0.666635,0.41872,-0.513893,0.340858,-82.8399,132.698,-1729.39,0.16322,4,OK,-82.7288,132.584,-1729.52,OK,-124.607,107.274,-1718.34,OK,-118.068,52.7802,-1718.8,OK,-59.7767,77.615,-1733.64,,365987005,Port:2,0,1773325383,418826770,Enabled,0.930106,0.0308099,0.0358906,0.364233,-87.5206,271.259,-1592.32,0.144043,3,OK,-87.3485,271.33,-1592.33,OK,-129.043,241.307,-1589.54,OK,-130.237,317.582,-1587.04,,365987005,Port:3,0,1773325383,418826770,Missing,,,,,,,,,4,Missing,,,,Missing,,,,Missing,,,,Missing,,,,,365987005,Port:65535,0,1773325383,418826770,Missing,,,,,,,,,0
4,,365987008,Port:1,0,1773325383,468826770,50000000,Enabled,0.66498,0.423628,-0.510191,0.343577,-84.2548,131.546,-1728.81,0.156277,4,OK,-84.1456,131.439,-1728.93,OK,-125.636,105.564,-1717.66,OK,-118.409,51.1401,-1718.28,OK,-60.501,76.7774,-1733.31,,365987008,Port:2,0,1773325383,468826770,Enabled,0.930096,0.0308978,0.0359366,0.364247,-87.5214,271.265,-1592.32,0.142883,3,OK,-87.3493,271.333,-1592.33,OK,-129.041,241.314,-1589.53,OK,-130.24,317.586,-1587.03,,365987008,Port:3,0,1773325383,468826770,Missing,,,,,,,,,4,Missing,,,,Missing,,,,Missing,,,,Missing,,,,,365987008,Port:65535,0,1773325383,468826770,Missing,,,,,,,,,0
4,,365987011,Port:1,0,1773325383,518826770,50000000,Enabled,0.664828,0.425475,-0.506891,0.346462,-85.1743,131.205,-1728.76,0.156987,4,OK,-85.0685,131.096,-1728.88,OK,-126.296,104.894,-1717.41,OK,-118.594,50.5474,-1717.91,OK,-60.9642,76.6258,-1733.19,,365987011,Port:2,0,1773325383,518826770,Enabled,0.930107,0.0310044,0.0357559,0.364228,-87.5225,271.266,-1592.34,0.144972,3,OK,-87.3492,271.339,-1592.35,OK,-129.048,241.316,-1589.57,OK,-130.237,317.585,-1587.04,,365987011,Port:3,0,1773325383,518826770,Missing,,,,,,,,,4,Missing,,,,Missing,,,,Missing,,,,Missing,,,,,365987011,Port:65535,0,1773325383,518826770,Missing,,,,,,,,,0
4,,365987014,Port:1,0,1773325383,568826770,50000000,Enabled,0.663704,0.425445,-0.506413,0.349342,-86.4601,131,-1728.96,0.146081,4,OK,-86.3587,130.882,-1729.07,OK,-127.474,104.523,-1717.69,OK,-119.501,50.1956,-1718.02,OK,-61.9794,76.534,-1733.2,,365987014,Port:2,0,1773325383,568826770,Enabled,0.930137,0.0308819,0.0354658,0.364189,-87.5222,271.263,-1592.31,0.141321,3,OK,-87.3516,271.33,-1592.32,OK,-129.048,241.319,-1589.57,OK,-130.238,317.59,-1587.04,,365987014,Port:3,0,1773325383,568826770,Missing,,,,,,,,,4,Missing,,,,Missing,,,,Missing,,,,Missing,,,,,365987014,Port:65535,0,1773325383,568826770,Missing,,,,,,,,,0
4,,365987020,Port:1,0,1773325383,668826770,100000000,Enabled,0.65935,0.438192,-0.493335,0.360368,-91.7067,126.804,-1727.6,0.152113,4,OK,-91.5918,126.693,-1727.71,OK,-131.445,98.6289,-1715.84,OK,-121.229,44.6859,-1716.28,OK,-65.0126,73.4198,-1732.18,,365987020,Port:2,0,1773325383,668826770,Enabled,0.930116,0.0310733,0.0358181,0.364191,-87.5255,271.261,-1592.33,0.147851,3,OK,-87.3485,271.335,-1592.34,OK,-129.056,241.313,-1589.56,OK,-130.237,317.582,-1587.02,,365987020,Port:3,0,1773325383,668826770,Missing,,,,,,,,,4,Missing,,,,Missing,,,,Missing,,,,Missing,,,,,365987020,Port:65535,0,1773325383,668826770,Missing,,,,,,,,,0
4,,365987023,Port:1,0,1773325383,718826770,50000000,Enabled,0.658096,0.444075,-0.488645,0.361846,-93.2904,124.459,-1726.21,0.165519,4,OK,-93.1797,124.349,-1726.35,OK,-132.578,95.7362,-1714.22,OK,-121.669,41.9304,-1715.02,OK,-65.949,71.4311,-1731.2,,365987023,Port:2,0,1773325383,718826770,Enabled,0.930135,0.0309593,0.035466,0.364187,-87.5252,271.262,-1592.34,0.145045,3,OK,-87.3537,271.335,-1592.35,OK,-129.055,241.31,-1589.6,OK,-130.237,317.59,-1587.06,,365987023,Port:3,0,1773325383,718826770,Missing,,,,,,,,,4,Missing,,,,Missing,,,,Missing,,,,Missing,,,,,365987023,Port:65535,0,1773325383,718826770,Missing,,,,,,,,,0
4,,365987026,Port:1,0,1773325383,768826770,50000000,Enabled,0.655531,0.450693,-0.483451,0.365281,-94.9449,122.209,-1725.62,0.141372,4,OK,-94.8304,122.09,-1725.69,OK,-133.662,92.7536,-1713.57,OK,-121.808,39.1714,-1714.53,OK,-66.7075,69.688,-1731.03,,365987026,Port:2,0,1773325383,768826770,Enabled,0.930133,0.0309074,0.0353923,0.364204,-87.5225,271.264,-1592.3,0.144844,3,OK,-87.3482,271.333,-1592.31,OK,-129.051,241.315,-1589.57,OK,-130.24,317.591,-1587.03,,365987026,Port:3,0,1773325383,768826770,Missing,,,,,,,,,4,Missing,,,,Missing,,,,Missing,,,,Missing,,,,,365987026,Port:65535,0,1773325383,768826770,Missing,,,,,,,,,0
4,,365987029,Port:1,0,1773325383,818826770,50000000,Enabled,0.653684,0.454709,-0.477925,0.370843,-96.6954,120.696,-1725.49,0.162829,4,OK,-96.5836,120.583,-1725.61,OK,-134.847,90.6007,-1713.17,OK,-122.064,37.2248,-1714.15,OK,-67.5591,68.6595,-1730.82,,365987029,Port:2,0,1773325383,818826770,Enabled,0.930079,0.030946,0.0363311,0.364246,-87.5236,271.267,-1592.35,0.148216,3,OK,-87.3443,271.337,-1592.36,OK,-129.046,241.313,-1589.52,OK,-130.241,317.587,-1587.03,,365987029,Port:3,0,1773325383,818826770,Missing,,,,,,,,,4,Missing,,,,Missing,,,,Missing,,,,Missing,,,,,365987029,Port:65535,0,1773325383,818826770,Missing,,,,,,,,,0
4,,365987035,Port:1,0,1773325383,918826770,100000000,Enabled,0.65126,0.460493,-0.472773,0.374556,-98.3101,118.661,-1724.21,0.152738,4,OK,-98.1967,118.551,-1724.32,OK,-135.885,87.9028,-1711.78,OK,-122.201,34.7448,-1712.93,OK,-68.3331,67.1326,-1729.83,,365987035,Port:2,0,1773325383,918826770,Enabled,0.930109,0.0309942,0.0359223,0.364207,-87.5222,271.267,-1592.34,0.146707,3,OK,-87.3442,271.334,-1592.35,OK,-129.048,241.317,-1589.56,OK,-130.239,317.594,-1587.04,,365987035,Port:3,0,1773325383,918826770,Missing,,,,,,,,,4,Missing,,,,Missing,,,,Missing,,,,Missing,,,,,365987035,Port:65535,0,1773325383,918826770,Missing,,,,,,,,,0
4,,365987038,Port:1,0,1773325383,968826770,50000000,Enabled,0.650207,0.465398,-0.46686,0.377726,-99.2936,116.82,-1723.16,0.168008,4,OK,-99.1781,116.713,-1723.3,OK,-136.298,85.4952,-1710.43,OK,-121.844,32.556,-1711.72,OK,-68.5955,65.7533,-1728.99,,365987038,Port:2,0,1773325383,968826770,Enabled,0.930117,0.0313049,0.0356865,0.364181,-87.5233,271.261,-1592.33,0.145847,3,OK,-87.3482,271.332,-1592.34,OK,-129.052,241.313,-1589.58,OK,-130.234,317.585,-1587,,365987038,Port:3,0,1773325383,968826770,Missing,,,,,,,,,4,Missing,,,,Missing,,,,Missing,,,,Missing,,,,,365987038,Port:65535,0,1773325383,968826770,Missing,,,,,,,,,0
4,,365987041,Port:1,0,1773325384,18826770,50000000,Enabled,0.648514,0.471589,-0.461409,0.379653,-100.359,114.644,-1721.64,0.150305,4,OK,-100.249,114.535,-1721.75,OK,-136.802,82.7395,-1708.74,OK,-121.57,30.0273,-1710.31,OK,-68.96,64.0434,-1727.94,,365987041,Port:2,0,1773325384,18826770,Enabled,0.930116,0.0309705,0.035727,0.36421,-87.5256,271.263,-1592.34,0.145425,3,OK,-87.3491,271.33,-1592.35,OK,-129.051,241.314,-1589.58,OK,-130.244,317.59,-1587.05,,365987041,Port:3,0,1773325384,18826770,Missing,,,,,,,,,4,Missing,,,,Missing,,,,Missing,,,,Missing,,,,,365987041,Port:65535,0,1773325384,18826770,Missing,,,,,,,,,0
4,,365987047,Port:1,0,1773325384,118826767,99999997,Enabled,0.645882,0.483651,-0.450773,0.381734,-102.04,110.417,-1718,0.151305,4,OK,-101.915,110.326,-1718.11,OK,-137.408,77.4749,-1704.71,OK,-120.855,25.1677,-1706.98,OK,-69.4719,60.7097,-1725.31,,365987047,Port:2,0,1773325384,118826767,Enabled,0.93015,0.0307196,0.035177,0.364198,-87.5178,271.259,-1592.28,0.13991,3,OK,-87.3472,271.32,-1592.29,OK,-129.042,241.314,-1589.57,OK,-130.24,317.593,-1587.05,,365987047,Port:3,0,1773325384,118826767,Missing,,,,,,,,,4,Missing,,,,Missing,,,,Missing,,,,Missing,,,,,365987047,Port:65535,0,1773325384,118826767,Missing,,,,,,,,,0
4,,365987050,Port:1,0,1773325384,168826767,50000000,Enabled,0.64374,0.488263,-0.447447,0.383391,-102.828,108.56,-1716.72,0.179627,4,OK,-102.7,108.465,-1716.87,OK,-137.764,75.1686,-1703.36,OK,-120.646,23.0662,-1705.99,OK,-69.747,59.2549,-1724.33,,365987050,Port:2,0,1773325384,168826767,Enabled,0.930127,0.031121,0.0354363,0.364197,-87.523,271.263,-1592.32,0.142985,3,OK,-87.3504,271.332,-1592.33,OK,-129.051,241.319,-1589.59,OK,-130.238,317.584,-1587.02,,365987050,Port:3,0,1773325384,168826767,Missing,,,,,,,,,4,Missing,,,,Missing,,,,Missing,,,,Missing,,,,,365987050,Port:65535,0,1773325384,168826767,Missing,,,,,,,,,0
4,,365987053,Port:1,0,1773325384,218826767,50000000,Enabled,0.642428,0.494489,-0.441864,0.384088,-103.874,106.735,-1715.55,0.198832,4,OK,-103.759,106.626,-1715.73,OK,-138.25,72.8539,-1701.94,OK,-120.474,20.9793,-1705.05,OK,-70.215,57.8882,-1723.69,,365987053,Port:2,0,1773325384,218826767,Enabled,0.93013,0.0309433,0.0355657,0.364191,-87.518,271.263,-1592.31,0.147626,3,OK,-87.3411,271.335,-1592.32,OK,-129.049,241.313,-1589.56,OK,-130.233,317.591,-1587.03,,365987053,Port:3,0,1773325384,218826767,Missing,,,,,,,,,4,Missing,,,,Missing,,,,Missing,,,,Missing,,,,,365987053,Port:65535,0,1773325384,218826767,Missing,,,,,,,,,0
4,,365987056,Port:1,0,1773325384,268826767,50000000,Enabled,0.639926,0.498056,-0.439299,0.386589,-104.973,105.035,-1714.86,0.224049,4,OK,-104.853,104.937,-1715.07,OK,-138.954,70.7333,-1701.27,OK,-120.637,19.0747,-1704.62,OK,-70.8008,56.584,-1723.16,,365987056,Port:2,0,1773325384,268826767,Enabled,0.930156,0.0306847,0.0354114,0.364163,-87.5204,271.255,-1592.28,0.144763,3,OK,-87.3465,271.325,-1592.3,OK,-129.052,241.311,-1589.54,OK,-130.235,317.587,-1587.04,,365987056,Port:3,0,1773325384,268826767,Missing,,,,,,,,,4,Missing,,,,Missing,,,,Missing,,,,Missing,,,,,365987056,Port:65535,0,1773325384,268826767,Missing,,,,,,,,,0
4,,365987059,Port:1,0,1773325384,318826767,50000000,Enabled,0.638743,0.50106,-0.436731,0.387572,-105.384,103.794,-1713.93,0.177008,4,OK,-105.254,103.68,-1714.08,OK,-139.066,69.226,-1700.39,OK,-120.364,17.6938,-1703.77,OK,-70.907,55.6228,-1722.52,,365987059,Port:2,0,1773325384,318826767,Enabled,0.930106,0.0314012,0.0356248,0.364207,-87.5266,271.263,-1592.34,0.141071,3,OK,-87.3547,271.33,-1592.35,OK,-129.051,241.322,-1589.6,OK,-130.24,317.578,-1587,,365987059,Port:3,0,1773325384,318826767,Missing,,,,,,,,,4,Missing,,,,Missing,,,,Missing,,,,Missing,,,,,365987059,Port:65535,0,1773325384,318826767,Missing,,,,,,,,,0
4,,365987065,Port:1,0,1773325384,418826767,100000000,Enabled,0.639044,0.504384,-0.431804,0.388285,-105.506,102.753,-1713.09,0.205081,4,OK,-105.388,102.635,-1713.29,OK,-138.766,67.9089,-1699.2,OK,-119.667,16.543,-1702.8,OK,-70.6942,54.8672,-1721.91,,365987065,Port:2,0,1773325384,418826767,Enabled,0.930135,0.0309892,0.0351433,0.364218,-87.5212,271.263,-1592.3,0.144483,3,OK,-87.3465,271.332,-1592.31,OK,-129.051,241.316,-1589.6,OK,-130.241,317.584,-1587.04,,365987065,Port:3,0,1773325384,418826767,Missing,,,,,,,,,4,Missing,,,,Missing,,,,Missing,,,,Missing,,,,,365987065,Port:65535,0,1773325384,418826767,Missing,,,,,,,,,0
4,,365987068,Port:1,0,1773325384,468826767,50000000,Enabled,0.640361,0.505104,-0.426599,0.390924,-105.975,102.223,-1712.86,0.190475,4,OK,-105.849,102.107,-1713.03,OK,-138.867,67.1942,-1698.58,OK,-119.368,15.9675,-1701.89,OK,-70.8277,54.5725,-1721.58,,365987068,Port:2,0,1773325384,468826767,Enabled,0.930134,0.031264,0.035294,0.36418,-87.5222,271.262,-1592.32,0.144435,3,OK,-87.347,271.331,-1592.33,OK,-129.054,241.32,-1589.6,OK,-130.236,317.584,-1587.01,,365987068,Port:3,0,1773325384,468826767,Missing,,,,,,,,,4,Missing,,,,Missing,,,,Missing,,,,Missing,,,,,365987068,Port:65535,0,1773325384,468826767,Missing,,,,,,,,,0
4,,365987071,Port:1,0,1773325384,518826767,50000000,Enabled,0.639272,0.508408,-0.422898,0.392442,-106.382,101.149,-1712.26,0.182575,4,OK,-106.25,101.034,-1712.42,OK,-138.882,65.802,-1697.87,OK,-118.917,14.7491,-1701.31,OK,-70.8263,53.8463,-1721.22,,365987071,Port:2,0,1773325384,518826767,Enabled,0.930129,0.0310657,0.0354773,0.364191,-87.5255,271.264,-1592.31,0.143438,3,OK,-87.3517,271.332,-1592.32,OK,-129.053,241.32,-1589.57,OK,-130.241,317.589,-1587.02,,365987071,Port:3,0,1773325384,518826767,Missing,,,,,,,,,4,Missing,,,,Missing,,,,Missing,,,,Missing,,,,,365987071,Port:65535,0,1773325384,518826767,Missing,,,,,,,,,0
4,,365987074,Port:1,0,1773325384,568826767,50000000,Enabled,0.638142,0.514668,-0.415738,0.393769,-106.998,99.1109,-1710.56,0.212555,4,OK,-106.873,98.9986,-1710.77,OK,-138.796,63.2404,-1695.82,OK,-118.097,12.5135,-1699.72,OK,-70.8197,52.3677,-1720.02,,365987074,Port:2,0,1773325384,568826767,Enabled,0.930139,0.0308858,0.0354556,0.364184,-87.5207,271.263,-1592.33,0.144996,3,OK,-87.3439,271.33,-1592.34,OK,-129.05,241.32,-1589.59,OK,-130.239,317.592,-1587.06,,365987074,Port:3,0,1773325384,568826767,Missing,,,,,,,,,4,Missing,,,,Missing,,,,Missing,,,,Missing,,,,,365987074,Port:65535,0,1773325384,568826767,Missing,,,,,,,,,0
4,,365987080,Port:1,0,1773325384,668826767,100000000,Enabled,0.63349,0.530342,-0.396829,0.399943,-108.984,92.9736,-1706.2,0.185313,4,OK,-108.853,92.8577,-1706.36,OK,-138.773,55.6812,-1690.87,OK,-115.958,5.93479,-1695.5,OK,-71.0742,47.9064,-1716.87,,365987080,Port:2,0,1773325384,668826767,Enabled,0.930165,0.0308808,0.0349317,0.364169,-87.5222,271.268,-1592.28,0.138529,3,OK,-87.3544,271.334,-1592.29,OK,-129.051,241.33,-1589.6,OK,-130.238,317.596,-1587.04,,365987080,Port:3,0,1773325384,668826767,Missing,,,,,,,,,4,Missing,,,,Missing,,,,Missing,,,,Missing,,,,,365987080,Port:65535,0,1773325384,668826767,Missing,,,,,,,,,0
4,,365987083,Port:1,0,1773325384,718826767,50000000,Enabled,0.633243,0.535898,-0.388904,0.400713,-108.981,90.7309,-1704.68,0.208285,4,OK,-108.848,90.6157,-1704.87,OK,-138.055,53.0149,-1688.93,OK,-114.608,3.596,-1693.94,OK,-70.5601,46.2127,-1715.87,,365987083,Port:2,0,1773325384,718826767,Enabled,0.930143,0.0308491,0.0353732,0.364185,-87.5206,271.261,-1592.28,0.13811,3,OK,-87.3538,271.327,-1592.3,OK,-129.044,241.319,-1589.55,OK,-130.236,317.59,-1587.03,,365987083,Port:3,0,1773325384,718826767,Missing,,,,,,,,,4,Missing,,,,Missing,,,,Missing,,,,Missing,,,,,365987083,Port:65535,0,1773325384,718826767,Missing,,,,,,,,,0
4,,365987086,Port:1,0,1773325384,768826767,50000000,Enabled,0.632761,0.538379,-0.386424,0.400548,-108.559,89.4174,-1703.76,0.187616,4,OK,-108.426,89.3028,-1703.92,OK,-137.37,51.5398,-1687.97,OK,-113.708,2.23999,-1693.13,OK,-69.9982,45.0968,-1715.24,,365987086,Port:2,0,1773325384,768826767,Enabled,0.930133,0.0308548,0.0354025,0.364208,-87.5194,271.264,-1592.3,0.144639,3,OK,-87.3455,271.333,-1592.31,OK,-129.048,241.316,-1589.57,OK,-130.237,317.589,-1587.04,,365987086,Port:3,0,1773325384,768826767,Missing,,,,,,,,,4,Missing,,,,Missing,,,,Missing,,,,Missing,,,,,365987086,Port:65535,0,1773325384,768826767,Missing,,,,,,,,,0
4,,365987089,Port:1,0,1773325384,818826767,50000000,Enabled,0.633205,0.538796,-0.386103,0.399593,-108.147,89.1154,-1703.38,0.195782,4,OK,-108.011,88.9978,-1703.56,OK,-136.959,51.252,-1687.54,OK,-113.357,1.93589,-1692.79,OK,-69.6476,44.7737,-1714.96,,365987089,Port:2,0,1773325384,818826767,Enabled,0.930124,0.0309187,0.0356309,0.364203,-87.5227,271.263,-1592.32,0.145361,3,OK,-87.3493,271.335,-1592.33,OK,-129.051,241.312,-1589.56,OK,-130.237,317.588,-1587.04,,365987089,Port:3,0,1773325384,818826767,Missing,,,,,,,,,4,Missing,,,,Missing,,,,Missing,,,,Missing,,,,,365987089,Port:65535,0,1773325384,818826767,Missing,,,,,,,,,0
4,,365987095,Port:1,0,1773325384,918826767,100000000,Enabled,0.635275,0.538906,-0.381302,0.400768,-108.001,89.6449,-1703.67,0.209822,4,OK,-107.862,89.523,-1703.87,OK,-136.522,51.7491,-1687.37,OK,-112.697,2.50821,-1692.47,OK,-69.3484,45.4268,-1715.19,,365987095,Port:2,0,1773325384,918826767,Enabled,0.930142,0.0309441,0.0354555,0.364171,-87.5195,271.263,-1592.29,0.142034,3,OK,-87.3476,271.33,-1592.31,OK,-129.047,241.32,-1589.56,OK,-130.233,317.591,-1587.02,,365987095,Port:3,0,1773325384,918826767,Missing,,,,,,,,,4,Missing,,,,Missing,,,,Missing,,,,Missing,,,,,365987095,Port:65535,0,1773325384,918826767,Missing,,,,,,,,,0
4,,365987098,Port:1,0,1773325384,968826767,50000000,Enabled,0.63451,0.539176,-0.382982,0.400014,-107.55,89.5856,-1703.46,0.20243,4,OK,-107.418,89.4725,-1703.65,OK,-136.164,51.6951,-1687.32,OK,-112.431,2.42635,-1692.53,OK,-68.9675,45.3176,-1715.05,,365987098,Port:2,0,1773325384,968826767,Enabled,0.930129,0.0309547,0.0357994,0.364172,-87.5244,271.263,-1592.32,0.14655,3,OK,-87.3468,271.333,-1592.33,OK,-129.054,241.32,-1589.54,OK,-130.237,317.589,-1587.02,,365987098,Port:3,0,1773325384,968826767,Missing,,,,,,,,,4,Missing,,,,Missing,,,,Missing,,,,Missing,,,,,365987098,Port:65535,0,1773325384,968826767,Missing,,,,,,,,,0
4,,365987101,Port:1,0,1773325385,18826767,50000000,Enabled,0.635349,0.540601,-0.378083,0.401417,-107.481,88.7983,-1702.79,0.20263,4,OK,-107.35,88.6789,-1702.98,OK,-135.697,50.7664,-1686.32,OK,-111.635,1.65156,-1691.48,OK,-68.6552,44.7734,-1714.44,,365987101,Port:2,0,1773325385,18826767,Enabled,0.930135,0.0309948,0.035263,0.364205,-87.5197,271.264,-1592.29,0.144587,3,OK,-87.3454,271.333,-1592.31,OK,-129.05,241.317,-1589.58,OK,-130.237,317.587,-1587.02,,365987101,Port:3,0,1773325385,18826767,Missing,,,,,,,,,4,Missing,,,,Missing,,,,Missing,,,,Missing,,,,,365987101,Port:65535,0,1773325385,18826767,Missing,,,,,,,,,0
4,,365987107,Port:1,0,1773325385,118826771,100000004,Enabled,0.632904,0.546826,-0.37329,0.401333,-107.191,86.1619,-1700.65,0.213332,4,OK,-107.061,86.0549,-1700.86,OK,-134.816,47.6802,-1684.16,OK,-110.225,-1.0994,-1689.91,OK,-67.9425,42.6752,-1712.96,,365987107,Port:2,0,1773325385,118826771,Enabled,0.930127,0.0311412,0.035654,0.364173,-87.526,271.262,-1592.32,0.142845,3,OK,-87.3535,271.331,-1592.34,OK,-129.054,241.32,-1589.57,OK,-130.237,317.584,-1587.02,,365987107,Port:3,0,1773325385,118826771,Missing,,,,,,,,,4,Missing,,,,Missing,,,,Missing,,,,Missing,,,,,365987107,Port:65535,0,1773325385,118826771,Missing,,,,,,,,,0
4,,365987110,Port:1,0,1773325385,168826771,50000000,Enabled,0.630731,0.550103,-0.371803,0.401656,-107.383,84.5644,-1699.56,0.202043,4,OK,-107.236,84.4626,-1699.75,OK,-134.721,45.8238,-1683.23,OK,-109.846,-2.78079,-1689.23,OK,-67.9182,41.4005,-1712.2,,365987110,Port:2,0,1773325385,168826771,Enabled,0.93016,0.0309093,0.0349536,0.364177,-87.5224,271.263,-1592.28,0.14066,3,OK,-87.3531,271.33,-1592.3,OK,-129.052,241.319,-1589.6,OK,-130.239,317.595,-1587.04,,365987110,Port:3,0,1773325385,168826771,Missing,,,,,,,,,4,Missing,,,,Missing,,,,Missing,,,,Missing,,,,,365987110,Port:65535,0,1773325385,168826771,Missing,,,,,,,,,0
4,,365987113,Port:1,0,1773325385,218826771,50000000,Enabled,0.627587,0.555743,-0.368221,0.402117,-107.857,82.4576,-1698.04,0.204792,4,OK,-107.721,82.3495,-1698.24,OK,-134.645,43.3041,-1681.82,OK,-109.271,-4.9769,-1688.36,OK,-67.997,39.8267,-1711.23,,365987113,Port:2,0,1773325385,218826771,Enabled,0.930148,0.0307748,0.0351935,0.364195,-87.5152,271.257,-1592.26,0.142191,3,OK,-87.3441,271.324,-1592.27,OK,-129.043,241.31,-1589.54,OK,-130.234,317.587,-1587.02,,365987113,Port:3,0,1773325385,218826771,Missing,,,,,,,,,4,Missing,,,,Missing,,,,Missing,,,,Missing,,,,,365987113,Port:65535,0,1773325385,218826771,Missing,,,,,,,,,0
4,,365987116,Port:1,0,1773325385,268826771,50000000,Enabled,0.62547,0.560576,-0.363892,0.402647,-108.494,80.6761,-1696.95,0.216931,4,OK,-108.35,80.5786,-1697.16,OK,-134.773,41.1548,-1680.69,OK,-108.907,-6.81759,-1687.66,OK,-68.2448,38.5436,-1710.63,,365987116,Port:2,0,1773325385,268826771,Enabled,0.930135,0.030473,0.0356344,0.364213,-87.5208,271.26,-1592.28,0.143439,3,OK,-87.3479,271.326,-1592.3,OK,-129.045,241.31,-1589.52,OK,-130.242,317.595,-1587.06,,365987116,Port:3,0,1773325385,268826771,Missing,,,,,,,,,4,Missing,,,,Missing,,,,Missing,,,,Missing,,,,,365987116,Port:65535,0,1773325385,268826771,Missing,,,,,,,,,0
4,,365987119,Port:1,0,1773325385,318826771,50000000,Enabled,0.62344,0.564534,-0.359933,0.403822,-109.092,79.3038,-1696.07,0.245693,4,OK,-108.948,79.2113,-1696.32,OK,-134.854,39.4584,-1679.75,OK,-108.542,-8.21812,-1687.09,OK,-68.4986,37.6347,-1710.06,,365987119,Port:2,0,1773325385,318826771,Enabled,0.930143,0.0310101,0.0353494,0.364174,-87.5206,271.26,-1592.29,0.143483,3,OK,-87.3467,271.327,-1592.3,OK,-129.05,241.317,-1589.57,OK,-130.236,317.587,-1587.01,,365987119,Port:3,0,1773325385,318826771,Missing,,,,,,,,,4,Missing,,,,Missing,,,,Missing,,,,Missing,,,,,365987119,Port:65535,0,1773325385,318826771,Missing,,,,,,,,,0
4,,365987125,Port:1,0,1773325385,418826771,100000000,Enabled,0.619444,0.569738,-0.358288,0.404125,-109.824,77.2229,-1694.62,0.215196,4,OK,-109.671,77.1228,-1694.82,OK,-135.167,36.9889,-1678.66,OK,-108.441,-10.3676,-1686.43,OK,-68.9031,36.072,-1709.16,,365987125,Port:2,0,1773325385,418826771,Enabled,0.930102,0.0310473,0.0359811,0.364215,-87.5265,271.267,-1592.35,0.145823,3,OK,-87.3513,271.338,-1592.36,OK,-129.051,241.317,-1589.56,OK,-130.24,317.589,-1587.04,,365987125,Port:3,0,1773325385,418826771,Missing,,,,,,,,,4,Missing,,,,Missing,,,,Missing,,,,Missing,,,,,365987125,Port:65535,0,1773325385,418826771,Missing,,,,,,,,,0
4,,365987128,Port:1,0,1773325385,468826771,50000000,Enabled,0.619061,0.571373,-0.36002,0.400851,-109.463,77.0679,-1694.06,0.209502,4,OK,-109.315,76.9647,-1694.26,OK,-134.952,36.8586,-1678.3,OK,-108.456,-10.5799,-1686.42,OK,-68.7629,35.8219,-1708.97,,365987128,Port:2,0,1773325385,468826771,Enabled,0.930161,0.0305591,0.0351734,0.364184,-87.5215,271.263,-1592.28,0.143005,3,OK,-87.3482,271.328,-1592.3,OK,-129.05,241.317,-1589.57,OK,-130.242,317.598,-1587.07,,365987128,Port:3,0,1773325385,468826771,Missing,,,,,,,,,4,Missing,,,,Missing,,,,Missing,,,,Missing,,,,,365987128,Port:65535,0,1773325385,468826771,Missing,,,,,,,,,0
4,,365987131,Port:1,0,1773325385,518826771,50000000,Enabled,0.616787,0.573581,-0.363461,0.398089,-109.358,76.921,-1693.73,0.212163,4,OK,-109.213,76.8271,-1693.94,OK,-135.026,36.6583,-1678.38,OK,-108.698,-10.8051,-1686.98,OK,-68.8027,35.6591,-1709.01,,365987131,Port:2,0,1773325385,518826771,Enabled,0.930159,0.0310191,0.0351484,0.364152,-87.5204,271.259,-1592.29,0.140689,3,OK,-87.3494,271.324,-1592.31,OK,-129.05,241.32,-1589.59,OK,-130.234,317.587,-1587.02,,365987131,Port:3,0,1773325385,518826771,Missing,,,,,,,,,4,Missing,,,,Missing,,,,Missing,,,,Missing,,,,,365987131,Port:65535,0,1773325385,518826771,Missing,,,,,,,,,0
4,,365987134,Port:1,0,1773325385,568826771,50000000,Enabled,0.617557,0.572299,-0.364229,0.398039,-109.362,77.1632,-1693.83,0.228127,4,OK,-109.217,77.0732,-1694.07,OK,-135.14,36.983,-1678.43,OK,-108.94,-10.5529,-1686.94,OK,-68.8874,35.7787,-1708.97,,365987134,Port:2,0,1773325385,568826771,Enabled,0.930127,0.0309521,0.0353932,0.364215,-87.5175,271.263,-1592.29,0.144862,3,OK,-87.3424,271.332,-1592.3,OK,-129.045,241.314,-1589.55,OK,-130.237,317.589,-1587.01,,365987134,Port:3,0,1773325385,568826771,Missing,,,,,,,,,4,Missing,,,,Missing,,,,Missing,,,,Missing,,,,,365987134,Port:65535,0,1773325385,568826771,Missing,,,,,,,,,0
4,,365987140,Port:1,0,1773325385,668826771,100000000,Enabled,0.617359,0.573347,-0.360995,0.39978,-109.717,76.523,-1693.62,0.227179,4,OK,-109.575,76.4235,-1693.85,OK,-135.179,36.2119,-1678.05,OK,-108.678,-11.165,-1686.53,OK,-69.0095,35.3748,-1708.77,,365987140,Port:2,0,1773325385,668826771,Enabled,0.930155,0.0306015,0.0351156,0.364201,-87.5179,271.262,-1592.28,0.142103,3,OK,-87.3437,271.325,-1592.29,OK,-129.046,241.321,-1589.57,OK,-130.242,317.591,-1587.06,,365987140,Port:3,0,1773325385,668826771,Missing,,,,,,,,,4,Missing,,,,Missing,,,,Missing,,,,Missing,,,,,365987140,Port:65535,0,1773325385,668826771,Missing,,,,,,,,,0
4,,365987143,Port:1,0,1773325385,718826771,50000000,Enabled,0.617084,0.573315,-0.360645,0.400566,-109.808,76.276,-1693.56,0.230762,4,OK,-109.664,76.1852,-1693.8,OK,-135.211,35.9391,-1677.98,OK,-108.626,-11.4139,-1686.42,OK,-69.0414,35.1768,-1708.64,,365987143,Port:2,0,1773325385,718826771,Enabled,0.930137,0.0308351,0.0355109,0.364189,-87.5218,271.268,-1592.32,0.142637,3,OK,-87.3508,271.336,-1592.33,OK,-129.048,241.319,-1589.57,OK,-130.237,317.599,-1587.05,,365987143,Port:3,0,1773325385,718826771,Missing,,,,,,,,,4,Missing,,,,Missing,,,,Missing,,,,Missing,,,,,365987143,Port:65535,0,1773325385,718826771,Missing,,,,,,,,,0
4,,365987146,Port:1,0,1773325385,768826771,50000000,Enabled,0.617137,0.573348,-0.361547,0.399623,-109.716,76.3019,-1693.4,0.219422,4,OK,-109.567,76.2125,-1693.62,OK,-135.213,35.997,-1677.9,OK,-108.729,-11.402,-1686.37,OK,-69.0431,35.1368,-1708.55,,365987146,Port:2,0,1773325385,768826771,Enabled,0.930153,0.0308304,0.035178,0.364181,-87.5206,271.258,-1592.28,0.143591,3,OK,-87.3467,271.325,-1592.29,OK,-129.051,241.314,-1589.57,OK,-130.239,317.588,-1587.03,,365987146,Port:3,0,1773325385,768826771,Missing,,,,,,,,,4,Missing,,,,Missing,,,,Missing,,,,Missing,,,,,365987146,Port:65535,0,1773325385,768826771,Missing,,,,,,,,,0
4,,365987149,Port:1,0,1773325385,818826771,50000000,Enabled,0.61685,0.573287,-0.362658,0.399146,-109.844,76.4702,-1693.53,0.196314,4,OK,-109.693,76.3723,-1693.71,OK,-135.438,36.1819,-1678.16,OK,-109.017,-11.2413,-1686.59,OK,-69.2057,35.2669,-1708.74,,365987149,Port:2,0,1773325385,818826771,Enabled,0.930157,0.0309331,0.0352307,0.364155,-87.522,271.264,-1592.28,0.140959,3,OK,-87.3503,271.328,-1592.3,OK,-129.051,241.324,-1589.57,OK,-130.237,317.596,-1587.02,,365987149,Port:3,0,1773325385,818826771,Missing,,,,,,,,,4,Missing,,,,Missing,,,,Missing,,,,Missing,,,,,365987149,Port:65535,0,1773325385,818826771,Missing,,,,,,,,,0
4,,365987155,Port:1,0,1773325385,918826771,100000000,Enabled,0.616906,0.571263,-0.364845,0.399966,-110.06,77.4244,-1694.24,0.199035,4,OK,-109.914,77.3204,-1694.43,OK,-135.837,37.2422,-1678.94,OK,-109.526,-10.2718,-1687.19,OK,-69.4857,36.0683,-1709.17,,365987155,Port:2,0,1773325385,918826771,Enabled,0.930134,0.0311776,0.0353156,0.364187,-87.5244,271.261,-1592.3,0.140592,3,OK,-87.3542,271.327,-1592.31,OK,-129.051,241.318,-1589.58,OK,-130.239,317.584,-1587.01,,365987155,Port:3,0,1773325385,918826771,Missing,,,,,,,,,4,Missing,,,,Missing,,,,Missing,,,,Missing,,,,,365987155,Port:65535,0,1773325385,918826771,Missing,,,,,,,,,0
4,,365987158,Port:1,0,1773325385,968826771,50000000,Enabled,0.618522,0.569535,-0.368238,0.396814,-109.471,78.7406,-1694.65,0.234895,4,OK,-109.326,78.6416,-1694.89,OK,-135.695,38.8074,-1679.35,OK,-109.861,-8.97717,-1687.73,OK,-69.2819,36.9941,-1709.56,,365987158,Port:2,0,1773325385,968826771,Enabled,0.930119,0.030916,0.0355834,0.364221,-87.5195,271.265,-1592.3,0.14541,3,OK,-87.3438,271.333,-1592.32,OK,-129.046,241.315,-1589.55,OK,-130.239,317.59,-1587.03,,365987158,Port:3,0,1773325385,968826771,Missing,,,,,,,,,4,Missing,,,,Missing,,,,Missing,,,,Missing,,,,,365987158,Port:65535,0,1773325385,968826771,Missing,,,,,,,,,0
4,,365987161,Port:1,0,1773325386,18826771,50000000,Enabled,0.61995,0.565978,-0.373403,0.394842,-108.829,80.5098,-1695.57,0.256085,4,OK,-108.693,80.4092,-1695.83,OK,-135.611,40.908,-1680.36,OK,-110.314,-7.1864,-1688.64,OK,-69.0655,38.2623,-1710.19,,365987161,Port:2,0,1773325386,18826771,Enabled,0.930132,0.0309489,0.0355287,0.36419,-87.5204,271.264,-1592.31,0.141787,3,OK,-87.3491,271.332,-1592.32,OK,-129.046,241.32,-1589.56,OK,-130.235,317.591,-1587.03,,365987161,Port:3,0,1773325386,18826771,Missing,,,,,,,,,4,Missing,,,,Missing,,,,Missing,,,,Missing,,,,,365987161,Port:65535,0,1773325386,18826771,Missing,,,,,,,,,0
4,,365987167,Port:1,0,1773325386,118826770,99999999,Enabled,0.62466,0.560005,-0.376961,0.392549,-107.864,84.057,-1697.33,0.205478,4,OK,-107.716,83.9498,-1697.53,OK,-135.291,44.9796,-1681.97,OK,-110.69,-3.54192,-1689.62,OK,-68.7038,41.1038,-1711.55,,365987167,Port:2,0,1773325386,118826770,Enabled,0.930128,0.0309919,0.0354372,0.364206,-87.5192,271.268,-1592.29,0.142724,3,OK,-87.3456,271.335,-1592.31,OK,-129.045,241.324,-1589.56,OK,-130.237,317.593,-1587.02,,365987167,Port:3,0,1773325386,118826770,Missing,,,,,,,,,4,Missing,,,,Missing,,,,Missing,,,,Missing,,,,,365987167,Port:65535,0,1773325386,118826770,Missing,,,,,,,,,0
4,,365987170,Port:1,0,1773325386,168826770,50000000,Enabled,0.6281,0.553762,-0.378386,0.39454,-107.36,86.5349,-1699.19,0.197056,4,OK,-107.219,86.426,-1699.37,OK,-135.138,47.8205,-1683.55,OK,-110.811,-0.935099,-1690.44,OK,-68.3865,43.1533,-1712.65,,365987170,Port:2,0,1773325386,168826770,Enabled,0.93011,0.0309843,0.0359394,0.364203,-87.5234,271.265,-1592.34,0.14313,3,OK,-87.3523,271.335,-1592.35,OK,-129.046,241.314,-1589.55,OK,-130.236,317.592,-1587.04,,365987170,Port:3,0,1773325386,168826770,Missing,,,,,,,,,4,Missing,,,,Missing,,,,Missing,,,,Missing,,,,,365987170,Port:65535,0,1773325386,168826770,Missing,,,,,,,,,0
4,,365987173,Port:1,0,1773325386,218826770,50000000,Enabled,0.636425,0.54385,-0.380266,0.393177,-105.834,90.9241,-1702.01,0.224839,4,OK,-105.693,90.7987,-1702.23,OK,-134.338,53.029,-1685.66,OK,-110.867,3.70666,-1691.63,OK,-67.6108,46.6109,-1714.51,,365987173,Port:2,0,1773325386,218826770,Enabled,0.930139,0.0310934,0.0353554,0.364176,-87.5244,271.263,-1592.31,0.142389,3,OK,-87.3507,271.327,-1592.32,OK,-129.052,241.32,-1589.59,OK,-130.241,317.592,-1587.02,,365987173,Port:3,0,1773325386,218826770,Missing,,,,,,,,,4,Missing,,,,Missing,,,,Missing,,,,Missing,,,,,365987173,Port:65535,0,1773325386,218826770,Missing,,,,,,,,,0
4,,365987176,Port:1,0,1773325386,268826770,50000000,Enabled,0.643831,0.529333,-0.388062,0.393314,-104.368,96.2665,-1706.17,0.197667,4,OK,-104.236,96.1375,-1706.35,OK,-134.057,59.4446,-1689.55,OK,-111.772,9.43189,-1694.07,OK,-67.0969,50.7599,-1717.17,,365987176,Port:2,0,1773325386,268826770,Enabled,0.930126,0.0307927,0.0356247,0.364209,-87.5182,271.263,-1592.29,0.143762,3,OK,-87.3445,271.331,-1592.3,OK,-129.044,241.316,-1589.53,OK,-130.236,317.588,-1587.02,,365987176,Port:3,0,1773325386,268826770,Missing,,,,,,,,,4,Missing,,,,Missing,,,,Missing,,,,Missing,,,,,365987176,Port:65535,0,1773325386,268826770,Missing,,,,,,,,,0
4,,365987179,Port:1,0,1773325386,318826770,50000000,Enabled,0.649905,0.51589,-0.396417,0.392855,-103.531,101.479,-1710.45,0.199917,4,OK,-103.411,101.345,-1710.63,OK,-134.385,65.6859,-1693.7,OK,-113.278,15.0793,-1697.05,OK,-67.2124,54.8817,-1720.08,,365987179,Port:2,0,1773325386,318826770,Enabled,0.930171,0.0307865,0.0350035,0.364155,-87.5205,271.262,-1592.27,0.140843,3,OK,-87.3496,271.328,-1592.29,OK,-129.052,241.324,-1589.58,OK,-130.236,317.593,-1587.04,,365987179,Port:3,0,1773325386,318826770,Missing,,,,,,,,,4,Missing,,,,Missing,,,,Missing,,,,Missing,,,,,365987179,Port:65535,0,1773325386,318826770,Missing,,,,,,,,,0
4,,365987185,Port:1,0,1773325386,418826770,100000000,Enabled,0.658779,0.491071,-0.414196,0.391537,-101.467,109.789,-1717.48,0.167915,4,OK,-101.349,109.643,-1717.6,OK,-134.512,75.9344,-1700.97,OK,-115.722,24.317,-1702.17,OK,-67.0874,61.3232,-1724.68,,365987185,Port:2,0,1773325386,418826770,Enabled,0.930115,0.0310042,0.0359292,0.364189,-87.5261,271.264,-1592.33,0.145195,3,OK,-87.3518,271.334,-1592.34,OK,-129.052,241.315,-1589.54,OK,-130.238,317.592,-1587.02,,365987185,Port:3,0,1773325386,418826770,Missing,,,,,,,,,4,Missing,,,,Missing,,,,Missing,,,,Missing,,,,,365987185,Port:65535,0,1773325386,418826770,Missing,,,,,,,,,0
4,,365987188,Port:1,0,1773325386,468826770,50000000,Enabled,0.663508,0.481649,-0.418435,0.390747,-99.8725,112.967,-1720.2,0.165008,4,OK,-99.7548,112.82,-1720.31,OK,-133.608,79.885,-1703.53,OK,-115.674,27.961,-1703.9,OK,-66.269,63.8393,-1726.47,,365987188,Port:2,0,1773325386,468826770,Enabled,0.930115,0.0311527,0.0356284,0.364207,-87.5247,271.27,-1592.33,0.143618,3,OK,-87.3524,271.34,-1592.35,OK,-129.05,241.32,-1589.58,OK,-130.239,317.594,-1587.03,,365987188,Port:3,0,1773325386,468826770,Missing,,,,,,,,,4,Missing,,,,Missing,,,,Missing,,,,Missing,,,,,365987188,Port:65535,0,1773325386,468826770,Missing,,,,,,,,,0
4,,365987191,Port:1,0,1773325386,518826770,50000000,Enabled,0.669429,0.473766,-0.418359,0.390367,-98.3029,115.562,-1722.5,0.153413,4,OK,-98.1854,115.428,-1722.59,OK,-132.43,83.1428,-1705.35,OK,-115.11,31.0002,-1704.84,OK,-65.2693,65.9522,-1727.97,,365987191,Port:2,0,1773325386,518826770,Enabled,0.930148,0.0309015,0.0353745,0.364169,-87.5256,271.255,-1592.31,0.143421,3,OK,-87.3509,271.321,-1592.32,OK,-129.055,241.313,-1589.58,OK,-130.242,317.584,-1587.04,,365987191,Port:3,0,1773325386,518826770,Missing,,,,,,,,,4,Missing,,,,Missing,,,,Missing,,,,Missing,,,,,365987191,Port:65535,0,1773325386,518826770,Missing,,,,,,,,,0
4,,365987194,Port:1,0,1773325386,568826770,50000000,Enabled,0.674008,0.466253,-0.420112,0.38965,-96.6675,118.052,-1724.69,0.164069,4,OK,-96.5566,117.892,-1724.79,OK,-131.255,86.2838,-1707.25,OK,-114.593,33.9427,-1706.06,OK,-64.2376,67.9752,-1729.41,,365987194,Port:2,0,1773325386,568826770,Enabled,0.930131,0.0314029,0.0353423,0.364172,-87.5217,271.265,-1592.32,0.143397,3,OK,-87.3492,271.337,-1592.33,OK,-129.053,241.324,-1589.61,OK,-130.231,317.583,-1587,,365987194,Port:3,0,1773325386,568826770,Missing,,,,,,,,,4,Missing,,,,Missing,,,,Missing,,,,Missing,,,,,365987194,Port:65535,0,1773325386,568826770,Missing,,,,,,,,,0
4,,365987200,Port:1,0,1773325386,668826770,100000000,Enabled,0.68531,0.444864,-0.429433,0.38475,-91.7398,124.476,-1730.35,0.181109,4,OK,-91.6339,124.307,-1730.47,OK,-127.894,94.6704,-1712.56,OK,-113.493,41.7662,-1709.71,OK,-61.3671,72.9779,-1733.17,,365987200,Port:2,0,1773325386,668826770,Enabled,0.930118,0.0310433,0.0356342,0.364209,-87.5262,271.26,-1592.31,0.143717,3,OK,-87.3541,271.33,-1592.32,OK,-129.052,241.309,-1589.56,OK,-130.241,317.585,-1587.02,,365987200,Port:3,0,1773325386,668826770,Missing,,,,,,,,,4,Missing,,,,Missing,,,,Missing,,,,Missing,,,,,365987200,Port:65535,0,1773325386,668826770,Missing,,,,,,,,,0
4,,365987203,Port:1,0,1773325386,718826770,50000000,Enabled,0.691965,0.432673,-0.4357,0.379663,-88.7922,128.205,-1733.29,0.155641,4,OK,-88.6964,128.027,-1733.36,OK,-125.898,99.6848,-1715.45,OK,-113.006,46.4239,-1711.69,OK,-59.8823,75.8349,-1735.21,,365987203,Port:2,0,1773325386,718826770,Enabled,0.930169,0.0310119,0.0347058,0.36417,-87.519,271.263,-1592.27,0.139297,3,OK,-87.3482,271.325,-1592.28,OK,-129.049,241.325,-1589.61,OK,-130.239,317.591,-1587.02,,365987203,Port:3,0,1773325386,718826770,Missing,,,,,,,,,4,Missing,,,,Missing,,,,Missing,,,,Missing,,,,,365987203,Port:65535,0,1773325386,718826770,Missing,,,,,,,,,0
4,,365987206,Port:1,0,1773325386,768826770,50000000,Enabled,0.695185,0.425384,-0.436341,0.381278,-87.8315,130.37,-1735.82,0.146402,4,OK,-87.743,130.197,-1735.88,OK,-125.228,102.361,-1717.79,OK,-112.73,49.0748,-1713.22,OK,-59.2877,77.7616,-1736.88,,365987206,Port:2,0,1773325386,768826770,Enabled,0.930162,0.0310502,0.034773,0.364177,-87.5173,271.264,-1592.28,0.141851,3,OK,-87.3469,271.334,-1592.3,OK,-129.05,241.322,-1589.62,OK,-130.233,317.588,-1587.03,,365987206,Port:3,0,1773325386,768826770,Missing,,,,,,,,,4,Missing,,,,Missing,,,,Missing,,,,Missing,,,,,365987206,Port:65535,0,1773325386,768826770,Missing,,,,,,,,,0
4,,365987209,Port:1,0,1773325386,818826770,50000000,Enabled,0.698714,0.419729,-0.436692,0.380692,-86.9067,131.895,-1737.53,0.153383,4,OK,-86.8125,131.735,-1737.6,OK,-124.565,104.387,-1719.24,OK,-112.56,51.0398,-1714.14,OK,-58.8154,79.0398,-1738,,365987209,Port:2,0,1773325386,818826770,Enabled,0.930139,0.0310361,0.0353563,0.364182,-87.5196,271.256,-1592.3,0.141754,3,OK,-87.3489,271.324,-1592.32,OK,-129.047,241.312,-1589.58,OK,-130.233,317.582,-1587.02,,365987209,Port:3,0,1773325386,818826770,Missing,,,,,,,,,4,Missing,,,,Missing,,,,Missing,,,,Missing,,,,,365987209,Port:65535,0,1773325386,818826770,Missing,,,,,,,,,0
4,,365987215,Port:1,0,1773325386,918826770,100000000,Enabled,0.704276,0.407608,-0.44247,0.376923,-83.091,134.747,-1740.29,0.147749,4,OK,-83.0062,134.574,-1740.35,OK,-121.589,108.454,-1722,OK,-110.955,54.897,-1716.03,OK,-56.3355,81.2028,-1739.78,,365987215,Port:2,0,1773325386,918826770,Enabled,0.930132,0.0308918,0.0355387,0.364193,-87.5228,271.268,-1592.32,0.143544,3,OK,-87.3492,271.335,-1592.33,OK,-129.049,241.321,-1589.57,OK,-130.239,317.596,-1587.05,,365987215,Port:3,0,1773325386,918826770,Missing,,,,,,,,,4,Missing,,,,Missing,,,,Missing,,,,Missing,,,,,365987215,Port:65535,0,1773325386,918826770,Missing,,,,,,,,,0
4,,365987218,Port:1,0,1773325386,968826770,50000000,Enabled,0.707296,0.401917,-0.445437,0.373873,-80.8981,136.324,-1741.72,0.136552,4,OK,-80.8112,136.16,-1741.73,OK,-119.815,110.676,-1723.47,OK,-109.966,56.9926,-1717.06,OK,-54.9023,82.4191,-1740.86,,365987218,Port:2,0,1773325386,968826770,Enabled,0.930138,0.0307057,0.0355343,0.364196,-87.5213,271.252,-1592.3,0.144828,3,OK,-87.3458,271.319,-1592.31,OK,-129.049,241.305,-1589.55,OK,-130.24,317.584,-1587.05,,365987218,Port:3,0,1773325386,968826770,Missing,,,,,,,,,4,Missing,,,,Missing,,,,Missing,,,,Missing,,,,,365987218,Port:65535,0,1773325386,968826770,Missing,,,,,,,,,0
4,,365987221,Port:1,0,1773325387,18826770,50000000,Enabled,0.711966,0.394646,-0.444309,0.374096,-79.1015,138.023,-1743.59,0.149107,4,OK,-79.0422,137.852,-1743.68,OK,-118.215,113.001,-1724.87,OK,-108.838,59.3487,-1717.82,OK,-53.5943,83.8943,-1741.85,,365987221,Port:2,0,1773325387,18826770,Enabled,0.930114,0.0312665,0.0355314,0.364208,-87.5233,271.265,-1592.32,0.145297,3,OK,-87.3473,271.334,-1592.33,OK,-129.051,241.317,-1589.59,OK,-130.239,317.587,-1587.01,,365987221,Port:3,0,1773325387,18826770,Missing,,,,,,,,,4,Missing,,,,Missing,,,,Missing,,,,Missing,,,,,365987221,Port:65535,0,1773325387,18826770,Missing,,,,,,,,,0
4,,365987224,Port:1,0,1773325387,68826768,49999998,Enabled,0.715521,0.386417,-0.447825,0.371704,-77.0199,139.99,-1745.72,0.143805,4,OK,-76.9629,139.805,-1745.78,OK,-116.649,115.792,-1727.03,OK,-108.186,62.0607,-1719.35,OK,-52.3938,85.4846,-1743.32,,365987224,Port:2,0,1773325387,68826768,Enabled,0.930123,0.0309606,0.0355202,0.364212,-87.5235,271.268,-1592.34,0.143466,3,OK,-87.3495,271.335,-1592.35,OK,-129.049,241.321,-1589.59,OK,-130.242,317.593,-1587.06,,365987224,Port:3,0,1773325387,68826768,Missing,,,,,,,,,4,Missing,,,,Missing,,,,Missing,,,,Missing,,,,,365987224,Port:65535,0,1773325387,68826768,Missing,,,,,,,,,0
4,,365987230,Port:1,0,1773325387,168826768,100000000,Enabled,0.721144,0.371598,-0.454757,0.367508,-72.8775,143.199,-1749.31,0.138445,4,OK,-72.8258,143.019,-1749.36,OK,-113.417,120.466,-1730.74,OK,-106.61,66.6464,-1722.06,OK,-49.8697,88.053,-1745.7,,365987230,Port:2,0,1773325387,168826768,Enabled,0.930134,0.0306304,0.0353346,0.364231,-87.5202,271.269,-1592.29,0.143825,3,OK,-87.3469,271.337,-1592.3,OK,-129.046,241.318,-1589.55,OK,-130.243,317.599,-1587.05,,365987230,Port:3,0,1773325387,168826768,Missing,,,,,,,,,4,Missing,,,,Missing,,,,Missing,,,,Missing,,,,,365987230,Port:65535,0,1773325387,168826768,Missing,,,,,,,,,0
4,,365987233,Port:1,0,1773325387,218826768,50000000,Enabled,0.724028,0.36749,-0.455812,0.364651,-71.2053,144.193,-1750.21,0.13977,4,OK,-71.1385,144.015,-1750.25,OK,-111.991,121.983,-1731.53,OK,-105.756,68.1254,-1722.58,OK,-48.7965,88.831,-1746.35,,365987233,Port:2,0,1773325387,218826768,Enabled,0.930107,0.0310448,0.035925,0.364206,-87.5229,271.263,-1592.33,0.145282,3,OK,-87.3473,271.333,-1592.34,OK,-129.048,241.316,-1589.55,OK,-130.237,317.585,-1587.02,,365987233,Port:3,0,1773325387,218826768,Missing,,,,,,,,,4,Missing,,,,Missing,,,,Missing,,,,Missing,,,,,365987233,Port:65535,0,1773325387,218826768,Missing,,,,,,,,,0
4,,365987236,Port:1,0,1773325387,268826768,50000000,Enabled,0.725649,0.363273,-0.458233,0.362614,-69.6975,144.937,-1750.96,0.129639,4,OK,-69.6419,144.756,-1750.95,OK,-110.756,123.197,-1732.4,OK,-105.075,69.3193,-1723.14,OK,-47.8577,89.3675,-1746.84,,365987236,Port:2,0,1773325387,268826768,Enabled,0.930152,0.0308739,0.0350096,0.364195,-87.516,271.254,-1592.27,0.141825,3,OK,-87.3437,271.318,-1592.28,OK,-129.044,241.309,-1589.57,OK,-130.237,317.585,-1587.02,,365987236,Port:3,0,1773325387,268826768,Missing,,,,,,,,,4,Missing,,,,Missing,,,,Missing,,,,Missing,,,,,365987236,Port:65535,0,1773325387,268826768,Missing,,,,,,,,,0
4,,365987242,Port:1,0,1773325387,368826768,100000000,Enabled,0.729935,0.355023,-0.463582,0.355311,-65.9137,146.404,-1752.06,0.131172,4,OK,-65.8755,146.221,-1752.07,OK,-107.585,125.78,-1733.55,OK,-103.313,71.8449,-1724.09,OK,-45.4817,90.3135,-1747.57,,365987242,Port:2,0,1773325387,368826768,Enabled,0.930125,0.0310608,0.0355356,0.364197,-87.5206,271.266,-1592.33,0.144192,3,OK,-87.345,271.332,-1592.34,OK,-129.048,241.321,-1589.58,OK,-130.238,317.593,-1587.03,,365987242,Port:3,0,1773325387,368826768,Missing,,,,,,,,,4,Missing,,,,Missing,,,,Missing,,,,Missing,,,,,365987242,Port:65535,0,1773325387,368826768,Missing,,,,,,,,,0
4,,365987245,Port:1,0,1773325387,418826768,50000000,Enabled,0.731459,0.346675,-0.471478,0.349989,-62.5604,147.947,-1753.47,0.131566,4,OK,-62.5289,147.772,-1753.52,OK,-104.897,128.325,-1735.4,OK,-101.936,74.295,-1725.8,OK,-43.4478,91.4232,-1748.56,,365987245,Port:2,0,1773325387,418826768,Enabled,0.93014,0.0309681,0.0351304,0.364206,-87.5213,271.259,-1592.29,0.142914,3,OK,-87.348,271.325,-1592.3,OK,-129.05,241.313,-1589.58,OK,-130.241,317.586,-1587.03,,365987245,Port:3,0,1773325387,418826768,Missing,,,,,,,,,4,Missing,,,,Missing,,,,Missing,,,,Missing,,,,,365987245,Port:65535,0,1773325387,418826768,Missing,,,,,,,,,0
4,,365987248,Port:1,0,1773325387,468826768,50000000,Enabled,0.735389,0.338907,-0.473828,0.346167,-59.735,149.62,-1755.47,0.134246,4,OK,-59.7031,149.424,-1755.47,OK,-102.453,130.883,-1737.38,OK,-100.45,76.9222,-1727.22,OK,-41.6118,92.8346,-1750.05,,365987248,Port:2,0,1773325387,468826768,Enabled,0.930141,0.0310759,0.0352028,0.364188,-87.5167,271.265,-1592.3,0.142352,3,OK,-87.3419,271.329,-1592.31,OK,-129.045,241.325,-1589.59,OK,-130.236,317.59,-1587.02,,365987248,Port:3,0,1773325387,468826768,Missing,,,,,,,,,4,Missing,,,,Missing,,,,Missing,,,,Missing,,,,,365987248,Port:65535,0,1773325387,468826768,Missing,,,,,,,,,0
4,,365987251,Port:1,0,1773325387,518826768,50000000,Enabled,0.737815,0.333345,-0.475855,0.343617,-57.8382,150.756,-1756.85,0.12989,4,OK,-57.7934,150.58,-1756.88,OK,-100.834,132.644,-1738.76,OK,-99.5168,78.7066,-1728.29,OK,-40.4183,93.7894,-1751.03,,365987251,Port:2,0,1773325387,518826768,Enabled,0.930145,0.0311092,0.03518,0.364177,-87.5235,271.262,-1592.29,0.140463,3,OK,-87.3537,271.331,-1592.3,OK,-129.053,241.324,-1589.59,OK,-130.236,317.581,-1587.01,,365987251,Port:3,0,1773325387,518826768,Missing,,,,,,,,,4,Missing,,,,Missing,,,,Missing,,,,Missing,,,,,365987251,Port:65535,0,1773325387,518826768,Missing,,,,,,,,,0
4,,365987257,Port:1,0,1773325387,618826768,100000000,Enabled,0.740294,0.327448,-0.480129,0.337962,-54.5609,151.968,-1758.11,0.137485,4,OK,-54.5395,151.763,-1758.1,OK,-97.962,134.685,-1740.18,OK,-97.6635,80.805,-1729.58,OK,-38.2245,94.6971,-1752.11,,365987257,Port:2,0,1773325387,618826768,Enabled,0.930107,0.0307204,0.0358507,0.364243,-87.5189,271.266,-1592.33,0.143295,3,OK,-87.3476,271.337,-1592.34,OK,-129.041,241.315,-1589.55,OK,-130.237,317.589,-1587.06,,365987257,Port:3,0,1773325387,618826768,Missing,,,,,,,,,4,Missing,,,,Missing,,,,Missing,,,,Missing,,,,,365987257,Port:65535,0,1773325387,618826768,Missing,,,,,,,,,0
4,,365987260,Port:1,0,1773325387,668826768,50000000,Enabled,0.742435,0.322283,-0.482917,0.334239,-52.1963,152.62,-1758.89,0.130095,4,OK,-52.1662,152.438,-1758.9,OK,-95.8926,135.999,-1741.02,OK,-96.3834,82.1424,-1730.24,OK,-36.6511,95.1469,-1752.63,,365987260,Port:2,0,1773325387,668826768,Enabled,0.930138,0.0311015,0.0352459,0.364189,-87.5206,271.265,-1592.31,0.143922,3,OK,-87.3471,271.335,-1592.33,OK,-129.051,241.321,-1589.6,OK,-130.235,317.587,-1587.03,,365987260,Port:3,0,1773325387,668826768,Missing,,,,,,,,,4,Missing,,,,Missing,,,,Missing,,,,Missing,,,,,365987260,Port:65535,0,1773325387,668826768,Missing,,,,,,,,,0
4,,365987263,Port:1,0,1773325387,718826768,50000000,Enabled,0.744896,0.317128,-0.484701,0.331097,-50.0049,153.392,-1759.89,0.132299,4,OK,-49.9721,153.217,-1759.93,OK,-93.9224,137.4,-1741.99,OK,-95.1115,83.6034,-1730.99,OK,-35.2049,95.7677,-1753.3,,365987263,Port:2,0,1773325387,718826768,Enabled,0.93013,0.0308376,0.0354957,0.364207,-87.5219,271.256,-1592.3,0.14089,3,OK,-87.3515,271.321,-1592.31,OK,-129.045,241.309,-1589.56,OK,-130.24,317.585,-1587.04,,365987263,Port:3,0,1773325387,718826768,Missing,,,,,,,,,4,Missing,,,,Missing,,,,Missing,,,,Missing,,,,,365987263,Port:65535,0,1773325387,718826768,Missing,,,,,,,,,0
4,,365987266,Port:1,0,1773325387,768826768,50000000,Enabled,0.746164,0.313218,-0.486642,0.329109,-48.3902,154.063,-1760.79,0.126002,4,OK,-48.3806,153.875,-1760.78,OK,-92.492,138.524,-1743.01,OK,-94.1698,84.7952,-1731.76,OK,-34.1327,96.3241,-1753.97,,365987266,Port:2,0,1773325387,768826768,Enabled,0.930143,0.0308133,0.0354618,0.364181,-87.5223,271.263,-1592.31,0.141001,3,OK,-87.3512,271.328,-1592.32,OK,-129.048,241.32,-1589.57,OK,-130.238,317.592,-1587.05,,365987266,Port:3,0,1773325387,768826768,Missing,,,,,,,,,4,Missing,,,,Missing,,,,Missing,,,,Missing,,,,,365987266,Port:65535,0,1773325387,768826768,Missing,,,,,,,,,0
4,,365987269,Port:1,0,1773325387,818826768,50000000,Enabled,0.747343,0.310646,-0.487105,0.328185,-47.6291,154.551,-1761.61,0.141996,4,OK,-47.6157,154.345,-1761.63,OK,-91.8232,139.292,-1743.78,OK,-93.7884,85.6055,-1732.4,OK,-33.6438,96.7826,-1754.59,,365987269,Port:2,0,1773325387,818826768,Enabled,0.930131,0.030866,0.0355949,0.364194,-87.5238,271.266,-1592.32,0.140601,3,OK,-87.3558,271.335,-1592.33,OK,-129.048,241.319,-1589.57,OK,-130.237,317.593,-1587.05,,365987269,Port:3,0,1773325387,818826768,Missing,,,,,,,,,4,Missing,,,,Missing,,,,Missing,,,,Missing,,,,,365987269,Port:65535,0,1773325387,818826768,Missing,,,,,,,,,0
4,,365987275,Port:1,0,1773325387,918826768,100000000,Enabled,0.748751,0.30779,-0.486073,0.329197,-47.1958,155.002,-1762.41,0.119325,4,OK,-47.1865,154.824,-1762.4,OK,-91.4002,139.939,-1744.49,OK,-93.4413,86.3191,-1732.69,OK,-33.3078,97.239,-1755.01,,365987275,Port:2,0,1773325387,918826768,Enabled,0.930138,0.0309288,0.0354858,0.364182,-87.5227,271.263,-1592.31,0.144269,3,OK,-87.3488,271.331,-1592.32,OK,-129.051,241.316,-1589.57,OK,-130.238,317.593,-1587.04,,365987275,Port:3,0,1773325387,918826768,Missing,,,,,,,,,4,Missing,,,,Missing,,,,Missing,,,,Missing,,,,,365987275,Port:65535,0,1773325387,918826768,Missing,,,,,,,,,0
4,,365987278,Port:1,0,1773325387,968826768,50000000,Enabled,0.749249,0.308194,-0.486771,0.326643,-46.827,155.147,-1762.21,0.130222,4,OK,-46.8141,154.954,-1762.2,OK,-91.0769,140.208,-1744.28,OK,-93.3272,86.5669,-1732.65,OK,-33.1655,97.3154,-1755.02,,365987278,Port:2,0,1773325387,968826768,Enabled,0.930116,0.0309339,0.0356749,0.364217,-87.5237,271.268,-1592.35,0.14494,3,OK,-87.3497,271.338,-1592.36,OK,-129.05,241.318,-1589.59,OK,-130.24,317.593,-1587.06,,365987278,Port:3,0,1773325387,968826768,Missing,,,,,,,,,4,Missing,,,,Missing,,,,Missing,,,,Missing,,,,,365987278,Port:65535,0,1773325387,968826768,Missing,,,,,,,,,0
4,,365987281,Port:1,0,1773325388,18826768,50000000,Enabled,0.749458,0.308547,-0.485665,0.327477,-46.9691,154.991,-1762.18,0.13218,4,OK,-46.9457,154.802,-1762.15,OK,-91.1603,139.976,-1744.18,OK,-93.2858,86.3365,-1732.45,OK,-33.1713,97.2046,-1754.96,,365987281,Port:2,0,1773325388,18826768,Enabled,0.930138,0.0308016,0.0353956,0.364201,-87.5205,271.262,-1592.31,0.145487,3,OK,-87.3442,271.33,-1592.32,OK,-129.05,241.315,-1589.58,OK,-130.24,317.592,-1587.06,,365987281,Port:3,0,1773325388,18826768,Missing,,,,,,,,,4,Missing,,,,Missing,,,,Missing,,,,Missing,,,,,365987281,Port:65535,0,1773325388,18826768,Missing,,,,,,,,,0
4,,365987284,Port:1,0,1773325388,68826766,49999998,Enabled,0.74974,0.308094,-0.48608,0.32664,-46.764,155.044,-1762.13,0.130697,4,OK,-46.7501,154.853,-1762.11,OK,-90.9921,140.121,-1744.12,OK,-93.2274,86.4928,-1732.43,OK,-33.0821,97.2174,-1754.91,,365987284,Port:2,0,1773325388,68826766,Enabled,0.93016,0.0309125,0.035056,0.364168,-87.519,271.26,-1592.29,0.140303,3,OK,-87.3503,271.327,-1592.3,OK,-129.048,241.317,-1589.59,OK,-130.234,317.59,-1587.04,,365987284,Port:3,0,1773325388,68826766,Missing,,,,,,,,,4,Missing,,,,Missing,,,,Missing,,,,Missing,,,,,365987284,Port:65535,0,1773325388,68826766,Missing,,,,,,,,,0
4,,365987290,Port:1,0,1773325388,168826766,100000000,Enabled,0.749707,0.306825,-0.486425,0.327398,-46.7619,155.218,-1762.53,0.125803,4,OK,-46.7422,155.037,-1762.53,OK,-91.0297,140.35,-1744.55,OK,-93.2987,86.7451,-1732.76,OK,-33.1153,97.401,-1755.13,,365987290,Port:2,0,1773325388,168826766,Enabled,0.930148,0.030896,0.0353472,0.364171,-87.522,271.262,-1592.3,0.142486,3,OK,-87.3501,271.329,-1592.32,OK,-129.051,241.318,-1589.57,OK,-130.237,317.593,-1587.04,,365987290,Port:3,0,1773325388,168826766,Missing,,,,,,,,,4,Missing,,,,Missing,,,,Missing,,,,Missing,,,,,365987290,Port:65535,0,1773325388,168826766,Missing,,,,,,,,,0
4,,365987293,Port:1,0,1773325388,218826766,50000000,Enabled,0.749538,0.307108,-0.486562,0.327316,-46.8035,155.25,-1762.47,0.126516,4,OK,-46.7945,155.061,-1762.44,OK,-91.0622,140.364,-1744.53,OK,-93.3236,86.7525,-1732.74,OK,-33.1542,97.4302,-1755.12,,365987293,Port:2,0,1773325388,218826766,Enabled,0.930126,0.0310065,0.035418,0.364211,-87.5183,271.261,-1592.3,0.142727,3,OK,-87.3454,271.328,-1592.32,OK,-129.044,241.314,-1589.57,OK,-130.236,317.585,-1587.02,,365987293,Port:3,0,1773325388,218826766,Missing,,,,,,,,,4,Missing,,,,Missing,,,,Missing,,,,Missing,,,,,365987293,Port:65535,0,1773325388,218826766,Missing,,,,,,,,,0
4,,365987296,Port:1,0,1773325388,268826766,50000000,Enabled,0.749301,0.306868,-0.486364,0.328375,-47.0663,155.065,-1762.36,0.124918,4,OK,-47.0472,154.89,-1762.38,OK,-91.3126,140.127,-1744.39,OK,-93.5003,86.5214,-1732.61,OK,-33.3359,97.2775,-1754.89,,365987296,Port:2,0,1773325388,268826766,Enabled,0.93013,0.0308496,0.0356521,0.364192,-87.5211,271.261,-1592.32,0.144661,3,OK,-87.3464,271.33,-1592.33,OK,-129.049,241.315,-1589.56,OK,-130.237,317.589,-1587.05,,365987296,Port:3,0,1773325388,268826766,Missing,,,,,,,,,4,Missing,,,,Missing,,,,Missing,,,,Missing,,,,,365987296,Port:65535,0,1773325388,268826766,Missing,,,,,,,,,0
4,,365987299,Port:1,0,1773325388,318826766,50000000,Enabled,0.748782,0.308538,-0.486918,0.32717,-47.0949,154.878,-1761.89,0.123794,4,OK,-47.08,154.695,-1761.87,OK,-91.3359,139.88,-1744.01,OK,-93.5265,86.2122,-1732.38,OK,-33.3658,97.0581,-1754.71,,365987299,Port:2,0,1773325388,318826766,Enabled,0.930126,0.0310266,0.0354587,0.364205,-87.5239,271.264,-1592.3,0.145133,3,OK,-87.3496,271.335,-1592.32,OK,-129.053,241.316,-1589.57,OK,-130.24,317.587,-1587.02,,365987299,Port:3,0,1773325388,318826766,Missing,,,,,,,,,4,Missing,,,,Missing,,,,Missing,,,,Missing,,,,,365987299,Port:65535,0,1773325388,318826766,Missing,,,,,,,,,0
4,,365987305,Port:1,0,1773325388,418826766,100000000,Enabled,0.748921,0.308814,-0.487038,0.326412,-46.9984,154.923,-1761.9,0.129237,4,OK,-46.962,154.748,-1761.91,OK,-91.2642,139.933,-1743.98,OK,-93.5018,86.2758,-1732.45,OK,-33.3075,97.0852,-1754.79,,365987305,Port:2,0,1773325388,418826766,Enabled,0.930138,0.0307965,0.0354369,0.364197,-87.5206,271.258,-1592.28,0.1434,3,OK,-87.3448,271.321,-1592.3,OK,-129.047,241.315,-1589.54,OK,-130.241,317.586,-1587.03,,365987305,Port:3,0,1773325388,418826766,Missing,,,,,,,,,4,Missing,,,,Missing,,,,Missing,,,,Missing,,,,,365987305,Port:65535,0,1773325388,418826766,Missing,,,,,,,,,0
4,,365987308,Port:1,0,1773325388,468826766,50000000,Enabled,0.748607,0.30837,-0.486967,0.327656,-47.1672,154.969,-1762.13,0.126181,4,OK,-47.136,154.796,-1762.11,OK,-91.4146,139.942,-1744.29,OK,-93.5906,86.2839,-1732.6,OK,-33.3999,97.1707,-1754.93,,365987308,Port:2,0,1773325388,468826766,Enabled,0.930142,0.0309209,0.0351871,0.3642,-87.517,271.266,-1592.28,0.139653,3,OK,-87.3482,271.333,-1592.3,OK,-129.043,241.324,-1589.57,OK,-130.234,317.59,-1587.03,,365987308,Port:3,0,1773325388,468826766,Missing,,,,,,,,,4,Missing,,,,Missing,,,,Missing,,,,Missing,,,,,365987308,Port:65535,0,1773325388,468826766,Missing,,,,,,,,,0
4,,365987311,Port:1,0,1773325388,518826766,50000000,Enabled,0.749054,0.308257,-0.487083,0.326566,-46.9414,155.157,-1762.1,0.132358,4,OK,-46.9318,154.965,-1762.11,OK,-91.1967,140.213,-1744.18,OK,-93.4685,86.5665,-1732.62,OK,-33.2925,97.3208,-1754.91,,365987311,Port:2,0,1773325388,518826766,Enabled,0.930153,0.0308171,0.0349898,0.3642,-87.5186,271.26,-1592.28,0.142944,3,OK,-87.3455,271.327,-1592.29,OK,-129.049,241.315,-1589.58,OK,-130.239,317.587,-1587.04,,365987311,Port:3,0,1773325388,518826766,Missing,,,,,,,,,4,Missing,,,,Missing,,,,Missing,,,,Missing,,,,,365987311,Port:65535,0,1773325388,518826766,Missing,,,,,,,,,0
4,,365987314,Port:1,0,1773325388,568826766,50000000,Enabled,0.748159,0.308277,-0.487945,0.327311,-47.0311,155.12,-1762.11,0.119232,4,OK,-47.0036,154.954,-1762.11,OK,-91.3237,140.117,-1744.34,OK,-93.5681,86.4428,-1732.75,OK,-33.3265,97.291,-1754.93,,365987314,Port:2,0,1773325388,568826766,Enabled,0.930138,0.0309282,0.0352853,0.3642,-87.5229,271.265,-1592.3,0.14168,3,OK,-87.351,271.332,-1592.31,OK,-129.05,241.322,-1589.58,OK,-130.241,317.588,-1587.04,,365987314,Port:3,0,1773325388,568826766,Missing,,,,,,,,,4,Missing,,,,Missing,,,,Missing,,,,Missing,,,,,365987314,Port:65535,0,1773325388,568826766,Missing,,,,,,,,,0
4,,365987320,Port:1,0,1773325388,668826766,100000000,Enabled,0.746503,0.312955,-0.487243,0.3277,-48.4402,154.663,-1761.09,0.133221,4,OK,-48.4078,154.48,-1761.07,OK,-92.5923,139.233,-1743.33,OK,-94.4615,85.471,-1732.11,OK,-34.3281,96.8948,-1754.36,,365987320,Port:2,0,1773325388,668826766,Enabled,0.93013,0.0313692,0.035353,0.364177,-87.5224,271.259,-1592.33,0.143581,3,OK,-87.3489,271.329,-1592.34,OK,-129.053,241.318,-1589.61,OK,-130.234,317.576,-1587.01,,365987320,Port:3,0,1773325388,668826766,Missing,,,,,,,,,4,Missing,,,,Missing,,,,Missing,,,,Missing,,,,,365987320,Port:65535,0,1773325388,668826766,Missing,,,,,,,,,0
4,,365987323,Port:1,0,1773325388,718826766,50000000,Enabled,0.745466,0.314866,-0.486187,0.329792,-49.5595,154.186,-1760.49,0.12355,4,OK,-49.5313,154.01,-1760.49,OK,-93.6069,138.466,-1742.7,OK,-95.105,84.6886,-1731.56,OK,-35.0928,96.4862,-1753.79,,365987323,Port:2,0,1773325388,718826766,Enabled,0.930164,0.0309997,0.0349527,0.364159,-87.5178,271.259,-1592.28,0.143957,3,OK,-87.3438,271.327,-1592.29,OK,-129.052,241.316,-1589.59,OK,-130.233,317.588,-1587.02,,365987323,Port:3,0,1773325388,718826766,Missing,,,,,,,,,4,Missing,,,,Missing,,,,Missing,,,,Missing,,,,,365987323,Port:65535,0,1773325388,718826766,Missing,,,,,,,,,0
4,,365987326,Port:1,0,1773325388,768826766,50000000,Enabled,0.741237,0.319843,-0.490266,0.328492,-50.7301,153.615,-1759.01,0.136936,4,OK,-50.7002,153.422,-1759.01,OK,-94.8498,137.503,-1741.7,OK,-96.2402,83.5982,-1731.33,OK,-36.0977,95.877,-1753.04,,365987326,Port:2,0,1773325388,768826766,Enabled,0.930141,0.031009,0.0352313,0.36419,-87.518,271.261,-1592.3,0.143536,3,OK,-87.3452,271.33,-1592.32,OK,-129.048,241.315,-1589.59,OK,-130.234,317.586,-1587.03,,365987326,Port:3,0,1773325388,768826766,Missing,,,,,,,,,4,Missing,,,,Missing,,,,Missing,,,,Missing,,,,,365987326,Port:65535,0,1773325388,768826766,Missing,,,,,,,,,0
4,,365987329,Port:1,0,1773325388,818826766,50000000,Enabled,0.736098,0.325952,-0.491336,0.332422,-53.5345,152.269,-1757.21,0.132943,4,OK,-53.5076,152.078,-1757.2,OK,-97.4887,135.366,-1740.29,OK,-98.1583,81.34,-1730.41,OK,-38.1064,94.6986,-1751.7,,365987329,Port:2,0,1773325388,818826766,Enabled,0.930109,0.0308357,0.0357086,0.36424,-87.5215,271.266,-1592.33,0.146439,3,OK,-87.3467,271.337,-1592.34,OK,-129.047,241.309,-1589.56,OK,-130.241,317.593,-1587.05,,365987329,Port:3,0,1773325388,818826766,Missing,,,,,,,,,4,Missing,,,,Missing,,,,Missing,,,,Missing,,,,,365987329,Port:65535,0,1773325388,818826766,Missing,,,,,,,,,0
4,,365987335,Port:1,0,1773325388,918826766,100000000,Enabled,0.723257,0.347418,-0.492668,0.336866,-60.5106,148.073,-1751.16,0.131803,4,OK,-60.4628,147.895,-1751.17,OK,-103.905,129.017,-1735.04,OK,-102.675,74.6861,-1727.14,OK,-43.0559,90.9114,-1747.7,,365987335,Port:2,0,1773325388,918826766,Enabled,0.930143,0.0308412,0.0352044,0.364203,-87.5179,271.263,-1592.29,0.143288,3,OK,-87.3426,271.327,-1592.31,OK,-129.046,241.319,-1589.58,OK,-130.24,317.593,-1587.04,,365987335,Port:3,0,1773325388,918826766,Missing,,,,,,,,,4,Missing,,,,Missing,,,,Missing,,,,Missing,,,,,365987335,Port:65535,0,1773325388,918826766,Missing,,,,,,,,,0
4,,365987338,Port:1,0,1773325388,968826766,50000000,Enabled,0.716194,0.357306,-0.493388,0.340539,-64.1057,145.561,-1748.24,0.129245,4,OK,-64.0496,145.389,-1748.26,OK,-107.185,125.421,-1732.59,OK,-104.925,70.9896,-1725.57,OK,-45.5719,88.6977,-1745.62,,365987338,Port:2,0,1773325388,968826766,Enabled,0.930147,0.030852,0.0353117,0.364182,-87.5197,271.259,-1592.29,0.144134,3,OK,-87.3437,271.324,-1592.3,OK,-129.049,241.316,-1589.56,OK,-130.239,317.588,-1587.03,,365987338,Port:3,0,1773325388,968826766,Missing,,,,,,,,,4,Missing,,,,Missing,,,,Missing,,,,Missing,,,,,365987338,Port:65535,0,1773325388,968826766,Missing,,,,,,,,,0
4,,365987341,Port:1,0,1773325389,18826766,50000000,Enabled,0.708846,0.368073,-0.494929,0.342207,-67.4505,142.996,-1745.09,0.144365,4,OK,-67.3859,142.81,-1745.13,OK,-110.241,121.817,-1729.98,OK,-107.075,67.3135,-1724.08,OK,-47.9549,86.4226,-1743.53,,365987341,Port:2,0,1773325389,18826766,Enabled,0.930155,0.0310684,0.0350703,0.364165,-87.5176,271.262,-1592.29,0.143688,3,OK,-87.3419,271.329,-1592.3,OK,-129.051,241.325,-1589.59,OK,-130.234,317.585,-1587.02,,365987341,Port:3,0,1773325389,18826766,Missing,,,,,,,,,4,Missing,,,,Missing,,,,Missing,,,,Missing,,,,,365987341,Port:65535,0,1773325389,18826766,Missing,,,,,,,,,0
4,,365987344,Port:1,0,1773325389,68826769,50000003,Enabled,0.702287,0.37822,-0.494363,0.345468,-70.8979,140.328,-1742.31,0.136642,4,OK,-70.8241,140.158,-1742.34,OK,-113.274,118.075,-1727.6,OK,-109.059,63.5575,-1722.51,OK,-50.3071,84.1304,-1741.62,,365987344,Port:2,0,1773325389,68826769,Enabled,0.930132,0.0307844,0.035772,0.36418,-87.5242,271.262,-1592.32,0.145585,3,OK,-87.3503,271.333,-1592.33,OK,-129.052,241.313,-1589.55,OK,-130.237,317.594,-1587.05,,365987344,Port:3,0,1773325389,68826769,Missing,,,,,,,,,4,Missing,,,,Missing,,,,Missing,,,,Missing,,,,,365987344,Port:65535,0,1773325389,68826769,Missing,,,,,,,,,0
4,,365987350,Port:1,0,1773325389,168826769,100000000,Enabled,0.692902,0.393534,-0.493219,0.348932,-75.4224,136.22,-1738.11,0.162281,4,OK,-75.3303,136.055,-1738.21,OK,-117.17,112.455,-1723.89,OK,-111.463,57.9709,-1720.24,OK,-53.3057,80.6167,-1738.75,,365987350,Port:2,0,1773325389,168826769,Enabled,0.930128,0.0308469,0.035634,0.364199,-87.5213,271.264,-1592.31,0.146016,3,OK,-87.3457,271.332,-1592.33,OK,-129.048,241.312,-1589.56,OK,-130.239,317.597,-1587.04,,365987350,Port:3,0,1773325389,168826769,Missing,,,,,,,,,4,Missing,,,,Missing,,,,Missing,,,,Missing,,,,,365987350,Port:65535,0,1773325389,168826769,Missing,,,,,,,,,0
4,,365987353,Port:1,0,1773325389,218826769,50000000,Enabled,0.691761,0.395441,-0.49443,0.347322,-75.4444,135.728,-1737.36,0.154156,4,OK,-75.3559,135.562,-1737.44,OK,-117.201,111.903,-1723.3,OK,-111.522,57.3917,-1719.95,OK,-53.3641,80.1174,-1738.33,,365987353,Port:2,0,1773325389,218826769,Enabled,0.930152,0.0310248,0.0349501,0.364189,-87.5153,271.261,-1592.28,0.14138,3,OK,-87.3425,271.327,-1592.3,OK,-129.046,241.323,-1589.6,OK,-130.234,317.583,-1587.02,,365987353,Port:3,0,1773325389,218826769,Missing,,,,,,,,,4,Missing,,,,Missing,,,,Missing,,,,Missing,,,,,365987353,Port:65535,0,1773325389,218826769,Missing,,,,,,,,,0
4,,365987356,Port:1,0,1773325389,268826769,50000000,Enabled,0.690288,0.395433,-0.496757,0.346941,-75.2597,135.675,-1737.26,0.156137,4,OK,-75.1741,135.511,-1737.35,OK,-117.114,111.867,-1723.45,OK,-111.518,57.3333,-1720.27,OK,-53.2427,80.0317,-1738.31,,365987356,Port:2,0,1773325389,268826769,Enabled,0.93013,0.0308551,0.0357368,0.364183,-87.5237,271.258,-1592.32,0.146534,3,OK,-87.3475,271.329,-1592.33,OK,-129.053,241.311,-1589.55,OK,-130.237,317.585,-1587.04,,365987356,Port:3,0,1773325389,268826769,Missing,,,,,,,,,4,Missing,,,,Missing,,,,Missing,,,,Missing,,,,,365987356,Port:65535,0,1773325389,268826769,Missing,,,,,,,,,0
4,,365987359,Port:1,0,1773325389,318826769,50000000,Enabled,0.690135,0.395517,-0.496566,0.347421,-75.4771,135.671,-1737.25,0.149809,4,OK,-75.393,135.508,-1737.33,OK,-117.308,111.828,-1723.45,OK,-111.656,57.2981,-1720.23,OK,-53.4093,80.0466,-1738.28,,365987359,Port:2,0,1773325389,318826769,Enabled,0.930147,0.0307813,0.0355075,0.364169,-87.5217,271.26,-1592.29,0.143136,3,OK,-87.3502,271.331,-1592.3,OK,-129.051,241.318,-1589.54,OK,-130.234,317.587,-1587.03,,365987359,Port:3,0,1773325389,318826769,Missing,,,,,,,,,4,Missing,,,,Missing,,,,Missing,,,,Missing,,,,,365987359,Port:65535,0,1773325389,318826769,Missing,,,,,,,,,0
4,,365987365,Port:1,0,1773325389,418826769,100000000,Enabled,0.687895,0.39896,-0.495634,0.349255,-76.8677,134.707,-1736.46,0.153256,4,OK,-76.7764,134.547,-1736.54,OK,-118.508,110.457,-1722.76,OK,-112.409,55.974,-1719.75,OK,-54.3302,79.2762,-1737.71,,365987365,Port:2,0,1773325389,418826769,Enabled,0.930082,0.0313435,0.0361694,0.364221,-87.5266,271.267,-1592.37,0.144129,3,OK,-87.3538,271.339,-1592.38,OK,-129.049,241.319,-1589.57,OK,-130.236,317.581,-1587.02,,365987365,Port:3,0,1773325389,418826769,Missing,,,,,,,,,4,Missing,,,,Missing,,,,Missing,,,,Missing,,,,,365987365,Port:65535,0,1773325389,418826769,Missing,,,,,,,,,0
4,,365987368,Port:1,0,1773325389,468826769,50000000,Enabled,0.685698,0.404506,-0.492545,0.351559,-78.484,133.225,-1735.2,0.147302,4,OK,-78.3855,133.061,-1735.25,OK,-119.767,108.383,-1721.48,OK,-112.953,53.9669,-1718.72,OK,-55.2508,78.0911,-1736.84,,365987368,Port:2,0,1773325389,468826769,Enabled,0.930154,0.0308596,0.0353547,0.364159,-87.5253,271.263,-1592.3,0.145158,3,OK,-87.35,271.333,-1592.31,OK,-129.058,241.321,-1589.57,OK,-130.239,317.591,-1587.04,,365987368,Port:3,0,1773325389,468826769,Missing,,,,,,,,,4,Missing,,,,Missing,,,,Missing,,,,Missing,,,,,365987368,Port:65535,0,1773325389,468826769,Missing,,,,,,,,,0
4,,365987371,Port:1,0,1773325389,518826769,50000000,Enabled,0.682863,0.415496,-0.484327,0.355653,-81.4439,130.567,-1732.92,0.145237,4,OK,-81.341,130.406,-1732.97,OK,-121.919,104.604,-1718.88,OK,-113.707,50.3391,-1716.6,OK,-56.8493,76.0486,-1735.3,,365987371,Port:2,0,1773325389,518826769,Enabled,0.930148,0.0309332,0.0353641,0.364165,-87.5192,271.258,-1592.29,0.141395,3,OK,-87.347,271.322,-1592.31,OK,-129.047,241.317,-1589.56,OK,-130.235,317.588,-1587.02,,365987371,Port:3,0,1773325389,518826769,Missing,,,,,,,,,4,Missing,,,,Missing,,,,Missing,,,,Missing,,,,,365987371,Port:65535,0,1773325389,518826769,Missing,,,,,,,,,0
4,,365987377,Port:1,0,1773325389,618826769,100000000,Enabled,0.668572,0.443319,-0.475755,0.360744,-87.3715,122.712,-1725.73,0.185444,4,OK,-87.2623,122.557,-1725.88,OK,-126.255,94.169,-1712.12,OK,-115.263,40.3781,-1712.25,OK,-60.0862,69.6616,-1730.48,,365987377,Port:2,0,1773325389,618826769,Enabled,0.930109,0.0308338,0.0358209,0.364229,-87.5222,271.265,-1592.32,0.147295,3,OK,-87.3464,271.338,-1592.33,OK,-129.048,241.31,-1589.54,OK,-130.239,317.591,-1587.04,,365987377,Port:3,0,1773325389,618826769,Missing,,,,,,,,,4,Missing,,,,Missing,,,,Missing,,,,Missing,,,,,365987377,Port:65535,0,1773325389,618826769,Missing,,,,,,,,,0
4,,365987380,Port:1,0,1773325389,668826769,50000000,Enabled,0.663386,0.457105,-0.46949,0.361322,-89.4757,118.599,-1721.6,0.17307,4,OK,-89.3638,118.465,-1721.73,OK,-127.52,88.9204,-1708.02,OK,-115.285,35.4022,-1709.24,OK,-61.0252,66.2823,-1727.66,,365987380,Port:2,0,1773325389,668826769,Enabled,0.930146,0.0311345,0.0348115,0.364207,-87.52,271.267,-1592.3,0.141724,3,OK,-87.3475,271.334,-1592.31,OK,-129.051,241.326,-1589.63,OK,-130.24,317.586,-1587.03,,365987380,Port:3,0,1773325389,668826769,Missing,,,,,,,,,4,Missing,,,,Missing,,,,Missing,,,,Missing,,,,,365987380,Port:65535,0,1773325389,668826769,Missing,,,,,,,,,0
4,,365987383,Port:1,0,1773325389,718826769,50000000,Enabled,0.657578,0.46927,-0.465648,0.361315,-91.3645,114.822,-1718.1,0.164445,4,OK,-91.2459,114.69,-1718.22,OK,-128.73,84.1792,-1704.79,OK,-115.477,30.9216,-1707.08,OK,-61.9705,63.1869,-1725.4,,365987383,Port:2,0,1773325389,718826769,Enabled,0.930123,0.0310469,0.0354223,0.364215,-87.5216,271.263,-1592.31,0.143881,3,OK,-87.3476,271.331,-1592.32,OK,-129.048,241.315,-1589.58,OK,-130.24,317.587,-1587.03,,365987383,Port:3,0,1773325389,718826769,Missing,,,,,,,,,4,Missing,,,,Missing,,,,Missing,,,,Missing,,,,,365987383,Port:65535,0,1773325389,718826769,Missing,,,,,,,,,0
4,,365987386,Port:1,0,1773325389,768826769,50000000,Enabled,0.650257,0.478915,-0.465869,0.361625,-93.1306,111.22,-1715.34,0.196748,4,OK,-93.0062,111.09,-1715.51,OK,-130.058,79.7782,-1702.59,OK,-116.033,26.7906,-1706,OK,-62.9848,60.1696,-1723.59,,365987386,Port:2,0,1773325389,768826769,Enabled,0.930147,0.0309259,0.0350209,0.364203,-87.5179,271.262,-1592.28,0.141777,3,OK,-87.3452,271.329,-1592.3,OK,-129.047,241.321,-1589.59,OK,-130.238,317.585,-1587.03,,365987386,Port:3,0,1773325389,768826769,Missing,,,,,,,,,4,Missing,,,,Missing,,,,Missing,,,,Missing,,,,,365987386,Port:65535,0,1773325389,768826769,Missing,,,,,,,,,0
4,,365987389,Port:1,0,1773325389,818826769,50000000,Enabled,0.642365,0.488609,-0.465581,0.363128,-95.4233,107.305,-1712.41,0.200318,4,OK,-95.2969,107.189,-1712.59,OK,-131.812,75.0012,-1700.29,OK,-116.894,22.3437,-1704.68,OK,-64.4251,56.9292,-1721.54,,365987389,Port:2,0,1773325389,818826769,Enabled,0.930137,0.0310231,0.0356684,0.364157,-87.5237,271.266,-1592.35,0.14536,3,OK,-87.3491,271.336,-1592.36,OK,-129.054,241.32,-1589.59,OK,-130.234,317.595,-1587.05,,365987389,Port:3,0,1773325389,818826769,Missing,,,,,,,,,4,Missing,,,,Missing,,,,Missing,,,,Missing,,,,,365987389,Port:65535,0,1773325389,818826769,Missing,,,,,,,,,0
4,,365987395,Port:1,0,1773325389,918826769,100000000,Enabled,0.632288,0.50971,-0.452105,0.368792,-100.165,99.8333,-1707.33,0.208573,4,OK,-100.028,99.7195,-1707.53,OK,-134.776,65.5933,-1695.31,OK,-117.455,13.789,-1701.14,OK,-66.9902,51.2063,-1718.12,,365987395,Port:2,0,1773325389,918826769,Enabled,0.930173,0.0307131,0.0347224,0.364184,-87.518,271.26,-1592.26,0.142393,3,OK,-87.3462,271.328,-1592.27,OK,-129.051,241.318,-1589.59,OK,-130.238,317.589,-1587.04,,365987395,Port:3,0,1773325389,918826769,Missing,,,,,,,,,4,Missing,,,,Missing,,,,Missing,,,,Missing,,,,,365987395,Port:65535,0,1773325389,918826769,Missing,,,,,,,,,0
4,,365987398,Port:1,0,1773325389,968826769,50000000,Enabled,0.627691,0.516393,-0.451053,0.368637,-101.106,97.3706,-1705.51,0.22335,4,OK,-100.97,97.2563,-1705.73,OK,-135.323,62.6257,-1693.82,OK,-117.501,11.0805,-1700.37,OK,-67.4617,49.2345,-1716.96,,365987398,Port:2,0,1773325389,968826769,Enabled,0.930175,0.0306283,0.0348421,0.364173,-87.5218,271.261,-1592.27,0.139455,3,OK,-87.3512,271.323,-1592.29,OK,-129.051,241.323,-1589.59,OK,-130.243,317.594,-1587.06,,365987398,Port:3,0,1773325389,968826769,Missing,,,,,,,,,4,Missing,,,,Missing,,,,Missing,,,,Missing,,,,,365987398,Port:65535,0,1773325389,968826769,Missing,,,,,,,,,0
4,,365987401,Port:1,0,1773325390,18826769,50000000,Enabled,0.625286,0.521099,-0.44952,0.367974,-101.42,95.619,-1704.16,0.237583,4,OK,-101.27,95.5128,-1704.39,OK,-135.361,60.5399,-1692.6,OK,-117.21,9.18375,-1699.65,OK,-67.5072,47.8087,-1716.11,,365987401,Port:2,0,1773325390,18826769,Enabled,0.930127,0.0311386,0.0353731,0.364202,-87.5219,271.268,-1592.32,0.145887,3,OK,-87.3448,271.337,-1592.34,OK,-129.053,241.323,-1589.6,OK,-130.239,317.587,-1587.03,,365987401,Port:3,0,1773325390,18826769,Missing,,,,,,,,,4,Missing,,,,Missing,,,,Missing,,,,Missing,,,,,365987401,Port:65535,0,1773325390,18826769,Missing,,,,,,,,,0
4,,365987404,Port:1,0,1773325390,68826768,49999999,Enabled,0.62372,0.524116,-0.448036,0.368157,-101.772,94.3518,-1703.32,0.223166,4,OK,-101.629,94.2537,-1703.54,OK,-135.492,59.0383,-1691.83,OK,-117.063,7.80898,-1699.12,OK,-67.6083,46.7748,-1715.56,,365987404,Port:2,0,1773325390,68826768,Enabled,0.930144,0.0309367,0.0352977,0.364182,-87.5202,271.265,-1592.3,0.14204,3,OK,-87.3483,271.331,-1592.32,OK,-129.048,241.32,-1589.58,OK,-130.236,317.594,-1587.04,,365987404,Port:3,0,1773325390,68826768,Missing,,,,,,,,,4,Missing,,,,Missing,,,,Missing,,,,Missing,,,,,365987404,Port:65535,0,1773325390,68826768,Missing,,,,,,,,,0
4,,365987410,Port:1,0,1773325390,168826768,100000000,Enabled,0.62176,0.528133,-0.445255,0.369104,-102.58,92.6577,-1702.12,0.231438,4,OK,-102.442,92.5495,-1702.35,OK,-135.928,56.996,-1690.64,OK,-117.053,5.9758,-1698.23,OK,-68.0385,45.439,-1714.67,,365987410,Port:2,0,1773325390,168826768,Enabled,0.93017,0.0307792,0.0349579,0.364162,-87.519,271.26,-1592.26,0.14065,3,OK,-87.3499,271.329,-1592.28,OK,-129.05,241.32,-1589.57,OK,-130.234,317.589,-1587.03,,365987410,Port:3,0,1773325390,168826768,Missing,,,,,,,,,4,Missing,,,,Missing,,,,Missing,,,,Missing,,,,,365987410,Port:65535,0,1773325390,168826768,Missing,,,,,,,,,0
4,,365987413,Port:1,0,1773325390,218826768,50000000,Enabled,0.621707,0.528232,-0.446212,0.367894,-102.238,92.7916,-1702.1,0.203903,4,OK,-102.097,92.6867,-1702.29,OK,-135.666,57.1934,-1690.74,OK,-116.919,6.12018,-1698.35,OK,-67.8175,45.5225,-1714.78,,365987413,Port:2,0,1773325390,218826768,Enabled,0.930137,0.0307078,0.035049,0.364245,-87.5186,271.268,-1592.28,0.142777,3,OK,-87.3453,271.333,-1592.3,OK,-129.044,241.318,-1589.58,OK,-130.245,317.596,-1587.05,,365987413,Port:3,0,1773325390,218826768,Missing,,,,,,,,,4,Missing,,,,Missing,,,,Missing,,,,Missing,,,,,365987413,Port:65535,0,1773325390,218826768,Missing,,,,,,,,,0
4,,365987416,Port:1,0,1773325390,268826768,50000000,Enabled,0.62186,0.529745,-0.442626,0.369787,-102.645,92.202,-1701.95,0.233307,4,OK,-102.501,92.1014,-1702.18,OK,-135.774,56.3751,-1690.32,OK,-116.673,5.44807,-1697.95,OK,-67.9174,45.1508,-1714.6,,365987416,Port:2,0,1773325390,268826768,Enabled,0.930131,0.0311028,0.0353166,0.364199,-87.5238,271.264,-1592.3,0.143599,3,OK,-87.3491,271.33,-1592.31,OK,-129.052,241.319,-1589.58,OK,-130.242,317.588,-1587.01,,365987416,Port:3,0,1773325390,268826768,Missing,,,,,,,,,4,Missing,,,,Missing,,,,Missing,,,,Missing,,,,,365987416,Port:65535,0,1773325390,268826768,Missing,,,,,,,,,0
4,,365987419,Port:1,0,1773325390,318826768,50000000,Enabled,0.621705,0.535536,-0.433539,0.372463,-103.792,90.3773,-1700.78,0.21465,4,OK,-103.653,90.2806,-1700.99,OK,-136.131,53.9829,-1688.7,OK,-116.193,3.37996,-1696.45,OK,-68.3483,43.9432,-1713.83,,365987419,Port:2,0,1773325390,318826768,Enabled,0.930154,0.0307193,0.0349798,0.364206,-87.517,271.264,-1592.26,0.142279,3,OK,-87.346,271.332,-1592.28,OK,-129.046,241.317,-1589.57,OK,-130.238,317.593,-1587.04,,365987419,Port:3,0,1773325390,318826768,Missing,,,,,,,,,4,Missing,,,,Missing,,,,Missing,,,,Missing,,,,,365987419,Port:65535,0,1773325390,318826768,Missing,,,,,,,,,0
4,,365987425,Port:1,0,1773325390,418826768,100000000,Enabled,0.618594,0.543908,-0.426161,0.374022,-104.147,87.0887,-1698.49,0.235951,4,OK,-104.007,86.985,-1698.73,OK,-135.631,49.9854,-1686.29,OK,-114.81,-0.146092,-1694.66,OK,-67.9694,41.4444,-1712.23,,365987425,Port:2,0,1773325390,418826768,Enabled,0.930098,0.0310753,0.035912,0.364228,-87.5242,271.272,-1592.35,0.143648,3,OK,-87.352,271.343,-1592.36,OK,-129.047,241.321,-1589.57,OK,-130.238,317.592,-1587.04,,365987425,Port:3,0,1773325390,418826768,Missing,,,,,,,,,4,Missing,,,,Missing,,,,Missing,,,,Missing,,,,,365987425,Port:65535,0,1773325390,418826768,Missing,,,,,,,,,0
4,,365987428,Port:1,0,1773325390,468826768,50000000,Enabled,0.617377,0.546209,-0.42596,0.372907,-103.663,86.437,-1697.86,0.231977,4,OK,-103.521,86.3376,-1698.09,OK,-135.047,49.223,-1685.78,OK,-114.159,-0.836423,-1694.43,OK,-67.4574,40.9197,-1711.89,,365987428,Port:2,0,1773325390,468826768,Enabled,0.930165,0.0306487,0.0349136,0.364191,-87.5154,271.265,-1592.28,0.141296,3,OK,-87.3449,271.332,-1592.29,OK,-129.045,241.321,-1589.59,OK,-130.236,317.596,-1587.07,,365987428,Port:3,0,1773325390,468826768,Missing,,,,,,,,,4,Missing,,,,Missing,,,,Missing,,,,Missing,,,,,365987428,Port:65535,0,1773325390,468826768,Missing,,,,,,,,,0
4,,365987431,Port:1,0,1773325390,518826768,50000000,Enabled,0.61728,0.548275,-0.423528,0.372806,-103.77,85.6765,-1697.27,0.232884,4,OK,-103.624,85.5718,-1697.5,OK,-134.949,48.3168,-1685.09,OK,-113.881,-1.65586,-1693.87,OK,-67.4137,40.3458,-1711.53,,365987431,Port:2,0,1773325390,518826768,Enabled,0.930149,0.0307453,0.035406,0.364176,-87.5221,271.262,-1592.3,0.14414,3,OK,-87.3471,271.328,-1592.31,OK,-129.052,241.318,-1589.56,OK,-130.24,317.593,-1587.05,,365987431,Port:3,0,1773325390,518826768,Missing,,,,,,,,,4,Missing,,,,Missing,,,,Missing,,,,Missing,,,,,365987431,Port:65535,0,1773325390,518826768,Missing,,,,,,,,,0
4,,365987434,Port:1,0,1773325390,568826768,50000000,Enabled,0.614133,0.552653,-0.42114,0.374241,-104.555,83.8966,-1696.12,0.211911,4,OK,-104.42,83.8101,-1696.33,OK,-135.298,46.1377,-1684.12,OK,-113.742,-3.54752,-1693.2,OK,-67.7675,39.0144,-1710.72,,365987434,Port:2,0,1773325390,568826768,Enabled,0.93013,0.0308026,0.0355665,0.364204,-87.5227,271.268,-1592.29,0.144969,3,OK,-87.3498,271.341,-1592.31,OK,-129.051,241.32,-1589.54,OK,-130.237,317.591,-1587.03,,365987434,Port:3,0,1773325390,568826768,Missing,,,,,,,,,4,Missing,,,,Missing,,,,Missing,,,,Missing,,,,,365987434,Port:65535,0,1773325390,568826768,Missing,,,,,,,,,0
4,,365987440,Port:1,0,1773325390,668826768,100000000,Enabled,0.608868,0.566119,-0.415846,0.368593,-104.273,78.9034,-1691.7,0.250925,4,OK,-104.122,78.8221,-1691.96,OK,-134.283,40.4292,-1679.97,OK,-112.186,-8.71163,-1690.68,OK,-67.1246,34.9191,-1707.98,,365987440,Port:2,0,1773325390,668826768,Enabled,0.930124,0.0312848,0.0353883,0.364196,-87.5219,271.264,-1592.3,0.141282,3,OK,-87.3496,271.332,-1592.32,OK,-129.049,241.326,-1589.58,OK,-130.236,317.579,-1586.99,,365987440,Port:3,0,1773325390,668826768,Missing,,,,,,,,,4,Missing,,,,Missing,,,,Missing,,,,Missing,,,,,365987440,Port:65535,0,1773325390,668826768,Missing,,,,,,,,,0
4,,365987443,Port:1,0,1773325390,718826768,50000000,Enabled,0.605583,0.571738,-0.412032,0.369614,-104.021,75.7772,-1689.6,0.258395,4,OK,-103.868,75.6947,-1689.87,OK,-133.463,36.8534,-1677.99,OK,-110.813,-11.9399,-1689.16,OK,-66.4342,32.3813,-1706.35,,365987443,Port:2,0,1773325390,718826768,Enabled,0.930141,0.0310426,0.0353799,0.364174,-87.5226,271.263,-1592.29,0.143166,3,OK,-87.3494,271.331,-1592.31,OK,-129.052,241.319,-1589.57,OK,-130.237,317.59,-1587.01,,365987443,Port:3,0,1773325390,718826768,Missing,,,,,,,,,4,Missing,,,,Missing,,,,Missing,,,,Missing,,,,,365987443,Port:65535,0,1773325390,718826768,Missing,,,,,,,,,0
4,,365987449,Port:1,0,1773325390,818826768,100000000,Enabled,0.601501,0.578585,-0.411837,0.365821,-103.205,72.3316,-1686.95,0.24808,4,OK,-103.043,72.2411,-1687.2,OK,-132.42,33.0995,-1675.8,OK,-109.629,-15.4127,-1687.84,OK,-65.5324,29.388,-1704.64,,365987449,Port:2,0,1773325390,818826768,Enabled,0.930136,0.0308977,0.0353373,0.364203,-87.5206,271.263,-1592.29,0.143302,3,OK,-87.3486,271.331,-1592.3,OK,-129.048,241.313,-1589.56,OK,-130.238,317.593,-1587.03,,365987449,Port:3,0,1773325390,818826768,Missing,,,,,,,,,4,Missing,,,,Missing,,,,Missing,,,,Missing,,,,,365987449,Port:65535,0,1773325390,818826768,Missing,,,,,,,,,0
4,,365987452,Port:1,0,1773325390,868826768,50000000,Enabled,0.600389,0.576591,-0.418133,0.363649,-103.289,72.8259,-1687.22,0.265172,4,OK,-103.114,72.7316,-1687.49,OK,-133.001,33.8369,-1676.48,OK,-110.648,-14.8285,-1688.64,OK,-65.9604,29.582,-1704.85,,365987452,Port:2,0,1773325390,868826768,Enabled,0.930133,0.0308919,0.0355697,0.364188,-87.521,271.264,-1592.29,0.142874,3,OK,-87.3463,271.33,-1592.31,OK,-129.048,241.323,-1589.54,OK,-130.238,317.59,-1587.02,,365987452,Port:3,0,1773325390,868826768,Missing,,,,,,,,,4,Missing,,,,Missing,,,,Missing,,,,Missing,,,,,365987452,Port:65535,0,1773325390,868826768,Missing,,,,,,,,,0
4,,365987455,Port:1,0,1773325390,918826768,50000000,Enabled,0.60018,0.574966,-0.42045,0.363895,-103.882,73.8605,-1687.88,0.247543,4,OK,-103.713,73.7683,-1688.13,OK,-133.78,34.9914,-1677.29,OK,-111.537,-13.7669,-1689.3,OK,-66.6373,30.4649,-1705.34,,365987455,Port:2,0,1773325390,918826768,Enabled,0.930151,0.0308919,0.0351826,0.364181,-87.5206,271.263,-1592.28,0.141341,3,OK,-87.3497,271.33,-1592.3,OK,-129.049,241.321,-1589.57,OK,-130.237,317.589,-1587.03,,365987455,Port:3,0,1773325390,918826768,Missing,,,,,,,,,4,Missing,,,,Missing,,,,Missing,,,,Missing,,,,,365987455,Port:65535,0,1773325390,918826768,Missing,,,,,,,,,0
4,,365987458,Port:1,0,1773325390,968826768,50000000,Enabled,0.602723,0.570465,-0.424503,0.362066,-103.894,76.2048,-1689.16,0.240868,4,OK,-103.74,76.1056,-1689.41,OK,-134.335,37.7708,-1678.53,OK,-112.64,-11.3329,-1690.28,OK,-67.0919,32.2748,-1706.32,,365987458,Port:2,0,1773325390,968826768,Enabled,0.930137,0.0309065,0.0353861,0.364195,-87.5266,271.265,-1592.31,0.142499,3,OK,-87.3544,271.332,-1592.33,OK,-129.053,241.319,-1589.58,OK,-130.244,317.593,-1587.05,,365987458,Port:3,0,1773325390,968826768,Missing,,,,,,,,,4,Missing,,,,Missing,,,,Missing,,,,Missing,,,,,365987458,Port:65535,0,1773325390,968826768,Missing,,,,,,,,,0
4,,365987461,Port:1,0,1773325391,18826768,50000000,Enabled,0.60489,0.563279,-0.432092,0.360724,-103.287,79.0109,-1690.9,0.240319,4,OK,-103.14,78.9193,-1691.15,OK,-134.519,41.1775,-1680.43,OK,-113.592,-8.36337,-1691.74,OK,-67.0943,34.342,-1707.46,,365987461,Port:2,0,1773325391,18826768,Enabled,0.930128,0.0311392,0.0355616,0.364182,-87.5258,271.271,-1592.34,0.145838,3,OK,-87.3492,271.341,-1592.35,OK,-129.056,241.326,-1589.59,OK,-130.24,317.595,-1587.04,,365987461,Port:3,0,1773325391,18826768,Missing,,,,,,,,,4,Missing,,,,Missing,,,,Missing,,,,Missing,,,,,365987461,Port:65535,0,1773325391,18826768,Missing,,,,,,,,,0
4,,365987464,Port:1,0,1773325391,68826768,50000000,Enabled,0.608999,0.550927,-0.445958,0.355978,-101.689,83.2707,-1693.32,0.248544,4,OK,-101.542,83.173,-1693.58,OK,-134.397,46.6019,-1683.17,OK,-115.038,-3.68082,-1693.89,OK,-66.8105,37.2676,-1709.03,,365987464,Port:2,0,1773325391,68826768,Enabled,0.930119,0.0309458,0.0355337,0.364224,-87.5235,271.265,-1592.31,0.144026,3,OK,-87.3517,271.337,-1592.32,OK,-129.05,241.314,-1589.56,OK,-130.24,317.587,-1587.03,,365987464,Port:3,0,1773325391,68826768,Missing,,,,,,,,,4,Missing,,,,Missing,,,,Missing,,,,Missing,,,,,365987464,Port:65535,0,1773325391,68826768,Missing,,,,,,,,,0
4,,365987470,Port:1,0,1773325391,168826768,100000000,Enabled,0.617677,0.525123,-0.468223,0.351409,-99.3121,91.9229,-1699.15,0.220645,4,OK,-99.1709,91.8035,-1699.36,OK,-134.432,57.4822,-1689.41,OK,-117.798,5.91389,-1698.38,OK,-66.7628,43.6165,-1712.78,,365987470,Port:2,0,1773325391,168826768,Enabled,0.930137,0.0309976,0.0353139,0.364194,-87.5216,271.263,-1592.31,0.142536,3,OK,-87.3489,271.33,-1592.32,OK,-129.049,241.318,-1589.59,OK,-130.239,317.591,-1587.03,,365987470,Port:3,0,1773325391,168826768,Missing,,,,,,,,,4,Missing,,,,Missing,,,,Missing,,,,Missing,,,,,365987470,Port:65535,0,1773325391,168826768,Missing,,,,,,,,,0
4,,365987473,Port:1,0,1773325391,218826768,50000000,Enabled,0.62162,0.512603,-0.479376,0.347887,-97.6066,96.0533,-1701.98,0.219041,4,OK,-97.4613,95.9279,-1702.18,OK,-133.912,62.7761,-1692.5,OK,-118.732,10.6638,-1700.77,OK,-66.3449,46.6635,-1714.72,,365987473,Port:2,0,1773325391,218826768,Enabled,0.930125,0.0312811,0.0354011,0.364191,-87.5197,271.261,-1592.3,0.142661,3,OK,-87.3464,271.328,-1592.32,OK,-129.047,241.318,-1589.58,OK,-130.234,317.583,-1586.99,,365987473,Port:3,0,1773325391,218826768,Missing,,,,,,,,,4,Missing,,,,Missing,,,,Missing,,,,Missing,,,,,365987473,Port:65535,0,1773325391,218826768,Missing,,,,,,,,,0
4,,365987476,Port:1,0,1773325391,268826768,50000000,Enabled,0.630199,0.493791,-0.492327,0.341518,-94.5093,101.339,-1705.29,0.220118,4,OK,-94.378,101.205,-1705.49,OK,-132.417,69.9039,-1695.79,OK,-119.499,17.0295,-1702.98,OK,-65.3267,50.3672,-1716.74,,365987476,Port:2,0,1773325391,268826768,Enabled,0.930125,0.0307973,0.0356072,0.364213,-87.5246,271.265,-1592.3,0.145941,3,OK,-87.3488,271.335,-1592.32,OK,-129.053,241.317,-1589.55,OK,-130.243,317.59,-1587.04,,365987476,Port:3,0,1773325391,268826768,Missing,,,,,,,,,4,Missing,,,,Missing,,,,Missing,,,,Missing,,,,,365987476,Port:65535,0,1773325391,268826768,Missing,,,,,,,,,0
4,,365987482,Port:1,0,1773325391,368826768,100000000,Enabled,0.644735,0.454787,-0.519696,0.327723,-86.3945,112.247,-1712.11,0.174216,4,OK,-86.27,112.116,-1712.24,OK,-127.334,84.7534,-1703.06,OK,-119.184,30.7174,-1708.11,OK,-61.7569,58.4463,-1721.06,,365987482,Port:2,0,1773325391,368826768,Enabled,0.930148,0.0307265,0.0354008,0.364179,-87.522,271.263,-1592.28,0.144407,3,OK,-87.3458,271.328,-1592.29,OK,-129.051,241.32,-1589.54,OK,-130.241,317.594,-1587.03,,365987482,Port:3,0,1773325391,368826768,Missing,,,,,,,,,4,Missing,,,,Missing,,,,Missing,,,,Missing,,,,,365987482,Port:65535,0,1773325391,368826768,Missing,,,,,,,,,0
4,,365987485,Port:1,0,1773325391,418826768,50000000,Enabled,0.65181,0.439604,-0.529189,0.319143,-82.3808,116.836,-1714.61,0.211185,4,OK,-82.2611,116.689,-1714.79,OK,-124.442,91.1038,-1705.51,OK,-118.452,36.7333,-1710.02,OK,-59.8647,62.01,-1722.76,,365987485,Port:2,0,1773325391,418826768,Enabled,0.930136,0.0310936,0.0352427,0.364196,-87.5281,271.266,-1592.32,0.145975,3,OK,-87.353,271.338,-1592.33,OK,-129.06,241.318,-1589.6,OK,-130.244,317.59,-1587.03,,365987485,Port:3,0,1773325391,418826768,Missing,,,,,,,,,4,Missing,,,,Missing,,,,Missing,,,,Missing,,,,,365987485,Port:65535,0,1773325391,418826768,Missing,,,,,,,,,0
4,,365987488,Port:1,0,1773325391,468826768,50000000,Enabled,0.66163,0.425547,-0.532926,0.311681,-78.7247,121.031,-1717.17,0.161593,4,OK,-78.6266,120.873,-1717.27,OK,-121.608,96.9234,-1707.6,OK,-117.481,42.2982,-1711.08,OK,-58.1157,65.3242,-1724.52,,365987488,Port:2,0,1773325391,468826768,Enabled,0.930123,0.0306685,0.0356339,0.364228,-87.52,271.262,-1592.3,0.144045,3,OK,-87.3449,271.329,-1592.32,OK,-129.044,241.314,-1589.54,OK,-130.242,317.589,-1587.05,,365987488,Port:3,0,1773325391,468826768,Missing,,,,,,,,,4,Missing,,,,Missing,,,,Missing,,,,Missing,,,,,365987488,Port:65535,0,1773325391,468826768,Missing,,,,,,,,,0
4,,365987491,Port:1,0,1773325391,518826768,50000000,Enabled,0.670092,0.411759,-0.536804,0.305406,-75.2282,124.704,-1719.85,0.168665,4,OK,-75.131,124.549,-1719.97,OK,-118.843,102.12,-1709.86,OK,-116.452,47.3373,-1712.47,OK,-56.3912,68.2624,-1726.29,,365987491,Port:2,0,1773325391,518826768,Enabled,0.930153,0.0307467,0.0351945,0.364186,-87.5207,271.263,-1592.3,0.144971,3,OK,-87.3438,271.33,-1592.32,OK,-129.053,241.322,-1589.59,OK,-130.241,317.59,-1587.06,,365987491,Port:3,0,1773325391,518826768,Missing,,,,,,,,,4,Missing,,,,Missing,,,,Missing,,,,Missing,,,,,365987491,Port:65535,0,1773325391,518826768,Missing,,,,,,,,,0
4,,365987494,Port:1,0,1773325391,568826768,50000000,Enabled,0.677361,0.399421,-0.539469,0.301028,-72.1527,127.961,-1722.63,0.146798,4,OK,-72.0664,127.798,-1722.71,OK,-116.318,106.673,-1712.32,OK,-115.338,51.8135,-1713.97,OK,-54.7957,70.9542,-1728.19,,365987494,Port:2,0,1773325391,568826768,Enabled,0.930135,0.0310439,0.035319,0.364194,-87.5229,271.261,-1592.3,0.142814,3,OK,-87.3497,271.329,-1592.31,OK,-129.051,241.318,-1589.58,OK,-130.239,317.585,-1587.02,,365987494,Port:3,0,1773325391,568826768,Missing,,,,,,,,,4,Missing,,,,Missing,,,,Missing,,,,Missing,,,,,365987494,Port:65535,0,1773325391,568826768,Missing,,,,,,,,,0
4,,365987500,Port:1,0,1773325391,668826768,100000000,Enabled,0.697413,0.370187,-0.541177,0.289317,-64.2896,134.485,-1727.94,0.146869,4,OK,-64.2061,134.316,-1727.99,OK,-109.537,116.38,-1716.32,OK,-111.909,61.5341,-1715.62,OK,-50.4791,76.3504,-1731.26,,365987500,Port:2,0,1773325391,668826768,Enabled,0.930104,0.0312792,0.0358127,0.364206,-87.5233,271.266,-1592.36,0.147027,3,OK,-87.3458,271.337,-1592.37,OK,-129.052,241.318,-1589.59,OK,-130.237,317.585,-1587.03,,365987500,Port:3,0,1773325391,668826768,Missing,,,,,,,,,4,Missing,,,,Missing,,,,Missing,,,,Missing,,,,,365987500,Port:65535,0,1773325391,668826768,Missing,,,,,,,,,0
4,,365987503,Port:1,0,1773325391,718826768,50000000,Enabled,0.707606,0.359415,-0.540458,0.279318,-59.7185,137.238,-1729.44,0.14279,4,OK,-59.6587,137.053,-1729.47,OK,-105.34,120.699,-1717.03,OK,-109.396,65.9605,-1715.58,OK,-47.7442,78.6625,-1732.24,,365987503,Port:2,0,1773325391,718826768,Enabled,0.930123,0.0308661,0.0354543,0.364226,-87.5216,271.263,-1592.31,0.143573,3,OK,-87.3477,271.329,-1592.33,OK,-129.047,241.314,-1589.58,OK,-130.243,317.589,-1587.05,,365987503,Port:3,0,1773325391,718826768,Missing,,,,,,,,,4,Missing,,,,Missing,,,,Missing,,,,Missing,,,,,365987503,Port:65535,0,1773325391,718826768,Missing,,,,,,,,,0
4,,365987506,Port:1,0,1773325391,768826768,50000000,Enabled,0.717371,0.34377,-0.542347,0.270297,-54.0114,139.845,-1731.67,0.140845,4,OK,-53.9562,139.659,-1731.7,OK,-100.13,125.215,-1718.72,OK,-106.166,70.689,-1716.24,OK,-44.2024,80.8295,-1733.45,,365987506,Port:2,0,1773325391,768826768,Enabled,0.93012,0.030938,0.0357216,0.364203,-87.5236,271.264,-1592.32,0.145609,3,OK,-87.349,271.334,-1592.34,OK,-129.05,241.313,-1589.56,OK,-130.238,317.591,-1587.04,,365987506,Port:3,0,1773325391,768826768,Missing,,,,,,,,,4,Missing,,,,Missing,,,,Missing,,,,Missing,,,,,365987506,Port:65535,0,1773325391,768826768,Missing,,,,,,,,,0
4,,365987509,Port:1,0,1773325391,818826768,50000000,Enabled,0.722962,0.327332,-0.553047,0.25361,-46.1621,142.482,-1733.24,0.134384,4,OK,-46.1397,142.29,-1733.24,OK,-93.0503,130.325,-1720.58,OK,-101.942,76.2071,-1717.92,OK,-39.4348,83.0193,-1734.77,,365987509,Port:2,0,1773325391,818826768,Enabled,0.930135,0.0309777,0.0353553,0.364197,-87.5213,271.264,-1592.32,0.143886,3,OK,-87.3454,271.33,-1592.33,OK,-129.05,241.321,-1589.59,OK,-130.241,317.59,-1587.05,,365987509,Port:3,0,1773325391,818826768,Missing,,,,,,,,,4,Missing,,,,Missing,,,,Missing,,,,Missing,,,,,365987509,Port:65535,0,1773325391,818826768,Missing,,,,,,,,,0
4,,365987515,Port:1,0,1773325391,918826768,100000000,Enabled,0.727826,0.289112,-0.583147,0.215925,-28.541,146.718,-1736.27,0.124238,4,OK,-28.5153,146.552,-1736.24,OK,-76.9456,140.255,-1725.19,OK,-92.2678,87.5752,-1722.79,OK,-28.8844,86.8575,-1737.62,,365987515,Port:2,0,1773325391,918826768,Enabled,0.930142,0.0308926,0.0354417,0.364177,-87.5247,271.258,-1592.32,0.141777,3,OK,-87.3548,271.327,-1592.33,OK,-129.052,241.312,-1589.58,OK,-130.238,317.589,-1587.05,,365987515,Port:3,0,1773325391,918826768,Missing,,,,,,,,,4,Missing,,,,Missing,,,,Missing,,,,Missing,,,,,365987515,Port:65535,0,1773325391,918826768,Missing,,,,,,,,,0
4,,365987518,Port:1,0,1773325391,968826768,50000000,Enabled,0.726684,0.277239,-0.592813,0.208908,-24.5819,148.175,-1738.08,0.121601,4,OK,-24.5366,148.021,-1738.08,OK,-73.339,143.165,-1727.77,OK,-90.2275,90.9661,-1725.44,OK,-26.6588,88.3496,-1739.19,,365987518,Port:2,0,1773325391,968826768,Enabled,0.930115,0.0310623,0.0357349,0.364203,-87.5193,271.259,-1592.31,0.142386,3,OK,-87.3482,271.328,-1592.32,OK,-129.044,241.311,-1589.55,OK,-130.233,317.582,-1587.01,,365987518,Port:3,0,1773325391,968826768,Missing,,,,,,,,,4,Missing,,,,Missing,,,,Missing,,,,Missing,,,,,365987518,Port:65535,0,1773325391,968826768,Missing,,,,,,,,,0
4,,365987521,Port:1,0,1773325392,18826768,50000000,Enabled,0.726119,0.27336,-0.594236,0.211919,-24.7726,149.29,-1740,0.131483,4,OK,-24.7259,149.126,-1739.98,OK,-73.6013,144.4,-1729.95,OK,-90.5436,92.2428,-1727.27,OK,-26.8811,89.4644,-1740.63,,365987521,Port:2,0,1773325392,18826768,Enabled,0.93011,0.0310577,0.0356849,0.364222,-87.5215,271.259,-1592.31,0.145786,3,OK,-87.3459,271.33,-1592.32,OK,-129.049,241.31,-1589.55,OK,-130.238,317.579,-1587.01,,365987521,Port:3,0,1773325392,18826768,Missing,,,,,,,,,4,Missing,,,,Missing,,,,Missing,,,,Missing,,,,,365987521,Port:65535,0,1773325392,18826768,Missing,,,,,,,,,0
4,,365987524,Port:1,0,1773325392,68826767,49999999,Enabled,0.728145,0.273426,-0.589973,0.21674,-26.3133,150.328,-1741.24,0.131599,4,OK,-26.2823,150.165,-1741.19,OK,-75.0176,145.117,-1730.89,OK,-91.5056,92.8268,-1727.61,OK,-27.9252,90.4833,-1741.37,,365987524,Port:2,0,1773325392,68826767,Enabled,0.930124,0.0312267,0.0355587,0.364184,-87.5228,271.264,-1592.32,0.142991,3,OK,-87.3523,271.336,-1592.33,OK,-129.05,241.317,-1589.58,OK,-130.232,317.586,-1587.01,,365987524,Port:3,0,1773325392,68826767,Missing,,,,,,,,,4,Missing,,,,Missing,,,,Missing,,,,Missing,,,,,365987524,Port:65535,0,1773325392,68826767,Missing,,,,,,,,,0
4,,365987530,Port:1,0,1773325392,168826767,100000000,Enabled,0.727175,0.268938,-0.590115,0.225064,-28.1698,152.479,-1744.69,0.124147,4,OK,-28.1287,152.33,-1744.64,OK,-76.9131,147.068,-1734.62,OK,-93.0643,94.7257,-1730.66,OK,-29.3608,92.6292,-1743.87,,365987530,Port:2,0,1773325392,168826767,Enabled,0.930118,0.0309242,0.0358354,0.364198,-87.5214,271.259,-1592.32,0.144414,3,OK,-87.3479,271.329,-1592.33,OK,-129.047,241.31,-1589.55,OK,-130.235,317.586,-1587.03,,365987530,Port:3,0,1773325392,168826767,Missing,,,,,,,,,4,Missing,,,,Missing,,,,Missing,,,,Missing,,,,,365987530,Port:65535,0,1773325392,168826767,Missing,,,,,,,,,0
4,,365987533,Port:1,0,1773325392,218826767,50000000,Enabled,0.725858,0.263749,-0.592577,0.228953,-28.2926,153.434,-1746.88,0.134358,4,OK,-28.2509,153.278,-1746.82,OK,-77.1532,148.18,-1737.24,OK,-93.3815,95.92,-1732.87,OK,-29.5596,93.5941,-1745.47,,365987533,Port:2,0,1773325392,218826767,Enabled,0.930147,0.0308401,0.035137,0.3642,-87.5223,271.258,-1592.3,0.140635,3,OK,-87.3514,271.323,-1592.31,OK,-129.049,241.316,-1589.59,OK,-130.242,317.585,-1587.05,,365987533,Port:3,0,1773325392,218826767,Missing,,,,,,,,,4,Missing,,,,Missing,,,,Missing,,,,Missing,,,,,365987533,Port:65535,0,1773325392,218826767,Missing,,,,,,,,,0
4,,365987536,Port:1,0,1773325392,268826767,50000000,Enabled,0.726461,0.257831,-0.591874,0.235503,-28.1523,154.407,-1749.5,0.129303,4,OK,-28.1111,154.251,-1749.45,OK,-77.0395,149.192,-1739.97,OK,-93.1583,96.9639,-1734.81,OK,-29.2718,94.5972,-1747.07,,365987536,Port:2,0,1773325392,268826767,Enabled,0.930114,0.0311836,0.0356794,0.364201,-87.5217,271.26,-1592.32,0.142251,3,OK,-87.3488,271.329,-1592.33,OK,-129.047,241.319,-1589.57,OK,-130.236,317.578,-1587.01,,365987536,Port:3,0,1773325392,268826767,Missing,,,,,,,,,4,Missing,,,,Missing,,,,Missing,,,,Missing,,,,,365987536,Port:65535,0,1773325392,268826767,Missing,,,,,,,,,0
4,,365987539,Port:1,0,1773325392,318826767,50000000,Enabled,0.730173,0.250804,-0.589693,0.237078,-26.6754,155.672,-1751.82,0.144008,4,OK,-26.6379,155.507,-1751.74,OK,-75.5649,150.926,-1742.08,OK,-92.0048,98.896,-1736.03,OK,-28.1819,95.9198,-1748.5,,365987539,Port:2,0,1773325392,318826767,Enabled,0.930109,0.0308604,0.0359291,0.364218,-87.5229,271.266,-1592.33,0.142574,3,OK,-87.351,271.335,-1592.34,OK,-129.045,241.32,-1589.54,OK,-130.238,317.588,-1587.04,,365987539,Port:3,0,1773325392,318826767,Missing,,,,,,,,,4,Missing,,,,Missing,,,,Missing,,,,Missing,,,,,365987539,Port:65535,0,1773325392,318826767,Missing,,,,,,,,,0
4,,365987545,Port:1,0,1773325392,418826767,100000000,Enabled,0.732654,0.234071,-0.59405,0.235656,-21.2905,157.344,-1756.86,0.143627,4,OK,-21.2674,157.182,-1756.76,OK,-70.3757,154.057,-1747.56,OK,-88.1876,102.576,-1740.54,OK,-24.347,97.7278,-1752.26,,365987545,Port:2,0,1773325392,418826767,Enabled,0.930106,0.0309259,0.0357454,0.364237,-87.5224,271.263,-1592.34,0.140795,3,OK,-87.3543,271.333,-1592.35,OK,-129.043,241.313,-1589.57,OK,-130.238,317.585,-1587.05,,365987545,Port:3,0,1773325392,418826767,Missing,,,,,,,,,4,Missing,,,,Missing,,,,Missing,,,,Missing,,,,,365987545,Port:65535,0,1773325392,418826767,Missing,,,,,,,,,0
4,,365987548,Port:1,0,1773325392,468826767,50000000,Enabled,0.735454,0.225733,-0.595531,0.231289,-18.2848,158.428,-1758.92,0.147093,4,OK,-18.2539,158.257,-1758.85,OK,-67.4315,156.083,-1749.61,OK,-86.1979,105.033,-1742.25,OK,-22.4304,98.9377,-1753.86,,365987548,Port:2,0,1773325392,468826767,Enabled,0.930111,0.0308622,0.035799,0.364225,-87.5222,271.266,-1592.34,0.143171,3,OK,-87.3509,271.336,-1592.36,OK,-129.045,241.315,-1589.57,OK,-130.238,317.59,-1587.06,,365987548,Port:3,0,1773325392,468826767,Missing,,,,,,,,,4,Missing,,,,Missing,,,,Missing,,,,Missing,,,,,365987548,Port:65535,0,1773325392,468826767,Missing,,,,,,,,,0
4,,365987551,Port:1,0,1773325392,518826767,50000000,Enabled,0.735408,0.21959,-0.597548,0.232147,-17.1898,159.218,-1760.47,0.165363,4,OK,-17.1581,159.046,-1760.35,OK,-66.4087,157.309,-1751.5,OK,-85.5676,106.438,-1743.71,OK,-21.7917,99.8077,-1754.92,,365987551,Port:2,0,1773325392,518826767,Enabled,0.930098,0.0311099,0.0358988,0.364227,-87.5218,271.266,-1592.34,0.148885,3,OK,-87.3428,271.337,-1592.35,OK,-129.049,241.311,-1589.56,OK,-130.238,317.589,-1587.02,,365987551,Port:3,0,1773325392,518826767,Missing,,,,,,,,,4,Missing,,,,Missing,,,,Missing,,,,Missing,,,,,365987551,Port:65535,0,1773325392,518826767,Missing,,,,,,,,,0
4,,365987554,Port:1,0,1773325392,568826767,50000000,Enabled,0.736939,0.21911,-0.593525,0.237991,-18.4737,159.606,-1761.7,0.149643,4,OK,-18.45,159.451,-1761.59,OK,-67.6154,157.352,-1752.46,OK,-86.2941,106.377,-1744.07,OK,-22.5015,100.2,-1755.52,,365987554,Port:2,0,1773325392,568826767,Enabled,0.930115,0.0312137,0.0354636,0.364218,-87.528,271.266,-1592.34,0.145491,3,OK,-87.354,271.34,-1592.35,OK,-129.057,241.318,-1589.6,OK,-130.242,317.582,-1587.03,,365987554,Port:3,0,1773325392,568826767,Missing,,,,,,,,,4,Missing,,,,Missing,,,,Missing,,,,Missing,,,,,365987554,Port:65535,0,1773325392,568826767,Missing,,,,,,,,,0
4,,365987560,Port:1,0,1773325392,668826767,100000000,Enabled,0.731518,0.235492,-0.5904,0.246685,-24.7551,158.579,-1759.63,0.137793,4,OK,-24.7232,158.421,-1759.55,OK,-73.7687,154.41,-1750.3,OK,-90.5484,102.681,-1742.68,OK,-26.6231,98.9798,-1754.3,,365987560,Port:2,0,1773325392,668826767,Enabled,0.930132,0.0308622,0.0354042,0.36421,-87.5177,271.264,-1592.3,0.145352,3,OK,-87.3431,271.335,-1592.31,OK,-129.047,241.316,-1589.56,OK,-130.235,317.587,-1587.03,,365987560,Port:3,0,1773325392,668826767,Missing,,,,,,,,,4,Missing,,,,Missing,,,,Missing,,,,Missing,,,,,365987560,Port:65535,0,1773325392,668826767,Missing,,,,,,,,,0
4,,365987563,Port:1,0,1773325392,718826767,50000000,Enabled,0.726768,0.247303,-0.589217,0.251939,-29.1263,157.287,-1757.27,0.129855,4,OK,-29.0907,157.124,-1757.22,OK,-78.027,151.79,-1747.99,OK,-93.5309,99.5882,-1741.11,OK,-29.5365,97.6044,-1752.68,,365987563,Port:2,0,1773325392,718826767,Enabled,0.930116,0.0310881,0.0357285,0.3642,-87.5203,271.256,-1592.31,0.142753,3,OK,-87.3482,271.324,-1592.33,OK,-129.044,241.308,-1589.55,OK,-130.234,317.582,-1587.01,,365987563,Port:3,0,1773325392,718826767,Missing,,,,,,,,,4,Missing,,,,Missing,,,,Missing,,,,Missing,,,,,365987563,Port:65535,0,1773325392,718826767,Missing,,,,,,,,,0
4,,365987566,Port:1,0,1773325392,768826767,50000000,Enabled,0.72081,0.257495,-0.591076,0.254478,-32.9881,155.781,-1754.52,0.140751,4,OK,-32.9377,155.619,-1754.45,OK,-81.8404,149.276,-1745.65,OK,-96.4567,96.6921,-1739.62,OK,-32.3555,96.0407,-1750.88,,365987566,Port:2,0,1773325392,768826767,Enabled,0.930151,0.0309349,0.0351858,0.364177,-87.5197,271.261,-1592.3,0.142123,3,OK,-87.3467,271.327,-1592.32,OK,-129.049,241.319,-1589.59,OK,-130.237,317.589,-1587.04,,365987566,Port:3,0,1773325392,768826767,Missing,,,,,,,,,4,Missing,,,,Missing,,,,Missing,,,,Missing,,,,,365987566,Port:65535,0,1773325392,768826767,Missing,,,,,,,,,0
4,,365987572,Port:1,0,1773325392,868826767,100000000,Enabled,0.701339,0.278506,-0.60139,0.262465,-42.8398,151.344,-1748.64,0.124506,4,OK,-42.7821,151.195,-1748.62,OK,-91.6335,142.54,-1741.54,OK,-104.221,89.2439,-1737.92,OK,-39.8438,91.5725,-1747.08,,365987572,Port:2,0,1773325392,868826767,Enabled,0.930167,0.0308868,0.0350158,0.364157,-87.5162,271.257,-1592.28,0.144605,3,OK,-87.3414,271.325,-1592.29,OK,-129.051,241.315,-1589.58,OK,-130.232,317.588,-1587.03,,365987572,Port:3,0,1773325392,868826767,Missing,,,,,,,,,4,Missing,,,,Missing,,,,Missing,,,,Missing,,,,,365987572,Port:65535,0,1773325392,868826767,Missing,,,,,,,,,0
4,,365987575,Port:1,0,1773325392,918826767,50000000,Enabled,0.689398,0.295132,-0.605009,0.267567,-49.208,147.978,-1744.76,0.128477,4,OK,-49.1435,147.831,-1744.74,OK,-97.794,137.461,-1738.56,OK,-108.734,83.7462,-1736.49,OK,-44.3441,88.3081,-1744.68,,365987575,Port:2,0,1773325392,918826767,Enabled,0.930146,0.0307723,0.0349334,0.364226,-87.5195,271.263,-1592.27,0.140542,3,OK,-87.3494,271.329,-1592.28,OK,-129.046,241.317,-1589.58,OK,-130.243,317.589,-1587.04,,365987575,Port:3,0,1773325392,918826767,Missing,,,,,,,,,4,Missing,,,,Missing,,,,Missing,,,,Missing,,,,,365987575,Port:65535,0,1773325392,918826767,Missing,,,,,,,,,0
4,,365987578,Port:1,0,1773325392,968826767,50000000,Enabled,0.683772,0.309714,-0.601088,0.274275,-54.9772,144.677,-1741.79,0.13663,4,OK,-54.8983,144.526,-1741.75,OK,-103.187,132.527,-1735.64,OK,-112.388,78.4437,-1734.22,OK,-48.1929,85.2096,-1742.53,,365987578,Port:2,0,1773325392,968826767,Enabled,0.930105,0.0311022,0.0355997,0.364238,-87.5195,271.265,-1592.32,0.145166,3,OK,-87.3459,271.338,-1592.34,OK,-129.046,241.313,-1589.58,OK,-130.236,317.584,-1587.03,,365987578,Port:3,0,1773325392,968826767,Missing,,,,,,,,,4,Missing,,,,Missing,,,,Missing,,,,Missing,,,,,365987578,Port:65535,0,1773325392,968826767,Missing,,,,,,,,,0
4,,365987581,Port:1,0,1773325393,18826767,50000000,Enabled,0.677575,0.320698,-0.600121,0.279104,-58.7113,141.789,-1739.36,0.133158,4,OK,-58.6286,141.654,-1739.42,OK,-106.636,128.409,-1733.42,OK,-114.547,74.1254,-1732.88,OK,-50.5139,82.5005,-1740.75,,365987581,Port:2,0,1773325393,18826767,Enabled,0.930118,0.0310125,0.035693,0.364203,-87.5231,271.258,-1592.32,0.144631,3,OK,-87.35,271.331,-1592.33,OK,-129.051,241.311,-1589.56,OK,-130.236,317.578,-1587.02,,365987581,Port:3,0,1773325393,18826767,Missing,,,,,,,,,4,Missing,,,,Missing,,,,Missing,,,,Missing,,,,,365987581,Port:65535,0,1773325393,18826767,Missing,,,,,,,,,0
4,,365987587,Port:1,0,1773325393,118826765,99999998,Enabled,0.670826,0.331493,-0.602802,0.277012,-60.136,138.909,-1735.81,0.129138,4,OK,-60.0505,138.767,-1735.83,OK,-107.925,124.817,-1730.43,OK,-115.148,70.4494,-1731.1,OK,-51.2225,79.7731,-1738.54,,365987587,Port:2,0,1773325393,118826765,Enabled,0.930131,0.0309112,0.0354615,0.364201,-87.5172,271.261,-1592.31,0.144983,3,OK,-87.3426,271.33,-1592.33,OK,-129.046,241.313,-1589.57,OK,-130.234,317.588,-1587.04,,365987587,Port:3,0,1773325393,118826765,Missing,,,,,,,,,4,Missing,,,,Missing,,,,Missing,,,,Missing,,,,,365987587,Port:65535,0,1773325393,118826765,Missing,,,,,,,,,0
4,,365987590,Port:1,0,1773325393,168826765,50000000,Enabled,0.671053,0.331821,-0.601437,0.279026,-60.3741,138.717,-1735.8,0.129446,4,OK,-60.2857,138.578,-1735.82,OK,-108.105,124.458,-1730.34,OK,-115.127,70.055,-1730.85,OK,-51.2234,79.6104,-1738.38,,365987590,Port:2,0,1773325393,168826765,Enabled,0.930117,0.0311561,0.0356487,0.3642,-87.5194,271.257,-1592.31,0.144198,3,OK,-87.3444,271.326,-1592.32,OK,-129.047,241.314,-1589.56,OK,-130.234,317.575,-1587,,365987590,Port:3,0,1773325393,168826765,Missing,,,,,,,,,4,Missing,,,,Missing,,,,Missing,,,,Missing,,,,,365987590,Port:65535,0,1773325393,168826765,Missing,,,,,,,,,0
4,,365987593,Port:1,0,1773325393,218826765,50000000,Enabled,0.66886,0.33271,-0.603685,0.27838,-60.5465,138.838,-1735.57,0.132268,4,OK,-60.4503,138.709,-1735.61,OK,-108.304,124.553,-1730.37,OK,-115.326,70.153,-1731.22,OK,-51.3938,79.7416,-1738.36,,365987593,Port:2,0,1773325393,218826765,Enabled,0.930116,0.0311721,0.0356705,0.364197,-87.5229,271.266,-1592.33,0.143549,3,OK,-87.3519,271.338,-1592.35,OK,-129.049,241.316,-1589.58,OK,-130.234,317.591,-1587.02,,365987593,Port:3,0,1773325393,218826765,Missing,,,,,,,,,4,Missing,,,,Missing,,,,Missing,,,,Missing,,,,,365987593,Port:65535,0,1773325393,218826765,Missing,,,,,,,,,0
4,,365987596,Port:1,0,1773325393,268826765,50000000,Enabled,0.668445,0.332462,-0.602885,0.28139,-61.6414,138.993,-1736.05,0.129631,4,OK,-61.5425,138.865,-1736.07,OK,-109.345,124.511,-1730.89,OK,-116.115,70.0859,-1731.48,OK,-52.2228,79.9265,-1738.6,,365987596,Port:2,0,1773325393,268826765,Enabled,0.930124,0.0311073,0.0353632,0.364213,-87.5177,271.264,-1592.31,0.144438,3,OK,-87.3422,271.331,-1592.33,OK,-129.045,241.316,-1589.59,OK,-130.237,317.588,-1587.03,,365987596,Port:3,0,1773325393,268826765,Missing,,,,,,,,,4,Missing,,,,Missing,,,,Missing,,,,Missing,,,,,365987596,Port:65535,0,1773325393,268826765,Missing,,,,,,,,,0
4,,365987599,Port:1,0,1773325393,318826765,50000000,Enabled,0.666679,0.336541,-0.599818,0.287225,-64.3575,138.443,-1736.38,0.13632,4,OK,-64.2586,138.316,-1736.42,OK,-111.823,123.216,-1731.14,OK,-117.747,68.7003,-1731.66,OK,-54.0017,79.5289,-1738.78,,365987599,Port:2,0,1773325393,318826765,Enabled,0.930122,0.0311266,0.0355078,0.364202,-87.5184,271.26,-1592.32,0.144006,3,OK,-87.3452,271.332,-1592.33,OK,-129.047,241.316,-1589.58,OK,-130.232,317.578,-1587.02,,365987599,Port:3,0,1773325393,318826765,Missing,,,,,,,,,4,Missing,,,,Missing,,,,Missing,,,,Missing,,,,,365987599,Port:65535,0,1773325393,318826765,Missing,,,,,,,,,0
4,,365987605,Port:1,0,1773325393,418826765,100000000,Enabled,0.664505,0.364597,-0.576549,0.305113,-74.1885,133.385,-1733.34,0.138322,4,OK,-74.0893,133.265,-1733.41,OK,-120.198,114.676,-1726.61,OK,-122.068,59.8339,-1727.28,OK,-59.5573,75.403,-1736.37,,365987605,Port:2,0,1773325393,418826765,Enabled,0.930152,0.0307464,0.0355554,0.364154,-87.5219,271.256,-1592.3,0.147502,3,OK,-87.3421,271.323,-1592.32,OK,-129.055,241.314,-1589.55,OK,-130.237,317.588,-1587.05,,365987605,Port:3,0,1773325393,418826765,Missing,,,,,,,,,4,Missing,,,,Missing,,,,Missing,,,,Missing,,,,,365987605,Port:65535,0,1773325393,418826765,Missing,,,,,,,,,0
4,,365987608,Port:1,0,1773325393,468826765,50000000,Enabled,0.664986,0.380354,-0.560556,0.314486,-78.7414,129.236,-1730.41,0.140188,4,OK,-78.6394,129.108,-1730.48,OK,-123.745,108.614,-1722.58,OK,-123.328,53.7482,-1723.21,OK,-61.7679,71.9282,-1733.84,,365987608,Port:2,0,1773325393,468826765,Enabled,0.930123,0.0309715,0.0356837,0.364196,-87.5191,271.261,-1592.33,0.145121,3,OK,-87.3436,271.329,-1592.34,OK,-129.046,241.313,-1589.57,OK,-130.235,317.588,-1587.04,,365987608,Port:3,0,1773325393,468826765,Missing,,,,,,,,,4,Missing,,,,Missing,,,,Missing,,,,Missing,,,,,365987608,Port:65535,0,1773325393,468826765,Missing,,,,,,,,,0
4,,365987611,Port:1,0,1773325393,518826765,50000000,Enabled,0.662071,0.396211,-0.549749,0.320087,-82.413,124.945,-1727.14,0.135875,4,OK,-82.3117,124.827,-1727.22,OK,-126.521,102.678,-1718.78,OK,-124.188,47.849,-1720,OK,-63.4915,68.3039,-1731.45,,365987611,Port:2,0,1773325393,518826765,Enabled,0.930164,0.0309397,0.0348857,0.364172,-87.5172,271.256,-1592.26,0.14381,3,OK,-87.3431,271.324,-1592.27,OK,-129.051,241.314,-1589.58,OK,-130.235,317.583,-1587.01,,365987611,Port:3,0,1773325393,518826765,Missing,,,,,,,,,4,Missing,,,,Missing,,,,Missing,,,,Missing,,,,,365987611,Port:65535,0,1773325393,518826765,Missing,,,,,,,,,0
4,,365987617,Port:1,0,1773325393,618826765,100000000,Enabled,0.655437,0.425709,-0.528134,0.332036,-89.2274,116.871,-1721.38,0.167854,4,OK,-89.1174,116.753,-1721.52,OK,-131.416,91.4464,-1712.05,OK,-125.316,36.9441,-1714.45,OK,-66.5584,61.7703,-1727.27,,365987617,Port:2,0,1773325393,618826765,Enabled,0.93015,0.0305927,0.0354095,0.364186,-87.5184,271.257,-1592.3,0.144779,3,OK,-87.3431,271.324,-1592.31,OK,-129.048,241.311,-1589.56,OK,-130.238,317.59,-1587.07,,365987617,Port:3,0,1773325393,618826765,Missing,,,,,,,,,4,Missing,,,,Missing,,,,Missing,,,,Missing,,,,,365987617,Port:65535,0,1773325393,618826765,Missing,,,,,,,,,0
4,,365987620,Port:1,0,1773325393,668826765,50000000,Enabled,0.650909,0.43754,-0.519916,0.338472,-92.3469,113.083,-1718.94,0.169117,4,OK,-92.2287,112.977,-1719.08,OK,-133.638,86.2872,-1709.44,OK,-125.896,32.028,-1712.29,OK,-68.0462,58.7612,-1725.41,,365987620,Port:2,0,1773325393,668826765,Enabled,0.930137,0.0308748,0.0352963,0.364207,-87.5184,271.265,-1592.3,0.141802,3,OK,-87.3469,271.332,-1592.32,OK,-129.045,241.32,-1589.58,OK,-130.237,317.589,-1587.04,,365987620,Port:3,0,1773325393,668826765,Missing,,,,,,,,,4,Missing,,,,Missing,,,,Missing,,,,Missing,,,,,365987620,Port:65535,0,1773325393,668826765,Missing,,,,,,,,,0
4,,365987623,Port:1,0,1773325393,718826765,50000000,Enabled,0.64789,0.446894,-0.51448,0.340346,-94.1906,110.177,-1716.63,0.16583,4,OK,-94.0713,110.067,-1716.76,OK,-134.884,82.5165,-1707.04,OK,-126.131,28.4485,-1710.44,OK,-68.9305,56.3874,-1723.82,,365987623,Port:2,0,1773325393,718826765,Enabled,0.930138,0.0309864,0.0355286,0.364173,-87.5244,271.261,-1592.33,0.141824,3,OK,-87.3523,271.327,-1592.34,OK,-129.051,241.319,-1589.58,OK,-130.238,317.588,-1587.04,,365987623,Port:3,0,1773325393,718826765,Missing,,,,,,,,,4,Missing,,,,Missing,,,,Missing,,,,Missing,,,,,365987623,Port:65535,0,1773325393,718826765,Missing,,,,,,,,,0
4,,365987626,Port:1,0,1773325393,768826765,50000000,Enabled,0.645952,0.452316,-0.510305,0.34314,-95.5922,108.229,-1715.47,0.185525,4,OK,-95.4793,108.122,-1715.63,OK,-135.832,79.9695,-1705.74,OK,-126.343,26.0262,-1709.41,OK,-69.5986,54.8291,-1722.91,,365987626,Port:2,0,1773325393,768826765,Enabled,0.930112,0.0311024,0.0356096,0.364221,-87.5196,271.259,-1592.31,0.143655,3,OK,-87.3457,271.327,-1592.33,OK,-129.045,241.311,-1589.57,OK,-130.237,317.581,-1587.02,,365987626,Port:3,0,1773325393,768826765,Missing,,,,,,,,,4,Missing,,,,Missing,,,,Missing,,,,Missing,,,,,365987626,Port:65535,0,1773325393,768826765,Missing,,,,,,,,,0
4,,365987629,Port:1,0,1773325393,818826765,50000000,Enabled,0.644539,0.457922,-0.505383,0.345636,-96.8909,106.869,-1714.55,0.194163,4,OK,-96.7628,106.772,-1714.72,OK,-136.662,77.9952,-1704.63,OK,-126.423,24.2171,-1708.51,OK,-70.1881,53.8752,-1722.3,,365987629,Port:2,0,1773325393,818826765,Enabled,0.930136,0.030862,0.035622,0.364177,-87.5193,271.261,-1592.3,0.143338,3,OK,-87.3456,271.329,-1592.31,OK,-129.047,241.319,-1589.54,OK,-130.234,317.587,-1587.02,,365987629,Port:3,0,1773325393,818826765,Missing,,,,,,,,,4,Missing,,,,Missing,,,,Missing,,,,Missing,,,,,365987629,Port:65535,0,1773325393,818826765,Missing,,,,,,,,,0
4,,365987635,Port:1,0,1773325393,918826765,100000000,Enabled,0.642464,0.466222,-0.497383,0.349983,-99.1145,105.118,-1713.38,0.197653,4,OK,-98.9899,105.02,-1713.56,OK,-138.121,75.3326,-1703.13,OK,-126.709,21.787,-1707.28,OK,-71.2729,52.7715,-1721.54,,365987635,Port:2,0,1773325393,918826765,Enabled,0.930129,0.0308103,0.0354128,0.364221,-87.5165,271.257,-1592.29,0.144857,3,OK,-87.3411,271.325,-1592.3,OK,-129.044,241.309,-1589.55,OK,-130.237,317.582,-1587.03,,365987635,Port:3,0,1773325393,918826765,Missing,,,,,,,,,4,Missing,,,,Missing,,,,Missing,,,,Missing,,,,,365987635,Port:65535,0,1773325393,918826765,Missing,,,,,,,,,0
4,,365987638,Port:1,0,1773325393,968826765,50000000,Enabled,0.642729,0.469841,-0.491976,0.35229,-99.6512,104.181,-1712.8,0.19533,4,OK,-99.5268,104.079,-1712.98,OK,-138.229,73.9591,-1702.22,OK,-126.24,20.566,-1706.35,OK,-71.288,52.1419,-1721.09,,365987638,Port:2,0,1773325393,968826765,Enabled,0.930101,0.0310331,0.0355808,0.364257,-87.5204,271.275,-1592.32,0.144932,3,OK,-87.3459,271.346,-1592.34,OK,-129.045,241.324,-1589.58,OK,-130.24,317.59,-1587.03,,365987638,Port:3,0,1773325393,968826765,Missing,,,,,,,,,4,Missing,,,,Missing,,,,Missing,,,,Missing,,,,,365987638,Port:65535,0,1773325393,968826765,Missing,,,,,,,,,0
4,,365987641,Port:1,0,1773325394,18826765,50000000,Enabled,0.642086,0.471531,-0.491747,0.351525,-99.5861,103.445,-1712.15,0.203962,4,OK,-99.4677,103.348,-1712.34,OK,-138.113,73.1348,-1701.59,OK,-126.055,19.7784,-1705.95,OK,-71.1507,51.4643,-1720.65,,365987641,Port:2,0,1773325394,18826765,Enabled,0.930089,0.0312251,0.0360095,0.36423,-87.5264,271.264,-1592.36,0.148505,3,OK,-87.3477,271.335,-1592.37,OK,-129.052,241.309,-1589.57,OK,-130.242,317.586,-1587.02,,365987641,Port:3,0,1773325394,18826765,Missing,,,,,,,,,4,Missing,,,,Missing,,,,Missing,,,,Missing,,,,,365987641,Port:65535,0,1773325394,18826765,Missing,,,,,,,,,0
4,,365987644,Port:1,0,1773325394,68826764,49999999,Enabled,0.642224,0.475327,-0.48741,0.3522,-99.7168,102.388,-1711.45,0.227295,4,OK,-99.597,102.292,-1711.67,OK,-137.916,71.7527,-1700.58,OK,-125.408,18.4808,-1705.17,OK,-70.8973,50.6546,-1720.2,,365987644,Port:2,0,1773325394,68826764,Enabled,0.930144,0.031039,0.035012,0.3642,-87.5198,271.264,-1592.3,0.143179,3,OK,-87.3443,271.33,-1592.31,OK,-129.051,241.325,-1589.61,OK,-130.241,317.585,-1587.04,,365987644,Port:3,0,1773325394,68826764,Missing,,,,,,,,,4,Missing,,,,Missing,,,,Missing,,,,Missing,,,,,365987644,Port:65535,0,1773325394,68826764,Missing,,,,,,,,,0
4,,365987650,Port:1,0,1773325394,168826771,100000007,Enabled,0.64189,0.47743,-0.485583,0.352486,-99.9316,101.585,-1710.98,0.194234,4,OK,-99.8058,101.486,-1711.15,OK,-137.969,70.7597,-1700.09,OK,-125.25,17.5554,-1704.69,OK,-70.896,50.0043,-1719.95,,365987650,Port:2,0,1773325394,168826771,Enabled,0.930098,0.030944,0.0359066,0.36424,-87.5204,271.261,-1592.34,0.148343,3,OK,-87.3435,271.334,-1592.35,OK,-129.047,241.304,-1589.56,OK,-130.237,317.584,-1587.05,,365987650,Port:3,0,1773325394,168826771,Missing,,,,,,,,,4,Missing,,,,Missing,,,,Missing,,,,Missing,,,,,365987650,Port:65535,0,1773325394,168826771,Missing,,,,,,,,,0
4,,365987653,Port:1,0,1773325394,218826764,49999993,Enabled,0.641696,0.476973,-0.48638,0.35236,-99.9438,101.877,-1711.12,0.192553,4,OK,-99.8151,101.783,-1711.29,OK,-138.019,71.0939,-1700.3,OK,-125.367,17.8724,-1704.89,OK,-70.9833,50.2648,-1720.05,,365987653,Port:2,0,1773325394,218826764,Enabled,0.930167,0.0307517,0.0349249,0.364177,-87.5212,271.258,-1592.28,0.139562,3,OK,-87.35,271.321,-1592.3,OK,-129.05,241.321,-1589.59,OK,-130.242,317.588,-1587.06,,365987653,Port:3,0,1773325394,218826764,Missing,,,,,,,,,4,Missing,,,,Missing,,,,Missing,,,,Missing,,,,,365987653,Port:65535,0,1773325394,218826764,Missing,,,,,,,,,0
4,,365987656,Port:1,0,1773325394,268826764,50000000,Enabled,0.64176,0.476198,-0.487215,0.352138,-99.8706,102.417,-1711.5,0.20444,4,OK,-99.7489,102.323,-1711.69,OK,-138.018,71.7148,-1700.7,OK,-125.456,18.4621,-1705.31,OK,-70.9933,50.7395,-1720.37,,365987656,Port:2,0,1773325394,268826764,Enabled,0.930084,0.0311735,0.0360797,0.36424,-87.5225,271.273,-1592.36,0.144733,3,OK,-87.3492,271.345,-1592.38,OK,-129.044,241.32,-1589.57,OK,-130.236,317.59,-1587.03,,365987656,Port:3,0,1773325394,268826764,Missing,,,,,,,,,4,Missing,,,,Missing,,,,Missing,,,,Missing,,,,,365987656,Port:65535,0,1773325394,268826764,Missing,,,,,,,,,0
4,,365987659,Port:1,0,1773325394,318826764,50000000,Enabled,0.642247,0.475396,-0.487904,0.351379,-99.6671,102.815,-1711.81,0.221262,4,OK,-99.5443,102.711,-1712.02,OK,-137.907,72.2237,-1700.98,OK,-125.477,18.94,-1705.62,OK,-70.9335,51.056,-1720.64,,365987659,Port:2,0,1773325394,318826764,Enabled,0.93009,0.0310532,0.0358512,0.364256,-87.5162,271.266,-1592.32,0.147594,3,OK,-87.3372,271.336,-1592.34,OK,-129.041,241.314,-1589.55,OK,-130.237,317.584,-1587.02,,365987659,Port:3,0,1773325394,318826764,Missing,,,,,,,,,4,Missing,,,,Missing,,,,Missing,,,,Missing,,,,,365987659,Port:65535,0,1773325394,318826764,Missing,,,,,,,,,0
4,,365987665,Port:1,0,1773325394,418826771,100000007,Enabled,0.64224,0.475981,-0.487276,0.351472,-99.7385,102.591,-1711.61,0.198669,4,OK,-99.6108,102.493,-1711.79,OK,-137.923,71.9413,-1700.79,OK,-125.436,18.6792,-1705.38,OK,-70.9539,50.8747,-1720.51,,365987665,Port:2,0,1773325394,418826771,Enabled,0.930143,0.0307159,0.0352725,0.364207,-87.5189,271.265,-1592.3,0.145054,3,OK,-87.3428,271.331,-1592.31,OK,-129.048,241.318,-1589.57,OK,-130.241,317.594,-1587.06,,365987665,Port:3,0,1773325394,418826771,Missing,,,,,,,,,4,Missing,,,,Missing,,,,Missing,,,,Missing,,,,,365987665,Port:65535,0,1773325394,418826771,Missing,,,,,,,,,0
4,,365987668,Port:1,0,1773325394,468826764,49999993,Enabled,0.642926,0.47579,-0.486359,0.351747,-99.7329,102.721,-1711.89,0.220759,4,OK,-99.6025,102.624,-1712.1,OK,-137.899,72.0666,-1700.92,OK,-125.379,18.8088,-1705.49,OK,-70.9166,51.0038,-1720.71,,365987668,Port:2,0,1773325394,468826764,Enabled,0.930114,0.0310603,0.0354819,0.36423,-87.5203,271.263,-1592.32,0.144391,3,OK,-87.3468,271.333,-1592.33,OK,-129.047,241.313,-1589.58,OK,-130.238,317.583,-1587.03,,365987668,Port:3,0,1773325394,468826764,Missing,,,,,,,,,4,Missing,,,,Missing,,,,Missing,,,,Missing,,,,,365987668,Port:65535,0,1773325394,468826764,Missing,,,,,,,,,0
4,,365987671,Port:1,0,1773325394,518826764,50000000,Enabled,0.643582,0.475181,-0.486503,0.35117,-99.4919,103.068,-1712.03,0.225496,4,OK,-99.3657,102.98,-1712.25,OK,-137.705,72.4989,-1701.01,OK,-125.296,19.2024,-1705.57,OK,-70.783,51.2822,-1720.83,,365987671,Port:2,0,1773325394,518826764,Enabled,0.93011,0.0310241,0.0355439,0.364237,-87.5182,271.263,-1592.3,0.142955,3,OK,-87.3471,271.334,-1592.32,OK,-129.043,241.313,-1589.56,OK,-130.235,317.582,-1587.02,,365987671,Port:3,0,1773325394,518826764,Missing,,,,,,,,,4,Missing,,,,Missing,,,,Missing,,,,Missing,,,,,365987671,Port:65535,0,1773325394,518826764,Missing,,,,,,,,,0
4,,365987674,Port:1,0,1773325394,568826764,50000000,Enabled,0.642946,0.474579,-0.487379,0.351932,-99.5587,103.268,-1712.19,0.20846,4,OK,-99.4386,103.178,-1712.39,OK,-137.788,72.7062,-1701.29,OK,-125.375,19.4051,-1705.76,OK,-70.8384,51.4787,-1720.89,,365987674,Port:2,0,1773325394,568826764,Enabled,0.930103,0.03111,0.0359654,0.364209,-87.5297,271.269,-1592.35,0.144191,3,OK,-87.3574,271.341,-1592.36,OK,-129.054,241.319,-1589.57,OK,-130.241,317.591,-1587.03,,365987674,Port:3,0,1773325394,568826764,Missing,,,,,,,,,4,Missing,,,,Missing,,,,Missing,,,,Missing,,,,,365987674,Port:65535,0,1773325394,568826764,Missing,,,,,,,,,0
4,,365987680,Port:1,0,1773325394,668826771,100000007,Enabled,0.643045,0.4751,-0.487727,0.350564,-99.2424,103.185,-1711.99,0.198212,4,OK,-99.1229,103.09,-1712.17,OK,-137.515,72.6608,-1701.12,OK,-125.184,19.3619,-1705.69,OK,-70.6164,51.3641,-1720.86,,365987680,Port:2,0,1773325394,668826771,Enabled,0.930127,0.0307155,0.0356947,0.364206,-87.5178,271.261,-1592.3,0.147452,3,OK,-87.3399,271.332,-1592.32,OK,-129.047,241.313,-1589.54,OK,-130.236,317.587,-1587.04,,365987680,Port:3,0,1773325394,668826771,Missing,,,,,,,,,4,Missing,,,,Missing,,,,Missing,,,,Missing,,,,,365987680,Port:65535,0,1773325394,668826771,Missing,,,,,,,,,0
4,,365987683,Port:1,0,1773325394,718826764,49999993,Enabled,0.643145,0.475467,-0.486604,0.351443,-99.4557,103.003,-1712.01,0.227599,4,OK,-99.3363,102.903,-1712.23,OK,-137.638,72.3972,-1701.02,OK,-125.192,19.1182,-1705.61,OK,-70.7042,51.2502,-1720.81,,365987683,Port:2,0,1773325394,718826764,Enabled,0.930105,0.0308829,0.0358187,0.364237,-87.5209,271.262,-1592.32,0.146603,3,OK,-87.3457,271.333,-1592.33,OK,-129.046,241.306,-1589.54,OK,-130.239,317.587,-1587.04,,365987683,Port:3,0,1773325394,718826764,Missing,,,,,,,,,4,Missing,,,,Missing,,,,Missing,,,,Missing,,,,,365987683,Port:65535,0,1773325394,718826764,Missing,,,,,,,,,0
4,,365987686,Port:1,0,1773325394,768826764,50000000,Enabled,0.643532,0.475039,-0.486982,0.35079,-99.3533,103.256,-1712.08,0.218284,4,OK,-99.2306,103.157,-1712.29,OK,-137.593,72.7199,-1701.1,OK,-125.249,19.4198,-1705.66,OK,-70.7002,51.4527,-1720.9,,365987686,Port:2,0,1773325394,768826764,Enabled,0.93012,0.0308701,0.0357543,0.364204,-87.5222,271.261,-1592.3,0.143683,3,OK,-87.3477,271.327,-1592.32,OK,-129.046,241.314,-1589.54,OK,-130.24,317.59,-1587.02,,365987686,Port:3,0,1773325394,768826764,Missing,,,,,,,,,4,Missing,,,,Missing,,,,Missing,,,,Missing,,,,,365987686,Port:65535,0,1773325394,768826764,Missing,,,,,,,,,0
4,,365987692,Port:1,0,1773325394,868826771,100000007,Enabled,0.644464,0.472967,-0.488064,0.350372,-98.9268,104.34,-1712.73,0.192019,4,OK,-98.8016,104.238,-1712.9,OK,-137.308,73.9977,-1701.78,OK,-125.182,20.6233,-1706.12,OK,-70.4931,52.397,-1721.4,,365987692,Port:2,0,1773325394,868826771,Enabled,0.930112,0.0311606,0.0354527,0.36423,-87.5217,271.27,-1592.33,0.141991,3,OK,-87.3503,271.339,-1592.35,OK,-129.046,241.322,-1589.6,OK,-130.239,317.59,-1587.04,,365987692,Port:3,0,1773325394,868826771,Missing,,,,,,,,,4,Missing,,,,Missing,,,,Missing,,,,Missing,,,,,365987692,Port:65535,0,1773325394,868826771,Missing,,,,,,,,,0
4,,365987695,Port:1,0,1773325394,918826771,50000000,Enabled,0.643195,0.472664,-0.489377,0.351282,-99.2056,104.268,-1712.93,0.194434,4,OK,-99.0831,104.164,-1713.11,OK,-137.616,73.8911,-1702.16,OK,-125.442,20.5461,-1706.5,OK,-70.7052,52.3435,-1721.53,,365987695,Port:2,0,1773325394,918826771,Enabled,0.93018,0.0307821,0.0347121,0.364159,-87.5212,271.261,-1592.28,0.141364,3,OK,-87.3494,271.326,-1592.29,OK,-129.054,241.322,-1589.61,OK,-130.24,317.592,-1587.06,,365987695,Port:3,0,1773325394,918826771,Missing,,,,,,,,,4,Missing,,,,Missing,,,,Missing,,,,Missing,,,,,365987695,Port:65535,0,1773325394,918826771,Missing,,,,,,,,,0
4,,365987698,Port:1,0,1773325394,968826764,49999993,Enabled,0.644176,0.47393,-0.486541,0.351719,-99.4942,103.877,-1712.62,0.230011,4,OK,-99.3644,103.779,-1712.84,OK,-137.741,73.3704,-1701.55,OK,-125.389,20.0568,-1705.95,OK,-70.8325,52.0526,-1721.25,,365987698,Port:2,0,1773325394,968826764,Enabled,0.930153,0.0308498,0.0350795,0.364187,-87.5193,271.258,-1592.29,0.141548,3,OK,-87.3468,271.323,-1592.3,OK,-129.048,241.316,-1589.58,OK,-130.239,317.588,-1587.04,,365987698,Port:3,0,1773325394,968826764,Missing,,,,,,,,,4,Missing,,,,Missing,,,,Missing,,,,Missing,,,,,365987698,Port:65535,0,1773325394,968826764,Missing,,,,,,,,,0
4,,365987701,Port:1,0,1773325395,18826764,50000000,Enabled,0.642981,0.474771,-0.487622,0.351274,-99.6037,103.633,-1712.45,0.202267,4,OK,-99.4744,103.535,-1712.63,OK,-137.864,73.0858,-1701.58,OK,-125.497,19.7939,-1706.08,OK,-70.9316,51.8362,-1721.24,,365987701,Port:2,0,1773325395,18826764,Enabled,0.930103,0.0309348,0.0357977,0.364238,-87.5189,271.264,-1592.33,0.146722,3,OK,-87.3423,271.334,-1592.34,OK,-129.044,241.31,-1589.56,OK,-130.238,317.588,-1587.04,,365987701,Port:3,0,1773325395,18826764,Missing,,,,,,,,,4,Missing,,,,Missing,,,,Missing,,,,Missing,,,,,365987701,Port:65535,0,1773325395,18826764,Missing,,,,,,,,,0
4,,365987704,Port:1,0,1773325395,68826766,50000002,Enabled,0.642716,0.474279,-0.488407,0.351333,-99.5689,103.834,-1712.64,0.179851,4,OK,-99.4454,103.739,-1712.79,OK,-137.868,73.3338,-1701.87,OK,-125.557,20.0033,-1706.29,OK,-70.9313,52.0108,-1721.4,,365987704,Port:2,0,1773325395,68826766,Enabled,0.930139,0.0308291,0.0351561,0.364218,-87.5154,271.26,-1592.27,0.144724,3,OK,-87.34,271.328,-1592.29,OK,-129.045,241.313,-1589.56,OK,-130.237,317.585,-1587.03,,365987704,Port:3,0,1773325395,68826766,Missing,,,,,,,,,4,Missing,,,,Missing,,,,Missing,,,,Missing,,,,,365987704,Port:65535,0,1773325395,68826766,Missing,,,,,,,,,0
4,,365987710,Port:1,0,1773325395,168826766,100000000,Enabled,0.642501,0.473384,-0.489677,0.351163,-99.7684,104.381,-1713.07,0.20453,4,OK,-99.6507,104.276,-1713.26,OK,-138.159,73.967,-1702.35,OK,-125.945,20.6147,-1706.83,OK,-71.2221,52.4934,-1721.74,,365987710,Port:2,0,1773325395,168826766,Enabled,0.930123,0.0311363,0.0357329,0.364177,-87.5241,271.26,-1592.32,0.145475,3,OK,-87.3493,271.331,-1592.33,OK,-129.053,241.314,-1589.56,OK,-130.235,317.585,-1587.01,,365987710,Port:3,0,1773325395,168826766,Missing,,,,,,,,,4,Missing,,,,Missing,,,,Missing,,,,Missing,,,,,365987710,Port:65535,0,1773325395,168826766,Missing,,,,,,,,,0
4,,365987713,Port:1,0,1773325395,218826766,50000000,Enabled,0.643329,0.472373,-0.48937,0.351438,-99.8519,104.538,-1713.34,0.185657,4,OK,-99.7268,104.429,-1713.5,OK,-138.27,74.1777,-1702.58,OK,-126.113,20.8163,-1706.85,OK,-71.3522,52.6137,-1721.92,,365987713,Port:2,0,1773325395,218826766,Enabled,0.930117,0.0307663,0.0357032,0.364227,-87.5232,271.264,-1592.31,0.145405,3,OK,-87.3482,271.334,-1592.33,OK,-129.049,241.314,-1589.55,OK,-130.242,317.59,-1587.05,,365987713,Port:3,0,1773325395,218826766,Missing,,,,,,,,,4,Missing,,,,Missing,,,,Missing,,,,Missing,,,,,365987713,Port:65535,0,1773325395,218826766,Missing,,,,,,,,,0
4,,365987716,Port:1,0,1773325395,268826766,50000000,Enabled,0.643033,0.472222,-0.490785,0.350206,-99.6901,104.645,-1713.39,0.185946,4,OK,-99.5593,104.547,-1713.55,OK,-138.218,74.3729,-1702.73,OK,-126.195,20.9759,-1707.11,OK,-71.3263,52.6538,-1722.06,,365987716,Port:2,0,1773325395,268826766,Enabled,0.930147,0.0308269,0.0351894,0.364195,-87.5142,271.259,-1592.29,0.144384,3,OK,-87.34,271.328,-1592.3,OK,-129.045,241.314,-1589.58,OK,-130.233,317.586,-1587.04,,365987716,Port:3,0,1773325395,268826766,Missing,,,,,,,,,4,Missing,,,,Missing,,,,Missing,,,,Missing,,,,,365987716,Port:65535,0,1773325395,268826766,Missing,,,,,,,,,0
4,,365987719,Port:1,0,1773325395,318826766,50000000,Enabled,0.64335,0.471539,-0.490725,0.350627,-99.5027,104.834,-1713.57,0.205466,4,OK,-99.3774,104.722,-1713.76,OK,-138.039,74.5855,-1702.85,OK,-126.045,21.1924,-1707.19,OK,-71.1411,52.8278,-1722.13,,365987719,Port:2,0,1773325395,318826766,Enabled,0.93012,0.03107,0.0356574,0.364198,-87.5195,271.263,-1592.32,0.143697,3,OK,-87.3455,271.332,-1592.33,OK,-129.046,241.318,-1589.56,OK,-130.234,317.586,-1587.02,,365987719,Port:3,0,1773325395,318826766,Missing,,,,,,,,,4,Missing,,,,Missing,,,,Missing,,,,Missing,,,,,365987719,Port:65535,0,1773325395,318826766,Missing,,,,,,,,,0
4,,365987725,Port:1,0,1773325395,418826766,100000000,Enabled,0.643968,0.467847,-0.493455,0.350608,-99.1046,105.971,-1714.5,0.182189,4,OK,-98.9782,105.866,-1714.65,OK,-137.9,76.0189,-1703.92,OK,-126.231,22.5258,-1707.96,OK,-71.0522,53.7415,-1722.74,,365987725,Port:2,0,1773325395,418826766,Enabled,0.930127,0.0308847,0.0354005,0.36422,-87.5212,271.264,-1592.32,0.1429,3,OK,-87.3506,271.336,-1592.33,OK,-129.048,241.315,-1589.59,OK,-130.238,317.588,-1587.05,,365987725,Port:3,0,1773325395,418826766,Missing,,,,,,,,,4,Missing,,,,Missing,,,,Missing,,,,Missing,,,,,365987725,Port:65535,0,1773325395,418826766,Missing,,,,,,,,,0
4,,365987728,Port:1,0,1773325395,468826766,50000000,Enabled,0.646255,0.465458,-0.49241,0.351049,-98.6647,106.624,-1714.98,0.18628,4,OK,-98.5413,106.52,-1715.14,OK,-137.509,76.8303,-1704.15,OK,-125.985,23.2902,-1707.87,OK,-70.7523,54.2756,-1722.92,,365987728,Port:2,0,1773325395,468826766,Enabled,0.930149,0.0312586,0.0352329,0.364149,-87.5236,271.262,-1592.32,0.141335,3,OK,-87.3508,271.328,-1592.34,OK,-129.054,241.326,-1589.62,OK,-130.235,317.585,-1587.02,,365987728,Port:3,0,1773325395,468826766,Missing,,,,,,,,,4,Missing,,,,Missing,,,,Missing,,,,Missing,,,,,365987728,Port:65535,0,1773325395,468826766,Missing,,,,,,,,,0
4,,365987731,Port:1,0,1773325395,518826766,50000000,Enabled,0.645896,0.46508,-0.493762,0.350311,-98.2704,106.886,-1715.03,0.163468,4,OK,-98.1485,106.777,-1715.16,OK,-137.201,77.1747,-1704.35,OK,-125.781,23.6068,-1708.07,OK,-70.4816,54.4788,-1723.03,,365987731,Port:2,0,1773325395,518826766,Enabled,0.930123,0.0310267,0.0355657,0.364203,-87.5237,271.26,-1592.3,0.144448,3,OK,-87.3516,271.332,-1592.32,OK,-129.051,241.31,-1589.56,OK,-130.237,317.585,-1587.02,,365987731,Port:3,0,1773325395,518826766,Missing,,,,,,,,,4,Missing,,,,Missing,,,,Missing,,,,Missing,,,,,365987731,Port:65535,0,1773325395,518826766,Missing,,,,,,,,,0
4,,365987734,Port:1,0,1773325395,568826766,50000000,Enabled,0.648056,0.462397,-0.492937,0.351036,-97.6682,107.595,-1715.66,0.167221,4,OK,-97.5513,107.492,-1715.8,OK,-136.661,78.0563,-1704.74,OK,-125.384,24.4243,-1708.13,OK,-70.0076,55.0638,-1723.31,,365987734,Port:2,0,1773325395,568826766,Enabled,0.930161,0.0310218,0.0349641,0.364164,-87.5191,271.258,-1592.28,0.141756,3,OK,-87.3459,271.322,-1592.29,OK,-129.05,241.318,-1589.59,OK,-130.237,317.588,-1587.02,,365987734,Port:3,0,1773325395,568826766,Missing,,,,,,,,,4,Missing,,,,Missing,,,,Missing,,,,Missing,,,,,365987734,Port:65535,0,1773325395,568826766,Missing,,,,,,,,,0
4,,365987740,Port:1,0,1773325395,668826766,100000000,Enabled,0.648242,0.451891,-0.502263,0.351153,-95.8232,110.613,-1718.54,0.194203,4,OK,-95.7133,110.511,-1718.72,OK,-135.579,81.8993,-1708.12,OK,-125.258,28.0468,-1711,OK,-69.0123,57.5019,-1725.25,,365987740,Port:2,0,1773325395,668826766,Enabled,0.930123,0.0311256,0.0354383,0.364206,-87.5215,271.262,-1592.32,0.142709,3,OK,-87.349,271.33,-1592.33,OK,-129.048,241.316,-1589.59,OK,-130.237,317.583,-1587.02,,365987740,Port:3,0,1773325395,668826766,Missing,,,,,,,,,4,Missing,,,,Missing,,,,Missing,,,,Missing,,,,,365987740,Port:65535,0,1773325395,668826766,Missing,,,,,,,,,0
4,,365987743,Port:1,0,1773325395,718826766,50000000,Enabled,0.645991,0.4469,-0.509815,0.350806,-95.6031,112.019,-1719.88,0.177985,4,OK,-95.4827,111.908,-1720.03,OK,-135.822,83.7074,-1710.14,OK,-126.027,29.7805,-1712.87,OK,-69.2713,58.638,-1726.27,,365987743,Port:2,0,1773325395,718826766,Enabled,0.930132,0.0312839,0.035388,0.364176,-87.5238,271.263,-1592.32,0.143113,3,OK,-87.3525,271.335,-1592.33,OK,-129.054,241.32,-1589.6,OK,-130.233,317.583,-1587.01,,365987743,Port:3,0,1773325395,718826766,Missing,,,,,,,,,4,Missing,,,,Missing,,,,Missing,,,,Missing,,,,,365987743,Port:65535,0,1773325395,718826766,Missing,,,,,,,,,0
4,,365987746,Port:1,0,1773325395,768826766,50000000,Enabled,0.645435,0.44534,-0.511472,0.351401,-95.9083,112.7,-1720.56,0.162232,4,OK,-95.7851,112.585,-1720.67,OK,-136.22,84.4738,-1711,OK,-126.528,30.5208,-1713.56,OK,-69.6484,59.2723,-1726.8,,365987746,Port:2,0,1773325395,768826766,Enabled,0.93013,0.0312758,0.0353132,0.364188,-87.518,271.264,-1592.32,0.142873,3,OK,-87.3459,271.334,-1592.33,OK,-129.047,241.32,-1589.61,OK,-130.231,317.585,-1587.02,,365987746,Port:3,0,1773325395,768826766,Missing,,,,,,,,,4,Missing,,,,Missing,,,,Missing,,,,Missing,,,,,365987746,Port:65535,0,1773325395,768826766,Missing,,,,,,,,,0
4,,365987752,Port:1,0,1773325395,868826766,100000000,Enabled,0.647008,0.440191,-0.514223,0.350981,-95.0257,114.084,-1722.15,0.163048,4,OK,-94.904,113.975,-1722.27,OK,-135.658,86.292,-1712.64,OK,-126.453,32.2358,-1714.86,OK,-69.2238,60.3707,-1727.96,,365987752,Port:2,0,1773325395,868826766,Enabled,0.930138,0.0309888,0.0355951,0.364166,-87.5225,271.265,-1592.33,0.144232,3,OK,-87.3499,271.336,-1592.34,OK,-129.052,241.319,-1589.58,OK,-130.233,317.593,-1587.05,,365987752,Port:3,0,1773325395,868826766,Missing,,,,,,,,,4,Missing,,,,Missing,,,,Missing,,,,Missing,,,,,365987752,Port:65535,0,1773325395,868826766,Missing,,,,,,,,,0
4,,365987755,Port:1,0,1773325395,918826766,50000000,Enabled,0.648968,0.43706,-0.51405,0.351527,-94.5207,115.164,-1723.11,0.159427,4,OK,-94.4025,115.052,-1723.22,OK,-135.25,87.583,-1713.44,OK,-126.247,33.4889,-1715.3,OK,-68.9351,61.3155,-1728.56,,365987755,Port:2,0,1773325395,918826766,Enabled,0.930144,0.0310085,0.0355728,0.364151,-87.5212,271.256,-1592.31,0.141379,3,OK,-87.3499,271.322,-1592.33,OK,-129.048,241.315,-1589.57,OK,-130.232,317.586,-1587.03,,365987755,Port:3,0,1773325395,918826766,Missing,,,,,,,,,4,Missing,,,,Missing,,,,Missing,,,,Missing,,,,,365987755,Port:65535,0,1773325395,918826766,Missing,,,,,,,,,0
4,,365987758,Port:1,0,1773325395,968826766,50000000,Enabled,0.65127,0.433079,-0.512974,0.353762,-94.1437,116.629,-1724.64,0.151845,4,OK,-94.0295,116.515,-1724.74,OK,-134.933,89.2318,-1714.74,OK,-126.037,35.0885,-1716.01,OK,-68.6445,62.6808,-1729.52,,365987758,Port:2,0,1773325395,968826766,Enabled,0.930155,0.0309824,0.0353514,0.364147,-87.5219,271.257,-1592.31,0.140557,3,OK,-87.3504,271.32,-1592.32,OK,-129.049,241.318,-1589.59,OK,-130.236,317.591,-1587.04,,365987758,Port:3,0,1773325395,968826766,Missing,,,,,,,,,4,Missing,,,,Missing,,,,Missing,,,,Missing,,,,,365987758,Port:65535,0,1773325395,968826766,Missing,,,,,,,,,0
4,,365987761,Port:1,0,1773325396,18826766,50000000,Enabled,0.653733,0.426163,-0.513001,0.357559,-93.3779,118.981,-1727.32,0.178326,4,OK,-93.2582,118.878,-1727.46,OK,-134.332,91.8813,-1717.19,OK,-125.64,37.7094,-1717.69,OK,-68.0717,64.8618,-1731.2,,365987761,Port:2,0,1773325396,18826766,Enabled,0.930128,0.0308995,0.0355629,0.3642,-87.5213,271.265,-1592.32,0.142595,3,OK,-87.3483,271.332,-1592.33,OK,-129.047,241.321,-1589.57,OK,-130.238,317.592,-1587.05,,365987761,Port:3,0,1773325396,18826766,Missing,,,,,,,,,4,Missing,,,,Missing,,,,Missing,,,,Missing,,,,,365987761,Port:65535,0,1773325396,18826766,Missing,,,,,,,,,0
4,,365987764,Port:1,0,1773325396,68826766,50000000,Enabled,0.656316,0.413177,-0.518626,0.359947,-91.2276,122.409,-1730.89,0.147971,4,OK,-91.1174,122.28,-1730.97,OK,-132.787,96.1943,-1721.02,OK,-125.007,41.8769,-1720.33,OK,-66.7862,67.8189,-1733.46,,365987764,Port:2,0,1773325396,68826766,Enabled,0.930122,0.0308493,0.0355482,0.364221,-87.52,271.262,-1592.3,0.144459,3,OK,-87.3482,271.333,-1592.31,OK,-129.046,241.308,-1589.55,OK,-130.237,317.589,-1587.03,,365987764,Port:3,0,1773325396,68826766,Missing,,,,,,,,,4,Missing,,,,Missing,,,,Missing,,,,Missing,,,,,365987764,Port:65535,0,1773325396,68826766,Missing,,,,,,,,,0
4,,365987770,Port:1,0,1773325396,168826766,100000000,Enabled,0.661865,0.386617,-0.533149,0.35807,-86.4756,128.96,-1737.41,0.142795,4,OK,-86.3741,128.835,-1737.48,OK,-129.479,104.945,-1728.16,OK,-124.268,50.3731,-1725.79,OK,-64.5224,73.2569,-1737.77,,365987770,Port:2,0,1773325396,168826766,Enabled,0.93009,0.0310015,0.0360323,0.364242,-87.5223,271.267,-1592.34,0.146011,3,OK,-87.3454,271.335,-1592.35,OK,-129.045,241.315,-1589.54,OK,-130.241,317.588,-1587.03,,365987770,Port:3,0,1773325396,168826766,Missing,,,,,,,,,4,Missing,,,,Missing,,,,Missing,,,,Missing,,,,,365987770,Port:65535,0,1773325396,168826766,Missing,,,,,,,,,0
4,,365987773,Port:1,0,1773325396,218826766,50000000,Enabled,0.665897,0.378851,-0.536105,0.354464,-84.4198,131.306,-1739.04,0.139439,4,OK,-84.3259,131.162,-1739.09,OK,-127.874,108.152,-1729.74,OK,-123.652,53.5215,-1726.92,OK,-63.4944,75.2133,-1738.95,,365987773,Port:2,0,1773325396,218826766,Enabled,0.930163,0.0307543,0.0353354,0.364146,-87.5203,271.256,-1592.29,0.144128,3,OK,-87.3467,271.325,-1592.3,OK,-129.053,241.314,-1589.56,OK,-130.233,317.589,-1587.04,,365987773,Port:3,0,1773325396,218826766,Missing,,,,,,,,,4,Missing,,,,Missing,,,,Missing,,,,Missing,,,,,365987773,Port:65535,0,1773325396,218826766,Missing,,,,,,,,,0
4,,365987776,Port:1,0,1773325396,268826766,50000000,Enabled,0.670531,0.37173,-0.537647,0.350915,-81.8021,133.378,-1740.32,0.134831,4,OK,-81.7084,133.244,-1740.38,OK,-125.627,111.03,-1730.82,OK,-122.334,56.357,-1727.55,OK,-61.8264,76.9424,-1739.78,,365987776,Port:2,0,1773325396,268826766,Enabled,0.93014,0.0310747,0.0351763,0.364193,-87.5217,271.266,-1592.3,0.141144,3,OK,-87.3506,271.333,-1592.31,OK,-129.05,241.324,-1589.6,OK,-130.238,317.589,-1587.02,,365987776,Port:3,0,1773325396,268826766,Missing,,,,,,,,,4,Missing,,,,Missing,,,,Missing,,,,Missing,,,,,365987776,Port:65535,0,1773325396,268826766,Missing,,,,,,,,,0
4,,365987779,Port:1,0,1773325396,318826766,50000000,Enabled,0.676716,0.361883,-0.541998,0.34254,-77.6875,136.056,-1741.78,0.131884,4,OK,-77.5866,135.919,-1741.79,OK,-122.157,115.071,-1732.19,OK,-120.479,60.3128,-1728.52,OK,-59.3653,79.0723,-1740.95,,365987779,Port:2,0,1773325396,318826766,Enabled,0.930128,0.0307821,0.0356363,0.364203,-87.5256,271.261,-1592.31,0.145182,3,OK,-87.3503,271.329,-1592.33,OK,-129.052,241.312,-1589.56,OK,-130.243,317.59,-1587.05,,365987779,Port:3,0,1773325396,318826766,Missing,,,,,,,,,4,Missing,,,,Missing,,,,Missing,,,,Missing,,,,,365987779,Port:65535,0,1773325396,318826766,Missing,,,,,,,,,0
4,,365987785,Port:1,0,1773325396,418826766,100000000,Enabled,0.68484,0.340712,-0.553619,0.329264,-70.2386,140.692,-1745.01,0.119802,4,OK,-70.1698,140.544,-1745,OK,-115.887,122.299,-1735.72,OK,-117.246,67.5992,-1731.38,OK,-55.1063,82.7869,-1743.28,,365987785,Port:2,0,1773325396,418826766,Enabled,0.930149,0.0314258,0.0351121,0.364146,-87.5221,271.264,-1592.31,0.145163,3,OK,-87.3453,271.333,-1592.32,OK,-129.058,241.327,-1589.61,OK,-130.233,317.583,-1586.99,,365987785,Port:3,0,1773325396,418826766,Missing,,,,,,,,,4,Missing,,,,Missing,,,,Missing,,,,Missing,,,,,365987785,Port:65535,0,1773325396,418826766,Missing,,,,,,,,,0
4,,365987788,Port:1,0,1773325396,468826766,50000000,Enabled,0.68904,0.334585,-0.555167,0.324139,-67.6419,142.117,-1745.83,0.12724,4,OK,-67.5579,141.981,-1745.79,OK,-113.603,124.57,-1736.42,OK,-115.906,69.9191,-1731.74,OK,-53.5273,83.961,-1743.91,,365987788,Port:2,0,1773325396,468826766,Enabled,0.930131,0.0310276,0.0357412,0.364165,-87.5247,271.261,-1592.34,0.145075,3,OK,-87.3486,271.328,-1592.35,OK,-129.053,241.316,-1589.58,OK,-130.237,317.59,-1587.04,,365987788,Port:3,0,1773325396,468826766,Missing,,,,,,,,,4,Missing,,,,Missing,,,,Missing,,,,Missing,,,,,365987788,Port:65535,0,1773325396,468826766,Missing,,,,,,,,,0
4,,365987791,Port:1,0,1773325396,518826766,50000000,Enabled,0.693426,0.329293,-0.555961,0.318801,-65.1674,143.399,-1746.3,0.125714,4,OK,-65.0929,143.246,-1746.3,OK,-111.362,126.655,-1736.6,OK,-114.566,72.0675,-1731.79,OK,-52.0199,85.0386,-1744.18,,365987791,Port:2,0,1773325396,518826766,Enabled,0.930137,0.0309242,0.0353483,0.364197,-87.519,271.262,-1592.32,0.144512,3,OK,-87.345,271.332,-1592.33,OK,-129.049,241.316,-1589.59,OK,-130.236,317.588,-1587.05,,365987791,Port:3,0,1773325396,518826766,Missing,,,,,,,,,4,Missing,,,,Missing,,,,Missing,,,,Missing,,,,,365987791,Port:65535,0,1773325396,518826766,Missing,,,,,,,,,0
4,,365987794,Port:1,0,1773325396,568826766,50000000,Enabled,0.697464,0.323539,-0.557119,0.313823,-62.7222,144.572,-1747.1,0.130126,4,OK,-62.6471,144.417,-1747.09,OK,-109.175,128.636,-1737.22,OK,-113.271,74.1435,-1732.14,OK,-50.5269,86.0077,-1744.76,,365987794,Port:2,0,1773325396,568826766,Enabled,0.93013,0.0306721,0.0356688,0.364205,-87.5209,271.256,-1592.29,0.148131,3,OK,-87.3415,271.325,-1592.31,OK,-129.05,241.307,-1589.53,OK,-130.241,317.586,-1587.04,,365987794,Port:3,0,1773325396,568826766,Missing,,,,,,,,,4,Missing,,,,Missing,,,,Missing,,,,Missing,,,,,365987794,Port:65535,0,1773325396,568826766,Missing,,,,,,,,,0
4,,365987800,Port:1,0,1773325396,668826766,100000000,Enabled,0.704846,0.312435,-0.560592,0.302182,-57.2012,146.474,-1748.02,0.124815,4,OK,-57.1351,146.323,-1748,OK,-104.133,132.255,-1737.89,OK,-110.165,77.9424,-1732.49,OK,-47.0866,87.5308,-1745.43,,365987800,Port:2,0,1773325396,668826766,Enabled,0.93016,0.0310273,0.0349276,0.36417,-87.5211,271.255,-1592.28,0.143115,3,OK,-87.3458,271.32,-1592.29,OK,-129.054,241.317,-1589.6,OK,-130.24,317.581,-1587.02,,365987800,Port:3,0,1773325396,668826766,Missing,,,,,,,,,4,Missing,,,,Missing,,,,Missing,,,,Missing,,,,,365987800,Port:65535,0,1773325396,668826766,Missing,,,,,,,,,0
4,,365987803,Port:1,0,1773325396,718826766,50000000,Enabled,0.709232,0.307935,-0.5619,0.293997,-54.0281,147.19,-1747.96,0.129094,4,OK,-53.9742,147.025,-1747.96,OK,-101.188,133.902,-1737.57,OK,-108.261,79.7399,-1732.21,OK,-45.0748,88.0486,-1745.47,,365987803,Port:2,0,1773325396,718826766,Enabled,0.930115,0.0310646,0.0355097,0.364226,-87.5198,271.264,-1592.31,0.144603,3,OK,-87.3456,271.333,-1592.32,OK,-129.046,241.313,-1589.57,OK,-130.238,317.589,-1587.02,,365987803,Port:3,0,1773325396,718826766,Missing,,,,,,,,,4,Missing,,,,Missing,,,,Missing,,,,Missing,,,,,365987803,Port:65535,0,1773325396,718826766,Missing,,,,,,,,,0
4,,365987806,Port:1,0,1773325396,768826766,50000000,Enabled,0.713941,0.302311,-0.562451,0.287306,-50.6136,147.844,-1748.3,0.150204,4,OK,-50.5489,147.676,-1748.23,OK,-97.9698,135.475,-1737.68,OK,-106.035,81.4815,-1732,OK,-42.7636,88.5618,-1745.71,,365987806,Port:2,0,1773325396,768826766,Enabled,0.930128,0.0307113,0.0358384,0.364191,-87.5229,271.26,-1592.32,0.145431,3,OK,-87.3474,271.328,-1592.33,OK,-129.049,241.312,-1589.54,OK,-130.239,317.591,-1587.06,,365987806,Port:3,0,1773325396,768826766,Missing,,,,,,,,,4,Missing,,,,Missing,,,,Missing,,,,Missing,,,,,365987806,Port:65535,0,1773325396,768826766,Missing,,,,,,,,,0
4,,365987812,Port:1,0,1773325396,868826766,100000000,Enabled,0.719667,0.285348,-0.572719,0.269534,-41.7854,149.486,-1749.08,0.123241,4,OK,-41.7385,149.335,-1749.03,OK,-89.8015,139.727,-1738.76,OK,-100.81,86.2227,-1733.1,OK,-37.1797,89.8521,-1746.32,,365987812,Port:2,0,1773325396,868826766,Enabled,0.930127,0.0310043,0.035414,0.364208,-87.52,271.264,-1592.32,0.144948,3,OK,-87.3463,271.335,-1592.34,OK,-129.049,241.315,-1589.59,OK,-130.236,317.588,-1587.04,,365987812,Port:3,0,1773325396,868826766,Missing,,,,,,,,,4,Missing,,,,Missing,,,,Missing,,,,Missing,,,,,365987812,Port:65535,0,1773325396,868826766,Missing,,,,,,,,,0
4,,365987815,Port:1,0,1773325396,918826766,50000000,Enabled,0.722366,0.278141,-0.575501,0.263862,-38.3507,150.26,-1749.76,0.135712,4,OK,-38.3151,150.095,-1749.69,OK,-86.5579,141.475,-1739.5,OK,-98.6153,88.2267,-1733.61,OK,-34.912,90.5682,-1746.77,,365987815,Port:2,0,1773325396,918826766,Enabled,0.930137,0.0310154,0.0352401,0.3642,-87.5228,271.257,-1592.29,0.144021,3,OK,-87.3521,271.331,-1592.3,OK,-129.053,241.308,-1589.57,OK,-130.236,317.579,-1587.02,,365987815,Port:3,0,1773325396,918826766,Missing,,,,,,,,,4,Missing,,,,Missing,,,,Missing,,,,Missing,,,,,365987815,Port:65535,0,1773325396,918826766,Missing,,,,,,,,,0
4,,365987818,Port:1,0,1773325396,968826766,50000000,Enabled,0.725099,0.273737,-0.576356,0.259061,-35.9366,150.858,-1750.27,0.136614,4,OK,-35.8928,150.693,-1750.21,OK,-84.2417,142.766,-1739.88,OK,-97.0333,89.6939,-1733.87,OK,-33.3179,91.1372,-1747.18,,365987818,Port:2,0,1773325396,968826766,Enabled,0.930123,0.0310637,0.0356271,0.364194,-87.5159,271.258,-1592.31,0.144233,3,OK,-87.3426,271.327,-1592.32,OK,-129.043,241.309,-1589.56,OK,-130.23,317.584,-1587.01,,365987818,Port:3,0,1773325396,968826766,Missing,,,,,,,,,4,Missing,,,,Missing,,,,Missing,,,,Missing,,,,,365987818,Port:65535,0,1773325396,968826766,Missing,,,,,,,,,0
4,,365987821,Port:1,0,1773325397,18826766,50000000,Enabled,0.727925,0.26903,-0.576674,0.255335,-33.7026,151.501,-1750.89,0.149605,4,OK,-33.6685,151.335,-1750.8,OK,-82.0797,144.055,-1740.4,OK,-95.5086,91.1719,-1734.08,OK,-31.8215,91.7556,-1747.59,,365987821,Port:2,0,1773325397,18826766,Enabled,0.930117,0.0308867,0.0358995,0.364198,-87.5245,271.264,-1592.35,0.144885,3,OK,-87.3515,271.335,-1592.36,OK,-129.05,241.313,-1589.57,OK,-130.237,317.592,-1587.06,,365987821,Port:3,0,1773325397,18826766,Missing,,,,,,,,,4,Missing,,,,Missing,,,,Missing,,,,Missing,,,,,365987821,Port:65535,0,1773325397,18826766,Missing,,,,,,,,,0
4,,365987824,Port:1,0,1773325397,68826765,49999999,Enabled,0.729744,0.264411,-0.577788,0.252432,-31.5572,152.051,-1751.58,0.134367,4,OK,-31.5092,151.906,-1751.51,OK,-80.0153,145.18,-1741.06,OK,-94.0461,92.4605,-1734.58,OK,-30.3437,92.2989,-1748.05,,365987824,Port:2,0,1773325397,68826765,Enabled,0.930152,0.0306884,0.0349398,0.364217,-87.5173,271.258,-1592.28,0.141901,3,OK,-87.3461,271.325,-1592.29,OK,-129.046,241.312,-1589.58,OK,-130.24,317.585,-1587.06,,365987824,Port:3,0,1773325397,68826765,Missing,,,,,,,,,4,Missing,,,,Missing,,,,Missing,,,,Missing,,,,,365987824,Port:65535,0,1773325397,68826765,Missing,,,,,,,,,0
4,,365987830,Port:1,0,1773325397,168826766,100000001,Enabled,0.733959,0.2584,-0.577875,0.246158,-27.7795,152.857,-1752.57,0.140568,4,OK,-27.7491,152.686,-1752.5,OK,-76.299,146.911,-1741.77,OK,-91.2499,94.4936,-1735.04,OK,-27.636,93.1181,-1748.81,,365987830,Port:2,0,1773325397,168826766,Enabled,0.930132,0.0310427,0.0353283,0.364202,-87.5195,271.265,-1592.32,0.141003,3,OK,-87.35,271.334,-1592.33,OK,-129.046,241.32,-1589.6,OK,-130.235,317.587,-1587.04,,365987830,Port:3,0,1773325397,168826766,Missing,,,,,,,,,4,Missing,,,,Missing,,,,Missing,,,,Missing,,,,,365987830,Port:65535,0,1773325397,168826766,Missing,,,,,,,,,0
4,,365987833,Port:1,0,1773325397,218826765,49999999,Enabled,0.73502,0.257236,-0.577391,0.245347,-27.0135,153.008,-1752.86,0.135842,4,OK,-26.9865,152.837,-1752.8,OK,-75.5367,147.217,-1741.95,OK,-90.6173,94.8576,-1735.13,OK,-27.0205,93.2658,-1749,,365987833,Port:2,0,1773325397,218826765,Enabled,0.930101,0.0313796,0.0358556,0.364201,-87.5257,271.259,-1592.34,0.143673,3,OK,-87.3526,271.331,-1592.35,OK,-129.051,241.315,-1589.57,OK,-130.236,317.574,-1587,,365987833,Port:3,0,1773325397,218826765,Missing,,,,,,,,,4,Missing,,,,Missing,,,,Missing,,,,Missing,,,,,365987833,Port:65535,0,1773325397,218826765,Missing,,,,,,,,,0
4,,365987836,Port:1,0,1773325397,268826765,50000000,Enabled,0.736461,0.256814,-0.576427,0.243728,-26.3934,153.163,-1752.81,0.135149,4,OK,-26.3724,153.001,-1752.74,OK,-74.8847,147.516,-1741.74,OK,-90.1052,95.2096,-1734.84,OK,-26.5777,93.4153,-1748.96,,365987836,Port:2,0,1773325397,268826765,Enabled,0.930138,0.0310676,0.0353266,0.364183,-87.521,271.253,-1592.29,0.146652,3,OK,-87.3418,271.322,-1592.3,OK,-129.054,241.312,-1589.57,OK,-130.238,317.576,-1587.01,,365987836,Port:3,0,1773325397,268826765,Missing,,,,,,,,,4,Missing,,,,Missing,,,,Missing,,,,Missing,,,,,365987836,Port:65535,0,1773325397,268826765,Missing,,,,,,,,,0
4,,365987839,Port:1,0,1773325397,318826765,50000000,Enabled,0.735689,0.256605,-0.577118,0.244644,-26.5846,153.222,-1752.95,0.126962,4,OK,-26.5531,153.057,-1752.91,OK,-75.1015,147.527,-1741.95,OK,-90.2795,95.2021,-1735.13,OK,-26.7126,93.4855,-1749.04,,365987839,Port:2,0,1773325397,318826765,Enabled,0.93012,0.0313343,0.0355487,0.364185,-87.5227,271.253,-1592.31,0.144074,3,OK,-87.3464,271.319,-1592.33,OK,-129.051,241.311,-1589.58,OK,-130.237,317.575,-1586.99,,365987839,Port:3,0,1773325397,318826765,Missing,,,,,,,,,4,Missing,,,,Missing,,,,Missing,,,,Missing,,,,,365987839,Port:65535,0,1773325397,318826765,Missing,,,,,,,,,0
4,,365987845,Port:1,0,1773325397,418826766,100000001,Enabled,0.732619,0.260609,-0.577064,0.249699,-29.109,152.816,-1752.63,0.145845,4,OK,-29.0701,152.652,-1752.55,OK,-77.5959,146.444,-1741.9,OK,-92.0817,93.9095,-1735.13,OK,-28.4389,93.0761,-1748.85,,365987845,Port:2,0,1773325397,418826766,Enabled,0.930125,0.0307954,0.0356637,0.364208,-87.5163,271.259,-1592.32,0.145495,3,OK,-87.3396,271.326,-1592.33,OK,-129.043,241.311,-1589.56,OK,-130.236,317.589,-1587.05,,365987845,Port:3,0,1773325397,418826766,Missing,,,,,,,,,4,Missing,,,,Missing,,,,Missing,,,,Missing,,,,,365987845,Port:65535,0,1773325397,418826766,Missing,,,,,,,,,0
4,,365987848,Port:1,0,1773325397,468826765,49999999,Enabled,0.728438,0.267045,-0.577817,0.253363,-31.9339,152.238,-1751.65,0.127118,4,OK,-31.894,152.079,-1751.61,OK,-80.3688,145.088,-1741.16,OK,-94.1241,92.2842,-1734.93,OK,-30.4166,92.4811,-1748.3,,365987848,Port:2,0,1773325397,468826765,Enabled,0.930115,0.0307648,0.0354623,0.364256,-87.5206,271.262,-1592.31,0.141703,3,OK,-87.3492,271.329,-1592.33,OK,-129.042,241.312,-1589.57,OK,-130.244,317.585,-1587.06,,365987848,Port:3,0,1773325397,468826765,Missing,,,,,,,,,4,Missing,,,,Missing,,,,Missing,,,,Missing,,,,,365987848,Port:65535,0,1773325397,468826765,Missing,,,,,,,,,0
4,,365987851,Port:1,0,1773325397,518826765,50000000,Enabled,0.7246,0.273402,-0.576354,0.26081,-35.2374,151.438,-1750.88,0.122098,4,OK,-35.2062,151.283,-1750.82,OK,-83.5334,143.255,-1740.55,OK,-96.194,90.1667,-1734.46,OK,-32.4953,91.7134,-1747.63,,365987851,Port:2,0,1773325397,518826765,Enabled,0.930182,0.0308933,0.0347394,0.364144,-87.52,271.255,-1592.27,0.141435,3,OK,-87.3477,271.319,-1592.28,OK,-129.054,241.316,-1589.6,OK,-130.238,317.589,-1587.03,,365987851,Port:3,0,1773325397,518826765,Missing,,,,,,,,,4,Missing,,,,Missing,,,,Missing,,,,Missing,,,,,365987851,Port:65535,0,1773325397,518826765,Missing,,,,,,,,,0
4,,365987857,Port:1,0,1773325397,618826766,100000001,Enabled,0.715321,0.285384,-0.577823,0.27017,-41.1835,149.862,-1749.25,0.130014,4,OK,-41.1454,149.695,-1749.22,OK,-89.3187,140.02,-1739.57,OK,-100.373,86.5284,-1734.33,OK,-36.5897,90.2312,-1746.7,,365987857,Port:2,0,1773325397,618826766,Enabled,0.930131,0.0310359,0.0354423,0.364193,-87.524,271.259,-1592.3,0.141188,3,OK,-87.3544,271.326,-1592.31,OK,-129.049,241.312,-1589.57,OK,-130.239,317.587,-1587.02,,365987857,Port:3,0,1773325397,618826766,Missing,,,,,,,,,4,Missing,,,,Missing,,,,Missing,,,,Missing,,,,,365987857,Port:65535,0,1773325397,618826766,Missing,,,,,,,,,0
4,,365987860,Port:1,0,1773325397,668826766,50000000,Enabled,0.711569,0.291388,-0.576541,0.276337,-44.5774,148.744,-1748.32,0.128381,4,OK,-44.5185,148.588,-1748.3,OK,-92.5563,137.983,-1738.8,OK,-102.634,84.2696,-1733.75,OK,-38.8877,89.2027,-1745.92,,365987860,Port:2,0,1773325397,668826766,Enabled,0.930141,0.0307301,0.0353842,0.3642,-87.521,271.258,-1592.29,0.141929,3,OK,-87.349,271.324,-1592.3,OK,-129.047,241.312,-1589.55,OK,-130.24,317.587,-1587.04,,365987860,Port:3,0,1773325397,668826766,Missing,,,,,,,,,4,Missing,,,,Missing,,,,Missing,,,,Missing,,,,,365987860,Port:65535,0,1773325397,668826766,Missing,,,,,,,,,0
4,,365987863,Port:1,0,1773325397,718826765,49999999,Enabled,0.706146,0.30074,-0.576068,0.281174,-48.0629,147.309,-1746.74,0.128824,4,OK,-48.0051,147.149,-1746.72,OK,-95.8357,135.449,-1737.5,OK,-104.795,81.4846,-1733.05,OK,-41.135,87.8766,-1744.96,,365987863,Port:2,0,1773325397,718826765,Enabled,0.930174,0.0308189,0.0349861,0.364147,-87.5179,271.254,-1592.27,0.142893,3,OK,-87.3466,271.324,-1592.28,OK,-129.052,241.312,-1589.57,OK,-130.231,317.587,-1587.03,,365987863,Port:3,0,1773325397,718826765,Missing,,,,,,,,,4,Missing,,,,Missing,,,,Missing,,,,Missing,,,,,365987863,Port:65535,0,1773325397,718826765,Missing,,,,,,,,,0
4,,365987866,Port:1,0,1773325397,768826765,50000000,Enabled,0.702205,0.309824,-0.5749,0.28356,-50.8659,145.859,-1745.16,0.136608,4,OK,-50.7996,145.699,-1745.13,OK,-98.4315,133.088,-1736.04,OK,-106.484,78.9378,-1732.19,OK,-42.9328,86.5365,-1744.1,,365987866,Port:2,0,1773325397,768826765,Enabled,0.930093,0.031258,0.0361587,0.364201,-87.5289,271.262,-1592.36,0.146922,3,OK,-87.3542,271.338,-1592.37,OK,-129.055,241.311,-1589.56,OK,-130.237,317.581,-1587.02,,365987866,Port:3,0,1773325397,768826765,Missing,,,,,,,,,4,Missing,,,,Missing,,,,Missing,,,,Missing,,,,,365987866,Port:65535,0,1773325397,768826765,Missing,,,,,,,,,0
4,,365987872,Port:1,0,1773325397,868826766,100000001,Enabled,0.695198,0.324008,-0.572189,0.290375,-55.9927,143.095,-1742.37,0.126517,4,OK,-55.9231,142.941,-1742.38,OK,-103.13,128.706,-1733.43,OK,-109.471,74.259,-1730.46,OK,-46.2001,84.0398,-1742.15,,365987872,Port:2,0,1773325397,868826766,Enabled,0.930139,0.0308675,0.0353886,0.364194,-87.5213,271.266,-1592.3,0.147267,3,OK,-87.3428,271.335,-1592.32,OK,-129.053,241.319,-1589.57,OK,-130.24,317.593,-1587.04,,365987872,Port:3,0,1773325397,868826766,Missing,,,,,,,,,4,Missing,,,,Missing,,,,Missing,,,,Missing,,,,,365987872,Port:65535,0,1773325397,868826766,Missing,,,,,,,,,0
4,,365987875,Port:1,0,1773325397,918826766,50000000,Enabled,0.69233,0.33496,-0.566946,0.295048,-59.8371,141.431,-1740.73,0.13012,4,OK,-59.7596,141.281,-1740.76,OK,-106.548,125.831,-1731.55,OK,-111.563,71.222,-1729.06,OK,-48.619,82.6325,-1741.08,,365987875,Port:2,0,1773325397,918826766,Enabled,0.930125,0.0310158,0.0354278,0.364213,-87.5187,271.26,-1592.31,0.14346,3,OK,-87.3449,271.327,-1592.32,OK,-129.045,241.313,-1589.58,OK,-130.237,317.584,-1587.03,,365987875,Port:3,0,1773325397,918826766,Missing,,,,,,,,,4,Missing,,,,Missing,,,,Missing,,,,Missing,,,,,365987875,Port:65535,0,1773325397,918826766,Missing,,,,,,,,,0
4,,365987878,Port:1,0,1773325397,968826765,49999999,Enabled,0.686341,0.344904,-0.56497,0.301307,-63.9793,139.445,-1739.1,0.129594,4,OK,-63.9061,139.287,-1739.09,OK,-110.31,122.604,-1730.22,OK,-113.957,67.8809,-1728.19,OK,-51.3125,80.9453,-1740.01,,365987878,Port:2,0,1773325397,968826765,Enabled,0.930113,0.0310455,0.035513,0.364232,-87.5193,271.26,-1592.3,0.143213,3,OK,-87.3452,271.326,-1592.31,OK,-129.044,241.312,-1589.56,OK,-130.24,317.582,-1587.01,,365987878,Port:3,0,1773325397,968826765,Missing,,,,,,,,,4,Missing,,,,Missing,,,,Missing,,,,Missing,,,,,365987878,Port:65535,0,1773325397,968826765,Missing,,,,,,,,,0
4,,365987881,Port:1,0,1773325398,18826765,50000000,Enabled,0.682912,0.356877,-0.557904,0.308243,-68.2636,136.902,-1737.13,0.130817,4,OK,-68.1762,136.762,-1737.18,OK,-114.002,118.622,-1727.94,OK,-115.989,63.788,-1726.36,OK,-53.8524,78.8079,-1738.51,,365987881,Port:2,0,1773325398,18826765,Enabled,0.930128,0.0308586,0.035624,0.364199,-87.5167,271.256,-1592.3,0.148593,3,OK,-87.3361,271.325,-1592.32,OK,-129.048,241.309,-1589.55,OK,-130.235,317.583,-1587.03,,365987881,Port:3,0,1773325398,18826765,Missing,,,,,,,,,4,Missing,,,,Missing,,,,Missing,,,,Missing,,,,,365987881,Port:65535,0,1773325398,18826765,Missing,,,,,,,,,0
4,,365987884,Port:1,0,1773325398,68826768,50000003,Enabled,0.676454,0.369706,-0.554613,0.31326,-72.3928,133.819,-1734.54,0.147378,4,OK,-72.3046,133.689,-1734.64,OK,-117.586,114.151,-1725.5,OK,-118.088,59.2706,-1724.8,OK,-56.3815,76.1726,-1736.75,,365987884,Port:2,0,1773325398,68826768,Enabled,0.930151,0.0309803,0.035135,0.364176,-87.5205,271.258,-1592.3,0.14015,3,OK,-87.351,271.324,-1592.31,OK,-129.048,241.315,-1589.59,OK,-130.236,317.586,-1587.03,,365987884,Port:3,0,1773325398,68826768,Missing,,,,,,,,,4,Missing,,,,Missing,,,,Missing,,,,Missing,,,,,365987884,Port:65535,0,1773325398,68826768,Missing,,,,,,,,,0
4,,365987890,Port:1,0,1773325398,168826768,100000000,Enabled,0.666539,0.397088,-0.540371,0.325648,-80.3629,126.827,-1729.36,0.17044,4,OK,-80.2599,126.708,-1729.5,OK,-124.05,104.112,-1720.02,OK,-121.044,49.3135,-1720.6,OK,-60.7697,70.3883,-1733.07,,365987890,Port:2,0,1773325398,168826768,Enabled,0.930122,0.0309952,0.0354669,0.364217,-87.5228,271.264,-1592.3,0.143304,3,OK,-87.3511,271.335,-1592.32,OK,-129.05,241.316,-1589.57,OK,-130.239,317.584,-1587.02,,365987890,Port:3,0,1773325398,168826768,Missing,,,,,,,,,4,Missing,,,,Missing,,,,Missing,,,,Missing,,,,,365987890,Port:65535,0,1773325398,168826768,Missing,,,,,,,,,0
4,,365987893,Port:1,0,1773325398,218826768,50000000,Enabled,0.662666,0.407767,-0.534948,0.329287,-82.8729,124.004,-1727.25,0.157081,4,OK,-82.7597,123.891,-1727.36,OK,-125.964,100.192,-1717.86,OK,-121.688,45.4769,-1718.94,OK,-61.994,68.0795,-1731.68,,365987893,Port:2,0,1773325398,218826768,Enabled,0.93013,0.0307197,0.0354897,0.364219,-87.5224,271.264,-1592.31,0.142302,3,OK,-87.352,271.332,-1592.32,OK,-129.047,241.313,-1589.56,OK,-130.241,317.593,-1587.06,,365987893,Port:3,0,1773325398,218826768,Missing,,,,,,,,,4,Missing,,,,Missing,,,,Missing,,,,Missing,,,,,365987893,Port:65535,0,1773325398,218826768,Missing,,,,,,,,,0
4,,365987896,Port:1,0,1773325398,268826768,50000000,Enabled,0.660277,0.414288,-0.531559,0.331428,-84.207,122.209,-1725.89,0.164557,4,OK,-84.1079,122.093,-1726.02,OK,-126.898,97.7398,-1716.42,OK,-121.856,43.0956,-1717.91,OK,-62.5749,66.6055,-1730.73,,365987896,Port:2,0,1773325398,268826768,Enabled,0.930119,0.0308733,0.0360272,0.364181,-87.5253,271.262,-1592.34,0.147551,3,OK,-87.3499,271.335,-1592.35,OK,-129.053,241.31,-1589.55,OK,-130.235,317.592,-1587.05,,365987896,Port:3,0,1773325398,268826768,Missing,,,,,,,,,4,Missing,,,,Missing,,,,Missing,,,,Missing,,,,,365987896,Port:65535,0,1773325398,268826768,Missing,,,,,,,,,0
4,,365987899,Port:1,0,1773325398,318826768,50000000,Enabled,0.65964,0.418352,-0.526468,0.335689,-85.4794,120.936,-1725.55,0.159077,4,OK,-85.3717,120.821,-1725.67,OK,-127.778,95.8623,-1715.83,OK,-121.934,41.303,-1717.21,OK,-63.0465,65.6428,-1730.42,,365987899,Port:2,0,1773325398,318826768,Enabled,0.930152,0.0306449,0.0352172,0.364195,-87.5212,271.263,-1592.3,0.145709,3,OK,-87.344,271.328,-1592.31,OK,-129.052,241.316,-1589.58,OK,-130.244,317.597,-1587.07,,365987899,Port:3,0,1773325398,318826768,Missing,,,,,,,,,4,Missing,,,,Missing,,,,Missing,,,,Missing,,,,,365987899,Port:65535,0,1773325398,318826768,Missing,,,,,,,,,0
4,,365987905,Port:1,0,1773325398,418826768,100000000,Enabled,0.657623,0.430272,-0.514496,0.343063,-88.8175,118.067,-1724.05,0.192728,4,OK,-88.7087,117.952,-1724.22,OK,-130.099,91.5719,-1713.67,OK,-122.446,37.2411,-1715.34,OK,-64.6018,63.568,-1729.33,,365987905,Port:2,0,1773325398,418826768,Enabled,0.930133,0.0307964,0.0355855,0.364195,-87.5269,271.265,-1592.33,0.140705,3,OK,-87.3562,271.33,-1592.34,OK,-129.05,241.321,-1589.57,OK,-130.244,317.594,-1587.06,,365987905,Port:3,0,1773325398,418826768,Missing,,,,,,,,,4,Missing,,,,Missing,,,,Missing,,,,Missing,,,,,365987905,Port:65535,0,1773325398,418826768,Missing,,,,,,,,,0
4,,365987908,Port:1,0,1773325398,468826768,50000000,Enabled,0.656293,0.436837,-0.507417,0.347822,-90.6643,115.871,-1722.75,0.149127,4,OK,-90.5462,115.755,-1722.85,OK,-131.327,88.5564,-1712.11,OK,-122.584,34.3905,-1713.7,OK,-65.4183,61.8692,-1728.3,,365987908,Port:2,0,1773325398,468826768,Enabled,0.930119,0.0309371,0.0357356,0.364204,-87.5232,271.264,-1592.34,0.143183,3,OK,-87.3511,271.335,-1592.35,OK,-129.048,241.318,-1589.58,OK,-130.237,317.587,-1587.06,,365987908,Port:3,0,1773325398,468826768,Missing,,,,,,,,,4,Missing,,,,Missing,,,,Missing,,,,Missing,,,,,365987908,Port:65535,0,1773325398,468826768,Missing,,,,,,,,,0
4,,365987911,Port:1,0,1773325398,518826768,50000000,Enabled,0.653194,0.44566,-0.501984,0.350339,-92.3153,113.202,-1720.88,0.182288,4,OK,-92.1924,113.096,-1721.03,OK,-132.355,85.0215,-1710.08,OK,-122.609,31.05,-1712.28,OK,-66.0832,59.7484,-1727.01,,365987911,Port:2,0,1773325398,518826768,Enabled,0.930174,0.0305862,0.0350535,0.364158,-87.5194,271.257,-1592.28,0.142587,3,OK,-87.3451,271.321,-1592.29,OK,-129.051,241.319,-1589.57,OK,-130.239,317.59,-1587.06,,365987911,Port:3,0,1773325398,518826768,Missing,,,,,,,,,4,Missing,,,,Missing,,,,Missing,,,,Missing,,,,,365987911,Port:65535,0,1773325398,518826768,Missing,,,,,,,,,0
4,,365987917,Port:1,0,1773325398,618826768,100000000,Enabled,0.648492,0.460563,-0.488851,0.35828,-95.7722,107.875,-1717.81,0.173912,4,OK,-95.6498,107.777,-1717.96,OK,-134.476,78.0431,-1706.59,OK,-122.583,24.5146,-1709.29,OK,-67.5077,55.5531,-1724.73,,365987917,Port:2,0,1773325398,618826768,Enabled,0.930144,0.0307903,0.0352108,0.364204,-87.5211,271.261,-1592.29,0.143096,3,OK,-87.3454,271.325,-1592.31,OK,-129.049,241.319,-1589.58,OK,-130.244,317.588,-1587.05,,365987917,Port:3,0,1773325398,618826768,Missing,,,,,,,,,4,Missing,,,,Missing,,,,Missing,,,,Missing,,,,,365987917,Port:65535,0,1773325398,618826768,Missing,,,,,,,,,0
4,,365987920,Port:1,0,1773325398,668826768,50000000,Enabled,0.645496,0.467074,-0.483469,0.362539,-97.4797,105.408,-1716.51,0.177522,4,OK,-97.3535,105.306,-1716.66,OK,-135.555,74.8091,-1705.19,OK,-122.66,21.5287,-1708.13,OK,-68.266,53.6578,-1723.72,,365987920,Port:2,0,1773325398,668826768,Enabled,0.930129,0.0308973,0.0356046,0.364194,-87.523,271.26,-1592.31,0.144783,3,OK,-87.3475,271.327,-1592.32,OK,-129.05,241.313,-1589.56,OK,-130.24,317.588,-1587.03,,365987920,Port:3,0,1773325398,668826768,Missing,,,,,,,,,4,Missing,,,,Missing,,,,Missing,,,,Missing,,,,,365987920,Port:65535,0,1773325398,668826768,Missing,,,,,,,,,0
4,,365987923,Port:1,0,1773325398,718826768,50000000,Enabled,0.64384,0.473144,-0.478388,0.364348,-98.5763,103.361,-1715.21,0.199629,4,OK,-98.4595,103.256,-1715.4,OK,-136.12,72.1886,-1703.69,OK,-122.504,19.1034,-1707.01,OK,-68.6868,52.0572,-1722.83,,365987923,Port:2,0,1773325398,718826768,Enabled,0.930145,0.0310554,0.0351585,0.364183,-87.5224,271.259,-1592.3,0.1425,3,OK,-87.351,271.327,-1592.31,OK,-129.052,241.313,-1589.59,OK,-130.238,317.587,-1587.02,,365987923,Port:3,0,1773325398,718826768,Missing,,,,,,,,,4,Missing,,,,Missing,,,,Missing,,,,Missing,,,,,365987923,Port:65535,0,1773325398,718826768,Missing,,,,,,,,,0
4,,365987926,Port:1,0,1773325398,768826768,50000000,Enabled,0.641686,0.476802,-0.475271,0.367446,-99.5821,101.581,-1714.41,0.183019,4,OK,-99.4572,101.49,-1714.57,OK,-136.73,69.9363,-1702.9,OK,-122.488,17.0221,-1706.27,OK,-69.0927,50.6548,-1722.18,,365987926,Port:2,0,1773325398,768826768,Enabled,0.930175,0.0306578,0.03497,0.364159,-87.5192,271.255,-1592.28,0.138994,3,OK,-87.351,271.318,-1592.3,OK,-129.047,241.314,-1589.59,OK,-130.237,317.592,-1587.07,,365987926,Port:3,0,1773325398,768826768,Missing,,,,,,,,,4,Missing,,,,Missing,,,,Missing,,,,Missing,,,,,365987926,Port:65535,0,1773325398,768826768,Missing,,,,,,,,,0
4,,365987929,Port:1,0,1773325398,818826768,50000000,Enabled,0.639298,0.482141,-0.471095,0.37001,-100.744,99.6839,-1713.33,0.192059,4,OK,-100.616,99.5766,-1713.5,OK,-137.39,67.4764,-1701.76,OK,-122.421,14.7884,-1705.4,OK,-69.5747,49.2317,-1721.42,,365987929,Port:2,0,1773325398,818826768,Enabled,0.930137,0.0307157,0.0354973,0.3642,-87.5201,271.26,-1592.29,0.141467,3,OK,-87.3524,271.33,-1592.3,OK,-129.044,241.309,-1589.55,OK,-130.235,317.592,-1587.04,,365987929,Port:3,0,1773325398,818826768,Missing,,,,,,,,,4,Missing,,,,Missing,,,,Missing,,,,Missing,,,,,365987929,Port:65535,0,1773325398,818826768,Missing,,,,,,,,,0
4,,365987935,Port:1,0,1773325398,918826768,100000000,Enabled,0.635636,0.492524,-0.460641,0.375761,-103.031,95.8171,-1711.27,0.210044,4,OK,-102.891,95.7256,-1711.47,OK,-138.559,62.4822,-1699.36,OK,-122.063,10.2727,-1703.43,OK,-70.4711,46.3535,-1719.91,,365987935,Port:2,0,1773325398,918826768,Enabled,0.930157,0.0308854,0.0351895,0.364163,-87.5223,271.262,-1592.31,0.143936,3,OK,-87.3467,271.327,-1592.32,OK,-129.053,241.32,-1589.6,OK,-130.24,317.596,-1587.05,,365987935,Port:3,0,1773325398,918826768,Missing,,,,,,,,,4,Missing,,,,Missing,,,,Missing,,,,Missing,,,,,365987935,Port:65535,0,1773325398,918826768,Missing,,,,,,,,,0
4,,365987938,Port:1,0,1773325398,968826768,50000000,Enabled,0.633804,0.497095,-0.456788,0.377536,-103.939,94.0285,-1710.28,0.200773,4,OK,-103.812,93.9366,-1710.47,OK,-139.015,60.2543,-1698.3,OK,-121.928,8.25128,-1702.6,OK,-70.8491,44.9615,-1719.23,,365987938,Port:2,0,1773325398,968826768,Enabled,0.930119,0.0307469,0.035709,0.364222,-87.5215,271.259,-1592.3,0.144649,3,OK,-87.3465,271.326,-1592.32,OK,-129.045,241.308,-1589.54,OK,-130.242,317.59,-1587.04,,365987938,Port:3,0,1773325398,968826768,Missing,,,,,,,,,4,Missing,,,,Missing,,,,Missing,,,,Missing,,,,,365987938,Port:65535,0,1773325398,968826768,Missing,,,,,,,,,0
4,,365987941,Port:1,0,1773325399,18826768,50000000,Enabled,0.631712,0.501598,-0.45323,0.379371,-104.693,92.2374,-1709.27,0.221729,4,OK,-104.559,92.149,-1709.49,OK,-139.336,58.0151,-1697.24,OK,-121.658,6.23383,-1701.84,OK,-71.074,43.5882,-1718.52,,365987941,Port:2,0,1773325399,18826768,Enabled,0.930121,0.0310652,0.0356524,0.364195,-87.5219,271.264,-1592.32,0.144369,3,OK,-87.3487,271.335,-1592.33,OK,-129.05,241.317,-1589.57,OK,-130.235,317.587,-1587.02,,365987941,Port:3,0,1773325399,18826768,Missing,,,,,,,,,4,Missing,,,,Missing,,,,Missing,,,,Missing,,,,,365987941,Port:65535,0,1773325399,18826768,Missing,,,,,,,,,0
4,,365987944,Port:1,0,1773325399,68826766,49999998,Enabled,0.629602,0.506599,-0.449172,0.381057,-105.433,90.4198,-1708.15,0.172874,4,OK,-105.302,90.3258,-1708.29,OK,-139.576,55.731,-1696.14,OK,-121.297,4.1849,-1700.89,OK,-71.2741,42.2297,-1717.8,,365987944,Port:2,0,1773325399,68826766,Enabled,0.930166,0.0307008,0.0350479,0.364171,-87.5183,271.256,-1592.26,0.142261,3,OK,-87.345,271.321,-1592.28,OK,-129.049,241.316,-1589.56,OK,-130.238,317.587,-1587.04,,365987944,Port:3,0,1773325399,68826766,Missing,,,,,,,,,4,Missing,,,,Missing,,,,Missing,,,,Missing,,,,,365987944,Port:65535,0,1773325399,68826766,Missing,,,,,,,,,0
4,,365987950,Port:1,0,1773325399,168826766,100000000,Enabled,0.625807,0.518398,-0.436072,0.386614,-107.521,85.9303,-1705.7,0.229401,4,OK,-107.388,85.8269,-1705.93,OK,-140.27,50.0683,-1693.19,OK,-120.353,-0.814799,-1698.6,OK,-71.9144,38.9673,-1716.06,,365987950,Port:2,0,1773325399,168826766,Enabled,0.930156,0.0307036,0.0349844,0.364203,-87.5172,271.261,-1592.26,0.144956,3,OK,-87.3424,271.33,-1592.27,OK,-129.05,241.315,-1589.56,OK,-130.238,317.588,-1587.03,,365987950,Port:3,0,1773325399,168826766,Missing,,,,,,,,,4,Missing,,,,Missing,,,,Missing,,,,Missing,,,,,365987950,Port:65535,0,1773325399,168826766,Missing,,,,,,,,,0
4,,365987953,Port:1,0,1773325399,218826766,50000000,Enabled,0.623344,0.524049,-0.430702,0.388987,-108.446,83.5731,-1704.41,0.211776,4,OK,-108.317,83.4701,-1704.61,OK,-140.573,47.1735,-1691.84,OK,-119.896,-3.37659,-1697.51,OK,-72.1742,37.1911,-1715.18,,365987953,Port:2,0,1773325399,218826766,Enabled,0.930129,0.0308855,0.0355284,0.364203,-87.5208,271.255,-1592.29,0.142049,3,OK,-87.3486,271.323,-1592.31,OK,-129.046,241.311,-1589.55,OK,-130.238,317.58,-1587.02,,365987953,Port:3,0,1773325399,218826766,Missing,,,,,,,,,4,Missing,,,,Missing,,,,Missing,,,,Missing,,,,,365987953,Port:65535,0,1773325399,218826766,Missing,,,,,,,,,0
4,,365987956,Port:1,0,1773325399,268826766,50000000,Enabled,0.620742,0.530068,-0.425873,0.390306,-109.057,81.3022,-1703.01,0.216816,4,OK,-108.92,81.2001,-1703.22,OK,-140.585,44.3961,-1690.4,OK,-119.24,-5.83788,-1696.5,OK,-72.2372,35.4901,-1714.27,,365987956,Port:2,0,1773325399,268826766,Enabled,0.930142,0.0308974,0.0351061,0.364209,-87.5178,271.265,-1592.29,0.145348,3,OK,-87.3424,271.334,-1592.31,OK,-129.049,241.317,-1589.59,OK,-130.238,317.592,-1587.04,,365987956,Port:3,0,1773325399,268826766,Missing,,,,,,,,,4,Missing,,,,Missing,,,,Missing,,,,Missing,,,,,365987956,Port:65535,0,1773325399,268826766,Missing,,,,,,,,,0
4,,365987959,Port:1,0,1773325399,318826766,50000000,Enabled,0.619458,0.532925,-0.423006,0.391572,-109.304,79.6707,-1702.06,0.238223,4,OK,-109.166,79.5686,-1702.3,OK,-140.486,42.4901,-1689.38,OK,-118.767,-7.55916,-1695.68,OK,-72.1573,34.1784,-1713.5,,365987959,Port:2,0,1773325399,318826766,Enabled,0.930148,0.031141,0.0350947,0.364174,-87.5194,271.263,-1592.3,0.142995,3,OK,-87.3467,271.332,-1592.32,OK,-129.051,241.321,-1589.61,OK,-130.234,317.588,-1587.02,,365987959,Port:3,0,1773325399,318826766,Missing,,,,,,,,,4,Missing,,,,Missing,,,,Missing,,,,Missing,,,,,365987959,Port:65535,0,1773325399,318826766,Missing,,,,,,,,,0
4,,365987965,Port:1,0,1773325399,418826766,100000000,Enabled,0.616957,0.539195,-0.416516,0.393887,-110.134,77.2179,-1700.76,0.217442,4,OK,-109.992,77.1232,-1700.97,OK,-140.589,39.4674,-1687.98,OK,-118.057,-10.1856,-1694.58,OK,-72.3,32.4056,-1712.7,,365987965,Port:2,0,1773325399,418826766,Enabled,0.930126,0.0308491,0.0357833,0.36419,-87.5229,271.262,-1592.34,0.146175,3,OK,-87.3464,271.331,-1592.35,OK,-129.051,241.314,-1589.57,OK,-130.238,317.59,-1587.06,,365987965,Port:3,0,1773325399,418826766,Missing,,,,,,,,,4,Missing,,,,Missing,,,,Missing,,,,Missing,,,,,365987965,Port:65535,0,1773325399,418826766,Missing,,,,,,,,,0
4,,365987968,Port:1,0,1773325399,468826766,50000000,Enabled,0.616221,0.541363,-0.412854,0.395916,-110.755,76.2357,-1700.41,0.234415,4,OK,-110.609,76.1436,-1700.64,OK,-140.828,38.2307,-1687.46,OK,-117.882,-11.23,-1694.12,OK,-72.5765,31.7481,-1712.41,,365987968,Port:2,0,1773325399,468826766,Enabled,0.930092,0.0313126,0.0357844,0.364235,-87.524,271.266,-1592.33,0.145153,3,OK,-87.3487,271.336,-1592.35,OK,-129.048,241.315,-1589.57,OK,-130.24,317.584,-1587,,365987968,Port:3,0,1773325399,468826766,Missing,,,,,,,,,4,Missing,,,,Missing,,,,Missing,,,,Missing,,,,,365987968,Port:65535,0,1773325399,468826766,Missing,,,,,,,,,0
4,,365987971,Port:1,0,1773325399,518826766,50000000,Enabled,0.614527,0.542775,-0.413958,0.395463,-110.838,75.7583,-1700.01,0.222062,4,OK,-110.7,75.669,-1700.23,OK,-140.886,37.6754,-1687.29,OK,-117.901,-11.7416,-1694.15,OK,-72.6213,31.3492,-1712.18,,365987971,Port:2,0,1773325399,518826766,Enabled,0.930149,0.0310028,0.0350972,0.364182,-87.5221,271.264,-1592.31,0.141513,3,OK,-87.3529,271.334,-1592.32,OK,-129.052,241.319,-1589.61,OK,-130.236,317.59,-1587.05,,365987971,Port:3,0,1773325399,518826766,Missing,,,,,,,,,4,Missing,,,,Missing,,,,Missing,,,,Missing,,,,,365987971,Port:65535,0,1773325399,518826766,Missing,,,,,,,,,0
4,,365987977,Port:1,0,1773325399,618826766,100000000,Enabled,0.614091,0.545535,-0.40902,0.397476,-111.353,74.7021,-1699.56,0.229887,4,OK,-111.21,74.6,-1699.79,OK,-140.941,36.3273,-1686.6,OK,-117.469,-12.8478,-1693.52,OK,-72.7324,30.6808,-1711.88,,365987977,Port:2,0,1773325399,618826766,Enabled,0.930121,0.0310541,0.0356472,0.364197,-87.52,271.262,-1592.33,0.144794,3,OK,-87.3456,271.332,-1592.34,OK,-129.047,241.315,-1589.57,OK,-130.234,317.587,-1587.03,,365987977,Port:3,0,1773325399,618826766,Missing,,,,,,,,,4,Missing,,,,Missing,,,,Missing,,,,Missing,,,,,365987977,Port:65535,0,1773325399,618826766,Missing,,,,,,,,,0
4,,365987980,Port:1,0,1773325399,668826766,50000000,Enabled,0.612294,0.547802,-0.407811,0.398371,-111.775,73.6152,-1698.96,0.211897,4,OK,-111.628,73.5195,-1699.16,OK,-141.114,35.0328,-1686.13,OK,-117.386,-13.9954,-1693.15,OK,-72.9393,29.8574,-1711.46,,365987980,Port:2,0,1773325399,668826766,Enabled,0.930095,0.0309158,0.0359178,0.364248,-87.5232,271.267,-1592.35,0.147029,3,OK,-87.3483,271.34,-1592.36,OK,-129.047,241.309,-1589.57,OK,-130.24,317.591,-1587.06,,365987980,Port:3,0,1773325399,668826766,Missing,,,,,,,,,4,Missing,,,,Missing,,,,Missing,,,,Missing,,,,,365987980,Port:65535,0,1773325399,668826766,Missing,,,,,,,,,0
4,,365987983,Port:1,0,1773325399,718826766,50000000,Enabled,0.612662,0.548928,-0.40637,0.397726,-111.615,73.2767,-1698.77,0.231281,4,OK,-111.468,73.1796,-1699,OK,-140.886,34.6453,-1685.81,OK,-117.091,-14.3447,-1692.99,OK,-72.7185,29.584,-1711.43,,365987983,Port:2,0,1773325399,718826766,Enabled,0.930101,0.0311816,0.0360217,0.364202,-87.523,271.266,-1592.35,0.145433,3,OK,-87.3478,271.337,-1592.36,OK,-129.048,241.319,-1589.56,OK,-130.234,317.586,-1587.02,,365987983,Port:3,0,1773325399,718826766,Missing,,,,,,,,,4,Missing,,,,Missing,,,,Missing,,,,Missing,,,,,365987983,Port:65535,0,1773325399,718826766,Missing,,,,,,,,,0
4,,365987986,Port:1,0,1773325399,768826766,50000000,Enabled,0.61382,0.547238,-0.406745,0.397887,-111.2,73.8138,-1698.95,0.253728,4,OK,-111.056,73.7125,-1699.21,OK,-140.554,35.3001,-1685.86,OK,-116.893,-13.7676,-1692.93,OK,-72.4342,29.9767,-1711.39,,365987986,Port:2,0,1773325399,768826766,Enabled,0.930145,0.0310835,0.035102,0.364188,-87.5186,271.255,-1592.28,0.138822,3,OK,-87.3498,271.321,-1592.29,OK,-129.046,241.317,-1589.58,OK,-130.235,317.577,-1587.01,,365987986,Port:3,0,1773325399,768826766,Missing,,,,,,,,,4,Missing,,,,Missing,,,,Missing,,,,Missing,,,,,365987986,Port:65535,0,1773325399,768826766,Missing,,,,,,,,,0
4,,365987989,Port:1,0,1773325399,818826766,50000000,Enabled,0.612883,0.546701,-0.409422,0.397323,-111.395,74.1989,-1699.25,0.21238,4,OK,-111.249,74.094,-1699.45,OK,-140.93,35.7463,-1686.45,OK,-117.402,-13.3821,-1693.46,OK,-72.7243,30.2737,-1711.71,,365987989,Port:2,0,1773325399,818826766,Enabled,0.930153,0.0307745,0.0352936,0.364175,-87.5177,271.261,-1592.32,0.148787,3,OK,-87.3344,271.326,-1592.34,OK,-129.052,241.319,-1589.6,OK,-130.24,317.593,-1587.08,,365987989,Port:3,0,1773325399,818826766,Missing,,,,,,,,,4,Missing,,,,Missing,,,,Missing,,,,Missing,,,,,365987989,Port:65535,0,1773325399,818826766,Missing,,,,,,,,,0
4,,365987995,Port:1,0,1773325399,918826766,100000000,Enabled,0.616206,0.542346,-0.409802,0.397761,-110.871,75.955,-1700.23,0.24493,4,OK,-110.729,75.8555,-1700.48,OK,-140.652,37.7966,-1687.09,OK,-117.421,-11.5324,-1693.7,OK,-72.4504,31.6803,-1712.19,,365987995,Port:2,0,1773325399,918826766,Enabled,0.930092,0.0308678,0.0360146,0.364251,-87.5256,271.265,-1592.36,0.144741,3,OK,-87.3528,271.335,-1592.37,OK,-129.046,241.308,-1589.56,OK,-130.244,317.591,-1587.07,,365987995,Port:3,0,1773325399,918826766,Missing,,,,,,,,,4,Missing,,,,Missing,,,,Missing,,,,Missing,,,,,365987995,Port:65535,0,1773325399,918826766,Missing,,,,,,,,,0
4,,365987998,Port:1,0,1773325399,968826766,50000000,Enabled,0.61776,0.538977,-0.414072,0.395501,-110.167,77.5711,-1701.08,0.206593,4,OK,-110.036,77.4586,-1701.27,OK,-140.443,39.7753,-1688.09,OK,-117.74,-9.82606,-1694.49,OK,-72.1889,32.8466,-1712.89,,365987998,Port:2,0,1773325399,968826766,Enabled,0.930138,0.0309689,0.035326,0.364193,-87.5203,271.261,-1592.31,0.145475,3,OK,-87.3454,271.332,-1592.32,OK,-129.052,241.315,-1589.58,OK,-130.236,317.584,-1587.04,,365987998,Port:3,0,1773325399,968826766,Missing,,,,,,,,,4,Missing,,,,Missing,,,,Missing,,,,Missing,,,,,365987998,Port:65535,0,1773325399,968826766,Missing,,,,,,,,,0
4,,365988001,Port:1,0,1773325400,18826766,50000000,Enabled,0.619933,0.535347,-0.416047,0.394957,-109.828,79.1318,-1702.04,0.215883,4,OK,-109.687,79.0301,-1702.25,OK,-140.431,41.6163,-1688.95,OK,-118.087,-8.18362,-1695.06,OK,-72.1508,34.0759,-1713.52,,365988001,Port:2,0,1773325400,18826766,Enabled,0.930124,0.03111,0.0353524,0.364214,-87.52,271.265,-1592.31,0.144278,3,OK,-87.3474,271.336,-1592.32,OK,-129.048,241.315,-1589.59,OK,-130.236,317.589,-1587.02,,365988001,Port:3,0,1773325400,18826766,Missing,,,,,,,,,4,Missing,,,,Missing,,,,Missing,,,,Missing,,,,,365988001,Port:65535,0,1773325400,18826766,Missing,,,,,,,,,0
4,,365988004,Port:1,0,1773325400,68826768,50000002,Enabled,0.62176,0.532135,-0.417165,0.395247,-109.532,80.7651,-1703,0.21261,4,OK,-109.396,80.6561,-1703.2,OK,-140.341,43.4708,-1689.8,OK,-118.237,-6.45745,-1695.58,OK,-72.0644,35.457,-1714.13,,365988004,Port:2,0,1773325400,68826768,Enabled,0.930133,0.0309666,0.0354493,0.364193,-87.522,271.26,-1592.3,0.14525,3,OK,-87.3458,271.327,-1592.31,OK,-129.051,241.314,-1589.56,OK,-130.239,317.587,-1587.02,,365988004,Port:3,0,1773325400,68826768,Missing,,,,,,,,,4,Missing,,,,Missing,,,,Missing,,,,Missing,,,,,365988004,Port:65535,0,1773325400,68826768,Missing,,,,,,,,,0
4,,365988010,Port:1,0,1773325400,168826768,100000000,Enabled,0.630014,0.520589,-0.420554,0.393958,-107.643,86.0632,-1706.18,0.197979,4,OK,-107.504,85.9474,-1706.35,OK,-139.322,49.6875,-1692.45,OK,-118.26,-0.788366,-1697.09,OK,-71.0813,39.7639,-1716.27,,365988010,Port:2,0,1773325400,168826768,Enabled,0.930126,0.0310798,0.0355901,0.364188,-87.5193,271.263,-1592.32,0.146104,3,OK,-87.3445,271.335,-1592.34,OK,-129.049,241.315,-1589.58,OK,-130.231,317.586,-1587.03,,365988010,Port:3,0,1773325400,168826768,Missing,,,,,,,,,4,Missing,,,,Missing,,,,Missing,,,,Missing,,,,,365988010,Port:65535,0,1773325400,168826768,Missing,,,,,,,,,0
4,,365988013,Port:1,0,1773325400,218826768,50000000,Enabled,0.635135,0.512694,-0.423363,0.393081,-106.543,89.444,-1708.44,0.192224,4,OK,-106.407,89.3157,-1708.6,OK,-138.825,53.7242,-1694.42,OK,-118.474,2.87143,-1698.32,OK,-70.617,42.491,-1717.79,,365988013,Port:2,0,1773325400,218826768,Enabled,0.930129,0.0309477,0.0355434,0.364197,-87.5231,271.259,-1592.31,0.141851,3,OK,-87.3505,271.323,-1592.33,OK,-129.047,241.313,-1589.57,OK,-130.241,317.588,-1587.03,,365988013,Port:3,0,1773325400,218826768,Missing,,,,,,,,,4,Missing,,,,Missing,,,,Missing,,,,Missing,,,,,365988013,Port:65535,0,1773325400,218826768,Missing,,,,,,,,,0
4,,365988016,Port:1,0,1773325400,268826768,50000000,Enabled,0.637932,0.505017,-0.42912,0.392245,-105.562,92.773,-1710.75,0.179178,4,OK,-105.436,92.6351,-1710.89,OK,-138.525,57.6842,-1696.81,OK,-118.932,6.4773,-1700.12,OK,-70.3104,45.1839,-1719.39,,365988016,Port:2,0,1773325400,268826768,Enabled,0.930131,0.0306883,0.0355712,0.364209,-87.5208,271.263,-1592.31,0.145127,3,OK,-87.3462,271.333,-1592.32,OK,-129.049,241.315,-1589.55,OK,-130.239,317.589,-1587.06,,365988016,Port:3,0,1773325400,268826768,Missing,,,,,,,,,4,Missing,,,,Missing,,,,Missing,,,,Missing,,,,,365988016,Port:65535,0,1773325400,268826768,Missing,,,,,,,,,0
4,,365988019,Port:1,0,1773325400,318826768,50000000,Enabled,0.642829,0.495828,-0.433325,0.39135,-104.517,96.3161,-1713.27,0.188728,4,OK,-104.39,96.1791,-1713.42,OK,-138.185,61.9685,-1699.13,OK,-119.454,10.3991,-1701.67,OK,-70.0106,48.031,-1721.04,,365988019,Port:2,0,1773325400,318826768,Enabled,0.930098,0.0310537,0.0358932,0.364232,-87.5187,271.262,-1592.33,0.146691,3,OK,-87.3428,271.334,-1592.34,OK,-129.044,241.309,-1589.55,OK,-130.235,317.583,-1587.02,,365988019,Port:3,0,1773325400,318826768,Missing,,,,,,,,,4,Missing,,,,Missing,,,,Missing,,,,Missing,,,,,365988019,Port:65535,0,1773325400,318826768,Missing,,,,,,,,,0
4,,365988025,Port:1,0,1773325400,418826768,100000000,Enabled,0.651351,0.477412,-0.442995,0.389328,-101.693,103.349,-1717.84,0.181213,4,OK,-101.576,103.203,-1717.98,OK,-136.749,70.5169,-1703.55,OK,-119.819,18.3007,-1704.58,OK,-68.7968,53.7283,-1723.9,,365988025,Port:2,0,1773325400,418826768,Enabled,0.930151,0.0307248,0.0352697,0.364185,-87.5186,271.261,-1592.29,0.146818,3,OK,-87.3402,271.327,-1592.3,OK,-129.051,241.314,-1589.56,OK,-130.239,317.594,-1587.05,,365988025,Port:3,0,1773325400,418826768,Missing,,,,,,,,,4,Missing,,,,Missing,,,,Missing,,,,Missing,,,,,365988025,Port:65535,0,1773325400,418826768,Missing,,,,,,,,,0
4,,365988028,Port:1,0,1773325400,468826768,50000000,Enabled,0.657398,0.467666,-0.446483,0.387001,-99.8083,107.057,-1720.6,0.174721,4,OK,-99.6782,106.925,-1720.72,OK,-135.581,75.1096,-1706.04,OK,-119.683,22.5546,-1706.24,OK,-67.8588,56.7308,-1725.85,,365988028,Port:2,0,1773325400,468826768,Enabled,0.930154,0.0308463,0.0351818,0.364175,-87.5197,271.261,-1592.29,0.144769,3,OK,-87.343,271.326,-1592.31,OK,-129.051,241.318,-1589.58,OK,-130.239,317.593,-1587.04,,365988028,Port:3,0,1773325400,468826768,Missing,,,,,,,,,4,Missing,,,,Missing,,,,Missing,,,,Missing,,,,,365988028,Port:65535,0,1773325400,468826768,Missing,,,,,,,,,0
4,,365988031,Port:1,0,1773325400,518826768,50000000,Enabled,0.6626,0.458352,-0.449949,0.385255,-97.8278,110.271,-1723.15,0.167253,4,OK,-97.7028,110.13,-1723.26,OK,-134.249,79.1693,-1708.4,OK,-119.29,26.3231,-1707.81,OK,-66.7493,59.3199,-1727.59,,365988031,Port:2,0,1773325400,518826768,Enabled,0.93016,0.0310361,0.0351328,0.36415,-87.5215,271.26,-1592.33,0.144757,3,OK,-87.3473,271.33,-1592.34,OK,-129.056,241.317,-1589.63,OK,-130.234,317.589,-1587.06,,365988031,Port:3,0,1773325400,518826768,Missing,,,,,,,,,4,Missing,,,,Missing,,,,Missing,,,,Missing,,,,,365988031,Port:65535,0,1773325400,518826768,Missing,,,,,,,,,0
4,,365988034,Port:1,0,1773325400,568826768,50000000,Enabled,0.667567,0.446207,-0.459772,0.379294,-94.8094,114.014,-1725.32,0.152747,4,OK,-94.6961,113.856,-1725.39,OK,-132.374,84.1943,-1710.84,OK,-119.105,30.9292,-1709.59,OK,-65.3103,62.0672,-1729.01,,365988034,Port:2,0,1773325400,568826768,Enabled,0.930139,0.0310674,0.0354902,0.364165,-87.5266,271.264,-1592.33,0.145005,3,OK,-87.351,271.333,-1592.34,OK,-129.057,241.321,-1589.59,OK,-130.239,317.591,-1587.04,,365988034,Port:3,0,1773325400,568826768,Missing,,,,,,,,,4,Missing,,,,Missing,,,,Missing,,,,Missing,,,,,365988034,Port:65535,0,1773325400,568826768,Missing,,,,,,,,,0
4,,365988040,Port:1,0,1773325400,668826768,100000000,Enabled,0.679073,0.42395,-0.470917,0.370626,-89.1674,120.665,-1730.39,0.174747,4,OK,-89.0684,120.501,-1730.51,OK,-128.363,93.1358,-1715.68,OK,-117.862,39.3074,-1713.13,OK,-62.3098,67.225,-1732.41,,365988040,Port:2,0,1773325400,668826768,Enabled,0.93012,0.0312032,0.0358447,0.364167,-87.5271,271.26,-1592.35,0.145804,3,OK,-87.3535,271.333,-1592.36,OK,-129.056,241.312,-1589.58,OK,-130.234,317.584,-1587.02,,365988040,Port:3,0,1773325400,668826768,Missing,,,,,,,,,4,Missing,,,,Missing,,,,Missing,,,,Missing,,,,,365988040,Port:65535,0,1773325400,668826768,Missing,,,,,,,,,0
4,,365988043,Port:1,0,1773325400,718826768,50000000,Enabled,0.68597,0.409323,-0.479888,0.362777,-84.9189,124.949,-1733.54,0.143762,4,OK,-84.8329,124.778,-1733.58,OK,-125.259,99.0696,-1718.99,OK,-116.777,44.9371,-1715.58,OK,-60.0434,70.5152,-1734.72,,365988043,Port:2,0,1773325400,718826768,Enabled,0.930122,0.0311362,0.0355476,0.364199,-87.5228,271.262,-1592.31,0.146304,3,OK,-87.3442,271.329,-1592.32,OK,-129.052,241.317,-1589.57,OK,-130.24,317.585,-1587.01,,365988043,Port:3,0,1773325400,718826768,Missing,,,,,,,,,4,Missing,,,,Missing,,,,Missing,,,,Missing,,,,,365988043,Port:65535,0,1773325400,718826768,Missing,,,,,,,,,0
4,,365988046,Port:1,0,1773325400,768826768,50000000,Enabled,0.693392,0.392689,-0.487138,0.357352,-80.5341,129.239,-1737.56,0.150042,4,OK,-80.435,129.074,-1737.62,OK,-121.906,105.041,-1722.97,OK,-115.345,50.7151,-1718.5,OK,-57.5601,73.9731,-1737.49,,365988046,Port:2,0,1773325400,768826768,Enabled,0.930104,0.0311388,0.0358122,0.364218,-87.5176,271.259,-1592.33,0.147778,3,OK,-87.3404,271.331,-1592.34,OK,-129.045,241.306,-1589.56,OK,-130.232,317.581,-1587.02,,365988046,Port:3,0,1773325400,768826768,Missing,,,,,,,,,4,Missing,,,,Missing,,,,Missing,,,,Missing,,,,,365988046,Port:65535,0,1773325400,768826768,Missing,,,,,,,,,0
4,,365988052,Port:1,0,1773325400,868826768,100000000,Enabled,0.709447,0.361052,-0.497022,0.345391,-70.4336,137.529,-1744.54,0.13978,4,OK,-70.3626,137.356,-1744.58,OK,-113.456,116.706,-1729.59,OK,-110.597,62.2786,-1722.99,OK,-51.2116,80.8949,-1742.12,,365988052,Port:2,0,1773325400,868826768,Enabled,0.930139,0.0307626,0.0353905,0.364202,-87.519,271.261,-1592.29,0.141667,3,OK,-87.3476,271.328,-1592.3,OK,-129.045,241.317,-1589.56,OK,-130.237,317.588,-1587.04,,365988052,Port:3,0,1773325400,868826768,Missing,,,,,,,,,4,Missing,,,,Missing,,,,Missing,,,,Missing,,,,,365988052,Port:65535,0,1773325400,868826768,Missing,,,,,,,,,0
4,,365988055,Port:1,0,1773325400,918826768,50000000,Enabled,0.715727,0.346018,-0.502684,0.339581,-65.2663,141.149,-1747.98,0.145489,4,OK,-65.2089,140.962,-1748.02,OK,-109.038,121.943,-1733.03,OK,-107.95,67.5727,-1725.57,OK,-47.8688,83.9834,-1744.48,,365988055,Port:2,0,1773325400,918826768,Enabled,0.930113,0.03114,0.035569,0.364218,-87.521,271.258,-1592.32,0.1453,3,OK,-87.3448,271.327,-1592.33,OK,-129.048,241.31,-1589.57,OK,-130.239,317.58,-1587.01,,365988055,Port:3,0,1773325400,918826768,Missing,,,,,,,,,4,Missing,,,,Missing,,,,Missing,,,,Missing,,,,,365988055,Port:65535,0,1773325400,918826768,Missing,,,,,,,,,0
4,,365988058,Port:1,0,1773325400,968826768,50000000,Enabled,0.719317,0.334014,-0.510032,0.332993,-60.7198,143.948,-1750.16,0.132497,4,OK,-60.6805,143.765,-1750.16,OK,-105.169,126.141,-1735.56,OK,-105.748,71.8304,-1727.6,OK,-45.0373,86.3257,-1746.03,,365988058,Port:2,0,1773325400,968826768,Enabled,0.930144,0.0310014,0.0353023,0.364177,-87.5196,271.257,-1592.32,0.142981,3,OK,-87.346,271.324,-1592.33,OK,-129.049,241.314,-1589.6,OK,-130.235,317.584,-1587.04,,365988058,Port:3,0,1773325400,968826768,Missing,,,,,,,,,4,Missing,,,,Missing,,,,Missing,,,,Missing,,,,,365988058,Port:65535,0,1773325400,968826768,Missing,,,,,,,,,0
4,,365988061,Port:1,0,1773325401,18826768,50000000,Enabled,0.724433,0.32546,-0.511953,0.327379,-57.4074,145.928,-1751.81,0.144718,4,OK,-57.3577,145.733,-1751.78,OK,-102.239,129.215,-1737.09,OK,-103.973,74.9869,-1728.56,OK,-42.9484,88.031,-1747.23,,365988061,Port:2,0,1773325401,18826768,Enabled,0.93013,0.030849,0.0354699,0.36421,-87.5171,271.264,-1592.3,0.146435,3,OK,-87.3383,271.331,-1592.32,OK,-129.046,241.318,-1589.56,OK,-130.238,317.59,-1587.04,,365988061,Port:3,0,1773325401,18826768,Missing,,,,,,,,,4,Missing,,,,Missing,,,,Missing,,,,Missing,,,,,365988061,Port:65535,0,1773325401,18826768,Missing,,,,,,,,,0
4,,365988064,Port:1,0,1773325401,68826766,49999998,Enabled,0.725098,0.318885,-0.51799,0.322848,-54.5502,147.106,-1752.51,0.138634,4,OK,-54.5105,146.908,-1752.5,OK,-99.7995,131.214,-1738.16,OK,-102.56,77.0314,-1729.63,OK,-41.1788,88.9669,-1747.69,,365988064,Port:2,0,1773325401,68826766,Enabled,0.930083,0.0310089,0.0359094,0.364273,-87.5202,271.268,-1592.35,0.145314,3,OK,-87.3482,271.341,-1592.36,OK,-129.041,241.309,-1589.57,OK,-130.238,317.586,-1587.05,,365988064,Port:3,0,1773325401,68826766,Missing,,,,,,,,,4,Missing,,,,Missing,,,,Missing,,,,Missing,,,,,365988064,Port:65535,0,1773325401,68826766,Missing,,,,,,,,,0
4,,365988070,Port:1,0,1773325401,168826766,100000000,Enabled,0.727681,0.309907,-0.525873,0.312881,-49.3518,148.528,-1753.48,0.133565,4,OK,-49.3137,148.342,-1753.47,OK,-95.1729,133.998,-1739.51,OK,-99.6616,79.9344,-1731.06,OK,-37.8059,90.0057,-1748.6,,365988070,Port:2,0,1773325401,168826766,Enabled,0.930115,0.0312292,0.0355591,0.364206,-87.5194,271.262,-1592.33,0.146513,3,OK,-87.342,271.333,-1592.34,OK,-129.049,241.316,-1589.59,OK,-130.234,317.58,-1587.02,,365988070,Port:3,0,1773325401,168826766,Missing,,,,,,,,,4,Missing,,,,Missing,,,,Missing,,,,Missing,,,,,365988070,Port:65535,0,1773325401,168826766,Missing,,,,,,,,,0
4,,365988073,Port:1,0,1773325401,218826766,50000000,Enabled,0.727401,0.307598,-0.526707,0.314405,-49.0327,148.958,-1754.26,0.130383,4,OK,-48.9996,148.773,-1754.25,OK,-94.9142,134.522,-1740.42,OK,-99.4712,80.4814,-1731.75,OK,-37.5318,90.4452,-1749.09,,365988073,Port:2,0,1773325401,218826766,Enabled,0.930147,0.0310167,0.0351738,0.364181,-87.5195,271.256,-1592.3,0.143036,3,OK,-87.3493,271.329,-1592.31,OK,-129.051,241.311,-1589.59,OK,-130.232,317.58,-1587.03,,365988073,Port:3,0,1773325401,218826766,Missing,,,,,,,,,4,Missing,,,,Missing,,,,Missing,,,,Missing,,,,,365988073,Port:65535,0,1773325401,218826766,Missing,,,,,,,,,0
4,,365988076,Port:1,0,1773325401,268826766,50000000,Enabled,0.728148,0.307197,-0.525826,0.314543,-48.9689,149.603,-1754.76,0.140078,4,OK,-48.9293,149.416,-1754.71,OK,-94.8339,135.195,-1740.86,OK,-99.3808,81.175,-1732,OK,-37.4668,91.1039,-1749.54,,365988076,Port:2,0,1773325401,268826766,Enabled,0.930144,0.0308471,0.0354175,0.36418,-87.5214,271.257,-1592.3,0.144219,3,OK,-87.3456,271.323,-1592.32,OK,-129.05,241.314,-1589.57,OK,-130.239,317.588,-1587.04,,365988076,Port:3,0,1773325401,268826766,Missing,,,,,,,,,4,Missing,,,,Missing,,,,Missing,,,,Missing,,,,,365988076,Port:65535,0,1773325401,268826766,Missing,,,,,,,,,0
4,,365988079,Port:1,0,1773325401,318826766,50000000,Enabled,0.726713,0.305075,-0.529965,0.312976,-48.3406,150.193,-1755.11,0.144023,4,OK,-48.3118,149.995,-1755.06,OK,-94.4065,136.043,-1741.59,OK,-99.3484,82.0422,-1732.89,OK,-37.2283,91.6095,-1749.92,,365988079,Port:2,0,1773325401,318826766,Enabled,0.930152,0.0310502,0.03522,0.36416,-87.5175,271.255,-1592.3,0.141885,3,OK,-87.3457,271.32,-1592.31,OK,-129.046,241.311,-1589.59,OK,-130.232,317.589,-1587.02,,365988079,Port:3,0,1773325401,318826766,Missing,,,,,,,,,4,Missing,,,,Missing,,,,Missing,,,,Missing,,,,,365988079,Port:65535,0,1773325401,318826766,Missing,,,,,,,,,0
4,,365988085,Port:1,0,1773325401,418826766,100000000,Enabled,0.724903,0.307936,-0.530862,0.312854,-49.342,149.337,-1753.79,0.134043,4,OK,-49.3115,149.148,-1753.77,OK,-95.3712,134.939,-1740.4,OK,-100.135,80.8822,-1732.08,OK,-38.0514,90.7585,-1748.91,,365988085,Port:2,0,1773325401,418826766,Enabled,0.930131,0.031165,0.0352341,0.364202,-87.5218,271.262,-1592.34,0.143461,3,OK,-87.3482,271.33,-1592.35,OK,-129.05,241.316,-1589.63,OK,-130.239,317.587,-1587.05,,365988085,Port:3,0,1773325401,418826766,Missing,,,,,,,,,4,Missing,,,,Missing,,,,Missing,,,,Missing,,,,,365988085,Port:65535,0,1773325401,418826766,Missing,,,,,,,,,0
4,,365988088,Port:1,0,1773325401,468826766,50000000,Enabled,0.725216,0.309039,-0.528968,0.314245,-50.1514,148.831,-1753.93,0.13037,4,OK,-50.1161,148.648,-1753.9,OK,-96.0837,134.274,-1740.39,OK,-100.602,80.1766,-1731.97,OK,-38.5985,90.3035,-1749.01,,365988088,Port:2,0,1773325401,468826766,Enabled,0.930137,0.0311769,0.0352397,0.364185,-87.5185,271.262,-1592.31,0.143052,3,OK,-87.3449,271.33,-1592.32,OK,-129.049,241.32,-1589.6,OK,-130.233,317.582,-1587.02,,365988088,Port:3,0,1773325401,468826766,Missing,,,,,,,,,4,Missing,,,,Missing,,,,Missing,,,,Missing,,,,,365988088,Port:65535,0,1773325401,468826766,Missing,,,,,,,,,0
4,,365988091,Port:1,0,1773325401,518826766,50000000,Enabled,0.723834,0.308136,-0.531535,0.313985,-50.2741,148.96,-1754.35,0.138375,4,OK,-50.2294,148.776,-1754.37,OK,-96.3161,134.459,-1741.04,OK,-100.995,80.3885,-1732.82,OK,-38.8652,90.412,-1749.43,,365988091,Port:2,0,1773325401,518826766,Enabled,0.930143,0.0309809,0.0353305,0.364179,-87.5168,271.26,-1592.31,0.140423,3,OK,-87.3468,271.326,-1592.32,OK,-129.043,241.318,-1589.59,OK,-130.232,317.587,-1587.04,,365988091,Port:3,0,1773325401,518826766,Missing,,,,,,,,,4,Missing,,,,Missing,,,,Missing,,,,Missing,,,,,365988091,Port:65535,0,1773325401,518826766,Missing,,,,,,,,,0
4,,365988094,Port:1,0,1773325401,568826766,50000000,Enabled,0.723735,0.307003,-0.532889,0.313028,-50.3188,149.274,-1754.75,0.12947,4,OK,-50.2842,149.091,-1754.74,OK,-96.4346,134.939,-1741.56,OK,-101.31,80.8607,-1733.33,OK,-39.1193,90.6758,-1749.83,,365988094,Port:2,0,1773325401,568826766,Enabled,0.930129,0.0311632,0.0356108,0.36417,-87.5213,271.25,-1592.31,0.146254,3,OK,-87.344,271.321,-1592.32,OK,-129.053,241.308,-1589.56,OK,-130.233,317.573,-1587,,365988094,Port:3,0,1773325401,568826766,Missing,,,,,,,,,4,Missing,,,,Missing,,,,Missing,,,,Missing,,,,,365988094,Port:65535,0,1773325401,568826766,Missing,,,,,,,,,0
4,,365988100,Port:1,0,1773325401,668826766,100000000,Enabled,0.721518,0.3086,-0.53506,0.312873,-50.6834,148.594,-1754.03,0.137481,4,OK,-50.6342,148.414,-1753.98,OK,-96.8395,134.12,-1741.18,OK,-101.664,79.982,-1733.15,OK,-39.4241,89.9964,-1749.4,,365988100,Port:2,0,1773325401,668826766,Enabled,0.930119,0.031195,0.0357073,0.364184,-87.5223,271.261,-1592.34,0.143265,3,OK,-87.349,271.329,-1592.35,OK,-129.048,241.316,-1589.58,OK,-130.235,317.585,-1587.02,,365988100,Port:3,0,1773325401,668826766,Missing,,,,,,,,,4,Missing,,,,Missing,,,,Missing,,,,Missing,,,,,365988100,Port:65535,0,1773325401,668826766,Missing,,,,,,,,,0
4,,365988103,Port:1,0,1773325401,718826766,50000000,Enabled,0.720887,0.309457,-0.536619,0.310801,-50.0012,148.127,-1753.07,0.133247,4,OK,-49.9607,147.945,-1753.04,OK,-96.2059,133.704,-1740.31,OK,-101.188,79.5644,-1732.59,OK,-38.8942,89.4756,-1748.69,,365988103,Port:2,0,1773325401,718826766,Enabled,0.930107,0.031075,0.0358164,0.364216,-87.5244,271.262,-1592.34,0.143152,3,OK,-87.3529,271.333,-1592.35,OK,-129.048,241.314,-1589.57,OK,-130.237,317.582,-1587.03,,365988103,Port:3,0,1773325401,718826766,Missing,,,,,,,,,4,Missing,,,,Missing,,,,Missing,,,,Missing,,,,,365988103,Port:65535,0,1773325401,718826766,Missing,,,,,,,,,0
4,,365988106,Port:1,0,1773325401,768826766,50000000,Enabled,0.721968,0.310441,-0.535713,0.30887,-49.5971,147.721,-1752.45,0.137804,4,OK,-49.5499,147.534,-1752.44,OK,-95.7794,133.356,-1739.51,OK,-100.831,79.2013,-1731.92,OK,-38.5723,89.0464,-1748.24,,365988106,Port:2,0,1773325401,768826766,Enabled,0.93011,0.031025,0.0357487,0.364219,-87.5243,271.261,-1592.34,0.14214,3,OK,-87.3541,271.331,-1592.35,OK,-129.047,241.311,-1589.57,OK,-130.239,317.584,-1587.04,,365988106,Port:3,0,1773325401,768826766,Missing,,,,,,,,,4,Missing,,,,Missing,,,,Missing,,,,Missing,,,,,365988106,Port:65535,0,1773325401,768826766,Missing,,,,,,,,,0
4,,365988109,Port:1,0,1773325401,818826766,50000000,Enabled,0.720187,0.310867,-0.53666,0.310948,-50.0289,147.395,-1752.32,0.127381,4,OK,-49.9908,147.221,-1752.32,OK,-96.202,132.84,-1739.57,OK,-101.069,78.6794,-1732.02,OK,-38.7955,88.7489,-1748.06,,365988109,Port:2,0,1773325401,818826766,Enabled,0.930131,0.0313191,0.0354401,0.36417,-87.5209,271.257,-1592.32,0.142261,3,OK,-87.3481,271.326,-1592.33,OK,-129.05,241.319,-1589.59,OK,-130.232,317.576,-1587,,365988109,Port:3,0,1773325401,818826766,Missing,,,,,,,,,4,Missing,,,,Missing,,,,Missing,,,,Missing,,,,,365988109,Port:65535,0,1773325401,818826766,Missing,,,,,,,,,0
4,,365988115,Port:1,0,1773325401,918826766,100000000,Enabled,0.720226,0.309807,-0.537222,0.310945,-49.9297,147.885,-1752.77,0.137714,4,OK,-49.8945,147.691,-1752.74,OK,-96.1444,133.43,-1740.1,OK,-101.098,79.2661,-1732.45,OK,-38.7921,89.2388,-1748.45,,365988115,Port:2,0,1773325401,918826766,Enabled,0.930107,0.03081,0.0359915,0.364221,-87.5228,271.259,-1592.32,0.144388,3,OK,-87.3505,271.329,-1592.33,OK,-129.045,241.305,-1589.53,OK,-130.238,317.587,-1587.04,,365988115,Port:3,0,1773325401,918826766,Missing,,,,,,,,,4,Missing,,,,Missing,,,,Missing,,,,Missing,,,,,365988115,Port:65535,0,1773325401,918826766,Missing,,,,,,,,,0
4,,365988118,Port:1,0,1773325401,968826766,50000000,Enabled,0.720845,0.308495,-0.53751,0.310317,-49.5241,148.099,-1753.01,0.143126,4,OK,-49.4865,147.902,-1752.96,OK,-95.7913,133.79,-1740.34,OK,-100.884,79.6668,-1732.58,OK,-38.5599,89.4257,-1748.61,,365988118,Port:2,0,1773325401,968826766,Enabled,0.930139,0.0309618,0.0353984,0.364184,-87.5219,271.258,-1592.3,0.141901,3,OK,-87.3501,271.324,-1592.31,OK,-129.049,241.314,-1589.57,OK,-130.238,317.585,-1587.02,,365988118,Port:3,0,1773325401,968826766,Missing,,,,,,,,,4,Missing,,,,Missing,,,,Missing,,,,Missing,,,,,365988118,Port:65535,0,1773325401,968826766,Missing,,,,,,,,,0
4,,365988121,Port:1,0,1773325402,18826766,50000000,Enabled,0.721748,0.308717,-0.536354,0.309996,-49.5847,147.972,-1752.95,0.141733,4,OK,-49.5386,147.784,-1752.95,OK,-95.8157,133.658,-1740.09,OK,-100.914,79.5573,-1732.37,OK,-38.5938,89.305,-1748.53,,365988121,Port:2,0,1773325402,18826766,Enabled,0.93016,0.0307471,0.0349119,0.364195,-87.5133,271.258,-1592.27,0.14683,3,OK,-87.3334,271.324,-1592.29,OK,-129.048,241.315,-1589.59,OK,-130.238,317.587,-1587.05,,365988121,Port:3,0,1773325402,18826766,Missing,,,,,,,,,4,Missing,,,,Missing,,,,Missing,,,,Missing,,,,,365988121,Port:65535,0,1773325402,18826766,Missing,,,,,,,,,0
4,,365988124,Port:1,0,1773325402,68826765,49999999,Enabled,0.721191,0.308793,-0.536282,0.311339,-49.8179,147.642,-1752.76,0.132994,4,OK,-49.7807,147.454,-1752.75,OK,-96.0208,133.247,-1739.95,OK,-100.989,79.1145,-1732.17,OK,-38.7111,89.0004,-1748.26,,365988124,Port:2,0,1773325402,68826765,Enabled,0.930165,0.0308294,0.0351587,0.364151,-87.5242,271.259,-1592.32,0.144709,3,OK,-87.3492,271.325,-1592.33,OK,-129.057,241.315,-1589.61,OK,-130.24,317.594,-1587.07,,365988124,Port:3,0,1773325402,68826765,Missing,,,,,,,,,4,Missing,,,,Missing,,,,Missing,,,,Missing,,,,,365988124,Port:65535,0,1773325402,68826765,Missing,,,,,,,,,0
4,,365988130,Port:1,0,1773325402,168826765,100000000,Enabled,0.720967,0.309358,-0.536555,0.310826,-50.0646,147.525,-1752.73,0.135473,4,OK,-50.0295,147.336,-1752.73,OK,-96.2722,133.111,-1739.92,OK,-101.25,78.9786,-1732.26,OK,-38.9586,88.8715,-1748.31,,365988130,Port:2,0,1773325402,168826765,Enabled,0.930133,0.031207,0.0354554,0.364173,-87.5224,271.259,-1592.33,0.143735,3,OK,-87.3483,271.328,-1592.34,OK,-129.052,241.316,-1589.6,OK,-130.235,317.583,-1587.02,,365988130,Port:3,0,1773325402,168826765,Missing,,,,,,,,,4,Missing,,,,Missing,,,,Missing,,,,Missing,,,,,365988130,Port:65535,0,1773325402,168826765,Missing,,,,,,,,,0
4,,365988133,Port:1,0,1773325402,218826765,50000000,Enabled,0.720683,0.308642,-0.536799,0.311773,-50.2125,147.576,-1753.04,0.135111,4,OK,-50.1698,147.388,-1753.01,OK,-96.4378,133.16,-1740.32,OK,-101.386,79.0269,-1732.51,OK,-39.0833,88.9391,-1748.52,,365988133,Port:2,0,1773325402,218826765,Enabled,0.930158,0.0307619,0.0351202,0.36418,-87.5205,271.258,-1592.29,0.14265,3,OK,-87.3497,271.327,-1592.31,OK,-129.051,241.312,-1589.59,OK,-130.237,317.59,-1587.06,,365988133,Port:3,0,1773325402,218826765,Missing,,,,,,,,,4,Missing,,,,Missing,,,,Missing,,,,Missing,,,,,365988133,Port:65535,0,1773325402,218826765,Missing,,,,,,,,,0
4,,365988136,Port:1,0,1773325402,268826765,50000000,Enabled,0.720448,0.309323,-0.537196,0.310957,-50.1754,147.536,-1752.89,0.135889,4,OK,-50.1337,147.348,-1752.86,OK,-96.4042,133.113,-1740.2,OK,-101.388,78.9689,-1732.51,OK,-39.0763,88.8845,-1748.51,,365988136,Port:2,0,1773325402,268826765,Enabled,0.930142,0.0309592,0.0353684,0.364178,-87.5241,271.258,-1592.32,0.144451,3,OK,-87.3495,271.326,-1592.34,OK,-129.054,241.312,-1589.6,OK,-130.24,317.587,-1587.05,,365988136,Port:3,0,1773325402,268826765,Missing,,,,,,,,,4,Missing,,,,Missing,,,,Missing,,,,Missing,,,,,365988136,Port:65535,0,1773325402,268826765,Missing,,,,,,,,,0
4,,365988139,Port:1,0,1773325402,318826765,50000000,Enabled,0.721243,0.309006,-0.536158,0.311222,-50.1178,147.442,-1752.78,0.131155,4,OK,-50.0717,147.261,-1752.77,OK,-96.3177,133.038,-1739.95,OK,-101.277,78.8951,-1732.18,OK,-39.0032,88.8002,-1748.3,,365988139,Port:2,0,1773325402,318826765,Enabled,0.930095,0.0311235,0.0361018,0.364213,-87.5224,271.263,-1592.37,0.144902,3,OK,-87.3483,271.333,-1592.38,OK,-129.045,241.312,-1589.57,OK,-130.235,317.586,-1587.05,,365988139,Port:3,0,1773325402,318826765,Missing,,,,,,,,,4,Missing,,,,Missing,,,,Missing,,,,Missing,,,,,365988139,Port:65535,0,1773325402,318826765,Missing,,,,,,,,,0
4,,365988145,Port:1,0,1773325402,418826765,100000000,Enabled,0.72097,0.30964,-0.535905,0.311658,-50.4204,147.493,-1752.75,0.138878,4,OK,-50.3835,147.299,-1752.72,OK,-96.5921,133.009,-1739.94,OK,-101.467,78.8613,-1732.16,OK,-39.1977,88.8714,-1748.31,,365988145,Port:2,0,1773325402,418826765,Enabled,0.930148,0.0306419,0.0353344,0.364195,-87.5178,271.255,-1592.29,0.143077,3,OK,-87.3468,271.324,-1592.31,OK,-129.045,241.306,-1589.56,OK,-130.235,317.587,-1587.06,,365988145,Port:3,0,1773325402,418826765,Missing,,,,,,,,,4,Missing,,,,Missing,,,,Missing,,,,Missing,,,,,365988145,Port:65535,0,1773325402,418826765,Missing,,,,,,,,,0
4,,365988148,Port:1,0,1773325402,468826765,50000000,Enabled,0.721168,0.309462,-0.536028,0.311164,-50.3336,147.61,-1752.82,0.138236,4,OK,-50.289,147.419,-1752.81,OK,-96.5221,133.164,-1739.98,OK,-101.447,79.0337,-1732.25,OK,-39.1825,88.9767,-1748.38,,365988148,Port:2,0,1773325402,468826765,Enabled,0.930118,0.0311695,0.0355895,0.3642,-87.5198,271.261,-1592.34,0.142861,3,OK,-87.3483,271.331,-1592.35,OK,-129.046,241.314,-1589.6,OK,-130.232,317.582,-1587.03,,365988148,Port:3,0,1773325402,468826765,Missing,,,,,,,,,4,Missing,,,,Missing,,,,Missing,,,,Missing,,,,,365988148,Port:65535,0,1773325402,468826765,Missing,,,,,,,,,0
4,,365988151,Port:1,0,1773325402,518826765,50000000,Enabled,0.720651,0.309114,-0.536492,0.311909,-50.4407,147.65,-1752.95,0.138432,4,OK,-50.4009,147.462,-1752.98,OK,-96.6358,133.18,-1740.16,OK,-101.539,79.0483,-1732.47,OK,-39.2614,89.0247,-1748.43,,365988151,Port:2,0,1773325402,518826765,Enabled,0.930136,0.0308852,0.0353838,0.364199,-87.5204,271.257,-1592.29,0.147384,3,OK,-87.3438,271.33,-1592.31,OK,-129.053,241.309,-1589.56,OK,-130.236,317.581,-1587.03,,365988151,Port:3,0,1773325402,518826765,Missing,,,,,,,,,4,Missing,,,,Missing,,,,Missing,,,,Missing,,,,,365988151,Port:65535,0,1773325402,518826765,Missing,,,,,,,,,0
4,,365988154,Port:1,0,1773325402,568826765,50000000,Enabled,0.720968,0.30963,-0.535949,0.311596,-50.629,147.698,-1752.95,0.136135,4,OK,-50.5924,147.508,-1752.96,OK,-96.8043,133.21,-1740.12,OK,-101.681,79.0789,-1732.4,OK,-39.4161,89.0689,-1748.5,,365988154,Port:2,0,1773325402,568826765,Enabled,0.930148,0.0309388,0.0351834,0.364183,-87.5197,271.26,-1592.3,0.142049,3,OK,-87.3473,271.325,-1592.31,OK,-129.048,241.316,-1589.59,OK,-130.237,317.589,-1587.04,,365988154,Port:3,0,1773325402,568826765,Missing,,,,,,,,,4,Missing,,,,Missing,,,,Missing,,,,Missing,,,,,365988154,Port:65535,0,1773325402,568826765,Missing,,,,,,,,,0
4,,365988160,Port:1,0,1773325402,668826765,100000000,Enabled,0.720222,0.311257,-0.53533,0.312762,-51.5886,147.88,-1753.19,0.136979,4,OK,-51.5425,147.694,-1753.18,OK,-97.7036,133.182,-1740.36,OK,-102.35,79.0116,-1732.68,OK,-40.1146,89.2961,-1748.82,,365988160,Port:2,0,1773325402,668826765,Enabled,0.930139,0.0308125,0.0353371,0.364202,-87.5203,271.26,-1592.3,0.143214,3,OK,-87.3476,271.328,-1592.32,OK,-129.048,241.313,-1589.58,OK,-130.239,317.589,-1587.05,,365988160,Port:3,0,1773325402,668826765,Missing,,,,,,,,,4,Missing,,,,Missing,,,,Missing,,,,Missing,,,,,365988160,Port:65535,0,1773325402,668826765,Missing,,,,,,,,,0
