ToolCount,ToolInfo,Frame#,PortHandle,Face#,timespec_s,timespec_ns,,TransformStatus,Q0,Qx,Qy,Qz,Tx,Ty,Tz,Error,#Markers,Marker0.Status,Tx,Ty,Tz,Marker1.Status,Tx,Ty,Tz,Marker2.Status,Tx,Ty,Tz,Marker3.Status,Tx,Ty,Tz,ToolInfo,Frame#,PortHandle,Face#,timespec_s,timespec_ns,TransformStatus,Q0,Qx,Qy,Qz,Tx,Ty,Tz,Error,#Markers,Marker0.Status,Tx,Ty,Tz,Marker1.Status,Tx,Ty,Tz,Marker2.Status,Tx,Ty,Tz,ToolInfo,Frame#,PortHandle,Face#,timespec_s,timespec_ns,TransformStatus,Q0,Qx,Qy,Qz,Tx,Ty,Tz,Error,#Markers,Marker0.Status,Tx,Ty,Tz,Marker1.Status,Tx,Ty,Tz,Marker2.Status,Tx,Ty,Tz,Marker3.Status,Tx,Ty,Tz,ToolInfo,Frame#,PortHandle,Face#,timespec_s,timespec_ns,TransformStatus,Q0,Qx,Qy,Qz,Tx,Ty,Tz,Error,#Markers
4,,364659466,Port:1,0,1773303257,768824166,100000000,Enabled,0.523632,0.557378,-0.601878,0.229962,-125.484,117.037,-1762.55,0.1536,4,OK,-125.326,116.968,-1762.63,OK,-167.073,89.4446,-1767.96,OK,-158.374,41.3913,-1792.96,OK,-100.199,70.2157,-1790.09,,364659466,Port:2,0,1773303257,768824166,Enabled,0.916521,0.021739,0.0379575,0.397587,-107.319,261.627,-1642.28,0.147931,3,OK,-107.147,261.705,-1642.3,OK,-146.566,228.769,-1639.18,OK,-153.316,304.814,-1637.85,,364659466,Port:3,0,1773303257,768824166,Missing,,,,,,,,,4,Missing,,,,Missing,,,,Missing,,,,Missing,,,,,364659466,Port:65535,0,1773303257,768824166,Missing,,,,,,,,,0
4,,364659472,Port:1,0,1773303257,868824166,100000000,Enabled,0.523136,0.557885,-0.602149,0.229149,-125.466,116.939,-1762.39,0.144796,4,OK,-125.321,116.899,-1762.49,OK,-167.059,89.3875,-1767.8,OK,-158.383,41.3513,-1793,OK,-100.2,70.146,-1790.03,,364659472,Port:2,0,1773303257,868824166,Enabled,0.916497,0.0219038,0.0380942,0.39762,-107.318,261.634,-1642.28,0.148662,3,OK,-107.147,261.717,-1642.3,OK,-146.566,228.776,-1639.17,OK,-153.314,304.807,-1637.83,,364659472,Port:3,0,1773303257,868824166,Missing,,,,,,,,,4,Missing,,,,Missing,,,,Missing,,,,Missing,,,,,364659472,Port:65535,0,1773303257,868824166,Missing,,,,,,,,,0
4,,364659478,Port:1,0,1773303257,968824166,100000000,Enabled,0.523662,0.556998,-0.602553,0.229046,-125.168,117.074,-1762.54,0.14612,4,OK,-125.019,117.017,-1762.62,OK,-166.822,89.5877,-1767.96,OK,-158.224,41.5233,-1793.03,OK,-99.9827,70.2088,-1790.14,,364659478,Port:2,0,1773303257,968824166,Enabled,0.916499,0.021562,0.0380846,0.397635,-107.316,261.628,-1642.24,0.146406,3,OK,-107.147,261.707,-1642.26,OK,-146.56,228.77,-1639.12,OK,-153.317,304.806,-1637.83,,364659478,Port:3,0,1773303257,968824166,Missing,,,,,,,,,4,Missing,,,,Missing,,,,Missing,,,,Missing,,,,,364659478,Port:65535,0,1773303257,968824166,Missing,,,,,,,,,0
4,,364659484,Port:1,0,1773303258,68824166,100000000,Enabled,0.524102,0.55633,-0.602264,0.230417,-125.523,117.227,-1762.68,0.160921,4,OK,-125.363,117.147,-1762.76,OK,-167.151,89.6779,-1768.06,OK,-158.493,41.5796,-1792.96,OK,-100.282,70.3186,-1790.1,,364659484,Port:2,0,1773303258,68824166,Enabled,0.916444,0.0221602,0.038801,0.397661,-107.327,261.63,-1642.34,0.141553,3,OK,-107.166,261.713,-1642.35,OK,-146.56,228.772,-1639.17,OK,-153.317,304.794,-1637.82,,364659484,Port:3,0,1773303258,68824166,Missing,,,,,,,,,4,Missing,,,,Missing,,,,Missing,,,,Missing,,,,,364659484,Port:65535,0,1773303258,68824166,Missing,,,,,,,,,0
4,,364659490,Port:1,0,1773303258,168824166,99999996,Enabled,0.523903,0.555926,-0.602671,0.230781,-125.512,117.272,-1762.88,0.160945,4,OK,-125.361,117.204,-1763,OK,-167.13,89.7417,-1768.26,OK,-158.485,41.6186,-1793.21,OK,-100.26,70.3337,-1790.23,,364659490,Port:2,0,1773303258,168824166,Enabled,0.916505,0.0220477,0.0379049,0.397612,-107.322,261.632,-1642.27,0.139603,3,OK,-107.159,261.706,-1642.28,OK,-146.563,228.782,-1639.18,OK,-153.318,304.806,-1637.81,,364659490,Port:3,0,1773303258,168824166,Missing,,,,,,,,,4,Missing,,,,Missing,,,,Missing,,,,Missing,,,,,364659490,Port:65535,0,1773303258,168824166,Missing,,,,,,,,,0
4,,364659496,Port:1,0,1773303258,268824162,150000000,Enabled,0.524775,0.55654,-0.601366,0.230722,-125.645,117.207,-1762.79,0.154481,4,OK,-125.497,117.133,-1762.87,OK,-167.248,89.6066,-1768.07,OK,-158.568,41.4767,-1792.93,OK,-100.369,70.2839,-1790.2,,364659496,Port:2,0,1773303258,268824162,Enabled,0.916471,0.02187,0.0383738,0.397655,-107.32,261.633,-1642.3,0.148803,3,OK,-107.147,261.715,-1642.31,OK,-146.562,228.772,-1639.16,OK,-153.319,304.804,-1637.83,,364659496,Port:3,0,1773303258,268824162,Missing,,,,,,,,,4,Missing,,,,Missing,,,,Missing,,,,Missing,,,,,364659496,Port:65535,0,1773303258,268824162,Missing,,,,,,,,,0
4,,364659505,Port:1,0,1773303258,418824162,100000000,Enabled,0.525672,0.553584,-0.602282,0.233389,-125.245,118.482,-1763.72,0.14745,4,OK,-125.095,118.407,-1763.79,OK,-166.879,90.945,-1769.01,OK,-158.199,42.6062,-1793.47,OK,-99.9755,71.3169,-1790.71,,364659505,Port:2,0,1773303258,418824162,Enabled,0.916455,0.0223106,0.0387508,0.397631,-107.322,261.632,-1642.32,0.147284,3,OK,-107.152,261.716,-1642.34,OK,-146.563,228.774,-1639.16,OK,-153.312,304.801,-1637.79,,364659505,Port:3,0,1773303258,418824162,Missing,,,,,,,,,4,Missing,,,,Missing,,,,Missing,,,,Missing,,,,,364659505,Port:65535,0,1773303258,418824162,Missing,,,,,,,,,0
4,,364659511,Port:1,0,1773303258,518824162,100000000,Enabled,0.528116,0.543987,-0.608317,0.234781,-123.552,121.89,-1765.97,0.156782,4,OK,-123.399,121.813,-1766.06,OK,-165.618,95.0252,-1771.31,OK,-157.598,46.2799,-1795.17,OK,-98.883,73.9768,-1792.14,,364659511,Port:2,0,1773303258,518824162,Enabled,0.916496,0.0220798,0.0382458,0.397599,-107.323,261.629,-1642.3,0.1477,3,OK,-107.152,261.708,-1642.31,OK,-146.569,228.772,-1639.18,OK,-153.317,304.806,-1637.81,,364659511,Port:3,0,1773303258,518824162,Missing,,,,,,,,,4,Missing,,,,Missing,,,,Missing,,,,Missing,,,,,364659511,Port:65535,0,1773303258,518824162,Missing,,,,,,,,,0
4,,364659517,Port:1,0,1773303258,618824162,100000000,Enabled,0.529209,0.533235,-0.615821,0.237408,-122.173,125.326,-1768.58,0.169656,4,OK,-121.997,125.236,-1768.67,OK,-164.645,99.1743,-1774.22,OK,-157.242,50.0152,-1797.35,OK,-98.0741,76.6671,-1793.79,,364659517,Port:2,0,1773303258,618824162,Enabled,0.91647,0.0219806,0.0384853,0.397641,-107.325,261.633,-1642.31,0.147587,3,OK,-107.154,261.716,-1642.32,OK,-146.567,228.776,-1639.16,OK,-153.321,304.803,-1637.82,,364659517,Port:3,0,1773303258,618824162,Missing,,,,,,,,,4,Missing,,,,Missing,,,,Missing,,,,Missing,,,,,364659517,Port:65535,0,1773303258,618824162,Missing,,,,,,,,,0
4,,364659523,Port:1,0,1773303258,718824162,150000000,Enabled,0.530334,0.530848,-0.61688,0.237499,-121.466,126.391,-1769.42,0.173723,4,OK,-121.299,126.311,-1769.55,OK,-164.056,100.421,-1774.96,OK,-156.843,51.1394,-1798.02,OK,-97.556,77.5241,-1794.42,,364659523,Port:2,0,1773303258,718824162,Enabled,0.916458,0.0219935,0.0387763,0.397639,-107.321,261.638,-1642.33,0.147085,3,OK,-107.15,261.717,-1642.35,OK,-146.559,228.779,-1639.15,OK,-153.317,304.811,-1637.83,,364659523,Port:3,0,1773303258,718824162,Missing,,,,,,,,,4,Missing,,,,Missing,,,,Missing,,,,Missing,,,,,364659523,Port:65535,0,1773303258,718824162,Missing,,,,,,,,,0
4,,364659532,Port:1,0,1773303258,868824162,100000000,Enabled,0.533058,0.524547,-0.62001,0.237248,-119.403,128.562,-1771.06,0.17148,4,OK,-119.245,128.479,-1771.19,OK,-162.302,103.094,-1776.51,OK,-155.655,53.5459,-1799.17,OK,-96.0391,79.1972,-1795.62,,364659532,Port:2,0,1773303258,868824162,Enabled,0.916474,0.0219441,0.0385497,0.397628,-107.318,261.633,-1642.3,0.145862,3,OK,-107.15,261.714,-1642.31,OK,-146.558,228.775,-1639.14,OK,-153.312,304.808,-1637.82,,364659532,Port:3,0,1773303258,868824162,Missing,,,,,,,,,4,Missing,,,,Missing,,,,Missing,,,,Missing,,,,,364659532,Port:65535,0,1773303258,868824162,Missing,,,,,,,,,0
4,,364659538,Port:1,0,1773303258,968824162,100000000,Enabled,0.532944,0.51182,-0.628212,0.243639,-119.286,132.622,-1774.87,0.178632,4,OK,-119.116,132.507,-1774.97,OK,-162.5,107.788,-1780.87,OK,-156.246,57.7843,-1802.42,OK,-96.2946,82.4573,-1798.08,,364659538,Port:2,0,1773303258,968824162,Enabled,0.916442,0.0220401,0.0387434,0.397677,-107.321,261.632,-1642.3,0.149248,3,OK,-107.149,261.714,-1642.32,OK,-146.559,228.767,-1639.13,OK,-153.319,304.801,-1637.8,,364659538,Port:3,0,1773303258,968824162,Missing,,,,,,,,,4,Missing,,,,Missing,,,,Missing,,,,Missing,,,,,364659538,Port:65535,0,1773303258,968824162,Missing,,,,,,,,,0
4,,364659544,Port:1,0,1773303259,68824162,100000000,Enabled,0.534011,0.49652,-0.63724,0.249451,-117.886,137.854,-1779.4,0.171904,4,OK,-117.732,137.744,-1779.5,OK,-161.504,113.877,-1785.83,OK,-155.957,63.3276,-1806.26,OK,-95.5654,86.7043,-1801.08,,364659544,Port:2,0,1773303259,68824162,Enabled,0.916466,0.0221805,0.0385935,0.397628,-107.321,261.63,-1642.3,0.148175,3,OK,-107.152,261.715,-1642.31,OK,-146.563,228.768,-1639.15,OK,-153.31,304.8,-1637.79,,364659544,Port:3,0,1773303259,68824162,Missing,,,,,,,,,4,Missing,,,,Missing,,,,Missing,,,,Missing,,,,,364659544,Port:65535,0,1773303259,68824162,Missing,,,,,,,,,0
4,,364659550,Port:1,0,1773303259,168824162,100000006,Enabled,0.537285,0.486705,-0.641444,0.250982,-116.095,141.52,-1782,0.189677,4,OK,-115.947,141.411,-1782.16,OK,-160.059,118.18,-1788.35,OK,-155.233,67.284,-1808.15,OK,-94.4855,89.7107,-1802.8,,364659550,Port:2,0,1773303259,168824162,Enabled,0.916505,0.0220291,0.0380383,0.397601,-107.32,261.632,-1642.28,0.14333,3,OK,-107.153,261.71,-1642.29,OK,-146.565,228.782,-1639.18,OK,-153.314,304.804,-1637.81,,364659550,Port:3,0,1773303259,168824162,Missing,,,,,,,,,4,Missing,,,,Missing,,,,Missing,,,,Missing,,,,,364659550,Port:65535,0,1773303259,168824162,Missing,,,,,,,,,0
4,,364659556,Port:1,0,1773303259,268824168,100000000,Enabled,0.543459,0.472728,-0.645744,0.253368,-113.049,144.65,-1784.32,0.180497,4,OK,-112.89,144.527,-1784.43,OK,-157.486,122.168,-1790.47,OK,-153.729,70.7467,-1809.05,OK,-92.506,91.9464,-1803.85,,364659556,Port:2,0,1773303259,268824168,Enabled,0.916473,0.0223402,0.0385251,0.397609,-107.321,261.631,-1642.32,0.148003,3,OK,-107.149,261.714,-1642.34,OK,-146.566,228.776,-1639.18,OK,-153.31,304.798,-1637.8,,364659556,Port:3,0,1773303259,268824168,Missing,,,,,,,,,4,Missing,,,,Missing,,,,Missing,,,,Missing,,,,,364659556,Port:65535,0,1773303259,268824168,Missing,,,,,,,,,0
4,,364659562,Port:1,0,1773303259,368824168,150000000,Enabled,0.550326,0.435733,-0.666793,0.25033,-105.753,151.937,-1790.29,0.189069,4,OK,-105.602,151.788,-1790.39,OK,-151.561,132.601,-1797.12,OK,-151.105,80.4831,-1813.97,OK,-88.6753,97.2363,-1807.53,,364659562,Port:2,0,1773303259,368824168,Enabled,0.916468,0.0219496,0.0385962,0.397638,-107.321,261.635,-1642.32,0.14752,3,OK,-107.151,261.717,-1642.34,OK,-146.562,228.776,-1639.16,OK,-153.316,304.807,-1637.84,,364659562,Port:3,0,1773303259,368824168,Missing,,,,,,,,,4,Missing,,,,Missing,,,,Missing,,,,Missing,,,,,364659562,Port:65535,0,1773303259,368824168,Missing,,,,,,,,,0
4,,364659571,Port:1,0,1773303259,518824168,100000000,Enabled,0.557543,0.380932,-0.696147,0.243753,-95.6411,162.068,-1799.25,0.172629,4,OK,-95.5173,161.917,-1799.31,OK,-142.969,147.517,-1807.47,OK,-147.552,94.9565,-1822.07,OK,-83.9897,105.087,-1813.48,,364659571,Port:2,0,1773303259,518824168,Enabled,0.916488,0.0216062,0.0385214,0.397618,-107.321,261.632,-1642.3,0.147578,3,OK,-107.153,261.716,-1642.32,OK,-146.564,228.772,-1639.14,OK,-153.314,304.809,-1637.86,,364659571,Port:3,0,1773303259,518824168,Missing,,,,,,,,,4,Missing,,,,Missing,,,,Missing,,,,Missing,,,,,364659571,Port:65535,0,1773303259,518824168,Missing,,,,,,,,,0
4,,364659577,Port:1,0,1773303259,618824168,99999999,Enabled,0.554819,0.350141,-0.714603,0.242734,-89.5117,166.815,-1804.89,0.163039,4,OK,-89.3861,166.698,-1804.94,OK,-137.243,154.749,-1814.63,OK,-144.268,102.223,-1828.34,OK,-80.6162,108.934,-1817.46,,364659577,Port:2,0,1773303259,618824168,Enabled,0.916489,0.0219617,0.0381424,0.397632,-107.319,261.632,-1642.29,0.146756,3,OK,-107.15,261.714,-1642.31,OK,-146.564,228.774,-1639.18,OK,-153.315,304.803,-1637.83,,364659577,Port:3,0,1773303259,618824168,Missing,,,,,,,,,4,Missing,,,,Missing,,,,Missing,,,,Missing,,,,,364659577,Port:65535,0,1773303259,618824168,Missing,,,,,,,,,0
4,,364659583,Port:1,0,1773303259,718824167,100000001,Enabled,0.54974,0.322366,-0.731698,0.241836,-83.516,170.034,-1809.13,0.158084,4,OK,-83.3923,169.912,-1809.15,OK,-131.382,160.191,-1820.59,OK,-140.515,107.812,-1833.62,OK,-77.0842,111.557,-1820.4,,364659583,Port:2,0,1773303259,718824167,Enabled,0.916439,0.0223004,0.0389712,0.397648,-107.329,261.631,-1642.36,0.147688,3,OK,-107.158,261.713,-1642.37,OK,-146.566,228.771,-1639.17,OK,-153.32,304.798,-1637.81,,364659583,Port:3,0,1773303259,718824167,Missing,,,,,,,,,4,Missing,,,,Missing,,,,Missing,,,,Missing,,,,,364659583,Port:65535,0,1773303259,718824167,Missing,,,,,,,,,0
4,,364659589,Port:1,0,1773303259,818824168,99999999,Enabled,0.541514,0.299483,-0.748531,0.238271,-77.862,172.551,-1812.51,0.142011,4,OK,-77.7576,172.446,-1812.54,OK,-125.617,164.747,-1825.75,OK,-136.569,112.726,-1838.89,OK,-73.5925,113.745,-1823.17,,364659589,Port:2,0,1773303259,818824168,Enabled,0.916486,0.0217229,0.0385695,0.397611,-107.32,261.628,-1642.32,0.14624,3,OK,-107.154,261.709,-1642.33,OK,-146.561,228.767,-1639.16,OK,-153.313,304.808,-1637.86,,364659589,Port:3,0,1773303259,818824168,Missing,,,,,,,,,4,Missing,,,,Missing,,,,Missing,,,,Missing,,,,,364659589,Port:65535,0,1773303259,818824168,Missing,,,,,,,,,0
4,,364659595,Port:1,0,1773303259,918824167,150000001,Enabled,0.532095,0.269596,-0.765585,0.240981,-72.4103,175.249,-1817.41,0.157419,4,OK,-72.3324,175.112,-1817.41,OK,-119.809,169.397,-1832.85,OK,-132.568,117.657,-1845.3,OK,-70.4565,116.06,-1826.61,,364659595,Port:2,0,1773303259,918824167,Enabled,0.916478,0.0217425,0.0386187,0.397623,-107.317,261.631,-1642.3,0.145836,3,OK,-107.149,261.711,-1642.32,OK,-146.556,228.772,-1639.14,OK,-153.313,304.81,-1637.84,,364659595,Port:3,0,1773303259,918824167,Missing,,,,,,,,,4,Missing,,,,Missing,,,,Missing,,,,Missing,,,,,364659595,Port:65535,0,1773303259,918824167,Missing,,,,,,,,,0
4,,364659604,Port:1,0,1773303260,68824168,99999999,Enabled,0.524001,0.208481,-0.791319,0.236161,-58.1328,180.114,-1826.48,0.159851,4,OK,-58.0658,179.99,-1826.44,OK,-104.795,178.692,-1844.95,OK,-122.33,128.107,-1856.26,OK,-62.1109,120.692,-1833.35,,364659604,Port:2,0,1773303260,68824168,Enabled,0.91645,0.0219451,0.038822,0.397658,-107.318,261.633,-1642.33,0.149286,3,OK,-107.147,261.717,-1642.34,OK,-146.558,228.77,-1639.14,OK,-153.313,304.804,-1637.83,,364659604,Port:3,0,1773303260,68824168,Missing,,,,,,,,,4,Missing,,,,Missing,,,,Missing,,,,Missing,,,,,364659604,Port:65535,0,1773303260,68824168,Missing,,,,,,,,,0
4,,364659610,Port:1,0,1773303260,168824167,99999995,Enabled,0.518725,0.165295,-0.804411,0.23775,-48.1954,182.084,-1833.42,0.164766,4,OK,-48.1547,181.966,-1833.35,OK,-94.0146,183.12,-1853.89,OK,-114.582,133.435,-1864.01,OK,-56.0756,122.839,-1838.22,,364659610,Port:2,0,1773303260,168824167,Enabled,0.916465,0.0218063,0.0388454,0.397626,-107.325,261.632,-1642.33,0.145919,3,OK,-107.157,261.714,-1642.35,OK,-146.563,228.774,-1639.15,OK,-153.317,304.806,-1637.85,,364659610,Port:3,0,1773303260,168824167,Missing,,,,,,,,,4,Missing,,,,Missing,,,,Missing,,,,Missing,,,,,364659610,Port:65535,0,1773303260,168824167,Missing,,,,,,,,,0
4,,364659616,Port:1,0,1773303260,268824162,100000000,Enabled,0.515599,0.121202,-0.814997,0.235048,-36.1523,183.101,-1839.41,0.206844,4,OK,-36.1462,182.974,-1839.3,OK,-81.0212,186.824,-1861.67,OK,-104.929,138.496,-1870.73,OK,-48.3633,124.469,-1842.54,,364659616,Port:2,0,1773303260,268824162,Enabled,0.916503,0.0216313,0.0380183,0.39763,-107.317,261.631,-1642.29,0.148742,3,OK,-107.143,261.711,-1642.3,OK,-146.564,228.774,-1639.18,OK,-153.318,304.807,-1637.87,,364659616,Port:3,0,1773303260,268824162,Missing,,,,,,,,,4,Missing,,,,Missing,,,,Missing,,,,Missing,,,,,364659616,Port:65535,0,1773303260,268824162,Missing,,,,,,,,,0
4,,364659622,Port:1,0,1773303260,368824162,100000000,Enabled,0.512877,0.0695162,-0.822936,0.23431,-21.6744,184.08,-1847.53,0.206727,4,OK,-21.6814,183.964,-1847.42,OK,-65.2736,190.499,-1871.66,OK,-92.9202,143.986,-1879.41,OK,-38.7761,126.579,-1848.4,,364659622,Port:2,0,1773303260,368824162,Enabled,0.916456,0.02226,0.0388676,0.397621,-107.322,261.627,-1642.35,0.148839,3,OK,-107.149,261.71,-1642.36,OK,-146.563,228.768,-1639.17,OK,-153.312,304.798,-1637.81,,364659622,Port:3,0,1773303260,368824162,Missing,,,,,,,,,4,Missing,,,,Missing,,,,Missing,,,,Missing,,,,,364659622,Port:65535,0,1773303260,368824162,Missing,,,,,,,,,0
4,,364659628,Port:1,0,1773303260,468824162,150000000,Enabled,0.505995,0.0372395,-0.82878,0.236021,-13.8067,184.51,-1853.26,0.215524,4,OK,-13.7969,184.411,-1853.11,OK,-56.2443,192.233,-1879.04,OK,-85.9109,146.864,-1886.22,OK,-33.7049,127.911,-1852.92,,364659628,Port:2,0,1773303260,468824162,Enabled,0.91646,0.0221499,0.0387862,0.397625,-107.323,261.626,-1642.33,0.150901,3,OK,-107.148,261.711,-1642.35,OK,-146.567,228.768,-1639.16,OK,-153.314,304.795,-1637.81,,364659628,Port:3,0,1773303260,468824162,Missing,,,,,,,,,4,Missing,,,,Missing,,,,Missing,,,,Missing,,,,,364659628,Port:65535,0,1773303260,468824162,Missing,,,,,,,,,0
4,,364659637,Port:1,0,1773303260,618824162,100000000,Enabled,0.507863,0.0361623,-0.827348,0.237197,-13.7262,184.558,-1853.77,0.222043,4,OK,-13.6897,184.439,-1853.6,OK,-56.2862,192.263,-1879.44,OK,-86.0504,146.89,-1886.33,OK,-33.6559,127.98,-1853.11,,364659637,Port:2,0,1773303260,618824162,Enabled,0.9165,0.0220403,0.0380818,0.397608,-107.318,261.623,-1642.29,0.144851,3,OK,-107.149,261.701,-1642.31,OK,-146.563,228.77,-1639.19,OK,-153.313,304.796,-1637.82,,364659637,Port:3,0,1773303260,618824162,Missing,,,,,,,,,4,Missing,,,,Missing,,,,Missing,,,,Missing,,,,,364659637,Port:65535,0,1773303260,618824162,Missing,,,,,,,,,0
4,,364659643,Port:1,0,1773303260,718824162,100000000,Enabled,0.510037,0.0376616,-0.8256,0.238388,-14.077,184.246,-1853.6,0.24644,4,OK,-14.0673,184.129,-1853.42,OK,-56.8157,191.805,-1879.05,OK,-86.4516,146.349,-1885.63,OK,-33.8503,127.584,-1852.74,,364659643,Port:2,0,1773303260,718824162,Enabled,0.916469,0.0222096,0.0380732,0.39767,-107.316,261.626,-1642.29,0.142768,3,OK,-107.15,261.705,-1642.31,OK,-146.555,228.769,-1639.19,OK,-153.315,304.791,-1637.8,,364659643,Port:3,0,1773303260,718824162,Missing,,,,,,,,,4,Missing,,,,Missing,,,,Missing,,,,Missing,,,,,364659643,Port:65535,0,1773303260,718824162,Missing,,,,,,,,,0
4,,364659649,Port:1,0,1773303260,818824162,100000000,Enabled,0.513992,0.049922,-0.822353,0.238864,-17.4092,184.451,-1852.22,0.209147,4,OK,-17.3932,184.344,-1852.08,OK,-60.6512,191.419,-1876.87,OK,-89.5516,145.467,-1883.52,OK,-36.109,127.442,-1851.62,,364659649,Port:2,0,1773303260,818824162,Enabled,0.916483,0.0219602,0.0387994,0.397583,-107.325,261.63,-1642.34,0.145363,3,OK,-107.157,261.711,-1642.36,OK,-146.565,228.775,-1639.16,OK,-153.312,304.808,-1637.85,,364659649,Port:3,0,1773303260,818824162,Missing,,,,,,,,,4,Missing,,,,Missing,,,,Missing,,,,Missing,,,,,364659649,Port:65535,0,1773303260,818824162,Missing,,,,,,,,,0
4,,364659655,Port:1,0,1773303260,918824162,100000000,Enabled,0.520134,0.0705926,-0.817029,0.238623,-21.9748,183.798,-1848.78,0.207516,4,OK,-21.948,183.688,-1848.64,OK,-66.0377,189.847,-1872.2,OK,-93.6654,143.13,-1879,OK,-38.8569,126.221,-1848.78,,364659655,Port:2,0,1773303260,918824162,Enabled,0.916491,0.0219308,0.0381589,0.397628,-107.317,261.626,-1642.29,0.143549,3,OK,-107.152,261.706,-1642.3,OK,-146.558,228.768,-1639.17,OK,-153.312,304.8,-1637.83,,364659655,Port:3,0,1773303260,918824162,Missing,,,,,,,,,4,Missing,,,,Missing,,,,Missing,,,,Missing,,,,,364659655,Port:65535,0,1773303260,918824162,Missing,,,,,,,,,0
4,,364659661,Port:1,0,1773303261,18824162,100000000,Enabled,0.527883,0.098108,-0.809813,0.23647,-27.6258,181.96,-1843.3,0.183945,4,OK,-27.6191,181.847,-1843.2,OK,-72.6344,186.831,-1865.03,OK,-98.6187,139.247,-1872.28,OK,-42.2332,123.789,-1844.36,,364659661,Port:2,0,1773303261,18824162,Enabled,0.916492,0.0220404,0.0380627,0.397629,-107.319,261.628,-1642.29,0.145801,3,OK,-107.152,261.712,-1642.3,OK,-146.563,228.769,-1639.18,OK,-153.312,304.8,-1637.82,,364659661,Port:3,0,1773303261,18824162,Missing,,,,,,,,,4,Missing,,,,Missing,,,,Missing,,,,Missing,,,,,364659661,Port:65535,0,1773303261,18824162,Missing,,,,,,,,,0
4,,364659667,Port:1,0,1773303261,118824162,149999999,Enabled,0.536483,0.130118,-0.801014,0.231586,-33.661,180.331,-1837.95,0.192707,4,OK,-33.6092,180.217,-1837.83,OK,-79.6756,183.915,-1857.76,OK,-103.857,135.484,-1865.72,OK,-45.7534,121.663,-1840.61,,364659667,Port:2,0,1773303261,118824162,Enabled,0.916432,0.0218594,0.0393966,0.397646,-107.325,261.63,-1642.35,0.15063,3,OK,-107.154,261.717,-1642.37,OK,-146.562,228.765,-1639.11,OK,-153.315,304.802,-1637.84,,364659667,Port:3,0,1773303261,118824162,Missing,,,,,,,,,4,Missing,,,,Missing,,,,Missing,,,,Missing,,,,,364659667,Port:65535,0,1773303261,118824162,Missing,,,,,,,,,0
4,,364659676,Port:1,0,1773303261,268824161,100000007,Enabled,0.547556,0.167923,-0.788285,0.224922,-41.0755,179.564,-1831.62,0.148043,4,OK,-41.0224,179.447,-1831.58,OK,-88.167,181.532,-1848.86,OK,-110.271,132.27,-1857.88,OK,-50.2981,120.496,-1836.18,,364659676,Port:2,0,1773303261,268824161,Enabled,0.916497,0.0218828,0.0383007,0.397601,-107.322,261.629,-1642.31,0.147273,3,OK,-107.15,261.708,-1642.33,OK,-146.567,228.774,-1639.18,OK,-153.317,304.807,-1637.85,,364659676,Port:3,0,1773303261,268824161,Missing,,,,,,,,,4,Missing,,,,Missing,,,,Missing,,,,Missing,,,,,364659676,Port:65535,0,1773303261,268824161,Missing,,,,,,,,,0
4,,364659682,Port:1,0,1773303261,368824168,99999993,Enabled,0.555926,0.19639,-0.776576,0.22205,-46.5274,178.349,-1826.05,0.146793,4,OK,-46.4619,178.224,-1826.04,OK,-94.3189,178.764,-1841.34,OK,-114.716,128.886,-1850.93,OK,-53.4768,119.104,-1831.9,,364659682,Port:2,0,1773303261,368824168,Enabled,0.916474,0.0220194,0.038659,0.397613,-107.322,261.631,-1642.33,0.147649,3,OK,-107.151,261.712,-1642.34,OK,-146.564,228.773,-1639.17,OK,-153.314,304.805,-1637.83,,364659682,Port:3,0,1773303261,368824168,Missing,,,,,,,,,4,Missing,,,,Missing,,,,Missing,,,,Missing,,,,,364659682,Port:65535,0,1773303261,368824168,Missing,,,,,,,,,0
4,,364659688,Port:1,0,1773303261,468824161,100000007,Enabled,0.567328,0.232753,-0.759325,0.217694,-52.8484,175.712,-1818.73,0.167564,4,OK,-52.7596,175.579,-1818.69,OK,-101.392,174.045,-1831.45,OK,-119.637,123.489,-1841.67,OK,-56.9966,116.419,-1826.38,,364659688,Port:2,0,1773303261,468824161,Enabled,0.916489,0.0217558,0.0384616,0.397613,-107.321,261.624,-1642.28,0.146222,3,OK,-107.154,261.708,-1642.3,OK,-146.564,228.768,-1639.13,OK,-153.314,304.799,-1637.83,,364659688,Port:3,0,1773303261,468824161,Missing,,,,,,,,,4,Missing,,,,Missing,,,,Missing,,,,Missing,,,,,364659688,Port:65535,0,1773303261,468824161,Missing,,,,,,,,,0
4,,364659694,Port:1,0,1773303261,568824168,100000000,Enabled,0.581401,0.265069,-0.738585,0.214952,-57.6151,172.881,-1811.75,0.155428,4,OK,-57.5141,172.744,-1811.74,OK,-106.689,169.082,-1821.56,OK,-123.076,117.914,-1832.09,OK,-59.3242,113.674,-1820.69,,364659694,Port:2,0,1773303261,568824168,Enabled,0.916471,0.0218156,0.0384902,0.397647,-107.317,261.631,-1642.29,0.148741,3,OK,-107.143,261.712,-1642.31,OK,-146.56,228.774,-1639.14,OK,-153.316,304.8,-1637.83,,364659694,Port:3,0,1773303261,568824168,Missing,,,,,,,,,4,Missing,,,,Missing,,,,Missing,,,,Missing,,,,,364659694,Port:65535,0,1773303261,568824168,Missing,,,,,,,,,0
4,,364659700,Port:1,0,1773303261,668824168,150000000,Enabled,0.595686,0.296264,-0.715395,0.213529,-62.9019,170.677,-1804.35,0.1552,4,OK,-62.7825,170.548,-1804.37,OK,-112.243,164.55,-1811.18,OK,-126.716,112.831,-1821.86,OK,-62.1951,111.655,-1814.48,,364659700,Port:2,0,1773303261,668824168,Enabled,0.916476,0.021981,0.0382842,0.397646,-107.321,261.632,-1642.29,0.147316,3,OK,-107.15,261.713,-1642.31,OK,-146.563,228.772,-1639.16,OK,-153.318,304.805,-1637.82,,364659700,Port:3,0,1773303261,668824168,Missing,,,,,,,,,4,Missing,,,,Missing,,,,Missing,,,,Missing,,,,,364659700,Port:65535,0,1773303261,668824168,Missing,,,,,,,,,0
4,,364659709,Port:1,0,1773303261,818824168,100000000,Enabled,0.614538,0.366709,-0.663772,0.217428,-75.9372,161.956,-1786.6,0.176952,4,OK,-75.7868,161.851,-1786.72,OK,-124.574,149.721,-1788.04,OK,-133.693,96.9669,-1799.87,OK,-69.0669,103.972,-1799.76,,364659709,Port:2,0,1773303261,818824168,Enabled,0.916473,0.0219912,0.0388255,0.3976,-107.328,261.635,-1642.32,0.146677,3,OK,-107.16,261.719,-1642.34,OK,-146.568,228.777,-1639.14,OK,-153.315,304.81,-1637.82,,364659709,Port:3,0,1773303261,818824168,Missing,,,,,,,,,4,Missing,,,,Missing,,,,Missing,,,,Missing,,,,,364659709,Port:65535,0,1773303261,818824168,Missing,,,,,,,,,0
4,,364659715,Port:1,0,1773303261,918824168,99999993,Enabled,0.621759,0.417726,-0.624518,0.22113,-83.5357,152.649,-1771.03,0.206809,4,OK,-83.3681,152.545,-1771.2,OK,-130.739,135.709,-1769.24,OK,-135.641,82.6976,-1782.47,OK,-72.1632,96.1031,-1786.9,,364659715,Port:2,0,1773303261,918824168,Enabled,0.916476,0.0221779,0.038375,0.397627,-107.323,261.639,-1642.3,0.148993,3,OK,-107.151,261.722,-1642.32,OK,-146.568,228.78,-1639.17,OK,-153.317,304.809,-1637.8,,364659715,Port:3,0,1773303261,918824168,Missing,,,,,,,,,4,Missing,,,,Missing,,,,Missing,,,,Missing,,,,,364659715,Port:65535,0,1773303261,918824168,Missing,,,,,,,,,0
4,,364659721,Port:1,0,1773303262,18824161,100000007,Enabled,0.626499,0.472563,-0.578778,0.221811,-88.3889,140.646,-1755.66,0.195033,4,OK,-88.2147,140.545,-1755.81,OK,-133.264,118.718,-1750.76,OK,-133.807,65.9885,-1765.97,OK,-72.6668,86.3173,-1775.14,,364659721,Port:2,0,1773303262,18824161,Enabled,0.916506,0.0220008,0.0380434,0.397598,-107.325,261.633,-1642.28,0.145743,3,OK,-107.157,261.717,-1642.3,OK,-146.573,228.781,-1639.18,OK,-153.316,304.803,-1637.82,,364659721,Port:3,0,1773303262,18824161,Missing,,,,,,,,,4,Missing,,,,Missing,,,,Missing,,,,Missing,,,,,364659721,Port:65535,0,1773303262,18824161,Missing,,,,,,,,,0
4,,364659727,Port:1,0,1773303262,118824168,99999997,Enabled,0.61918,0.518005,-0.546095,0.223756,-92.3867,128.88,-1743.25,0.225635,4,OK,-92.2072,128.825,-1743.47,OK,-134.861,102.801,-1737.19,OK,-131.559,50.9523,-1755.06,OK,-72.9828,77.101,-1766.09,,364659727,Port:2,0,1773303262,118824168,Enabled,0.916457,0.0218902,0.0388549,0.397639,-107.329,261.643,-1642.34,0.149142,3,OK,-107.16,261.729,-1642.35,OK,-146.57,228.779,-1639.15,OK,-153.32,304.814,-1637.85,,364659727,Port:3,0,1773303262,118824168,Missing,,,,,,,,,4,Missing,,,,Missing,,,,Missing,,,,Missing,,,,,364659727,Port:65535,0,1773303262,118824168,Missing,,,,,,,,,0
4,,364659733,Port:1,0,1773303262,218824165,150000000,Enabled,0.612831,0.55951,-0.50609,0.235074,-97.3001,116.369,-1733.42,0.201252,4,OK,-97.1211,116.318,-1733.6,OK,-136.507,85.858,-1726.19,OK,-128.807,35.1168,-1745.63,OK,-73.8662,67.4988,-1758.75,,364659733,Port:2,0,1773303262,218824165,Enabled,0.916466,0.0220079,0.0385327,0.397645,-107.326,261.643,-1642.33,0.146941,3,OK,-107.159,261.728,-1642.34,OK,-146.566,228.78,-1639.17,OK,-153.318,304.813,-1637.84,,364659733,Port:3,0,1773303262,218824165,Missing,,,,,,,,,4,Missing,,,,Missing,,,,Missing,,,,Missing,,,,,364659733,Port:65535,0,1773303262,218824165,Missing,,,,,,,,,0
4,,364659742,Port:1,0,1773303262,368824165,100000000,Enabled,0.601639,0.625904,-0.428451,0.250407,-101.001,92.8619,-1718.18,0.211302,4,OK,-100.849,92.8598,-1718.39,OK,-133.4,55.6494,-1708.77,OK,-118.837,7.69677,-1731.51,OK,-71.988,49.8109,-1748.07,,364659742,Port:2,0,1773303262,368824165,Enabled,0.916463,0.0217127,0.0388685,0.397634,-107.327,261.641,-1642.33,0.152211,3,OK,-107.153,261.726,-1642.35,OK,-146.568,228.774,-1639.14,OK,-153.322,304.822,-1637.86,,364659742,Port:3,0,1773303262,368824165,Missing,,,,,,,,,4,Missing,,,,Missing,,,,Missing,,,,Missing,,,,,364659742,Port:65535,0,1773303262,368824165,Missing,,,,,,,,,0
4,,364659748,Port:1,0,1773303262,468824165,100000000,Enabled,0.585625,0.668931,-0.381956,0.252358,-100.263,74.954,-1707.71,0.234773,4,OK,-100.107,74.9709,-1707.95,OK,-127.973,34.131,-1698.25,OK,-109.97,-10.9827,-1724.22,OK,-68.913,36.5999,-1741.33,,364659748,Port:2,0,1773303262,468824165,Enabled,0.916507,0.0219915,0.0380509,0.397596,-107.326,261.635,-1642.29,0.146888,3,OK,-107.156,261.715,-1642.3,OK,-146.573,228.779,-1639.19,OK,-153.321,304.814,-1637.83,,364659748,Port:3,0,1773303262,468824165,Missing,,,,,,,,,4,Missing,,,,Missing,,,,Missing,,,,Missing,,,,,364659748,Port:65535,0,1773303262,468824165,Missing,,,,,,,,,0
4,,364659754,Port:1,0,1773303262,568824165,100000000,Enabled,0.57096,0.699306,-0.351669,0.247598,-98.2114,60.6374,-1699.88,0.263606,4,OK,-98.0694,60.644,-1700.14,OK,-122.828,17.708,-1690.99,OK,-103.123,-24.9751,-1719.8,OK,-66.0102,25.9134,-1736.62,,364659754,Port:2,0,1773303262,568824165,Enabled,0.916473,0.0217838,0.039125,0.397583,-107.328,261.635,-1642.34,0.14785,3,OK,-107.161,261.718,-1642.35,OK,-146.568,228.774,-1639.12,OK,-153.315,304.818,-1637.84,,364659754,Port:3,0,1773303262,568824165,Missing,,,,,,,,,4,Missing,,,,Missing,,,,Missing,,,,Missing,,,,,364659754,Port:65535,0,1773303262,568824165,Missing,,,,,,,,,0
4,,364659760,Port:1,0,1773303262,668824165,100000000,Enabled,0.564154,0.721477,-0.316902,0.246524,-94.6796,50.0876,-1693.96,0.276818,4,OK,-94.542,50.1054,-1694.24,OK,-115.97,5.492,-1684.76,OK,-94.8743,-35.338,-1715.36,OK,-62.0759,18.2127,-1732.83,,364659760,Port:2,0,1773303262,668824165,Enabled,0.916495,0.0218095,0.0384377,0.397596,-107.326,261.632,-1642.29,0.145656,3,OK,-107.157,261.711,-1642.31,OK,-146.569,228.777,-1639.15,OK,-153.319,304.81,-1637.83,,364659760,Port:3,0,1773303262,668824165,Missing,,,,,,,,,4,Missing,,,,Missing,,,,Missing,,,,Missing,,,,,364659760,Port:65535,0,1773303262,668824165,Missing,,,,,,,,,0
4,,364659766,Port:1,0,1773303262,768824165,100000000,Enabled,0.566721,0.736899,-0.287197,0.230924,-86.6397,44.1638,-1688.36,0.29235,4,OK,-86.5272,44.2166,-1688.61,OK,-105.84,-1.19534,-1678.21,OK,-85.3563,-41.0783,-1710.57,OK,-55.55,13.7179,-1729.66,,364659766,Port:2,0,1773303262,768824165,Enabled,0.916469,0.0221528,0.0387441,0.397609,-107.329,261.636,-1642.33,0.14686,3,OK,-107.162,261.719,-1642.34,OK,-146.569,228.774,-1639.16,OK,-153.318,304.812,-1637.81,,364659766,Port:3,0,1773303262,768824165,Missing,,,,,,,,,4,Missing,,,,Missing,,,,Missing,,,,Missing,,,,,364659766,Port:65535,0,1773303262,768824165,Missing,,,,,,,,,0
4,,364659772,Port:1,0,1773303262,868824165,150000000,Enabled,0.564359,0.747288,-0.265449,0.229337,-82.6568,37.7987,-1684.02,0.268787,4,OK,-82.5407,37.8448,-1684.25,OK,-99.8228,-8.31423,-1673.64,OK,-78.8893,-47.1989,-1706.78,OK,-51.7502,8.77812,-1726.44,,364659772,Port:2,0,1773303262,868824165,Enabled,0.916485,0.0222312,0.0384553,0.397596,-107.325,261.636,-1642.3,0.145185,3,OK,-107.156,261.716,-1642.32,OK,-146.568,228.784,-1639.16,OK,-153.315,304.808,-1637.79,,364659772,Port:3,0,1773303262,868824165,Missing,,,,,,,,,4,Missing,,,,Missing,,,,Missing,,,,Missing,,,,,364659772,Port:65535,0,1773303262,868824165,Missing,,,,,,,,,0
4,,364659781,Port:1,0,1773303263,18824165,100000000,Enabled,0.551172,0.765139,-0.24124,0.229291,-78.0854,25.1479,-1676.81,0.306701,4,OK,-77.9799,25.2185,-1677.08,OK,-92.5838,-22.046,-1667.26,OK,-70.6183,-58.9007,-1702.23,OK,-46.9804,-1.0257,-1720.9,,364659781,Port:2,0,1773303263,18824165,Enabled,0.916525,0.0220395,0.0377711,0.39758,-107.323,261.636,-1642.27,0.145286,3,OK,-107.154,261.715,-1642.28,OK,-146.572,228.784,-1639.19,OK,-153.317,304.814,-1637.81,,364659781,Port:3,0,1773303263,18824165,Missing,,,,,,,,,4,Missing,,,,Missing,,,,Missing,,,,Missing,,,,,364659781,Port:65535,0,1773303263,18824165,Missing,,,,,,,,,0
4,,364659787,Port:1,0,1773303263,118824165,99999996,Enabled,0.542316,0.77736,-0.219673,0.230974,-74.3179,17.1424,-1672.43,0.304614,4,OK,-74.2347,17.2321,-1672.68,OK,-86.4736,-30.7888,-1663.34,OK,-63.684,-66.0763,-1699.43,OK,-43.0881,-6.92403,-1717.64,,364659787,Port:2,0,1773303263,118824165,Enabled,0.916495,0.0220803,0.0382484,0.3976,-107.332,261.637,-1642.32,0.146135,3,OK,-107.162,261.718,-1642.33,OK,-146.577,228.783,-1639.19,OK,-153.324,304.811,-1637.83,,364659787,Port:3,0,1773303263,118824165,Missing,,,,,,,,,4,Missing,,,,Missing,,,,Missing,,,,Missing,,,,,364659787,Port:65535,0,1773303263,118824165,Missing,,,,,,,,,0
4,,364659793,Port:1,0,1773303263,218824161,100000007,Enabled,0.532426,0.788949,-0.203976,0.229077,-70.9056,10.5239,-1668.84,0.27111,4,OK,-70.8285,10.6472,-1669.05,OK,-81.3206,-37.9352,-1660.61,OK,-58.1983,-71.7475,-1697.85,OK,-39.9282,-11.5774,-1715.18,,364659793,Port:2,0,1773303263,218824161,Enabled,0.916446,0.0221734,0.0387816,0.397657,-107.325,261.641,-1642.32,0.149181,3,OK,-107.154,261.724,-1642.33,OK,-146.564,228.776,-1639.15,OK,-153.319,304.81,-1637.8,,364659793,Port:3,0,1773303263,218824161,Missing,,,,,,,,,4,Missing,,,,Missing,,,,Missing,,,,Missing,,,,,364659793,Port:65535,0,1773303263,218824161,Missing,,,,,,,,,0
4,,364659799,Port:1,0,1773303263,318824168,100000000,Enabled,0.529569,0.795348,-0.191222,0.224528,-67.7172,6.88908,-1665.88,0.311194,4,OK,-67.6391,6.99088,-1666.11,OK,-77.0567,-41.8386,-1657.72,OK,-54.0998,-74.9064,-1695.79,OK,-37.3436,-14.2437,-1713.11,,364659799,Port:2,0,1773303263,318824168,Enabled,0.916482,0.021861,0.0384043,0.397628,-107.323,261.642,-1642.3,0.148705,3,OK,-107.151,261.724,-1642.31,OK,-146.567,228.783,-1639.15,OK,-153.319,304.816,-1637.83,,364659799,Port:3,0,1773303263,318824168,Missing,,,,,,,,,4,Missing,,,,Missing,,,,Missing,,,,Missing,,,,,364659799,Port:65535,0,1773303263,318824168,Missing,,,,,,,,,0
4,,364659805,Port:1,0,1773303263,418824168,150000000,Enabled,0.530314,0.790628,-0.205895,0.226453,-70.3015,8.4401,-1665.67,0.319214,4,OK,-70.2209,8.53581,-1665.93,OK,-80.9353,-40.0425,-1657.68,OK,-57.9953,-73.6549,-1695.32,OK,-39.48,-13.4438,-1712.24,,364659805,Port:2,0,1773303263,418824168,Enabled,0.91648,0.0221251,0.0384489,0.397613,-107.327,261.64,-1642.33,0.149737,3,OK,-107.154,261.722,-1642.35,OK,-146.572,228.78,-1639.19,OK,-153.321,304.815,-1637.83,,364659805,Port:3,0,1773303263,418824168,Missing,,,,,,,,,4,Missing,,,,Missing,,,,Missing,,,,Missing,,,,,364659805,Port:65535,0,1773303263,418824168,Missing,,,,,,,,,0
4,,364659814,Port:1,0,1773303263,568824168,100000000,Enabled,0.53907,0.774223,-0.235331,0.233668,-77.7735,16.9965,-1667.61,0.298434,4,OK,-77.6877,17.0877,-1667.85,OK,-91.1614,-30.7191,-1659.2,OK,-68.2502,-66.2272,-1695.01,OK,-45.9795,-7.40817,-1712.25,,364659814,Port:2,0,1773303263,568824168,Enabled,0.916509,0.022009,0.0382127,0.397576,-107.328,261.638,-1642.3,0.143722,3,OK,-107.161,261.719,-1642.31,OK,-146.574,228.789,-1639.18,OK,-153.317,304.812,-1637.83,,364659814,Port:3,0,1773303263,568824168,Missing,,,,,,,,,4,Missing,,,,Missing,,,,Missing,,,,Missing,,,,,364659814,Port:65535,0,1773303263,568824168,Missing,,,,,,,,,0
4,,364659820,Port:1,0,1773303263,668824168,99999993,Enabled,0.547897,0.762814,-0.25103,0.234323,-80.7095,23.429,-1669.03,0.292985,4,OK,-80.597,23.4732,-1669.26,OK,-95.8367,-23.6971,-1660.03,OK,-73.4799,-60.5334,-1694.61,OK,-48.8947,-2.81835,-1712.61,,364659820,Port:2,0,1773303263,668824168,Enabled,0.916505,0.0218796,0.0379536,0.397618,-107.329,261.647,-1642.3,0.144728,3,OK,-107.161,261.726,-1642.32,OK,-146.573,228.79,-1639.2,OK,-153.326,304.825,-1637.86,,364659820,Port:3,0,1773303263,668824168,Missing,,,,,,,,,4,Missing,,,,Missing,,,,Missing,,,,Missing,,,,,364659820,Port:65535,0,1773303263,668824168,Missing,,,,,,,,,0
4,,364659826,Port:1,0,1773303263,768824161,100000007,Enabled,0.552686,0.749368,-0.277986,0.23603,-85.2533,29.2694,-1670.69,0.261087,4,OK,-85.1372,29.3154,-1670.91,OK,-102.921,-16.944,-1661.84,OK,-81.1742,-55.2308,-1695.22,OK,-53.2481,1.01024,-1712.81,,364659826,Port:2,0,1773303263,768824161,Enabled,0.916501,0.0219029,0.0383538,0.397588,-107.332,261.644,-1642.31,0.145502,3,OK,-107.167,261.728,-1642.33,OK,-146.576,228.785,-1639.17,OK,-153.32,304.824,-1637.84,,364659826,Port:3,0,1773303263,768824161,Missing,,,,,,,,,4,Missing,,,,Missing,,,,Missing,,,,Missing,,,,,364659826,Port:65535,0,1773303263,768824161,Missing,,,,,,,,,0
4,,364659832,Port:1,0,1773303263,868824168,99999993,Enabled,0.559514,0.733166,-0.304601,0.237972,-89.7556,36.4939,-1672.74,0.301922,4,OK,-89.6332,36.5163,-1673.02,OK,-110.031,-8.64635,-1663.75,OK,-89.0708,-48.4962,-1695.79,OK,-57.7017,5.95713,-1713.19,,364659832,Port:2,0,1773303263,868824168,Enabled,0.916453,0.022094,0.0390181,0.397623,-107.327,261.642,-1642.33,0.144677,3,OK,-107.161,261.725,-1642.35,OK,-146.564,228.785,-1639.14,OK,-153.315,304.812,-1637.81,,364659832,Port:3,0,1773303263,868824168,Missing,,,,,,,,,4,Missing,,,,Missing,,,,Missing,,,,Missing,,,,,364659832,Port:65535,0,1773303263,868824168,Missing,,,,,,,,,0
4,,364659838,Port:1,0,1773303263,968824161,100000007,Enabled,0.567706,0.710376,-0.339235,0.240822,-95.0277,46.7202,-1676.91,0.227405,4,OK,-94.888,46.7271,-1677.11,OK,-118.592,3.21349,-1668.11,OK,-98.8401,-38.655,-1698.02,OK,-63.1988,13.1862,-1715.08,,364659838,Port:2,0,1773303263,968824161,Enabled,0.916468,0.0221881,0.0385988,0.397624,-107.331,261.646,-1642.34,0.146705,3,OK,-107.163,261.73,-1642.35,OK,-146.573,228.788,-1639.18,OK,-153.321,304.816,-1637.82,,364659838,Port:3,0,1773303263,968824161,Missing,,,,,,,,,4,Missing,,,,Missing,,,,Missing,,,,Missing,,,,,364659838,Port:65535,0,1773303263,968824161,Missing,,,,,,,,,0
4,,364659844,Port:1,0,1773303264,68824168,149999998,Enabled,0.575545,0.69212,-0.360371,0.244644,-99.2778,56.4619,-1681.17,0.249724,4,OK,-99.125,56.4501,-1681.41,OK,-124.913,14.1893,-1672.11,OK,-106.021,-29.1784,-1700.41,OK,-67.6853,20.7123,-1717.41,,364659844,Port:2,0,1773303264,68824168,Enabled,0.916474,0.0218328,0.0384862,0.397641,-107.324,261.644,-1642.29,0.144296,3,OK,-107.16,261.726,-1642.3,OK,-146.562,228.782,-1639.14,OK,-153.318,304.82,-1637.82,,364659844,Port:3,0,1773303264,68824168,Missing,,,,,,,,,4,Missing,,,,Missing,,,,Missing,,,,Missing,,,,,364659844,Port:65535,0,1773303264,68824168,Missing,,,,,,,,,0
4,,364659853,Port:1,0,1773303264,218824166,100000000,Enabled,0.588949,0.665321,-0.387787,0.24517,-99.9773,70.3054,-1687.64,0.263598,4,OK,-99.8023,70.2649,-1687.92,OK,-128.527,30.0564,-1678.06,OK,-111.517,-15.3851,-1704.09,OK,-69.5255,31.3378,-1721.37,,364659853,Port:2,0,1773303264,218824166,Enabled,0.916498,0.0220437,0.0380866,0.397612,-107.329,261.646,-1642.3,0.147555,3,OK,-107.16,261.731,-1642.32,OK,-146.576,228.788,-1639.2,OK,-153.321,304.817,-1637.83,,364659853,Port:3,0,1773303264,218824166,Missing,,,,,,,,,4,Missing,,,,Missing,,,,Missing,,,,Missing,,,,,364659853,Port:65535,0,1773303264,218824166,Missing,,,,,,,,,0
4,,364659859,Port:1,0,1773303264,318824166,100000001,Enabled,0.602679,0.643852,-0.402391,0.245587,-99.2927,81.2549,-1693.13,0.283259,4,OK,-99.1198,81.2058,-1693.44,OK,-129.637,42.6217,-1682.59,OK,-114.207,-4.44006,-1706.7,OK,-70.0035,39.8254,-1724.79,,364659859,Port:2,0,1773303264,318824166,Enabled,0.916474,0.0216108,0.0387064,0.397631,-107.327,261.638,-1642.3,0.14551,3,OK,-107.161,261.718,-1642.31,OK,-146.564,228.775,-1639.12,OK,-153.322,304.819,-1637.85,,364659859,Port:3,0,1773303264,318824166,Missing,,,,,,,,,4,Missing,,,,Missing,,,,Missing,,,,Missing,,,,,364659859,Port:65535,0,1773303264,318824166,Missing,,,,,,,,,0
4,,364659865,Port:1,0,1773303264,418824167,99999999,Enabled,0.61432,0.610353,-0.435263,0.246224,-100.181,95.0748,-1701.68,0.239664,4,OK,-100.011,94.9978,-1701.93,OK,-133.768,59.2204,-1691.26,OK,-120.854,10.2368,-1712.66,OK,-72.6674,50.3301,-1730.31,,364659865,Port:2,0,1773303264,418824167,Enabled,0.916484,0.022015,0.0383658,0.397619,-107.327,261.644,-1642.31,0.146733,3,OK,-107.156,261.723,-1642.32,OK,-146.57,228.788,-1639.17,OK,-153.322,304.818,-1637.82,,364659865,Port:3,0,1773303264,418824167,Missing,,,,,,,,,4,Missing,,,,Missing,,,,Missing,,,,Missing,,,,,364659865,Port:65535,0,1773303264,418824167,Missing,,,,,,,,,0
4,,364659871,Port:1,0,1773303264,518824166,100000000,Enabled,0.626697,0.576828,-0.460639,0.249664,-101.063,108.783,-1710.91,0.24449,4,OK,-100.895,108.688,-1711.16,OK,-137.199,75.5627,-1700.31,OK,-126.589,24.9566,-1718.9,OK,-75.3205,61.1189,-1736.26,,364659871,Port:2,0,1773303264,518824166,Enabled,0.916454,0.0219602,0.0389695,0.397631,-107.328,261.643,-1642.34,0.148542,3,OK,-107.157,261.727,-1642.35,OK,-146.567,228.784,-1639.14,OK,-153.319,304.814,-1637.83,,364659871,Port:3,0,1773303264,518824166,Missing,,,,,,,,,4,Missing,,,,Missing,,,,Missing,,,,Missing,,,,,364659871,Port:65535,0,1773303264,518824166,Missing,,,,,,,,,0
4,,364659877,Port:1,0,1773303264,618824166,150000000,Enabled,0.641014,0.551627,-0.468564,0.255454,-101.67,119.192,-1718.7,0.225791,4,OK,-101.496,119.082,-1718.91,OK,-139.013,87.6985,-1707.13,OK,-129.814,35.913,-1722.94,OK,-77.1134,69.551,-1741.25,,364659877,Port:2,0,1773303264,618824166,Enabled,0.916488,0.0218371,0.038469,0.39761,-107.328,261.638,-1642.29,0.145579,3,OK,-107.161,261.722,-1642.3,OK,-146.572,228.784,-1639.13,OK,-153.319,304.809,-1637.82,,364659877,Port:3,0,1773303264,618824166,Missing,,,,,,,,,4,Missing,,,,Missing,,,,Missing,,,,Missing,,,,,364659877,Port:65535,0,1773303264,618824166,Missing,,,,,,,,,0
4,,364659886,Port:1,0,1773303264,768824166,100000000,Enabled,0.648458,0.51235,-0.498884,0.260986,-101.292,131.472,-1729.75,0.242974,4,OK,-101.143,131.35,-1730,OK,-141.248,103.124,-1718.93,OK,-134.757,50.1046,-1731.87,OK,-78.9827,79.2411,-1748.43,,364659886,Port:2,0,1773303264,768824166,Enabled,0.916487,0.0218908,0.0385259,0.397602,-107.325,261.64,-1642.3,0.148976,3,OK,-107.155,261.725,-1642.31,OK,-146.571,228.782,-1639.14,OK,-153.316,304.815,-1637.82,,364659886,Port:3,0,1773303264,768824166,Missing,,,,,,,,,4,Missing,,,,Missing,,,,Missing,,,,Missing,,,,,364659886,Port:65535,0,1773303264,768824166,Missing,,,,,,,,,0
4,,364659892,Port:1,0,1773303264,868824166,100000000,Enabled,0.654022,0.486453,-0.517884,0.259646,-98.6128,138.479,-1735.6,0.233686,4,OK,-98.4678,138.344,-1735.82,OK,-140.263,112.447,-1725.3,OK,-136.062,58.864,-1736.54,OK,-78.3818,84.6856,-1752.14,,364659892,Port:2,0,1773303264,868824166,Enabled,0.916466,0.022054,0.0388469,0.397611,-107.325,261.642,-1642.31,0.147622,3,OK,-107.154,261.724,-1642.33,OK,-146.566,228.786,-1639.13,OK,-153.315,304.814,-1637.8,,364659892,Port:3,0,1773303264,868824166,Missing,,,,,,,,,4,Missing,,,,Missing,,,,Missing,,,,Missing,,,,,364659892,Port:65535,0,1773303264,868824166,Missing,,,,,,,,,0
4,,364659898,Port:1,0,1773303264,968824166,100000000,Enabled,0.657211,0.474634,-0.524129,0.260931,-97.1182,140.724,-1738.85,0.219259,4,OK,-96.9819,140.585,-1739.06,OK,-139.36,115.641,-1728.66,OK,-136.002,61.7991,-1738.94,OK,-77.6832,86.2902,-1754.26,,364659898,Port:2,0,1773303264,968824166,Enabled,0.916486,0.0220986,0.0385972,0.397587,-107.328,261.635,-1642.33,0.14691,3,OK,-107.157,261.716,-1642.34,OK,-146.573,228.784,-1639.17,OK,-153.317,304.808,-1637.83,,364659898,Port:3,0,1773303264,968824166,Missing,,,,,,,,,4,Missing,,,,Missing,,,,Missing,,,,Missing,,,,,364659898,Port:65535,0,1773303264,968824166,Missing,,,,,,,,,0
4,,364659904,Port:1,0,1773303265,68824166,100000001,Enabled,0.660021,0.464033,-0.530747,0.259525,-94.7943,142.135,-1741.34,0.216748,4,OK,-94.6635,142.005,-1741.54,OK,-137.645,118.053,-1731.27,OK,-135.307,64.0314,-1740.91,OK,-76.3389,87.1206,-1755.92,,364659904,Port:2,0,1773303265,68824166,Enabled,0.916481,0.0221542,0.0385461,0.3976,-107.333,261.639,-1642.33,0.146898,3,OK,-107.164,261.723,-1642.35,OK,-146.578,228.785,-1639.18,OK,-153.322,304.809,-1637.82,,364659904,Port:3,0,1773303265,68824166,Missing,,,,,,,,,4,Missing,,,,Missing,,,,Missing,,,,Missing,,,,,364659904,Port:65535,0,1773303265,68824166,Missing,,,,,,,,,0
4,,364659910,Port:1,0,1773303265,168824167,149999995,Enabled,0.661942,0.436335,-0.553231,0.255695,-89.6484,147.553,-1747.46,0.202543,4,OK,-89.5118,147.415,-1747.63,OK,-134.124,126.138,-1738.6,OK,-134.526,71.852,-1746.91,OK,-73.8201,91.284,-1760.13,,364659910,Port:2,0,1773303265,168824167,Enabled,0.916475,0.0219494,0.0386609,0.397615,-107.328,261.636,-1642.33,0.148861,3,OK,-107.158,261.721,-1642.34,OK,-146.57,228.774,-1639.16,OK,-153.318,304.812,-1637.84,,364659910,Port:3,0,1773303265,168824167,Missing,,,,,,,,,4,Missing,,,,Missing,,,,Missing,,,,Missing,,,,,364659910,Port:65535,0,1773303265,168824167,Missing,,,,,,,,,0
4,,364659919,Port:1,0,1773303265,318824162,100000000,Enabled,0.662646,0.393455,-0.583772,0.255545,-83.3598,157.099,-1758.87,0.163808,4,OK,-83.2411,156.95,-1758.96,OK,-129.777,139.402,-1752.05,OK,-133.78,85.0099,-1758.13,OK,-71.1222,99.2982,-1768.34,,364659919,Port:2,0,1773303265,318824162,Enabled,0.916508,0.0214148,0.0381719,0.397614,-107.319,261.631,-1642.26,0.146609,3,OK,-107.15,261.708,-1642.28,OK,-146.562,228.772,-1639.13,OK,-153.319,304.816,-1637.86,,364659919,Port:3,0,1773303265,318824162,Missing,,,,,,,,,4,Missing,,,,Missing,,,,Missing,,,,Missing,,,,,364659919,Port:65535,0,1773303265,318824162,Missing,,,,,,,,,0
4,,364659925,Port:1,0,1773303265,418824162,100000000,Enabled,0.663922,0.365124,-0.59932,0.258277,-78.6432,161.288,-1766.36,0.150265,4,OK,-78.518,161.155,-1766.42,OK,-125.994,145.782,-1760.68,OK,-132.107,91.4307,-1765.05,OK,-68.5772,102.718,-1773.48,,364659925,Port:2,0,1773303265,418824162,Enabled,0.916488,0.0219887,0.038437,0.397604,-107.323,261.632,-1642.3,0.147703,3,OK,-107.152,261.714,-1642.32,OK,-146.567,228.775,-1639.16,OK,-153.316,304.809,-1637.82,,364659925,Port:3,0,1773303265,418824162,Missing,,,,,,,,,4,Missing,,,,Missing,,,,Missing,,,,Missing,,,,,364659925,Port:65535,0,1773303265,418824162,Missing,,,,,,,,,0
4,,364659931,Port:1,0,1773303265,518824162,100000001,Enabled,0.664573,0.339226,-0.615404,0.254058,-72.0161,164.515,-1771.7,0.149538,4,OK,-71.8975,164.374,-1771.76,OK,-120.217,151.442,-1767.19,OK,-128.846,97.3765,-1770.63,OK,-64.6343,105.384,-1777.29,,364659931,Port:2,0,1773303265,518824162,Enabled,0.916511,0.0221318,0.0381781,0.397568,-107.321,261.629,-1642.29,0.145188,3,OK,-107.152,261.708,-1642.3,OK,-146.569,228.78,-1639.17,OK,-153.312,304.805,-1637.8,,364659931,Port:3,0,1773303265,518824162,Missing,,,,,,,,,4,Missing,,,,Missing,,,,Missing,,,,Missing,,,,,364659931,Port:65535,0,1773303265,518824162,Missing,,,,,,,,,0
4,,364659937,Port:1,0,1773303265,618824163,99999999,Enabled,0.663755,0.309249,-0.632913,0.251427,-66.0483,168.172,-1778.06,0.143739,4,OK,-65.9381,168.027,-1778.08,OK,-115,157.716,-1775.1,OK,-126.311,104.102,-1777.39,OK,-61.5714,108.602,-1781.84,,364659937,Port:2,0,1773303265,618824163,Enabled,0.916496,0.0219614,0.0381729,0.397613,-107.317,261.631,-1642.28,0.146799,3,OK,-107.149,261.714,-1642.3,OK,-146.563,228.773,-1639.16,OK,-153.31,304.804,-1637.82,,364659937,Port:3,0,1773303265,618824163,Missing,,,,,,,,,4,Missing,,,,Missing,,,,Missing,,,,Missing,,,,,364659937,Port:65535,0,1773303265,618824163,Missing,,,,,,,,,0
4,,364659943,Port:1,0,1773303265,718824162,100000000,Enabled,0.660225,0.271335,-0.656217,0.244662,-57.7011,171.805,-1784.52,0.144751,4,OK,-57.5965,171.658,-1784.49,OK,-107.355,164.836,-1783.84,OK,-122.258,112.08,-1785.23,OK,-57.257,111.978,-1786.53,,364659943,Port:2,0,1773303265,718824162,Enabled,0.916454,0.0218673,0.0388443,0.397649,-107.328,261.636,-1642.34,0.146221,3,OK,-107.16,261.717,-1642.36,OK,-146.564,228.774,-1639.16,OK,-153.322,304.809,-1637.86,,364659943,Port:3,0,1773303265,718824162,Missing,,,,,,,,,4,Missing,,,,Missing,,,,Missing,,,,Missing,,,,,364659943,Port:65535,0,1773303265,718824162,Missing,,,,,,,,,0
4,,364659949,Port:1,0,1773303265,818824162,150000000,Enabled,0.656126,0.237487,-0.676814,0.234566,-48.5354,172.848,-1788.78,0.138357,4,OK,-48.4345,172.712,-1788.79,OK,-98.5334,169.195,-1790.13,OK,-116.865,117.552,-1791.33,OK,-52.0435,113.085,-1789.68,,364659949,Port:2,0,1773303265,818824162,Enabled,0.916478,0.0221722,0.0385517,0.397606,-107.325,261.635,-1642.33,0.149194,3,OK,-107.153,261.718,-1642.34,OK,-146.569,228.776,-1639.18,OK,-153.315,304.809,-1637.82,,364659949,Port:3,0,1773303265,818824162,Missing,,,,,,,,,4,Missing,,,,Missing,,,,Missing,,,,Missing,,,,,364659949,Port:65535,0,1773303265,818824162,Missing,,,,,,,,,0
4,,364659958,Port:1,0,1773303265,968824162,100000000,Enabled,0.6566,0.215622,-0.688356,0.220341,-38.8604,170.326,-1788.72,0.136091,4,OK,-38.7704,170.189,-1788.7,OK,-88.9482,169.375,-1791,OK,-110.006,118.778,-1792.28,OK,-45.5848,110.83,-1789.49,,364659958,Port:2,0,1773303265,968824162,Enabled,0.916513,0.0217658,0.0379588,0.397605,-107.32,261.626,-1642.27,0.144226,3,OK,-107.151,261.703,-1642.28,OK,-146.565,228.774,-1639.17,OK,-153.317,304.803,-1637.84,,364659958,Port:3,0,1773303265,968824162,Missing,,,,,,,,,4,Missing,,,,Missing,,,,Missing,,,,Missing,,,,,364659958,Port:65535,0,1773303265,968824162,Missing,,,,,,,,,0
4,,364659964,Port:1,0,1773303266,68824162,100000000,Enabled,0.651177,0.184637,-0.706116,0.208034,-29.5206,170.673,-1791.64,0.137678,4,OK,-29.4333,170.533,-1791.65,OK,-79.4541,172.882,-1795.85,OK,-103.635,123.726,-1797.4,OK,-40.0246,111.715,-1791.92,,364659964,Port:2,0,1773303266,68824162,Enabled,0.916466,0.0218094,0.0387619,0.397633,-107.323,261.631,-1642.32,0.148317,3,OK,-107.154,261.716,-1642.34,OK,-146.563,228.769,-1639.14,OK,-153.315,304.805,-1637.84,,364659964,Port:3,0,1773303266,68824162,Missing,,,,,,,,,4,Missing,,,,Missing,,,,Missing,,,,Missing,,,,,364659964,Port:65535,0,1773303266,68824162,Missing,,,,,,,,,0
4,,364659970,Port:1,0,1773303266,168824162,100000003,Enabled,0.643472,0.137453,-0.725915,0.200242,-18.1607,173.331,-1799.24,0.202245,4,OK,-18.0828,173.193,-1799.08,OK,-67.4708,179.333,-1806.44,OK,-95.4476,132.25,-1807.18,OK,-33.4412,115.427,-1798.01,,364659970,Port:2,0,1773303266,168824162,Enabled,0.916472,0.022115,0.0386313,0.397614,-107.326,261.628,-1642.33,0.14535,3,OK,-107.159,261.709,-1642.35,OK,-146.565,228.769,-1639.17,OK,-153.317,304.803,-1637.83,,364659970,Port:3,0,1773303266,168824162,Missing,,,,,,,,,4,Missing,,,,Missing,,,,Missing,,,,Missing,,,,,364659970,Port:65535,0,1773303266,168824162,Missing,,,,,,,,,0
4,,364659976,Port:1,0,1773303266,268824165,100000000,Enabled,0.636618,0.0986905,-0.739411,0.195572,-9.63699,174.68,-1805.6,0.178099,4,OK,-9.56618,174.542,-1805.48,OK,-58.136,183.472,-1815.05,OK,-89.0086,138.239,-1815.45,OK,-28.6293,117.936,-1803,,364659976,Port:2,0,1773303266,268824165,Enabled,0.916478,0.0217779,0.0388014,0.397603,-107.321,261.626,-1642.3,0.148057,3,OK,-107.153,261.712,-1642.32,OK,-146.563,228.766,-1639.12,OK,-153.31,304.803,-1637.83,,364659976,Port:3,0,1773303266,268824165,Missing,,,,,,,,,4,Missing,,,,Missing,,,,Missing,,,,Missing,,,,,364659976,Port:65535,0,1773303266,268824165,Missing,,,,,,,,,0
4,,364659982,Port:1,0,1773303266,368824165,150000000,Enabled,0.629505,0.0661962,-0.750453,0.190163,-1.27987,174.436,-1810.21,0.20423,4,OK,-1.21092,174.317,-1810.03,OK,-48.8533,185.543,-1821.72,OK,-82.1174,142.041,-1821.96,OK,-23.4624,118.893,-1806.83,,364659982,Port:2,0,1773303266,368824165,Enabled,0.916497,0.0221721,0.0382015,0.397595,-107.322,261.632,-1642.32,0.146636,3,OK,-107.153,261.716,-1642.33,OK,-146.57,228.778,-1639.21,OK,-153.311,304.802,-1637.83,,364659982,Port:3,0,1773303266,368824165,Missing,,,,,,,,,4,Missing,,,,Missing,,,,Missing,,,,Missing,,,,,364659982,Port:65535,0,1773303266,368824165,Missing,,,,,,,,,0
4,,364659991,Port:1,0,1773303266,518824165,100000000,Enabled,0.619534,0.0278613,-0.761659,0.187822,8.0338,173.658,-1816.39,0.19998,4,OK,8.08799,173.539,-1816.21,OK,-38.2817,187.014,-1830.41,OK,-73.9993,145.497,-1830.5,OK,-17.5067,119.647,-1811.89,,364659991,Port:2,0,1773303266,518824165,Enabled,0.916481,0.0221871,0.0384313,0.397609,-107.32,261.63,-1642.32,0.144167,3,OK,-107.153,261.711,-1642.33,OK,-146.561,228.776,-1639.18,OK,-153.311,304.802,-1637.81,,364659991,Port:3,0,1773303266,518824165,Missing,,,,,,,,,4,Missing,,,,Missing,,,,Missing,,,,Missing,,,,,364659991,Port:65535,0,1773303266,518824165,Missing,,,,,,,,,0
4,,364659997,Port:1,0,1773303266,618824165,100000000,Enabled,0.613883,0.0128482,-0.766125,0.189828,11.2759,173.875,-1819.55,0.179922,4,OK,11.3146,173.756,-1819.41,OK,-34.5051,187.816,-1834.72,OK,-70.9597,146.951,-1834.77,OK,-15.351,120.419,-1814.49,,364659997,Port:2,0,1773303266,618824165,Enabled,0.916459,0.0217703,0.0384557,0.397682,-107.32,261.631,-1642.3,0.149462,3,OK,-107.148,261.715,-1642.31,OK,-146.561,228.767,-1639.15,OK,-153.32,304.799,-1637.84,,364659997,Port:3,0,1773303266,618824165,Missing,,,,,,,,,4,Missing,,,,Missing,,,,Missing,,,,Missing,,,,,364659997,Port:65535,0,1773303266,618824165,Missing,,,,,,,,,0
4,,364660003,Port:1,0,1773303266,718824165,100000000,Enabled,0.61445,0.0168319,-0.76462,0.193711,9.55385,174.934,-1820.7,0.202108,4,OK,9.59417,174.82,-1820.52,OK,-36.4328,188.341,-1835.74,OK,-72.4563,147.115,-1835.51,OK,-16.4762,121.213,-1815.47,,364660003,Port:2,0,1773303266,718824165,Enabled,0.916479,0.0221634,0.0385576,0.397604,-107.321,261.625,-1642.32,0.148693,3,OK,-107.149,261.708,-1642.34,OK,-146.566,228.768,-1639.17,OK,-153.312,304.799,-1637.82,,364660003,Port:3,0,1773303266,718824165,Missing,,,,,,,,,4,Missing,,,,Missing,,,,Missing,,,,Missing,,,,,364660003,Port:65535,0,1773303266,718824165,Missing,,,,,,,,,0
4,,364660009,Port:1,0,1773303266,818824165,100000000,Enabled,0.614019,0.0240123,-0.763866,0.19726,7.11235,175.452,-1820.25,0.192128,4,OK,7.16315,175.345,-1820.09,OK,-39.1235,188.193,-1835.1,OK,-74.4955,146.403,-1834.92,OK,-18.0745,121.312,-1815.1,,364660009,Port:2,0,1773303266,818824165,Enabled,0.916463,0.0222103,0.0382681,0.397666,-107.317,261.63,-1642.29,0.143741,3,OK,-107.151,261.71,-1642.3,OK,-146.555,228.77,-1639.17,OK,-153.314,304.798,-1637.79,,364660009,Port:3,0,1773303266,818824165,Missing,,,,,,,,,4,Missing,,,,Missing,,,,Missing,,,,Missing,,,,,364660009,Port:65535,0,1773303266,818824165,Missing,,,,,,,,,0
4,,364660015,Port:1,0,1773303266,918824165,150000000,Enabled,0.611713,0.0377747,-0.764767,0.198776,3.61654,175.934,-1818.12,0.217617,4,OK,3.661,175.819,-1817.93,OK,-42.919,187.81,-1832.79,OK,-77.2719,145.166,-1833.15,OK,-20.2869,121.141,-1813.8,,364660015,Port:2,0,1773303266,918824165,Enabled,0.916516,0.0217074,0.0378955,0.397608,-107.316,261.623,-1642.27,0.144003,3,OK,-107.151,261.7,-1642.28,OK,-146.559,228.764,-1639.17,OK,-153.315,304.809,-1637.85,,364660015,Port:3,0,1773303266,918824165,Missing,,,,,,,,,4,Missing,,,,Missing,,,,Missing,,,,Missing,,,,,364660015,Port:65535,0,1773303266,918824165,Missing,,,,,,,,,0
4,,364660024,Port:1,0,1773303267,68824165,100000000,Enabled,0.617305,0.0545895,-0.758736,0.200683,-0.360859,175.972,-1816.07,0.232796,4,OK,-0.311791,175.861,-1815.85,OK,-47.4956,186.819,-1829.54,OK,-80.7637,143.297,-1829.73,OK,-22.7088,120.51,-1812.07,,364660024,Port:2,0,1773303267,68824165,Enabled,0.916451,0.0220744,0.0389806,0.397632,-107.323,261.626,-1642.33,0.147517,3,OK,-107.153,261.711,-1642.34,OK,-146.562,228.769,-1639.13,OK,-153.312,304.793,-1637.81,,364660024,Port:3,0,1773303267,68824165,Missing,,,,,,,,,4,Missing,,,,Missing,,,,Missing,,,,Missing,,,,,364660024,Port:65535,0,1773303267,68824165,Missing,,,,,,,,,0
4,,364660030,Port:1,0,1773303267,168824165,99999997,Enabled,0.62246,0.0761947,-0.751615,0.204481,-5.47219,175.715,-1813.31,0.176105,4,OK,-5.40767,175.597,-1813.17,OK,-53.2917,185.051,-1825.34,OK,-84.9861,140.381,-1825.65,OK,-25.6898,119.432,-1809.7,,364660030,Port:2,0,1773303267,168824165,Enabled,0.916455,0.0218247,0.038923,0.397642,-107.324,261.628,-1642.32,0.148899,3,OK,-107.154,261.711,-1642.34,OK,-146.563,228.764,-1639.13,OK,-153.318,304.803,-1637.84,,364660030,Port:3,0,1773303267,168824165,Missing,,,,,,,,,4,Missing,,,,Missing,,,,Missing,,,,Missing,,,,,364660030,Port:65535,0,1773303267,168824165,Missing,,,,,,,,,0
4,,364660036,Port:1,0,1773303267,268824162,100000000,Enabled,0.629507,0.110163,-0.740978,0.206242,-12.5665,174.457,-1807.89,0.205026,4,OK,-12.4971,174.337,-1807.72,OK,-61.2233,181.658,-1817.88,OK,-90.5643,135.417,-1818.52,OK,-29.7271,117.106,-1805.56,,364660036,Port:2,0,1773303267,268824162,Enabled,0.916491,0.0218662,0.0381585,0.397631,-107.323,261.632,-1642.3,0.1451,3,OK,-107.156,261.713,-1642.32,OK,-146.566,228.775,-1639.18,OK,-153.318,304.804,-1637.85,,364660036,Port:3,0,1773303267,268824162,Missing,,,,,,,,,4,Missing,,,,Missing,,,,Missing,,,,Missing,,,,,364660036,Port:65535,0,1773303267,268824162,Missing,,,,,,,,,0
4,,364660042,Port:1,0,1773303267,368824162,100000000,Enabled,0.631569,0.141349,-0.733586,0.207345,-19.1854,173.032,-1802.57,0.174725,4,OK,-19.1063,172.902,-1802.45,OK,-68.3788,178.174,-1811.07,OK,-95.49,130.624,-1812.71,OK,-33.4853,114.865,-1801.78,,364660042,Port:2,0,1773303267,368824162,Enabled,0.916458,0.0219722,0.0386334,0.397654,-107.321,261.628,-1642.31,0.147793,3,OK,-107.151,261.712,-1642.32,OK,-146.56,228.765,-1639.15,OK,-153.316,304.799,-1637.82,,364660042,Port:3,0,1773303267,368824162,Missing,,,,,,,,,4,Missing,,,,Missing,,,,Missing,,,,Missing,,,,,364660042,Port:65535,0,1773303267,368824162,Missing,,,,,,,,,0
4,,364660048,Port:1,0,1773303267,468824162,100000000,Enabled,0.636329,0.173267,-0.72199,0.209269,-26.2101,171.896,-1797.7,0.150985,4,OK,-26.1196,171.762,-1797.63,OK,-75.8589,174.782,-1804.32,OK,-100.619,125.964,-1806.67,OK,-37.5456,113.088,-1798.26,,364660048,Port:2,0,1773303267,468824162,Enabled,0.916455,0.022168,0.0386165,0.397653,-107.324,261.632,-1642.31,0.147609,3,OK,-107.153,261.714,-1642.32,OK,-146.565,228.772,-1639.15,OK,-153.319,304.798,-1637.8,,364660048,Port:3,0,1773303267,468824162,Missing,,,,,,,,,4,Missing,,,,Missing,,,,Missing,,,,Missing,,,,,364660048,Port:65535,0,1773303267,468824162,Missing,,,,,,,,,0
4,,364660054,Port:1,0,1773303267,568824162,150000000,Enabled,0.631068,0.195174,-0.719918,0.213021,-31.9169,170.437,-1794.05,0.166564,4,OK,-31.8233,170.298,-1793.97,OK,-81.6674,171.512,-1800.51,OK,-104.484,121.844,-1803.9,OK,-40.9385,111.263,-1795.99,,364660054,Port:2,0,1773303267,568824162,Enabled,0.916436,0.0221682,0.0390893,0.397651,-107.328,261.631,-1642.35,0.146738,3,OK,-107.164,261.718,-1642.36,OK,-146.563,228.765,-1639.15,OK,-153.316,304.8,-1637.81,,364660054,Port:3,0,1773303267,568824162,Missing,,,,,,,,,4,Missing,,,,Missing,,,,Missing,,,,Missing,,,,,364660054,Port:65535,0,1773303267,568824162,Missing,,,,,,,,,0
4,,364660063,Port:1,0,1773303267,718824162,100000000,Enabled,0.634746,0.237165,-0.700993,0.222394,-42.2297,166.978,-1787.77,0.151059,4,OK,-42.1236,166.848,-1787.71,OK,-92.1484,164.329,-1792.06,OK,-111.216,113.117,-1796.1,OK,-46.695,107.348,-1791.18,,364660063,Port:2,0,1773303267,718824162,Enabled,0.916499,0.0219129,0.0382269,0.397604,-107.321,261.63,-1642.29,0.146334,3,OK,-107.153,261.712,-1642.3,OK,-146.566,228.773,-1639.16,OK,-153.313,304.806,-1637.83,,364660063,Port:3,0,1773303267,718824162,Missing,,,,,,,,,4,Missing,,,,Missing,,,,Missing,,,,Missing,,,,,364660063,Port:65535,0,1773303267,718824162,Missing,,,,,,,,,0
4,,364660069,Port:1,0,1773303267,818824162,100000000,Enabled,0.638962,0.271693,-0.683075,0.226537,-49.3413,163.428,-1782.3,0.139754,4,OK,-49.2328,163.307,-1782.27,OK,-99.1332,157.859,-1784.59,OK,-115.294,105.708,-1789.37,OK,-50.3854,103.757,-1787.26,,364660069,Port:2,0,1773303267,818824162,Enabled,0.916514,0.0219161,0.0380459,0.397585,-107.322,261.629,-1642.3,0.150399,3,OK,-107.148,261.711,-1642.31,OK,-146.574,228.771,-1639.19,OK,-153.317,304.809,-1637.84,,364660069,Port:3,0,1773303267,818824162,Missing,,,,,,,,,4,Missing,,,,Missing,,,,Missing,,,,Missing,,,,,364660069,Port:65535,0,1773303267,818824162,Missing,,,,,,,,,0
4,,364660075,Port:1,0,1773303267,918824162,100000000,Enabled,0.640444,0.29925,-0.668883,0.229949,-54.7909,159.214,-1776.74,0.14351,4,OK,-54.6696,159.085,-1776.73,OK,-104.306,151.249,-1777.63,OK,-118.056,98.4789,-1783.22,OK,-53.0738,99.7032,-1783.08,,364660075,Port:2,0,1773303267,918824162,Enabled,0.916502,0.0216769,0.038034,0.397629,-107.317,261.627,-1642.28,0.145354,3,OK,-107.148,261.705,-1642.29,OK,-146.561,228.772,-1639.17,OK,-153.317,304.803,-1637.85,,364660075,Port:3,0,1773303267,918824162,Missing,,,,,,,,,4,Missing,,,,Missing,,,,Missing,,,,Missing,,,,,364660075,Port:65535,0,1773303267,918824162,Missing,,,,,,,,,0
4,,364660081,Port:1,0,1773303268,18824162,100000000,Enabled,0.643308,0.328678,-0.65037,0.23483,-60.4263,154.679,-1771.19,0.149242,4,OK,-60.2993,154.552,-1771.24,OK,-109.421,143.976,-1770.36,OK,-120.478,90.6559,-1776.66,OK,-55.6772,95.504,-1778.87,,364660081,Port:2,0,1773303268,18824162,Enabled,0.916427,0.0221486,0.0392612,0.397655,-107.325,261.636,-1642.36,0.147682,3,OK,-107.157,261.721,-1642.37,OK,-146.559,228.772,-1639.14,OK,-153.314,304.804,-1637.82,,364660081,Port:3,0,1773303268,18824162,Missing,,,,,,,,,4,Missing,,,,Missing,,,,Missing,,,,Missing,,,,,364660081,Port:65535,0,1773303268,18824162,Missing,,,,,,,,,0
4,,364660087,Port:1,0,1773303268,118824162,150000001,Enabled,0.644911,0.361099,-0.629353,0.240022,-66.5636,149.135,-1765.16,0.145419,4,OK,-66.4302,149.011,-1765.2,OK,-114.727,135.397,-1762.64,OK,-122.757,81.615,-1769.82,OK,-58.5122,90.5695,-1774.52,,364660087,Port:2,0,1773303268,118824162,Enabled,0.916512,0.0216996,0.0379388,0.397612,-107.32,261.631,-1642.27,0.143368,3,OK,-107.157,261.712,-1642.28,OK,-146.563,228.772,-1639.16,OK,-153.313,304.81,-1637.84,,364660087,Port:3,0,1773303268,118824162,Missing,,,,,,,,,4,Missing,,,,Missing,,,,Missing,,,,Missing,,,,,364660087,Port:65535,0,1773303268,118824162,Missing,,,,,,,,,0
4,,364660096,Port:1,0,1773303268,268824163,100000000,Enabled,0.646209,0.405738,-0.596798,0.248239,-73.8872,139.551,-1756.27,0.188361,4,OK,-73.7423,139.447,-1756.43,OK,-120.391,121.438,-1751.33,OK,-124.066,67.3775,-1760.02,OK,-61.2608,82.2496,-1767.95,,364660096,Port:2,0,1773303268,268824163,Enabled,0.916478,0.0219937,0.038238,0.397646,-107.318,261.634,-1642.29,0.145218,3,OK,-107.153,261.717,-1642.3,OK,-146.56,228.773,-1639.16,OK,-153.312,304.804,-1637.81,,364660096,Port:3,0,1773303268,268824163,Missing,,,,,,,,,4,Missing,,,,Missing,,,,Missing,,,,Missing,,,,,364660096,Port:65535,0,1773303268,268824163,Missing,,,,,,,,,0
4,,364660102,Port:1,0,1773303268,368824163,100000000,Enabled,0.645742,0.431038,-0.578468,0.250197,-76.9945,133.969,-1750.95,0.193637,4,OK,-76.8378,133.867,-1751.1,OK,-122.415,113.545,-1744.85,OK,-123.802,59.5505,-1754.61,OK,-62.0512,77.6011,-1764.34,,364660102,Port:2,0,1773303268,368824163,Enabled,0.916501,0.0221184,0.0379554,0.397613,-107.324,261.637,-1642.31,0.146521,3,OK,-107.154,261.718,-1642.32,OK,-146.571,228.781,-1639.21,OK,-153.319,304.809,-1637.83,,364660102,Port:3,0,1773303268,368824163,Missing,,,,,,,,,4,Missing,,,,Missing,,,,Missing,,,,Missing,,,,,364660102,Port:65535,0,1773303268,368824163,Missing,,,,,,,,,0
4,,364660108,Port:1,0,1773303268,468824163,99999999,Enabled,0.645058,0.452935,-0.561246,0.252495,-79.6001,128.565,-1746.41,0.224266,4,OK,-79.4319,128.466,-1746.62,OK,-123.894,106.062,-1739.3,OK,-123.25,52.2477,-1750.06,OK,-62.649,73.1564,-1761.25,,364660108,Port:2,0,1773303268,468824163,Enabled,0.916449,0.0221888,0.0389451,0.397633,-107.327,261.636,-1642.37,0.150402,3,OK,-107.156,261.724,-1642.38,OK,-146.569,228.773,-1639.18,OK,-153.314,304.803,-1637.84,,364660108,Port:3,0,1773303268,468824163,Missing,,,,,,,,,4,Missing,,,,Missing,,,,Missing,,,,Missing,,,,,364660108,Port:65535,0,1773303268,468824163,Missing,,,,,,,,,0
4,,364660114,Port:1,0,1773303268,568824162,100000001,Enabled,0.64327,0.475329,-0.544255,0.253085,-81.7826,122.777,-1741.29,0.221334,4,OK,-81.6238,122.689,-1741.5,OK,-124.845,98.2838,-1733.33,OK,-122.289,44.7538,-1745.29,OK,-63.002,68.4537,-1757.84,,364660114,Port:2,0,1773303268,568824162,Enabled,0.916476,0.022005,0.0385876,0.397616,-107.327,261.639,-1642.32,0.149732,3,OK,-107.153,261.722,-1642.33,OK,-146.571,228.781,-1639.16,OK,-153.32,304.813,-1637.83,,364660114,Port:3,0,1773303268,568824162,Missing,,,,,,,,,4,Missing,,,,Missing,,,,Missing,,,,Missing,,,,,364660114,Port:65535,0,1773303268,568824162,Missing,,,,,,,,,0
4,,364660120,Port:1,0,1773303268,668824163,149999999,Enabled,0.639551,0.498994,-0.527031,0.25341,-84.2035,116.378,-1735.93,0.209956,4,OK,-84.0423,116.306,-1736.13,OK,-125.897,89.8035,-1727.36,OK,-121.33,36.7311,-1740.73,OK,-63.5582,63.3595,-1754.42,,364660120,Port:2,0,1773303268,668824163,Enabled,0.91648,0.0216233,0.0386699,0.39762,-107.327,261.632,-1642.31,0.14495,3,OK,-107.162,261.714,-1642.32,OK,-146.565,228.773,-1639.13,OK,-153.319,304.81,-1637.86,,364660120,Port:3,0,1773303268,668824163,Missing,,,,,,,,,4,Missing,,,,Missing,,,,Missing,,,,Missing,,,,,364660120,Port:65535,0,1773303268,668824163,Missing,,,,,,,,,0
4,,364660129,Port:1,0,1773303268,818824162,100000001,Enabled,0.633307,0.537758,-0.492336,0.259509,-88.4101,104.724,-1727.54,0.240254,4,OK,-88.245,104.671,-1727.79,OK,-127.176,74.3789,-1717.76,OK,-118.783,22.3177,-1733.22,OK,-64.318,54.2789,-1748.8,,364660129,Port:2,0,1773303268,818824162,Enabled,0.916507,0.0219954,0.0375882,0.397641,-107.318,261.637,-1642.26,0.145152,3,OK,-107.148,261.715,-1642.27,OK,-146.565,228.782,-1639.2,OK,-153.319,304.808,-1637.82,,364660129,Port:3,0,1773303268,818824162,Missing,,,,,,,,,4,Missing,,,,Missing,,,,Missing,,,,Missing,,,,,364660129,Port:65535,0,1773303268,818824162,Missing,,,,,,,,,0
4,,364660135,Port:1,0,1773303268,918824163,100000000,Enabled,0.628598,0.565349,-0.465573,0.261701,-90.3373,95.9903,-1721.45,0.222188,4,OK,-90.1599,95.9327,-1721.67,OK,-126.791,63.1049,-1710.91,OK,-115.875,12.0136,-1727.92,OK,-64.115,47.6418,-1744.97,,364660135,Port:2,0,1773303268,918824163,Enabled,0.916503,0.0220309,0.038056,0.397604,-107.322,261.626,-1642.29,0.145096,3,OK,-107.156,261.71,-1642.3,OK,-146.568,228.771,-1639.18,OK,-153.312,304.798,-1637.82,,364660135,Port:3,0,1773303268,918824163,Missing,,,,,,,,,4,Missing,,,,Missing,,,,Missing,,,,Missing,,,,,364660135,Port:65535,0,1773303268,918824163,Missing,,,,,,,,,0
4,,364660141,Port:1,0,1773303269,18824163,100000000,Enabled,0.624777,0.586534,-0.442826,0.263699,-91.0993,89.0134,-1716.54,0.217969,4,OK,-90.9307,88.9634,-1716.76,OK,-125.512,54.1812,-1705.38,OK,-112.641,3.97655,-1723.66,OK,-63.3094,42.4283,-1741.82,,364660141,Port:2,0,1773303269,18824163,Enabled,0.916496,0.022074,0.0384688,0.397577,-107.327,261.636,-1642.33,0.146484,3,OK,-107.158,261.717,-1642.34,OK,-146.572,228.782,-1639.18,OK,-153.315,304.812,-1637.83,,364660141,Port:3,0,1773303269,18824163,Missing,,,,,,,,,4,Missing,,,,Missing,,,,Missing,,,,Missing,,,,,364660141,Port:65535,0,1773303269,18824163,Missing,,,,,,,,,0
4,,364660147,Port:1,0,1773303269,118824163,99999998,Enabled,0.620623,0.606781,-0.419278,0.266174,-91.6471,82.3182,-1712.24,0.239026,4,OK,-91.4696,82.2907,-1712.49,OK,-123.864,45.6148,-1700.49,OK,-109.089,-3.61228,-1720.06,OK,-62.4204,37.5965,-1739.16,,364660147,Port:2,0,1773303269,118824163,Enabled,0.916477,0.0219764,0.0386304,0.397611,-107.323,261.631,-1642.31,0.146871,3,OK,-107.155,261.712,-1642.32,OK,-146.564,228.771,-1639.15,OK,-153.315,304.81,-1637.82,,364660147,Port:3,0,1773303269,118824163,Missing,,,,,,,,,4,Missing,,,,Missing,,,,Missing,,,,Missing,,,,,364660147,Port:65535,0,1773303269,118824163,Missing,,,,,,,,,0
4,,364660153,Port:1,0,1773303269,218824161,100000007,Enabled,0.618002,0.6209,-0.401431,0.267226,-91.0515,76.9243,-1708.49,0.247154,4,OK,-90.8762,76.9054,-1708.76,OK,-121.587,38.9547,-1696.31,OK,-105.581,-9.49508,-1716.79,OK,-60.9747,33.561,-1736.62,,364660153,Port:2,0,1773303269,218824161,Enabled,0.916489,0.0223627,0.0382857,0.397595,-107.324,261.628,-1642.3,0.146513,3,OK,-107.154,261.712,-1642.32,OK,-146.571,228.777,-1639.19,OK,-153.312,304.796,-1637.79,,364660153,Port:3,0,1773303269,218824161,Missing,,,,,,,,,4,Missing,,,,Missing,,,,Missing,,,,Missing,,,,,364660153,Port:65535,0,1773303269,218824161,Missing,,,,,,,,,0
4,,364660159,Port:1,0,1773303269,318824168,149999993,Enabled,0.613812,0.640377,-0.375158,0.269088,-90.7097,70.0961,-1704.32,0.245177,4,OK,-90.5423,70.0837,-1704.58,OK,-118.77,30.4327,-1691.56,OK,-100.976,-16.8832,-1713.35,OK,-59.4401,28.7566,-1734.2,,364660159,Port:2,0,1773303269,318824168,Enabled,0.916499,0.0219459,0.038321,0.397591,-107.325,261.631,-1642.29,0.142402,3,OK,-107.163,261.713,-1642.3,OK,-146.566,228.776,-1639.15,OK,-153.313,304.808,-1637.81,,364660159,Port:3,0,1773303269,318824168,Missing,,,,,,,,,4,Missing,,,,Missing,,,,Missing,,,,Missing,,,,,364660159,Port:65535,0,1773303269,318824168,Missing,,,,,,,,,0
4,,364660168,Port:1,0,1773303269,468824161,100000007,Enabled,0.598423,0.677223,-0.333837,0.267978,-88.4153,54.582,-1695.51,0.280907,4,OK,-88.2663,54.5618,-1695.81,OK,-112.169,12.1276,-1682.89,OK,-91.6867,-32.5212,-1707.96,OK,-55.5828,17.4347,-1729.06,,364660168,Port:2,0,1773303269,468824161,Enabled,0.916451,0.0220071,0.0387584,0.397657,-107.325,261.634,-1642.32,0.146301,3,OK,-107.154,261.714,-1642.33,OK,-146.562,228.777,-1639.15,OK,-153.321,304.802,-1637.82,,364660168,Port:3,0,1773303269,468824161,Missing,,,,,,,,,4,Missing,,,,Missing,,,,Missing,,,,Missing,,,,,364660168,Port:65535,0,1773303269,468824161,Missing,,,,,,,,,0
4,,364660174,Port:1,0,1773303269,568824168,100000000,Enabled,0.588055,0.697193,-0.312279,0.265696,-85.9649,44.9687,-1690.58,0.283378,4,OK,-85.8033,44.9702,-1690.88,OK,-107.378,1.12908,-1678.44,OK,-85.738,-41.8359,-1705.38,OK,-52.6321,10.3105,-1726.23,,364660174,Port:2,0,1773303269,568824168,Enabled,0.916493,0.0217299,0.038283,0.397622,-107.319,261.628,-1642.26,0.148529,3,OK,-107.148,261.711,-1642.27,OK,-146.565,228.77,-1639.12,OK,-153.315,304.803,-1637.82,,364660174,Port:3,0,1773303269,568824168,Missing,,,,,,,,,4,Missing,,,,Missing,,,,Missing,,,,Missing,,,,,364660174,Port:65535,0,1773303269,568824168,Missing,,,,,,,,,0
4,,364660180,Port:1,0,1773303269,668824168,99999993,Enabled,0.575948,0.720413,-0.282761,0.263317,-83.0289,34.9134,-1685.47,0.296123,4,OK,-82.898,34.9458,-1685.78,OK,-101.305,-10.4266,-1673.77,OK,-78.3318,-51.2703,-1703.03,OK,-49.3037,3.31443,-1723.54,,364660180,Port:2,0,1773303269,668824168,Enabled,0.916495,0.0219386,0.0381745,0.397616,-107.32,261.629,-1642.29,0.139813,3,OK,-107.158,261.705,-1642.3,OK,-146.558,228.776,-1639.17,OK,-153.314,304.803,-1637.82,,364660180,Port:3,0,1773303269,668824168,Missing,,,,,,,,,4,Missing,,,,Missing,,,,Missing,,,,Missing,,,,,364660180,Port:65535,0,1773303269,668824168,Missing,,,,,,,,,0
4,,364660186,Port:1,0,1773303269,768824161,100000007,Enabled,0.561778,0.747168,-0.24686,0.255354,-77.5985,22.7184,-1679.24,0.277064,4,OK,-77.4891,22.764,-1679.48,OK,-92.266,-24.0961,-1668.28,OK,-68.4361,-62.3197,-1700.33,OK,-44.2244,-5.22371,-1720.49,,364660186,Port:2,0,1773303269,768824161,Enabled,0.91649,0.0219829,0.0381461,0.397628,-107.315,261.63,-1642.27,0.142307,3,OK,-107.149,261.709,-1642.28,OK,-146.557,228.779,-1639.16,OK,-153.31,304.798,-1637.8,,364660186,Port:3,0,1773303269,768824161,Missing,,,,,,,,,4,Missing,,,,Missing,,,,Missing,,,,Missing,,,,,364660186,Port:65535,0,1773303269,768824161,Missing,,,,,,,,,0
4,,364660192,Port:1,0,1773303269,868824168,149999993,Enabled,0.540775,0.782645,-0.206725,0.228679,-66.7554,7.45865,-1671.8,0.296664,4,OK,-66.6807,7.54669,-1671.98,OK,-77.7885,-40.7454,-1662.66,OK,-54.9173,-75.4395,-1699.23,OK,-35.8835,-15.8159,-1717.79,,364660192,Port:2,0,1773303269,868824168,Enabled,0.916507,0.0217656,0.0380662,0.397607,-107.325,261.632,-1642.29,0.147615,3,OK,-107.153,261.712,-1642.3,OK,-146.573,228.777,-1639.17,OK,-153.322,304.808,-1637.85,,364660192,Port:3,0,1773303269,868824168,Missing,,,,,,,,,4,Missing,,,,Missing,,,,Missing,,,,Missing,,,,,364660192,Port:65535,0,1773303269,868824168,Missing,,,,,,,,,0
4,,364660201,Port:1,0,1773303270,18824161,100000007,Enabled,0.510008,0.814352,-0.130292,0.244431,-55.5239,-13.2596,-1666.82,0.292609,4,OK,-55.4676,-13.1443,-1667.08,OK,-57.9501,-62.8522,-1659.3,OK,-32.1583,-92.0984,-1698.7,OK,-24.3152,-29.4954,-1715.32,,364660201,Port:2,0,1773303270,18824161,Enabled,0.916518,0.0221328,0.0379242,0.397577,-107.319,261.626,-1642.27,0.143021,3,OK,-107.154,261.706,-1642.28,OK,-146.566,228.774,-1639.18,OK,-153.308,304.802,-1637.8,,364660201,Port:3,0,1773303270,18824161,Missing,,,,,,,,,4,Missing,,,,Missing,,,,Missing,,,,Missing,,,,,364660201,Port:65535,0,1773303270,18824161,Missing,,,,,,,,,0
4,,364660207,Port:1,0,1773303270,118824168,99999998,Enabled,0.51178,0.81418,-0.137811,0.237065,-54.9217,-13.0148,-1666.35,0.284704,4,OK,-54.8643,-12.9095,-1666.59,OK,-58.3496,-62.5813,-1658.95,OK,-33.3442,-92.215,-1698.52,OK,-24.2671,-29.764,-1715.08,,364660207,Port:2,0,1773303270,118824168,Enabled,0.916497,0.0218621,0.0382692,0.397607,-107.325,261.627,-1642.29,0.140789,3,OK,-107.161,261.704,-1642.3,OK,-146.565,228.778,-1639.16,OK,-153.32,304.802,-1637.83,,364660207,Port:3,0,1773303270,118824168,Missing,,,,,,,,,4,Missing,,,,Missing,,,,Missing,,,,Missing,,,,,364660207,Port:65535,0,1773303270,118824168,Missing,,,,,,,,,0
4,,364660213,Port:1,0,1773303270,218824166,100000000,Enabled,0.516363,0.81195,-0.139773,0.233604,-55.7924,-10.0138,-1666.53,0.262361,4,OK,-55.7257,-9.8883,-1666.76,OK,-59.6461,-59.4963,-1658.79,OK,-35.0953,-89.6731,-1698.13,OK,-25.5115,-27.4416,-1715.23,,364660213,Port:2,0,1773303270,218824166,Enabled,0.916479,0.0219449,0.0385854,0.397613,-107.325,261.637,-1642.32,0.143119,3,OK,-107.16,261.716,-1642.33,OK,-146.564,228.783,-1639.16,OK,-153.317,304.81,-1637.83,,364660213,Port:3,0,1773303270,218824166,Missing,,,,,,,,,4,Missing,,,,Missing,,,,Missing,,,,Missing,,,,,364660213,Port:65535,0,1773303270,218824166,Missing,,,,,,,,,0
4,,364660219,Port:1,0,1773303270,318824166,100000000,Enabled,0.515655,0.811079,-0.146928,0.2338,-56.8188,-10.3147,-1666.46,0.294949,4,OK,-56.7554,-10.1825,-1666.72,OK,-61.2997,-59.7621,-1658.86,OK,-36.7523,-90.1041,-1698.22,OK,-26.332,-27.9252,-1714.93,,364660219,Port:2,0,1773303270,318824166,Enabled,0.916458,0.0219153,0.0386813,0.397654,-107.326,261.642,-1642.32,0.147494,3,OK,-107.158,261.726,-1642.33,OK,-146.565,228.778,-1639.15,OK,-153.32,304.813,-1637.83,,364660219,Port:3,0,1773303270,318824166,Missing,,,,,,,,,4,Missing,,,,Missing,,,,Missing,,,,Missing,,,,,364660219,Port:65535,0,1773303270,318824166,Missing,,,,,,,,,0
4,,364660225,Port:1,0,1773303270,418824166,150000000,Enabled,0.520448,0.803512,-0.165974,0.236549,-60.3145,-7.87007,-1667.26,0.286822,4,OK,-60.2378,-7.76445,-1667.53,OK,-66.5918,-57.093,-1659.45,OK,-42.0552,-88.4944,-1697.89,OK,-29.1599,-26.8335,-1714.79,,364660225,Port:2,0,1773303270,418824166,Enabled,0.916527,0.0218981,0.0380459,0.397556,-107.324,261.63,-1642.29,0.147405,3,OK,-107.153,261.71,-1642.31,OK,-146.575,228.779,-1639.18,OK,-153.316,304.812,-1637.84,,364660225,Port:3,0,1773303270,418824166,Missing,,,,,,,,,4,Missing,,,,Missing,,,,Missing,,,,Missing,,,,,364660225,Port:65535,0,1773303270,418824166,Missing,,,,,,,,,0
4,,364660234,Port:1,0,1773303270,568824166,100000000,Enabled,0.547568,0.77247,-0.221916,0.232836,-68.3313,8.68422,-1672.27,0.295069,4,OK,-68.2353,8.7405,-1672.51,OK,-80.8365,-39.0637,-1662.64,OK,-58.0736,-74.9288,-1698.06,OK,-37.0005,-16.1409,-1717.03,,364660234,Port:2,0,1773303270,568824166,Enabled,0.916474,0.0214796,0.038818,0.397628,-107.331,261.629,-1642.31,0.149423,3,OK,-107.159,261.711,-1642.33,OK,-146.571,228.768,-1639.12,OK,-153.327,304.809,-1637.87,,364660234,Port:3,0,1773303270,568824166,Missing,,,,,,,,,4,Missing,,,,Missing,,,,Missing,,,,Missing,,,,,364660234,Port:65535,0,1773303270,568824166,Missing,,,,,,,,,0
4,,364660240,Port:1,0,1773303270,668824166,100000000,Enabled,0.568323,0.73827,-0.27748,0.234459,-76.0003,25.2959,-1678.93,0.294815,4,OK,-75.8798,25.314,-1679.18,OK,-94.299,-20.33,-1668.3,OK,-73.309,-60.0492,-1700.5,OK,-44.6585,-4.86659,-1720.23,,364660240,Port:2,0,1773303270,668824166,Enabled,0.916502,0.0218725,0.0380862,0.397611,-107.319,261.636,-1642.28,0.144666,3,OK,-107.152,261.716,-1642.3,OK,-146.563,228.781,-1639.17,OK,-153.313,304.812,-1637.83,,364660240,Port:3,0,1773303270,668824166,Missing,,,,,,,,,4,Missing,,,,Missing,,,,Missing,,,,Missing,,,,,364660240,Port:65535,0,1773303270,668824166,Missing,,,,,,,,,0
4,,364660246,Port:1,0,1773303270,768824166,100000000,Enabled,0.58989,0.699584,-0.324876,0.238887,-81.515,43.0621,-1686.94,0.280552,4,OK,-81.3688,43.0521,-1687.22,OK,-104.783,0.044295,-1675.26,OK,-85.8735,-43.2633,-1703.74,OK,-50.7617,7.70006,-1724.27,,364660246,Port:2,0,1773303270,768824166,Enabled,0.916489,0.0219206,0.0383832,0.39761,-107.327,261.631,-1642.3,0.14456,3,OK,-107.161,261.712,-1642.31,OK,-146.568,228.774,-1639.16,OK,-153.318,304.806,-1637.82,,364660246,Port:3,0,1773303270,768824166,Missing,,,,,,,,,4,Missing,,,,Missing,,,,Missing,,,,Missing,,,,,364660246,Port:65535,0,1773303270,768824166,Missing,,,,,,,,,0
4,,364660252,Port:1,0,1773303270,868824166,100000000,Enabled,0.60991,0.661175,-0.366876,0.237191,-83.145,59.8227,-1695.33,0.265874,4,OK,-83.0096,59.7916,-1695.61,OK,-110.952,19.8663,-1682.83,OK,-94.9772,-26.4802,-1708.06,OK,-54.1465,19.7316,-1729.08,,364660252,Port:2,0,1773303270,868824166,Enabled,0.916512,0.0217924,0.038011,0.397599,-107.323,261.629,-1642.28,0.145865,3,OK,-107.154,261.71,-1642.29,OK,-146.57,228.775,-1639.17,OK,-153.318,304.805,-1637.84,,364660252,Port:3,0,1773303270,868824166,Missing,,,,,,,,,4,Missing,,,,Missing,,,,Missing,,,,Missing,,,,,364660252,Port:65535,0,1773303270,868824166,Missing,,,,,,,,,0
4,,364660258,Port:1,0,1773303270,968824166,150000000,Enabled,0.620466,0.632864,-0.395825,0.240474,-84.9319,70.9433,-1702.14,0.251905,4,OK,-84.7881,70.8716,-1702.41,OK,-115.61,33.195,-1689.57,OK,-101.433,-14.9136,-1712.28,OK,-56.9817,27.9557,-1733.04,,364660258,Port:2,0,1773303270,968824166,Enabled,0.916479,0.0216165,0.0386543,0.397625,-107.323,261.636,-1642.31,0.143966,3,OK,-107.159,261.716,-1642.32,OK,-146.559,228.774,-1639.13,OK,-153.316,304.817,-1637.86,,364660258,Port:3,0,1773303270,968824166,Missing,,,,,,,,,4,Missing,,,,Missing,,,,Missing,,,,Missing,,,,,364660258,Port:65535,0,1773303270,968824166,Missing,,,,,,,,,0
4,,364660267,Port:1,0,1773303271,118824166,100000001,Enabled,0.634175,0.598195,-0.426619,0.240793,-83.18,83.2937,-1709.75,0.251374,4,OK,-83.0199,83.2034,-1710.02,OK,-117.029,48.4594,-1696.97,OK,-105.505,-1.55046,-1716.85,OK,-57.2128,37.0157,-1737.37,,364660267,Port:2,0,1773303271,118824166,Enabled,0.916457,0.0218464,0.0387939,0.397649,-107.322,261.635,-1642.32,0.145755,3,OK,-107.157,261.719,-1642.34,OK,-146.558,228.771,-1639.14,OK,-153.314,304.81,-1637.84,,364660267,Port:3,0,1773303271,118824166,Missing,,,,,,,,,4,Missing,,,,Missing,,,,Missing,,,,Missing,,,,,364660267,Port:65535,0,1773303271,118824166,Missing,,,,,,,,,0
4,,364660273,Port:1,0,1773303271,218824167,100000000,Enabled,0.640585,0.574005,-0.447714,0.244378,-83.1647,91.4187,-1715.59,0.239315,4,OK,-82.9987,91.3108,-1715.84,OK,-118.942,58.4997,-1703.1,OK,-109.024,7.45973,-1720.93,OK,-58.3477,43.2072,-1740.77,,364660273,Port:2,0,1773303271,218824167,Enabled,0.916468,0.0217639,0.0386195,0.397645,-107.325,261.632,-1642.31,0.147799,3,OK,-107.158,261.717,-1642.32,OK,-146.564,228.767,-1639.14,OK,-153.319,304.808,-1637.84,,364660273,Port:3,0,1773303271,218824167,Missing,,,,,,,,,4,Missing,,,,Missing,,,,Missing,,,,Missing,,,,,364660273,Port:65535,0,1773303271,218824167,Missing,,,,,,,,,0
4,,364660279,Port:1,0,1773303271,318824167,100000000,Enabled,0.647639,0.54854,-0.46684,0.248454,-83.2366,100.213,-1722.19,0.248873,4,OK,-83.0668,100.093,-1722.45,OK,-120.821,69.2978,-1709.86,OK,-112.532,17.2919,-1725.59,OK,-59.6915,50.1224,-1744.79,,364660279,Port:2,0,1773303271,318824167,Enabled,0.916512,0.0221644,0.0378788,0.397592,-107.323,261.63,-1642.28,0.141954,3,OK,-107.157,261.707,-1642.29,OK,-146.568,228.782,-1639.2,OK,-153.316,304.803,-1637.81,,364660279,Port:3,0,1773303271,318824167,Missing,,,,,,,,,4,Missing,,,,Missing,,,,Missing,,,,Missing,,,,,364660279,Port:65535,0,1773303271,318824167,Missing,,,,,,,,,0
4,,364660285,Port:1,0,1773303271,418824167,100000000,Enabled,0.654766,0.520378,-0.485917,0.253719,-82.5366,109.158,-1729.77,0.229646,4,OK,-82.3826,109.036,-1730,OK,-121.874,80.4179,-1717.72,OK,-115.361,27.5159,-1731.07,OK,-60.4352,57.2046,-1749.48,,364660285,Port:2,0,1773303271,418824167,Enabled,0.916464,0.0221029,0.0389144,0.397607,-107.328,261.63,-1642.34,0.14606,3,OK,-107.16,261.714,-1642.35,OK,-146.567,228.773,-1639.15,OK,-153.314,304.802,-1637.82,,364660285,Port:3,0,1773303271,418824167,Missing,,,,,,,,,4,Missing,,,,Missing,,,,Missing,,,,Missing,,,,,364660285,Port:65535,0,1773303271,418824167,Missing,,,,,,,,,0
4,,364660291,Port:1,0,1773303271,518824167,100000000,Enabled,0.660762,0.494863,-0.50294,0.256038,-80.8331,116.87,-1736.54,0.239901,4,OK,-80.6981,116.736,-1736.78,OK,-121.717,90.2431,-1724.81,OK,-117.082,36.6831,-1736.27,OK,-60.3755,63.38,-1753.79,,364660291,Port:2,0,1773303271,518824167,Enabled,0.916498,0.0216849,0.0386422,0.397578,-107.327,261.632,-1642.32,0.149036,3,OK,-107.154,261.713,-1642.33,OK,-146.574,228.779,-1639.15,OK,-153.32,304.811,-1637.86,,364660291,Port:3,0,1773303271,518824167,Missing,,,,,,,,,4,Missing,,,,Missing,,,,Missing,,,,Missing,,,,,364660291,Port:65535,0,1773303271,518824167,Missing,,,,,,,,,0
4,,364660297,Port:1,0,1773303271,618824167,150000000,Enabled,0.666203,0.467614,-0.521292,0.256449,-78.1525,124.318,-1743.67,0.201207,4,OK,-78.0161,124.176,-1743.85,OK,-120.619,100.036,-1732.57,OK,-118.221,45.9987,-1742.05,OK,-59.7738,69.3802,-1758.56,,364660297,Port:2,0,1773303271,618824167,Enabled,0.916527,0.021717,0.0377226,0.397598,-107.322,261.627,-1642.25,0.144321,3,OK,-107.155,261.705,-1642.26,OK,-146.569,228.772,-1639.17,OK,-153.32,304.808,-1637.83,,364660297,Port:3,0,1773303271,618824167,Missing,,,,,,,,,4,Missing,,,,Missing,,,,Missing,,,,Missing,,,,,364660297,Port:65535,0,1773303271,618824167,Missing,,,,,,,,,0
4,,364660306,Port:1,0,1773303271,768824167,100000000,Enabled,0.674772,0.431393,-0.538249,0.262433,-74.626,134.327,-1754.44,0.191974,4,OK,-74.5073,134.161,-1754.59,OK,-118.633,112.811,-1743.75,OK,-118.674,58.2626,-1750.24,OK,-58.5435,77.8251,-1765.68,,364660306,Port:2,0,1773303271,768824167,Enabled,0.91652,0.0216764,0.0377805,0.39761,-107.322,261.629,-1642.27,0.144915,3,OK,-107.154,261.707,-1642.29,OK,-146.568,228.773,-1639.19,OK,-153.322,304.81,-1637.86,,364660306,Port:3,0,1773303271,768824167,Missing,,,,,,,,,4,Missing,,,,Missing,,,,Missing,,,,Missing,,,,,364660306,Port:65535,0,1773303271,768824167,Missing,,,,,,,,,0
4,,364660312,Port:1,0,1773303271,868824167,100000000,Enabled,0.677938,0.406642,-0.553697,0.261651,-70.5421,139.878,-1760.19,0.193272,4,OK,-70.4224,139.725,-1760.34,OK,-115.727,120.529,-1750.26,OK,-117.926,65.8996,-1755.33,OK,-56.595,82.4432,-1769.42,,364660312,Port:2,0,1773303271,868824167,Enabled,0.916479,0.0223208,0.0385955,0.397591,-107.325,261.634,-1642.35,0.144397,3,OK,-107.157,261.715,-1642.37,OK,-146.567,228.784,-1639.2,OK,-153.312,304.805,-1637.82,,364660312,Port:3,0,1773303271,868824167,Missing,,,,,,,,,4,Missing,,,,Missing,,,,Missing,,,,Missing,,,,,364660312,Port:65535,0,1773303271,868824167,Missing,,,,,,,,,0
4,,364660318,Port:1,0,1773303271,968824167,100000000,Enabled,0.680406,0.386045,-0.564418,0.263531,-67.7456,144.028,-1765.93,0.181547,4,OK,-67.6319,143.864,-1766.06,OK,-113.724,126.311,-1756.64,OK,-117.475,71.6649,-1760.29,OK,-55.3383,85.9735,-1773.34,,364660318,Port:2,0,1773303271,968824167,Enabled,0.916491,0.0218305,0.0381386,0.397633,-107.321,261.631,-1642.29,0.145379,3,OK,-107.152,261.711,-1642.3,OK,-146.564,228.776,-1639.17,OK,-153.318,304.802,-1637.84,,364660318,Port:3,0,1773303271,968824167,Missing,,,,,,,,,4,Missing,,,,Missing,,,,Missing,,,,Missing,,,,,364660318,Port:65535,0,1773303271,968824167,Missing,,,,,,,,,0
4,,364660324,Port:1,0,1773303272,68824167,100000000,Enabled,0.682005,0.364273,-0.577528,0.261984,-63.9296,148.05,-1771.59,0.152834,4,OK,-63.8229,147.882,-1771.63,OK,-110.782,132.287,-1763.24,OK,-116.493,77.7418,-1765.64,OK,-53.5357,89.4039,-1777.46,,364660324,Port:2,0,1773303272,68824167,Enabled,0.916473,0.0221715,0.0386553,0.397607,-107.327,261.63,-1642.34,0.148179,3,OK,-107.158,261.716,-1642.35,OK,-146.57,228.771,-1639.18,OK,-153.315,304.803,-1637.82,,364660324,Port:3,0,1773303272,68824167,Missing,,,,,,,,,4,Missing,,,,Missing,,,,Missing,,,,Missing,,,,,364660324,Port:65535,0,1773303272,68824167,Missing,,,,,,,,,0
4,,364660330,Port:1,0,1773303272,168824167,149999996,Enabled,0.679836,0.338203,-0.597801,0.257052,-59.0724,153.003,-1777.53,0.143419,4,OK,-58.9645,152.865,-1777.59,OK,-106.948,139.745,-1770.79,OK,-115.328,85.5376,-1772.58,OK,-51.4713,93.7975,-1781.97,,364660330,Port:2,0,1773303272,168824167,Enabled,0.916502,0.0218145,0.0383007,0.397595,-107.321,261.626,-1642.3,0.143347,3,OK,-107.154,261.703,-1642.31,OK,-146.562,228.773,-1639.16,OK,-153.315,304.806,-1637.84,,364660330,Port:3,0,1773303272,168824167,Missing,,,,,,,,,4,Missing,,,,Missing,,,,Missing,,,,Missing,,,,,364660330,Port:65535,0,1773303272,168824167,Missing,,,,,,,,,0
4,,364660339,Port:1,0,1773303272,318824163,100000000,Enabled,0.677341,0.295415,-0.623545,0.255207,-51.4823,159.857,-1788.05,0.138441,4,OK,-51.3835,159.717,-1788.07,OK,-100.486,150.192,-1783.71,OK,-112.556,96.6994,-1783.85,OK,-47.8689,100.127,-1789.73,,364660339,Port:2,0,1773303272,318824163,Enabled,0.916522,0.0219234,0.0379014,0.39758,-107.323,261.627,-1642.28,0.143901,3,OK,-107.157,261.706,-1642.3,OK,-146.57,228.775,-1639.19,OK,-153.316,304.806,-1637.83,,364660339,Port:3,0,1773303272,318824163,Missing,,,,,,,,,4,Missing,,,,Missing,,,,Missing,,,,Missing,,,,,364660339,Port:65535,0,1773303272,318824163,Missing,,,,,,,,,0
4,,364660345,Port:1,0,1773303272,418824163,100000000,Enabled,0.672699,0.266638,-0.641538,0.254577,-46.014,163.332,-1794.36,0.136763,4,OK,-45.9155,163.194,-1794.34,OK,-95.551,155.975,-1792.04,OK,-110.024,103.082,-1791.29,OK,-45.0626,103.474,-1794.4,,364660345,Port:2,0,1773303272,418824163,Enabled,0.916463,0.0219715,0.0386523,0.397641,-107.326,261.637,-1642.34,0.146746,3,OK,-107.158,261.72,-1642.36,OK,-146.565,228.775,-1639.18,OK,-153.319,304.809,-1637.85,,364660345,Port:3,0,1773303272,418824163,Missing,,,,,,,,,4,Missing,,,,Missing,,,,Missing,,,,Missing,,,,,364660345,Port:65535,0,1773303272,418824163,Missing,,,,,,,,,0
4,,364660351,Port:1,0,1773303272,518824163,100000000,Enabled,0.672477,0.24761,-0.650355,0.251998,-41.5256,165.561,-1798.56,0.160835,4,OK,-41.429,165.41,-1798.48,OK,-91.3196,159.849,-1797.21,OK,-107.502,107.475,-1795.72,OK,-42.5405,105.719,-1797.59,,364660351,Port:2,0,1773303272,518824163,Enabled,0.916503,0.0218747,0.0381079,0.397608,-107.323,261.628,-1642.3,0.145941,3,OK,-107.154,261.709,-1642.32,OK,-146.568,228.772,-1639.19,OK,-153.318,304.805,-1637.85,,364660351,Port:3,0,1773303272,518824163,Missing,,,,,,,,,4,Missing,,,,Missing,,,,Missing,,,,Missing,,,,,364660351,Port:65535,0,1773303272,518824163,Missing,,,,,,,,,0
4,,364660357,Port:1,0,1773303272,618824163,100000000,Enabled,0.672052,0.226073,-0.655802,0.259154,-38.6528,167.305,-1804.42,0.131313,4,OK,-38.5577,167.174,-1804.42,OK,-88.5757,162.666,-1803.9,OK,-105.896,110.719,-1801.12,OK,-40.9621,107.553,-1801.3,,364660357,Port:2,0,1773303272,618824163,Enabled,0.916489,0.0219188,0.0383141,0.397616,-107.324,261.634,-1642.33,0.150645,3,OK,-107.151,261.717,-1642.34,OK,-146.57,228.772,-1639.19,OK,-153.319,304.811,-1637.86,,364660357,Port:3,0,1773303272,618824163,Missing,,,,,,,,,4,Missing,,,,Missing,,,,Missing,,,,Missing,,,,,364660357,Port:65535,0,1773303272,618824163,Missing,,,,,,,,,0
4,,364660363,Port:1,0,1773303272,718824163,150000000,Enabled,0.662795,0.198926,-0.671472,0.265059,-34.4245,169.442,-1811.03,0.147214,4,OK,-34.3425,169.304,-1810.95,OK,-84.433,166.277,-1812.96,OK,-103.447,114.987,-1809.3,OK,-38.7194,109.912,-1806.22,,364660363,Port:2,0,1773303272,718824163,Enabled,0.916467,0.0219739,0.0385524,0.397641,-107.324,261.636,-1642.34,0.145517,3,OK,-107.157,261.718,-1642.36,OK,-146.563,228.777,-1639.19,OK,-153.317,304.806,-1637.86,,364660363,Port:3,0,1773303272,718824163,Missing,,,,,,,,,4,Missing,,,,Missing,,,,Missing,,,,Missing,,,,,364660363,Port:65535,0,1773303272,718824163,Missing,,,,,,,,,0
4,,364660372,Port:1,0,1773303272,868824163,100000000,Enabled,0.655773,0.165575,-0.680397,0.282146,-31.3748,171.518,-1821.58,0.150553,4,OK,-31.2951,171.39,-1821.49,OK,-81.3065,169.262,-1825.64,OK,-101.647,118.702,-1819.83,OK,-37.2819,112.487,-1813.47,,364660372,Port:2,0,1773303272,868824163,Enabled,0.916484,0.0218307,0.0382597,0.39764,-107.322,261.635,-1642.3,0.146601,3,OK,-107.151,261.715,-1642.31,OK,-146.565,228.78,-1639.17,OK,-153.32,304.806,-1637.84,,364660372,Port:3,0,1773303272,868824163,Missing,,,,,,,,,4,Missing,,,,Missing,,,,Missing,,,,Missing,,,,,364660372,Port:65535,0,1773303272,868824163,Missing,,,,,,,,,0
4,,364660378,Port:1,0,1773303272,968824163,100000000,Enabled,0.652841,0.130774,-0.684368,0.297216,-26.8335,172.499,-1831.38,0.149521,4,OK,-26.7484,172.379,-1831.28,OK,-76.6604,171.306,-1837.02,OK,-98.588,121.751,-1828.78,OK,-34.6762,114.268,-1819.81,,364660378,Port:2,0,1773303272,968824163,Enabled,0.916469,0.0220614,0.038671,0.397621,-107.321,261.624,-1642.31,0.146144,3,OK,-107.152,261.706,-1642.33,OK,-146.561,228.766,-1639.15,OK,-153.311,304.795,-1637.81,,364660378,Port:3,0,1773303272,968824163,Missing,,,,,,,,,4,Missing,,,,Missing,,,,Missing,,,,Missing,,,,,364660378,Port:65535,0,1773303272,968824163,Missing,,,,,,,,,0
4,,364660384,Port:1,0,1773303273,68824163,100000000,Enabled,0.642884,0.0762231,-0.689402,0.324984,-21.1922,172.077,-1845.39,0.147514,4,OK,-21.1184,171.977,-1845.3,OK,-70.6647,171.868,-1853.92,OK,-94.8016,124.122,-1842.05,OK,-31.7822,115.569,-1828.37,,364660384,Port:2,0,1773303273,68824163,Enabled,0.916469,0.0220929,0.0386942,0.397617,-107.324,261.632,-1642.33,0.148181,3,OK,-107.155,261.715,-1642.35,OK,-146.566,228.771,-1639.17,OK,-153.315,304.806,-1637.82,,364660384,Port:3,0,1773303273,68824163,Missing,,,,,,,,,4,Missing,,,,Missing,,,,Missing,,,,Missing,,,,,364660384,Port:65535,0,1773303273,68824163,Missing,,,,,,,,,0
4,,364660390,Port:1,0,1773303273,168824163,100000005,Enabled,0.628926,0.0472123,-0.695175,0.344898,-19.0319,171.359,-1853.36,0.171053,4,OK,-18.9506,171.265,-1853.27,OK,-68.0786,170.918,-1864.27,OK,-93.0983,124.046,-1850.82,OK,-30.8136,115.961,-1833.55,,364660390,Port:2,0,1773303273,168824163,Enabled,0.916491,0.0217694,0.0383677,0.397615,-107.316,261.623,-1642.28,0.147767,3,OK,-107.144,261.703,-1642.29,OK,-146.56,228.767,-1639.14,OK,-153.314,304.801,-1637.83,,364660390,Port:3,0,1773303273,168824163,Missing,,,,,,,,,4,Missing,,,,Missing,,,,Missing,,,,Missing,,,,,364660390,Port:65535,0,1773303273,168824163,Missing,,,,,,,,,0
4,,364660396,Port:1,0,1773303273,268824168,99999999,Enabled,0.620398,0.0447256,-0.700787,0.349289,-19.8255,171.156,-1853.7,0.161523,4,OK,-19.7448,171.067,-1853.64,OK,-68.6224,170.297,-1865.61,OK,-93.5706,123.3,-1852.52,OK,-31.6259,115.762,-1833.88,,364660396,Port:2,0,1773303273,268824168,Enabled,0.916478,0.0219139,0.0383041,0.397644,-107.323,261.627,-1642.31,0.145896,3,OK,-107.156,261.709,-1642.32,OK,-146.564,228.765,-1639.18,OK,-153.319,304.801,-1637.84,,364660396,Port:3,0,1773303273,268824168,Missing,,,,,,,,,4,Missing,,,,Missing,,,,Missing,,,,Missing,,,,,364660396,Port:65535,0,1773303273,268824168,Missing,,,,,,,,,0
4,,364660402,Port:1,0,1773303273,368824167,150000001,Enabled,0.617932,0.052251,-0.703437,0.347283,-21.5024,171.786,-1851.56,0.180938,4,OK,-21.4268,171.698,-1851.44,OK,-70.2766,170.631,-1863.62,OK,-94.7817,123.224,-1851.11,OK,-32.796,115.999,-1832.58,,364660402,Port:2,0,1773303273,368824167,Enabled,0.916471,0.0218202,0.038716,0.397625,-107.325,261.628,-1642.34,0.147218,3,OK,-107.155,261.708,-1642.35,OK,-146.564,228.768,-1639.16,OK,-153.321,304.807,-1637.86,,364660402,Port:3,0,1773303273,368824167,Missing,,,,,,,,,4,Missing,,,,Missing,,,,Missing,,,,Missing,,,,,364660402,Port:65535,0,1773303273,368824167,Missing,,,,,,,,,0
4,,364660411,Port:1,0,1773303273,518824168,99999999,Enabled,0.610205,0.0668229,-0.712613,0.339658,-24.5371,174.34,-1847.53,0.169966,4,OK,-24.4584,174.246,-1847.4,OK,-73.1191,172.82,-1860.17,OK,-97.0353,124.68,-1849.66,OK,-35.2088,117.797,-1830.73,,364660411,Port:2,0,1773303273,518824168,Enabled,0.91646,0.0217077,0.0386348,0.397665,-107.324,261.633,-1642.33,0.14552,3,OK,-107.158,261.715,-1642.34,OK,-146.559,228.769,-1639.16,OK,-153.32,304.807,-1637.87,,364660411,Port:3,0,1773303273,518824168,Missing,,,,,,,,,4,Missing,,,,Missing,,,,Missing,,,,Missing,,,,,364660411,Port:65535,0,1773303273,518824168,Missing,,,,,,,,,0
4,,364660417,Port:1,0,1773303273,618824167,100000000,Enabled,0.607726,0.0874243,-0.717631,0.328681,-27.0585,175.232,-1840.92,0.165335,4,OK,-26.9775,175.132,-1840.8,OK,-75.6857,173.457,-1853.35,OK,-98.7113,124.474,-1844.86,OK,-36.6819,117.82,-1826.6,,364660417,Port:2,0,1773303273,618824167,Enabled,0.916491,0.0220351,0.0384178,0.397596,-107.321,261.63,-1642.3,0.147049,3,OK,-107.15,261.711,-1642.32,OK,-146.567,228.777,-1639.16,OK,-153.313,304.803,-1637.82,,364660417,Port:3,0,1773303273,618824167,Missing,,,,,,,,,4,Missing,,,,Missing,,,,Missing,,,,Missing,,,,,364660417,Port:65535,0,1773303273,618824167,Missing,,,,,,,,,0
4,,364660423,Port:1,0,1773303273,718824167,100000001,Enabled,0.61014,0.113924,-0.714559,0.322732,-33.7629,176.031,-1833.19,0.199109,4,OK,-33.6737,175.92,-1833.01,OK,-82.6144,173.254,-1844.52,OK,-103.992,123.305,-1837.25,OK,-41.3254,117.875,-1820.92,,364660423,Port:2,0,1773303273,718824167,Enabled,0.916468,0.0221558,0.0386104,0.397623,-107.323,261.632,-1642.32,0.145305,3,OK,-107.155,261.714,-1642.34,OK,-146.563,228.776,-1639.17,OK,-153.313,304.802,-1637.81,,364660423,Port:3,0,1773303273,718824167,Missing,,,,,,,,,4,Missing,,,,Missing,,,,Missing,,,,Missing,,,,,364660423,Port:65535,0,1773303273,718824167,Missing,,,,,,,,,0
4,,364660429,Port:1,0,1773303273,818824168,99999999,Enabled,0.599866,0.132944,-0.721575,0.319085,-44.6563,178.435,-1824.95,0.164582,4,OK,-44.5598,178.339,-1824.83,OK,-93.2945,174.697,-1836.83,OK,-113.323,123.972,-1831.64,OK,-50.7403,119.692,-1814.78,,364660429,Port:2,0,1773303273,818824168,Enabled,0.91647,0.0219137,0.0384986,0.397644,-107.328,261.634,-1642.3,0.144057,3,OK,-107.162,261.713,-1642.31,OK,-146.565,228.773,-1639.15,OK,-153.324,304.809,-1637.82,,364660429,Port:3,0,1773303273,818824168,Missing,,,,,,,,,4,Missing,,,,Missing,,,,Missing,,,,Missing,,,,,364660429,Port:65535,0,1773303273,818824168,Missing,,,,,,,,,0
4,,364660435,Port:1,0,1773303273,918824167,150000001,Enabled,0.589088,0.150358,-0.728558,0.31555,-57.2317,181.11,-1815.43,0.152387,4,OK,-57.1358,181.019,-1815.32,OK,-105.608,176.513,-1827.99,OK,-124.375,125.155,-1824.78,OK,-61.9,121.924,-1807.27,,364660435,Port:2,0,1773303273,918824167,Enabled,0.916478,0.0219152,0.038464,0.397629,-107.331,261.643,-1642.31,0.143966,3,OK,-107.164,261.722,-1642.32,OK,-146.569,228.785,-1639.16,OK,-153.325,304.818,-1637.83,,364660435,Port:3,0,1773303273,918824167,Missing,,,,,,,,,4,Missing,,,,Missing,,,,Missing,,,,Missing,,,,,364660435,Port:65535,0,1773303273,918824167,Missing,,,,,,,,,0
4,,364660444,Port:1,0,1773303274,68824168,99999999,Enabled,0.583646,0.175828,-0.727616,0.314668,-73.0941,183.442,-1801.74,0.16491,4,OK,-73.0126,183.331,-1801.63,OK,-121.373,177.322,-1814.04,OK,-138.034,125.197,-1812.29,OK,-75.3384,123.892,-1795.48,,364660444,Port:2,0,1773303274,68824168,Enabled,0.916485,0.0222416,0.038608,0.39758,-107.333,261.645,-1642.32,0.148222,3,OK,-107.162,261.727,-1642.34,OK,-146.579,228.79,-1639.17,OK,-153.321,304.82,-1637.8,,364660444,Port:3,0,1773303274,68824168,Missing,,,,,,,,,4,Missing,,,,Missing,,,,Missing,,,,Missing,,,,,364660444,Port:65535,0,1773303274,68824168,Missing,,,,,,,,,0
4,,364660450,Port:1,0,1773303274,168824167,100000000,Enabled,0.57816,0.192181,-0.729055,0.31189,-80.5765,184.978,-1791.42,0.162108,4,OK,-80.484,184.874,-1791.32,OK,-128.741,178.066,-1803.81,OK,-144.151,125.508,-1803.4,OK,-81.4003,125.228,-1786.7,,364660450,Port:2,0,1773303274,168824167,Enabled,0.916504,0.0218328,0.0380371,0.397614,-107.33,261.64,-1642.27,0.144249,3,OK,-107.163,261.717,-1642.28,OK,-146.573,228.784,-1639.16,OK,-153.328,304.82,-1637.82,,364660450,Port:3,0,1773303274,168824167,Missing,,,,,,,,,4,Missing,,,,Missing,,,,Missing,,,,Missing,,,,,364660450,Port:65535,0,1773303274,168824167,Missing,,,,,,,,,0
4,,364660456,Port:1,0,1773303274,268824167,100000000,Enabled,0.574264,0.215798,-0.726932,0.308579,-89.5905,186.261,-1780.3,0.135196,4,OK,-89.4886,186.166,-1780.28,OK,-137.641,178.089,-1792.21,OK,-151.304,125.077,-1793.5,OK,-88.339,126.41,-1777.45,,364660456,Port:2,0,1773303274,268824167,Enabled,0.916476,0.0220246,0.0383692,0.397636,-107.33,261.645,-1642.31,0.143445,3,OK,-107.162,261.722,-1642.32,OK,-146.569,228.791,-1639.17,OK,-153.326,304.815,-1637.82,,364660456,Port:3,0,1773303274,268824167,Missing,,,,,,,,,4,Missing,,,,Missing,,,,Missing,,,,Missing,,,,,364660456,Port:65535,0,1773303274,268824167,Missing,,,,,,,,,0
4,,364660462,Port:1,0,1773303274,368824167,100000000,Enabled,0.580089,0.24195,-0.715447,0.305111,-97.5294,187.151,-1770.42,0.153683,4,OK,-97.4196,187.048,-1770.35,OK,-145.691,177.553,-1780.74,OK,-157.523,124.132,-1782.76,OK,-94.117,127.355,-1769.24,,364660462,Port:2,0,1773303274,368824167,Enabled,0.916493,0.021629,0.0385557,0.397599,-107.33,261.648,-1642.28,0.148906,3,OK,-107.158,261.729,-1642.29,OK,-146.575,228.791,-1639.11,OK,-153.325,304.829,-1637.83,,364660462,Port:3,0,1773303274,368824167,Missing,,,,,,,,,4,Missing,,,,Missing,,,,Missing,,,,Missing,,,,,364660462,Port:65535,0,1773303274,368824167,Missing,,,,,,,,,0
4,,364660468,Port:1,0,1773303274,468824167,150000000,Enabled,0.579206,0.274467,-0.709223,0.293583,-104.233,185.904,-1758.59,0.137481,4,OK,-104.121,185.807,-1758.59,OK,-152.317,175.029,-1767.83,OK,-162.304,121.381,-1772.38,OK,-98.6376,126.295,-1760.54,,364660468,Port:2,0,1773303274,468824167,Enabled,0.916501,0.0221195,0.0384382,0.397565,-107.332,261.646,-1642.31,0.14868,3,OK,-107.158,261.726,-1642.33,OK,-146.58,228.795,-1639.17,OK,-153.323,304.825,-1637.81,,364660468,Port:3,0,1773303274,468824167,Missing,,,,,,,,,4,Missing,,,,Missing,,,,Missing,,,,Missing,,,,,364660468,Port:65535,0,1773303274,468824167,Missing,,,,,,,,,0
4,,364660477,Port:1,0,1773303274,618824167,100000000,Enabled,0.592319,0.339918,-0.672892,0.284307,-113.118,179.179,-1741.36,0.14904,4,OK,-112.983,179.08,-1741.4,OK,-160.737,164.213,-1746.38,OK,-166.235,110.169,-1753.41,OK,-102.36,120.617,-1747.74,,364660477,Port:2,0,1773303274,618824167,Enabled,0.916509,0.0219704,0.038101,0.397588,-107.332,261.648,-1642.29,0.146007,3,OK,-107.164,261.73,-1642.3,OK,-146.58,228.795,-1639.18,OK,-153.324,304.823,-1637.83,,364660477,Port:3,0,1773303274,618824167,Missing,,,,,,,,,4,Missing,,,,Missing,,,,Missing,,,,Missing,,,,,364660477,Port:65535,0,1773303274,618824167,Missing,,,,,,,,,0
4,,364660483,Port:1,0,1773303274,718824167,100000000,Enabled,0.599006,0.389801,-0.641933,0.277793,-115.845,170.341,-1729.44,0.163483,4,OK,-115.697,170.231,-1729.51,OK,-162.476,151.928,-1731.49,OK,-164.448,97.958,-1740.73,OK,-101.281,113.143,-1739.45,,364660483,Port:2,0,1773303274,718824167,Enabled,0.916488,0.0221068,0.0385175,0.397589,-107.327,261.638,-1642.3,0.14992,3,OK,-107.154,261.722,-1642.32,OK,-146.575,228.782,-1639.15,OK,-153.317,304.813,-1637.8,,364660483,Port:3,0,1773303274,718824167,Missing,,,,,,,,,4,Missing,,,,Missing,,,,Missing,,,,Missing,,,,,364660483,Port:65535,0,1773303274,718824167,Missing,,,,,,,,,0
4,,364660489,Port:1,0,1773303274,818824167,100000000,Enabled,0.606744,0.447038,-0.597935,0.272934,-116.861,159.466,-1716.86,0.185823,4,OK,-116.692,159.378,-1716.99,OK,-161.495,136.598,-1715.29,OK,-159.264,83.0749,-1727.01,OK,-97.9825,104.466,-1730.97,,364660489,Port:2,0,1773303274,818824167,Enabled,0.916474,0.0220163,0.038595,0.397619,-107.331,261.646,-1642.31,0.148731,3,OK,-107.157,261.728,-1642.32,OK,-146.575,228.792,-1639.15,OK,-153.324,304.815,-1637.81,,364660489,Port:3,0,1773303274,818824167,Missing,,,,,,,,,4,Missing,,,,Missing,,,,Missing,,,,Missing,,,,,364660489,Port:65535,0,1773303274,818824167,Missing,,,,,,,,,0
4,,364660495,Port:1,0,1773303274,918824167,100000000,Enabled,0.611162,0.489137,-0.561404,0.268425,-115.039,149.048,-1706.19,0.205559,4,OK,-114.863,148.963,-1706.36,OK,-157.627,122.807,-1702.06,OK,-152.361,69.9797,-1715.84,OK,-93.2962,96.1062,-1723.62,,364660495,Port:2,0,1773303274,918824167,Enabled,0.916486,0.021957,0.0381836,0.397636,-107.327,261.647,-1642.31,0.144593,3,OK,-107.16,261.729,-1642.32,OK,-146.569,228.791,-1639.19,OK,-153.321,304.817,-1637.84,,364660495,Port:3,0,1773303274,918824167,Missing,,,,,,,,,4,Missing,,,,Missing,,,,Missing,,,,Missing,,,,,364660495,Port:65535,0,1773303274,918824167,Missing,,,,,,,,,0
4,,364660501,Port:1,0,1773303275,18824167,100000000,Enabled,0.613491,0.52523,-0.524723,0.269125,-114.107,139.297,-1698.04,0.227813,4,OK,-113.934,139.224,-1698.26,OK,-154.225,109.809,-1691.73,OK,-145.946,57.7761,-1707.15,OK,-89.6592,88.528,-1718.08,,364660501,Port:2,0,1773303275,18824167,Enabled,0.916494,0.0223128,0.0381239,0.397603,-107.328,261.641,-1642.3,0.146091,3,OK,-107.157,261.721,-1642.32,OK,-146.575,228.791,-1639.2,OK,-153.321,304.809,-1637.8,,364660501,Port:3,0,1773303275,18824167,Missing,,,,,,,,,4,Missing,,,,Missing,,,,Missing,,,,Missing,,,,,364660501,Port:65535,0,1773303275,18824167,Missing,,,,,,,,,0
4,,364660507,Port:1,0,1773303275,118824167,149999995,Enabled,0.615878,0.548499,-0.497272,0.269375,-111.952,131.791,-1692.72,0.259804,4,OK,-111.775,131.747,-1692.99,OK,-150.146,100.176,-1684.79,OK,-139.919,48.79,-1701.32,OK,-85.8915,82.5684,-1714.51,,364660507,Port:2,0,1773303275,118824167,Enabled,0.916486,0.0216939,0.0386149,0.397607,-107.329,261.643,-1642.31,0.150606,3,OK,-107.155,261.724,-1642.32,OK,-146.573,228.783,-1639.14,OK,-153.324,304.824,-1637.85,,364660507,Port:3,0,1773303275,118824167,Missing,,,,,,,,,4,Missing,,,,Missing,,,,Missing,,,,Missing,,,,,364660507,Port:65535,0,1773303275,118824167,Missing,,,,,,,,,0
4,,364660516,Port:1,0,1773303275,268824162,100000000,Enabled,0.616149,0.587733,-0.449017,0.270764,-109.949,119.538,-1684.66,0.245329,4,OK,-109.78,119.506,-1684.92,OK,-144.335,84.3621,-1674.55,OK,-130.7,34.4167,-1693.05,OK,-81.2639,73.3641,-1709.64,,364660516,Port:2,0,1773303275,268824162,Enabled,0.916476,0.0221072,0.0384718,0.397621,-107.327,261.64,-1642.3,0.148994,3,OK,-107.154,261.721,-1642.32,OK,-146.571,228.781,-1639.16,OK,-153.321,304.813,-1637.8,,364660516,Port:3,0,1773303275,268824162,Missing,,,,,,,,,4,Missing,,,,Missing,,,,Missing,,,,Missing,,,,,364660516,Port:65535,0,1773303275,268824162,Missing,,,,,,,,,0
4,,364660522,Port:1,0,1773303275,368824162,100000000,Enabled,0.618988,0.609682,-0.414729,0.270449,-106.218,111.463,-1679.1,0.262318,4,OK,-106.048,111.436,-1679.39,OK,-137.879,74.3072,-1667.29,OK,-122.461,25.2914,-1686.9,OK,-76.3842,67.1543,-1705.99,,364660522,Port:2,0,1773303275,368824162,Enabled,0.916477,0.0220759,0.0382473,0.397642,-107.322,261.638,-1642.29,0.146755,3,OK,-107.153,261.719,-1642.31,OK,-146.564,228.776,-1639.17,OK,-153.318,304.812,-1637.81,,364660522,Port:3,0,1773303275,368824162,Missing,,,,,,,,,4,Missing,,,,Missing,,,,Missing,,,,Missing,,,,,364660522,Port:65535,0,1773303275,368824162,Missing,,,,,,,,,0
4,,364660528,Port:1,0,1773303275,468824162,100000000,Enabled,0.62466,0.622261,-0.398461,0.252624,-97.1582,105.825,-1673.26,0.265025,4,OK,-96.9977,105.802,-1673.56,OK,-128.005,68.3536,-1660.31,OK,-113.358,19.6804,-1681.48,OK,-68.5891,62.059,-1702.36,,364660528,Port:2,0,1773303275,468824162,Enabled,0.916503,0.0220293,0.0380454,0.397605,-107.329,261.635,-1642.29,0.146519,3,OK,-107.159,261.716,-1642.31,OK,-146.576,228.781,-1639.19,OK,-153.322,304.808,-1637.83,,364660528,Port:3,0,1773303275,468824162,Missing,,,,,,,,,4,Missing,,,,Missing,,,,Missing,,,,Missing,,,,,364660528,Port:65535,0,1773303275,468824162,Missing,,,,,,,,,0
4,,364660534,Port:1,0,1773303275,568824162,100000000,Enabled,0.629279,0.638955,-0.373318,0.237441,-88.0815,98.6043,-1666.75,0.291936,4,OK,-87.9294,98.5971,-1667.09,OK,-117.203,60.2553,-1652.43,OK,-102.772,12.2022,-1675.29,OK,-60.4188,55.9249,-1698.2,,364660534,Port:2,0,1773303275,568824162,Enabled,0.916516,0.0219935,0.0380239,0.397579,-107.327,261.636,-1642.29,0.14767,3,OK,-107.155,261.716,-1642.31,OK,-146.576,228.782,-1639.19,OK,-153.321,304.817,-1637.83,,364660534,Port:3,0,1773303275,568824162,Missing,,,,,,,,,4,Missing,,,,Missing,,,,Missing,,,,Missing,,,,,364660534,Port:65535,0,1773303275,568824162,Missing,,,,,,,,,0
4,,364660540,Port:1,0,1773303275,668824162,150000000,Enabled,0.631075,0.64888,-0.360031,0.226002,-81.4516,93.2848,-1662.52,0.232359,4,OK,-81.3087,93.2568,-1662.78,OK,-109.703,54.5134,-1647.68,OK,-95.6736,6.85655,-1671.52,OK,-54.5892,51.2634,-1695.59,,364660540,Port:2,0,1773303275,668824162,Enabled,0.916461,0.0221106,0.0388255,0.397621,-107.323,261.629,-1642.32,0.146831,3,OK,-107.153,261.711,-1642.33,OK,-146.564,228.774,-1639.14,OK,-153.314,304.797,-1637.8,,364660540,Port:3,0,1773303275,668824162,Missing,,,,,,,,,4,Missing,,,,Missing,,,,Missing,,,,Missing,,,,,364660540,Port:65535,0,1773303275,668824162,Missing,,,,,,,,,0
4,,364660549,Port:1,0,1773303275,818824162,100000000,Enabled,0.629017,0.652472,-0.361773,0.218489,-79.1772,90.3129,-1660.73,0.253418,4,OK,-79.0353,90.2791,-1661,OK,-107.675,51.5739,-1646.15,OK,-94.1917,4.13495,-1670.77,OK,-52.868,48.531,-1694.61,,364660549,Port:2,0,1773303275,818824162,Enabled,0.91651,0.0217605,0.0380044,0.397608,-107.325,261.635,-1642.29,0.14399,3,OK,-107.157,261.712,-1642.3,OK,-146.568,228.78,-1639.18,OK,-153.323,304.816,-1637.86,,364660549,Port:3,0,1773303275,818824162,Missing,,,,,,,,,4,Missing,,,,Missing,,,,Missing,,,,Missing,,,,,364660549,Port:65535,0,1773303275,818824162,Missing,,,,,,,,,0
4,,364660555,Port:1,0,1773303275,918824162,100000000,Enabled,0.628357,0.647116,-0.369987,0.222525,-81.8255,92.3083,-1662.76,0.267587,4,OK,-81.6744,92.2732,-1663.04,OK,-110.944,53.8872,-1648.5,OK,-97.4605,6.23541,-1672.63,OK,-55.2829,50.1143,-1695.92,,364660555,Port:2,0,1773303275,918824162,Enabled,0.916467,0.0220628,0.0385665,0.397636,-107.327,261.639,-1642.33,0.14623,3,OK,-107.155,261.716,-1642.35,OK,-146.566,228.782,-1639.18,OK,-153.324,304.813,-1637.83,,364660555,Port:3,0,1773303275,918824162,Missing,,,,,,,,,4,Missing,,,,Missing,,,,Missing,,,,Missing,,,,,364660555,Port:65535,0,1773303275,918824162,Missing,,,,,,,,,0
4,,364660561,Port:1,0,1773303276,18824162,100000000,Enabled,0.624522,0.624053,-0.405552,0.236767,-87.9172,98.2307,-1669.46,0.246994,4,OK,-87.7471,98.1638,-1669.73,OK,-119.634,61.3766,-1656.88,OK,-106.549,12.7329,-1679.02,OK,-60.8898,54.2928,-1699.73,,364660561,Port:2,0,1773303276,18824162,Enabled,0.916502,0.0218639,0.038104,0.397611,-107.324,261.635,-1642.29,0.146564,3,OK,-107.154,261.714,-1642.31,OK,-146.569,228.78,-1639.18,OK,-153.321,304.813,-1637.84,,364660561,Port:3,0,1773303276,18824162,Missing,,,,,,,,,4,Missing,,,,Missing,,,,Missing,,,,Missing,,,,,364660561,Port:65535,0,1773303276,18824162,Missing,,,,,,,,,0
4,,364660567,Port:1,0,1773303276,118824162,100000001,Enabled,0.613867,0.597589,-0.452557,0.247482,-94.551,104.82,-1677.35,0.227808,4,OK,-94.3774,104.757,-1677.58,OK,-129.498,70.0782,-1667.68,OK,-117.472,20.5627,-1688.31,OK,-67.6037,59.0157,-1704.82,,364660567,Port:2,0,1773303276,118824162,Enabled,0.916514,0.0221446,0.0379651,0.397581,-107.322,261.635,-1642.29,0.147923,3,OK,-107.15,261.717,-1642.3,OK,-146.573,228.782,-1639.2,OK,-153.314,304.808,-1637.81,,364660567,Port:3,0,1773303276,118824162,Missing,,,,,,,,,4,Missing,,,,Missing,,,,Missing,,,,Missing,,,,,364660567,Port:65535,0,1773303276,118824162,Missing,,,,,,,,,0
4,,364660573,Port:1,0,1773303276,218824163,150000000,Enabled,0.609348,0.570092,-0.485691,0.260374,-99.2128,112.219,-1686.44,0.243285,4,OK,-99.0366,112.13,-1686.69,OK,-136.352,79.3366,-1678.62,OK,-125.237,28.8699,-1697.25,OK,-72.5228,64.5603,-1710.81,,364660573,Port:2,0,1773303276,218824163,Enabled,0.916475,0.0218232,0.0386119,0.397626,-107.326,261.629,-1642.31,0.148087,3,OK,-107.154,261.709,-1642.32,OK,-146.567,228.771,-1639.14,OK,-153.322,304.805,-1637.83,,364660573,Port:3,0,1773303276,218824163,Missing,,,,,,,,,4,Missing,,,,Missing,,,,Missing,,,,Missing,,,,,364660573,Port:65535,0,1773303276,218824163,Missing,,,,,,,,,0
4,,364660582,Port:1,0,1773303276,368824163,100000000,Enabled,0.604096,0.505278,-0.552414,0.273131,-100.396,129.584,-1705.89,0.222808,4,OK,-100.22,129.474,-1706.09,OK,-141.986,101.765,-1701.88,OK,-134.889,49.3688,-1716.61,OK,-76.8484,77.7807,-1724.34,,364660582,Port:2,0,1773303276,368824163,Enabled,0.916479,0.0217515,0.0382621,0.397655,-107.321,261.633,-1642.3,0.145488,3,OK,-107.152,261.713,-1642.31,OK,-146.561,228.776,-1639.17,OK,-153.321,304.804,-1637.85,,364660582,Port:3,0,1773303276,368824163,Missing,,,,,,,,,4,Missing,,,,Missing,,,,Missing,,,,Missing,,,,,364660582,Port:65535,0,1773303276,368824163,Missing,,,,,,,,,0
4,,364660588,Port:1,0,1773303276,468824163,100000000,Enabled,0.597127,0.45782,-0.5913,0.290182,-100.635,141.209,-1722.68,0.213256,4,OK,-100.467,141.087,-1722.85,OK,-144.213,116.375,-1721.58,OK,-139.422,62.9668,-1733.19,OK,-79.1146,87.1055,-1736.36,,364660588,Port:2,0,1773303276,468824163,Enabled,0.916494,0.0218934,0.0382557,0.397612,-107.322,261.625,-1642.3,0.146113,3,OK,-107.151,261.702,-1642.32,OK,-146.565,228.769,-1639.17,OK,-153.319,304.804,-1637.84,,364660588,Port:3,0,1773303276,468824163,Missing,,,,,,,,,4,Missing,,,,Missing,,,,Missing,,,,Missing,,,,,364660588,Port:65535,0,1773303276,468824163,Missing,,,,,,,,,0
4,,364660594,Port:1,0,1773303276,568824163,100000000,Enabled,0.586829,0.410971,-0.629149,0.301507,-97.153,151.067,-1738.56,0.167891,4,OK,-97.0052,150.953,-1738.65,OK,-142.308,129.333,-1740.87,OK,-140.326,75.3307,-1749.99,OK,-78.4115,95.057,-1748.29,,364660594,Port:2,0,1773303276,568824163,Enabled,0.916461,0.0221251,0.0386126,0.397643,-107.321,261.636,-1642.33,0.147258,3,OK,-107.151,261.719,-1642.34,OK,-146.561,228.777,-1639.17,OK,-153.314,304.804,-1637.82,,364660594,Port:3,0,1773303276,568824163,Missing,,,,,,,,,4,Missing,,,,Missing,,,,Missing,,,,Missing,,,,,364660594,Port:65535,0,1773303276,568824163,Missing,,,,,,,,,0
4,,364660600,Port:1,0,1773303276,668824163,100000000,Enabled,0.587435,0.375489,-0.64771,0.307246,-91.3871,156.921,-1749.57,0.157084,4,OK,-91.2416,156.809,-1749.63,OK,-137.499,137.519,-1753.26,OK,-138.031,83.1642,-1760.25,OK,-75.3074,99.653,-1756.33,,364660600,Port:2,0,1773303276,668824163,Enabled,0.916479,0.022033,0.0383436,0.397631,-107.323,261.633,-1642.32,0.147856,3,OK,-107.154,261.717,-1642.33,OK,-146.566,228.771,-1639.19,OK,-153.316,304.806,-1637.84,,364660600,Port:3,0,1773303276,668824163,Missing,,,,,,,,,4,Missing,,,,Missing,,,,Missing,,,,Missing,,,,,364660600,Port:65535,0,1773303276,668824163,Missing,,,,,,,,,0
4,,364660606,Port:1,0,1773303276,768824163,100000000,Enabled,0.592213,0.358514,-0.64965,0.314176,-86.9901,157.538,-1756.29,0.146625,4,OK,-86.8546,157.423,-1756.32,OK,-133.407,138.875,-1759.96,OK,-134.855,84.3371,-1765.21,OK,-71.8867,99.7948,-1761.08,,364660606,Port:2,0,1773303276,768824163,Enabled,0.916461,0.0220116,0.0385292,0.397656,-107.323,261.632,-1642.31,0.145189,3,OK,-107.154,261.712,-1642.33,OK,-146.56,228.774,-1639.16,OK,-153.319,304.802,-1637.82,,364660606,Port:3,0,1773303276,768824163,Missing,,,,,,,,,4,Missing,,,,Missing,,,,Missing,,,,Missing,,,,,364660606,Port:65535,0,1773303276,768824163,Missing,,,,,,,,,0
4,,364660612,Port:1,0,1773303276,868824163,150000000,Enabled,0.595824,0.345449,-0.653657,0.313673,-81.1658,156.603,-1759.94,0.148626,4,OK,-81.0367,156.474,-1759.95,OK,-127.967,138.942,-1763.73,OK,-130.615,84.3867,-1768.14,OK,-67.3393,98.4705,-1763.77,,364660612,Port:2,0,1773303276,868824163,Enabled,0.916494,0.021841,0.0381852,0.397623,-107.322,261.627,-1642.31,0.145574,3,OK,-107.151,261.705,-1642.32,OK,-146.565,228.774,-1639.19,OK,-153.32,304.8,-1637.86,,364660612,Port:3,0,1773303276,868824163,Missing,,,,,,,,,4,Missing,,,,Missing,,,,Missing,,,,Missing,,,,,364660612,Port:65535,0,1773303276,868824163,Missing,,,,,,,,,0
4,,364660621,Port:1,0,1773303277,18824163,100000000,Enabled,0.599034,0.314255,-0.667043,0.312179,-71.613,157.48,-1767.78,0.145248,4,OK,-71.4919,157.347,-1767.77,OK,-119.163,142.241,-1772.53,OK,-124.646,87.7836,-1775.46,OK,-60.8559,98.6074,-1769.54,,364660621,Port:2,0,1773303277,18824163,Enabled,0.91648,0.0218973,0.0385595,0.397615,-107.324,261.63,-1642.31,0.147589,3,OK,-107.154,261.714,-1642.33,OK,-146.567,228.773,-1639.15,OK,-153.316,304.804,-1637.83,,364660621,Port:3,0,1773303277,18824163,Missing,,,,,,,,,4,Missing,,,,Missing,,,,Missing,,,,Missing,,,,,364660621,Port:65535,0,1773303277,18824163,Missing,,,,,,,,,0
4,,364660627,Port:1,0,1773303277,118824163,100000004,Enabled,0.598604,0.280778,-0.68038,0.316102,-64.6326,160.54,-1778.14,0.148596,4,OK,-64.5186,160.413,-1778.14,OK,-112.656,147.377,-1784.26,OK,-120.656,93.2156,-1785.5,OK,-56.6978,101.187,-1777.35,,364660627,Port:2,0,1773303277,118824163,Enabled,0.916467,0.0221081,0.0383996,0.39765,-107.327,261.63,-1642.31,0.144591,3,OK,-107.159,261.712,-1642.32,OK,-146.567,228.775,-1639.17,OK,-153.321,304.794,-1637.82,,364660627,Port:3,0,1773303277,118824163,Missing,,,,,,,,,4,Missing,,,,Missing,,,,Missing,,,,Missing,,,,,364660627,Port:65535,0,1773303277,118824163,Missing,,,,,,,,,0
4,,364660633,Port:1,0,1773303277,218824167,100000000,Enabled,0.596502,0.245576,-0.692505,0.322979,-58.0945,164.018,-1790.33,0.163639,4,OK,-57.9808,163.916,-1790.22,OK,-106.355,152.731,-1798.13,OK,-116.797,98.9627,-1797.27,OK,-52.9604,104.453,-1786.78,,364660633,Port:2,0,1773303277,218824167,Enabled,0.916495,0.0218973,0.0383371,0.397603,-107.321,261.623,-1642.31,0.143535,3,OK,-107.155,261.702,-1642.32,OK,-146.562,228.769,-1639.17,OK,-153.314,304.801,-1637.84,,364660633,Port:3,0,1773303277,218824167,Missing,,,,,,,,,4,Missing,,,,Missing,,,,Missing,,,,Missing,,,,,364660633,Port:65535,0,1773303277,218824167,Missing,,,,,,,,,0
4,,364660639,Port:1,0,1773303277,318824167,100000000,Enabled,0.588951,0.21768,-0.70225,0.335556,-54.5226,166.386,-1800.9,0.158858,4,OK,-54.4047,166.276,-1800.81,OK,-102.647,155.872,-1810.45,OK,-114.425,102.446,-1807.99,OK,-51.0121,106.931,-1794.71,,364660639,Port:2,0,1773303277,318824167,Enabled,0.91645,0.022172,0.0388614,0.39764,-107.325,261.624,-1642.34,0.146225,3,OK,-107.156,261.708,-1642.36,OK,-146.564,228.769,-1639.16,OK,-153.315,304.787,-1637.82,,364660639,Port:3,0,1773303277,318824167,Missing,,,,,,,,,4,Missing,,,,Missing,,,,Missing,,,,Missing,,,,,364660639,Port:65535,0,1773303277,318824167,Missing,,,,,,,,,0
4,,364660645,Port:1,0,1773303277,418824167,150000000,Enabled,0.586457,0.215656,-0.702108,0.341475,-55.7505,166.876,-1803.46,0.155147,4,OK,-55.6454,166.775,-1803.36,OK,-103.736,155.992,-1813.26,OK,-115.221,102.52,-1810.35,OK,-51.9374,107.491,-1796.67,,364660645,Port:2,0,1773303277,418824167,Enabled,0.91651,0.0215487,0.0380419,0.397616,-107.319,261.623,-1642.25,0.142447,3,OK,-107.158,261.702,-1642.26,OK,-146.56,228.763,-1639.13,OK,-153.315,304.805,-1637.84,,364660645,Port:3,0,1773303277,418824167,Missing,,,,,,,,,4,Missing,,,,Missing,,,,Missing,,,,Missing,,,,,364660645,Port:65535,0,1773303277,418824167,Missing,,,,,,,,,0
4,,364660654,Port:1,0,1773303277,568824167,100000000,Enabled,0.58953,0.242807,-0.693792,0.334891,-61.2342,164.302,-1795.79,0.144995,4,OK,-61.1272,164.201,-1795.73,OK,-109.174,152.203,-1804.27,OK,-118.862,98.3143,-1802.85,OK,-55.3327,104.874,-1791.19,,364660654,Port:2,0,1773303277,568824167,Enabled,0.916508,0.0220508,0.0381046,0.397587,-107.324,261.624,-1642.3,0.143886,3,OK,-107.153,261.699,-1642.32,OK,-146.569,228.776,-1639.2,OK,-153.319,304.8,-1637.83,,364660654,Port:3,0,1773303277,568824167,Missing,,,,,,,,,4,Missing,,,,Missing,,,,Missing,,,,Missing,,,,,364660654,Port:65535,0,1773303277,568824167,Missing,,,,,,,,,0
4,,364660660,Port:1,0,1773303277,668824167,100000000,Enabled,0.589014,0.264479,-0.687929,0.331462,-65.1167,161.246,-1790.03,0.137854,4,OK,-64.998,161.144,-1790.02,OK,-112.884,147.973,-1797.72,OK,-120.969,93.7919,-1797.64,OK,-57.3746,101.914,-1787.12,,364660660,Port:2,0,1773303277,668824167,Enabled,0.916482,0.0218843,0.0384173,0.397625,-107.322,261.629,-1642.29,0.145604,3,OK,-107.153,261.708,-1642.31,OK,-146.562,228.771,-1639.15,OK,-153.318,304.807,-1637.82,,364660660,Port:3,0,1773303277,668824167,Missing,,,,,,,,,4,Missing,,,,Missing,,,,Missing,,,,Missing,,,,,364660660,Port:65535,0,1773303277,668824167,Missing,,,,,,,,,0
4,,364660666,Port:1,0,1773303277,768824167,100000000,Enabled,0.593605,0.294617,-0.674618,0.325153,-69.9109,158.18,-1782.74,0.143164,4,OK,-69.7798,158.077,-1782.74,OK,-117.449,143.313,-1788.72,OK,-123.504,88.8864,-1790.12,OK,-59.8482,99.1457,-1782.18,,364660666,Port:2,0,1773303277,768824167,Enabled,0.916473,0.0219806,0.0384311,0.39764,-107.323,261.637,-1642.34,0.149507,3,OK,-107.148,261.718,-1642.35,OK,-146.567,228.779,-1639.19,OK,-153.321,304.807,-1637.86,,364660666,Port:3,0,1773303277,768824167,Missing,,,,,,,,,4,Missing,,,,Missing,,,,Missing,,,,Missing,,,,,364660666,Port:65535,0,1773303277,768824167,Missing,,,,,,,,,0
4,,364660672,Port:1,0,1773303277,868824167,100000000,Enabled,0.595688,0.319834,-0.661917,0.323618,-74.2219,155.198,-1777.18,0.141042,4,OK,-74.0898,155.095,-1777.17,OK,-121.342,138.644,-1781.87,OK,-125.381,84.0536,-1784.29,OK,-61.9112,96.6041,-1778.35,,364660672,Port:2,0,1773303277,868824167,Enabled,0.91647,0.0219056,0.0387517,0.39762,-107.323,261.629,-1642.33,0.151401,3,OK,-107.147,261.711,-1642.35,OK,-146.566,228.769,-1639.15,OK,-153.318,304.806,-1637.84,,364660672,Port:3,0,1773303277,868824167,Missing,,,,,,,,,4,Missing,,,,Missing,,,,Missing,,,,Missing,,,,,364660672,Port:65535,0,1773303277,868824167,Missing,,,,,,,,,0
4,,364660678,Port:1,0,1773303277,968824167,100000000,Enabled,0.59867,0.336936,-0.650595,0.32372,-76.9589,153.041,-1772.74,0.145819,4,OK,-76.8224,152.935,-1772.71,OK,-123.716,135.217,-1776.31,OK,-126.295,80.5594,-1779.19,OK,-63.0539,94.8381,-1774.94,,364660678,Port:2,0,1773303277,968824167,Enabled,0.916459,0.02226,0.03881,0.397619,-107.324,261.633,-1642.34,0.146477,3,OK,-107.157,261.718,-1642.35,OK,-146.564,228.773,-1639.17,OK,-153.312,304.804,-1637.81,,364660678,Port:3,0,1773303277,968824167,Missing,,,,,,,,,4,Missing,,,,Missing,,,,Missing,,,,Missing,,,,,364660678,Port:65535,0,1773303277,968824167,Missing,,,,,,,,,0
4,,364660684,Port:1,0,1773303278,68824167,149999996,Enabled,0.602506,0.354458,-0.637228,0.324477,-79.9072,150.922,-1768.44,0.141802,4,OK,-79.7671,150.827,-1768.47,OK,-126.189,131.719,-1770.63,OK,-127.229,77.0214,-1774.04,OK,-64.3356,93.189,-1771.58,,364660684,Port:2,0,1773303278,68824167,Enabled,0.916483,0.0219014,0.0385694,0.397607,-107.323,261.636,-1642.33,0.150721,3,OK,-107.151,261.721,-1642.35,OK,-146.569,228.774,-1639.17,OK,-153.315,304.813,-1637.85,,364660684,Port:3,0,1773303278,68824167,Missing,,,,,,,,,4,Missing,,,,Missing,,,,Missing,,,,Missing,,,,,364660684,Port:65535,0,1773303278,68824167,Missing,,,,,,,,,0
4,,364660693,Port:1,0,1773303278,218824163,100000000,Enabled,0.610369,0.395668,-0.601554,0.330197,-85.8432,143.76,-1759.22,0.153216,4,OK,-85.6945,143.658,-1759.29,OK,-130.501,120.949,-1758.23,OK,-127.478,66.367,-1762.5,OK,-66.038,87.5117,-1764.47,,364660693,Port:2,0,1773303278,218824163,Enabled,0.916474,0.0221911,0.0384671,0.397622,-107.322,261.634,-1642.32,0.144877,3,OK,-107.154,261.713,-1642.33,OK,-146.561,228.776,-1639.18,OK,-153.314,304.807,-1637.81,,364660693,Port:3,0,1773303278,218824163,Missing,,,,,,,,,4,Missing,,,,Missing,,,,Missing,,,,Missing,,,,,364660693,Port:65535,0,1773303278,218824163,Missing,,,,,,,,,0
4,,364660699,Port:1,0,1773303278,318824163,100000000,Enabled,0.613926,0.43392,-0.570892,0.329986,-89.8439,134.565,-1749,0.193951,4,OK,-89.6831,134.489,-1749.16,OK,-132.709,108.736,-1745.56,OK,-126.368,54.5709,-1751.6,OK,-66.7105,79.9402,-1756.96,,364660699,Port:2,0,1773303278,318824163,Enabled,0.916445,0.0217493,0.039085,0.397652,-107.327,261.635,-1642.34,0.149827,3,OK,-107.155,261.718,-1642.35,OK,-146.564,228.77,-1639.12,OK,-153.322,304.809,-1637.85,,364660699,Port:3,0,1773303278,318824163,Missing,,,,,,,,,4,Missing,,,,Missing,,,,Missing,,,,Missing,,,,,364660699,Port:65535,0,1773303278,318824163,Missing,,,,,,,,,0
4,,364660705,Port:1,0,1773303278,418824163,100000000,Enabled,0.614843,0.4714,-0.543309,0.323365,-91.232,125.222,-1738.27,0.211023,4,OK,-91.0545,125.141,-1738.45,OK,-132.248,96.8088,-1733.02,OK,-123.251,43.3244,-1741.43,OK,-65.6188,72.3788,-1749.68,,364660705,Port:2,0,1773303278,418824163,Enabled,0.916454,0.0222506,0.0384882,0.397664,-107.322,261.635,-1642.32,0.145207,3,OK,-107.153,261.714,-1642.33,OK,-146.56,228.777,-1639.18,OK,-153.319,304.802,-1637.8,,364660705,Port:3,0,1773303278,418824163,Missing,,,,,,,,,4,Missing,,,,Missing,,,,Missing,,,,Missing,,,,,364660705,Port:65535,0,1773303278,418824163,Missing,,,,,,,,,0
4,,364660711,Port:1,0,1773303278,518824163,100000000,Enabled,0.611815,0.507653,-0.518873,0.314231,-92.3004,115.977,-1727.83,0.245211,4,OK,-92.1368,115.925,-1728.08,OK,-131.397,85.1885,-1721.39,OK,-120.159,32.6547,-1732.72,OK,-64.7039,65.0886,-1742.93,,364660711,Port:2,0,1773303278,518824163,Enabled,0.916494,0.0216659,0.0383257,0.397619,-107.323,261.626,-1642.28,0.145599,3,OK,-107.153,261.706,-1642.29,OK,-146.566,228.775,-1639.14,OK,-153.319,304.798,-1637.84,,364660711,Port:3,0,1773303278,518824163,Missing,,,,,,,,,4,Missing,,,,Missing,,,,Missing,,,,Missing,,,,,364660711,Port:65535,0,1773303278,518824163,Missing,,,,,,,,,0
4,,364660717,Port:1,0,1773303278,618824163,150000000,Enabled,0.613566,0.533985,-0.49603,0.303894,-91.1309,109.805,-1719.96,0.228236,4,OK,-90.9539,109.739,-1720.18,OK,-128.696,77.4207,-1712.23,OK,-116.199,25.6516,-1725.54,OK,-62.629,60.415,-1738.02,,364660717,Port:2,0,1773303278,618824163,Enabled,0.916492,0.0218229,0.0384505,0.397601,-107.322,261.634,-1642.31,0.147405,3,OK,-107.15,261.712,-1642.32,OK,-146.565,228.778,-1639.16,OK,-153.317,304.813,-1637.84,,364660717,Port:3,0,1773303278,618824163,Missing,,,,,,,,,4,Missing,,,,Missing,,,,Missing,,,,Missing,,,,,364660717,Port:65535,0,1773303278,618824163,Missing,,,,,,,,,0
4,,364660726,Port:1,0,1773303278,768824163,100000000,Enabled,0.618393,0.578675,-0.431273,0.311014,-92.3562,96.7134,-1709.18,0.25973,4,OK,-92.1834,96.6735,-1709.46,OK,-124.813,60.1335,-1697.87,OK,-107.686,10.1183,-1712.98,OK,-60.233,51.0245,-1730.52,,364660726,Port:2,0,1773303278,768824163,Enabled,0.916479,0.0220142,0.0385296,0.397615,-107.324,261.631,-1642.29,0.147122,3,OK,-107.156,261.715,-1642.31,OK,-146.566,228.771,-1639.14,OK,-153.315,304.805,-1637.8,,364660726,Port:3,0,1773303278,768824163,Missing,,,,,,,,,4,Missing,,,,Missing,,,,Missing,,,,Missing,,,,,364660726,Port:65535,0,1773303278,768824163,Missing,,,,,,,,,0
4,,364660732,Port:1,0,1773303278,868824163,100000000,Enabled,0.621151,0.60682,-0.385915,0.311466,-89.7027,87.5495,-1701.16,0.257639,4,OK,-89.5226,87.5128,-1701.44,OK,-118.385,48.6129,-1687.67,OK,-98.6968,0.0416171,-1704.29,OK,-55.9395,44.4412,-1725.14,,364660732,Port:2,0,1773303278,868824163,Enabled,0.916523,0.0217958,0.0379748,0.397578,-107.325,261.63,-1642.29,0.147221,3,OK,-107.156,261.714,-1642.3,OK,-146.575,228.775,-1639.18,OK,-153.316,304.808,-1637.85,,364660732,Port:3,0,1773303278,868824163,Missing,,,,,,,,,4,Missing,,,,Missing,,,,Missing,,,,Missing,,,,,364660732,Port:65535,0,1773303278,868824163,Missing,,,,,,,,,0
4,,364660738,Port:1,0,1773303278,968824163,100000000,Enabled,0.624599,0.6311,-0.342479,0.307078,-85.1762,80.055,-1694.02,0.279425,4,OK,-85.007,80.0118,-1694.34,OK,-110.264,39.3954,-1678.49,OK,-88.7693,-7.85532,-1696.89,OK,-50.6487,39.1843,-1720.75,,364660738,Port:2,0,1773303278,968824163,Enabled,0.916481,0.0217676,0.0386467,0.397612,-107.326,261.632,-1642.33,0.144886,3,OK,-107.159,261.712,-1642.34,OK,-146.565,228.776,-1639.16,OK,-153.32,304.811,-1637.86,,364660738,Port:3,0,1773303278,968824163,Missing,,,,,,,,,4,Missing,,,,Missing,,,,Missing,,,,Missing,,,,,364660738,Port:65535,0,1773303278,968824163,Missing,,,,,,,,,0
4,,364660744,Port:1,0,1773303279,68824163,100000000,Enabled,0.618879,0.652576,-0.31312,0.305105,-82.6197,72.029,-1687.83,0.309792,4,OK,-82.4565,71.9916,-1688.19,OK,-104.737,29.8546,-1671.85,OK,-81.7338,-15.8897,-1692.2,OK,-47.3792,33.4888,-1716.89,,364660744,Port:2,0,1773303279,68824163,Enabled,0.91651,0.0222096,0.0381219,0.397571,-107.322,261.63,-1642.29,0.143958,3,OK,-107.154,261.709,-1642.3,OK,-146.569,228.783,-1639.18,OK,-153.312,304.804,-1637.8,,364660744,Port:3,0,1773303279,68824163,Missing,,,,,,,,,4,Missing,,,,Missing,,,,Missing,,,,Missing,,,,,364660744,Port:65535,0,1773303279,68824163,Missing,,,,,,,,,0
4,,364660750,Port:1,0,1773303279,168824163,150000003,Enabled,0.617165,0.671373,-0.279205,0.300683,-78.3621,65.8042,-1682.23,0.263261,4,OK,-78.2179,65.7903,-1682.52,OK,-97.374,22.4545,-1665.4,OK,-73.202,-21.9396,-1687.39,OK,-42.9018,29.3126,-1713.71,,364660750,Port:2,0,1773303279,168824163,Enabled,0.916506,0.0220121,0.0381635,0.397588,-107.328,261.632,-1642.31,0.146923,3,OK,-107.16,261.716,-1642.32,OK,-146.577,228.777,-1639.19,OK,-153.318,304.805,-1637.84,,364660750,Port:3,0,1773303279,168824163,Missing,,,,,,,,,4,Missing,,,,Missing,,,,Missing,,,,Missing,,,,,364660750,Port:65535,0,1773303279,168824163,Missing,,,,,,,,,0
4,,364660759,Port:1,0,1773303279,318824166,100000000,Enabled,0.620807,0.67459,-0.272241,0.292255,-73.9631,64.9581,-1680.19,0.31338,4,OK,-73.8023,64.9461,-1680.55,OK,-92.6156,21.6282,-1662.86,OK,-69.0617,-22.8115,-1685.46,OK,-39.3484,28.4314,-1712.43,,364660759,Port:2,0,1773303279,318824166,Enabled,0.916468,0.0219758,0.0385361,0.39764,-107.326,261.636,-1642.32,0.14616,3,OK,-107.16,261.718,-1642.33,OK,-146.565,228.772,-1639.16,OK,-153.319,304.81,-1637.83,,364660759,Port:3,0,1773303279,318824166,Missing,,,,,,,,,4,Missing,,,,Missing,,,,Missing,,,,Missing,,,,,364660759,Port:65535,0,1773303279,318824166,Missing,,,,,,,,,0
4,,364660765,Port:1,0,1773303279,418824166,100000000,Enabled,0.626265,0.661774,-0.294606,0.288192,-74.935,70.724,-1683.34,0.298508,4,OK,-74.7813,70.6894,-1683.69,OK,-95.9987,28.4605,-1666.21,OK,-73.8739,-17.2072,-1687.85,OK,-41.1676,32.3647,-1714.38,,364660765,Port:2,0,1773303279,418824166,Enabled,0.916456,0.0220309,0.0386719,0.397653,-107.326,261.636,-1642.33,0.151207,3,OK,-107.151,261.719,-1642.35,OK,-146.568,228.773,-1639.17,OK,-153.323,304.807,-1637.83,,364660765,Port:3,0,1773303279,418824166,Missing,,,,,,,,,4,Missing,,,,Missing,,,,Missing,,,,Missing,,,,,364660765,Port:65535,0,1773303279,418824166,Missing,,,,,,,,,0
4,,364660771,Port:1,0,1773303279,518824166,100000000,Enabled,0.632369,0.643738,-0.319342,0.289365,-77.2457,77.7362,-1688.2,0.295563,4,OK,-77.0835,77.6837,-1688.53,OK,-100.872,36.7562,-1671.23,OK,-80.0554,-10.2062,-1691.21,OK,-44.0581,37.3564,-1717.27,,364660771,Port:2,0,1773303279,518824166,Enabled,0.916523,0.0217733,0.0381389,0.397563,-107.325,261.634,-1642.29,0.147126,3,OK,-107.158,261.717,-1642.3,OK,-146.574,228.777,-1639.17,OK,-153.315,304.818,-1637.85,,364660771,Port:3,0,1773303279,518824166,Missing,,,,,,,,,4,Missing,,,,Missing,,,,Missing,,,,Missing,,,,,364660771,Port:65535,0,1773303279,518824166,Missing,,,,,,,,,0
4,,364660777,Port:1,0,1773303279,618824166,100000000,Enabled,0.637377,0.620475,-0.352796,0.290339,-79.581,85.9893,-1694.72,0.266551,4,OK,-79.4058,85.9246,-1695.01,OK,-106.476,46.7768,-1678.48,OK,-87.5172,-1.66225,-1696.47,OK,-47.3722,43.1911,-1721.34,,364660777,Port:2,0,1773303279,618824166,Enabled,0.9165,0.0217791,0.0380137,0.397628,-107.321,261.63,-1642.27,0.143995,3,OK,-107.152,261.708,-1642.28,OK,-146.565,228.778,-1639.16,OK,-153.321,304.803,-1637.83,,364660777,Port:3,0,1773303279,618824166,Missing,,,,,,,,,4,Missing,,,,Missing,,,,Missing,,,,Missing,,,,,364660777,Port:65535,0,1773303279,618824166,Missing,,,,,,,,,0
4,,364660783,Port:1,0,1773303279,718824166,100000000,Enabled,0.640837,0.587347,-0.400465,0.289793,-81.5943,97.2008,-1703.62,0.250901,4,OK,-81.4298,97.1083,-1703.88,OK,-112.851,60.7573,-1688.94,OK,-96.8637,10.5367,-1704.66,OK,-51.2828,51.2567,-1726.98,,364660783,Port:2,0,1773303279,718824166,Enabled,0.916467,0.0220299,0.0385461,0.397639,-107.324,261.632,-1642.31,0.145167,3,OK,-107.156,261.713,-1642.33,OK,-146.563,228.774,-1639.16,OK,-153.318,304.802,-1637.82,,364660783,Port:3,0,1773303279,718824166,Missing,,,,,,,,,4,Missing,,,,Missing,,,,Missing,,,,Missing,,,,,364660783,Port:65535,0,1773303279,718824166,Missing,,,,,,,,,0
4,,364660789,Port:1,0,1773303279,818824166,150000000,Enabled,0.641881,0.548332,-0.448795,0.293091,-83.7646,109.661,-1714.94,0.264217,4,OK,-83.5961,109.554,-1715.22,OK,-119.152,76.3712,-1702.27,OK,-106.255,24.5796,-1715.43,OK,-55.5634,60.693,-1734.5,,364660789,Port:2,0,1773303279,818824166,Enabled,0.916482,0.0219007,0.0385192,0.397614,-107.327,261.635,-1642.3,0.145789,3,OK,-107.16,261.716,-1642.32,OK,-146.567,228.775,-1639.15,OK,-153.319,304.813,-1637.83,,364660789,Port:3,0,1773303279,818824166,Missing,,,,,,,,,4,Missing,,,,Missing,,,,Missing,,,,Missing,,,,,364660789,Port:65535,0,1773303279,818824166,Missing,,,,,,,,,0
4,,364660798,Port:1,0,1773303279,968824166,100000000,Enabled,0.642258,0.497578,-0.501129,0.297979,-83.347,125.259,-1730.27,0.250748,4,OK,-83.1808,125.133,-1730.52,OK,-122.898,96.0394,-1720.22,OK,-113.955,42.7721,-1730.17,OK,-58.3244,73.0155,-1745.11,,364660798,Port:2,0,1773303279,968824166,Enabled,0.916469,0.0219109,0.0383314,0.397662,-107.32,261.638,-1642.3,0.144886,3,OK,-107.153,261.716,-1642.31,OK,-146.558,228.776,-1639.16,OK,-153.319,304.811,-1637.83,,364660798,Port:3,0,1773303279,968824166,Missing,,,,,,,,,4,Missing,,,,Missing,,,,Missing,,,,Missing,,,,,364660798,Port:65535,0,1773303279,968824166,Missing,,,,,,,,,0
4,,364660804,Port:1,0,1773303280,68824166,100000000,Enabled,0.646577,0.471306,-0.518288,0.301971,-81.2935,132.514,-1738.19,0.227288,4,OK,-81.1418,132.386,-1738.4,OK,-122.348,105.253,-1728.76,OK,-115.289,51.37,-1736.67,OK,-57.9132,78.8396,-1750.46,,364660804,Port:2,0,1773303280,68824166,Enabled,0.91649,0.0221228,0.0383618,0.397599,-107.325,261.632,-1642.31,0.145226,3,OK,-107.16,261.717,-1642.33,OK,-146.57,228.777,-1639.18,OK,-153.313,304.804,-1637.82,,364660804,Port:3,0,1773303280,68824166,Missing,,,,,,,,,4,Missing,,,,Missing,,,,Missing,,,,Missing,,,,,364660804,Port:65535,0,1773303280,68824166,Missing,,,,,,,,,0
4,,364660810,Port:1,0,1773303280,168824166,99999999,Enabled,0.646772,0.449746,-0.535514,0.304367,-79.3528,137.712,-1744.28,0.234078,4,OK,-79.2068,137.581,-1744.49,OK,-121.668,112.116,-1735.86,OK,-116.278,57.8629,-1742.48,OK,-57.4851,82.9979,-1754.59,,364660810,Port:2,0,1773303280,168824166,Enabled,0.916437,0.0218174,0.0389432,0.397681,-107.325,261.636,-1642.32,0.145758,3,OK,-107.16,261.72,-1642.33,OK,-146.557,228.768,-1639.12,OK,-153.319,304.807,-1637.83,,364660810,Port:3,0,1773303280,168824166,Missing,,,,,,,,,4,Missing,,,,Missing,,,,Missing,,,,Missing,,,,,364660810,Port:65535,0,1773303280,168824166,Missing,,,,,,,,,0
4,,364660816,Port:1,0,1773303280,268824165,100000000,Enabled,0.646002,0.426615,-0.553073,0.307883,-77.229,142.451,-1750.9,0.192161,4,OK,-77.0947,142.306,-1751.05,OK,-120.741,118.549,-1743.75,OK,-117.037,64.0356,-1748.85,OK,-56.9439,86.7674,-1759.17,,364660816,Port:2,0,1773303280,268824165,Enabled,0.916494,0.0220509,0.0384816,0.397583,-107.322,261.631,-1642.31,0.144419,3,OK,-107.154,261.709,-1642.33,OK,-146.565,228.78,-1639.17,OK,-153.313,304.808,-1637.82,,364660816,Port:3,0,1773303280,268824165,Missing,,,,,,,,,4,Missing,,,,Missing,,,,Missing,,,,Missing,,,,,364660816,Port:65535,0,1773303280,268824165,Missing,,,,,,,,,0
4,,364660822,Port:1,0,1773303280,368824165,150000000,Enabled,0.643421,0.403192,-0.572438,0.309452,-74.7434,147.299,-1756.97,0.182307,4,OK,-74.613,147.148,-1757.09,OK,-119.408,125.211,-1751.35,OK,-117.632,70.5323,-1755.32,OK,-56.3441,90.7327,-1763.4,,364660822,Port:2,0,1773303280,368824165,Enabled,0.916453,0.0219972,0.0389842,0.397632,-107.325,261.632,-1642.34,0.149434,3,OK,-107.154,261.717,-1642.36,OK,-146.565,228.772,-1639.15,OK,-153.317,304.804,-1637.83,,364660822,Port:3,0,1773303280,368824165,Missing,,,,,,,,,4,Missing,,,,Missing,,,,Missing,,,,Missing,,,,,364660822,Port:65535,0,1773303280,368824165,Missing,,,,,,,,,0
4,,364660831,Port:1,0,1773303280,518824165,100000000,Enabled,0.639168,0.379029,-0.591666,0.312621,-72.6237,152.318,-1764.45,0.163837,4,OK,-72.5039,152.178,-1764.54,OK,-118.282,131.97,-1760.56,OK,-118.348,77.1927,-1763.41,OK,-56.0363,94.9879,-1768.96,,364660831,Port:2,0,1773303280,518824165,Enabled,0.916483,0.0219214,0.0382413,0.397637,-107.324,261.635,-1642.32,0.145281,3,OK,-107.155,261.713,-1642.33,OK,-146.564,228.777,-1639.19,OK,-153.322,304.811,-1637.85,,364660831,Port:3,0,1773303280,518824165,Missing,,,,,,,,,4,Missing,,,,Missing,,,,Missing,,,,Missing,,,,,364660831,Port:65535,0,1773303280,518824165,Missing,,,,,,,,,0
4,,364660837,Port:1,0,1773303280,618824165,99999999,Enabled,0.63744,0.37015,-0.598753,0.313295,-71.7695,154.138,-1767.08,0.161594,4,OK,-71.6386,153.997,-1767.17,OK,-117.775,134.454,-1763.87,OK,-118.547,79.6557,-1766.35,OK,-55.9198,96.559,-1770.95,,364660837,Port:2,0,1773303280,618824165,Enabled,0.916471,0.0217532,0.0385495,0.397646,-107.322,261.637,-1642.32,0.148121,3,OK,-107.151,261.719,-1642.33,OK,-146.562,228.775,-1639.16,OK,-153.319,304.812,-1637.86,,364660837,Port:3,0,1773303280,618824165,Missing,,,,,,,,,4,Missing,,,,Missing,,,,Missing,,,,Missing,,,,,364660837,Port:65535,0,1773303280,618824165,Missing,,,,,,,,,0
4,,364660843,Port:1,0,1773303280,718824164,100000001,Enabled,0.635672,0.367003,-0.602009,0.314349,-71.8992,154.522,-1768.12,0.164383,4,OK,-71.7761,154.391,-1768.22,OK,-117.99,135.013,-1765.26,OK,-118.967,80.2124,-1767.68,OK,-56.2298,96.873,-1771.72,,364660843,Port:2,0,1773303280,718824164,Enabled,0.916478,0.0220418,0.0384109,0.397626,-107.321,261.632,-1642.3,0.146033,3,OK,-107.151,261.713,-1642.32,OK,-146.563,228.777,-1639.16,OK,-153.315,304.803,-1637.82,,364660843,Port:3,0,1773303280,718824164,Missing,,,,,,,,,4,Missing,,,,Missing,,,,Missing,,,,Missing,,,,,364660843,Port:65535,0,1773303280,718824164,Missing,,,,,,,,,0
4,,364660849,Port:1,0,1773303280,818824165,100000000,Enabled,0.633646,0.366033,-0.60334,0.317007,-72.4813,154.248,-1768.9,0.158018,4,OK,-72.3558,154.104,-1768.96,OK,-118.551,134.624,-1766.34,OK,-119.348,79.8387,-1768.59,OK,-56.6523,96.6319,-1772.29,,364660849,Port:2,0,1773303280,818824165,Enabled,0.916461,0.0220806,0.0385107,0.397654,-107.323,261.635,-1642.32,0.147186,3,OK,-107.151,261.716,-1642.34,OK,-146.563,228.776,-1639.17,OK,-153.32,304.805,-1637.83,,364660849,Port:3,0,1773303280,818824165,Missing,,,,,,,,,4,Missing,,,,Missing,,,,Missing,,,,Missing,,,,,364660849,Port:65535,0,1773303280,818824165,Missing,,,,,,,,,0
4,,364660855,Port:1,0,1773303280,918824165,150000000,Enabled,0.633724,0.351812,-0.610653,0.318943,-70.3869,156.796,-1772.99,0.154009,4,OK,-70.2635,156.65,-1773.04,OK,-116.888,138.14,-1771.05,OK,-118.755,83.35,-1772.44,OK,-55.6564,98.8269,-1775.18,,364660855,Port:2,0,1773303280,918824165,Enabled,0.916467,0.0219488,0.0384527,0.397653,-107.327,261.634,-1642.33,0.149254,3,OK,-107.154,261.716,-1642.34,OK,-146.571,228.775,-1639.18,OK,-153.325,304.801,-1637.85,,364660855,Port:3,0,1773303280,918824165,Missing,,,,,,,,,4,Missing,,,,Missing,,,,Missing,,,,Missing,,,,,364660855,Port:65535,0,1773303280,918824165,Missing,,,,,,,,,0
4,,364660864,Port:1,0,1773303281,68824165,100000000,Enabled,0.634573,0.325048,-0.62436,0.319118,-64.9112,161.24,-1779.55,0.15159,4,OK,-64.7961,161.084,-1779.57,OK,-112.208,144.614,-1778.76,OK,-116.385,89.9518,-1778.77,OK,-52.631,102.666,-1779.8,,364660864,Port:2,0,1773303281,68824165,Enabled,0.916457,0.022037,0.0386189,0.397655,-107.322,261.629,-1642.32,0.148987,3,OK,-107.15,261.713,-1642.34,OK,-146.564,228.769,-1639.16,OK,-153.318,304.796,-1637.82,,364660864,Port:3,0,1773303281,68824165,Missing,,,,,,,,,4,Missing,,,,Missing,,,,Missing,,,,Missing,,,,,364660864,Port:65535,0,1773303281,68824165,Missing,,,,,,,,,0
4,,364660870,Port:1,0,1773303281,168824165,99999998,Enabled,0.631424,0.311994,-0.634021,0.319344,-62.5366,162.943,-1782.6,0.141904,4,OK,-62.4238,162.802,-1782.62,OK,-110.168,147.286,-1782.83,OK,-115.45,92.7104,-1782.5,OK,-51.4573,104.115,-1782.05,,364660870,Port:2,0,1773303281,168824165,Enabled,0.91649,0.0218929,0.0386126,0.397586,-107.32,261.629,-1642.32,0.14547,3,OK,-107.153,261.71,-1642.33,OK,-146.562,228.774,-1639.15,OK,-153.31,304.808,-1637.84,,364660870,Port:3,0,1773303281,168824165,Missing,,,,,,,,,4,Missing,,,,Missing,,,,Missing,,,,Missing,,,,,364660870,Port:65535,0,1773303281,168824165,Missing,,,,,,,,,0
4,,364660876,Port:1,0,1773303281,268824163,100000000,Enabled,0.630403,0.308311,-0.63543,0.322125,-63.0714,163.327,-1783.79,0.148537,4,OK,-62.9513,163.186,-1783.78,OK,-110.735,147.722,-1784.28,OK,-116.085,93.1818,-1783.58,OK,-52.0724,104.49,-1782.78,,364660876,Port:2,0,1773303281,268824163,Enabled,0.916481,0.0219554,0.038341,0.39763,-107.325,261.634,-1642.33,0.147621,3,OK,-107.154,261.714,-1642.34,OK,-146.567,228.773,-1639.19,OK,-153.321,304.81,-1637.85,,364660876,Port:3,0,1773303281,268824163,Missing,,,,,,,,,4,Missing,,,,Missing,,,,Missing,,,,Missing,,,,,364660876,Port:65535,0,1773303281,268824163,Missing,,,,,,,,,0
4,,364660882,Port:1,0,1773303281,368824163,100000000,Enabled,0.628956,0.30934,-0.636874,0.321113,-63.0914,162.936,-1783.6,0.145566,4,OK,-62.9739,162.801,-1783.61,OK,-110.74,147.324,-1784.27,OK,-116.091,92.787,-1783.84,OK,-52.1091,104.096,-1782.82,,364660882,Port:2,0,1773303281,368824163,Enabled,0.916449,0.0221974,0.038938,0.397633,-107.326,261.629,-1642.34,0.145389,3,OK,-107.157,261.71,-1642.36,OK,-146.564,228.774,-1639.16,OK,-153.317,304.795,-1637.81,,364660882,Port:3,0,1773303281,368824163,Missing,,,,,,,,,4,Missing,,,,Missing,,,,Missing,,,,Missing,,,,,364660882,Port:65535,0,1773303281,368824163,Missing,,,,,,,,,0
4,,364660888,Port:1,0,1773303281,468824163,100000000,Enabled,0.629679,0.30347,-0.637949,0.323159,-62.1116,163.551,-1785.27,0.152193,4,OK,-61.9866,163.41,-1785.27,OK,-109.858,148.215,-1786.05,OK,-115.54,93.7237,-1785.11,OK,-51.4825,104.663,-1783.85,,364660888,Port:2,0,1773303281,468824163,Enabled,0.91648,0.0222493,0.0384239,0.397609,-107.323,261.631,-1642.33,0.150149,3,OK,-107.148,261.713,-1642.34,OK,-146.57,228.774,-1639.19,OK,-153.315,304.802,-1637.82,,364660888,Port:3,0,1773303281,468824163,Missing,,,,,,,,,4,Missing,,,,Missing,,,,Missing,,,,Missing,,,,,364660888,Port:65535,0,1773303281,468824163,Missing,,,,,,,,,0
4,,364660894,Port:1,0,1773303281,568824163,150000000,Enabled,0.628726,0.292909,-0.643257,0.324233,-60.1892,164.968,-1787.78,0.143082,4,OK,-60.0739,164.838,-1787.76,OK,-108.131,150.328,-1789.15,OK,-114.646,95.934,-1787.7,OK,-50.4549,105.94,-1785.59,,364660894,Port:2,0,1773303281,568824163,Enabled,0.916477,0.0218884,0.0385241,0.397625,-107.324,261.629,-1642.31,0.146253,3,OK,-107.157,261.712,-1642.32,OK,-146.565,228.769,-1639.15,OK,-153.316,304.803,-1637.83,,364660894,Port:3,0,1773303281,568824163,Missing,,,,,,,,,4,Missing,,,,Missing,,,,Missing,,,,Missing,,,,,364660894,Port:65535,0,1773303281,568824163,Missing,,,,,,,,,0
4,,364660903,Port:1,0,1773303281,718824163,100000000,Enabled,0.630992,0.277521,-0.647133,0.325654,-56.8626,166.952,-1791.87,0.147382,4,OK,-56.7527,166.807,-1791.86,OK,-105.088,153.326,-1793.56,OK,-112.81,99.1282,-1791.14,OK,-48.4548,107.794,-1788.38,,364660903,Port:2,0,1773303281,718824163,Enabled,0.916489,0.0218434,0.0383151,0.397622,-107.324,261.635,-1642.31,0.151026,3,OK,-107.149,261.718,-1642.32,OK,-146.572,228.778,-1639.17,OK,-153.321,304.808,-1637.85,,364660903,Port:3,0,1773303281,718824163,Missing,,,,,,,,,4,Missing,,,,Missing,,,,Missing,,,,Missing,,,,,364660903,Port:65535,0,1773303281,718824163,Missing,,,,,,,,,0
4,,364660909,Port:1,0,1773303281,818824163,100000000,Enabled,0.638188,0.244491,-0.650517,0.331313,-50.1376,169.792,-1799.8,0.138729,4,OK,-50.0432,169.654,-1799.75,OK,-98.8576,158.13,-1801.83,OK,-108.932,104.479,-1796.78,OK,-44.3183,110.575,-1793.17,,364660909,Port:2,0,1773303281,818824163,Enabled,0.916482,0.02165,0.0385594,0.397624,-107.32,261.625,-1642.3,0.148684,3,OK,-107.15,261.707,-1642.32,OK,-146.561,228.761,-1639.14,OK,-153.316,304.808,-1637.85,,364660909,Port:3,0,1773303281,818824163,Missing,,,,,,,,,4,Missing,,,,Missing,,,,Missing,,,,Missing,,,,,364660909,Port:65535,0,1773303281,818824163,Missing,,,,,,,,,0
4,,364660915,Port:1,0,1773303281,918824163,100000000,Enabled,0.646133,0.199876,-0.65264,0.341502,-42.0871,172.73,-1810.83,0.133711,4,OK,-41.9877,172.612,-1810.78,OK,-91.2923,163.411,-1813.41,OK,-104.288,110.851,-1804.83,OK,-39.5276,113.926,-1799.79,,364660915,Port:2,0,1773303281,918824163,Enabled,0.916505,0.0219245,0.0379767,0.397612,-107.319,261.627,-1642.29,0.145651,3,OK,-107.147,261.703,-1642.31,OK,-146.564,228.774,-1639.19,OK,-153.318,304.805,-1637.84,,364660915,Port:3,0,1773303281,918824163,Missing,,,,,,,,,4,Missing,,,,Missing,,,,Missing,,,,Missing,,,,,364660915,Port:65535,0,1773303281,918824163,Missing,,,,,,,,,0
4,,364660921,Port:1,0,1773303282,18824163,100000000,Enabled,0.63751,0.154382,-0.670439,0.346784,-33.4185,175.277,-1820.9,0.135664,4,OK,-33.3258,175.172,-1820.83,OK,-82.8136,168.418,-1826.41,OK,-99.2043,117.124,-1816.2,OK,-34.84,117.034,-1806.89,,364660921,Port:2,0,1773303282,18824163,Enabled,0.916414,0.0222777,0.0393692,0.397667,-107.324,261.634,-1642.37,0.151216,3,OK,-107.152,261.724,-1642.38,OK,-146.561,228.769,-1639.14,OK,-153.312,304.796,-1637.8,,364660921,Port:3,0,1773303282,18824163,Missing,,,,,,,,,4,Missing,,,,Missing,,,,Missing,,,,Missing,,,,,364660921,Port:65535,0,1773303282,18824163,Missing,,,,,,,,,0
4,,364660927,Port:1,0,1773303282,118824163,150000002,Enabled,0.630379,0.114096,-0.686186,0.344605,-23.5575,177.596,-1829.24,0.144866,4,OK,-23.4669,177.486,-1829.18,OK,-72.9069,173.301,-1837.36,OK,-92.7425,123.421,-1826.42,OK,-29.1013,120.068,-1813.36,,364660927,Port:2,0,1773303282,118824163,Enabled,0.916487,0.0217088,0.0382971,0.397635,-107.324,261.623,-1642.3,0.142537,3,OK,-107.159,261.702,-1642.31,OK,-146.562,228.767,-1639.16,OK,-153.32,304.799,-1637.85,,364660927,Port:3,0,1773303282,118824163,Missing,,,,,,,,,4,Missing,,,,Missing,,,,Missing,,,,Missing,,,,,364660927,Port:65535,0,1773303282,118824163,Missing,,,,,,,,,0
4,,364660936,Port:1,0,1773303282,268824165,100000000,Enabled,0.623249,0.0588815,-0.699202,0.345268,-10.3567,179.878,-1841.6,0.166821,4,OK,-10.2719,179.762,-1841.5,OK,-59.3112,178.607,-1852.77,OK,-83.4561,131.038,-1840.26,OK,-21.134,123.974,-1822.86,,364660936,Port:2,0,1773303282,268824165,Enabled,0.916476,0.0221011,0.0383812,0.397631,-107.324,261.63,-1642.33,0.148855,3,OK,-107.15,261.711,-1642.34,OK,-146.568,228.772,-1639.19,OK,-153.32,304.801,-1637.83,,364660936,Port:3,0,1773303282,268824165,Missing,,,,,,,,,4,Missing,,,,Missing,,,,Missing,,,,Missing,,,,,364660936,Port:65535,0,1773303282,268824165,Missing,,,,,,,,,0
4,,364660942,Port:1,0,1773303282,368824165,100000000,Enabled,0.620261,0.0486593,-0.702479,0.345589,-8.05904,180.472,-1843.95,0.162321,4,OK,-7.97122,180.379,-1843.85,OK,-56.8485,179.675,-1855.86,OK,-81.771,132.539,-1843.22,OK,-19.8099,124.883,-1824.78,,364660942,Port:2,0,1773303282,368824165,Enabled,0.91646,0.0219648,0.0385736,0.397656,-107.318,261.629,-1642.3,0.14802,3,OK,-107.146,261.707,-1642.31,OK,-146.557,228.766,-1639.14,OK,-153.318,304.804,-1637.81,,364660942,Port:3,0,1773303282,368824165,Missing,,,,,,,,,4,Missing,,,,Missing,,,,Missing,,,,Missing,,,,,364660942,Port:65535,0,1773303282,368824165,Missing,,,,,,,,,0
4,,364660948,Port:1,0,1773303282,468824165,100000000,Enabled,0.62047,0.066572,-0.699675,0.347908,-13.4384,180.185,-1840.36,0.177748,4,OK,-13.3638,180.081,-1840.23,OK,-62.3788,178.227,-1851.55,OK,-85.7419,130.185,-1839.27,OK,-23.3054,123.957,-1821.98,,364660948,Port:2,0,1773303282,468824165,Enabled,0.916449,0.0218718,0.0388384,0.397662,-107.321,261.631,-1642.32,0.145778,3,OK,-107.156,261.715,-1642.33,OK,-146.556,228.766,-1639.14,OK,-153.314,304.803,-1637.83,,364660948,Port:3,0,1773303282,468824165,Missing,,,,,,,,,4,Missing,,,,Missing,,,,Missing,,,,Missing,,,,,364660948,Port:65535,0,1773303282,468824165,Missing,,,,,,,,,0
4,,364660954,Port:1,0,1773303282,568824165,100000000,Enabled,0.621849,0.100621,-0.69649,0.34363,-21.0355,179.787,-1833.27,0.143873,4,OK,-20.9422,179.684,-1833.22,OK,-70.1305,176.194,-1842.99,OK,-91.1655,126.759,-1832.46,OK,-28.0559,122.488,-1817.22,,364660954,Port:2,0,1773303282,568824165,Enabled,0.916473,0.0217814,0.0383554,0.397657,-107.321,261.633,-1642.3,0.148145,3,OK,-107.149,261.713,-1642.31,OK,-146.563,228.774,-1639.16,OK,-153.322,304.804,-1637.84,,364660954,Port:3,0,1773303282,568824165,Missing,,,,,,,,,4,Missing,,,,Missing,,,,Missing,,,,Missing,,,,,364660954,Port:65535,0,1773303282,568824165,Missing,,,,,,,,,0
4,,364660960,Port:1,0,1773303282,668824165,150000000,Enabled,0.62912,0.131044,-0.687029,0.339155,-27.4873,179.013,-1826.48,0.147446,4,OK,-27.3894,178.914,-1826.39,OK,-76.8294,174.1,-1834.26,OK,-95.7166,123.592,-1824.56,OK,-31.903,120.956,-1812.29,,364660960,Port:2,0,1773303282,668824165,Enabled,0.916457,0.0220639,0.0385532,0.397659,-107.324,261.636,-1642.33,0.147442,3,OK,-107.156,261.719,-1642.34,OK,-146.563,228.771,-1639.18,OK,-153.319,304.807,-1637.83,,364660960,Port:3,0,1773303282,668824165,Missing,,,,,,,,,4,Missing,,,,Missing,,,,Missing,,,,Missing,,,,,364660960,Port:65535,0,1773303282,668824165,Missing,,,,,,,,,0
4,,364660969,Port:1,0,1773303282,818824165,100000000,Enabled,0.631998,0.186397,-0.677396,0.327061,-37.2881,176.734,-1813.66,0.150632,4,OK,-37.1867,176.617,-1813.56,OK,-86.5867,169.306,-1819.14,OK,-101.89,117.083,-1812.48,OK,-37.456,117.638,-1804.01,,364660969,Port:2,0,1773303282,818824165,Enabled,0.916465,0.0222648,0.0385859,0.397628,-107.324,261.637,-1642.34,0.147288,3,OK,-107.154,261.721,-1642.36,OK,-146.567,228.781,-1639.19,OK,-153.314,304.803,-1637.82,,364660969,Port:3,0,1773303282,818824165,Missing,,,,,,,,,4,Missing,,,,Missing,,,,Missing,,,,Missing,,,,,364660969,Port:65535,0,1773303282,818824165,Missing,,,,,,,,,0
4,,364660975,Port:1,0,1773303282,918824165,100000000,Enabled,0.635885,0.226425,-0.660852,0.32811,-45.548,173.168,-1805.52,0.139004,4,OK,-45.4387,173.067,-1805.46,OK,-94.548,162.978,-1808.75,OK,-106.407,109.748,-1803.38,OK,-41.7776,113.854,-1798.14,,364660975,Port:2,0,1773303282,918824165,Enabled,0.916467,0.0221381,0.0387613,0.397613,-107.326,261.628,-1642.32,0.147689,3,OK,-107.156,261.713,-1642.33,OK,-146.568,228.771,-1639.15,OK,-153.314,304.798,-1637.8,,364660975,Port:3,0,1773303282,918824165,Missing,,,,,,,,,4,Missing,,,,Missing,,,,Missing,,,,Missing,,,,,364660975,Port:65535,0,1773303282,918824165,Missing,,,,,,,,,0
4,,364660981,Port:1,0,1773303283,18824165,100000000,Enabled,0.644029,0.277549,-0.630474,0.33271,-57.7747,167.524,-1794.91,0.14145,4,OK,-57.6564,167.404,-1794.87,OK,-105.889,153.411,-1794.61,OK,-112.992,99.2215,-1790.41,OK,-48.6413,108.552,-1790.13,,364660981,Port:2,0,1773303283,18824165,Enabled,0.916438,0.0221257,0.0390579,0.397651,-107.33,261.638,-1642.35,0.149865,3,OK,-107.159,261.722,-1642.37,OK,-146.567,228.771,-1639.15,OK,-153.322,304.811,-1637.82,,364660981,Port:3,0,1773303283,18824165,Missing,,,,,,,,,4,Missing,,,,Missing,,,,Missing,,,,Missing,,,,,364660981,Port:65535,0,1773303283,18824165,Missing,,,,,,,,,0
4,,364660987,Port:1,0,1773303283,118824165,99999999,Enabled,0.647658,0.315767,-0.607714,0.333936,-64.9686,161.677,-1785.91,0.137621,4,OK,-64.8446,161.559,-1785.92,OK,-112.049,144.668,-1783.26,OK,-115.699,90.0276,-1780.47,OK,-52.1053,103.267,-1783.54,,364660987,Port:2,0,1773303283,118824165,Enabled,0.916491,0.0219276,0.0382389,0.397619,-107.319,261.629,-1642.28,0.14504,3,OK,-107.15,261.708,-1642.3,OK,-146.562,228.775,-1639.16,OK,-153.315,304.802,-1637.82,,364660987,Port:3,0,1773303283,118824165,Missing,,,,,,,,,4,Missing,,,,Missing,,,,Missing,,,,Missing,,,,,364660987,Port:65535,0,1773303283,118824165,Missing,,,,,,,,,0
4,,364660993,Port:1,0,1773303283,218824164,100000000,Enabled,0.64731,0.343317,-0.592175,0.335338,-69.6965,156.569,-1778.88,0.13787,4,OK,-69.5722,156.441,-1778.87,OK,-115.847,137.391,-1774.96,OK,-116.918,82.5595,-1773.32,OK,-54.125,98.7688,-1778.45,,364660993,Port:2,0,1773303283,218824164,Enabled,0.916518,0.0217555,0.0378543,0.397603,-107.32,261.629,-1642.27,0.145168,3,OK,-107.155,261.711,-1642.28,OK,-146.566,228.771,-1639.18,OK,-153.315,304.81,-1637.84,,364660993,Port:3,0,1773303283,218824164,Missing,,,,,,,,,4,Missing,,,,Missing,,,,Missing,,,,Missing,,,,,364660993,Port:65535,0,1773303283,218824164,Missing,,,,,,,,,0
4,,364660999,Port:1,0,1773303283,318824164,150000000,Enabled,0.649058,0.382073,-0.564086,0.338454,-76.9652,149.446,-1769.92,0.167285,4,OK,-76.8361,149.331,-1770.03,OK,-121.381,127.044,-1763.59,OK,-118.685,72.2504,-1763.69,OK,-57.5319,92.8624,-1772.01,,364660999,Port:2,0,1773303283,318824164,Enabled,0.916469,0.0220191,0.0386855,0.397623,-107.327,261.633,-1642.33,0.146713,3,OK,-107.155,261.711,-1642.34,OK,-146.566,228.777,-1639.16,OK,-153.322,304.809,-1637.83,,364660999,Port:3,0,1773303283,318824164,Missing,,,,,,,,,4,Missing,,,,Missing,,,,Missing,,,,Missing,,,,,364660999,Port:65535,0,1773303283,318824164,Missing,,,,,,,,,0
4,,364661008,Port:1,0,1773303283,468824164,100000000,Enabled,0.649859,0.440181,-0.516559,0.342185,-85.1419,135.301,-1754.02,0.190699,4,OK,-85.0026,135.197,-1754.18,OK,-126.136,108.061,-1744.37,OK,-117.764,53.8774,-1747.18,OK,-60.2418,81.2498,-1760.43,,364661008,Port:2,0,1773303283,468824164,Enabled,0.916445,0.0217748,0.0390954,0.397651,-107.33,261.634,-1642.36,0.151361,3,OK,-107.156,261.716,-1642.37,OK,-146.567,228.767,-1639.14,OK,-153.327,304.812,-1637.86,,364661008,Port:3,0,1773303283,468824164,Missing,,,,,,,,,4,Missing,,,,Missing,,,,Missing,,,,Missing,,,,,364661008,Port:65535,0,1773303283,468824164,Missing,,,,,,,,,0
4,,364661014,Port:1,0,1773303283,568824164,100000000,Enabled,0.643406,0.469109,-0.501652,0.3381,-86.9269,126.18,-1744.4,0.188711,4,OK,-86.7779,126.087,-1744.56,OK,-126.378,96.884,-1734.37,OK,-115.876,43.2249,-1739.51,OK,-60.0695,73.5257,-1753.74,,364661014,Port:2,0,1773303283,568824164,Enabled,0.916442,0.0220477,0.0389373,0.397658,-107.325,261.633,-1642.33,0.149938,3,OK,-107.152,261.717,-1642.35,OK,-146.563,228.769,-1639.14,OK,-153.32,304.803,-1637.82,,364661014,Port:3,0,1773303283,568824164,Missing,,,,,,,,,4,Missing,,,,Missing,,,,Missing,,,,Missing,,,,,364661014,Port:65535,0,1773303283,568824164,Missing,,,,,,,,,0
4,,364661020,Port:1,0,1773303283,668824164,100000000,Enabled,0.639857,0.50372,-0.47256,0.336951,-89.6942,115.829,-1734.14,0.238015,4,OK,-89.5393,115.766,-1734.38,OK,-126.605,83.8077,-1722.7,OK,-113.113,31.0806,-1730.23,OK,-60.2058,65.2717,-1746.6,,364661020,Port:2,0,1773303283,668824164,Enabled,0.916501,0.0219475,0.038308,0.397589,-107.324,261.635,-1642.31,0.14755,3,OK,-107.157,261.721,-1642.33,OK,-146.572,228.778,-1639.18,OK,-153.312,304.81,-1637.84,,364661020,Port:3,0,1773303283,668824164,Missing,,,,,,,,,4,Missing,,,,Missing,,,,Missing,,,,Missing,,,,,364661020,Port:65535,0,1773303283,668824164,Missing,,,,,,,,,0
4,,364661026,Port:1,0,1773303283,768824164,100000000,Enabled,0.636054,0.52309,-0.454971,0.338842,-91.386,108.725,-1728.52,0.231534,4,OK,-91.2349,108.652,-1728.75,OK,-126.604,75.0676,-1716.5,OK,-111.193,23.029,-1725.23,OK,-60.2538,59.6175,-1742.65,,364661026,Port:2,0,1773303283,768824164,Enabled,0.916481,0.0221695,0.038497,0.397604,-107.323,261.625,-1642.31,0.149691,3,OK,-107.151,261.712,-1642.32,OK,-146.57,228.769,-1639.16,OK,-153.311,304.794,-1637.8,,364661026,Port:3,0,1773303283,768824164,Missing,,,,,,,,,4,Missing,,,,Missing,,,,Missing,,,,Missing,,,,,364661026,Port:65535,0,1773303283,768824164,Missing,,,,,,,,,0
4,,364661032,Port:1,0,1773303283,868824164,150000000,Enabled,0.632749,0.536785,-0.445271,0.336488,-91.909,103.969,-1724.06,0.253556,4,OK,-91.7338,103.91,-1724.32,OK,-126.14,69.325,-1711.86,OK,-109.789,17.8201,-1721.79,OK,-60.0306,55.8132,-1739.65,,364661032,Port:2,0,1773303283,868824164,Enabled,0.916466,0.0217033,0.0386789,0.397647,-107.323,261.634,-1642.31,0.147456,3,OK,-107.154,261.718,-1642.32,OK,-146.562,228.773,-1639.13,OK,-153.317,304.807,-1637.85,,364661032,Port:3,0,1773303283,868824164,Missing,,,,,,,,,4,Missing,,,,Missing,,,,Missing,,,,Missing,,,,,364661032,Port:65535,0,1773303283,868824164,Missing,,,,,,,,,0
4,,364661041,Port:1,0,1773303284,18824164,100000000,Enabled,0.630905,0.552217,-0.428619,0.336602,-92.1461,98.5737,-1719.8,0.240755,4,OK,-91.9746,98.519,-1720.05,OK,-124.845,62.7028,-1706.98,OK,-107.102,11.8636,-1717.92,OK,-59.19,51.6516,-1736.85,,364661041,Port:2,0,1773303284,18824164,Enabled,0.916493,0.0218964,0.0383142,0.39761,-107.324,261.626,-1642.29,0.147445,3,OK,-107.154,261.71,-1642.3,OK,-146.569,228.769,-1639.15,OK,-153.316,304.8,-1637.82,,364661041,Port:3,0,1773303284,18824164,Missing,,,,,,,,,4,Missing,,,,Missing,,,,Missing,,,,Missing,,,,,364661041,Port:65535,0,1773303284,18824164,Missing,,,,,,,,,0
4,,364661047,Port:1,0,1773303284,118824164,100000001,Enabled,0.626204,0.566877,-0.417491,0.334994,-92.6969,93.2982,-1715.44,0.240523,4,OK,-92.531,93.2471,-1715.69,OK,-124.166,56.3744,-1702.57,OK,-105.355,6.21016,-1714.79,OK,-58.9364,47.5509,-1734.01,,364661047,Port:2,0,1773303284,118824164,Enabled,0.916465,0.0223437,0.0383769,0.397644,-107.325,261.637,-1642.33,0.144657,3,OK,-107.158,261.719,-1642.35,OK,-146.565,228.78,-1639.21,OK,-153.318,304.803,-1637.81,,364661047,Port:3,0,1773303284,118824164,Missing,,,,,,,,,4,Missing,,,,Missing,,,,Missing,,,,Missing,,,,,364661047,Port:65535,0,1773303284,118824164,Missing,,,,,,,,,0
4,,364661053,Port:1,0,1773303284,218824165,-1.7733E+18,Enabled,0.623272,0.573038,-0.415663,0.33224,-92.5705,90.6185,-1713.41,0.274111,4,OK,-92.396,90.5291,-1713.7,OK,-123.757,53.3676,-1700.72,OK,-104.738,3.46383,-1713.74,OK,-58.663,45.3239,-1732.76,,364661053,Port:2,0,1773303284,218824165,Enabled,0.916471,0.0220591,0.0384801,0.397634,-107.323,261.632,-1642.31,0.146499,3,OK,-107.152,261.712,-1642.33,OK,-146.564,228.777,-1639.17,OK,-153.318,304.801,-1637.82,,364661053,Port:3,0,1773303284,218824165,Missing,,,,,,,,,4,Missing,,,,Missing,,,,Missing,,,,Missing,,,,,364661053,Port:65535,0,1773303284,218824165,Missing,,,,,,,,,0
,,,,,27,,,,,,,,,,,,,,,,,,,,,,,,,,,,,,,,,,,,,,,,,,,,,,,,,,,,,,,,,,,,,,,,,,,,,,,,,,,,,,,,,,,,,,,,,,,,,,,,,,,,,,,,
