ToolCount,ToolInfo,Frame#,PortHandle,Face#,timespec_s,timespec_ns,,TransformStatus,Q0,Qx,Qy,Qz,Tx,Ty,Tz,Error,#Markers,Marker0.Status,Tx,Ty,Tz,Marker1.Status,Tx,Ty,Tz,Marker2.Status,Tx,Ty,Tz,Marker3.Status,Tx,Ty,Tz,ToolInfo,Frame#,PortHandle,Face#,timespec_s,timespec_ns,TransformStatus,Q0,Qx,Qy,Qz,Tx,Ty,Tz,Error,#Markers,Marker0.Status,Tx,Ty,Tz,Marker1.Status,Tx,Ty,Tz,Marker2.Status,Tx,Ty,Tz,ToolInfo,Frame#,PortHandle,Face#,timespec_s,timespec_ns,TransformStatus,Q0,Qx,Qy,Qz,Tx,Ty,Tz,Error,#Markers,Marker0.Status,Tx,Ty,Tz,Marker1.Status,Tx,Ty,Tz,Marker2.Status,Tx,Ty,Tz,Marker3.Status,Tx,Ty,Tz,ToolInfo,Frame#,PortHandle,Face#,timespec_s,timespec_ns,TransformStatus,Q0,Qx,Qy,Qz,Tx,Ty,Tz,Error,#Markers
4,,364689952,Port:1,0,1773303765,868824167,50000000,Enabled,0.560804,0.377005,-0.714122,0.182746,-86.2343,161.442,-1804.35,0.147192,4,OK,-86.1121,161.327,-1804.36,OK,-134.852,151.873,-1812.26,OK,-144.542,101.346,-1831.07,OK,-80.1244,105.122,-1823.81,,364689952,Port:2,0,1773303765,868824167,Enabled,0.916472,0.0221417,0.0385903,0.397617,-107.348,261.608,-1642.26,0.146585,3,OK,-107.179,261.691,-1642.27,OK,-146.59,228.752,-1639.1,OK,-153.339,304.779,-1637.75,,364689952,Port:3,0,1773303765,868824167,Missing,,,,,,,,,4,Missing,,,,Missing,,,,Missing,,,,Missing,,,,,364689952,Port:65535,0,1773303765,868824167,Missing,,,,,,,,,0
4,,364689955,Port:1,0,1773303765,918824167,50000000,Enabled,0.560869,0.376281,-0.714296,0.183357,-86.2406,161.718,-1804.69,0.156963,4,OK,-86.1164,161.597,-1804.68,OK,-134.857,152.15,-1812.65,OK,-144.56,101.614,-1831.33,OK,-80.1417,105.371,-1824.06,,364689955,Port:2,0,1773303765,918824167,Enabled,0.916464,0.0215312,0.0386046,0.397668,-107.35,261.61,-1642.25,0.146695,3,OK,-107.182,261.692,-1642.26,OK,-146.586,228.745,-1639.07,OK,-153.349,304.786,-1637.81,,364689955,Port:3,0,1773303765,918824167,Missing,,,,,,,,,4,Missing,,,,Missing,,,,Missing,,,,Missing,,,,,364689955,Port:65535,0,1773303765,918824167,Missing,,,,,,,,,0
4,,364689958,Port:1,0,1773303765,968824167,50000000,Enabled,0.561176,0.375459,-0.714336,0.183945,-86.0775,161.985,-1804.96,0.165305,4,OK,-85.9531,161.846,-1804.96,OK,-134.711,152.435,-1812.91,OK,-144.422,101.877,-1831.51,OK,-80.0006,105.602,-1824.2,,364689958,Port:2,0,1773303765,968824167,Enabled,0.916487,0.0220328,0.0387731,0.397572,-107.355,261.603,-1642.27,0.143154,3,OK,-107.192,261.685,-1642.28,OK,-146.595,228.748,-1639.1,OK,-153.339,304.781,-1637.77,,364689958,Port:3,0,1773303765,968824167,Missing,,,,,,,,,4,Missing,,,,Missing,,,,Missing,,,,Missing,,,,,364689958,Port:65535,0,1773303765,968824167,Missing,,,,,,,,,0
4,,364689961,Port:1,0,1773303766,18824167,50000000,Enabled,0.561698,0.375152,-0.714277,0.183207,-85.6603,162.155,-1804.93,0.147773,4,OK,-85.5428,162.034,-1804.95,OK,-134.296,152.674,-1812.81,OK,-144.129,102.126,-1831.45,OK,-79.6959,105.761,-1824.19,,364689961,Port:2,0,1773303766,18824167,Enabled,0.916498,0.0218525,0.0383129,0.3976,-107.35,261.606,-1642.23,0.148984,3,OK,-107.175,261.687,-1642.25,OK,-146.598,228.755,-1639.1,OK,-153.345,304.778,-1637.77,,364689961,Port:3,0,1773303766,18824167,Missing,,,,,,,,,4,Missing,,,,Missing,,,,Missing,,,,Missing,,,,,364689961,Port:65535,0,1773303766,18824167,Missing,,,,,,,,,0
4,,364689964,Port:1,0,1773303766,68824167,50000000,Enabled,0.561771,0.374726,-0.714389,0.183415,-85.5207,162.225,-1805.01,0.142912,4,OK,-85.4019,162.115,-1805.03,OK,-134.154,152.758,-1812.88,OK,-144.019,102.203,-1831.51,OK,-79.5739,105.811,-1824.21,,364689964,Port:2,0,1773303766,68824167,Enabled,0.916472,0.0220956,0.0387477,0.397605,-107.351,261.607,-1642.27,0.145691,3,OK,-107.186,261.692,-1642.29,OK,-146.592,228.748,-1639.1,OK,-153.337,304.78,-1637.76,,364689964,Port:3,0,1773303766,68824167,Missing,,,,,,,,,4,Missing,,,,Missing,,,,Missing,,,,Missing,,,,,364689964,Port:65535,0,1773303766,68824167,Missing,,,,,,,,,0
4,,364689967,Port:1,0,1773303766,118824167,50000000,Enabled,0.561905,0.373801,-0.714565,0.184208,-85.4771,162.377,-1805.15,0.152264,4,OK,-85.3521,162.254,-1805.18,OK,-134.12,152.92,-1813.03,OK,-143.994,102.336,-1831.57,OK,-79.5352,105.925,-1824.21,,364689967,Port:2,0,1773303766,118824167,Enabled,0.916478,0.0219335,0.0386046,0.397614,-107.355,261.615,-1642.27,0.147285,3,OK,-107.187,261.699,-1642.29,OK,-146.597,228.756,-1639.11,OK,-153.346,304.791,-1637.79,,364689967,Port:3,0,1773303766,118824167,Missing,,,,,,,,,4,Missing,,,,Missing,,,,Missing,,,,Missing,,,,,364689967,Port:65535,0,1773303766,118824167,Missing,,,,,,,,,0
4,,364689970,Port:1,0,1773303766,168824167,50000000,Enabled,0.5622,0.374201,-0.714456,0.182915,-85.2343,162.605,-1805.34,0.149759,4,OK,-85.1218,162.481,-1805.38,OK,-133.901,153.216,-1813.16,OK,-143.826,102.679,-1831.79,OK,-79.3838,106.173,-1824.53,,364689970,Port:2,0,1773303766,168824167,Enabled,0.916496,0.0220766,0.0384647,0.397579,-107.351,261.606,-1642.27,0.14504,3,OK,-107.185,261.689,-1642.29,OK,-146.595,228.753,-1639.13,OK,-153.337,304.781,-1637.78,,364689970,Port:3,0,1773303766,168824167,Missing,,,,,,,,,4,Missing,,,,Missing,,,,Missing,,,,Missing,,,,,364689970,Port:65535,0,1773303766,168824167,Missing,,,,,,,,,0
4,,364689973,Port:1,0,1773303766,218824167,49999996,Enabled,0.563421,0.372542,-0.714047,0.184136,-84.8602,163.087,-1805.96,0.161357,4,OK,-84.7374,162.966,-1805.94,OK,-133.549,153.716,-1813.77,OK,-143.542,103.101,-1832.04,OK,-79.0866,106.561,-1824.94,,364689973,Port:2,0,1773303766,218824167,Enabled,0.916518,0.0217858,0.0379873,0.39759,-107.348,261.609,-1642.23,0.145199,3,OK,-107.18,261.689,-1642.25,OK,-146.596,228.757,-1639.13,OK,-153.342,304.785,-1637.8,,364689973,Port:3,0,1773303766,218824167,Missing,,,,,,,,,4,Missing,,,,Missing,,,,Missing,,,,Missing,,,,,364689973,Port:65535,0,1773303766,218824167,Missing,,,,,,,,,0
4,,364689976,Port:1,0,1773303766,268824163,50000000,Enabled,0.563179,0.369957,-0.715361,0.184985,-84.5184,163.895,-1807.01,0.146991,4,OK,-84.4113,163.774,-1807.04,OK,-133.208,154.679,-1814.9,OK,-143.316,104.035,-1833.12,OK,-78.8895,107.271,-1825.75,,364689976,Port:2,0,1773303766,268824163,Enabled,0.916487,0.0220905,0.0383183,0.397613,-107.35,261.609,-1642.24,0.14417,3,OK,-107.184,261.691,-1642.26,OK,-146.592,228.754,-1639.12,OK,-153.341,304.78,-1637.76,,364689976,Port:3,0,1773303766,268824163,Missing,,,,,,,,,4,Missing,,,,Missing,,,,Missing,,,,Missing,,,,,364689976,Port:65535,0,1773303766,268824163,Missing,,,,,,,,,0
4,,364689979,Port:1,0,1773303766,318824163,50000000,Enabled,0.564642,0.368522,-0.71447,0.186827,-84.2792,164.852,-1808.15,0.153652,4,OK,-84.1612,164.729,-1808.18,OK,-132.979,155.574,-1815.94,OK,-143.11,104.84,-1833.85,OK,-78.6629,108.138,-1826.57,,364689979,Port:2,0,1773303766,318824163,Enabled,0.916498,0.0218143,0.0384368,0.39759,-107.348,261.608,-1642.25,0.149896,3,OK,-107.175,261.693,-1642.27,OK,-146.596,228.753,-1639.1,OK,-153.339,304.784,-1637.79,,364689979,Port:3,0,1773303766,318824163,Missing,,,,,,,,,4,Missing,,,,Missing,,,,Missing,,,,Missing,,,,,364689979,Port:65535,0,1773303766,318824163,Missing,,,,,,,,,0
4,,364689982,Port:1,0,1773303766,368824163,50000000,Enabled,0.565485,0.366287,-0.714581,0.188239,-84.0316,166.205,-1809.46,0.150894,4,OK,-83.9303,166.075,-1809.5,OK,-132.74,156.989,-1817.22,OK,-142.949,106.187,-1834.9,OK,-78.5142,109.377,-1827.57,,364689982,Port:2,0,1773303766,368824163,Enabled,0.916456,0.0220301,0.0389708,0.397623,-107.351,261.611,-1642.29,0.147677,3,OK,-107.182,261.694,-1642.3,OK,-146.589,228.75,-1639.09,OK,-153.341,304.786,-1637.77,,364689982,Port:3,0,1773303766,368824163,Missing,,,,,,,,,4,Missing,,,,Missing,,,,Missing,,,,Missing,,,,,364689982,Port:65535,0,1773303766,368824163,Missing,,,,,,,,,0
4,,364689985,Port:1,0,1773303766,418824163,50000000,Enabled,0.565268,0.363567,-0.715711,0.189865,-84.2759,167.481,-1810.54,0.157259,4,OK,-84.1674,167.348,-1810.61,OK,-132.978,158.354,-1818.42,OK,-143.279,107.506,-1835.95,OK,-78.8445,110.565,-1828.34,,364689985,Port:2,0,1773303766,418824163,Enabled,0.916474,0.0218458,0.0386384,0.397624,-107.349,261.605,-1642.26,0.146283,3,OK,-107.179,261.684,-1642.27,OK,-146.589,228.749,-1639.09,OK,-153.345,304.78,-1637.78,,364689985,Port:3,0,1773303766,418824163,Missing,,,,,,,,,4,Missing,,,,Missing,,,,Missing,,,,Missing,,,,,364689985,Port:65535,0,1773303766,418824163,Missing,,,,,,,,,0
4,,364689988,Port:1,0,1773303766,468824163,50000000,Enabled,0.56503,0.363765,-0.715009,0.192818,-85.3805,168.186,-1811.38,0.155628,4,OK,-85.2772,168.056,-1811.43,OK,-134.028,158.814,-1819.32,OK,-144.078,107.866,-1836.62,OK,-79.6881,111.217,-1828.95,,364689988,Port:2,0,1773303766,468824163,Enabled,0.916494,0.0221659,0.0384963,0.397576,-107.349,261.605,-1642.26,0.145599,3,OK,-107.181,261.686,-1642.28,OK,-146.594,228.754,-1639.12,OK,-153.336,304.779,-1637.76,,364689988,Port:3,0,1773303766,468824163,Missing,,,,,,,,,4,Missing,,,,Missing,,,,Missing,,,,Missing,,,,,364689988,Port:65535,0,1773303766,468824163,Missing,,,,,,,,,0
4,,364689991,Port:1,0,1773303766,518824163,50000000,Enabled,0.56539,0.363706,-0.714129,0.195121,-85.732,168.405,-1811.69,0.162568,4,OK,-85.6246,168.261,-1811.71,OK,-134.355,158.86,-1819.63,OK,-144.242,107.806,-1836.67,OK,-79.8615,111.394,-1829.05,,364689991,Port:2,0,1773303766,518824163,Enabled,0.916498,0.0217699,0.0384479,0.397591,-107.353,261.605,-1642.25,0.144295,3,OK,-107.187,261.686,-1642.27,OK,-146.595,228.752,-1639.1,OK,-153.344,304.783,-1637.79,,364689991,Port:3,0,1773303766,518824163,Missing,,,,,,,,,4,Missing,,,,Missing,,,,Missing,,,,Missing,,,,,364689991,Port:65535,0,1773303766,518824163,Missing,,,,,,,,,0
4,,364689994,Port:1,0,1773303766,568824163,50000000,Enabled,0.567465,0.363191,-0.712255,0.196898,-84.509,168.525,-1811.95,0.166709,4,OK,-84.402,168.372,-1811.98,OK,-133.146,158.848,-1819.66,OK,-143.002,107.692,-1836.4,OK,-78.5873,111.438,-1829.02,,364689994,Port:2,0,1773303766,568824163,Enabled,0.916481,0.0220691,0.0383904,0.397619,-107.35,261.608,-1642.26,0.149036,3,OK,-107.179,261.693,-1642.27,OK,-146.595,228.748,-1639.12,OK,-153.342,304.781,-1637.77,,364689994,Port:3,0,1773303766,568824163,Missing,,,,,,,,,4,Missing,,,,Missing,,,,Missing,,,,Missing,,,,,364689994,Port:65535,0,1773303766,568824163,Missing,,,,,,,,,0
4,,364689997,Port:1,0,1773303766,618824163,50000000,Enabled,0.5682,0.359549,-0.714215,0.194345,-81.4849,168.521,-1812.2,0.153501,4,OK,-81.369,168.394,-1812.25,OK,-130.202,159.324,-1819.9,OK,-140.561,108.236,-1836.72,OK,-76.1188,111.364,-1829.22,,364689997,Port:2,0,1773303766,618824163,Enabled,0.916466,0.0219539,0.0391055,0.397592,-107.355,261.609,-1642.3,0.143737,3,OK,-107.188,261.687,-1642.32,OK,-146.591,228.755,-1639.09,OK,-153.344,304.787,-1637.79,,364689997,Port:3,0,1773303766,618824163,Missing,,,,,,,,,4,Missing,,,,Missing,,,,Missing,,,,Missing,,,,,364689997,Port:65535,0,1773303766,618824163,Missing,,,,,,,,,0
4,,364690000,Port:1,0,1773303766,668824163,50000000,Enabled,0.570338,0.352802,-0.716562,0.191791,-78.0975,169.134,-1812.71,0.162193,4,OK,-77.994,168.989,-1812.75,OK,-126.942,160.623,-1820.41,OK,-138.054,109.652,-1836.95,OK,-73.5904,111.833,-1829.48,,364690000,Port:2,0,1773303766,668824163,Enabled,0.916484,0.0219508,0.0384238,0.397616,-107.349,261.605,-1642.25,0.147283,3,OK,-107.18,261.691,-1642.27,OK,-146.594,228.75,-1639.11,OK,-153.339,304.773,-1637.78,,364690000,Port:3,0,1773303766,668824163,Missing,,,,,,,,,4,Missing,,,,Missing,,,,Missing,,,,Missing,,,,,364690000,Port:65535,0,1773303766,668824163,Missing,,,,,,,,,0
4,,364690003,Port:1,0,1773303766,718824163,50000000,Enabled,0.570424,0.348743,-0.718786,0.190633,-76.6032,169.656,-1813.68,0.150696,4,OK,-76.4981,169.523,-1813.7,OK,-125.498,161.579,-1821.54,OK,-137.001,110.626,-1837.97,OK,-72.5445,112.266,-1830.33,,364690003,Port:2,0,1773303766,718824163,Enabled,0.916507,0.0220448,0.038284,0.397573,-107.35,261.602,-1642.25,0.141763,3,OK,-107.185,261.681,-1642.27,OK,-146.594,228.756,-1639.13,OK,-153.338,304.776,-1637.77,,364690003,Port:3,0,1773303766,718824163,Missing,,,,,,,,,4,Missing,,,,Missing,,,,Missing,,,,Missing,,,,,364690003,Port:65535,0,1773303766,718824163,Missing,,,,,,,,,0
4,,364690006,Port:1,0,1773303766,768824163,50000000,Enabled,0.572556,0.346286,-0.717235,0.194524,-76.4426,170.325,-1815.36,0.151731,4,OK,-76.3347,170.196,-1815.4,OK,-125.337,162.098,-1823.05,OK,-136.805,110.981,-1838.98,OK,-72.333,112.77,-1831.39,,364690006,Port:2,0,1773303766,768824163,Enabled,0.916516,0.0222716,0.0379143,0.397574,-107.349,261.607,-1642.24,0.146171,3,OK,-107.178,261.689,-1642.25,OK,-146.601,228.761,-1639.15,OK,-153.338,304.774,-1637.75,,364690006,Port:3,0,1773303766,768824163,Missing,,,,,,,,,4,Missing,,,,Missing,,,,Missing,,,,Missing,,,,,364690006,Port:65535,0,1773303766,768824163,Missing,,,,,,,,,0
4,,364690009,Port:1,0,1773303766,818824163,50000000,Enabled,0.572002,0.343209,-0.719048,0.194913,-75.2303,171.344,-1816.24,0.156618,4,OK,-75.1188,171.21,-1816.3,OK,-124.13,163.331,-1824.1,OK,-135.797,112.232,-1839.96,OK,-71.3359,113.731,-1832.07,,364690009,Port:2,0,1773303766,818824163,Enabled,0.916461,0.0221414,0.0386529,0.397637,-107.35,261.606,-1642.28,0.146197,3,OK,-107.182,261.688,-1642.3,OK,-146.588,228.745,-1639.12,OK,-153.342,304.778,-1637.77,,364690009,Port:3,0,1773303766,818824163,Missing,,,,,,,,,4,Missing,,,,Missing,,,,Missing,,,,Missing,,,,,364690009,Port:65535,0,1773303766,818824163,Missing,,,,,,,,,0
4,,364690012,Port:1,0,1773303766,868824163,50000000,Enabled,0.572135,0.337739,-0.721257,0.195914,-73.633,171.634,-1816.44,0.161428,4,OK,-73.5141,171.497,-1816.44,OK,-122.568,163.976,-1824.56,OK,-134.573,112.86,-1840.02,OK,-70.1259,113.882,-1831.89,,364690012,Port:2,0,1773303766,868824163,Enabled,0.916481,0.0217208,0.0386679,0.397613,-107.35,261.604,-1642.28,0.149657,3,OK,-107.178,261.687,-1642.29,OK,-146.594,228.745,-1639.11,OK,-153.343,304.78,-1637.82,,364690012,Port:3,0,1773303766,868824163,Missing,,,,,,,,,4,Missing,,,,Missing,,,,Missing,,,,Missing,,,,,364690012,Port:65535,0,1773303766,868824163,Missing,,,,,,,,,0
4,,364690015,Port:1,0,1773303766,918824163,50000000,Enabled,0.573384,0.340633,-0.719477,0.193788,-72.8848,170.574,-1815.31,0.162654,4,OK,-72.7789,170.427,-1815.33,OK,-121.842,162.825,-1823.12,OK,-133.813,111.776,-1838.79,OK,-69.3502,112.911,-1831.04,,364690015,Port:2,0,1773303766,918824163,Enabled,0.91647,0.0221524,0.0386084,0.39762,-107.351,261.61,-1642.29,0.14871,3,OK,-107.18,261.695,-1642.3,OK,-146.594,228.751,-1639.13,OK,-153.341,304.782,-1637.78,,364690015,Port:3,0,1773303766,918824163,Missing,,,,,,,,,4,Missing,,,,Missing,,,,Missing,,,,Missing,,,,,364690015,Port:65535,0,1773303766,918824163,Missing,,,,,,,,,0
4,,364690018,Port:1,0,1773303766,968824163,50000000,Enabled,0.575738,0.342799,-0.716272,0.194853,-72.5254,169.884,-1815.19,0.159747,4,OK,-72.4268,169.752,-1815.28,OK,-121.486,161.849,-1822.57,OK,-133.297,110.7,-1838.19,OK,-68.7717,112.197,-1830.8,,364690018,Port:2,0,1773303766,968824163,Enabled,0.916456,0.0223649,0.0388257,0.397619,-107.347,261.606,-1642.3,0.148193,3,OK,-107.176,261.69,-1642.31,OK,-146.589,228.749,-1639.13,OK,-153.335,304.774,-1637.75,,364690018,Port:3,0,1773303766,968824163,Missing,,,,,,,,,4,Missing,,,,Missing,,,,Missing,,,,Missing,,,,,364690018,Port:65535,0,1773303766,968824163,Missing,,,,,,,,,0
4,,364690021,Port:1,0,1773303767,18824163,50000000,Enabled,0.574538,0.34435,-0.715805,0.197364,-72.614,169.717,-1815.19,0.153587,4,OK,-72.4981,169.587,-1815.23,OK,-121.518,161.391,-1822.73,OK,-132.996,110.135,-1838.22,OK,-68.4787,112.043,-1830.76,,364690021,Port:2,0,1773303767,18824163,Enabled,0.916465,0.0220003,0.038717,0.397629,-107.348,261.606,-1642.28,0.146437,3,OK,-107.183,261.69,-1642.3,OK,-146.587,228.742,-1639.11,OK,-153.338,304.781,-1637.79,,364690021,Port:3,0,1773303767,18824163,Missing,,,,,,,,,4,Missing,,,,Missing,,,,Missing,,,,Missing,,,,,364690021,Port:65535,0,1773303767,18824163,Missing,,,,,,,,,0
4,,364690024,Port:1,0,1773303767,68824163,50000000,Enabled,0.57236,0.346407,-0.716213,0.198608,-73.1628,168.187,-1813.31,0.161894,4,OK,-73.0468,168.037,-1813.35,OK,-122.002,159.64,-1821.05,OK,-133.158,108.36,-1836.69,OK,-68.6869,110.581,-1828.99,,364690024,Port:2,0,1773303767,68824163,Enabled,0.916515,0.0221024,0.0379883,0.397579,-107.347,261.602,-1642.23,0.143205,3,OK,-107.179,261.679,-1642.25,OK,-146.594,228.755,-1639.14,OK,-153.34,304.776,-1637.76,,364690024,Port:3,0,1773303767,68824163,Missing,,,,,,,,,4,Missing,,,,Missing,,,,Missing,,,,Missing,,,,,364690024,Port:65535,0,1773303767,68824163,Missing,,,,,,,,,0
4,,364690027,Port:1,0,1773303767,118824163,50000000,Enabled,0.573973,0.35563,-0.711712,0.193776,-73.2962,166.126,-1810.02,0.154389,4,OK,-73.1848,165.989,-1810.03,OK,-122.146,157.196,-1817.2,OK,-133.017,106.026,-1833.38,OK,-68.4761,108.793,-1826.62,,364690027,Port:2,0,1773303767,118824163,Enabled,0.916481,0.0218435,0.0384244,0.397628,-107.348,261.607,-1642.25,0.152256,3,OK,-107.174,261.694,-1642.26,OK,-146.595,228.743,-1639.1,OK,-153.342,304.782,-1637.78,,364690027,Port:3,0,1773303767,118824163,Missing,,,,,,,,,4,Missing,,,,Missing,,,,Missing,,,,Missing,,,,,364690027,Port:65535,0,1773303767,118824163,Missing,,,,,,,,,0
4,,364690030,Port:1,0,1773303767,168824163,50000000,Enabled,0.577018,0.357402,-0.708561,0.193015,-72.4011,165.421,-1809.28,0.157454,4,OK,-72.2868,165.281,-1809.31,OK,-121.295,156.353,-1816,OK,-132.175,105.158,-1832.09,OK,-67.5725,108.101,-1825.91,,364690030,Port:2,0,1773303767,168824163,Enabled,0.916472,0.021816,0.0386489,0.397629,-107.349,261.608,-1642.28,0.147589,3,OK,-107.18,261.692,-1642.29,OK,-146.59,228.748,-1639.11,OK,-153.342,304.783,-1637.8,,364690030,Port:3,0,1773303767,168824163,Missing,,,,,,,,,4,Missing,,,,Missing,,,,Missing,,,,Missing,,,,,364690030,Port:65535,0,1773303767,168824163,Missing,,,,,,,,,0
4,,364690033,Port:1,0,1773303767,218824163,50000002,Enabled,0.573938,0.353178,-0.713176,0.192977,-71.5352,166.14,-1810.03,0.154725,4,OK,-71.4068,166.018,-1810.04,OK,-120.425,157.464,-1817.32,OK,-131.545,106.332,-1833.46,OK,-66.9889,108.761,-1826.57,,364690033,Port:2,0,1773303767,218824163,Enabled,0.916453,0.0218734,0.0388442,0.39765,-107.352,261.607,-1642.28,0.150725,3,OK,-107.181,261.694,-1642.29,OK,-146.592,228.74,-1639.09,OK,-153.345,304.781,-1637.79,,364690033,Port:3,0,1773303767,218824163,Missing,,,,,,,,,4,Missing,,,,Missing,,,,Missing,,,,Missing,,,,,364690033,Port:65535,0,1773303767,218824163,Missing,,,,,,,,,0
4,,364690036,Port:1,0,1773303767,268824165,50000000,Enabled,0.575355,0.351332,-0.713126,0.192313,-70.9228,167.108,-1810.36,0.150596,4,OK,-70.8091,166.983,-1810.44,OK,-119.849,158.615,-1817.46,OK,-131.197,107.482,-1833.6,OK,-66.64,109.671,-1826.74,,364690036,Port:2,0,1773303767,268824165,Enabled,0.916437,0.0222474,0.03903,0.397648,-107.35,261.61,-1642.27,0.143378,3,OK,-107.187,261.695,-1642.29,OK,-146.583,228.75,-1639.08,OK,-153.337,304.776,-1637.73,,364690036,Port:3,0,1773303767,268824165,Missing,,,,,,,,,4,Missing,,,,Missing,,,,Missing,,,,Missing,,,,,364690036,Port:65535,0,1773303767,268824165,Missing,,,,,,,,,0
4,,364690039,Port:1,0,1773303767,318824165,50000001,Enabled,0.575381,0.349776,-0.713165,0.194905,-71.3424,167.872,-1810.94,0.159142,4,OK,-71.2437,167.726,-1810.98,OK,-120.247,159.289,-1818.14,OK,-131.505,108.105,-1833.95,OK,-66.973,110.357,-1827,,364690039,Port:2,0,1773303767,318824165,Enabled,0.91651,0.021882,0.0381063,0.39759,-107.344,261.602,-1642.23,0.144702,3,OK,-107.176,261.681,-1642.25,OK,-146.59,228.751,-1639.12,OK,-153.338,304.78,-1637.78,,364690039,Port:3,0,1773303767,318824165,Missing,,,,,,,,,4,Missing,,,,Missing,,,,Missing,,,,Missing,,,,,364690039,Port:65535,0,1773303767,318824165,Missing,,,,,,,,,0
4,,364690042,Port:1,0,1773303767,368824166,49999999,Enabled,0.574963,0.349877,-0.713432,0.194982,-71.9215,168.162,-1811.05,0.154151,4,OK,-71.813,168.026,-1811.09,OK,-120.818,159.576,-1818.3,OK,-132.053,108.379,-1834.15,OK,-67.5319,110.652,-1827.14,,364690042,Port:2,0,1773303767,368824166,Enabled,0.91647,0.0217477,0.0387647,0.397628,-107.352,261.609,-1642.28,0.148074,3,OK,-107.182,261.692,-1642.29,OK,-146.592,228.748,-1639.1,OK,-153.345,304.785,-1637.81,,364690042,Port:3,0,1773303767,368824166,Missing,,,,,,,,,4,Missing,,,,Missing,,,,Missing,,,,Missing,,,,,364690042,Port:65535,0,1773303767,368824166,Missing,,,,,,,,,0
4,,364690045,Port:1,0,1773303767,418824165,50000000,Enabled,0.574406,0.352084,-0.712461,0.196197,-73.1039,168.008,-1810.92,0.146748,4,OK,-73.0157,167.878,-1810.99,OK,-121.945,159.172,-1818.13,OK,-132.909,107.92,-1834.07,OK,-68.4042,110.518,-1827.04,,364690045,Port:2,0,1773303767,418824165,Enabled,0.916487,0.0220978,0.0381329,0.39763,-107.347,261.612,-1642.25,0.142515,3,OK,-107.185,261.693,-1642.26,OK,-146.587,228.754,-1639.14,OK,-153.34,304.784,-1637.77,,364690045,Port:3,0,1773303767,418824165,Missing,,,,,,,,,4,Missing,,,,Missing,,,,Missing,,,,Missing,,,,,364690045,Port:65535,0,1773303767,418824165,Missing,,,,,,,,,0
4,,364690048,Port:1,0,1773303767,468824165,50000000,Enabled,0.57456,0.354392,-0.710937,0.197117,-74.2195,167.897,-1810.52,0.148144,4,OK,-74.1181,167.763,-1810.59,OK,-123.027,158.808,-1817.63,OK,-133.769,107.488,-1833.59,OK,-69.2466,110.46,-1826.69,,364690048,Port:2,0,1773303767,468824165,Enabled,0.916483,0.0222475,0.0384957,0.397595,-107.35,261.611,-1642.29,0.146724,3,OK,-107.181,261.693,-1642.3,OK,-146.594,228.755,-1639.14,OK,-153.338,304.784,-1637.77,,364690048,Port:3,0,1773303767,468824165,Missing,,,,,,,,,4,Missing,,,,Missing,,,,Missing,,,,Missing,,,,,364690048,Port:65535,0,1773303767,468824165,Missing,,,,,,,,,0
4,,364690051,Port:1,0,1773303767,518824165,50000000,Enabled,0.573587,0.354836,-0.710939,0.199137,-75.3444,168.17,-1810.74,0.144533,4,OK,-75.2424,168.039,-1810.77,OK,-124.105,158.904,-1818.01,OK,-134.628,107.528,-1833.83,OK,-70.1377,110.718,-1826.83,,364690051,Port:2,0,1773303767,518824165,Enabled,0.916483,0.021804,0.0386394,0.397607,-107.352,261.611,-1642.27,0.144664,3,OK,-107.186,261.693,-1642.29,OK,-146.591,228.754,-1639.11,OK,-153.342,304.789,-1637.8,,364690051,Port:3,0,1773303767,518824165,Missing,,,,,,,,,4,Missing,,,,Missing,,,,Missing,,,,Missing,,,,,364690051,Port:65535,0,1773303767,518824165,Missing,,,,,,,,,0
4,,364690054,Port:1,0,1773303767,568824165,50000001,Enabled,0.5742,0.355297,-0.709756,0.200759,-76.229,168.783,-1811.24,0.151928,4,OK,-76.135,168.641,-1811.28,OK,-124.975,159.342,-1818.41,OK,-135.338,107.911,-1834.08,OK,-70.864,111.303,-1827.17,,364690054,Port:2,0,1773303767,568824165,Enabled,0.9165,0.021751,0.0384126,0.397591,-107.349,261.615,-1642.25,0.145857,3,OK,-107.183,261.699,-1642.26,OK,-146.594,228.759,-1639.1,OK,-153.339,304.792,-1637.79,,364690054,Port:3,0,1773303767,568824165,Missing,,,,,,,,,4,Missing,,,,Missing,,,,Missing,,,,Missing,,,,,364690054,Port:65535,0,1773303767,568824165,Missing,,,,,,,,,0
4,,364690057,Port:1,0,1773303767,618824166,49999999,Enabled,0.574112,0.354779,-0.709271,0.203623,-77.2174,169.596,-1811.92,0.148791,4,OK,-77.1118,169.472,-1811.97,OK,-125.922,159.969,-1819.12,OK,-136.117,108.437,-1834.6,OK,-71.6562,112.053,-1827.56,,364690057,Port:2,0,1773303767,618824166,Enabled,0.916491,0.0218369,0.0384119,0.397608,-107.351,261.618,-1642.25,0.14735,3,OK,-107.182,261.702,-1642.27,OK,-146.596,228.762,-1639.11,OK,-153.344,304.793,-1637.79,,364690057,Port:3,0,1773303767,618824166,Missing,,,,,,,,,4,Missing,,,,Missing,,,,Missing,,,,Missing,,,,,364690057,Port:65535,0,1773303767,618824166,Missing,,,,,,,,,0
4,,364690060,Port:1,0,1773303767,668824165,50000000,Enabled,0.572939,0.354794,-0.709812,0.20501,-78.2634,170.404,-1812.24,0.155199,4,OK,-78.1515,170.273,-1812.29,OK,-126.933,160.685,-1819.59,OK,-136.986,109.126,-1835.06,OK,-72.5517,112.864,-1827.8,,364690060,Port:2,0,1773303767,668824165,Enabled,0.916541,0.0221064,0.0374736,0.397567,-107.346,261.607,-1642.21,0.147788,3,OK,-107.173,261.686,-1642.23,OK,-146.602,228.756,-1639.17,OK,-153.341,304.784,-1637.76,,364690060,Port:3,0,1773303767,668824165,Missing,,,,,,,,,4,Missing,,,,Missing,,,,Missing,,,,Missing,,,,,364690060,Port:65535,0,1773303767,668824165,Missing,,,,,,,,,0
4,,364690063,Port:1,0,1773303767,718824165,50000000,Enabled,0.572501,0.35756,-0.708827,0.204837,-79.4,170.898,-1811.42,0.157135,4,OK,-79.2974,170.76,-1811.49,OK,-128.04,160.987,-1818.7,OK,-137.877,109.431,-1834.35,OK,-73.4412,113.432,-1827.17,,364690063,Port:2,0,1773303767,718824165,Enabled,0.916492,0.0218,0.0385625,0.397592,-107.35,261.612,-1642.25,0.143256,3,OK,-107.187,261.693,-1642.27,OK,-146.589,228.755,-1639.09,OK,-153.339,304.794,-1637.79,,364690063,Port:3,0,1773303767,718824165,Missing,,,,,,,,,4,Missing,,,,Missing,,,,Missing,,,,Missing,,,,,364690063,Port:65535,0,1773303767,718824165,Missing,,,,,,,,,0
4,,364690066,Port:1,0,1773303767,768824165,50000000,Enabled,0.571599,0.359124,-0.709012,0.203975,-79.9539,171.478,-1810.3,0.161739,4,OK,-79.8551,171.333,-1810.38,OK,-128.567,161.509,-1817.62,OK,-138.349,110.017,-1833.47,OK,-73.9012,114.094,-1826.26,,364690066,Port:2,0,1773303767,768824165,Enabled,0.916493,0.0219816,0.0385723,0.397581,-107.352,261.609,-1642.24,0.149001,3,OK,-107.18,261.691,-1642.26,OK,-146.599,228.754,-1639.08,OK,-153.342,304.787,-1637.75,,364690066,Port:3,0,1773303767,768824165,Missing,,,,,,,,,4,Missing,,,,Missing,,,,Missing,,,,Missing,,,,,364690066,Port:65535,0,1773303767,768824165,Missing,,,,,,,,,0
4,,364690069,Port:1,0,1773303767,818824165,50000001,Enabled,0.571345,0.361462,-0.708455,0.202487,-80.0324,171.825,-1808.63,0.160159,4,OK,-79.9157,171.702,-1808.72,OK,-128.638,161.793,-1815.86,OK,-138.351,110.328,-1831.98,OK,-73.9153,114.529,-1824.86,,364690069,Port:2,0,1773303767,818824165,Enabled,0.91651,0.0217627,0.0381608,0.397592,-107.35,261.615,-1642.23,0.145544,3,OK,-107.181,261.693,-1642.25,OK,-146.595,228.762,-1639.11,OK,-153.346,304.795,-1637.79,,364690069,Port:3,0,1773303767,818824165,Missing,,,,,,,,,4,Missing,,,,Missing,,,,Missing,,,,Missing,,,,,364690069,Port:65535,0,1773303767,818824165,Missing,,,,,,,,,0
4,,364690072,Port:1,0,1773303767,868824166,49999999,Enabled,0.571863,0.364278,-0.70715,0.200532,-79.8584,171.841,-1806.09,0.165494,4,OK,-79.7468,171.709,-1806.18,OK,-128.482,161.717,-1813.15,OK,-138.133,110.335,-1829.47,OK,-73.6655,114.641,-1822.65,,364690072,Port:2,0,1773303767,868824166,Enabled,0.916493,0.0220678,0.0383213,0.397599,-107.352,261.618,-1642.26,0.146162,3,OK,-107.183,261.699,-1642.28,OK,-146.597,228.764,-1639.13,OK,-153.344,304.793,-1637.78,,364690072,Port:3,0,1773303767,868824166,Missing,,,,,,,,,4,Missing,,,,Missing,,,,Missing,,,,Missing,,,,,364690072,Port:65535,0,1773303767,868824166,Missing,,,,,,,,,0
4,,364690075,Port:1,0,1773303767,918824165,50000000,Enabled,0.571723,0.368516,-0.705715,0.198228,-80.1197,171.787,-1802.8,0.158933,4,OK,-80.0067,171.663,-1802.88,OK,-128.728,161.5,-1809.72,OK,-138.226,110.198,-1826.36,OK,-73.7641,114.742,-1819.84,,364690075,Port:2,0,1773303767,918824165,Enabled,0.916495,0.0218026,0.0385353,0.397589,-107.354,261.613,-1642.25,0.145,3,OK,-107.188,261.697,-1642.27,OK,-146.597,228.759,-1639.1,OK,-153.342,304.79,-1637.79,,364690075,Port:3,0,1773303767,918824165,Missing,,,,,,,,,4,Missing,,,,Missing,,,,Missing,,,,Missing,,,,,364690075,Port:65535,0,1773303767,918824165,Missing,,,,,,,,,0
4,,364690078,Port:1,0,1773303767,968824165,50000000,Enabled,0.571605,0.372065,-0.70397,0.198143,-80.729,172.03,-1799.63,0.160439,4,OK,-80.6115,171.891,-1799.68,OK,-129.302,161.473,-1806.45,OK,-138.532,110.157,-1823.19,OK,-74.0671,115.098,-1816.9,,364690078,Port:2,0,1773303767,968824165,Enabled,0.916461,0.021816,0.0388673,0.397634,-107.356,261.622,-1642.29,0.148143,3,OK,-107.187,261.705,-1642.31,OK,-146.594,228.757,-1639.1,OK,-153.349,304.8,-1637.81,,364690078,Port:3,0,1773303767,968824165,Missing,,,,,,,,,4,Missing,,,,Missing,,,,Missing,,,,Missing,,,,,364690078,Port:65535,0,1773303767,968824165,Missing,,,,,,,,,0
4,,364690081,Port:1,0,1773303768,18824165,50000000,Enabled,0.574694,0.375565,-0.698944,0.200387,-81.6296,172.565,-1796.99,0.161783,4,OK,-81.515,172.432,-1797.08,OK,-130.154,161.5,-1803.27,OK,-139.032,110.035,-1819.81,OK,-74.5732,115.638,-1814.12,,364690081,Port:2,0,1773303768,18824165,Enabled,0.916494,0.0220453,0.0383241,0.397599,-107.356,261.617,-1642.26,0.142835,3,OK,-107.191,261.693,-1642.28,OK,-146.595,228.761,-1639.13,OK,-153.349,304.798,-1637.78,,364690081,Port:3,0,1773303768,18824165,Missing,,,,,,,,,4,Missing,,,,Missing,,,,Missing,,,,Missing,,,,,364690081,Port:65535,0,1773303768,18824165,Missing,,,,,,,,,0
4,,364690084,Port:1,0,1773303768,68824165,50000000,Enabled,0.576387,0.380302,-0.693804,0.204415,-83.5245,172.972,-1794.16,0.160502,4,OK,-83.4282,172.829,-1794.24,OK,-131.925,161.19,-1800.06,OK,-140.174,109.554,-1816.33,OK,-75.7552,116.084,-1811.14,,364690084,Port:2,0,1773303768,68824165,Enabled,0.916498,0.021918,0.0383236,0.397595,-107.356,261.62,-1642.27,0.146803,3,OK,-107.187,261.703,-1642.29,OK,-146.602,228.766,-1639.14,OK,-153.347,304.794,-1637.81,,364690084,Port:3,0,1773303768,68824165,Missing,,,,,,,,,4,Missing,,,,Missing,,,,Missing,,,,Missing,,,,,364690084,Port:65535,0,1773303768,68824165,Missing,,,,,,,,,0
4,,364690087,Port:1,0,1773303768,118824165,50000000,Enabled,0.578244,0.388114,-0.687216,0.206728,-85.8311,173.246,-1789.75,0.167307,4,OK,-85.7125,173.122,-1789.86,OK,-134.081,160.61,-1795.08,OK,-141.616,108.85,-1811.41,OK,-77.2565,116.539,-1806.9,,364690087,Port:2,0,1773303768,118824165,Enabled,0.916511,0.0219296,0.0383601,0.397562,-107.357,261.617,-1642.26,0.150179,3,OK,-107.183,261.7,-1642.27,OK,-146.608,228.764,-1639.12,OK,-153.348,304.797,-1637.79,,364690087,Port:3,0,1773303768,118824165,Missing,,,,,,,,,4,Missing,,,,Missing,,,,Missing,,,,Missing,,,,,364690087,Port:65535,0,1773303768,118824165,Missing,,,,,,,,,0
4,,364690090,Port:1,0,1773303768,168824165,50000000,Enabled,0.581919,0.394967,-0.679311,0.209541,-88.4166,173.866,-1784.54,0.156011,4,OK,-88.3073,173.744,-1784.62,OK,-136.511,160.383,-1789.15,OK,-143.385,108.478,-1805.21,OK,-79.1198,117.27,-1801.73,,364690090,Port:2,0,1773303768,168824165,Enabled,0.91651,0.0219711,0.0381584,0.397581,-107.356,261.619,-1642.25,0.146151,3,OK,-107.188,261.701,-1642.26,OK,-146.604,228.766,-1639.13,OK,-153.347,304.795,-1637.78,,364690090,Port:3,0,1773303768,168824165,Missing,,,,,,,,,4,Missing,,,,Missing,,,,Missing,,,,Missing,,,,,364690090,Port:65535,0,1773303768,168824165,Missing,,,,,,,,,0
4,,364690093,Port:1,0,1773303768,218824165,49999999,Enabled,0.581308,0.398479,-0.677204,0.211401,-91.2946,175.132,-1778.27,0.162898,4,OK,-91.1796,174.999,-1778.34,OK,-139.286,161.23,-1782.83,OK,-145.719,109.289,-1798.92,OK,-81.514,118.648,-1795.54,,364690093,Port:2,0,1773303768,218824165,Enabled,0.91648,0.022019,0.0385078,0.397613,-107.355,261.621,-1642.27,0.14996,3,OK,-107.182,261.705,-1642.29,OK,-146.6,228.762,-1639.12,OK,-153.347,304.794,-1637.78,,364690093,Port:3,0,1773303768,218824165,Missing,,,,,,,,,4,Missing,,,,Missing,,,,Missing,,,,Missing,,,,,364690093,Port:65535,0,1773303768,218824165,Missing,,,,,,,,,0
4,,364690096,Port:1,0,1773303768,268824164,50000000,Enabled,0.580593,0.401167,-0.675886,0.212497,-94.6654,176.505,-1771.29,0.17704,4,OK,-94.5476,176.378,-1771.41,OK,-142.562,162.302,-1775.78,OK,-148.71,110.351,-1792.05,OK,-84.5423,120.12,-1788.62,,364690096,Port:2,0,1773303768,268824164,Enabled,0.91648,0.0216853,0.0386237,0.397621,-107.357,261.629,-1642.29,0.147853,3,OK,-107.191,261.714,-1642.31,OK,-146.598,228.765,-1639.12,OK,-153.349,304.807,-1637.84,,364690096,Port:3,0,1773303768,268824164,Missing,,,,,,,,,4,Missing,,,,Missing,,,,Missing,,,,Missing,,,,,364690096,Port:65535,0,1773303768,268824164,Missing,,,,,,,,,0
4,,364690099,Port:1,0,1773303768,318824164,50000000,Enabled,0.586714,0.40654,-0.667377,0.21237,-97.2037,177.021,-1764.42,0.159687,4,OK,-97.0856,176.906,-1764.52,OK,-145.022,162.279,-1767.92,OK,-150.906,110.202,-1783.92,OK,-86.7976,120.703,-1781.87,,364690099,Port:2,0,1773303768,318824164,Enabled,0.916448,0.0222415,0.0390359,0.397624,-107.365,261.626,-1642.31,0.151471,3,OK,-107.191,261.714,-1642.32,OK,-146.607,228.765,-1639.11,OK,-153.352,304.794,-1637.76,,364690099,Port:3,0,1773303768,318824164,Missing,,,,,,,,,4,Missing,,,,Missing,,,,Missing,,,,Missing,,,,,364690099,Port:65535,0,1773303768,318824164,Missing,,,,,,,,,0
4,,364690102,Port:1,0,1773303768,368824164,50000000,Enabled,0.585711,0.410693,-0.666287,0.210563,-99.9422,177.183,-1758.33,0.170451,4,OK,-99.8231,177.05,-1758.44,OK,-147.706,162.236,-1761.8,OK,-153.384,110.271,-1778.16,OK,-89.3287,121.062,-1776.24,,364690102,Port:2,0,1773303768,368824164,Enabled,0.916455,0.0219669,0.0388397,0.397643,-107.362,261.63,-1642.31,0.154397,3,OK,-107.185,261.718,-1642.32,OK,-146.608,228.766,-1639.13,OK,-153.356,304.798,-1637.81,,364690102,Port:3,0,1773303768,368824164,Missing,,,,,,,,,4,Missing,,,,Missing,,,,Missing,,,,Missing,,,,,364690102,Port:65535,0,1773303768,368824164,Missing,,,,,,,,,0
4,,364690105,Port:1,0,1773303768,418824164,50000000,Enabled,0.584342,0.417402,-0.662578,0.21286,-102.82,177.45,-1753.52,0.176605,4,OK,-102.7,177.322,-1753.64,OK,-150.354,161.785,-1756.87,OK,-155.313,109.816,-1773.48,OK,-91.4116,121.58,-1771.69,,364690105,Port:2,0,1773303768,418824164,Enabled,0.916472,0.0219859,0.0388369,0.397603,-107.36,261.633,-1642.3,0.150585,3,OK,-107.188,261.718,-1642.31,OK,-146.604,228.772,-1639.12,OK,-153.35,304.81,-1637.8,,364690105,Port:3,0,1773303768,418824164,Missing,,,,,,,,,4,Missing,,,,Missing,,,,Missing,,,,Missing,,,,,364690105,Port:65535,0,1773303768,418824164,Missing,,,,,,,,,0
4,,364690108,Port:1,0,1773303768,468824164,50000000,Enabled,0.582769,0.424332,-0.66046,0.210036,-104.106,177.748,-1749.58,0.166292,4,OK,-103.981,177.612,-1749.67,OK,-151.532,161.741,-1752.89,OK,-156.148,109.916,-1770.04,OK,-92.3449,122.21,-1768.53,,364690108,Port:2,0,1773303768,468824164,Enabled,0.916485,0.0218354,0.0383744,0.397626,-107.354,261.625,-1642.25,0.148938,3,OK,-107.183,261.708,-1642.26,OK,-146.599,228.764,-1639.1,OK,-153.35,304.801,-1637.78,,364690108,Port:3,0,1773303768,468824164,Missing,,,,,,,,,4,Missing,,,,Missing,,,,Missing,,,,Missing,,,,,364690108,Port:65535,0,1773303768,468824164,Missing,,,,,,,,,0
4,,364690111,Port:1,0,1773303768,518824164,50000000,Enabled,0.583388,0.427011,-0.658964,0.207572,-104.143,178.51,-1747.29,0.159989,4,OK,-104.012,178.384,-1747.36,OK,-151.568,162.447,-1750.43,OK,-156.182,110.693,-1767.8,OK,-92.4045,123.085,-1766.61,,364690111,Port:2,0,1773303768,518824164,Enabled,0.91649,0.0220276,0.0383845,0.397603,-107.356,261.626,-1642.28,0.148968,3,OK,-107.184,261.709,-1642.29,OK,-146.603,228.769,-1639.14,OK,-153.348,304.799,-1637.79,,364690111,Port:3,0,1773303768,518824164,Missing,,,,,,,,,4,Missing,,,,Missing,,,,Missing,,,,Missing,,,,,364690111,Port:65535,0,1773303768,518824164,Missing,,,,,,,,,0
4,,364690114,Port:1,0,1773303768,568824164,50000000,Enabled,0.584187,0.42941,-0.655771,0.210469,-104.63,179.323,-1746.4,0.177158,4,OK,-104.503,179.191,-1746.53,OK,-151.917,162.822,-1749.28,OK,-156.134,110.988,-1766.57,OK,-92.4535,123.95,-1765.56,,364690114,Port:2,0,1773303768,568824164,Enabled,0.916503,0.0219365,0.0381725,0.397599,-107.356,261.629,-1642.25,0.14524,3,OK,-107.189,261.709,-1642.26,OK,-146.6,228.772,-1639.13,OK,-153.349,304.807,-1637.79,,364690114,Port:3,0,1773303768,568824164,Missing,,,,,,,,,4,Missing,,,,Missing,,,,Missing,,,,Missing,,,,,364690114,Port:65535,0,1773303768,568824164,Missing,,,,,,,,,0
4,,364690117,Port:1,0,1773303768,618824164,50000000,Enabled,0.584695,0.43279,-0.651799,0.214435,-105.156,179.906,-1746.18,0.196814,4,OK,-105.021,179.778,-1746.34,OK,-152.248,162.81,-1748.8,OK,-155.888,110.877,-1765.98,OK,-92.3625,124.625,-1765.16,,364690117,Port:2,0,1773303768,618824164,Enabled,0.916497,0.0220219,0.0383264,0.397592,-107.359,261.626,-1642.27,0.146582,3,OK,-107.19,261.71,-1642.28,OK,-146.605,228.772,-1639.14,OK,-153.349,304.8,-1637.79,,364690117,Port:3,0,1773303768,618824164,Missing,,,,,,,,,4,Missing,,,,Missing,,,,Missing,,,,Missing,,,,,364690117,Port:65535,0,1773303768,618824164,Missing,,,,,,,,,0
4,,364690120,Port:1,0,1773303768,668824164,50000000,Enabled,0.583331,0.438932,-0.648937,0.214347,-104.988,179.525,-1744.77,0.177535,4,OK,-104.858,179.387,-1744.88,OK,-151.901,161.933,-1747.38,OK,-155.044,110.096,-1764.81,OK,-91.6683,124.531,-1764.25,,364690120,Port:2,0,1773303768,668824164,Enabled,0.91648,0.0220369,0.0384424,0.397618,-107.353,261.621,-1642.25,0.148591,3,OK,-107.182,261.706,-1642.27,OK,-146.598,228.764,-1639.11,OK,-153.344,304.791,-1637.76,,364690120,Port:3,0,1773303768,668824164,Missing,,,,,,,,,4,Missing,,,,Missing,,,,Missing,,,,Missing,,,,,364690120,Port:65535,0,1773303768,668824164,Missing,,,,,,,,,0
4,,364690123,Port:1,0,1773303768,718824164,50000000,Enabled,0.579271,0.44926,-0.646951,0.209915,-103.906,177.034,-1741.17,0.204911,4,OK,-103.764,176.909,-1741.34,OK,-150.623,158.929,-1743.85,OK,-153.278,107.447,-1762.41,OK,-90.0462,122.62,-1761.81,,364690123,Port:2,0,1773303768,718824164,Enabled,0.916524,0.0217876,0.0380978,0.397564,-107.353,261.627,-1642.25,0.146345,3,OK,-107.184,261.707,-1642.27,OK,-146.6,228.772,-1639.14,OK,-153.344,304.812,-1637.81,,364690123,Port:3,0,1773303768,718824164,Missing,,,,,,,,,4,Missing,,,,Missing,,,,Missing,,,,Missing,,,,,364690123,Port:65535,0,1773303768,718824164,Missing,,,,,,,,,0
4,,364690126,Port:1,0,1773303768,768824164,50000000,Enabled,0.574963,0.467593,-0.642018,0.196437,-102.335,172.209,-1734.6,0.176684,4,OK,-102.197,172.098,-1734.74,OK,-148.856,153.57,-1737.12,OK,-151.142,102.798,-1757.65,OK,-88.1297,118.863,-1757.74,,364690126,Port:2,0,1773303768,768824164,Enabled,0.916502,0.0221849,0.0385379,0.397552,-107.355,261.616,-1642.27,0.143303,3,OK,-107.191,261.699,-1642.28,OK,-146.599,228.765,-1639.12,OK,-153.337,304.794,-1637.76,,364690126,Port:3,0,1773303768,768824164,Missing,,,,,,,,,4,Missing,,,,Missing,,,,Missing,,,,Missing,,,,,364690126,Port:65535,0,1773303768,768824164,Missing,,,,,,,,,0
4,,364690129,Port:1,0,1773303768,818824164,50000000,Enabled,0.578377,0.486053,-0.626666,0.19111,-101.798,166.342,-1728.18,0.16248,4,OK,-101.665,166.227,-1728.28,OK,-147.809,146.345,-1729.52,OK,-149.247,95.881,-1750.86,OK,-86.7751,113.888,-1752.85,,364690129,Port:2,0,1773303768,818824164,Enabled,0.916527,0.0218366,0.0382152,0.397544,-107.356,261.617,-1642.24,0.148234,3,OK,-107.186,261.701,-1642.25,OK,-146.607,228.765,-1639.11,OK,-153.343,304.799,-1637.78,,364690129,Port:3,0,1773303768,818824164,Missing,,,,,,,,,4,Missing,,,,Missing,,,,Missing,,,,Missing,,,,,364690129,Port:65535,0,1773303768,818824164,Missing,,,,,,,,,0
4,,364690132,Port:1,0,1773303768,868824164,50000000,Enabled,0.579451,0.504425,-0.611081,0.190715,-102.862,159.56,-1721.66,0.176346,4,OK,-102.721,159.46,-1721.8,OK,-148.115,137.869,-1722.04,OK,-148.273,87.6917,-1744.18,OK,-86.5742,108.07,-1747.48,,364690132,Port:2,0,1773303768,868824164,Enabled,0.91647,0.0219778,0.0386932,0.397621,-107.356,261.626,-1642.28,0.146842,3,OK,-107.187,261.707,-1642.29,OK,-146.595,228.765,-1639.11,OK,-153.348,304.802,-1637.78,,364690132,Port:3,0,1773303768,868824164,Missing,,,,,,,,,4,Missing,,,,Missing,,,,Missing,,,,Missing,,,,,364690132,Port:65535,0,1773303768,868824164,Missing,,,,,,,,,0
4,,364690135,Port:1,0,1773303768,918824164,50000000,Enabled,0.575955,0.524009,-0.59731,0.192121,-104.858,151.612,-1714.79,0.173187,4,OK,-104.71,151.522,-1714.92,OK,-149.208,128.107,-1714.81,OK,-147.706,78.3753,-1737.92,OK,-86.9621,101.322,-1741.9,,364690135,Port:2,0,1773303768,918824164,Enabled,0.916451,0.0218203,0.0386921,0.397673,-107.351,261.631,-1642.26,0.146099,3,OK,-107.184,261.714,-1642.27,OK,-146.587,228.767,-1639.09,OK,-153.347,304.8,-1637.78,,364690135,Port:3,0,1773303768,918824164,Missing,,,,,,,,,4,Missing,,,,Missing,,,,Missing,,,,Missing,,,,,364690135,Port:65535,0,1773303768,918824164,Missing,,,,,,,,,0
4,,364690138,Port:1,0,1773303768,968824164,50000000,Enabled,0.575155,0.542801,-0.581952,0.189461,-105.668,143.472,-1707.39,0.142354,4,OK,-105.528,143.404,-1707.46,OK,-149.154,118.426,-1706.78,OK,-146.504,69.166,-1730.82,OK,-86.7114,94.3741,-1736.05,,364690138,Port:2,0,1773303768,968824164,Enabled,0.91648,0.021839,0.0385403,0.397621,-107.353,261.622,-1642.23,0.149001,3,OK,-107.179,261.703,-1642.25,OK,-146.598,228.767,-1639.07,OK,-153.35,304.795,-1637.76,,364690138,Port:3,0,1773303768,968824164,Missing,,,,,,,,,4,Missing,,,,Missing,,,,Missing,,,,Missing,,,,,364690138,Port:65535,0,1773303768,968824164,Missing,,,,,,,,,0
4,,364690141,Port:1,0,1773303769,18824164,50000000,Enabled,0.574327,0.559922,-0.567023,0.187406,-105.753,134.826,-1700.54,0.159088,4,OK,-105.615,134.765,-1700.66,OK,-148.35,108.286,-1699.25,OK,-144.63,59.5852,-1724.3,OK,-85.8561,86.8908,-1730.5,,364690141,Port:2,0,1773303769,18824164,Enabled,0.916475,0.0217035,0.0386533,0.397629,-107.358,261.631,-1642.25,0.147689,3,OK,-107.191,261.717,-1642.27,OK,-146.599,228.77,-1639.08,OK,-153.349,304.803,-1637.79,,364690141,Port:3,0,1773303769,18824164,Missing,,,,,,,,,4,Missing,,,,Missing,,,,Missing,,,,Missing,,,,,364690141,Port:65535,0,1773303769,18824164,Missing,,,,,,,,,0
4,,364690144,Port:1,0,1773303769,68824164,50000000,Enabled,0.573214,0.573367,-0.554315,0.188179,-105.916,126.53,-1694.69,0.168213,4,OK,-105.78,126.477,-1694.83,OK,-147.656,98.6817,-1692.93,OK,-142.877,50.3846,-1718.64,OK,-85.0853,79.5526,-1725.52,,364690144,Port:2,0,1773303769,68824164,Enabled,0.916484,0.0218622,0.0384294,0.397622,-107.358,261.622,-1642.25,0.147455,3,OK,-107.19,261.707,-1642.26,OK,-146.602,228.763,-1639.1,OK,-153.349,304.793,-1637.78,,364690144,Port:3,0,1773303769,68824164,Missing,,,,,,,,,4,Missing,,,,Missing,,,,Missing,,,,Missing,,,,,364690144,Port:65535,0,1773303769,68824164,Missing,,,,,,,,,0
4,,364690147,Port:1,0,1773303769,118824164,50000000,Enabled,0.570315,0.587778,-0.541391,0.190141,-106.917,117.898,-1689.29,0.154849,4,OK,-106.798,117.849,-1689.39,OK,-147.676,88.6486,-1687.3,OK,-141.61,40.8294,-1713.67,OK,-84.9356,72.0299,-1721.07,,364690147,Port:2,0,1773303769,118824164,Enabled,0.916474,0.0221829,0.0385203,0.397618,-107.36,261.629,-1642.28,0.147189,3,OK,-107.19,261.711,-1642.3,OK,-146.602,228.771,-1639.14,OK,-153.351,304.802,-1637.77,,364690147,Port:3,0,1773303769,118824164,Missing,,,,,,,,,4,Missing,,,,Missing,,,,Missing,,,,Missing,,,,,364690147,Port:65535,0,1773303769,118824164,Missing,,,,,,,,,0
4,,364690150,Port:1,0,1773303769,168824164,50000000,Enabled,0.567032,0.601591,-0.52608,0.199508,-108.899,109.562,-1685.34,0.176072,4,OK,-108.764,109.51,-1685.48,OK,-148.287,78.49,-1683.1,OK,-140.301,31.1081,-1709.76,OK,-85.1559,64.8537,-1717.44,,364690150,Port:2,0,1773303769,168824164,Enabled,0.916525,0.0218691,0.0380568,0.397561,-107.356,261.626,-1642.23,0.149842,3,OK,-107.178,261.704,-1642.25,OK,-146.609,228.778,-1639.12,OK,-153.352,304.806,-1637.78,,364690150,Port:3,0,1773303769,168824164,Missing,,,,,,,,,4,Missing,,,,Missing,,,,Missing,,,,Missing,,,,,364690150,Port:65535,0,1773303769,168824164,Missing,,,,,,,,,0
4,,364690153,Port:1,0,1773303769,218824164,50000003,Enabled,0.565623,0.619144,-0.500006,0.21616,-111.415,101.266,-1682.52,0.183162,4,OK,-111.283,101.229,-1682.69,OK,-148.51,67.5687,-1679.48,OK,-137.674,20.643,-1706.03,OK,-85.1006,58.093,-1714.71,,364690153,Port:2,0,1773303769,218824164,Enabled,0.916534,0.0219435,0.0377031,0.397571,-107.355,261.621,-1642.22,0.144846,3,OK,-107.185,261.7,-1642.23,OK,-146.607,228.775,-1639.14,OK,-153.349,304.795,-1637.78,,364690153,Port:3,0,1773303769,218824164,Missing,,,,,,,,,4,Missing,,,,Missing,,,,Missing,,,,Missing,,,,,364690153,Port:65535,0,1773303769,218824164,Missing,,,,,,,,,0
4,,364690156,Port:1,0,1773303769,268824167,50000000,Enabled,0.564215,0.639435,-0.469486,0.228839,-112.538,93.0666,-1679.33,0.200255,4,OK,-112.414,93.0439,-1679.53,OK,-146.987,56.7552,-1675.27,OK,-133.448,10.6985,-1702.15,OK,-83.9829,51.8526,-1712.17,,364690156,Port:2,0,1773303769,268824167,Enabled,0.91649,0.0219385,0.0386435,0.397581,-107.361,261.622,-1642.26,0.147203,3,OK,-107.191,261.704,-1642.27,OK,-146.605,228.768,-1639.09,OK,-153.35,304.799,-1637.77,,364690156,Port:3,0,1773303769,268824167,Missing,,,,,,,,,4,Missing,,,,Missing,,,,Missing,,,,Missing,,,,,364690156,Port:65535,0,1773303769,268824167,Missing,,,,,,,,,0
4,,364690159,Port:1,0,1773303769,318824167,50000000,Enabled,0.561471,0.661295,-0.438101,0.2356,-112.12,84.9048,-1675.35,0.206854,4,OK,-111.988,84.8983,-1675.55,OK,-143.813,46.2632,-1670.43,OK,-128.035,1.4068,-1698.16,OK,-81.9332,45.9928,-1709.48,,364690159,Port:2,0,1773303769,318824167,Enabled,0.916505,0.0220443,0.0379138,0.397611,-107.355,261.628,-1642.23,0.144558,3,OK,-107.186,261.708,-1642.25,OK,-146.602,228.78,-1639.14,OK,-153.35,304.795,-1637.77,,364690159,Port:3,0,1773303769,318824167,Missing,,,,,,,,,4,Missing,,,,Missing,,,,Missing,,,,Missing,,,,,364690159,Port:65535,0,1773303769,318824167,Missing,,,,,,,,,0
4,,364690162,Port:1,0,1773303769,368824167,50000000,Enabled,0.557859,0.680925,-0.408777,0.240905,-110.633,77.3115,-1672.11,0.205613,4,OK,-110.52,77.3021,-1672.32,OK,-139.646,36.7146,-1666.54,OK,-121.941,-6.86836,-1695.2,OK,-79.1314,40.6525,-1707.57,,364690162,Port:2,0,1773303769,368824167,Enabled,0.91648,0.0222035,0.0383871,0.397615,-107.358,261.618,-1642.26,0.144294,3,OK,-107.193,261.699,-1642.27,OK,-146.599,228.761,-1639.12,OK,-153.349,304.791,-1637.75,,364690162,Port:3,0,1773303769,368824167,Missing,,,,,,,,,4,Missing,,,,Missing,,,,Missing,,,,Missing,,,,,364690162,Port:65535,0,1773303769,368824167,Missing,,,,,,,,,0
4,,364690165,Port:1,0,1773303769,418824167,50000000,Enabled,0.555176,0.697192,-0.380157,0.247351,-108.914,70.7751,-1669.85,0.214939,4,OK,-108.816,70.7918,-1670.04,OK,-135.275,28.4924,-1663.57,OK,-115.741,-13.909,-1692.92,OK,-76.2515,36.1488,-1706.36,,364690165,Port:2,0,1773303769,418824167,Enabled,0.916462,0.0225151,0.0385259,0.397626,-107.357,261.622,-1642.27,0.148974,3,OK,-107.187,261.709,-1642.28,OK,-146.601,228.759,-1639.13,OK,-153.344,304.79,-1637.72,,364690165,Port:3,0,1773303769,418824167,Missing,,,,,,,,,4,Missing,,,,Missing,,,,Missing,,,,Missing,,,,,364690165,Port:65535,0,1773303769,418824167,Missing,,,,,,,,,0
4,,364690168,Port:1,0,1773303769,468824167,50000000,Enabled,0.547833,0.71161,-0.360167,0.252527,-107.303,65.0119,-1668.25,0.201654,4,OK,-107.209,65.0353,-1668.43,OK,-131.483,21.4448,-1662.1,OK,-110.424,-19.619,-1692.29,OK,-73.6487,32.433,-1705.72,,364690168,Port:2,0,1773303769,468824167,Enabled,0.91649,0.021806,0.0386373,0.39759,-107.36,261.621,-1642.26,0.146798,3,OK,-107.193,261.704,-1642.27,OK,-146.602,228.761,-1639.09,OK,-153.348,304.801,-1637.78,,364690168,Port:3,0,1773303769,468824167,Missing,,,,,,,,,4,Missing,,,,Missing,,,,Missing,,,,Missing,,,,,364690168,Port:65535,0,1773303769,468824167,Missing,,,,,,,,,0
4,,364690171,Port:1,0,1773303769,518824167,50000000,Enabled,0.542997,0.721741,-0.341761,0.259699,-105.932,60.7557,-1667.66,0.238406,4,OK,-105.833,60.771,-1667.89,OK,-128.122,16.1407,-1661.35,OK,-105.636,-23.849,-1692,OK,-71.31,29.8255,-1705.62,,364690171,Port:2,0,1773303769,518824167,Enabled,0.916484,0.0221501,0.0383854,0.397609,-107.352,261.617,-1642.25,0.144951,3,OK,-107.183,261.697,-1642.27,OK,-146.595,228.764,-1639.12,OK,-153.344,304.789,-1637.75,,364690171,Port:3,0,1773303769,518824167,Missing,,,,,,,,,4,Missing,,,,Missing,,,,Missing,,,,Missing,,,,,364690171,Port:65535,0,1773303769,518824167,Missing,,,,,,,,,0
4,,364690174,Port:1,0,1773303769,568824167,50000000,Enabled,0.537825,0.728194,-0.330073,0.26745,-104.064,58.9959,-1668.19,0.243802,4,OK,-103.964,58.9939,-1668.41,OK,-124.806,13.6752,-1661.98,OK,-101.061,-25.4793,-1692.78,OK,-68.4983,29.3324,-1706.3,,364690174,Port:2,0,1773303769,568824167,Enabled,0.91651,0.0218578,0.038141,0.397589,-107.354,261.619,-1642.24,0.147034,3,OK,-107.184,261.7,-1642.25,OK,-146.602,228.764,-1639.12,OK,-153.347,304.797,-1637.78,,364690174,Port:3,0,1773303769,568824167,Missing,,,,,,,,,4,Missing,,,,Missing,,,,Missing,,,,Missing,,,,,364690174,Port:65535,0,1773303769,568824167,Missing,,,,,,,,,0
4,,364690177,Port:1,0,1773303769,618824167,50000000,Enabled,0.535877,0.729064,-0.328967,0.270338,-102.548,60.4072,-1669.42,0.232643,4,OK,-102.431,60.3959,-1669.66,OK,-122.994,14.9529,-1663.37,OK,-98.9152,-24.0095,-1694.11,OK,-66.6978,31.0182,-1707.39,,364690177,Port:2,0,1773303769,618824167,Enabled,0.916501,0.0220927,0.0379205,0.397618,-107.349,261.618,-1642.21,0.144186,3,OK,-107.182,261.699,-1642.22,OK,-146.594,228.764,-1639.12,OK,-153.343,304.79,-1637.74,,364690177,Port:3,0,1773303769,618824167,Missing,,,,,,,,,4,Missing,,,,Missing,,,,Missing,,,,Missing,,,,,364690177,Port:65535,0,1773303769,618824167,Missing,,,,,,,,,0
4,,364690180,Port:1,0,1773303769,668824167,50000000,Enabled,0.537515,0.723119,-0.328964,0.282772,-104.39,64.0735,-1672.68,0.256792,4,OK,-104.288,64.0695,-1672.94,OK,-124.577,18.5444,-1666.22,OK,-99.5542,-20.7036,-1695.88,OK,-67.5011,34.3495,-1709.41,,364690180,Port:2,0,1773303769,668824167,Enabled,0.916499,0.022171,0.0382372,0.397587,-107.352,261.614,-1642.24,0.147582,3,OK,-107.181,261.699,-1642.26,OK,-146.6,228.761,-1639.13,OK,-153.34,304.785,-1637.75,,364690180,Port:3,0,1773303769,668824167,Missing,,,,,,,,,4,Missing,,,,Missing,,,,Missing,,,,Missing,,,,,364690180,Port:65535,0,1773303769,668824167,Missing,,,,,,,,,0
4,,364690183,Port:1,0,1773303769,718824167,50000000,Enabled,0.538808,0.716424,-0.337059,0.287773,-106.112,68.2037,-1675.6,0.254879,4,OK,-105.992,68.1849,-1675.87,OK,-126.917,22.9615,-1669.2,OK,-101.826,-16.8045,-1698.05,OK,-68.9166,37.7834,-1711.37,,364690183,Port:2,0,1773303769,718824167,Enabled,0.916497,0.0220611,0.0379487,0.397626,-107.349,261.613,-1642.22,0.142718,3,OK,-107.184,261.692,-1642.23,OK,-146.592,228.758,-1639.12,OK,-153.344,304.784,-1637.75,,364690183,Port:3,0,1773303769,718824167,Missing,,,,,,,,,4,Missing,,,,Missing,,,,Missing,,,,Missing,,,,,364690183,Port:65535,0,1773303769,718824167,Missing,,,,,,,,,0
4,,364690186,Port:1,0,1773303769,768824167,50000000,Enabled,0.541462,0.7133,-0.334004,0.294047,-107.499,71.4625,-1677.58,0.259915,4,OK,-107.382,71.4324,-1677.86,OK,-128.013,26.1447,-1670.69,OK,-102.455,-13.7868,-1698.89,OK,-69.8491,40.8612,-1712.76,,364690186,Port:2,0,1773303769,768824167,Enabled,0.916478,0.0222232,0.0385648,0.397601,-107.354,261.617,-1642.24,0.142851,3,OK,-107.187,261.696,-1642.26,OK,-146.595,228.768,-1639.09,OK,-153.343,304.784,-1637.73,,364690186,Port:3,0,1773303769,768824167,Missing,,,,,,,,,4,Missing,,,,Missing,,,,Missing,,,,Missing,,,,,364690186,Port:65535,0,1773303769,768824167,Missing,,,,,,,,,0
4,,364690189,Port:1,0,1773303769,818824167,50000000,Enabled,0.544441,0.706626,-0.3409,0.296734,-108.539,75.0263,-1679.08,0.265576,4,OK,-108.42,75.0106,-1679.37,OK,-129.707,30.0454,-1672.04,OK,-104.347,-10.4911,-1699.55,OK,-70.86,43.6075,-1713.43,,364690189,Port:2,0,1773303769,818824167,Enabled,0.916516,0.0219043,0.0383473,0.397553,-107.35,261.611,-1642.22,0.149234,3,OK,-107.176,261.694,-1642.24,OK,-146.601,228.76,-1639.09,OK,-153.338,304.788,-1637.76,,364690189,Port:3,0,1773303769,818824167,Missing,,,,,,,,,4,Missing,,,,Missing,,,,Missing,,,,Missing,,,,,364690189,Port:65535,0,1773303769,818824167,Missing,,,,,,,,,0
4,,364690192,Port:1,0,1773303769,868824167,50000000,Enabled,0.547617,0.7027,-0.342496,0.298369,-108.451,77.1814,-1680.38,0.244737,4,OK,-108.329,77.1601,-1680.65,OK,-129.869,32.3701,-1673.07,OK,-104.603,-8.52558,-1700.05,OK,-70.7971,45.2621,-1714.3,,364690192,Port:2,0,1773303769,868824167,Enabled,0.916468,0.0216413,0.038986,0.397615,-107.357,261.617,-1642.26,0.149455,3,OK,-107.184,261.698,-1642.27,OK,-146.596,228.757,-1639.05,OK,-153.351,304.798,-1637.79,,364690192,Port:3,0,1773303769,868824167,Missing,,,,,,,,,4,Missing,,,,Missing,,,,Missing,,,,Missing,,,,,364690192,Port:65535,0,1773303769,868824167,Missing,,,,,,,,,0
4,,364690195,Port:1,0,1773303769,918824167,50000000,Enabled,0.552594,0.694483,-0.350106,0.299598,-107.207,80.61,-1682.85,0.266638,4,OK,-107.07,80.5754,-1683.15,OK,-129.502,36.2671,-1675.23,OK,-104.697,-5.38887,-1701.43,OK,-69.7549,47.6279,-1715.92,,364690195,Port:2,0,1773303769,918824167,Enabled,0.916488,0.0221677,0.0384844,0.397589,-107.353,261.62,-1642.26,0.148067,3,OK,-107.183,261.705,-1642.27,OK,-146.599,228.765,-1639.11,OK,-153.34,304.792,-1637.75,,364690195,Port:3,0,1773303769,918824167,Missing,,,,,,,,,4,Missing,,,,Missing,,,,Missing,,,,Missing,,,,,364690195,Port:65535,0,1773303769,918824167,Missing,,,,,,,,,0
4,,364690198,Port:1,0,1773303769,968824167,50000000,Enabled,0.558775,0.684342,-0.36464,0.294081,-104.77,85.3147,-1685.8,0.250087,4,OK,-104.642,85.2787,-1686.08,OK,-128.755,41.8901,-1678.11,OK,-105.26,-0.842424,-1703.74,OK,-68.2483,50.7024,-1718.24,,364690198,Port:2,0,1773303769,968824167,Enabled,0.916476,0.021988,0.0386779,0.397609,-107.351,261.612,-1642.25,0.14855,3,OK,-107.179,261.694,-1642.26,OK,-146.595,228.756,-1639.08,OK,-153.344,304.786,-1637.75,,364690198,Port:3,0,1773303769,968824167,Missing,,,,,,,,,4,Missing,,,,Missing,,,,Missing,,,,Missing,,,,,364690198,Port:65535,0,1773303769,968824167,Missing,,,,,,,,,0
4,,364690201,Port:1,0,1773303770,18824167,50000000,Enabled,0.565206,0.672539,-0.377874,0.292311,-104.482,90.2252,-1690.27,0.225914,4,OK,-104.348,90.1771,-1690.52,OK,-129.965,47.7022,-1682.43,OK,-107.522,3.90352,-1707.1,OK,-68.6576,54.0287,-1721.74,,364690201,Port:2,0,1773303770,18824167,Enabled,0.916485,0.0219895,0.0383855,0.397617,-107.348,261.608,-1642.27,0.150527,3,OK,-107.172,261.687,-1642.29,OK,-146.593,228.748,-1639.14,OK,-153.346,304.787,-1637.79,,364690201,Port:3,0,1773303770,18824167,Missing,,,,,,,,,4,Missing,,,,Missing,,,,Missing,,,,Missing,,,,,364690201,Port:65535,0,1773303770,18824167,Missing,,,,,,,,,0
4,,364690204,Port:1,0,1773303770,68824167,50000000,Enabled,0.56452,0.653501,-0.404648,0.300856,-107.906,94.34,-1695.96,0.270625,4,OK,-107.78,94.2816,-1696.26,OK,-135.462,52.9689,-1688.99,OK,-113.565,8.0149,-1712.09,OK,-71.9422,56.3449,-1725.05,,364690204,Port:2,0,1773303770,68824167,Enabled,0.916478,0.0217104,0.0388094,0.397605,-107.347,261.606,-1642.27,0.149693,3,OK,-107.177,261.693,-1642.28,OK,-146.591,228.745,-1639.08,OK,-153.337,304.783,-1637.8,,364690204,Port:3,0,1773303770,68824167,Missing,,,,,,,,,4,Missing,,,,Missing,,,,Missing,,,,Missing,,,,,364690204,Port:65535,0,1773303770,68824167,Missing,,,,,,,,,0
4,,364690207,Port:1,0,1773303770,118824167,50000000,Enabled,0.560047,0.64314,-0.427021,0.300617,-109.169,96.9902,-1698.17,0.242774,4,OK,-109.028,96.9253,-1698.43,OK,-138.377,56.5565,-1692.55,OK,-117.284,11.0544,-1715.17,OK,-73.5769,57.9584,-1726.33,,364690207,Port:2,0,1773303770,118824167,Enabled,0.916494,0.0222067,0.0383515,0.397585,-107.347,261.599,-1642.24,0.145209,3,OK,-107.178,261.678,-1642.26,OK,-146.591,228.747,-1639.11,OK,-153.337,304.774,-1637.74,,364690207,Port:3,0,1773303770,118824167,Missing,,,,,,,,,4,Missing,,,,Missing,,,,Missing,,,,Missing,,,,,364690207,Port:65535,0,1773303770,118824167,Missing,,,,,,,,,0
4,,364690210,Port:1,0,1773303770,168824167,50000000,Enabled,0.562569,0.639913,-0.429494,0.29927,-109.877,99.376,-1699.89,0.233881,4,OK,-109.743,99.3161,-1700.14,OK,-139.448,59.2283,-1694.14,OK,-118.758,13.4371,-1716.53,OK,-74.6008,59.9102,-1727.88,,364690210,Port:2,0,1773303770,168824167,Enabled,0.91649,0.0221974,0.0383212,0.397599,-107.349,261.61,-1642.26,0.152702,3,OK,-107.172,261.696,-1642.27,OK,-146.601,228.753,-1639.13,OK,-153.34,304.779,-1637.76,,364690210,Port:3,0,1773303770,168824167,Missing,,,,,,,,,4,Missing,,,,Missing,,,,Missing,,,,Missing,,,,,364690210,Port:65535,0,1773303770,168824167,Missing,,,,,,,,,0
4,,364690213,Port:1,0,1773303770,218824167,49999999,Enabled,0.562424,0.623736,-0.445755,0.309734,-112.469,104.04,-1705.68,0.250543,4,OK,-112.319,103.974,-1705.95,OK,-143.13,64.6565,-1700.49,OK,-122.657,18.0488,-1721.24,OK,-77.0333,63.3098,-1731.46,,364690213,Port:2,0,1773303770,218824167,Enabled,0.916479,0.0220058,0.0383257,0.397635,-107.345,261.604,-1642.24,0.145961,3,OK,-107.177,261.687,-1642.25,OK,-146.588,228.746,-1639.11,OK,-153.339,304.774,-1637.76,,364690213,Port:3,0,1773303770,218824167,Missing,,,,,,,,,4,Missing,,,,Missing,,,,Missing,,,,Missing,,,,,364690213,Port:65535,0,1773303770,218824167,Missing,,,,,,,,,0
4,,364690216,Port:1,0,1773303770,268824166,50000000,Enabled,0.561578,0.60329,-0.472275,0.312454,-113.292,110.53,-1711.97,0.278613,4,OK,-113.151,110.453,-1712.28,OK,-145.996,72.6901,-1707.91,OK,-126.856,25.0046,-1727.45,OK,-78.6845,67.918,-1735.76,,364690216,Port:2,0,1773303770,268824166,Enabled,0.916513,0.0219705,0.0381307,0.397577,-107.347,261.604,-1642.25,0.145329,3,OK,-107.18,261.685,-1642.27,OK,-146.593,228.75,-1639.14,OK,-153.338,304.784,-1637.79,,364690216,Port:3,0,1773303770,268824166,Missing,,,,,,,,,4,Missing,,,,Missing,,,,Missing,,,,Missing,,,,,364690216,Port:65535,0,1773303770,268824166,Missing,,,,,,,,,0
4,,364690219,Port:1,0,1773303770,318824166,50000000,Enabled,0.565251,0.591545,-0.482939,0.311987,-112.687,115.945,-1716.02,0.238863,4,OK,-112.538,115.861,-1716.27,OK,-146.453,79.0437,-1712.13,OK,-128.304,30.6408,-1730.77,OK,-78.8868,72.1759,-1738.87,,364690219,Port:2,0,1773303770,318824166,Enabled,0.916484,0.0220574,0.0384161,0.39761,-107.349,261.613,-1642.26,0.145894,3,OK,-107.18,261.691,-1642.27,OK,-146.591,228.757,-1639.12,OK,-153.343,304.789,-1637.77,,364690219,Port:3,0,1773303770,318824166,Missing,,,,,,,,,4,Missing,,,,Missing,,,,Missing,,,,Missing,,,,,364690219,Port:65535,0,1773303770,318824166,Missing,,,,,,,,,0
4,,364690222,Port:1,0,1773303770,368824166,50000000,Enabled,0.572385,0.581981,-0.483367,0.316276,-112.319,119.864,-1719.26,0.272963,4,OK,-112.167,119.772,-1719.55,OK,-146.425,83.3682,-1714.64,OK,-128.684,34.3868,-1732.14,OK,-78.8427,75.2802,-1740.89,,364690222,Port:2,0,1773303770,368824166,Enabled,0.916524,0.0218428,0.037838,0.397587,-107.349,261.609,-1642.23,0.14752,3,OK,-107.177,261.688,-1642.24,OK,-146.599,228.756,-1639.14,OK,-153.345,304.788,-1637.79,,364690222,Port:3,0,1773303770,368824166,Missing,,,,,,,,,4,Missing,,,,Missing,,,,Missing,,,,Missing,,,,,364690222,Port:65535,0,1773303770,368824166,Missing,,,,,,,,,0
4,,364690225,Port:1,0,1773303770,418824166,50000000,Enabled,0.575564,0.569713,-0.494232,0.316051,-111.564,123.89,-1722.52,0.236087,4,OK,-111.422,123.788,-1722.76,OK,-146.709,88.3762,-1718.15,OK,-129.993,38.7554,-1734.75,OK,-78.9372,78.1818,-1743.14,,364690225,Port:2,0,1773303770,418824166,Enabled,0.91646,0.022006,0.0386253,0.397648,-107.352,261.612,-1642.29,0.146473,3,OK,-107.186,261.697,-1642.3,OK,-146.592,228.75,-1639.12,OK,-153.344,304.78,-1637.79,,364690225,Port:3,0,1773303770,418824166,Missing,,,,,,,,,4,Missing,,,,Missing,,,,Missing,,,,Missing,,,,,364690225,Port:65535,0,1773303770,418824166,Missing,,,,,,,,,0
4,,364690228,Port:1,0,1773303770,468824166,50000000,Enabled,0.578566,0.55364,-0.508358,0.316727,-110.543,128.464,-1726.45,0.276314,4,OK,-110.414,128.371,-1726.74,OK,-146.936,94.1887,-1722.4,OK,-131.507,43.8147,-1738.05,OK,-78.9514,81.4107,-1745.62,,364690228,Port:2,0,1773303770,468824166,Enabled,0.916493,0.021769,0.0384344,0.397604,-107.349,261.608,-1642.26,0.149702,3,OK,-107.177,261.688,-1642.27,OK,-146.593,228.746,-1639.11,OK,-153.345,304.793,-1637.8,,364690228,Port:3,0,1773303770,468824166,Missing,,,,,,,,,4,Missing,,,,Missing,,,,Missing,,,,Missing,,,,,364690228,Port:65535,0,1773303770,468824166,Missing,,,,,,,,,0
4,,364690231,Port:1,0,1773303770,518824166,50000000,Enabled,0.581376,0.539012,-0.521529,0.315397,-109.062,132.634,-1729.75,0.229097,4,OK,-108.924,132.538,-1729.99,OK,-146.625,99.6095,-1726.17,OK,-132.556,48.589,-1740.88,OK,-78.6783,84.3734,-1747.85,,364690231,Port:2,0,1773303770,518824166,Enabled,0.916468,0.0219828,0.038641,0.39763,-107.348,261.607,-1642.26,0.145039,3,OK,-107.179,261.683,-1642.28,OK,-146.584,228.747,-1639.1,OK,-153.344,304.785,-1637.77,,364690231,Port:3,0,1773303770,518824166,Missing,,,,,,,,,4,Missing,,,,Missing,,,,Missing,,,,Missing,,,,,364690231,Port:65535,0,1773303770,518824166,Missing,,,,,,,,,0
4,,364690234,Port:1,0,1773303770,568824166,50000000,Enabled,0.585958,0.529133,-0.52758,0.313578,-107.417,135.808,-1732.09,0.242557,4,OK,-107.28,135.712,-1732.34,OK,-145.715,103.638,-1728.39,OK,-132.677,52.1895,-1742.49,OK,-77.9718,86.7029,-1749.45,,364690234,Port:2,0,1773303770,568824166,Enabled,0.916464,0.0218057,0.0386978,0.397644,-107.351,261.604,-1642.25,0.146123,3,OK,-107.183,261.685,-1642.27,OK,-146.588,228.743,-1639.08,OK,-153.346,304.78,-1637.78,,364690234,Port:3,0,1773303770,568824166,Missing,,,,,,,,,4,Missing,,,,Missing,,,,Missing,,,,Missing,,,,,364690234,Port:65535,0,1773303770,568824166,Missing,,,,,,,,,0
4,,364690237,Port:1,0,1773303770,618824166,50000000,Enabled,0.589541,0.523157,-0.52952,0.313618,-106.166,137.949,-1734.23,0.248643,4,OK,-106.021,137.851,-1734.48,OK,-144.813,106.208,-1730.31,OK,-132.291,54.5113,-1743.89,OK,-77.2052,88.3775,-1751.05,,364690237,Port:2,0,1773303770,618824166,Enabled,0.91649,0.0220985,0.0385078,0.397587,-107.35,261.608,-1642.3,0.149474,3,OK,-107.178,261.691,-1642.32,OK,-146.596,228.749,-1639.15,OK,-153.34,304.788,-1637.8,,364690237,Port:3,0,1773303770,618824166,Missing,,,,,,,,,4,Missing,,,,Missing,,,,Missing,,,,Missing,,,,,364690237,Port:65535,0,1773303770,618824166,Missing,,,,,,,,,0
4,,364690240,Port:1,0,1773303770,668824166,50000000,Enabled,0.590634,0.513064,-0.5389,0.312256,-104.535,140.416,-1736.96,0.247042,4,OK,-104.396,140.313,-1737.21,OK,-143.938,109.592,-1733.43,OK,-132.417,57.5332,-1746.54,OK,-76.4691,90.1013,-1753.07,,364690240,Port:2,0,1773303770,668824166,Enabled,0.916505,0.0219066,0.0381591,0.397596,-107.347,261.603,-1642.26,0.145512,3,OK,-107.178,261.681,-1642.28,OK,-146.592,228.749,-1639.14,OK,-153.342,304.783,-1637.8,,364690240,Port:3,0,1773303770,668824166,Missing,,,,,,,,,4,Missing,,,,Missing,,,,Missing,,,,Missing,,,,,364690240,Port:65535,0,1773303770,668824166,Missing,,,,,,,,,0
4,,364690243,Port:1,0,1773303770,718824166,50000000,Enabled,0.593895,0.498017,-0.549647,0.311697,-102.142,143.696,-1740.79,0.216004,4,OK,-102.008,143.585,-1740.99,OK,-142.509,114.113,-1737.61,OK,-132.316,61.5649,-1749.72,OK,-75.3258,92.3338,-1755.73,,364690243,Port:2,0,1773303770,718824166,Enabled,0.916478,0.021871,0.0385166,0.397626,-107.343,261.606,-1642.26,0.148784,3,OK,-107.175,261.691,-1642.27,OK,-146.586,228.742,-1639.1,OK,-153.335,304.781,-1637.79,,364690243,Port:3,0,1773303770,718824166,Missing,,,,,,,,,4,Missing,,,,Missing,,,,Missing,,,,Missing,,,,,364690243,Port:65535,0,1773303770,718824166,Missing,,,,,,,,,0
4,,364690246,Port:1,0,1773303770,768824166,50000000,Enabled,0.594615,0.479877,-0.567248,0.307214,-98.8329,147.767,-1745.35,0.213037,4,OK,-98.708,147.649,-1745.56,OK,-140.519,119.984,-1743.1,OK,-132.283,66.9562,-1754.63,OK,-73.865,95.1824,-1759.27,,364690246,Port:2,0,1773303770,768824166,Enabled,0.916491,0.0220773,0.0382141,0.397614,-107.347,261.606,-1642.26,0.144526,3,OK,-107.179,261.686,-1642.28,OK,-146.59,228.753,-1639.15,OK,-153.34,304.777,-1637.78,,364690246,Port:3,0,1773303770,768824166,Missing,,,,,,,,,4,Missing,,,,Missing,,,,Missing,,,,Missing,,,,,364690246,Port:65535,0,1773303770,768824166,Missing,,,,,,,,,0
4,,364690249,Port:1,0,1773303770,818824166,50000000,Enabled,0.597945,0.456037,-0.582777,0.307999,-95.1538,152.604,-1751.27,0.21457,4,OK,-95.0205,152.483,-1751.46,OK,-138.034,126.661,-1749.68,OK,-131.787,73.1091,-1759.76,OK,-72.121,98.696,-1763.24,,364690249,Port:2,0,1773303770,818824166,Enabled,0.916452,0.0222987,0.0385921,0.397654,-107.347,261.608,-1642.31,0.146629,3,OK,-107.177,261.69,-1642.32,OK,-146.587,228.751,-1639.16,OK,-153.341,304.772,-1637.78,,364690249,Port:3,0,1773303770,818824166,Missing,,,,,,,,,4,Missing,,,,Missing,,,,Missing,,,,Missing,,,,,364690249,Port:65535,0,1773303770,818824166,Missing,,,,,,,,,0
4,,364690252,Port:1,0,1773303770,868824166,50000000,Enabled,0.604318,0.433314,-0.593397,0.308091,-91.445,157.615,-1757.06,0.174293,4,OK,-91.3275,157.491,-1757.19,OK,-135.353,133.452,-1755.7,OK,-131.083,79.4435,-1764.15,OK,-70.3659,102.519,-1767.2,,364690252,Port:2,0,1773303770,868824166,Enabled,0.91648,0.021876,0.0383995,0.397631,-107.347,261.606,-1642.27,0.143368,3,OK,-107.182,261.686,-1642.28,OK,-146.586,228.749,-1639.13,OK,-153.341,304.78,-1637.8,,364690252,Port:3,0,1773303770,868824166,Missing,,,,,,,,,4,Missing,,,,Missing,,,,Missing,,,,Missing,,,,,364690252,Port:65535,0,1773303770,868824166,Missing,,,,,,,,,0
4,,364690255,Port:1,0,1773303770,918824166,50000000,Enabled,0.610247,0.409583,-0.605051,0.306193,-87.8653,162.209,-1762.43,0.157346,4,OK,-87.7626,162.081,-1762.54,OK,-132.816,140.058,-1761.41,OK,-130.787,85.6911,-1768.45,OK,-69.0606,105.991,-1770.82,,364690255,Port:2,0,1773303770,918824166,Enabled,0.916448,0.0220496,0.0387599,0.397661,-107.351,261.616,-1642.3,0.150514,3,OK,-107.177,261.701,-1642.32,OK,-146.592,228.754,-1639.13,OK,-153.346,304.783,-1637.8,,364690255,Port:3,0,1773303770,918824166,Missing,,,,,,,,,4,Missing,,,,Missing,,,,Missing,,,,Missing,,,,,364690255,Port:65535,0,1773303770,918824166,Missing,,,,,,,,,0
4,,364690258,Port:1,0,1773303770,968824166,50000000,Enabled,0.61065,0.38647,-0.61952,0.3065,-84.7072,165.363,-1767.43,0.16038,4,OK,-84.604,165.235,-1767.54,OK,-130.524,145.008,-1767.42,OK,-130.44,90.5036,-1773.34,OK,-67.9154,108.28,-1774.13,,364690258,Port:2,0,1773303770,968824166,Enabled,0.916472,0.0219685,0.038179,0.397666,-107.35,261.612,-1642.27,0.146086,3,OK,-107.184,261.698,-1642.28,OK,-146.592,228.75,-1639.15,OK,-153.345,304.777,-1637.8,,364690258,Port:3,0,1773303770,968824166,Missing,,,,,,,,,4,Missing,,,,Missing,,,,Missing,,,,Missing,,,,,364690258,Port:65535,0,1773303770,968824166,Missing,,,,,,,,,0
4,,364690261,Port:1,0,1773303771,18824166,50000000,Enabled,0.613477,0.366763,-0.628106,0.307595,-81.1373,167.456,-1771.58,0.161255,4,OK,-81.0466,167.329,-1771.69,OK,-127.545,148.543,-1772.03,OK,-129.098,93.9439,-1776.77,OK,-66.0415,109.741,-1776.66,,364690261,Port:2,0,1773303771,18824166,Enabled,0.916498,0.0219462,0.0384173,0.397585,-107.348,261.598,-1642.27,0.143281,3,OK,-107.182,261.677,-1642.28,OK,-146.591,228.748,-1639.12,OK,-153.339,304.774,-1637.79,,364690261,Port:3,0,1773303771,18824166,Missing,,,,,,,,,4,Missing,,,,Missing,,,,Missing,,,,Missing,,,,,364690261,Port:65535,0,1773303771,18824166,Missing,,,,,,,,,0
4,,364690264,Port:1,0,1773303771,68824166,50000000,Enabled,0.616141,0.348943,-0.636333,0.306087,-76.8801,169.084,-1774.99,0.142719,4,OK,-76.7802,168.953,-1775.05,OK,-123.871,151.646,-1775.97,OK,-127.08,97.0568,-1779.72,OK,-63.5578,110.841,-1778.9,,364690264,Port:2,0,1773303771,68824166,Enabled,0.916487,0.0218746,0.0384302,0.397613,-107.345,261.598,-1642.23,0.147881,3,OK,-107.175,261.68,-1642.24,OK,-146.588,228.737,-1639.08,OK,-153.338,304.776,-1637.76,,364690264,Port:3,0,1773303771,68824166,Missing,,,,,,,,,4,Missing,,,,Missing,,,,Missing,,,,Missing,,,,,364690264,Port:65535,0,1773303771,68824166,Missing,,,,,,,,,0
4,,364690267,Port:1,0,1773303771,118824166,50000000,Enabled,0.613092,0.322738,-0.65469,0.302224,-71.4462,171.307,-1778.94,0.132271,4,OK,-71.3586,171.171,-1778.96,OK,-119.159,156.169,-1781.62,OK,-124.906,101.753,-1784.72,OK,-60.8703,112.425,-1781.58,,364690267,Port:2,0,1773303771,118824166,Enabled,0.916504,0.0220401,0.0381846,0.397589,-107.352,261.596,-1642.26,0.142067,3,OK,-107.186,261.673,-1642.27,OK,-146.594,228.746,-1639.14,OK,-153.344,304.774,-1637.78,,364690267,Port:3,0,1773303771,118824166,Missing,,,,,,,,,4,Missing,,,,Missing,,,,Missing,,,,Missing,,,,,364690267,Port:65535,0,1773303771,118824166,Missing,,,,,,,,,0
4,,364690270,Port:1,0,1773303771,168824166,50000000,Enabled,0.610878,0.29514,-0.670475,0.300306,-66.071,173.97,-1783.99,0.136552,4,OK,-65.9774,173.842,-1784,OK,-114.331,161.02,-1788.2,OK,-122.524,106.905,-1790.44,OK,-58.236,114.606,-1785.08,,364690270,Port:2,0,1773303771,168824166,Enabled,0.916471,0.0221219,0.0387218,0.397607,-107.351,261.6,-1642.29,0.145509,3,OK,-107.181,261.68,-1642.31,OK,-146.591,228.747,-1639.12,OK,-153.341,304.771,-1637.78,,364690270,Port:3,0,1773303771,168824166,Missing,,,,,,,,,4,Missing,,,,Missing,,,,Missing,,,,Missing,,,,,364690270,Port:65535,0,1773303771,168824166,Missing,,,,,,,,,0
4,,364690273,Port:1,0,1773303771,218824166,50000000,Enabled,0.609092,0.26525,-0.684232,0.300791,-60.5608,177.115,-1790.1,0.139638,4,OK,-60.4796,176.99,-1790.04,OK,-109.187,166.287,-1795.85,OK,-119.832,112.56,-1796.84,OK,-55.4858,117.437,-1789.32,,364690273,Port:2,0,1773303771,218824166,Enabled,0.916507,0.0217822,0.0381169,0.397602,-107.348,261.603,-1642.24,0.145191,3,OK,-107.18,261.682,-1642.25,OK,-146.592,228.747,-1639.12,OK,-153.342,304.781,-1637.8,,364690273,Port:3,0,1773303771,218824166,Missing,,,,,,,,,4,Missing,,,,Missing,,,,Missing,,,,Missing,,,,,364690273,Port:65535,0,1773303771,218824166,Missing,,,,,,,,,0
4,,364690276,Port:1,0,1773303771,268824166,50000000,Enabled,0.606407,0.237466,-0.696142,0.302105,-55.2528,180.482,-1796.52,0.13581,4,OK,-55.1718,180.366,-1796.46,OK,-104.048,171.479,-1803.74,OK,-116.888,118.215,-1803.7,OK,-52.7065,120.694,-1794,,364690276,Port:2,0,1773303771,268824166,Enabled,0.916478,0.0218692,0.03844,0.397634,-107.346,261.602,-1642.25,0.145661,3,OK,-107.179,261.684,-1642.26,OK,-146.586,228.743,-1639.1,OK,-153.339,304.775,-1637.78,,364690276,Port:3,0,1773303771,268824166,Missing,,,,,,,,,4,Missing,,,,Missing,,,,Missing,,,,Missing,,,,,364690276,Port:65535,0,1773303771,268824166,Missing,,,,,,,,,0
4,,364690279,Port:1,0,1773303771,318824166,50000000,Enabled,0.603568,0.209791,-0.706021,0.305332,-50.3723,183.63,-1803.37,0.133018,4,OK,-50.2985,183.519,-1803.3,OK,-99.1995,176.216,-1812,OK,-114.052,123.495,-1810.8,OK,-50.2032,123.897,-1798.96,,364690279,Port:2,0,1773303771,318824166,Enabled,0.916475,0.0221538,0.0383811,0.397631,-107.346,261.606,-1642.28,0.146982,3,OK,-107.177,261.689,-1642.3,OK,-146.59,228.749,-1639.15,OK,-153.339,304.774,-1637.78,,364690279,Port:3,0,1773303771,318824166,Missing,,,,,,,,,4,Missing,,,,Missing,,,,Missing,,,,Missing,,,,,364690279,Port:65535,0,1773303771,318824166,Missing,,,,,,,,,0
4,,364690282,Port:1,0,1773303771,368824166,50000000,Enabled,0.60666,0.185845,-0.709381,0.306927,-45.9308,186.225,-1809.24,0.126761,4,OK,-45.8619,186.115,-1809.23,OK,-94.868,180.249,-1818.34,OK,-111.587,128.166,-1815.9,OK,-47.9315,126.679,-1802.99,,364690282,Port:2,0,1773303771,368824166,Enabled,0.916478,0.022179,0.0385233,0.397608,-107.355,261.607,-1642.28,0.143496,3,OK,-107.191,261.69,-1642.29,OK,-146.596,228.752,-1639.13,OK,-153.342,304.777,-1637.77,,364690282,Port:3,0,1773303771,368824166,Missing,,,,,,,,,4,Missing,,,,Missing,,,,Missing,,,,Missing,,,,,364690282,Port:65535,0,1773303771,368824166,Missing,,,,,,,,,0
4,,364690285,Port:1,0,1773303771,418824166,50000000,Enabled,0.600866,0.160398,-0.719915,0.308146,-41.3701,188.121,-1814.57,0.145071,4,OK,-41.3012,188.016,-1814.48,OK,-90.1447,183.634,-1825.45,OK,-108.753,132.22,-1822.27,OK,-45.6878,128.823,-1807.06,,364690285,Port:2,0,1773303771,418824166,Enabled,0.91646,0.0222659,0.0386957,0.397629,-107.353,261.602,-1642.28,0.147397,3,OK,-107.183,261.687,-1642.29,OK,-146.594,228.743,-1639.12,OK,-153.342,304.769,-1637.75,,364690285,Port:3,0,1773303771,418824166,Missing,,,,,,,,,4,Missing,,,,Missing,,,,Missing,,,,Missing,,,,,364690285,Port:65535,0,1773303771,418824166,Missing,,,,,,,,,0
4,,364690288,Port:1,0,1773303771,468824166,50000000,Enabled,0.600159,0.141966,-0.724016,0.30896,-37.4079,189.402,-1818.84,0.163199,4,OK,-37.3567,189.288,-1818.71,OK,-86.0751,185.968,-1830.52,OK,-106.105,135.143,-1826.57,OK,-43.4386,130.419,-1810.23,,364690288,Port:2,0,1773303771,468824166,Enabled,0.916459,0.0219021,0.0387271,0.397648,-107.351,261.606,-1642.3,0.147447,3,OK,-107.183,261.689,-1642.31,OK,-146.589,228.741,-1639.13,OK,-153.345,304.781,-1637.81,,364690288,Port:3,0,1773303771,468824166,Missing,,,,,,,,,4,Missing,,,,Missing,,,,Missing,,,,Missing,,,,,364690288,Port:65535,0,1773303771,468824166,Missing,,,,,,,,,0
4,,364690291,Port:1,0,1773303771,518824166,50000000,Enabled,0.598585,0.132737,-0.726792,0.309599,-35.1336,189.904,-1820.88,0.212979,4,OK,-35.0776,189.793,-1820.68,OK,-83.7177,186.972,-1833.18,OK,-104.405,136.42,-1828.81,OK,-41.9951,131.075,-1811.81,,364690291,Port:2,0,1773303771,518824166,Enabled,0.916494,0.0223806,0.0380781,0.397603,-107.349,261.605,-1642.26,0.145673,3,OK,-107.181,261.689,-1642.28,OK,-146.596,228.752,-1639.17,OK,-153.338,304.772,-1637.75,,364690291,Port:3,0,1773303771,518824166,Missing,,,,,,,,,4,Missing,,,,Missing,,,,Missing,,,,Missing,,,,,364690291,Port:65535,0,1773303771,518824166,Missing,,,,,,,,,0
4,,364690294,Port:1,0,1773303771,568824166,50000000,Enabled,0.598883,0.131098,-0.727484,0.308091,-34.3547,189.891,-1821.12,0.17462,4,OK,-34.2913,189.783,-1820.97,OK,-82.9345,187.171,-1833.4,OK,-103.862,136.727,-1829.2,OK,-41.5048,131.102,-1812.06,,364690294,Port:2,0,1773303771,568824166,Enabled,0.916501,0.0217618,0.0381288,0.397616,-107.348,261.601,-1642.25,0.143172,3,OK,-107.183,261.68,-1642.26,OK,-146.59,228.747,-1639.13,OK,-153.344,304.776,-1637.81,,364690294,Port:3,0,1773303771,568824166,Missing,,,,,,,,,4,Missing,,,,Missing,,,,Missing,,,,Missing,,,,,364690294,Port:65535,0,1773303771,568824166,Missing,,,,,,,,,0
4,,364690297,Port:1,0,1773303771,618824166,50000000,Enabled,0.599687,0.130919,-0.72673,0.308381,-34.4053,189.564,-1821.14,0.155399,4,OK,-34.3399,189.453,-1821.03,OK,-83.0156,186.839,-1833.29,OK,-103.95,136.409,-1829.05,OK,-41.5343,130.786,-1811.95,,364690297,Port:2,0,1773303771,618824166,Enabled,0.916482,0.0220212,0.0386469,0.397596,-107.349,261.595,-1642.27,0.147814,3,OK,-107.176,261.674,-1642.28,OK,-146.592,228.741,-1639.1,OK,-153.342,304.773,-1637.77,,364690297,Port:3,0,1773303771,618824166,Missing,,,,,,,,,4,Missing,,,,Missing,,,,Missing,,,,Missing,,,,,364690297,Port:65535,0,1773303771,618824166,Missing,,,,,,,,,0
4,,364690300,Port:1,0,1773303771,668824166,50000000,Enabled,0.598334,0.131473,-0.727865,0.308096,-34.5974,189.22,-1820.83,0.170109,4,OK,-34.5363,189.103,-1820.69,OK,-83.1688,186.481,-1833.15,OK,-104.061,136.009,-1829.03,OK,-41.6952,130.417,-1811.81,,364690300,Port:2,0,1773303771,668824166,Enabled,0.916483,0.0220057,0.0383166,0.397626,-107.348,261.6,-1642.25,0.146077,3,OK,-107.179,261.682,-1642.26,OK,-146.591,228.743,-1639.12,OK,-153.341,304.771,-1637.77,,364690300,Port:3,0,1773303771,668824166,Missing,,,,,,,,,4,Missing,,,,Missing,,,,Missing,,,,Missing,,,,,364690300,Port:65535,0,1773303771,668824166,Missing,,,,,,,,,0
4,,364690303,Port:1,0,1773303771,718824166,50000000,Enabled,0.597034,0.132699,-0.728573,0.308418,-35.0944,189.039,-1820.49,0.190995,4,OK,-35.0429,188.934,-1820.33,OK,-83.6358,186.204,-1832.97,OK,-104.37,135.649,-1828.9,OK,-42.0555,130.17,-1811.62,,364690303,Port:2,0,1773303771,718824166,Enabled,0.916497,0.0220605,0.0378088,0.39764,-107.346,261.602,-1642.23,0.143683,3,OK,-107.181,261.683,-1642.24,OK,-146.591,228.746,-1639.15,OK,-153.342,304.769,-1637.77,,364690303,Port:3,0,1773303771,718824166,Missing,,,,,,,,,4,Missing,,,,Missing,,,,Missing,,,,Missing,,,,,364690303,Port:65535,0,1773303771,718824166,Missing,,,,,,,,,0
4,,364690306,Port:1,0,1773303771,768824166,50000000,Enabled,0.597567,0.136771,-0.727526,0.308081,-36.0674,189.094,-1819.91,0.178952,4,OK,-36.0029,188.987,-1819.76,OK,-84.6489,186.035,-1832.16,OK,-105.109,135.364,-1828.27,OK,-42.6572,130.166,-1811.26,,364690306,Port:2,0,1773303771,768824166,Enabled,0.916478,0.0216331,0.0385351,0.397637,-107.346,261.6,-1642.25,0.150177,3,OK,-107.177,261.687,-1642.27,OK,-146.59,228.734,-1639.09,OK,-153.34,304.776,-1637.81,,364690306,Port:3,0,1773303771,768824166,Missing,,,,,,,,,4,Missing,,,,Missing,,,,Missing,,,,Missing,,,,,364690306,Port:65535,0,1773303771,768824166,Missing,,,,,,,,,0
4,,364690309,Port:1,0,1773303771,818824166,50000000,Enabled,0.596849,0.143433,-0.726545,0.308758,-38.1281,189.261,-1818.92,0.186005,4,OK,-38.0635,189.156,-1818.76,OK,-86.7248,185.738,-1831,OK,-106.591,134.817,-1827.33,OK,-44.0233,130.199,-1810.63,,364690309,Port:2,0,1773303771,818824166,Enabled,0.916496,0.0220184,0.0383391,0.397593,-107.348,261.602,-1642.25,0.145352,3,OK,-107.179,261.683,-1642.27,OK,-146.593,228.751,-1639.12,OK,-153.339,304.775,-1637.77,,364690309,Port:3,0,1773303771,818824166,Missing,,,,,,,,,4,Missing,,,,Missing,,,,Missing,,,,Missing,,,,,364690309,Port:65535,0,1773303771,818824166,Missing,,,,,,,,,0
4,,364690312,Port:1,0,1773303771,868824166,50000000,Enabled,0.596117,0.155652,-0.726281,0.304848,-40.8163,189.435,-1816.47,0.147468,4,OK,-40.7602,189.326,-1816.37,OK,-89.4443,185.496,-1828.18,OK,-108.606,134.239,-1825.51,OK,-45.8424,130.144,-1809.31,,364690312,Port:2,0,1773303771,868824166,Enabled,0.916484,0.0221197,0.0384611,0.397604,-107.354,261.606,-1642.28,0.147524,3,OK,-107.185,261.691,-1642.29,OK,-146.599,228.75,-1639.14,OK,-153.342,304.777,-1637.78,,364690312,Port:3,0,1773303771,868824166,Missing,,,,,,,,,4,Missing,,,,Missing,,,,Missing,,,,Missing,,,,,364690312,Port:65535,0,1773303771,868824166,Missing,,,,,,,,,0
4,,364690315,Port:1,0,1773303771,918824166,50000000,Enabled,0.59852,0.172237,-0.721464,0.302652,-44.5442,189.466,-1813.59,0.134306,4,OK,-44.4833,189.358,-1813.52,OK,-93.2887,184.674,-1824.37,OK,-111.313,132.996,-1822.39,OK,-48.1736,129.972,-1807.47,,364690315,Port:2,0,1773303771,918824166,Enabled,0.916484,0.0223934,0.0383556,0.397599,-107.353,261.611,-1642.3,0.147312,3,OK,-107.183,261.695,-1642.32,OK,-146.599,228.756,-1639.18,OK,-153.34,304.779,-1637.78,,364690315,Port:3,0,1773303771,918824166,Missing,,,,,,,,,4,Missing,,,,Missing,,,,Missing,,,,Missing,,,,,364690315,Port:65535,0,1773303771,918824166,Missing,,,,,,,,,0
4,,364690318,Port:1,0,1773303771,968824166,50000000,Enabled,0.597862,0.187418,-0.716643,0.306363,-49.4557,188.988,-1811.38,0.130824,4,OK,-49.3895,188.884,-1811.33,OK,-98.1735,182.909,-1821.58,OK,-114.704,130.731,-1819.93,OK,-51.3271,129.363,-1805.82,,364690318,Port:2,0,1773303771,968824166,Enabled,0.916422,0.0221426,0.0392576,0.397667,-107.349,261.612,-1642.3,0.148765,3,OK,-107.18,261.7,-1642.32,OK,-146.583,228.746,-1639.08,OK,-153.338,304.778,-1637.76,,364690318,Port:3,0,1773303771,968824166,Missing,,,,,,,,,4,Missing,,,,Missing,,,,Missing,,,,Missing,,,,,364690318,Port:65535,0,1773303771,968824166,Missing,,,,,,,,,0
4,,364690321,Port:1,0,1773303772,18824166,50000000,Enabled,0.596062,0.20189,-0.713625,0.307718,-53.9329,188.483,-1808.33,0.134225,4,OK,-53.8557,188.383,-1808.26,OK,-102.599,181.369,-1818.18,OK,-117.811,128.751,-1817.09,OK,-54.2796,128.744,-1803.61,,364690321,Port:2,0,1773303772,18824166,Enabled,0.916496,0.0222479,0.0378529,0.397626,-107.35,261.606,-1642.23,0.144334,3,OK,-107.181,261.683,-1642.24,OK,-146.594,228.751,-1639.15,OK,-153.346,304.776,-1637.74,,364690321,Port:3,0,1773303772,18824166,Missing,,,,,,,,,4,Missing,,,,Missing,,,,Missing,,,,Missing,,,,,364690321,Port:65535,0,1773303772,18824166,Missing,,,,,,,,,0
4,,364690324,Port:1,0,1773303772,68824166,50000000,Enabled,0.598132,0.225735,-0.705835,0.305087,-58.7973,187.382,-1803.73,0.124181,4,OK,-58.7162,187.287,-1803.69,OK,-107.449,178.905,-1812.4,OK,-120.935,125.813,-1812.36,OK,-57.0871,127.574,-1800.61,,364690324,Port:2,0,1773303772,68824166,Enabled,0.916478,0.0217865,0.0385969,0.397623,-107.353,261.607,-1642.26,0.147089,3,OK,-107.184,261.689,-1642.27,OK,-146.593,228.746,-1639.09,OK,-153.346,304.783,-1637.79,,364690324,Port:3,0,1773303772,68824166,Missing,,,,,,,,,4,Missing,,,,Missing,,,,Missing,,,,Missing,,,,,364690324,Port:65535,0,1773303772,68824166,Missing,,,,,,,,,0
4,,364690327,Port:1,0,1773303772,118824166,50000000,Enabled,0.605547,0.249559,-0.691368,0.30503,-63.261,185.464,-1798.81,0.127485,4,OK,-63.1821,185.358,-1798.77,OK,-111.902,175.382,-1805.57,OK,-123.505,121.848,-1805.87,OK,-59.3139,125.725,-1796.79,,364690327,Port:2,0,1773303772,118824166,Enabled,0.916484,0.0219001,0.0384325,0.397617,-107.355,261.606,-1642.26,0.144317,3,OK,-107.191,261.688,-1642.27,OK,-146.595,228.747,-1639.11,OK,-153.347,304.783,-1637.78,,364690327,Port:3,0,1773303772,118824166,Missing,,,,,,,,,4,Missing,,,,Missing,,,,Missing,,,,Missing,,,,,364690327,Port:65535,0,1773303772,118824166,Missing,,,,,,,,,0
4,,364690330,Port:1,0,1773303772,168824166,50000000,Enabled,0.605471,0.274205,-0.683129,0.302574,-67.56,182.646,-1792.9,0.128967,4,OK,-67.468,182.551,-1792.85,OK,-115.994,171.036,-1798.72,OK,-125.727,117.139,-1800.22,OK,-61.4642,123.045,-1792.71,,364690330,Port:2,0,1773303772,168824166,Enabled,0.916442,0.0220912,0.0390754,0.397641,-107.353,261.607,-1642.29,0.14969,3,OK,-107.183,261.695,-1642.3,OK,-146.592,228.742,-1639.09,OK,-153.341,304.776,-1637.76,,364690330,Port:3,0,1773303772,168824166,Missing,,,,,,,,,4,Missing,,,,Missing,,,,Missing,,,,Missing,,,,,364690330,Port:65535,0,1773303772,168824166,Missing,,,,,,,,,0
4,,364690333,Port:1,0,1773303772,218824166,50000002,Enabled,0.607552,0.297465,-0.671988,0.301377,-71.7103,179.071,-1786.73,0.131926,4,OK,-71.608,178.962,-1786.74,OK,-119.875,165.87,-1791.27,OK,-127.762,111.717,-1793.78,OK,-63.5392,119.749,-1788.03,,364690333,Port:2,0,1773303772,218824166,Enabled,0.916474,0.0221725,0.0384459,0.397625,-107.355,261.607,-1642.27,0.146388,3,OK,-107.192,261.696,-1642.29,OK,-146.598,228.745,-1639.13,OK,-153.341,304.776,-1637.77,,364690333,Port:3,0,1773303772,218824166,Missing,,,,,,,,,4,Missing,,,,Missing,,,,Missing,,,,Missing,,,,,364690333,Port:65535,0,1773303772,218824166,Missing,,,,,,,,,0
4,,364690336,Port:1,0,1773303772,268824168,49999999,Enabled,0.610866,0.325045,-0.65586,0.301721,-76.495,174.308,-1780.35,0.130915,4,OK,-76.3888,174.204,-1780.39,OK,-124.164,159.033,-1783.22,OK,-129.732,104.622,-1786.68,OK,-65.7436,115.461,-1783.28,,364690336,Port:2,0,1773303772,268824168,Enabled,0.916487,0.0217901,0.0382964,0.397632,-107.349,261.608,-1642.24,0.147971,3,OK,-107.178,261.689,-1642.25,OK,-146.593,228.748,-1639.1,OK,-153.346,304.783,-1637.78,,364690336,Port:3,0,1773303772,268824168,Missing,,,,,,,,,4,Missing,,,,Missing,,,,Missing,,,,Missing,,,,,364690336,Port:65535,0,1773303772,268824168,Missing,,,,,,,,,0
4,,364690339,Port:1,0,1773303772,318824167,50000000,Enabled,0.609382,0.349466,-0.645833,0.299042,-80.4074,169.132,-1772.74,0.132088,4,OK,-80.3012,169.028,-1772.79,OK,-127.559,152.216,-1774.79,OK,-131.274,97.7461,-1779.67,OK,-67.6337,110.822,-1777.63,,364690339,Port:2,0,1773303772,318824167,Enabled,0.916484,0.0221669,0.0383308,0.397614,-107.349,261.612,-1642.26,0.147953,3,OK,-107.177,261.693,-1642.27,OK,-146.595,228.756,-1639.13,OK,-153.342,304.782,-1637.76,,364690339,Port:3,0,1773303772,318824167,Missing,,,,,,,,,4,Missing,,,,Missing,,,,Missing,,,,Missing,,,,,364690339,Port:65535,0,1773303772,318824167,Missing,,,,,,,,,0
4,,364690342,Port:1,0,1773303772,368824167,50000000,Enabled,0.610053,0.374604,-0.632455,0.295816,-84.0608,163.638,-1765.45,0.139464,4,OK,-83.9428,163.532,-1765.5,OK,-130.603,144.998,-1766.35,OK,-132.471,90.5751,-1772.57,OK,-69.3093,106.012,-1772.34,,364690342,Port:2,0,1773303772,368824167,Enabled,0.916501,0.0218189,0.0380584,0.397621,-107.354,261.607,-1642.23,0.146195,3,OK,-107.184,261.686,-1642.25,OK,-146.598,228.75,-1639.12,OK,-153.352,304.783,-1637.79,,364690342,Port:3,0,1773303772,368824167,Missing,,,,,,,,,4,Missing,,,,Missing,,,,Missing,,,,Missing,,,,,364690342,Port:65535,0,1773303772,368824167,Missing,,,,,,,,,0
4,,364690345,Port:1,0,1773303772,418824167,50000000,Enabled,0.609658,0.398547,-0.618912,0.293982,-87.3992,158.066,-1758.88,0.15791,4,OK,-87.2844,157.963,-1758.99,OK,-133.201,137.667,-1758.74,OK,-133.196,83.3649,-1766.32,OK,-70.695,101.23,-1767.6,,364690345,Port:2,0,1773303772,418824167,Enabled,0.91648,0.0221424,0.0384538,0.397612,-107.357,261.614,-1642.27,0.14605,3,OK,-107.189,261.699,-1642.28,OK,-146.601,228.759,-1639.13,OK,-153.345,304.782,-1637.77,,364690345,Port:3,0,1773303772,418824167,Missing,,,,,,,,,4,Missing,,,,Missing,,,,Missing,,,,Missing,,,,,364690345,Port:65535,0,1773303772,418824167,Missing,,,,,,,,,0
4,,364690348,Port:1,0,1773303772,468824167,50000001,Enabled,0.610144,0.418244,-0.605986,0.292536,-89.9151,153.056,-1753.1,0.154375,4,OK,-89.7907,152.955,-1753.21,OK,-135.016,131.173,-1752.02,OK,-133.465,77.0162,-1760.58,OK,-71.6501,96.967,-1763.34,,364690348,Port:2,0,1773303772,468824167,Enabled,0.916505,0.0219462,0.0383926,0.397572,-107.353,261.606,-1642.25,0.145831,3,OK,-107.183,261.683,-1642.27,OK,-146.598,228.754,-1639.11,OK,-153.346,304.789,-1637.78,,364690348,Port:3,0,1773303772,468824167,Missing,,,,,,,,,4,Missing,,,,Missing,,,,Missing,,,,Missing,,,,,364690348,Port:65535,0,1773303772,468824167,Missing,,,,,,,,,0
4,,364690351,Port:1,0,1773303772,518824168,49999999,Enabled,0.607176,0.436518,-0.597838,0.288755,-91.8313,148.441,-1747.57,0.189265,4,OK,-91.7022,148.346,-1747.74,OK,-136.31,125.358,-1746.08,OK,-133.553,71.4735,-1756.12,OK,-72.3446,93.129,-1759.52,,364690351,Port:2,0,1773303772,518824168,Enabled,0.916473,0.0219095,0.0388798,0.3976,-107.358,261.612,-1642.29,0.148919,3,OK,-107.188,261.699,-1642.3,OK,-146.601,228.755,-1639.1,OK,-153.345,304.785,-1637.79,,364690351,Port:3,0,1773303772,518824168,Missing,,,,,,,,,4,Missing,,,,Missing,,,,Missing,,,,Missing,,,,,364690351,Port:65535,0,1773303772,518824168,Missing,,,,,,,,,0
4,,364690354,Port:1,0,1773303772,568824167,50000000,Enabled,0.606242,0.452461,-0.58699,0.28843,-93.6277,144.097,-1743.11,0.21342,4,OK,-93.5008,144.008,-1743.31,OK,-137.388,119.708,-1740.97,OK,-133.328,66.0972,-1751.91,OK,-72.8194,89.5444,-1756.25,,364690354,Port:2,0,1773303772,568824167,Enabled,0.916443,0.0221918,0.0387857,0.397663,-107.354,261.616,-1642.28,0.14851,3,OK,-107.184,261.703,-1642.29,OK,-146.593,228.753,-1639.11,OK,-153.345,304.779,-1637.75,,364690354,Port:3,0,1773303772,568824167,Missing,,,,,,,,,4,Missing,,,,Missing,,,,Missing,,,,Missing,,,,,364690354,Port:65535,0,1773303772,568824167,Missing,,,,,,,,,0
4,,364690357,Port:1,0,1773303772,618824167,50000000,Enabled,0.603634,0.467497,-0.578056,0.287965,-95.3302,139.784,-1739.08,0.219774,4,OK,-95.1911,139.692,-1739.29,OK,-138.394,114.198,-1736.61,OK,-133.081,60.8998,-1748.48,OK,-73.3233,86.0339,-1753.45,,364690357,Port:2,0,1773303772,618824167,Enabled,0.916474,0.0220639,0.0383775,0.397637,-107.35,261.612,-1642.25,0.149507,3,OK,-107.177,261.696,-1642.26,OK,-146.596,228.753,-1639.11,OK,-153.345,304.78,-1637.76,,364690357,Port:3,0,1773303772,618824167,Missing,,,,,,,,,4,Missing,,,,Missing,,,,Missing,,,,Missing,,,,,364690357,Port:65535,0,1773303772,618824167,Missing,,,,,,,,,0
4,,364690360,Port:1,0,1773303772,668824167,50000000,Enabled,0.601074,0.486372,-0.565517,0.286953,-97.2553,134.909,-1734.57,0.241329,4,OK,-97.1229,134.828,-1734.81,OK,-139.358,107.834,-1731.55,OK,-132.563,54.9702,-1744.64,OK,-73.8051,82.2174,-1750.48,,364690360,Port:2,0,1773303772,668824167,Enabled,0.916437,0.0220246,0.0393357,0.397631,-107.355,261.611,-1642.3,0.1517,3,OK,-107.182,261.698,-1642.32,OK,-146.595,228.748,-1639.07,OK,-153.343,304.781,-1637.77,,364690360,Port:3,0,1773303772,668824167,Missing,,,,,,,,,4,Missing,,,,Missing,,,,Missing,,,,Missing,,,,,364690360,Port:65535,0,1773303772,668824167,Missing,,,,,,,,,0
4,,364690363,Port:1,0,1773303772,718824167,50000001,Enabled,0.59927,0.509812,-0.546991,0.285953,-99.2616,128.823,-1729.12,0.214877,4,OK,-99.1205,128.745,-1729.33,OK,-140.036,99.8609,-1725.26,OK,-131.346,47.5806,-1739.63,OK,-74.0716,77.5599,-1746.97,,364690363,Port:2,0,1773303772,718824167,Enabled,0.916443,0.0225712,0.0390235,0.397617,-107.356,261.611,-1642.31,0.148652,3,OK,-107.187,261.698,-1642.32,OK,-146.597,228.75,-1639.12,OK,-153.34,304.777,-1637.73,,364690363,Port:3,0,1773303772,718824167,Missing,,,,,,,,,4,Missing,,,,Missing,,,,Missing,,,,Missing,,,,,364690363,Port:65535,0,1773303772,718824167,Missing,,,,,,,,,0
4,,364690366,Port:1,0,1773303772,768824168,49999999,Enabled,0.595827,0.532642,-0.529299,0.284824,-100.938,121.863,-1723.15,0.231085,4,OK,-100.795,121.801,-1723.39,OK,-140.284,91.0691,-1718.66,OK,-129.796,39.5165,-1734.53,OK,-74.1396,72.147,-1742.93,,364690366,Port:2,0,1773303772,768824168,Enabled,0.916488,0.0220778,0.0384468,0.397597,-107.354,261.611,-1642.26,0.149563,3,OK,-107.183,261.696,-1642.28,OK,-146.6,228.751,-1639.12,OK,-153.343,304.788,-1637.77,,364690366,Port:3,0,1773303772,768824168,Missing,,,,,,,,,4,Missing,,,,Missing,,,,Missing,,,,Missing,,,,,364690366,Port:65535,0,1773303772,768824168,Missing,,,,,,,,,0
4,,364690369,Port:1,0,1773303772,818824167,50000000,Enabled,0.592648,0.556764,-0.50749,0.285019,-102.189,113.896,-1716.89,0.227395,4,OK,-102.046,113.835,-1717.13,OK,-139.749,81.0476,-1711.64,OK,-127.25,30.4191,-1728.89,OK,-73.6607,65.9949,-1738.62,,364690369,Port:2,0,1773303772,818824167,Enabled,0.916514,0.0217381,0.0380107,0.3976,-107.351,261.61,-1642.24,0.144695,3,OK,-107.182,261.691,-1642.25,OK,-146.598,228.761,-1639.13,OK,-153.346,304.783,-1637.81,,364690369,Port:3,0,1773303772,818824167,Missing,,,,,,,,,4,Missing,,,,Missing,,,,Missing,,,,Missing,,,,,364690369,Port:65535,0,1773303772,818824167,Missing,,,,,,,,,0
4,,364690372,Port:1,0,1773303772,868824167,50000000,Enabled,0.590482,0.580008,-0.484071,0.283897,-102.367,106.005,-1710.83,0.19872,4,OK,-102.229,105.947,-1711.03,OK,-138.048,71.2607,-1704.75,OK,-123.749,21.5813,-1723.36,OK,-72.407,59.9577,-1734.61,,364690372,Port:2,0,1773303772,868824167,Enabled,0.916472,0.022291,0.0387233,0.397595,-107.357,261.606,-1642.28,0.147621,3,OK,-107.185,261.687,-1642.29,OK,-146.599,228.751,-1639.12,OK,-153.345,304.779,-1637.75,,364690372,Port:3,0,1773303772,868824167,Missing,,,,,,,,,4,Missing,,,,Missing,,,,Missing,,,,Missing,,,,,364690372,Port:65535,0,1773303772,868824167,Missing,,,,,,,,,0
4,,364690375,Port:1,0,1773303772,918824167,50000000,Enabled,0.586376,0.599376,-0.464743,0.284474,-102.168,98.7383,-1705.82,0.246453,4,OK,-102.017,98.6949,-1706.09,OK,-136.095,62.3401,-1699.24,OK,-120.184,13.6512,-1719.19,OK,-70.938,54.451,-1731.17,,364690375,Port:2,0,1773303772,918824167,Enabled,0.916456,0.0220177,0.0387265,0.397649,-107.352,261.611,-1642.25,0.149302,3,OK,-107.181,261.698,-1642.27,OK,-146.593,228.749,-1639.08,OK,-153.343,304.777,-1637.75,,364690375,Port:3,0,1773303772,918824167,Missing,,,,,,,,,4,Missing,,,,Missing,,,,Missing,,,,Missing,,,,,364690375,Port:65535,0,1773303772,918824167,Missing,,,,,,,,,0
4,,364690378,Port:1,0,1773303772,968824167,50000001,Enabled,0.583633,0.617472,-0.444796,0.283297,-101.48,92.4279,-1701.12,0.242269,4,OK,-101.326,92.3838,-1701.38,OK,-133.69,54.5881,-1693.99,OK,-116.443,6.85574,-1715.15,OK,-69.3161,49.8178,-1728.13,,364690378,Port:2,0,1773303772,968824167,Enabled,0.916511,0.0218267,0.0382447,0.397578,-107.35,261.606,-1642.22,0.144743,3,OK,-107.185,261.689,-1642.24,OK,-146.595,228.751,-1639.1,OK,-153.339,304.785,-1637.77,,364690378,Port:3,0,1773303772,968824167,Missing,,,,,,,,,4,Missing,,,,Missing,,,,Missing,,,,Missing,,,,,364690378,Port:65535,0,1773303772,968824167,Missing,,,,,,,,,0
4,,364690381,Port:1,0,1773303773,18824168,49999999,Enabled,0.583381,0.635163,-0.419124,0.283848,-100.742,87.3237,-1696.87,0.234931,4,OK,-100.607,87.2888,-1697.13,OK,-130.807,47.9575,-1688.75,OK,-112.112,1.1801,-1710.9,OK,-67.6243,46.4507,-1725.43,,364690381,Port:2,0,1773303773,18824168,Enabled,0.916464,0.0219923,0.0384355,0.39766,-107.354,261.619,-1642.27,0.144732,3,OK,-107.189,261.701,-1642.29,OK,-146.592,228.757,-1639.13,OK,-153.35,304.789,-1637.79,,364690381,Port:3,0,1773303773,18824168,Missing,,,,,,,,,4,Missing,,,,Missing,,,,Missing,,,,Missing,,,,,364690381,Port:65535,0,1773303773,18824168,Missing,,,,,,,,,0
4,,364690384,Port:1,0,1773303773,68824167,50000000,Enabled,0.585052,0.653297,-0.385487,0.286908,-99.6238,82.3143,-1693.02,0.228357,4,OK,-99.5144,82.2965,-1693.26,OK,-126.866,41.2766,-1683.42,OK,-106.375,-4.44035,-1706.41,OK,-65.4481,43.3775,-1723.08,,364690384,Port:2,0,1773303773,68824167,Enabled,0.916492,0.02185,0.038214,0.397623,-107.357,261.614,-1642.24,0.143954,3,OK,-107.192,261.693,-1642.25,OK,-146.596,228.753,-1639.11,OK,-153.352,304.795,-1637.78,,364690384,Port:3,0,1773303773,68824167,Missing,,,,,,,,,4,Missing,,,,Missing,,,,Missing,,,,Missing,,,,,364690384,Port:65535,0,1773303773,68824167,Missing,,,,,,,,,0
4,,364690387,Port:1,0,1773303773,118824167,50000000,Enabled,0.58432,0.663259,-0.368358,0.288045,-98.5812,78.6957,-1690.5,0.25851,4,OK,-98.4514,78.6688,-1690.78,OK,-124.283,36.7635,-1680.33,OK,-102.899,-8.18732,-1703.93,OK,-63.9094,40.937,-1721.43,,364690387,Port:2,0,1773303773,118824167,Enabled,0.916493,0.0217356,0.0383528,0.397614,-107.352,261.612,-1642.24,0.147769,3,OK,-107.179,261.69,-1642.26,OK,-146.596,228.757,-1639.1,OK,-153.35,304.789,-1637.79,,364690387,Port:3,0,1773303773,118824167,Missing,,,,,,,,,4,Missing,,,,Missing,,,,Missing,,,,Missing,,,,,364690387,Port:65535,0,1773303773,118824167,Missing,,,,,,,,,0
4,,364690390,Port:1,0,1773303773,168824167,50000000,Enabled,0.581714,0.676038,-0.349246,0.287418,-96.812,74.1024,-1687.12,0.24207,4,OK,-96.6894,74.0762,-1687.39,OK,-120.708,31.2164,-1676.59,OK,-98.426,-12.7757,-1701.13,OK,-61.7386,37.8251,-1719.35,,364690390,Port:2,0,1773303773,168824167,Enabled,0.916467,0.0222083,0.0386496,0.39762,-107.355,261.61,-1642.26,0.145514,3,OK,-107.189,261.694,-1642.27,OK,-146.596,228.752,-1639.1,OK,-153.343,304.779,-1637.74,,364690390,Port:3,0,1773303773,168824167,Missing,,,,,,,,,4,Missing,,,,Missing,,,,Missing,,,,Missing,,,,,364690390,Port:65535,0,1773303773,168824167,Missing,,,,,,,,,0
4,,364690393,Port:1,0,1773303773,218824167,49999996,Enabled,0.57904,0.688389,-0.330891,0.28521,-94.3595,69.2659,-1683.5,0.269579,4,OK,-94.2414,69.26,-1683.81,OK,-116.547,25.5553,-1672.64,OK,-93.5624,-17.5129,-1698.33,OK,-59.1202,34.4086,-1717.06,,364690393,Port:2,0,1773303773,218824167,Enabled,0.916476,0.0220742,0.0387461,0.397598,-107.355,261.612,-1642.27,0.14878,3,OK,-107.184,261.697,-1642.29,OK,-146.6,228.756,-1639.1,OK,-153.343,304.785,-1637.77,,364690393,Port:3,0,1773303773,218824167,Missing,,,,,,,,,4,Missing,,,,Missing,,,,Missing,,,,Missing,,,,,364690393,Port:65535,0,1773303773,218824167,Missing,,,,,,,,,0
4,,364690396,Port:1,0,1773303773,268824163,50000000,Enabled,0.577697,0.698912,-0.314064,0.281341,-91.3574,64.9609,-1680.28,0.278198,4,OK,-91.2383,64.9526,-1680.58,OK,-112.104,20.5804,-1669.07,OK,-88.7399,-21.6682,-1695.73,OK,-56.1769,31.3079,-1715.2,,364690396,Port:2,0,1773303773,268824163,Enabled,0.916462,0.02205,0.0388377,0.397622,-107.357,261.619,-1642.29,0.146309,3,OK,-107.19,261.702,-1642.31,OK,-146.595,228.757,-1639.11,OK,-153.346,304.794,-1637.78,,364690396,Port:3,0,1773303773,268824163,Missing,,,,,,,,,4,Missing,,,,Missing,,,,Missing,,,,Missing,,,,,364690396,Port:65535,0,1773303773,268824163,Missing,,,,,,,,,0
4,,364690399,Port:1,0,1773303773,318824163,50000000,Enabled,0.576636,0.703374,-0.308971,0.278015,-89.0731,62.6489,-1678.42,0.24662,4,OK,-88.9503,62.6291,-1678.69,OK,-109.362,18.0882,-1667.27,OK,-86.0642,-23.8796,-1694.39,OK,-54.1433,29.4382,-1713.95,,364690399,Port:2,0,1773303773,318824163,Enabled,0.916527,0.0216207,0.0379849,0.397577,-107.351,261.605,-1642.21,0.146271,3,OK,-107.182,261.686,-1642.22,OK,-146.6,228.752,-1639.1,OK,-153.345,304.787,-1637.79,,364690399,Port:3,0,1773303773,318824163,Missing,,,,,,,,,4,Missing,,,,Missing,,,,Missing,,,,Missing,,,,,364690399,Port:65535,0,1773303773,318824163,Missing,,,,,,,,,0
4,,364690402,Port:1,0,1773303773,368824163,50000000,Enabled,0.577597,0.704011,-0.304401,0.279446,-88.3609,62.1479,-1678.14,0.249346,4,OK,-88.2417,62.1502,-1678.42,OK,-108.231,17.4836,-1666.72,OK,-84.7184,-24.4295,-1693.8,OK,-53.3451,29.0502,-1713.65,,364690402,Port:2,0,1773303773,368824163,Enabled,0.916499,0.0218818,0.0382648,0.397601,-107.355,261.616,-1642.25,0.148569,3,OK,-107.184,261.698,-1642.26,OK,-146.602,228.757,-1639.12,OK,-153.349,304.794,-1637.79,,364690402,Port:3,0,1773303773,368824163,Missing,,,,,,,,,4,Missing,,,,Missing,,,,Missing,,,,Missing,,,,,364690402,Port:65535,0,1773303773,368824163,Missing,,,,,,,,,0
4,,364690405,Port:1,0,1773303773,418824163,50000000,Enabled,0.578896,0.702851,-0.303973,0.280143,-88.9604,62.8692,-1678.7,0.250772,4,OK,-88.8438,62.8496,-1678.97,OK,-108.872,18.2327,-1667.11,OK,-85.3332,-23.7565,-1694,OK,-53.8752,29.6615,-1714.14,,364690405,Port:2,0,1773303773,418824163,Enabled,0.91651,0.0216408,0.0380284,0.397612,-107.348,261.614,-1642.23,0.142741,3,OK,-107.181,261.686,-1642.25,OK,-146.589,228.759,-1639.12,OK,-153.349,304.798,-1637.81,,364690405,Port:3,0,1773303773,418824163,Missing,,,,,,,,,4,Missing,,,,Missing,,,,Missing,,,,Missing,,,,,364690405,Port:65535,0,1773303773,418824163,Missing,,,,,,,,,0
4,,364690408,Port:1,0,1773303773,468824163,50000000,Enabled,0.579781,0.700437,-0.30579,0.282373,-90.1302,64.0577,-1679.62,0.273254,4,OK,-90.0179,64.0412,-1679.91,OK,-110.202,19.5112,-1667.91,OK,-86.575,-22.6345,-1694.54,OK,-54.8909,30.6162,-1714.68,,364690408,Port:2,0,1773303773,468824163,Enabled,0.916493,0.0216607,0.0384725,0.397607,-107.357,261.616,-1642.25,0.146194,3,OK,-107.189,261.695,-1642.27,OK,-146.599,228.758,-1639.1,OK,-153.353,304.798,-1637.81,,364690408,Port:3,0,1773303773,468824163,Missing,,,,,,,,,4,Missing,,,,Missing,,,,Missing,,,,Missing,,,,,364690408,Port:65535,0,1773303773,468824163,Missing,,,,,,,,,0
4,,364690411,Port:1,0,1773303773,518824163,50000000,Enabled,0.581036,0.697171,-0.310882,0.282316,-90.736,65.7424,-1680.45,0.262388,4,OK,-90.6284,65.7278,-1680.73,OK,-111.318,21.4334,-1668.78,OK,-87.9394,-21.0261,-1695.12,OK,-55.5919,31.8569,-1715.18,,364690411,Port:2,0,1773303773,518824163,Enabled,0.916476,0.0215173,0.038749,0.397627,-107.354,261.617,-1642.25,0.146791,3,OK,-107.187,261.7,-1642.27,OK,-146.593,228.755,-1639.06,OK,-153.348,304.795,-1637.81,,364690411,Port:3,0,1773303773,518824163,Missing,,,,,,,,,4,Missing,,,,Missing,,,,Missing,,,,Missing,,,,,364690411,Port:65535,0,1773303773,518824163,Missing,,,,,,,,,0
4,,364690414,Port:1,0,1773303773,568824163,50000000,Enabled,0.58345,0.690319,-0.320699,0.283193,-91.4226,68.4609,-1682.21,0.223565,4,OK,-91.2969,68.4342,-1682.45,OK,-112.962,24.6074,-1670.66,OK,-89.9965,-18.4273,-1696.26,OK,-56.4309,33.7181,-1716.2,,364690414,Port:2,0,1773303773,568824163,Enabled,0.916478,0.0218927,0.0385347,0.397623,-107.355,261.618,-1642.26,0.147299,3,OK,-107.187,261.701,-1642.28,OK,-146.596,228.756,-1639.11,OK,-153.347,304.794,-1637.79,,364690414,Port:3,0,1773303773,568824163,Missing,,,,,,,,,4,Missing,,,,Missing,,,,Missing,,,,Missing,,,,,364690414,Port:65535,0,1773303773,568824163,Missing,,,,,,,,,0
4,,364690417,Port:1,0,1773303773,618824163,50000000,Enabled,0.586245,0.681706,-0.33454,0.282271,-92.1452,72.125,-1684.34,0.246998,4,OK,-92.0179,72.1011,-1684.62,OK,-115.062,28.9375,-1672.91,OK,-92.8356,-14.8326,-1697.95,OK,-57.5377,36.228,-1717.46,,364690417,Port:2,0,1773303773,618824163,Enabled,0.916469,0.0219214,0.0388159,0.397614,-107.357,261.618,-1642.29,0.146996,3,OK,-107.187,261.701,-1642.3,OK,-146.598,228.762,-1639.1,OK,-153.347,304.791,-1637.79,,364690417,Port:3,0,1773303773,618824163,Missing,,,,,,,,,4,Missing,,,,Missing,,,,Missing,,,,Missing,,,,,364690417,Port:65535,0,1773303773,618824163,Missing,,,,,,,,,0
4,,364690420,Port:1,0,1773303773,668824163,50000000,Enabled,0.590444,0.669775,-0.35069,0.282479,-93.3754,77.2931,-1687.59,0.228232,4,OK,-93.2496,77.2578,-1687.84,OK,-117.93,34.998,-1676.27,OK,-96.5666,-9.75723,-1700.29,OK,-59.1739,39.9521,-1719.55,,364690420,Port:2,0,1773303773,668824163,Enabled,0.916514,0.0218766,0.0378673,0.397604,-107.356,261.616,-1642.24,0.145864,3,OK,-107.186,261.694,-1642.26,OK,-146.604,228.763,-1639.15,OK,-153.353,304.792,-1637.8,,364690420,Port:3,0,1773303773,668824163,Missing,,,,,,,,,4,Missing,,,,Missing,,,,Missing,,,,Missing,,,,,364690420,Port:65535,0,1773303773,668824163,Missing,,,,,,,,,0
4,,364690423,Port:1,0,1773303773,718824163,50000000,Enabled,0.595794,0.655551,-0.365851,0.285369,-94.9117,83.2467,-1691.66,0.242702,4,OK,-94.7639,83.193,-1691.93,OK,-120.987,41.8784,-1680.28,OK,-100.413,-3.86792,-1702.94,OK,-61.0622,44.3681,-1722.04,,364690423,Port:2,0,1773303773,718824163,Enabled,0.916499,0.0219089,0.038159,0.39761,-107.354,261.616,-1642.26,0.146462,3,OK,-107.184,261.696,-1642.27,OK,-146.599,228.76,-1639.14,OK,-153.349,304.793,-1637.8,,364690423,Port:3,0,1773303773,718824163,Missing,,,,,,,,,4,Missing,,,,Missing,,,,Missing,,,,Missing,,,,,364690423,Port:65535,0,1773303773,718824163,Missing,,,,,,,,,0
4,,364690426,Port:1,0,1773303773,768824163,50000000,Enabled,0.600742,0.641644,-0.38033,0.287665,-96.2274,89.5116,-1695.7,0.246746,4,OK,-96.0845,89.4635,-1695.98,OK,-123.746,49.0978,-1684.31,OK,-104.031,2.42074,-1705.72,OK,-62.8142,49.1588,-1724.59,,364690426,Port:2,0,1773303773,768824163,Enabled,0.916474,0.0221913,0.0386498,0.397605,-107.359,261.621,-1642.27,0.148017,3,OK,-107.193,261.711,-1642.29,OK,-146.604,228.761,-1639.11,OK,-153.342,304.788,-1637.76,,364690426,Port:3,0,1773303773,768824163,Missing,,,,,,,,,4,Missing,,,,Missing,,,,Missing,,,,Missing,,,,,364690426,Port:65535,0,1773303773,768824163,Missing,,,,,,,,,0
4,,364690429,Port:1,0,1773303773,818824163,50000000,Enabled,0.605454,0.626666,-0.396965,0.28833,-97.067,95.8537,-1699.91,0.235737,4,OK,-96.9293,95.7785,-1700.17,OK,-126.261,56.6027,-1688.67,OK,-107.638,8.95123,-1708.85,OK,-64.3418,53.9287,-1727.34,,364690429,Port:2,0,1773303773,818824163,Enabled,0.916502,0.021915,0.0383888,0.397581,-107.355,261.615,-1642.26,0.148201,3,OK,-107.183,261.697,-1642.27,OK,-146.603,228.761,-1639.12,OK,-153.346,304.792,-1637.79,,364690429,Port:3,0,1773303773,818824163,Missing,,,,,,,,,4,Missing,,,,Missing,,,,Missing,,,,Missing,,,,,364690429,Port:65535,0,1773303773,818824163,Missing,,,,,,,,,0
4,,364690432,Port:1,0,1773303773,868824163,50000000,Enabled,0.610416,0.611844,-0.410378,0.29091,-97.6841,101.854,-1704.26,0.226765,4,OK,-97.5526,101.785,-1704.51,OK,-128.247,63.6628,-1693.02,OK,-110.507,15.1274,-1711.89,OK,-65.5211,58.4979,-1730.12,,364690432,Port:2,0,1773303773,868824163,Enabled,0.916509,0.0217779,0.0380779,0.397602,-107.354,261.614,-1642.24,0.148847,3,OK,-107.181,261.694,-1642.26,OK,-146.602,228.758,-1639.13,OK,-153.352,304.794,-1637.8,,364690432,Port:3,0,1773303773,868824163,Missing,,,,,,,,,4,Missing,,,,Missing,,,,Missing,,,,Missing,,,,,364690432,Port:65535,0,1773303773,868824163,Missing,,,,,,,,,0
4,,364690435,Port:1,0,1773303773,918824163,50000000,Enabled,0.614657,0.596893,-0.42527,0.291654,-97.6558,107.333,-1708.12,0.212823,4,OK,-97.5203,107.247,-1708.34,OK,-129.663,70.3056,-1697.1,OK,-113.093,20.954,-1714.73,OK,-66.3133,62.5892,-1732.52,,364690435,Port:2,0,1773303773,918824163,Enabled,0.916471,0.021705,0.0386783,0.397635,-107.361,261.623,-1642.29,0.147675,3,OK,-107.194,261.708,-1642.31,OK,-146.6,228.758,-1639.12,OK,-153.353,304.8,-1637.83,,364690435,Port:3,0,1773303773,918824163,Missing,,,,,,,,,4,Missing,,,,Missing,,,,Missing,,,,Missing,,,,,364690435,Port:65535,0,1773303773,918824163,Missing,,,,,,,,,0
4,,364690438,Port:1,0,1773303773,968824163,50000000,Enabled,0.618908,0.582553,-0.437492,0.293573,-97.3677,112.154,-1711.82,0.225418,4,OK,-97.2262,112.068,-1712.06,OK,-130.583,76.1769,-1700.88,OK,-114.995,26.1221,-1717.33,OK,-66.7405,66.1698,-1734.74,,364690438,Port:2,0,1773303773,968824163,Enabled,0.916462,0.0221364,0.0386954,0.39763,-107.354,261.619,-1642.28,0.14882,3,OK,-107.182,261.702,-1642.3,OK,-146.596,228.76,-1639.12,OK,-153.346,304.789,-1637.77,,364690438,Port:3,0,1773303773,968824163,Missing,,,,,,,,,4,Missing,,,,Missing,,,,Missing,,,,Missing,,,,,364690438,Port:65535,0,1773303773,968824163,Missing,,,,,,,,,0
4,,364690441,Port:1,0,1773303774,18824163,50000000,Enabled,0.622129,0.569073,-0.451302,0.292297,-96.5948,116.686,-1715.13,0.211943,4,OK,-96.4673,116.599,-1715.36,OK,-131.142,81.9046,-1704.5,OK,-116.805,31.1835,-1720.07,OK,-66.9485,69.4927,-1736.92,,364690441,Port:2,0,1773303774,18824163,Enabled,0.916508,0.0217044,0.0381028,0.397605,-107.351,261.617,-1642.25,0.146977,3,OK,-107.182,261.697,-1642.26,OK,-146.597,228.76,-1639.13,OK,-153.348,304.799,-1637.82,,364690441,Port:3,0,1773303774,18824163,Missing,,,,,,,,,4,Missing,,,,Missing,,,,Missing,,,,Missing,,,,,364690441,Port:65535,0,1773303774,18824163,Missing,,,,,,,,,0
4,,364690444,Port:1,0,1773303774,68824163,50000000,Enabled,0.625557,0.555174,-0.464251,0.291432,-95.7394,121.25,-1718.42,0.254889,4,OK,-95.6138,121.153,-1718.7,OK,-131.536,87.67,-1708,OK,-118.451,36.343,-1722.74,OK,-67.1077,72.9023,-1738.97,,364690444,Port:2,0,1773303774,68824163,Enabled,0.916462,0.0222696,0.0387012,0.397622,-107.357,261.617,-1642.29,0.145401,3,OK,-107.19,261.7,-1642.3,OK,-146.597,228.76,-1639.12,OK,-153.346,304.786,-1637.76,,364690444,Port:3,0,1773303774,68824163,Missing,,,,,,,,,4,Missing,,,,Missing,,,,Missing,,,,Missing,,,,,364690444,Port:65535,0,1773303774,68824163,Missing,,,,,,,,,0
4,,364690447,Port:1,0,1773303774,118824163,50000000,Enabled,0.628774,0.541131,-0.476401,0.291313,-94.8686,125.92,-1721.96,0.215696,4,OK,-94.7427,125.826,-1722.19,OK,-131.798,93.5146,-1711.88,OK,-119.919,41.6386,-1725.54,OK,-67.2407,76.4907,-1741.29,,364690447,Port:2,0,1773303774,118824163,Enabled,0.916493,0.021952,0.0382246,0.397614,-107.35,261.618,-1642.23,0.148297,3,OK,-107.178,261.699,-1642.25,OK,-146.597,228.763,-1639.11,OK,-153.346,304.79,-1637.77,,364690447,Port:3,0,1773303774,118824163,Missing,,,,,,,,,4,Missing,,,,Missing,,,,Missing,,,,Missing,,,,,364690447,Port:65535,0,1773303774,118824163,Missing,,,,,,,,,0
4,,364690450,Port:1,0,1773303774,168824163,50000000,Enabled,0.631902,0.528051,-0.486758,0.291427,-93.9819,130.439,-1725.5,0.228814,4,OK,-93.8576,130.333,-1725.74,OK,-131.882,99.1212,-1715.62,OK,-121.098,46.7775,-1728.39,OK,-67.3037,80.0614,-1743.63,,364690450,Port:2,0,1773303774,168824163,Enabled,0.916466,0.0220642,0.0388127,0.397613,-107.357,261.621,-1642.3,0.151639,3,OK,-107.186,261.71,-1642.32,OK,-146.601,228.756,-1639.12,OK,-153.344,304.795,-1637.79,,364690450,Port:3,0,1773303774,168824163,Missing,,,,,,,,,4,Missing,,,,Missing,,,,Missing,,,,Missing,,,,,364690450,Port:65535,0,1773303774,168824163,Missing,,,,,,,,,0
4,,364690453,Port:1,0,1773303774,218824163,49999999,Enabled,0.635822,0.516871,-0.493827,0.291049,-93.243,134.597,-1728.87,0.226487,4,OK,-93.1335,134.495,-1729.11,OK,-131.922,104.23,-1718.98,OK,-122.096,51.4986,-1730.94,OK,-67.4024,83.4012,-1746.02,,364690453,Port:2,0,1773303774,218824163,Enabled,0.916472,0.0218391,0.038624,0.397632,-107.352,261.617,-1642.26,0.144629,3,OK,-107.185,261.697,-1642.28,OK,-146.59,228.759,-1639.1,OK,-153.346,304.792,-1637.79,,364690453,Port:3,0,1773303774,218824163,Missing,,,,,,,,,4,Missing,,,,Missing,,,,Missing,,,,Missing,,,,,364690453,Port:65535,0,1773303774,218824163,Missing,,,,,,,,,0
4,,364690456,Port:1,0,1773303774,268824162,50000000,Enabled,0.638296,0.503747,-0.503625,0.291855,-92.3879,138.613,-1732.35,0.195763,4,OK,-92.2696,138.494,-1732.53,OK,-131.939,109.302,-1722.81,OK,-123.146,56.1922,-1733.73,OK,-67.4799,86.5941,-1748.31,,364690456,Port:2,0,1773303774,268824162,Enabled,0.916464,0.0218122,0.0387215,0.397641,-107.357,261.617,-1642.27,0.144463,3,OK,-107.192,261.698,-1642.29,OK,-146.593,228.757,-1639.1,OK,-153.35,304.792,-1637.8,,364690456,Port:3,0,1773303774,268824162,Missing,,,,,,,,,4,Missing,,,,Missing,,,,Missing,,,,Missing,,,,,364690456,Port:65535,0,1773303774,268824162,Missing,,,,,,,,,0
4,,364690459,Port:1,0,1773303774,318824162,50000000,Enabled,0.640364,0.490324,-0.513811,0.292428,-91.3691,142.478,-1735.88,0.211451,4,OK,-91.2583,142.368,-1736.09,OK,-131.786,114.254,-1726.69,OK,-124.107,60.8186,-1736.77,OK,-67.4295,89.6472,-1750.62,,364690459,Port:2,0,1773303774,318824162,Enabled,0.916484,0.0218852,0.0385793,0.397605,-107.356,261.614,-1642.27,0.145387,3,OK,-107.19,261.695,-1642.28,OK,-146.596,228.755,-1639.11,OK,-153.346,304.792,-1637.79,,364690459,Port:3,0,1773303774,318824162,Missing,,,,,,,,,4,Missing,,,,Missing,,,,Missing,,,,Missing,,,,,364690459,Port:65535,0,1773303774,318824162,Missing,,,,,,,,,0
4,,364690462,Port:1,0,1773303774,368824162,50000000,Enabled,0.642063,0.476927,-0.523697,0.293321,-90.1626,146.008,-1739.27,0.199677,4,OK,-90.0497,145.899,-1739.46,OK,-131.389,118.856,-1730.51,OK,-124.779,65.1244,-1739.68,OK,-67.2021,92.4335,-1752.82,,364690462,Port:2,0,1773303774,368824162,Enabled,0.916491,0.0222821,0.0381942,0.397603,-107.355,261.615,-1642.26,0.147381,3,OK,-107.183,261.696,-1642.28,OK,-146.602,228.763,-1639.15,OK,-153.348,304.785,-1637.76,,364690462,Port:3,0,1773303774,368824162,Missing,,,,,,,,,4,Missing,,,,Missing,,,,Missing,,,,Missing,,,,,364690462,Port:65535,0,1773303774,368824162,Missing,,,,,,,,,0
4,,364690465,Port:1,0,1773303774,418824162,50000000,Enabled,0.644226,0.467118,-0.53049,0.292152,-88.9697,149.148,-1742.16,0.168414,4,OK,-88.8595,149.014,-1742.29,OK,-130.826,122.902,-1733.67,OK,-125.15,68.9558,-1742.15,OK,-66.9059,95.0121,-1754.99,,364690465,Port:2,0,1773303774,418824162,Enabled,0.916496,0.0219351,0.038147,0.397617,-107.352,261.615,-1642.24,0.146434,3,OK,-107.182,261.694,-1642.25,OK,-146.597,228.759,-1639.12,OK,-153.349,304.789,-1637.78,,364690465,Port:3,0,1773303774,418824162,Missing,,,,,,,,,4,Missing,,,,Missing,,,,Missing,,,,Missing,,,,,364690465,Port:65535,0,1773303774,418824162,Missing,,,,,,,,,0
4,,364690468,Port:1,0,1773303774,468824162,50000000,Enabled,0.646124,0.455422,-0.537965,0.29276,-87.7477,152.253,-1745.28,0.200009,4,OK,-87.6505,152.132,-1745.47,OK,-130.222,126.94,-1737.02,OK,-125.515,72.7963,-1744.83,OK,-66.5679,97.5177,-1757.02,,364690468,Port:2,0,1773303774,468824162,Enabled,0.916452,0.0220723,0.0386654,0.39766,-107.353,261.62,-1642.28,0.144955,3,OK,-107.189,261.706,-1642.3,OK,-146.59,228.758,-1639.12,OK,-153.344,304.785,-1637.78,,364690468,Port:3,0,1773303774,468824162,Missing,,,,,,,,,4,Missing,,,,Missing,,,,Missing,,,,Missing,,,,,364690468,Port:65535,0,1773303774,468824162,Missing,,,,,,,,,0
4,,364690471,Port:1,0,1773303774,518824162,50000000,Enabled,0.647099,0.442417,-0.548559,0.290882,-86.0019,155.624,-1748.59,0.156737,4,OK,-85.8966,155.495,-1748.71,OK,-129.297,131.544,-1740.97,OK,-125.879,77.1932,-1748.05,OK,-66.0738,100.237,-1759.49,,364690471,Port:2,0,1773303774,518824162,Enabled,0.916492,0.0220996,0.0383774,0.397594,-107.355,261.619,-1642.27,0.148986,3,OK,-107.182,261.703,-1642.29,OK,-146.603,228.766,-1639.14,OK,-153.346,304.791,-1637.78,,364690471,Port:3,0,1773303774,518824162,Missing,,,,,,,,,4,Missing,,,,Missing,,,,Missing,,,,Missing,,,,,364690471,Port:65535,0,1773303774,518824162,Missing,,,,,,,,,0
4,,364690474,Port:1,0,1773303774,568824162,50000000,Enabled,0.64848,0.429889,-0.557285,0.290004,-84.102,158.88,-1751.73,0.145677,4,OK,-84.0105,158.745,-1751.82,OK,-128.056,135.9,-1744.56,OK,-125.799,81.4267,-1750.95,OK,-65.3231,102.911,-1761.68,,364690474,Port:2,0,1773303774,568824162,Enabled,0.916498,0.0222485,0.0381695,0.397592,-107.354,261.614,-1642.26,0.146797,3,OK,-107.183,261.696,-1642.27,OK,-146.603,228.764,-1639.15,OK,-153.345,304.783,-1637.76,,364690474,Port:3,0,1773303774,568824162,Missing,,,,,,,,,4,Missing,,,,Missing,,,,Missing,,,,Missing,,,,,364690474,Port:65535,0,1773303774,568824162,Missing,,,,,,,,,0
4,,364690477,Port:1,0,1773303774,618824162,50000000,Enabled,0.649918,0.418398,-0.564837,0.288978,-82.398,161.965,-1754.85,0.155962,4,OK,-82.2991,161.822,-1754.96,OK,-126.932,139.995,-1748.07,OK,-125.766,85.4402,-1753.86,OK,-64.6946,105.517,-1763.95,,364690477,Port:2,0,1773303774,618824162,Enabled,0.916475,0.0222252,0.0385959,0.397606,-107.349,261.614,-1642.26,0.147275,3,OK,-107.175,261.693,-1642.28,OK,-146.593,228.763,-1639.11,OK,-153.342,304.784,-1637.74,,364690477,Port:3,0,1773303774,618824162,Missing,,,,,,,,,4,Missing,,,,Missing,,,,Missing,,,,Missing,,,,,364690477,Port:65535,0,1773303774,618824162,Missing,,,,,,,,,0
4,,364690480,Port:1,0,1773303774,668824162,50000000,Enabled,0.650959,0.405066,-0.573018,0.289524,-80.8627,165.122,-1758.4,0.161553,4,OK,-80.7616,164.982,-1758.52,OK,-125.975,144.215,-1752.09,OK,-125.91,89.5751,-1757.13,OK,-64.2519,108.181,-1766.39,,364690480,Port:2,0,1773303774,668824162,Enabled,0.916454,0.0220471,0.0388131,0.397642,-107.358,261.619,-1642.29,0.147466,3,OK,-107.19,261.702,-1642.3,OK,-146.597,228.757,-1639.11,OK,-153.35,304.789,-1637.78,,364690480,Port:3,0,1773303774,668824162,Missing,,,,,,,,,4,Missing,,,,Missing,,,,Missing,,,,Missing,,,,,364690480,Port:65535,0,1773303774,668824162,Missing,,,,,,,,,0
4,,364690483,Port:1,0,1773303774,718824162,50000000,Enabled,0.651849,0.392134,-0.581339,0.288737,-79.063,168.289,-1761.91,0.188252,4,OK,-78.9705,168.157,-1762.07,OK,-124.748,148.5,-1756.05,OK,-125.869,93.8259,-1760.56,OK,-63.6362,110.874,-1768.92,,364690483,Port:2,0,1773303774,718824162,Enabled,0.916459,0.0219532,0.0390723,0.397611,-107.357,261.612,-1642.29,0.145922,3,OK,-107.192,261.698,-1642.31,OK,-146.594,228.752,-1639.09,OK,-153.342,304.787,-1637.78,,364690483,Port:3,0,1773303774,718824162,Missing,,,,,,,,,4,Missing,,,,Missing,,,,Missing,,,,Missing,,,,,364690483,Port:65535,0,1773303774,718824162,Missing,,,,,,,,,0
4,,364690486,Port:1,0,1773303774,768824162,50000000,Enabled,0.65248,0.377898,-0.590206,0.288305,-77.0248,171.286,-1765.66,0.144224,4,OK,-76.9393,171.157,-1765.75,OK,-123.28,152.696,-1760.48,OK,-125.662,98.0114,-1764.15,OK,-62.8804,113.413,-1771.66,,364690486,Port:2,0,1773303774,768824162,Enabled,0.916494,0.0217648,0.0382023,0.397626,-107.342,261.612,-1642.24,0.14793,3,OK,-107.171,261.691,-1642.25,OK,-146.586,228.752,-1639.11,OK,-153.341,304.791,-1637.79,,364690486,Port:3,0,1773303774,768824162,Missing,,,,,,,,,4,Missing,,,,Missing,,,,Missing,,,,Missing,,,,,364690486,Port:65535,0,1773303774,768824162,Missing,,,,,,,,,0
4,,364690489,Port:1,0,1773303774,818824162,50000000,Enabled,0.651313,0.365758,-0.600809,0.284677,-74.6083,173.88,-1768.47,0.131328,4,OK,-74.5236,173.747,-1768.53,OK,-121.429,156.542,-1764.15,OK,-125.168,101.922,-1767.57,OK,-61.9068,115.625,-1773.97,,364690489,Port:2,0,1773303774,818824162,Enabled,0.916525,0.0216067,0.0380624,0.397575,-107.352,261.613,-1642.24,0.147681,3,OK,-107.18,261.693,-1642.26,OK,-146.6,228.759,-1639.13,OK,-153.347,304.797,-1637.82,,364690489,Port:3,0,1773303774,818824162,Missing,,,,,,,,,4,Missing,,,,Missing,,,,Missing,,,,Missing,,,,,364690489,Port:65535,0,1773303774,818824162,Missing,,,,,,,,,0
4,,364690492,Port:1,0,1773303774,868824162,50000000,Enabled,0.652174,0.353811,-0.607449,0.283713,-72.5366,176.13,-1771.04,0.133101,4,OK,-72.4513,175.992,-1771.08,OK,-119.767,159.815,-1767.19,OK,-124.614,105.261,-1770.03,OK,-60.9841,117.568,-1775.72,,364690492,Port:2,0,1773303774,868824162,Enabled,0.916478,0.0217962,0.0385308,0.397628,-107.346,261.612,-1642.24,0.148996,3,OK,-107.174,261.696,-1642.25,OK,-146.59,228.754,-1639.08,OK,-153.341,304.785,-1637.77,,364690492,Port:3,0,1773303774,868824162,Missing,,,,,,,,,4,Missing,,,,Missing,,,,Missing,,,,Missing,,,,,364690492,Port:65535,0,1773303774,868824162,Missing,,,,,,,,,0
4,,364690495,Port:1,0,1773303774,918824162,50000000,Enabled,0.650064,0.342562,-0.616404,0.283044,-70.8021,178.143,-1773.66,0.137569,4,OK,-70.723,178.005,-1773.72,OK,-118.409,162.786,-1770.61,OK,-124.268,108.322,-1773.22,OK,-60.3267,119.329,-1777.67,,364690495,Port:2,0,1773303774,918824162,Enabled,0.916509,0.0219288,0.0383068,0.39757,-107.345,261.612,-1642.25,0.146954,3,OK,-107.176,261.693,-1642.26,OK,-146.592,228.758,-1639.12,OK,-153.336,304.794,-1637.78,,364690495,Port:3,0,1773303774,918824162,Missing,,,,,,,,,4,Missing,,,,Missing,,,,Missing,,,,Missing,,,,,364690495,Port:65535,0,1773303774,918824162,Missing,,,,,,,,,0
4,,364690498,Port:1,0,1773303774,968824162,50000000,Enabled,0.650803,0.329056,-0.623268,0.282338,-68.4615,180.323,-1776.85,0.128061,4,OK,-68.3807,180.184,-1776.87,OK,-116.451,166.086,-1774.39,OK,-123.509,111.738,-1776.28,OK,-59.2657,121.237,-1779.96,,364690498,Port:2,0,1773303774,968824162,Enabled,0.916487,0.0221799,0.0384031,0.397598,-107.352,261.615,-1642.28,0.147843,3,OK,-107.181,261.697,-1642.3,OK,-146.598,228.76,-1639.15,OK,-153.343,304.787,-1637.78,,364690498,Port:3,0,1773303774,968824162,Missing,,,,,,,,,4,Missing,,,,Missing,,,,Missing,,,,Missing,,,,,364690498,Port:65535,0,1773303774,968824162,Missing,,,,,,,,,0
4,,364690501,Port:1,0,1773303775,18824162,50000000,Enabled,0.64904,0.309325,-0.63576,0.280845,-64.6778,183.14,-1780.93,0.126834,4,OK,-64.5997,183,-1780.95,OK,-113.173,170.563,-1779.64,OK,-122.003,116.457,-1780.92,OK,-57.428,123.737,-1782.88,,364690501,Port:2,0,1773303775,18824162,Enabled,0.916459,0.0219908,0.0389309,0.397623,-107.352,261.615,-1642.3,0.147237,3,OK,-107.183,261.697,-1642.31,OK,-146.591,228.755,-1639.1,OK,-153.343,304.789,-1637.79,,364690501,Port:3,0,1773303775,18824162,Missing,,,,,,,,,4,Missing,,,,Missing,,,,Missing,,,,Missing,,,,,364690501,Port:65535,0,1773303775,18824162,Missing,,,,,,,,,0
4,,364690504,Port:1,0,1773303775,68824162,50000000,Enabled,0.64906,0.289393,-0.645778,0.279184,-60.4475,186.406,-1785.79,0.127169,4,OK,-60.3759,186.273,-1785.81,OK,-109.351,175.467,-1785.4,OK,-119.984,121.705,-1785.94,OK,-55.1814,126.765,-1786.5,,364690504,Port:2,0,1773303775,68824162,Enabled,0.916458,0.0222716,0.0388703,0.397616,-107.352,261.616,-1642.29,0.149976,3,OK,-107.178,261.699,-1642.31,OK,-146.595,228.758,-1639.12,OK,-153.342,304.787,-1637.76,,364690504,Port:3,0,1773303775,68824162,Missing,,,,,,,,,4,Missing,,,,Missing,,,,Missing,,,,Missing,,,,,364690504,Port:65535,0,1773303775,68824162,Missing,,,,,,,,,0
4,,364690507,Port:1,0,1773303775,118824162,50000000,Enabled,0.649533,0.267998,-0.654207,0.279818,-56.4597,189.716,-1791.14,0.134652,4,OK,-56.3848,189.583,-1791.08,OK,-105.698,180.354,-1791.7,OK,-118.028,126.942,-1791.06,OK,-53.102,129.931,-1790.37,,364690507,Port:2,0,1773303775,118824162,Enabled,0.916513,0.0215614,0.0380757,0.397604,-107.351,261.612,-1642.23,0.1451,3,OK,-107.185,261.692,-1642.24,OK,-146.594,228.753,-1639.11,OK,-153.347,304.797,-1637.81,,364690507,Port:3,0,1773303775,118824162,Missing,,,,,,,,,4,Missing,,,,Missing,,,,Missing,,,,Missing,,,,,364690507,Port:65535,0,1773303775,118824162,Missing,,,,,,,,,0
4,,364690510,Port:1,0,1773303775,168824162,50000000,Enabled,0.648666,0.246655,-0.662971,0.280826,-53.0922,192.873,-1797.11,0.135166,4,OK,-53.0123,192.743,-1797.05,OK,-102.572,185.003,-1798.69,OK,-116.563,132.025,-1797.14,OK,-51.6289,133.055,-1794.86,,364690510,Port:2,0,1773303775,168824162,Enabled,0.91651,0.0220014,0.0380211,0.397593,-107.343,261.612,-1642.25,0.145572,3,OK,-107.175,261.692,-1642.26,OK,-146.589,228.757,-1639.15,OK,-153.337,304.79,-1637.79,,364690510,Port:3,0,1773303775,168824162,Missing,,,,,,,,,4,Missing,,,,Missing,,,,Missing,,,,Missing,,,,,364690510,Port:65535,0,1773303775,168824162,Missing,,,,,,,,,0
4,,364690513,Port:1,0,1773303775,218824162,49999999,Enabled,0.647169,0.222047,-0.670678,0.286458,-49.8847,195.601,-1803.64,0.115923,4,OK,-49.81,195.491,-1803.61,OK,-99.5107,189.071,-1806.37,OK,-115.061,136.569,-1803.47,OK,-50.1946,135.853,-1799.3,,364690513,Port:2,0,1773303775,218824162,Enabled,0.916472,0.0218913,0.0386365,0.397626,-107.35,261.613,-1642.27,0.147583,3,OK,-107.18,261.696,-1642.28,OK,-146.591,228.754,-1639.1,OK,-153.343,304.786,-1637.79,,364690513,Port:3,0,1773303775,218824162,Missing,,,,,,,,,4,Missing,,,,Missing,,,,Missing,,,,Missing,,,,,364690513,Port:65535,0,1773303775,218824162,Missing,,,,,,,,,0
4,,364690516,Port:1,0,1773303775,268824161,50000001,Enabled,0.643878,0.201942,-0.679257,0.288532,-46.4417,197.836,-1809.22,0.145656,4,OK,-46.3731,197.711,-1809.13,OK,-96.1331,192.535,-1813.27,OK,-113.12,140.532,-1809.54,OK,-48.4698,138.238,-1803.62,,364690516,Port:2,0,1773303775,268824161,Enabled,0.916497,0.0218684,0.0379619,0.397636,-107.348,261.618,-1642.24,0.14566,3,OK,-107.18,261.7,-1642.25,OK,-146.593,228.761,-1639.14,OK,-153.345,304.787,-1637.79,,364690516,Port:3,0,1773303775,268824161,Missing,,,,,,,,,4,Missing,,,,Missing,,,,Missing,,,,Missing,,,,,364690516,Port:65535,0,1773303775,268824161,Missing,,,,,,,,,0
4,,364690519,Port:1,0,1773303775,318824162,50000000,Enabled,0.642875,0.181537,-0.684213,0.292588,-42.953,199.336,-1814.87,0.130685,4,OK,-42.8827,199.222,-1814.8,OK,-92.6713,195.084,-1819.79,OK,-110.977,143.646,-1815.03,OK,-46.5401,139.981,-1807.6,,364690519,Port:2,0,1773303775,318824162,Enabled,0.916487,0.0221295,0.0382707,0.397614,-107.346,261.613,-1642.24,0.144303,3,OK,-107.178,261.692,-1642.26,OK,-146.588,228.759,-1639.12,OK,-153.339,304.785,-1637.75,,364690519,Port:3,0,1773303775,318824162,Missing,,,,,,,,,4,Missing,,,,Missing,,,,Missing,,,,Missing,,,,,364690519,Port:65535,0,1773303775,318824162,Missing,,,,,,,,,0
4,,364690522,Port:1,0,1773303775,368824162,49999999,Enabled,0.636477,0.162049,-0.692773,0.297831,-40.0555,200.056,-1819.63,0.148164,4,OK,-39.9967,199.955,-1819.51,OK,-89.6718,196.655,-1826.16,OK,-109.112,145.668,-1820.64,OK,-45.0376,140.942,-1811.05,,364690522,Port:2,0,1773303775,368824162,Enabled,0.916501,0.0216739,0.038152,0.397618,-107.35,261.615,-1642.25,0.144993,3,OK,-107.185,261.696,-1642.27,OK,-146.592,228.755,-1639.13,OK,-153.346,304.795,-1637.82,,364690522,Port:3,0,1773303775,368824162,Missing,,,,,,,,,4,Missing,,,,Missing,,,,Missing,,,,Missing,,,,,364690522,Port:65535,0,1773303775,368824162,Missing,,,,,,,,,0
4,,364690525,Port:1,0,1773303775,418824161,50000000,Enabled,0.631018,0.147765,-0.699578,0.300952,-37.9179,200.255,-1823.07,0.161201,4,OK,-37.8636,200.15,-1822.93,OK,-87.3927,197.447,-1830.83,OK,-107.738,146.879,-1824.96,OK,-44.0013,141.388,-1813.66,,364690525,Port:2,0,1773303775,418824161,Enabled,0.916506,0.021996,0.0380015,0.397603,-107.349,261.612,-1642.25,0.142614,3,OK,-107.184,261.688,-1642.26,OK,-146.592,228.758,-1639.15,OK,-153.345,304.791,-1637.79,,364690525,Port:3,0,1773303775,418824161,Missing,,,,,,,,,4,Missing,,,,Missing,,,,Missing,,,,Missing,,,,,364690525,Port:65535,0,1773303775,418824161,Missing,,,,,,,,,0
4,,364690528,Port:1,0,1773303775,468824161,50000000,Enabled,0.623322,0.136836,-0.708252,0.301869,-36.3263,200.47,-1825.19,0.147718,4,OK,-36.268,200.365,-1825.09,OK,-85.6103,198.186,-1834.31,OK,-106.701,147.932,-1828.72,OK,-43.3882,141.746,-1815.5,,364690528,Port:2,0,1773303775,468824161,Enabled,0.91649,0.0221301,0.0384724,0.397588,-107.351,261.613,-1642.29,0.144043,3,OK,-107.186,261.694,-1642.3,OK,-146.592,228.757,-1639.15,OK,-153.339,304.791,-1637.79,,364690528,Port:3,0,1773303775,468824161,Missing,,,,,,,,,4,Missing,,,,Missing,,,,Missing,,,,Missing,,,,,364690528,Port:65535,0,1773303775,468824161,Missing,,,,,,,,,0
4,,364690531,Port:1,0,1773303775,518824161,50000001,Enabled,0.61967,0.127228,-0.712433,0.303747,-34.9,200.636,-1827.49,0.13938,4,OK,-34.8506,200.528,-1827.41,OK,-84.0532,198.751,-1837.38,OK,-105.757,148.789,-1831.64,OK,-42.7005,142.091,-1817.25,,364690531,Port:2,0,1773303775,518824161,Enabled,0.916499,0.021784,0.0380797,0.397623,-107.347,261.61,-1642.22,0.145541,3,OK,-107.177,261.688,-1642.23,OK,-146.591,228.757,-1639.1,OK,-153.346,304.784,-1637.78,,364690531,Port:3,0,1773303775,518824161,Missing,,,,,,,,,4,Missing,,,,Missing,,,,Missing,,,,Missing,,,,,364690531,Port:65535,0,1773303775,518824161,Missing,,,,,,,,,0
4,,364690534,Port:1,0,1773303775,568824162,50000000,Enabled,0.618584,0.117605,-0.714244,0.305578,-32.8445,200.975,-1830.28,0.1374,4,OK,-32.7921,200.88,-1830.18,OK,-81.9016,199.517,-1840.67,OK,-104.239,149.853,-1834.45,OK,-41.4253,142.66,-1819.37,,364690534,Port:2,0,1773303775,568824162,Enabled,0.916472,0.022232,0.0385339,0.397618,-107.35,261.612,-1642.28,0.144769,3,OK,-107.185,261.695,-1642.29,OK,-146.591,228.754,-1639.13,OK,-153.339,304.783,-1637.76,,364690534,Port:3,0,1773303775,568824162,Missing,,,,,,,,,4,Missing,,,,Missing,,,,Missing,,,,Missing,,,,,364690534,Port:65535,0,1773303775,568824162,Missing,,,,,,,,,0
4,,364690537,Port:1,0,1773303775,618824162,49999999,Enabled,0.614014,0.103638,-0.72004,0.306248,-29.6937,201.105,-1832.95,0.136825,4,OK,-29.643,201.01,-1832.86,OK,-78.5416,200.377,-1844.41,OK,-101.869,151.194,-1838.05,OK,-39.5508,143.09,-1821.44,,364690537,Port:2,0,1773303775,618824162,Enabled,0.916525,0.0214971,0.0380268,0.397586,-107.346,261.607,-1642.22,0.145913,3,OK,-107.179,261.687,-1642.24,OK,-146.593,228.751,-1639.11,OK,-153.342,304.792,-1637.82,,364690537,Port:3,0,1773303775,618824162,Missing,,,,,,,,,4,Missing,,,,Missing,,,,Missing,,,,Missing,,,,,364690537,Port:65535,0,1773303775,618824162,Missing,,,,,,,,,0
4,,364690540,Port:1,0,1773303775,668824161,50000000,Enabled,0.60915,0.0930981,-0.726612,0.303815,-26.6053,201.111,-1834.24,0.148645,4,OK,-26.5531,201.006,-1834.15,OK,-75.2141,201.111,-1846.73,OK,-99.4783,152.391,-1840.66,OK,-37.6585,143.339,-1822.71,,364690540,Port:2,0,1773303775,668824161,Enabled,0.91647,0.0219217,0.038625,0.39763,-107.352,261.611,-1642.28,0.148081,3,OK,-107.183,261.695,-1642.29,OK,-146.594,228.75,-1639.11,OK,-153.344,304.784,-1637.79,,364690540,Port:3,0,1773303775,668824161,Missing,,,,,,,,,4,Missing,,,,Missing,,,,Missing,,,,Missing,,,,,364690540,Port:65535,0,1773303775,668824161,Missing,,,,,,,,,0
4,,364690543,Port:1,0,1773303775,718824161,50000000,Enabled,0.610296,0.0890861,-0.72635,0.303346,-25.1775,201.084,-1834.71,0.167614,4,OK,-25.1321,200.988,-1834.58,OK,-73.7899,201.411,-1847.27,OK,-98.3659,152.836,-1840.88,OK,-36.6507,143.406,-1822.93,,364690543,Port:2,0,1773303775,718824161,Enabled,0.916468,0.0220541,0.0384634,0.397643,-107.348,261.612,-1642.26,0.147865,3,OK,-107.176,261.694,-1642.27,OK,-146.59,228.753,-1639.11,OK,-153.343,304.782,-1637.77,,364690543,Port:3,0,1773303775,718824161,Missing,,,,,,,,,4,Missing,,,,Missing,,,,Missing,,,,Missing,,,,,364690543,Port:65535,0,1773303775,718824161,Missing,,,,,,,,,0
4,,364690546,Port:1,0,1773303775,768824161,50000001,Enabled,0.610638,0.0902424,-0.725868,0.30347,-25.4365,200.97,-1834.82,0.167512,4,OK,-25.3966,200.862,-1834.69,OK,-74.0588,201.212,-1847.29,OK,-98.556,152.603,-1840.91,OK,-36.7943,143.289,-1823.09,,364690546,Port:2,0,1773303775,768824161,Enabled,0.916481,0.0221212,0.0383805,0.397617,-107.35,261.614,-1642.29,0.14511,3,OK,-107.183,261.696,-1642.31,OK,-146.592,228.758,-1639.16,OK,-153.341,304.785,-1637.8,,364690546,Port:3,0,1773303775,768824161,Missing,,,,,,,,,4,Missing,,,,Missing,,,,Missing,,,,Missing,,,,,364690546,Port:65535,0,1773303775,768824161,Missing,,,,,,,,,0
4,,364690549,Port:1,0,1773303775,818824162,50000000,Enabled,0.609503,0.0922867,-0.726275,0.304161,-26.4971,200.899,-1834.56,0.148594,4,OK,-26.4441,200.799,-1834.45,OK,-75.1144,200.945,-1847.04,OK,-99.4096,152.221,-1840.85,OK,-37.6025,143.139,-1822.92,,364690549,Port:2,0,1773303775,818824162,Enabled,0.916444,0.0219653,0.0390837,0.397644,-107.35,261.615,-1642.3,0.147472,3,OK,-107.181,261.697,-1642.32,OK,-146.586,228.753,-1639.09,OK,-153.342,304.788,-1637.79,,364690549,Port:3,0,1773303775,818824162,Missing,,,,,,,,,4,Missing,,,,Missing,,,,Missing,,,,Missing,,,,,364690549,Port:65535,0,1773303775,818824162,Missing,,,,,,,,,0
4,,364690552,Port:1,0,1773303775,868824162,49999999,Enabled,0.608719,0.0946102,-0.72645,0.304598,-27.4897,200.987,-1834.16,0.143987,4,OK,-27.4406,200.889,-1834.06,OK,-76.1075,200.847,-1846.62,OK,-100.181,152.016,-1840.57,OK,-38.3478,143.148,-1822.65,,364690552,Port:2,0,1773303775,868824162,Enabled,0.916479,0.0219428,0.0386047,0.397611,-107.353,261.611,-1642.27,0.146128,3,OK,-107.186,261.692,-1642.28,OK,-146.592,228.749,-1639.1,OK,-153.345,304.791,-1637.78,,364690552,Port:3,0,1773303775,868824162,Missing,,,,,,,,,4,Missing,,,,Missing,,,,Missing,,,,Missing,,,,,364690552,Port:65535,0,1773303775,868824162,Missing,,,,,,,,,0
4,,364690555,Port:1,0,1773303775,918824161,50000000,Enabled,0.608303,0.0955307,-0.726173,0.305802,-28.2098,200.995,-1834.11,0.136597,4,OK,-28.1575,200.906,-1834.03,OK,-76.8313,200.71,-1846.56,OK,-100.755,151.787,-1840.5,OK,-38.8794,143.113,-1822.54,,364690555,Port:2,0,1773303775,918824161,Enabled,0.916464,0.0219915,0.0386818,0.397636,-107.352,261.618,-1642.3,0.150818,3,OK,-107.18,261.704,-1642.32,OK,-146.596,228.754,-1639.14,OK,-153.344,304.789,-1637.81,,364690555,Port:3,0,1773303775,918824161,Missing,,,,,,,,,4,Missing,,,,Missing,,,,Missing,,,,Missing,,,,,364690555,Port:65535,0,1773303775,918824161,Missing,,,,,,,,,0
4,,364690558,Port:1,0,1773303775,968824161,50000000,Enabled,0.605336,0.101893,-0.728052,0.305166,-29.4071,201.001,-1833.12,0.173612,4,OK,-29.3599,200.888,-1832.98,OK,-77.9841,200.344,-1845.77,OK,-101.431,151.151,-1840.16,OK,-39.5453,142.938,-1822.24,,364690558,Port:2,0,1773303775,968824161,Enabled,0.916452,0.0220266,0.0386064,0.397668,-107.35,261.619,-1642.29,0.144801,3,OK,-107.186,261.703,-1642.31,OK,-146.587,228.756,-1639.13,OK,-153.344,304.787,-1637.8,,364690558,Port:3,0,1773303775,968824161,Missing,,,,,,,,,4,Missing,,,,Missing,,,,Missing,,,,Missing,,,,,364690558,Port:65535,0,1773303775,968824161,Missing,,,,,,,,,0
4,,364690561,Port:1,0,1773303776,18824161,50000001,Enabled,0.605254,0.112073,-0.726978,0.304321,-31.2983,200.902,-1831.18,0.157723,4,OK,-31.2479,200.796,-1831.06,OK,-79.9423,199.7,-1843.45,OK,-102.693,150.138,-1838.35,OK,-40.5275,142.574,-1820.97,,364690561,Port:2,0,1773303776,18824161,Enabled,0.916468,0.021983,0.0386795,0.397628,-107.352,261.616,-1642.3,0.148919,3,OK,-107.183,261.703,-1642.31,OK,-146.595,228.754,-1639.13,OK,-153.341,304.785,-1637.8,,364690561,Port:3,0,1773303776,18824161,Missing,,,,,,,,,4,Missing,,,,Missing,,,,Missing,,,,Missing,,,,,364690561,Port:65535,0,1773303776,18824161,Missing,,,,,,,,,0
4,,364690564,Port:1,0,1773303776,68824162,50000000,Enabled,0.607057,0.125461,-0.723301,0.304265,-33.8125,200.558,-1829.06,0.153138,4,OK,-33.7527,200.448,-1828.95,OK,-82.6138,198.597,-1840.59,OK,-104.323,148.525,-1835.85,OK,-41.7799,141.932,-1819.5,,364690564,Port:2,0,1773303776,68824162,Enabled,0.916503,0.0217068,0.0380548,0.397622,-107.35,261.613,-1642.25,0.14311,3,OK,-107.187,261.695,-1642.27,OK,-146.592,228.755,-1639.14,OK,-153.344,304.789,-1637.82,,364690564,Port:3,0,1773303776,68824162,Missing,,,,,,,,,4,Missing,,,,Missing,,,,Missing,,,,Missing,,,,,364690564,Port:65535,0,1773303776,68824162,Missing,,,,,,,,,0
4,,364690567,Port:1,0,1773303776,118824162,49999999,Enabled,0.606984,0.143068,-0.721301,0.301377,-37.0619,200.162,-1825.34,0.13966,4,OK,-37.0028,200.056,-1825.25,OK,-85.9544,197.382,-1836.24,OK,-106.482,146.714,-1832.46,OK,-43.5869,141.153,-1817.11,,364690567,Port:2,0,1773303776,118824162,Enabled,0.916496,0.0218949,0.0381071,0.397622,-107.346,261.617,-1642.26,0.148333,3,OK,-107.173,261.698,-1642.27,OK,-146.592,228.759,-1639.14,OK,-153.343,304.793,-1637.8,,364690567,Port:3,0,1773303776,118824162,Missing,,,,,,,,,4,Missing,,,,Missing,,,,Missing,,,,Missing,,,,,364690567,Port:65535,0,1773303776,118824162,Missing,,,,,,,,,0
4,,364690570,Port:1,0,1773303776,168824161,50000000,Enabled,0.610132,0.164942,-0.714808,0.299303,-41.4446,199.425,-1820.94,0.151884,4,OK,-41.3752,199.317,-1820.84,OK,-90.5169,195.483,-1830.67,OK,-109.46,144.154,-1827.59,OK,-46.0604,140.067,-1814.04,,364690570,Port:2,0,1773303776,168824161,Enabled,0.9165,0.0216406,0.0382003,0.397619,-107.349,261.61,-1642.24,0.145579,3,OK,-107.181,261.691,-1642.26,OK,-146.594,228.756,-1639.11,OK,-153.345,304.784,-1637.81,,364690570,Port:3,0,1773303776,168824161,Missing,,,,,,,,,4,Missing,,,,Missing,,,,Missing,,,,Missing,,,,,364690570,Port:65535,0,1773303776,168824161,Missing,,,,,,,,,0
4,,364690573,Port:1,0,1773303776,218824161,50000001,Enabled,0.614234,0.187518,-0.70772,0.294424,-45.7687,198.373,-1816.27,0.146419,4,OK,-45.7054,198.268,-1816.17,OK,-94.9503,193.379,-1824.66,OK,-112.506,141.517,-1822.54,OK,-48.6752,138.769,-1811,,364690573,Port:2,0,1773303776,218824161,Enabled,0.916511,0.0221917,0.0379088,0.397589,-107.351,261.612,-1642.26,0.143338,3,OK,-107.183,261.689,-1642.27,OK,-146.597,228.762,-1639.17,OK,-153.344,304.788,-1637.78,,364690573,Port:3,0,1773303776,218824161,Missing,,,,,,,,,4,Missing,,,,Missing,,,,Missing,,,,Missing,,,,,364690573,Port:65535,0,1773303776,218824161,Missing,,,,,,,,,0
4,,364690576,Port:1,0,1773303776,268824162,50000000,Enabled,0.610619,0.208363,-0.705473,0.293321,-50.4294,196.981,-1812.01,0.129474,4,OK,-50.3625,196.88,-1811.93,OK,-99.5229,190.69,-1820.02,OK,-115.44,138.252,-1819.19,OK,-51.425,137.182,-1808.32,,364690576,Port:2,0,1773303776,268824162,Enabled,0.916506,0.0220408,0.0381609,0.397585,-107.35,261.61,-1642.26,0.147522,3,OK,-107.18,261.693,-1642.27,OK,-146.599,228.756,-1639.14,OK,-153.341,304.784,-1637.78,,364690576,Port:3,0,1773303776,268824162,Missing,,,,,,,,,4,Missing,,,,Missing,,,,Missing,,,,Missing,,,,,364690576,Port:65535,0,1773303776,268824162,Missing,,,,,,,,,0
4,,364690579,Port:1,0,1773303776,318824162,50000000,Enabled,0.616854,0.226697,-0.693463,0.29531,-54.596,195.263,-1808.58,0.142836,4,OK,-54.5102,195.153,-1808.5,OK,-103.731,187.57,-1815.02,OK,-118.057,134.7,-1814.21,OK,-53.7056,135.45,-1805.48,,364690579,Port:2,0,1773303776,318824162,Enabled,0.916473,0.02179,0.0386207,0.397632,-107.348,261.614,-1642.28,0.145373,3,OK,-107.179,261.692,-1642.29,OK,-146.586,228.755,-1639.11,OK,-153.345,304.792,-1637.81,,364690579,Port:3,0,1773303776,318824162,Missing,,,,,,,,,4,Missing,,,,Missing,,,,Missing,,,,Missing,,,,,364690579,Port:65535,0,1773303776,318824162,Missing,,,,,,,,,0
4,,364690582,Port:1,0,1773303776,368824162,50000000,Enabled,0.619005,0.246419,-0.684949,0.294881,-58.5252,193.395,-1804.09,0.138222,4,OK,-58.4348,193.278,-1804.03,OK,-107.572,184.381,-1809.43,OK,-120.325,131.092,-1809.31,OK,-55.7945,133.588,-1802.16,,364690582,Port:2,0,1773303776,368824162,Enabled,0.91648,0.0220286,0.0383459,0.397628,-107.353,261.615,-1642.28,0.145126,3,OK,-107.184,261.693,-1642.3,OK,-146.593,228.757,-1639.15,OK,-153.348,304.79,-1637.8,,364690582,Port:3,0,1773303776,368824162,Missing,,,,,,,,,4,Missing,,,,Missing,,,,Missing,,,,Missing,,,,,364690582,Port:65535,0,1773303776,368824162,Missing,,,,,,,,,0
4,,364690585,Port:1,0,1773303776,418824162,50000000,Enabled,0.625341,0.266631,-0.671376,0.295145,-62.447,191.314,-1799.8,0.120147,4,OK,-62.3627,191.209,-1799.79,OK,-111.335,180.834,-1803.38,OK,-122.469,127.182,-1803.64,OK,-57.8103,131.602,-1798.77,,364690585,Port:2,0,1773303776,418824162,Enabled,0.916461,0.0221275,0.0388664,0.397616,-107.356,261.612,-1642.29,0.147617,3,OK,-107.186,261.696,-1642.3,OK,-146.597,228.754,-1639.11,OK,-153.344,304.781,-1637.77,,364690585,Port:3,0,1773303776,418824162,Missing,,,,,,,,,4,Missing,,,,Missing,,,,Missing,,,,Missing,,,,,364690585,Port:65535,0,1773303776,418824162,Missing,,,,,,,,,0
4,,364690588,Port:1,0,1773303776,468824162,50000000,Enabled,0.628926,0.285268,-0.659867,0.296056,-66.4403,188.928,-1795.78,0.126165,4,OK,-66.3442,188.814,-1795.77,OK,-115.085,177.021,-1798.07,OK,-124.599,123.051,-1798.73,OK,-59.9903,129.387,-1795.72,,364690588,Port:2,0,1773303776,468824162,Enabled,0.916465,0.0218944,0.0387106,0.397636,-107.353,261.616,-1642.3,0.149303,3,OK,-107.184,261.702,-1642.31,OK,-146.594,228.75,-1639.13,OK,-153.345,304.791,-1637.81,,364690588,Port:3,0,1773303776,468824162,Missing,,,,,,,,,4,Missing,,,,Missing,,,,Missing,,,,Missing,,,,,364690588,Port:65535,0,1773303776,468824162,Missing,,,,,,,,,0
4,,364690591,Port:1,0,1773303776,518824162,50000000,Enabled,0.630471,0.303684,-0.648859,0.298771,-70.6613,186.32,-1791.96,0.121013,4,OK,-70.5715,186.209,-1791.98,OK,-118.924,172.841,-1793.16,OK,-126.67,118.584,-1794.3,OK,-62.2572,127.024,-1792.8,,364690591,Port:2,0,1773303776,518824162,Enabled,0.916441,0.0221254,0.0391586,0.397634,-107.354,261.612,-1642.3,0.148591,3,OK,-107.185,261.698,-1642.32,OK,-146.592,228.748,-1639.09,OK,-153.342,304.783,-1637.77,,364690591,Port:3,0,1773303776,518824162,Missing,,,,,,,,,4,Missing,,,,Missing,,,,Missing,,,,Missing,,,,,364690591,Port:65535,0,1773303776,518824162,Missing,,,,,,,,,0
4,,364690594,Port:1,0,1773303776,568824162,50000000,Enabled,0.632626,0.323009,-0.63703,0.299404,-74.5856,183.623,-1787.63,0.144147,4,OK,-74.4956,183.506,-1787.7,OK,-122.411,168.613,-1787.6,OK,-128.49,114.184,-1789.47,OK,-64.3281,124.658,-1789.6,,364690594,Port:2,0,1773303776,568824162,Enabled,0.916518,0.0216509,0.0380368,0.397591,-107.352,261.612,-1642.24,0.144912,3,OK,-107.186,261.691,-1642.26,OK,-146.597,228.756,-1639.13,OK,-153.348,304.796,-1637.82,,364690594,Port:3,0,1773303776,568824162,Missing,,,,,,,,,4,Missing,,,,Missing,,,,Missing,,,,Missing,,,,,364690594,Port:65535,0,1773303776,568824162,Missing,,,,,,,,,0
4,,364690597,Port:1,0,1773303776,618824162,50000000,Enabled,0.63496,0.34159,-0.624029,0.301214,-78.3864,180.601,-1783.27,0.128483,4,OK,-78.2809,180.482,-1783.28,OK,-125.679,164.033,-1782.1,OK,-130.018,109.416,-1784.34,OK,-66.2691,122.046,-1786.31,,364690597,Port:2,0,1773303776,618824162,Enabled,0.916471,0.0219825,0.0387669,0.397612,-107.352,261.615,-1642.26,0.148971,3,OK,-107.182,261.698,-1642.28,OK,-146.594,228.754,-1639.09,OK,-153.343,304.791,-1637.77,,364690597,Port:3,0,1773303776,618824162,Missing,,,,,,,,,4,Missing,,,,Missing,,,,Missing,,,,Missing,,,,,364690597,Port:65535,0,1773303776,618824162,Missing,,,,,,,,,0
4,,364690600,Port:1,0,1773303776,668824162,50000000,Enabled,0.637675,0.358497,-0.611062,0.302413,-81.5556,177.419,-1779.08,0.131036,4,OK,-81.4526,177.305,-1779.12,OK,-128.281,159.425,-1776.7,OK,-131.074,104.737,-1779.44,OK,-67.7813,119.284,-1783.09,,364690600,Port:2,0,1773303776,668824162,Enabled,0.916491,0.0217337,0.0383495,0.39762,-107.352,261.61,-1642.25,0.149816,3,OK,-107.179,261.693,-1642.27,OK,-146.599,228.752,-1639.11,OK,-153.349,304.785,-1637.8,,364690600,Port:3,0,1773303776,668824162,Missing,,,,,,,,,4,Missing,,,,Missing,,,,Missing,,,,Missing,,,,,364690600,Port:65535,0,1773303776,668824162,Missing,,,,,,,,,0
4,,364690603,Port:1,0,1773303776,718824162,50000000,Enabled,0.637878,0.374844,-0.602068,0.300196,-83.7815,174.295,-1774.73,0.141193,4,OK,-83.693,174.186,-1774.83,OK,-130.006,155.167,-1771.55,OK,-131.587,100.485,-1775.32,OK,-68.7446,116.564,-1780.09,,364690603,Port:2,0,1773303776,718824162,Enabled,0.916455,0.0221912,0.0387532,0.397639,-107.358,261.616,-1642.3,0.146695,3,OK,-107.19,261.699,-1642.32,OK,-146.596,228.754,-1639.13,OK,-153.348,304.787,-1637.78,,364690603,Port:3,0,1773303776,718824162,Missing,,,,,,,,,4,Missing,,,,Missing,,,,Missing,,,,Missing,,,,,364690603,Port:65535,0,1773303776,718824162,Missing,,,,,,,,,0
4,,364690606,Port:1,0,1773303776,768824162,50000000,Enabled,0.636203,0.386847,-0.596847,0.298946,-85.4553,171.506,-1771,0.158611,4,OK,-85.3525,171.4,-1771.12,OK,-131.294,151.508,-1767.5,OK,-131.955,96.8624,-1772.11,OK,-69.4762,114.15,-1777.4,,364690606,Port:2,0,1773303776,768824162,Enabled,0.916464,0.0220524,0.0388724,0.397613,-107.355,261.608,-1642.27,0.148133,3,OK,-107.187,261.693,-1642.28,OK,-146.595,228.746,-1639.08,OK,-153.343,304.784,-1637.76,,364690606,Port:3,0,1773303776,768824162,Missing,,,,,,,,,4,Missing,,,,Missing,,,,Missing,,,,Missing,,,,,364690606,Port:65535,0,1773303776,768824162,Missing,,,,,,,,,0
4,,364690609,Port:1,0,1773303776,818824162,50000000,Enabled,0.638011,0.400407,-0.585394,0.299884,-87.6241,168.332,-1767.24,0.14519,4,OK,-87.5242,168.225,-1767.34,OK,-132.844,147.161,-1762.83,OK,-132.254,92.5432,-1767.83,OK,-70.3721,111.452,-1774.5,,364690609,Port:2,0,1773303776,818824162,Enabled,0.916489,0.021542,0.0383724,0.397632,-107.354,261.611,-1642.26,0.144818,3,OK,-107.188,261.689,-1642.27,OK,-146.593,228.751,-1639.11,OK,-153.354,304.794,-1637.83,,364690609,Port:3,0,1773303776,818824162,Missing,,,,,,,,,4,Missing,,,,Missing,,,,Missing,,,,Missing,,,,,364690609,Port:65535,0,1773303776,818824162,Missing,,,,,,,,,0
4,,364690612,Port:1,0,1773303776,868824162,50000000,Enabled,0.636766,0.416887,-0.575596,0.299037,-90.0646,164.778,-1762.59,0.148144,4,OK,-89.9542,164.667,-1762.69,OK,-134.605,142.331,-1757.59,OK,-132.673,87.8203,-1763.54,OK,-71.4614,108.529,-1771.22,,364690612,Port:2,0,1773303776,868824162,Enabled,0.916488,0.0222249,0.0382929,0.397605,-107.354,261.613,-1642.26,0.142321,3,OK,-107.19,261.694,-1642.27,OK,-146.596,228.761,-1639.13,OK,-153.343,304.782,-1637.75,,364690612,Port:3,0,1773303776,868824162,Missing,,,,,,,,,4,Missing,,,,Missing,,,,Missing,,,,Missing,,,,,364690612,Port:65535,0,1773303776,868824162,Missing,,,,,,,,,0
4,,364690615,Port:1,0,1773303776,918824162,50000000,Enabled,0.637393,0.434513,-0.561671,0.29909,-92.6319,160.893,-1757.99,0.14685,4,OK,-92.52,160.786,-1758.09,OK,-136.284,136.978,-1752.02,OK,-132.805,82.6424,-1758.78,OK,-72.5369,105.378,-1767.93,,364690615,Port:2,0,1773303776,918824162,Enabled,0.916456,0.0220096,0.0391017,0.397612,-107.355,261.612,-1642.29,0.147864,3,OK,-107.184,261.694,-1642.31,OK,-146.594,228.755,-1639.08,OK,-153.344,304.785,-1637.77,,364690615,Port:3,0,1773303776,918824162,Missing,,,,,,,,,4,Missing,,,,Missing,,,,Missing,,,,Missing,,,,,364690615,Port:65535,0,1773303776,918824162,Missing,,,,,,,,,0
4,,364690618,Port:1,0,1773303776,968824162,50000000,Enabled,0.634729,0.453384,-0.551728,0.295226,-94.4363,156.801,-1752.83,0.171045,4,OK,-94.3097,156.697,-1752.97,OK,-137.293,131.588,-1746.38,OK,-132.56,77.5307,-1754.65,OK,-73.1467,102.119,-1764.61,,364690618,Port:2,0,1773303776,968824162,Enabled,0.916495,0.0219145,0.038506,0.397585,-107.357,261.608,-1642.27,0.147025,3,OK,-107.186,261.688,-1642.28,OK,-146.601,228.754,-1639.11,OK,-153.348,304.785,-1637.79,,364690618,Port:3,0,1773303776,968824162,Missing,,,,,,,,,4,Missing,,,,Missing,,,,Missing,,,,Missing,,,,,364690618,Port:65535,0,1773303776,968824162,Missing,,,,,,,,,0
4,,364690621,Port:1,0,1773303777,18824162,50000000,Enabled,0.632253,0.468615,-0.542593,0.293683,-95.9834,152.925,-1748.56,0.193659,4,OK,-95.8648,152.835,-1748.75,OK,-138.063,126.547,-1741.72,OK,-132.197,72.7736,-1751.13,OK,-73.5971,99.0018,-1761.71,,364690621,Port:2,0,1773303777,18824162,Enabled,0.916486,0.0219331,0.0382479,0.397631,-107.357,261.614,-1642.25,0.141013,3,OK,-107.195,261.694,-1642.26,OK,-146.596,228.761,-1639.12,OK,-153.35,304.783,-1637.78,,364690621,Port:3,0,1773303777,18824162,Missing,,,,,,,,,4,Missing,,,,Missing,,,,Missing,,,,Missing,,,,,364690621,Port:65535,0,1773303777,18824162,Missing,,,,,,,,,0
4,,364690624,Port:1,0,1773303777,68824162,50000000,Enabled,0.632461,0.48468,-0.528356,0.293118,-97.5258,148.871,-1744.25,0.203356,4,OK,-97.411,148.78,-1744.45,OK,-138.599,121.164,-1736.55,OK,-131.393,67.705,-1746.84,OK,-73.9202,95.8057,-1758.7,,364690624,Port:2,0,1773303777,68824162,Enabled,0.916474,0.0218582,0.0389278,0.397597,-107.356,261.615,-1642.3,0.150018,3,OK,-107.185,261.7,-1642.31,OK,-146.599,228.755,-1639.1,OK,-153.345,304.792,-1637.81,,364690624,Port:3,0,1773303777,68824162,Missing,,,,,,,,,4,Missing,,,,Missing,,,,Missing,,,,Missing,,,,,364690624,Port:65535,0,1773303777,68824162,Missing,,,,,,,,,0
4,,364690627,Port:1,0,1773303777,118824162,50000000,Enabled,0.632712,0.502541,-0.511309,0.292731,-99.1283,144.226,-1739.29,0.220751,4,OK,-99.0095,144.142,-1739.52,OK,-138.949,115.009,-1730.61,OK,-130.239,61.9578,-1741.88,OK,-74.1949,92.2038,-1755.19,,364690627,Port:2,0,1773303777,118824162,Enabled,0.916458,0.0223297,0.0387303,0.397626,-107.358,261.617,-1642.32,0.147356,3,OK,-107.189,261.701,-1642.33,OK,-146.598,228.757,-1639.16,OK,-153.347,304.788,-1637.78,,364690627,Port:3,0,1773303777,118824162,Missing,,,,,,,,,4,Missing,,,,Missing,,,,Missing,,,,Missing,,,,,364690627,Port:65535,0,1773303777,118824162,Missing,,,,,,,,,0
4,,364690630,Port:1,0,1773303777,168824162,50000000,Enabled,0.633233,0.521565,-0.490964,0.293156,-100.563,138.801,-1733.93,0.219158,4,OK,-100.441,138.723,-1734.16,OK,-138.832,107.916,-1724.15,OK,-128.438,55.3654,-1736.35,OK,-74.1936,88.0054,-1751.36,,364690630,Port:2,0,1773303777,168824162,Enabled,0.916517,0.0216207,0.0380219,0.397597,-107.355,261.611,-1642.24,0.145054,3,OK,-107.185,261.686,-1642.25,OK,-146.601,228.759,-1639.13,OK,-153.354,304.792,-1637.82,,364690630,Port:3,0,1773303777,168824162,Missing,,,,,,,,,4,Missing,,,,Missing,,,,Missing,,,,Missing,,,,,364690630,Port:65535,0,1773303777,168824162,Missing,,,,,,,,,0
4,,364690633,Port:1,0,1773303777,218824162,50000001,Enabled,0.632838,0.543903,-0.46775,0.291367,-101.522,132.567,-1727.64,0.208547,4,OK,-101.395,132.495,-1727.85,OK,-137.961,99.8617,-1716.77,OK,-125.806,48.0183,-1730.3,OK,-73.7374,83.2851,-1747.12,,364690633,Port:2,0,1773303777,218824162,Enabled,0.916464,0.0219815,0.0387613,0.397627,-107.356,261.617,-1642.3,0.14889,3,OK,-107.186,261.704,-1642.31,OK,-146.598,228.756,-1639.12,OK,-153.346,304.788,-1637.8,,364690633,Port:3,0,1773303777,218824162,Missing,,,,,,,,,4,Missing,,,,Missing,,,,Missing,,,,Missing,,,,,364690633,Port:65535,0,1773303777,218824162,Missing,,,,,,,,,0
4,,364690636,Port:1,0,1773303777,268824163,50000000,Enabled,0.63443,0.563525,-0.440452,0.293156,-101.919,126.228,-1721.91,0.221235,4,OK,-101.799,126.167,-1722.15,OK,-136.18,91.7294,-1709.58,OK,-122.098,40.5803,-1724.06,OK,-72.659,78.4591,-1742.95,,364690636,Port:2,0,1773303777,268824163,Enabled,0.916445,0.0221182,0.0389471,0.397646,-107.359,261.616,-1642.31,0.148261,3,OK,-107.188,261.699,-1642.32,OK,-146.598,228.756,-1639.12,OK,-153.352,304.785,-1637.78,,364690636,Port:3,0,1773303777,268824163,Missing,,,,,,,,,4,Missing,,,,Missing,,,,Missing,,,,Missing,,,,,364690636,Port:65535,0,1773303777,268824163,Missing,,,,,,,,,0
4,,364690639,Port:1,0,1773303777,318824163,50000000,Enabled,0.633081,0.580239,-0.421383,0.291493,-101.242,120.042,-1716.44,0.199019,4,OK,-101.114,119.987,-1716.65,OK,-133.849,84.2087,-1703.45,OK,-118.501,33.7665,-1719.02,OK,-71.1002,73.6047,-1739.15,,364690639,Port:2,0,1773303777,318824163,Enabled,0.916466,0.0222031,0.0384871,0.397637,-107.355,261.615,-1642.27,0.146414,3,OK,-107.186,261.698,-1642.29,OK,-146.597,228.758,-1639.13,OK,-153.347,304.782,-1637.76,,364690639,Port:3,0,1773303777,318824163,Missing,,,,,,,,,4,Missing,,,,Missing,,,,Missing,,,,Missing,,,,,364690639,Port:65535,0,1773303777,318824163,Missing,,,,,,,,,0
4,,364690642,Port:1,0,1773303777,368824163,50000000,Enabled,0.629994,0.59275,-0.408377,0.29152,-100.4,114.483,-1711.88,0.214334,4,OK,-100.278,114.436,-1712.12,OK,-131.738,77.6255,-1698.61,OK,-115.333,27.7998,-1715.17,OK,-69.4916,69.1462,-1735.76,,364690642,Port:2,0,1773303777,368824163,Enabled,0.916455,0.0222862,0.0385691,0.39765,-107.353,261.617,-1642.28,0.149172,3,OK,-107.182,261.704,-1642.3,OK,-146.597,228.756,-1639.13,OK,-153.345,304.78,-1637.76,,364690642,Port:3,0,1773303777,368824163,Missing,,,,,,,,,4,Missing,,,,Missing,,,,Missing,,,,Missing,,,,,364690642,Port:65535,0,1773303777,368824163,Missing,,,,,,,,,0
4,,364690645,Port:1,0,1773303777,418824163,50000000,Enabled,0.628055,0.605162,-0.395689,0.287674,-98.8324,109.525,-1707.29,0.253984,4,OK,-98.7034,109.47,-1707.58,OK,-129.034,71.8132,-1693.68,OK,-112.004,22.6005,-1711.43,OK,-67.5957,65.2084,-1732.58,,364690645,Port:2,0,1773303777,418824163,Enabled,0.916516,0.021745,0.0382689,0.397569,-107.356,261.606,-1642.23,0.150093,3,OK,-107.184,261.692,-1642.25,OK,-146.607,228.751,-1639.1,OK,-153.346,304.785,-1637.79,,364690645,Port:3,0,1773303777,418824163,Missing,,,,,,,,,4,Missing,,,,Missing,,,,Missing,,,,Missing,,,,,364690645,Port:65535,0,1773303777,418824163,Missing,,,,,,,,,0
4,,364690648,Port:1,0,1773303777,468824163,50000000,Enabled,0.627059,0.618333,-0.378156,0.285411,-97.201,104.809,-1703.12,0.212876,4,OK,-97.0761,104.761,-1703.35,OK,-125.875,66.1135,-1688.99,OK,-107.942,17.5661,-1707.66,OK,-65.4797,61.6573,-1729.88,,364690648,Port:2,0,1773303777,468824163,Enabled,0.916474,0.0221374,0.0385054,0.397622,-107.354,261.615,-1642.27,0.146628,3,OK,-107.184,261.694,-1642.28,OK,-146.595,228.758,-1639.12,OK,-153.348,304.789,-1637.77,,364690648,Port:3,0,1773303777,468824163,Missing,,,,,,,,,4,Missing,,,,Missing,,,,Missing,,,,Missing,,,,,364690648,Port:65535,0,1773303777,468824163,Missing,,,,,,,,,0
4,,364690651,Port:1,0,1773303777,518824163,50000000,Enabled,0.625951,0.628027,-0.364609,0.284301,-95.7148,100.906,-1699.82,0.234008,4,OK,-95.5985,100.867,-1700.09,OK,-123.143,61.4705,-1685.27,OK,-104.525,13.4566,-1704.75,OK,-63.6288,58.676,-1727.57,,364690651,Port:2,0,1773303777,518824163,Enabled,0.916528,0.0218744,0.0378742,0.397571,-107.35,261.61,-1642.21,0.148665,3,OK,-107.175,261.688,-1642.23,OK,-146.603,228.761,-1639.12,OK,-153.347,304.788,-1637.77,,364690651,Port:3,0,1773303777,518824163,Missing,,,,,,,,,4,Missing,,,,Missing,,,,Missing,,,,Missing,,,,,364690651,Port:65535,0,1773303777,518824163,Missing,,,,,,,,,0
4,,364690654,Port:1,0,1773303777,568824163,50000000,Enabled,0.623788,0.631433,-0.365311,0.280586,-94.2392,98.6689,-1697.94,0.239317,4,OK,-94.1225,98.6105,-1698.22,OK,-121.675,59.1448,-1683.67,OK,-103.223,11.3018,-1703.72,OK,-62.3592,56.6649,-1726.23,,364690654,Port:2,0,1773303777,568824163,Enabled,0.916452,0.0221135,0.0387446,0.39765,-107.354,261.613,-1642.28,0.148149,3,OK,-107.181,261.693,-1642.29,OK,-146.594,228.756,-1639.11,OK,-153.351,304.781,-1637.76,,364690654,Port:3,0,1773303777,568824163,Missing,,,,,,,,,4,Missing,,,,Missing,,,,Missing,,,,Missing,,,,,364690654,Port:65535,0,1773303777,568824163,Missing,,,,,,,,,0
4,,364690657,Port:1,0,1773303777,618824163,50000000,Enabled,0.621625,0.635277,-0.365205,0.276824,-93.0714,97.0007,-1696.52,0.214464,4,OK,-92.944,96.9465,-1696.76,OK,-120.448,57.3419,-1682.55,OK,-102.132,9.69986,-1703.1,OK,-61.3891,55.2773,-1725.42,,364690657,Port:2,0,1773303777,618824163,Enabled,0.916543,0.0220907,0.0376323,0.397548,-107.354,261.608,-1642.23,0.145672,3,OK,-107.18,261.682,-1642.25,OK,-146.607,228.763,-1639.17,OK,-153.35,304.789,-1637.78,,364690657,Port:3,0,1773303777,618824163,Missing,,,,,,,,,4,Missing,,,,Missing,,,,Missing,,,,Missing,,,,,364690657,Port:65535,0,1773303777,618824163,Missing,,,,,,,,,0
4,,364690660,Port:1,0,1773303777,668824163,50000000,Enabled,0.622778,0.641258,-0.352656,0.27671,-92.0314,95.0749,-1694.74,0.239901,4,OK,-91.907,95.0231,-1695.01,OK,-118.38,54.9089,-1680.15,OK,-99.5112,7.6029,-1701.11,OK,-60.0895,53.9457,-1724.25,,364690660,Port:2,0,1773303777,668824163,Enabled,0.916499,0.0223058,0.038175,0.397585,-107.352,261.611,-1642.27,0.149033,3,OK,-107.178,261.693,-1642.28,OK,-146.602,228.758,-1639.16,OK,-153.343,304.784,-1637.76,,364690660,Port:3,0,1773303777,668824163,Missing,,,,,,,,,4,Missing,,,,Missing,,,,Missing,,,,Missing,,,,,364690660,Port:65535,0,1773303777,668824163,Missing,,,,,,,,,0
4,,364690663,Port:1,0,1773303777,718824163,50000000,Enabled,0.621561,0.64822,-0.343209,0.275101,-90.8683,92.6498,-1692.59,0.235887,4,OK,-90.7524,92.6078,-1692.86,OK,-116.313,51.9996,-1677.81,OK,-97.0822,5.09507,-1699.38,OK,-58.8094,52.2033,-1722.86,,364690663,Port:2,0,1773303777,718824163,Enabled,0.916462,0.0223129,0.0389035,0.3976,-107.36,261.607,-1642.27,0.148582,3,OK,-107.188,261.691,-1642.29,OK,-146.602,228.749,-1639.09,OK,-153.346,304.78,-1637.73,,364690663,Port:3,0,1773303777,718824163,Missing,,,,,,,,,4,Missing,,,,Missing,,,,Missing,,,,Missing,,,,,364690663,Port:65535,0,1773303777,718824163,Missing,,,,,,,,,0
4,,364690666,Port:1,0,1773303777,768824163,50000000,Enabled,0.619819,0.654803,-0.334233,0.274493,-89.9646,89.8967,-1690.64,0.237599,4,OK,-89.848,89.8608,-1690.91,OK,-114.538,48.7409,-1675.75,OK,-94.8516,2.29283,-1697.87,OK,-57.6784,50.1637,-1721.63,,364690666,Port:2,0,1773303777,768824163,Enabled,0.916496,0.0219705,0.0381242,0.397617,-107.352,261.614,-1642.25,0.145924,3,OK,-107.185,261.696,-1642.26,OK,-146.595,228.754,-1639.14,OK,-153.346,304.792,-1637.79,,364690666,Port:3,0,1773303777,768824163,Missing,,,,,,,,,4,Missing,,,,Missing,,,,Missing,,,,Missing,,,,,364690666,Port:65535,0,1773303777,768824163,Missing,,,,,,,,,0
4,,364690669,Port:1,0,1773303777,818824163,50000000,Enabled,0.616986,0.659085,-0.330199,0.275507,-89.5794,87.2835,-1689.33,0.241864,4,OK,-89.4674,87.2595,-1689.61,OK,-113.62,45.7779,-1674.59,OK,-93.5245,-0.319841,-1697.1,OK,-57.0173,48.0777,-1720.66,,364690669,Port:2,0,1773303777,818824163,Enabled,0.916503,0.0218586,0.0379112,0.397627,-107.354,261.617,-1642.24,0.146855,3,OK,-107.183,261.697,-1642.25,OK,-146.6,228.761,-1639.14,OK,-153.352,304.791,-1637.8,,364690669,Port:3,0,1773303777,818824163,Missing,,,,,,,,,4,Missing,,,,Missing,,,,Missing,,,,Missing,,,,,364690669,Port:65535,0,1773303777,818824163,Missing,,,,,,,,,0
4,,364690672,Port:1,0,1773303777,868824163,50000000,Enabled,0.615927,0.661691,-0.32659,0.27593,-89.3073,85.6161,-1688.53,0.223702,4,OK,-89.1896,85.5826,-1688.78,OK,-113.01,43.8852,-1673.79,OK,-92.6343,-1.99498,-1696.44,OK,-56.5455,46.7511,-1720.18,,364690672,Port:2,0,1773303777,868824163,Enabled,0.916475,0.0221999,0.038287,0.397637,-107.355,261.615,-1642.28,0.148678,3,OK,-107.185,261.701,-1642.29,OK,-146.599,228.753,-1639.15,OK,-153.347,304.785,-1637.78,,364690672,Port:3,0,1773303777,868824163,Missing,,,,,,,,,4,Missing,,,,Missing,,,,Missing,,,,Missing,,,,,364690672,Port:65535,0,1773303777,868824163,Missing,,,,,,,,,0
4,,364690675,Port:1,0,1773303777,918824163,50000000,Enabled,0.615977,0.66088,-0.32657,0.277781,-89.2902,85.4905,-1688.61,0.226408,4,OK,-89.163,85.4538,-1688.87,OK,-112.938,43.7447,-1673.85,OK,-92.4389,-2.13438,-1696.33,OK,-56.4065,46.6112,-1720.04,,364690675,Port:2,0,1773303777,918824163,Enabled,0.916506,0.0220532,0.0381359,0.397588,-107.351,261.61,-1642.24,0.145061,3,OK,-107.184,261.691,-1642.26,OK,-146.597,228.756,-1639.13,OK,-153.342,304.787,-1637.77,,364690675,Port:3,0,1773303777,918824163,Missing,,,,,,,,,4,Missing,,,,Missing,,,,Missing,,,,Missing,,,,,364690675,Port:65535,0,1773303777,918824163,Missing,,,,,,,,,0
4,,364690678,Port:1,0,1773303777,968824163,50000000,Enabled,0.616283,0.656517,-0.333219,0.279547,-89.8662,86.9257,-1689.96,0.230128,4,OK,-89.7399,86.8951,-1690.22,OK,-114.101,45.4611,-1675.36,OK,-93.7632,-0.699422,-1697.45,OK,-56.9577,47.6267,-1720.84,,364690678,Port:2,0,1773303777,968824163,Enabled,0.916539,0.0218596,0.0374951,0.397583,-107.35,261.619,-1642.21,0.143106,3,OK,-107.183,261.695,-1642.23,OK,-146.599,228.768,-1639.16,OK,-153.346,304.799,-1637.79,,364690678,Port:3,0,1773303777,968824163,Missing,,,,,,,,,4,Missing,,,,Missing,,,,Missing,,,,Missing,,,,,364690678,Port:65535,0,1773303777,968824163,Missing,,,,,,,,,0
4,,364690681,Port:1,0,1773303778,18824163,50000000,Enabled,0.617236,0.651038,-0.340546,0.28142,-90.8096,89.0436,-1691.76,0.229602,4,OK,-90.6854,89.0078,-1692.02,OK,-115.741,47.9388,-1677.29,OK,-95.614,1.4324,-1698.86,OK,-57.9038,49.2072,-1722.01,,364690681,Port:2,0,1773303778,18824163,Enabled,0.916496,0.0215622,0.0383301,0.397619,-107.35,261.607,-1642.23,0.148118,3,OK,-107.179,261.69,-1642.24,OK,-146.596,228.752,-1639.08,OK,-153.347,304.782,-1637.8,,364690681,Port:3,0,1773303778,18824163,Missing,,,,,,,,,4,Missing,,,,Missing,,,,Missing,,,,Missing,,,,,364690681,Port:65535,0,1773303778,18824163,Missing,,,,,,,,,0
4,,364690684,Port:1,0,1773303778,68824163,50000000,Enabled,0.618855,0.643314,-0.349776,0.284292,-91.8968,91.8708,-1694.07,0.222765,4,OK,-91.777,91.823,-1694.33,OK,-117.664,51.2759,-1679.73,OK,-97.854,4.27753,-1700.55,OK,-59.0564,51.2974,-1723.36,,364690684,Port:2,0,1773303778,68824163,Enabled,0.916498,0.0216683,0.038253,0.397616,-107.351,261.614,-1642.23,0.145433,3,OK,-107.184,261.695,-1642.24,OK,-146.594,228.757,-1639.1,OK,-153.347,304.792,-1637.79,,364690684,Port:3,0,1773303778,68824163,Missing,,,,,,,,,4,Missing,,,,Missing,,,,Missing,,,,Missing,,,,,364690684,Port:65535,0,1773303778,68824163,Missing,,,,,,,,,0
4,,364690687,Port:1,0,1773303778,118824163,50000000,Enabled,0.620292,0.635055,-0.359967,0.286998,-93.0658,94.7223,-1696.57,0.208859,4,OK,-92.9535,94.66,-1696.8,OK,-119.782,54.6646,-1682.43,OK,-100.335,7.21788,-1702.44,OK,-60.3054,53.3649,-1724.89,,364690687,Port:2,0,1773303778,118824163,Enabled,0.916459,0.0222226,0.0390629,0.397596,-107.354,261.614,-1642.3,0.149733,3,OK,-107.181,261.7,-1642.32,OK,-146.597,228.759,-1639.1,OK,-153.339,304.783,-1637.76,,364690687,Port:3,0,1773303778,118824163,Missing,,,,,,,,,4,Missing,,,,Missing,,,,Missing,,,,Missing,,,,,364690687,Port:65535,0,1773303778,118824163,Missing,,,,,,,,,0
4,,364690690,Port:1,0,1773303778,168824163,50000000,Enabled,0.621514,0.623168,-0.373003,0.293684,-94.688,97.8787,-1700.03,0.199603,4,OK,-94.5697,97.8175,-1700.25,OK,-122.498,58.4774,-1686.21,OK,-103.33,10.4449,-1704.94,OK,-61.8429,55.5721,-1726.76,,364690690,Port:2,0,1773303778,168824163,Enabled,0.9165,0.0221432,0.037999,0.397609,-107.344,261.609,-1642.22,0.145759,3,OK,-107.174,261.689,-1642.24,OK,-146.592,228.757,-1639.13,OK,-153.338,304.777,-1637.75,,364690690,Port:3,0,1773303778,168824163,Missing,,,,,,,,,4,Missing,,,,Missing,,,,Missing,,,,Missing,,,,,364690690,Port:65535,0,1773303778,168824163,Missing,,,,,,,,,0
4,,364690693,Port:1,0,1773303778,218824163,50000002,Enabled,0.622119,0.60984,-0.391582,0.296187,-95.8737,101.713,-1703.63,0.212404,4,OK,-95.7445,101.648,-1703.86,OK,-125.297,63.2784,-1690.45,OK,-107.027,14.531,-1708.16,OK,-63.4648,58.2217,-1728.9,,364690693,Port:2,0,1773303778,218824163,Enabled,0.91647,0.022072,0.0385849,0.397627,-107.354,261.611,-1642.27,0.147373,3,OK,-107.184,261.693,-1642.29,OK,-146.595,228.751,-1639.12,OK,-153.347,304.785,-1637.77,,364690693,Port:3,0,1773303778,218824163,Missing,,,,,,,,,4,Missing,,,,Missing,,,,Missing,,,,Missing,,,,,364690693,Port:65535,0,1773303778,218824163,Missing,,,,,,,,,0
4,,364690696,Port:1,0,1773303778,268824165,50000000,Enabled,0.624974,0.596725,-0.406138,0.297286,-96.6484,106.409,-1707.36,0.24448,4,OK,-96.5089,106.339,-1707.62,OK,-127.477,68.9586,-1694.43,OK,-110.189,19.5365,-1711.16,OK,-64.8538,61.7288,-1731.28,,364690696,Port:2,0,1773303778,268824165,Enabled,0.916506,0.0219531,0.0378139,0.397625,-107.351,261.617,-1642.24,0.147351,3,OK,-107.181,261.698,-1642.25,OK,-146.599,228.759,-1639.16,OK,-153.349,304.79,-1637.79,,364690696,Port:3,0,1773303778,268824165,Missing,,,,,,,,,4,Missing,,,,Missing,,,,Missing,,,,Missing,,,,,364690696,Port:65535,0,1773303778,268824165,Missing,,,,,,,,,0
4,,364690699,Port:1,0,1773303778,318824165,50000001,Enabled,0.626928,0.582663,-0.422538,0.298207,-97.188,111.757,-1711.71,0.229119,4,OK,-97.0666,111.68,-1711.96,OK,-129.515,75.4511,-1699.28,OK,-113.298,25.3068,-1715,OK,-66.1388,65.8215,-1734.25,,364690699,Port:2,0,1773303778,318824165,Enabled,0.916454,0.022047,0.0388851,0.397635,-107.35,261.613,-1642.29,0.148786,3,OK,-107.179,261.694,-1642.3,OK,-146.589,228.751,-1639.1,OK,-153.344,304.787,-1637.78,,364690699,Port:3,0,1773303778,318824165,Missing,,,,,,,,,4,Missing,,,,Missing,,,,Missing,,,,Missing,,,,,364690699,Port:65535,0,1773303778,318824165,Missing,,,,,,,,,0
4,,364690702,Port:1,0,1773303778,368824166,50000000,Enabled,0.628412,0.564198,-0.443211,0.30057,-97.7257,117.963,-1717.16,0.240299,4,OK,-97.5915,117.893,-1717.42,OK,-131.829,83.0558,-1705.48,OK,-116.975,32.1354,-1719.88,OK,-67.622,70.5703,-1737.82,,364690702,Port:2,0,1773303778,368824166,Enabled,0.916466,0.0222504,0.0385638,0.397627,-107.354,261.613,-1642.29,0.148931,3,OK,-107.181,261.694,-1642.3,OK,-146.596,228.753,-1639.14,OK,-153.348,304.786,-1637.77,,364690702,Port:3,0,1773303778,368824166,Missing,,,,,,,,,4,Missing,,,,Missing,,,,Missing,,,,Missing,,,,,364690702,Port:65535,0,1773303778,368824166,Missing,,,,,,,,,0
4,,364690705,Port:1,0,1773303778,418824166,49999999,Enabled,0.628954,0.547207,-0.461808,0.302845,-98.0231,124.042,-1722.32,0.233334,4,OK,-97.909,123.955,-1722.57,OK,-133.631,90.4554,-1711.46,OK,-120.043,38.8868,-1724.69,OK,-68.8457,75.3926,-1741.29,,364690705,Port:2,0,1773303778,418824166,Enabled,0.916462,0.0220801,0.0387342,0.397629,-107.353,261.617,-1642.27,0.147639,3,OK,-107.184,261.7,-1642.28,OK,-146.593,228.755,-1639.1,OK,-153.344,304.79,-1637.76,,364690705,Port:3,0,1773303778,418824166,Missing,,,,,,,,,4,Missing,,,,Missing,,,,Missing,,,,Missing,,,,,364690705,Port:65535,0,1773303778,418824166,Missing,,,,,,,,,0
4,,364690708,Port:1,0,1773303778,468824165,50000000,Enabled,0.630512,0.533933,-0.474961,0.302956,-97.9977,129.39,-1726.84,0.196372,4,OK,-97.8838,129.298,-1727.04,OK,-134.784,96.9259,-1716.52,OK,-122.297,44.8377,-1728.81,OK,-69.7143,79.7506,-1744.67,,364690708,Port:2,0,1773303778,468824165,Enabled,0.916462,0.0218461,0.0389735,0.397621,-107.351,261.609,-1642.29,0.147446,3,OK,-107.185,261.695,-1642.3,OK,-146.59,228.747,-1639.09,OK,-153.338,304.781,-1637.79,,364690708,Port:3,0,1773303778,468824165,Missing,,,,,,,,,4,Missing,,,,Missing,,,,Missing,,,,Missing,,,,,364690708,Port:65535,0,1773303778,468824165,Missing,,,,,,,,,0
4,,364690711,Port:1,0,1773303778,518824165,50000000,Enabled,0.632322,0.519734,-0.486922,0.30488,-97.6981,134.169,-1731.08,0.244549,4,OK,-97.5857,134.077,-1731.34,OK,-135.502,102.763,-1721.13,OK,-124.062,50.2349,-1732.5,OK,-70.266,83.5871,-1747.47,,364690711,Port:2,0,1773303778,518824165,Enabled,0.91649,0.0218029,0.0386164,0.397591,-107.352,261.611,-1642.27,0.149468,3,OK,-107.18,261.694,-1642.29,OK,-146.597,228.753,-1639.11,OK,-153.343,304.79,-1637.8,,364690711,Port:3,0,1773303778,518824165,Missing,,,,,,,,,4,Missing,,,,Missing,,,,Missing,,,,Missing,,,,,364690711,Port:65535,0,1773303778,518824165,Missing,,,,,,,,,0
4,,364690714,Port:1,0,1773303778,568824165,50000001,Enabled,0.633097,0.506219,-0.500139,0.304617,-96.8008,138.248,-1734.78,0.24595,4,OK,-96.6837,138.152,-1735.04,OK,-135.701,107.996,-1725.45,OK,-125.454,55.065,-1736.06,OK,-70.3873,86.7681,-1750.04,,364690714,Port:2,0,1773303778,568824165,Enabled,0.916476,0.022075,0.0386344,0.397607,-107.349,261.613,-1642.28,0.147059,3,OK,-107.181,261.695,-1642.29,OK,-146.591,228.752,-1639.12,OK,-153.339,304.79,-1637.78,,364690714,Port:3,0,1773303778,568824165,Missing,,,,,,,,,4,Missing,,,,Missing,,,,Missing,,,,Missing,,,,,364690714,Port:65535,0,1773303778,568824165,Missing,,,,,,,,,0
4,,364690717,Port:1,0,1773303778,618824166,50000000,Enabled,0.634801,0.492627,-0.512308,0.303129,-94.879,141.871,-1738.03,0.182655,4,OK,-94.7626,141.764,-1738.2,OK,-134.822,112.856,-1729.3,OK,-125.888,59.5346,-1739.02,OK,-69.6642,89.4955,-1752.3,,364690717,Port:2,0,1773303778,618824166,Enabled,0.916485,0.0219281,0.038556,0.397603,-107.353,261.616,-1642.27,0.149338,3,OK,-107.18,261.7,-1642.29,OK,-146.599,228.76,-1639.12,OK,-153.344,304.788,-1637.79,,364690717,Port:3,0,1773303778,618824166,Missing,,,,,,,,,4,Missing,,,,Missing,,,,Missing,,,,Missing,,,,,364690717,Port:65535,0,1773303778,618824166,Missing,,,,,,,,,0
4,,364690720,Port:1,0,1773303778,668824166,49999999,Enabled,0.637733,0.477609,-0.524848,0.299534,-91.7616,145.385,-1740.98,0.17966,4,OK,-91.6465,145.272,-1741.14,OK,-132.834,117.831,-1732.71,OK,-125.548,64.1589,-1741.69,OK,-68.0807,92.0263,-1754.25,,364690720,Port:2,0,1773303778,668824166,Enabled,0.91646,0.0219501,0.0390027,0.397615,-107.352,261.61,-1642.29,0.145752,3,OK,-107.182,261.689,-1642.31,OK,-146.589,228.755,-1639.09,OK,-153.344,304.785,-1637.79,,364690720,Port:3,0,1773303778,668824166,Missing,,,,,,,,,4,Missing,,,,Missing,,,,Missing,,,,Missing,,,,,364690720,Port:65535,0,1773303778,668824166,Missing,,,,,,,,,0
4,,364690723,Port:1,0,1773303778,718824165,50000000,Enabled,0.64374,0.457372,-0.535784,0.298907,-88.161,149.1,-1744.91,0.165528,4,OK,-88.0627,148.983,-1745.05,OK,-130.33,123.263,-1736.79,OK,-124.852,69.1313,-1744.33,OK,-66.2021,94.6098,-1756.42,,364690723,Port:2,0,1773303778,718824165,Enabled,0.916497,0.0217245,0.0384362,0.397598,-107.35,261.607,-1642.25,0.146897,3,OK,-107.181,261.689,-1642.26,OK,-146.594,228.75,-1639.1,OK,-153.342,304.786,-1637.8,,364690723,Port:3,0,1773303778,718824165,Missing,,,,,,,,,4,Missing,,,,Missing,,,,Missing,,,,Missing,,,,,364690723,Port:65535,0,1773303778,718824165,Missing,,,,,,,,,0
4,,364690726,Port:1,0,1773303778,768824165,50000000,Enabled,0.646018,0.43783,-0.551726,0.294217,-84.2119,152.674,-1748.05,0.198683,4,OK,-84.108,152.541,-1748.23,OK,-127.641,128.752,-1740.66,OK,-124.315,74.3767,-1747.47,OK,-64.35,97.1617,-1758.3,,364690726,Port:2,0,1773303778,768824165,Enabled,0.916481,0.0217839,0.0387212,0.397605,-107.35,261.61,-1642.28,0.146272,3,OK,-107.181,261.69,-1642.29,OK,-146.591,228.754,-1639.1,OK,-153.343,304.787,-1637.81,,364690726,Port:3,0,1773303778,768824165,Missing,,,,,,,,,4,Missing,,,,Missing,,,,Missing,,,,Missing,,,,,364690726,Port:65535,0,1773303778,768824165,Missing,,,,,,,,,0
4,,364690729,Port:1,0,1773303778,818824165,50000001,Enabled,0.645532,0.417242,-0.571426,0.287522,-80.1219,156.131,-1751.13,0.174933,4,OK,-80.0181,155.999,-1751.27,OK,-124.884,134.387,-1745.04,OK,-123.968,79.872,-1751.32,OK,-62.6422,99.6365,-1760.4,,364690729,Port:2,0,1773303778,818824165,Enabled,0.916478,0.0215766,0.0384819,0.397645,-107.344,261.612,-1642.27,0.144295,3,OK,-107.177,261.69,-1642.28,OK,-146.581,228.754,-1639.11,OK,-153.343,304.788,-1637.83,,364690729,Port:3,0,1773303778,818824165,Missing,,,,,,,,,4,Missing,,,,Missing,,,,Missing,,,,Missing,,,,,364690729,Port:65535,0,1773303778,818824165,Missing,,,,,,,,,0
4,,364690732,Port:1,0,1773303778,868824166,50000000,Enabled,0.64637,0.397059,-0.588554,0.27956,-75.7,159.819,-1754.02,0.155744,4,OK,-75.601,159.692,-1754.13,OK,-121.598,140.296,-1748.99,OK,-123.151,85.7551,-1754.79,OK,-60.7311,102.465,-1762.44,,364690732,Port:2,0,1773303778,868824166,Enabled,0.916485,0.0216972,0.0384132,0.397629,-107.349,261.616,-1642.24,0.146937,3,OK,-107.18,261.698,-1642.25,OK,-146.591,228.756,-1639.09,OK,-153.344,304.791,-1637.79,,364690732,Port:3,0,1773303778,868824166,Missing,,,,,,,,,4,Missing,,,,Missing,,,,Missing,,,,Missing,,,,,364690732,Port:65535,0,1773303778,868824166,Missing,,,,,,,,,0
4,,364690735,Port:1,0,1773303778,918824166,49999999,Enabled,0.645728,0.37928,-0.603405,0.274016,-71.914,163.263,-1757.16,0.150324,4,OK,-71.8224,163.133,-1757.26,OK,-118.652,145.604,-1753.17,OK,-122.223,91.1259,-1758.61,OK,-59.0293,105.297,-1764.79,,364690735,Port:2,0,1773303778,918824166,Enabled,0.916473,0.0217975,0.0385419,0.39764,-107.35,261.611,-1642.25,0.15195,3,OK,-107.175,261.696,-1642.27,OK,-146.595,228.747,-1639.09,OK,-153.346,304.785,-1637.79,,364690735,Port:3,0,1773303778,918824166,Missing,,,,,,,,,4,Missing,,,,Missing,,,,Missing,,,,Missing,,,,,364690735,Port:65535,0,1773303778,918824166,Missing,,,,,,,,,0
4,,364690738,Port:1,0,1773303778,968824165,50000000,Enabled,0.644683,0.357162,-0.62071,0.267465,-67.1831,166.771,-1760.32,0.146275,4,OK,-67.0906,166.635,-1760.4,OK,-114.817,151.395,-1757.62,OK,-120.803,97.0999,-1762.62,OK,-56.8749,108.177,-1766.99,,364690738,Port:2,0,1773303778,968824165,Enabled,0.916495,0.0219439,0.0384848,0.397586,-107.352,261.609,-1642.26,0.147109,3,OK,-107.182,261.691,-1642.27,OK,-146.597,228.754,-1639.11,OK,-153.342,304.786,-1637.78,,364690738,Port:3,0,1773303778,968824165,Missing,,,,,,,,,4,Missing,,,,Missing,,,,Missing,,,,Missing,,,,,364690738,Port:65535,0,1773303778,968824165,Missing,,,,,,,,,0
4,,364690741,Port:1,0,1773303779,18824165,50000000,Enabled,0.643994,0.337805,-0.635787,0.258717,-62.344,169.648,-1762.83,0.131676,4,OK,-62.2557,169.518,-1762.89,OK,-110.686,156.477,-1761.27,OK,-119.015,102.485,-1766.09,OK,-54.5752,110.591,-1768.98,,364690741,Port:2,0,1773303779,18824165,Enabled,0.916492,0.0219779,0.0384719,0.397593,-107.347,261.609,-1642.25,0.147638,3,OK,-107.177,261.693,-1642.26,OK,-146.593,228.756,-1639.1,OK,-153.337,304.782,-1637.76,,364690741,Port:3,0,1773303779,18824165,Missing,,,,,,,,,4,Missing,,,,Missing,,,,Missing,,,,Missing,,,,,364690741,Port:65535,0,1773303779,18824165,Missing,,,,,,,,,0
4,,364690744,Port:1,0,1773303779,68824165,50000001,Enabled,0.641338,0.319587,-0.651608,0.248911,-57.2105,171.676,-1764.42,0.129121,4,OK,-57.1223,171.546,-1764.43,OK,-106.121,160.685,-1764.17,OK,-116.743,107.138,-1769.11,OK,-51.9636,112.322,-1770.36,,364690744,Port:2,0,1773303779,68824165,Enabled,0.916538,0.0216575,0.037608,0.397587,-107.345,261.605,-1642.2,0.146799,3,OK,-107.171,261.68,-1642.21,OK,-146.595,228.755,-1639.13,OK,-153.346,304.787,-1637.8,,364690744,Port:3,0,1773303779,68824165,Missing,,,,,,,,,4,Missing,,,,Missing,,,,Missing,,,,Missing,,,,,364690744,Port:65535,0,1773303779,68824165,Missing,,,,,,,,,0
4,,364690747,Port:1,0,1773303779,118824166,50000000,Enabled,0.638805,0.299892,-0.667389,0.237875,-51.2572,173.12,-1765.01,0.129877,4,OK,-51.1751,172.988,-1765.03,OK,-100.64,164.523,-1766.03,OK,-113.709,111.547,-1771.23,OK,-48.7495,113.563,-1770.76,,364690747,Port:2,0,1773303779,118824166,Enabled,0.916507,0.0217286,0.0379132,0.397624,-107.346,261.609,-1642.21,0.144546,3,OK,-107.18,261.69,-1642.23,OK,-146.59,228.752,-1639.11,OK,-153.342,304.785,-1637.79,,364690747,Port:3,0,1773303779,118824166,Missing,,,,,,,,,4,Missing,,,,Missing,,,,Missing,,,,Missing,,,,,364690747,Port:65535,0,1773303779,118824166,Missing,,,,,,,,,0
4,,364690750,Port:1,0,1773303779,168824166,49999999,Enabled,0.640244,0.281905,-0.677485,0.227225,-45.2639,174.128,-1766.21,0.132834,4,OK,-45.1809,174.003,-1766.24,OK,-94.963,167.705,-1767.83,OK,-110.297,115.359,-1772.99,OK,-45.3358,114.487,-1771.65,,364690750,Port:2,0,1773303779,168824166,Enabled,0.916462,0.0221757,0.0385319,0.397644,-107.348,261.612,-1642.28,0.149543,3,OK,-107.176,261.697,-1642.29,OK,-146.592,228.751,-1639.13,OK,-153.341,304.779,-1637.77,,364690750,Port:3,0,1773303779,168824166,Missing,,,,,,,,,4,Missing,,,,Missing,,,,Missing,,,,Missing,,,,,364690750,Port:65535,0,1773303779,168824166,Missing,,,,,,,,,0
4,,364690753,Port:1,0,1773303779,218824165,50000002,Enabled,0.640145,0.26569,-0.688049,0.214969,-39.3683,174.622,-1766.42,0.133802,4,OK,-39.2935,174.492,-1766.47,OK,-89.2683,170.375,-1768.74,OK,-106.792,118.742,-1774.19,OK,-41.9672,115.045,-1771.91,,364690753,Port:2,0,1773303779,218824165,Enabled,0.916501,0.0220827,0.0379056,0.397621,-107.348,261.608,-1642.24,0.143652,3,OK,-107.179,261.686,-1642.25,OK,-146.592,228.757,-1639.15,OK,-153.344,304.777,-1637.77,,364690753,Port:3,0,1773303779,218824165,Missing,,,,,,,,,4,Missing,,,,Missing,,,,Missing,,,,Missing,,,,,364690753,Port:65535,0,1773303779,218824165,Missing,,,,,,,,,0
4,,364690756,Port:1,0,1773303779,268824167,50000000,Enabled,0.638424,0.248876,-0.699523,0.202839,-33.6745,174.478,-1766.22,0.131485,4,OK,-33.6031,174.341,-1766.2,OK,-83.6661,172.446,-1769.5,OK,-103.346,121.616,-1775.21,OK,-38.7892,115.076,-1771.88,,364690756,Port:2,0,1773303779,268824167,Enabled,0.916485,0.0217856,0.0385894,0.397606,-107.353,261.615,-1642.28,0.146897,3,OK,-107.184,261.696,-1642.29,OK,-146.595,228.757,-1639.11,OK,-153.346,304.794,-1637.81,,364690756,Port:3,0,1773303779,268824167,Missing,,,,,,,,,4,Missing,,,,Missing,,,,Missing,,,,Missing,,,,,364690756,Port:65535,0,1773303779,268824167,Missing,,,,,,,,,0
4,,364690759,Port:1,0,1773303779,318824167,50000000,Enabled,0.638259,0.229462,-0.709475,0.191356,-27.6327,174.284,-1766.59,0.138878,4,OK,-27.5698,174.14,-1766.54,OK,-77.6117,174.579,-1770.64,OK,-99.5444,124.682,-1776.39,OK,-35.4401,115.157,-1772.09,,364690759,Port:2,0,1773303779,318824167,Enabled,0.916505,0.0217514,0.0382942,0.397592,-107.347,261.605,-1642.24,0.142661,3,OK,-107.183,261.684,-1642.25,OK,-146.589,228.752,-1639.1,OK,-153.339,304.784,-1637.79,,364690759,Port:3,0,1773303779,318824167,Missing,,,,,,,,,4,Missing,,,,Missing,,,,Missing,,,,Missing,,,,,364690759,Port:65535,0,1773303779,318824167,Missing,,,,,,,,,0
4,,364690762,Port:1,0,1773303779,368824167,50000000,Enabled,0.636402,0.207711,-0.721671,0.176179,-20.6528,174.007,-1766.5,0.140716,4,OK,-20.5955,173.871,-1766.46,OK,-70.4631,177.038,-1771.53,OK,-94.9724,128.446,-1777.7,OK,-31.6,115.379,-1772.15,,364690762,Port:2,0,1773303779,368824167,Enabled,0.916468,0.0220134,0.0386348,0.397629,-107.351,261.606,-1642.27,0.146653,3,OK,-107.181,261.686,-1642.28,OK,-146.59,228.747,-1639.11,OK,-153.345,304.78,-1637.77,,364690762,Port:3,0,1773303779,368824167,Missing,,,,,,,,,4,Missing,,,,Missing,,,,Missing,,,,Missing,,,,,364690762,Port:65535,0,1773303779,368824167,Missing,,,,,,,,,0
4,,364690765,Port:1,0,1773303779,418824167,50000000,Enabled,0.634718,0.1846,-0.73271,0.161838,-13.7049,173.881,-1767.19,0.140433,4,OK,-13.6468,173.732,-1767.17,OK,-63.1735,179.647,-1773.13,OK,-90.2235,132.464,-1779.64,OK,-27.7919,115.942,-1772.8,,364690765,Port:2,0,1773303779,418824167,Enabled,0.916451,0.0219657,0.0389844,0.397637,-107.348,261.611,-1642.28,0.150101,3,OK,-107.176,261.697,-1642.29,OK,-146.589,228.749,-1639.08,OK,-153.338,304.78,-1637.77,,364690765,Port:3,0,1773303779,418824167,Missing,,,,,,,,,4,Missing,,,,Missing,,,,Missing,,,,Missing,,,,,364690765,Port:65535,0,1773303779,418824167,Missing,,,,,,,,,0
4,,364690768,Port:1,0,1773303779,468824167,50000000,Enabled,0.633808,0.162896,-0.740556,0.152736,-8.13069,173.896,-1768.65,0.139818,4,OK,-8.07296,173.753,-1768.6,OK,-57.1863,181.86,-1775.43,OK,-86.301,135.886,-1781.79,OK,-24.7776,116.594,-1773.85,,364690768,Port:2,0,1773303779,468824167,Enabled,0.916465,0.0220475,0.0385039,0.397646,-107.347,261.611,-1642.27,0.14411,3,OK,-107.177,261.69,-1642.28,OK,-146.586,228.76,-1639.12,OK,-153.343,304.776,-1637.77,,364690768,Port:3,0,1773303779,468824167,Missing,,,,,,,,,4,Missing,,,,Missing,,,,Missing,,,,Missing,,,,,364690768,Port:65535,0,1773303779,468824167,Missing,,,,,,,,,0
4,,364690771,Port:1,0,1773303779,518824167,50000000,Enabled,0.62954,0.146785,-0.748815,0.146317,-4.73074,173.976,-1769.7,0.160433,4,OK,-4.67884,173.828,-1769.62,OK,-53.3572,183.525,-1777.55,OK,-83.8282,138.488,-1784.1,OK,-23.203,117.227,-1774.89,,364690771,Port:2,0,1773303779,518824167,Enabled,0.916433,0.0219841,0.0390612,0.397671,-107.352,261.61,-1642.29,0.149035,3,OK,-107.181,261.697,-1642.31,OK,-146.589,228.748,-1639.09,OK,-153.344,304.773,-1637.78,,364690771,Port:3,0,1773303779,518824167,Missing,,,,,,,,,4,Missing,,,,Missing,,,,Missing,,,,Missing,,,,,364690771,Port:65535,0,1773303779,518824167,Missing,,,,,,,,,0
4,,364690774,Port:1,0,1773303779,568824167,50000000,Enabled,0.630005,0.139389,-0.750217,0.144358,-3.27842,174.276,-1770.67,0.158026,4,OK,-3.22435,174.135,-1770.59,OK,-51.7504,184.463,-1778.7,OK,-82.8344,139.823,-1785.06,OK,-22.5301,117.75,-1775.55,,364690774,Port:2,0,1773303779,568824167,Enabled,0.916489,0.0221165,0.0381773,0.397618,-107.349,261.609,-1642.25,0.145997,3,OK,-107.179,261.689,-1642.27,OK,-146.593,228.752,-1639.14,OK,-153.344,304.784,-1637.77,,364690774,Port:3,0,1773303779,568824167,Missing,,,,,,,,,4,Missing,,,,Missing,,,,Missing,,,,Missing,,,,,364690774,Port:65535,0,1773303779,568824167,Missing,,,,,,,,,0
4,,364690777,Port:1,0,1773303779,618824167,50000000,Enabled,0.63073,0.13605,-0.750348,0.143696,-2.53304,174.472,-1771.13,0.149627,4,OK,-2.47478,174.327,-1771.07,OK,-50.9415,184.917,-1779.17,OK,-82.3123,140.457,-1785.42,OK,-22.1233,118.058,-1775.81,,364690777,Port:2,0,1773303779,618824167,Enabled,0.916482,0.0221509,0.0382746,0.397624,-107.347,261.609,-1642.25,0.145904,3,OK,-107.179,261.691,-1642.26,OK,-146.591,228.753,-1639.12,OK,-153.34,304.779,-1637.75,,364690777,Port:3,0,1773303779,618824167,Missing,,,,,,,,,4,Missing,,,,Missing,,,,Missing,,,,Missing,,,,,364690777,Port:65535,0,1773303779,618824167,Missing,,,,,,,,,0
4,,364690780,Port:1,0,1773303779,668824167,50000000,Enabled,0.632054,0.136037,-0.749475,0.142437,-2.14116,174.425,-1771.12,0.13915,4,OK,-2.08803,174.278,-1771.12,OK,-50.566,184.971,-1778.9,OK,-82.0189,140.574,-1785.23,OK,-21.8434,118.044,-1775.75,,364690780,Port:2,0,1773303779,668824167,Enabled,0.916446,0.0220129,0.0388244,0.397662,-107.357,261.609,-1642.29,0.145515,3,OK,-107.191,261.691,-1642.3,OK,-146.591,228.745,-1639.1,OK,-153.35,304.78,-1637.78,,364690780,Port:3,0,1773303779,668824167,Missing,,,,,,,,,4,Missing,,,,Missing,,,,Missing,,,,Missing,,,,,364690780,Port:65535,0,1773303779,668824167,Missing,,,,,,,,,0
4,,364690783,Port:1,0,1773303779,718824167,50000000,Enabled,0.63336,0.137743,-0.747749,0.144062,-2.69659,174.508,-1771.3,0.144112,4,OK,-2.65207,174.363,-1771.26,OK,-51.1962,184.824,-1778.95,OK,-82.4635,140.261,-1784.99,OK,-22.1581,118.024,-1775.83,,364690783,Port:2,0,1773303779,718824167,Enabled,0.916501,0.021851,0.0382565,0.3976,-107.347,261.611,-1642.24,0.147881,3,OK,-107.173,261.688,-1642.26,OK,-146.593,228.758,-1639.11,OK,-153.345,304.79,-1637.78,,364690783,Port:3,0,1773303779,718824167,Missing,,,,,,,,,4,Missing,,,,Missing,,,,Missing,,,,Missing,,,,,364690783,Port:65535,0,1773303779,718824167,Missing,,,,,,,,,0
4,,364690786,Port:1,0,1773303779,768824167,50000000,Enabled,0.635064,0.14432,-0.744683,0.145987,-4.50174,174.683,-1770.79,0.167869,4,OK,-4.44453,174.535,-1770.7,OK,-53.1912,184.419,-1778.08,OK,-83.9438,139.482,-1783.97,OK,-23.2807,117.98,-1775.44,,364690786,Port:2,0,1773303779,768824167,Enabled,0.916473,0.0219046,0.0385832,0.397628,-107.349,261.606,-1642.27,0.146731,3,OK,-107.18,261.687,-1642.28,OK,-146.59,228.748,-1639.11,OK,-153.343,304.78,-1637.79,,364690786,Port:3,0,1773303779,768824167,Missing,,,,,,,,,4,Missing,,,,Missing,,,,Missing,,,,Missing,,,,,364690786,Port:65535,0,1773303779,768824167,Missing,,,,,,,,,0
4,,364690789,Port:1,0,1773303779,818824167,50000000,Enabled,0.636576,0.154813,-0.739887,0.152875,-8.12154,175.153,-1770.81,0.135589,4,OK,-8.0708,175.007,-1770.79,OK,-57.0919,183.658,-1777.55,OK,-86.7707,137.962,-1783.35,OK,-25.5047,118.006,-1775.3,,364690789,Port:2,0,1773303779,818824167,Enabled,0.916467,0.0221066,0.0387367,0.397616,-107.353,261.603,-1642.27,0.147156,3,OK,-107.183,261.686,-1642.29,OK,-146.595,228.747,-1639.1,OK,-153.343,304.772,-1637.76,,364690789,Port:3,0,1773303779,818824167,Missing,,,,,,,,,4,Missing,,,,Missing,,,,Missing,,,,Missing,,,,,364690789,Port:65535,0,1773303779,818824167,Missing,,,,,,,,,0
4,,364690792,Port:1,0,1773303779,868824167,50000000,Enabled,0.635967,0.166334,-0.736037,0.161643,-12.4738,176.091,-1771.13,0.141315,4,OK,-12.4151,175.947,-1771.09,OK,-61.7113,183.14,-1777.64,OK,-90.0481,136.603,-1783.31,OK,-28.178,118.456,-1775.59,,364690792,Port:2,0,1773303779,868824167,Enabled,0.916472,0.0221938,0.0384223,0.39763,-107.351,261.613,-1642.28,0.147444,3,OK,-107.182,261.697,-1642.29,OK,-146.595,228.754,-1639.14,OK,-153.343,304.783,-1637.77,,364690792,Port:3,0,1773303779,868824167,Missing,,,,,,,,,4,Missing,,,,Missing,,,,Missing,,,,Missing,,,,,364690792,Port:65535,0,1773303779,868824167,Missing,,,,,,,,,0
4,,364690795,Port:1,0,1773303779,918824167,50000000,Enabled,0.63264,0.176529,-0.735577,0.165925,-16.1159,176.828,-1770.51,0.138087,4,OK,-16.0559,176.687,-1770.48,OK,-65.4758,182.862,-1777.1,OK,-92.7922,135.76,-1783.18,OK,-30.5522,118.897,-1775.46,,364690795,Port:2,0,1773303779,918824167,Enabled,0.916453,0.0220973,0.0387477,0.397649,-107.353,261.618,-1642.3,0.150694,3,OK,-107.18,261.705,-1642.31,OK,-146.596,228.756,-1639.13,OK,-153.345,304.784,-1637.79,,364690795,Port:3,0,1773303779,918824167,Missing,,,,,,,,,4,Missing,,,,Missing,,,,Missing,,,,Missing,,,,,364690795,Port:65535,0,1773303779,918824167,Missing,,,,,,,,,0
4,,364690798,Port:1,0,1773303779,968824167,50000000,Enabled,0.635064,0.187177,-0.729651,0.171077,-19.5237,177.496,-1770.43,0.139394,4,OK,-19.4647,177.353,-1770.4,OK,-69.0857,182.379,-1776.36,OK,-95.3655,134.677,-1782.26,OK,-32.6673,119.271,-1775.37,,364690798,Port:2,0,1773303779,968824167,Enabled,0.916485,0.0216424,0.038294,0.397643,-107.351,261.613,-1642.26,0.146934,3,OK,-107.181,261.692,-1642.27,OK,-146.592,228.752,-1639.12,OK,-153.351,304.791,-1637.82,,364690798,Port:3,0,1773303779,968824167,Missing,,,,,,,,,4,Missing,,,,Missing,,,,Missing,,,,Missing,,,,,364690798,Port:65535,0,1773303779,968824167,Missing,,,,,,,,,0
4,,364690801,Port:1,0,1773303780,18824167,50000000,Enabled,0.638196,0.197333,-0.722023,0.180135,-23.739,178.064,-1770.79,0.156491,4,OK,-23.6785,177.92,-1770.71,OK,-73.5001,181.539,-1776.08,OK,-98.5054,133.079,-1781.32,OK,-35.3057,119.467,-1775.35,,364690801,Port:2,0,1773303780,18824167,Enabled,0.916483,0.0221222,0.0385969,0.397592,-107.351,261.611,-1642.28,0.149347,3,OK,-107.178,261.694,-1642.29,OK,-146.598,228.756,-1639.12,OK,-153.341,304.783,-1637.77,,364690801,Port:3,0,1773303780,18824167,Missing,,,,,,,,,4,Missing,,,,Missing,,,,Missing,,,,Missing,,,,,364690801,Port:65535,0,1773303780,18824167,Missing,,,,,,,,,0
4,,364690804,Port:1,0,1773303780,68824167,50000000,Enabled,0.638437,0.210986,-0.714973,0.191565,-29.5207,178.615,-1770.95,0.130477,4,OK,-29.4536,178.488,-1770.91,OK,-79.4113,180.229,-1775.71,OK,-102.693,130.873,-1780.71,OK,-38.9465,119.618,-1775.28,,364690804,Port:2,0,1773303780,68824167,Enabled,0.916493,0.0217142,0.038528,0.397599,-107.352,261.612,-1642.25,0.145359,3,OK,-107.185,261.691,-1642.26,OK,-146.594,228.756,-1639.09,OK,-153.345,304.791,-1637.79,,364690804,Port:3,0,1773303780,68824167,Missing,,,,,,,,,4,Missing,,,,Missing,,,,Missing,,,,Missing,,,,,364690804,Port:65535,0,1773303780,68824167,Missing,,,,,,,,,0
4,,364690807,Port:1,0,1773303780,118824167,50000000,Enabled,0.639711,0.219934,-0.708398,0.201424,-36.0618,179.937,-1770.27,0.138445,4,OK,-35.9932,179.803,-1770.23,OK,-86.0325,180.138,-1774.56,OK,-107.969,130.149,-1779.06,OK,-43.8798,120.676,-1774.17,,364690807,Port:2,0,1773303780,118824167,Enabled,0.916515,0.0220424,0.0379057,0.39759,-107.352,261.614,-1642.24,0.145075,3,OK,-107.179,261.689,-1642.26,OK,-146.598,228.765,-1639.16,OK,-153.349,304.792,-1637.78,,364690807,Port:3,0,1773303780,118824167,Missing,,,,,,,,,4,Missing,,,,Missing,,,,Missing,,,,Missing,,,,,364690807,Port:65535,0,1773303780,118824167,Missing,,,,,,,,,0
4,,364690810,Port:1,0,1773303780,168824167,50000000,Enabled,0.638335,0.233219,-0.703088,0.209296,-45.0669,181.472,-1769.13,0.12724,4,OK,-44.9924,181.345,-1769.11,OK,-95.036,180.112,-1773.07,OK,-115.42,129.443,-1777.68,OK,-51.0313,122.011,-1773.24,,364690810,Port:2,0,1773303780,168824167,Enabled,0.916476,0.0219661,0.038482,0.39763,-107.355,261.626,-1642.26,0.150128,3,OK,-107.182,261.71,-1642.27,OK,-146.599,228.765,-1639.11,OK,-153.349,304.8,-1637.78,,364690810,Port:3,0,1773303780,168824167,Missing,,,,,,,,,4,Missing,,,,Missing,,,,Missing,,,,Missing,,,,,364690810,Port:65535,0,1773303780,168824167,Missing,,,,,,,,,0
4,,364690813,Port:1,0,1773303780,218824167,49999995,Enabled,0.637407,0.246611,-0.694776,0.224011,-55.9618,182.557,-1768.91,0.132782,4,OK,-55.879,182.426,-1768.89,OK,-105.868,179.077,-1772.42,OK,-124.145,127.581,-1776.55,OK,-59.4502,122.876,-1772.57,,364690813,Port:2,0,1773303780,218824167,Enabled,0.916477,0.0219508,0.0382985,0.397644,-107.361,261.624,-1642.26,0.149141,3,OK,-107.189,261.707,-1642.28,OK,-146.605,228.763,-1639.13,OK,-153.357,304.796,-1637.79,,364690813,Port:3,0,1773303780,218824167,Missing,,,,,,,,,4,Missing,,,,Missing,,,,Missing,,,,Missing,,,,,364690813,Port:65535,0,1773303780,218824167,Missing,,,,,,,,,0
4,,364690816,Port:1,0,1773303780,268824162,50000000,Enabled,0.635332,0.262318,-0.6869,0.236032,-66.7953,182.334,-1767.44,0.130679,4,OK,-66.7086,182.215,-1767.46,OK,-116.53,176.751,-1770.51,OK,-132.67,124.556,-1774.6,OK,-67.817,122.563,-1771.11,,364690816,Port:2,0,1773303780,268824162,Enabled,0.916528,0.0217631,0.0381184,0.397555,-107.356,261.62,-1642.23,0.145312,3,OK,-107.187,261.696,-1642.24,OK,-146.603,228.769,-1639.11,OK,-153.35,304.806,-1637.79,,364690816,Port:3,0,1773303780,268824162,Missing,,,,,,,,,4,Missing,,,,Missing,,,,Missing,,,,Missing,,,,,364690816,Port:65535,0,1773303780,268824162,Missing,,,,,,,,,0
4,,364690819,Port:1,0,1773303780,318824162,50000000,Enabled,0.633078,0.282831,-0.676726,0.247509,-77.1618,181.151,-1764.96,0.128749,4,OK,-77.0676,181.034,-1764.96,OK,-126.596,173.153,-1767.43,OK,-140.22,120.24,-1771.63,OK,-75.2945,121.433,-1769.05,,364690819,Port:2,0,1773303780,318824162,Enabled,0.916506,0.0218346,0.0379094,0.397622,-107.354,261.629,-1642.22,0.146912,3,OK,-107.184,261.712,-1642.23,OK,-146.601,228.774,-1639.12,OK,-153.35,304.802,-1637.78,,364690819,Port:3,0,1773303780,318824162,Missing,,,,,,,,,4,Missing,,,,Missing,,,,Missing,,,,Missing,,,,,364690819,Port:65535,0,1773303780,318824162,Missing,,,,,,,,,0
4,,364690822,Port:1,0,1773303780,368824162,50000000,Enabled,0.632297,0.304509,-0.662889,0.260869,-86.5384,179.223,-1762.55,0.126809,4,OK,-86.4519,179.104,-1762.58,OK,-135.498,168.556,-1764.05,OK,-146.31,114.986,-1768.22,OK,-81.4935,119.701,-1766.86,,364690822,Port:2,0,1773303780,368824162,Enabled,0.916487,0.0219095,0.0384031,0.397614,-107.356,261.625,-1642.25,0.145916,3,OK,-107.187,261.705,-1642.26,OK,-146.598,228.768,-1639.11,OK,-153.35,304.801,-1637.78,,364690822,Port:3,0,1773303780,368824162,Missing,,,,,,,,,4,Missing,,,,Missing,,,,Missing,,,,Missing,,,,,364690822,Port:65535,0,1773303780,368824162,Missing,,,,,,,,,0
4,,364690825,Port:1,0,1773303780,418824162,50000000,Enabled,0.628213,0.326809,-0.649386,0.277203,-95.3369,176.653,-1761.14,0.128216,4,OK,-95.232,176.539,-1761.15,OK,-143.586,163.052,-1762.02,OK,-151.167,108.915,-1766.16,OK,-86.7732,117.556,-1765.67,,364690825,Port:2,0,1773303780,418824162,Enabled,0.916498,0.0219388,0.038612,0.397567,-107.359,261.623,-1642.26,0.143359,3,OK,-107.192,261.702,-1642.28,OK,-146.601,228.775,-1639.1,OK,-153.346,304.798,-1637.78,,364690825,Port:3,0,1773303780,418824162,Missing,,,,,,,,,4,Missing,,,,Missing,,,,Missing,,,,Missing,,,,,364690825,Port:65535,0,1773303780,418824162,Missing,,,,,,,,,0
4,,364690828,Port:1,0,1773303780,468824162,50000000,Enabled,0.620738,0.349712,-0.637021,0.294262,-103.363,173.234,-1759.55,0.13595,4,OK,-103.258,173.127,-1759.6,OK,-150.654,156.588,-1760.13,OK,-154.83,102.134,-1764.52,OK,-91.0996,114.817,-1764.42,,364690828,Port:2,0,1773303780,468824162,Enabled,0.916475,0.0220458,0.0383447,0.397639,-107.356,261.628,-1642.24,0.148281,3,OK,-107.188,261.716,-1642.26,OK,-146.6,228.767,-1639.11,OK,-153.347,304.796,-1637.76,,364690828,Port:3,0,1773303780,468824162,Missing,,,,,,,,,4,Missing,,,,Missing,,,,Missing,,,,Missing,,,,,364690828,Port:65535,0,1773303780,468824162,Missing,,,,,,,,,0
4,,364690831,Port:1,0,1773303780,518824162,50000000,Enabled,0.619349,0.37492,-0.617336,0.307796,-110.546,169.252,-1757.08,0.11612,4,OK,-110.453,169.154,-1757.12,OK,-156.668,149.659,-1756.43,OK,-157.53,95.0207,-1760.91,OK,-94.7333,111.739,-1762.55,,364690831,Port:2,0,1773303780,518824162,Enabled,0.916495,0.021846,0.0386315,0.397577,-107.358,261.623,-1642.26,0.143944,3,OK,-107.192,261.702,-1642.27,OK,-146.598,228.769,-1639.09,OK,-153.347,304.805,-1637.78,,364690831,Port:3,0,1773303780,518824162,Missing,,,,,,,,,4,Missing,,,,Missing,,,,Missing,,,,Missing,,,,,364690831,Port:65535,0,1773303780,518824162,Missing,,,,,,,,,0
4,,364690834,Port:1,0,1773303780,568824162,50000000,Enabled,0.614764,0.398836,-0.597319,0.325892,-118.141,163.983,-1755.08,0.144938,4,OK,-118.024,163.879,-1755.17,OK,-162.773,141.224,-1753.42,OK,-159.911,86.6384,-1757.93,OK,-98.4658,107.723,-1760.78,,364690834,Port:2,0,1773303780,568824162,Enabled,0.91648,0.0219801,0.0386639,0.3976,-107.356,261.625,-1642.25,0.148461,3,OK,-107.185,261.707,-1642.27,OK,-146.6,228.769,-1639.09,OK,-153.347,304.8,-1637.76,,364690834,Port:3,0,1773303780,568824162,Missing,,,,,,,,,4,Missing,,,,Missing,,,,Missing,,,,Missing,,,,,364690834,Port:65535,0,1773303780,568824162,Missing,,,,,,,,,0
4,,364690837,Port:1,0,1773303780,618824162,50000000,Enabled,0.610859,0.423498,-0.572682,0.34574,-125.867,157.6,-1752.82,0.149854,4,OK,-125.759,157.513,-1752.93,OK,-168.573,131.531,-1749.84,OK,-161.69,77.2939,-1754.18,OK,-102.116,102.94,-1758.72,,364690837,Port:2,0,1773303780,618824162,Enabled,0.916505,0.0219755,0.0382066,0.397588,-107.353,261.616,-1642.21,0.142106,3,OK,-107.187,261.693,-1642.23,OK,-146.596,228.767,-1639.09,OK,-153.345,304.791,-1637.74,,364690837,Port:3,0,1773303780,618824162,Missing,,,,,,,,,4,Missing,,,,Missing,,,,Missing,,,,Missing,,,,,364690837,Port:65535,0,1773303780,618824162,Missing,,,,,,,,,0
4,,364690840,Port:1,0,1773303780,668824162,50000000,Enabled,0.606091,0.451399,-0.544396,0.36404,-133.817,150.099,-1749.93,0.196621,4,OK,-133.707,150.019,-1750.12,OK,-174.132,120.649,-1745.45,OK,-163.015,67.1311,-1750.09,OK,-105.878,97.5426,-1756.5,,364690840,Port:2,0,1773303780,668824162,Enabled,0.916474,0.0218523,0.0383707,0.397651,-107.36,261.629,-1642.23,0.143605,3,OK,-107.195,261.709,-1642.25,OK,-146.597,228.77,-1639.09,OK,-153.356,304.801,-1637.77,,364690840,Port:3,0,1773303780,668824162,Missing,,,,,,,,,4,Missing,,,,Missing,,,,Missing,,,,Missing,,,,,364690840,Port:65535,0,1773303780,668824162,Missing,,,,,,,,,0
4,,364690843,Port:1,0,1773303780,718824162,50000000,Enabled,0.599496,0.477512,-0.517824,0.380059,-140.63,141.96,-1746.23,0.192422,4,OK,-140.512,141.882,-1746.41,OK,-178.43,109.521,-1740.62,OK,-163.374,56.9901,-1745.68,OK,-108.961,91.702,-1753.73,,364690843,Port:2,0,1773303780,718824162,Enabled,0.916482,0.0220784,0.0384699,0.39761,-107.356,261.624,-1642.25,0.149139,3,OK,-107.183,261.706,-1642.27,OK,-146.602,228.766,-1639.11,OK,-153.348,304.797,-1637.76,,364690843,Port:3,0,1773303780,718824162,Missing,,,,,,,,,4,Missing,,,,Missing,,,,Missing,,,,Missing,,,,,364690843,Port:65535,0,1773303780,718824162,Missing,,,,,,,,,0
4,,364690846,Port:1,0,1773303780,768824162,50000000,Enabled,0.591061,0.50062,-0.489073,0.401041,-147.69,133.144,-1744.12,0.18966,4,OK,-147.565,133.068,-1744.29,OK,-182.539,97.7428,-1737.4,OK,-163.282,46.5888,-1742.44,OK,-112.144,85.6188,-1752.02,,364690846,Port:2,0,1773303780,768824162,Enabled,0.916488,0.0219688,0.0385503,0.397593,-107.357,261.621,-1642.25,0.146855,3,OK,-107.187,261.702,-1642.26,OK,-146.6,228.764,-1639.09,OK,-153.347,304.798,-1637.76,,364690846,Port:3,0,1773303780,768824162,Missing,,,,,,,,,4,Missing,,,,Missing,,,,Missing,,,,Missing,,,,,364690846,Port:65535,0,1773303780,768824162,Missing,,,,,,,,,0
4,,364690849,Port:1,0,1773303780,818824162,50000000,Enabled,0.582973,0.518293,-0.466364,0.417157,-153.167,125.273,-1742.21,0.261475,4,OK,-153.05,125.207,-1742.48,OK,-185.489,87.6987,-1734.64,OK,-163.035,37.8927,-1739.96,OK,-114.709,80.1381,-1750.44,,364690849,Port:2,0,1773303780,818824162,Enabled,0.916499,0.0216358,0.038258,0.397615,-107.358,261.622,-1642.24,0.14807,3,OK,-107.186,261.699,-1642.25,OK,-146.601,228.762,-1639.1,OK,-153.358,304.806,-1637.8,,364690849,Port:3,0,1773303780,818824162,Missing,,,,,,,,,4,Missing,,,,Missing,,,,Missing,,,,Missing,,,,,364690849,Port:65535,0,1773303780,818824162,Missing,,,,,,,,,0
4,,364690852,Port:1,0,1773303780,868824162,50000000,Enabled,0.573663,0.535148,-0.445505,0.431339,-157.495,117.843,-1740.45,0.206155,4,OK,-157.357,117.777,-1740.64,OK,-187.345,78.3589,-1732.44,OK,-161.92,30.024,-1737.91,OK,-116.455,75.1605,-1749.28,,364690852,Port:2,0,1773303780,868824162,Enabled,0.9165,0.0219526,0.0381975,0.3976,-107.359,261.621,-1642.25,0.145444,3,OK,-107.191,261.701,-1642.27,OK,-146.603,228.765,-1639.13,OK,-153.352,304.798,-1637.79,,364690852,Port:3,0,1773303780,868824162,Missing,,,,,,,,,4,Missing,,,,Missing,,,,Missing,,,,Missing,,,,,364690852,Port:65535,0,1773303780,868824162,Missing,,,,,,,,,0
4,,364690855,Port:1,0,1773303780,918824162,50000000,Enabled,0.563147,0.55291,-0.420793,0.447314,-160.591,110.131,-1738.95,0.231065,4,OK,-160.462,110.069,-1739.18,OK,-187.486,68.7,-1730.26,OK,-158.852,22.2379,-1736.07,OK,-116.809,70.3674,-1748.33,,364690855,Port:2,0,1773303780,918824162,Enabled,0.916468,0.0220335,0.0389053,0.397603,-107.356,261.616,-1642.27,0.149497,3,OK,-107.188,261.703,-1642.28,OK,-146.598,228.752,-1639.08,OK,-153.343,304.793,-1637.76,,364690855,Port:3,0,1773303780,918824162,Missing,,,,,,,,,4,Missing,,,,Missing,,,,Missing,,,,Missing,,,,,364690855,Port:65535,0,1773303780,918824162,Missing,,,,,,,,,0
4,,364690858,Port:1,0,1773303780,968824162,50000000,Enabled,0.551426,0.5694,-0.399039,0.460957,-162.074,102.8,-1736.94,0.243225,4,OK,-161.946,102.737,-1737.18,OK,-186.139,59.7568,-1727.88,OK,-154.679,15.1933,-1734.19,OK,-116.006,65.9019,-1746.96,,364690858,Port:2,0,1773303780,968824162,Enabled,0.916489,0.0218775,0.0384449,0.397608,-107.357,261.62,-1642.25,0.149316,3,OK,-107.185,261.703,-1642.26,OK,-146.603,228.762,-1639.1,OK,-153.351,304.797,-1637.78,,364690858,Port:3,0,1773303780,968824162,Missing,,,,,,,,,4,Missing,,,,Missing,,,,Missing,,,,Missing,,,,,364690858,Port:65535,0,1773303780,968824162,Missing,,,,,,,,,0
4,,364690861,Port:1,0,1773303781,18824162,50000000,Enabled,0.540804,0.580875,-0.371738,0.481586,-162.531,95.1498,-1736.41,0.260641,4,OK,-162.388,95.0666,-1736.67,OK,-183.341,50.6463,-1726.4,OK,-148.753,8.36707,-1732.3,OK,-113.979,61.5479,-1746.24,,364690861,Port:2,0,1773303781,18824162,Enabled,0.916496,0.0223939,0.0379744,0.397607,-107.353,261.62,-1642.24,0.142184,3,OK,-107.189,261.701,-1642.25,OK,-146.598,228.768,-1639.15,OK,-153.343,304.787,-1637.73,,364690861,Port:3,0,1773303781,18824162,Missing,,,,,,,,,4,Missing,,,,Missing,,,,Missing,,,,Missing,,,,,364690861,Port:65535,0,1773303781,18824162,Missing,,,,,,,,,0
4,,364690864,Port:1,0,1773303781,68824162,50000000,Enabled,0.525258,0.592348,-0.359193,0.494175,-161.917,88.6072,-1735.76,0.263714,4,OK,-161.754,88.5411,-1736.02,OK,-180.414,42.9799,-1726.2,OK,-143.685,2.62083,-1732.4,OK,-111.686,57.6589,-1745.81,,364690864,Port:2,0,1773303781,68824162,Enabled,0.91647,0.0220449,0.0388144,0.397606,-107.355,261.614,-1642.26,0.147923,3,OK,-107.186,261.7,-1642.27,OK,-146.597,228.755,-1639.08,OK,-153.342,304.787,-1637.75,,364690864,Port:3,0,1773303781,68824162,Missing,,,,,,,,,4,Missing,,,,Missing,,,,Missing,,,,Missing,,,,,364690864,Port:65535,0,1773303781,68824162,Missing,,,,,,,,,0
4,,364690867,Port:1,0,1773303781,118824162,50000000,Enabled,0.511499,0.602979,-0.343602,0.506678,-160.441,82.6474,-1735.17,0.272232,4,OK,-160.29,82.5825,-1735.45,OK,-176.463,36.0899,-1725.7,OK,-137.684,-2.25119,-1732.13,OK,-108.676,54.4081,-1745.41,,364690867,Port:2,0,1773303781,118824162,Enabled,0.91651,0.0217362,0.0381713,0.397592,-107.352,261.619,-1642.23,0.143909,3,OK,-107.184,261.696,-1642.25,OK,-146.595,228.767,-1639.11,OK,-153.347,304.798,-1637.79,,364690867,Port:3,0,1773303781,118824162,Missing,,,,,,,,,4,Missing,,,,Missing,,,,Missing,,,,Missing,,,,,364690867,Port:65535,0,1773303781,118824162,Missing,,,,,,,,,0
4,,364690870,Port:1,0,1773303781,168824162,50000000,Enabled,0.496485,0.619192,-0.326649,0.51323,-157.633,76.7931,-1733.49,0.251266,4,OK,-157.475,76.741,-1733.75,OK,-171.008,29.3298,-1724.43,OK,-130.32,-6.79552,-1731.92,OK,-104.609,51.4968,-1744.92,,364690870,Port:2,0,1773303781,168824162,Enabled,0.91646,0.0219259,0.0384885,0.397666,-107.356,261.617,-1642.26,0.144113,3,OK,-107.191,261.698,-1642.28,OK,-146.592,228.755,-1639.11,OK,-153.352,304.788,-1637.78,,364690870,Port:3,0,1773303781,168824162,Missing,,,,,,,,,4,Missing,,,,Missing,,,,Missing,,,,Missing,,,,,364690870,Port:65535,0,1773303781,168824162,Missing,,,,,,,,,0
4,,364690873,Port:1,0,1773303781,218824162,50000004,Enabled,0.479496,0.634147,-0.305802,0.523857,-155.192,70.4716,-1732.72,0.262123,4,OK,-155.033,70.4346,-1732.99,OK,-165.416,22.1873,-1723.87,OK,-122.613,-11.2325,-1732.13,OK,-100.805,48.6932,-1744.95,,364690873,Port:2,0,1773303781,218824162,Enabled,0.916498,0.021712,0.0383582,0.397603,-107.349,261.614,-1642.23,0.147671,3,OK,-107.181,261.697,-1642.25,OK,-146.594,228.754,-1639.09,OK,-153.342,304.793,-1637.79,,364690873,Port:3,0,1773303781,218824162,Missing,,,,,,,,,4,Missing,,,,Missing,,,,Missing,,,,Missing,,,,,364690873,Port:65535,0,1773303781,218824162,Missing,,,,,,,,,0
4,,364690876,Port:1,0,1773303781,268824166,50000000,Enabled,0.459917,0.64065,-0.283495,0.545595,-153.844,63.2972,-1733.82,0.259442,4,OK,-153.676,63.2608,-1734.08,OK,-160.594,14.443,-1724.79,OK,-115.353,-15.7809,-1732.37,OK,-97.8642,45.5206,-1745.31,,364690876,Port:2,0,1773303781,268824166,Enabled,0.916496,0.0219568,0.038205,0.397609,-107.353,261.618,-1642.24,0.147238,3,OK,-107.181,261.697,-1642.26,OK,-146.598,228.762,-1639.12,OK,-153.349,304.794,-1637.78,,364690876,Port:3,0,1773303781,268824166,Missing,,,,,,,,,4,Missing,,,,Missing,,,,Missing,,,,Missing,,,,,364690876,Port:65535,0,1773303781,268824166,Missing,,,,,,,,,0
4,,364690879,Port:1,0,1773303781,318824166,50000000,Enabled,0.440592,0.653187,-0.266307,0.555254,-152.09,56.3589,-1732.63,0.280952,4,OK,-151.92,56.3359,-1732.92,OK,-155.889,7.08295,-1724.13,OK,-108.99,-20.3154,-1732.39,OK,-95.2319,42.0624,-1744.64,,364690879,Port:2,0,1773303781,318824166,Enabled,0.916455,0.0220109,0.0387312,0.39765,-107.357,261.619,-1642.27,0.146689,3,OK,-107.192,261.705,-1642.28,OK,-146.595,228.754,-1639.1,OK,-153.347,304.788,-1637.77,,364690879,Port:3,0,1773303781,318824166,Missing,,,,,,,,,4,Missing,,,,Missing,,,,Missing,,,,Missing,,,,,364690879,Port:65535,0,1773303781,318824166,Missing,,,,,,,,,0
4,,364690882,Port:1,0,1773303781,368824166,50000000,Enabled,0.422395,0.672894,-0.241709,0.557112,-148.308,48.8463,-1728.57,0.256829,4,OK,-148.145,48.839,-1728.84,OK,-148.661,-0.650532,-1720.68,OK,-100.369,-24.8839,-1730.72,OK,-91.0786,38.3824,-1742.56,,364690882,Port:2,0,1773303781,368824166,Enabled,0.916494,0.021783,0.0380621,0.397638,-107.347,261.613,-1642.22,0.145363,3,OK,-107.181,261.695,-1642.24,OK,-146.59,228.752,-1639.11,OK,-153.343,304.788,-1637.78,,364690882,Port:3,0,1773303781,368824166,Missing,,,,,,,,,4,Missing,,,,Missing,,,,Missing,,,,Missing,,,,,364690882,Port:65535,0,1773303781,368824166,Missing,,,,,,,,,0
4,,364690885,Port:1,0,1773303781,418824166,50000000,Enabled,0.412412,0.690542,-0.222029,0.551155,-143.641,42.9749,-1723.82,0.289759,4,OK,-143.482,42.9897,-1724.13,OK,-141.66,-6.58553,-1716.38,OK,-92.8573,-28.6897,-1728.62,OK,-86.6277,35.0107,-1740.13,,364690885,Port:2,0,1773303781,418824166,Enabled,0.916492,0.0218655,0.0381014,0.397633,-107.349,261.615,-1642.23,0.144483,3,OK,-107.185,261.697,-1642.24,OK,-146.591,228.755,-1639.11,OK,-153.344,304.789,-1637.78,,364690885,Port:3,0,1773303781,418824166,Missing,,,,,,,,,4,Missing,,,,Missing,,,,Missing,,,,Missing,,,,,364690885,Port:65535,0,1773303781,418824166,Missing,,,,,,,,,0
4,,364690888,Port:1,0,1773303781,468824166,50000000,Enabled,0.399705,0.703188,-0.207115,0.550333,-140.058,36.733,-1720.43,0.27611,4,OK,-139.896,36.7495,-1720.73,OK,-135.979,-12.7859,-1713.66,OK,-86.5972,-32.7934,-1727.19,OK,-83.1515,31.2179,-1738.07,,364690888,Port:2,0,1773303781,468824166,Enabled,0.916507,0.02175,0.0383211,0.397585,-107.351,261.618,-1642.26,0.147818,3,OK,-107.179,261.699,-1642.28,OK,-146.598,228.765,-1639.12,OK,-153.345,304.797,-1637.81,,364690888,Port:3,0,1773303781,468824166,Missing,,,,,,,,,4,Missing,,,,Missing,,,,Missing,,,,Missing,,,,,364690888,Port:65535,0,1773303781,468824166,Missing,,,,,,,,,0
4,,364690891,Port:1,0,1773303781,518824166,50000000,Enabled,0.383949,0.719098,-0.187542,0.548006,-136.292,29.7929,-1716.91,0.277892,4,OK,-136.134,29.8291,-1717.21,OK,-129.582,-19.5438,-1711.01,OK,-79.6736,-36.8931,-1726.3,OK,-79.7541,27.3508,-1736.3,,364690891,Port:2,0,1773303781,518824166,Enabled,0.916443,0.0222833,0.0389536,0.39764,-107.352,261.616,-1642.28,0.151902,3,OK,-107.179,261.704,-1642.29,OK,-146.595,228.752,-1639.09,OK,-153.342,304.784,-1637.74,,364690891,Port:3,0,1773303781,518824166,Missing,,,,,,,,,4,Missing,,,,Missing,,,,Missing,,,,Missing,,,,,364690891,Port:65535,0,1773303781,518824166,Missing,,,,,,,,,0
4,,364690894,Port:1,0,1773303781,568824166,50000000,Enabled,0.372632,0.727699,-0.169263,0.550409,-133.556,24.5825,-1714.9,0.191028,4,OK,-133.399,24.6323,-1715.09,OK,-124.612,-24.436,-1709.34,OK,-74.2277,-39.5419,-1725.22,OK,-77.2776,24.6507,-1735.26,,364690894,Port:2,0,1773303781,568824166,Enabled,0.916449,0.0221713,0.0386148,0.397667,-107.351,261.62,-1642.27,0.145257,3,OK,-107.183,261.701,-1642.29,OK,-146.588,228.76,-1639.12,OK,-153.346,304.784,-1637.76,,364690894,Port:3,0,1773303781,568824166,Missing,,,,,,,,,4,Missing,,,,Missing,,,,Missing,,,,Missing,,,,,364690894,Port:65535,0,1773303781,568824166,Missing,,,,,,,,,0
4,,364690897,Port:1,0,1773303781,618824166,50000000,Enabled,0.365632,0.730667,-0.156017,0.555066,-131.929,21.3187,-1714,0.260175,4,OK,-131.786,21.3622,-1714.28,OK,-121.446,-27.3673,-1708.18,OK,-70.6436,-40.944,-1724.42,OK,-75.7413,23.081,-1734.53,,364690897,Port:2,0,1773303781,618824166,Enabled,0.916488,0.0219009,0.0380891,0.397641,-107.353,261.613,-1642.24,0.145867,3,OK,-107.186,261.693,-1642.26,OK,-146.595,228.751,-1639.13,OK,-153.352,304.79,-1637.79,,364690897,Port:3,0,1773303781,618824166,Missing,,,,,,,,,4,Missing,,,,Missing,,,,Missing,,,,Missing,,,,,364690897,Port:65535,0,1773303781,618824166,Missing,,,,,,,,,0
4,,364690900,Port:1,0,1773303781,668824166,50000000,Enabled,0.36346,0.733675,-0.151465,0.553784,-131.205,19.6994,-1712.88,0.259196,4,OK,-131.052,19.7561,-1713.16,OK,-120.209,-28.8941,-1707.2,OK,-69.4526,-42.0053,-1723.81,OK,-75.2265,21.9813,-1733.84,,364690900,Port:2,0,1773303781,668824166,Enabled,0.916454,0.0220359,0.0387177,0.397653,-107.353,261.614,-1642.26,0.149755,3,OK,-107.184,261.701,-1642.28,OK,-146.594,228.748,-1639.09,OK,-153.346,304.785,-1637.76,,364690900,Port:3,0,1773303781,668824166,Missing,,,,,,,,,4,Missing,,,,Missing,,,,Missing,,,,Missing,,,,,364690900,Port:65535,0,1773303781,668824166,Missing,,,,,,,,,0
4,,364690903,Port:1,0,1773303781,718824166,50000000,Enabled,0.358662,0.733536,-0.144765,0.558864,-130.97,17.7959,-1712.72,0.238104,4,OK,-130.819,17.8527,-1712.98,OK,-119.081,-30.5622,-1706.93,OK,-68.0256,-42.7548,-1723.25,OK,-74.9601,21.0779,-1733.47,,364690903,Port:2,0,1773303781,718824166,Enabled,0.916464,0.0219168,0.0387251,0.397636,-107.352,261.616,-1642.29,0.147446,3,OK,-107.184,261.702,-1642.3,OK,-146.593,228.756,-1639.11,OK,-153.342,304.785,-1637.8,,364690903,Port:3,0,1773303781,718824166,Missing,,,,,,,,,4,Missing,,,,Missing,,,,Missing,,,,Missing,,,,,364690903,Port:65535,0,1773303781,718824166,Missing,,,,,,,,,0
4,,364690906,Port:1,0,1773303781,768824166,50000000,Enabled,0.35964,0.73246,-0.146417,0.559218,-131.533,17.9706,-1712.91,0.233446,4,OK,-131.372,18.0197,-1713.15,OK,-119.834,-30.4253,-1707.07,OK,-68.7805,-42.8161,-1723.23,OK,-75.4617,21.0544,-1733.52,,364690906,Port:2,0,1773303781,768824166,Enabled,0.916436,0.022102,0.039041,0.397659,-107.354,261.62,-1642.28,0.149161,3,OK,-107.183,261.706,-1642.3,OK,-146.592,228.758,-1639.09,OK,-153.345,304.784,-1637.76,,364690906,Port:3,0,1773303781,768824166,Missing,,,,,,,,,4,Missing,,,,Missing,,,,Missing,,,,Missing,,,,,364690906,Port:65535,0,1773303781,768824166,Missing,,,,,,,,,0
4,,364690909,Port:1,0,1773303781,818824166,50000000,Enabled,0.362791,0.728129,-0.15558,0.560363,-133.433,19.6852,-1714.37,0.241731,4,OK,-133.277,19.73,-1714.63,OK,-122.66,-28.9279,-1708.48,OK,-71.6254,-42.1525,-1724.09,OK,-77.0497,21.8359,-1734.29,,364690909,Port:2,0,1773303781,818824166,Enabled,0.916479,0.0221579,0.0383202,0.397626,-107.357,261.616,-1642.26,0.144981,3,OK,-107.189,261.697,-1642.28,OK,-146.599,228.76,-1639.14,OK,-153.349,304.785,-1637.77,,364690909,Port:3,0,1773303781,818824166,Missing,,,,,,,,,4,Missing,,,,Missing,,,,Missing,,,,Missing,,,,,364690909,Port:65535,0,1773303781,818824166,Missing,,,,,,,,,0
4,,364690912,Port:1,0,1773303781,868824166,50000000,Enabled,0.368514,0.720897,-0.172017,0.561173,-136.754,23.4157,-1716.84,0.235926,4,OK,-136.597,23.4562,-1717.09,OK,-127.651,-25.5292,-1710.99,OK,-76.7706,-40.329,-1725.66,OK,-79.9571,23.8303,-1735.65,,364690912,Port:2,0,1773303781,868824166,Enabled,0.916448,0.0222218,0.0388454,0.397643,-107.353,261.62,-1642.29,0.146469,3,OK,-107.187,261.704,-1642.3,OK,-146.59,228.756,-1639.11,OK,-153.342,304.789,-1637.76,,364690912,Port:3,0,1773303781,868824166,Missing,,,,,,,,,4,Missing,,,,Missing,,,,Missing,,,,Missing,,,,,364690912,Port:65535,0,1773303781,868824166,Missing,,,,,,,,,0
4,,364690915,Port:1,0,1773303781,918824166,50000000,Enabled,0.379548,0.709661,-0.201548,0.558304,-141.274,29.9146,-1720.61,0.295547,4,OK,-141.1,29.9383,-1720.93,OK,-135.303,-19.551,-1714.98,OK,-85.0886,-37.2905,-1728.6,OK,-84.0775,27.0491,-1737.87,,364690915,Port:2,0,1773303781,918824166,Enabled,0.916507,0.0220994,0.0377931,0.397616,-107.352,261.616,-1642.24,0.148133,3,OK,-107.181,261.702,-1642.25,OK,-146.603,228.762,-1639.16,OK,-153.346,304.783,-1637.77,,364690915,Port:3,0,1773303781,918824166,Missing,,,,,,,,,4,Missing,,,,Missing,,,,Missing,,,,Missing,,,,,364690915,Port:65535,0,1773303781,918824166,Missing,,,,,,,,,0
4,,364690918,Port:1,0,1773303781,968824166,50000000,Enabled,0.39214,0.694425,-0.230323,0.557631,-145.553,37.9009,-1725.55,0.265298,4,OK,-145.381,37.91,-1725.83,OK,-142.826,-11.8519,-1719.95,OK,-93.3772,-32.6167,-1731.94,OK,-88.0814,31.5564,-1740.97,,364690918,Port:2,0,1773303781,968824166,Enabled,0.916493,0.0220817,0.0380798,0.397621,-107.357,261.613,-1642.26,0.145043,3,OK,-107.19,261.695,-1642.27,OK,-146.602,228.758,-1639.15,OK,-153.35,304.783,-1637.78,,364690918,Port:3,0,1773303781,968824166,Missing,,,,,,,,,4,Missing,,,,Missing,,,,Missing,,,,Missing,,,,,364690918,Port:65535,0,1773303781,968824166,Missing,,,,,,,,,0
4,,364690921,Port:1,0,1773303782,18824166,50000000,Enabled,0.406293,0.688961,-0.257492,0.542178,-147.573,46.5841,-1727.53,0.280894,4,OK,-147.414,46.584,-1727.82,OK,-148.241,-3.29744,-1722.57,OK,-100.315,-27.238,-1734.93,OK,-90.6618,36.5445,-1743.07,,364690921,Port:2,0,1773303782,18824166,Enabled,0.916483,0.0221101,0.0386563,0.397589,-107.353,261.611,-1642.27,0.148483,3,OK,-107.179,261.691,-1642.28,OK,-146.598,228.759,-1639.11,OK,-153.344,304.784,-1637.76,,364690921,Port:3,0,1773303782,18824166,Missing,,,,,,,,,4,Missing,,,,Missing,,,,Missing,,,,Missing,,,,,364690921,Port:65535,0,1773303782,18824166,Missing,,,,,,,,,0
4,,364690924,Port:1,0,1773303782,68824166,50000000,Enabled,0.420058,0.684001,-0.28251,0.525244,-148.954,54.7758,-1729.1,0.296505,4,OK,-148.797,54.7601,-1729.42,OK,-152.864,4.9837,-1724.76,OK,-106.7,-21.8893,-1737.7,OK,-92.8894,41.238,-1745.06,,364690924,Port:2,0,1773303782,68824166,Enabled,0.916498,0.0218467,0.0384583,0.397586,-107.353,261.612,-1642.28,0.144309,3,OK,-107.187,261.692,-1642.29,OK,-146.595,228.758,-1639.13,OK,-153.344,304.792,-1637.81,,364690924,Port:3,0,1773303782,68824166,Missing,,,,,,,,,4,Missing,,,,Missing,,,,Missing,,,,Missing,,,,,364690924,Port:65535,0,1773303782,68824166,Missing,,,,,,,,,0
4,,364690927,Port:1,0,1773303782,118824166,50000000,Enabled,0.43287,0.667681,-0.311187,0.519604,-151.457,63.2884,-1733.36,0.260135,4,OK,-151.278,63.2673,-1733.63,OK,-158.783,13.8508,-1729.33,OK,-114.188,-15.9948,-1741.03,OK,-96.035,46.0542,-1747.91,,364690927,Port:2,0,1773303782,118824166,Enabled,0.916487,0.0220296,0.0385515,0.397593,-107.355,261.613,-1642.26,0.150257,3,OK,-107.183,261.698,-1642.27,OK,-146.602,228.754,-1639.1,OK,-153.344,304.787,-1637.76,,364690927,Port:3,0,1773303782,118824166,Missing,,,,,,,,,4,Missing,,,,Missing,,,,Missing,,,,Missing,,,,,364690927,Port:65535,0,1773303782,118824166,Missing,,,,,,,,,0
4,,364690930,Port:1,0,1773303782,168824166,50000000,Enabled,0.44373,0.647065,-0.337248,0.520263,-154.046,70.9455,-1738.63,0.316454,4,OK,-153.882,70.9119,-1738.96,OK,-164.366,22.0566,-1734.57,OK,-121.22,-10.4251,-1744.57,OK,-99.2073,50.4092,-1750.92,,364690930,Port:2,0,1773303782,168824166,Enabled,0.916473,0.0221168,0.0386767,0.397608,-107.351,261.613,-1642.26,0.146528,3,OK,-107.184,261.696,-1642.27,OK,-146.593,228.754,-1639.09,OK,-153.34,304.787,-1637.75,,364690930,Port:3,0,1773303782,168824166,Missing,,,,,,,,,4,Missing,,,,Missing,,,,Missing,,,,Missing,,,,,364690930,Port:65535,0,1773303782,168824166,Missing,,,,,,,,,0
4,,364690933,Port:1,0,1773303782,218824166,49999997,Enabled,0.451646,0.629807,-0.365487,0.515537,-154.976,78.0173,-1742.44,0.284061,4,OK,-154.813,77.975,-1742.73,OK,-168.344,29.8247,-1739.14,OK,-126.966,-5.16138,-1747.96,OK,-101.113,54.266,-1753.19,,364690933,Port:2,0,1773303782,218824166,Enabled,0.916482,0.0216581,0.0382696,0.397653,-107.353,261.618,-1642.25,0.145312,3,OK,-107.187,261.698,-1642.27,OK,-146.593,228.757,-1639.12,OK,-153.352,304.794,-1637.82,,364690933,Port:3,0,1773303782,218824166,Missing,,,,,,,,,4,Missing,,,,Missing,,,,Missing,,,,Missing,,,,,364690933,Port:65535,0,1773303782,218824166,Missing,,,,,,,,,0
4,,364690936,Port:1,0,1773303782,268824163,50000000,Enabled,0.464734,0.614152,-0.38638,0.507494,-154.476,85.1933,-1744.94,0.310204,4,OK,-154.313,85.1422,-1745.26,OK,-170.687,37.8681,-1741.68,OK,-131.311,0.500625,-1749.83,OK,-101.928,58.3002,-1754.78,,364690936,Port:2,0,1773303782,268824163,Enabled,0.916502,0.0216751,0.0383188,0.3976,-107.353,261.613,-1642.24,0.146992,3,OK,-107.186,261.697,-1642.25,OK,-146.598,228.755,-1639.1,OK,-153.345,304.792,-1637.8,,364690936,Port:3,0,1773303782,268824163,Missing,,,,,,,,,4,Missing,,,,Missing,,,,Missing,,,,Missing,,,,,364690936,Port:65535,0,1773303782,268824163,Missing,,,,,,,,,0
4,,364690939,Port:1,0,1773303782,318824163,50000000,Enabled,0.479376,0.59803,-0.406735,0.497117,-152.524,93.0294,-1747.05,0.25652,4,OK,-152.364,92.9596,-1747.3,OK,-171.678,46.8232,-1743.86,OK,-134.591,7.04773,-1751.29,OK,-101.638,62.8834,-1756.23,,364690939,Port:2,0,1773303782,318824163,Enabled,0.916441,0.0220805,0.0390891,0.397644,-107.355,261.617,-1642.29,0.151111,3,OK,-107.18,261.702,-1642.31,OK,-146.595,228.756,-1639.09,OK,-153.348,304.787,-1637.77,,364690939,Port:3,0,1773303782,318824163,Missing,,,,,,,,,4,Missing,,,,Missing,,,,Missing,,,,Missing,,,,,364690939,Port:65535,0,1773303782,318824163,Missing,,,,,,,,,0
4,,364690942,Port:1,0,1773303782,368824163,50000000,Enabled,0.492334,0.578734,-0.433661,0.484368,-149.697,101.587,-1750,0.309886,4,OK,-149.547,101.52,-1750.32,OK,-172.206,56.8798,-1747.28,OK,-138.017,14.5442,-1754.29,OK,-100.976,67.8239,-1758.28,,364690942,Port:2,0,1773303782,368824163,Enabled,0.91649,0.0216901,0.0382152,0.397636,-107.349,261.612,-1642.24,0.152925,3,OK,-107.173,261.696,-1642.25,OK,-146.596,228.745,-1639.11,OK,-153.348,304.792,-1637.8,,364690942,Port:3,0,1773303782,368824163,Missing,,,,,,,,,4,Missing,,,,Missing,,,,Missing,,,,Missing,,,,,364690942,Port:65535,0,1773303782,368824163,Missing,,,,,,,,,0
4,,364690945,Port:1,0,1773303782,418824163,50000000,Enabled,0.506925,0.551541,-0.463498,0.473286,-146.619,111.069,-1754.64,0.292605,4,OK,-146.477,110.981,-1754.93,OK,-172.828,68.4091,-1752.45,OK,-142.098,23.3336,-1758.21,OK,-100.645,73.3232,-1761.3,,364690945,Port:2,0,1773303782,418824163,Enabled,0.916489,0.0217701,0.0384999,0.397607,-107.351,261.615,-1642.26,0.146106,3,OK,-107.183,261.696,-1642.27,OK,-146.594,228.759,-1639.1,OK,-153.344,304.791,-1637.8,,364690945,Port:3,0,1773303782,418824163,Missing,,,,,,,,,4,Missing,,,,Missing,,,,Missing,,,,Missing,,,,,364690945,Port:65535,0,1773303782,418824163,Missing,,,,,,,,,0
4,,364690948,Port:1,0,1773303782,468824163,50000000,Enabled,0.50991,0.527082,-0.497208,0.463639,-143.829,119.066,-1759.39,0.257445,4,OK,-143.696,118.978,-1759.63,OK,-173.114,78.3979,-1758.99,OK,-145.495,31.2911,-1763.98,OK,-100.432,78.141,-1764.62,,364690948,Port:2,0,1773303782,468824163,Enabled,0.9165,0.0217522,0.0382283,0.397608,-107.352,261.613,-1642.23,0.145638,3,OK,-107.183,261.692,-1642.24,OK,-146.596,228.757,-1639.1,OK,-153.348,304.79,-1637.79,,364690948,Port:3,0,1773303782,468824163,Missing,,,,,,,,,4,Missing,,,,Missing,,,,Missing,,,,Missing,,,,,364690948,Port:65535,0,1773303782,468824163,Missing,,,,,,,,,0
4,,364690951,Port:1,0,1773303782,518824163,50000000,Enabled,0.514046,0.50466,-0.524697,0.453617,-140.706,126.454,-1763.33,0.22981,4,OK,-140.577,126.36,-1763.54,OK,-172.563,87.7822,-1764.35,OK,-147.936,39.0172,-1768.77,OK,-99.91,82.8155,-1767.5,,364690951,Port:2,0,1773303782,518824163,Enabled,0.916447,0.0218841,0.0388964,0.39766,-107.352,261.613,-1642.28,0.150945,3,OK,-107.18,261.7,-1642.29,OK,-146.592,228.748,-1639.08,OK,-153.345,304.782,-1637.78,,364690951,Port:3,0,1773303782,518824163,Missing,,,,,,,,,4,Missing,,,,Missing,,,,Missing,,,,Missing,,,,,364690951,Port:65535,0,1773303782,518824163,Missing,,,,,,,,,0
4,,364690954,Port:1,0,1773303782,568824163,50000000,Enabled,0.518157,0.481782,-0.552782,0.440263,-136.567,133.736,-1766.22,0.248559,4,OK,-136.442,133.637,-1766.45,OK,-170.975,97.3958,-1768.71,OK,-149.687,47.0832,-1773.03,OK,-98.7956,87.3968,-1769.65,,364690954,Port:2,0,1773303782,568824163,Enabled,0.916505,0.0216863,0.0383798,0.397588,-107.353,261.61,-1642.25,0.145382,3,OK,-107.185,261.686,-1642.26,OK,-146.595,228.754,-1639.1,OK,-153.349,304.796,-1637.8,,364690954,Port:3,0,1773303782,568824163,Missing,,,,,,,,,4,Missing,,,,Missing,,,,Missing,,,,Missing,,,,,364690954,Port:65535,0,1773303782,568824163,Missing,,,,,,,,,0
4,,364690957,Port:1,0,1773303782,618824163,50000000,Enabled,0.522392,0.460712,-0.571947,0.433275,-132.32,139.33,-1769.34,0.182993,4,OK,-132.198,139.228,-1769.48,OK,-168.52,104.855,-1772.83,OK,-149.797,53.4701,-1776.38,OK,-96.9665,91.0522,-1771.78,,364690957,Port:2,0,1773303782,618824163,Enabled,0.916449,0.0220387,0.0388885,0.397647,-107.358,261.618,-1642.3,0.146808,3,OK,-107.188,261.699,-1642.32,OK,-146.594,228.758,-1639.11,OK,-153.352,304.79,-1637.79,,364690957,Port:3,0,1773303782,618824163,Missing,,,,,,,,,4,Missing,,,,Missing,,,,Missing,,,,Missing,,,,,364690957,Port:65535,0,1773303782,618824163,Missing,,,,,,,,,0
4,,364690960,Port:1,0,1773303782,668824163,50000000,Enabled,0.521373,0.43972,-0.599262,0.419168,-127.104,144.728,-1771.27,0.170742,4,OK,-126.983,144.629,-1771.39,OK,-165.247,112.679,-1776.7,OK,-149.669,60.2821,-1780.6,OK,-94.778,94.3575,-1773.47,,364690960,Port:2,0,1773303782,668824163,Enabled,0.916478,0.0216793,0.0384515,0.397643,-107.353,261.611,-1642.26,0.1499,3,OK,-107.182,261.698,-1642.28,OK,-146.597,228.748,-1639.11,OK,-153.348,304.785,-1637.81,,364690960,Port:3,0,1773303782,668824163,Missing,,,,,,,,,4,Missing,,,,Missing,,,,Missing,,,,Missing,,,,,364690960,Port:65535,0,1773303782,668824163,Missing,,,,,,,,,0
4,,364690963,Port:1,0,1773303782,718824163,50000000,Enabled,0.520476,0.422557,-0.618391,0.410053,-122.498,148.751,-1773.36,0.179621,4,OK,-122.381,148.659,-1773.49,OK,-161.912,118.547,-1780.14,OK,-148.657,65.5339,-1784.19,OK,-92.4669,96.9505,-1775.2,,364690963,Port:2,0,1773303782,718824163,Enabled,0.916484,0.0221744,0.0384604,0.3976,-107.354,261.611,-1642.27,0.149261,3,OK,-107.178,261.692,-1642.29,OK,-146.602,228.761,-1639.13,OK,-153.346,304.779,-1637.77,,364690963,Port:3,0,1773303782,718824163,Missing,,,,,,,,,4,Missing,,,,Missing,,,,Missing,,,,Missing,,,,,364690963,Port:65535,0,1773303782,718824163,Missing,,,,,,,,,0
4,,364690966,Port:1,0,1773303782,768824163,50000000,Enabled,0.516508,0.408067,-0.640637,0.395329,-117.47,152.52,-1774.05,0.150737,4,OK,-117.348,152.426,-1774.12,OK,-158.098,124.452,-1782.73,OK,-147.312,70.9793,-1787.64,OK,-89.9484,99.3676,-1776.44,,364690966,Port:2,0,1773303782,768824163,Enabled,0.916489,0.0219541,0.0382234,0.397625,-107.35,261.618,-1642.26,0.14767,3,OK,-107.181,261.701,-1642.27,OK,-146.595,228.757,-1639.13,OK,-153.344,304.792,-1637.79,,364690966,Port:3,0,1773303782,768824163,Missing,,,,,,,,,4,Missing,,,,Missing,,,,Missing,,,,Missing,,,,,364690966,Port:65535,0,1773303782,768824163,Missing,,,,,,,,,0
4,,364690969,Port:1,0,1773303782,818824163,50000000,Enabled,0.512414,0.391816,-0.65964,0.38573,-112.98,155.664,-1775.12,0.14347,4,OK,-112.867,155.561,-1775.17,OK,-154.489,129.503,-1785.42,OK,-145.852,75.6779,-1790.75,OK,-87.7034,101.406,-1777.48,,364690969,Port:2,0,1773303782,818824163,Enabled,0.916463,0.0218882,0.038555,0.397655,-107.354,261.616,-1642.28,0.148225,3,OK,-107.184,261.699,-1642.29,OK,-146.595,228.754,-1639.12,OK,-153.351,304.787,-1637.8,,364690969,Port:3,0,1773303782,818824163,Missing,,,,,,,,,4,Missing,,,,Missing,,,,Missing,,,,Missing,,,,,364690969,Port:65535,0,1773303782,818824163,Missing,,,,,,,,,0
4,,364690972,Port:1,0,1773303782,868824163,50000000,Enabled,0.516518,0.380603,-0.668824,0.375533,-108.171,158.41,-1775.13,0.13986,4,OK,-108.053,158.308,-1775.17,OK,-150.547,133.809,-1785.79,OK,-143.794,79.7261,-1791.38,OK,-84.8247,103.299,-1777.71,,364690972,Port:2,0,1773303782,868824163,Enabled,0.916524,0.0217943,0.0381759,0.397557,-107.354,261.608,-1642.26,0.148785,3,OK,-107.183,261.691,-1642.27,OK,-146.605,228.755,-1639.13,OK,-153.344,304.79,-1637.81,,364690972,Port:3,0,1773303782,868824163,Missing,,,,,,,,,4,Missing,,,,Missing,,,,Missing,,,,Missing,,,,,364690972,Port:65535,0,1773303782,868824163,Missing,,,,,,,,,0
4,,364690975,Port:1,0,1773303782,918824163,50000000,Enabled,0.527937,0.366783,-0.672812,0.366164,-102.415,161.483,-1775.36,0.131431,4,OK,-102.313,161.37,-1775.36,OK,-145.809,138.519,-1785.56,OK,-141.267,84.1619,-1790.69,OK,-81.2976,105.469,-1777.73,,364690975,Port:2,0,1773303782,918824163,Enabled,0.916457,0.0219957,0.0391012,0.39761,-107.357,261.618,-1642.31,0.143543,3,OK,-107.193,261.697,-1642.33,OK,-146.591,228.761,-1639.11,OK,-153.346,304.795,-1637.8,,364690975,Port:3,0,1773303782,918824163,Missing,,,,,,,,,4,Missing,,,,Missing,,,,Missing,,,,Missing,,,,,364690975,Port:65535,0,1773303782,918824163,Missing,,,,,,,,,0
4,,364690978,Port:1,0,1773303782,968824163,50000000,Enabled,0.544503,0.351844,-0.674751,0.352751,-95.0572,164.823,-1775.16,0.130772,4,OK,-94.9578,164.716,-1775.19,OK,-139.673,143.868,-1784.29,OK,-137.861,89.327,-1789.1,OK,-76.6866,107.853,-1777.41,,364690978,Port:2,0,1773303782,968824163,Enabled,0.916503,0.0220354,0.0383292,0.397576,-107.355,261.607,-1642.27,0.14783,3,OK,-107.181,261.685,-1642.28,OK,-146.602,228.756,-1639.13,OK,-153.349,304.786,-1637.78,,364690978,Port:3,0,1773303782,968824163,Missing,,,,,,,,,4,Missing,,,,Missing,,,,Missing,,,,Missing,,,,,364690978,Port:65535,0,1773303782,968824163,Missing,,,,,,,,,0
4,,364690981,Port:1,0,1773303783,18824163,50000000,Enabled,0.556185,0.334878,-0.679784,0.341186,-87.0113,167.824,-1775.57,0.140647,4,OK,-86.9095,167.716,-1775.63,OK,-132.646,148.935,-1784.24,OK,-133.41,94.3429,-1788.68,OK,-71.3702,110.023,-1777.49,,364690981,Port:2,0,1773303783,18824163,Enabled,0.916458,0.0222256,0.0387467,0.397629,-107.356,261.618,-1642.3,0.147243,3,OK,-107.186,261.701,-1642.32,OK,-146.595,228.758,-1639.14,OK,-153.347,304.79,-1637.78,,364690981,Port:3,0,1773303783,18824163,Missing,,,,,,,,,4,Missing,,,,Missing,,,,Missing,,,,Missing,,,,,364690981,Port:65535,0,1773303783,18824163,Missing,,,,,,,,,0
4,,364690984,Port:1,0,1773303783,68824163,50000000,Enabled,0.564832,0.314123,-0.68963,0.326652,-78.1472,170.987,-1776.73,0.137076,4,OK,-78.0536,170.881,-1776.78,OK,-124.724,154.689,-1785.51,OK,-128.614,100.22,-1789.84,OK,-65.8257,112.398,-1778.45,,364690984,Port:2,0,1773303783,68824163,Enabled,0.916477,0.0220088,0.0387095,0.397601,-107.355,261.61,-1642.28,0.148364,3,OK,-107.183,261.69,-1642.29,OK,-146.597,228.752,-1639.11,OK,-153.347,304.79,-1637.78,,364690984,Port:3,0,1773303783,68824163,Missing,,,,,,,,,4,Missing,,,,Missing,,,,Missing,,,,Missing,,,,,364690984,Port:65535,0,1773303783,68824163,Missing,,,,,,,,,0
4,,364690987,Port:1,0,1773303783,118824163,50000000,Enabled,0.567862,0.285186,-0.706183,0.31226,-68.5529,174.355,-1778.43,0.130608,4,OK,-68.467,174.253,-1778.44,OK,-115.927,161.242,-1788.34,OK,-123.408,107.162,-1792.52,OK,-60.2319,115.029,-1779.69,,364690987,Port:2,0,1773303783,118824163,Enabled,0.916528,0.0218517,0.0379331,0.397568,-107.347,261.604,-1642.23,0.145274,3,OK,-107.179,261.682,-1642.24,OK,-146.595,228.75,-1639.13,OK,-153.34,304.787,-1637.79,,364690987,Port:3,0,1773303783,118824163,Missing,,,,,,,,,4,Missing,,,,Missing,,,,Missing,,,,Missing,,,,,364690987,Port:65535,0,1773303783,118824163,Missing,,,,,,,,,0
4,,364690990,Port:1,0,1773303783,168824163,50000000,Enabled,0.566931,0.26017,-0.722758,0.297527,-60.1082,177.135,-1779.72,0.134477,4,OK,-60.0255,177.025,-1779.7,OK,-107.91,166.966,-1791.02,OK,-118.536,113.442,-1795.55,OK,-55.3848,117.414,-1781.03,,364690990,Port:2,0,1773303783,168824163,Enabled,0.916486,0.021709,0.0384872,0.39762,-107.35,261.609,-1642.25,0.147148,3,OK,-107.18,261.689,-1642.27,OK,-146.592,228.752,-1639.1,OK,-153.347,304.788,-1637.8,,364690990,Port:3,0,1773303783,168824163,Missing,,,,,,,,,4,Missing,,,,Missing,,,,Missing,,,,Missing,,,,,364690990,Port:65535,0,1773303783,168824163,Missing,,,,,,,,,0
4,,364690993,Port:1,0,1773303783,218824163,50000004,Enabled,0.572129,0.240945,-0.729117,0.288102,-53.3975,179.389,-1781.43,0.135468,4,OK,-53.3137,179.272,-1781.42,OK,-101.547,171.299,-1792.95,OK,-114.525,118.263,-1797.2,OK,-51.3517,119.508,-1782.28,,364690993,Port:2,0,1773303783,218824163,Enabled,0.916454,0.0221696,0.0390741,0.39761,-107.356,261.614,-1642.3,0.151929,3,OK,-107.181,261.699,-1642.31,OK,-146.598,228.751,-1639.09,OK,-153.344,304.789,-1637.76,,364690993,Port:3,0,1773303783,218824163,Missing,,,,,,,,,4,Missing,,,,Missing,,,,Missing,,,,Missing,,,,,364690993,Port:65535,0,1773303783,218824163,Missing,,,,,,,,,0
4,,364690996,Port:1,0,1773303783,268824167,49999999,Enabled,0.58246,0.222304,-0.730747,0.278084,-46.4603,181.467,-1783.16,0.144509,4,OK,-46.3831,181.356,-1783.08,OK,-94.993,175.447,-1794.31,OK,-110.425,123.005,-1797.77,OK,-47.1439,121.557,-1783.42,,364690996,Port:2,0,1773303783,268824167,Enabled,0.916512,0.0219302,0.0380085,0.397593,-107.352,261.61,-1642.24,0.143507,3,OK,-107.187,261.691,-1642.26,OK,-146.597,228.756,-1639.14,OK,-153.344,304.787,-1637.79,,364690996,Port:3,0,1773303783,268824167,Missing,,,,,,,,,4,Missing,,,,Missing,,,,Missing,,,,Missing,,,,,364690996,Port:65535,0,1773303783,268824167,Missing,,,,,,,,,0
4,,364690999,Port:1,0,1773303783,318824166,50000000,Enabled,0.588335,0.206581,-0.732039,0.274418,-40.6104,182.868,-1785.68,0.147424,4,OK,-40.531,182.751,-1785.61,OK,-89.3212,178.186,-1796.75,OK,-106.368,126.224,-1799.46,OK,-43.1465,123.012,-1785.04,,364690999,Port:2,0,1773303783,318824166,Enabled,0.916485,0.0218955,0.0384043,0.397619,-107.349,261.611,-1642.25,0.1483,3,OK,-107.177,261.692,-1642.26,OK,-146.592,228.752,-1639.11,OK,-153.344,304.789,-1637.78,,364690999,Port:3,0,1773303783,318824166,Missing,,,,,,,,,4,Missing,,,,Missing,,,,Missing,,,,Missing,,,,,364690999,Port:65535,0,1773303783,318824166,Missing,,,,,,,,,0
4,,364691002,Port:1,0,1773303783,368824166,50000001,Enabled,0.589121,0.190111,-0.738072,0.268409,-35.0629,183.851,-1787.59,0.152265,4,OK,-35.0006,183.733,-1787.5,OK,-83.7498,180.747,-1799.26,OK,-102.531,129.367,-1801.75,OK,-39.6614,124.122,-1786.55,,364691002,Port:2,0,1773303783,368824166,Enabled,0.916507,0.0220686,0.0380418,0.397593,-107.348,261.607,-1642.24,0.143905,3,OK,-107.181,261.685,-1642.25,OK,-146.594,228.756,-1639.13,OK,-153.342,304.782,-1637.76,,364691002,Port:3,0,1773303783,368824166,Missing,,,,,,,,,4,Missing,,,,Missing,,,,Missing,,,,Missing,,,,,364691002,Port:65535,0,1773303783,368824166,Missing,,,,,,,,,0
4,,364691005,Port:1,0,1773303783,418824167,50000000,Enabled,0.589405,0.173263,-0.744395,0.261643,-29.7686,184.684,-1789.07,0.160782,4,OK,-29.7248,184.569,-1788.97,OK,-78.3665,183.227,-1801.4,OK,-98.9073,132.525,-1803.78,OK,-36.5113,125.155,-1787.74,,364691005,Port:2,0,1773303783,418824167,Enabled,0.916473,0.0221118,0.0386468,0.39761,-107.355,261.612,-1642.31,0.147899,3,OK,-107.183,261.694,-1642.33,OK,-146.597,228.755,-1639.15,OK,-153.346,304.786,-1637.81,,364691005,Port:3,0,1773303783,418824167,Missing,,,,,,,,,4,Missing,,,,Missing,,,,Missing,,,,Missing,,,,,364691005,Port:65535,0,1773303783,418824167,Missing,,,,,,,,,0
4,,364691008,Port:1,0,1773303783,468824167,50000000,Enabled,0.588047,0.156797,-0.751114,0.255819,-24.6803,185.317,-1790.67,0.154615,4,OK,-24.6294,185.207,-1790.57,OK,-73.0918,185.369,-1803.78,OK,-95.2586,135.356,-1806.2,OK,-33.4146,126.06,-1789.05,,364691008,Port:2,0,1773303783,468824167,Enabled,0.916508,0.0218363,0.0379393,0.397614,-107.346,261.606,-1642.23,0.145462,3,OK,-107.176,261.685,-1642.24,OK,-146.592,228.753,-1639.13,OK,-153.344,304.782,-1637.79,,364691008,Port:3,0,1773303783,468824167,Missing,,,,,,,,,4,Missing,,,,Missing,,,,Missing,,,,Missing,,,,,364691008,Port:65535,0,1773303783,468824167,Missing,,,,,,,,,0
4,,364691011,Port:1,0,1773303783,518824167,49999999,Enabled,0.585747,0.141693,-0.757432,0.251238,-20.0987,185.886,-1792.01,0.165072,4,OK,-20.0492,185.761,-1791.9,OK,-68.2851,187.263,-1805.98,OK,-91.8197,137.876,-1808.42,OK,-30.5439,126.901,-1790.15,,364691011,Port:2,0,1773303783,518824167,Enabled,0.91652,0.0221703,0.037915,0.397569,-107.353,261.607,-1642.27,0.144892,3,OK,-107.182,261.684,-1642.28,OK,-146.601,228.759,-1639.18,OK,-153.346,304.785,-1637.79,,364691011,Port:3,0,1773303783,518824167,Missing,,,,,,,,,4,Missing,,,,Missing,,,,Missing,,,,Missing,,,,,364691011,Port:65535,0,1773303783,518824167,Missing,,,,,,,,,0
4,,364691014,Port:1,0,1773303783,568824166,50000000,Enabled,0.585608,0.128436,-0.761638,0.245916,-16.0213,186.188,-1793.12,0.16799,4,OK,-15.9573,186.073,-1793,OK,-64.0089,188.795,-1807.59,OK,-88.8707,140.069,-1810.02,OK,-28.1096,127.529,-1791.06,,364691014,Port:2,0,1773303783,568824166,Enabled,0.916424,0.0224805,0.0389338,0.397676,-107.354,261.62,-1642.32,0.145559,3,OK,-107.187,261.704,-1642.34,OK,-146.589,228.759,-1639.14,OK,-153.345,304.779,-1637.76,,364691014,Port:3,0,1773303783,568824166,Missing,,,,,,,,,4,Missing,,,,Missing,,,,Missing,,,,Missing,,,,,364691014,Port:65535,0,1773303783,568824166,Missing,,,,,,,,,0
4,,364691017,Port:1,0,1773303783,618824166,50000001,Enabled,0.586085,0.122599,-0.762654,0.244609,-13.8813,186.559,-1794.5,0.154715,4,OK,-13.8303,186.442,-1794.4,OK,-61.7836,189.622,-1809.11,OK,-87.186,141.165,-1811.44,OK,-26.6086,128.048,-1792.21,,364691017,Port:2,0,1773303783,618824166,Enabled,0.916459,0.022106,0.0384629,0.397662,-107.35,261.613,-1642.27,0.146597,3,OK,-107.182,261.698,-1642.28,OK,-146.591,228.753,-1639.12,OK,-153.344,304.776,-1637.77,,364691017,Port:3,0,1773303783,618824166,Missing,,,,,,,,,4,Missing,,,,Missing,,,,Missing,,,,Missing,,,,,364691017,Port:65535,0,1773303783,618824166,Missing,,,,,,,,,0
4,,364691020,Port:1,0,1773303783,668824167,50000000,Enabled,0.59108,0.119346,-0.759435,0.244212,-12.049,186.941,-1795.44,0.17182,4,OK,-12.0012,186.819,-1795.32,OK,-60.0887,190.282,-1809.63,OK,-85.833,141.975,-1811.36,OK,-25.1475,128.511,-1792.69,,364691020,Port:2,0,1773303783,668824167,Enabled,0.916487,0.0217327,0.0385127,0.397614,-107.348,261.613,-1642.24,0.146709,3,OK,-107.182,261.698,-1642.26,OK,-146.589,228.751,-1639.09,OK,-153.339,304.792,-1637.79,,364691020,Port:3,0,1773303783,668824167,Missing,,,,,,,,,4,Missing,,,,Missing,,,,Missing,,,,Missing,,,,,364691020,Port:65535,0,1773303783,668824167,Missing,,,,,,,,,0
4,,364691023,Port:1,0,1773303783,718824167,50000000,Enabled,0.592109,0.11595,-0.760208,0.240929,-9.97324,187.135,-1795.94,0.171324,4,OK,-9.92434,187.015,-1795.82,OK,-57.9546,190.933,-1810.13,OK,-84.1822,142.897,-1811.92,OK,-23.668,128.866,-1793.26,,364691023,Port:2,0,1773303783,718824167,Enabled,0.916445,0.0219122,0.039315,0.397622,-107.355,261.613,-1642.31,0.149348,3,OK,-107.184,261.698,-1642.33,OK,-146.592,228.751,-1639.08,OK,-153.343,304.788,-1637.79,,364691023,Port:3,0,1773303783,718824167,Missing,,,,,,,,,4,Missing,,,,Missing,,,,Missing,,,,Missing,,,,,364691023,Port:65535,0,1773303783,718824167,Missing,,,,,,,,,0
4,,364691026,Port:1,0,1773303783,768824167,49999999,Enabled,0.594774,0.114,-0.759001,0.239092,-8.68779,187.327,-1796.38,0.16389,4,OK,-8.64352,187.214,-1796.26,OK,-56.715,191.412,-1810.32,OK,-83.242,143.539,-1811.96,OK,-22.7256,129.131,-1793.58,,364691026,Port:2,0,1773303783,768824167,Enabled,0.916465,0.022024,0.0385709,0.397642,-107.354,261.616,-1642.29,0.146342,3,OK,-107.183,261.695,-1642.31,OK,-146.594,228.76,-1639.14,OK,-153.351,304.786,-1637.8,,364691026,Port:3,0,1773303783,768824167,Missing,,,,,,,,,4,Missing,,,,Missing,,,,Missing,,,,Missing,,,,,364691026,Port:65535,0,1773303783,768824167,Missing,,,,,,,,,0
4,,364691029,Port:1,0,1773303783,818824166,50000000,Enabled,0.593217,0.113625,-0.760143,0.239512,-8.80691,187.576,-1796.66,0.168432,4,OK,-8.75355,187.46,-1796.54,OK,-56.7799,191.632,-1810.81,OK,-83.2918,143.751,-1812.53,OK,-22.8292,129.388,-1793.92,,364691029,Port:2,0,1773303783,818824166,Enabled,0.916454,0.0222096,0.0387765,0.397637,-107.352,261.615,-1642.29,0.15006,3,OK,-107.179,261.699,-1642.31,OK,-146.593,228.753,-1639.12,OK,-153.344,304.785,-1637.77,,364691029,Port:3,0,1773303783,818824166,Missing,,,,,,,,,4,Missing,,,,Missing,,,,Missing,,,,Missing,,,,,364691029,Port:65535,0,1773303783,818824166,Missing,,,,,,,,,0
4,,364691032,Port:1,0,1773303783,868824166,50000001,Enabled,0.596225,0.116,-0.757339,0.239786,-9.62041,187.878,-1796.66,0.165675,4,OK,-9.57213,187.762,-1796.55,OK,-57.7366,191.799,-1810.37,OK,-84.0977,143.829,-1811.88,OK,-23.4325,129.63,-1793.8,,364691032,Port:2,0,1773303783,868824166,Enabled,0.916476,0.0221398,0.0383212,0.397635,-107.349,261.612,-1642.27,0.142193,3,OK,-107.184,261.692,-1642.28,OK,-146.588,228.759,-1639.14,OK,-153.341,304.778,-1637.77,,364691032,Port:3,0,1773303783,868824166,Missing,,,,,,,,,4,Missing,,,,Missing,,,,Missing,,,,Missing,,,,,364691032,Port:65535,0,1773303783,868824166,Missing,,,,,,,,,0
4,,364691035,Port:1,0,1773303783,918824167,50000000,Enabled,0.592115,0.118862,-0.759772,0.240868,-11.0626,187.798,-1796.09,0.155834,4,OK,-11.0184,187.69,-1795.99,OK,-59.0942,191.429,-1810.15,OK,-85.0974,143.296,-1812.09,OK,-24.4886,129.436,-1793.56,,364691035,Port:2,0,1773303783,918824167,Enabled,0.916479,0.0221083,0.0382556,0.397636,-107.349,261.61,-1642.26,0.145043,3,OK,-107.182,261.694,-1642.27,OK,-146.592,228.754,-1639.14,OK,-153.341,304.777,-1637.77,,364691035,Port:3,0,1773303783,918824167,Missing,,,,,,,,,4,Missing,,,,Missing,,,,Missing,,,,Missing,,,,,364691035,Port:65535,0,1773303783,918824167,Missing,,,,,,,,,0
4,,364691038,Port:1,0,1773303783,968824167,50000000,Enabled,0.588703,0.124472,-0.76217,0.238817,-12.4286,188.092,-1794.55,0.171963,4,OK,-12.3824,187.976,-1794.42,OK,-60.4056,191.554,-1808.83,OK,-86.0727,143.235,-1811.41,OK,-25.4502,129.625,-1792.8,,364691038,Port:2,0,1773303783,968824167,Enabled,0.916489,0.0221534,0.0382697,0.397608,-107.353,261.613,-1642.25,0.143161,3,OK,-107.185,261.689,-1642.26,OK,-146.594,228.761,-1639.13,OK,-153.346,304.786,-1637.76,,364691038,Port:3,0,1773303783,968824167,Missing,,,,,,,,,4,Missing,,,,Missing,,,,Missing,,,,Missing,,,,,364691038,Port:65535,0,1773303783,968824167,Missing,,,,,,,,,0
4,,364691041,Port:1,0,1773303784,18824167,49999999,Enabled,0.587351,0.13518,-0.762006,0.236837,-15.0988,189.17,-1792.68,0.139074,4,OK,-15.0581,189.053,-1792.61,OK,-63.1678,192.143,-1806.66,OK,-88.1279,143.509,-1810.03,OK,-27.2708,130.506,-1791.76,,364691041,Port:2,0,1773303784,18824167,Enabled,0.916494,0.0218986,0.0380804,0.397628,-107.35,261.609,-1642.25,0.145901,3,OK,-107.18,261.687,-1642.27,OK,-146.594,228.753,-1639.14,OK,-153.348,304.782,-1637.8,,364691041,Port:3,0,1773303784,18824167,Missing,,,,,,,,,4,Missing,,,,Missing,,,,Missing,,,,Missing,,,,,364691041,Port:65535,0,1773303784,18824167,Missing,,,,,,,,,0
4,,364691044,Port:1,0,1773303784,68824166,50000000,Enabled,0.581455,0.144973,-0.763462,0.24087,-19.3657,190.847,-1791.47,0.132473,4,OK,-19.3138,190.731,-1791.43,OK,-67.419,192.895,-1805.77,OK,-91.2652,143.732,-1809.72,OK,-30.2027,131.885,-1791.06,,364691044,Port:2,0,1773303784,68824166,Enabled,0.916488,0.0219858,0.0384431,0.397603,-107.345,261.612,-1642.24,0.145927,3,OK,-107.176,261.691,-1642.25,OK,-146.588,228.757,-1639.09,OK,-153.339,304.789,-1637.76,,364691044,Port:3,0,1773303784,68824166,Missing,,,,,,,,,4,Missing,,,,Missing,,,,Missing,,,,Missing,,,,,364691044,Port:65535,0,1773303784,68824166,Missing,,,,,,,,,0
4,,364691047,Port:1,0,1773303784,118824166,50000001,Enabled,0.58105,0.165637,-0.756157,0.251342,-26.3982,193.311,-1791.64,0.151796,4,OK,-26.333,193.185,-1791.56,OK,-74.6955,193.195,-1805.25,OK,-96.3143,143.004,-1809.03,OK,-34.5229,133.942,-1791.4,,364691047,Port:2,0,1773303784,118824166,Enabled,0.916524,0.021729,0.0380553,0.397571,-107.352,261.607,-1642.22,0.1468,3,OK,-107.18,261.684,-1642.24,OK,-146.601,228.755,-1639.11,OK,-153.348,304.79,-1637.79,,364691047,Port:3,0,1773303784,118824166,Missing,,,,,,,,,4,Missing,,,,Missing,,,,Missing,,,,Missing,,,,,364691047,Port:65535,0,1773303784,118824166,Missing,,,,,,,,,0
4,,364691050,Port:1,0,1773303784,168824167,50000000,Enabled,0.588146,0.190982,-0.740521,0.263133,-33.9473,195.276,-1792.17,0.119066,4,OK,-33.8916,195.175,-1792.15,OK,-82.6211,192.553,-1803.88,OK,-101.684,141.31,-1807.08,OK,-38.8617,135.548,-1791.72,,364691050,Port:2,0,1773303784,168824167,Enabled,0.9165,0.0218263,0.0383488,0.397593,-107.353,261.61,-1642.26,0.146988,3,OK,-107.182,261.691,-1642.28,OK,-146.598,228.755,-1639.12,OK,-153.346,304.789,-1637.8,,364691050,Port:3,0,1773303784,168824167,Missing,,,,,,,,,4,Missing,,,,Missing,,,,Missing,,,,Missing,,,,,364691050,Port:65535,0,1773303784,168824167,Missing,,,,,,,,,0
4,,364691053,Port:1,0,1773303784,218824167,49999996,Enabled,0.580976,0.208422,-0.740929,0.26467,-38.969,196.485,-1790.58,0.135528,4,OK,-38.8957,196.382,-1790.52,OK,-87.529,192.498,-1802.52,OK,-104.948,140.758,-1806.79,OK,-42.0118,136.633,-1791.43,,364691053,Port:2,0,1773303784,218824167,Enabled,0.916482,0.022298,0.0384152,0.397603,-107.354,261.612,-1642.27,0.146535,3,OK,-107.181,261.692,-1642.28,OK,-146.599,228.763,-1639.13,OK,-153.345,304.78,-1637.75,,364691053,Port:3,0,1773303784,218824167,Missing,,,,,,,,,4,Missing,,,,Missing,,,,Missing,,,,Missing,,,,,364691053,Port:65535,0,1773303784,218824167,Missing,,,,,,,,,0
4,,364691056,Port:1,0,1773303784,268824163,50000000,Enabled,0.581912,0.222806,-0.734558,0.268627,-42.2951,197.127,-1789.71,0.14401,4,OK,-42.2264,197.016,-1789.64,OK,-90.8888,191.863,-1801,OK,-106.921,139.679,-1805.34,OK,-43.6703,137.229,-1790.97,,364691056,Port:2,0,1773303784,268824163,Enabled,0.91648,0.0221888,0.03869,0.397586,-107.354,261.617,-1642.29,0.14517,3,OK,-107.187,261.699,-1642.3,OK,-146.596,228.763,-1639.12,OK,-153.341,304.791,-1637.77,,364691056,Port:3,0,1773303784,268824163,Missing,,,,,,,,,4,Missing,,,,Missing,,,,Missing,,,,Missing,,,,,364691056,Port:65535,0,1773303784,268824163,Missing,,,,,,,,,0
4,,364691059,Port:1,0,1773303784,318824163,50000000,Enabled,0.587325,0.239849,-0.72125,0.278066,-46.2038,196.847,-1789.14,0.140568,4,OK,-46.1268,196.734,-1789.08,OK,-94.8656,189.651,-1799,OK,-108.944,136.861,-1802.77,OK,-45.2706,136.933,-1790.16,,364691059,Port:2,0,1773303784,318824163,Enabled,0.91648,0.0219796,0.038338,0.397633,-107.351,261.616,-1642.27,0.146741,3,OK,-107.183,261.699,-1642.28,OK,-146.593,228.756,-1639.14,OK,-153.345,304.789,-1637.79,,364691059,Port:3,0,1773303784,318824163,Missing,,,,,,,,,4,Missing,,,,Missing,,,,Missing,,,,Missing,,,,,364691059,Port:65535,0,1773303784,318824163,Missing,,,,,,,,,0
4,,364691062,Port:1,0,1773303784,368824163,50000000,Enabled,0.58954,0.255372,-0.711543,0.284491,-50.348,195.853,-1787.98,0.146957,4,OK,-50.2565,195.749,-1787.9,OK,-98.9157,187.046,-1796.91,OK,-111.33,133.821,-1800.5,OK,-47.4523,136.023,-1789.21,,364691062,Port:2,0,1773303784,368824163,Enabled,0.916476,0.0219245,0.0387904,0.397601,-107.353,261.61,-1642.27,0.148139,3,OK,-107.183,261.693,-1642.29,OK,-146.594,228.751,-1639.09,OK,-153.342,304.788,-1637.78,,364691062,Port:3,0,1773303784,368824163,Missing,,,,,,,,,4,Missing,,,,Missing,,,,Missing,,,,Missing,,,,,364691062,Port:65535,0,1773303784,368824163,Missing,,,,,,,,,0
4,,364691065,Port:1,0,1773303784,418824163,50000001,Enabled,0.595005,0.275522,-0.69407,0.297192,-56.871,194.009,-1787.09,0.15123,4,OK,-56.7691,193.907,-1787.01,OK,-105.209,182.741,-1794.34,OK,-115.101,128.948,-1797.17,OK,-51.0461,134.397,-1788.05,,364691065,Port:2,0,1773303784,418824163,Enabled,0.916453,0.0220523,0.0387806,0.397647,-107.353,261.617,-1642.27,0.143749,3,OK,-107.192,261.701,-1642.28,OK,-146.589,228.754,-1639.09,OK,-153.342,304.786,-1637.76,,364691065,Port:3,0,1773303784,418824163,Missing,,,,,,,,,4,Missing,,,,Missing,,,,Missing,,,,Missing,,,,,364691065,Port:65535,0,1773303784,418824163,Missing,,,,,,,,,0
4,,364691068,Port:1,0,1773303784,468824164,49999999,Enabled,0.603581,0.304363,-0.664014,0.319593,-66.2312,190.98,-1786.33,0.12676,4,OK,-66.1321,190.882,-1786.36,OK,-113.826,175.847,-1790.7,OK,-119.631,121.393,-1792.26,OK,-55.7822,132,-1786.5,,364691068,Port:2,0,1773303784,468824164,Enabled,0.916479,0.0221334,0.0387014,0.397591,-107.349,261.612,-1642.27,0.144566,3,OK,-107.18,261.691,-1642.28,OK,-146.59,228.761,-1639.11,OK,-153.338,304.787,-1637.76,,364691068,Port:3,0,1773303784,468824164,Missing,,,,,,,,,4,Missing,,,,Missing,,,,Missing,,,,Missing,,,,,364691068,Port:65535,0,1773303784,468824164,Missing,,,,,,,,,0
4,,364691071,Port:1,0,1773303784,518824163,50000000,Enabled,0.615529,0.350947,-0.624235,0.329077,-76.0412,187.364,-1780.85,0.135846,4,OK,-75.9305,187.269,-1780.91,OK,-122.289,168.035,-1781.24,OK,-123.354,113.272,-1783.15,OK,-60.4153,129.589,-1782.79,,364691071,Port:2,0,1773303784,518824163,Enabled,0.91647,0.0221249,0.0385658,0.397625,-107.353,261.613,-1642.27,0.146851,3,OK,-107.183,261.692,-1642.29,OK,-146.594,228.753,-1639.12,OK,-153.348,304.788,-1637.77,,364691071,Port:3,0,1773303784,518824163,Missing,,,,,,,,,4,Missing,,,,Missing,,,,Missing,,,,Missing,,,,,364691071,Port:65535,0,1773303784,518824163,Missing,,,,,,,,,0
4,,364691074,Port:1,0,1773303784,568824163,50000000,Enabled,0.632145,0.392756,-0.584725,0.32285,-81.1573,183.67,-1771.91,0.14534,4,OK,-81.0538,183.566,-1772,OK,-125.961,161.53,-1768.1,OK,-123.922,106.817,-1771.29,OK,-62.3517,127.032,-1776.81,,364691074,Port:2,0,1773303784,568824163,Enabled,0.916477,0.0221807,0.0384311,0.397618,-107.357,261.616,-1642.28,0.148358,3,OK,-107.187,261.7,-1642.3,OK,-146.602,228.757,-1639.15,OK,-153.348,304.787,-1637.78,,364691074,Port:3,0,1773303784,568824163,Missing,,,,,,,,,4,Missing,,,,Missing,,,,Missing,,,,Missing,,,,,364691074,Port:65535,0,1773303784,568824163,Missing,,,,,,,,,0
4,,364691077,Port:1,0,1773303784,618824163,50000000,Enabled,0.646031,0.418603,-0.544507,0.333057,-86.1268,179.261,-1767.64,0.146269,4,OK,-86.0282,179.155,-1767.75,OK,-128.956,154.35,-1760.12,OK,-123.554,99.7915,-1762.73,OK,-64.003,123.893,-1773.19,,364691077,Port:2,0,1773303784,618824163,Enabled,0.916505,0.0218846,0.0380016,0.397613,-107.351,261.608,-1642.24,0.147279,3,OK,-107.18,261.689,-1642.26,OK,-146.598,228.753,-1639.14,OK,-153.348,304.783,-1637.79,,364691077,Port:3,0,1773303784,618824163,Missing,,,,,,,,,4,Missing,,,,Missing,,,,Missing,,,,Missing,,,,,364691077,Port:65535,0,1773303784,618824163,Missing,,,,,,,,,0
4,,364691080,Port:1,0,1773303784,668824163,50000001,Enabled,0.638463,0.431798,-0.538779,0.340047,-89.9495,175.313,-1765.19,0.171732,4,OK,-89.8431,175.212,-1765.33,OK,-131.91,148.904,-1757.84,OK,-124.703,94.5875,-1761.19,OK,-66.0169,120.785,-1771.41,,364691080,Port:2,0,1773303784,668824163,Enabled,0.91649,0.02197,0.0382728,0.397617,-107.349,261.613,-1642.26,0.150936,3,OK,-107.174,261.697,-1642.27,OK,-146.598,228.755,-1639.13,OK,-153.344,304.786,-1637.79,,364691080,Port:3,0,1773303784,668824163,Missing,,,,,,,,,4,Missing,,,,Missing,,,,Missing,,,,Missing,,,,,364691080,Port:65535,0,1773303784,668824163,Missing,,,,,,,,,0
4,,364691083,Port:1,0,1773303784,718824164,49999999,Enabled,0.630413,0.437319,-0.538005,0.349116,-93.1864,172.118,-1764.84,0.162457,4,OK,-93.0818,172.024,-1764.97,OK,-134.591,144.699,-1758.09,OK,-126.059,90.5772,-1761.53,OK,-67.8975,118.187,-1770.98,,364691083,Port:2,0,1773303784,718824164,Enabled,0.916494,0.0219804,0.038212,0.397612,-107.349,261.613,-1642.26,0.145976,3,OK,-107.181,261.695,-1642.27,OK,-146.593,228.756,-1639.13,OK,-153.342,304.789,-1637.79,,364691083,Port:3,0,1773303784,718824164,Missing,,,,,,,,,4,Missing,,,,Missing,,,,Missing,,,,Missing,,,,,364691083,Port:65535,0,1773303784,718824164,Missing,,,,,,,,,0
4,,364691086,Port:1,0,1773303784,768824163,50000000,Enabled,0.623034,0.446361,-0.535122,0.355295,-95.9466,169.191,-1764.47,0.172982,4,OK,-95.8361,169.1,-1764.62,OK,-136.671,140.662,-1758.11,OK,-126.765,86.8386,-1762.03,OK,-69.2861,115.974,-1771.01,,364691086,Port:2,0,1773303784,768824163,Enabled,0.916505,0.0216986,0.0383245,0.397593,-107.347,261.612,-1642.24,0.149172,3,OK,-107.176,261.695,-1642.25,OK,-146.594,228.754,-1639.1,OK,-153.341,304.794,-1637.8,,364691086,Port:3,0,1773303784,768824163,Missing,,,,,,,,,4,Missing,,,,Missing,,,,Missing,,,,Missing,,,,,364691086,Port:65535,0,1773303784,768824163,Missing,,,,,,,,,0
4,,364691089,Port:1,0,1773303784,818824163,50000000,Enabled,0.609496,0.45524,-0.542299,0.356629,-98.1428,166.344,-1763.55,0.159863,4,OK,-98.0244,166.253,-1763.68,OK,-138.563,137.089,-1758.73,OK,-127.777,83.5316,-1763.86,OK,-70.604,113.7,-1771.03,,364691089,Port:2,0,1773303784,818824163,Enabled,0.916447,0.0221319,0.0388211,0.397653,-107.354,261.62,-1642.28,0.149266,3,OK,-107.186,261.71,-1642.29,OK,-146.596,228.757,-1639.1,OK,-153.343,304.782,-1637.76,,364691089,Port:3,0,1773303784,818824163,Missing,,,,,,,,,4,Missing,,,,Missing,,,,Missing,,,,Missing,,,,,364691089,Port:65535,0,1773303784,818824163,Missing,,,,,,,,,0
4,,364691092,Port:1,0,1773303784,868824163,50000000,Enabled,0.607283,0.457416,-0.537988,0.364071,-99.9241,164.335,-1764.04,0.159606,4,OK,-99.8082,164.243,-1764.17,OK,-139.851,134.426,-1759.13,OK,-128.164,81.0309,-1763.89,OK,-71.467,112.122,-1771.12,,364691092,Port:2,0,1773303784,868824163,Enabled,0.916506,0.0215567,0.0381832,0.397609,-107.349,261.612,-1642.23,0.144304,3,OK,-107.182,261.689,-1642.24,OK,-146.591,228.757,-1639.1,OK,-153.347,304.792,-1637.81,,364691092,Port:3,0,1773303784,868824163,Missing,,,,,,,,,4,Missing,,,,Missing,,,,Missing,,,,Missing,,,,,364691092,Port:65535,0,1773303784,868824163,Missing,,,,,,,,,0
4,,364691095,Port:1,0,1773303784,918824163,50000001,Enabled,0.586644,0.469048,-0.541684,0.377387,-103.21,158.624,-1764.15,0.186048,4,OK,-103.088,158.544,-1764.32,OK,-141.994,127.037,-1761.05,OK,-128.036,74.2692,-1766.63,OK,-72.4741,107.765,-1771.39,,364691095,Port:2,0,1773303784,918824163,Enabled,0.916504,0.022156,0.0383062,0.397571,-107.353,261.606,-1642.25,0.149916,3,OK,-107.18,261.689,-1642.27,OK,-146.602,228.748,-1639.13,OK,-153.342,304.786,-1637.76,,364691095,Port:3,0,1773303784,918824163,Missing,,,,,,,,,4,Missing,,,,Missing,,,,Missing,,,,Missing,,,,,364691095,Port:65535,0,1773303784,918824163,Missing,,,,,,,,,0
4,,364691098,Port:1,0,1773303784,968824164,49999999,Enabled,0.568431,0.494441,-0.524636,0.396448,-108.456,149.317,-1763.89,0.207265,4,OK,-108.317,149.25,-1764.08,OK,-144.615,114.693,-1761.15,OK,-126.493,63.3131,-1767.49,OK,-73.7891,101.163,-1771.83,,364691098,Port:2,0,1773303784,968824164,Enabled,0.916468,0.0220244,0.0388683,0.397607,-107.356,261.614,-1642.29,0.145013,3,OK,-107.188,261.692,-1642.31,OK,-146.594,228.757,-1639.11,OK,-153.348,304.791,-1637.78,,364691098,Port:3,0,1773303784,968824164,Missing,,,,,,,,,4,Missing,,,,Missing,,,,Missing,,,,Missing,,,,,364691098,Port:65535,0,1773303784,968824164,Missing,,,,,,,,,0
4,,364691101,Port:1,0,1773303785,18824163,50000000,Enabled,0.559552,0.51952,-0.501925,0.40629,-113.254,141.174,-1760.34,0.245659,4,OK,-113.118,141.083,-1760.58,OK,-146.947,104.207,-1756.93,OK,-125.583,54.1865,-1764.35,OK,-75.6617,95.525,-1769.63,,364691101,Port:2,0,1773303785,18824163,Enabled,0.916493,0.022147,0.0381502,0.397611,-107.353,261.613,-1642.26,0.143271,3,OK,-107.188,261.693,-1642.27,OK,-146.596,228.759,-1639.15,OK,-153.345,304.785,-1637.77,,364691101,Port:3,0,1773303785,18824163,Missing,,,,,,,,,4,Missing,,,,Missing,,,,Missing,,,,Missing,,,,,364691101,Port:65535,0,1773303785,18824163,Missing,,,,,,,,,0
4,,364691104,Port:1,0,1773303785,68824163,50000000,Enabled,0.554757,0.543887,-0.497162,0.386343,-114.48,137.424,-1752.43,0.289695,4,OK,-114.324,137.337,-1752.73,OK,-147.647,99.9203,-1749.41,OK,-126.101,50.5866,-1760.2,OK,-76.8618,92.754,-1765.42,,364691104,Port:2,0,1773303785,68824163,Enabled,0.916496,0.0220672,0.038326,0.397591,-107.356,261.613,-1642.27,0.143064,3,OK,-107.191,261.694,-1642.29,OK,-146.598,228.761,-1639.14,OK,-153.345,304.787,-1637.79,,364691104,Port:3,0,1773303785,68824163,Missing,,,,,,,,,4,Missing,,,,Missing,,,,Missing,,,,Missing,,,,,364691104,Port:65535,0,1773303785,68824163,Missing,,,,,,,,,0
4,,364691107,Port:1,0,1773303785,118824163,50000000,Enabled,0.555934,0.548206,-0.49662,0.379179,-115.257,136.032,-1748.74,0.25731,4,OK,-115.111,135.94,-1749,OK,-148.536,98.6494,-1745.71,OK,-127.32,49.3149,-1757.21,OK,-77.9853,91.3499,-1762.7,,364691107,Port:2,0,1773303785,118824163,Enabled,0.916516,0.0217848,0.0381657,0.397576,-107.351,261.617,-1642.26,0.146107,3,OK,-107.179,261.693,-1642.27,OK,-146.597,228.766,-1639.14,OK,-153.347,304.8,-1637.81,,364691107,Port:3,0,1773303785,118824163,Missing,,,,,,,,,4,Missing,,,,Missing,,,,Missing,,,,Missing,,,,,364691107,Port:65535,0,1773303785,118824163,Missing,,,,,,,,,0
4,,364691110,Port:1,0,1773303785,168824163,50000001,Enabled,0.556593,0.545363,-0.494568,0.384949,-116.692,135.356,-1748.66,0.240732,4,OK,-116.548,135.264,-1748.9,OK,-149.794,97.8366,-1745.41,OK,-128.241,48.4859,-1756.21,OK,-79.1024,90.7136,-1761.93,,364691110,Port:2,0,1773303785,168824163,Enabled,0.91649,0.0219343,0.0385926,0.397587,-107.354,261.618,-1642.25,0.148439,3,OK,-107.182,261.699,-1642.26,OK,-146.598,228.761,-1639.09,OK,-153.346,304.798,-1637.77,,364691110,Port:3,0,1773303785,168824163,Missing,,,,,,,,,4,Missing,,,,Missing,,,,Missing,,,,Missing,,,,,364691110,Port:65535,0,1773303785,168824163,Missing,,,,,,,,,0
4,,364691113,Port:1,0,1773303785,218824164,50000000,Enabled,0.558216,0.544024,-0.490846,0.389234,-118.356,135.698,-1748.28,0.23597,4,OK,-118.205,135.602,-1748.51,OK,-151.201,97.9988,-1744.66,OK,-129.369,48.6847,-1754.91,OK,-80.5088,91.1687,-1761.08,,364691113,Port:2,0,1773303785,218824164,Enabled,0.916464,0.0219809,0.0390325,0.397601,-107.359,261.619,-1642.29,0.150005,3,OK,-107.185,261.702,-1642.31,OK,-146.6,228.76,-1639.09,OK,-153.348,304.795,-1637.78,,364691113,Port:3,0,1773303785,218824164,Missing,,,,,,,,,4,Missing,,,,Missing,,,,Missing,,,,Missing,,,,,364691113,Port:65535,0,1773303785,218824164,Missing,,,,,,,,,0
4,,364691116,Port:1,0,1773303785,268824164,50000000,Enabled,0.559978,0.544532,-0.483352,0.395324,-121.48,137.275,-1748.73,0.251527,4,OK,-121.33,137.182,-1748.98,OK,-153.792,99.1655,-1744.45,OK,-131.294,50.0373,-1754.19,OK,-83.0363,93.1157,-1761.09,,364691116,Port:2,0,1773303785,268824164,Enabled,0.916482,0.0220103,0.0383957,0.397621,-107.359,261.624,-1642.23,0.144077,3,OK,-107.194,261.707,-1642.25,OK,-146.599,228.767,-1639.1,OK,-153.35,304.796,-1637.75,,364691116,Port:3,0,1773303785,268824164,Missing,,,,,,,,,4,Missing,,,,Missing,,,,Missing,,,,Missing,,,,,364691116,Port:65535,0,1773303785,268824164,Missing,,,,,,,,,0
4,,364691119,Port:1,0,1773303785,318824164,50000000,Enabled,0.57087,0.531106,-0.4692,0.414589,-126.225,141.622,-1753.1,0.225433,4,OK,-126.085,141.528,-1753.32,OK,-157.964,103.324,-1746.86,OK,-134.67,54.0711,-1753.64,OK,-87.0484,97.4197,-1762.77,,364691119,Port:2,0,1773303785,318824164,Enabled,0.916521,0.0216377,0.0380496,0.397585,-107.354,261.619,-1642.21,0.14704,3,OK,-107.186,261.702,-1642.23,OK,-146.602,228.762,-1639.1,OK,-153.346,304.801,-1637.79,,364691119,Port:3,0,1773303785,318824164,Missing,,,,,,,,,4,Missing,,,,Missing,,,,Missing,,,,Missing,,,,,364691119,Port:65535,0,1773303785,318824164,Missing,,,,,,,,,0
4,,364691122,Port:1,0,1773303785,368824164,50000000,Enabled,0.569213,0.523176,-0.463861,0.432569,-131.483,144.976,-1758.16,0.228031,4,OK,-131.352,144.886,-1758.38,OK,-162.576,106.222,-1751.46,OK,-138.187,57.3003,-1756.35,OK,-91.2227,101.318,-1765.72,,364691122,Port:2,0,1773303785,368824164,Enabled,0.916467,0.0220691,0.0388423,0.397609,-107.36,261.626,-1642.3,0.148092,3,OK,-107.189,261.708,-1642.32,OK,-146.601,228.767,-1639.12,OK,-153.35,304.801,-1637.79,,364691122,Port:3,0,1773303785,368824164,Missing,,,,,,,,,4,Missing,,,,Missing,,,,Missing,,,,Missing,,,,,364691122,Port:65535,0,1773303785,368824164,Missing,,,,,,,,,0
4,,364691125,Port:1,0,1773303785,418824164,50000000,Enabled,0.573452,0.526284,-0.429001,0.458406,-135.505,144.162,-1761.87,0.239826,4,OK,-135.378,144.066,-1762.1,OK,-163.875,103.919,-1752.4,OK,-136.422,56.466,-1755.17,OK,-92.5856,102.845,-1767.89,,364691125,Port:2,0,1773303785,418824164,Enabled,0.916452,0.0221415,0.0389384,0.397629,-107.357,261.628,-1642.28,0.145717,3,OK,-107.189,261.71,-1642.3,OK,-146.595,228.772,-1639.09,OK,-153.347,304.796,-1637.76,,364691125,Port:3,0,1773303785,418824164,Missing,,,,,,,,,4,Missing,,,,Missing,,,,Missing,,,,Missing,,,,,364691125,Port:65535,0,1773303785,418824164,Missing,,,,,,,,,0
4,,364691128,Port:1,0,1773303785,468824164,50000000,Enabled,0.576179,0.534262,-0.390554,0.479635,-136.088,140.785,-1762.89,0.235911,4,OK,-135.951,140.699,-1763.12,OK,-161.289,99.2037,-1750.67,OK,-130.676,53.6322,-1752.13,OK,-90.5968,102.266,-1768.43,,364691128,Port:2,0,1773303785,468824164,Enabled,0.916508,0.0219454,0.0381962,0.397583,-107.355,261.616,-1642.22,0.148102,3,OK,-107.183,261.698,-1642.24,OK,-146.604,228.764,-1639.1,OK,-153.347,304.791,-1637.76,,364691128,Port:3,0,1773303785,468824164,Missing,,,,,,,,,4,Missing,,,,Missing,,,,Missing,,,,Missing,,,,,364691128,Port:65535,0,1773303785,468824164,Missing,,,,,,,,,0
4,,364691131,Port:1,0,1773303785,518824164,50000000,Enabled,0.572327,0.539581,-0.367902,0.495925,-134.749,137.058,-1763.46,0.208815,4,OK,-134.596,136.952,-1763.65,OK,-157.692,94.5619,-1750,OK,-124.779,50.6168,-1750.66,OK,-87.4235,100.757,-1768.62,,364691131,Port:2,0,1773303785,518824164,Enabled,0.916497,0.0219225,0.0385366,0.397578,-107.352,261.614,-1642.25,0.146805,3,OK,-107.184,261.696,-1642.26,OK,-146.597,228.759,-1639.1,OK,-153.341,304.792,-1637.77,,364691131,Port:3,0,1773303785,518824164,Missing,,,,,,,,,4,Missing,,,,Missing,,,,Missing,,,,Missing,,,,,364691131,Port:65535,0,1773303785,518824164,Missing,,,,,,,,,0
4,,364691134,Port:1,0,1773303785,568824164,50000000,Enabled,0.559343,0.547612,-0.356454,0.510095,-132.293,132.086,-1764.18,0.22904,4,OK,-132.149,131.983,-1764.39,OK,-153.241,88.5404,-1750.83,OK,-118.302,46.1802,-1751.48,OK,-83.2633,98.085,-1769.19,,364691134,Port:2,0,1773303785,568824164,Enabled,0.916484,0.021743,0.0387337,0.397598,-107.351,261.615,-1642.26,0.14941,3,OK,-107.179,261.697,-1642.28,OK,-146.595,228.757,-1639.08,OK,-153.344,304.795,-1637.79,,364691134,Port:3,0,1773303785,568824164,Missing,,,,,,,,,4,Missing,,,,Missing,,,,Missing,,,,Missing,,,,,364691134,Port:65535,0,1773303785,568824164,Missing,,,,,,,,,0
4,,364691137,Port:1,0,1773303785,618824164,50000000,Enabled,0.545705,0.551675,-0.360583,0.517533,-128.497,127.612,-1764.66,0.248824,4,OK,-128.358,127.522,-1764.9,OK,-148.759,83.4109,-1752.46,OK,-112.957,41.7876,-1753.29,OK,-78.6936,94.7092,-1769.35,,364691137,Port:2,0,1773303785,618824164,Enabled,0.916468,0.0218696,0.0384817,0.397652,-107.348,261.615,-1642.27,0.146685,3,OK,-107.178,261.695,-1642.28,OK,-146.588,228.755,-1639.12,OK,-153.346,304.788,-1637.8,,364691137,Port:3,0,1773303785,618824164,Missing,,,,,,,,,4,Missing,,,,Missing,,,,Missing,,,,Missing,,,,,364691137,Port:65535,0,1773303785,618824164,Missing,,,,,,,,,0
4,,364691140,Port:1,0,1773303785,668824164,50000000,Enabled,0.531802,0.559929,-0.369933,0.516542,-124.153,121.788,-1762.62,0.228207,4,OK,-123.997,121.697,-1762.82,OK,-144.15,77.0125,-1752.21,OK,-107.948,35.764,-1754.03,OK,-74.0092,89.5131,-1767.93,,364691140,Port:2,0,1773303785,668824164,Enabled,0.916512,0.0217674,0.0380219,0.397601,-107.343,261.603,-1642.23,0.147814,3,OK,-107.169,261.68,-1642.25,OK,-146.591,228.749,-1639.12,OK,-153.342,304.782,-1637.8,,364691140,Port:3,0,1773303785,668824164,Missing,,,,,,,,,4,Missing,,,,Missing,,,,Missing,,,,Missing,,,,,364691140,Port:65535,0,1773303785,668824164,Missing,,,,,,,,,0
4,,364691143,Port:1,0,1773303785,718824164,50000000,Enabled,0.516358,0.58364,-0.364409,0.509848,-121.594,112.139,-1755.47,0.285743,4,OK,-121.44,112.072,-1755.76,OK,-139.853,66.3309,-1746.37,OK,-102.417,26.4095,-1751.01,OK,-70.6114,81.7883,-1763.38,,364691143,Port:2,0,1773303785,718824164,Enabled,0.916484,0.0214524,0.0386493,0.397623,-107.346,261.609,-1642.26,0.145719,3,OK,-107.18,261.689,-1642.27,OK,-146.584,228.747,-1639.08,OK,-153.342,304.792,-1637.83,,364691143,Port:3,0,1773303785,718824164,Missing,,,,,,,,,4,Missing,,,,Missing,,,,Missing,,,,Missing,,,,,364691143,Port:65535,0,1773303785,718824164,Missing,,,,,,,,,0
4,,364691146,Port:1,0,1773303785,768824164,50000000,Enabled,0.498159,0.617651,-0.341701,0.503573,-119.964,99.8921,-1746.42,0.275282,4,OK,-119.808,99.8425,-1746.71,OK,-134.844,52.713,-1738.23,OK,-95.2493,15.4735,-1746.31,OK,-67.6956,73.1793,-1758.11,,364691146,Port:2,0,1773303785,768824164,Enabled,0.916448,0.0218558,0.0387247,0.397675,-107.349,261.609,-1642.28,0.145403,3,OK,-107.18,261.689,-1642.29,OK,-146.584,228.748,-1639.1,OK,-153.347,304.777,-1637.79,,364691146,Port:3,0,1773303785,768824164,Missing,,,,,,,,,4,Missing,,,,Missing,,,,Missing,,,,Missing,,,,,364691146,Port:65535,0,1773303785,768824164,Missing,,,,,,,,,0
4,,364691149,Port:1,0,1773303785,818824164,50000000,Enabled,0.479105,0.647376,-0.325345,0.495492,-116.907,89.8699,-1739.04,0.299138,4,OK,-116.73,89.8358,-1739.35,OK,-128.984,41.68,-1732.27,OK,-87.9566,6.93662,-1743.63,OK,-63.9724,66.4405,-1754.03,,364691149,Port:2,0,1773303785,818824164,Enabled,0.916525,0.0217867,0.0378834,0.397584,-107.345,261.602,-1642.23,0.141165,3,OK,-107.181,261.678,-1642.24,OK,-146.589,228.751,-1639.13,OK,-153.34,304.783,-1637.8,,364691149,Port:3,0,1773303785,818824164,Missing,,,,,,,,,4,Missing,,,,Missing,,,,Missing,,,,Missing,,,,,364691149,Port:65535,0,1773303785,818824164,Missing,,,,,,,,,0
4,,364691152,Port:1,0,1773303785,868824164,50000000,Enabled,0.469989,0.663252,-0.307688,0.494506,-114,83.6352,-1734.97,0.2891,4,OK,-113.83,83.6056,-1735.28,OK,-123.931,34.9248,-1728.38,OK,-81.7905,2.01868,-1741.25,OK,-60.5672,62.5687,-1751.7,,364691152,Port:2,0,1773303785,868824164,Enabled,0.916495,0.0215221,0.0382208,0.397633,-107.345,261.605,-1642.23,0.146598,3,OK,-107.177,261.686,-1642.24,OK,-146.587,228.744,-1639.1,OK,-153.343,304.784,-1637.81,,364691152,Port:3,0,1773303785,868824164,Missing,,,,,,,,,4,Missing,,,,Missing,,,,Missing,,,,Missing,,,,,364691152,Port:65535,0,1773303785,868824164,Missing,,,,,,,,,0
4,,364691155,Port:1,0,1773303785,918824164,50000000,Enabled,0.468153,0.671404,-0.290673,0.495539,-112.279,80.1127,-1732.3,0.310878,4,OK,-112.112,80.0993,-1732.63,OK,-120.58,31.1609,-1725.13,OK,-77.7456,-0.542443,-1738.72,OK,-58.5974,60.5536,-1750.02,,364691155,Port:2,0,1773303785,918824164,Enabled,0.916457,0.0218629,0.0390179,0.397625,-107.346,261.6,-1642.28,0.148542,3,OK,-107.175,261.682,-1642.29,OK,-146.584,228.738,-1639.07,OK,-153.338,304.777,-1637.78,,364691155,Port:3,0,1773303785,918824164,Missing,,,,,,,,,4,Missing,,,,Missing,,,,Missing,,,,Missing,,,,,364691155,Port:65535,0,1773303785,918824164,Missing,,,,,,,,,0
4,,364691158,Port:1,0,1773303785,968824164,50000000,Enabled,0.463683,0.672813,-0.281823,0.502888,-112.383,77.7301,-1731.91,0.294576,4,OK,-112.211,77.7159,-1732.22,OK,-119.526,28.6362,-1724.5,OK,-75.9089,-2.12262,-1737.75,OK,-58.1952,59.382,-1749.39,,364691158,Port:2,0,1773303785,968824164,Enabled,0.916491,0.0216664,0.0383156,0.397626,-107.343,261.605,-1642.24,0.145539,3,OK,-107.174,261.686,-1642.26,OK,-146.585,228.751,-1639.1,OK,-153.339,304.778,-1637.8,,364691158,Port:3,0,1773303785,968824164,Missing,,,,,,,,,4,Missing,,,,Missing,,,,Missing,,,,Missing,,,,,364691158,Port:65535,0,1773303785,968824164,Missing,,,,,,,,,0
4,,364691161,Port:1,0,1773303786,18824164,50000000,Enabled,0.460825,0.677882,-0.267966,0.506272,-111.789,75.5083,-1730.74,0.300371,4,OK,-111.621,75.4973,-1731.06,OK,-117.493,26.285,-1722.89,OK,-73.2054,-3.35467,-1736.44,OK,-57.3138,58.5345,-1748.73,,364691161,Port:2,0,1773303786,18824164,Enabled,0.916479,0.0220351,0.0384551,0.39762,-107.347,261.608,-1642.29,0.147405,3,OK,-107.176,261.69,-1642.3,OK,-146.591,228.752,-1639.14,OK,-153.341,304.78,-1637.8,,364691161,Port:3,0,1773303786,18824164,Missing,,,,,,,,,4,Missing,,,,Missing,,,,Missing,,,,Missing,,,,,364691161,Port:65535,0,1773303786,18824164,Missing,,,,,,,,,0
4,,364691164,Port:1,0,1773303786,68824164,50000000,Enabled,0.458078,0.682098,-0.252826,0.510867,-110.201,72.836,-1729.4,0.306282,4,OK,-110.033,72.8355,-1729.73,OK,-114.364,23.5432,-1720.99,OK,-69.3313,-4.89866,-1734.74,OK,-55.4336,57.3008,-1747.8,,364691164,Port:2,0,1773303786,68824164,Enabled,0.916466,0.0220332,0.0387332,0.397623,-107.349,261.605,-1642.29,0.147776,3,OK,-107.18,261.689,-1642.31,OK,-146.591,228.747,-1639.12,OK,-153.34,304.777,-1637.79,,364691164,Port:3,0,1773303786,68824164,Missing,,,,,,,,,4,Missing,,,,Missing,,,,Missing,,,,Missing,,,,,364691164,Port:65535,0,1773303786,68824164,Missing,,,,,,,,,0
4,,364691167,Port:1,0,1773303786,118824164,50000000,Enabled,0.456437,0.688477,-0.237246,0.511253,-107.259,69.5124,-1726.83,0.301278,4,OK,-107.079,69.5172,-1727.16,OK,-109.955,20.1976,-1717.98,OK,-64.4366,-7.15688,-1732.35,OK,-52.4869,55.2751,-1746.18,,364691167,Port:2,0,1773303786,118824164,Enabled,0.91649,0.0216054,0.0386134,0.397603,-107.344,261.601,-1642.27,0.147031,3,OK,-107.173,261.68,-1642.28,OK,-146.586,228.745,-1639.09,OK,-153.339,304.782,-1637.82,,364691167,Port:3,0,1773303786,118824164,Missing,,,,,,,,,4,Missing,,,,Missing,,,,Missing,,,,Missing,,,,,364691167,Port:65535,0,1773303786,118824164,Missing,,,,,,,,,0
4,,364691170,Port:1,0,1773303786,168824164,50000000,Enabled,0.44974,0.697776,-0.215337,0.514269,-103.943,63.777,-1723.45,0.301305,4,OK,-103.763,63.7846,-1723.77,OK,-104.263,14.4433,-1714.25,OK,-57.9073,-10.9574,-1729.48,OK,-49.0318,51.8453,-1743.93,,364691170,Port:2,0,1773303786,168824164,Enabled,0.916472,0.0222068,0.0383366,0.397637,-107.342,261.603,-1642.27,0.146793,3,OK,-107.174,261.686,-1642.28,OK,-146.584,228.742,-1639.14,OK,-153.334,304.772,-1637.76,,364691170,Port:3,0,1773303786,168824164,Missing,,,,,,,,,4,Missing,,,,Missing,,,,Missing,,,,Missing,,,,,364691170,Port:65535,0,1773303786,168824164,Missing,,,,,,,,,0
4,,364691173,Port:1,0,1773303786,218824164,50000003,Enabled,0.441317,0.709351,-0.199506,0.512111,-100.532,57.6497,-1719.67,0.256567,4,OK,-100.365,57.6636,-1719.95,OK,-98.9682,8.29045,-1710.89,OK,-52.1525,-15.428,-1727.39,OK,-45.7953,47.6897,-1741.67,,364691173,Port:2,0,1773303786,218824164,Enabled,0.916467,0.021692,0.0389239,0.39762,-107.346,261.595,-1642.28,0.148244,3,OK,-107.177,261.679,-1642.29,OK,-146.586,228.735,-1639.08,OK,-153.338,304.772,-1637.81,,364691173,Port:3,0,1773303786,218824164,Missing,,,,,,,,,4,Missing,,,,Missing,,,,Missing,,,,Missing,,,,,364691173,Port:65535,0,1773303786,218824164,Missing,,,,,,,,,0
4,,364691176,Port:1,0,1773303786,268824167,50000000,Enabled,0.434609,0.718881,-0.187406,0.50912,-97.8123,52.246,-1716.19,0.25013,4,OK,-97.6534,52.2803,-1716.46,OK,-94.8173,2.88049,-1707.8,OK,-47.7872,-19.5458,-1725.47,OK,-43.3471,43.8168,-1739.45,,364691176,Port:2,0,1773303786,268824167,Enabled,0.916494,0.0218513,0.0382451,0.397616,-107.342,261.595,-1642.26,0.14942,3,OK,-107.167,261.674,-1642.28,OK,-146.589,228.739,-1639.13,OK,-153.341,304.771,-1637.8,,364691176,Port:3,0,1773303786,268824167,Missing,,,,,,,,,4,Missing,,,,Missing,,,,Missing,,,,Missing,,,,,364691176,Port:65535,0,1773303786,268824167,Missing,,,,,,,,,0
4,,364691179,Port:1,0,1773303786,318824167,50000000,Enabled,0.42815,0.725675,-0.180961,0.507282,-95.9346,48.0474,-1713.57,0.27215,4,OK,-95.7757,48.082,-1713.88,OK,-91.9999,-1.33338,-1705.66,OK,-44.8448,-22.8085,-1724.18,OK,-41.6428,40.7601,-1737.58,,364691179,Port:2,0,1773303786,318824167,Enabled,0.916463,0.0219535,0.0387084,0.397637,-107.347,261.605,-1642.29,0.149224,3,OK,-107.177,261.691,-1642.31,OK,-146.589,228.743,-1639.12,OK,-153.339,304.777,-1637.8,,364691179,Port:3,0,1773303786,318824167,Missing,,,,,,,,,4,Missing,,,,Missing,,,,Missing,,,,Missing,,,,,364691179,Port:65535,0,1773303786,318824167,Missing,,,,,,,,,0
4,,364691182,Port:1,0,1773303786,368824167,50000000,Enabled,0.425029,0.731382,-0.174742,0.50388,-94.2143,45.3932,-1711.42,0.27154,4,OK,-94.048,45.4301,-1711.72,OK,-89.6351,-3.99349,-1703.78,OK,-42.4845,-24.8238,-1723.09,OK,-40.1954,38.8401,-1736.28,,364691182,Port:2,0,1773303786,368824167,Enabled,0.916478,0.0217316,0.0386783,0.397618,-107.344,261.596,-1642.25,0.148118,3,OK,-107.173,261.678,-1642.27,OK,-146.586,228.738,-1639.08,OK,-153.338,304.771,-1637.79,,364691182,Port:3,0,1773303786,368824167,Missing,,,,,,,,,4,Missing,,,,Missing,,,,Missing,,,,Missing,,,,,364691182,Port:65535,0,1773303786,368824167,Missing,,,,,,,,,0
4,,364691185,Port:1,0,1773303786,418824167,50000000,Enabled,0.426132,0.732683,-0.173698,0.501413,-93.1996,45.2702,-1710.48,0.261608,4,OK,-93.0369,45.3162,-1710.77,OK,-88.6052,-4.11484,-1702.86,OK,-41.6388,-25.0229,-1722.41,OK,-39.3604,38.6268,-1735.68,,364691185,Port:2,0,1773303786,418824167,Enabled,0.91644,0.0217736,0.038787,0.397693,-107.349,261.606,-1642.29,0.145894,3,OK,-107.183,261.689,-1642.3,OK,-146.582,228.74,-1639.11,OK,-153.347,304.775,-1637.81,,364691185,Port:3,0,1773303786,418824167,Missing,,,,,,,,,4,Missing,,,,Missing,,,,Missing,,,,Missing,,,,,364691185,Port:65535,0,1773303786,418824167,Missing,,,,,,,,,0
4,,364691188,Port:1,0,1773303786,468824167,50000000,Enabled,0.428126,0.731539,-0.176566,0.500383,-93.4463,46.4829,-1710.49,0.287559,4,OK,-93.2757,46.5309,-1710.81,OK,-89.2451,-2.92158,-1702.79,OK,-42.377,-24.199,-1722.33,OK,-39.6367,39.4055,-1735.57,,364691188,Port:2,0,1773303786,468824167,Enabled,0.916507,0.022067,0.0380719,0.39759,-107.347,261.603,-1642.26,0.146736,3,OK,-107.176,261.684,-1642.28,OK,-146.595,228.75,-1639.16,OK,-153.339,304.779,-1637.79,,364691188,Port:3,0,1773303786,468824167,Missing,,,,,,,,,4,Missing,,,,Missing,,,,Missing,,,,Missing,,,,,364691188,Port:65535,0,1773303786,468824167,Missing,,,,,,,,,0
4,,364691191,Port:1,0,1773303786,518824167,50000000,Enabled,0.43217,0.726389,-0.184913,0.501393,-94.9783,49.0105,-1711.43,0.292822,4,OK,-94.8099,49.0461,-1711.76,OK,-91.7008,-0.416684,-1703.58,OK,-44.9971,-22.5721,-1722.49,OK,-41.0046,40.9375,-1735.82,,364691191,Port:2,0,1773303786,518824167,Enabled,0.916453,0.0220338,0.0390276,0.397624,-107.35,261.604,-1642.3,0.149789,3,OK,-107.179,261.69,-1642.32,OK,-146.589,228.741,-1639.1,OK,-153.339,304.779,-1637.78,,364691191,Port:3,0,1773303786,518824167,Missing,,,,,,,,,4,Missing,,,,Missing,,,,Missing,,,,Missing,,,,,364691191,Port:65535,0,1773303786,518824167,Missing,,,,,,,,,0
4,,364691194,Port:1,0,1773303786,568824167,50000000,Enabled,0.440221,0.716766,-0.195993,0.504022,-97.2673,53.0019,-1713.2,0.249171,4,OK,-97.0955,53.0279,-1713.47,OK,-95.4157,3.58824,-1704.86,OK,-48.9211,-19.9316,-1722.52,OK,-43.033,43.3182,-1736.45,,364691194,Port:2,0,1773303786,568824167,Enabled,0.916442,0.0220043,0.0387008,0.397684,-107.345,261.607,-1642.28,0.146965,3,OK,-107.177,261.69,-1642.3,OK,-146.581,228.743,-1639.11,OK,-153.343,304.775,-1637.78,,364691194,Port:3,0,1773303786,568824167,Missing,,,,,,,,,4,Missing,,,,Missing,,,,Missing,,,,Missing,,,,,364691194,Port:65535,0,1773303786,568824167,Missing,,,,,,,,,0
4,,364691197,Port:1,0,1773303786,618824167,50000000,Enabled,0.449712,0.704717,-0.212732,0.505845,-100.287,57.5036,-1715.32,0.298477,4,OK,-100.119,57.5168,-1715.65,OK,-100.455,8.12883,-1706.48,OK,-54.4444,-17.2184,-1722.88,OK,-45.8566,45.6413,-1737.03,,364691197,Port:2,0,1773303786,618824167,Enabled,0.916516,0.0218389,0.0380542,0.397584,-107.35,261.611,-1642.27,0.144619,3,OK,-107.184,261.69,-1642.29,OK,-146.595,228.754,-1639.16,OK,-153.343,304.793,-1637.83,,364691197,Port:3,0,1773303786,618824167,Missing,,,,,,,,,4,Missing,,,,Missing,,,,Missing,,,,Missing,,,,,364691197,Port:65535,0,1773303786,618824167,Missing,,,,,,,,,0
4,,364691200,Port:1,0,1773303786,668824167,50000000,Enabled,0.457871,0.69376,-0.2301,0.506068,-103.699,62.1277,-1718,0.301978,4,OK,-103.517,62.1259,-1718.33,OK,-105.91,12.8264,-1709,OK,-60.5179,-14.2803,-1724.22,OK,-49.2505,48.174,-1738.39,,364691200,Port:2,0,1773303786,668824167,Enabled,0.916467,0.0220076,0.0387208,0.397624,-107.349,261.604,-1642.28,0.142434,3,OK,-107.187,261.684,-1642.3,OK,-146.584,228.744,-1639.11,OK,-153.339,304.779,-1637.78,,364691200,Port:3,0,1773303786,668824167,Missing,,,,,,,,,4,Missing,,,,Missing,,,,Missing,,,,Missing,,,,,364691200,Port:65535,0,1773303786,668824167,Missing,,,,,,,,,0
4,,364691203,Port:1,0,1773303786,718824167,50000000,Enabled,0.471804,0.675844,-0.244324,0.510824,-107.077,68.5631,-1721.87,0.281328,4,OK,-106.921,68.5473,-1722.17,OK,-111.437,19.6129,-1711.82,OK,-66.6749,-9.53436,-1724.95,OK,-52.5556,52.0976,-1740.21,,364691203,Port:2,0,1773303786,718824167,Enabled,0.916505,0.0217877,0.038177,0.397601,-107.347,261.598,-1642.24,0.145971,3,OK,-107.177,261.676,-1642.26,OK,-146.591,228.743,-1639.12,OK,-153.343,304.777,-1637.8,,364691203,Port:3,0,1773303786,718824167,Missing,,,,,,,,,4,Missing,,,,Missing,,,,Missing,,,,Missing,,,,,364691203,Port:65535,0,1773303786,718824167,Missing,,,,,,,,,0
4,,364691206,Port:1,0,1773303786,768824167,50000000,Enabled,0.48687,0.656595,-0.257248,0.515427,-110.268,74.2567,-1725.53,0.276301,4,OK,-110.095,74.2285,-1725.83,OK,-116.792,25.7982,-1714.33,OK,-72.8216,-5.35129,-1725.23,OK,-55.9003,55.2499,-1741.72,,364691206,Port:2,0,1773303786,768824167,Enabled,0.91652,0.0217976,0.0379416,0.397588,-107.342,261.602,-1642.24,0.147475,3,OK,-107.168,261.677,-1642.25,OK,-146.59,228.749,-1639.14,OK,-153.342,304.786,-1637.8,,364691206,Port:3,0,1773303786,768824167,Missing,,,,,,,,,4,Missing,,,,Missing,,,,Missing,,,,Missing,,,,,364691206,Port:65535,0,1773303786,768824167,Missing,,,,,,,,,0
4,,364691209,Port:1,0,1773303786,818824167,50000000,Enabled,0.493097,0.649002,-0.272178,0.511439,-112.414,77.3208,-1727.03,0.258808,4,OK,-112.246,77.2795,-1727.3,OK,-120.738,29.096,-1716.04,OK,-77.689,-3.50885,-1726.36,OK,-58.4798,56.5172,-1742.52,,364691209,Port:2,0,1773303786,818824167,Enabled,0.916498,0.0218639,0.0380905,0.39762,-107.346,261.607,-1642.25,0.145641,3,OK,-107.177,261.686,-1642.27,OK,-146.589,228.75,-1639.14,OK,-153.343,304.784,-1637.8,,364691209,Port:3,0,1773303786,818824167,Missing,,,,,,,,,4,Missing,,,,Missing,,,,Missing,,,,Missing,,,,,364691209,Port:65535,0,1773303786,818824167,Missing,,,,,,,,,0
4,,364691212,Port:1,0,1773303786,868824167,50000000,Enabled,0.499975,0.63939,-0.285899,0.50938,-114.058,79.9305,-1728.25,0.285413,4,OK,-113.878,79.8842,-1728.55,OK,-124.105,32.0388,-1717.23,OK,-81.9603,-1.96846,-1726.78,OK,-60.5846,57.3497,-1742.73,,364691212,Port:2,0,1773303786,868824167,Enabled,0.916477,0.0219868,0.0383553,0.397637,-107.347,261.606,-1642.26,0.143802,3,OK,-107.182,261.687,-1642.27,OK,-146.586,228.747,-1639.12,OK,-153.341,304.78,-1637.78,,364691212,Port:3,0,1773303786,868824167,Missing,,,,,,,,,4,Missing,,,,Missing,,,,Missing,,,,Missing,,,,,364691212,Port:65535,0,1773303786,868824167,Missing,,,,,,,,,0
4,,364691215,Port:1,0,1773303786,918824167,50000000,Enabled,0.509783,0.627774,-0.301939,0.504831,-114.46,82.8784,-1729.6,0.240209,4,OK,-114.291,82.8215,-1729.84,OK,-126.669,35.4991,-1718.57,OK,-85.8519,-0.267105,-1727.15,OK,-61.7215,58.0118,-1743.13,,364691215,Port:2,0,1773303786,918824167,Enabled,0.916487,0.0216199,0.0384799,0.397622,-107.347,261.599,-1642.26,0.144679,3,OK,-107.177,261.675,-1642.27,OK,-146.586,228.745,-1639.1,OK,-153.346,304.778,-1637.82,,364691215,Port:3,0,1773303786,918824167,Missing,,,,,,,,,4,Missing,,,,Missing,,,,Missing,,,,Missing,,,,,364691215,Port:65535,0,1773303786,918824167,Missing,,,,,,,,,0
4,,364691218,Port:1,0,1773303786,968824167,50000000,Enabled,0.519621,0.613885,-0.320799,0.500226,-114.471,85.8204,-1731.3,0.2554,4,OK,-114.301,85.7475,-1731.56,OK,-129.09,39.1261,-1720.32,OK,-89.8459,1.44659,-1727.9,OK,-62.6908,58.4512,-1743.56,,364691218,Port:2,0,1773303786,968824167,Enabled,0.916492,0.0222874,0.0383074,0.397591,-107.352,261.601,-1642.27,0.143696,3,OK,-107.183,261.679,-1642.29,OK,-146.596,228.753,-1639.15,OK,-153.343,304.772,-1637.76,,364691218,Port:3,0,1773303786,968824167,Missing,,,,,,,,,4,Missing,,,,Missing,,,,Missing,,,,Missing,,,,,364691218,Port:65535,0,1773303786,968824167,Missing,,,,,,,,,0
4,,364691221,Port:1,0,1773303787,18824167,50000000,Enabled,0.532175,0.600273,-0.331857,0.496319,-114.267,88.6864,-1732.58,0.255576,4,OK,-114.099,88.6111,-1732.83,OK,-130.832,42.7725,-1721.04,OK,-92.9987,3.47988,-1727.54,OK,-63.442,59.1374,-1743.75,,364691221,Port:2,0,1773303787,18824167,Enabled,0.916485,0.0219841,0.0382761,0.397626,-107.346,261.603,-1642.25,0.144851,3,OK,-107.177,261.682,-1642.26,OK,-146.588,228.748,-1639.12,OK,-153.341,304.775,-1637.78,,364691221,Port:3,0,1773303787,18824167,Missing,,,,,,,,,4,Missing,,,,Missing,,,,Missing,,,,Missing,,,,,364691221,Port:65535,0,1773303787,18824167,Missing,,,,,,,,,0
4,,364691224,Port:1,0,1773303787,68824167,50000000,Enabled,0.545776,0.584024,-0.344814,0.492086,-113.873,92.8387,-1734.31,0.251517,4,OK,-113.711,92.7424,-1734.55,OK,-132.637,47.9298,-1722.24,OK,-96.4975,6.87991,-1727.42,OK,-64.2374,60.8748,-1744.14,,364691224,Port:2,0,1773303787,68824167,Enabled,0.916455,0.0221873,0.0386988,0.397644,-107.352,261.602,-1642.3,0.150294,3,OK,-107.178,261.687,-1642.32,OK,-146.594,228.74,-1639.14,OK,-153.345,304.771,-1637.78,,364691224,Port:3,0,1773303787,68824167,Missing,,,,,,,,,4,Missing,,,,Missing,,,,Missing,,,,Missing,,,,,364691224,Port:65535,0,1773303787,68824167,Missing,,,,,,,,,0
4,,364691227,Port:1,0,1773303787,118824167,50000000,Enabled,0.559417,0.56477,-0.363816,0.485515,-112.384,98.0442,-1736.54,0.215235,4,OK,-112.233,97.931,-1736.74,OK,-133.895,54.4365,-1724.37,OK,-100.018,11.3753,-1728.1,OK,-64.4245,63.1996,-1744.84,,364691227,Port:2,0,1773303787,118824167,Enabled,0.916479,0.0218304,0.0384109,0.397636,-107.347,261.605,-1642.28,0.145858,3,OK,-107.178,261.684,-1642.29,OK,-146.587,228.746,-1639.13,OK,-153.344,304.78,-1637.81,,364691227,Port:3,0,1773303787,118824167,Missing,,,,,,,,,4,Missing,,,,Missing,,,,Missing,,,,Missing,,,,,364691227,Port:65535,0,1773303787,118824167,Missing,,,,,,,,,0
4,,364691230,Port:1,0,1773303787,168824167,50000000,Enabled,0.567396,0.54792,-0.385234,0.479,-110.764,102.169,-1738.47,0.230966,4,OK,-110.618,102.044,-1738.68,OK,-134.8,59.7654,-1726.8,OK,-103.118,15.0002,-1729.58,OK,-64.4578,64.8847,-1745.39,,364691230,Port:2,0,1773303787,168824167,Enabled,0.916505,0.0219777,0.0381438,0.397594,-107.344,261.599,-1642.25,0.14818,3,OK,-107.174,261.682,-1642.26,OK,-146.593,228.743,-1639.13,OK,-153.336,304.773,-1637.78,,364691230,Port:3,0,1773303787,168824167,Missing,,,,,,,,,4,Missing,,,,Missing,,,,Missing,,,,Missing,,,,,364691230,Port:65535,0,1773303787,168824167,Missing,,,,,,,,,0
4,,364691233,Port:1,0,1773303787,218824167,49999997,Enabled,0.575155,0.534756,-0.400759,0.471832,-109.158,105.857,-1740.42,0.217334,4,OK,-109.011,105.741,-1740.61,OK,-135.183,64.5482,-1729.05,OK,-105.394,18.4639,-1731.15,OK,-64.3708,66.6075,-1746.49,,364691233,Port:2,0,1773303787,218824167,Enabled,0.916483,0.0220884,0.0384266,0.39761,-107.35,261.6,-1642.27,0.147736,3,OK,-107.181,261.684,-1642.29,OK,-146.594,228.741,-1639.13,OK,-153.34,304.772,-1637.78,,364691233,Port:3,0,1773303787,218824167,Missing,,,,,,,,,4,Missing,,,,Missing,,,,Missing,,,,Missing,,,,,364691233,Port:65535,0,1773303787,218824167,Missing,,,,,,,,,0
4,,364691236,Port:1,0,1773303787,268824164,50000000,Enabled,0.585397,0.516236,-0.421508,0.461672,-106.272,110.907,-1743.24,0.201341,4,OK,-106.128,110.79,-1743.41,OK,-134.902,71.2447,-1732.32,OK,-107.827,23.4845,-1733.53,OK,-63.7349,69.0838,-1748.17,,364691236,Port:2,0,1773303787,268824164,Enabled,0.916465,0.0220102,0.0388977,0.397612,-107.347,261.603,-1642.3,0.149417,3,OK,-107.174,261.687,-1642.32,OK,-146.589,228.746,-1639.11,OK,-153.337,304.775,-1637.79,,364691236,Port:3,0,1773303787,268824164,Missing,,,,,,,,,4,Missing,,,,Missing,,,,Missing,,,,Missing,,,,,364691236,Port:65535,0,1773303787,268824164,Missing,,,,,,,,,0
4,,364691239,Port:1,0,1773303787,318824164,50000000,Enabled,0.596286,0.495744,-0.438856,0.453968,-103.338,116.335,-1746.99,0.22759,4,OK,-103.203,116.187,-1747.18,OK,-134.315,78.425,-1736.19,OK,-109.859,29.2866,-1736.28,OK,-63.0314,72.2091,-1750.43,,364691239,Port:2,0,1773303787,318824164,Enabled,0.916462,0.0220402,0.0386625,0.397638,-107.344,261.599,-1642.26,0.147677,3,OK,-107.173,261.682,-1642.28,OK,-146.585,228.741,-1639.1,OK,-153.338,304.769,-1637.76,,364691239,Port:3,0,1773303787,318824164,Missing,,,,,,,,,4,Missing,,,,Missing,,,,Missing,,,,Missing,,,,,364691239,Port:65535,0,1773303787,318824164,Missing,,,,,,,,,0
4,,364691242,Port:1,0,1773303787,368824164,50000000,Enabled,0.604329,0.477182,-0.45461,0.447676,-100.56,121.507,-1750.2,0.193133,4,OK,-100.44,121.373,-1750.35,OK,-133.481,85.1994,-1739.78,OK,-111.386,34.9658,-1738.76,OK,-62.3114,75.5072,-1752.32,,364691242,Port:2,0,1773303787,368824164,Enabled,0.916489,0.0216813,0.0382871,0.397632,-107.348,261.599,-1642.25,0.144774,3,OK,-107.181,261.678,-1642.27,OK,-146.588,228.74,-1639.12,OK,-153.345,304.776,-1637.81,,364691242,Port:3,0,1773303787,368824164,Missing,,,,,,,,,4,Missing,,,,Missing,,,,Missing,,,,Missing,,,,,364691242,Port:65535,0,1773303787,368824164,Missing,,,,,,,,,0
4,,364691245,Port:1,0,1773303787,418824164,50000000,Enabled,0.611069,0.463039,-0.466391,0.441214,-98.4239,125.914,-1753.04,0.208721,4,OK,-98.3064,125.759,-1753.2,OK,-132.849,90.9448,-1742.84,OK,-112.7,39.9554,-1741.19,OK,-61.9152,78.4864,-1754.27,,364691245,Port:2,0,1773303787,418824164,Enabled,0.916515,0.0215021,0.0381913,0.397591,-107.348,261.596,-1642.23,0.142954,3,OK,-107.183,261.673,-1642.24,OK,-146.59,228.742,-1639.1,OK,-153.343,304.779,-1637.82,,364691245,Port:3,0,1773303787,418824164,Missing,,,,,,,,,4,Missing,,,,Missing,,,,Missing,,,,Missing,,,,,364691245,Port:65535,0,1773303787,418824164,Missing,,,,,,,,,0
4,,364691248,Port:1,0,1773303787,468824164,50000000,Enabled,0.618947,0.445558,-0.477164,0.436689,-95.8631,130.267,-1755.77,0.189848,4,OK,-95.7462,130.113,-1755.9,OK,-131.793,96.8198,-1745.69,OK,-113.659,45.1062,-1742.89,OK,-61.2163,81.4469,-1755.69,,364691248,Port:2,0,1773303787,468824164,Enabled,0.916503,0.0217169,0.0382328,0.397604,-107.347,261.598,-1642.26,0.145283,3,OK,-107.179,261.677,-1642.27,OK,-146.59,228.743,-1639.13,OK,-153.343,304.778,-1637.82,,364691248,Port:3,0,1773303787,468824164,Missing,,,,,,,,,4,Missing,,,,Missing,,,,Missing,,,,Missing,,,,,364691248,Port:65535,0,1773303787,468824164,Missing,,,,,,,,,0
4,,364691251,Port:1,0,1773303787,518824164,50000000,Enabled,0.622987,0.429562,-0.491195,0.431383,-92.8972,133.756,-1757.94,0.174784,4,OK,-92.7859,133.59,-1758.04,OK,-130.277,101.75,-1748.53,OK,-114.195,49.4257,-1744.97,OK,-60.1485,83.6637,-1756.81,,364691251,Port:2,0,1773303787,518824164,Enabled,0.91646,0.0220425,0.0388431,0.397627,-107.354,261.609,-1642.31,0.147436,3,OK,-107.184,261.692,-1642.33,OK,-146.594,228.751,-1639.13,OK,-153.345,304.781,-1637.8,,364691251,Port:3,0,1773303787,518824164,Missing,,,,,,,,,4,Missing,,,,Missing,,,,Missing,,,,Missing,,,,,364691251,Port:65535,0,1773303787,518824164,Missing,,,,,,,,,0
4,,364691254,Port:1,0,1773303787,568824164,50000000,Enabled,0.629045,0.415227,-0.503167,0.422743,-88.6461,137.436,-1759.3,0.162916,4,OK,-88.5489,137.269,-1759.39,OK,-127.421,107.009,-1750.31,OK,-113.502,54.1035,-1746.29,OK,-57.9573,86.054,-1757.53,,364691254,Port:2,0,1773303787,568824164,Enabled,0.91643,0.0217426,0.0388419,0.397711,-107.351,261.613,-1642.27,0.147158,3,OK,-107.182,261.695,-1642.28,OK,-146.583,228.743,-1639.08,OK,-153.352,304.783,-1637.79,,364691254,Port:3,0,1773303787,568824164,Missing,,,,,,,,,4,Missing,,,,Missing,,,,Missing,,,,Missing,,,,,364691254,Port:65535,0,1773303787,568824164,Missing,,,,,,,,,0
4,,364691257,Port:1,0,1773303787,618824164,50000000,Enabled,0.63506,0.400108,-0.514118,0.415085,-84.077,141.108,-1761.6,0.147351,4,OK,-83.9841,140.945,-1761.66,OK,-124.124,112.28,-1752.99,OK,-112.363,58.89,-1748.35,OK,-55.4445,88.5901,-1759.07,,364691257,Port:2,0,1773303787,618824164,Enabled,0.916486,0.0221267,0.0381991,0.397624,-107.346,261.602,-1642.25,0.146735,3,OK,-107.177,261.684,-1642.26,OK,-146.591,228.745,-1639.13,OK,-153.34,304.773,-1637.76,,364691257,Port:3,0,1773303787,618824164,Missing,,,,,,,,,4,Missing,,,,Missing,,,,Missing,,,,Missing,,,,,364691257,Port:65535,0,1773303787,618824164,Missing,,,,,,,,,0
4,,364691260,Port:1,0,1773303787,668824164,50000000,Enabled,0.641396,0.381354,-0.524942,0.40941,-79.5715,145.072,-1764.75,0.136173,4,OK,-79.4782,144.917,-1764.77,OK,-120.902,118,-1756.52,OK,-111.401,64.2552,-1750.87,OK,-53.1467,91.4842,-1760.99,,364691260,Port:2,0,1773303787,668824164,Enabled,0.916478,0.0222252,0.0384364,0.397613,-107.351,261.601,-1642.25,0.144522,3,OK,-107.185,261.685,-1642.26,OK,-146.593,228.747,-1639.11,OK,-153.339,304.768,-1637.74,,364691260,Port:3,0,1773303787,668824164,Missing,,,,,,,,,4,Missing,,,,Missing,,,,Missing,,,,Missing,,,,,364691260,Port:65535,0,1773303787,668824164,Missing,,,,,,,,,0
4,,364691263,Port:1,0,1773303787,718824164,50000000,Enabled,0.647209,0.366034,-0.532173,0.404884,-75.7705,148.59,-1767.38,0.134663,4,OK,-75.6958,148.416,-1767.38,OK,-118.041,122.985,-1759.34,OK,-110.346,69.0396,-1752.82,OK,-51.1356,94.2369,-1762.6,,364691263,Port:2,0,1773303787,718824164,Enabled,0.916491,0.0217654,0.0382872,0.397624,-107.347,261.602,-1642.24,0.146526,3,OK,-107.179,261.686,-1642.25,OK,-146.592,228.746,-1639.1,OK,-153.342,304.775,-1637.79,,364691263,Port:3,0,1773303787,718824164,Missing,,,,,,,,,4,Missing,,,,Missing,,,,Missing,,,,Missing,,,,,364691263,Port:65535,0,1773303787,718824164,Missing,,,,,,,,,0
4,,364691266,Port:1,0,1773303787,768824164,50000000,Enabled,0.65357,0.35029,-0.538619,0.400041,-71.8359,152.082,-1770.43,0.140056,4,OK,-71.7607,151.913,-1770.47,OK,-115.014,127.991,-1762.44,OK,-109.168,73.9339,-1755.14,OK,-49.0602,97.0247,-1764.56,,364691266,Port:2,0,1773303787,768824164,Enabled,0.91643,0.021982,0.038808,0.397702,-107.346,261.606,-1642.27,0.144752,3,OK,-107.179,261.687,-1642.29,OK,-146.578,228.743,-1639.09,OK,-153.344,304.771,-1637.77,,364691266,Port:3,0,1773303787,768824164,Missing,,,,,,,,,4,Missing,,,,Missing,,,,Missing,,,,Missing,,,,,364691266,Port:65535,0,1773303787,768824164,Missing,,,,,,,,,0
4,,364691269,Port:1,0,1773303787,818824164,50000000,Enabled,0.663392,0.328406,-0.546331,0.391897,-65.6501,156.324,-1773.82,0.12296,4,OK,-65.5847,156.171,-1773.8,OK,-110.009,134.478,-1765.92,OK,-106.823,80.3597,-1757.34,OK,-45.5812,100.37,-1766.61,,364691269,Port:2,0,1773303787,818824164,Enabled,0.916473,0.0219924,0.0384586,0.397637,-107.352,261.601,-1642.25,0.144582,3,OK,-107.184,261.68,-1642.27,OK,-146.592,228.746,-1639.11,OK,-153.348,304.772,-1637.77,,364691269,Port:3,0,1773303787,818824164,Missing,,,,,,,,,4,Missing,,,,Missing,,,,Missing,,,,Missing,,,,,364691269,Port:65535,0,1773303787,818824164,Missing,,,,,,,,,0
4,,364691272,Port:1,0,1773303787,868824164,50000000,Enabled,0.670323,0.302617,-0.556559,0.386435,-59.2512,160.274,-1778.48,0.127469,4,OK,-59.2007,160.107,-1778.46,OK,-104.77,140.753,-1771.07,OK,-104.351,86.8009,-1761.13,OK,-42.049,103.632,-1769.44,,364691272,Port:2,0,1773303787,868824164,Enabled,0.916487,0.0215488,0.0382753,0.397645,-107.348,261.605,-1642.24,0.143453,3,OK,-107.182,261.682,-1642.25,OK,-146.587,228.748,-1639.1,OK,-153.348,304.78,-1637.82,,364691272,Port:3,0,1773303787,868824164,Missing,,,,,,,,,4,Missing,,,,Missing,,,,Missing,,,,Missing,,,,,364691272,Port:65535,0,1773303787,868824164,Missing,,,,,,,,,0
4,,364691275,Port:1,0,1773303787,918824164,50000000,Enabled,0.679738,0.270041,-0.565196,0.381558,-51.5506,164.474,-1784.07,0.1184,4,OK,-51.502,164.324,-1784.04,OK,-98.2337,147.772,-1777.07,OK,-101.056,94.2794,-1765.14,OK,-37.7428,107.356,-1772.55,,364691275,Port:2,0,1773303787,918824164,Enabled,0.916499,0.0221866,0.0381386,0.397596,-107.35,261.6,-1642.26,0.149442,3,OK,-107.174,261.681,-1642.27,OK,-146.6,228.749,-1639.15,OK,-153.344,304.772,-1637.77,,364691275,Port:3,0,1773303787,918824164,Missing,,,,,,,,,4,Missing,,,,Missing,,,,Missing,,,,Missing,,,,,364691275,Port:65535,0,1773303787,918824164,Missing,,,,,,,,,0
4,,364691278,Port:1,0,1773303787,968824164,50000000,Enabled,0.689054,0.245398,-0.567501,0.378058,-44.6629,167.711,-1788.65,0.105265,4,OK,-44.6394,167.575,-1788.66,OK,-92.0504,153.187,-1781.54,OK,-97.1672,100.255,-1767.98,OK,-33.3114,110.459,-1775.1,,364691278,Port:2,0,1773303787,968824164,Enabled,0.916481,0.0220567,0.0383834,0.397621,-107.349,261.605,-1642.25,0.146667,3,OK,-107.178,261.686,-1642.27,OK,-146.592,228.749,-1639.12,OK,-153.342,304.777,-1637.77,,364691278,Port:3,0,1773303787,968824164,Missing,,,,,,,,,4,Missing,,,,Missing,,,,Missing,,,,Missing,,,,,364691278,Port:65535,0,1773303787,968824164,Missing,,,,,,,,,0
4,,364691281,Port:1,0,1773303788,18824164,50000000,Enabled,0.70438,0.225278,-0.561243,0.371626,-37.0673,170.669,-1792.76,0.106985,4,OK,-37.0443,170.54,-1792.76,OK,-84.8777,158.285,-1784.54,OK,-91.9304,106.102,-1769.18,OK,-27.8205,113.482,-1777.48,,364691281,Port:2,0,1773303788,18824164,Enabled,0.916526,0.0221195,0.0379603,0.397555,-107.347,261.601,-1642.24,0.141214,3,OK,-107.184,261.679,-1642.26,OK,-146.593,228.752,-1639.15,OK,-153.335,304.78,-1637.77,,364691281,Port:3,0,1773303788,18824164,Missing,,,,,,,,,4,Missing,,,,Missing,,,,Missing,,,,Missing,,,,,364691281,Port:65535,0,1773303788,18824164,Missing,,,,,,,,,0
4,,364691284,Port:1,0,1773303788,68824164,50000000,Enabled,0.709325,0.196242,-0.566433,0.37081,-30.0775,172.345,-1798.26,0.0937898,4,OK,-30.0693,172.231,-1798.25,OK,-78.523,162.185,-1790.74,OK,-87.9915,110.953,-1773.55,OK,-23.4712,115.447,-1780.62,,364691284,Port:2,0,1773303788,68824164,Enabled,0.9165,0.0218698,0.0382086,0.397604,-107.352,261.607,-1642.27,0.145485,3,OK,-107.186,261.688,-1642.29,OK,-146.596,228.749,-1639.15,OK,-153.345,304.785,-1637.82,,364691284,Port:3,0,1773303788,68824164,Missing,,,,,,,,,4,Missing,,,,Missing,,,,Missing,,,,Missing,,,,,364691284,Port:65535,0,1773303788,68824164,Missing,,,,,,,,,0
4,,364691287,Port:1,0,1773303788,118824164,50000000,Enabled,0.715029,0.169241,-0.569277,0.368801,-24.0865,173.371,-1802.69,0.104507,4,OK,-24.0947,173.246,-1802.62,OK,-73.0359,165.41,-1795.72,OK,-84.7246,115.189,-1776.78,OK,-19.9737,116.911,-1782.94,,364691287,Port:2,0,1773303788,118824164,Enabled,0.916506,0.0218142,0.0383665,0.39758,-107.352,261.602,-1642.25,0.145311,3,OK,-107.185,261.682,-1642.27,OK,-146.595,228.745,-1639.11,OK,-153.343,304.784,-1637.8,,364691287,Port:3,0,1773303788,118824164,Missing,,,,,,,,,4,Missing,,,,Missing,,,,Missing,,,,Missing,,,,,364691287,Port:65535,0,1773303788,118824164,Missing,,,,,,,,,0
4,,364691290,Port:1,0,1773303788,168824164,50000000,Enabled,0.717654,0.148543,-0.572292,0.367953,-19.8317,173.945,-1806.54,0.103176,4,OK,-19.8185,173.847,-1806.57,OK,-69.0798,167.503,-1800.07,OK,-82.5188,118.178,-1780.14,OK,-17.6076,117.969,-1785.14,,364691290,Port:2,0,1773303788,168824164,Enabled,0.916459,0.0221914,0.0386933,0.397635,-107.351,261.607,-1642.3,0.14798,3,OK,-107.179,261.688,-1642.31,OK,-146.591,228.747,-1639.13,OK,-153.344,304.777,-1637.78,,364691290,Port:3,0,1773303788,168824164,Missing,,,,,,,,,4,Missing,,,,Missing,,,,Missing,,,,Missing,,,,,364691290,Port:65535,0,1773303788,168824164,Missing,,,,,,,,,0
4,,364691293,Port:1,0,1773303788,218824164,50000002,Enabled,0.719385,0.145644,-0.572826,0.364889,-17.6729,174.626,-1807.05,0.0914821,4,OK,-17.676,174.535,-1807.05,OK,-66.9868,168.667,-1800.6,OK,-80.8437,119.454,-1780.59,OK,-15.9608,118.617,-1785.6,,364691293,Port:2,0,1773303788,218824164,Enabled,0.916463,0.0216852,0.0388067,0.397641,-107.346,261.604,-1642.27,0.145281,3,OK,-107.181,261.686,-1642.29,OK,-146.581,228.74,-1639.09,OK,-153.339,304.782,-1637.81,,364691293,Port:3,0,1773303788,218824164,Missing,,,,,,,,,4,Missing,,,,Missing,,,,Missing,,,,Missing,,,,,364691293,Port:65535,0,1773303788,218824164,Missing,,,,,,,,,0
4,,364691296,Port:1,0,1773303788,268824166,50000000,Enabled,0.719593,0.144467,-0.573685,0.363592,-16.9365,174.587,-1807.16,0.0906407,4,OK,-16.9276,174.491,-1807.15,OK,-66.2865,168.789,-1800.8,OK,-80.3482,119.64,-1780.81,OK,-15.4628,118.579,-1785.75,,364691296,Port:2,0,1773303788,268824166,Enabled,0.916496,0.02199,0.0383582,0.397593,-107.347,261.604,-1642.28,0.146056,3,OK,-107.174,261.681,-1642.29,OK,-146.592,228.755,-1639.14,OK,-153.342,304.78,-1637.8,,364691296,Port:3,0,1773303788,268824166,Missing,,,,,,,,,4,Missing,,,,Missing,,,,Missing,,,,Missing,,,,,364691296,Port:65535,0,1773303788,268824166,Missing,,,,,,,,,0
4,,364691299,Port:1,0,1773303788,318824166,50000000,Enabled,0.720301,0.139033,-0.57542,0.361563,-15.7193,174.857,-1807.85,0.103493,4,OK,-15.718,174.739,-1807.84,OK,-65.1543,169.576,-1801.7,OK,-79.814,120.689,-1781.58,OK,-14.9248,118.954,-1786.18,,364691299,Port:2,0,1773303788,318824166,Enabled,0.916469,0.0219995,0.0384845,0.397642,-107.35,261.604,-1642.26,0.142601,3,OK,-107.187,261.684,-1642.27,OK,-146.586,228.745,-1639.11,OK,-153.344,304.777,-1637.77,,364691299,Port:3,0,1773303788,318824166,Missing,,,,,,,,,4,Missing,,,,Missing,,,,Missing,,,,Missing,,,,,364691299,Port:65535,0,1773303788,318824166,Missing,,,,,,,,,0
4,,364691302,Port:1,0,1773303788,368824166,50000000,Enabled,0.719605,0.141046,-0.575547,0.361967,-15.9423,174.956,-1807.74,0.10899,4,OK,-15.9322,174.849,-1807.76,OK,-65.3682,169.5,-1801.56,OK,-79.8395,120.496,-1781.62,OK,-14.954,118.983,-1786.21,,364691302,Port:2,0,1773303788,368824166,Enabled,0.916469,0.0221802,0.0385082,0.397631,-107.351,261.604,-1642.29,0.147411,3,OK,-107.18,261.685,-1642.3,OK,-146.594,228.746,-1639.14,OK,-153.345,304.774,-1637.78,,364691302,Port:3,0,1773303788,368824166,Missing,,,,,,,,,4,Missing,,,,Missing,,,,Missing,,,,Missing,,,,,364691302,Port:65535,0,1773303788,368824166,Missing,,,,,,,,,0
4,,364691305,Port:1,0,1773303788,418824166,50000000,Enabled,0.71789,0.138892,-0.577262,0.36347,-16.2654,174.923,-1808.21,0.105782,4,OK,-16.2736,174.801,-1808.19,OK,-65.717,169.461,-1802.36,OK,-80.3068,120.526,-1782.31,OK,-15.3824,119.026,-1786.52,,364691305,Port:2,0,1773303788,418824166,Enabled,0.916451,0.0220063,0.0387663,0.397656,-107.351,261.603,-1642.27,0.145918,3,OK,-107.186,261.689,-1642.29,OK,-146.587,228.738,-1639.1,OK,-153.341,304.773,-1637.77,,364691305,Port:3,0,1773303788,418824166,Missing,,,,,,,,,4,Missing,,,,Missing,,,,Missing,,,,Missing,,,,,364691305,Port:65535,0,1773303788,418824166,Missing,,,,,,,,,0
4,,364691308,Port:1,0,1773303788,468824166,50000000,Enabled,0.714619,0.140827,-0.579384,0.365789,-17.6742,175.122,-1808.16,0.0953928,4,OK,-17.6585,175.031,-1808.17,OK,-67.1222,169.287,-1802.61,OK,-81.4746,120.169,-1782.8,OK,-16.5255,119.164,-1786.58,,364691308,Port:2,0,1773303788,468824166,Enabled,0.916505,0.022137,0.0381714,0.397583,-107.351,261.604,-1642.26,0.148033,3,OK,-107.18,261.687,-1642.28,OK,-146.6,228.75,-1639.15,OK,-153.341,304.779,-1637.78,,364691308,Port:3,0,1773303788,468824166,Missing,,,,,,,,,4,Missing,,,,Missing,,,,Missing,,,,Missing,,,,,364691308,Port:65535,0,1773303788,468824166,Missing,,,,,,,,,0
4,,364691311,Port:1,0,1773303788,518824166,50000000,Enabled,0.709727,0.14484,-0.581694,0.370055,-20.5026,175.13,-1807.95,0.0954794,4,OK,-20.4915,175.02,-1807.93,OK,-69.9036,168.595,-1802.81,OK,-83.7203,119.218,-1783.24,OK,-18.7444,119.123,-1786.61,,364691311,Port:2,0,1773303788,518824166,Enabled,0.916508,0.0219608,0.0380388,0.397597,-107.348,261.602,-1642.23,0.142932,3,OK,-107.183,261.68,-1642.24,OK,-146.59,228.747,-1639.13,OK,-153.341,304.782,-1637.77,,364691311,Port:3,0,1773303788,518824166,Missing,,,,,,,,,4,Missing,,,,Missing,,,,Missing,,,,Missing,,,,,364691311,Port:65535,0,1773303788,518824166,Missing,,,,,,,,,0
4,,364691314,Port:1,0,1773303788,568824166,50000000,Enabled,0.701926,0.155324,-0.583697,0.377454,-25.4707,174.843,-1807,0.0854409,4,OK,-25.4488,174.751,-1806.98,OK,-74.7038,166.89,-1802.25,OK,-87.2567,116.933,-1783.24,OK,-22.2828,118.679,-1786.2,,364691314,Port:2,0,1773303788,568824166,Enabled,0.916492,0.0219051,0.0383507,0.397609,-107.352,261.606,-1642.28,0.149043,3,OK,-107.179,261.688,-1642.29,OK,-146.598,228.749,-1639.14,OK,-153.346,304.781,-1637.81,,364691314,Port:3,0,1773303788,568824166,Missing,,,,,,,,,4,Missing,,,,Missing,,,,Missing,,,,Missing,,,,,364691314,Port:65535,0,1773303788,568824166,Missing,,,,,,,,,0
4,,364691317,Port:1,0,1773303788,618824166,50000000,Enabled,0.692593,0.171747,-0.582446,0.389325,-32.9034,173.595,-1805.61,0.0973019,4,OK,-32.8774,173.489,-1805.61,OK,-81.7444,163.453,-1800.95,OK,-92.1258,112.817,-1782.56,OK,-27.3003,117.412,-1785.42,,364691317,Port:2,0,1773303788,618824166,Enabled,0.91647,0.021995,0.038436,0.397646,-107.35,261.613,-1642.28,0.144925,3,OK,-107.182,261.693,-1642.29,OK,-146.589,228.754,-1639.14,OK,-153.346,304.784,-1637.8,,364691317,Port:3,0,1773303788,618824166,Missing,,,,,,,,,4,Missing,,,,Missing,,,,Missing,,,,Missing,,,,,364691317,Port:65535,0,1773303788,618824166,Missing,,,,,,,,,0
4,,364691320,Port:1,0,1773303788,668824166,50000000,Enabled,0.681888,0.191214,-0.581597,0.400263,-40.6116,171.865,-1803.54,0.131233,4,OK,-40.5815,171.748,-1803.58,OK,-88.9347,159.367,-1799.02,OK,-96.9421,108.038,-1781.61,OK,-32.3801,115.671,-1784.3,,364691320,Port:2,0,1773303788,668824166,Enabled,0.916478,0.0221908,0.0386769,0.397591,-107.355,261.606,-1642.29,0.147919,3,OK,-107.182,261.688,-1642.3,OK,-146.6,228.754,-1639.13,OK,-153.344,304.778,-1637.77,,364691320,Port:3,0,1773303788,668824166,Missing,,,,,,,,,4,Missing,,,,Missing,,,,Missing,,,,Missing,,,,,364691320,Port:65535,0,1773303788,668824166,Missing,,,,,,,,,0
4,,364691323,Port:1,0,1773303788,718824166,50000000,Enabled,0.671467,0.21586,-0.577081,0.411721,-48.3286,169.567,-1800.86,0.11537,4,OK,-48.2857,169.449,-1800.88,OK,-95.8448,154.37,-1796.21,OK,-100.898,102.32,-1779.75,OK,-36.8826,113.541,-1782.9,,364691323,Port:2,0,1773303788,718824166,Enabled,0.916519,0.0218019,0.0378624,0.397599,-107.349,261.604,-1642.23,0.143346,3,OK,-107.181,261.68,-1642.24,OK,-146.595,228.756,-1639.14,OK,-153.347,304.779,-1637.8,,364691323,Port:3,0,1773303788,718824166,Missing,,,,,,,,,4,Missing,,,,Missing,,,,Missing,,,,Missing,,,,,364691323,Port:65535,0,1773303788,718824166,Missing,,,,,,,,,0
4,,364691326,Port:1,0,1773303788,768824166,50000000,Enabled,0.661161,0.240484,-0.573048,0.420298,-55.4487,167.168,-1797.74,0.115381,4,OK,-55.4088,167.047,-1797.75,OK,-102.1,149.501,-1793.02,OK,-104.347,96.8852,-1777.78,OK,-41.0199,111.362,-1781.27,,364691326,Port:2,0,1773303788,768824166,Enabled,0.916504,0.0220055,0.0381275,0.397596,-107.353,261.603,-1642.24,0.145313,3,OK,-107.183,261.683,-1642.26,OK,-146.599,228.753,-1639.13,OK,-153.347,304.776,-1637.77,,364691326,Port:3,0,1773303788,768824166,Missing,,,,,,,,,4,Missing,,,,Missing,,,,Missing,,,,Missing,,,,,364691326,Port:65535,0,1773303788,768824166,Missing,,,,,,,,,0
4,,364691329,Port:1,0,1773303788,818824166,50000000,Enabled,0.653683,0.26504,-0.563928,0.429462,-62.5311,164.297,-1794.9,0.129936,4,OK,-62.4773,164.181,-1794.96,OK,-108.104,144.185,-1789.57,OK,-107.405,91.2526,-1775.33,OK,-44.9684,109.042,-1779.72,,364691329,Port:2,0,1773303788,818824166,Enabled,0.916508,0.0215644,0.038314,0.397593,-107.348,261.611,-1642.26,0.143471,3,OK,-107.181,261.688,-1642.27,OK,-146.589,228.759,-1639.11,OK,-153.343,304.793,-1637.83,,364691329,Port:3,0,1773303788,818824166,Missing,,,,,,,,,4,Missing,,,,Missing,,,,Missing,,,,Missing,,,,,364691329,Port:65535,0,1773303788,818824166,Missing,,,,,,,,,0
4,,364691332,Port:1,0,1773303788,868824166,50000000,Enabled,0.643351,0.297226,-0.553215,0.437846,-69.9394,160.44,-1790.59,0.125741,4,OK,-69.8651,160.315,-1790.62,OK,-114.035,137.388,-1784.77,OK,-109.714,84.2237,-1772.07,OK,-48.6317,106.001,-1777.52,,364691332,Port:2,0,1773303788,868824166,Enabled,0.916477,0.0219479,0.0386606,0.397611,-107.35,261.604,-1642.27,0.146571,3,OK,-107.18,261.684,-1642.28,OK,-146.592,228.75,-1639.1,OK,-153.343,304.777,-1637.78,,364691332,Port:3,0,1773303788,868824166,Missing,,,,,,,,,4,Missing,,,,Missing,,,,Missing,,,,Missing,,,,,364691332,Port:65535,0,1773303788,868824166,Missing,,,,,,,,,0
4,,364691335,Port:1,0,1773303788,918824166,50000000,Enabled,0.635371,0.326887,-0.540445,0.444261,-76.1857,156.232,-1785.87,0.137396,4,OK,-76.1061,156.117,-1785.94,OK,-118.744,130.617,-1779.32,OK,-111.098,77.4917,-1768.18,OK,-51.5208,102.769,-1774.79,,364691335,Port:2,0,1773303788,918824166,Enabled,0.916487,0.0219791,0.0386866,0.397583,-107.357,261.611,-1642.28,0.145104,3,OK,-107.19,261.693,-1642.29,OK,-146.599,228.757,-1639.11,OK,-153.343,304.787,-1637.79,,364691335,Port:3,0,1773303788,918824166,Missing,,,,,,,,,4,Missing,,,,Missing,,,,Missing,,,,Missing,,,,,364691335,Port:65535,0,1773303788,918824166,Missing,,,,,,,,,0
4,,364691338,Port:1,0,1773303788,968824166,50000000,Enabled,0.627908,0.354404,-0.527797,0.448954,-80.9791,151.774,-1781.13,0.134066,4,OK,-80.8848,151.664,-1781.18,OK,-121.98,123.88,-1773.99,OK,-111.356,70.9622,-1764.33,OK,-53.3406,99.4137,-1772.07,,364691338,Port:2,0,1773303788,968824166,Enabled,0.916488,0.0220544,0.0383264,0.397611,-107.356,261.614,-1642.28,0.143687,3,OK,-107.191,261.695,-1642.3,OK,-146.597,228.759,-1639.15,OK,-153.347,304.788,-1637.8,,364691338,Port:3,0,1773303788,968824166,Missing,,,,,,,,,4,Missing,,,,Missing,,,,Missing,,,,Missing,,,,,364691338,Port:65535,0,1773303788,968824166,Missing,,,,,,,,,0
4,,364691341,Port:1,0,1773303789,18824166,50000000,Enabled,0.622215,0.379059,-0.514663,0.451978,-84.4234,147.223,-1776.16,0.140073,4,OK,-84.3349,147.086,-1776.22,OK,-123.924,117.417,-1768.37,OK,-110.677,64.8374,-1760.14,OK,-54.2425,95.983,-1769.02,,364691341,Port:2,0,1773303789,18824166,Enabled,0.91649,0.0217595,0.0385234,0.397604,-107.348,261.604,-1642.26,0.149256,3,OK,-107.176,261.686,-1642.28,OK,-146.592,228.744,-1639.1,OK,-153.342,304.786,-1637.8,,364691341,Port:3,0,1773303789,18824166,Missing,,,,,,,,,4,Missing,,,,Missing,,,,Missing,,,,Missing,,,,,364691341,Port:65535,0,1773303789,18824166,Missing,,,,,,,,,0
4,,364691344,Port:1,0,1773303789,68824166,50000000,Enabled,0.6168,0.402944,-0.499554,0.455674,-87.5619,142.279,-1771.49,0.145553,4,OK,-87.4617,142.161,-1771.57,OK,-125.407,110.584,-1762.95,OK,-109.53,58.5186,-1756.07,OK,-54.8765,92.3717,-1766.17,,364691344,Port:2,0,1773303789,68824166,Enabled,0.916482,0.0220028,0.0384278,0.397619,-107.353,261.606,-1642.26,0.144177,3,OK,-107.188,261.689,-1642.28,OK,-146.593,228.747,-1639.12,OK,-153.343,304.778,-1637.78,,364691344,Port:3,0,1773303789,68824166,Missing,,,,,,,,,4,Missing,,,,Missing,,,,Missing,,,,Missing,,,,,364691344,Port:65535,0,1773303789,68824166,Missing,,,,,,,,,0
4,,364691347,Port:1,0,1773303789,118824166,50000000,Enabled,0.612193,0.430832,-0.48152,0.455787,-90.3622,136.773,-1765.42,0.156791,4,OK,-90.2513,136.677,-1765.53,OK,-126.296,103.15,-1755.98,OK,-107.742,51.7627,-1750.99,OK,-55.2118,88.3624,-1762.61,,364691347,Port:2,0,1773303789,118824166,Enabled,0.916497,0.0218719,0.0386081,0.397574,-107.354,261.611,-1642.29,0.147532,3,OK,-107.184,261.693,-1642.31,OK,-146.599,228.756,-1639.13,OK,-153.343,304.791,-1637.81,,364691347,Port:3,0,1773303789,118824166,Missing,,,,,,,,,4,Missing,,,,Missing,,,,Missing,,,,Missing,,,,,364691347,Port:65535,0,1773303789,118824166,Missing,,,,,,,,,0
4,,364691350,Port:1,0,1773303789,168824166,50000000,Enabled,0.606107,0.455261,-0.465363,0.456956,-92.761,131.121,-1759.78,0.187483,4,OK,-92.6465,131.03,-1759.94,OK,-126.825,95.7642,-1749.72,OK,-105.85,45.1558,-1746.5,OK,-55.4342,84.2933,-1759.13,,364691350,Port:2,0,1773303789,168824166,Enabled,0.916465,0.0220598,0.0384388,0.397654,-107.35,261.607,-1642.26,0.14444,3,OK,-107.182,261.687,-1642.28,OK,-146.588,228.75,-1639.12,OK,-153.346,304.775,-1637.77,,364691350,Port:3,0,1773303789,168824166,Missing,,,,,,,,,4,Missing,,,,Missing,,,,Missing,,,,Missing,,,,,364691350,Port:65535,0,1773303789,168824166,Missing,,,,,,,,,0
4,,364691353,Port:1,0,1773303789,218824166,49999996,Enabled,0.599389,0.481328,-0.447674,0.456776,-94.9198,124.877,-1753.62,0.167746,4,OK,-94.7962,124.786,-1753.75,OK,-126.922,87.7632,-1743.09,OK,-103.517,38.1402,-1741.76,OK,-55.4805,79.8461,-1755.51,,364691353,Port:2,0,1773303789,218824166,Enabled,0.916512,0.0213772,0.0382874,0.397595,-107.35,261.601,-1642.22,0.144826,3,OK,-107.183,261.681,-1642.23,OK,-146.594,228.749,-1639.07,OK,-153.346,304.782,-1637.81,,364691353,Port:3,0,1773303789,218824166,Missing,,,,,,,,,4,Missing,,,,Missing,,,,Missing,,,,Missing,,,,,364691353,Port:65535,0,1773303789,218824166,Missing,,,,,,,,,0
4,,364691356,Port:1,0,1773303789,268824162,50000000,Enabled,0.59167,0.503645,-0.432663,0.457243,-96.3694,118.61,-1747.96,0.184659,4,OK,-96.2336,118.524,-1748.11,OK,-126.455,79.9821,-1737.2,OK,-100.964,31.3577,-1737.65,OK,-55.1711,75.3485,-1751.96,,364691356,Port:2,0,1773303789,268824162,Enabled,0.916478,0.0221195,0.0383892,0.397624,-107.348,261.609,-1642.26,0.146381,3,OK,-107.179,261.691,-1642.28,OK,-146.591,228.753,-1639.13,OK,-153.341,304.78,-1637.77,,364691356,Port:3,0,1773303789,268824162,Missing,,,,,,,,,4,Missing,,,,Missing,,,,Missing,,,,Missing,,,,,364691356,Port:65535,0,1773303789,268824162,Missing,,,,,,,,,0
4,,364691359,Port:1,0,1773303789,318824162,50000000,Enabled,0.586226,0.521324,-0.419206,0.456975,-96.8643,113.341,-1742.85,0.216787,4,OK,-96.7322,113.249,-1743.05,OK,-125.325,73.5747,-1731.8,OK,-98.2623,25.8622,-1733.75,OK,-54.383,71.5518,-1748.59,,364691359,Port:2,0,1773303789,318824162,Enabled,0.916519,0.0219247,0.0380676,0.39757,-107.352,261.606,-1642.24,0.145908,3,OK,-107.182,261.684,-1642.26,OK,-146.599,228.753,-1639.13,OK,-153.345,304.789,-1637.79,,364691359,Port:3,0,1773303789,318824162,Missing,,,,,,,,,4,Missing,,,,Missing,,,,Missing,,,,Missing,,,,,364691359,Port:65535,0,1773303789,318824162,Missing,,,,,,,,,0
4,,364691362,Port:1,0,1773303789,368824162,50000000,Enabled,0.580781,0.537443,-0.408145,0.455266,-97.4073,108.712,-1738.7,0.217974,4,OK,-97.2664,108.619,-1738.9,OK,-124.485,67.9966,-1727.6,OK,-96.1336,21.0963,-1730.99,OK,-53.9364,68.2365,-1746.17,,364691362,Port:2,0,1773303789,368824162,Enabled,0.916425,0.0221147,0.0390463,0.397682,-107.353,261.611,-1642.29,0.146287,3,OK,-107.188,261.699,-1642.3,OK,-146.587,228.746,-1639.09,OK,-153.343,304.773,-1637.76,,364691362,Port:3,0,1773303789,368824162,Missing,,,,,,,,,4,Missing,,,,Missing,,,,Missing,,,,Missing,,,,,364691362,Port:65535,0,1773303789,368824162,Missing,,,,,,,,,0
4,,364691365,Port:1,0,1773303789,418824162,50000000,Enabled,0.574933,0.550614,-0.39853,0.455467,-98.1274,104.431,-1735.22,0.26394,4,OK,-97.9818,104.359,-1735.48,OK,-123.905,62.8644,-1724.09,OK,-94.387,16.7879,-1728.71,OK,-53.753,65.229,-1743.94,,364691365,Port:2,0,1773303789,418824162,Enabled,0.916468,0.0221154,0.0387931,0.397609,-107.356,261.61,-1642.3,0.149683,3,OK,-107.184,261.695,-1642.31,OK,-146.599,228.75,-1639.12,OK,-153.345,304.784,-1637.78,,364691365,Port:3,0,1773303789,418824162,Missing,,,,,,,,,4,Missing,,,,Missing,,,,Missing,,,,Missing,,,,,364691365,Port:65535,0,1773303789,418824162,Missing,,,,,,,,,0
4,,364691368,Port:1,0,1773303789,468824162,50000000,Enabled,0.5685,0.566299,-0.386047,0.455063,-98.7613,99.749,-1731.47,0.254579,4,OK,-98.6149,99.6803,-1731.73,OK,-122.958,57.2419,-1720.36,OK,-92.0994,12.1846,-1726.32,OK,-53.3971,62.1012,-1741.83,,364691368,Port:2,0,1773303789,468824162,Enabled,0.916483,0.02192,0.0382736,0.397636,-107.352,261.613,-1642.26,0.149389,3,OK,-107.181,261.697,-1642.27,OK,-146.598,228.751,-1639.13,OK,-153.348,304.785,-1637.79,,364691368,Port:3,0,1773303789,468824162,Missing,,,,,,,,,4,Missing,,,,Missing,,,,Missing,,,,Missing,,,,,364691368,Port:65535,0,1773303789,468824162,Missing,,,,,,,,,0
4,,364691371,Port:1,0,1773303789,518824162,50000000,Enabled,0.561171,0.583344,-0.371871,0.454432,-98.996,94.5822,-1727.3,0.212014,4,OK,-98.8503,94.525,-1727.51,OK,-121.391,51.0904,-1716.28,OK,-89.1321,7.23739,-1723.65,OK,-52.6449,58.7168,-1739.48,,364691371,Port:2,0,1773303789,518824162,Enabled,0.916467,0.0219539,0.0385985,0.397639,-107.353,261.606,-1642.26,0.143339,3,OK,-107.187,261.686,-1642.27,OK,-146.59,228.75,-1639.1,OK,-153.347,304.777,-1637.77,,364691371,Port:3,0,1773303789,518824162,Missing,,,,,,,,,4,Missing,,,,Missing,,,,Missing,,,,Missing,,,,,364691371,Port:65535,0,1773303789,518824162,Missing,,,,,,,,,0
4,,364691374,Port:1,0,1773303789,568824162,50000000,Enabled,0.552988,0.60274,-0.354419,0.453095,-98.9121,88.2657,-1722.56,0.264406,4,OK,-98.7615,88.2211,-1722.84,OK,-119.164,43.7218,-1711.5,OK,-85.4071,1.34258,-1720.78,OK,-51.577,54.5349,-1736.8,,364691374,Port:2,0,1773303789,568824162,Enabled,0.916489,0.0218188,0.038412,0.397613,-107.354,261.609,-1642.26,0.14511,3,OK,-107.186,261.69,-1642.27,OK,-146.596,228.755,-1639.11,OK,-153.347,304.784,-1637.79,,364691374,Port:3,0,1773303789,568824162,Missing,,,,,,,,,4,Missing,,,,Missing,,,,Missing,,,,Missing,,,,,364691374,Port:65535,0,1773303789,568824162,Missing,,,,,,,,,0
4,,364691377,Port:1,0,1773303789,618824162,50000000,Enabled,0.543402,0.6241,-0.335776,0.449964,-98.1404,81.2102,-1717.19,0.28753,4,OK,-97.9757,81.1588,-1717.5,OK,-116.07,35.6278,-1706.32,OK,-80.8918,-5.0586,-1717.78,OK,-50.0006,49.8497,-1733.85,,364691377,Port:2,0,1773303789,618824162,Enabled,0.916524,0.0220377,0.0379288,0.397567,-107.349,261.607,-1642.24,0.143852,3,OK,-107.182,261.683,-1642.25,OK,-146.596,228.754,-1639.15,OK,-153.342,304.79,-1637.78,,364691377,Port:3,0,1773303789,618824162,Missing,,,,,,,,,4,Missing,,,,Missing,,,,Missing,,,,Missing,,,,,364691377,Port:65535,0,1773303789,618824162,Missing,,,,,,,,,0
4,,364691380,Port:1,0,1773303789,668824162,50000000,Enabled,0.534823,0.64209,-0.320049,0.446378,-96.7247,74.5423,-1712.37,0.296384,4,OK,-96.566,74.4928,-1712.69,OK,-112.696,28.1561,-1701.79,OK,-76.4835,-11.0349,-1715.15,OK,-48.0485,45.2485,-1731.14,,364691380,Port:2,0,1773303789,668824162,Enabled,0.916471,0.0219912,0.0384464,0.397642,-107.352,261.607,-1642.25,0.143378,3,OK,-107.187,261.686,-1642.27,OK,-146.59,228.75,-1639.11,OK,-153.347,304.779,-1637.77,,364691380,Port:3,0,1773303789,668824162,Missing,,,,,,,,,4,Missing,,,,Missing,,,,Missing,,,,Missing,,,,,364691380,Port:65535,0,1773303789,668824162,Missing,,,,,,,,,0
4,,364691383,Port:1,0,1773303789,718824162,50000000,Enabled,0.526358,0.659959,-0.302382,0.442682,-94.5338,67.9252,-1707.64,0.299907,4,OK,-94.3707,67.8954,-1707.97,OK,-108.404,20.8021,-1697.32,OK,-71.1929,-16.769,-1712.57,OK,-45.4835,40.8003,-1728.55,,364691383,Port:2,0,1773303789,718824162,Enabled,0.916482,0.0219575,0.0385947,0.397603,-107.353,261.61,-1642.26,0.143705,3,OK,-107.19,261.693,-1642.28,OK,-146.593,228.753,-1639.1,OK,-153.341,304.785,-1637.78,,364691383,Port:3,0,1773303789,718824162,Missing,,,,,,,,,4,Missing,,,,Missing,,,,Missing,,,,Missing,,,,,364691383,Port:65535,0,1773303789,718824162,Missing,,,,,,,,,0
4,,364691386,Port:1,0,1773303789,768824162,50000000,Enabled,0.517413,0.677812,-0.286493,0.436779,-91.7289,61.7054,-1702.85,0.287895,4,OK,-91.5632,61.6789,-1703.17,OK,-103.664,13.9604,-1693.06,OK,-65.7736,-22.0437,-1710.33,OK,-42.5942,36.6693,-1726.01,,364691386,Port:2,0,1773303789,768824162,Enabled,0.916505,0.0219621,0.0379324,0.397614,-107.351,261.605,-1642.23,0.142341,3,OK,-107.186,261.685,-1642.24,OK,-146.596,228.756,-1639.13,OK,-153.345,304.772,-1637.77,,364691386,Port:3,0,1773303789,768824162,Missing,,,,,,,,,4,Missing,,,,Missing,,,,Missing,,,,Missing,,,,,364691386,Port:65535,0,1773303789,768824162,Missing,,,,,,,,,0
4,,364691389,Port:1,0,1773303789,818824162,50000000,Enabled,0.509611,0.691528,-0.270865,0.434418,-89.377,56.1601,-1699.12,0.324893,4,OK,-89.2038,56.1472,-1699.49,OK,-99.4295,7.91705,-1689.6,OK,-60.8711,-26.5699,-1708.39,OK,-40.1101,33.0693,-1723.86,,364691389,Port:2,0,1773303789,818824162,Enabled,0.916474,0.0219243,0.0387877,0.397606,-107.357,261.612,-1642.3,0.146638,3,OK,-107.187,261.693,-1642.31,OK,-146.598,228.757,-1639.12,OK,-153.348,304.785,-1637.8,,364691389,Port:3,0,1773303789,818824162,Missing,,,,,,,,,4,Missing,,,,Missing,,,,Missing,,,,Missing,,,,,364691389,Port:65535,0,1773303789,818824162,Missing,,,,,,,,,0
4,,364691392,Port:1,0,1773303789,868824162,50000000,Enabled,0.500031,0.70984,-0.249463,0.428795,-86.4205,49.9876,-1694.56,0.287341,4,OK,-86.2595,49.992,-1694.88,OK,-94.0967,1.22052,-1685.51,OK,-54.863,-31.3132,-1706.35,OK,-37.2606,29.3975,-1721.68,,364691392,Port:2,0,1773303789,868824162,Enabled,0.916487,0.0221089,0.0386166,0.397583,-107.354,261.608,-1642.27,0.144947,3,OK,-107.189,261.692,-1642.29,OK,-146.597,228.754,-1639.12,OK,-153.339,304.782,-1637.77,,364691392,Port:3,0,1773303789,868824162,Missing,,,,,,,,,4,Missing,,,,Missing,,,,Missing,,,,Missing,,,,,364691392,Port:65535,0,1773303789,868824162,Missing,,,,,,,,,0
4,,364691395,Port:1,0,1773303789,918824162,50000000,Enabled,0.490958,0.725401,-0.22896,0.424654,-83.0471,44.2199,-1690.51,0.306612,4,OK,-82.8876,44.2444,-1690.87,OK,-88.4436,-4.935,-1681.85,OK,-48.6698,-35.5841,-1704.53,OK,-34.0947,25.9865,-1719.61,,364691395,Port:2,0,1773303789,918824162,Enabled,0.916515,0.0216911,0.0380312,0.397596,-107.346,261.605,-1642.21,0.14606,3,OK,-107.175,261.684,-1642.22,OK,-146.593,228.754,-1639.09,OK,-153.343,304.783,-1637.78,,364691395,Port:3,0,1773303789,918824162,Missing,,,,,,,,,4,Missing,,,,Missing,,,,Missing,,,,Missing,,,,,364691395,Port:65535,0,1773303789,918824162,Missing,,,,,,,,,0
4,,364691398,Port:1,0,1773303789,968824162,50000000,Enabled,0.479611,0.742895,-0.206608,0.418801,-78.7604,37.6344,-1686.32,0.276092,4,OK,-78.6148,37.6553,-1686.64,OK,-81.6613,-11.8295,-1678.37,OK,-41.4878,-40.3183,-1703.12,OK,-30.2633,22.0885,-1717.7,,364691398,Port:2,0,1773303789,968824162,Enabled,0.916498,0.0216161,0.0384745,0.397597,-107.354,261.607,-1642.26,0.14637,3,OK,-107.185,261.686,-1642.27,OK,-146.597,228.752,-1639.1,OK,-153.349,304.789,-1637.81,,364691398,Port:3,0,1773303789,968824162,Missing,,,,,,,,,4,Missing,,,,Missing,,,,Missing,,,,Missing,,,,,364691398,Port:65535,0,1773303789,968824162,Missing,,,,,,,,,0
4,,364691401,Port:1,0,1773303790,18824162,50000000,Enabled,0.470986,0.755846,-0.189325,0.413552,-74.7249,32.0729,-1682.94,0.282083,4,OK,-74.5675,32.0994,-1683.27,OK,-75.7554,-17.5737,-1675.57,OK,-35.4558,-44.3806,-1701.94,OK,-26.7679,18.5724,-1716.05,,364691401,Port:2,0,1773303790,18824162,Enabled,0.916481,0.0217191,0.0384465,0.397634,-107.35,261.611,-1642.24,0.145949,3,OK,-107.181,261.693,-1642.26,OK,-146.592,228.757,-1639.09,OK,-153.345,304.78,-1637.79,,364691401,Port:3,0,1773303790,18824162,Missing,,,,,,,,,4,Missing,,,,Missing,,,,Missing,,,,Missing,,,,,364691401,Port:65535,0,1773303790,18824162,Missing,,,,,,,,,0
4,,364691404,Port:1,0,1773303790,68824162,50000000,Enabled,0.465971,0.763171,-0.181601,0.409221,-71.9284,28.4451,-1680.77,0.239678,4,OK,-71.7779,28.479,-1681.04,OK,-72.1088,-21.2707,-1673.93,OK,-31.9029,-47.252,-1701.17,OK,-24.3934,15.9651,-1714.89,,364691404,Port:2,0,1773303790,68824162,Enabled,0.916463,0.021964,0.0387895,0.39763,-107.354,261.612,-1642.29,0.145775,3,OK,-107.188,261.695,-1642.31,OK,-146.592,228.752,-1639.11,OK,-153.345,304.786,-1637.79,,364691404,Port:3,0,1773303790,68824162,Missing,,,,,,,,,4,Missing,,,,Missing,,,,Missing,,,,Missing,,,,,364691404,Port:65535,0,1773303790,68824162,Missing,,,,,,,,,0
4,,364691407,Port:1,0,1773303790,118824162,50000000,Enabled,0.463908,0.765673,-0.180099,0.407552,-70.694,26.9381,-1679.8,0.252178,4,OK,-70.5541,26.9864,-1680.09,OK,-70.6679,-22.8,-1673.19,OK,-30.5117,-48.5186,-1700.82,OK,-23.3072,14.7533,-1714.21,,364691407,Port:2,0,1773303790,118824162,Enabled,0.916477,0.022036,0.038491,0.397621,-107.353,261.614,-1642.27,0.148509,3,OK,-107.184,261.702,-1642.28,OK,-146.599,228.757,-1639.12,OK,-153.342,304.779,-1637.78,,364691407,Port:3,0,1773303790,118824162,Missing,,,,,,,,,4,Missing,,,,Missing,,,,Missing,,,,Missing,,,,,364691407,Port:65535,0,1773303790,118824162,Missing,,,,,,,,,0
4,,364691410,Port:1,0,1773303790,168824162,50000000,Enabled,0.463337,0.767433,-0.175546,0.406877,-70.1599,26.3844,-1679.38,0.263552,4,OK,-70.0109,26.4238,-1679.68,OK,-69.7339,-23.3649,-1672.7,OK,-29.565,-48.7882,-1700.58,OK,-22.8948,14.5439,-1714.09,,364691410,Port:2,0,1773303790,168824162,Enabled,0.916499,0.0217635,0.0383704,0.397597,-107.35,261.613,-1642.26,0.148041,3,OK,-107.179,261.694,-1642.28,OK,-146.595,228.756,-1639.12,OK,-153.344,304.793,-1637.81,,364691410,Port:3,0,1773303790,168824162,Missing,,,,,,,,,4,Missing,,,,Missing,,,,Missing,,,,Missing,,,,,364691410,Port:65535,0,1773303790,168824162,Missing,,,,,,,,,0
4,,364691413,Port:1,0,1773303790,218824162,50000005,Enabled,0.464478,0.766134,-0.176941,0.407421,-70.6339,27.4787,-1679.74,0.280274,4,OK,-70.4754,27.5257,-1680.06,OK,-70.3488,-22.2561,-1672.96,OK,-30.216,-47.8682,-1700.68,OK,-23.337,15.425,-1714.26,,364691413,Port:2,0,1773303790,218824162,Enabled,0.916477,0.0220505,0.0382947,0.397639,-107.349,261.608,-1642.22,0.144695,3,OK,-107.184,261.691,-1642.24,OK,-146.591,228.75,-1639.09,OK,-153.342,304.776,-1637.74,,364691413,Port:3,0,1773303790,218824162,Missing,,,,,,,,,4,Missing,,,,Missing,,,,Missing,,,,Missing,,,,,364691413,Port:65535,0,1773303790,218824162,Missing,,,,,,,,,0
4,,364691416,Port:1,0,1773303790,268824167,50000000,Enabled,0.469062,0.760576,-0.184414,0.409263,-72.4297,30.1284,-1681.18,0.261795,4,OK,-72.2674,30.1666,-1681.49,OK,-73.0024,-19.5462,-1674.1,OK,-32.9143,-45.9642,-1701.1,OK,-24.8978,17.0954,-1715.03,,364691416,Port:2,0,1773303790,268824167,Enabled,0.916527,0.0215654,0.0379087,0.397589,-107.348,261.604,-1642.2,0.147055,3,OK,-107.179,261.684,-1642.22,OK,-146.596,228.746,-1639.1,OK,-153.345,304.788,-1637.8,,364691416,Port:3,0,1773303790,268824167,Missing,,,,,,,,,4,Missing,,,,Missing,,,,Missing,,,,Missing,,,,,364691416,Port:65535,0,1773303790,268824167,Missing,,,,,,,,,0
4,,364691419,Port:1,0,1773303790,318824167,50000000,Enabled,0.474186,0.751829,-0.198056,0.413128,-75.6446,33.5374,-1683.58,0.270732,4,OK,-75.5054,33.572,-1683.89,OK,-77.6184,-16.0601,-1676.16,OK,-37.549,-43.6223,-1702.11,OK,-27.6143,19.1147,-1716.19,,364691419,Port:2,0,1773303790,318824167,Enabled,0.916488,0.0218802,0.0383642,0.397618,-107.353,261.611,-1642.26,0.146723,3,OK,-107.184,261.694,-1642.28,OK,-146.596,228.752,-1639.12,OK,-153.346,304.787,-1637.8,,364691419,Port:3,0,1773303790,318824167,Missing,,,,,,,,,4,Missing,,,,Missing,,,,Missing,,,,Missing,,,,,364691419,Port:65535,0,1773303790,318824167,Missing,,,,,,,,,0
4,,364691422,Port:1,0,1773303790,368824167,50000000,Enabled,0.478317,0.741263,-0.212941,0.419997,-80.0156,37.1114,-1686.45,0.244641,4,OK,-79.8664,37.1369,-1686.73,OK,-83.3661,-12.3438,-1678.84,OK,-43.1766,-41.0489,-1703.27,OK,-31.3677,21.32,-1717.44,,364691422,Port:2,0,1773303790,368824167,Enabled,0.916472,0.0220212,0.0385236,0.39763,-107.356,261.611,-1642.28,0.147437,3,OK,-107.187,261.696,-1642.29,OK,-146.598,228.751,-1639.13,OK,-153.347,304.782,-1637.79,,364691422,Port:3,0,1773303790,368824167,Missing,,,,,,,,,4,Missing,,,,Missing,,,,Missing,,,,Missing,,,,,364691422,Port:65535,0,1773303790,368824167,Missing,,,,,,,,,0
4,,364691425,Port:1,0,1773303790,418824167,50000000,Enabled,0.48333,0.729206,-0.229272,0.426715,-84.7994,40.9027,-1689.75,0.272925,4,OK,-84.6432,40.9163,-1690.06,OK,-89.7526,-8.39988,-1681.83,OK,-49.5846,-38.3563,-1704.74,OK,-35.5626,23.5598,-1718.95,,364691425,Port:2,0,1773303790,418824167,Enabled,0.916463,0.0219113,0.0385518,0.397655,-107.352,261.617,-1642.28,0.148715,3,OK,-107.182,261.701,-1642.29,OK,-146.593,228.754,-1639.12,OK,-153.348,304.788,-1637.8,,364691425,Port:3,0,1773303790,418824167,Missing,,,,,,,,,4,Missing,,,,Missing,,,,Missing,,,,Missing,,,,,364691425,Port:65535,0,1773303790,418824167,Missing,,,,,,,,,0
4,,364691428,Port:1,0,1773303790,468824167,50000000,Enabled,0.492554,0.710278,-0.25241,0.434954,-90.2812,46.6129,-1694.25,0.284661,4,OK,-90.1253,46.6117,-1694.57,OK,-97.6865,-2.3136,-1685.82,OK,-57.8496,-34.2806,-1706.42,OK,-40.5107,26.7379,-1720.87,,364691428,Port:2,0,1773303790,468824167,Enabled,0.916476,0.0219755,0.0387108,0.397606,-107.353,261.606,-1642.26,0.146987,3,OK,-107.184,261.688,-1642.28,OK,-146.595,228.749,-1639.09,OK,-153.344,304.781,-1637.77,,364691428,Port:3,0,1773303790,468824167,Missing,,,,,,,,,4,Missing,,,,Missing,,,,Missing,,,,Missing,,,,,364691428,Port:65535,0,1773303790,468824167,Missing,,,,,,,,,0
4,,364691431,Port:1,0,1773303790,518824167,50000000,Enabled,0.500899,0.690286,-0.276295,0.44302,-95.1248,52.9395,-1699.18,0.303807,4,OK,-94.9506,52.9162,-1699.52,OK,-104.999,4.52824,-1690.44,OK,-65.7325,-29.4591,-1708.66,OK,-45.0924,30.5269,-1723.04,,364691431,Port:2,0,1773303790,518824167,Enabled,0.91651,0.0217515,0.0383185,0.397578,-107.354,261.612,-1642.25,0.145452,3,OK,-107.184,261.689,-1642.27,OK,-146.599,228.761,-1639.11,OK,-153.348,304.793,-1637.8,,364691431,Port:3,0,1773303790,518824167,Missing,,,,,,,,,4,Missing,,,,Missing,,,,Missing,,,,Missing,,,,,364691431,Port:65535,0,1773303790,518824167,Missing,,,,,,,,,0
4,,364691434,Port:1,0,1773303790,568824167,50000000,Enabled,0.509094,0.672519,-0.299447,0.445951,-98.4629,59.6498,-1703.87,0.30233,4,OK,-98.2921,59.6182,-1704.2,OK,-110.87,11.8547,-1695.07,OK,-72.572,-24.1041,-1711.44,OK,-48.6583,34.6795,-1725.54,,364691434,Port:2,0,1773303790,568824167,Enabled,0.916505,0.0219765,0.0381981,0.397589,-107.356,261.609,-1642.26,0.144736,3,OK,-107.19,261.689,-1642.28,OK,-146.6,228.753,-1639.14,OK,-153.348,304.789,-1637.8,,364691434,Port:3,0,1773303790,568824167,Missing,,,,,,,,,4,Missing,,,,Missing,,,,Missing,,,,Missing,,,,,364691434,Port:65535,0,1773303790,568824167,Missing,,,,,,,,,0
4,,364691437,Port:1,0,1773303790,618824167,50000000,Enabled,0.520247,0.651664,-0.324424,0.446571,-100.734,67.5811,-1709.04,0.272311,4,OK,-100.567,67.5305,-1709.33,OK,-116.103,20.6688,-1700.12,OK,-79.2978,-17.5675,-1714.47,OK,-51.5789,39.5816,-1728.48,,364691437,Port:2,0,1773303790,618824167,Enabled,0.916516,0.0216086,0.0379237,0.397609,-107.354,261.609,-1642.22,0.143656,3,OK,-107.187,261.686,-1642.24,OK,-146.598,228.756,-1639.12,OK,-153.353,304.788,-1637.81,,364691437,Port:3,0,1773303790,618824167,Missing,,,,,,,,,4,Missing,,,,Missing,,,,Missing,,,,Missing,,,,,364691437,Port:65535,0,1773303790,618824167,Missing,,,,,,,,,0
4,,364691440,Port:1,0,1773303790,668824167,50000000,Enabled,0.531106,0.629979,-0.3459,0.448783,-102.071,75.52,-1714.43,0.274141,4,OK,-101.912,75.4523,-1714.72,OK,-120.056,29.607,-1705.25,OK,-84.7299,-10.6699,-1717.5,OK,-53.6725,44.7628,-1731.48,,364691440,Port:2,0,1773303790,668824167,Enabled,0.916502,0.0219899,0.0382899,0.397586,-107.356,261.606,-1642.24,0.144794,3,OK,-107.19,261.687,-1642.25,OK,-146.601,228.752,-1639.11,OK,-153.346,304.782,-1637.76,,364691440,Port:3,0,1773303790,668824167,Missing,,,,,,,,,4,Missing,,,,Missing,,,,Missing,,,,Missing,,,,,364691440,Port:65535,0,1773303790,668824167,Missing,,,,,,,,,0
4,,364691443,Port:1,0,1773303790,718824167,50000000,Enabled,0.541243,0.606365,-0.369918,0.450042,-103.025,83.4404,-1720.16,0.30691,4,OK,-102.862,83.3606,-1720.48,OK,-123.841,38.7383,-1710.96,OK,-90.3118,-3.59353,-1721.16,OK,-55.7326,49.8019,-1734.64,,364691443,Port:2,0,1773303790,718824167,Enabled,0.91649,0.021903,0.0383276,0.397615,-107.355,261.613,-1642.27,0.14887,3,OK,-107.183,261.697,-1642.28,OK,-146.6,228.754,-1639.13,OK,-153.348,304.788,-1637.8,,364691443,Port:3,0,1773303790,718824167,Missing,,,,,,,,,4,Missing,,,,Missing,,,,Missing,,,,Missing,,,,,364691443,Port:65535,0,1773303790,718824167,Missing,,,,,,,,,0
4,,364691446,Port:1,0,1773303790,768824167,50000000,Enabled,0.550657,0.585077,-0.388817,0.450869,-103.448,90.6341,-1725.41,0.272338,4,OK,-103.291,90.5549,-1725.69,OK,-126.613,47.109,-1716.19,OK,-94.7735,3.11148,-1724.44,OK,-57.305,54.5789,-1737.72,,364691446,Port:2,0,1773303790,768824167,Enabled,0.91645,0.0219671,0.0386863,0.397669,-107.354,261.616,-1642.28,0.15059,3,OK,-107.183,261.701,-1642.3,OK,-146.594,228.748,-1639.12,OK,-153.35,304.788,-1637.79,,364691446,Port:3,0,1773303790,768824167,Missing,,,,,,,,,4,Missing,,,,Missing,,,,Missing,,,,Missing,,,,,364691446,Port:65535,0,1773303790,768824167,Missing,,,,,,,,,0
4,,364691449,Port:1,0,1773303790,818824167,50000000,Enabled,0.558007,0.566127,-0.405753,0.451103,-103.215,96.9539,-1730.17,0.236985,4,OK,-103.063,96.8608,-1730.4,OK,-128.4,54.5558,-1721.12,OK,-98.1857,9.1742,-1727.7,OK,-58.2463,58.8693,-1740.6,,364691449,Port:2,0,1773303790,818824167,Enabled,0.916463,0.0218547,0.0387959,0.397633,-107.353,261.606,-1642.25,0.146474,3,OK,-107.184,261.688,-1642.27,OK,-146.591,228.748,-1639.07,OK,-153.346,304.778,-1637.77,,364691449,Port:3,0,1773303790,818824167,Missing,,,,,,,,,4,Missing,,,,Missing,,,,Missing,,,,Missing,,,,,364691449,Port:65535,0,1773303790,818824167,Missing,,,,,,,,,0
4,,364691452,Port:1,0,1773303790,868824167,50000000,Enabled,0.565075,0.548618,-0.421135,0.449837,-102.538,102.738,-1734.43,0.233832,4,OK,-102.392,102.633,-1734.66,OK,-129.598,61.4873,-1725.53,OK,-101.057,14.8676,-1730.77,OK,-58.8507,62.7861,-1743.23,,364691452,Port:2,0,1773303790,868824167,Enabled,0.916472,0.0222433,0.0383339,0.397636,-107.349,261.61,-1642.26,0.144792,3,OK,-107.181,261.692,-1642.28,OK,-146.591,228.755,-1639.14,OK,-153.342,304.777,-1637.76,,364691452,Port:3,0,1773303790,868824167,Missing,,,,,,,,,4,Missing,,,,Missing,,,,Missing,,,,Missing,,,,,364691452,Port:65535,0,1773303790,868824167,Missing,,,,,,,,,0
4,,364691455,Port:1,0,1773303790,918824167,50000000,Enabled,0.570272,0.533097,-0.434357,0.449368,-101.906,107.464,-1738.3,0.244224,4,OK,-101.757,107.356,-1738.54,OK,-130.506,67.2143,-1729.61,OK,-103.411,19.64,-1733.69,OK,-59.362,66.0121,-1745.61,,364691455,Port:2,0,1773303790,918824167,Enabled,0.91646,0.0221809,0.0387759,0.397624,-107.354,261.611,-1642.28,0.148188,3,OK,-107.179,261.69,-1642.3,OK,-146.595,228.757,-1639.11,OK,-153.348,304.781,-1637.76,,364691455,Port:3,0,1773303790,918824167,Missing,,,,,,,,,4,Missing,,,,Missing,,,,Missing,,,,Missing,,,,,364691455,Port:65535,0,1773303790,918824167,Missing,,,,,,,,,0
4,,364691458,Port:1,0,1773303790,968824167,50000000,Enabled,0.575495,0.517542,-0.447947,0.447547,-100.896,112.142,-1741.77,0.228418,4,OK,-100.752,112.022,-1741.97,OK,-131.072,72.999,-1733.39,OK,-105.569,24.4746,-1736.37,OK,-59.6659,69.1676,-1747.72,,364691458,Port:2,0,1773303790,968824167,Enabled,0.916494,0.022231,0.0379474,0.397623,-107.353,261.617,-1642.27,0.144999,3,OK,-107.183,261.696,-1642.28,OK,-146.598,228.764,-1639.18,OK,-153.349,304.788,-1637.78,,364691458,Port:3,0,1773303790,968824167,Missing,,,,,,,,,4,Missing,,,,Missing,,,,Missing,,,,Missing,,,,,364691458,Port:65535,0,1773303790,968824167,Missing,,,,,,,,,0
4,,364691461,Port:1,0,1773303791,18824167,50000000,Enabled,0.580358,0.501838,-0.460808,0.446093,-99.4682,116.567,-1745.26,0.237267,4,OK,-99.3312,116.435,-1745.47,OK,-131.108,78.5408,-1737.19,OK,-107.191,29.1851,-1739.12,OK,-59.5889,72.1715,-1749.81,,364691461,Port:2,0,1773303791,18824167,Enabled,0.916512,0.0218187,0.0381559,0.397585,-107.348,261.605,-1642.23,0.143288,3,OK,-107.179,261.681,-1642.25,OK,-146.593,228.759,-1639.11,OK,-153.343,304.78,-1637.78,,364691461,Port:3,0,1773303791,18824167,Missing,,,,,,,,,4,Missing,,,,Missing,,,,Missing,,,,Missing,,,,,364691461,Port:65535,0,1773303791,18824167,Missing,,,,,,,,,0
4,,364691464,Port:1,0,1773303791,68824167,50000000,Enabled,0.585713,0.48775,-0.471904,0.443111,-97.4511,120.685,-1748.22,0.208647,4,OK,-97.3183,120.557,-1748.4,OK,-130.439,83.772,-1740.41,OK,-108.121,33.6523,-1741.42,OK,-58.9492,74.9878,-1751.71,,364691464,Port:2,0,1773303791,68824167,Enabled,0.9165,0.0217582,0.0382604,0.397606,-107.352,261.606,-1642.23,0.144093,3,OK,-107.186,261.687,-1642.25,OK,-146.595,228.752,-1639.1,OK,-153.345,304.782,-1637.79,,364691464,Port:3,0,1773303791,68824167,Missing,,,,,,,,,4,Missing,,,,Missing,,,,Missing,,,,Missing,,,,,364691464,Port:65535,0,1773303791,68824167,Missing,,,,,,,,,0
4,,364691467,Port:1,0,1773303791,118824167,50000000,Enabled,0.590604,0.474591,-0.481337,0.440754,-95.3544,124.406,-1751.01,0.207406,4,OK,-95.2261,124.271,-1751.18,OK,-129.512,88.523,-1743.39,OK,-108.633,37.7997,-1743.56,OK,-58.1247,77.588,-1753.46,,364691467,Port:2,0,1773303791,118824167,Enabled,0.916454,0.0220633,0.0388011,0.397642,-107.357,261.611,-1642.28,0.144947,3,OK,-107.19,261.694,-1642.29,OK,-146.595,228.755,-1639.1,OK,-153.349,304.779,-1637.77,,364691467,Port:3,0,1773303791,118824167,Missing,,,,,,,,,4,Missing,,,,Missing,,,,Missing,,,,Missing,,,,,364691467,Port:65535,0,1773303791,118824167,Missing,,,,,,,,,0
4,,364691470,Port:1,0,1773303791,168824167,50000000,Enabled,0.593476,0.463604,-0.490627,0.438341,-93.7607,127.511,-1753.48,0.201799,4,OK,-93.6405,127.358,-1753.63,OK,-128.896,92.5321,-1746.22,OK,-109.302,41.3017,-1745.79,OK,-57.6765,79.781,-1755.11,,364691470,Port:2,0,1773303791,168824167,Enabled,0.916502,0.0217074,0.0383083,0.397599,-107.351,261.606,-1642.24,0.142874,3,OK,-107.185,261.681,-1642.25,OK,-146.592,228.753,-1639.1,OK,-153.348,304.788,-1637.79,,364691470,Port:3,0,1773303791,168824167,Missing,,,,,,,,,4,Missing,,,,Missing,,,,Missing,,,,Missing,,,,,364691470,Port:65535,0,1773303791,168824167,Missing,,,,,,,,,0
4,,364691473,Port:1,0,1773303791,218824167,50000000,Enabled,0.596705,0.454533,-0.495942,0.437474,-92.6207,130.11,-1755.43,0.210068,4,OK,-92.5041,129.961,-1755.59,OK,-128.448,95.819,-1748.23,OK,-109.769,44.2503,-1747.22,OK,-57.3637,81.7344,-1756.29,,364691473,Port:2,0,1773303791,218824167,Enabled,0.916473,0.022033,0.038527,0.397628,-107.357,261.614,-1642.28,0.147053,3,OK,-107.188,261.696,-1642.29,OK,-146.598,228.754,-1639.12,OK,-153.35,304.787,-1637.78,,364691473,Port:3,0,1773303791,218824167,Missing,,,,,,,,,4,Missing,,,,Missing,,,,Missing,,,,Missing,,,,,364691473,Port:65535,0,1773303791,218824167,Missing,,,,,,,,,0
4,,364691476,Port:1,0,1773303791,268824167,50000000,Enabled,0.599648,0.447909,-0.500963,0.434553,-91.1746,132.489,-1756.95,0.212764,4,OK,-91.059,132.342,-1757.12,OK,-127.628,98.8374,-1749.86,OK,-109.845,46.97,-1748.57,OK,-56.7554,83.5083,-1757.43,,364691476,Port:2,0,1773303791,268824167,Enabled,0.916447,0.0220549,0.0388227,0.397657,-107.357,261.614,-1642.29,0.147404,3,OK,-107.188,261.699,-1642.31,OK,-146.595,228.753,-1639.11,OK,-153.349,304.781,-1637.78,,364691476,Port:3,0,1773303791,268824167,Missing,,,,,,,,,4,Missing,,,,Missing,,,,Missing,,,,Missing,,,,,364691476,Port:65535,0,1773303791,268824167,Missing,,,,,,,,,0
4,,364691479,Port:1,0,1773303791,318824167,50000000,Enabled,0.602578,0.439422,-0.506472,0.432776,-89.4626,134.758,-1758.73,0.214989,4,OK,-89.3526,134.6,-1758.9,OK,-126.585,101.815,-1751.78,OK,-109.762,49.6552,-1750,OK,-55.9288,85.1606,-1758.58,,364691479,Port:2,0,1773303791,318824167,Enabled,0.916519,0.0219813,0.0378841,0.397586,-107.35,261.602,-1642.22,0.142631,3,OK,-107.186,261.681,-1642.23,OK,-146.595,228.748,-1639.13,OK,-153.342,304.782,-1637.76,,364691479,Port:3,0,1773303791,318824167,Missing,,,,,,,,,4,Missing,,,,Missing,,,,Missing,,,,Missing,,,,,364691479,Port:65535,0,1773303791,318824167,Missing,,,,,,,,,0
4,,364691482,Port:1,0,1773303791,368824167,50000000,Enabled,0.605028,0.432665,-0.510736,0.43115,-87.9438,136.472,-1760.05,0.178438,4,OK,-87.8398,136.322,-1760.18,OK,-125.587,104.114,-1753.26,OK,-109.549,51.7148,-1751.02,OK,-55.1497,86.3825,-1759.45,,364691482,Port:2,0,1773303791,368824167,Enabled,0.916463,0.0222012,0.0384701,0.397645,-107.353,261.608,-1642.25,0.145016,3,OK,-107.185,261.69,-1642.27,OK,-146.592,228.751,-1639.11,OK,-153.345,304.775,-1637.75,,364691482,Port:3,0,1773303791,368824167,Missing,,,,,,,,,4,Missing,,,,Missing,,,,Missing,,,,Missing,,,,,364691482,Port:65535,0,1773303791,368824167,Missing,,,,,,,,,0
4,,364691485,Port:1,0,1773303791,418824167,50000000,Enabled,0.607835,0.430768,-0.511412,0.42829,-86.5282,137.418,-1760.07,0.173189,4,OK,-86.4147,137.278,-1760.19,OK,-124.43,105.388,-1753.14,OK,-108.824,52.8358,-1750.86,OK,-54.1522,87.0619,-1759.52,,364691485,Port:2,0,1773303791,418824167,Enabled,0.916516,0.0217847,0.0379757,0.397595,-107.352,261.608,-1642.25,0.143468,3,OK,-107.187,261.688,-1642.26,OK,-146.597,228.754,-1639.14,OK,-153.346,304.786,-1637.81,,364691485,Port:3,0,1773303791,418824167,Missing,,,,,,,,,4,Missing,,,,Missing,,,,Missing,,,,Missing,,,,,364691485,Port:65535,0,1773303791,418824167,Missing,,,,,,,,,0
4,,364691488,Port:1,0,1773303791,468824167,50000000,Enabled,0.610023,0.424271,-0.516723,0.42528,-84.6274,138.977,-1760.93,0.155959,4,OK,-84.5222,138.83,-1761.01,OK,-123.111,107.604,-1754.24,OK,-108.395,54.8135,-1751.68,OK,-53.1046,88.079,-1760.05,,364691488,Port:2,0,1773303791,468824167,Enabled,0.916509,0.021917,0.0379976,0.397602,-107.348,261.608,-1642.24,0.141464,3,OK,-107.184,261.687,-1642.25,OK,-146.591,228.758,-1639.14,OK,-153.341,304.782,-1637.79,,364691488,Port:3,0,1773303791,468824167,Missing,,,,,,,,,4,Missing,,,,Missing,,,,Missing,,,,Missing,,,,,364691488,Port:65535,0,1773303791,468824167,Missing,,,,,,,,,0
4,,364691491,Port:1,0,1773303791,518824167,50000000,Enabled,0.613959,0.416263,-0.522005,0.421058,-82.1681,141.158,-1762.29,0.155261,4,OK,-82.0541,141.007,-1762.36,OK,-121.346,110.632,-1755.7,OK,-107.779,57.5522,-1752.81,OK,-51.7447,89.6206,-1761.04,,364691491,Port:2,0,1773303791,518824167,Enabled,0.916516,0.021974,0.0380566,0.397577,-107.354,261.604,-1642.24,0.145431,3,OK,-107.184,261.683,-1642.26,OK,-146.601,228.754,-1639.14,OK,-153.347,304.783,-1637.78,,364691491,Port:3,0,1773303791,518824167,Missing,,,,,,,,,4,Missing,,,,Missing,,,,Missing,,,,Missing,,,,,364691491,Port:65535,0,1773303791,518824167,Missing,,,,,,,,,0
4,,364691494,Port:1,0,1773303791,568824167,50000000,Enabled,0.617646,0.403081,-0.529731,0.418836,-79.2373,144.045,-1764.47,0.162437,4,OK,-79.1343,143.882,-1764.55,OK,-119.285,114.621,-1758.14,OK,-107.146,61.2493,-1754.53,OK,-50.2033,91.7445,-1762.21,,364691494,Port:2,0,1773303791,568824167,Enabled,0.916439,0.0219478,0.0390925,0.397656,-107.355,261.612,-1642.29,0.148877,3,OK,-107.188,261.702,-1642.3,OK,-146.592,228.746,-1639.08,OK,-153.343,304.78,-1637.78,,364691494,Port:3,0,1773303791,568824167,Missing,,,,,,,,,4,Missing,,,,Missing,,,,Missing,,,,Missing,,,,,364691494,Port:65535,0,1773303791,568824167,Missing,,,,,,,,,0
4,,364691497,Port:1,0,1773303791,618824167,50000000,Enabled,0.625043,0.390874,-0.533671,0.414408,-75.6793,147.31,-1766.68,0.145593,4,OK,-75.5886,147.141,-1766.72,OK,-116.55,119.094,-1760.16,OK,-105.916,65.4633,-1755.74,OK,-48.1084,94.254,-1763.66,,364691497,Port:2,0,1773303791,618824167,Enabled,0.916486,0.0220974,0.0383849,0.397607,-107.355,261.611,-1642.27,0.149301,3,OK,-107.185,261.698,-1642.29,OK,-146.603,228.753,-1639.14,OK,-153.344,304.78,-1637.78,,364691497,Port:3,0,1773303791,618824167,Missing,,,,,,,,,4,Missing,,,,Missing,,,,Missing,,,,Missing,,,,,364691497,Port:65535,0,1773303791,618824167,Missing,,,,,,,,,0
4,,364691500,Port:1,0,1773303791,668824167,50000000,Enabled,0.628494,0.375738,-0.541029,0.413647,-72.7579,150.192,-1769.74,0.133575,4,OK,-72.6641,150.036,-1769.73,OK,-114.462,123.124,-1763.61,OK,-105.281,69.3205,-1758.11,OK,-46.6226,96.4883,-1765.51,,364691500,Port:2,0,1773303791,668824167,Enabled,0.916501,0.021987,0.0378493,0.39763,-107.351,261.609,-1642.24,0.141913,3,OK,-107.187,261.687,-1642.25,OK,-146.592,228.753,-1639.15,OK,-153.347,304.783,-1637.79,,364691500,Port:3,0,1773303791,668824167,Missing,,,,,,,,,4,Missing,,,,Missing,,,,Missing,,,,Missing,,,,,364691500,Port:65535,0,1773303791,668824167,Missing,,,,,,,,,0
4,,364691503,Port:1,0,1773303791,718824167,50000000,Enabled,0.630962,0.357992,-0.551729,0.411489,-69.8738,153.265,-1772.99,0.130865,4,OK,-69.7917,153.109,-1773,OK,-112.552,127.625,-1767.49,OK,-105.247,73.6299,-1761.15,OK,-45.5846,98.8149,-1767.44,,364691503,Port:2,0,1773303791,718824167,Enabled,0.916494,0.0221398,0.0383236,0.397593,-107.348,261.606,-1642.24,0.148643,3,OK,-107.176,261.69,-1642.25,OK,-146.596,228.752,-1639.11,OK,-153.338,304.778,-1637.74,,364691503,Port:3,0,1773303791,718824167,Missing,,,,,,,,,4,Missing,,,,Missing,,,,Missing,,,,Missing,,,,,364691503,Port:65535,0,1773303791,718824167,Missing,,,,,,,,,0
4,,364691506,Port:1,0,1773303791,768824167,50000000,Enabled,0.633908,0.338424,-0.562031,0.409573,-66.4536,156.16,-1776.54,0.137503,4,OK,-66.3617,156.004,-1776.54,OK,-110.11,132.053,-1771.7,OK,-104.801,77.9652,-1764.31,OK,-44.1656,101.033,-1769.53,,364691506,Port:2,0,1773303791,768824167,Enabled,0.916484,0.0219691,0.0384154,0.397615,-107.355,261.609,-1642.26,0.148923,3,OK,-107.183,261.693,-1642.28,OK,-146.6,228.749,-1639.12,OK,-153.347,304.784,-1637.79,,364691506,Port:3,0,1773303791,768824167,Missing,,,,,,,,,4,Missing,,,,Missing,,,,Missing,,,,Missing,,,,,364691506,Port:65535,0,1773303791,768824167,Missing,,,,,,,,,0
4,,364691509,Port:1,0,1773303791,818824167,50000000,Enabled,0.6381,0.310341,-0.575849,0.406097,-60.8534,159.859,-1781.02,0.131374,4,OK,-60.7794,159.704,-1781.02,OK,-105.774,138.011,-1777.12,OK,-103.358,83.9397,-1768.36,OK,-41.5557,103.887,-1772.02,,364691509,Port:2,0,1773303791,818824167,Enabled,0.916512,0.0217864,0.038071,0.397595,-107.35,261.609,-1642.24,0.14514,3,OK,-107.183,261.688,-1642.26,OK,-146.596,228.754,-1639.13,OK,-153.345,304.788,-1637.8,,364691509,Port:3,0,1773303791,818824167,Missing,,,,,,,,,4,Missing,,,,Missing,,,,Missing,,,,Missing,,,,,364691509,Port:65535,0,1773303791,818824167,Missing,,,,,,,,,0
4,,364691512,Port:1,0,1773303791,868824167,50000000,Enabled,0.646847,0.283507,-0.582303,0.40266,-54.2509,163.037,-1785.17,0.130172,4,OK,-54.1841,162.9,-1785.21,OK,-100.193,143.414,-1781.4,OK,-100.467,89.5732,-1771.07,OK,-37.7441,106.53,-1774.11,,364691512,Port:2,0,1773303791,868824167,Enabled,0.916477,0.0217934,0.038968,0.397587,-107.355,261.61,-1642.3,0.146247,3,OK,-107.191,261.695,-1642.31,OK,-146.595,228.75,-1639.1,OK,-153.34,304.79,-1637.81,,364691512,Port:3,0,1773303791,868824167,Missing,,,,,,,,,4,Missing,,,,Missing,,,,Missing,,,,Missing,,,,,364691512,Port:65535,0,1773303791,868824167,Missing,,,,,,,,,0
4,,364691515,Port:1,0,1773303791,918824167,50000000,Enabled,0.651291,0.259276,-0.593025,0.396128,-47.9438,165.725,-1788.81,0.126649,4,OK,-47.8863,165.589,-1788.82,OK,-94.8171,148.299,-1785.86,OK,-97.8605,94.7475,-1774.59,OK,-34.3555,108.73,-1776.38,,364691515,Port:2,0,1773303791,918824167,Enabled,0.916468,0.0219914,0.0385918,0.397636,-107.354,261.608,-1642.26,0.14383,3,OK,-107.189,261.69,-1642.28,OK,-146.593,228.752,-1639.11,OK,-153.346,304.777,-1637.77,,364691515,Port:3,0,1773303791,918824167,Missing,,,,,,,,,4,Missing,,,,Missing,,,,Missing,,,,Missing,,,,,364691515,Port:65535,0,1773303791,918824167,Missing,,,,,,,,,0
4,,364691518,Port:1,0,1773303791,968824167,50000000,Enabled,0.653909,0.24077,-0.600536,0.392159,-43.3945,167.499,-1791.42,0.12492,4,OK,-43.3346,167.384,-1791.47,OK,-90.8872,151.686,-1789.12,OK,-95.8938,98.4182,-1777.18,OK,-31.9438,110.253,-1777.89,,364691518,Port:2,0,1773303791,968824167,Enabled,0.916487,0.0220613,0.0382883,0.397617,-107.352,261.609,-1642.26,0.145872,3,OK,-107.187,261.694,-1642.27,OK,-146.596,228.75,-1639.13,OK,-153.342,304.78,-1637.78,,364691518,Port:3,0,1773303791,968824167,Missing,,,,,,,,,4,Missing,,,,Missing,,,,Missing,,,,Missing,,,,,364691518,Port:65535,0,1773303791,968824167,Missing,,,,,,,,,0
4,,364691521,Port:1,0,1773303792,18824167,50000000,Enabled,0.657699,0.230962,-0.604213,0.386025,-39.6956,168.54,-1792.3,0.12807,4,OK,-39.6387,168.409,-1792.31,OK,-87.5685,153.885,-1790.19,OK,-93.9532,100.85,-1778,OK,-29.7171,111.11,-1778.48,,364691521,Port:2,0,1773303792,18824167,Enabled,0.916519,0.0216236,0.0380713,0.397587,-107.349,261.601,-1642.24,0.141957,3,OK,-107.185,261.677,-1642.25,OK,-146.592,228.75,-1639.12,OK,-153.345,304.784,-1637.82,,364691521,Port:3,0,1773303792,18824167,Missing,,,,,,,,,4,Missing,,,,Missing,,,,Missing,,,,Missing,,,,,364691521,Port:65535,0,1773303792,18824167,Missing,,,,,,,,,0
4,,364691524,Port:1,0,1773303792,68824167,50000000,Enabled,0.663977,0.219814,-0.606641,0.377892,-34.663,169.484,-1792.76,0.125906,4,OK,-34.6174,169.352,-1792.77,OK,-82.9584,156.302,-1790.58,OK,-90.9368,103.543,-1778.1,OK,-26.4198,111.851,-1778.59,,364691524,Port:2,0,1773303792,68824167,Enabled,0.916481,0.0218399,0.0382952,0.397641,-107.35,261.61,-1642.25,0.145197,3,OK,-107.185,261.692,-1642.27,OK,-146.59,228.746,-1639.12,OK,-153.345,304.786,-1637.8,,364691524,Port:3,0,1773303792,68824167,Missing,,,,,,,,,4,Missing,,,,Missing,,,,Missing,,,,Missing,,,,,364691524,Port:65535,0,1773303792,68824167,Missing,,,,,,,,,0
4,,364691527,Port:1,0,1773303792,118824167,50000000,Enabled,0.670467,0.213338,-0.605659,0.371669,-30.2066,169.807,-1793.22,0.118506,4,OK,-30.1629,169.682,-1793.24,OK,-78.7294,157.63,-1790.65,OK,-87.7214,105.097,-1777.85,OK,-23.0685,112.089,-1778.84,,364691527,Port:2,0,1773303792,118824167,Enabled,0.916465,0.022142,0.0385077,0.397642,-107.351,261.604,-1642.26,0.143408,3,OK,-107.185,261.683,-1642.27,OK,-146.588,228.746,-1639.11,OK,-153.345,304.775,-1637.75,,364691527,Port:3,0,1773303792,118824167,Missing,,,,,,,,,4,Missing,,,,Missing,,,,Missing,,,,Missing,,,,,364691527,Port:65535,0,1773303792,118824167,Missing,,,,,,,,,0
4,,364691530,Port:1,0,1773303792,168824167,50000000,Enabled,0.673259,0.206063,-0.607331,0.367979,-27.13,170.045,-1793.96,0.116897,4,OK,-27.0773,169.93,-1793.97,OK,-75.8685,158.688,-1791.46,OK,-85.7624,106.375,-1778.41,OK,-20.9697,112.285,-1779.26,,364691530,Port:2,0,1773303792,168824167,Enabled,0.916485,0.0218938,0.0384537,0.397613,-107.349,261.605,-1642.25,0.146206,3,OK,-107.179,261.685,-1642.27,OK,-146.592,228.75,-1639.11,OK,-153.344,304.779,-1637.78,,364691530,Port:3,0,1773303792,168824167,Missing,,,,,,,,,4,Missing,,,,Missing,,,,Missing,,,,Missing,,,,,364691530,Port:65535,0,1773303792,168824167,Missing,,,,,,,,,0
4,,364691533,Port:1,0,1773303792,218824167,49999999,Enabled,0.674551,0.202856,-0.607337,0.367386,-26.3917,170.243,-1794.37,0.101362,4,OK,-26.3353,170.141,-1794.37,OK,-75.1963,159.179,-1791.89,OK,-85.3843,106.958,-1778.57,OK,-20.5753,112.497,-1779.45,,364691533,Port:2,0,1773303792,218824167,Enabled,0.916467,0.0218413,0.0388179,0.397624,-107.352,261.601,-1642.26,0.147116,3,OK,-107.185,261.686,-1642.28,OK,-146.591,228.739,-1639.08,OK,-153.341,304.775,-1637.78,,364691533,Port:3,0,1773303792,218824167,Missing,,,,,,,,,4,Missing,,,,Missing,,,,Missing,,,,Missing,,,,,364691533,Port:65535,0,1773303792,218824167,Missing,,,,,,,,,0
4,,364691536,Port:1,0,1773303792,268824166,50000000,Enabled,0.672749,0.204566,-0.608601,0.36765,-27.1231,170.569,-1794.48,0.111088,4,OK,-27.0662,170.451,-1794.45,OK,-75.8865,159.324,-1792.2,OK,-85.947,107.043,-1779.05,OK,-21.1776,112.814,-1779.78,,364691536,Port:2,0,1773303792,268824166,Enabled,0.916507,0.0218451,0.0380558,0.397604,-107.351,261.604,-1642.22,0.143722,3,OK,-107.182,261.68,-1642.23,OK,-146.595,228.753,-1639.11,OK,-153.348,304.782,-1637.77,,364691536,Port:3,0,1773303792,268824166,Missing,,,,,,,,,4,Missing,,,,Missing,,,,Missing,,,,Missing,,,,,364691536,Port:65535,0,1773303792,268824166,Missing,,,,,,,,,0
4,,364691539,Port:1,0,1773303792,318824166,50000000,Enabled,0.670488,0.204087,-0.609033,0.371313,-28.4295,170.767,-1795.18,0.113124,4,OK,-28.388,170.64,-1795.15,OK,-77.1448,159.255,-1793.1,OK,-86.9619,106.971,-1779.82,OK,-22.2016,113.094,-1780.21,,364691539,Port:2,0,1773303792,318824166,Enabled,0.916491,0.0218397,0.0383389,0.397615,-107.355,261.605,-1642.25,0.147793,3,OK,-107.186,261.689,-1642.27,OK,-146.599,228.744,-1639.12,OK,-153.347,304.78,-1637.79,,364691539,Port:3,0,1773303792,318824166,Missing,,,,,,,,,4,Missing,,,,Missing,,,,Missing,,,,Missing,,,,,364691539,Port:65535,0,1773303792,318824166,Missing,,,,,,,,,0
4,,364691542,Port:1,0,1773303792,368824166,50000000,Enabled,0.667902,0.216217,-0.603514,0.378057,-32.597,170.047,-1794.51,0.12676,4,OK,-32.5508,169.914,-1794.53,OK,-80.9404,157.154,-1791.93,OK,-89.1644,104.566,-1778.91,OK,-24.6003,112.512,-1779.88,,364691542,Port:2,0,1773303792,368824166,Enabled,0.916503,0.0218038,0.0380801,0.397615,-107.35,261.606,-1642.25,0.14731,3,OK,-107.179,261.686,-1642.26,OK,-146.596,228.75,-1639.13,OK,-153.347,304.783,-1637.8,,364691542,Port:3,0,1773303792,368824166,Missing,,,,,,,,,4,Missing,,,,Missing,,,,Missing,,,,Missing,,,,,364691542,Port:65535,0,1773303792,368824166,Missing,,,,,,,,,0
4,,364691545,Port:1,0,1773303792,418824166,50000000,Enabled,0.662002,0.231122,-0.599007,0.386687,-38.3289,168.67,-1793.15,0.124753,4,OK,-38.2637,168.548,-1793.17,OK,-86.165,154.025,-1790.37,OK,-92.4067,101.055,-1777.77,OK,-28.1842,111.337,-1779.07,,364691545,Port:2,0,1773303792,418824166,Enabled,0.916487,0.022006,0.0385477,0.397595,-107.355,261.601,-1642.28,0.147752,3,OK,-107.185,261.684,-1642.29,OK,-146.599,228.743,-1639.12,OK,-153.344,304.777,-1637.79,,364691545,Port:3,0,1773303792,418824166,Missing,,,,,,,,,4,Missing,,,,Missing,,,,Missing,,,,Missing,,,,,364691545,Port:65535,0,1773303792,418824166,Missing,,,,,,,,,0
4,,364691548,Port:1,0,1773303792,468824166,50000000,Enabled,0.653616,0.248652,-0.595781,0.394973,-44.9072,167.006,-1791.19,0.109834,4,OK,-44.8509,166.891,-1791.19,OK,-92.1097,150.435,-1788.48,OK,-96.1685,97.0699,-1776.58,OK,-32.4174,109.908,-1778.01,,364691548,Port:2,0,1773303792,468824166,Enabled,0.916479,0.0221768,0.0384745,0.39761,-107.354,261.605,-1642.27,0.143815,3,OK,-107.189,261.686,-1642.28,OK,-146.595,228.75,-1639.13,OK,-153.343,304.776,-1637.76,,364691548,Port:3,0,1773303792,468824166,Missing,,,,,,,,,4,Missing,,,,Missing,,,,Missing,,,,Missing,,,,,364691548,Port:65535,0,1773303792,468824166,Missing,,,,,,,,,0
4,,364691551,Port:1,0,1773303792,518824166,50000000,Enabled,0.646246,0.271743,-0.58961,0.401101,-51.9524,165.011,-1788.45,0.115125,4,OK,-51.8792,164.898,-1788.46,OK,-98.3348,146.299,-1785.44,OK,-99.8469,92.5574,-1774.68,OK,-36.7575,108.267,-1776.7,,364691551,Port:2,0,1773303792,518824166,Enabled,0.916464,0.0219159,0.038698,0.397638,-107.353,261.606,-1642.26,0.145315,3,OK,-107.188,261.69,-1642.28,OK,-146.591,228.745,-1639.09,OK,-153.345,304.779,-1637.78,,364691551,Port:3,0,1773303792,518824166,Missing,,,,,,,,,4,Missing,,,,Missing,,,,Missing,,,,Missing,,,,,364691551,Port:65535,0,1773303792,518824166,Missing,,,,,,,,,0
4,,364691554,Port:1,0,1773303792,568824166,50000000,Enabled,0.638523,0.294903,-0.58365,0.405799,-58.2918,162.678,-1785.4,0.129379,4,OK,-58.2149,162.548,-1785.42,OK,-103.781,141.917,-1782.17,OK,-102.836,87.9433,-1772.71,OK,-40.521,106.393,-1775.23,,364691554,Port:2,0,1773303792,568824166,Enabled,0.916483,0.0218147,0.0383917,0.39763,-107.353,261.605,-1642.26,0.148077,3,OK,-107.182,261.686,-1642.27,OK,-146.596,228.745,-1639.12,OK,-153.349,304.781,-1637.8,,364691554,Port:3,0,1773303792,568824166,Missing,,,,,,,,,4,Missing,,,,Missing,,,,Missing,,,,Missing,,,,,364691554,Port:65535,0,1773303792,568824166,Missing,,,,,,,,,0
4,,364691557,Port:1,0,1773303792,618824166,50000000,Enabled,0.63303,0.313721,-0.575232,0.412262,-63.5706,160.001,-1783,0.120888,4,OK,-63.4882,159.884,-1783.01,OK,-108.138,137.41,-1779.36,OK,-104.928,83.3894,-1770.59,OK,-43.4251,104.345,-1773.86,,364691557,Port:2,0,1773303792,618824166,Enabled,0.916508,0.0218822,0.0382406,0.397583,-107.353,261.604,-1642.25,0.146917,3,OK,-107.184,261.686,-1642.27,OK,-146.6,228.749,-1639.13,OK,-153.344,304.783,-1637.79,,364691557,Port:3,0,1773303792,618824166,Missing,,,,,,,,,4,Missing,,,,Missing,,,,Missing,,,,Missing,,,,,364691557,Port:65535,0,1773303792,618824166,Missing,,,,,,,,,0
4,,364691560,Port:1,0,1773303792,668824166,50000000,Enabled,0.628386,0.330882,-0.566329,0.418234,-68.0266,157.219,-1780.58,0.128897,4,OK,-67.9408,157.103,-1780.62,OK,-111.676,132.968,-1776.44,OK,-106.33,79.022,-1768.36,OK,-45.7112,102.246,-1772.35,,364691560,Port:2,0,1773303792,668824166,Enabled,0.916467,0.0221951,0.0386948,0.397615,-107.353,261.604,-1642.27,0.149961,3,OK,-107.181,261.689,-1642.29,OK,-146.597,228.743,-1639.11,OK,-153.342,304.776,-1637.75,,364691560,Port:3,0,1773303792,668824166,Missing,,,,,,,,,4,Missing,,,,Missing,,,,Missing,,,,Missing,,,,,364691560,Port:65535,0,1773303792,668824166,Missing,,,,,,,,,0
4,,364691563,Port:1,0,1773303792,718824166,50000000,Enabled,0.623641,0.352709,-0.555333,0.422225,-72.7306,153.787,-1776.94,0.115614,4,OK,-72.6438,153.672,-1776.95,OK,-115.245,127.714,-1772.21,OK,-107.506,73.8741,-1765.14,OK,-47.9901,99.6535,-1770.21,,364691563,Port:2,0,1773303792,718824166,Enabled,0.916512,0.0218708,0.0381235,0.397585,-107.348,261.601,-1642.22,0.144113,3,OK,-107.18,261.678,-1642.23,OK,-146.593,228.75,-1639.1,OK,-153.342,304.78,-1637.77,,364691563,Port:3,0,1773303792,718824166,Missing,,,,,,,,,4,Missing,,,,Missing,,,,Missing,,,,Missing,,,,,364691563,Port:65535,0,1773303792,718824166,Missing,,,,,,,,,0
4,,364691566,Port:1,0,1773303792,768824166,50000000,Enabled,0.619233,0.375138,-0.543087,0.425298,-77.243,149.901,-1773,0.137509,4,OK,-77.1491,149.774,-1773.05,OK,-118.502,122.009,-1767.56,OK,-108.395,68.4385,-1761.74,OK,-50.1393,96.748,-1767.88,,364691566,Port:2,0,1773303792,768824166,Enabled,0.916504,0.0216337,0.0383595,0.397594,-107.358,261.604,-1642.24,0.146444,3,OK,-107.192,261.689,-1642.26,OK,-146.602,228.745,-1639.1,OK,-153.348,304.784,-1637.81,,364691566,Port:3,0,1773303792,768824166,Missing,,,,,,,,,4,Missing,,,,Missing,,,,Missing,,,,Missing,,,,,364691566,Port:65535,0,1773303792,768824166,Missing,,,,,,,,,0
4,,364691569,Port:1,0,1773303792,818824166,50000000,Enabled,0.615523,0.394837,-0.532373,0.426397,-80.4042,146.241,-1769.14,0.142096,4,OK,-80.2958,146.107,-1769.19,OK,-120.561,116.878,-1763.16,OK,-108.485,63.5851,-1758.51,OK,-51.4079,93.9752,-1765.62,,364691569,Port:2,0,1773303792,818824166,Enabled,0.916482,0.0220191,0.0383801,0.397621,-107.354,261.603,-1642.27,0.147784,3,OK,-107.183,261.685,-1642.28,OK,-146.598,228.745,-1639.13,OK,-153.348,304.777,-1637.78,,364691569,Port:3,0,1773303792,818824166,Missing,,,,,,,,,4,Missing,,,,Missing,,,,Missing,,,,Missing,,,,,364691569,Port:65535,0,1773303792,818824166,Missing,,,,,,,,,0
4,,364691572,Port:1,0,1773303792,868824166,50000000,Enabled,0.613798,0.409509,-0.522005,0.42786,-82.3614,143.159,-1766.13,0.169493,4,OK,-82.2587,143.042,-1766.26,OK,-121.556,112.663,-1759.47,OK,-107.959,59.6769,-1755.72,OK,-51.8966,91.6627,-1763.7,,364691572,Port:2,0,1773303792,868824166,Enabled,0.916476,0.0216747,0.03897,0.397596,-107.352,261.6,-1642.26,0.146852,3,OK,-107.184,261.682,-1642.27,OK,-146.591,228.742,-1639.05,OK,-153.342,304.781,-1637.78,,364691572,Port:3,0,1773303792,868824166,Missing,,,,,,,,,4,Missing,,,,Missing,,,,Missing,,,,Missing,,,,,364691572,Port:65535,0,1773303792,868824166,Missing,,,,,,,,,0
4,,364691575,Port:1,0,1773303792,918824166,50000000,Enabled,0.611621,0.430877,-0.505404,0.42992,-85.0685,139.323,-1762.34,0.169187,4,OK,-84.958,139.206,-1762.47,OK,-122.773,107.209,-1754.71,OK,-106.923,54.7467,-1752.08,OK,-52.482,89.0869,-1761.6,,364691575,Port:2,0,1773303792,918824166,Enabled,0.916468,0.0222839,0.0385264,0.397625,-107.35,261.604,-1642.25,0.147908,3,OK,-107.18,261.688,-1642.27,OK,-146.594,228.747,-1639.11,OK,-153.341,304.771,-1637.73,,364691575,Port:3,0,1773303792,918824166,Missing,,,,,,,,,4,Missing,,,,Missing,,,,Missing,,,,Missing,,,,,364691575,Port:65535,0,1773303792,918824166,Missing,,,,,,,,,0
4,,364691578,Port:1,0,1773303792,968824166,50000000,Enabled,0.607723,0.450257,-0.491579,0.431614,-87.9193,135.154,-1758.41,0.167428,4,OK,-87.8037,135.047,-1758.53,OK,-124.196,101.567,-1750.18,OK,-106.351,49.6958,-1748.72,OK,-53.4983,86.1565,-1759.28,,364691578,Port:2,0,1773303792,968824166,Enabled,0.916498,0.022001,0.0379676,0.397625,-107.348,261.6,-1642.21,0.144605,3,OK,-107.18,261.679,-1642.23,OK,-146.593,228.746,-1639.12,OK,-153.345,304.772,-1637.75,,364691578,Port:3,0,1773303792,968824166,Missing,,,,,,,,,4,Missing,,,,Missing,,,,Missing,,,,Missing,,,,,364691578,Port:65535,0,1773303792,968824166,Missing,,,,,,,,,0
4,,364691581,Port:1,0,1773303793,18824166,50000000,Enabled,0.601907,0.470981,-0.476987,0.434015,-90.4865,130.26,-1754,0.219205,4,OK,-90.3704,130.153,-1754.2,OK,-125.103,95.074,-1745.25,OK,-105.102,43.9763,-1745.24,OK,-54.1113,82.7607,-1756.55,,364691581,Port:2,0,1773303793,18824166,Enabled,0.916459,0.0220999,0.0388454,0.397625,-107.351,261.607,-1642.28,0.144622,3,OK,-107.184,261.689,-1642.3,OK,-146.59,228.754,-1639.1,OK,-153.341,304.775,-1637.77,,364691581,Port:3,0,1773303793,18824166,Missing,,,,,,,,,4,Missing,,,,Missing,,,,Missing,,,,Missing,,,,,364691581,Port:65535,0,1773303793,18824166,Missing,,,,,,,,,0
4,,364691584,Port:1,0,1773303793,68824166,50000000,Enabled,0.597424,0.492741,-0.459545,0.434866,-92.4825,124.732,-1748.9,0.19497,4,OK,-92.3552,124.639,-1749.07,OK,-125.28,87.9907,-1739.53,OK,-103.155,37.7878,-1740.92,OK,-54.2697,78.8591,-1753.45,,364691584,Port:2,0,1773303793,68824166,Enabled,0.916486,0.0221132,0.0381936,0.397626,-107.354,261.607,-1642.25,0.143008,3,OK,-107.188,261.687,-1642.27,OK,-146.595,228.753,-1639.14,OK,-153.346,304.775,-1637.77,,364691584,Port:3,0,1773303793,68824166,Missing,,,,,,,,,4,Missing,,,,Missing,,,,Missing,,,,Missing,,,,,364691584,Port:65535,0,1773303793,68824166,Missing,,,,,,,,,0
4,,364691587,Port:1,0,1773303793,118824166,50000000,Enabled,0.590302,0.515173,-0.44304,0.435725,-94.3875,118.588,-1743.6,0.198266,4,OK,-94.258,118.504,-1743.78,OK,-125.23,80.2727,-1733.91,OK,-100.973,31.1164,-1736.98,OK,-54.3757,74.5452,-1750.23,,364691587,Port:2,0,1773303793,118824166,Enabled,0.916481,0.0217118,0.0386403,0.397615,-107.354,261.606,-1642.26,0.147896,3,OK,-107.184,261.69,-1642.28,OK,-146.596,228.748,-1639.09,OK,-153.346,304.781,-1637.8,,364691587,Port:3,0,1773303793,118824166,Missing,,,,,,,,,4,Missing,,,,Missing,,,,Missing,,,,Missing,,,,,364691587,Port:65535,0,1773303793,118824166,Missing,,,,,,,,,0
4,,364691590,Port:1,0,1773303793,168824166,50000000,Enabled,0.583372,0.537922,-0.424293,0.436226,-95.9525,112.012,-1738.14,0.242626,4,OK,-95.8198,111.939,-1738.38,OK,-124.65,72.1596,-1728.01,OK,-98.2801,24.2241,-1732.92,OK,-54.2348,69.9904,-1746.92,,364691590,Port:2,0,1773303793,168824166,Enabled,0.916506,0.021702,0.0383782,0.397585,-107.35,261.602,-1642.23,0.145238,3,OK,-107.182,261.681,-1642.25,OK,-146.594,228.749,-1639.09,OK,-153.343,304.781,-1637.79,,364691590,Port:3,0,1773303793,168824166,Missing,,,,,,,,,4,Missing,,,,Missing,,,,Missing,,,,Missing,,,,,364691590,Port:65535,0,1773303793,168824166,Missing,,,,,,,,,0
4,,364691593,Port:1,0,1773303793,218824166,49999998,Enabled,0.575122,0.56042,-0.406242,0.43604,-97.127,105.196,-1732.82,0.254373,4,OK,-96.9804,105.129,-1733.08,OK,-123.645,63.8725,-1722.54,OK,-95.3151,17.3159,-1729.31,OK,-53.8803,65.3165,-1743.84,,364691593,Port:2,0,1773303793,218824166,Enabled,0.916493,0.0220053,0.038304,0.397605,-107.355,261.605,-1642.26,0.146575,3,OK,-107.185,261.685,-1642.28,OK,-146.599,228.748,-1639.13,OK,-153.348,304.782,-1637.78,,364691593,Port:3,0,1773303793,218824166,Missing,,,,,,,,,4,Missing,,,,Missing,,,,Missing,,,,Missing,,,,,364691593,Port:65535,0,1773303793,218824166,Missing,,,,,,,,,0
4,,364691596,Port:1,0,1773303793,268824164,50000000,Enabled,0.566913,0.582808,-0.386703,0.435206,-97.4626,98.4369,-1727.3,0.220757,4,OK,-97.3156,98.376,-1727.52,OK,-121.678,55.7693,-1716.92,OK,-91.4546,10.6881,-1725.54,OK,-52.8852,60.8002,-1740.65,,364691596,Port:2,0,1773303793,268824164,Enabled,0.916456,0.0220812,0.0388774,0.39763,-107.354,261.609,-1642.31,0.149095,3,OK,-107.184,261.694,-1642.32,OK,-146.594,228.747,-1639.12,OK,-153.345,304.782,-1637.79,,364691596,Port:3,0,1773303793,268824164,Missing,,,,,,,,,4,Missing,,,,Missing,,,,Missing,,,,Missing,,,,,364691596,Port:65535,0,1773303793,268824164,Missing,,,,,,,,,0
4,,364691599,Port:1,0,1773303793,318824164,50000000,Enabled,0.55931,0.604083,-0.365002,0.434777,-97.1105,91.2681,-1721.91,0.275336,4,OK,-96.9518,91.2245,-1722.2,OK,-118.854,47.3202,-1711.23,OK,-86.9004,3.87841,-1721.75,OK,-51.3236,56.0412,-1737.46,,364691599,Port:2,0,1773303793,318824164,Enabled,0.916492,0.0222391,0.0379676,0.397625,-107.351,261.61,-1642.25,0.145821,3,OK,-107.181,261.691,-1642.26,OK,-146.597,228.756,-1639.16,OK,-153.346,304.777,-1637.76,,364691599,Port:3,0,1773303793,318824164,Missing,,,,,,,,,4,Missing,,,,Missing,,,,Missing,,,,Missing,,,,,364691599,Port:65535,0,1773303793,318824164,Missing,,,,,,,,,0
4,,364691602,Port:1,0,1773303793,368824164,50000000,Enabled,0.549475,0.62495,-0.34859,0.431277,-96.3472,84.1739,-1716.83,0.254458,4,OK,-96.1915,84.1314,-1717.11,OK,-115.989,39.1806,-1706.53,OK,-82.6821,-2.70917,-1719.11,OK,-49.7855,51.1554,-1734.75,,364691602,Port:2,0,1773303793,368824164,Enabled,0.916502,0.0216249,0.0383834,0.397597,-107.352,261.601,-1642.23,0.143349,3,OK,-107.19,261.684,-1642.25,OK,-146.592,228.743,-1639.08,OK,-153.342,304.783,-1637.79,,364691602,Port:3,0,1773303793,368824164,Missing,,,,,,,,,4,Missing,,,,Missing,,,,Missing,,,,Missing,,,,,364691602,Port:65535,0,1773303793,368824164,Missing,,,,,,,,,0
4,,364691605,Port:1,0,1773303793,418824164,50000000,Enabled,0.541379,0.643373,-0.329527,0.429408,-95.058,77.5184,-1712.28,0.267135,4,OK,-94.8877,77.4757,-1712.57,OK,-112.475,31.5967,-1702.04,OK,-77.9038,-8.69364,-1716.39,OK,-47.8094,46.7714,-1732.26,,364691605,Port:2,0,1773303793,418824164,Enabled,0.916484,0.0220549,0.0383103,0.397621,-107.352,261.609,-1642.26,0.147196,3,OK,-107.18,261.689,-1642.28,OK,-146.597,228.756,-1639.13,OK,-153.347,304.778,-1637.78,,364691605,Port:3,0,1773303793,418824164,Missing,,,,,,,,,4,Missing,,,,Missing,,,,Missing,,,,Missing,,,,,364691605,Port:65535,0,1773303793,418824164,Missing,,,,,,,,,0
4,,364691608,Port:1,0,1773303793,468824164,50000000,Enabled,0.534512,0.659999,-0.312169,0.425734,-93.1911,71.821,-1708.07,0.276549,4,OK,-93.0227,71.7787,-1708.37,OK,-108.673,25.1638,-1697.93,OK,-73.1808,-13.6514,-1714.04,OK,-45.5657,43.0531,-1730.06,,364691608,Port:2,0,1773303793,468824164,Enabled,0.916505,0.0219544,0.0378745,0.39762,-107.353,261.611,-1642.25,0.143654,3,OK,-107.185,261.689,-1642.26,OK,-146.597,228.758,-1639.16,OK,-153.35,304.784,-1637.8,,364691608,Port:3,0,1773303793,468824164,Missing,,,,,,,,,4,Missing,,,,Missing,,,,Missing,,,,Missing,,,,,364691608,Port:65535,0,1773303793,468824164,Missing,,,,,,,,,0
4,,364691611,Port:1,0,1773303793,518824164,50000000,Enabled,0.526996,0.674235,-0.297281,0.423446,-91.4665,66.462,-1704.34,0.316186,4,OK,-91.3031,66.4339,-1704.69,OK,-105.167,19.2001,-1694.41,OK,-68.8586,-18.2319,-1712.1,OK,-43.5434,39.5599,-1727.94,,364691611,Port:2,0,1773303793,518824164,Enabled,0.916482,0.0220067,0.0383145,0.397629,-107.354,261.608,-1642.26,0.144227,3,OK,-107.188,261.689,-1642.27,OK,-146.594,228.751,-1639.13,OK,-153.347,304.78,-1637.78,,364691611,Port:3,0,1773303793,518824164,Missing,,,,,,,,,4,Missing,,,,Missing,,,,Missing,,,,Missing,,,,,364691611,Port:65535,0,1773303793,518824164,Missing,,,,,,,,,0
4,,364691614,Port:1,0,1773303793,568824164,50000000,Enabled,0.518579,0.68894,-0.280987,0.421288,-89.5122,60.7017,-1700.5,0.307444,4,OK,-89.3503,60.6881,-1700.85,OK,-101.232,12.8636,-1690.93,OK,-64.1341,-23.018,-1710.13,OK,-41.3831,35.8433,-1725.78,,364691614,Port:2,0,1773303793,568824164,Enabled,0.916463,0.0217895,0.0390122,0.397617,-107.353,261.604,-1642.29,0.146129,3,OK,-107.186,261.688,-1642.3,OK,-146.592,228.747,-1639.08,OK,-153.342,304.777,-1637.8,,364691614,Port:3,0,1773303793,568824164,Missing,,,,,,,,,4,Missing,,,,Missing,,,,Missing,,,,Missing,,,,,364691614,Port:65535,0,1773303793,568824164,Missing,,,,,,,,,0
4,,364691617,Port:1,0,1773303793,618824164,50000000,Enabled,0.509916,0.702483,-0.266896,0.418653,-87.6082,55.0992,-1697.05,0.282502,4,OK,-87.4515,55.0908,-1697.37,OK,-97.5937,6.78017,-1687.98,OK,-59.8518,-27.6154,-1708.6,OK,-39.3681,32.1673,-1723.92,,364691617,Port:2,0,1773303793,618824164,Enabled,0.916463,0.0221733,0.0386871,0.397627,-107.357,261.614,-1642.3,0.147636,3,OK,-107.186,261.694,-1642.31,OK,-146.597,228.755,-1639.14,OK,-153.351,304.787,-1637.78,,364691617,Port:3,0,1773303793,618824164,Missing,,,,,,,,,4,Missing,,,,Missing,,,,Missing,,,,Missing,,,,,364691617,Port:65535,0,1773303793,618824164,Missing,,,,,,,,,0
4,,364691620,Port:1,0,1773303793,668824164,50000000,Enabled,0.501871,0.716548,-0.249557,0.415217,-85.3074,49.624,-1693.7,0.248032,4,OK,-85.1767,49.649,-1693.98,OK,-93.3687,0.867975,-1685.01,OK,-55.0175,-31.9209,-1707.18,OK,-37.0935,28.7377,-1722.36,,364691620,Port:2,0,1773303793,668824164,Enabled,0.916509,0.0214296,0.0380469,0.397624,-107.347,261.6,-1642.21,0.145153,3,OK,-107.177,261.675,-1642.22,OK,-146.589,228.743,-1639.09,OK,-153.35,304.784,-1637.81,,364691620,Port:3,0,1773303793,668824164,Missing,,,,,,,,,4,Missing,,,,Missing,,,,Missing,,,,Missing,,,,,364691620,Port:65535,0,1773303793,668824164,Missing,,,,,,,,,0
4,,364691623,Port:1,0,1773303793,718824164,50000000,Enabled,0.494227,0.727705,-0.234893,0.413533,-83.3388,44.7942,-1691.02,0.279327,4,OK,-83.1796,44.8162,-1691.34,OK,-89.6728,-4.29806,-1682.68,OK,-50.858,-35.6155,-1706.08,OK,-35.1878,25.7603,-1720.95,,364691623,Port:2,0,1773303793,718824164,Enabled,0.91647,0.0221389,0.0386993,0.397612,-107.356,261.609,-1642.28,0.14733,3,OK,-107.185,261.691,-1642.3,OK,-146.598,228.754,-1639.12,OK,-153.347,304.779,-1637.77,,364691623,Port:3,0,1773303793,718824164,Missing,,,,,,,,,4,Missing,,,,Missing,,,,Missing,,,,Missing,,,,,364691623,Port:65535,0,1773303793,718824164,Missing,,,,,,,,,0
4,,364691626,Port:1,0,1773303793,768824164,50000000,Enabled,0.488545,0.736071,-0.225378,0.410766,-81.5648,41.377,-1688.91,0.293743,4,OK,-81.4147,41.4056,-1689.25,OK,-86.7929,-7.89382,-1680.94,OK,-47.7656,-38.2261,-1705.38,OK,-33.594,23.5834,-1719.86,,364691626,Port:2,0,1773303793,768824164,Enabled,0.916482,0.0221371,0.0384851,0.397604,-107.353,261.608,-1642.27,0.144912,3,OK,-107.184,261.687,-1642.28,OK,-146.596,228.756,-1639.12,OK,-153.344,304.779,-1637.77,,364691626,Port:3,0,1773303793,768824164,Missing,,,,,,,,,4,Missing,,,,Missing,,,,Missing,,,,Missing,,,,,364691626,Port:65535,0,1773303793,768824164,Missing,,,,,,,,,0
4,,364691629,Port:1,0,1773303793,818824164,50000000,Enabled,0.484231,0.742537,-0.216739,0.408881,-80.0029,38.8624,-1687.4,0.263451,4,OK,-79.8715,38.8926,-1687.7,OK,-84.2609,-10.523,-1679.7,OK,-45.0683,-40.0361,-1704.86,OK,-32.1861,22.0855,-1719.18,,364691629,Port:2,0,1773303793,818824164,Enabled,0.916523,0.0218974,0.0379476,0.397574,-107.353,261.601,-1642.22,0.141347,3,OK,-107.187,261.676,-1642.24,OK,-146.598,228.756,-1639.12,OK,-153.348,304.778,-1637.77,,364691629,Port:3,0,1773303793,818824164,Missing,,,,,,,,,4,Missing,,,,Missing,,,,Missing,,,,Missing,,,,,364691629,Port:65535,0,1773303793,818824164,Missing,,,,,,,,,0
4,,364691632,Port:1,0,1773303793,868824164,50000000,Enabled,0.482071,0.746373,-0.212598,0.406616,-79.0797,37.6083,-1686.47,0.284077,4,OK,-78.9297,37.6391,-1686.8,OK,-82.9042,-11.8611,-1678.95,OK,-43.7434,-40.9474,-1704.63,OK,-31.4559,21.3473,-1718.77,,364691632,Port:2,0,1773303793,868824164,Enabled,0.916516,0.0218715,0.0380871,0.39758,-107.354,261.607,-1642.25,0.1443,3,OK,-107.185,261.683,-1642.26,OK,-146.599,228.756,-1639.13,OK,-153.349,304.788,-1637.79,,364691632,Port:3,0,1773303793,868824164,Missing,,,,,,,,,4,Missing,,,,Missing,,,,Missing,,,,Missing,,,,,364691632,Port:65535,0,1773303793,868824164,Missing,,,,,,,,,0
4,,364691635,Port:1,0,1773303793,918824164,50000000,Enabled,0.484073,0.744723,-0.215946,0.405498,-79.4333,38.4808,-1686.84,0.254212,4,OK,-79.2916,38.4949,-1687.12,OK,-83.7139,-10.9508,-1679.27,OK,-44.7266,-40.387,-1704.78,OK,-31.8425,21.79,-1719.07,,364691635,Port:2,0,1773303793,918824164,Enabled,0.916463,0.0220987,0.0386376,0.397637,-107.353,261.609,-1642.27,0.148084,3,OK,-107.181,261.693,-1642.28,OK,-146.596,228.754,-1639.11,OK,-153.345,304.773,-1637.76,,364691635,Port:3,0,1773303793,918824164,Missing,,,,,,,,,4,Missing,,,,Missing,,,,Missing,,,,Missing,,,,,364691635,Port:65535,0,1773303793,918824164,Missing,,,,,,,,,0
4,,364691638,Port:1,0,1773303793,968824164,50000000,Enabled,0.487554,0.739882,-0.223432,0.406132,-80.3898,40.7619,-1687.97,0.260299,4,OK,-80.2413,40.7756,-1688.26,OK,-85.4937,-8.5638,-1680.25,OK,-46.7268,-38.7148,-1705.23,OK,-32.7416,23.2085,-1719.61,,364691638,Port:2,0,1773303793,968824164,Enabled,0.916509,0.0218623,0.0380403,0.3976,-107.352,261.608,-1642.25,0.138559,3,OK,-107.192,261.684,-1642.26,OK,-146.591,228.757,-1639.14,OK,-153.345,304.786,-1637.8,,364691638,Port:3,0,1773303793,968824164,Missing,,,,,,,,,4,Missing,,,,Missing,,,,Missing,,,,Missing,,,,,364691638,Port:65535,0,1773303793,968824164,Missing,,,,,,,,,0
4,,364691641,Port:1,0,1773303794,18824164,50000000,Enabled,0.494413,0.729311,-0.238204,0.408559,-82.4329,44.9708,-1690.47,0.286721,4,OK,-82.2593,44.9826,-1690.8,OK,-89.1687,-4.11138,-1682.42,OK,-50.7709,-35.6269,-1706.22,OK,-34.6371,25.6927,-1720.78,,364691641,Port:2,0,1773303794,18824164,Enabled,0.916445,0.0220774,0.0387874,0.397665,-107.356,261.614,-1642.28,0.147281,3,OK,-107.188,261.699,-1642.3,OK,-146.594,228.751,-1639.11,OK,-153.35,304.782,-1637.77,,364691641,Port:3,0,1773303794,18824164,Missing,,,,,,,,,4,Missing,,,,Missing,,,,Missing,,,,Missing,,,,,364691641,Port:65535,0,1773303794,18824164,Missing,,,,,,,,,0
4,,364691644,Port:1,0,1773303794,68824164,50000000,Enabled,0.501944,0.71863,-0.251767,0.410167,-84.3502,49.9743,-1693.21,0.266121,4,OK,-84.2084,49.9879,-1693.51,OK,-92.6896,1.22575,-1684.77,OK,-54.7563,-31.696,-1707.41,OK,-36.5049,28.9283,-1722.3,,364691644,Port:2,0,1773303794,68824164,Enabled,0.916489,0.0222115,0.0381716,0.397615,-107.355,261.614,-1642.29,0.145186,3,OK,-107.186,261.693,-1642.3,OK,-146.599,228.76,-1639.18,OK,-153.35,304.787,-1637.79,,364691644,Port:3,0,1773303794,68824164,Missing,,,,,,,,,4,Missing,,,,Missing,,,,Missing,,,,Missing,,,,,364691644,Port:65535,0,1773303794,68824164,Missing,,,,,,,,,0
4,,364691647,Port:1,0,1773303794,118824164,50000000,Enabled,0.510228,0.706231,-0.266304,0.412295,-86.1786,55.5253,-1696.38,0.279376,4,OK,-86.0264,55.5159,-1696.7,OK,-96.2684,7.18713,-1687.48,OK,-58.891,-27.2209,-1708.81,OK,-38.3566,32.5805,-1724.03,,364691647,Port:2,0,1773303794,118824164,Enabled,0.916519,0.0217079,0.0378705,0.397601,-107.349,261.604,-1642.22,0.146736,3,OK,-107.18,261.685,-1642.24,OK,-146.596,228.747,-1639.13,OK,-153.346,304.786,-1637.8,,364691647,Port:3,0,1773303794,118824164,Missing,,,,,,,,,4,Missing,,,,Missing,,,,Missing,,,,Missing,,,,,364691647,Port:65535,0,1773303794,118824164,Missing,,,,,,,,,0
4,,364691650,Port:1,0,1773303794,168824164,50000000,Enabled,0.52036,0.690287,-0.283187,0.415373,-88.1557,61.9641,-1700.32,0.272635,4,OK,-88.0006,61.9455,-1700.63,OK,-100.296,14.1994,-1690.89,OK,-63.6882,-21.9584,-1710.45,OK,-40.4509,36.743,-1726.14,,364691650,Port:2,0,1773303794,168824164,Enabled,0.916474,0.0219075,0.0386803,0.397617,-107.356,261.604,-1642.26,0.144336,3,OK,-107.192,261.687,-1642.27,OK,-146.595,228.747,-1639.09,OK,-153.346,304.778,-1637.77,,364691650,Port:3,0,1773303794,168824164,Missing,,,,,,,,,4,Missing,,,,Missing,,,,Missing,,,,Missing,,,,,364691650,Port:65535,0,1773303794,168824164,Missing,,,,,,,,,0
4,,364691653,Port:1,0,1773303794,218824164,50000002,Enabled,0.529024,0.673358,-0.302125,0.41886,-90.2119,68.3651,-1704.59,0.307791,4,OK,-90.0472,68.329,-1704.93,OK,-104.52,21.2743,-1694.81,OK,-68.7639,-16.593,-1712.65,OK,-42.7229,40.8735,-1728.34,,364691653,Port:2,0,1773303794,218824164,Enabled,0.916454,0.02175,0.0389439,0.397647,-107.353,261.61,-1642.27,0.146086,3,OK,-107.187,261.691,-1642.28,OK,-146.587,228.746,-1639.07,OK,-153.347,304.788,-1637.79,,364691653,Port:3,0,1773303794,218824164,Missing,,,,,,,,,4,Missing,,,,Missing,,,,Missing,,,,Missing,,,,,364691653,Port:65535,0,1773303794,218824164,Missing,,,,,,,,,0
4,,364691656,Port:1,0,1773303794,268824166,50000000,Enabled,0.537482,0.656697,-0.31835,0.422511,-92.1669,74.302,-1708.84,0.276551,4,OK,-91.9912,74.2461,-1709.14,OK,-108.425,27.9115,-1698.76,OK,-73.5194,-11.476,-1714.73,OK,-44.9629,44.7571,-1730.66,,364691656,Port:2,0,1773303794,268824166,Enabled,0.916493,0.0219752,0.0382974,0.397607,-107.352,261.607,-1642.26,0.144148,3,OK,-107.185,261.684,-1642.27,OK,-146.594,228.752,-1639.13,OK,-153.347,304.784,-1637.79,,364691656,Port:3,0,1773303794,268824166,Missing,,,,,,,,,4,Missing,,,,Missing,,,,Missing,,,,Missing,,,,,364691656,Port:65535,0,1773303794,268824166,Missing,,,,,,,,,0
4,,364691659,Port:1,0,1773303794,318824166,50000000,Enabled,0.544873,0.638728,-0.33683,0.426246,-93.9193,80.2457,-1713.41,0.288945,4,OK,-93.7482,80.1831,-1713.72,OK,-112.265,34.6777,-1703.18,OK,-78.372,-6.26377,-1717.35,OK,-47.1447,48.5841,-1733.07,,364691659,Port:2,0,1773303794,318824166,Enabled,0.916537,0.0219345,0.0375108,0.397582,-107.35,261.602,-1642.19,0.142075,3,OK,-107.183,261.677,-1642.21,OK,-146.599,228.756,-1639.14,OK,-153.347,304.777,-1637.76,,364691659,Port:3,0,1773303794,318824166,Missing,,,,,,,,,4,Missing,,,,Missing,,,,Missing,,,,Missing,,,,,364691659,Port:65535,0,1773303794,318824166,Missing,,,,,,,,,0
4,,364691662,Port:1,0,1773303794,368824166,50000000,Enabled,0.551926,0.620559,-0.354523,0.429649,-95.0845,86.1353,-1718.04,0.277527,4,OK,-94.9252,86.0684,-1718.33,OK,-115.445,41.4597,-1707.76,OK,-82.6594,-0.945859,-1720.11,OK,-48.8777,52.4363,-1735.58,,364691662,Port:2,0,1773303794,368824166,Enabled,0.91649,0.0224131,0.0381842,0.3976,-107.356,261.609,-1642.26,0.14482,3,OK,-107.188,261.692,-1642.27,OK,-146.603,228.759,-1639.15,OK,-153.344,304.775,-1637.74,,364691662,Port:3,0,1773303794,368824166,Missing,,,,,,,,,4,Missing,,,,Missing,,,,Missing,,,,Missing,,,,,364691662,Port:65535,0,1773303794,368824166,Missing,,,,,,,,,0
4,,364691665,Port:1,0,1773303794,418824166,50000000,Enabled,0.558434,0.603591,-0.369471,0.432804,-95.9013,91.404,-1722.35,0.265744,4,OK,-95.7337,91.3183,-1722.63,OK,-117.996,47.5707,-1712.03,OK,-86.3166,3.96231,-1722.66,OK,-50.3279,55.9445,-1737.95,,364691665,Port:2,0,1773303794,418824166,Enabled,0.916486,0.0220641,0.038541,0.397594,-107.352,261.604,-1642.27,0.148243,3,OK,-107.182,261.688,-1642.28,OK,-146.597,228.745,-1639.12,OK,-153.341,304.78,-1637.77,,364691665,Port:3,0,1773303794,418824166,Missing,,,,,,,,,4,Missing,,,,Missing,,,,Missing,,,,Missing,,,,,364691665,Port:65535,0,1773303794,418824166,Missing,,,,,,,,,0
4,,364691668,Port:1,0,1773303794,468824166,50000000,Enabled,0.565112,0.585672,-0.385098,0.435127,-96.3653,96.8676,-1726.8,0.237656,4,OK,-96.2066,96.7765,-1727.04,OK,-120.311,54.0271,-1716.51,OK,-89.8824,9.14486,-1725.41,OK,-51.6151,59.5655,-1740.44,,364691668,Port:2,0,1773303794,468824166,Enabled,0.916486,0.0221622,0.0386063,0.397582,-107.362,261.608,-1642.29,0.144911,3,OK,-107.197,261.691,-1642.31,OK,-146.604,228.751,-1639.14,OK,-153.348,304.786,-1637.78,,364691668,Port:3,0,1773303794,468824166,Missing,,,,,,,,,4,Missing,,,,Missing,,,,Missing,,,,Missing,,,,,364691668,Port:65535,0,1773303794,468824166,Missing,,,,,,,,,0
4,,364691671,Port:1,0,1773303794,518824166,50000000,Enabled,0.570459,0.568847,-0.401375,0.435761,-96.385,102.202,-1730.94,0.254063,4,OK,-96.237,102.11,-1731.2,OK,-122.143,60.3723,-1720.87,OK,-93.1202,14.3339,-1728.41,OK,-52.6259,63.1461,-1742.8,,364691671,Port:2,0,1773303794,518824166,Enabled,0.916517,0.0218102,0.0379228,0.397595,-107.35,261.609,-1642.23,0.142945,3,OK,-107.184,261.686,-1642.24,OK,-146.595,228.757,-1639.13,OK,-153.346,304.786,-1637.79,,364691671,Port:3,0,1773303794,518824166,Missing,,,,,,,,,4,Missing,,,,Missing,,,,Missing,,,,Missing,,,,,364691671,Port:65535,0,1773303794,518824166,Missing,,,,,,,,,0
4,,364691674,Port:1,0,1773303794,568824166,50000000,Enabled,0.5759,0.551477,-0.415334,0.437846,-96.3256,107.135,-1735.25,0.246769,4,OK,-96.1769,107.027,-1735.49,OK,-123.697,66.314,-1725.32,OK,-95.9944,19.2606,-1731.3,OK,-53.5261,66.5233,-1745.24,,364691674,Port:2,0,1773303794,568824166,Enabled,0.916476,0.0218357,0.0387032,0.397615,-107.352,261.606,-1642.27,0.147124,3,OK,-107.181,261.685,-1642.28,OK,-146.593,228.749,-1639.09,OK,-153.347,304.783,-1637.79,,364691674,Port:3,0,1773303794,568824166,Missing,,,,,,,,,4,Missing,,,,Missing,,,,Missing,,,,Missing,,,,,364691674,Port:65535,0,1773303794,568824166,Missing,,,,,,,,,0
4,,364691677,Port:1,0,1773303794,618824166,50000000,Enabled,0.582006,0.533812,-0.429151,0.438342,-95.6926,112.184,-1739.39,0.235238,4,OK,-95.552,112.072,-1739.62,OK,-124.712,72.4998,-1729.62,OK,-98.5366,24.4171,-1734.11,OK,-54.0845,69.9665,-1747.62,,364691677,Port:2,0,1773303794,618824166,Enabled,0.916494,0.0219214,0.0383235,0.397604,-107.353,261.604,-1642.25,0.14769,3,OK,-107.181,261.683,-1642.27,OK,-146.598,228.749,-1639.12,OK,-153.349,304.781,-1637.78,,364691677,Port:3,0,1773303794,618824166,Missing,,,,,,,,,4,Missing,,,,Missing,,,,Missing,,,,Missing,,,,,364691677,Port:65535,0,1773303794,618824166,Missing,,,,,,,,,0
4,,364691680,Port:1,0,1773303794,668824166,50000000,Enabled,0.586874,0.515953,-0.444341,0.438101,-94.6486,117.156,-1743.6,0.250721,4,OK,-94.5116,117.039,-1743.84,OK,-125.35,78.6601,-1734.18,OK,-100.827,29.6367,-1737.38,OK,-54.3771,73.3615,-1750.09,,364691680,Port:2,0,1773303794,668824166,Enabled,0.916499,0.0220615,0.0381548,0.397601,-107.351,261.608,-1642.24,0.143512,3,OK,-107.184,261.689,-1642.26,OK,-146.596,228.759,-1639.13,OK,-153.343,304.778,-1637.77,,364691680,Port:3,0,1773303794,668824166,Missing,,,,,,,,,4,Missing,,,,Missing,,,,Missing,,,,Missing,,,,,364691680,Port:65535,0,1773303794,668824166,Missing,,,,,,,,,0
4,,364691683,Port:1,0,1773303794,718824166,50000000,Enabled,0.592102,0.496006,-0.459737,0.438218,-93.1273,122.221,-1748.06,0.209279,4,OK,-92.9907,122.082,-1748.23,OK,-125.552,85.0656,-1739.1,OK,-102.844,35.1217,-1740.68,OK,-54.3781,76.8384,-1752.68,,364691683,Port:2,0,1773303794,718824166,Enabled,0.916506,0.021877,0.0383418,0.397579,-107.353,261.604,-1642.27,0.142485,3,OK,-107.187,261.682,-1642.29,OK,-146.595,228.754,-1639.14,OK,-153.344,304.783,-1637.81,,364691683,Port:3,0,1773303794,718824166,Missing,,,,,,,,,4,Missing,,,,Missing,,,,Missing,,,,Missing,,,,,364691683,Port:65535,0,1773303794,718824166,Missing,,,,,,,,,0
4,,364691686,Port:1,0,1773303794,768824166,50000000,Enabled,0.596788,0.476569,-0.474323,0.437885,-91.1785,126.802,-1752.32,0.20276,4,OK,-91.0582,126.661,-1752.49,OK,-125.198,90.9975,-1743.81,OK,-104.332,40.2468,-1744.02,OK,-54.0067,79.9554,-1755.14,,364691686,Port:2,0,1773303794,768824166,Enabled,0.916517,0.0217819,0.0380857,0.397582,-107.353,261.6,-1642.22,0.144929,3,OK,-107.185,261.679,-1642.24,OK,-146.598,228.746,-1639.11,OK,-153.347,304.783,-1637.78,,364691686,Port:3,0,1773303794,768824166,Missing,,,,,,,,,4,Missing,,,,Missing,,,,Missing,,,,Missing,,,,,364691686,Port:65535,0,1773303794,768824166,Missing,,,,,,,,,0
4,,364691689,Port:1,0,1773303794,818824166,50000000,Enabled,0.602136,0.458828,-0.486459,0.436196,-88.781,131.122,-1756.15,0.212078,4,OK,-88.6644,130.976,-1756.33,OK,-124.221,96.6589,-1747.95,OK,-105.165,45.1994,-1747,OK,-53.2344,82.9695,-1757.44,,364691689,Port:2,0,1773303794,818824166,Enabled,0.916501,0.021775,0.038134,0.397615,-107.351,261.606,-1642.23,0.145765,3,OK,-107.183,261.685,-1642.24,OK,-146.595,228.749,-1639.11,OK,-153.348,304.784,-1637.78,,364691689,Port:3,0,1773303794,818824166,Missing,,,,,,,,,4,Missing,,,,Missing,,,,Missing,,,,Missing,,,,,364691689,Port:65535,0,1773303794,818824166,Missing,,,,,,,,,0
4,,364691692,Port:1,0,1773303794,868824166,50000000,Enabled,0.60657,0.44094,-0.500044,0.43313,-85.7534,135.49,-1759.79,0.167745,4,OK,-85.6434,135.332,-1759.89,OK,-122.649,102.459,-1752.19,OK,-105.571,50.3643,-1750.1,OK,-52.0203,86.0294,-1759.74,,364691692,Port:2,0,1773303794,868824166,Enabled,0.916476,0.0221123,0.0387037,0.397599,-107.357,261.606,-1642.3,0.149328,3,OK,-107.186,261.691,-1642.31,OK,-146.601,228.746,-1639.13,OK,-153.346,304.781,-1637.79,,364691692,Port:3,0,1773303794,868824166,Missing,,,,,,,,,4,Missing,,,,Missing,,,,Missing,,,,Missing,,,,,364691692,Port:65535,0,1773303794,868824166,Missing,,,,,,,,,0
4,,364691695,Port:1,0,1773303794,918824166,50000000,Enabled,0.611296,0.422626,-0.511484,0.43138,-82.8268,139.487,-1763.58,0.176917,4,OK,-82.7222,139.318,-1763.69,OK,-121.014,107.86,-1756.38,OK,-105.812,55.2625,-1753.16,OK,-50.8454,88.8988,-1762.02,,364691695,Port:2,0,1773303794,918824166,Enabled,0.916492,0.0218246,0.0385243,0.397595,-107.352,261.603,-1642.26,0.146285,3,OK,-107.185,261.686,-1642.27,OK,-146.595,228.746,-1639.1,OK,-153.343,304.782,-1637.79,,364691695,Port:3,0,1773303794,918824166,Missing,,,,,,,,,4,Missing,,,,Missing,,,,Missing,,,,Missing,,,,,364691695,Port:65535,0,1773303794,918824166,Missing,,,,,,,,,0
4,,364691698,Port:1,0,1773303794,968824166,50000000,Enabled,0.615853,0.402157,-0.524507,0.42882,-79.5276,143.595,-1767.44,0.172176,4,OK,-79.426,143.44,-1767.54,OK,-119.092,113.583,-1760.81,OK,-106.078,60.4834,-1756.42,OK,-49.6028,91.8378,-1764.28,,364691698,Port:2,0,1773303794,968824166,Enabled,0.916485,0.0218846,0.038415,0.397619,-107.356,261.612,-1642.28,0.146239,3,OK,-107.188,261.695,-1642.29,OK,-146.598,228.755,-1639.13,OK,-153.348,304.786,-1637.81,,364691698,Port:3,0,1773303794,968824166,Missing,,,,,,,,,4,Missing,,,,Missing,,,,Missing,,,,Missing,,,,,364691698,Port:65535,0,1773303794,968824166,Missing,,,,,,,,,0
4,,364691701,Port:1,0,1773303795,18824166,50000000,Enabled,0.619881,0.379884,-0.538083,0.426499,-75.6759,147.588,-1771.75,0.156504,4,OK,-75.5795,147.426,-1771.82,OK,-116.606,119.306,-1765.88,OK,-105.906,65.8294,-1760.18,OK,-48.0023,94.7244,-1766.89,,364691701,Port:2,0,1773303795,18824166,Enabled,0.916439,0.0222977,0.0390679,0.397638,-107.353,261.607,-1642.31,0.145805,3,OK,-107.186,261.689,-1642.32,OK,-146.589,228.748,-1639.11,OK,-153.343,304.776,-1637.76,,364691701,Port:3,0,1773303795,18824166,Missing,,,,,,,,,4,Missing,,,,Missing,,,,Missing,,,,Missing,,,,,364691701,Port:65535,0,1773303795,18824166,Missing,,,,,,,,,0
4,,364691704,Port:1,0,1773303795,68824166,50000000,Enabled,0.623425,0.360239,-0.550108,0.423024,-71.2021,151.272,-1775.42,0.150602,4,OK,-71.1104,151.117,-1775.47,OK,-113.304,124.609,-1770.25,OK,-104.776,70.8797,-1763.59,OK,-45.6746,97.4717,-1769.2,,364691704,Port:2,0,1773303795,68824166,Enabled,0.916507,0.0220177,0.0378609,0.397613,-107.348,261.602,-1642.25,0.146676,3,OK,-107.179,261.684,-1642.26,OK,-146.596,228.744,-1639.16,OK,-153.342,304.776,-1637.79,,364691704,Port:3,0,1773303795,68824166,Missing,,,,,,,,,4,Missing,,,,Missing,,,,Missing,,,,Missing,,,,,364691704,Port:65535,0,1773303795,68824166,Missing,,,,,,,,,0
4,,364691707,Port:1,0,1773303795,118824166,50000000,Enabled,0.628025,0.339805,-0.559223,0.421173,-66.0918,154.175,-1778.82,0.121748,4,OK,-66.0171,154.029,-1778.82,OK,-109.223,129.131,-1774.16,OK,-102.735,75.2417,-1766.21,OK,-42.6226,99.6189,-1771.05,,364691707,Port:2,0,1773303795,118824166,Enabled,0.916494,0.0219183,0.0382617,0.39761,-107.35,261.604,-1642.25,0.150136,3,OK,-107.175,261.687,-1642.27,OK,-146.598,228.748,-1639.13,OK,-153.345,304.779,-1637.79,,364691707,Port:3,0,1773303795,118824166,Missing,,,,,,,,,4,Missing,,,,Missing,,,,Missing,,,,Missing,,,,,364691707,Port:65535,0,1773303795,118824166,Missing,,,,,,,,,0
4,,364691710,Port:1,0,1773303795,168824166,50000000,Enabled,0.632694,0.313444,-0.57312,0.415914,-59.4721,157.515,-1783,0.124843,4,OK,-59.403,157.377,-1783.03,OK,-103.909,134.704,-1779.21,OK,-100.359,80.7418,-1770.16,OK,-39.0033,102.029,-1773.51,,364691710,Port:2,0,1773303795,168824166,Enabled,0.916454,0.0222971,0.0388311,0.397627,-107.355,261.602,-1642.28,0.147519,3,OK,-107.185,261.687,-1642.3,OK,-146.596,228.746,-1639.11,OK,-153.343,304.768,-1637.74,,364691710,Port:3,0,1773303795,168824166,Missing,,,,,,,,,4,Missing,,,,Missing,,,,Missing,,,,Missing,,,,,364691710,Port:65535,0,1773303795,168824166,Missing,,,,,,,,,0
4,,364691713,Port:1,0,1773303795,218824166,49999996,Enabled,0.639494,0.29071,-0.580308,0.412041,-53.0125,160.474,-1787,0.127077,4,OK,-52.9444,160.336,-1787,OK,-98.4189,139.573,-1783.53,OK,-97.257,85.7706,-1773.19,OK,-35.0148,104.429,-1775.92,,364691713,Port:2,0,1773303795,218824166,Enabled,0.916478,0.0220686,0.0385998,0.397606,-107.355,261.603,-1642.29,0.147378,3,OK,-107.182,261.682,-1642.31,OK,-146.598,228.75,-1639.13,OK,-153.349,304.777,-1637.79,,364691713,Port:3,0,1773303795,218824166,Missing,,,,,,,,,4,Missing,,,,Missing,,,,Missing,,,,Missing,,,,,364691713,Port:65535,0,1773303795,218824166,Missing,,,,,,,,,0
4,,364691716,Port:1,0,1773303795,268824162,50000000,Enabled,0.644814,0.274552,-0.585204,0.407887,-47.8666,162.303,-1789.17,0.12467,4,OK,-47.8058,162.172,-1789.2,OK,-93.9354,142.894,-1785.89,OK,-94.5849,89.221,-1774.78,OK,-31.7529,105.893,-1777.05,,364691716,Port:2,0,1773303795,268824162,Enabled,0.916462,0.0220864,0.0383798,0.397663,-107.352,261.604,-1642.27,0.144421,3,OK,-107.186,261.683,-1642.28,OK,-146.589,228.741,-1639.13,OK,-153.349,304.776,-1637.78,,364691716,Port:3,0,1773303795,268824162,Missing,,,,,,,,,4,Missing,,,,Missing,,,,Missing,,,,Missing,,,,,364691716,Port:65535,0,1773303795,268824162,Missing,,,,,,,,,0
4,,364691719,Port:1,0,1773303795,318824162,50000000,Enabled,0.647664,0.256279,-0.593989,0.402529,-42.5426,163.996,-1791.08,0.129201,4,OK,-42.4746,163.863,-1791.09,OK,-89.329,146.251,-1788.51,OK,-92.1002,92.7953,-1776.79,OK,-28.7027,107.212,-1778,,364691719,Port:2,0,1773303795,318824162,Enabled,0.916511,0.0216507,0.0383052,0.397583,-107.349,261.597,-1642.26,0.145803,3,OK,-107.18,261.679,-1642.27,OK,-146.594,228.745,-1639.12,OK,-153.341,304.776,-1637.82,,364691719,Port:3,0,1773303795,318824162,Missing,,,,,,,,,4,Missing,,,,Missing,,,,Missing,,,,Missing,,,,,364691719,Port:65535,0,1773303795,318824162,Missing,,,,,,,,,0
4,,364691722,Port:1,0,1773303795,368824162,50000000,Enabled,0.653403,0.249518,-0.592072,0.400319,-38.6567,164.163,-1791.42,0.126321,4,OK,-38.5944,164.042,-1791.45,OK,-85.6858,147.129,-1788.43,OK,-89.1785,93.8458,-1776.14,OK,-25.5586,107.31,-1777.8,,364691722,Port:2,0,1773303795,368824162,Enabled,0.916477,0.021688,0.0384627,0.397644,-107.347,261.601,-1642.24,0.1461,3,OK,-107.179,261.682,-1642.26,OK,-146.587,228.741,-1639.09,OK,-153.344,304.776,-1637.79,,364691722,Port:3,0,1773303795,368824162,Missing,,,,,,,,,4,Missing,,,,Missing,,,,Missing,,,,Missing,,,,,364691722,Port:65535,0,1773303795,368824162,Missing,,,,,,,,,0
4,,364691725,Port:1,0,1773303795,418824162,50000000,Enabled,0.657466,0.248478,-0.593103,0.392716,-35.4893,163.896,-1790.44,0.125876,4,OK,-35.4167,163.78,-1790.47,OK,-82.738,147.542,-1787.25,OK,-86.9633,94.2276,-1775.28,OK,-23.1738,106.781,-1777.27,,364691725,Port:2,0,1773303795,418824162,Enabled,0.916493,0.0221082,0.038172,0.397612,-107.346,261.596,-1642.24,0.147672,3,OK,-107.176,261.681,-1642.25,OK,-146.594,228.74,-1639.12,OK,-153.338,304.767,-1637.75,,364691725,Port:3,0,1773303795,418824162,Missing,,,,,,,,,4,Missing,,,,Missing,,,,Missing,,,,Missing,,,,,364691725,Port:65535,0,1773303795,418824162,Missing,,,,,,,,,0
4,,364691728,Port:1,0,1773303795,468824162,50000000,Enabled,0.656767,0.245566,-0.595557,0.392002,-34.5591,163.278,-1790.11,0.118759,4,OK,-34.4974,163.157,-1790.12,OK,-81.9197,147.179,-1787.2,OK,-86.4649,93.8887,-1775.2,OK,-22.6006,106.095,-1776.83,,364691728,Port:2,0,1773303795,468824162,Enabled,0.916426,0.0219857,0.0392911,0.397664,-107.352,261.606,-1642.31,0.147917,3,OK,-107.184,261.691,-1642.33,OK,-146.585,228.74,-1639.09,OK,-153.342,304.775,-1637.79,,364691728,Port:3,0,1773303795,468824162,Missing,,,,,,,,,4,Missing,,,,Missing,,,,Missing,,,,Missing,,,,,364691728,Port:65535,0,1773303795,468824162,Missing,,,,,,,,,0
4,,364691731,Port:1,0,1773303795,518824162,50000000,Enabled,0.654435,0.246585,-0.596568,0.393722,-35.804,162.929,-1790.1,0.107662,4,OK,-35.7441,162.82,-1790.1,OK,-83.0945,146.602,-1787.43,OK,-87.4368,93.2684,-1775.48,OK,-23.6276,105.778,-1776.85,,364691731,Port:2,0,1773303795,518824162,Enabled,0.9165,0.0218387,0.0381473,0.397613,-107.352,261.601,-1642.25,0.144467,3,OK,-107.185,261.682,-1642.27,OK,-146.596,228.746,-1639.14,OK,-153.346,304.775,-1637.8,,364691731,Port:3,0,1773303795,518824162,Missing,,,,,,,,,4,Missing,,,,Missing,,,,Missing,,,,Missing,,,,,364691731,Port:65535,0,1773303795,518824162,Missing,,,,,,,,,0
4,,364691734,Port:1,0,1773303795,568824162,50000000,Enabled,0.650151,0.249465,-0.596741,0.398712,-38.7162,162.976,-1790.8,0.126075,4,OK,-38.645,162.863,-1790.83,OK,-85.8046,146.015,-1788.35,OK,-89.5036,92.6388,-1776.5,OK,-25.8594,106.002,-1777.46,,364691734,Port:2,0,1773303795,568824162,Enabled,0.916454,0.0222969,0.039064,0.397605,-107.356,261.601,-1642.3,0.143084,3,OK,-107.194,261.685,-1642.31,OK,-146.593,228.745,-1639.1,OK,-153.338,304.769,-1637.75,,364691734,Port:3,0,1773303795,568824162,Missing,,,,,,,,,4,Missing,,,,Missing,,,,Missing,,,,Missing,,,,,364691734,Port:65535,0,1773303795,568824162,Missing,,,,,,,,,0
4,,364691737,Port:1,0,1773303795,618824162,50000000,Enabled,0.64525,0.254321,-0.594531,0.406825,-43.1175,163.09,-1791.62,0.130384,4,OK,-43.0532,162.965,-1791.64,OK,-89.8479,145.138,-1789.27,OK,-92.4296,91.7352,-1777.28,OK,-29.0805,106.435,-1778.08,,364691737,Port:2,0,1773303795,618824162,Enabled,0.916492,0.0219989,0.0384083,0.397596,-107.35,261.595,-1642.26,0.144278,3,OK,-107.181,261.672,-1642.28,OK,-146.592,228.744,-1639.12,OK,-153.344,304.772,-1637.78,,364691737,Port:3,0,1773303795,618824162,Missing,,,,,,,,,4,Missing,,,,Missing,,,,Missing,,,,Missing,,,,,364691737,Port:65535,0,1773303795,618824162,Missing,,,,,,,,,0
4,,364691740,Port:1,0,1773303795,668824162,50000000,Enabled,0.636503,0.262286,-0.592336,0.41858,-49.5891,162.689,-1792.66,0.124705,4,OK,-49.5146,162.578,-1792.7,OK,-95.7139,143.222,-1790.61,OK,-96.6324,89.744,-1778.6,OK,-33.803,106.539,-1778.96,,364691740,Port:2,0,1773303795,668824162,Enabled,0.916464,0.0219481,0.038862,0.397621,-107.354,261.607,-1642.3,0.149264,3,OK,-107.186,261.694,-1642.31,OK,-146.596,228.743,-1639.11,OK,-153.343,304.781,-1637.8,,364691740,Port:3,0,1773303795,668824162,Missing,,,,,,,,,4,Missing,,,,Missing,,,,Missing,,,,Missing,,,,,364691740,Port:65535,0,1773303795,668824162,Missing,,,,,,,,,0
4,,364691743,Port:1,0,1773303795,718824162,50000000,Enabled,0.625737,0.277179,-0.58594,0.433934,-58.3,160.778,-1792.54,0.128368,4,OK,-58.2203,160.672,-1792.58,OK,-103.401,139.042,-1790.52,OK,-101.692,85.5741,-1778.56,OK,-39.7382,105.47,-1778.89,,364691743,Port:2,0,1773303795,718824162,Enabled,0.916476,0.0220095,0.0387069,0.397604,-107.354,261.605,-1642.28,0.150263,3,OK,-107.183,261.692,-1642.29,OK,-146.599,228.744,-1639.11,OK,-153.342,304.778,-1637.78,,364691743,Port:3,0,1773303795,718824162,Missing,,,,,,,,,4,Missing,,,,Missing,,,,Missing,,,,Missing,,,,,364691743,Port:65535,0,1773303795,718824162,Missing,,,,,,,,,0
4,,364691746,Port:1,0,1773303795,768824162,50000000,Enabled,0.609934,0.302514,-0.576614,0.451643,-69.3311,156.327,-1790.51,0.126602,4,OK,-69.2446,156.235,-1790.55,OK,-112.788,131.434,-1788.52,OK,-107.203,78.1007,-1777.21,OK,-46.8299,102.298,-1777.6,,364691746,Port:2,0,1773303795,768824162,Enabled,0.916472,0.0220345,0.0383994,0.397642,-107.352,261.609,-1642.27,0.148843,3,OK,-107.181,261.691,-1642.28,OK,-146.595,228.745,-1639.13,OK,-153.348,304.783,-1637.78,,364691746,Port:3,0,1773303795,768824162,Missing,,,,,,,,,4,Missing,,,,Missing,,,,Missing,,,,Missing,,,,,364691746,Port:65535,0,1773303795,768824162,Missing,,,,,,,,,0
4,,364691749,Port:1,0,1773303795,818824162,50000000,Enabled,0.593364,0.332124,-0.570068,0.461124,-78.9704,151.19,-1786.55,0.138538,4,OK,-78.8769,151.082,-1786.6,OK,-120.702,123.484,-1784.91,OK,-111.583,70.3324,-1775.24,OK,-52.8954,98.3996,-1775.45,,364691749,Port:2,0,1773303795,818824162,Enabled,0.916487,0.02184,0.038436,0.397614,-107.353,261.602,-1642.25,0.145872,3,OK,-107.187,261.683,-1642.27,OK,-146.594,228.741,-1639.1,OK,-153.346,304.782,-1637.79,,364691749,Port:3,0,1773303795,818824162,Missing,,,,,,,,,4,Missing,,,,Missing,,,,Missing,,,,Missing,,,,,364691749,Port:65535,0,1773303795,818824162,Missing,,,,,,,,,0
4,,364691752,Port:1,0,1773303795,868824162,50000000,Enabled,0.582361,0.368543,-0.551401,0.470093,-87.3716,144.123,-1780.53,0.180254,4,OK,-87.2683,144.028,-1780.66,OK,-126.822,113.328,-1777.98,OK,-113.446,60.8104,-1770.09,OK,-57.0621,93.2216,-1771.63,,364691752,Port:2,0,1773303795,868824162,Enabled,0.916485,0.0219882,0.038409,0.397614,-107.352,261.605,-1642.24,0.145734,3,OK,-107.186,261.688,-1642.26,OK,-146.594,228.747,-1639.1,OK,-153.343,304.78,-1637.76,,364691752,Port:3,0,1773303795,868824162,Missing,,,,,,,,,4,Missing,,,,Missing,,,,Missing,,,,Missing,,,,,364691752,Port:65535,0,1773303795,868824162,Missing,,,,,,,,,0
4,,364691755,Port:1,0,1773303795,918824162,50000000,Enabled,0.573919,0.412576,-0.528179,0.470557,-93.0664,135.736,-1771.08,0.196265,4,OK,-92.9546,135.634,-1771.24,OK,-129.962,102.014,-1767.39,OK,-112.299,50.399,-1762.29,OK,-58.6392,86.9938,-1765.83,,364691755,Port:2,0,1773303795,918824162,Enabled,0.91648,0.0218384,0.0385248,0.397623,-107.356,261.606,-1642.27,0.147013,3,OK,-107.189,261.69,-1642.28,OK,-146.597,228.744,-1639.11,OK,-153.347,304.782,-1637.8,,364691755,Port:3,0,1773303795,918824162,Missing,,,,,,,,,4,Missing,,,,Missing,,,,Missing,,,,Missing,,,,,364691755,Port:65535,0,1773303795,918824162,Missing,,,,,,,,,0
4,,364691758,Port:1,0,1773303795,968824162,50000000,Enabled,0.567156,0.449944,-0.507539,0.467214,-96.0929,127.06,-1761.9,0.186923,4,OK,-95.9686,126.978,-1762.05,OK,-130.714,91.0969,-1757.41,OK,-109.809,40.4741,-1755,OK,-58.6724,80.3296,-1760.16,,364691758,Port:2,0,1773303795,968824162,Enabled,0.916494,0.021852,0.0381856,0.397622,-107.355,261.608,-1642.26,0.146278,3,OK,-107.189,261.692,-1642.27,OK,-146.599,228.747,-1639.13,OK,-153.347,304.783,-1637.8,,364691758,Port:3,0,1773303795,968824162,Missing,,,,,,,,,4,Missing,,,,Missing,,,,Missing,,,,Missing,,,,,364691758,Port:65535,0,1773303795,968824162,Missing,,,,,,,,,0
4,,364691761,Port:1,0,1773303796,18824162,50000000,Enabled,0.560116,0.475201,-0.494068,0.465135,-97.3668,119.542,-1754.67,0.193868,4,OK,-97.2397,119.454,-1754.83,OK,-130.292,82.0643,-1749.93,OK,-107.219,32.3073,-1749.51,OK,-58.0134,74.4173,-1755.34,,364691761,Port:2,0,1773303796,18824162,Enabled,0.916467,0.0217984,0.0387662,0.39763,-107.352,261.606,-1642.27,0.147989,3,OK,-107.183,261.691,-1642.28,OK,-146.593,228.746,-1639.09,OK,-153.344,304.78,-1637.79,,364691761,Port:3,0,1773303796,18824162,Missing,,,,,,,,,4,Missing,,,,Missing,,,,Missing,,,,Missing,,,,,364691761,Port:65535,0,1773303796,18824162,Missing,,,,,,,,,0
4,,364691764,Port:1,0,1773303796,68824162,50000000,Enabled,0.552662,0.503581,-0.476953,0.462046,-98.3603,111.855,-1747.39,0.214533,4,OK,-98.2137,111.781,-1747.58,OK,-129.277,72.7207,-1742.31,OK,-103.855,24.1324,-1744.2,OK,-56.9846,68.727,-1750.86,,364691764,Port:2,0,1773303796,68824162,Enabled,0.916478,0.0220804,0.0384557,0.39762,-107.355,261.606,-1642.28,0.1456,3,OK,-107.189,261.691,-1642.29,OK,-146.598,228.751,-1639.14,OK,-153.345,304.775,-1637.79,,364691764,Port:3,0,1773303796,68824162,Missing,,,,,,,,,4,Missing,,,,Missing,,,,Missing,,,,Missing,,,,,364691764,Port:65535,0,1773303796,68824162,Missing,,,,,,,,,0
4,,364691767,Port:1,0,1773303796,118824162,50000000,Enabled,0.546842,0.531918,-0.455926,0.45843,-99.0572,104.492,-1740.38,0.256705,4,OK,-98.9127,104.426,-1740.63,OK,-127.744,63.7598,-1734.68,OK,-100.091,16.5562,-1738.95,OK,-55.8197,63.576,-1746.73,,364691767,Port:2,0,1773303796,118824162,Enabled,0.916492,0.021884,0.0382726,0.397616,-107.352,261.606,-1642.23,0.145739,3,OK,-107.186,261.69,-1642.24,OK,-146.596,228.749,-1639.1,OK,-153.344,304.779,-1637.76,,364691767,Port:3,0,1773303796,118824162,Missing,,,,,,,,,4,Missing,,,,Missing,,,,Missing,,,,Missing,,,,,364691767,Port:65535,0,1773303796,118824162,Missing,,,,,,,,,0
4,,364691770,Port:1,0,1773303796,168824162,50000000,Enabled,0.540735,0.554833,-0.440803,0.453275,-99.2095,98.5166,-1734.51,0.281283,4,OK,-99.0607,98.4542,-1734.79,OK,-126.166,56.637,-1728.66,OK,-96.9648,10.5882,-1735.09,OK,-54.7894,59.3953,-1743.37,,364691770,Port:2,0,1773303796,168824162,Enabled,0.916467,0.0221346,0.0386212,0.397626,-107.356,261.611,-1642.28,0.14818,3,OK,-107.186,261.695,-1642.29,OK,-146.598,228.75,-1639.12,OK,-153.347,304.783,-1637.77,,364691770,Port:3,0,1773303796,168824162,Missing,,,,,,,,,4,Missing,,,,Missing,,,,Missing,,,,Missing,,,,,364691770,Port:65535,0,1773303796,168824162,Missing,,,,,,,,,0
4,,364691773,Port:1,0,1773303796,218824162,50000004,Enabled,0.537154,0.565809,-0.434551,0.449991,-98.7046,95.3355,-1731.41,0.263192,4,OK,-98.5521,95.2708,-1731.68,OK,-124.882,52.9556,-1725.68,OK,-95.0396,7.4655,-1733.18,OK,-53.8239,57.0718,-1741.56,,364691773,Port:2,0,1773303796,218824162,Enabled,0.916498,0.0222339,0.0380625,0.397604,-107.352,261.606,-1642.26,0.146255,3,OK,-107.182,261.689,-1642.27,OK,-146.6,228.755,-1639.16,OK,-153.344,304.774,-1637.76,,364691773,Port:3,0,1773303796,218824162,Missing,,,,,,,,,4,Missing,,,,Missing,,,,Missing,,,,Missing,,,,,364691773,Port:65535,0,1773303796,218824162,Missing,,,,,,,,,0
4,,364691776,Port:1,0,1773303796,268824166,50000000,Enabled,0.536546,0.56698,-0.435795,0.448034,-97.8947,95.0507,-1730.89,0.233827,4,OK,-97.7404,94.9749,-1731.12,OK,-124.14,52.6988,-1725.37,OK,-94.4019,7.18963,-1733.04,OK,-53.1131,56.7503,-1741.31,,364691776,Port:2,0,1773303796,268824166,Enabled,0.916503,0.0218565,0.0382389,0.397595,-107.353,261.609,-1642.26,0.148601,3,OK,-107.179,261.689,-1642.28,OK,-146.601,228.755,-1639.13,OK,-153.348,304.785,-1637.8,,364691776,Port:3,0,1773303796,268824166,Missing,,,,,,,,,4,Missing,,,,Missing,,,,Missing,,,,Missing,,,,,364691776,Port:65535,0,1773303796,268824166,Missing,,,,,,,,,0
4,,364691779,Port:1,0,1773303796,318824166,50000000,Enabled,0.538011,0.566579,-0.436261,0.446327,-97.7397,96.0617,-1731.24,0.24258,4,OK,-97.5871,95.9889,-1731.48,OK,-124.153,53.8077,-1725.64,OK,-94.6084,8.1947,-1733.4,OK,-53.1226,57.577,-1741.76,,364691779,Port:2,0,1773303796,318824166,Enabled,0.916475,0.022095,0.0384427,0.397626,-107.35,261.605,-1642.26,0.149279,3,OK,-107.176,261.687,-1642.28,OK,-146.595,228.748,-1639.12,OK,-153.346,304.776,-1637.77,,364691779,Port:3,0,1773303796,318824166,Missing,,,,,,,,,4,Missing,,,,Missing,,,,Missing,,,,Missing,,,,,364691779,Port:65535,0,1773303796,318824166,Missing,,,,,,,,,0
4,,364691782,Port:1,0,1773303796,368824166,50000000,Enabled,0.538911,0.56477,-0.435748,0.448034,-98.3329,96.9907,-1732.15,0.237653,4,OK,-98.1822,96.9257,-1732.39,OK,-124.751,54.767,-1726.41,OK,-95.1904,9.1059,-1733.87,OK,-53.6984,58.4528,-1742.38,,364691782,Port:2,0,1773303796,368824166,Enabled,0.916461,0.0218027,0.0386289,0.397658,-107.353,261.604,-1642.26,0.146212,3,OK,-107.185,261.685,-1642.27,OK,-146.591,228.743,-1639.09,OK,-153.351,304.777,-1637.79,,364691782,Port:3,0,1773303796,368824166,Missing,,,,,,,,,4,Missing,,,,Missing,,,,Missing,,,,Missing,,,,,364691782,Port:65535,0,1773303796,368824166,Missing,,,,,,,,,0
4,,364691785,Port:1,0,1773303796,418824166,50000000,Enabled,0.539355,0.563347,-0.436997,0.448073,-98.642,97.8305,-1732.79,0.230011,4,OK,-98.4873,97.7606,-1733.01,OK,-125.211,55.6846,-1727.08,OK,-95.7667,9.94023,-1734.4,OK,-54.0872,59.1552,-1742.9,,364691785,Port:2,0,1773303796,418824166,Enabled,0.916452,0.0219913,0.0390134,0.39763,-107.355,261.611,-1642.28,0.145774,3,OK,-107.187,261.692,-1642.3,OK,-146.591,228.752,-1639.08,OK,-153.346,304.783,-1637.77,,364691785,Port:3,0,1773303796,418824166,Missing,,,,,,,,,4,Missing,,,,Missing,,,,Missing,,,,Missing,,,,,364691785,Port:65535,0,1773303796,418824166,Missing,,,,,,,,,0
4,,364691788,Port:1,0,1773303796,468824166,50000000,Enabled,0.539652,0.562966,-0.437483,0.44772,-98.5387,98.0872,-1732.99,0.236966,4,OK,-98.3919,98.01,-1733.23,OK,-125.163,55.9907,-1727.27,OK,-95.7982,10.1921,-1734.61,OK,-54.0419,59.3427,-1743.08,,364691788,Port:2,0,1773303796,468824166,Enabled,0.916496,0.0222381,0.0383571,0.397579,-107.354,261.607,-1642.28,0.149138,3,OK,-107.182,261.69,-1642.29,OK,-146.603,228.752,-1639.15,OK,-153.344,304.783,-1637.77,,364691788,Port:3,0,1773303796,468824166,Missing,,,,,,,,,4,Missing,,,,Missing,,,,Missing,,,,Missing,,,,,364691788,Port:65535,0,1773303796,468824166,Missing,,,,,,,,,0
4,,364691791,Port:1,0,1773303796,518824166,50000000,Enabled,0.539053,0.564064,-0.437863,0.446687,-98.4514,97.8183,-1732.68,0.266454,4,OK,-98.2969,97.7499,-1732.95,OK,-125.079,55.7031,-1727.02,OK,-95.7143,9.91873,-1734.61,OK,-53.971,59.1074,-1742.92,,364691791,Port:2,0,1773303796,518824166,Enabled,0.916512,0.0217224,0.0378643,0.397619,-107.351,261.605,-1642.23,0.144823,3,OK,-107.185,261.687,-1642.24,OK,-146.596,228.747,-1639.14,OK,-153.347,304.782,-1637.81,,364691791,Port:3,0,1773303796,518824166,Missing,,,,,,,,,4,Missing,,,,Missing,,,,Missing,,,,Missing,,,,,364691791,Port:65535,0,1773303796,518824166,Missing,,,,,,,,,0
4,,364691794,Port:1,0,1773303796,568824166,50000000,Enabled,0.537749,0.565305,-0.437886,0.446668,-98.6959,97.1444,-1732.24,0.236633,4,OK,-98.5417,97.0681,-1732.47,OK,-125.223,54.9578,-1726.74,OK,-95.7623,9.26561,-1734.38,OK,-54.1398,58.5583,-1742.6,,364691794,Port:2,0,1773303796,568824166,Enabled,0.916504,0.0217922,0.0381997,0.397602,-107.348,261.6,-1642.22,0.147466,3,OK,-107.177,261.68,-1642.24,OK,-146.594,228.744,-1639.1,OK,-153.345,304.781,-1637.77,,364691794,Port:3,0,1773303796,568824166,Missing,,,,,,,,,4,Missing,,,,Missing,,,,Missing,,,,Missing,,,,,364691794,Port:65535,0,1773303796,568824166,Missing,,,,,,,,,0
4,,364691797,Port:1,0,1773303796,618824166,50000000,Enabled,0.536737,0.566293,-0.437623,0.446892,-99.1063,96.7263,-1732.05,0.263353,4,OK,-98.955,96.6589,-1732.31,OK,-125.538,54.4689,-1726.58,OK,-95.9686,8.85411,-1734.38,OK,-54.4582,58.2576,-1742.46,,364691797,Port:2,0,1773303796,618824166,Enabled,0.916471,0.0220355,0.0386555,0.397619,-107.351,261.605,-1642.28,0.146719,3,OK,-107.182,261.686,-1642.29,OK,-146.591,228.746,-1639.11,OK,-153.343,304.78,-1637.78,,364691797,Port:3,0,1773303796,618824166,Missing,,,,,,,,,4,Missing,,,,Missing,,,,Missing,,,,Missing,,,,,364691797,Port:65535,0,1773303796,618824166,Missing,,,,,,,,,0
4,,364691800,Port:1,0,1773303796,668824166,50000000,Enabled,0.537253,0.566808,-0.437369,0.445865,-99.111,96.8587,-1732.05,0.258838,4,OK,-98.9663,96.7885,-1732.31,OK,-125.57,54.6197,-1726.55,OK,-96.0581,8.98519,-1734.44,OK,-54.5012,58.363,-1742.6,,364691800,Port:2,0,1773303796,668824166,Enabled,0.916504,0.0220336,0.0381545,0.397592,-107.356,261.602,-1642.25,0.144695,3,OK,-107.188,261.682,-1642.27,OK,-146.601,228.75,-1639.14,OK,-153.348,304.777,-1637.78,,364691800,Port:3,0,1773303796,668824166,Missing,,,,,,,,,4,Missing,,,,Missing,,,,Missing,,,,Missing,,,,,364691800,Port:65535,0,1773303796,668824166,Missing,,,,,,,,,0
4,,364691803,Port:1,0,1773303796,718824166,50000000,Enabled,0.536409,0.566709,-0.438095,0.446294,-99.4527,96.7822,-1732.16,0.227667,4,OK,-99.2936,96.7112,-1732.38,OK,-125.902,54.5207,-1726.83,OK,-96.3723,8.91062,-1734.6,OK,-54.8264,58.3231,-1742.69,,364691803,Port:2,0,1773303796,718824166,Enabled,0.916487,0.021725,0.0383822,0.397625,-107.352,261.607,-1642.25,0.148981,3,OK,-107.181,261.69,-1642.26,OK,-146.596,228.746,-1639.1,OK,-153.348,304.785,-1637.8,,364691803,Port:3,0,1773303796,718824166,Missing,,,,,,,,,4,Missing,,,,Missing,,,,Missing,,,,Missing,,,,,364691803,Port:65535,0,1773303796,718824166,Missing,,,,,,,,,0
4,,364691806,Port:1,0,1773303796,768824166,50000000,Enabled,0.534843,0.567941,-0.438484,0.446226,-100.006,96.4383,-1732.03,0.270406,4,OK,-99.8574,96.3747,-1732.3,OK,-126.378,54.1126,-1726.78,OK,-96.744,8.58364,-1734.83,OK,-55.2923,58.0901,-1742.62,,364691806,Port:2,0,1773303796,768824166,Enabled,0.9165,0.0216715,0.0382083,0.397615,-107.353,261.61,-1642.24,0.143413,3,OK,-107.189,261.691,-1642.26,OK,-146.594,228.754,-1639.11,OK,-153.347,304.787,-1637.81,,364691806,Port:3,0,1773303796,768824166,Missing,,,,,,,,,4,Missing,,,,Missing,,,,Missing,,,,Missing,,,,,364691806,Port:65535,0,1773303796,768824166,Missing,,,,,,,,,0
4,,364691809,Port:1,0,1773303796,818824166,50000000,Enabled,0.533217,0.569871,-0.437787,0.446396,-100.66,96.0223,-1731.95,0.259315,4,OK,-100.508,95.9585,-1732.21,OK,-126.853,53.5662,-1726.83,OK,-97.0413,8.19698,-1735.01,OK,-55.7977,57.8935,-1742.71,,364691809,Port:2,0,1773303796,818824166,Enabled,0.916478,0.022088,0.0387711,0.397588,-107.357,261.609,-1642.29,0.14892,3,OK,-107.186,261.693,-1642.31,OK,-146.601,228.752,-1639.12,OK,-153.344,304.784,-1637.78,,364691809,Port:3,0,1773303796,818824166,Missing,,,,,,,,,4,Missing,,,,Missing,,,,Missing,,,,Missing,,,,,364691809,Port:65535,0,1773303796,818824166,Missing,,,,,,,,,0
4,,364691812,Port:1,0,1773303796,868824166,50000000,Enabled,0.532614,0.569832,-0.438645,0.446323,-101.063,96.2142,-1732.02,0.250653,4,OK,-100.907,96.1468,-1732.27,OK,-127.285,53.7676,-1727.02,OK,-97.4882,8.38754,-1735.2,OK,-56.214,58.0818,-1742.78,,364691812,Port:2,0,1773303796,868824166,Enabled,0.916491,0.0220962,0.0382886,0.397606,-107.355,261.606,-1642.25,0.146628,3,OK,-107.187,261.69,-1642.26,OK,-146.6,228.748,-1639.13,OK,-153.345,304.78,-1637.76,,364691812,Port:3,0,1773303796,868824166,Missing,,,,,,,,,4,Missing,,,,Missing,,,,Missing,,,,Missing,,,,,364691812,Port:65535,0,1773303796,868824166,Missing,,,,,,,,,0
4,,364691815,Port:1,0,1773303796,918824166,50000000,Enabled,0.532576,0.570434,-0.437462,0.44676,-101.254,96.2348,-1732.09,0.263115,4,OK,-101.093,96.1651,-1732.35,OK,-127.372,53.7304,-1727.01,OK,-97.4728,8.41412,-1735.22,OK,-56.3314,58.2032,-1742.87,,364691815,Port:2,0,1773303796,918824166,Enabled,0.916436,0.021937,0.0391896,0.397652,-107.358,261.613,-1642.32,0.148162,3,OK,-107.189,261.699,-1642.34,OK,-146.594,228.749,-1639.11,OK,-153.349,304.783,-1637.81,,364691815,Port:3,0,1773303796,918824166,Missing,,,,,,,,,4,Missing,,,,Missing,,,,Missing,,,,Missing,,,,,364691815,Port:65535,0,1773303796,918824166,Missing,,,,,,,,,0
4,,364691818,Port:1,0,1773303796,968824166,50000000,Enabled,0.534086,0.568685,-0.437153,0.44749,-101.17,96.7283,-1732.46,0.261621,4,OK,-101.011,96.6556,-1732.72,OK,-127.369,54.2933,-1727.2,OK,-97.5403,8.89012,-1735.19,OK,-56.3004,58.569,-1743.03,,364691818,Port:2,0,1773303796,968824166,Enabled,0.916503,0.0219357,0.0378538,0.397628,-107.349,261.608,-1642.23,0.146863,3,OK,-107.179,261.687,-1642.25,OK,-146.595,228.749,-1639.14,OK,-153.348,304.785,-1637.78,,364691818,Port:3,0,1773303796,968824166,Missing,,,,,,,,,4,Missing,,,,Missing,,,,Missing,,,,Missing,,,,,364691818,Port:65535,0,1773303796,968824166,Missing,,,,,,,,,0
4,,364691821,Port:1,0,1773303797,18824166,50000000,Enabled,0.533395,0.568063,-0.43868,0.447609,-101.326,96.8375,-1732.68,0.274507,4,OK,-101.174,96.7718,-1732.96,OK,-127.595,54.4481,-1727.54,OK,-97.8122,8.98993,-1735.54,OK,-56.4969,58.6125,-1743.16,,364691821,Port:2,0,1773303797,18824166,Enabled,0.916449,0.0221097,0.0389068,0.397641,-107.357,261.609,-1642.29,0.146334,3,OK,-107.191,261.694,-1642.3,OK,-146.594,228.747,-1639.1,OK,-153.346,304.78,-1637.77,,364691821,Port:3,0,1773303797,18824166,Missing,,,,,,,,,4,Missing,,,,Missing,,,,Missing,,,,Missing,,,,,364691821,Port:65535,0,1773303797,18824166,Missing,,,,,,,,,0
4,,364691824,Port:1,0,1773303797,68824166,50000000,Enabled,0.533168,0.568949,-0.437672,0.44774,-101.613,96.4938,-1732.59,0.226976,4,OK,-101.45,96.4259,-1732.81,OK,-127.794,54.0317,-1727.49,OK,-97.9094,8.66116,-1735.42,OK,-56.704,58.3811,-1743.2,,364691824,Port:2,0,1773303797,68824166,Enabled,0.916456,0.0220609,0.0386755,0.39765,-107.356,261.612,-1642.28,0.148329,3,OK,-107.186,261.696,-1642.29,OK,-146.597,228.751,-1639.11,OK,-153.35,304.78,-1637.77,,364691824,Port:3,0,1773303797,68824166,Missing,,,,,,,,,4,Missing,,,,Missing,,,,Missing,,,,Missing,,,,,364691824,Port:65535,0,1773303797,68824166,Missing,,,,,,,,,0
4,,364691827,Port:1,0,1773303797,118824166,50000000,Enabled,0.532089,0.569213,-0.438709,0.447675,-101.93,96.2734,-1732.48,0.24966,4,OK,-101.774,96.2065,-1732.73,OK,-128.111,53.8058,-1727.5,OK,-98.2325,8.43754,-1735.55,OK,-57.0047,58.1891,-1743.08,,364691827,Port:2,0,1773303797,118824166,Enabled,0.916483,0.0216309,0.0384539,0.397633,-107.351,261.607,-1642.25,0.149099,3,OK,-107.18,261.687,-1642.27,OK,-146.592,228.742,-1639.1,OK,-153.351,304.791,-1637.81,,364691827,Port:3,0,1773303797,118824166,Missing,,,,,,,,,4,Missing,,,,Missing,,,,Missing,,,,Missing,,,,,364691827,Port:65535,0,1773303797,118824166,Missing,,,,,,,,,0
4,,364691830,Port:1,0,1773303797,168824166,50000000,Enabled,0.532125,0.57053,-0.438043,0.446606,-102.154,96.0301,-1732.36,0.246151,4,OK,-101.989,95.9606,-1732.6,OK,-128.309,53.5275,-1727.37,OK,-98.3993,8.20881,-1735.57,OK,-57.2223,58.001,-1743.17,,364691830,Port:2,0,1773303797,168824166,Enabled,0.916489,0.0219175,0.0381599,0.397631,-107.353,261.608,-1642.25,0.14347,3,OK,-107.187,261.686,-1642.26,OK,-146.593,228.75,-1639.13,OK,-153.349,304.784,-1637.79,,364691830,Port:3,0,1773303797,168824166,Missing,,,,,,,,,4,Missing,,,,Missing,,,,Missing,,,,Missing,,,,,364691830,Port:65535,0,1773303797,168824166,Missing,,,,,,,,,0
4,,364691833,Port:1,0,1773303797,218824166,50000000,Enabled,0.531553,0.5712,-0.438152,0.446324,-102.322,95.8854,-1732.34,0.233535,4,OK,-102.17,95.8142,-1732.57,OK,-128.434,53.3709,-1727.43,OK,-98.5057,8.06806,-1735.7,OK,-57.3705,57.8975,-1743.24,,364691833,Port:2,0,1773303797,218824166,Enabled,0.916514,0.0220047,0.0380832,0.397576,-107.353,261.612,-1642.26,0.143359,3,OK,-107.188,261.69,-1642.27,OK,-146.597,228.757,-1639.15,OK,-153.344,304.794,-1637.79,,364691833,Port:3,0,1773303797,218824166,Missing,,,,,,,,,4,Missing,,,,Missing,,,,Missing,,,,Missing,,,,,364691833,Port:65535,0,1773303797,218824166,Missing,,,,,,,,,0
4,,364691836,Port:1,0,1773303797,268824166,50000000,Enabled,0.531608,0.57076,-0.437931,0.447037,-102.465,95.7024,-1732.47,0.238137,4,OK,-102.298,95.6403,-1732.7,OK,-128.562,53.1629,-1727.53,OK,-98.5976,7.88437,-1735.71,OK,-57.4915,57.7313,-1743.28,,364691836,Port:2,0,1773303797,268824166,Enabled,0.916492,0.0217391,0.0383396,0.397618,-107.354,261.612,-1642.25,0.143573,3,OK,-107.19,261.694,-1642.27,OK,-146.596,228.757,-1639.11,OK,-153.347,304.785,-1637.81,,364691836,Port:3,0,1773303797,268824166,Missing,,,,,,,,,4,Missing,,,,Missing,,,,Missing,,,,Missing,,,,,364691836,Port:65535,0,1773303797,268824166,Missing,,,,,,,,,0
4,,364691839,Port:1,0,1773303797,318824166,50000000,Enabled,0.532116,0.57109,-0.437964,0.445977,-102.389,95.7969,-1732.26,0.252725,4,OK,-102.237,95.7289,-1732.52,OK,-128.523,53.2958,-1727.28,OK,-98.6473,7.98135,-1735.59,OK,-57.4761,57.7678,-1743.17,,364691839,Port:2,0,1773303797,318824166,Enabled,0.916439,0.0224228,0.0388509,0.397653,-107.352,261.612,-1642.29,0.150461,3,OK,-107.18,261.699,-1642.3,OK,-146.594,228.749,-1639.12,OK,-153.342,304.774,-1637.74,,364691839,Port:3,0,1773303797,318824166,Missing,,,,,,,,,4,Missing,,,,Missing,,,,Missing,,,,Missing,,,,,364691839,Port:65535,0,1773303797,318824166,Missing,,,,,,,,,0
4,,364691842,Port:1,0,1773303797,368824166,50000000,Enabled,0.531378,0.570912,-0.438822,0.446243,-102.585,95.8141,-1732.43,0.233389,4,OK,-102.431,95.7501,-1732.65,OK,-128.739,53.311,-1727.57,OK,-98.8496,8.00255,-1735.83,OK,-57.665,57.7856,-1743.3,,364691842,Port:2,0,1773303797,368824166,Enabled,0.91649,0.0220759,0.0379999,0.397637,-107.353,261.615,-1642.27,0.145744,3,OK,-107.184,261.694,-1642.28,OK,-146.596,228.755,-1639.17,OK,-153.351,304.789,-1637.8,,364691842,Port:3,0,1773303797,368824166,Missing,,,,,,,,,4,Missing,,,,Missing,,,,Missing,,,,Missing,,,,,364691842,Port:65535,0,1773303797,368824166,Missing,,,,,,,,,0
4,,364691845,Port:1,0,1773303797,418824166,50000000,Enabled,0.53186,0.571258,-0.438204,0.445833,-102.661,95.9279,-1732.22,0.279346,4,OK,-102.502,95.8612,-1732.5,OK,-128.795,53.42,-1727.24,OK,-98.924,8.11343,-1735.64,OK,-57.7599,57.9098,-1743.12,,364691845,Port:2,0,1773303797,418824166,Enabled,0.916491,0.0220117,0.038302,0.397609,-107.357,261.612,-1642.27,0.146016,3,OK,-107.189,261.695,-1642.29,OK,-146.601,228.756,-1639.14,OK,-153.348,304.785,-1637.79,,364691845,Port:3,0,1773303797,418824166,Missing,,,,,,,,,4,Missing,,,,Missing,,,,Missing,,,,Missing,,,,,364691845,Port:65535,0,1773303797,418824166,Missing,,,,,,,,,0
4,,364691848,Port:1,0,1773303797,468824166,50000000,Enabled,0.532391,0.571388,-0.437276,0.445944,-102.661,95.9998,-1732.36,0.25702,4,OK,-102.508,95.9331,-1732.62,OK,-128.759,53.4799,-1727.31,OK,-98.855,8.186,-1735.65,OK,-57.733,57.9981,-1743.3,,364691848,Port:2,0,1773303797,468824166,Enabled,0.916503,0.0220873,0.0383613,0.397571,-107.355,261.612,-1642.28,0.147589,3,OK,-107.184,261.695,-1642.3,OK,-146.604,228.761,-1639.15,OK,-153.343,304.786,-1637.79,,364691848,Port:3,0,1773303797,468824166,Missing,,,,,,,,,4,Missing,,,,Missing,,,,Missing,,,,Missing,,,,,364691848,Port:65535,0,1773303797,468824166,Missing,,,,,,,,,0
4,,364691851,Port:1,0,1773303797,518824166,50000000,Enabled,0.533381,0.57005,-0.437721,0.446035,-102.525,96.4074,-1732.37,0.249787,4,OK,-102.352,96.3316,-1732.61,OK,-128.725,53.9449,-1727.28,OK,-98.9421,8.58868,-1735.44,OK,-57.7003,58.2859,-1743.2,,364691851,Port:2,0,1773303797,518824166,Enabled,0.916477,0.0219688,0.0386021,0.397614,-107.357,261.616,-1642.29,0.145631,3,OK,-107.19,261.698,-1642.3,OK,-146.598,228.759,-1639.13,OK,-153.349,304.791,-1637.8,,364691851,Port:3,0,1773303797,518824166,Missing,,,,,,,,,4,Missing,,,,Missing,,,,Missing,,,,Missing,,,,,364691851,Port:65535,0,1773303797,518824166,Missing,,,,,,,,,0
4,,364691854,Port:1,0,1773303797,568824166,-1.77E+18,Enabled,0.533388,0.570418,-0.436809,0.446451,-102.633,96.3904,-1732.51,0.239895,4,OK,-102.476,96.3251,-1732.75,OK,-128.756,53.894,-1727.36,OK,-98.8906,8.56868,-1735.51,OK,-57.733,58.329,-1743.35,,364691854,Port:2,0,1773303797,568824166,Enabled,0.91649,0.0222474,0.0383551,0.397592,-107.359,261.607,-1642.28,0.145376,3,OK,-107.193,261.692,-1642.29,OK,-146.605,228.754,-1639.15,OK,-153.345,304.775,-1637.77,,364691854,Port:3,0,1773303797,568824166,Missing,,,,,,,,,4,Missing,,,,Missing,,,,Missing,,,,Missing,,,,,364691854,Port:65535,0,1773303797,568824166,Missing,,,,,,,,,0
,,,,,32,-300000001,,,,,,,,,,,,,,,,,,,,,,,,,,,,,,,,,,,,,,,,,,,,,,,,,,,,,,,,,,,,,,,,,,,,,,,,,,,,,,,,,,,,,,,,,,,,,,,,,,,,,,,
