ToolCount,ToolInfo,Frame#,,PortHandle,Face#,timespec_s,timespec_ns,,TransformStatus,Q0,Qx,Qy,Qz,Tx,Ty,Tz,Error,#Markers,Marker0.Status,Tx,Ty,Tz,Marker1.Status,Tx,Ty,Tz,Marker2.Status,Tx,Ty,Tz,Marker3.Status,Tx,Ty,Tz,ToolInfo,Frame#,PortHandle,Face#,timespec_s,timespec_ns,TransformStatus,Q0,Qx,Qy,Qz,Tx,Ty,Tz,Error,#Markers,Marker0.Status,Tx,Ty,Tz,Marker1.Status,Tx,Ty,Tz,Marker2.Status,Tx,Ty,Tz,ToolInfo,Frame#,PortHandle,Face#,timespec_s,timespec_ns,TransformStatus,Q0,Qx,Qy,Qz,Tx,Ty,Tz,Error,#Markers,Marker0.Status,Tx,Ty,Tz,Marker1.Status,Tx,Ty,Tz,Marker2.Status,Tx,Ty,Tz,Marker3.Status,Tx,Ty,Tz,ToolInfo,Frame#,PortHandle,Face#,timespec_s,timespec_ns,TransformStatus,Q0,Qx,Qy,Qz,Tx,Ty,Tz,Error,#Markers
4,,365853208,,Port:1,0,1773323153,468828402,,Enabled,0.589708,0.422618,-0.63298,0.270138,-82.0552,150.87,-1696.76,0.219211,4,OK,-81.8839,150.736,-1696.92,OK,-127.861,130.459,-1698.67,OK,-127.66,77.0194,-1710.79,OK,-65.2102,95.025,-1709.98,,365853208,Port:2,0,1773323153,468828402,Enabled,0.930142,0.0308933,0.0352613,0.364195,-87.4022,271.252,-1592.35,0.140207,3,OK,-87.2302,271.315,-1592.36,OK,-128.928,241.312,-1589.63,OK,-130.122,317.579,-1587.09,,365853208,Port:3,0,1773323153,468828402,Missing,,,,,,,,,4,Missing,,,,Missing,,,,Missing,,,,Missing,,,,,365853208,Port:65535,0,1773323153,468828402,Missing,,,,,,,,,0
4,,365853211,3,Port:1,0,1773323153,518828402,50000000,Enabled,0.5898,0.422409,-0.633036,0.270134,-82.0085,150.949,-1696.89,0.218026,4,OK,-81.851,150.817,-1697.07,OK,-127.819,130.567,-1698.79,OK,-127.634,77.1086,-1710.92,OK,-65.178,95.079,-1710.09,,365853211,Port:2,0,1773323153,518828402,Enabled,0.930172,0.0308535,0.0348907,0.364158,-87.4066,271.244,-1592.34,0.141475,3,OK,-87.2314,271.306,-1592.35,OK,-128.939,241.311,-1589.65,OK,-130.127,317.571,-1587.1,,365853211,Port:3,0,1773323153,518828402,Missing,,,,,,,,,4,Missing,,,,Missing,,,,Missing,,,,Missing,,,,,365853211,Port:65535,0,1773323153,518828402,Missing,,,,,,,,,0
4,,365853214,3,Port:1,0,1773323153,568828402,50000000,Enabled,0.589333,0.423235,-0.633065,0.269791,-81.9652,150.911,-1696.88,0.224876,4,OK,-81.7973,150.78,-1697.06,OK,-127.761,130.485,-1698.8,OK,-127.53,77.0554,-1711.04,OK,-65.0937,95.0876,-1710.17,,365853214,Port:2,0,1773323153,568828402,Enabled,0.930186,0.0307423,0.0346635,0.364153,-87.4053,271.245,-1592.29,0.139263,3,OK,-87.2345,271.309,-1592.3,OK,-128.938,241.313,-1589.62,OK,-130.124,317.574,-1587.07,,365853214,Port:3,0,1773323153,568828402,Missing,,,,,,,,,4,Missing,,,,Missing,,,,Missing,,,,Missing,,,,,365853214,Port:65535,0,1773323153,568828402,Missing,,,,,,,,,0
4,,365853217,3,Port:1,0,1773323153,618828402,50000000,Enabled,0.590069,0.42235,-0.63289,0.269979,-81.8011,151.081,-1697.07,0.216199,4,OK,-81.6354,150.942,-1697.23,OK,-127.63,130.71,-1698.95,OK,-127.453,77.2542,-1711.04,OK,-64.994,95.2099,-1710.27,,365853217,Port:2,0,1773323153,618828402,Enabled,0.930146,0.0307224,0.0355752,0.364169,-87.4066,271.247,-1592.34,0.143087,3,OK,-87.2339,271.314,-1592.36,OK,-128.934,241.303,-1589.59,OK,-130.121,317.579,-1587.09,,365853217,Port:3,0,1773323153,618828402,Missing,,,,,,,,,4,Missing,,,,Missing,,,,Missing,,,,Missing,,,,,365853217,Port:65535,0,1773323153,618828402,Missing,,,,,,,,,0
4,,365853220,3,Port:1,0,1773323153,668828402,50000000,Enabled,0.588953,0.422709,-0.633779,0.269771,-81.7397,151.061,-1697,0.211723,4,OK,-81.5746,150.934,-1697.16,OK,-127.545,130.692,-1699.01,OK,-127.363,77.2451,-1711.23,OK,-64.9128,95.2205,-1710.28,,365853220,Port:2,0,1773323153,668828402,Enabled,0.93017,0.030756,0.0352076,0.36414,-87.409,271.246,-1592.33,0.140736,3,OK,-87.2397,271.314,-1592.34,OK,-128.94,241.307,-1589.61,OK,-130.121,317.579,-1587.09,,365853220,Port:3,0,1773323153,668828402,Missing,,,,,,,,,4,Missing,,,,Missing,,,,Missing,,,,Missing,,,,,365853220,Port:65535,0,1773323153,668828402,Missing,,,,,,,,,0
4,,365853223,3,Port:1,0,1773323153,718828402,50000000,Enabled,0.589632,0.42189,-0.633753,0.269631,-81.4857,151.302,-1697.12,0.225571,4,OK,-81.3179,151.184,-1697.3,OK,-127.329,130.996,-1699.05,OK,-127.239,77.539,-1711.24,OK,-64.7429,95.4127,-1710.32,,365853223,Port:2,0,1773323153,718828402,Enabled,0.930152,0.0306809,0.0352708,0.364186,-87.4079,271.253,-1592.34,0.144486,3,OK,-87.2339,271.321,-1592.35,OK,-128.938,241.306,-1589.62,OK,-130.126,317.585,-1587.11,,365853223,Port:3,0,1773323153,718828402,Missing,,,,,,,,,4,Missing,,,,Missing,,,,Missing,,,,Missing,,,,,365853223,Port:65535,0,1773323153,718828402,Missing,,,,,,,,,0
4,,365853226,3,Port:1,0,1773323153,768828402,50000000,Enabled,0.589933,0.420879,-0.634215,0.269464,-81.153,151.672,-1697.36,0.217121,4,OK,-80.9742,151.532,-1697.51,OK,-127.049,131.454,-1699.35,OK,-127.041,77.9973,-1711.4,OK,-64.5209,95.7525,-1710.52,,365853226,Port:2,0,1773323153,768828402,Enabled,0.930136,0.0308178,0.0355704,0.364186,-87.4103,271.254,-1592.36,0.142724,3,OK,-87.2389,271.324,-1592.37,OK,-128.938,241.31,-1589.61,OK,-130.124,317.579,-1587.09,,365853226,Port:3,0,1773323153,768828402,Missing,,,,,,,,,4,Missing,,,,Missing,,,,Missing,,,,Missing,,,,,365853226,Port:65535,0,1773323153,768828402,Missing,,,,,,,,,0
4,,365853229,3,Port:1,0,1773323153,818828402,50000000,Enabled,0.58916,0.419682,-0.635673,0.269588,-80.8405,152.092,-1697.72,0.215385,4,OK,-80.6711,151.959,-1697.88,OK,-126.764,131.981,-1699.84,OK,-126.842,78.5094,-1711.92,OK,-64.2847,96.1271,-1710.81,,365853229,Port:2,0,1773323153,818828402,Enabled,0.930128,0.0309909,0.0357476,0.364175,-87.4087,271.249,-1592.36,0.141095,3,OK,-87.2385,271.318,-1592.37,OK,-128.934,241.308,-1589.6,OK,-130.119,317.573,-1587.07,,365853229,Port:3,0,1773323153,818828402,Missing,,,,,,,,,4,Missing,,,,Missing,,,,Missing,,,,Missing,,,,,365853229,Port:65535,0,1773323153,818828402,Missing,,,,,,,,,0
4,,365853232,3,Port:1,0,1773323153,868828402,50000000,Enabled,0.590296,0.418275,-0.635485,0.269732,-80.5443,152.54,-1698.12,0.218387,4,OK,-80.3778,152.4,-1698.29,OK,-126.51,132.515,-1700.15,OK,-126.716,79.0154,-1712.08,OK,-64.1062,96.5067,-1711.06,,365853232,Port:2,0,1773323153,868828402,Enabled,0.930151,0.0310806,0.0351328,0.364169,-87.4082,271.25,-1592.34,0.136949,3,OK,-87.2408,271.314,-1592.35,OK,-128.934,241.315,-1589.63,OK,-130.123,317.572,-1587.06,,365853232,Port:3,0,1773323153,868828402,Missing,,,,,,,,,4,Missing,,,,Missing,,,,Missing,,,,Missing,,,,,365853232,Port:65535,0,1773323153,868828402,Missing,,,,,,,,,0
4,,365853235,3,Port:1,0,1773323153,918828407,50000005,Enabled,0.590051,0.417161,-0.636142,0.270443,-80.4078,152.992,-1698.54,0.206823,4,OK,-80.2395,152.849,-1698.68,OK,-126.387,133.013,-1700.67,OK,-126.609,79.4891,-1712.46,OK,-64.0119,96.9231,-1711.37,,365853235,Port:2,0,1773323153,918828407,Enabled,0.930158,0.0307952,0.0349512,0.364192,-87.4033,271.252,-1592.34,0.142157,3,OK,-87.2301,271.318,-1592.35,OK,-128.934,241.311,-1589.65,OK,-130.124,317.579,-1587.1,,365853235,Port:3,0,1773323153,918828407,Missing,,,,,,,,,4,Missing,,,,Missing,,,,Missing,,,,Missing,,,,,365853235,Port:65535,0,1773323153,918828407,Missing,,,,,,,,,0
4,,365853238,3,Port:1,0,1773323153,968828407,50000000,Enabled,0.589615,0.415891,-0.637064,0.27118,-80.1568,153.865,-1699.34,0.218006,4,OK,-79.9896,153.729,-1699.5,OK,-126.154,133.943,-1701.53,OK,-126.414,80.3959,-1713.3,OK,-63.7913,97.7498,-1712,,365853238,Port:2,0,1773323153,968828407,Enabled,0.930165,0.0308352,0.0352196,0.364144,-87.4095,271.243,-1592.34,0.140921,3,OK,-87.2378,271.307,-1592.35,OK,-128.939,241.305,-1589.62,OK,-130.124,317.576,-1587.09,,365853238,Port:3,0,1773323153,968828407,Missing,,,,,,,,,4,Missing,,,,Missing,,,,Missing,,,,Missing,,,,,365853238,Port:65535,0,1773323153,968828407,Missing,,,,,,,,,0
4,,365853241,3,Port:1,0,1773323154,18828407,50000000,Enabled,0.591228,0.414764,-0.635225,0.273695,-80.192,155.525,-1701.02,0.211565,4,OK,-80.0234,155.399,-1701.18,OK,-126.156,135.491,-1703.02,OK,-126.319,81.8543,-1714.41,OK,-63.7077,99.3509,-1713.33,,365853241,Port:2,0,1773323154,18828407,Enabled,0.930156,0.030969,0.0352029,0.364158,-87.4081,271.256,-1592.35,0.140158,3,OK,-87.239,271.324,-1592.36,OK,-128.938,241.318,-1589.64,OK,-130.12,317.581,-1587.09,,365853241,Port:3,0,1773323154,18828407,Missing,,,,,,,,,4,Missing,,,,Missing,,,,Missing,,,,Missing,,,,,365853241,Port:65535,0,1773323154,18828407,Missing,,,,,,,,,0
4,,365853244,3,Port:1,0,1773323154,68828407,50000000,Enabled,0.590807,0.410575,-0.637455,0.27573,-80.1028,157.836,-1703.1,0.208509,4,OK,-79.9432,157.708,-1703.26,OK,-126.138,137.998,-1705.31,OK,-126.468,84.3028,-1716.38,OK,-63.7816,101.51,-1714.96,,365853244,Port:2,0,1773323154,68828407,Enabled,0.930172,0.0308904,0.0350791,0.364137,-87.408,271.248,-1592.35,0.13886,3,OK,-87.2403,271.314,-1592.37,OK,-128.938,241.311,-1589.65,OK,-130.12,317.579,-1587.1,,365853244,Port:3,0,1773323154,68828407,Missing,,,,,,,,,4,Missing,,,,Missing,,,,Missing,,,,Missing,,,,,365853244,Port:65535,0,1773323154,68828407,Missing,,,,,,,,,0
4,,365853247,3,Port:1,0,1773323154,118828407,50000000,Enabled,0.59276,0.405101,-0.637632,0.279203,-79.8068,160.402,-1705.44,0.202432,4,OK,-79.6505,160.262,-1705.58,OK,-125.903,140.723,-1707.59,OK,-126.422,86.9012,-1717.96,OK,-63.6895,103.877,-1716.55,,365853247,Port:2,0,1773323154,118828407,Enabled,0.930111,0.030838,0.0357569,0.364232,-87.4057,271.251,-1592.36,0.141805,3,OK,-87.2355,271.32,-1592.38,OK,-128.927,241.301,-1589.59,OK,-130.123,317.575,-1587.09,,365853247,Port:3,0,1773323154,118828407,Missing,,,,,,,,,4,Missing,,,,Missing,,,,Missing,,,,Missing,,,,,365853247,Port:65535,0,1773323154,118828407,Missing,,,,,,,,,0
4,,365853250,3,Port:1,0,1773323154,168828407,50000000,Enabled,0.595487,0.401549,-0.636099,0.282011,-79.3101,162.712,-1707.66,0.182335,4,OK,-79.1558,162.579,-1707.76,OK,-125.443,143.089,-1709.57,OK,-126.035,89.1448,-1719.3,OK,-63.2929,106.031,-1718.19,,365853250,Port:2,0,1773323154,168828407,Enabled,0.930165,0.0308141,0.0350918,0.36416,-87.41,271.251,-1592.32,0.139138,3,OK,-87.2401,271.315,-1592.33,OK,-128.938,241.314,-1589.61,OK,-130.127,317.582,-1587.08,,365853250,Port:3,0,1773323154,168828407,Missing,,,,,,,,,4,Missing,,,,Missing,,,,Missing,,,,Missing,,,,,365853250,Port:65535,0,1773323154,168828407,Missing,,,,,,,,,0
4,,365853253,3,Port:1,0,1773323154,218828407,50000000,Enabled,0.594711,0.396425,-0.639058,0.284202,-78.4967,164.818,-1709.7,0.197289,4,OK,-78.3346,164.682,-1709.83,OK,-124.732,145.45,-1711.88,OK,-125.557,91.4458,-1721.31,OK,-62.7052,107.982,-1719.7,,365853253,Port:2,0,1773323154,218828407,Enabled,0.930185,0.0307905,0.0349067,0.364127,-87.4059,271.249,-1592.34,0.138339,3,OK,-87.2375,271.314,-1592.35,OK,-128.937,241.317,-1589.65,OK,-130.119,317.58,-1587.11,,365853253,Port:3,0,1773323154,218828407,Missing,,,,,,,,,4,Missing,,,,Missing,,,,Missing,,,,Missing,,,,,365853253,Port:65535,0,1773323154,218828407,Missing,,,,,,,,,0
4,,365853256,3,Port:1,0,1773323154,268828407,50000000,Enabled,0.595618,0.389544,-0.640834,0.287795,-77.8158,167.112,-1712.22,0.19896,4,OK,-77.6598,166.978,-1712.35,OK,-124.145,148.006,-1714.51,OK,-125.26,93.909,-1723.29,OK,-62.3246,110.056,-1721.38,,365853256,Port:2,0,1773323154,268828407,Enabled,0.930156,0.0306677,0.0356097,0.364145,-87.4067,271.251,-1592.35,0.141787,3,OK,-87.2373,271.319,-1592.36,OK,-128.934,241.307,-1589.59,OK,-130.117,317.587,-1587.1,,365853256,Port:3,0,1773323154,268828407,Missing,,,,,,,,,4,Missing,,,,Missing,,,,Missing,,,,Missing,,,,,365853256,Port:65535,0,1773323154,268828407,Missing,,,,,,,,,0
4,,365853259,3,Port:1,0,1773323154,318828407,50000000,Enabled,0.598699,0.380062,-0.642838,0.289606,-76.6674,169.969,-1715.47,0.192326,4,OK,-76.5038,169.835,-1715.58,OK,-123.243,151.444,-1717.75,OK,-125.014,97.2477,-1725.69,OK,-61.9081,112.578,-1723.72,,365853259,Port:2,0,1773323154,318828407,Enabled,0.930158,0.0306371,0.0353577,0.364168,-87.4073,271.25,-1592.36,0.143944,3,OK,-87.2326,271.317,-1592.37,OK,-128.938,241.308,-1589.62,OK,-130.125,317.583,-1587.12,,365853259,Port:3,0,1773323154,318828407,Missing,,,,,,,,,4,Missing,,,,Missing,,,,Missing,,,,Missing,,,,,365853259,Port:65535,0,1773323154,318828407,Missing,,,,,,,,,0
4,,365853262,3,Port:1,0,1773323154,368828407,50000000,Enabled,0.604799,0.364172,-0.646082,0.290129,-74.9344,173.419,-1719.45,0.159839,4,OK,-74.7841,173.296,-1719.49,OK,-121.95,156.054,-1721.67,OK,-125.104,101.749,-1728.27,OK,-61.6064,115.482,-1726.37,,365853262,Port:2,0,1773323154,368828407,Enabled,0.930147,0.0310283,0.0352459,0.364174,-87.4036,271.252,-1592.36,0.142479,3,OK,-87.2309,271.32,-1592.37,OK,-128.934,241.311,-1589.64,OK,-130.118,317.576,-1587.08,,365853262,Port:3,0,1773323154,368828407,Missing,,,,,,,,,4,Missing,,,,Missing,,,,Missing,,,,Missing,,,,,365853262,Port:65535,0,1773323154,368828407,Missing,,,,,,,,,0
4,,365853265,3,Port:1,0,1773323154,418828407,50000000,Enabled,0.611875,0.351479,-0.645564,0.292094,-74.0796,176.411,-1723.91,0.157633,4,OK,-73.936,176.287,-1723.96,OK,-121.401,159.842,-1725.68,OK,-125.516,105.459,-1731.02,OK,-61.7906,118.091,-1729.48,,365853265,Port:2,0,1773323154,418828407,Enabled,0.930168,0.0308617,0.0350642,0.364151,-87.4056,271.245,-1592.33,0.137512,3,OK,-87.2388,271.31,-1592.35,OK,-128.934,241.309,-1589.63,OK,-130.119,317.572,-1587.09,,365853265,Port:3,0,1773323154,418828407,Missing,,,,,,,,,4,Missing,,,,Missing,,,,Missing,,,,Missing,,,,,365853265,Port:65535,0,1773323154,418828407,Missing,,,,,,,,,0
4,,365853268,3,Port:1,0,1773323154,468828407,50000000,Enabled,0.613591,0.338798,-0.648005,0.298012,-74.1496,178.99,-1729.1,0.157957,4,OK,-74.0055,178.88,-1729.17,OK,-121.634,162.934,-1731.05,OK,-126.353,108.495,-1735.25,OK,-62.4906,120.413,-1733.17,,365853268,Port:2,0,1773323154,468828407,Enabled,0.930108,0.031148,0.0358372,0.364203,-87.4089,271.246,-1592.38,0.143476,3,OK,-87.2358,271.316,-1592.39,OK,-128.933,241.299,-1589.61,OK,-130.122,317.568,-1587.07,,365853268,Port:3,0,1773323154,468828407,Missing,,,,,,,,,4,Missing,,,,Missing,,,,Missing,,,,Missing,,,,,365853268,Port:65535,0,1773323154,468828407,Missing,,,,,,,,,0
4,,365853271,3,Port:1,0,1773323154,518828407,50000000,Enabled,0.614529,0.328243,-0.648735,0.306191,-74.288,181.201,-1734.61,0.15136,4,OK,-74.1592,181.072,-1734.64,OK,-121.812,165.319,-1736.76,OK,-126.751,110.829,-1739.66,OK,-62.8698,122.498,-1737.17,,365853271,Port:2,0,1773323154,518828407,Enabled,0.930162,0.0308744,0.0352291,0.364148,-87.4052,271.242,-1592.35,0.142722,3,OK,-87.2314,271.308,-1592.36,OK,-128.937,241.304,-1589.64,OK,-130.12,317.573,-1587.1,,365853271,Port:3,0,1773323154,518828407,Missing,,,,,,,,,4,Missing,,,,Missing,,,,Missing,,,,Missing,,,,,365853271,Port:65535,0,1773323154,518828407,Missing,,,,,,,,,0
4,,365853274,3,Port:1,0,1773323154,568828407,50000000,Enabled,0.613306,0.31047,-0.656906,0.309739,-72.4588,184.254,-1740.2,0.148126,4,OK,-72.3274,184.13,-1740.2,OK,-120.277,169.432,-1743.24,OK,-126.423,115.014,-1745.12,OK,-62.375,125.26,-1741.29,,365853274,Port:2,0,1773323154,568828407,Enabled,0.930138,0.031098,0.0353726,0.364177,-87.402,271.245,-1592.36,0.137706,3,OK,-87.234,271.309,-1592.37,OK,-128.926,241.308,-1589.64,OK,-130.116,317.566,-1587.07,,365853274,Port:3,0,1773323154,568828407,Missing,,,,,,,,,4,Missing,,,,Missing,,,,Missing,,,,Missing,,,,,365853274,Port:65535,0,1773323154,568828407,Missing,,,,,,,,,0
4,,365853277,3,Port:1,0,1773323154,618828407,50000000,Enabled,0.618233,0.291601,-0.657981,0.315938,-70.1872,187.815,-1746.3,0.145824,4,OK,-70.0552,187.696,-1746.28,OK,-118.277,173.896,-1749.38,OK,-125.555,119.574,-1749.45,OK,-61.3315,128.615,-1745.32,,365853277,Port:2,0,1773323154,618828407,Enabled,0.930174,0.0307596,0.0351053,0.364141,-87.4043,271.244,-1592.32,0.139932,3,OK,-87.2351,271.312,-1592.33,OK,-128.936,241.309,-1589.61,OK,-130.116,317.571,-1587.08,,365853277,Port:3,0,1773323154,618828407,Missing,,,,,,,,,4,Missing,,,,Missing,,,,Missing,,,,Missing,,,,,365853277,Port:65535,0,1773323154,618828407,Missing,,,,,,,,,0
4,,365853280,3,Port:1,0,1773323154,668828407,50000000,Enabled,0.62599,0.274174,-0.655216,0.321959,-68.3567,190.672,-1752.19,0.152202,4,OK,-68.2306,190.546,-1752.14,OK,-116.689,177.551,-1754.85,OK,-125.001,123.416,-1752.95,OK,-60.6146,131.4,-1749.1,,365853280,Port:2,0,1773323154,668828407,Enabled,0.930153,0.031037,0.0354041,0.364142,-87.4049,271.244,-1592.36,0.143618,3,OK,-87.2297,271.312,-1592.38,OK,-128.938,241.309,-1589.63,OK,-130.116,317.568,-1587.08,,365853280,Port:3,0,1773323154,668828407,Missing,,,,,,,,,4,Missing,,,,Missing,,,,Missing,,,,Missing,,,,,365853280,Port:65535,0,1773323154,668828407,Missing,,,,,,,,,0
4,,365853283,3,Port:1,0,1773323154,718828407,50000000,Enabled,0.625519,0.260725,-0.654482,0.335263,-68.5444,191.405,-1756.78,0.146305,4,OK,-68.4191,191.283,-1756.78,OK,-116.838,178.198,-1759.69,OK,-125.205,124.165,-1756.16,OK,-60.8812,132.271,-1751.49,,365853283,Port:2,0,1773323154,718828407,Enabled,0.930183,0.0306559,0.034878,0.364147,-87.4051,271.247,-1592.33,0.140602,3,OK,-87.2353,271.315,-1592.34,OK,-128.938,241.31,-1589.64,OK,-130.12,317.578,-1587.11,,365853283,Port:3,0,1773323154,718828407,Missing,,,,,,,,,4,Missing,,,,Missing,,,,Missing,,,,Missing,,,,,365853283,Port:65535,0,1773323154,718828407,Missing,,,,,,,,,0
4,,365853286,3,Port:1,0,1773323154,768828407,50000000,Enabled,0.621174,0.263885,-0.655891,0.338106,-67.4233,190.692,-1757.09,0.14506,4,OK,-67.2909,190.581,-1757.09,OK,-115.568,177.02,-1760.37,OK,-123.405,122.893,-1757.08,OK,-59.2273,131.61,-1751.95,,365853286,Port:2,0,1773323154,768828407,Enabled,0.930132,0.0306444,0.0358224,0.364188,-87.4091,271.249,-1592.39,0.140949,3,OK,-87.2393,271.315,-1592.4,OK,-128.931,241.302,-1589.61,OK,-130.124,317.583,-1587.13,,365853286,Port:3,0,1773323154,768828407,Missing,,,,,,,,,4,Missing,,,,Missing,,,,Missing,,,,Missing,,,,,365853286,Port:65535,0,1773323154,768828407,Missing,,,,,,,,,0
4,,365853289,3,Port:1,0,1773323154,818828407,50000000,Enabled,0.61891,0.260705,-0.661089,0.334581,-62.757,190.323,-1757.92,0.155468,4,OK,-62.625,190.196,-1757.87,OK,-110.999,177.141,-1761.79,OK,-119.395,123.077,-1758.78,OK,-55.1856,131.15,-1753.05,,365853289,Port:2,0,1773323154,818828407,Enabled,0.930179,0.0308301,0.0350633,0.364126,-87.4045,271.243,-1592.34,0.139573,3,OK,-87.2344,271.307,-1592.36,OK,-128.936,241.309,-1589.64,OK,-130.117,317.576,-1587.1,,365853289,Port:3,0,1773323154,818828407,Missing,,,,,,,,,4,Missing,,,,Missing,,,,Missing,,,,Missing,,,,,365853289,Port:65535,0,1773323154,818828407,Missing,,,,,,,,,0
4,,365853292,3,Port:1,0,1773323154,868828407,50000000,Enabled,0.61406,0.242485,-0.671495,0.336492,-55.5883,190.567,-1762.24,0.139398,4,OK,-55.4746,190.46,-1762.19,OK,-103.974,178.467,-1767.48,OK,-113.776,124.677,-1763.93,OK,-49.6081,131.291,-1756.23,,365853292,Port:2,0,1773323154,868828407,Enabled,0.930168,0.0308674,0.0350192,0.364155,-87.4044,271.239,-1592.32,0.13845,3,OK,-87.2357,271.303,-1592.34,OK,-128.933,241.303,-1589.63,OK,-130.12,317.567,-1587.08,,365853292,Port:3,0,1773323154,868828407,Missing,,,,,,,,,4,Missing,,,,Missing,,,,Missing,,,,Missing,,,,,365853292,Port:65535,0,1773323154,868828407,Missing,,,,,,,,,0
4,,365853295,3,Port:1,0,1773323154,918828403,49999996,Enabled,0.602981,0.216046,-0.688428,0.340302,-49.6305,190.976,-1768.1,0.139839,4,OK,-49.5121,190.87,-1768.05,OK,-98.038,180.28,-1775.77,OK,-109.725,126.897,-1771.72,OK,-45.8905,131.678,-1760.57,,365853295,Port:2,0,1773323154,918828403,Enabled,0.930153,0.0309919,0.0351856,0.364166,-87.4047,271.243,-1592.37,0.142246,3,OK,-87.2317,271.31,-1592.38,OK,-128.935,241.303,-1589.66,OK,-130.12,317.569,-1587.1,,365853295,Port:3,0,1773323154,918828403,Missing,,,,,,,,,4,Missing,,,,Missing,,,,Missing,,,,Missing,,,,,365853295,Port:65535,0,1773323154,918828403,Missing,,,,,,,,,0
4,,365853298,3,Port:1,0,1773323154,968828403,50000000,Enabled,0.603571,0.212852,-0.681063,0.355738,-49.3521,189.798,-1772.17,0.142193,4,OK,-49.2476,189.683,-1772.11,OK,-97.5617,178.052,-1779.48,OK,-108.347,124.633,-1773.77,OK,-44.6002,130.836,-1762.87,,365853298,Port:2,0,1773323154,968828403,Enabled,0.930181,0.0306657,0.0350881,0.364132,-87.4045,271.234,-1592.32,0.142094,3,OK,-87.2339,271.303,-1592.34,OK,-128.938,241.295,-1589.62,OK,-130.117,317.568,-1587.1,,365853298,Port:3,0,1773323154,968828403,Missing,,,,,,,,,4,Missing,,,,Missing,,,,Missing,,,,Missing,,,,,365853298,Port:65535,0,1773323154,968828403,Missing,,,,,,,,,0
4,,365853301,3,Port:1,0,1773323155,18828403,50000000,Enabled,0.594325,0.227811,-0.682566,0.359142,-51.9408,188.185,-1771.16,0.145522,4,OK,-51.8236,188.078,-1771.1,OK,-99.7406,175.115,-1778.95,OK,-108.911,121.298,-1774.27,OK,-45.4463,129.231,-1762.92,,365853301,Port:2,0,1773323155,18828403,Enabled,0.930163,0.0309521,0.0351687,0.364146,-87.4078,271.237,-1592.34,0.138806,3,OK,-87.241,271.305,-1592.35,OK,-128.937,241.299,-1589.63,OK,-130.118,317.566,-1587.08,,365853301,Port:3,0,1773323155,18828403,Missing,,,,,,,,,4,Missing,,,,Missing,,,,Missing,,,,Missing,,,,,365853301,Port:65535,0,1773323155,18828403,Missing,,,,,,,,,0
4,,365853304,3,Port:1,0,1773323155,68828403,50000000,Enabled,0.594343,0.236883,-0.676687,0.364331,-54.6938,186.566,-1771.32,0.13795,4,OK,-54.5787,186.468,-1771.28,OK,-102.293,172.48,-1778.54,OK,-110.261,118.491,-1773.78,OK,-46.8524,127.757,-1763.1,,365853304,Port:2,0,1773323155,68828403,Enabled,0.930136,0.0308141,0.0354836,0.364195,-87.4056,271.241,-1592.36,0.141985,3,OK,-87.2342,271.309,-1592.37,OK,-128.931,241.296,-1589.61,OK,-130.122,317.57,-1587.1,,365853304,Port:3,0,1773323155,68828403,Missing,,,,,,,,,4,Missing,,,,Missing,,,,Missing,,,,Missing,,,,,365853304,Port:65535,0,1773323155,68828403,Missing,,,,,,,,,0
4,,365853307,3,Port:1,0,1773323155,118828403,50000000,Enabled,0.588126,0.244997,-0.67743,0.367659,-55.8119,184.729,-1771.5,0.143041,4,OK,-55.6932,184.626,-1771.44,OK,-103.1,169.802,-1779.1,OK,-110.058,115.628,-1774.82,OK,-46.8801,126.016,-1763.76,,365853307,Port:2,0,1773323155,118828403,Enabled,0.930141,0.0307647,0.0353437,0.364201,-87.405,271.241,-1592.33,0.143294,3,OK,-87.2334,271.312,-1592.34,OK,-128.934,241.295,-1589.6,OK,-130.121,317.565,-1587.08,,365853307,Port:3,0,1773323155,118828403,Missing,,,,,,,,,4,Missing,,,,Missing,,,,Missing,,,,Missing,,,,,365853307,Port:65535,0,1773323155,118828403,Missing,,,,,,,,,0
4,,365853310,3,Port:1,0,1773323155,168828403,50000000,Enabled,0.580155,0.243231,-0.687554,0.362669,-54.5596,183.843,-1771.77,0.142543,4,OK,-54.4336,183.75,-1771.73,OK,-101.774,169.38,-1780.6,OK,-109.208,115.215,-1777.38,OK,-46.2435,124.95,-1764.77,,365853310,Port:2,0,1773323155,168828403,Enabled,0.930113,0.0310224,0.0358559,0.364199,-87.4061,271.243,-1592.39,0.140074,3,OK,-87.2365,271.308,-1592.4,OK,-128.927,241.297,-1589.61,OK,-130.12,317.569,-1587.08,,365853310,Port:3,0,1773323155,168828403,Missing,,,,,,,,,4,Missing,,,,Missing,,,,Missing,,,,Missing,,,,,365853310,Port:65535,0,1773323155,168828403,Missing,,,,,,,,,0
4,,365853313,3,Port:1,0,1773323155,218828403,50000000,Enabled,0.579851,0.242913,-0.68861,0.361363,-53.4562,182.882,-1772.37,0.142936,4,OK,-53.3303,182.782,-1772.36,OK,-100.69,168.547,-1781.26,OK,-108.246,114.389,-1778.23,OK,-45.2881,123.961,-1765.49,,365853313,Port:2,0,1773323155,218828403,Enabled,0.930156,0.0306469,0.0352999,0.364177,-87.4043,271.236,-1592.34,0.140778,3,OK,-87.2371,271.305,-1592.35,OK,-128.931,241.289,-1589.61,OK,-130.119,317.57,-1587.1,,365853313,Port:3,0,1773323155,218828403,Missing,,,,,,,,,4,Missing,,,,Missing,,,,Missing,,,,Missing,,,,,365853313,Port:65535,0,1773323155,218828403,Missing,,,,,,,,,0
4,,365853316,3,Port:1,0,1773323155,268828403,50000000,Enabled,0.578968,0.241489,-0.69027,0.360564,-52.1956,182.207,-1773.24,0.141674,4,OK,-52.0809,182.104,-1773.2,OK,-99.4418,168.031,-1782.35,OK,-107.168,113.899,-1779.36,OK,-44.2229,123.243,-1766.4,,365853316,Port:2,0,1773323155,268828403,Enabled,0.930167,0.0306713,0.0351838,0.364159,-87.4042,271.237,-1592.33,0.138603,3,OK,-87.2372,271.303,-1592.34,OK,-128.932,241.297,-1589.62,OK,-130.119,317.569,-1587.1,,365853316,Port:3,0,1773323155,268828403,Missing,,,,,,,,,4,Missing,,,,Missing,,,,Missing,,,,Missing,,,,,365853316,Port:65535,0,1773323155,268828403,Missing,,,,,,,,,0
4,,365853319,3,Port:1,0,1773323155,318828403,50000000,Enabled,0.576632,0.237368,-0.692845,0.3621,-49.9892,181.985,-1774.6,0.145726,4,OK,-49.8685,181.873,-1774.56,OK,-97.2016,167.942,-1784.13,OK,-105.145,113.838,-1781,OK,-42.2789,123.028,-1767.45,,365853319,Port:2,0,1773323155,318828403,Enabled,0.930165,0.030736,0.0352773,0.364149,-87.4023,271.236,-1592.35,0.142535,3,OK,-87.2295,271.303,-1592.36,OK,-128.934,241.297,-1589.62,OK,-130.116,317.567,-1587.1,,365853319,Port:3,0,1773323155,318828403,Missing,,,,,,,,,4,Missing,,,,Missing,,,,Missing,,,,Missing,,,,,365853319,Port:65535,0,1773323155,318828403,Missing,,,,,,,,,0
4,,365853322,3,Port:1,0,1773323155,368828403,50000000,Enabled,0.576079,0.230932,-0.696689,0.359762,-46.8639,182.674,-1775.68,0.153005,4,OK,-46.7422,182.562,-1775.61,OK,-94.1626,169.23,-1785.63,OK,-102.851,115.242,-1782.46,OK,-39.9919,123.641,-1768.42,,365853322,Port:2,0,1773323155,368828403,Enabled,0.93014,0.0308211,0.0351535,0.364216,-87.3986,271.242,-1592.33,0.139389,3,OK,-87.2307,271.307,-1592.34,OK,-128.922,241.294,-1589.62,OK,-130.119,317.572,-1587.08,,365853322,Port:3,0,1773323155,368828403,Missing,,,,,,,,,4,Missing,,,,Missing,,,,Missing,,,,Missing,,,,,365853322,Port:65535,0,1773323155,368828403,Missing,,,,,,,,,0
4,,365853325,3,Port:1,0,1773323155,418828403,50000000,Enabled,0.576092,0.229885,-0.698612,0.356668,-45.8419,183.313,-1774.93,0.136423,4,OK,-45.7282,183.214,-1774.9,OK,-93.2112,170.206,-1784.99,OK,-102.212,116.245,-1782.14,OK,-39.3209,124.18,-1767.9,,365853325,Port:2,0,1773323155,418828403,Enabled,0.930151,0.031096,0.0348638,0.364192,-87.4005,271.244,-1592.36,0.139347,3,OK,-87.2312,271.309,-1592.37,OK,-128.929,241.303,-1589.68,OK,-130.119,317.567,-1587.09,,365853325,Port:3,0,1773323155,418828403,Missing,,,,,,,,,4,Missing,,,,Missing,,,,Missing,,,,Missing,,,,,365853325,Port:65535,0,1773323155,418828403,Missing,,,,,,,,,0
4,,365853328,3,Port:1,0,1773323155,468828403,50000000,Enabled,0.576722,0.235637,-0.695593,0.357795,-48.4128,183.445,-1773.96,0.145569,4,OK,-48.3024,183.337,-1773.9,OK,-95.7153,169.871,-1783.7,OK,-104.143,115.825,-1780.87,OK,-41.2369,124.375,-1767.16,,365853328,Port:2,0,1773323155,468828403,Enabled,0.930151,0.0308563,0.0352454,0.364177,-87.4036,271.245,-1592.36,0.141949,3,OK,-87.2307,271.31,-1592.37,OK,-128.932,241.304,-1589.64,OK,-130.121,317.574,-1587.1,,365853328,Port:3,0,1773323155,468828403,Missing,,,,,,,,,4,Missing,,,,Missing,,,,Missing,,,,Missing,,,,,365853328,Port:65535,0,1773323155,468828403,Missing,,,,,,,,,0
4,,365853331,3,Port:1,0,1773323155,518828403,50000000,Enabled,0.57506,0.252082,-0.687803,0.364264,-54.3345,182.97,-1772.94,0.135452,4,OK,-54.2157,182.874,-1772.93,OK,-101.28,167.792,-1781.99,OK,-107.756,113.455,-1779.4,OK,-44.9797,124.151,-1766.55,,365853331,Port:2,0,1773323155,518828403,Enabled,0.930126,0.0310239,0.0354273,0.36421,-87.4044,271.242,-1592.37,0.14248,3,OK,-87.2328,271.311,-1592.39,OK,-128.931,241.296,-1589.64,OK,-130.12,317.562,-1587.09,,365853331,Port:3,0,1773323155,518828403,Missing,,,,,,,,,4,Missing,,,,Missing,,,,Missing,,,,Missing,,,,,365853331,Port:65535,0,1773323155,518828403,Missing,,,,,,,,,0
4,,365853334,3,Port:1,0,1773323155,568828403,50000000,Enabled,0.572416,0.267489,-0.681007,0.370161,-60.0474,182.329,-1771.84,0.147835,4,OK,-59.9191,182.222,-1771.79,OK,-106.574,165.642,-1780.44,OK,-111.21,111.11,-1778.04,OK,-48.655,123.836,-1765.95,,365853334,Port:2,0,1773323155,568828403,Enabled,0.930142,0.0309435,0.0353752,0.36418,-87.4061,271.242,-1592.35,0.140571,3,OK,-87.2379,271.309,-1592.36,OK,-128.932,241.295,-1589.62,OK,-130.12,317.573,-1587.08,,365853334,Port:3,0,1773323155,568828403,Missing,,,,,,,,,4,Missing,,,,Missing,,,,Missing,,,,Missing,,,,,365853334,Port:65535,0,1773323155,568828403,Missing,,,,,,,,,0
4,,365853337,3,Port:1,0,1773323155,618828403,50000000,Enabled,0.565946,0.284923,-0.67771,0.373141,-65.5759,181.1,-1769.04,0.139741,4,OK,-65.4475,181.007,-1769.02,OK,-111.561,162.997,-1777.62,OK,-114.34,108.309,-1776.17,OK,-52.2012,122.925,-1764.2,,365853337,Port:2,0,1773323155,618828403,Enabled,0.930141,0.0311809,0.0351114,0.364188,-87.4045,271.244,-1592.35,0.140172,3,OK,-87.2335,271.31,-1592.36,OK,-128.933,241.306,-1589.65,OK,-130.121,317.563,-1587.06,,365853337,Port:3,0,1773323155,618828403,Missing,,,,,,,,,4,Missing,,,,Missing,,,,Missing,,,,Missing,,,,,365853337,Port:65535,0,1773323155,618828403,Missing,,,,,,,,,0
4,,365853340,3,Port:1,0,1773323155,668828403,50000000,Enabled,0.563017,0.303443,-0.673491,0.3706,-70.1815,179.175,-1764.37,0.142474,4,OK,-70.049,179.074,-1764.37,OK,-115.811,160.043,-1772.62,OK,-117.099,105.275,-1772.42,OK,-55.1789,121.291,-1761.08,,365853340,Port:2,0,1773323155,668828403,Enabled,0.930158,0.0310303,0.0353721,0.364131,-87.4029,271.237,-1592.34,0.139681,3,OK,-87.2325,271.302,-1592.35,OK,-128.932,241.303,-1589.61,OK,-130.113,317.564,-1587.06,,365853340,Port:3,0,1773323155,668828403,Missing,,,,,,,,,4,Missing,,,,Missing,,,,Missing,,,,Missing,,,,,365853340,Port:65535,0,1773323155,668828403,Missing,,,,,,,,,0
4,,365853343,3,Port:1,0,1773323155,718828403,50000000,Enabled,0.558854,0.326224,-0.667916,0.367625,-74.6105,176.277,-1758.42,0.154991,4,OK,-74.4682,176.187,-1758.46,OK,-119.721,155.818,-1766.3,OK,-119.183,101.08,-1767.71,OK,-57.6184,118.877,-1757.02,,365853343,Port:2,0,1773323155,718828403,Enabled,0.930158,0.0305259,0.0352598,0.364186,-87.403,271.249,-1592.35,0.143497,3,OK,-87.2297,271.316,-1592.36,OK,-128.933,241.304,-1589.62,OK,-130.122,317.581,-1587.13,,365853343,Port:3,0,1773323155,718828403,Missing,,,,,,,,,4,Missing,,,,Missing,,,,Missing,,,,Missing,,,,,365853343,Port:65535,0,1773323155,718828403,Missing,,,,,,,,,0
4,,365853346,3,Port:1,0,1773323155,768828403,50000000,Enabled,0.560492,0.34713,-0.657246,0.365207,-78.2405,173.282,-1752.44,0.16372,4,OK,-78.0925,173.188,-1752.51,OK,-122.925,151.568,-1759.28,OK,-120.749,96.8914,-1761.74,OK,-59.4689,116.436,-1752.6,,365853346,Port:2,0,1773323155,768828403,Enabled,0.930168,0.0309454,0.0350336,0.364147,-87.408,271.247,-1592.34,0.141163,3,OK,-87.237,271.315,-1592.35,OK,-128.941,241.312,-1589.65,OK,-130.121,317.571,-1587.09,,365853346,Port:3,0,1773323155,768828403,Missing,,,,,,,,,4,Missing,,,,Missing,,,,Missing,,,,Missing,,,,,365853346,Port:65535,0,1773323155,768828403,Missing,,,,,,,,,0
4,,365853349,3,Port:1,0,1773323155,818828403,50000000,Enabled,0.562332,0.364262,-0.64855,0.361219,-81.6422,170.685,-1746.45,0.151167,4,OK,-81.5003,170.589,-1746.51,OK,-126.006,148.087,-1752.46,OK,-122.647,93.4984,-1755.88,OK,-61.6071,114.286,-1748.11,,365853349,Port:2,0,1773323155,818828403,Enabled,0.930137,0.0309104,0.0354761,0.364185,-87.4061,271.244,-1592.36,0.139056,3,OK,-87.2376,271.31,-1592.37,OK,-128.93,241.304,-1589.62,OK,-130.12,317.568,-1587.09,,365853349,Port:3,0,1773323155,818828403,Missing,,,,,,,,,4,Missing,,,,Missing,,,,Missing,,,,Missing,,,,,365853349,Port:65535,0,1773323155,818828403,Missing,,,,,,,,,0
4,,365853352,3,Port:1,0,1773323155,868828403,50000000,Enabled,0.564666,0.380363,-0.635882,0.363498,-85.6775,167.807,-1741.44,0.158133,4,OK,-85.5263,167.707,-1741.5,OK,-129.476,143.862,-1746.35,OK,-124.53,89.4212,-1750.11,OK,-63.9483,112.077,-1743.9,,365853352,Port:2,0,1773323155,868828403,Enabled,0.930165,0.030809,0.0351104,0.364157,-87.4032,271.246,-1592.34,0.135769,3,OK,-87.2405,271.311,-1592.36,OK,-128.928,241.305,-1589.64,OK,-130.116,317.58,-1587.1,,365853352,Port:3,0,1773323155,868828403,Missing,,,,,,,,,4,Missing,,,,Missing,,,,Missing,,,,Missing,,,,,365853352,Port:65535,0,1773323155,868828403,Missing,,,,,,,,,0
4,,365853355,3,Port:1,0,1773323155,918828403,50000000,Enabled,0.559463,0.39974,-0.62736,0.365553,-90.4053,164.708,-1736.7,0.158717,4,OK,-90.2457,164.614,-1736.76,OK,-133.37,139.238,-1741.35,OK,-126.457,85.0734,-1746.13,OK,-66.6595,109.878,-1740.46,,365853355,Port:2,0,1773323155,918828403,Enabled,0.930125,0.0311419,0.0354664,0.364198,-87.4056,271.252,-1592.35,0.142874,3,OK,-87.2318,271.321,-1592.36,OK,-128.933,241.311,-1589.61,OK,-130.121,317.572,-1587.05,,365853355,Port:3,0,1773323155,918828403,Missing,,,,,,,,,4,Missing,,,,Missing,,,,Missing,,,,Missing,,,,,365853355,Port:65535,0,1773323155,918828403,Missing,,,,,,,,,0
4,,365853358,3,Port:1,0,1773323155,968828403,50000000,Enabled,0.555309,0.41745,-0.616801,0.370032,-94.9337,161.703,-1732.92,0.184337,4,OK,-94.7729,161.613,-1733.04,OK,-136.946,134.629,-1737.09,OK,-128.027,80.826,-1742.64,OK,-69.1593,107.875,-1737.57,,365853358,Port:2,0,1773323155,968828403,Enabled,0.930151,0.030982,0.0354285,0.364149,-87.4037,271.242,-1592.35,0.14174,3,OK,-87.2327,271.311,-1592.36,OK,-128.933,241.303,-1589.61,OK,-130.114,317.57,-1587.07,,365853358,Port:3,0,1773323155,968828403,Missing,,,,,,,,,4,Missing,,,,Missing,,,,Missing,,,,Missing,,,,,365853358,Port:65535,0,1773323155,968828403,Missing,,,,,,,,,0
4,,365853361,3,Port:1,0,1773323156,18828403,50000000,Enabled,0.548029,0.434304,-0.609447,0.373656,-98.6331,158.38,-1729.22,0.175493,4,OK,-98.4662,158.302,-1729.32,OK,-139.671,129.854,-1733.46,OK,-128.851,76.5062,-1739.86,OK,-70.9756,105.597,-1734.9,,365853361,Port:2,0,1773323156,18828403,Enabled,0.930135,0.0308034,0.0354452,0.364204,-87.4036,271.251,-1592.34,0.142029,3,OK,-87.2318,271.319,-1592.36,OK,-128.93,241.308,-1589.6,OK,-130.121,317.575,-1587.09,,365853361,Port:3,0,1773323156,18828403,Missing,,,,,,,,,4,Missing,,,,Missing,,,,Missing,,,,Missing,,,,,365853361,Port:65535,0,1773323156,18828403,Missing,,,,,,,,,0
4,,365853364,3,Port:1,0,1773323156,68828403,50000000,Enabled,0.543532,0.451216,-0.600238,0.375089,-101.701,154.29,-1725.04,0.187762,4,OK,-101.527,154.207,-1725.16,OK,-141.842,124.455,-1729.03,OK,-129.329,71.6115,-1736.36,OK,-72.3868,102.552,-1731.9,,365853364,Port:2,0,1773323156,68828403,Enabled,0.930154,0.0307373,0.0350882,0.364194,-87.4001,271.242,-1592.31,0.137083,3,OK,-87.2322,271.304,-1592.32,OK,-128.924,241.304,-1589.6,OK,-130.121,317.568,-1587.07,,365853364,Port:3,0,1773323156,68828403,Missing,,,,,,,,,4,Missing,,,,Missing,,,,Missing,,,,Missing,,,,,365853364,Port:65535,0,1773323156,68828403,Missing,,,,,,,,,0
4,,365853367,3,Port:1,0,1773323156,118828403,50000000,Enabled,0.538815,0.468484,-0.589447,0.377826,-105.678,149.053,-1721.12,0.22078,4,OK,-105.501,148.975,-1721.3,OK,-144.743,117.803,-1724.75,OK,-130.438,65.5242,-1733.03,OK,-74.5919,98.5338,-1729.03,,365853367,Port:2,0,1773323156,118828403,Enabled,0.930126,0.0310542,0.0355985,0.364189,-87.4058,271.247,-1592.37,0.142167,3,OK,-87.233,271.315,-1592.38,OK,-128.932,241.306,-1589.62,OK,-130.12,317.569,-1587.08,,365853367,Port:3,0,1773323156,118828403,Missing,,,,,,,,,4,Missing,,,,Missing,,,,Missing,,,,Missing,,,,,365853367,Port:65535,0,1773323156,118828403,Missing,,,,,,,,,0
4,,365853370,3,Port:1,0,1773323156,168828403,50000000,Enabled,0.530711,0.487698,-0.578153,0.382406,-110.465,142.372,-1717.17,0.235515,4,OK,-110.275,142.288,-1717.36,OK,-148.167,109.466,-1720.75,OK,-131.669,58.0106,-1729.99,OK,-77.2818,93.4137,-1726.19,,365853370,Port:2,0,1773323156,168828403,Enabled,0.930167,0.0310571,0.0350666,0.364135,-87.4065,271.242,-1592.35,0.13874,3,OK,-87.2401,271.311,-1592.36,OK,-128.937,241.305,-1589.66,OK,-130.115,317.57,-1587.08,,365853370,Port:3,0,1773323156,168828403,Missing,,,,,,,,,4,Missing,,,,Missing,,,,Missing,,,,Missing,,,,,365853370,Port:65535,0,1773323156,168828403,Missing,,,,,,,,,0
4,,365853373,3,Port:1,0,1773323156,218828403,50000000,Enabled,0.525,0.507005,-0.566229,0.38302,-114.302,135.697,-1712.98,0.263957,4,OK,-114.117,135.622,-1713.23,OK,-150.767,101.411,-1716.31,OK,-132.463,50.786,-1726.82,OK,-79.4395,88.2135,-1723.45,,365853373,Port:2,0,1773323156,218828403,Enabled,0.930116,0.0309368,0.0357349,0.364211,-87.4079,271.246,-1592.37,0.139572,3,OK,-87.2399,271.314,-1592.38,OK,-128.929,241.302,-1589.61,OK,-130.122,317.566,-1587.09,,365853373,Port:3,0,1773323156,218828403,Missing,,,,,,,,,4,Missing,,,,Missing,,,,Missing,,,,Missing,,,,,365853373,Port:65535,0,1773323156,218828403,Missing,,,,,,,,,0
4,,365853376,3,Port:1,0,1773323156,268828403,50000000,Enabled,0.519867,0.52185,-0.55865,0.381209,-116.427,129.947,-1709.29,0.238007,4,OK,-116.234,129.867,-1709.49,OK,-152.025,94.7625,-1712.71,OK,-132.568,44.82,-1724.27,OK,-80.4816,83.6151,-1721.13,,365853376,Port:2,0,1773323156,268828403,Enabled,0.930149,0.0311262,0.0353164,0.364151,-87.4036,271.241,-1592.35,0.142662,3,OK,-87.23,271.309,-1592.36,OK,-128.935,241.305,-1589.63,OK,-130.115,317.563,-1587.06,,365853376,Port:3,0,1773323156,268828403,Missing,,,,,,,,,4,Missing,,,,Missing,,,,Missing,,,,Missing,,,,,365853376,Port:65535,0,1773323156,268828403,Missing,,,,,,,,,0
4,,365853379,3,Port:1,0,1773323156,318828403,50000000,Enabled,0.515407,0.53073,-0.556489,0.378155,-117.384,125.615,-1706.24,0.267115,4,OK,-117.188,125.554,-1706.49,OK,-152.562,90.0511,-1709.91,OK,-132.583,40.5181,-1722.49,OK,-80.9681,79.9279,-1719.03,,365853379,Port:2,0,1773323156,318828403,Enabled,0.93015,0.0309462,0.0352412,0.364172,-87.4071,271.24,-1592.34,0.140239,3,OK,-87.239,271.31,-1592.35,OK,-128.936,241.299,-1589.62,OK,-130.119,317.565,-1587.07,,365853379,Port:3,0,1773323156,318828403,Missing,,,,,,,,,4,Missing,,,,Missing,,,,Missing,,,,Missing,,,,,365853379,Port:65535,0,1773323156,318828403,Missing,,,,,,,,,0
4,,365853382,3,Port:1,0,1773323156,368828403,50000000,Enabled,0.512896,0.538423,-0.554541,0.373527,-117.457,122.19,-1703.15,0.268119,4,OK,-117.263,122.119,-1703.4,OK,-152.409,86.4088,-1706.98,OK,-132.149,37.2358,-1720.45,OK,-80.8213,76.9675,-1716.95,,365853382,Port:2,0,1773323156,368828403,Enabled,0.93014,0.03069,0.0355736,0.364188,-87.3993,271.242,-1592.34,0.142628,3,OK,-87.2261,271.308,-1592.36,OK,-128.926,241.299,-1589.59,OK,-130.116,317.57,-1587.09,,365853382,Port:3,0,1773323156,368828403,Missing,,,,,,,,,4,Missing,,,,Missing,,,,Missing,,,,Missing,,,,,365853382,Port:65535,0,1773323156,368828403,Missing,,,,,,,,,0
4,,365853385,3,Port:1,0,1773323156,418828403,50000000,Enabled,0.513046,0.547678,-0.546878,0.371156,-117.836,118.408,-1699.86,0.265364,4,OK,-117.641,118.342,-1700.11,OK,-152.278,82.0932,-1703.32,OK,-131.481,33.3334,-1717.44,OK,-80.7321,73.8705,-1714.59,,365853385,Port:2,0,1773323156,418828403,Enabled,0.930119,0.0310369,0.0357153,0.364197,-87.4068,271.249,-1592.37,0.140871,3,OK,-87.2384,271.32,-1592.39,OK,-128.931,241.304,-1589.61,OK,-130.118,317.569,-1587.08,,365853385,Port:3,0,1773323156,418828403,Missing,,,,,,,,,4,Missing,,,,Missing,,,,Missing,,,,Missing,,,,,365853385,Port:65535,0,1773323156,418828403,Missing,,,,,,,,,0
4,,365853388,3,Port:1,0,1773323156,468828403,50000000,Enabled,0.513964,0.560678,-0.530917,0.373641,-119.107,113.316,-1696.76,0.257524,4,OK,-118.905,113.259,-1697,OK,-152.387,75.8521,-1699.33,OK,-130.309,27.7832,-1713.84,OK,-80.9034,70.0145,-1712.32,,365853388,Port:2,0,1773323156,468828403,Enabled,0.930141,0.0309352,0.0353275,0.364187,-87.401,271.243,-1592.35,0.140886,3,OK,-87.2309,271.309,-1592.36,OK,-128.927,241.297,-1589.63,OK,-130.117,317.573,-1587.08,,365853388,Port:3,0,1773323156,468828403,Missing,,,,,,,,,4,Missing,,,,Missing,,,,Missing,,,,Missing,,,,,365853388,Port:65535,0,1773323156,468828403,Missing,,,,,,,,,0
4,,365853391,3,Port:1,0,1773323156,518828403,50000000,Enabled,0.510191,0.576077,-0.516854,0.375103,-120.397,107.375,-1693.16,0.265615,4,OK,-120.19,107.333,-1693.41,OK,-152.355,68.7468,-1695.35,OK,-128.82,21.6096,-1710.73,OK,-80.9727,65.6168,-1709.84,,365853391,Port:2,0,1773323156,518828403,Enabled,0.930141,0.0309423,0.0354445,0.364175,-87.4014,271.236,-1592.34,0.141045,3,OK,-87.2302,271.303,-1592.35,OK,-128.928,241.296,-1589.6,OK,-130.116,317.562,-1587.07,,365853391,Port:3,0,1773323156,518828403,Missing,,,,,,,,,4,Missing,,,,Missing,,,,Missing,,,,Missing,,,,,365853391,Port:65535,0,1773323156,518828403,Missing,,,,,,,,,0
4,,365853394,3,Port:1,0,1773323156,568828403,50000000,Enabled,0.506937,0.591599,-0.502875,0.374355,-121.055,101.56,-1689.13,0.251563,4,OK,-120.855,101.539,-1689.37,OK,-151.745,61.8922,-1691,OK,-126.993,15.7245,-1707.37,OK,-80.6372,61.3194,-1707.17,,365853394,Port:2,0,1773323156,568828403,Enabled,0.930133,0.0309886,0.0353476,0.364202,-87.4034,271.247,-1592.34,0.138246,3,OK,-87.2367,271.315,-1592.36,OK,-128.927,241.307,-1589.62,OK,-130.118,317.566,-1587.07,,365853394,Port:3,0,1773323156,568828403,Missing,,,,,,,,,4,Missing,,,,Missing,,,,Missing,,,,Missing,,,,,365853394,Port:65535,0,1773323156,568828403,Missing,,,,,,,,,0
4,,365853397,3,Port:1,0,1773323156,618828403,50000000,Enabled,0.502387,0.604745,-0.492638,0.373093,-121.274,96.287,-1685.72,0.245635,4,OK,-121.072,96.2715,-1685.95,OK,-150.902,55.8227,-1687.57,OK,-125.178,10.5283,-1704.93,OK,-80.088,57.4075,-1704.95,,365853397,Port:2,0,1773323156,618828403,Enabled,0.930186,0.0311113,0.0346625,0.364122,-87.4041,271.237,-1592.33,0.140159,3,OK,-87.2306,271.299,-1592.34,OK,-128.939,241.308,-1589.67,OK,-130.12,317.565,-1587.07,,365853397,Port:3,0,1773323156,618828403,Missing,,,,,,,,,4,Missing,,,,Missing,,,,Missing,,,,Missing,,,,,365853397,Port:65535,0,1773323156,618828403,Missing,,,,,,,,,0
4,,365853400,3,Port:1,0,1773323156,668828403,50000000,Enabled,0.499154,0.614452,-0.483848,0.373075,-121.335,92.2337,-1683.23,0.251709,4,OK,-121.13,92.2213,-1683.47,OK,-150.075,51.1264,-1684.98,OK,-123.55,6.54088,-1703.01,OK,-79.5333,54.4349,-1703.26,,365853400,Port:2,0,1773323156,668828403,Enabled,0.930121,0.0308579,0.0357255,0.364206,-87.4008,271.245,-1592.37,0.140083,3,OK,-87.2318,271.313,-1592.38,OK,-128.923,241.301,-1589.6,OK,-130.116,317.567,-1587.09,,365853400,Port:3,0,1773323156,668828403,Missing,,,,,,,,,4,Missing,,,,Missing,,,,Missing,,,,Missing,,,,,365853400,Port:65535,0,1773323156,668828403,Missing,,,,,,,,,0
4,,365853403,3,Port:1,0,1773323156,718828403,50000000,Enabled,0.497398,0.621925,-0.475263,0.374072,-121.698,89.1733,-1681.06,0.249632,4,OK,-121.487,89.1733,-1681.29,OK,-149.611,47.4963,-1682.6,OK,-122.417,3.48648,-1701.01,OK,-79.3949,52.2712,-1701.65,,365853403,Port:2,0,1773323156,718828403,Enabled,0.930136,0.0309429,0.0354477,0.364188,-87.4001,271.24,-1592.34,0.140508,3,OK,-87.2303,271.307,-1592.35,OK,-128.926,241.297,-1589.6,OK,-130.115,317.565,-1587.06,,365853403,Port:3,0,1773323156,718828403,Missing,,,,,,,,,4,Missing,,,,Missing,,,,Missing,,,,Missing,,,,,365853403,Port:65535,0,1773323156,718828403,Missing,,,,,,,,,0
4,,365853406,3,Port:1,0,1773323156,768828403,50000000,Enabled,0.496441,0.628243,-0.468373,0.373475,-122.289,86.8219,-1679.43,0.218451,4,OK,-122.089,86.8178,-1679.63,OK,-149.633,44.753,-1680.82,OK,-121.965,1.20044,-1699.59,OK,-79.6638,50.5917,-1700.65,,365853406,Port:2,0,1773323156,768828403,Enabled,0.930153,0.0310842,0.0348814,0.364187,-87.4024,271.243,-1592.35,0.139949,3,OK,-87.2321,271.308,-1592.36,OK,-128.931,241.302,-1589.67,OK,-130.121,317.568,-1587.08,,365853406,Port:3,0,1773323156,768828403,Missing,,,,,,,,,4,Missing,,,,Missing,,,,Missing,,,,Missing,,,,,365853406,Port:65535,0,1773323156,768828403,Missing,,,,,,,,,0
4,,365853409,3,Port:1,0,1773323156,818828403,50000000,Enabled,0.494529,0.634202,-0.460041,0.376286,-122.965,84.4804,-1678.38,0.243749,4,OK,-122.763,84.4906,-1678.61,OK,-149.455,41.8569,-1679.51,OK,-121.059,-1.13426,-1698.54,OK,-79.7747,49.1114,-1699.87,,365853409,Port:2,0,1773323156,818828403,Enabled,0.930141,0.030928,0.0353082,0.364191,-87.4055,271.25,-1592.35,0.140277,3,OK,-87.2343,271.315,-1592.36,OK,-128.932,241.311,-1589.63,OK,-130.123,317.572,-1587.08,,365853409,Port:3,0,1773323156,818828403,Missing,,,,,,,,,4,Missing,,,,Missing,,,,Missing,,,,Missing,,,,,365853409,Port:65535,0,1773323156,818828403,Missing,,,,,,,,,0
4,,365853412,3,Port:1,0,1773323156,868828403,50000000,Enabled,0.491967,0.638609,-0.456218,0.376845,-123.24,82.4289,-1677.7,0.234448,4,OK,-123.058,82.4452,-1677.93,OK,-149.251,39.5211,-1678.9,OK,-120.433,-3.0656,-1698.23,OK,-79.7259,47.6247,-1699.52,,365853412,Port:2,0,1773323156,868828403,Enabled,0.930114,0.0312135,0.0354316,0.364222,-87.4055,271.243,-1592.36,0.139797,3,OK,-87.2374,271.314,-1592.37,OK,-128.93,241.301,-1589.63,OK,-130.12,317.556,-1587.06,,365853412,Port:3,0,1773323156,868828403,Missing,,,,,,,,,4,Missing,,,,Missing,,,,Missing,,,,Missing,,,,,365853412,Port:65535,0,1773323156,868828403,Missing,,,,,,,,,0
4,,365853415,3,Port:1,0,1773323156,918828407,50000004,Enabled,0.489432,0.64095,-0.452555,0.380571,-124.052,79.8424,-1677.34,0.222005,4,OK,-123.854,79.8524,-1677.54,OK,-149.531,36.611,-1678.59,OK,-120.154,-5.62612,-1697.78,OK,-80.081,45.5819,-1699.09,,365853415,Port:2,0,1773323156,918828407,Enabled,0.930134,0.0309931,0.0354354,0.36419,-87.4037,271.24,-1592.36,0.140312,3,OK,-87.2336,271.307,-1592.37,OK,-128.929,241.298,-1589.63,OK,-130.119,317.565,-1587.08,,365853415,Port:3,0,1773323156,918828407,Missing,,,,,,,,,4,Missing,,,,Missing,,,,Missing,,,,Missing,,,,,365853415,Port:65535,0,1773323156,918828407,Missing,,,,,,,,,0
4,,365853418,3,Port:1,0,1773323156,968828407,50000000,Enabled,0.484641,0.647353,-0.446923,0.382515,-124.599,75.9871,-1675.89,0.222573,4,OK,-124.404,76.0015,-1676.09,OK,-149.274,32.298,-1677.33,OK,-119.194,-9.26357,-1696.89,OK,-80.0753,42.689,-1698,,365853418,Port:2,0,1773323156,968828407,Enabled,0.930171,0.0311569,0.0349329,0.36413,-87.4022,271.238,-1592.33,0.14083,3,OK,-87.2314,271.307,-1592.34,OK,-128.937,241.306,-1589.65,OK,-130.112,317.56,-1587.06,,365853418,Port:3,0,1773323156,968828407,Missing,,,,,,,,,4,Missing,,,,Missing,,,,Missing,,,,Missing,,,,,365853418,Port:65535,0,1773323156,968828407,Missing,,,,,,,,,0
4,,365853421,3,Port:1,0,1773323157,18828407,50000000,Enabled,0.482061,0.654864,-0.440034,0.380974,-124.155,72.1254,-1673.79,0.234196,4,OK,-123.971,72.1562,-1674.01,OK,-148.148,28.0653,-1675.19,OK,-117.624,-12.8995,-1695.46,OK,-79.3694,39.6889,-1696.65,,365853421,Port:2,0,1773323157,18828407,Enabled,0.930164,0.0307098,0.0352146,0.364158,-87.4039,271.235,-1592.33,0.140727,3,OK,-87.2338,271.303,-1592.34,OK,-128.934,241.297,-1589.61,OK,-130.118,317.565,-1587.09,,365853421,Port:3,0,1773323157,18828407,Missing,,,,,,,,,4,Missing,,,,Missing,,,,Missing,,,,Missing,,,,,365853421,Port:65535,0,1773323157,18828407,Missing,,,,,,,,,0
4,,365853424,3,Port:1,0,1773323157,68828407,50000000,Enabled,0.479062,0.661954,-0.435592,0.377592,-123.315,68.252,-1671.28,0.20915,4,OK,-123.129,68.2928,-1671.47,OK,-146.853,23.9556,-1672.9,OK,-116.082,-16.4833,-1693.89,OK,-78.4431,36.5522,-1695.01,,365853424,Port:2,0,1773323157,68828407,Enabled,0.930149,0.0307194,0.0351563,0.364201,-87.3991,271.241,-1592.34,0.140833,3,OK,-87.2301,271.309,-1592.35,OK,-128.926,241.295,-1589.62,OK,-130.118,317.57,-1587.1,,365853424,Port:3,0,1773323157,68828407,Missing,,,,,,,,,4,Missing,,,,Missing,,,,Missing,,,,Missing,,,,,365853424,Port:65535,0,1773323157,68828407,Missing,,,,,,,,,0
4,,365853427,3,Port:1,0,1773323157,118828407,50000000,Enabled,0.47569,0.66779,-0.433412,0.374072,-122.452,64.5515,-1668.94,0.245184,4,OK,-122.275,64.5994,-1669.18,OK,-145.705,20.114,-1670.81,OK,-114.8,-19.8713,-1692.63,OK,-77.5383,33.4461,-1693.38,,365853427,Port:2,0,1773323157,118828407,Enabled,0.930154,0.0307779,0.035442,0.364156,-87.4052,271.237,-1592.33,0.139126,3,OK,-87.2381,271.305,-1592.35,OK,-128.932,241.298,-1589.59,OK,-130.116,317.565,-1587.08,,365853427,Port:3,0,1773323157,118828407,Missing,,,,,,,,,4,Missing,,,,Missing,,,,Missing,,,,Missing,,,,,365853427,Port:65535,0,1773323157,118828407,Missing,,,,,,,,,0
4,,365853430,3,Port:1,0,1773323157,168828407,50000000,Enabled,0.473759,0.674511,-0.427895,0.3708,-121.584,60.9712,-1666.59,0.198927,4,OK,-121.403,61.0211,-1666.77,OK,-144.352,16.2747,-1668.59,OK,-113.267,-23.1574,-1690.97,OK,-76.6436,30.5677,-1691.9,,365853430,Port:2,0,1773323157,168828407,Enabled,0.930123,0.030915,0.0357102,0.364197,-87.4039,271.238,-1592.34,0.143407,3,OK,-87.2308,271.307,-1592.36,OK,-128.93,241.293,-1589.58,OK,-130.119,317.563,-1587.06,,365853430,Port:3,0,1773323157,168828407,Missing,,,,,,,,,4,Missing,,,,Missing,,,,Missing,,,,Missing,,,,,365853430,Port:65535,0,1773323157,168828407,Missing,,,,,,,,,0
4,,365853433,3,Port:1,0,1773323157,218828407,50000000,Enabled,0.472033,0.681569,-0.419228,0.369995,-120.682,57.5308,-1664.56,0.180096,4,OK,-120.505,57.5726,-1664.71,OK,-142.664,12.4403,-1666.45,OK,-111.156,-26.3607,-1689.3,OK,-75.5202,28.0436,-1690.58,,365853433,Port:2,0,1773323157,218828407,Enabled,0.930168,0.0309455,0.0349349,0.364157,-87.4026,271.243,-1592.35,0.138847,3,OK,-87.2341,271.307,-1592.36,OK,-128.932,241.304,-1589.67,OK,-130.118,317.573,-1587.1,,365853433,Port:3,0,1773323157,218828407,Missing,,,,,,,,,4,Missing,,,,Missing,,,,Missing,,,,Missing,,,,,365853433,Port:65535,0,1773323157,218828407,Missing,,,,,,,,,0
4,,365853436,3,Port:1,0,1773323157,268828407,50000000,Enabled,0.470693,0.688013,-0.411635,0.368298,-119.633,54.8464,-1662.47,0.20118,4,OK,-119.465,54.9151,-1662.65,OK,-140.943,9.44259,-1664.19,OK,-109.155,-28.8209,-1687.7,OK,-74.3898,26.13,-1689.15,,365853436,Port:2,0,1773323157,268828407,Enabled,0.930169,0.0308625,0.0348366,0.36417,-87.4034,271.245,-1592.32,0.139908,3,OK,-87.2365,271.313,-1592.33,OK,-128.934,241.3,-1589.64,OK,-130.118,317.576,-1587.08,,365853436,Port:3,0,1773323157,268828407,Missing,,,,,,,,,4,Missing,,,,Missing,,,,Missing,,,,Missing,,,,,365853436,Port:65535,0,1773323157,268828407,Missing,,,,,,,,,0
4,,365853439,3,Port:1,0,1773323157,318828407,50000000,Enabled,0.47165,0.691181,-0.407225,0.366036,-118.528,53.6091,-1661.04,0.212256,4,OK,-118.365,53.6621,-1661.24,OK,-139.616,8.08137,-1662.52,OK,-107.822,-29.9729,-1686.41,OK,-73.371,25.1653,-1688.2,,365853439,Port:2,0,1773323157,318828407,Enabled,0.930102,0.0312839,0.0358408,0.364208,-87.4054,271.242,-1592.37,0.145528,3,OK,-87.2313,271.315,-1592.38,OK,-128.932,241.293,-1589.6,OK,-130.116,317.559,-1587.04,,365853439,Port:3,0,1773323157,318828407,Missing,,,,,,,,,4,Missing,,,,Missing,,,,Missing,,,,Missing,,,,,365853439,Port:65535,0,1773323157,318828407,Missing,,,,,,,,,0
4,,365853442,3,Port:1,0,1773323157,368828407,50000000,Enabled,0.472156,0.69185,-0.407414,0.363904,-117.746,53.518,-1660.41,0.219442,4,OK,-117.589,53.5869,-1660.62,OK,-138.927,8.04383,-1661.88,OK,-107.308,-30.0641,-1685.99,OK,-72.7504,25.0303,-1687.77,,365853442,Port:2,0,1773323157,368828407,Enabled,0.930148,0.0310088,0.0353126,0.364166,-87.4044,271.241,-1592.35,0.141872,3,OK,-87.2336,271.312,-1592.36,OK,-128.935,241.302,-1589.62,OK,-130.116,317.564,-1587.07,,365853442,Port:3,0,1773323157,368828407,Missing,,,,,,,,,4,Missing,,,,Missing,,,,Missing,,,,Missing,,,,,365853442,Port:65535,0,1773323157,368828407,Missing,,,,,,,,,0
4,,365853445,3,Port:1,0,1773323157,418828407,50000000,Enabled,0.473168,0.691891,-0.405491,0.364658,-117.582,53.6712,-1660.42,0.207142,4,OK,-117.417,53.7308,-1660.61,OK,-138.64,8.12992,-1661.74,OK,-106.965,-29.955,-1685.71,OK,-72.5667,25.2126,-1687.77,,365853445,Port:2,0,1773323157,418828407,Enabled,0.930126,0.0311074,0.0357836,0.364166,-87.4038,271.237,-1592.37,0.142712,3,OK,-87.2311,271.307,-1592.38,OK,-128.931,241.299,-1589.6,OK,-130.113,317.556,-1587.06,,365853445,Port:3,0,1773323157,418828407,Missing,,,,,,,,,4,Missing,,,,Missing,,,,Missing,,,,Missing,,,,,365853445,Port:65535,0,1773323157,418828407,Missing,,,,,,,,,0
4,,365853448,3,Port:1,0,1773323157,468828407,50000000,Enabled,0.474076,0.691445,-0.405342,0.36449,-117.564,54.4672,-1660.78,0.186038,4,OK,-117.407,54.519,-1660.94,OK,-138.684,8.94171,-1662.03,OK,-107.048,-29.1965,-1685.91,OK,-72.5744,25.9153,-1688.16,,365853448,Port:2,0,1773323157,468828407,Enabled,0.930151,0.0309051,0.0353893,0.364158,-87.4066,271.241,-1592.35,0.138852,3,OK,-87.2384,271.306,-1592.36,OK,-128.932,241.301,-1589.62,OK,-130.12,317.572,-1587.08,,365853448,Port:3,0,1773323157,468828407,Missing,,,,,,,,,4,Missing,,,,Missing,,,,Missing,,,,Missing,,,,,365853448,Port:65535,0,1773323157,468828407,Missing,,,,,,,,,0
4,,365853451,3,Port:1,0,1773323157,518828407,50000000,Enabled,0.475194,0.68888,-0.408344,0.364541,-117.631,56.1068,-1661.62,0.198699,4,OK,-117.473,56.1703,-1661.8,OK,-139.066,10.7281,-1662.86,OK,-107.603,-27.6915,-1686.59,OK,-72.7364,27.1938,-1688.76,,365853451,Port:2,0,1773323157,518828407,Enabled,0.930177,0.030753,0.0347041,0.364171,-87.3997,271.242,-1592.31,0.137864,3,OK,-87.2315,271.305,-1592.32,OK,-128.929,241.306,-1589.64,OK,-130.119,317.57,-1587.09,,365853451,Port:3,0,1773323157,518828407,Missing,,,,,,,,,4,Missing,,,,Missing,,,,Missing,,,,Missing,,,,,365853451,Port:65535,0,1773323157,518828407,Missing,,,,,,,,,0
4,,365853454,3,Port:1,0,1773323157,568828407,50000000,Enabled,0.478064,0.681495,-0.416439,0.365511,-117.699,59.0944,-1663.32,0.214479,4,OK,-117.523,59.1408,-1663.51,OK,-139.933,14.0959,-1664.54,OK,-108.927,-25.0048,-1687.67,OK,-73.0386,29.2127,-1689.72,,365853454,Port:2,0,1773323157,568828407,Enabled,0.930145,0.0309937,0.0351253,0.364192,-87.4039,271.24,-1592.35,0.140302,3,OK,-87.235,271.308,-1592.36,OK,-128.931,241.296,-1589.65,OK,-130.12,317.567,-1587.09,,365853454,Port:3,0,1773323157,568828407,Missing,,,,,,,,,4,Missing,,,,Missing,,,,Missing,,,,Missing,,,,,365853454,Port:65535,0,1773323157,568828407,Missing,,,,,,,,,0
4,,365853457,3,Port:1,0,1773323157,618828407,50000000,Enabled,0.482113,0.674439,-0.422873,0.365893,-117.699,62.4641,-1665.29,0.189968,4,OK,-117.534,62.5118,-1665.45,OK,-140.689,17.8523,-1666.38,OK,-110.173,-21.9628,-1688.89,OK,-73.3371,31.5958,-1691.1,,365853457,Port:2,0,1773323157,618828407,Enabled,0.930153,0.0305573,0.0354525,0.364178,-87.4035,271.244,-1592.34,0.143003,3,OK,-87.2297,271.31,-1592.35,OK,-128.932,241.302,-1589.59,OK,-130.122,317.574,-1587.11,,365853457,Port:3,0,1773323157,618828407,Missing,,,,,,,,,4,Missing,,,,Missing,,,,Missing,,,,Missing,,,,,365853457,Port:65535,0,1773323157,618828407,Missing,,,,,,,,,0
4,,365853460,3,Port:1,0,1773323157,668828407,50000000,Enabled,0.48526,0.660626,-0.439311,0.367561,-117.923,67.05,-1668.27,0.21681,4,OK,-117.735,67.0841,-1668.47,OK,-142.385,23.2463,-1669.64,OK,-112.738,-17.766,-1691.15,OK,-74.0455,34.5001,-1692.7,,365853460,Port:2,0,1773323157,668828407,Enabled,0.930168,0.0307604,0.0350028,0.364164,-87.4026,271.236,-1592.32,0.140275,3,OK,-87.2323,271.302,-1592.33,OK,-128.933,241.298,-1589.62,OK,-130.119,317.565,-1587.09,,365853460,Port:3,0,1773323157,668828407,Missing,,,,,,,,,4,Missing,,,,Missing,,,,Missing,,,,Missing,,,,,365853460,Port:65535,0,1773323157,668828407,Missing,,,,,,,,,0
4,,365853463,3,Port:1,0,1773323157,718828407,50000000,Enabled,0.490186,0.64669,-0.454758,0.367022,-117.146,72.6624,-1671.64,0.224336,4,OK,-116.963,72.671,-1671.86,OK,-143.175,29.7761,-1673.14,OK,-114.644,-12.465,-1693.76,OK,-73.998,38.3177,-1694.91,,365853463,Port:2,0,1773323157,718828407,Enabled,0.930153,0.0308496,0.0353676,0.36416,-87.4072,271.24,-1592.36,0.142791,3,OK,-87.2354,271.309,-1592.37,OK,-128.937,241.298,-1589.62,OK,-130.12,317.57,-1587.1,,365853463,Port:3,0,1773323157,718828407,Missing,,,,,,,,,4,Missing,,,,Missing,,,,Missing,,,,Missing,,,,,365853463,Port:65535,0,1773323157,718828407,Missing,,,,,,,,,0
4,,365853466,3,Port:1,0,1773323157,768828407,50000000,Enabled,0.499316,0.624073,-0.475634,0.367407,-115.951,80.4774,-1676.37,0.237707,4,OK,-115.757,80.4677,-1676.6,OK,-144.179,39.0096,-1677.86,OK,-117.438,-5.06434,-1696.85,OK,-74.1017,43.4189,-1697.69,,365853466,Port:2,0,1773323157,768828407,Enabled,0.930139,0.0311017,0.0354795,0.364163,-87.4037,271.242,-1592.34,0.141518,3,OK,-87.2315,271.307,-1592.36,OK,-128.93,241.3,-1589.61,OK,-130.117,317.572,-1587.05,,365853466,Port:3,0,1773323157,768828407,Missing,,,,,,,,,4,Missing,,,,Missing,,,,Missing,,,,Missing,,,,,365853466,Port:65535,0,1773323157,768828407,Missing,,,,,,,,,0
4,,365853469,3,Port:1,0,1773323157,818828407,50000000,Enabled,0.507031,0.604744,-0.491357,0.368472,-114.624,88.0418,-1681.14,0.222669,4,OK,-114.42,88.0146,-1681.33,OK,-144.557,47.7743,-1682.61,OK,-119.301,2.27768,-1700.09,OK,-73.9068,48.8545,-1700.79,,365853469,Port:2,0,1773323157,818828407,Enabled,0.930151,0.0307039,0.0351176,0.364203,-87.4018,271.238,-1592.32,0.141743,3,OK,-87.2313,271.307,-1592.33,OK,-128.93,241.294,-1589.61,OK,-130.12,317.563,-1587.09,,365853469,Port:3,0,1773323157,818828407,Missing,,,,,,,,,4,Missing,,,,Missing,,,,Missing,,,,Missing,,,,,365853469,Port:65535,0,1773323157,818828407,Missing,,,,,,,,,0
4,,365853472,3,Port:1,0,1773323157,868828407,50000000,Enabled,0.514506,0.584621,-0.506875,0.369567,-113.641,95.4952,-1686.18,0.225747,4,OK,-113.427,95.4514,-1686.37,OK,-145.224,56.5101,-1687.65,OK,-121.56,9.66482,-1703.64,OK,-74.209,54.232,-1704.08,,365853472,Port:2,0,1773323157,868828407,Enabled,0.930151,0.0308634,0.0352676,0.364174,-87.3997,271.238,-1592.33,0.140166,3,OK,-87.2294,271.304,-1592.34,OK,-128.927,241.299,-1589.61,OK,-130.115,317.566,-1587.07,,365853472,Port:3,0,1773323157,868828407,Missing,,,,,,,,,4,Missing,,,,Missing,,,,Missing,,,,Missing,,,,,365853472,Port:65535,0,1773323157,868828407,Missing,,,,,,,,,0
4,,365853475,3,Port:1,0,1773323157,918828406,49999999,Enabled,0.523283,0.567352,-0.515995,0.371532,-112.407,102.352,-1690.8,0.241999,4,OK,-112.202,102.298,-1691.02,OK,-145.209,64.3939,-1691.85,OK,-122.87,16.4364,-1706.44,OK,-74.0928,59.415,-1707.09,,365853475,Port:2,0,1773323157,918828406,Enabled,0.930136,0.0309273,0.0356337,0.364172,-87.4026,271.244,-1592.35,0.144732,3,OK,-87.2259,271.312,-1592.37,OK,-128.932,241.304,-1589.6,OK,-130.117,317.569,-1587.07,,365853475,Port:3,0,1773323157,918828406,Missing,,,,,,,,,4,Missing,,,,Missing,,,,Missing,,,,Missing,,,,,365853475,Port:65535,0,1773323157,918828406,Missing,,,,,,,,,0
4,,365853478,3,Port:1,0,1773323157,968828405,49999999,Enabled,0.531864,0.545801,-0.52901,0.373324,-110.772,109.493,-1696.23,0.22794,4,OK,-110.577,109.428,-1696.43,OK,-145.091,72.9027,-1697.15,OK,-124.467,23.7279,-1710.03,OK,-73.926,64.6124,-1710.6,,365853478,Port:2,0,1773323157,968828405,Enabled,0.930179,0.0308145,0.0348614,0.364145,-87.4026,271.241,-1592.32,0.141167,3,OK,-87.2301,271.304,-1592.33,OK,-128.935,241.303,-1589.64,OK,-130.12,317.575,-1587.09,,365853478,Port:3,0,1773323157,968828405,Missing,,,,,,,,,4,Missing,,,,Missing,,,,Missing,,,,Missing,,,,,365853478,Port:65535,0,1773323157,968828405,Missing,,,,,,,,,0
4,,365853481,3,Port:1,0,1773323158,18828405,50000000,Enabled,0.535894,0.523269,-0.547052,0.37382,-107.919,116.569,-1701.64,0.310677,4,OK,-107.721,116.496,-1701.95,OK,-143.83,81.5538,-1703.02,OK,-125.126,31.3248,-1714.71,OK,-72.7545,69.8225,-1714.06,,365853481,Port:2,0,1773323158,18828405,Enabled,0.930143,0.0307816,0.0352777,0.364201,-87.4047,271.236,-1592.33,0.141865,3,OK,-87.2332,271.303,-1592.34,OK,-128.931,241.291,-1589.6,OK,-130.124,317.564,-1587.08,,365853481,Port:3,0,1773323158,18828405,Missing,,,,,,,,,4,Missing,,,,Missing,,,,Missing,,,,Missing,,,,,365853481,Port:65535,0,1773323158,18828405,Missing,,,,,,,,,0
4,,365853484,3,Port:1,0,1773323158,68828405,50000000,Enabled,0.544921,0.499332,-0.560573,0.373479,-104.226,123.852,-1707.17,0.257447,4,OK,-104.027,123.769,-1707.39,OK,-141.72,90.5582,-1708.59,OK,-125.191,39.1967,-1718.51,OK,-71.0837,75.2024,-1717.69,,365853484,Port:2,0,1773323158,68828405,Enabled,0.930146,0.0310721,0.0354616,0.36415,-87.4044,271.245,-1592.38,0.142412,3,OK,-87.2308,271.31,-1592.39,OK,-128.933,241.305,-1589.64,OK,-130.117,317.574,-1587.09,,365853484,Port:3,0,1773323158,68828405,Missing,,,,,,,,,4,Missing,,,,Missing,,,,Missing,,,,Missing,,,,,365853484,Port:65535,0,1773323158,68828405,Missing,,,,,,,,,0
4,,365853487,3,Port:1,0,1773323158,118828406,50000001,Enabled,0.55844,0.474617,-0.568486,0.373774,-99.9604,130.979,-1712.82,0.239455,4,OK,-99.782,130.875,-1713.02,OK,-138.909,99.386,-1713.59,OK,-124.636,47.02,-1721.49,OK,-68.9331,80.5326,-1721.24,,365853487,Port:2,0,1773323158,118828406,Enabled,0.93018,0.030616,0.0349999,0.364147,-87.4003,271.233,-1592.3,0.137783,3,OK,-87.2311,271.294,-1592.31,OK,-128.928,241.299,-1589.6,OK,-130.118,317.567,-1587.08,,365853487,Port:3,0,1773323158,118828406,Missing,,,,,,,,,4,Missing,,,,Missing,,,,Missing,,,,Missing,,,,,365853487,Port:65535,0,1773323158,118828406,Missing,,,,,,,,,0
4,,365853490,3,Port:1,0,1773323158,168828406,50000000,Enabled,0.572316,0.455156,-0.571272,0.372741,-96.1762,137.145,-1717.6,0.249508,4,OK,-96.0028,137.037,-1717.82,OK,-136.248,106.974,-1717.41,OK,-123.881,53.9059,-1723.66,OK,-66.994,85.3583,-1724.36,,365853490,Port:2,0,1773323158,168828406,Enabled,0.930145,0.0308696,0.0352236,0.364193,-87.4027,271.242,-1592.34,0.14139,3,OK,-87.2322,271.31,-1592.35,OK,-128.93,241.298,-1589.63,OK,-130.12,317.569,-1587.09,,365853490,Port:3,0,1773323158,168828406,Missing,,,,,,,,,4,Missing,,,,Missing,,,,Missing,,,,Missing,,,,,365853490,Port:65535,0,1773323158,168828406,Missing,,,,,,,,,0
4,,365853493,3,Port:1,0,1773323158,218828405,49999999,Enabled,0.583726,0.437986,-0.575161,0.369625,-92.4674,142.555,-1721.74,0.213486,4,OK,-92.2943,142.438,-1721.9,OK,-133.581,113.822,-1720.98,OK,-123.083,60.223,-1725.84,OK,-65.1213,89.628,-1727.28,,365853493,Port:2,0,1773323158,218828405,Enabled,0.930147,0.0311991,0.0350661,0.364175,-87.4035,271.244,-1592.34,0.141726,3,OK,-87.2318,271.31,-1592.35,OK,-128.933,241.301,-1589.65,OK,-130.119,317.57,-1587.05,,365853493,Port:3,0,1773323158,218828405,Missing,,,,,,,,,4,Missing,,,,Missing,,,,Missing,,,,Missing,,,,,365853493,Port:65535,0,1773323158,218828405,Missing,,,,,,,,,0
4,,365853496,3,Port:1,0,1773323158,268828405,50000000,Enabled,0.590723,0.421331,-0.582306,0.366669,-88.852,147.285,-1725.54,0.21558,4,OK,-88.6917,147.151,-1725.7,OK,-130.914,119.979,-1724.72,OK,-122.222,65.9904,-1728.58,OK,-63.2743,93.3757,-1729.91,,365853496,Port:2,0,1773323158,268828405,Enabled,0.930135,0.0311427,0.0354713,0.364172,-87.4066,271.239,-1592.34,0.138516,3,OK,-87.2402,271.308,-1592.36,OK,-128.932,241.299,-1589.61,OK,-130.116,317.561,-1587.05,,365853496,Port:3,0,1773323158,268828405,Missing,,,,,,,,,4,Missing,,,,Missing,,,,Missing,,,,Missing,,,,,365853496,Port:65535,0,1773323158,268828405,Missing,,,,,,,,,0
4,,365853499,3,Port:1,0,1773323158,318828405,50000000,Enabled,0.59899,0.404466,-0.589375,0.36091,-84.0961,151.88,-1729,0.177729,4,OK,-83.9385,151.734,-1729.08,OK,-127.182,126.232,-1728.13,OK,-120.548,71.8864,-1730.98,OK,-60.5937,96.9719,-1732.45,,365853499,Port:2,0,1773323158,318828405,Enabled,0.930121,0.0309981,0.0358054,0.364186,-87.4072,271.242,-1592.37,0.141583,3,OK,-87.2348,271.309,-1592.38,OK,-128.931,241.302,-1589.6,OK,-130.121,317.565,-1587.07,,365853499,Port:3,0,1773323158,318828405,Missing,,,,,,,,,4,Missing,,,,Missing,,,,Missing,,,,Missing,,,,,365853499,Port:65535,0,1773323158,318828405,Missing,,,,,,,,,0
4,,365853502,3,Port:1,0,1773323158,368828406,50000001,Enabled,0.608499,0.385734,-0.595064,0.356141,-78.8824,156.151,-1732.48,0.194898,4,OK,-78.734,156.01,-1732.61,OK,-122.942,132.231,-1731.28,OK,-118.447,77.6195,-1733.09,OK,-57.5348,100.297,-1734.65,,365853502,Port:2,0,1773323158,368828406,Enabled,0.930139,0.0305562,0.0357438,0.364185,-87.4026,271.237,-1592.35,0.143662,3,OK,-87.2297,271.306,-1592.36,OK,-128.929,241.292,-1589.58,OK,-130.118,317.567,-1587.11,,365853502,Port:3,0,1773323158,368828406,Missing,,,,,,,,,4,Missing,,,,Missing,,,,Missing,,,,Missing,,,,,365853502,Port:65535,0,1773323158,368828406,Missing,,,,,,,,,0
4,,365853505,3,Port:1,0,1773323158,418828406,50000000,Enabled,0.617676,0.368221,-0.599762,0.350964,-73.7862,159.867,-1735.79,0.177092,4,OK,-73.6481,159.707,-1735.87,OK,-118.707,137.636,-1734.35,OK,-116.245,82.8726,-1735.03,OK,-54.5383,103.229,-1736.86,,365853505,Port:2,0,1773323158,418828406,Enabled,0.930155,0.0308251,0.0353545,0.36416,-87.4016,271.239,-1592.35,0.143518,3,OK,-87.2252,271.303,-1592.36,OK,-128.932,241.3,-1589.62,OK,-130.119,317.571,-1587.09,,365853505,Port:3,0,1773323158,418828406,Missing,,,,,,,,,4,Missing,,,,Missing,,,,Missing,,,,Missing,,,,,365853505,Port:65535,0,1773323158,418828406,Missing,,,,,,,,,0
4,,365853508,3,Port:1,0,1773323158,468828405,49999999,Enabled,0.626689,0.352883,-0.603395,0.344455,-68.5121,163.156,-1738.55,0.166668,4,OK,-68.3789,162.992,-1738.6,OK,-114.191,142.553,-1736.8,OK,-113.678,87.7331,-1736.59,OK,-51.278,105.862,-1738.78,,365853508,Port:2,0,1773323158,468828405,Enabled,0.930125,0.0307567,0.0355997,0.364217,-87.4035,271.237,-1592.33,0.141963,3,OK,-87.2316,271.305,-1592.35,OK,-128.927,241.292,-1589.58,OK,-130.122,317.562,-1587.07,,365853508,Port:3,0,1773323158,468828405,Missing,,,,,,,,,4,Missing,,,,Missing,,,,Missing,,,,Missing,,,,,365853508,Port:65535,0,1773323158,468828405,Missing,,,,,,,,,0
4,,365853511,3,Port:1,0,1773323158,518828405,50000000,Enabled,0.635941,0.336334,-0.607003,0.337647,-62.9989,166.236,-1741.19,0.173301,4,OK,-62.871,166.075,-1741.26,OK,-109.418,147.384,-1739.08,OK,-110.959,92.601,-1738.01,OK,-47.9159,108.337,-1740.44,,365853511,Port:2,0,1773323158,518828405,Enabled,0.930156,0.0310633,0.0350504,0.364166,-87.3988,271.238,-1592.34,0.143196,3,OK,-87.2242,271.305,-1592.35,OK,-128.931,241.299,-1589.65,OK,-130.115,317.563,-1587.07,,365853511,Port:3,0,1773323158,518828405,Missing,,,,,,,,,4,Missing,,,,Missing,,,,Missing,,,,Missing,,,,,365853511,Port:65535,0,1773323158,518828405,Missing,,,,,,,,,0
4,,365853514,3,Port:1,0,1773323158,568828405,50000000,Enabled,0.642249,0.32058,-0.61204,0.331891,-57.9572,168.847,-1743.78,0.158886,4,OK,-57.8235,168.72,-1743.85,OK,-105.004,151.613,-1741.69,OK,-108.424,96.9254,-1739.86,OK,-44.8681,110.464,-1742.15,,365853514,Port:2,0,1773323158,568828405,Enabled,0.930151,0.0307444,0.0353328,0.364179,-87.4014,271.241,-1592.34,0.142836,3,OK,-87.2269,271.305,-1592.35,OK,-128.93,241.299,-1589.61,OK,-130.12,317.571,-1587.1,,365853514,Port:3,0,1773323158,568828405,Missing,,,,,,,,,4,Missing,,,,Missing,,,,Missing,,,,Missing,,,,,365853514,Port:65535,0,1773323158,568828405,Missing,,,,,,,,,0
4,,365853517,3,Port:1,0,1773323158,618828406,50000001,Enabled,0.644754,0.310089,-0.617198,0.327421,-54.0609,170.618,-1745.43,0.145482,4,OK,-53.9378,170.477,-1745.42,OK,-101.515,154.518,-1743.68,OK,-106.22,99.934,-1741.4,OK,-42.3743,111.952,-1743.4,,365853517,Port:2,0,1773323158,618828406,Enabled,0.930135,0.0311259,0.0354043,0.364178,-87.4013,271.243,-1592.36,0.141536,3,OK,-87.2298,271.31,-1592.38,OK,-128.929,241.301,-1589.64,OK,-130.115,317.567,-1587.07,,365853517,Port:3,0,1773323158,618828406,Missing,,,,,,,,,4,Missing,,,,Missing,,,,Missing,,,,Missing,,,,,365853517,Port:65535,0,1773323158,618828406,Missing,,,,,,,,,0
4,,365853520,3,Port:1,0,1773323158,668828406,50000000,Enabled,0.650921,0.300412,-0.618685,0.321379,-50.2911,172.239,-1746.91,0.143165,4,OK,-50.1734,172.104,-1746.94,OK,-98.1128,157.327,-1744.85,OK,-104.184,102.894,-1742.19,OK,-40.0385,113.321,-1744.43,,365853520,Port:2,0,1773323158,668828406,Enabled,0.930118,0.0309197,0.0356528,0.364217,-87.4032,271.241,-1592.36,0.144572,3,OK,-87.2286,271.31,-1592.37,OK,-128.929,241.293,-1589.6,OK,-130.121,317.565,-1587.08,,365853520,Port:3,0,1773323158,668828406,Missing,,,,,,,,,4,Missing,,,,Missing,,,,Missing,,,,Missing,,,,,365853520,Port:65535,0,1773323158,668828406,Missing,,,,,,,,,0
4,,365853523,3,Port:1,0,1773323158,718828405,49999999,Enabled,0.65417,0.290014,-0.62269,0.316562,-46.6493,173.662,-1748.44,0.141989,4,OK,-46.5353,173.519,-1748.42,OK,-94.8222,159.903,-1746.55,OK,-102.174,105.644,-1743.48,OK,-37.8173,114.536,-1745.52,,365853523,Port:2,0,1773323158,718828405,Enabled,0.930157,0.0309604,0.0351541,0.364162,-87.4023,271.243,-1592.36,0.143609,3,OK,-87.2306,271.315,-1592.37,OK,-128.935,241.3,-1589.65,OK,-130.114,317.57,-1587.1,,365853523,Port:3,0,1773323158,718828405,Missing,,,,,,,,,4,Missing,,,,Missing,,,,Missing,,,,Missing,,,,,365853523,Port:65535,0,1773323158,718828405,Missing,,,,,,,,,0
4,,365853526,3,Port:1,0,1773323158,768828405,50000000,Enabled,0.658761,0.277575,-0.624479,0.314662,-42.7798,175.063,-1750.8,0.146074,4,OK,-42.6664,174.916,-1750.8,OK,-91.2575,162.388,-1748.85,OK,-99.8078,108.368,-1745.01,OK,-35.2431,115.809,-1746.92,,365853526,Port:2,0,1773323158,768828405,Enabled,0.930149,0.031023,0.0351212,0.36418,-87.3996,271.236,-1592.33,0.141171,3,OK,-87.2278,271.302,-1592.34,OK,-128.928,241.296,-1589.62,OK,-130.117,317.562,-1587.06,,365853526,Port:3,0,1773323158,768828405,Missing,,,,,,,,,4,Missing,,,,Missing,,,,Missing,,,,Missing,,,,,365853526,Port:65535,0,1773323158,768828405,Missing,,,,,,,,,0
4,,365853529,3,Port:1,0,1773323158,818828405,50000000,Enabled,0.661955,0.262122,-0.629397,0.311396,-38.3773,176.634,-1753.41,0.146715,4,OK,-38.2647,176.49,-1753.37,OK,-87.2095,165.367,-1751.85,OK,-97.3326,111.666,-1747.2,OK,-32.5752,117.256,-1748.61,,365853529,Port:2,0,1773323158,818828405,Enabled,0.930171,0.0309769,0.0348459,0.364154,-87.3988,271.237,-1592.33,0.138806,3,OK,-87.2296,271.303,-1592.34,OK,-128.93,241.303,-1589.65,OK,-130.114,317.563,-1587.08,,365853529,Port:3,0,1773323158,818828405,Missing,,,,,,,,,4,Missing,,,,Missing,,,,Missing,,,,Missing,,,,,365853529,Port:65535,0,1773323158,818828405,Missing,,,,,,,,,0
4,,365853532,3,Port:1,0,1773323158,868828406,50000001,Enabled,0.663925,0.246062,-0.636908,0.30497,-33.3044,178.231,-1756.03,0.14768,4,OK,-33.1952,178.088,-1755.98,OK,-82.5039,168.63,-1755.06,OK,-94.5095,115.357,-1750.05,OK,-29.5977,118.742,-1750.6,,365853532,Port:2,0,1773323158,868828406,Enabled,0.930171,0.030905,0.0350437,0.36414,-87.4027,271.238,-1592.34,0.141491,3,OK,-87.2304,271.306,-1592.35,OK,-128.937,241.306,-1589.64,OK,-130.116,317.561,-1587.09,,365853532,Port:3,0,1773323158,868828406,Missing,,,,,,,,,4,Missing,,,,Missing,,,,Missing,,,,Missing,,,,,365853532,Port:65535,0,1773323158,868828406,Missing,,,,,,,,,0
4,,365853535,3,Port:1,0,1773323158,918828403,49999997,Enabled,0.665151,0.226859,-0.644708,0.300767,-28.306,179.439,-1758.57,0.15994,4,OK,-28.2006,179.29,-1758.49,OK,-77.8209,171.554,-1758.4,OK,-91.7496,118.821,-1752.73,OK,-26.7785,119.959,-1752.16,,365853535,Port:2,0,1773323158,918828403,Enabled,0.930117,0.0309233,0.0358617,0.364198,-87.4041,271.235,-1592.37,0.142546,3,OK,-87.2327,271.305,-1592.38,OK,-128.928,241.289,-1589.59,OK,-130.117,317.559,-1587.08,,365853535,Port:3,0,1773323158,918828403,Missing,,,,,,,,,4,Missing,,,,Missing,,,,Missing,,,,Missing,,,,,365853535,Port:65535,0,1773323158,918828403,Missing,,,,,,,,,0
4,,365853538,3,Port:1,0,1773323158,968828404,50000001,Enabled,0.661038,0.210573,-0.6588,0.290982,-23.104,180.348,-1759.52,0.180496,4,OK,-23.0059,180.197,-1759.39,OK,-72.8664,174.343,-1760.87,OK,-88.9466,122.179,-1755.63,OK,-24.0194,120.847,-1753.21,,365853538,Port:2,0,1773323158,968828404,Enabled,0.930133,0.0308203,0.0355562,0.364195,-87.4077,271.243,-1592.36,0.140766,3,OK,-87.239,271.312,-1592.38,OK,-128.932,241.297,-1589.61,OK,-130.122,317.569,-1587.1,,365853538,Port:3,0,1773323158,968828404,Missing,,,,,,,,,4,Missing,,,,Missing,,,,Missing,,,,Missing,,,,,365853538,Port:65535,0,1773323158,968828404,Missing,,,,,,,,,0
4,,365853541,3,Port:1,0,1773323159,18828404,50000000,Enabled,0.658424,0.197914,-0.66822,0.284234,-19.3755,181.163,-1760.42,0.157853,4,OK,-19.2782,181.014,-1760.35,OK,-69.2627,176.543,-1762.71,OK,-86.8778,124.882,-1757.87,OK,-22.0928,121.716,-1754.03,,365853541,Port:2,0,1773323159,18828404,Enabled,0.930141,0.0306968,0.0354342,0.364196,-87.3998,271.235,-1592.34,0.143766,3,OK,-87.2265,271.302,-1592.36,OK,-128.927,241.288,-1589.6,OK,-130.118,317.565,-1587.1,,365853541,Port:3,0,1773323159,18828404,Missing,,,,,,,,,4,Missing,,,,Missing,,,,Missing,,,,Missing,,,,,365853541,Port:65535,0,1773323159,18828404,Missing,,,,,,,,,0
4,,365853544,3,Port:1,0,1773323159,68828403,49999999,Enabled,0.656603,0.193984,-0.671318,0.283857,-18.3847,181.652,-1761.15,0.158699,4,OK,-18.2865,181.509,-1761.07,OK,-68.2793,177.328,-1763.88,OK,-86.2453,125.775,-1759.04,OK,-21.505,122.227,-1754.66,,365853544,Port:2,0,1773323159,68828403,Enabled,0.930122,0.0310906,0.0353964,0.364217,-87.4047,271.245,-1592.38,0.142822,3,OK,-87.2326,271.315,-1592.39,OK,-128.931,241.298,-1589.65,OK,-130.122,317.567,-1587.09,,365853544,Port:3,0,1773323159,68828403,Missing,,,,,,,,,4,Missing,,,,Missing,,,,Missing,,,,Missing,,,,,365853544,Port:65535,0,1773323159,68828403,Missing,,,,,,,,,0
4,,365853547,3,Port:1,0,1773323159,118828403,50000000,Enabled,0.655896,0.194324,-0.671178,0.285585,-19.1739,181.86,-1761.57,0.160108,4,OK,-19.0759,181.709,-1761.5,OK,-69.0464,177.365,-1764.34,OK,-86.8483,125.772,-1759.47,OK,-22.1281,122.451,-1754.98,,365853547,Port:2,0,1773323159,118828403,Enabled,0.930164,0.0311323,0.0349723,0.364148,-87.4031,271.238,-1592.36,0.138165,3,OK,-87.2354,271.303,-1592.37,OK,-128.933,241.302,-1589.67,OK,-130.115,317.563,-1587.08,,365853547,Port:3,0,1773323159,118828403,Missing,,,,,,,,,4,Missing,,,,Missing,,,,Missing,,,,Missing,,,,,365853547,Port:65535,0,1773323159,118828403,Missing,,,,,,,,,0
4,,365853550,3,Port:1,0,1773323159,168828403,50000000,Enabled,0.653933,0.199146,-0.670312,0.28878,-21.3678,181.854,-1761.55,0.151086,4,OK,-21.2671,181.712,-1761.49,OK,-71.179,176.768,-1764.32,OK,-88.3683,124.936,-1759.58,OK,-23.5947,122.391,-1755.09,,365853550,Port:2,0,1773323159,168828403,Enabled,0.930165,0.0308642,0.0346399,0.364198,-87.3968,271.237,-1592.31,0.139243,3,OK,-87.226,271.299,-1592.32,OK,-128.926,241.297,-1589.65,OK,-130.121,317.565,-1587.08,,365853550,Port:3,0,1773323159,168828403,Missing,,,,,,,,,4,Missing,,,,Missing,,,,Missing,,,,Missing,,,,,365853550,Port:65535,0,1773323159,168828403,Missing,,,,,,,,,0
4,,365853553,3,Port:1,0,1773323159,218828404,50000001,Enabled,0.65532,0.208797,-0.663415,0.294686,-24.9982,181.468,-1761.16,0.162339,4,OK,-24.8917,181.322,-1761.07,OK,-74.7174,175.253,-1763.24,OK,-90.6545,123.053,-1758.24,OK,-25.795,121.977,-1754.7,,365853553,Port:2,0,1773323159,218828404,Enabled,0.930142,0.0309109,0.0353618,0.364185,-87.4052,271.243,-1592.35,0.139876,3,OK,-87.2344,271.307,-1592.36,OK,-128.93,241.302,-1589.62,OK,-130.123,317.571,-1587.08,,365853553,Port:3,0,1773323159,218828404,Missing,,,,,,,,,4,Missing,,,,Missing,,,,Missing,,,,Missing,,,,,365853553,Port:65535,0,1773323159,218828404,Missing,,,,,,,,,0
4,,365853556,3,Port:1,0,1773323159,268828404,50000000,Enabled,0.653902,0.225025,-0.655287,0.303933,-30.7413,180.301,-1759.83,0.158089,4,OK,-30.627,180.165,-1759.75,OK,-80.2146,172.229,-1761.24,OK,-94.1017,119.415,-1756.27,OK,-29.1832,120.787,-1753.67,,365853556,Port:2,0,1773323159,268828404,Enabled,0.930151,0.0310476,0.0349821,0.364186,-87.4015,271.234,-1592.34,0.13838,3,OK,-87.2315,271.296,-1592.36,OK,-128.928,241.297,-1589.66,OK,-130.121,317.558,-1587.08,,365853556,Port:3,0,1773323159,268828404,Missing,,,,,,,,,4,Missing,,,,Missing,,,,Missing,,,,Missing,,,,,365853556,Port:65535,0,1773323159,268828404,Missing,,,,,,,,,0
4,,365853559,3,Port:1,0,1773323159,318828403,49999999,Enabled,0.650846,0.244768,-0.64693,0.313001,-37.4634,178.441,-1757.43,0.146082,4,OK,-37.3585,178.297,-1757.42,OK,-86.5546,168.236,-1758.13,OK,-98.069,114.849,-1753.65,OK,-33.2253,118.993,-1751.87,,365853559,Port:2,0,1773323159,318828403,Enabled,0.930143,0.0304832,0.0355192,0.364202,-87.4025,271.239,-1592.35,0.144353,3,OK,-87.2293,271.307,-1592.37,OK,-128.929,241.289,-1589.6,OK,-130.122,317.572,-1587.13,,365853559,Port:3,0,1773323159,318828403,Missing,,,,,,,,,4,Missing,,,,Missing,,,,Missing,,,,Missing,,,,,365853559,Port:65535,0,1773323159,318828403,Missing,,,,,,,,,0
4,,365853562,3,Port:1,0,1773323159,368828403,50000000,Enabled,0.649686,0.26765,-0.635743,0.319534,-44.2096,176.079,-1754.33,0.153436,4,OK,-44.09,175.938,-1754.34,OK,-92.8002,163.699,-1753.99,OK,-101.846,109.806,-1750.1,OK,-37.2243,116.818,-1749.78,,365853562,Port:2,0,1773323159,368828403,Enabled,0.93013,0.0307668,0.0355933,0.364204,-87.4018,271.243,-1592.36,0.140302,3,OK,-87.2333,271.312,-1592.37,OK,-128.925,241.298,-1589.6,OK,-130.117,317.569,-1587.1,,365853562,Port:3,0,1773323159,368828403,Missing,,,,,,,,,4,Missing,,,,Missing,,,,Missing,,,,Missing,,,,,365853562,Port:65535,0,1773323159,368828403,Missing,,,,,,,,,0
4,,365853565,3,Port:1,0,1773323159,418828403,50000000,Enabled,0.646026,0.288891,-0.626262,0.327092,-50.99,173.264,-1750.81,0.140625,4,OK,-50.8668,173.139,-1750.8,OK,-98.9821,158.761,-1749.86,OK,-105.563,104.434,-1746.53,OK,-41.3091,114.297,-1747.24,,365853565,Port:2,0,1773323159,418828403,Enabled,0.930145,0.0309251,0.0351183,0.364199,-87.4016,271.237,-1592.33,0.13974,3,OK,-87.2324,271.305,-1592.35,OK,-128.929,241.297,-1589.63,OK,-130.119,317.558,-1587.08,,365853565,Port:3,0,1773323159,418828403,Missing,,,,,,,,,4,Missing,,,,Missing,,,,Missing,,,,Missing,,,,,365853565,Port:65535,0,1773323159,418828403,Missing,,,,,,,,,0
4,,365853568,3,Port:1,0,1773323159,468828404,50000001,Enabled,0.643381,0.31738,-0.610071,0.33637,-58.9077,169.295,-1746.65,0.147732,4,OK,-58.7802,169.158,-1746.66,OK,-105.917,151.979,-1744.46,OK,-109.206,97.3121,-1741.9,OK,-45.6801,110.966,-1744.36,,365853568,Port:2,0,1773323159,468828404,Enabled,0.930149,0.0305766,0.035395,0.364192,-87.4028,271.243,-1592.35,0.138756,3,OK,-87.2351,271.307,-1592.36,OK,-128.926,241.299,-1589.61,OK,-130.121,317.575,-1587.12,,365853568,Port:3,0,1773323159,468828404,Missing,,,,,,,,,4,Missing,,,,Missing,,,,Missing,,,,Missing,,,,,365853568,Port:65535,0,1773323159,468828404,Missing,,,,,,,,,0
4,,365853571,3,Port:1,0,1773323159,518828404,50000000,Enabled,0.639817,0.343204,-0.594296,0.345916,-66.2961,164.635,-1742.16,0.160333,4,OK,-66.1604,164.505,-1742.23,OK,-112.177,144.671,-1738.9,OK,-112.345,89.8691,-1737.11,OK,-49.7621,107.128,-1741.01,,365853571,Port:2,0,1773323159,518828404,Enabled,0.930148,0.0307968,0.0353333,0.36418,-87.3999,271.237,-1592.33,0.140382,3,OK,-87.2301,271.303,-1592.34,OK,-128.926,241.295,-1589.6,OK,-130.116,317.567,-1587.08,,365853571,Port:3,0,1773323159,518828404,Missing,,,,,,,,,4,Missing,,,,Missing,,,,Missing,,,,Missing,,,,,365853571,Port:65535,0,1773323159,518828404,Missing,,,,,,,,,0
4,,365853574,3,Port:1,0,1773323159,568828403,49999999,Enabled,0.635449,0.370582,-0.579298,0.351123,-72.5762,159.584,-1736.82,0.171941,4,OK,-72.4286,159.453,-1736.91,OK,-117.236,137.163,-1732.67,OK,-114.487,82.4009,-1732.12,OK,-53.046,103.032,-1737.42,,365853574,Port:2,0,1773323159,568828403,Enabled,0.930148,0.0311002,0.0351966,0.364168,-87.4022,271.233,-1592.36,0.143002,3,OK,-87.2273,271.297,-1592.38,OK,-128.932,241.292,-1589.66,OK,-130.119,317.561,-1587.08,,365853574,Port:3,0,1773323159,568828403,Missing,,,,,,,,,4,Missing,,,,Missing,,,,Missing,,,,Missing,,,,,365853574,Port:65535,0,1773323159,568828403,Missing,,,,,,,,,0
4,,365853577,3,Port:1,0,1773323159,618828403,50000000,Enabled,0.630892,0.396129,-0.563853,0.356548,-78.1068,154.21,-1731.62,0.183702,4,OK,-77.956,154.09,-1731.74,OK,-121.441,129.461,-1726.63,OK,-115.892,74.8973,-1727.28,OK,-55.7349,98.7518,-1733.84,,365853577,Port:2,0,1773323159,618828403,Enabled,0.930139,0.0309287,0.0351103,0.364214,-87.4023,271.247,-1592.35,0.141399,3,OK,-87.2311,271.313,-1592.36,OK,-128.929,241.3,-1589.64,OK,-130.123,317.573,-1587.09,,365853577,Port:3,0,1773323159,618828403,Missing,,,,,,,,,4,Missing,,,,Missing,,,,Missing,,,,Missing,,,,,365853577,Port:65535,0,1773323159,618828403,Missing,,,,,,,,,0
4,,365853580,3,Port:1,0,1773323159,668828403,50000000,Enabled,0.625131,0.423399,-0.545798,0.363386,-83.7502,148.04,-1726.06,0.207213,4,OK,-83.5969,147.931,-1726.23,OK,-125.413,120.744,-1720.22,OK,-116.762,66.5921,-1722.16,OK,-58.3079,94.0229,-1729.98,,365853580,Port:2,0,1773323159,668828403,Enabled,0.930143,0.0303665,0.0357212,0.364193,-87.4035,271.24,-1592.33,0.143757,3,OK,-87.2286,271.304,-1592.34,OK,-128.928,241.294,-1589.55,OK,-130.124,317.577,-1587.11,,365853580,Port:3,0,1773323159,668828403,Missing,,,,,,,,,4,Missing,,,,Missing,,,,Missing,,,,Missing,,,,,365853580,Port:65535,0,1773323159,668828403,Missing,,,,,,,,,0
4,,365853583,3,Port:1,0,1773323159,718828404,50000001,Enabled,0.620398,0.450145,-0.525935,0.368602,-88.6743,141.502,-1720.18,0.209423,4,OK,-88.504,141.393,-1720.34,OK,-128.542,111.811,-1713.42,OK,-116.944,58.2744,-1716.63,OK,-60.4188,89.0857,-1725.96,,365853583,Port:2,0,1773323159,718828404,Enabled,0.930133,0.0307879,0.0355638,0.364199,-87.4069,271.233,-1592.36,0.141221,3,OK,-87.2351,271.298,-1592.37,OK,-128.931,241.29,-1589.61,OK,-130.125,317.559,-1587.1,,365853583,Port:3,0,1773323159,718828404,Missing,,,,,,,,,4,Missing,,,,Missing,,,,Missing,,,,Missing,,,,,365853583,Port:65535,0,1773323159,718828404,Missing,,,,,,,,,0
4,,365853586,3,Port:1,0,1773323159,768828404,50000000,Enabled,0.615253,0.472135,-0.510924,0.370823,-92.1421,135.613,-1714.92,0.222709,4,OK,-91.9733,135.499,-1715.11,OK,-130.497,104.112,-1707.64,OK,-116.713,51.1777,-1712.21,OK,-61.8229,84.5982,-1722.46,,365853586,Port:2,0,1773323159,768828404,Enabled,0.93016,0.0307967,0.0350519,0.364178,-87.4001,271.242,-1592.33,0.142323,3,OK,-87.2277,271.308,-1592.34,OK,-128.931,241.3,-1589.63,OK,-130.118,317.571,-1587.09,,365853586,Port:3,0,1773323159,768828404,Missing,,,,,,,,,4,Missing,,,,Missing,,,,Missing,,,,Missing,,,,,365853586,Port:65535,0,1773323159,768828404,Missing,,,,,,,,,0
4,,365853589,3,Port:1,0,1773323159,818828403,49999999,Enabled,0.611727,0.487424,-0.498287,0.374056,-94.5789,130.628,-1710.84,0.247707,4,OK,-94.3895,130.52,-1711.06,OK,-131.687,97.7611,-1703.07,OK,-116.2,45.3728,-1708.48,OK,-62.7174,80.7683,-1719.46,,365853589,Port:2,0,1773323159,818828403,Enabled,0.930142,0.0309872,0.0353113,0.364182,-87.4045,271.237,-1592.35,0.141816,3,OK,-87.2331,271.305,-1592.36,OK,-128.933,241.295,-1589.63,OK,-130.119,317.561,-1587.07,,365853589,Port:3,0,1773323159,818828403,Missing,,,,,,,,,4,Missing,,,,Missing,,,,Missing,,,,Missing,,,,,365853589,Port:65535,0,1773323159,818828403,Missing,,,,,,,,,0
4,,365853592,3,Port:1,0,1773323159,868828403,50000000,Enabled,0.607996,0.50345,-0.48614,0.374896,-96.5001,126.164,-1707.06,0.257921,4,OK,-96.3177,126.076,-1707.3,OK,-132.394,92.0398,-1698.9,OK,-115.363,40.2456,-1705.41,OK,-63.2636,77.4398,-1717.06,,365853592,Port:2,0,1773323159,868828403,Enabled,0.93016,0.0308068,0.0353195,0.36415,-87.4064,271.235,-1592.34,0.142741,3,OK,-87.2356,271.306,-1592.35,OK,-128.938,241.293,-1589.61,OK,-130.117,317.565,-1587.09,,365853592,Port:3,0,1773323159,868828403,Missing,,,,,,,,,4,Missing,,,,Missing,,,,Missing,,,,Missing,,,,,365853592,Port:65535,0,1773323159,868828403,Missing,,,,,,,,,0
4,,365853595,3,Port:1,0,1773323159,918828407,50000004,Enabled,0.604199,0.516813,-0.474818,0.377353,-98.4021,122.028,-1703.84,0.25942,4,OK,-98.2114,121.935,-1704.08,OK,-133.089,86.7524,-1695.39,OK,-114.632,35.5755,-1702.67,OK,-63.9196,74.4361,-1714.88,,365853595,Port:2,0,1773323159,918828407,Enabled,0.930077,0.0309872,0.0362592,0.364255,-87.4044,271.245,-1592.4,0.144312,3,OK,-87.2314,271.317,-1592.41,OK,-128.924,241.293,-1589.58,OK,-130.12,317.56,-1587.08,,365853595,Port:3,0,1773323159,918828407,Missing,,,,,,,,,4,Missing,,,,Missing,,,,Missing,,,,Missing,,,,,365853595,Port:65535,0,1773323159,918828407,Missing,,,,,,,,,0
4,,365853598,3,Port:1,0,1773323159,968828407,50000000,Enabled,0.600579,0.52996,-0.462901,0.379696,-100.31,117.97,-1700.83,0.291298,4,OK,-100.117,117.899,-1701.12,OK,-133.757,81.5908,-1692,OK,-113.896,31.0359,-1700.15,OK,-64.6046,71.5462,-1712.89,,365853598,Port:2,0,1773323159,968828407,Enabled,0.930135,0.0309039,0.0354538,0.364192,-87.4028,271.238,-1592.35,0.143153,3,OK,-87.2289,271.303,-1592.37,OK,-128.93,241.292,-1589.62,OK,-130.121,317.567,-1587.08,,365853598,Port:3,0,1773323159,968828407,Missing,,,,,,,,,4,Missing,,,,Missing,,,,Missing,,,,Missing,,,,,365853598,Port:65535,0,1773323159,968828407,Missing,,,,,,,,,0
4,,365853601,3,Port:1,0,1773323160,18828407,50000000,Enabled,0.596555,0.54318,-0.450232,0.382582,-102.006,113.91,-1697.81,0.314019,4,OK,-101.813,113.847,-1698.14,OK,-134.096,76.4008,-1688.64,OK,-112.772,26.5897,-1697.62,OK,-65.0688,68.7494,-1710.87,,365853601,Port:2,0,1773323160,18828407,Enabled,0.930165,0.0306811,0.0350173,0.364179,-87.3997,271.239,-1592.31,0.143268,3,OK,-87.225,271.304,-1592.33,OK,-128.931,241.297,-1589.61,OK,-130.121,317.572,-1587.09,,365853601,Port:3,0,1773323160,18828407,Missing,,,,,,,,,4,Missing,,,,Missing,,,,Missing,,,,Missing,,,,,365853601,Port:65535,0,1773323160,18828407,Missing,,,,,,,,,0
4,,365853604,3,Port:1,0,1773323160,68828407,50000000,Enabled,0.593989,0.5546,-0.438142,0.384223,-103.133,110.292,-1695.15,0.281583,4,OK,-102.936,110.223,-1695.43,OK,-134.023,71.8793,-1685.64,OK,-111.499,22.7029,-1695.23,OK,-65.236,66.2379,-1709.21,,365853604,Port:2,0,1773323160,68828407,Enabled,0.93015,0.0307886,0.0353631,0.364173,-87.4016,271.241,-1592.34,0.139778,3,OK,-87.2348,271.31,-1592.36,OK,-128.928,241.298,-1589.61,OK,-130.114,317.569,-1587.09,,365853604,Port:3,0,1773323160,68828407,Missing,,,,,,,,,4,Missing,,,,Missing,,,,Missing,,,,Missing,,,,,365853604,Port:65535,0,1773323160,68828407,Missing,,,,,,,,,0
4,,365853607,3,Port:1,0,1773323160,118828407,50000000,Enabled,0.593566,0.563104,-0.42814,0.383784,-103.341,107.631,-1692.79,0.293548,4,OK,-103.145,107.571,-1693.09,OK,-133.345,68.6218,-1682.83,OK,-110.111,19.8987,-1693.03,OK,-64.8986,64.3331,-1707.7,,365853607,Port:2,0,1773323160,118828407,Enabled,0.930128,0.0307485,0.0354125,0.364229,-87.4003,271.237,-1592.31,0.141496,3,OK,-87.2284,271.303,-1592.33,OK,-128.924,241.292,-1589.58,OK,-130.122,317.56,-1587.07,,365853607,Port:3,0,1773323160,118828407,Missing,,,,,,,,,4,Missing,,,,Missing,,,,Missing,,,,Missing,,,,,365853607,Port:65535,0,1773323160,118828407,Missing,,,,,,,,,0
4,,365853610,3,Port:1,0,1773323160,168828407,50000000,Enabled,0.592469,0.569549,-0.421766,0.383025,-103.189,105.594,-1690.84,0.317529,4,OK,-102.98,105.545,-1691.17,OK,-132.584,66.1545,-1680.66,OK,-108.848,17.7813,-1691.43,OK,-64.4003,62.8577,-1706.41,,365853610,Port:2,0,1773323160,168828407,Enabled,0.930146,0.0310052,0.0352667,0.364175,-87.4048,271.237,-1592.34,0.143505,3,OK,-87.2298,271.303,-1592.36,OK,-128.935,241.296,-1589.63,OK,-130.122,317.564,-1587.07,,365853610,Port:3,0,1773323160,168828407,Missing,,,,,,,,,4,Missing,,,,Missing,,,,Missing,,,,Missing,,,,,365853610,Port:65535,0,1773323160,168828407,Missing,,,,,,,,,0
4,,365853613,3,Port:1,0,1773323160,218828407,50000000,Enabled,0.591614,0.5757,-0.416218,0.381215,-103.001,103.804,-1688.97,0.313548,4,OK,-102.8,103.744,-1689.29,OK,-131.867,64.0272,-1678.64,OK,-107.79,15.9447,-1689.97,OK,-63.9879,61.5496,-1705.26,,365853613,Port:2,0,1773323160,218828407,Enabled,0.930104,0.0310061,0.0358568,0.364225,-87.4017,271.253,-1592.38,0.144616,3,OK,-87.2277,271.324,-1592.4,OK,-128.926,241.305,-1589.61,OK,-130.117,317.573,-1587.08,,365853613,Port:3,0,1773323160,218828407,Missing,,,,,,,,,4,Missing,,,,Missing,,,,Missing,,,,Missing,,,,,365853613,Port:65535,0,1773323160,218828407,Missing,,,,,,,,,0
4,,365853616,3,Port:1,0,1773323160,268828407,50000000,Enabled,0.591126,0.582454,-0.407572,0.381055,-102.905,101.629,-1686.94,0.308102,4,OK,-102.694,101.577,-1687.26,OK,-130.982,61.3742,-1676.29,OK,-106.322,13.7069,-1688.06,OK,-63.498,60.0321,-1703.93,,365853616,Port:2,0,1773323160,268828407,Enabled,0.930163,0.0306816,0.0351324,0.364171,-87.4059,271.24,-1592.34,0.140978,3,OK,-87.235,271.304,-1592.35,OK,-128.934,241.297,-1589.63,OK,-130.124,317.575,-1587.11,,365853616,Port:3,0,1773323160,268828407,Missing,,,,,,,,,4,Missing,,,,Missing,,,,Missing,,,,Missing,,,,,365853616,Port:65535,0,1773323160,268828407,Missing,,,,,,,,,0
4,,365853619,3,Port:1,0,1773323160,318828407,50000000,Enabled,0.59026,0.588247,-0.400799,0.380682,-102.629,99.4138,-1685.08,0.282075,4,OK,-102.423,99.3603,-1685.37,OK,-130.072,58.7783,-1674.24,OK,-104.918,11.4665,-1686.4,OK,-62.9009,58.3648,-1702.69,,365853619,Port:2,0,1773323160,318828407,Enabled,0.930161,0.0309716,0.0353062,0.364134,-87.4048,271.237,-1592.34,0.137623,3,OK,-87.2364,271.3,-1592.35,OK,-128.932,241.305,-1589.62,OK,-130.116,317.565,-1587.07,,365853619,Port:3,0,1773323160,318828407,Missing,,,,,,,,,4,Missing,,,,Missing,,,,Missing,,,,Missing,,,,,365853619,Port:65535,0,1773323160,318828407,Missing,,,,,,,,,0
4,,365853622,3,Port:1,0,1773323160,368828407,50000000,Enabled,0.589063,0.592493,-0.397784,0.379111,-102.129,97.6916,-1683.47,0.280034,4,OK,-101.927,97.6366,-1683.76,OK,-129.232,56.8456,-1672.65,OK,-103.902,9.72752,-1685.25,OK,-62.3021,56.9831,-1701.61,,365853622,Port:2,0,1773323160,368828407,Enabled,0.930152,0.0308641,0.0354292,0.364157,-87.4067,271.242,-1592.34,0.13901,3,OK,-87.2388,271.308,-1592.36,OK,-128.933,241.302,-1589.61,OK,-130.119,317.572,-1587.08,,365853622,Port:3,0,1773323160,368828407,Missing,,,,,,,,,4,Missing,,,,Missing,,,,Missing,,,,Missing,,,,,365853622,Port:65535,0,1773323160,368828407,Missing,,,,,,,,,0
4,,365853625,3,Port:1,0,1773323160,418828407,50000000,Enabled,0.590976,0.594256,-0.393676,0.377659,-101.318,97.0137,-1682.47,0.282904,4,OK,-101.108,96.962,-1682.76,OK,-128.213,56.0956,-1671.31,OK,-102.834,9.04657,-1684.04,OK,-61.5261,56.3927,-1700.91,,365853625,Port:2,0,1773323160,418828407,Enabled,0.930107,0.0309334,0.035561,0.364251,-87.4087,271.246,-1592.38,0.141535,3,OK,-87.2396,271.317,-1592.39,OK,-128.931,241.295,-1589.64,OK,-130.127,317.565,-1587.1,,365853625,Port:3,0,1773323160,418828407,Missing,,,,,,,,,4,Missing,,,,Missing,,,,Missing,,,,Missing,,,,,365853625,Port:65535,0,1773323160,418828407,Missing,,,,,,,,,0
4,,365853628,3,Port:1,0,1773323160,468828407,50000000,Enabled,0.59128,0.599885,-0.387259,0.374909,-100.86,96.0121,-1681,0.30629,4,OK,-100.652,95.9631,-1681.32,OK,-127.234,54.8239,-1669.54,OK,-101.647,8.0406,-1682.89,OK,-61.0078,55.8023,-1700.17,,365853628,Port:2,0,1773323160,468828407,Enabled,0.930139,0.0308003,0.0354299,0.364195,-87.4004,271.242,-1592.36,0.142636,3,OK,-87.228,271.308,-1592.37,OK,-128.927,241.295,-1589.62,OK,-130.118,317.572,-1587.1,,365853628,Port:3,0,1773323160,468828407,Missing,,,,,,,,,4,Missing,,,,Missing,,,,Missing,,,,Missing,,,,,365853628,Port:65535,0,1773323160,468828407,Missing,,,,,,,,,0
4,,365853631,3,Port:1,0,1773323160,518828407,50000000,Enabled,0.590091,0.605778,-0.383034,0.371632,-100.847,94.7054,-1679.46,0.300772,4,OK,-100.628,94.6595,-1679.77,OK,-126.82,53.2413,-1668.01,OK,-101.081,6.74914,-1682.01,OK,-60.9637,54.9249,-1699.45,,365853631,Port:2,0,1773323160,518828407,Enabled,0.930162,0.0308838,0.0348851,0.364182,-87.4001,271.239,-1592.33,0.140281,3,OK,-87.23,271.306,-1592.34,OK,-128.93,241.3,-1589.65,OK,-130.118,317.564,-1587.09,,365853631,Port:3,0,1773323160,518828407,Missing,,,,,,,,,4,Missing,,,,Missing,,,,Missing,,,,Missing,,,,,365853631,Port:65535,0,1773323160,518828407,Missing,,,,,,,,,0
4,,365853634,3,Port:1,0,1773323160,568828407,50000000,Enabled,0.588457,0.612124,-0.376331,0.370671,-100.949,92.8225,-1677.73,0.308131,4,OK,-100.741,92.7773,-1678.06,OK,-126.236,50.9787,-1666.15,OK,-100.067,4.87366,-1680.76,OK,-60.7982,53.6714,-1698.42,,365853634,Port:2,0,1773323160,568828407,Enabled,0.930135,0.0309922,0.0354353,0.364188,-87.4052,271.242,-1592.37,0.142498,3,OK,-87.2333,271.31,-1592.38,OK,-128.933,241.298,-1589.64,OK,-130.12,317.568,-1587.09,,365853634,Port:3,0,1773323160,568828407,Missing,,,,,,,,,4,Missing,,,,Missing,,,,Missing,,,,Missing,,,,,365853634,Port:65535,0,1773323160,568828407,Missing,,,,,,,,,0
4,,365853637,3,Port:1,0,1773323160,618828407,50000000,Enabled,0.586564,0.618153,-0.371412,0.368621,-100.586,90.8193,-1675.8,0.307481,4,OK,-100.385,90.7776,-1676.13,OK,-125.327,48.6539,-1664.25,OK,-98.8975,2.91561,-1679.49,OK,-60.3157,52.1965,-1697.23,,365853637,Port:2,0,1773323160,618828407,Enabled,0.930148,0.0309024,0.0352505,0.364179,-87.4072,271.246,-1592.37,0.143288,3,OK,-87.2329,271.312,-1592.38,OK,-128.937,241.304,-1589.65,OK,-130.124,317.574,-1587.11,,365853637,Port:3,0,1773323160,618828407,Missing,,,,,,,,,4,Missing,,,,Missing,,,,Missing,,,,Missing,,,,,365853637,Port:65535,0,1773323160,618828407,Missing,,,,,,,,,0
4,,365853640,3,Port:1,0,1773323160,668828407,50000000,Enabled,0.585555,0.624881,-0.368446,0.361797,-99.0403,89.3054,-1673.44,0.314451,4,OK,-98.8367,89.2723,-1673.78,OK,-123.541,46.9713,-1661.99,OK,-97.2909,1.44349,-1678.22,OK,-59.0818,51.0063,-1695.96,,365853640,Port:2,0,1773323160,668828407,Enabled,0.930174,0.0306535,0.0347715,0.36418,-87.4013,271.238,-1592.31,0.140706,3,OK,-87.2309,271.304,-1592.33,OK,-128.932,241.297,-1589.64,OK,-130.121,317.567,-1587.11,,365853640,Port:3,0,1773323160,668828407,Missing,,,,,,,,,4,Missing,,,,Missing,,,,Missing,,,,Missing,,,,,365853640,Port:65535,0,1773323160,668828407,Missing,,,,,,,,,0
4,,365853643,3,Port:1,0,1773323160,718828407,50000000,Enabled,0.587848,0.630644,-0.36487,0.351558,-96.6383,88.5949,-1670.89,0.300783,4,OK,-96.428,88.5655,-1671.22,OK,-121.106,46.2812,-1659.29,OK,-95.4248,0.770874,-1676.47,OK,-57.4068,50.3026,-1694.68,,365853643,Port:2,0,1773323160,718828407,Enabled,0.930155,0.0309379,0.0351326,0.364171,-87.4028,271.232,-1592.32,0.143111,3,OK,-87.2284,271.298,-1592.33,OK,-128.934,241.291,-1589.61,OK,-130.12,317.561,-1587.06,,365853643,Port:3,0,1773323160,718828407,Missing,,,,,,,,,4,Missing,,,,Missing,,,,Missing,,,,Missing,,,,,365853643,Port:65535,0,1773323160,718828407,Missing,,,,,,,,,0
4,,365853646,3,Port:1,0,1773323160,768828407,50000000,Enabled,0.589716,0.633896,-0.359881,0.347703,-95.5219,87.7118,-1669.4,0.332376,4,OK,-95.3138,87.6875,-1669.77,OK,-119.72,45.3148,-1657.43,OK,-94.1545,-0.12032,-1675.09,OK,-56.4991,49.566,-1693.77,,365853646,Port:2,0,1773323160,768828407,Enabled,0.930139,0.0310203,0.0352952,0.364188,-87.4027,271.247,-1592.36,0.140915,3,OK,-87.2313,271.314,-1592.37,OK,-128.931,241.309,-1589.64,OK,-130.118,317.566,-1587.08,,365853646,Port:3,0,1773323160,768828407,Missing,,,,,,,,,4,Missing,,,,Missing,,,,Missing,,,,Missing,,,,,365853646,Port:65535,0,1773323160,768828407,Missing,,,,,,,,,0
4,,365853649,3,Port:1,0,1773323160,818828407,50000000,Enabled,0.586946,0.63771,-0.357787,0.347577,-95.7126,86.1221,-1668.41,0.311484,4,OK,-95.5028,86.0998,-1668.75,OK,-119.571,43.4774,-1656.67,OK,-93.7263,-1.6547,-1674.67,OK,-56.5051,48.415,-1693.18,,365853649,Port:2,0,1773323160,818828407,Enabled,0.930123,0.0309044,0.0355293,0.364217,-87.4017,271.243,-1592.36,0.143638,3,OK,-87.2283,271.311,-1592.37,OK,-128.927,241.295,-1589.61,OK,-130.12,317.569,-1587.09,,365853649,Port:3,0,1773323160,818828407,Missing,,,,,,,,,4,Missing,,,,Missing,,,,Missing,,,,Missing,,,,,365853649,Port:65535,0,1773323160,818828407,Missing,,,,,,,,,0
4,,365853652,3,Port:1,0,1773323160,868828407,50000000,Enabled,0.5844,0.640631,-0.356726,0.347585,-95.8571,84.9776,-1667.66,0.300338,4,OK,-95.6463,84.9558,-1667.99,OK,-119.454,42.132,-1656.17,OK,-93.4262,-2.73715,-1674.43,OK,-56.5074,47.6221,-1692.71,,365853652,Port:2,0,1773323160,868828407,Enabled,0.930158,0.0306703,0.0352077,0.364178,-87.4012,271.237,-1592.33,0.142576,3,OK,-87.2301,271.304,-1592.34,OK,-128.93,241.289,-1589.61,OK,-130.119,317.574,-1587.1,,365853652,Port:3,0,1773323160,868828407,Missing,,,,,,,,,4,Missing,,,,Missing,,,,Missing,,,,Missing,,,,,365853652,Port:65535,0,1773323160,868828407,Missing,,,,,,,,,0
4,,365853655,3,Port:1,0,1773323160,918828407,50000000,Enabled,0.584538,0.641626,-0.356243,0.34601,-95.6055,84.9926,-1667.48,0.299576,4,OK,-95.3966,84.9773,-1667.8,OK,-119.22,42.1479,-1655.97,OK,-93.2417,-2.72057,-1674.41,OK,-56.3421,47.6537,-1692.74,,365853655,Port:2,0,1773323160,918828407,Enabled,0.93015,0.0308698,0.0356186,0.364142,-87.4071,271.241,-1592.36,0.145506,3,OK,-87.2308,271.309,-1592.37,OK,-128.939,241.299,-1589.6,OK,-130.119,317.574,-1587.08,,365853655,Port:3,0,1773323160,918828407,Missing,,,,,,,,,4,Missing,,,,Missing,,,,Missing,,,,Missing,,,,,365853655,Port:65535,0,1773323160,918828407,Missing,,,,,,,,,0
4,,365853658,3,Port:1,0,1773323160,968828407,50000000,Enabled,0.585353,0.640641,-0.35649,0.346202,-95.5312,85.507,-1667.73,0.289808,4,OK,-95.3166,85.4936,-1668.04,OK,-119.196,42.7162,-1656.17,OK,-93.2869,-2.2312,-1674.45,OK,-56.3186,48.068,-1692.88,,365853658,Port:2,0,1773323160,968828407,Enabled,0.930165,0.0307506,0.0349801,0.364174,-87.4026,271.246,-1592.34,0.14214,3,OK,-87.232,271.317,-1592.35,OK,-128.935,241.306,-1589.65,OK,-130.118,317.57,-1587.11,,365853658,Port:3,0,1773323160,968828407,Missing,,,,,,,,,4,Missing,,,,Missing,,,,Missing,,,,Missing,,,,,365853658,Port:65535,0,1773323160,968828407,Missing,,,,,,,,,0
4,,365853661,3,Port:1,0,1773323161,18828406,49999999,Enabled,0.585814,0.639956,-0.358185,0.344938,-95.4995,86.1915,-1668.07,0.308016,4,OK,-95.2888,86.1709,-1668.4,OK,-119.377,43.5032,-1656.51,OK,-93.6396,-1.54591,-1674.87,OK,-56.4244,48.5916,-1693.22,,365853661,Port:2,0,1773323161,18828406,Enabled,0.930167,0.0308662,0.035059,0.364153,-87.4006,271.239,-1592.34,0.141176,3,OK,-87.23,271.306,-1592.35,OK,-128.932,241.299,-1589.64,OK,-130.115,317.57,-1587.09,,365853661,Port:3,0,1773323161,18828406,Missing,,,,,,,,,4,Missing,,,,Missing,,,,Missing,,,,Missing,,,,,365853661,Port:65535,0,1773323161,18828406,Missing,,,,,,,,,0
4,,365853664,3,Port:1,0,1773323161,68828406,50000000,Enabled,0.587801,0.637065,-0.358868,0.346196,-95.1496,87.3931,-1668.83,0.31815,4,OK,-94.9362,87.3721,-1669.18,OK,-119.163,44.837,-1657.07,OK,-93.5291,-0.388146,-1675.08,OK,-56.1197,49.5284,-1693.61,,365853664,Port:2,0,1773323161,68828406,Enabled,0.930139,0.0308927,0.0353554,0.364194,-87.3989,271.243,-1592.35,0.141072,3,OK,-87.229,271.311,-1592.36,OK,-128.925,241.299,-1589.62,OK,-130.115,317.568,-1587.09,,365853664,Port:3,0,1773323161,68828406,Missing,,,,,,,,,4,Missing,,,,Missing,,,,Missing,,,,Missing,,,,,365853664,Port:65535,0,1773323161,68828406,Missing,,,,,,,,,0
4,,365853667,3,Port:1,0,1773323161,118828406,50000000,Enabled,0.590404,0.630195,-0.368747,0.343951,-94.3923,90.1658,-1670.46,0.323126,4,OK,-94.1884,90.1401,-1670.81,OK,-119.479,48.1921,-1658.83,OK,-94.6214,2.35757,-1676.46,OK,-55.9042,51.3619,-1694.67,,365853667,Port:2,0,1773323161,118828406,Enabled,0.930162,0.0307358,0.0352031,0.364164,-87.4041,271.241,-1592.33,0.142462,3,OK,-87.2322,271.309,-1592.35,OK,-128.935,241.3,-1589.62,OK,-130.119,317.569,-1587.1,,365853667,Port:3,0,1773323161,118828406,Missing,,,,,,,,,4,Missing,,,,Missing,,,,Missing,,,,Missing,,,,,365853667,Port:65535,0,1773323161,118828406,Missing,,,,,,,,,0
4,,365853670,3,Port:1,0,1773323161,168828407,50000001,Enabled,0.593701,0.619587,-0.37995,0.345355,-94.0714,93.6411,-1673.22,0.296871,4,OK,-93.8584,93.595,-1673.54,OK,-120.294,52.3538,-1661.75,OK,-96.18,5.81572,-1678.33,OK,-56.0285,53.7457,-1696.29,,365853670,Port:2,0,1773323161,168828407,Enabled,0.930122,0.0307364,0.0358144,0.364205,-87.4094,271.247,-1592.38,0.14814,3,OK,-87.2322,271.32,-1592.39,OK,-128.939,241.296,-1589.6,OK,-130.125,317.574,-1587.11,,365853670,Port:3,0,1773323161,168828407,Missing,,,,,,,,,4,Missing,,,,Missing,,,,Missing,,,,Missing,,,,,365853670,Port:65535,0,1773323161,168828407,Missing,,,,,,,,,0
4,,365853673,3,Port:1,0,1773323161,218828407,50000000,Enabled,0.596388,0.608626,-0.392413,0.346276,-94.0666,97.5244,-1676.25,0.284397,4,OK,-93.8672,97.4802,-1676.55,OK,-121.528,57.0039,-1665.01,OK,-98.2191,9.73577,-1680.69,OK,-56.5312,56.4896,-1698.17,,365853673,Port:2,0,1773323161,218828407,Enabled,0.930163,0.0307036,0.034964,0.364187,-87.3978,271.241,-1592.32,0.139212,3,OK,-87.2256,271.303,-1592.34,OK,-128.926,241.308,-1589.63,OK,-130.12,317.566,-1587.1,,365853673,Port:3,0,1773323161,218828407,Missing,,,,,,,,,4,Missing,,,,Missing,,,,Missing,,,,Missing,,,,,365853673,Port:65535,0,1773323161,218828407,Missing,,,,,,,,,0
4,,365853676,3,Port:1,0,1773323161,268828406,49999999,Enabled,0.600357,0.593413,-0.407322,0.3486,-93.9797,102.224,-1680.24,0.305353,4,OK,-93.7732,102.167,-1680.56,OK,-122.929,62.7035,-1669.19,OK,-100.677,14.5407,-1683.58,OK,-57.1214,59.7784,-1700.48,,365853676,Port:2,0,1773323161,268828406,Enabled,0.930117,0.031158,0.0356643,0.364197,-87.404,271.246,-1592.38,0.143137,3,OK,-87.2327,271.317,-1592.4,OK,-128.93,241.298,-1589.63,OK,-130.116,317.568,-1587.08,,365853676,Port:3,0,1773323161,268828406,Missing,,,,,,,,,4,Missing,,,,Missing,,,,Missing,,,,Missing,,,,,365853676,Port:65535,0,1773323161,268828406,Missing,,,,,,,,,0
4,,365853679,3,Port:1,0,1773323161,318828406,50000000,Enabled,0.605086,0.572683,-0.430442,0.34731,-92.8503,108.552,-1685.28,0.299546,4,OK,-92.6425,108.492,-1685.59,OK,-124.106,70.6544,-1674.83,OK,-103.748,21.2613,-1687.78,OK,-57.402,64.0627,-1703.62,,365853679,Port:2,0,1773323161,318828406,Enabled,0.930158,0.0307177,0.0352597,0.364169,-87.4063,271.241,-1592.35,0.145116,3,OK,-87.2311,271.31,-1592.36,OK,-128.939,241.297,-1589.63,OK,-130.123,317.572,-1587.11,,365853679,Port:3,0,1773323161,318828406,Missing,,,,,,,,,4,Missing,,,,Missing,,,,Missing,,,,Missing,,,,,365853679,Port:65535,0,1773323161,318828406,Missing,,,,,,,,,0
4,,365853682,3,Port:1,0,1773323161,368828406,50000000,Enabled,0.610476,0.553522,-0.447773,0.347033,-91.4883,114.76,-1690.38,0.281755,4,OK,-91.2884,114.671,-1690.66,OK,-124.537,78.3385,-1680.25,OK,-105.852,27.9663,-1691.74,OK,-57.3573,68.5611,-1706.94,,365853682,Port:2,0,1773323161,368828406,Enabled,0.930122,0.0309344,0.0357422,0.364195,-87.401,271.24,-1592.36,0.141641,3,OK,-87.2309,271.31,-1592.38,OK,-128.925,241.295,-1589.6,OK,-130.114,317.564,-1587.08,,365853682,Port:3,0,1773323161,368828406,Missing,,,,,,,,,4,Missing,,,,Missing,,,,Missing,,,,Missing,,,,,365853682,Port:65535,0,1773323161,368828406,Missing,,,,,,,,,0
4,,365853685,3,Port:1,0,1773323161,418828407,50000001,Enabled,0.614734,0.532628,-0.466616,0.347388,-89.7145,121.018,-1695.74,0.311704,4,OK,-89.5264,120.934,-1696.06,OK,-124.56,86.188,-1686.1,OK,-107.707,34.8854,-1696.18,OK,-57.0375,73.1378,-1710.29,,365853685,Port:2,0,1773323161,418828407,Enabled,0.930116,0.0310585,0.0356814,0.364206,-87.4031,271.245,-1592.37,0.143844,3,OK,-87.2288,271.313,-1592.39,OK,-128.929,241.299,-1589.62,OK,-130.119,317.568,-1587.08,,365853685,Port:3,0,1773323161,418828407,Missing,,,,,,,,,4,Missing,,,,Missing,,,,Missing,,,,Missing,,,,,365853685,Port:65535,0,1773323161,418828407,Missing,,,,,,,,,0
4,,365853688,3,Port:1,0,1773323161,468828407,50000000,Enabled,0.620275,0.513013,-0.479093,0.350067,-88.263,126.741,-1701.15,0.282889,4,OK,-88.0778,126.642,-1701.43,OK,-124.477,93.287,-1691.68,OK,-109.026,41.2432,-1700.03,OK,-56.7609,77.4958,-1713.73,,365853688,Port:2,0,1773323161,468828407,Enabled,0.930137,0.0309463,0.0353747,0.364192,-87.4041,271.243,-1592.37,0.142307,3,OK,-87.2339,271.314,-1592.38,OK,-128.932,241.298,-1589.64,OK,-130.118,317.567,-1587.1,,365853688,Port:3,0,1773323161,468828407,Missing,,,,,,,,,4,Missing,,,,Missing,,,,Missing,,,,Missing,,,,,365853688,Port:65535,0,1773323161,468828407,Missing,,,,,,,,,0
4,,365853691,3,Port:1,0,1773323161,518828406,49999999,Enabled,0.622589,0.496952,-0.492968,0.349862,-86.7521,131.585,-1705.59,0.27195,4,OK,-86.5745,131.475,-1705.85,OK,-124.227,99.4057,-1696.68,OK,-110.235,46.8096,-1703.98,OK,-56.5095,81.2164,-1716.75,,365853691,Port:2,0,1773323161,518828406,Enabled,0.930099,0.0311748,0.035977,0.36421,-87.4055,271.242,-1592.37,0.143996,3,OK,-87.2318,271.312,-1592.39,OK,-128.929,241.295,-1589.59,OK,-130.118,317.562,-1587.05,,365853691,Port:3,0,1773323161,518828406,Missing,,,,,,,,,4,Missing,,,,Missing,,,,Missing,,,,Missing,,,,,365853691,Port:65535,0,1773323161,518828406,Missing,,,,,,,,,0
4,,365853694,3,Port:1,0,1773323161,568828406,50000000,Enabled,0.625397,0.480907,-0.504005,0.351548,-85.0531,135.913,-1709.89,0.245091,4,OK,-84.8717,135.797,-1710.11,OK,-123.573,104.891,-1701.41,OK,-110.827,51.8284,-1707.43,OK,-55.9314,84.5753,-1719.52,,365853694,Port:2,0,1773323161,568828406,Enabled,0.930151,0.0308672,0.0353613,0.364165,-87.4067,271.238,-1592.34,0.143895,3,OK,-87.2315,271.306,-1592.36,OK,-128.938,241.3,-1589.61,OK,-130.122,317.565,-1587.08,,365853694,Port:3,0,1773323161,568828406,Missing,,,,,,,,,4,Missing,,,,Missing,,,,Missing,,,,Missing,,,,,365853694,Port:65535,0,1773323161,568828406,Missing,,,,,,,,,0
4,,365853697,3,Port:1,0,1773323161,618828406,50000000,Enabled,0.627295,0.466279,-0.516394,0.349889,-82.4139,140.045,-1713.58,0.247678,4,OK,-82.244,139.921,-1713.8,OK,-122.023,110.278,-1705.66,OK,-110.76,56.8105,-1710.92,OK,-54.6448,87.7541,-1722.06,,365853697,Port:2,0,1773323161,618828406,Enabled,0.930116,0.0312301,0.0357089,0.36419,-87.3999,271.236,-1592.38,0.143328,3,OK,-87.2287,271.309,-1592.39,OK,-128.927,241.29,-1589.62,OK,-130.109,317.555,-1587.06,,365853697,Port:3,0,1773323161,618828406,Missing,,,,,,,,,4,Missing,,,,Missing,,,,Missing,,,,Missing,,,,,365853697,Port:65535,0,1773323161,618828406,Missing,,,,,,,,,0
4,,365853700,3,Port:1,0,1773323161,668828407,50000001,Enabled,0.632132,0.445434,-0.530522,0.347194,-78.3919,144.947,-1718.23,0.204095,4,OK,-78.2246,144.808,-1718.38,OK,-119.375,116.986,-1710.87,OK,-110.249,63.0122,-1714.77,OK,-52.6294,91.4172,-1725.15,,365853700,Port:2,0,1773323161,668828407,Enabled,0.93016,0.0306034,0.0351151,0.364188,-87.3985,271.245,-1592.35,0.140014,3,OK,-87.2301,271.311,-1592.36,OK,-128.925,241.3,-1589.63,OK,-130.117,317.577,-1587.13,,365853700,Port:3,0,1773323161,668828407,Missing,,,,,,,,,4,Missing,,,,Missing,,,,Missing,,,,Missing,,,,,365853700,Port:65535,0,1773323161,668828407,Missing,,,,,,,,,0
4,,365853703,3,Port:1,0,1773323161,718828407,50000000,Enabled,0.634893,0.425447,-0.545699,0.343685,-73.6772,149.955,-1722.98,0.217547,4,OK,-73.518,149.802,-1723.14,OK,-115.963,123.798,-1716.35,OK,-108.965,69.4607,-1719.35,OK,-49.9627,95.3209,-1728.48,,365853703,Port:2,0,1773323161,718828407,Enabled,0.930124,0.0313114,0.035556,0.364177,-87.4158,271.238,-1592.35,0.139482,3,OK,-87.246,271.304,-1592.37,OK,-128.94,241.299,-1589.62,OK,-130.127,317.558,-1587.03,,365853703,Port:3,0,1773323161,718828407,Missing,,,,,,,,,4,Missing,,,,Missing,,,,Missing,,,,Missing,,,,,365853703,Port:65535,0,1773323161,718828407,Missing,,,,,,,,,0
4,,365853706,3,Port:1,0,1773323161,768828406,49999999,Enabled,0.638562,0.405043,-0.559085,0.340004,-69.3245,154.891,-1727.7,0.213489,4,OK,-69.1751,154.742,-1727.87,OK,-112.79,130.588,-1721.7,OK,-107.962,75.9663,-1723.7,OK,-47.7442,99.2428,-1731.79,,365853706,Port:2,0,1773323161,768828406,Enabled,0.930106,0.0311186,0.0357994,0.364214,-87.4026,271.241,-1592.4,0.141255,3,OK,-87.2323,271.309,-1592.41,OK,-128.925,241.295,-1589.63,OK,-130.116,317.56,-1587.09,,365853706,Port:3,0,1773323161,768828406,Missing,,,,,,,,,4,Missing,,,,Missing,,,,Missing,,,,Missing,,,,,365853706,Port:65535,0,1773323161,768828406,Missing,,,,,,,,,0
4,,365853709,3,Port:1,0,1773323161,818828406,50000000,Enabled,0.641295,0.386512,-0.568565,0.340709,-66.6445,158.883,-1732.74,0.171259,4,OK,-66.4992,158.712,-1732.79,OK,-110.927,135.983,-1727.35,OK,-107.667,81.2266,-1727.95,OK,-46.646,102.562,-1735.3,,365853709,Port:2,0,1773323161,818828406,Enabled,0.930161,0.0306461,0.0350988,0.364183,-87.3949,271.238,-1592.32,0.138181,3,OK,-87.2273,271.303,-1592.34,OK,-128.921,241.298,-1589.62,OK,-130.114,317.569,-1587.1,,365853709,Port:3,0,1773323161,818828406,Missing,,,,,,,,,4,Missing,,,,Missing,,,,Missing,,,,Missing,,,,,365853709,Port:65535,0,1773323161,818828406,Missing,,,,,,,,,0
4,,365853712,3,Port:1,0,1773323161,868828406,50000000,Enabled,0.642765,0.370616,-0.575641,0.343707,-64.359,162.045,-1737.34,0.171449,4,OK,-64.2238,161.871,-1737.41,OK,-109.201,140.185,-1732.39,OK,-107.082,85.3458,-1731.89,OK,-45.5001,105.283,-1738.35,,365853712,Port:2,0,1773323161,868828406,Enabled,0.930122,0.0309906,0.0358116,0.364185,-87.4137,271.238,-1592.36,0.138963,3,OK,-87.2461,271.304,-1592.37,OK,-128.935,241.294,-1589.59,OK,-130.125,317.564,-1587.06,,365853712,Port:3,0,1773323161,868828406,Missing,,,,,,,,,4,Missing,,,,Missing,,,,Missing,,,,Missing,,,,,365853712,Port:65535,0,1773323161,868828406,Missing,,,,,,,,,0
4,,365853715,3,Port:1,0,1773323161,918828402,49999996,Enabled,0.647577,0.3569,-0.578949,0.343634,-60.9608,165.055,-1741.53,0.177816,4,OK,-60.8294,164.881,-1741.6,OK,-106.311,144.248,-1736.52,OK,-105.383,89.4323,-1735,OK,-43.3225,107.884,-1741.3,,365853715,Port:2,0,1773323161,918828402,Enabled,0.930138,0.031079,0.0354038,0.364176,-87.4109,271.235,-1592.37,0.14305,3,OK,-87.2381,271.304,-1592.38,OK,-128.94,241.293,-1589.64,OK,-130.124,317.559,-1587.08,,365853715,Port:3,0,1773323161,918828402,Missing,,,,,,,,,4,Missing,,,,Missing,,,,Missing,,,,Missing,,,,,365853715,Port:65535,0,1773323161,918828402,Missing,,,,,,,,,0
4,,365853718,3,Port:1,0,1773323161,968828402,50000000,Enabled,0.655028,0.336102,-0.582245,0.344912,-56.2911,168.337,-1746.88,0.165772,4,OK,-56.1682,168.175,-1746.94,OK,-102.284,149.047,-1741.75,OK,-103.032,94.3134,-1738.48,OK,-40.3911,110.694,-1744.68,,365853718,Port:2,0,1773323161,968828402,Enabled,0.930167,0.0306694,0.0351622,0.364159,-87.3981,271.236,-1592.33,0.140035,3,OK,-87.2292,271.303,-1592.34,OK,-128.927,241.296,-1589.61,OK,-130.113,317.568,-1587.1,,365853718,Port:3,0,1773323161,968828402,Missing,,,,,,,,,4,Missing,,,,Missing,,,,Missing,,,,Missing,,,,,365853718,Port:65535,0,1773323161,968828402,Missing,,,,,,,,,0
4,,365853721,3,Port:1,0,1773323162,18828402,50000000,Enabled,0.656649,0.317755,-0.591311,0.343796,-51.7542,171.158,-1751.35,0.144292,4,OK,-51.637,171.011,-1751.36,OK,-98.4032,153.347,-1746.97,OK,-100.886,98.7139,-1742.67,OK,-37.6556,113.102,-1747.83,,365853721,Port:2,0,1773323162,18828402,Enabled,0.930154,0.0306171,0.0355664,0.364159,-87.4046,271.237,-1592.34,0.14578,3,OK,-87.2289,271.307,-1592.36,OK,-128.936,241.294,-1589.59,OK,-130.119,317.569,-1587.1,,365853721,Port:3,0,1773323162,18828402,Missing,,,,,,,,,4,Missing,,,,Missing,,,,Missing,,,,Missing,,,,,365853721,Port:65535,0,1773323162,18828402,Missing,,,,,,,,,0
4,,365853724,3,Port:1,0,1773323162,68828402,50000000,Enabled,0.660095,0.301664,-0.59699,0.341872,-47.7929,173.623,-1755.2,0.148836,4,OK,-47.6772,173.473,-1755.2,OK,-94.9752,157.161,-1751.15,OK,-99.0159,102.73,-1745.95,OK,-35.349,115.271,-1750.52,,365853724,Port:2,0,1773323162,68828402,Enabled,0.930156,0.0307405,0.0351586,0.364181,-87.4035,271.233,-1592.34,0.143317,3,OK,-87.2306,271.3,-1592.35,OK,-128.933,241.287,-1589.63,OK,-130.122,317.566,-1587.1,,365853724,Port:3,0,1773323162,68828402,Missing,,,,,,,,,4,Missing,,,,Missing,,,,Missing,,,,Missing,,,,,365853724,Port:65535,0,1773323162,68828402,Missing,,,,,,,,,0
4,,365853727,3,Port:1,0,1773323162,118828402,50000000,Enabled,0.662301,0.289092,-0.601085,0.341291,-44.6538,175.543,-1758.49,0.149573,4,OK,-44.5327,175.399,-1758.5,OK,-92.1913,160.068,-1754.72,OK,-97.3687,105.808,-1748.81,OK,-33.435,117.036,-1752.83,,365853727,Port:2,0,1773323162,118828402,Enabled,0.930145,0.0309096,0.0351934,0.364192,-87.401,271.242,-1592.37,0.139953,3,OK,-87.2321,271.308,-1592.38,OK,-128.927,241.298,-1589.66,OK,-130.118,317.57,-1587.11,,365853727,Port:3,0,1773323162,118828402,Missing,,,,,,,,,4,Missing,,,,Missing,,,,Missing,,,,Missing,,,,,365853727,Port:65535,0,1773323162,118828402,Missing,,,,,,,,,0
4,,365853730,3,Port:1,0,1773323162,168828402,50000000,Enabled,0.663427,0.274585,-0.607826,0.339139,-40.9913,177.407,-1761.42,0.148375,4,OK,-40.8759,177.257,-1761.42,OK,-88.959,163.173,-1758.24,OK,-95.582,109.134,-1751.73,OK,-31.3335,118.713,-1754.84,,365853730,Port:2,0,1773323162,168828402,Enabled,0.930158,0.0308095,0.0351877,0.364168,-87.4044,271.233,-1592.32,0.141545,3,OK,-87.2335,271.301,-1592.34,OK,-128.935,241.292,-1589.61,OK,-130.119,317.559,-1587.08,,365853730,Port:3,0,1773323162,168828402,Missing,,,,,,,,,4,Missing,,,,Missing,,,,Missing,,,,Missing,,,,,365853730,Port:65535,0,1773323162,168828402,Missing,,,,,,,,,0
4,,365853733,3,Port:1,0,1773323162,218828402,50000000,Enabled,0.664064,0.260777,-0.615572,0.334792,-37.0704,179.055,-1763.87,0.137988,4,OK,-36.9628,178.915,-1763.85,OK,-85.445,166.162,-1761.39,OK,-93.6499,112.365,-1754.53,OK,-29.1396,120.168,-1756.68,,365853733,Port:2,0,1773323162,218828402,Enabled,0.930168,0.03096,0.0349277,0.364155,-87.4015,271.237,-1592.34,0.139373,3,OK,-87.2317,271.303,-1592.35,OK,-128.932,241.303,-1589.65,OK,-130.116,317.562,-1587.09,,365853733,Port:3,0,1773323162,218828402,Missing,,,,,,,,,4,Missing,,,,Missing,,,,Missing,,,,Missing,,,,,365853733,Port:65535,0,1773323162,218828402,Missing,,,,,,,,,0
4,,365853736,3,Port:1,0,1773323162,268828402,50000000,Enabled,0.664588,0.249245,-0.620864,0.332758,-33.8511,180.292,-1765.79,0.135119,4,OK,-33.7547,180.157,-1765.75,OK,-82.5118,168.391,-1763.86,OK,-91.8658,114.849,-1756.56,OK,-27.1885,121.309,-1757.96,,365853736,Port:2,0,1773323162,268828402,Enabled,0.930146,0.0306602,0.0353035,0.3642,-87.3963,271.24,-1592.31,0.141517,3,OK,-87.2246,271.306,-1592.33,OK,-128.923,241.297,-1589.59,OK,-130.116,317.567,-1587.08,,365853736,Port:3,0,1773323162,268828402,Missing,,,,,,,,,4,Missing,,,,Missing,,,,Missing,,,,Missing,,,,,365853736,Port:65535,0,1773323162,268828402,Missing,,,,,,,,,0
4,,365853739,3,Port:1,0,1773323162,318828402,50000000,Enabled,0.66539,0.241932,-0.624216,0.330271,-31.9131,181.078,-1767.14,0.141582,4,OK,-31.8201,180.928,-1767.11,OK,-80.7479,169.886,-1765.47,OK,-90.9435,116.54,-1758.02,OK,-26.1715,122.062,-1758.97,,365853739,Port:2,0,1773323162,318828402,Enabled,0.930151,0.0308624,0.0352131,0.364181,-87.4025,271.237,-1592.34,0.14219,3,OK,-87.2274,271.3,-1592.35,OK,-128.931,241.298,-1589.62,OK,-130.123,317.566,-1587.08,,365853739,Port:3,0,1773323162,318828402,Missing,,,,,,,,,4,Missing,,,,Missing,,,,Missing,,,,Missing,,,,,365853739,Port:65535,0,1773323162,318828402,Missing,,,,,,,,,0
4,,365853742,3,Port:1,0,1773323162,368828402,50000000,Enabled,0.66611,0.239757,-0.623939,0.330929,-31.3987,181.301,-1767.79,0.149951,4,OK,-31.2927,181.163,-1767.71,OK,-80.2617,170.232,-1766.16,OK,-90.5795,116.912,-1758.38,OK,-25.7948,122.306,-1759.41,,365853742,Port:2,0,1773323162,368828402,Enabled,0.930132,0.0309338,0.0354561,0.364198,-87.3999,271.238,-1592.37,0.143958,3,OK,-87.2256,271.307,-1592.38,OK,-128.928,241.295,-1589.63,OK,-130.116,317.56,-1587.09,,365853742,Port:3,0,1773323162,368828402,Missing,,,,,,,,,4,Missing,,,,Missing,,,,Missing,,,,Missing,,,,,365853742,Port:65535,0,1773323162,368828402,Missing,,,,,,,,,0
4,,365853745,3,Port:1,0,1773323162,418828402,50000000,Enabled,0.668169,0.2385,-0.622603,0.330202,-30.7157,181.368,-1768.08,0.156045,4,OK,-30.611,181.221,-1768,OK,-79.6104,170.455,-1766.23,OK,-90.0639,117.209,-1758.27,OK,-25.2726,122.384,-1759.56,,365853745,Port:2,0,1773323162,418828402,Enabled,0.930167,0.0308463,0.0347682,0.364184,-87.3965,271.238,-1592.32,0.140898,3,OK,-87.2246,271.302,-1592.33,OK,-128.927,241.298,-1589.65,OK,-130.117,317.566,-1587.09,,365853745,Port:3,0,1773323162,418828402,Missing,,,,,,,,,4,Missing,,,,Missing,,,,Missing,,,,Missing,,,,,365853745,Port:65535,0,1773323162,418828402,Missing,,,,,,,,,0
4,,365853748,3,Port:1,0,1773323162,468828402,50000000,Enabled,0.667292,0.235678,-0.625694,0.328154,-29.3877,181.453,-1768.14,0.144422,4,OK,-29.2991,181.303,-1768.08,OK,-78.3671,170.887,-1766.57,OK,-89.2494,117.72,-1758.8,OK,-24.4083,122.411,-1759.64,,365853748,Port:2,0,1773323162,468828402,Enabled,0.930136,0.0309429,0.0354519,0.364189,-87.4056,271.245,-1592.37,0.142762,3,OK,-87.2332,271.313,-1592.38,OK,-128.933,241.3,-1589.63,OK,-130.121,317.572,-1587.1,,365853748,Port:3,0,1773323162,468828402,Missing,,,,,,,,,4,Missing,,,,Missing,,,,Missing,,,,Missing,,,,,365853748,Port:65535,0,1773323162,468828402,Missing,,,,,,,,,0
4,,365853751,3,Port:1,0,1773323162,518828402,50000000,Enabled,0.669208,0.23161,-0.626503,0.325595,-27.4838,181.635,-1768.68,0.140071,4,OK,-27.3858,181.493,-1768.65,OK,-76.5593,171.563,-1767.05,OK,-87.9955,118.526,-1759.21,OK,-23.119,122.578,-1760,,365853751,Port:2,0,1773323162,518828402,Enabled,0.930153,0.0306007,0.0354331,0.364174,-87.4029,271.231,-1592.33,0.142641,3,OK,-87.2298,271.297,-1592.35,OK,-128.931,241.289,-1589.59,OK,-130.121,317.565,-1587.1,,365853751,Port:3,0,1773323162,518828402,Missing,,,,,,,,,4,Missing,,,,Missing,,,,Missing,,,,Missing,,,,,365853751,Port:65535,0,1773323162,518828402,Missing,,,,,,,,,0
4,,365853754,3,Port:1,0,1773323162,568828402,50000000,Enabled,0.66769,0.22692,-0.631013,0.323294,-25.7044,181.715,-1769.15,0.144768,4,OK,-25.6036,181.568,-1769.11,OK,-74.9033,172.141,-1768.03,OK,-86.9308,119.217,-1760.29,OK,-22.0218,122.614,-1760.46,,365853754,Port:2,0,1773323162,568828402,Enabled,0.930132,0.0311188,0.0357032,0.364158,-87.4025,271.239,-1592.39,0.14326,3,OK,-87.2293,271.308,-1592.4,OK,-128.931,241.298,-1589.63,OK,-130.112,317.564,-1587.08,,365853754,Port:3,0,1773323162,568828402,Missing,,,,,,,,,4,Missing,,,,Missing,,,,Missing,,,,Missing,,,,,365853754,Port:65535,0,1773323162,568828402,Missing,,,,,,,,,0
4,,365853757,3,Port:1,0,1773323162,618828402,50000000,Enabled,0.667375,0.224899,-0.632746,0.321969,-24.4076,181.662,-1769.53,0.152584,4,OK,-24.306,181.515,-1769.46,OK,-73.6527,172.323,-1768.61,OK,-85.9782,119.463,-1760.87,OK,-21.041,122.547,-1760.86,,365853757,Port:2,0,1773323162,618828402,Enabled,0.930174,0.0307853,0.034946,0.364152,-87.4026,271.236,-1592.33,0.14359,3,OK,-87.228,271.3,-1592.35,OK,-128.935,241.293,-1589.64,OK,-130.121,317.574,-1587.1,,365853757,Port:3,0,1773323162,618828402,Missing,,,,,,,,,4,Missing,,,,Missing,,,,Missing,,,,Missing,,,,,365853757,Port:65535,0,1773323162,618828402,Missing,,,,,,,,,0
4,,365853760,3,Port:1,0,1773323162,668828402,50000000,Enabled,0.666785,0.220991,-0.635194,0.321075,-23.2923,181.788,-1769.97,0.157469,4,OK,-23.1959,181.641,-1769.87,OK,-72.6186,172.809,-1769.36,OK,-85.3334,120.031,-1761.52,OK,-20.3748,122.653,-1761.17,,365853760,Port:2,0,1773323162,668828402,Enabled,0.930171,0.0305974,0.0351005,0.364161,-87.3982,271.23,-1592.32,0.14238,3,OK,-87.2256,271.297,-1592.34,OK,-128.93,241.291,-1589.61,OK,-130.115,317.562,-1587.11,,365853760,Port:3,0,1773323162,668828402,Missing,,,,,,,,,4,Missing,,,,Missing,,,,Missing,,,,Missing,,,,,365853760,Port:65535,0,1773323162,668828402,Missing,,,,,,,,,0
4,,365853763,3,Port:1,0,1773323162,718828402,50000000,Enabled,0.667565,0.218102,-0.636052,0.319729,-22.0882,182.037,-1770.51,0.152111,4,OK,-21.9811,181.894,-1770.44,OK,-71.4717,173.362,-1769.93,OK,-84.535,120.688,-1762.05,OK,-19.5662,122.909,-1761.57,,365853763,Port:2,0,1773323162,718828402,Enabled,0.93013,0.0309298,0.0352481,0.364224,-87.406,271.245,-1592.37,0.142353,3,OK,-87.2341,271.313,-1592.38,OK,-128.932,241.298,-1589.65,OK,-130.126,317.568,-1587.11,,365853763,Port:3,0,1773323162,718828402,Missing,,,,,,,,,4,Missing,,,,Missing,,,,Missing,,,,Missing,,,,,365853763,Port:65535,0,1773323162,718828402,Missing,,,,,,,,,0
4,,365853766,3,Port:1,0,1773323162,768828402,50000000,Enabled,0.666799,0.212866,-0.639653,0.317666,-20.445,182.464,-1771.43,0.153247,4,OK,-20.3456,182.316,-1771.36,OK,-69.9118,174.3,-1771.24,OK,-83.6103,121.794,-1763.39,OK,-18.6104,123.337,-1762.37,,365853766,Port:2,0,1773323162,768828402,Enabled,0.930137,0.0313536,0.035298,0.364166,-87.4081,271.238,-1592.36,0.141278,3,OK,-87.2367,271.306,-1592.37,OK,-128.937,241.299,-1589.65,OK,-130.119,317.559,-1587.05,,365853766,Port:3,0,1773323162,768828402,Missing,,,,,,,,,4,Missing,,,,Missing,,,,Missing,,,,Missing,,,,,365853766,Port:65535,0,1773323162,768828402,Missing,,,,,,,,,0
4,,365853769,3,Port:1,0,1773323162,818828402,50000000,Enabled,0.666062,0.205126,-0.644188,0.315128,-18.3798,183.043,-1772.53,0.152672,4,OK,-18.2735,182.896,-1772.46,OK,-67.9733,175.614,-1772.84,OK,-82.506,123.34,-1764.95,OK,-17.5255,123.927,-1763.22,,365853769,Port:2,0,1773323162,818828402,Enabled,0.930138,0.0310041,0.0352406,0.364199,-87.4016,271.239,-1592.36,0.13751,3,OK,-87.2348,271.303,-1592.37,OK,-128.925,241.297,-1589.64,OK,-130.118,317.563,-1587.09,,365853769,Port:3,0,1773323162,818828402,Missing,,,,,,,,,4,Missing,,,,Missing,,,,Missing,,,,Missing,,,,,365853769,Port:65535,0,1773323162,818828402,Missing,,,,,,,,,0
4,,365853772,3,Port:1,0,1773323162,868828402,50000000,Enabled,0.665286,0.199743,-0.646822,0.314832,-17.1692,183.387,-1773.47,0.138827,4,OK,-17.0766,183.245,-1773.46,OK,-66.8149,176.355,-1774.07,OK,-81.8235,124.235,-1766.15,OK,-16.8464,124.295,-1763.83,,365853772,Port:2,0,1773323162,868828402,Enabled,0.930117,0.0309544,0.0357188,0.364208,-87.4055,271.239,-1592.37,0.143418,3,OK,-87.2349,271.312,-1592.38,OK,-128.932,241.291,-1589.61,OK,-130.118,317.559,-1587.08,,365853772,Port:3,0,1773323162,868828402,Missing,,,,,,,,,4,Missing,,,,Missing,,,,Missing,,,,Missing,,,,,365853772,Port:65535,0,1773323162,868828402,Missing,,,,,,,,,0
4,,365853775,3,Port:1,0,1773323162,918828403,50000001,Enabled,0.664341,0.198933,-0.64793,0.315062,-16.9932,183.468,-1773.84,0.153609,4,OK,-16.9008,183.316,-1773.76,OK,-66.642,176.464,-1774.67,OK,-81.7027,124.358,-1766.66,OK,-16.7395,124.387,-1764.23,,365853775,Port:2,0,1773323162,918828403,Enabled,0.930115,0.0311218,0.0356293,0.36421,-87.4075,271.246,-1592.39,0.145976,3,OK,-87.2312,271.317,-1592.4,OK,-128.936,241.3,-1589.64,OK,-130.123,317.566,-1587.09,,365853775,Port:3,0,1773323162,918828403,Missing,,,,,,,,,4,Missing,,,,Missing,,,,Missing,,,,Missing,,,,,365853775,Port:65535,0,1773323162,918828403,Missing,,,,,,,,,0
4,,365853778,3,Port:1,0,1773323162,968828403,50000000,Enabled,0.66415,0.19872,-0.64812,0.315207,-17.1642,183.437,-1773.76,0.146244,4,OK,-17.074,183.291,-1773.7,OK,-66.8131,176.434,-1774.61,OK,-81.876,124.334,-1766.62,OK,-16.9216,124.351,-1764.12,,365853778,Port:2,0,1773323162,968828403,Enabled,0.930166,0.030771,0.0349908,0.364169,-87.3987,271.241,-1592.34,0.144738,3,OK,-87.2229,271.309,-1592.36,OK,-128.933,241.3,-1589.65,OK,-130.117,317.569,-1587.11,,365853778,Port:3,0,1773323162,968828403,Missing,,,,,,,,,4,Missing,,,,Missing,,,,Missing,,,,Missing,,,,,365853778,Port:65535,0,1773323162,968828403,Missing,,,,,,,,,0
4,,365853781,3,Port:1,0,1773323163,18828403,50000000,Enabled,0.665655,0.199573,-0.646169,0.3155,-17.402,183.338,-1773.78,0.15236,4,OK,-17.308,183.189,-1773.71,OK,-67.0332,176.26,-1774.39,OK,-82.0047,124.151,-1766.25,OK,-17.0435,124.281,-1764.09,,365853781,Port:2,0,1773323163,18828403,Enabled,0.93013,0.0309405,0.0353993,0.364209,-87.4023,271.236,-1592.35,0.142279,3,OK,-87.2303,271.304,-1592.36,OK,-128.929,241.291,-1589.62,OK,-130.12,317.559,-1587.08,,365853781,Port:3,0,1773323163,18828403,Missing,,,,,,,,,4,Missing,,,,Missing,,,,Missing,,,,Missing,,,,,365853781,Port:65535,0,1773323163,18828403,Missing,,,,,,,,,0
4,,365853784,3,Port:1,0,1773323163,68828403,50000000,Enabled,0.663511,0.199198,-0.648519,0.315431,-17.4453,183.337,-1773.72,0.150322,4,OK,-17.3502,183.18,-1773.67,OK,-67.0837,176.277,-1774.62,OK,-82.1014,124.148,-1766.72,OK,-17.1465,124.26,-1764.13,,365853784,Port:2,0,1773323163,68828403,Enabled,0.930106,0.0307727,0.0361258,0.364213,-87.41,271.246,-1592.41,0.14759,3,OK,-87.2344,271.318,-1592.43,OK,-128.935,241.29,-1589.61,OK,-130.124,317.576,-1587.13,,365853784,Port:3,0,1773323163,68828403,Missing,,,,,,,,,4,Missing,,,,Missing,,,,Missing,,,,Missing,,,,,365853784,Port:65535,0,1773323163,68828403,Missing,,,,,,,,,0
4,,365853787,3,Port:1,0,1773323163,118828403,50000000,Enabled,0.662701,0.199576,-0.64934,0.315204,-17.6757,183.338,-1773.55,0.141625,4,OK,-17.5831,183.197,-1773.53,OK,-67.2997,176.246,-1774.51,OK,-82.3129,124.119,-1766.78,OK,-17.3888,124.239,-1764.03,,365853787,Port:2,0,1773323163,118828403,Enabled,0.930135,0.0308872,0.0355072,0.36419,-87.4065,271.24,-1592.37,0.140843,3,OK,-87.2383,271.31,-1592.38,OK,-128.932,241.295,-1589.62,OK,-130.119,317.565,-1587.1,,365853787,Port:3,0,1773323163,118828403,Missing,,,,,,,,,4,Missing,,,,Missing,,,,Missing,,,,Missing,,,,,365853787,Port:65535,0,1773323163,118828403,Missing,,,,,,,,,0
4,,365853790,3,Port:1,0,1773323163,168828403,50000000,Enabled,0.662119,0.200352,-0.648801,0.31704,-18.4761,183.205,-1773.66,0.144481,4,OK,-18.378,183.062,-1773.61,OK,-68.0761,175.919,-1774.66,OK,-82.8877,123.73,-1766.8,OK,-17.943,124.122,-1764.07,,365853790,Port:2,0,1773323163,168828403,Enabled,0.930125,0.0309803,0.0355462,0.364203,-87.4,271.236,-1592.35,0.140839,3,OK,-87.2296,271.302,-1592.37,OK,-128.923,241.29,-1589.61,OK,-130.117,317.563,-1587.07,,365853790,Port:3,0,1773323163,168828403,Missing,,,,,,,,,4,Missing,,,,Missing,,,,Missing,,,,Missing,,,,,365853790,Port:65535,0,1773323163,168828403,Missing,,,,,,,,,0
4,,365853793,3,Port:1,0,1773323163,218828403,50000000,Enabled,0.66008,0.202495,-0.649762,0.317962,-19.3319,183.09,-1773.46,0.170625,4,OK,-19.2266,182.947,-1773.35,OK,-68.8984,175.561,-1774.7,OK,-83.4649,123.281,-1766.92,OK,-18.5423,123.984,-1764.1,,365853793,Port:2,0,1773323163,218828403,Enabled,0.930151,0.0308916,0.0353305,0.364165,-87.4043,271.24,-1592.35,0.141862,3,OK,-87.231,271.305,-1592.37,OK,-128.933,241.301,-1589.63,OK,-130.12,317.569,-1587.09,,365853793,Port:3,0,1773323163,218828403,Missing,,,,,,,,,4,Missing,,,,Missing,,,,Missing,,,,Missing,,,,,365853793,Port:65535,0,1773323163,218828403,Missing,,,,,,,,,0
4,,365853796,3,Port:1,0,1773323163,268828403,50000000,Enabled,0.658429,0.203472,-0.650446,0.31936,-20.0711,182.914,-1773.28,0.156251,4,OK,-19.9719,182.768,-1773.21,OK,-69.6002,175.187,-1774.64,OK,-83.9851,122.858,-1767,OK,-19.0822,123.807,-1763.93,,365853796,Port:2,0,1773323163,268828403,Enabled,0.930105,0.0309278,0.0360912,0.364205,-87.4023,271.234,-1592.37,0.140013,3,OK,-87.2344,271.302,-1592.39,OK,-128.921,241.286,-1589.57,OK,-130.114,317.56,-1587.07,,365853796,Port:3,0,1773323163,268828403,Missing,,,,,,,,,4,Missing,,,,Missing,,,,Missing,,,,Missing,,,,,365853796,Port:65535,0,1773323163,268828403,Missing,,,,,,,,,0
4,,365853799,3,Port:1,0,1773323163,318828403,50000000,Enabled,0.657546,0.206932,-0.649425,0.321029,-21.4181,182.62,-1772.86,0.1586,4,OK,-21.3118,182.479,-1772.76,OK,-70.8911,174.533,-1774.17,OK,-84.8664,122.045,-1766.57,OK,-19.9546,123.498,-1763.64,,365853799,Port:2,0,1773323163,318828403,Enabled,0.930126,0.0308803,0.0355358,0.36421,-87.4028,271.234,-1592.36,0.143123,3,OK,-87.2299,271.303,-1592.37,OK,-128.929,241.289,-1589.61,OK,-130.12,317.556,-1587.09,,365853799,Port:3,0,1773323163,318828403,Missing,,,,,,,,,4,Missing,,,,Missing,,,,Missing,,,,Missing,,,,,365853799,Port:65535,0,1773323163,318828403,Missing,,,,,,,,,0
4,,365853802,3,Port:1,0,1773323163,368828403,50000000,Enabled,0.657262,0.214768,-0.645945,0.323476,-23.9246,182.061,-1771.86,0.145317,4,OK,-23.8191,181.918,-1771.84,OK,-73.2703,173.223,-1772.72,OK,-86.4058,120.516,-1765.43,OK,-21.502,122.934,-1762.91,,365853802,Port:2,0,1773323163,368828403,Enabled,0.930122,0.0312148,0.0354952,0.364196,-87.406,271.246,-1592.35,0.141954,3,OK,-87.2356,271.316,-1592.36,OK,-128.933,241.301,-1589.62,OK,-130.118,317.565,-1587.04,,365853802,Port:3,0,1773323163,368828403,Missing,,,,,,,,,4,Missing,,,,Missing,,,,Missing,,,,Missing,,,,,365853802,Port:65535,0,1773323163,368828403,Missing,,,,,,,,,0
4,,365853805,3,Port:1,0,1773323163,418828403,50000000,Enabled,0.65711,0.222234,-0.641995,0.326589,-26.5099,181.285,-1770.71,0.139092,4,OK,-26.4059,181.152,-1770.71,OK,-75.7099,171.684,-1771.17,OK,-87.9807,118.752,-1763.97,OK,-23.0889,122.169,-1761.97,,365853805,Port:2,0,1773323163,418828403,Enabled,0.930155,0.0307833,0.0353381,0.364165,-87.4008,271.235,-1592.36,0.14087,3,OK,-87.2297,271.3,-1592.37,OK,-128.928,241.295,-1589.63,OK,-130.116,317.565,-1587.11,,365853805,Port:3,0,1773323163,418828403,Missing,,,,,,,,,4,Missing,,,,Missing,,,,Missing,,,,Missing,,,,,365853805,Port:65535,0,1773323163,418828403,Missing,,,,,,,,,0
4,,365853808,3,Port:1,0,1773323163,468828403,50000000,Enabled,0.656469,0.229474,-0.639812,0.327156,-28.3125,180.541,-1769.26,0.144184,4,OK,-28.2106,180.399,-1769.23,OK,-77.4011,170.378,-1769.49,OK,-89.0069,117.266,-1762.58,OK,-24.1707,121.41,-1761.01,,365853808,Port:2,0,1773323163,468828403,Enabled,0.930138,0.0307379,0.0354459,0.3642,-87.4053,271.236,-1592.34,0.138914,3,OK,-87.2372,271.3,-1592.36,OK,-128.928,241.291,-1589.6,OK,-130.123,317.566,-1587.1,,365853808,Port:3,0,1773323163,468828403,Missing,,,,,,,,,4,Missing,,,,Missing,,,,Missing,,,,Missing,,,,,365853808,Port:65535,0,1773323163,468828403,Missing,,,,,,,,,0
4,,365853811,3,Port:1,0,1773323163,518828403,50000000,Enabled,0.655915,0.233124,-0.638295,0.328645,-29.3213,179.903,-1768.26,0.157053,4,OK,-29.2134,179.76,-1768.17,OK,-78.3461,169.38,-1768.44,OK,-89.5056,116.143,-1761.49,OK,-24.6923,120.78,-1760.19,,365853811,Port:2,0,1773323163,518828403,Enabled,0.930118,0.0307223,0.035685,0.364229,-87.4024,271.248,-1592.36,0.14436,3,OK,-87.2298,271.318,-1592.38,OK,-128.927,241.296,-1589.6,OK,-130.121,317.574,-1587.1,,365853811,Port:3,0,1773323163,518828403,Missing,,,,,,,,,4,Missing,,,,Missing,,,,Missing,,,,Missing,,,,,365853811,Port:65535,0,1773323163,518828403,Missing,,,,,,,,,0
4,,365853814,3,Port:1,0,1773323163,568828403,50000000,Enabled,0.655024,0.235365,-0.638913,0.327624,-29.6633,179.458,-1767.49,0.14794,4,OK,-29.5587,179.311,-1767.46,OK,-78.6662,168.835,-1767.67,OK,-89.7366,115.565,-1761.09,OK,-24.9209,120.307,-1759.69,,365853814,Port:2,0,1773323163,568828403,Enabled,0.93016,0.0306669,0.0352426,0.36417,-87.4008,271.232,-1592.33,0.146385,3,OK,-87.2257,271.303,-1592.34,OK,-128.935,241.285,-1589.61,OK,-130.116,317.563,-1587.1,,365853814,Port:3,0,1773323163,568828403,Missing,,,,,,,,,4,Missing,,,,Missing,,,,Missing,,,,Missing,,,,,365853814,Port:65535,0,1773323163,568828403,Missing,,,,,,,,,0
4,,365853817,3,Port:1,0,1773323163,618828403,50000000,Enabled,0.655521,0.23659,-0.637726,0.328058,-29.9458,179.097,-1767.04,0.144574,4,OK,-29.8396,178.963,-1766.99,OK,-78.9231,168.365,-1767.11,OK,-89.8508,115.054,-1760.45,OK,-25.0423,119.946,-1759.27,,365853817,Port:2,0,1773323163,618828403,Enabled,0.930165,0.0307564,0.0350436,0.364168,-87.4022,271.232,-1592.32,0.140159,3,OK,-87.2336,271.301,-1592.34,OK,-128.932,241.293,-1589.62,OK,-130.117,317.56,-1587.09,,365853817,Port:3,0,1773323163,618828403,Missing,,,,,,,,,4,Missing,,,,Missing,,,,Missing,,,,Missing,,,,,365853817,Port:65535,0,1773323163,618828403,Missing,,,,,,,,,0
4,,365853820,3,Port:1,0,1773323163,668828403,50000000,Enabled,0.655241,0.238964,-0.637442,0.327449,-30.7361,178.931,-1766.52,0.149312,4,OK,-30.6193,178.792,-1766.48,OK,-79.6888,168.066,-1766.52,OK,-90.464,114.71,-1760.08,OK,-25.6764,119.776,-1758.98,,365853820,Port:2,0,1773323163,668828403,Enabled,0.930127,0.0310196,0.035426,0.364207,-87.4055,271.248,-1592.37,0.140766,3,OK,-87.2349,271.316,-1592.39,OK,-128.93,241.305,-1589.64,OK,-130.122,317.57,-1587.09,,365853820,Port:3,0,1773323163,668828403,Missing,,,,,,,,,4,Missing,,,,Missing,,,,Missing,,,,Missing,,,,,365853820,Port:65535,0,1773323163,668828403,Missing,,,,,,,,,0
4,,365853823,3,Port:1,0,1773323163,718828403,50000000,Enabled,0.65588,0.247879,-0.630604,0.332741,-34.0912,178.276,-1765.78,0.147951,4,OK,-33.9896,178.132,-1765.71,OK,-82.7965,166.396,-1765.17,OK,-92.3655,112.806,-1758.55,OK,-27.66,119.231,-1758.33,,365853823,Port:2,0,1773323163,718828403,Enabled,0.930136,0.0307932,0.0355966,0.364186,-87.4048,271.231,-1592.37,0.14206,3,OK,-87.233,271.297,-1592.38,OK,-128.93,241.285,-1589.61,OK,-130.121,317.562,-1587.1,,365853823,Port:3,0,1773323163,718828403,Missing,,,,,,,,,4,Missing,,,,Missing,,,,Missing,,,,Missing,,,,,365853823,Port:65535,0,1773323163,718828403,Missing,,,,,,,,,0
4,,365853826,3,Port:1,0,1773323163,768828403,50000000,Enabled,0.656122,0.259237,-0.622435,0.338932,-38.5753,177.27,-1764.78,0.146896,4,OK,-38.4651,177.121,-1764.76,OK,-86.9346,164.105,-1763.38,OK,-94.9854,110.281,-1756.8,OK,-30.484,118.417,-1757.5,,365853826,Port:2,0,1773323163,768828403,Enabled,0.930152,0.0310136,0.0350111,0.364183,-87.4022,271.238,-1592.32,0.136315,3,OK,-87.2382,271.306,-1592.33,OK,-128.928,241.3,-1589.63,OK,-130.116,317.56,-1587.06,,365853826,Port:3,0,1773323163,768828403,Missing,,,,,,,,,4,Missing,,,,Missing,,,,Missing,,,,Missing,,,,,365853826,Port:65535,0,1773323163,768828403,Missing,,,,,,,,,0
4,,365853829,3,Port:1,0,1773323163,818828403,50000000,Enabled,0.655284,0.27319,-0.614828,0.343447,-42.959,175.814,-1762.76,0.142961,4,OK,-42.8474,175.672,-1762.75,OK,-90.8974,161.298,-1760.69,OK,-97.3577,107.213,-1754.44,OK,-33.1222,117.155,-1756.09,,365853829,Port:2,0,1773323163,818828403,Enabled,0.930135,0.0310108,0.0355033,0.36418,-87.4018,271.245,-1592.36,0.141691,3,OK,-87.2322,271.313,-1592.38,OK,-128.928,241.298,-1589.62,OK,-130.114,317.574,-1587.08,,365853829,Port:3,0,1773323163,818828403,Missing,,,,,,,,,4,Missing,,,,Missing,,,,Missing,,,,Missing,,,,,365853829,Port:65535,0,1773323163,818828403,Missing,,,,,,,,,0
4,,365853832,3,Port:1,0,1773323163,868828403,50000000,Enabled,0.65481,0.285943,-0.607998,0.34612,-46.465,174.152,-1760.46,0.137782,4,OK,-46.3521,174.021,-1760.47,OK,-94.0214,158.51,-1757.78,OK,-99.1233,104.23,-1751.93,OK,-35.1585,115.669,-1754.48,,365853832,Port:2,0,1773323163,868828403,Enabled,0.930161,0.0309408,0.0349584,0.364172,-87.4007,271.227,-1592.31,0.139877,3,OK,-87.2304,271.293,-1592.32,OK,-128.931,241.291,-1589.62,OK,-130.117,317.551,-1587.06,,365853832,Port:3,0,1773323163,868828403,Missing,,,,,,,,,4,Missing,,,,Missing,,,,Missing,,,,Missing,,,,,365853832,Port:65535,0,1773323163,868828403,Missing,,,,,,,,,0
4,,365853835,3,Port:1,0,1773323163,918828404,50000001,Enabled,0.650975,0.300222,-0.603355,0.349372,-49.7748,172.041,-1757.72,0.142913,4,OK,-49.6551,171.907,-1757.73,OK,-96.8634,155.082,-1754.81,OK,-100.452,100.613,-1749.68,OK,-36.8491,113.818,-1752.66,,365853835,Port:2,0,1773323163,918828404,Enabled,0.930142,0.0309937,0.0352527,0.364186,-87.4034,271.245,-1592.36,0.140796,3,OK,-87.2344,271.315,-1592.38,OK,-128.931,241.303,-1589.65,OK,-130.117,317.569,-1587.09,,365853835,Port:3,0,1773323163,918828404,Missing,,,,,,,,,4,Missing,,,,Missing,,,,Missing,,,,Missing,,,,,365853835,Port:65535,0,1773323163,918828404,Missing,,,,,,,,,0
4,,365853838,3,Port:1,0,1773323163,968828404,50000000,Enabled,0.64834,0.315793,-0.597076,0.351326,-53.3132,169.621,-1754.47,0.14844,4,OK,-53.1859,169.48,-1754.49,OK,-99.8861,151.36,-1751.13,OK,-101.93,96.7305,-1746.79,OK,-38.7555,111.709,-1750.48,,365853838,Port:2,0,1773323163,968828404,Enabled,0.93013,0.0310143,0.035538,0.364189,-87.4012,271.241,-1592.36,0.142826,3,OK,-87.229,271.311,-1592.37,OK,-128.929,241.298,-1589.61,OK,-130.115,317.563,-1587.07,,365853838,Port:3,0,1773323163,968828404,Missing,,,,,,,,,4,Missing,,,,Missing,,,,Missing,,,,Missing,,,,,365853838,Port:65535,0,1773323163,968828404,Missing,,,,,,,,,0
4,,365853841,3,Port:1,0,1773323164,18828405,50000001,Enabled,0.647445,0.336553,-0.583868,0.355872,-58.4888,166.302,-1750.64,0.155486,4,OK,-58.3538,166.169,-1750.69,OK,-104.199,146.17,-1746.22,OK,-103.966,91.4356,-1742.62,OK,-41.5386,108.971,-1747.8,,365853841,Port:2,0,1773323164,18828405,Enabled,0.930167,0.0303734,0.0350899,0.364192,-87.4047,271.229,-1592.3,0.142258,3,OK,-87.2318,271.295,-1592.32,OK,-128.934,241.288,-1589.59,OK,-130.128,317.562,-1587.11,,365853841,Port:3,0,1773323164,18828405,Missing,,,,,,,,,4,Missing,,,,Missing,,,,Missing,,,,Missing,,,,,365853841,Port:65535,0,1773323164,18828405,Missing,,,,,,,,,0
4,,365853844,3,Port:1,0,1773323164,68828404,49999999,Enabled,0.645961,0.358111,-0.569037,0.361507,-64.1332,162.395,-1746.38,0.149195,4,OK,-64.0019,162.25,-1746.4,OK,-108.77,140.247,-1740.95,OK,-106.071,85.5281,-1737.96,OK,-44.6396,105.843,-1744.77,,365853844,Port:2,0,1773323164,68828404,Enabled,0.930137,0.0309581,0.0353774,0.36419,-87.3991,271.238,-1592.34,0.140008,3,OK,-87.2305,271.306,-1592.35,OK,-128.925,241.294,-1589.61,OK,-130.113,317.563,-1587.07,,365853844,Port:3,0,1773323164,68828404,Missing,,,,,,,,,4,Missing,,,,Missing,,,,Missing,,,,Missing,,,,,365853844,Port:65535,0,1773323164,68828404,Missing,,,,,,,,,0
4,,365853847,3,Port:1,0,1773323164,118828404,50000000,Enabled,0.643065,0.37954,-0.555504,0.365831,-69.3808,158.218,-1741.71,0.159418,4,OK,-69.2372,158.073,-1741.76,OK,-112.902,134.136,-1735.44,OK,-107.858,79.5433,-1733.4,OK,-47.5086,102.526,-1741.49,,365853847,Port:2,0,1773323164,118828404,Enabled,0.930151,0.0306957,0.0353554,0.364179,-87.4017,271.24,-1592.37,0.142881,3,OK,-87.2294,271.306,-1592.38,OK,-128.93,241.294,-1589.63,OK,-130.119,317.573,-1587.12,,365853847,Port:3,0,1773323164,118828404,Missing,,,,,,,,,4,Missing,,,,Missing,,,,Missing,,,,Missing,,,,,365853847,Port:65535,0,1773323164,118828404,Missing,,,,,,,,,0
4,,365853850,3,Port:1,0,1773323164,168828404,50000000,Enabled,0.640401,0.403479,-0.537579,0.371617,-74.8442,153.391,-1736.95,0.203457,4,OK,-74.7018,153.259,-1737.1,OK,-116.886,127.093,-1729.47,OK,-109.093,72.8066,-1728.58,OK,-50.2507,98.8512,-1738.15,,365853850,Port:2,0,1773323164,168828404,Enabled,0.930146,0.0308024,0.0353051,0.364187,-87.4009,271.236,-1592.34,0.140457,3,OK,-87.2317,271.303,-1592.36,OK,-128.927,241.292,-1589.62,OK,-130.117,317.564,-1587.09,,365853850,Port:3,0,1773323164,168828404,Missing,,,,,,,,,4,Missing,,,,Missing,,,,Missing,,,,Missing,,,,,365853850,Port:65535,0,1773323164,168828404,Missing,,,,,,,,,0
4,,365853853,3,Port:1,0,1773323164,218828404,50000000,Enabled,0.635804,0.428955,-0.519865,0.376154,-80.0496,148.001,-1731.67,0.199214,4,OK,-79.8893,147.878,-1731.81,OK,-120.451,119.46,-1723.35,OK,-109.874,65.6298,-1723.72,OK,-52.7857,94.8279,-1734.73,,365853853,Port:2,0,1773323164,218828404,Enabled,0.930184,0.0308331,0.0344659,0.364169,-87.3996,271.238,-1592.3,0.14028,3,OK,-87.2272,271.302,-1592.32,OK,-128.933,241.304,-1589.66,OK,-130.122,317.566,-1587.09,,365853853,Port:3,0,1773323164,218828404,Missing,,,,,,,,,4,Missing,,,,Missing,,,,Missing,,,,Missing,,,,,365853853,Port:65535,0,1773323164,218828404,Missing,,,,,,,,,0
4,,365853856,3,Port:1,0,1773323164,268828405,50000001,Enabled,0.632413,0.453011,-0.498473,0.38257,-84.8542,142.157,-1726.35,0.18912,4,OK,-84.6824,142.054,-1726.48,OK,-123.341,111.393,-1716.94,OK,-109.896,58.1935,-1718.27,OK,-54.8885,90.5788,-1731.02,,365853856,Port:2,0,1773323164,268828405,Enabled,0.930152,0.0307007,0.0350639,0.364204,-87.4015,271.243,-1592.33,0.141143,3,OK,-87.2304,271.308,-1592.34,OK,-128.929,241.298,-1589.62,OK,-130.123,317.572,-1587.1,,365853856,Port:3,0,1773323164,268828405,Missing,,,,,,,,,4,Missing,,,,Missing,,,,Missing,,,,Missing,,,,,365853856,Port:65535,0,1773323164,268828405,Missing,,,,,,,,,0
4,,365853859,3,Port:1,0,1773323164,318828404,49999999,Enabled,0.627015,0.47865,-0.478228,0.386063,-88.9026,135.943,-1720.73,0.263487,4,OK,-88.7241,135.829,-1720.97,OK,-125.362,103.036,-1710.41,OK,-109.227,50.648,-1713.46,OK,-56.4811,86.127,-1727.41,,365853859,Port:2,0,1773323164,318828404,Enabled,0.930116,0.0311868,0.0354013,0.364222,-87.4041,271.24,-1592.38,0.140859,3,OK,-87.2368,271.312,-1592.39,OK,-128.928,241.29,-1589.66,OK,-130.118,317.56,-1587.08,,365853859,Port:3,0,1773323164,318828404,Missing,,,,,,,,,4,Missing,,,,Missing,,,,Missing,,,,Missing,,,,,365853859,Port:65535,0,1773323164,318828404,Missing,,,,,,,,,0
4,,365853862,3,Port:1,0,1773323164,368828404,50000000,Enabled,0.621514,0.498708,-0.460929,0.390583,-91.9563,130.011,-1715.8,0.271582,4,OK,-91.7781,129.889,-1716.05,OK,-126.587,95.3536,-1704.92,OK,-108.163,43.7982,-1709.12,OK,-57.5041,81.8195,-1724.02,,365853862,Port:2,0,1773323164,368828404,Enabled,0.93011,0.0311612,0.0356667,0.364215,-87.4029,271.251,-1592.4,0.141996,3,OK,-87.2326,271.321,-1592.41,OK,-128.927,241.304,-1589.64,OK,-130.116,317.569,-1587.09,,365853862,Port:3,0,1773323164,368828404,Missing,,,,,,,,,4,Missing,,,,Missing,,,,Missing,,,,Missing,,,,,365853862,Port:65535,0,1773323164,368828404,Missing,,,,,,,,,0
4,,365853865,3,Port:1,0,1773323164,418828404,50000000,Enabled,0.616236,0.516305,-0.446612,0.392708,-93.9968,124.588,-1711.08,0.272411,4,OK,-93.8133,124.491,-1711.34,OK,-127.05,88.5145,-1699.86,OK,-106.814,37.7437,-1705.26,OK,-58.0026,77.827,-1720.83,,365853865,Port:2,0,1773323164,418828404,Enabled,0.930155,0.03073,0.0352283,0.364178,-87.4042,271.236,-1592.33,0.14179,3,OK,-87.2315,271.301,-1592.34,OK,-128.933,241.295,-1589.61,OK,-130.123,317.566,-1587.09,,365853865,Port:3,0,1773323164,418828404,Missing,,,,,,,,,4,Missing,,,,Missing,,,,Missing,,,,Missing,,,,,365853865,Port:65535,0,1773323164,418828404,Missing,,,,,,,,,0
4,,365853868,3,Port:1,0,1773323164,468828404,50000000,Enabled,0.611757,0.531884,-0.433665,0.39343,-95.4502,119.657,-1706.78,0.298749,4,OK,-95.2592,119.571,-1707.08,OK,-127.064,82.4148,-1695.25,OK,-105.382,32.3606,-1701.85,OK,-58.2605,74.2076,-1717.96,,365853868,Port:2,0,1773323164,468828404,Enabled,0.930175,0.0307748,0.0348334,0.364161,-87.4014,271.236,-1592.32,0.141065,3,OK,-87.2309,271.303,-1592.33,OK,-128.934,241.296,-1589.64,OK,-130.118,317.565,-1587.1,,365853868,Port:3,0,1773323164,468828404,Missing,,,,,,,,,4,Missing,,,,Missing,,,,Missing,,,,Missing,,,,,365853868,Port:65535,0,1773323164,468828404,Missing,,,,,,,,,0
4,,365853871,3,Port:1,0,1773323164,518828405,50000001,Enabled,0.607522,0.548213,-0.421748,0.390523,-96.2889,115.074,-1702.09,0.2523,4,OK,-96.0994,114.997,-1702.33,OK,-126.613,76.8007,-1690.46,OK,-103.772,27.4787,-1698.42,OK,-58.2138,70.8325,-1715.12,,365853871,Port:2,0,1773323164,518828405,Enabled,0.930138,0.0307489,0.0354182,0.364202,-87.3994,271.243,-1592.34,0.141454,3,OK,-87.2291,271.31,-1592.36,OK,-128.925,241.297,-1589.61,OK,-130.117,317.57,-1587.09,,365853871,Port:3,0,1773323164,518828405,Missing,,,,,,,,,4,Missing,,,,Missing,,,,Missing,,,,Missing,,,,,365853871,Port:65535,0,1773323164,518828405,Missing,,,,,,,,,0
4,,365853874,3,Port:1,0,1773323164,568828404,49999999,Enabled,0.602243,0.562998,-0.414641,0.38524,-96.6863,110.718,-1697.18,0.306343,4,OK,-96.49,110.651,-1697.5,OK,-126.071,71.6327,-1685.71,OK,-102.538,22.9491,-1695.41,OK,-58.1286,67.4879,-1711.98,,365853874,Port:2,0,1773323164,568828404,Enabled,0.930138,0.0309686,0.0353256,0.364194,-87.4056,271.238,-1592.36,0.142181,3,OK,-87.234,271.306,-1592.37,OK,-128.933,241.294,-1589.64,OK,-130.121,317.562,-1587.09,,365853874,Port:3,0,1773323164,568828404,Missing,,,,,,,,,4,Missing,,,,Missing,,,,Missing,,,,Missing,,,,,365853874,Port:65535,0,1773323164,568828404,Missing,,,,,,,,,0
4,,365853877,3,Port:1,0,1773323164,618828404,50000000,Enabled,0.597109,0.574248,-0.406217,0.385601,-97.5092,106.27,-1693.47,0.296115,4,OK,-97.3044,106.216,-1693.77,OK,-125.817,66.3731,-1682.11,OK,-101.296,18.3639,-1692.71,OK,-58.1973,64.1377,-1709.36,,365853877,Port:2,0,1773323164,618828404,Enabled,0.930147,0.0308608,0.035338,0.364178,-87.4021,271.235,-1592.36,0.141081,3,OK,-87.2305,271.3,-1592.37,OK,-128.929,241.294,-1589.63,OK,-130.118,317.563,-1587.1,,365853877,Port:3,0,1773323164,618828404,Missing,,,,,,,,,4,Missing,,,,Missing,,,,Missing,,,,Missing,,,,,365853877,Port:65535,0,1773323164,618828404,Missing,,,,,,,,,0
4,,365853880,3,Port:1,0,1773323164,668828404,50000000,Enabled,0.591102,0.586626,-0.398575,0.384196,-98.2674,101.797,-1689.76,0.310418,4,OK,-98.0609,101.747,-1690.09,OK,-125.536,61.1098,-1678.64,OK,-100.137,13.8231,-1690.46,OK,-58.2997,60.8166,-1706.96,,365853880,Port:2,0,1773323164,668828404,Enabled,0.930156,0.0310797,0.0351534,0.364154,-87.4013,271.237,-1592.34,0.141063,3,OK,-87.2316,271.306,-1592.35,OK,-128.932,241.298,-1589.63,OK,-130.112,317.563,-1587.06,,365853880,Port:3,0,1773323164,668828404,Missing,,,,,,,,,4,Missing,,,,Missing,,,,Missing,,,,Missing,,,,,365853880,Port:65535,0,1773323164,668828404,Missing,,,,,,,,,0
4,,365853883,3,Port:1,0,1773323164,718828404,50000000,Enabled,0.587943,0.59691,-0.391011,0.380963,-98.251,97.9772,-1686.11,0.312253,4,OK,-98.034,97.9263,-1686.43,OK,-124.679,56.7282,-1675.02,OK,-98.7632,9.99424,-1687.89,OK,-57.9825,57.8661,-1704.55,,365853883,Port:2,0,1773323164,718828404,Enabled,0.930149,0.0309322,0.0351568,0.364184,-87.4029,271.239,-1592.35,0.141799,3,OK,-87.2303,271.305,-1592.36,OK,-128.932,241.298,-1589.64,OK,-130.12,317.564,-1587.09,,365853883,Port:3,0,1773323164,718828404,Missing,,,,,,,,,4,Missing,,,,Missing,,,,Missing,,,,Missing,,,,,365853883,Port:65535,0,1773323164,718828404,Missing,,,,,,,,,0
4,,365853886,3,Port:1,0,1773323164,768828405,50000001,Enabled,0.582972,0.604956,-0.387787,0.3792,-98.0931,94.5201,-1683.36,0.314656,4,OK,-97.8921,94.4826,-1683.69,OK,-123.954,52.8125,-1672.63,OK,-97.5784,6.57048,-1686.41,OK,-57.4842,55.1461,-1702.7,,365853886,Port:2,0,1773323164,768828405,Enabled,0.930143,0.0306554,0.0354346,0.364196,-87.4027,271.236,-1592.33,0.139406,3,OK,-87.2339,271.301,-1592.35,OK,-128.926,241.292,-1589.59,OK,-130.121,317.567,-1587.1,,365853886,Port:3,0,1773323164,768828405,Missing,,,,,,,,,4,Missing,,,,Missing,,,,Missing,,,,Missing,,,,,365853886,Port:65535,0,1773323164,768828405,Missing,,,,,,,,,0
4,,365853889,3,Port:1,0,1773323164,818828404,49999999,Enabled,0.579338,0.612887,-0.383699,0.376182,-97.5845,91.4771,-1680.69,0.31157,4,OK,-97.3725,91.4381,-1681.02,OK,-122.912,49.3597,-1670.21,OK,-96.2024,3.5923,-1684.87,OK,-56.795,52.7881,-1701.02,,365853889,Port:2,0,1773323164,818828404,Enabled,0.930173,0.0309137,0.0349107,0.364147,-87.3978,271.238,-1592.31,0.139981,3,OK,-87.2275,271.303,-1592.33,OK,-128.93,241.302,-1589.63,OK,-130.113,317.566,-1587.07,,365853889,Port:3,0,1773323164,818828404,Missing,,,,,,,,,4,Missing,,,,Missing,,,,Missing,,,,Missing,,,,,365853889,Port:65535,0,1773323164,818828404,Missing,,,,,,,,,0
4,,365853892,3,Port:1,0,1773323164,868828404,50000000,Enabled,0.576089,0.620953,-0.382526,0.36907,-96.4304,89.0938,-1677.7,0.301186,4,OK,-96.2285,89.0735,-1678.02,OK,-121.528,46.7572,-1667.65,OK,-94.9392,1.297,-1683.48,OK,-55.8803,50.835,-1699.27,,365853892,Port:2,0,1773323164,868828404,Enabled,0.930119,0.0311756,0.0355268,0.364205,-87.4036,271.236,-1592.38,0.144677,3,OK,-87.2285,271.306,-1592.39,OK,-128.932,241.29,-1589.64,OK,-130.119,317.555,-1587.08,,365853892,Port:3,0,1773323164,868828404,Missing,,,,,,,,,4,Missing,,,,Missing,,,,Missing,,,,Missing,,,,,365853892,Port:65535,0,1773323164,868828404,Missing,,,,,,,,,0
4,,365853895,3,Port:1,0,1773323164,918828405,50000001,Enabled,0.575464,0.62526,-0.37737,0.36808,-95.9003,87.2152,-1676.06,0.293354,4,OK,-95.6892,87.1886,-1676.37,OK,-120.525,44.6216,-1665.9,OK,-93.6865,-0.557199,-1682.07,OK,-55.2132,49.4045,-1698.15,,365853895,Port:2,0,1773323164,918828405,Enabled,0.930132,0.0308996,0.035394,0.364206,-87.3961,271.237,-1592.32,0.138749,3,OK,-87.2288,271.304,-1592.34,OK,-128.919,241.294,-1589.59,OK,-130.112,317.56,-1587.06,,365853895,Port:3,0,1773323164,918828405,Missing,,,,,,,,,4,Missing,,,,Missing,,,,Missing,,,,Missing,,,,,365853895,Port:65535,0,1773323164,918828405,Missing,,,,,,,,,0
4,,365853898,3,Port:1,0,1773323164,968828405,50000000,Enabled,0.572426,0.630746,-0.375351,0.365514,-95.6907,85.5632,-1674.48,0.314826,4,OK,-95.4747,85.5434,-1674.82,OK,-119.985,42.7182,-1664.57,OK,-92.9937,-2.12355,-1681.46,OK,-54.963,48.2267,-1697.24,,365853898,Port:2,0,1773323164,968828405,Enabled,0.930185,0.0307349,0.0347635,0.364146,-87.3989,271.239,-1592.32,0.139299,3,OK,-87.2308,271.305,-1592.33,OK,-128.931,241.301,-1589.65,OK,-130.114,317.571,-1587.1,,365853898,Port:3,0,1773323164,968828405,Missing,,,,,,,,,4,Missing,,,,Missing,,,,Missing,,,,Missing,,,,,365853898,Port:65535,0,1773323164,968828405,Missing,,,,,,,,,0
4,,365853901,3,Port:1,0,1773323165,18828405,50000000,Enabled,0.571647,0.632538,-0.37472,0.36428,-95.7475,84.8855,-1673.78,0.283486,4,OK,-95.5329,84.8768,-1674.08,OK,-119.969,41.981,-1663.99,OK,-92.9475,-2.7821,-1681.05,OK,-55.037,47.675,-1696.83,,365853901,Port:2,0,1773323165,18828405,Enabled,0.930149,0.0309072,0.0354104,0.364161,-87.4023,271.234,-1592.35,0.141403,3,OK,-87.2314,271.301,-1592.37,OK,-128.93,241.293,-1589.62,OK,-130.115,317.563,-1587.09,,365853901,Port:3,0,1773323165,18828405,Missing,,,,,,,,,4,Missing,,,,Missing,,,,Missing,,,,Missing,,,,,365853901,Port:65535,0,1773323165,18828405,Missing,,,,,,,,,0
4,,365853904,3,Port:1,0,1773323165,68828405,50000000,Enabled,0.571137,0.632936,-0.373876,0.365256,-96.0789,84.684,-1673.65,0.299068,4,OK,-95.8673,84.6745,-1673.97,OK,-120.168,41.7129,-1663.84,OK,-93.034,-2.98104,-1680.91,OK,-55.2564,47.5895,-1696.66,,365853904,Port:2,0,1773323165,68828405,Enabled,0.930143,0.0309497,0.0352598,0.364187,-87.3999,271.242,-1592.35,0.141201,3,OK,-87.2303,271.311,-1592.36,OK,-128.928,241.298,-1589.63,OK,-130.115,317.568,-1587.09,,365853904,Port:3,0,1773323165,68828405,Missing,,,,,,,,,4,Missing,,,,Missing,,,,Missing,,,,Missing,,,,,365853904,Port:65535,0,1773323165,68828405,Missing,,,,,,,,,0
4,,365853907,3,Port:1,0,1773323165,118828405,50000000,Enabled,0.570559,0.632343,-0.376247,0.364751,-96.461,85.0106,-1673.88,0.310171,4,OK,-96.2479,84.9994,-1674.21,OK,-120.736,42.0981,-1664.21,OK,-93.7134,-2.63963,-1681.33,OK,-55.6991,47.8189,-1696.84,,365853907,Port:2,0,1773323165,118828405,Enabled,0.930147,0.030578,0.035501,0.364186,-87.4059,271.24,-1592.35,0.141843,3,OK,-87.2346,271.308,-1592.36,OK,-128.933,241.297,-1589.6,OK,-130.123,317.569,-1587.12,,365853907,Port:3,0,1773323165,118828405,Missing,,,,,,,,,4,Missing,,,,Missing,,,,Missing,,,,Missing,,,,,365853907,Port:65535,0,1773323165,118828405,Missing,,,,,,,,,0
4,,365853910,3,Port:1,0,1773323165,168828405,50000000,Enabled,0.571675,0.630395,-0.377291,0.365298,-96.2916,85.9539,-1674.48,0.303642,4,OK,-96.073,85.9269,-1674.81,OK,-120.713,43.1496,-1664.75,OK,-93.7912,-1.72942,-1681.63,OK,-55.5896,48.5774,-1697.22,,365853910,Port:2,0,1773323165,168828405,Enabled,0.930172,0.0308285,0.0348287,0.364165,-87.3975,271.238,-1592.31,0.13873,3,OK,-87.2312,271.308,-1592.32,OK,-128.929,241.301,-1589.63,OK,-130.111,317.562,-1587.08,,365853910,Port:3,0,1773323165,168828405,Missing,,,,,,,,,4,Missing,,,,Missing,,,,Missing,,,,Missing,,,,,365853910,Port:65535,0,1773323165,168828405,Missing,,,,,,,,,0
4,,365853913,3,Port:1,0,1773323165,218828405,50000000,Enabled,0.574217,0.624564,-0.385883,0.362338,-95.4483,88.2676,-1675.64,0.308548,4,OK,-95.2335,88.2444,-1675.97,OK,-120.822,45.9886,-1666.05,OK,-94.6751,0.545563,-1682.67,OK,-55.3339,50.0178,-1697.98,,365853913,Port:2,0,1773323165,218828405,Enabled,0.930149,0.0308233,0.0351755,0.364191,-87.4004,271.241,-1592.33,0.143742,3,OK,-87.2283,271.311,-1592.34,OK,-128.931,241.294,-1589.62,OK,-130.117,317.568,-1587.08,,365853913,Port:3,0,1773323165,218828405,Missing,,,,,,,,,4,Missing,,,,Missing,,,,Missing,,,,Missing,,,,,365853913,Port:65535,0,1773323165,218828405,Missing,,,,,,,,,0
4,,365853916,3,Port:1,0,1773323165,268828405,50000000,Enabled,0.57752,0.617778,-0.392893,0.361186,-94.9593,90.6885,-1677.16,0.325486,4,OK,-94.7422,90.6503,-1677.51,OK,-121.167,48.9052,-1667.53,OK,-95.7,2.93978,-1683.67,OK,-55.3077,51.6146,-1698.91,,365853916,Port:2,0,1773323165,268828405,Enabled,0.930121,0.0310117,0.0354882,0.364217,-87.403,271.238,-1592.36,0.144161,3,OK,-87.2283,271.306,-1592.37,OK,-128.929,241.291,-1589.62,OK,-130.122,317.562,-1587.08,,365853916,Port:3,0,1773323165,268828405,Missing,,,,,,,,,4,Missing,,,,Missing,,,,Missing,,,,Missing,,,,,365853916,Port:65535,0,1773323165,268828405,Missing,,,,,,,,,0
4,,365853919,3,Port:1,0,1773323165,318828405,50000000,Enabled,0.579929,0.608298,-0.40532,0.359684,-94.6509,93.9555,-1679.36,0.313161,4,OK,-94.4426,93.9129,-1679.69,OK,-122.099,52.9233,-1670.05,OK,-97.5866,6.22572,-1685.57,OK,-55.668,53.7606,-1700.28,,365853919,Port:2,0,1773323165,318828405,Enabled,0.930146,0.0308383,0.0352505,0.364191,-87.4019,271.24,-1592.33,0.140731,3,OK,-87.2314,271.307,-1592.34,OK,-128.929,241.299,-1589.61,OK,-130.119,317.566,-1587.08,,365853919,Port:3,0,1773323165,318828405,Missing,,,,,,,,,4,Missing,,,,Missing,,,,Missing,,,,Missing,,,,,365853919,Port:65535,0,1773323165,318828405,Missing,,,,,,,,,0
4,,365853922,3,Port:1,0,1773323165,368828405,50000000,Enabled,0.58306,0.597642,-0.41513,0.361292,-94.3436,97.4809,-1682.17,0.287152,4,OK,-94.131,97.4296,-1682.47,OK,-122.806,57.123,-1673,OK,-99.0136,9.78248,-1687.5,OK,-55.8448,56.2592,-1701.97,,365853922,Port:2,0,1773323165,368828405,Enabled,0.930152,0.0309379,0.0352386,0.364168,-87.4031,271.231,-1592.34,0.139647,3,OK,-87.235,271.298,-1592.35,OK,-128.93,241.289,-1589.62,OK,-130.117,317.56,-1587.07,,365853922,Port:3,0,1773323165,368828405,Missing,,,,,,,,,4,Missing,,,,Missing,,,,Missing,,,,Missing,,,,,365853922,Port:65535,0,1773323165,368828405,Missing,,,,,,,,,0
4,,365853925,3,Port:1,0,1773323165,418828405,50000000,Enabled,0.586523,0.580041,-0.437057,0.358503,-93.5207,102.472,-1685.8,0.295602,4,OK,-93.3125,102.413,-1686.11,OK,-124.094,63.5616,-1677.3,OK,-102.102,15.0373,-1690.8,OK,-56.3879,59.3587,-1704.09,,365853925,Port:2,0,1773323165,418828405,Enabled,0.930142,0.0308791,0.0354693,0.364176,-87.4,271.237,-1592.34,0.140898,3,OK,-87.2307,271.305,-1592.35,OK,-128.926,241.293,-1589.6,OK,-130.113,317.567,-1587.07,,365853925,Port:3,0,1773323165,418828405,Missing,,,,,,,,,4,Missing,,,,Missing,,,,Missing,,,,Missing,,,,,365853925,Port:65535,0,1773323165,418828405,Missing,,,,,,,,,0
4,,365853928,3,Port:1,0,1773323165,468828405,50000000,Enabled,0.587751,0.564663,-0.457737,0.35522,-92.7586,106.991,-1689.17,0.278543,4,OK,-92.5563,106.924,-1689.45,OK,-125.184,69.4171,-1681.57,OK,-104.876,19.9908,-1694.31,OK,-56.9218,62.3037,-1706.29,,365853928,Port:2,0,1773323165,468828405,Enabled,0.930169,0.0307624,0.0350122,0.364162,-87.4035,271.245,-1592.33,0.142798,3,OK,-87.2298,271.313,-1592.34,OK,-128.937,241.308,-1589.63,OK,-130.12,317.571,-1587.1,,365853928,Port:3,0,1773323165,468828405,Missing,,,,,,,,,4,Missing,,,,Missing,,,,Missing,,,,Missing,,,,,365853928,Port:65535,0,1773323165,468828405,Missing,,,,,,,,,0
4,,365853931,3,Port:1,0,1773323165,518828405,50000000,Enabled,0.592747,0.540442,-0.478966,0.356603,-92.2971,112.592,-1694.06,0.304184,4,OK,-92.0945,112.514,-1694.37,OK,-126.748,76.7661,-1686.99,OK,-108.414,26.1837,-1698.02,OK,-58.0433,65.8949,-1708.85,,365853931,Port:2,0,1773323165,518828405,Enabled,0.930136,0.0311108,0.0354162,0.364178,-87.4018,271.241,-1592.38,0.139841,3,OK,-87.2305,271.305,-1592.39,OK,-128.927,241.302,-1589.65,OK,-130.117,317.566,-1587.09,,365853931,Port:3,0,1773323165,518828405,Missing,,,,,,,,,4,Missing,,,,Missing,,,,Missing,,,,Missing,,,,,365853931,Port:65535,0,1773323165,518828405,Missing,,,,,,,,,0
4,,365853934,3,Port:1,0,1773323165,568828405,50000000,Enabled,0.600578,0.523394,-0.487488,0.35738,-90.9951,117.692,-1698.28,0.272789,4,OK,-90.8021,117.599,-1698.55,OK,-126.616,83.101,-1690.98,OK,-109.667,31.7369,-1700.48,OK,-57.9497,69.6456,-1711.47,,365853934,Port:2,0,1773323165,568828405,Enabled,0.930164,0.0309591,0.0350003,0.364158,-87.4009,271.234,-1592.33,0.141236,3,OK,-87.2313,271.304,-1592.34,OK,-128.933,241.294,-1589.64,OK,-130.114,317.561,-1587.07,,365853934,Port:3,0,1773323165,568828405,Missing,,,,,,,,,4,Missing,,,,Missing,,,,Missing,,,,Missing,,,,,365853934,Port:65535,0,1773323165,568828405,Missing,,,,,,,,,0
4,,365853937,3,Port:1,0,1773323165,618828405,50000000,Enabled,0.607731,0.50124,-0.501259,0.357994,-88.8917,123.594,-1703.47,0.261441,4,OK,-88.7068,123.496,-1703.72,OK,-126.059,90.6535,-1696.28,OK,-110.979,38.4346,-1704.06,OK,-57.5051,73.928,-1714.6,,365853937,Port:2,0,1773323165,618828405,Enabled,0.930122,0.0311355,0.03529,0.364223,-87.4014,271.253,-1592.37,0.140614,3,OK,-87.2329,271.324,-1592.38,OK,-128.927,241.307,-1589.66,OK,-130.117,317.571,-1587.08,,365853937,Port:3,0,1773323165,618828405,Missing,,,,,,,,,4,Missing,,,,Missing,,,,Missing,,,,Missing,,,,,365853937,Port:65535,0,1773323165,618828405,Missing,,,,,,,,,0
4,,365853940,3,Port:1,0,1773323165,668828405,50000000,Enabled,0.616002,0.478986,-0.513324,0.357229,-86.0911,129.408,-1708.69,0.258554,4,OK,-85.9166,129.294,-1708.93,OK,-124.729,98.2157,-1701.49,OK,-111.687,45.2451,-1707.6,OK,-56.5549,78.2198,-1717.86,,365853940,Port:2,0,1773323165,668828405,Enabled,0.930146,0.0309944,0.0350968,0.364193,-87.3977,271.233,-1592.34,0.144324,3,OK,-87.2214,271.3,-1592.35,OK,-128.929,241.292,-1589.64,OK,-130.117,317.557,-1587.08,,365853940,Port:3,0,1773323165,668828405,Missing,,,,,,,,,4,Missing,,,,Missing,,,,Missing,,,,Missing,,,,,365853940,Port:65535,0,1773323165,668828405,Missing,,,,,,,,,0
4,,365853943,3,Port:1,0,1773323165,718828405,50000000,Enabled,0.624282,0.455926,-0.524496,0.3568,-83.4154,134.825,-1713.72,0.238336,4,OK,-83.2364,134.705,-1713.92,OK,-123.446,105.436,-1706.55,OK,-112.464,51.8329,-1710.85,OK,-55.8277,82.2402,-1720.85,,365853943,Port:2,0,1773323165,718828405,Enabled,0.930102,0.0309167,0.0359947,0.364224,-87.4078,271.244,-1592.38,0.144859,3,OK,-87.2338,271.314,-1592.39,OK,-128.931,241.293,-1589.59,OK,-130.123,317.569,-1587.08,,365853943,Port:3,0,1773323165,718828405,Missing,,,,,,,,,4,Missing,,,,Missing,,,,Missing,,,,Missing,,,,,365853943,Port:65535,0,1773323165,718828405,Missing,,,,,,,,,0
4,,365853946,3,Port:1,0,1773323165,768828405,50000000,Enabled,0.63026,0.435525,-0.536138,0.354466,-80.3985,139.703,-1718.22,0.198139,4,OK,-80.2337,139.559,-1718.35,OK,-121.693,112.06,-1711.38,OK,-112.743,57.9915,-1714.27,OK,-54.7551,85.9423,-1723.77,,365853946,Port:2,0,1773323165,768828405,Enabled,0.930134,0.0313063,0.0354358,0.364164,-87.406,271.243,-1592.35,0.140584,3,OK,-87.2366,271.312,-1592.36,OK,-128.934,241.303,-1589.62,OK,-130.115,317.563,-1587.03,,365853946,Port:3,0,1773323165,768828405,Missing,,,,,,,,,4,Missing,,,,Missing,,,,Missing,,,,Missing,,,,,365853946,Port:65535,0,1773323165,768828405,Missing,,,,,,,,,0
4,,365853949,3,Port:1,0,1773323165,818828405,50000000,Enabled,0.634493,0.409239,-0.554092,0.350606,-75.8668,145.239,-1723.65,0.201475,4,OK,-75.7203,145.087,-1723.8,OK,-118.727,119.893,-1717.67,OK,-112.527,65.407,-1719.26,OK,-52.8896,90.1214,-1727.3,,365853949,Port:2,0,1773323165,818828405,Enabled,0.930171,0.0309281,0.0350043,0.364143,-87.4008,271.234,-1592.31,0.140146,3,OK,-87.2298,271.298,-1592.33,OK,-128.932,241.298,-1589.62,OK,-130.115,317.563,-1587.06,,365853949,Port:3,0,1773323165,818828405,Missing,,,,,,,,,4,Missing,,,,Missing,,,,Missing,,,,Missing,,,,,365853949,Port:65535,0,1773323165,818828405,Missing,,,,,,,,,0
4,,365853952,3,Port:1,0,1773323165,868828405,50000000,Enabled,0.640203,0.383746,-0.569874,0.34369,-70.0619,150.748,-1728.72,0.213738,4,OK,-69.9214,150.595,-1728.88,OK,-114.363,127.841,-1723.4,OK,-111.098,73.1066,-1723.91,OK,-50.0175,94.4147,-1730.77,,365853952,Port:2,0,1773323165,868828405,Enabled,0.930128,0.030979,0.0355854,0.364193,-87.4075,271.242,-1592.37,0.143903,3,OK,-87.233,271.31,-1592.39,OK,-128.935,241.298,-1589.62,OK,-130.123,317.567,-1587.09,,365853952,Port:3,0,1773323165,868828405,Missing,,,,,,,,,4,Missing,,,,Missing,,,,Missing,,,,Missing,,,,,365853952,Port:65535,0,1773323165,868828405,Missing,,,,,,,,,0
4,,365853955,3,Port:1,0,1773323165,918828406,50000001,Enabled,0.646989,0.354332,-0.584599,0.337784,-63.6545,156.419,-1734.29,0.163425,4,OK,-63.5183,156.259,-1734.33,OK,-109.32,136.214,-1729.74,OK,-109.182,81.3804,-1728.56,OK,-46.8362,99.0009,-1734.44,,365853955,Port:2,0,1773323165,918828406,Enabled,0.930155,0.0308945,0.0354694,0.364141,-87.4046,271.243,-1592.38,0.140278,3,OK,-87.233,271.307,-1592.39,OK,-128.932,241.307,-1589.64,OK,-130.117,317.573,-1587.11,,365853955,Port:3,0,1773323165,918828406,Missing,,,,,,,,,4,Missing,,,,Missing,,,,Missing,,,,Missing,,,,,365853955,Port:65535,0,1773323165,918828406,Missing,,,,,,,,,0
4,,365853958,3,Port:1,0,1773323165,968828406,50000000,Enabled,0.650346,0.32822,-0.598585,0.333193,-57.7961,161.263,-1739.64,0.153169,4,OK,-57.6711,161.104,-1739.62,OK,-104.499,143.395,-1736.07,OK,-107.071,88.6548,-1733.65,OK,-43.8232,103.099,-1738.16,,365853958,Port:2,0,1773323165,968828406,Enabled,0.93013,0.0306801,0.0356757,0.364205,-87.4028,271.24,-1592.37,0.147229,3,OK,-87.2269,271.313,-1592.38,OK,-128.932,241.289,-1589.6,OK,-130.119,317.568,-1587.12,,365853958,Port:3,0,1773323165,968828406,Missing,,,,,,,,,4,Missing,,,,Missing,,,,Missing,,,,Missing,,,,,365853958,Port:65535,0,1773323165,968828406,Missing,,,,,,,,,0
4,,365853961,3,Port:1,0,1773323166,18828406,50000000,Enabled,0.654702,0.303864,-0.607943,0.330813,-52.7545,165.31,-1744.84,0.149221,4,OK,-52.6256,165.17,-1744.83,OK,-100.229,149.454,-1741.83,OK,-105.121,94.9674,-1738.14,OK,-41.252,106.671,-1741.58,,365853961,Port:2,0,1773323166,18828406,Enabled,0.930156,0.030632,0.0354395,0.364165,-87.403,271.233,-1592.33,0.142012,3,OK,-87.2308,271.299,-1592.35,OK,-128.931,241.291,-1589.59,OK,-130.119,317.566,-1587.1,,365853961,Port:3,0,1773323166,18828406,Missing,,,,,,,,,4,Missing,,,,Missing,,,,Missing,,,,Missing,,,,,365853961,Port:65535,0,1773323166,18828406,Missing,,,,,,,,,0
4,,365853964,3,Port:1,0,1773323166,68828406,50000000,Enabled,0.657015,0.284825,-0.616822,0.326704,-48.2784,168.339,-1748.46,0.139937,4,OK,-48.166,168.201,-1748.45,OK,-96.3294,154.226,-1746.12,OK,-103.231,100.003,-1741.7,OK,-38.9275,109.377,-1744.09,,365853964,Port:2,0,1773323166,68828406,Enabled,0.930164,0.031001,0.0350566,0.36415,-87.4049,271.241,-1592.34,0.140584,3,OK,-87.2324,271.304,-1592.36,OK,-128.935,241.305,-1589.65,OK,-130.121,317.57,-1587.08,,365853964,Port:3,0,1773323166,68828406,Missing,,,,,,,,,4,Missing,,,,Missing,,,,Missing,,,,Missing,,,,,365853964,Port:65535,0,1773323166,68828406,Missing,,,,,,,,,0
4,,365853967,3,Port:1,0,1773323166,118828406,50000000,Enabled,0.663137,0.267889,-0.619106,0.324334,-44.2343,170.535,-1751.84,0.147372,4,OK,-44.134,170.386,-1751.85,OK,-92.6801,157.867,-1749.44,OK,-101.201,104.014,-1743.95,OK,-36.642,111.441,-1746.15,,365853967,Port:2,0,1773323166,118828406,Enabled,0.930145,0.0309002,0.0354699,0.364166,-87.3984,271.237,-1592.35,0.140024,3,OK,-87.2256,271.299,-1592.37,OK,-128.924,241.302,-1589.61,OK,-130.115,317.565,-1587.08,,365853967,Port:3,0,1773323166,118828406,Missing,,,,,,,,,4,Missing,,,,Missing,,,,Missing,,,,Missing,,,,,365853967,Port:65535,0,1773323166,118828406,Missing,,,,,,,,,0
4,,365853970,3,Port:1,0,1773323166,168828406,50000000,Enabled,0.667016,0.255448,-0.621682,0.321477,-40.2688,171.944,-1754.11,0.13662,4,OK,-40.1692,171.82,-1754.14,OK,-89.0056,160.439,-1751.77,OK,-98.7958,106.852,-1745.66,OK,-34.0775,112.748,-1747.57,,365853970,Port:2,0,1773323166,168828406,Enabled,0.930124,0.0308069,0.0358789,0.364189,-87.4057,271.243,-1592.38,0.142658,3,OK,-87.2335,271.31,-1592.39,OK,-128.93,241.297,-1589.59,OK,-130.12,317.571,-1587.1,,365853970,Port:3,0,1773323166,168828406,Missing,,,,,,,,,4,Missing,,,,Missing,,,,Missing,,,,Missing,,,,,365853970,Port:65535,0,1773323166,168828406,Missing,,,,,,,,,0
4,,365853973,3,Port:1,0,1773323166,218828406,50000000,Enabled,0.671595,0.242722,-0.624624,0.316056,-35.5114,173.138,-1755.81,0.143113,4,OK,-35.4297,172.982,-1755.77,OK,-84.5614,163.006,-1753.61,OK,-95.8245,109.793,-1746.84,OK,-30.9649,113.876,-1748.67,,365853973,Port:2,0,1773323166,218828406,Enabled,0.930133,0.0310206,0.035604,0.364173,-87.4025,271.246,-1592.38,0.139997,3,OK,-87.2334,271.313,-1592.39,OK,-128.927,241.304,-1589.63,OK,-130.114,317.572,-1587.09,,365853973,Port:3,0,1773323166,218828406,Missing,,,,,,,,,4,Missing,,,,Missing,,,,Missing,,,,Missing,,,,,365853973,Port:65535,0,1773323166,218828406,Missing,,,,,,,,,0
4,,365853976,3,Port:1,0,1773323166,268828406,50000000,Enabled,0.677716,0.229841,-0.626228,0.309374,-30.7201,174.055,-1757.3,0.14986,4,OK,-30.6275,173.895,-1757.25,OK,-80.0531,165.415,-1754.98,OK,-92.8999,112.616,-1747.6,OK,-27.9225,114.775,-1749.53,,365853976,Port:2,0,1773323166,268828406,Enabled,0.930135,0.0309216,0.0353989,0.364197,-87.3995,271.237,-1592.34,0.141452,3,OK,-87.2277,271.303,-1592.35,OK,-128.925,241.293,-1589.61,OK,-130.117,317.565,-1587.07,,365853976,Port:3,0,1773323166,268828406,Missing,,,,,,,,,4,Missing,,,,Missing,,,,Missing,,,,Missing,,,,,365853976,Port:65535,0,1773323166,268828406,Missing,,,,,,,,,0
4,,365853979,3,Port:1,0,1773323166,318828406,50000000,Enabled,0.683237,0.220316,-0.626358,0.303847,-26.8155,174.743,-1758.46,0.141934,4,OK,-26.7271,174.594,-1758.39,OK,-76.3169,167.266,-1755.92,OK,-90.3457,114.813,-1748.02,OK,-25.3603,115.473,-1750.2,,365853979,Port:2,0,1773323166,318828406,Enabled,0.930176,0.0309109,0.0347409,0.364157,-87.3994,271.231,-1592.31,0.13958,3,OK,-87.2274,271.293,-1592.32,OK,-128.931,241.298,-1589.64,OK,-130.119,317.56,-1587.07,,365853979,Port:3,0,1773323166,318828406,Missing,,,,,,,,,4,Missing,,,,Missing,,,,Missing,,,,Missing,,,,,365853979,Port:65535,0,1773323166,318828406,Missing,,,,,,,,,0
4,,365853982,3,Port:1,0,1773323166,368828406,50000000,Enabled,0.687101,0.21025,-0.627169,0.300577,-23.7097,175.339,-1759.94,0.131172,4,OK,-23.6305,175.194,-1759.9,OK,-73.3458,168.865,-1757.34,OK,-88.4223,116.8,-1748.94,OK,-23.4336,116.14,-1751.01,,365853982,Port:2,0,1773323166,368828406,Enabled,0.930121,0.0309161,0.035783,0.364197,-87.4032,271.238,-1592.36,0.1412,3,OK,-87.2335,271.306,-1592.37,OK,-128.926,241.292,-1589.59,OK,-130.117,317.564,-1587.08,,365853982,Port:3,0,1773323166,368828406,Missing,,,,,,,,,4,Missing,,,,Missing,,,,Missing,,,,Missing,,,,,365853982,Port:65535,0,1773323166,368828406,Missing,,,,,,,,,0
4,,365853985,3,Port:1,0,1773323166,418828406,50000000,Enabled,0.690046,0.203189,-0.627985,0.296961,-21.2946,175.911,-1761.09,0.141692,4,OK,-21.2138,175.761,-1761.03,OK,-71.0291,170.226,-1758.47,OK,-86.9289,118.488,-1749.75,OK,-21.9703,116.78,-1751.82,,365853985,Port:2,0,1773323166,418828406,Enabled,0.930159,0.0307904,0.03519,0.364167,-87.4022,271.24,-1592.35,0.14168,3,OK,-87.2308,271.307,-1592.37,OK,-128.932,241.299,-1589.64,OK,-130.118,317.57,-1587.11,,365853985,Port:3,0,1773323166,418828406,Missing,,,,,,,,,4,Missing,,,,Missing,,,,Missing,,,,Missing,,,,,365853985,Port:65535,0,1773323166,418828406,Missing,,,,,,,,,0
4,,365853988,3,Port:1,0,1773323166,468828406,50000000,Enabled,0.692106,0.194838,-0.630006,0.293461,-18.9143,176.507,-1762,0.138472,4,OK,-18.8296,176.364,-1761.94,OK,-68.7554,171.724,-1759.55,OK,-85.5833,120.295,-1750.51,OK,-20.6462,117.451,-1752.35,,365853988,Port:2,0,1773323166,468828406,Enabled,0.930157,0.0308217,0.03529,0.364159,-87.4005,271.237,-1592.35,0.140155,3,OK,-87.2307,271.304,-1592.36,OK,-128.929,241.299,-1589.63,OK,-130.114,317.566,-1587.1,,365853988,Port:3,0,1773323166,468828406,Missing,,,,,,,,,4,Missing,,,,Missing,,,,Missing,,,,Missing,,,,,365853988,Port:65535,0,1773323166,468828406,Missing,,,,,,,,,0
4,,365853991,3,Port:1,0,1773323166,518828406,50000000,Enabled,0.694655,0.188485,-0.630719,0.290036,-16.7322,177.121,-1763.14,0.140566,4,OK,-16.6508,176.969,-1763.08,OK,-66.6361,173.076,-1760.68,OK,-84.2098,121.939,-1751.39,OK,-19.3254,118.152,-1753.19,,365853991,Port:2,0,1773323166,518828406,Enabled,0.930161,0.0308917,0.0350192,0.364171,-87.4019,271.238,-1592.33,0.141034,3,OK,-87.2307,271.304,-1592.34,OK,-128.932,241.299,-1589.64,OK,-130.118,317.564,-1587.08,,365853991,Port:3,0,1773323166,518828406,Missing,,,,,,,,,4,Missing,,,,Missing,,,,Missing,,,,Missing,,,,,365853991,Port:65535,0,1773323166,518828406,Missing,,,,,,,,,0
4,,365853994,3,Port:1,0,1773323166,568828406,50000000,Enabled,0.695655,0.181859,-0.632683,0.287581,-14.6132,177.628,-1764.06,0.153168,4,OK,-14.5338,177.472,-1763.97,OK,-64.5795,174.248,-1761.83,OK,-82.8565,123.402,-1752.29,OK,-18.0205,118.755,-1753.83,,365853994,Port:2,0,1773323166,568828406,Enabled,0.930099,0.031217,0.0356871,0.364235,-87.4011,271.235,-1592.36,0.141281,3,OK,-87.2313,271.304,-1592.37,OK,-128.923,241.287,-1589.61,OK,-130.116,317.551,-1587.04,,365853994,Port:3,0,1773323166,568828406,Missing,,,,,,,,,4,Missing,,,,Missing,,,,Missing,,,,Missing,,,,,365853994,Port:65535,0,1773323166,568828406,Missing,,,,,,,,,0
4,,365853997,3,Port:1,0,1773323166,618828406,50000000,Enabled,0.696219,0.176964,-0.634124,0.286096,-13.1414,177.989,-1764.9,0.145664,4,OK,-13.0746,177.835,-1764.82,OK,-63.1459,175.078,-1762.82,OK,-81.9152,124.445,-1753.15,OK,-17.1112,119.179,-1754.42,,365853997,Port:2,0,1773323166,618828406,Enabled,0.930156,0.0308007,0.0353728,0.364155,-87.4025,271.234,-1592.34,0.139943,3,OK,-87.2338,271.301,-1592.35,OK,-128.93,241.293,-1589.61,OK,-130.115,317.565,-1587.09,,365853997,Port:3,0,1773323166,618828406,Missing,,,,,,,,,4,Missing,,,,Missing,,,,Missing,,,,Missing,,,,,365853997,Port:65535,0,1773323166,618828406,Missing,,,,,,,,,0
4,,365854000,3,Port:1,0,1773323166,668828406,50000000,Enabled,0.697146,0.175436,-0.633515,0.286125,-12.8126,178.108,-1765.4,0.150496,4,OK,-12.7411,177.958,-1765.31,OK,-62.8169,175.307,-1763.27,OK,-81.6907,124.746,-1753.4,OK,-16.91,119.341,-1754.76,,365854000,Port:2,0,1773323166,668828406,Enabled,0.930151,0.0310408,0.0352144,0.364165,-87.3989,271.243,-1592.35,0.14317,3,OK,-87.2265,271.313,-1592.37,OK,-128.931,241.302,-1589.64,OK,-130.111,317.565,-1587.08,,365854000,Port:3,0,1773323166,668828406,Missing,,,,,,,,,4,Missing,,,,Missing,,,,Missing,,,,Missing,,,,,365854000,Port:65535,0,1773323166,668828406,Missing,,,,,,,,,0
4,,365854003,3,Port:1,0,1773323166,718828406,50000000,Enabled,0.695688,0.175582,-0.634342,0.287749,-13.4883,178.045,-1765.51,0.138302,4,OK,-13.4117,177.9,-1765.45,OK,-63.4879,175.095,-1763.52,OK,-82.2479,124.482,-1753.73,OK,-17.4548,119.279,-1754.82,,365854003,Port:2,0,1773323166,718828406,Enabled,0.930118,0.0309826,0.0355615,0.36422,-87.4004,271.237,-1592.36,0.143536,3,OK,-87.2263,271.304,-1592.37,OK,-128.925,241.29,-1589.61,OK,-130.119,317.561,-1587.07,,365854003,Port:3,0,1773323166,718828406,Missing,,,,,,,,,4,Missing,,,,Missing,,,,Missing,,,,Missing,,,,,365854003,Port:65535,0,1773323166,718828406,Missing,,,,,,,,,0
4,,365854006,3,Port:1,0,1773323166,768828406,50000000,Enabled,0.69457,0.178896,-0.633845,0.289498,-14.6179,177.921,-1765.26,0.149344,4,OK,-14.5419,177.774,-1765.17,OK,-64.5929,174.59,-1763.28,OK,-82.9766,123.822,-1753.56,OK,-18.1316,119.102,-1754.73,,365854006,Port:2,0,1773323166,768828406,Enabled,0.930134,0.0307978,0.0353936,0.36421,-87.4045,271.242,-1592.37,0.141004,3,OK,-87.235,271.309,-1592.39,OK,-128.929,241.294,-1589.64,OK,-130.123,317.57,-1587.12,,365854006,Port:3,0,1773323166,768828406,Missing,,,,,,,,,4,Missing,,,,Missing,,,,Missing,,,,Missing,,,,,365854006,Port:65535,0,1773323166,768828406,Missing,,,,,,,,,0
4,,365854009,3,Port:1,0,1773323166,818828406,50000000,Enabled,0.692994,0.180312,-0.633353,0.293446,-15.9883,177.567,-1765.43,0.145165,4,OK,-15.9085,177.404,-1765.38,OK,-65.9488,173.83,-1763.49,OK,-83.9131,122.931,-1753.75,OK,-19.0227,118.758,-1754.71,,365854009,Port:2,0,1773323166,818828406,Enabled,0.930147,0.0308071,0.0354034,0.364176,-87.4047,271.238,-1592.34,0.143854,3,OK,-87.232,271.309,-1592.35,OK,-128.935,241.295,-1589.6,OK,-130.118,317.564,-1587.08,,365854009,Port:3,0,1773323166,818828406,Missing,,,,,,,,,4,Missing,,,,Missing,,,,Missing,,,,Missing,,,,,365854009,Port:65535,0,1773323166,818828406,Missing,,,,,,,,,0
4,,365854012,3,Port:1,0,1773323166,868828406,50000000,Enabled,0.691506,0.187908,-0.63004,0.299264,-18.5475,176.909,-1765.08,0.147074,4,OK,-18.4649,176.769,-1764.99,OK,-68.4057,172.184,-1762.95,OK,-85.3218,120.915,-1753.11,OK,-20.3711,118.017,-1754.48,,365854012,Port:2,0,1773323166,868828406,Enabled,0.930152,0.0306429,0.0351791,0.364198,-87.4018,271.234,-1592.34,0.139099,3,OK,-87.2337,271.298,-1592.35,OK,-128.926,241.289,-1589.62,OK,-130.122,317.568,-1587.11,,365854012,Port:3,0,1773323166,868828406,Missing,,,,,,,,,4,Missing,,,,Missing,,,,Missing,,,,Missing,,,,,365854012,Port:65535,0,1773323166,868828406,Missing,,,,,,,,,0
4,,365854015,3,Port:1,0,1773323166,918828407,50000001,Enabled,0.692677,0.196708,-0.624145,0.303227,-21.2102,176.185,-1764.23,0.137672,4,OK,-21.1255,176.036,-1764.19,OK,-70.9351,170.542,-1761.38,OK,-86.8024,118.958,-1751.59,OK,-21.8251,117.253,-1753.77,,365854015,Port:2,0,1773323166,918828407,Enabled,0.930148,0.0307293,0.0354481,0.364175,-87.4036,271.238,-1592.35,0.139782,3,OK,-87.2331,271.303,-1592.37,OK,-128.93,241.301,-1589.61,OK,-130.119,317.563,-1587.1,,365854015,Port:3,0,1773323166,918828407,Missing,,,,,,,,,4,Missing,,,,Missing,,,,Missing,,,,Missing,,,,,365854015,Port:65535,0,1773323166,918828407,Missing,,,,,,,,,0
4,,365854018,3,Port:1,0,1773323166,968828407,50000000,Enabled,0.691722,0.203958,-0.621533,0.305972,-23.3662,175.576,-1763.15,0.145923,4,OK,-23.2874,175.419,-1763.08,OK,-72.9933,169.197,-1760.07,OK,-88.0365,117.352,-1750.44,OK,-23.0691,116.584,-1753.01,,365854018,Port:2,0,1773323166,968828407,Enabled,0.930154,0.0307113,0.0353981,0.364166,-87.4063,271.242,-1592.38,0.143629,3,OK,-87.2326,271.309,-1592.4,OK,-128.936,241.298,-1589.65,OK,-130.122,317.576,-1587.14,,365854018,Port:3,0,1773323166,968828407,Missing,,,,,,,,,4,Missing,,,,Missing,,,,Missing,,,,Missing,,,,,365854018,Port:65535,0,1773323166,968828407,Missing,,,,,,,,,0
4,,365854021,3,Port:1,0,1773323167,18828407,50000000,Enabled,0.691121,0.208681,-0.619387,0.308485,-24.9474,175.13,-1762.45,0.131411,4,OK,-24.8799,174.983,-1762.42,OK,-74.4801,168.22,-1759.16,OK,-88.944,116.197,-1749.64,OK,-23.9833,116.109,-1752.44,,365854021,Port:2,0,1773323167,18828407,Enabled,0.930171,0.0309281,0.034835,0.364158,-87.4026,271.228,-1592.31,0.140403,3,OK,-87.2296,271.292,-1592.32,OK,-128.935,241.296,-1589.63,OK,-130.121,317.553,-1587.06,,365854021,Port:3,0,1773323167,18828407,Missing,,,,,,,,,4,Missing,,,,Missing,,,,Missing,,,,Missing,,,,,365854021,Port:65535,0,1773323167,18828407,Missing,,,,,,,,,0
4,,365854024,3,Port:1,0,1773323167,68828407,50000000,Enabled,0.690488,0.213221,-0.618929,0.307717,-25.7525,174.838,-1761.64,0.156152,4,OK,-25.6659,174.677,-1761.56,OK,-75.2422,167.641,-1758.3,OK,-89.4191,115.478,-1749.03,OK,-24.4585,115.782,-1752.1,,365854024,Port:2,0,1773323167,68828407,Enabled,0.930112,0.0309756,0.03556,0.364235,-87.4048,271.242,-1592.37,0.144481,3,OK,-87.2307,271.313,-1592.38,OK,-128.931,241.293,-1589.63,OK,-130.123,317.562,-1587.09,,365854024,Port:3,0,1773323167,68828407,Missing,,,,,,,,,4,Missing,,,,Missing,,,,Missing,,,,Missing,,,,,365854024,Port:65535,0,1773323167,68828407,Missing,,,,,,,,,0
4,,365854027,3,Port:1,0,1773323167,118828407,50000000,Enabled,0.690856,0.215471,-0.617644,0.307906,-26.3228,174.482,-1760.9,0.141925,4,OK,-26.2431,174.333,-1760.82,OK,-75.7752,167.139,-1757.4,OK,-89.7335,114.869,-1748.17,OK,-24.8002,115.388,-1751.47,,365854027,Port:2,0,1773323167,118828407,Enabled,0.930152,0.0309985,0.0353739,0.36415,-87.4012,271.239,-1592.35,0.14113,3,OK,-87.2304,271.306,-1592.36,OK,-128.93,241.3,-1589.62,OK,-130.113,317.567,-1587.07,,365854027,Port:3,0,1773323167,118828407,Missing,,,,,,,,,4,Missing,,,,Missing,,,,Missing,,,,Missing,,,,,365854027,Port:65535,0,1773323167,118828407,Missing,,,,,,,,,0
4,,365854030,3,Port:1,0,1773323167,168828407,50000000,Enabled,0.690583,0.220837,-0.615613,0.308783,-27.5462,173.95,-1759.64,0.13942,4,OK,-27.4756,173.795,-1759.57,OK,-76.9103,166.145,-1755.89,OK,-90.359,113.723,-1746.9,OK,-25.4359,114.824,-1750.52,,365854030,Port:2,0,1773323167,168828407,Enabled,0.930125,0.0310361,0.0355348,0.364199,-87.3969,271.234,-1592.34,0.142197,3,OK,-87.2293,271.308,-1592.35,OK,-128.923,241.284,-1589.6,OK,-130.107,317.557,-1587.05,,365854030,Port:3,0,1773323167,168828407,Missing,,,,,,,,,4,Missing,,,,Missing,,,,Missing,,,,Missing,,,,,365854030,Port:65535,0,1773323167,168828407,Missing,,,,,,,,,0
4,,365854033,3,Port:1,0,1773323167,218828407,50000000,Enabled,0.690391,0.230044,-0.612566,0.30855,-29.6145,173.252,-1757.94,0.138464,4,OK,-29.5402,173.098,-1757.89,OK,-78.8318,164.772,-1753.79,OK,-91.549,112.109,-1745.28,OK,-26.6853,114.066,-1749.5,,365854033,Port:2,0,1773323167,218828407,Enabled,0.930184,0.0305512,0.0349679,0.364145,-87.4023,271.237,-1592.33,0.140462,3,OK,-87.23,271.298,-1592.34,OK,-128.932,241.3,-1589.63,OK,-130.122,317.576,-1587.12,,365854033,Port:3,0,1773323167,218828407,Missing,,,,,,,,,4,Missing,,,,Missing,,,,Missing,,,,Missing,,,,,365854033,Port:65535,0,1773323167,218828407,Missing,,,,,,,,,0
4,,365854036,3,Port:1,0,1773323167,268828407,50000000,Enabled,0.688848,0.241898,-0.607823,0.312289,-33.087,172.083,-1755.87,0.131168,4,OK,-33.0071,171.939,-1755.86,OK,-82.0482,162.439,-1751.27,OK,-93.4855,109.418,-1743.2,OK,-28.7232,112.9,-1748.01,,365854036,Port:2,0,1773323167,268828407,Enabled,0.930148,0.0305719,0.0353093,0.364203,-87.3982,271.236,-1592.33,0.141264,3,OK,-87.2285,271.305,-1592.34,OK,-128.925,241.292,-1589.6,OK,-130.116,317.562,-1587.11,,365854036,Port:3,0,1773323167,268828407,Missing,,,,,,,,,4,Missing,,,,Missing,,,,Missing,,,,Missing,,,,,365854036,Port:65535,0,1773323167,268828407,Missing,,,,,,,,,0
4,,365854039,3,Port:1,0,1773323167,318828407,50000000,Enabled,0.687827,0.260802,-0.597697,0.3188,-38.5664,170.113,-1753.1,0.143389,4,OK,-38.4853,169.958,-1753.14,OK,-87.0219,158.585,-1747.53,OK,-96.293,105.076,-1740,OK,-31.8248,111.054,-1746.05,,365854039,Port:2,0,1773323167,318828407,Enabled,0.930141,0.0307769,0.0354282,0.364192,-87.4022,271.234,-1592.35,0.142471,3,OK,-87.2285,271.3,-1592.36,OK,-128.929,241.292,-1589.61,OK,-130.121,317.562,-1587.1,,365854039,Port:3,0,1773323167,318828407,Missing,,,,,,,,,4,Missing,,,,Missing,,,,Missing,,,,Missing,,,,,365854039,Port:65535,0,1773323167,318828407,Missing,,,,,,,,,0
4,,365854042,3,Port:1,0,1773323167,368828407,50000000,Enabled,0.688169,0.282871,-0.58153,0.328983,-45.0576,167.126,-1749.82,0.135055,4,OK,-44.9677,166.971,-1749.83,OK,-92.7079,153.238,-1742.88,OK,-99.1225,99.2496,-1735.45,OK,-35.2342,108.415,-1743.51,,365854042,Port:2,0,1773323167,368828407,Enabled,0.930136,0.0310045,0.0354789,0.36418,-87.403,271.241,-1592.37,0.140945,3,OK,-87.2334,271.31,-1592.38,OK,-128.93,241.299,-1589.63,OK,-130.115,317.565,-1587.08,,365854042,Port:3,0,1773323167,368828407,Missing,,,,,,,,,4,Missing,,,,Missing,,,,Missing,,,,Missing,,,,,365854042,Port:65535,0,1773323167,368828407,Missing,,,,,,,,,0
4,,365854045,3,Port:1,0,1773323167,418828407,50000000,Enabled,0.689073,0.303312,-0.56586,0.33613,-50.6407,163.921,-1746.34,0.151193,4,OK,-50.5366,163.758,-1746.29,OK,-97.4209,147.986,-1738.09,OK,-101.361,93.7054,-1730.85,OK,-38.1614,105.647,-1740.96,,365854045,Port:2,0,1773323167,418828407,Enabled,0.930155,0.0308307,0.0350779,0.364185,-87.4003,271.241,-1592.32,0.14396,3,OK,-87.2283,271.313,-1592.33,OK,-128.933,241.297,-1589.62,OK,-130.115,317.564,-1587.08,,365854045,Port:3,0,1773323167,418828407,Missing,,,,,,,,,4,Missing,,,,Missing,,,,Missing,,,,Missing,,,,,365854045,Port:65535,0,1773323167,418828407,Missing,,,,,,,,,0
4,,365854048,3,Port:1,0,1773323167,468828407,50000000,Enabled,0.689412,0.32345,-0.549877,0.343113,-55.443,160.403,-1742.71,0.15018,4,OK,-55.3497,160.227,-1742.74,OK,-101.222,142.449,-1733.06,OK,-102.663,88.0119,-1726.37,OK,-40.3745,102.661,-1738.23,,365854048,Port:2,0,1773323167,468828407,Enabled,0.930139,0.0311202,0.0353851,0.364171,-87.408,271.233,-1592.35,0.143607,3,OK,-87.2355,271.304,-1592.37,OK,-128.939,241.29,-1589.63,OK,-130.119,317.557,-1587.06,,365854048,Port:3,0,1773323167,468828407,Missing,,,,,,,,,4,Missing,,,,Missing,,,,Missing,,,,Missing,,,,,365854048,Port:65535,0,1773323167,468828407,Missing,,,,,,,,,0
4,,365854051,3,Port:1,0,1773323167,518828407,50000000,Enabled,0.688417,0.340637,-0.537747,0.347673,-59.3357,157.073,-1739.14,0.154768,4,OK,-59.2207,156.909,-1739.17,OK,-104.244,137.477,-1728.59,OK,-103.697,82.9417,-1722.48,OK,-42.2207,99.838,-1735.69,,365854051,Port:2,0,1773323167,518828407,Enabled,0.930118,0.0309944,0.0357715,0.364197,-87.4051,271.239,-1592.37,0.14498,3,OK,-87.2311,271.309,-1592.38,OK,-128.932,241.29,-1589.6,OK,-130.119,317.565,-1587.08,,365854051,Port:3,0,1773323167,518828407,Missing,,,,,,,,,4,Missing,,,,Missing,,,,Missing,,,,Missing,,,,,365854051,Port:65535,0,1773323167,518828407,Missing,,,,,,,,,0
4,,365854054,3,Port:1,0,1773323167,568828407,50000000,Enabled,0.687713,0.35632,-0.523229,0.355414,-63.2791,153.68,-1736.13,0.161651,4,OK,-63.1679,153.506,-1736.19,OK,-107.128,132.366,-1724.53,OK,-104.369,77.8699,-1718.7,OK,-43.934,97.1295,-1733.33,,365854054,Port:2,0,1773323167,568828407,Enabled,0.930146,0.0309272,0.0352763,0.36418,-87.3985,271.236,-1592.32,0.140626,3,OK,-87.2263,271.3,-1592.34,OK,-128.926,241.297,-1589.6,OK,-130.116,317.562,-1587.06,,365854054,Port:3,0,1773323167,568828407,Missing,,,,,,,,,4,Missing,,,,Missing,,,,Missing,,,,Missing,,,,,365854054,Port:65535,0,1773323167,568828407,Missing,,,,,,,,,0
4,,365854057,3,Port:1,0,1773323167,618828407,50000000,Enabled,0.684343,0.372515,-0.511457,0.362379,-67.1457,150.313,-1733.14,0.157848,4,OK,-67.012,150.153,-1733.18,OK,-109.96,127.284,-1720.94,OK,-105.041,72.8553,-1715.62,OK,-45.6532,94.5036,-1731.26,,365854057,Port:2,0,1773323167,618828407,Enabled,0.93014,0.0307055,0.03534,0.364209,-87.4016,271.244,-1592.35,0.140717,3,OK,-87.2315,271.309,-1592.37,OK,-128.926,241.297,-1589.62,OK,-130.122,317.574,-1587.11,,365854057,Port:3,0,1773323167,618828407,Missing,,,,,,,,,4,Missing,,,,Missing,,,,Missing,,,,Missing,,,,,365854057,Port:65535,0,1773323167,618828407,Missing,,,,,,,,,0
4,,365854060,3,Port:1,0,1773323167,668828407,50000000,Enabled,0.67906,0.384497,-0.50578,0.36773,-70.1609,147.545,-1730.66,0.175162,4,OK,-70.0461,147.398,-1730.77,OK,-112.217,123.21,-1718.31,OK,-105.776,68.8947,-1713.78,OK,-47.1182,92.3149,-1729.46,,365854060,Port:2,0,1773323167,668828407,Enabled,0.930144,0.0306768,0.0354373,0.364191,-87.3995,271.241,-1592.35,0.141787,3,OK,-87.2272,271.306,-1592.37,OK,-128.925,241.297,-1589.61,OK,-130.119,317.573,-1587.11,,365854060,Port:3,0,1773323167,668828407,Missing,,,,,,,,,4,Missing,,,,Missing,,,,Missing,,,,Missing,,,,,365854060,Port:65535,0,1773323167,668828407,Missing,,,,,,,,,0
4,,365854063,3,Port:1,0,1773323167,718828407,50000000,Enabled,0.673549,0.394553,-0.504048,0.369588,-72.3204,145.421,-1728.58,0.173186,4,OK,-72.1894,145.266,-1728.67,OK,-113.903,120.144,-1716.51,OK,-106.458,65.9039,-1712.76,OK,-48.2891,90.6189,-1728.28,,365854063,Port:2,0,1773323167,718828407,Enabled,0.930098,0.0313191,0.0356745,0.364231,-87.3984,271.245,-1592.37,0.141387,3,OK,-87.2294,271.317,-1592.39,OK,-128.921,241.298,-1589.63,OK,-130.111,317.558,-1587.05,,365854063,Port:3,0,1773323167,718828407,Missing,,,,,,,,,4,Missing,,,,Missing,,,,Missing,,,,Missing,,,,,365854063,Port:65535,0,1773323167,718828407,Missing,,,,,,,,,0
4,,365854066,3,Port:1,0,1773323167,768828407,50000000,Enabled,0.669695,0.401981,-0.501366,0.372225,-74.5092,143.477,-1726.93,0.16734,4,OK,-74.3755,143.345,-1727.02,OK,-115.637,117.435,-1714.95,OK,-107.339,63.2753,-1711.66,OK,-49.5909,89.0672,-1727.17,,365854066,Port:2,0,1773323167,768828407,Enabled,0.930129,0.0310419,0.0353169,0.36421,-87.4072,271.241,-1592.35,0.142761,3,OK,-87.2348,271.31,-1592.37,OK,-128.935,241.295,-1589.63,OK,-130.124,317.562,-1587.08,,365854066,Port:3,0,1773323167,768828407,Missing,,,,,,,,,4,Missing,,,,Missing,,,,Missing,,,,Missing,,,,,365854066,Port:65535,0,1773323167,768828407,Missing,,,,,,,,,0
4,,365854069,3,Port:1,0,1773323167,818828407,50000000,Enabled,0.666667,0.417288,-0.48831,0.378125,-78.1049,140.262,-1724.28,0.180505,4,OK,-77.9655,140.13,-1724.4,OK,-118.015,112.675,-1711.62,OK,-107.703,58.8221,-1708.96,OK,-51.2531,86.7933,-1725.45,,365854069,Port:2,0,1773323167,818828407,Enabled,0.930151,0.0307284,0.0350385,0.364208,-87.3983,271.241,-1592.31,0.140283,3,OK,-87.2279,271.306,-1592.32,OK,-128.925,241.298,-1589.61,OK,-130.12,317.569,-1587.08,,365854069,Port:3,0,1773323167,818828407,Missing,,,,,,,,,4,Missing,,,,Missing,,,,Missing,,,,Missing,,,,,365854069,Port:65535,0,1773323167,818828407,Missing,,,,,,,,,0
4,,365854072,3,Port:1,0,1773323167,868828407,50000000,Enabled,0.658735,0.433374,-0.481458,0.382693,-81.5194,136.329,-1720.89,0.187032,4,OK,-81.3636,136.208,-1721.03,OK,-120.365,107.186,-1708.36,OK,-108.206,53.6778,-1706.82,OK,-52.9308,83.8199,-1723.3,,365854072,Port:2,0,1773323167,868828407,Enabled,0.930146,0.0309076,0.0352113,0.364188,-87.4014,271.247,-1592.36,0.141451,3,OK,-87.2315,271.317,-1592.37,OK,-128.93,241.305,-1589.64,OK,-130.116,317.571,-1587.1,,365854072,Port:3,0,1773323167,868828407,Missing,,,,,,,,,4,Missing,,,,Missing,,,,Missing,,,,Missing,,,,,365854072,Port:65535,0,1773323167,868828407,Missing,,,,,,,,,0
4,,365854075,3,Port:1,0,1773323167,918828403,49999996,Enabled,0.655281,0.447091,-0.470513,0.386438,-83.9248,132.516,-1717.71,0.22281,4,OK,-83.7644,132.372,-1717.88,OK,-121.643,102.096,-1704.7,OK,-107.853,48.9849,-1703.96,OK,-53.7964,80.9417,-1721.1,,365854075,Port:2,0,1773323167,918828403,Enabled,0.930124,0.0309688,0.0355322,0.364207,-87.3997,271.237,-1592.35,0.138308,3,OK,-87.2332,271.304,-1592.36,OK,-128.921,241.292,-1589.61,OK,-130.115,317.56,-1587.07,,365854075,Port:3,0,1773323167,918828403,Missing,,,,,,,,,4,Missing,,,,Missing,,,,Missing,,,,Missing,,,,,365854075,Port:65535,0,1773323167,918828403,Missing,,,,,,,,,0
4,,365854078,3,Port:1,0,1773323167,968828403,50000000,Enabled,0.65118,0.459738,-0.464067,0.386325,-85.3002,129.296,-1714.58,0.211512,4,OK,-85.1271,129.146,-1714.73,OK,-122.203,97.9115,-1701.54,OK,-107.298,45.0777,-1701.76,OK,-54.1717,78.4298,-1719.23,,365854078,Port:2,0,1773323167,968828403,Enabled,0.930156,0.0306818,0.0350881,0.364194,-87.3999,271.237,-1592.31,0.137806,3,OK,-87.2345,271.303,-1592.32,OK,-128.924,241.293,-1589.6,OK,-130.118,317.569,-1587.08,,365854078,Port:3,0,1773323167,968828403,Missing,,,,,,,,,4,Missing,,,,Missing,,,,Missing,,,,Missing,,,,,365854078,Port:65535,0,1773323167,968828403,Missing,,,,,,,,,0
4,,365854081,3,Port:1,0,1773323168,18828403,50000000,Enabled,0.647209,0.469635,-0.458075,0.38824,-86.8011,126.39,-1712.11,0.23432,4,OK,-86.6248,126.27,-1712.31,OK,-122.923,94.1304,-1698.98,OK,-106.969,41.5978,-1699.97,OK,-54.7014,76.2127,-1717.55,,365854081,Port:2,0,1773323168,18828403,Enabled,0.930146,0.0306497,0.0354083,0.36419,-87.4065,271.238,-1592.34,0.141392,3,OK,-87.2345,271.303,-1592.35,OK,-128.932,241.296,-1589.6,OK,-130.126,317.569,-1587.1,,365854081,Port:3,0,1773323168,18828403,Missing,,,,,,,,,4,Missing,,,,Missing,,,,Missing,,,,Missing,,,,,365854081,Port:65535,0,1773323168,18828403,Missing,,,,,,,,,0
4,,365854084,3,Port:1,0,1773323168,68828403,50000000,Enabled,0.643978,0.478565,-0.450947,0.391042,-88.4707,123.75,-1709.92,0.212565,4,OK,-88.3032,123.616,-1710.1,OK,-123.758,90.6738,-1696.66,OK,-106.704,38.4828,-1698.12,OK,-55.4051,74.2876,-1716.05,,365854084,Port:2,0,1773323168,68828403,Enabled,0.930093,0.0312022,0.0361873,0.364203,-87.4117,271.243,-1592.4,0.144181,3,OK,-87.237,271.313,-1592.41,OK,-128.935,241.299,-1589.59,OK,-130.122,317.56,-1587.06,,365854084,Port:3,0,1773323168,68828403,Missing,,,,,,,,,4,Missing,,,,Missing,,,,Missing,,,,Missing,,,,,365854084,Port:65535,0,1773323168,68828403,Missing,,,,,,,,,0
4,,365854087,3,Port:1,0,1773323168,118828403,50000000,Enabled,0.639677,0.490608,-0.443453,0.391747,-90.1544,120.911,-1707.31,0.250524,4,OK,-89.9746,120.798,-1707.54,OK,-124.506,86.8661,-1693.92,OK,-106.325,35.1084,-1696.42,OK,-56.0878,72.2924,-1714.53,,365854087,Port:2,0,1773323168,118828403,Enabled,0.930124,0.0307691,0.0356676,0.364211,-87.4013,271.243,-1592.35,0.139813,3,OK,-87.2322,271.31,-1592.36,OK,-128.923,241.299,-1589.59,OK,-130.118,317.567,-1587.09,,365854087,Port:3,0,1773323168,118828403,Missing,,,,,,,,,4,Missing,,,,Missing,,,,Missing,,,,Missing,,,,,365854087,Port:65535,0,1773323168,118828403,Missing,,,,,,,,,0
4,,365854090,3,Port:1,0,1773323168,168828403,50000000,Enabled,0.636618,0.501611,-0.43408,0.39329,-91.691,117.993,-1704.96,0.250633,4,OK,-91.5097,117.88,-1705.19,OK,-125.028,83.0453,-1691.3,OK,-105.683,31.7508,-1694.53,OK,-56.6155,70.2475,-1713.16,,365854090,Port:2,0,1773323168,168828403,Enabled,0.930122,0.0306615,0.0356101,0.364232,-87.4044,271.242,-1592.35,0.141474,3,OK,-87.2354,271.312,-1592.36,OK,-128.927,241.293,-1589.59,OK,-130.122,317.566,-1587.1,,365854090,Port:3,0,1773323168,168828403,Missing,,,,,,,,,4,Missing,,,,Missing,,,,Missing,,,,Missing,,,,,365854090,Port:65535,0,1773323168,168828403,Missing,,,,,,,,,0
4,,365854093,3,Port:1,0,1773323168,218828403,50000000,Enabled,0.632434,0.51109,-0.428557,0.393895,-92.6684,115.148,-1702.52,0.246241,4,OK,-92.4789,115.035,-1702.74,OK,-125.241,79.4643,-1688.94,OK,-105.005,28.5548,-1692.94,OK,-56.8513,68.1361,-1711.63,,365854093,Port:2,0,1773323168,218828403,Enabled,0.930132,0.0311879,0.0354252,0.364179,-87.4068,271.236,-1592.34,0.139748,3,OK,-87.2381,271.303,-1592.36,OK,-128.932,241.294,-1589.61,OK,-130.119,317.558,-1587.04,,365854093,Port:3,0,1773323168,218828403,Missing,,,,,,,,,4,Missing,,,,Missing,,,,Missing,,,,Missing,,,,,365854093,Port:65535,0,1773323168,218828403,Missing,,,,,,,,,0
4,,365854096,3,Port:1,0,1773323168,268828403,50000000,Enabled,0.629709,0.520275,-0.421639,0.393701,-93.2973,112.514,-1700.2,0.24876,4,OK,-93.109,112.414,-1700.43,OK,-125.08,76.1596,-1686.5,OK,-104.051,25.6382,-1691.25,OK,-56.8143,66.1985,-1710.24,,365854096,Port:2,0,1773323168,268828403,Enabled,0.930139,0.0309399,0.0353563,0.364191,-87.4007,271.246,-1592.35,0.141772,3,OK,-87.2311,271.316,-1592.36,OK,-128.928,241.3,-1589.62,OK,-130.115,317.573,-1587.08,,365854096,Port:3,0,1773323168,268828403,Missing,,,,,,,,,4,Missing,,,,Missing,,,,Missing,,,,Missing,,,,,365854096,Port:65535,0,1773323168,268828403,Missing,,,,,,,,,0
4,,365854099,3,Port:1,0,1773323168,318828403,50000000,Enabled,0.626898,0.529667,-0.414375,0.393376,-93.9048,109.799,-1697.68,0.255684,4,OK,-93.7184,109.712,-1697.93,OK,-124.86,72.7808,-1683.85,OK,-103.024,22.6628,-1689.41,OK,-56.7795,64.2131,-1708.67,,365854099,Port:2,0,1773323168,318828403,Enabled,0.930139,0.0308631,0.0353904,0.364193,-87.4005,271.243,-1592.36,0.142192,3,OK,-87.2299,271.314,-1592.37,OK,-128.929,241.299,-1589.63,OK,-130.115,317.566,-1587.1,,365854099,Port:3,0,1773323168,318828403,Missing,,,,,,,,,4,Missing,,,,Missing,,,,Missing,,,,Missing,,,,,365854099,Port:65535,0,1773323168,318828403,Missing,,,,,,,,,0
4,,365854102,3,Port:1,0,1773323168,368828403,50000000,Enabled,0.623389,0.539014,-0.406706,0.394259,-94.7353,106.876,-1695.3,0.268529,4,OK,-94.54,106.793,-1695.57,OK,-124.768,69.1276,-1681.39,OK,-102.029,19.5088,-1687.69,OK,-56.8806,62.1366,-1707.16,,365854102,Port:2,0,1773323168,368828403,Enabled,0.930145,0.0308939,0.0352759,0.364186,-87.4053,271.243,-1592.34,0.140489,3,OK,-87.2342,271.308,-1592.36,OK,-128.932,241.302,-1589.62,OK,-130.123,317.569,-1587.08,,365854102,Port:3,0,1773323168,368828403,Missing,,,,,,,,,4,Missing,,,,Missing,,,,Missing,,,,Missing,,,,,365854102,Port:65535,0,1773323168,368828403,Missing,,,,,,,,,0
4,,365854105,3,Port:1,0,1773323168,418828403,50000000,Enabled,0.618784,0.548992,-0.40011,0.394496,-95.531,103.83,-1692.82,0.266641,4,OK,-95.3403,103.747,-1693.09,OK,-124.662,65.3421,-1679.01,OK,-101.068,16.2673,-1686.18,OK,-56.9732,59.9714,-1705.68,,365854105,Port:2,0,1773323168,418828403,Enabled,0.930127,0.0310349,0.0355708,0.36419,-87.4039,271.25,-1592.4,0.142675,3,OK,-87.2318,271.318,-1592.42,OK,-128.93,241.303,-1589.66,OK,-130.118,317.577,-1587.11,,365854105,Port:3,0,1773323168,418828403,Missing,,,,,,,,,4,Missing,,,,Missing,,,,Missing,,,,Missing,,,,,365854105,Port:65535,0,1773323168,418828403,Missing,,,,,,,,,0
4,,365854108,3,Port:1,0,1773323168,468828403,50000000,Enabled,0.615379,0.557969,-0.392777,0.394595,-95.9384,101.008,-1690.52,0.245322,4,OK,-95.736,100.932,-1690.75,OK,-124.199,61.8842,-1676.71,OK,-99.7944,13.2989,-1684.57,OK,-56.7886,57.9698,-1704.31,,365854108,Port:2,0,1773323168,468828403,Enabled,0.930115,0.0307294,0.0356682,0.364239,-87.4041,271.238,-1592.35,0.143796,3,OK,-87.2335,271.31,-1592.36,OK,-128.928,241.284,-1589.58,OK,-130.122,317.564,-1587.09,,365854108,Port:3,0,1773323168,468828403,Missing,,,,,,,,,4,Missing,,,,Missing,,,,Missing,,,,Missing,,,,,365854108,Port:65535,0,1773323168,468828403,Missing,,,,,,,,,0
4,,365854111,3,Port:1,0,1773323168,518828403,50000000,Enabled,0.612266,0.566916,-0.384269,0.395063,-96.2992,98.0915,-1688.15,0.269265,4,OK,-96.0976,98.0219,-1688.42,OK,-123.588,58.3142,-1674.2,OK,-98.3601,10.2886,-1682.84,OK,-56.5207,55.9305,-1702.81,,365854111,Port:2,0,1773323168,518828403,Enabled,0.930161,0.0307835,0.0350736,0.364174,-87.398,271.242,-1592.33,0.139903,3,OK,-87.2267,271.306,-1592.35,OK,-128.926,241.305,-1589.63,OK,-130.117,317.57,-1587.1,,365854111,Port:3,0,1773323168,518828403,Missing,,,,,,,,,4,Missing,,,,Missing,,,,Missing,,,,Missing,,,,,365854111,Port:65535,0,1773323168,518828403,Missing,,,,,,,,,0
4,,365854114,3,Port:1,0,1773323168,568828403,50000000,Enabled,0.609365,0.575811,-0.376955,0.393727,-96.2656,95.3586,-1685.79,0.285183,4,OK,-96.059,95.288,-1686.08,OK,-122.73,55.0218,-1671.78,OK,-96.8702,7.48785,-1681.29,OK,-56.04,53.9831,-1701.46,,365854114,Port:2,0,1773323168,568828403,Enabled,0.930131,0.0310844,0.035147,0.364218,-87.3978,271.243,-1592.34,0.14114,3,OK,-87.2265,271.311,-1592.35,OK,-128.925,241.301,-1589.64,OK,-130.117,317.562,-1587.06,,365854114,Port:3,0,1773323168,568828403,Missing,,,,,,,,,4,Missing,,,,Missing,,,,Missing,,,,Missing,,,,,365854114,Port:65535,0,1773323168,568828403,Missing,,,,,,,,,0
4,,365854117,3,Port:1,0,1773323168,618828403,50000000,Enabled,0.60594,0.582296,-0.375386,0.390965,-95.348,93.4085,-1683.63,0.315436,4,OK,-95.1475,93.3452,-1683.97,OK,-121.434,52.7398,-1669.9,OK,-95.3857,5.4916,-1680.29,OK,-55.0292,52.4693,-1700.08,,365854117,Port:2,0,1773323168,618828403,Enabled,0.930124,0.0309677,0.0355866,0.364203,-87.407,271.232,-1592.34,0.140725,3,OK,-87.2368,271.3,-1592.35,OK,-128.931,241.29,-1589.59,OK,-130.122,317.552,-1587.06,,365854117,Port:3,0,1773323168,618828403,Missing,,,,,,,,,4,Missing,,,,Missing,,,,Missing,,,,Missing,,,,,365854117,Port:65535,0,1773323168,618828403,Missing,,,,,,,,,0
4,,365854120,3,Port:1,0,1773323168,668828403,50000000,Enabled,0.6046,0.587421,-0.372271,0.388343,-94.3434,91.9592,-1682.17,0.298935,4,OK,-94.143,91.9042,-1682.48,OK,-120.109,51.0646,-1668.49,OK,-93.866,4.01058,-1679.45,OK,-53.9571,51.3516,-1699.33,,365854120,Port:2,0,1773323168,668828403,Enabled,0.930153,0.0306326,0.0353672,0.364178,-87.4045,271.238,-1592.33,0.142175,3,OK,-87.2312,271.303,-1592.35,OK,-128.932,241.297,-1589.6,OK,-130.123,317.569,-1587.1,,365854120,Port:3,0,1773323168,668828403,Missing,,,,,,,,,4,Missing,,,,Missing,,,,Missing,,,,Missing,,,,,365854120,Port:65535,0,1773323168,668828403,Missing,,,,,,,,,0
4,,365854123,3,Port:1,0,1773323168,718828403,50000000,Enabled,0.601436,0.593055,-0.371422,0.385495,-93.9887,90.3747,-1680.69,0.333344,4,OK,-93.7816,90.3205,-1681.05,OK,-119.477,49.2041,-1667.31,OK,-93.1387,2.39458,-1679.07,OK,-53.5597,50.1652,-1698.56,,365854123,Port:2,0,1773323168,718828403,Enabled,0.93013,0.0308431,0.0356098,0.364195,-87.3993,271.247,-1592.35,0.14349,3,OK,-87.2271,271.318,-1592.37,OK,-128.926,241.301,-1589.6,OK,-130.114,317.573,-1587.09,,365854123,Port:3,0,1773323168,718828403,Missing,,,,,,,,,4,Missing,,,,Missing,,,,Missing,,,,Missing,,,,,365854123,Port:65535,0,1773323168,718828403,Missing,,,,,,,,,0
4,,365854126,3,Port:1,0,1773323168,768828403,50000000,Enabled,0.600659,0.596205,-0.366194,0.386846,-94.402,88.8423,-1679.77,0.296911,4,OK,-94.1971,88.7973,-1680.08,OK,-119.387,47.4011,-1666.24,OK,-92.5971,0.871149,-1678.08,OK,-53.628,49.066,-1697.94,,365854126,Port:2,0,1773323168,768828403,Enabled,0.930137,0.030703,0.0355125,0.364199,-87.4023,271.241,-1592.35,0.138174,3,OK,-87.2354,271.305,-1592.36,OK,-128.923,241.296,-1589.6,OK,-130.12,317.572,-1587.1,,365854126,Port:3,0,1773323168,768828403,Missing,,,,,,,,,4,Missing,,,,Missing,,,,Missing,,,,Missing,,,,,365854126,Port:65535,0,1773323168,768828403,Missing,,,,,,,,,0
4,,365854129,3,Port:1,0,1773323168,818828403,50000000,Enabled,0.597827,0.600696,-0.363635,0.386699,-94.5169,87.4584,-1678.63,0.325364,4,OK,-94.308,87.4137,-1678.98,OK,-119.091,45.7289,-1665.24,OK,-91.957,-0.507771,-1677.59,OK,-53.5178,48.1465,-1697.23,,365854129,Port:2,0,1773323168,818828403,Enabled,0.930183,0.0304881,0.0347205,0.364177,-87.3983,271.241,-1592.29,0.140945,3,OK,-87.2272,271.305,-1592.31,OK,-128.93,241.299,-1589.62,OK,-130.121,317.575,-1587.11,,365854129,Port:3,0,1773323168,818828403,Missing,,,,,,,,,4,Missing,,,,Missing,,,,Missing,,,,Missing,,,,,365854129,Port:65535,0,1773323168,818828403,Missing,,,,,,,,,0
4,,365854132,3,Port:1,0,1773323168,868828403,50000000,Enabled,0.597565,0.602234,-0.361085,0.387102,-94.4556,86.8565,-1678.19,0.317141,4,OK,-94.2403,86.8064,-1678.53,OK,-118.762,45.0014,-1664.74,OK,-91.4782,-1.09986,-1677.14,OK,-53.3411,47.7609,-1696.95,,365854132,Port:2,0,1773323168,868828403,Enabled,0.93019,0.030657,0.034595,0.364156,-87.3988,271.235,-1592.28,0.137495,3,OK,-87.2312,271.297,-1592.3,OK,-128.929,241.299,-1589.63,OK,-130.118,317.568,-1587.08,,365854132,Port:3,0,1773323168,868828403,Missing,,,,,,,,,4,Missing,,,,Missing,,,,Missing,,,,Missing,,,,,365854132,Port:65535,0,1773323168,868828403,Missing,,,,,,,,,0
4,,365854135,3,Port:1,0,1773323168,918828407,50000004,Enabled,0.598151,0.602838,-0.360709,0.385605,-94.1847,86.8565,-1677.95,0.322905,4,OK,-93.9752,86.8098,-1678.3,OK,-118.514,45.0231,-1664.44,OK,-91.3236,-1.10394,-1676.98,OK,-53.1686,47.7168,-1696.86,,365854135,Port:2,0,1773323168,918828407,Enabled,0.930189,0.0307225,0.0348465,0.36413,-87.4064,271.231,-1592.31,0.139633,3,OK,-87.2375,271.298,-1592.32,OK,-128.939,241.296,-1589.63,OK,-130.12,317.565,-1587.09,,365854135,Port:3,0,1773323168,918828407,Missing,,,,,,,,,4,Missing,,,,Missing,,,,Missing,,,,Missing,,,,,365854135,Port:65535,0,1773323168,918828407,Missing,,,,,,,,,0
4,,365854138,3,Port:1,0,1773323168,968828406,49999999,Enabled,0.598092,0.603182,-0.360907,0.384972,-94.1924,87.0037,-1678.04,0.271941,4,OK,-93.9861,86.9544,-1678.31,OK,-118.566,45.1706,-1664.62,OK,-91.3941,-0.953769,-1677.11,OK,-53.1889,47.8548,-1697.09,,365854138,Port:2,0,1773323168,968828406,Enabled,0.930155,0.0307607,0.0351949,0.36418,-87.4046,271.244,-1592.35,0.140928,3,OK,-87.2351,271.311,-1592.36,OK,-128.932,241.299,-1589.63,OK,-130.121,317.575,-1587.11,,365854138,Port:3,0,1773323168,968828406,Missing,,,,,,,,,4,Missing,,,,Missing,,,,Missing,,,,Missing,,,,,365854138,Port:65535,0,1773323168,968828406,Missing,,,,,,,,,0
4,,365854141,3,Port:1,0,1773323169,18828406,50000000,Enabled,0.598056,0.601347,-0.363297,0.385652,-94.3279,87.6653,-1678.62,0.310957,4,OK,-94.1238,87.6264,-1678.95,OK,-118.896,45.9285,-1665.23,OK,-91.8254,-0.306999,-1677.65,OK,-53.3757,48.3553,-1697.37,,365854141,Port:2,0,1773323169,18828406,Enabled,0.930126,0.0306691,0.0359046,0.364193,-87.3997,271.241,-1592.35,0.143035,3,OK,-87.2272,271.31,-1592.37,OK,-128.924,241.296,-1589.56,OK,-130.114,317.569,-1587.09,,365854141,Port:3,0,1773323169,18828406,Missing,,,,,,,,,4,Missing,,,,Missing,,,,Missing,,,,Missing,,,,,365854141,Port:65535,0,1773323169,18828406,Missing,,,,,,,,,0
4,,365854144,3,Port:1,0,1773323169,68828406,50000000,Enabled,0.59777,0.597959,-0.370772,0.384245,-94.0631,89.1135,-1679.57,0.323329,4,OK,-93.857,89.0694,-1679.92,OK,-119.284,47.6622,-1666.55,OK,-92.6969,1.12162,-1678.88,OK,-53.4595,49.3251,-1698.02,,365854144,Port:2,0,1773323169,68828406,Enabled,0.930148,0.0308757,0.0352584,0.364182,-87.4041,271.242,-1592.36,0.140343,3,OK,-87.2333,271.307,-1592.37,OK,-128.931,241.301,-1589.64,OK,-130.121,317.57,-1587.1,,365854144,Port:3,0,1773323169,68828406,Missing,,,,,,,,,4,Missing,,,,Missing,,,,Missing,,,,Missing,,,,,365854144,Port:65535,0,1773323169,68828406,Missing,,,,,,,,,0
4,,365854147,3,Port:1,0,1773323169,118828406,50000000,Enabled,0.600498,0.590289,-0.378689,0.38413,-93.7053,91.5602,-1681.51,0.310726,4,OK,-93.501,91.5103,-1681.84,OK,-119.818,50.6247,-1668.58,OK,-93.8904,3.57924,-1680.25,OK,-53.5446,50.9532,-1699.19,,365854147,Port:2,0,1773323169,118828406,Enabled,0.930131,0.0310133,0.035554,0.364186,-87.4009,271.239,-1592.34,0.14275,3,OK,-87.2291,271.308,-1592.36,OK,-128.928,241.293,-1589.6,OK,-130.114,317.565,-1587.06,,365854147,Port:3,0,1773323169,118828406,Missing,,,,,,,,,4,Missing,,,,Missing,,,,Missing,,,,Missing,,,,,365854147,Port:65535,0,1773323169,118828406,Missing,,,,,,,,,0
4,,365854150,3,Port:1,0,1773323169,168828407,50000001,Enabled,0.603827,0.579296,-0.393344,0.380905,-92.8058,95.5025,-1684.14,0.273031,4,OK,-92.5967,95.4393,-1684.42,OK,-120.473,55.4705,-1671.67,OK,-95.841,7.58449,-1682.56,OK,-53.6211,53.5658,-1700.94,,365854150,Port:2,0,1773323169,168828407,Enabled,0.930167,0.0307214,0.0349418,0.364177,-87.3968,271.237,-1592.3,0.137926,3,OK,-87.2298,271.302,-1592.31,OK,-128.924,241.298,-1589.61,OK,-130.115,317.566,-1587.07,,365854150,Port:3,0,1773323169,168828407,Missing,,,,,,,,,4,Missing,,,,Missing,,,,Missing,,,,Missing,,,,,365854150,Port:65535,0,1773323169,168828407,Missing,,,,,,,,,0
4,,365854153,3,Port:1,0,1773323169,218828406,49999999,Enabled,0.609515,0.563294,-0.407272,0.38121,-92.1478,100.393,-1687.99,0.270999,4,OK,-91.9534,100.31,-1688.26,OK,-121.376,61.4872,-1675.61,OK,-98.1217,12.6632,-1685.17,OK,-53.9686,56.9426,-1703.15,,365854153,Port:2,0,1773323169,218828406,Enabled,0.930135,0.0307394,0.0354123,0.364213,-87.4072,271.24,-1592.35,0.138464,3,OK,-87.2395,271.306,-1592.36,OK,-128.93,241.299,-1589.61,OK,-130.125,317.563,-1587.1,,365854153,Port:3,0,1773323169,218828406,Missing,,,,,,,,,4,Missing,,,,Missing,,,,Missing,,,,Missing,,,,,365854153,Port:65535,0,1773323169,218828406,Missing,,,,,,,,,0
4,,365854156,3,Port:1,0,1773323169,268828406,50000000,Enabled,0.612944,0.544709,-0.429609,0.378191,-90.6789,106.514,-1692.73,0.294338,4,OK,-90.4858,106.438,-1693.03,OK,-122.101,69.1136,-1681.1,OK,-100.838,19.1642,-1689.6,OK,-54.0644,61.2132,-1706.22,,365854156,Port:2,0,1773323169,268828406,Enabled,0.930152,0.0309568,0.0352397,0.364166,-87.4052,271.242,-1592.35,0.142355,3,OK,-87.233,271.31,-1592.37,OK,-128.935,241.301,-1589.64,OK,-130.12,317.57,-1587.09,,365854156,Port:3,0,1773323169,268828406,Missing,,,,,,,,,4,Missing,,,,Missing,,,,Missing,,,,Missing,,,,,365854156,Port:65535,0,1773323169,268828406,Missing,,,,,,,,,0
4,,365854159,3,Port:1,0,1773323169,318828406,50000000,Enabled,0.618915,0.519036,-0.453272,0.376948,-88.6517,113.883,-1698.86,0.283736,4,OK,-88.4774,113.786,-1699.15,OK,-122.48,78.4646,-1687.92,OK,-103.66,27.2851,-1694.61,OK,-54.0207,66.4174,-1709.98,,365854159,Port:2,0,1773323169,318828406,Enabled,0.930153,0.0307788,0.0350719,0.364194,-87.3996,271.241,-1592.34,0.139321,3,OK,-87.2301,271.304,-1592.36,OK,-128.926,241.299,-1589.64,OK,-130.12,317.57,-1587.11,,365854159,Port:3,0,1773323169,318828406,Missing,,,,,,,,,4,Missing,,,,Missing,,,,Missing,,,,Missing,,,,,365854159,Port:65535,0,1773323169,318828406,Missing,,,,,,,,,0
4,,365854162,3,Port:1,0,1773323169,368828406,50000000,Enabled,0.622382,0.489748,-0.485491,0.370252,-84.9755,122.249,-1705.53,0.236047,4,OK,-84.7936,122.132,-1705.73,OK,-121.76,89.4223,-1696.17,OK,-106.303,36.9969,-1701.34,OK,-53.2698,72.3347,-1714.51,,365854162,Port:2,0,1773323169,368828406,Enabled,0.930178,0.0307398,0.0349011,0.364152,-87.4013,271.232,-1592.3,0.139152,3,OK,-87.2325,271.296,-1592.31,OK,-128.931,241.292,-1589.62,OK,-130.118,317.568,-1587.08,,365854162,Port:3,0,1773323169,368828406,Missing,,,,,,,,,4,Missing,,,,Missing,,,,Missing,,,,Missing,,,,,365854162,Port:65535,0,1773323169,368828406,Missing,,,,,,,,,0
4,,365854165,3,Port:1,0,1773323169,418828407,50000001,Enabled,0.628121,0.453002,-0.515444,0.366839,-80.6607,131.334,-1713.62,0.239372,4,OK,-80.4951,131.208,-1713.83,OK,-120.212,101.54,-1705.56,OK,-108.449,48.0132,-1708.64,OK,-52.3023,79.0023,-1719.6,,365854165,Port:2,0,1773323169,418828407,Enabled,0.930123,0.0307927,0.0355669,0.364223,-87.4045,271.245,-1592.37,0.142943,3,OK,-87.232,271.312,-1592.39,OK,-128.928,241.295,-1589.62,OK,-130.124,317.574,-1587.11,,365854165,Port:3,0,1773323169,418828407,Missing,,,,,,,,,4,Missing,,,,Missing,,,,Missing,,,,Missing,,,,,365854165,Port:65535,0,1773323169,418828407,Missing,,,,,,,,,0
4,,365854168,3,Port:1,0,1773323169,468828406,49999999,Enabled,0.633476,0.427689,-0.532081,0.364254,-77.04,138.543,-1720.49,0.21626,4,OK,-76.8893,138.394,-1720.66,OK,-118.212,110.867,-1713.12,OK,-108.994,56.7996,-1714.63,OK,-51.0862,84.7886,-1724.48,,365854168,Port:2,0,1773323169,468828406,Enabled,0.930137,0.0311754,0.035281,0.364181,-87.403,271.235,-1592.34,0.14121,3,OK,-87.2312,271.303,-1592.36,OK,-128.932,241.298,-1589.63,OK,-130.117,317.553,-1587.05,,365854168,Port:3,0,1773323169,468828406,Missing,,,,,,,,,4,Missing,,,,Missing,,,,Missing,,,,Missing,,,,,365854168,Port:65535,0,1773323169,468828406,Missing,,,,,,,,,0
4,,365854171,3,Port:1,0,1773323169,518828406,50000000,Enabled,0.634591,0.401421,-0.549462,0.366398,-73.9869,144.533,-1727.33,0.170325,4,OK,-73.8387,144.384,-1727.41,OK,-116.534,118.733,-1721.16,OK,-109.496,64.3215,-1720.88,OK,-50.1561,89.6786,-1729.03,,365854171,Port:2,0,1773323169,518828406,Enabled,0.930157,0.0308216,0.034953,0.364193,-87.4017,271.237,-1592.33,0.142742,3,OK,-87.2274,271.302,-1592.35,OK,-128.932,241.295,-1589.64,OK,-130.124,317.565,-1587.1,,365854171,Port:3,0,1773323169,518828406,Missing,,,,,,,,,4,Missing,,,,Missing,,,,Missing,,,,Missing,,,,,365854171,Port:65535,0,1773323169,518828406,Missing,,,,,,,,,0
4,,365854174,3,Port:1,0,1773323169,568828406,50000000,Enabled,0.635312,0.380968,-0.564512,0.3641,-70.7679,149.287,-1732.49,0.182162,4,OK,-70.626,149.128,-1732.59,OK,-114.434,125.196,-1727.33,OK,-109.509,70.5704,-1726.2,OK,-49.0027,93.5608,-1732.74,,365854174,Port:2,0,1773323169,568828406,Enabled,0.930111,0.0311768,0.0359075,0.364187,-87.4063,271.244,-1592.38,0.14436,3,OK,-87.2295,271.311,-1592.4,OK,-128.932,241.303,-1589.61,OK,-130.12,317.566,-1587.06,,365854174,Port:3,0,1773323169,568828406,Missing,,,,,,,,,4,Missing,,,,Missing,,,,Missing,,,,Missing,,,,,365854174,Port:65535,0,1773323169,568828406,Missing,,,,,,,,,0
4,,365854177,3,Port:1,0,1773323169,618828406,50000000,Enabled,0.638157,0.364035,-0.572974,0.363229,-67.6802,152.865,-1736.53,0.164852,4,OK,-67.5484,152.701,-1736.58,OK,-112.106,130.117,-1731.87,OK,-108.791,75.4118,-1729.68,OK,-47.5363,96.5406,-1735.48,,365854177,Port:2,0,1773323169,618828406,Enabled,0.930155,0.030822,0.0352301,0.36417,-87.4025,271.24,-1592.35,0.137862,3,OK,-87.2363,271.308,-1592.36,OK,-128.929,241.302,-1589.63,OK,-130.116,317.566,-1587.1,,365854177,Port:3,0,1773323169,618828406,Missing,,,,,,,,,4,Missing,,,,Missing,,,,Missing,,,,Missing,,,,,365854177,Port:65535,0,1773323169,618828406,Missing,,,,,,,,,0
4,,365854180,3,Port:1,0,1773323169,668828407,50000001,Enabled,0.639116,0.350419,-0.581303,0.361696,-64.9323,155.333,-1739.25,0.163132,4,OK,-64.799,155.174,-1739.3,OK,-109.987,133.717,-1735.18,OK,-108.024,78.9786,-1732.38,OK,-46.2017,98.5387,-1737.26,,365854180,Port:2,0,1773323169,668828407,Enabled,0.930125,0.0310424,0.0356706,0.364185,-87.4037,271.239,-1592.38,0.141409,3,OK,-87.2306,271.303,-1592.39,OK,-128.928,241.298,-1589.62,OK,-130.119,317.566,-1587.08,,365854180,Port:3,0,1773323169,668828407,Missing,,,,,,,,,4,Missing,,,,Missing,,,,Missing,,,,Missing,,,,,365854180,Port:65535,0,1773323169,668828407,Missing,,,,,,,,,0
4,,365854183,3,Port:1,0,1773323169,718828406,49999999,Enabled,0.640661,0.340769,-0.586683,0.35949,-62.509,157.003,-1740.98,0.154182,4,OK,-62.3857,156.837,-1741,OK,-108.002,136.278,-1737.28,OK,-107.113,81.5251,-1734.02,OK,-44.8746,99.8803,-1738.43,,365854183,Port:2,0,1773323169,718828406,Enabled,0.930142,0.0311427,0.035266,0.364172,-87.403,271.243,-1592.36,0.142501,3,OK,-87.2311,271.313,-1592.38,OK,-128.934,241.303,-1589.65,OK,-130.115,317.565,-1587.08,,365854183,Port:3,0,1773323169,718828406,Missing,,,,,,,,,4,Missing,,,,Missing,,,,Missing,,,,Missing,,,,,365854183,Port:65535,0,1773323169,718828406,Missing,,,,,,,,,0
4,,365854186,3,Port:1,0,1773323169,768828406,50000000,Enabled,0.642919,0.334314,-0.589331,0.357181,-60.3724,158.217,-1742.26,0.161722,4,OK,-60.2501,158.042,-1742.29,OK,-106.159,138.143,-1738.6,OK,-106.052,83.41,-1735.09,OK,-43.5543,100.877,-1739.33,,365854186,Port:2,0,1773323169,768828406,Enabled,0.930132,0.0308348,0.0357577,0.364177,-87.4086,271.236,-1592.36,0.142349,3,OK,-87.2358,271.303,-1592.38,OK,-128.934,241.295,-1589.59,OK,-130.122,317.563,-1587.09,,365854186,Port:3,0,1773323169,768828406,Missing,,,,,,,,,4,Missing,,,,Missing,,,,Missing,,,,Missing,,,,,365854186,Port:65535,0,1773323169,768828406,Missing,,,,,,,,,0
4,,365854189,3,Port:1,0,1773323169,818828406,50000000,Enabled,0.645926,0.326217,-0.592536,0.353926,-58.0179,159.558,-1743.64,0.162042,4,OK,-57.8924,159.386,-1743.65,OK,-104.174,140.323,-1740.06,OK,-105.075,85.6343,-1736.18,OK,-42.2482,101.947,-1740.29,,365854189,Port:2,0,1773323169,818828406,Enabled,0.930155,0.030659,0.0353,0.364178,-87.4016,271.245,-1592.35,0.144649,3,OK,-87.2288,271.315,-1592.36,OK,-128.932,241.297,-1589.62,OK,-130.118,317.579,-1587.12,,365854189,Port:3,0,1773323169,818828406,Missing,,,,,,,,,4,Missing,,,,Missing,,,,Missing,,,,Missing,,,,,365854189,Port:65535,0,1773323169,818828406,Missing,,,,,,,,,0
4,,365854192,3,Port:1,0,1773323169,868828406,50000000,Enabled,0.647419,0.31614,-0.597309,0.352316,-55.6197,161.058,-1745.4,0.161749,4,OK,-55.5005,160.881,-1745.41,OK,-102.161,142.701,-1742.15,OK,-104.086,88.0752,-1737.8,OK,-40.934,103.197,-1741.39,,365854192,Port:2,0,1773323169,868828406,Enabled,0.930111,0.0307288,0.0360887,0.364207,-87.4026,271.243,-1592.38,0.146473,3,OK,-87.2267,271.313,-1592.4,OK,-128.927,241.291,-1589.58,OK,-130.118,317.573,-1587.11,,365854192,Port:3,0,1773323169,868828406,Missing,,,,,,,,,4,Missing,,,,Missing,,,,Missing,,,,Missing,,,,,365854192,Port:65535,0,1773323169,868828406,Missing,,,,,,,,,0
4,,365854195,3,Port:1,0,1773323169,918828405,49999999,Enabled,0.648281,0.305461,-0.603619,0.349383,-52.9283,162.863,-1747.41,0.153036,4,OK,-52.8001,162.703,-1747.42,OK,-99.8853,145.524,-1744.65,OK,-103.016,90.947,-1739.98,OK,-39.5447,104.726,-1742.85,,365854195,Port:2,0,1773323169,918828405,Enabled,0.930178,0.0308678,0.0347737,0.364153,-87.4076,271.238,-1592.33,0.143764,3,OK,-87.2321,271.304,-1592.34,OK,-128.943,241.299,-1589.66,OK,-130.126,317.569,-1587.09,,365854195,Port:3,0,1773323169,918828405,Missing,,,,,,,,,4,Missing,,,,Missing,,,,Missing,,,,Missing,,,,,365854195,Port:65535,0,1773323169,918828405,Missing,,,,,,,,,0
4,,365854198,3,Port:1,0,1773323169,968828405,50000000,Enabled,0.648882,0.293358,-0.610088,0.347398,-50.0516,164.808,-1749.79,0.150061,4,OK,-49.9312,164.658,-1749.75,OK,-97.4158,148.496,-1747.62,OK,-101.792,94.0724,-1742.43,OK,-37.9811,106.422,-1744.53,,365854198,Port:2,0,1773323169,968828405,Enabled,0.930134,0.0309499,0.0352717,0.364209,-87.4018,271.243,-1592.35,0.142192,3,OK,-87.2296,271.31,-1592.36,OK,-128.929,241.298,-1589.63,OK,-130.121,317.568,-1587.08,,365854198,Port:3,0,1773323169,968828405,Missing,,,,,,,,,4,Missing,,,,Missing,,,,Missing,,,,Missing,,,,,365854198,Port:65535,0,1773323169,968828405,Missing,,,,,,,,,0
4,,365854201,3,Port:1,0,1773323170,18828405,50000000,Enabled,0.651016,0.281216,-0.615225,0.344375,-46.7953,166.714,-1752.18,0.143434,4,OK,-46.686,166.574,-1752.14,OK,-94.5261,151.514,-1750.37,OK,-100.24,97.2771,-1744.7,OK,-36.1611,108.118,-1746.23,,365854201,Port:2,0,1773323170,18828405,Enabled,0.930152,0.031035,0.035347,0.36415,-87.4022,271.24,-1592.37,0.142607,3,OK,-87.2299,271.309,-1592.38,OK,-128.933,241.3,-1589.65,OK,-130.113,317.568,-1587.09,,365854201,Port:3,0,1773323170,18828405,Missing,,,,,,,,,4,Missing,,,,Missing,,,,Missing,,,,Missing,,,,,365854201,Port:65535,0,1773323170,18828405,Missing,,,,,,,,,0
4,,365854204,3,Port:1,0,1773323170,68828405,50000000,Enabled,0.650452,0.265428,-0.625432,0.339552,-42.6239,168.759,-1754.55,0.142592,4,OK,-42.5182,168.618,-1754.52,OK,-90.8393,155.056,-1753.68,OK,-98.3529,101.075,-1747.79,OK,-33.9519,109.905,-1747.95,,365854204,Port:2,0,1773323170,68828405,Enabled,0.930132,0.0310007,0.0355123,0.364187,-87.4033,271.247,-1592.38,0.142706,3,OK,-87.233,271.319,-1592.39,OK,-128.931,241.301,-1589.64,OK,-130.115,317.571,-1587.09,,365854204,Port:3,0,1773323170,68828405,Missing,,,,,,,,,4,Missing,,,,Missing,,,,Missing,,,,Missing,,,,,365854204,Port:65535,0,1773323170,68828405,Missing,,,,,,,,,0
4,,365854207,3,Port:1,0,1773323170,118828405,50000000,Enabled,0.649367,0.247049,-0.636826,0.33428,-38.0121,170.948,-1757.28,0.144764,4,OK,-37.8999,170.812,-1757.27,OK,-86.6994,158.944,-1757.52,OK,-96.2478,105.328,-1751.42,OK,-31.5948,111.886,-1749.94,,365854207,Port:2,0,1773323170,118828405,Enabled,0.930151,0.0309827,0.0351964,0.364172,-87.3998,271.238,-1592.35,0.142668,3,OK,-87.2289,271.309,-1592.36,OK,-128.931,241.296,-1589.64,OK,-130.112,317.562,-1587.08,,365854207,Port:3,0,1773323170,118828405,Missing,,,,,,,,,4,Missing,,,,Missing,,,,Missing,,,,Missing,,,,,365854207,Port:65535,0,1773323170,118828405,Missing,,,,,,,,,0
4,,365854210,3,Port:1,0,1773323170,168828405,50000000,Enabled,0.649585,0.23259,-0.644142,0.330185,-34.0963,172.768,-1759.95,0.143748,4,OK,-33.992,172.633,-1759.95,OK,-83.0673,162.091,-1760.9,OK,-94.2142,108.824,-1754.53,OK,-29.442,113.63,-1751.99,,365854210,Port:2,0,1773323170,168828405,Enabled,0.930138,0.0311066,0.0353735,0.364176,-87.404,271.239,-1592.37,0.141494,3,OK,-87.2353,271.309,-1592.38,OK,-128.932,241.292,-1589.64,OK,-130.115,317.565,-1587.08,,365854210,Port:3,0,1773323170,168828405,Missing,,,,,,,,,4,Missing,,,,Missing,,,,Missing,,,,Missing,,,,,365854210,Port:65535,0,1773323170,168828405,Missing,,,,,,,,,0
4,,365854213,3,Port:1,0,1773323170,218828405,50000000,Enabled,0.649246,0.219275,-0.650263,0.327957,-30.853,174.093,-1762.33,0.141136,4,OK,-30.7422,173.967,-1762.3,OK,-80.0408,164.518,-1764.01,OK,-92.4918,111.576,-1757.21,OK,-27.6728,114.942,-1753.73,,365854213,Port:2,0,1773323170,218828405,Enabled,0.930106,0.0313287,0.03568,0.36421,-87.4048,271.242,-1592.39,0.144987,3,OK,-87.2305,271.314,-1592.41,OK,-128.932,241.295,-1589.65,OK,-130.117,317.559,-1587.07,,365854213,Port:3,0,1773323170,218828405,Missing,,,,,,,,,4,Missing,,,,Missing,,,,Missing,,,,Missing,,,,,365854213,Port:65535,0,1773323170,218828405,Missing,,,,,,,,,0
4,,365854216,3,Port:1,0,1773323170,268828405,50000000,Enabled,0.649964,0.209185,-0.653583,0.326522,-28.1407,175.021,-1763.92,0.141722,4,OK,-28.0293,174.9,-1763.87,OK,-77.4777,166.267,-1765.99,OK,-90.8628,113.607,-1758.79,OK,-26.0479,115.896,-1754.74,,365854216,Port:2,0,1773323170,268828405,Enabled,0.930158,0.0308474,0.0350147,0.364182,-87.4031,271.237,-1592.33,0.139531,3,OK,-87.2332,271.301,-1592.34,OK,-128.93,241.296,-1589.64,OK,-130.122,317.568,-1587.09,,365854216,Port:3,0,1773323170,268828405,Missing,,,,,,,,,4,Missing,,,,Missing,,,,Missing,,,,Missing,,,,,365854216,Port:65535,0,1773323170,268828405,Missing,,,,,,,,,0
4,,365854219,3,Port:1,0,1773323170,318828405,50000000,Enabled,0.652049,0.201785,-0.655686,0.322786,-25.2837,175.757,-1764.86,0.141549,4,OK,-25.1915,175.626,-1764.81,OK,-74.7509,167.82,-1767.05,OK,-89.0406,115.44,-1759.68,OK,-24.2016,116.638,-1755.42,,365854219,Port:2,0,1773323170,318828405,Enabled,0.93016,0.0306757,0.0353255,0.364161,-87.402,271.242,-1592.35,0.142985,3,OK,-87.2274,271.307,-1592.36,OK,-128.932,241.302,-1589.62,OK,-130.12,317.576,-1587.11,,365854219,Port:3,0,1773323170,318828405,Missing,,,,,,,,,4,Missing,,,,Missing,,,,Missing,,,,Missing,,,,,365854219,Port:65535,0,1773323170,318828405,Missing,,,,,,,,,0
4,,365854222,3,Port:1,0,1773323170,368828405,50000000,Enabled,0.653354,0.193256,-0.659286,0.317996,-22.0524,176.462,-1765.79,0.160935,4,OK,-21.9482,176.318,-1765.7,OK,-71.6704,169.496,-1768.31,OK,-87.0257,117.432,-1760.83,OK,-22.1889,117.374,-1756.19,,365854222,Port:2,0,1773323170,368828405,Enabled,0.930147,0.0310841,0.0351202,0.364181,-87.4059,271.244,-1592.38,0.140828,3,OK,-87.2356,271.31,-1592.39,OK,-128.934,241.301,-1589.68,OK,-130.122,317.571,-1587.1,,365854222,Port:3,0,1773323170,368828405,Missing,,,,,,,,,4,Missing,,,,Missing,,,,Missing,,,,Missing,,,,,365854222,Port:65535,0,1773323170,368828405,Missing,,,,,,,,,0
4,,365854225,3,Port:1,0,1773323170,418828405,50000000,Enabled,0.655537,0.183805,-0.661528,0.314432,-18.7395,177.167,-1767.02,0.143161,4,OK,-18.6494,177.035,-1766.95,OK,-68.452,171.155,-1769.72,OK,-84.8602,119.43,-1761.96,OK,-20.0811,118.152,-1757,,365854225,Port:2,0,1773323170,418828405,Enabled,0.930144,0.0311006,0.0350955,0.364188,-87.3969,271.238,-1592.35,0.143749,3,OK,-87.223,271.306,-1592.37,OK,-128.928,241.294,-1589.66,OK,-130.114,317.562,-1587.08,,365854225,Port:3,0,1773323170,418828405,Missing,,,,,,,,,4,Missing,,,,Missing,,,,Missing,,,,Missing,,,,,365854225,Port:65535,0,1773323170,418828405,Missing,,,,,,,,,0
4,,365854228,3,Port:1,0,1773323170,468828405,50000000,Enabled,0.657551,0.174834,-0.663824,0.31048,-15.5323,177.954,-1768.36,0.143648,4,OK,-15.4423,177.821,-1768.29,OK,-65.3434,172.885,-1771.27,OK,-82.7752,121.522,-1763.27,OK,-18.0423,119.032,-1758.01,,365854228,Port:2,0,1773323170,468828405,Enabled,0.930159,0.0307045,0.035282,0.364166,-87.4053,271.237,-1592.34,0.13939,3,OK,-87.2359,271.302,-1592.35,OK,-128.932,241.298,-1589.62,OK,-130.121,317.567,-1587.1,,365854228,Port:3,0,1773323170,468828405,Missing,,,,,,,,,4,Missing,,,,Missing,,,,Missing,,,,Missing,,,,,365854228,Port:65535,0,1773323170,468828405,Missing,,,,,,,,,0
4,,365854231,3,Port:1,0,1773323170,518828405,50000000,Enabled,0.658232,0.165725,-0.666805,0.30763,-12.6397,178.702,-1769.77,0.141963,4,OK,-12.5583,178.577,-1769.68,OK,-62.5017,174.469,-1773.03,OK,-80.8861,123.48,-1764.82,OK,-16.2511,119.893,-1759.05,,365854231,Port:2,0,1773323170,518828405,Enabled,0.930146,0.0308748,0.0351599,0.364196,-87.3979,271.228,-1592.32,0.138839,3,OK,-87.2298,271.297,-1592.33,OK,-128.925,241.291,-1589.61,OK,-130.114,317.547,-1587.06,,365854231,Port:3,0,1773323170,518828405,Missing,,,,,,,,,4,Missing,,,,Missing,,,,Missing,,,,Missing,,,,,365854231,Port:65535,0,1773323170,518828405,Missing,,,,,,,,,0
4,,365854234,3,Port:1,0,1773323170,568828405,50000000,Enabled,0.658873,0.157537,-0.669738,0.30417,-9.89201,179.354,-1770.92,0.169671,4,OK,-9.80911,179.213,-1770.79,OK,-59.796,175.943,-1774.55,OK,-79.0864,125.308,-1766.16,OK,-14.5759,120.683,-1760,,365854234,Port:2,0,1773323170,568828405,Enabled,0.930161,0.0308259,0.0348003,0.364196,-87.398,271.24,-1592.32,0.140377,3,OK,-87.226,271.303,-1592.33,OK,-128.927,241.3,-1589.64,OK,-130.121,317.568,-1587.09,,365854234,Port:3,0,1773323170,568828405,Missing,,,,,,,,,4,Missing,,,,Missing,,,,Missing,,,,Missing,,,,,365854234,Port:65535,0,1773323170,568828405,Missing,,,,,,,,,0
4,,365854237,3,Port:1,0,1773323170,618828405,50000000,Enabled,0.660396,0.150736,-0.67096,0.301611,-7.76845,179.833,-1772.02,0.145959,4,OK,-7.68279,179.703,-1771.93,OK,-57.6982,177.086,-1775.73,OK,-77.7185,126.767,-1767.21,OK,-13.3008,121.29,-1760.77,,365854237,Port:2,0,1773323170,618828405,Enabled,0.930135,0.0309633,0.0354832,0.364185,-87.4055,271.244,-1592.37,0.141653,3,OK,-87.2359,271.315,-1592.38,OK,-128.933,241.301,-1589.63,OK,-130.117,317.566,-1587.1,,365854237,Port:3,0,1773323170,618828405,Missing,,,,,,,,,4,Missing,,,,Missing,,,,Missing,,,,Missing,,,,,365854237,Port:65535,0,1773323170,618828405,Missing,,,,,,,,,0
4,,365854240,3,Port:1,0,1773323170,668828405,50000000,Enabled,0.661565,0.147647,-0.671404,0.299581,-6.44606,180.094,-1772.5,0.139661,4,OK,-6.35848,179.966,-1772.44,OK,-56.401,177.723,-1776.2,OK,-76.8016,127.578,-1767.66,OK,-12.4268,121.607,-1761.16,,365854240,Port:2,0,1773323170,668828405,Enabled,0.930128,0.0308229,0.0355376,0.364211,-87.4017,271.238,-1592.35,0.142318,3,OK,-87.2327,271.31,-1592.36,OK,-128.927,241.289,-1589.6,OK,-130.116,317.562,-1587.09,,365854240,Port:3,0,1773323170,668828405,Missing,,,,,,,,,4,Missing,,,,Missing,,,,Missing,,,,Missing,,,,,365854240,Port:65535,0,1773323170,668828405,Missing,,,,,,,,,0
4,,365854243,3,Port:1,0,1773323170,718828405,50000000,Enabled,0.661037,0.146234,-0.672106,0.299865,-5.94128,180.116,-1772.82,0.164721,4,OK,-5.8493,179.987,-1772.7,OK,-55.8971,177.816,-1776.71,OK,-76.3894,127.706,-1768.03,OK,-12.0252,121.654,-1761.44,,365854243,Port:2,0,1773323170,718828405,Enabled,0.930131,0.0311521,0.0355448,0.364173,-87.4029,271.242,-1592.37,0.140408,3,OK,-87.2339,271.311,-1592.38,OK,-128.929,241.302,-1589.63,OK,-130.113,317.563,-1587.06,,365854243,Port:3,0,1773323170,718828405,Missing,,,,,,,,,4,Missing,,,,Missing,,,,Missing,,,,Missing,,,,,365854243,Port:65535,0,1773323170,718828405,Missing,,,,,,,,,0
4,,365854246,3,Port:1,0,1773323170,768828405,50000000,Enabled,0.661612,0.145336,-0.671666,0.30002,-6.05697,180.029,-1772.88,0.149368,4,OK,-5.96775,179.894,-1772.8,OK,-56.0196,177.777,-1776.68,OK,-76.562,127.72,-1767.97,OK,-12.2027,121.6,-1761.35,,365854246,Port:2,0,1773323170,768828405,Enabled,0.930136,0.0309729,0.0356353,0.364166,-87.4066,271.241,-1592.36,0.144267,3,OK,-87.2307,271.307,-1592.38,OK,-128.935,241.298,-1589.61,OK,-130.121,317.571,-1587.08,,365854246,Port:3,0,1773323170,768828405,Missing,,,,,,,,,4,Missing,,,,Missing,,,,Missing,,,,Missing,,,,,365854246,Port:65535,0,1773323170,768828405,Missing,,,,,,,,,0
4,,365854249,3,Port:1,0,1773323170,818828405,50000000,Enabled,0.659517,0.148441,-0.671994,0.302368,-7.57305,179.754,-1772.59,0.143491,4,OK,-7.48739,179.624,-1772.5,OK,-57.4989,177.097,-1776.5,OK,-77.6435,126.834,-1767.91,OK,-13.2531,121.25,-1761.18,,365854249,Port:2,0,1773323170,818828405,Enabled,0.930158,0.0308392,0.0353067,0.364154,-87.3984,271.233,-1592.33,0.141029,3,OK,-87.2278,271.3,-1592.35,OK,-128.928,241.294,-1589.61,OK,-130.111,317.561,-1587.08,,365854249,Port:3,0,1773323170,818828405,Missing,,,,,,,,,4,Missing,,,,Missing,,,,Missing,,,,Missing,,,,,365854249,Port:65535,0,1773323170,818828405,Missing,,,,,,,,,0
4,,365854252,3,Port:1,0,1773323170,868828405,50000000,Enabled,0.660061,0.1574,-0.666982,0.307701,-10.9165,179.305,-1772.02,0.150244,4,OK,-10.8244,179.167,-1771.94,OK,-60.8328,175.64,-1775.37,OK,-79.8509,124.983,-1766.65,OK,-15.2678,120.685,-1760.63,,365854252,Port:2,0,1773323170,868828405,Enabled,0.930124,0.0311076,0.0355581,0.364195,-87.4028,271.242,-1592.36,0.141652,3,OK,-87.2313,271.31,-1592.37,OK,-128.928,241.299,-1589.62,OK,-130.117,317.563,-1587.06,,365854252,Port:3,0,1773323170,868828405,Missing,,,,,,,,,4,Missing,,,,Missing,,,,Missing,,,,Missing,,,,,365854252,Port:65535,0,1773323170,868828405,Missing,,,,,,,,,0
4,,365854255,3,Port:1,0,1773323170,918828406,50000001,Enabled,0.662337,0.173228,-0.657428,0.314786,-16.1045,178.459,-1770.46,0.150168,4,OK,-16.011,178.322,-1770.37,OK,-65.9293,173.215,-1772.69,OK,-83.1206,121.913,-1763.77,OK,-18.3204,119.684,-1759.29,,365854255,Port:2,0,1773323170,918828406,Enabled,0.930159,0.030899,0.0351569,0.364161,-87.4026,271.239,-1592.34,0.144025,3,OK,-87.2277,271.307,-1592.36,OK,-128.936,241.299,-1589.64,OK,-130.118,317.567,-1587.09,,365854255,Port:3,0,1773323170,918828406,Missing,,,,,,,,,4,Missing,,,,Missing,,,,Missing,,,,Missing,,,,,365854255,Port:65535,0,1773323170,918828406,Missing,,,,,,,,,0
4,,365854258,3,Port:1,0,1773323170,968828406,50000000,Enabled,0.664316,0.195382,-0.644601,0.324037,-22.7445,176.933,-1768.3,0.148135,4,OK,-22.6488,176.793,-1768.22,OK,-72.3263,169.484,-1769.07,OK,-86.9517,117.402,-1760.12,OK,-21.9989,118.04,-1757.6,,365854258,Port:2,0,1773323170,968828406,Enabled,0.930127,0.030978,0.0353667,0.364215,-87.4071,271.242,-1592.38,0.144278,3,OK,-87.2328,271.312,-1592.39,OK,-128.935,241.296,-1589.65,OK,-130.125,317.564,-1587.1,,365854258,Port:3,0,1773323170,968828406,Missing,,,,,,,,,4,Missing,,,,Missing,,,,Missing,,,,Missing,,,,,365854258,Port:65535,0,1773323170,968828406,Missing,,,,,,,,,0
4,,365854261,3,Port:1,0,1773323171,18828406,50000000,Enabled,0.667536,0.221343,-0.627395,0.334332,-29.8917,174.776,-1765.26,0.13315,4,OK,-29.7953,174.646,-1765.24,OK,-79.0019,164.768,-1764.07,OK,-90.5721,111.927,-1755.18,OK,-25.6764,115.916,-1755.14,,365854261,Port:2,0,1773323171,18828406,Enabled,0.930152,0.0308966,0.0350773,0.364188,-87.3978,271.239,-1592.32,0.144398,3,OK,-87.2229,271.306,-1592.34,OK,-128.929,241.294,-1589.62,OK,-130.117,317.567,-1587.07,,365854261,Port:3,0,1773323171,18828406,Missing,,,,,,,,,4,Missing,,,,Missing,,,,Missing,,,,Missing,,,,,365854261,Port:65535,0,1773323171,18828406,Missing,,,,,,,,,0
4,,365854264,3,Port:1,0,1773323171,68828406,50000000,Enabled,0.67114,0.24843,-0.608501,0.342901,-36.8548,172.071,-1761.49,0.146815,4,OK,-36.7629,171.925,-1761.52,OK,-85.2941,159.545,-1758.22,OK,-93.737,106.081,-1749.58,OK,-29.1756,113.409,-1752.25,,365854264,Port:2,0,1773323171,68828406,Enabled,0.930153,0.0307998,0.0350189,0.364197,-87.4007,271.241,-1592.33,0.142067,3,OK,-87.2293,271.308,-1592.34,OK,-128.93,241.295,-1589.64,OK,-130.12,317.57,-1587.1,,365854264,Port:3,0,1773323171,68828406,Missing,,,,,,,,,4,Missing,,,,Missing,,,,Missing,,,,Missing,,,,,365854264,Port:65535,0,1773323171,68828406,Missing,,,,,,,,,0
4,,365854267,3,Port:1,0,1773323171,118828406,50000000,Enabled,0.673345,0.271367,-0.590718,0.352162,-43.3498,168.804,-1758.05,0.132558,4,OK,-43.2539,168.667,-1758.05,OK,-90.9603,153.962,-1753.1,OK,-96.5499,100.095,-1744.45,OK,-32.5572,110.539,-1749.55,,365854267,Port:2,0,1773323171,118828406,Enabled,0.930172,0.0303665,0.0350156,0.364186,-87.3999,271.233,-1592.31,0.139182,3,OK,-87.2307,271.297,-1592.32,OK,-128.927,241.293,-1589.6,OK,-130.122,317.565,-1587.12,,365854267,Port:3,0,1773323171,118828406,Missing,,,,,,,,,4,Missing,,,,Missing,,,,Missing,,,,Missing,,,,,365854267,Port:65535,0,1773323171,118828406,Missing,,,,,,,,,0
4,,365854270,3,Port:1,0,1773323171,168828406,50000000,Enabled,0.672704,0.291389,-0.578143,0.358208,-48.4781,165.63,-1754.4,0.13721,4,OK,-48.3756,165.492,-1754.42,OK,-95.322,148.882,-1748.35,OK,-98.5832,94.739,-1740.21,OK,-35.1934,107.752,-1746.88,,365854270,Port:2,0,1773323171,168828406,Enabled,0.930169,0.0307008,0.0351589,0.364151,-87.4007,271.239,-1592.33,0.142101,3,OK,-87.2279,271.304,-1592.34,OK,-128.931,241.299,-1589.62,OK,-130.117,317.574,-1587.1,,365854270,Port:3,0,1773323171,168828406,Missing,,,,,,,,,4,Missing,,,,Missing,,,,Missing,,,,Missing,,,,,365854270,Port:65535,0,1773323171,168828406,Missing,,,,,,,,,0
4,,365854273,3,Port:1,0,1773323171,218828406,50000000,Enabled,0.673232,0.309431,-0.56733,0.359372,-52.0184,162.878,-1750.52,0.144027,4,OK,-51.8971,162.734,-1750.53,OK,-98.1996,144.724,-1743.46,OK,-99.7008,90.3728,-1736.04,OK,-36.908,105.313,-1744.25,,365854273,Port:2,0,1773323171,218828406,Enabled,0.930173,0.0310525,0.0347335,0.364154,-87.3993,271.24,-1592.34,0.143562,3,OK,-87.223,271.305,-1592.35,OK,-128.935,241.303,-1589.68,OK,-130.118,317.569,-1587.09,,365854273,Port:3,0,1773323171,218828406,Missing,,,,,,,,,4,Missing,,,,Missing,,,,Missing,,,,Missing,,,,,365854273,Port:65535,0,1773323171,218828406,Missing,,,,,,,,,0
4,,365854276,3,Port:1,0,1773323171,268828406,50000000,Enabled,0.673292,0.324237,-0.556662,0.362871,-55.3281,160.285,-1747.53,0.145033,4,OK,-55.216,160.127,-1747.53,OK,-100.807,140.787,-1739.61,OK,-100.614,86.3655,-1732.58,OK,-38.4656,103.123,-1742.13,,365854276,Port:2,0,1773323171,268828406,Enabled,0.930107,0.0308416,0.0356918,0.364247,-87.4037,271.246,-1592.36,0.144218,3,OK,-87.2307,271.316,-1592.38,OK,-128.927,241.293,-1589.6,OK,-130.123,317.568,-1587.09,,365854276,Port:3,0,1773323171,268828406,Missing,,,,,,,,,4,Missing,,,,Missing,,,,Missing,,,,Missing,,,,,365854276,Port:65535,0,1773323171,268828406,Missing,,,,,,,,,0
4,,365854279,3,Port:1,0,1773323171,318828406,50000000,Enabled,0.671682,0.338523,-0.547918,0.366103,-58.6184,157.885,-1744.83,0.14701,4,OK,-58.5146,157.714,-1744.83,OK,-103.394,137.082,-1736.29,OK,-101.605,82.6247,-1729.84,OK,-40.1208,101.152,-1740.34,,365854279,Port:2,0,1773323171,318828406,Enabled,0.930137,0.0310799,0.0354988,0.364169,-87.4071,271.244,-1592.39,0.144487,3,OK,-87.2326,271.314,-1592.4,OK,-128.938,241.303,-1589.65,OK,-130.119,317.566,-1587.1,,365854279,Port:3,0,1773323171,318828406,Missing,,,,,,,,,4,Missing,,,,Missing,,,,Missing,,,,Missing,,,,,365854279,Port:65535,0,1773323171,318828406,Missing,,,,,,,,,0
4,,365854282,3,Port:1,0,1773323171,368828406,50000000,Enabled,0.671133,0.347582,-0.541225,0.368569,-60.9417,156.156,-1742.94,0.149035,4,OK,-60.8197,155.995,-1742.95,OK,-105.23,134.503,-1733.9,OK,-102.348,80.0464,-1727.77,OK,-41.3622,99.7478,-1738.97,,365854282,Port:2,0,1773323171,368828406,Enabled,0.930126,0.0310826,0.0353885,0.364206,-87.4052,271.239,-1592.37,0.141313,3,OK,-87.2358,271.308,-1592.38,OK,-128.93,241.292,-1589.64,OK,-130.12,317.563,-1587.08,,365854282,Port:3,0,1773323171,368828406,Missing,,,,,,,,,4,Missing,,,,Missing,,,,Missing,,,,Missing,,,,,365854282,Port:65535,0,1773323171,368828406,Missing,,,,,,,,,0
4,,365854285,3,Port:1,0,1773323171,418828406,50000000,Enabled,0.671191,0.355429,-0.53434,0.371015,-62.8782,154.666,-1741.53,0.160499,4,OK,-62.7475,154.509,-1741.57,OK,-106.664,132.253,-1731.92,OK,-102.842,77.8266,-1726.05,OK,-42.3131,98.5996,-1737.96,,365854285,Port:2,0,1773323171,418828406,Enabled,0.930178,0.0309448,0.0349055,0.364133,-87.4024,271.233,-1592.32,0.142457,3,OK,-87.2302,271.302,-1592.33,OK,-128.938,241.297,-1589.64,OK,-130.115,317.561,-1587.07,,365854285,Port:3,0,1773323171,418828406,Missing,,,,,,,,,4,Missing,,,,Missing,,,,Missing,,,,Missing,,,,,365854285,Port:65535,0,1773323171,418828406,Missing,,,,,,,,,0
4,,365854288,3,Port:1,0,1773323171,468828406,50000000,Enabled,0.670287,0.361385,-0.530469,0.37245,-64.2681,153.401,-1740.16,0.16787,4,OK,-64.1366,153.251,-1740.24,OK,-107.727,130.44,-1730.28,OK,-103.207,76.0349,-1724.74,OK,-43.0114,97.5519,-1736.97,,365854288,Port:2,0,1773323171,468828406,Enabled,0.930143,0.0309748,0.0354256,0.364171,-87.4071,271.24,-1592.34,0.138411,3,OK,-87.2388,271.306,-1592.35,OK,-128.932,241.303,-1589.61,OK,-130.121,317.565,-1587.07,,365854288,Port:3,0,1773323171,468828406,Missing,,,,,,,,,4,Missing,,,,Missing,,,,Missing,,,,Missing,,,,,365854288,Port:65535,0,1773323171,468828406,Missing,,,,,,,,,0
4,,365854291,3,Port:1,0,1773323171,518828406,50000000,Enabled,0.669427,0.367727,-0.525284,0.375128,-65.9293,151.961,-1738.89,0.169023,4,OK,-65.8096,151.819,-1738.99,OK,-108.954,128.34,-1728.66,OK,-103.584,74.0045,-1723.33,OK,-43.8222,96.4084,-1736.01,,365854291,Port:2,0,1773323171,518828406,Enabled,0.930129,0.0310619,0.035636,0.364177,-87.4025,271.238,-1592.35,0.143,3,OK,-87.2314,271.31,-1592.37,OK,-128.93,241.294,-1589.6,OK,-130.112,317.56,-1587.06,,365854291,Port:3,0,1773323171,518828406,Missing,,,,,,,,,4,Missing,,,,Missing,,,,Missing,,,,Missing,,,,,365854291,Port:65535,0,1773323171,518828406,Missing,,,,,,,,,0
4,,365854294,3,Port:1,0,1773323171,568828406,50000000,Enabled,0.668326,0.374823,-0.520634,0.376548,-67.6201,150.42,-1737.33,0.157224,4,OK,-67.4814,150.268,-1737.37,OK,-110.236,126.174,-1726.9,OK,-104.069,71.8559,-1721.79,OK,-44.7359,95.1779,-1735,,365854294,Port:2,0,1773323171,568828406,Enabled,0.930156,0.0308345,0.0352542,0.364165,-87.4049,271.238,-1592.35,0.144302,3,OK,-87.2317,271.309,-1592.37,OK,-128.937,241.294,-1589.63,OK,-130.119,317.568,-1587.1,,365854294,Port:3,0,1773323171,568828406,Missing,,,,,,,,,4,Missing,,,,Missing,,,,Missing,,,,Missing,,,,,365854294,Port:65535,0,1773323171,568828406,Missing,,,,,,,,,0
4,,365854297,3,Port:1,0,1773323171,618828406,50000000,Enabled,0.667302,0.381787,-0.515124,0.378938,-69.2519,148.849,-1735.88,0.164096,4,OK,-69.1168,148.701,-1735.95,OK,-111.385,123.91,-1725.08,OK,-104.337,69.6949,-1720.29,OK,-45.4988,93.9526,-1733.95,,365854297,Port:2,0,1773323171,618828406,Enabled,0.930107,0.0311467,0.03585,0.364205,-87.4061,271.245,-1592.39,0.142173,3,OK,-87.2354,271.313,-1592.4,OK,-128.928,241.295,-1589.62,OK,-130.119,317.57,-1587.07,,365854297,Port:3,0,1773323171,618828406,Missing,,,,,,,,,4,Missing,,,,Missing,,,,Missing,,,,Missing,,,,,365854297,Port:65535,0,1773323171,618828406,Missing,,,,,,,,,0
4,,365854300,3,Port:1,0,1773323171,668828406,50000000,Enabled,0.666877,0.388196,-0.510022,0.380075,-70.579,147.472,-1734.41,0.153819,4,OK,-70.4506,147.332,-1734.47,OK,-112.277,121.973,-1723.29,OK,-104.518,67.8342,-1718.76,OK,-46.1404,92.8582,-1732.94,,365854300,Port:2,0,1773323171,668828406,Enabled,0.930167,0.0309031,0.0350207,0.364154,-87.4014,271.237,-1592.32,0.140203,3,OK,-87.2292,271.3,-1592.34,OK,-128.932,241.302,-1589.63,OK,-130.118,317.565,-1587.07,,365854300,Port:3,0,1773323171,668828406,Missing,,,,,,,,,4,Missing,,,,Missing,,,,Missing,,,,Missing,,,,,365854300,Port:65535,0,1773323171,668828406,Missing,,,,,,,,,0
4,,365854303,3,Port:1,0,1773323171,718828406,50000000,Enabled,0.665651,0.393581,-0.505723,0.382423,-71.9791,146.053,-1733.22,0.177631,4,OK,-71.8494,145.916,-1733.33,OK,-113.262,119.991,-1721.83,OK,-104.803,65.9327,-1717.57,OK,-46.8155,91.7673,-1732.02,,365854303,Port:2,0,1773323171,718828406,Enabled,0.930144,0.0311083,0.0351129,0.364186,-87.4045,271.245,-1592.36,0.140459,3,OK,-87.2339,271.311,-1592.37,OK,-128.933,241.304,-1589.66,OK,-130.121,317.569,-1587.08,,365854303,Port:3,0,1773323171,718828406,Missing,,,,,,,,,4,Missing,,,,Missing,,,,Missing,,,,Missing,,,,,365854303,Port:65535,0,1773323171,718828406,Missing,,,,,,,,,0
4,,365854306,3,Port:1,0,1773323171,768828406,50000000,Enabled,0.664549,0.400898,-0.499942,0.384335,-73.6691,144.473,-1731.72,0.170517,4,OK,-73.5373,144.326,-1731.81,OK,-114.433,117.736,-1720.02,OK,-105.079,63.806,-1716.06,OK,-47.6722,90.5735,-1731.03,,365854306,Port:2,0,1773323171,768828406,Enabled,0.930121,0.0309994,0.035678,0.364199,-87.4037,271.238,-1592.36,0.14151,3,OK,-87.2339,271.308,-1592.37,OK,-128.928,241.293,-1589.6,OK,-130.116,317.559,-1587.07,,365854306,Port:3,0,1773323171,768828406,Missing,,,,,,,,,4,Missing,,,,Missing,,,,Missing,,,,Missing,,,,,365854306,Port:65535,0,1773323171,768828406,Missing,,,,,,,,,0
4,,365854309,3,Port:1,0,1773323171,818828406,50000000,Enabled,0.66298,0.408717,-0.494004,0.386481,-75.4654,142.62,-1729.99,0.162861,4,OK,-75.3183,142.494,-1730.07,OK,-115.661,115.147,-1718.02,OK,-105.363,61.3508,-1714.39,OK,-48.5753,89.1578,-1729.87,,365854309,Port:2,0,1773323171,818828406,Enabled,0.930114,0.0311102,0.0355338,0.364223,-87.4019,271.243,-1592.36,0.140725,3,OK,-87.234,271.316,-1592.37,OK,-128.926,241.298,-1589.62,OK,-130.115,317.558,-1587.06,,365854309,Port:3,0,1773323171,818828406,Missing,,,,,,,,,4,Missing,,,,Missing,,,,Missing,,,,Missing,,,,,365854309,Port:65535,0,1773323171,818828406,Missing,,,,,,,,,0
4,,365854312,3,Port:1,0,1773323171,868828406,50000000,Enabled,0.661815,0.418758,-0.484177,0.390149,-78.0277,140.137,-1727.92,0.170412,4,OK,-77.8769,140.005,-1728.02,OK,-117.357,111.687,-1715.37,OK,-105.734,58.1334,-1712.09,OK,-49.8741,87.338,-1728.42,,365854312,Port:2,0,1773323171,868828406,Enabled,0.930173,0.0310473,0.0347927,0.364148,-87.3999,271.24,-1592.32,0.141487,3,OK,-87.2273,271.304,-1592.33,OK,-128.933,241.302,-1589.65,OK,-130.116,317.57,-1587.07,,365854312,Port:3,0,1773323171,868828406,Missing,,,,,,,,,4,Missing,,,,Missing,,,,Missing,,,,Missing,,,,,365854312,Port:65535,0,1773323171,868828406,Missing,,,,,,,,,0
4,,365854315,3,Port:1,0,1773323171,918828403,49999997,Enabled,0.65783,0.431553,-0.474652,0.394622,-80.7465,136.963,-1725.24,0.201795,4,OK,-80.5916,136.811,-1725.38,OK,-119.027,107.265,-1712.3,OK,-105.795,54.0589,-1709.76,OK,-51.0712,85.0385,-1726.58,,365854315,Port:2,0,1773323171,918828403,Enabled,0.930153,0.0309512,0.0353239,0.364156,-87.4019,271.236,-1592.35,0.142847,3,OK,-87.2271,271.301,-1592.36,OK,-128.933,241.298,-1589.63,OK,-130.117,317.563,-1587.08,,365854315,Port:3,0,1773323171,918828403,Missing,,,,,,,,,4,Missing,,,,Missing,,,,Missing,,,,Missing,,,,,365854315,Port:65535,0,1773323171,918828403,Missing,,,,,,,,,0
4,,365854318,3,Port:1,0,1773323171,968828403,50000000,Enabled,0.655363,0.442907,-0.465675,0.396837,-82.8151,134.03,-1722.63,0.197297,4,OK,-82.6527,133.878,-1722.76,OK,-120.183,103.347,-1709.32,OK,-105.653,50.4472,-1707.4,OK,-51.9678,82.8263,-1724.89,,365854318,Port:2,0,1773323171,968828403,Enabled,0.930144,0.0308498,0.0353032,0.364189,-87.4008,271.245,-1592.34,0.141377,3,OK,-87.2287,271.31,-1592.36,OK,-128.927,241.302,-1589.62,OK,-130.119,317.574,-1587.09,,365854318,Port:3,0,1773323171,968828403,Missing,,,,,,,,,4,Missing,,,,Missing,,,,Missing,,,,Missing,,,,,365854318,Port:65535,0,1773323171,968828403,Missing,,,,,,,,,0
4,,365854321,3,Port:1,0,1773323172,18828403,50000000,Enabled,0.652919,0.452874,-0.458211,0.398302,-84.2885,131.318,-1720.1,0.212628,4,OK,-84.1262,131.171,-1720.26,OK,-120.853,99.8014,-1706.47,OK,-105.253,47.1821,-1705.25,OK,-52.4769,80.7513,-1723.17,,365854321,Port:2,0,1773323172,18828403,Enabled,0.930094,0.0311102,0.0360236,0.364226,-87.4059,271.246,-1592.41,0.144689,3,OK,-87.2325,271.317,-1592.42,OK,-128.929,241.295,-1589.62,OK,-130.119,317.566,-1587.09,,365854321,Port:3,0,1773323172,18828403,Missing,,,,,,,,,4,Missing,,,,Missing,,,,Missing,,,,Missing,,,,,365854321,Port:65535,0,1773323172,18828403,Missing,,,,,,,,,0
4,,365854324,3,Port:1,0,1773323172,68828403,50000000,Enabled,0.650846,0.462094,-0.449862,0.400615,-85.7495,128.608,-1717.81,0.230738,4,OK,-85.5873,128.465,-1718,OK,-121.461,96.2776,-1703.8,OK,-104.762,43.9752,-1703.13,OK,-52.9383,78.7289,-1721.59,,365854324,Port:2,0,1773323172,68828403,Enabled,0.930161,0.0311138,0.0350243,0.364152,-87.4031,271.234,-1592.34,0.143484,3,OK,-87.2287,271.302,-1592.35,OK,-128.938,241.297,-1589.65,OK,-130.116,317.557,-1587.07,,365854324,Port:3,0,1773323172,68828403,Missing,,,,,,,,,4,Missing,,,,Missing,,,,Missing,,,,Missing,,,,,365854324,Port:65535,0,1773323172,68828403,Missing,,,,,,,,,0
4,,365854327,3,Port:1,0,1773323172,118828403,50000000,Enabled,0.648634,0.471491,-0.441459,0.402597,-87.2622,125.865,-1715.41,0.207115,4,OK,-87.0887,125.732,-1715.57,OK,-122.101,92.7234,-1701.13,OK,-104.317,40.769,-1700.92,OK,-53.4946,76.7014,-1720,,365854327,Port:2,0,1773323172,118828403,Enabled,0.930124,0.0310355,0.0354066,0.364216,-87.4039,271.252,-1592.37,0.143352,3,OK,-87.2299,271.319,-1592.39,OK,-128.931,241.306,-1589.64,OK,-130.122,317.574,-1587.09,,365854327,Port:3,0,1773323172,118828403,Missing,,,,,,,,,4,Missing,,,,Missing,,,,Missing,,,,Missing,,,,,365854327,Port:65535,0,1773323172,118828403,Missing,,,,,,,,,0
4,,365854330,3,Port:1,0,1773323172,168828403,50000000,Enabled,0.645774,0.481552,-0.432837,0.404642,-88.9173,122.959,-1712.94,0.238855,4,OK,-88.7366,122.833,-1713.14,OK,-122.794,88.9536,-1698.33,OK,-103.899,37.4011,-1698.84,OK,-54.1564,74.5993,-1718.34,,365854330,Port:2,0,1773323172,168828403,Enabled,0.930147,0.0310986,0.0352289,0.364168,-87.4015,271.242,-1592.34,0.141126,3,OK,-87.2297,271.309,-1592.36,OK,-128.931,241.304,-1589.63,OK,-130.116,317.566,-1587.06,,365854330,Port:3,0,1773323172,168828403,Missing,,,,,,,,,4,Missing,,,,Missing,,,,Missing,,,,Missing,,,,,365854330,Port:65535,0,1773323172,168828403,Missing,,,,,,,,,0
4,,365854333,3,Port:1,0,1773323172,218828403,50000000,Enabled,0.642788,0.492494,-0.422583,0.407058,-90.6039,119.846,-1710.34,0.237891,4,OK,-90.427,119.735,-1710.55,OK,-123.378,84.9151,-1695.38,OK,-103.206,33.8541,-1696.58,OK,-54.7436,72.3927,-1716.67,,365854333,Port:2,0,1773323172,218828403,Enabled,0.930152,0.0309842,0.0351791,0.364169,-87.3986,271.234,-1592.33,0.139634,3,OK,-87.2302,271.3,-1592.34,OK,-128.926,241.291,-1589.62,OK,-130.113,317.563,-1587.06,,365854333,Port:3,0,1773323172,218828403,Missing,,,,,,,,,4,Missing,,,,Missing,,,,Missing,,,,Missing,,,,,365854333,Port:65535,0,1773323172,218828403,Missing,,,,,,,,,0
4,,365854336,3,Port:1,0,1773323172,268828403,50000000,Enabled,0.640591,0.502626,-0.411828,0.409155,-91.9998,116.866,-1707.79,0.21898,4,OK,-91.8102,116.749,-1707.96,OK,-123.679,81.1192,-1692.45,OK,-102.296,30.531,-1694.19,OK,-55.1696,70.3066,-1715.02,,365854336,Port:2,0,1773323172,268828403,Enabled,0.930177,0.0306447,0.0349352,0.364158,-87.4029,271.239,-1592.33,0.139925,3,OK,-87.2334,271.303,-1592.35,OK,-128.932,241.298,-1589.64,OK,-130.121,317.576,-1587.12,,365854336,Port:3,0,1773323172,268828403,Missing,,,,,,,,,4,Missing,,,,Missing,,,,Missing,,,,Missing,,,,,365854336,Port:65535,0,1773323172,268828403,Missing,,,,,,,,,0
4,,365854339,3,Port:1,0,1773323172,318828403,50000000,Enabled,0.638068,0.512676,-0.400693,0.411677,-93.308,113.805,-1705.27,0.230928,4,OK,-93.1153,113.703,-1705.47,OK,-123.802,77.2115,-1689.52,OK,-101.227,27.1839,-1691.89,OK,-55.4824,68.2066,-1713.35,,365854339,Port:2,0,1773323172,318828403,Enabled,0.930153,0.0307969,0.0351779,0.364182,-87.4027,271.24,-1592.34,0.140432,3,OK,-87.2313,271.303,-1592.35,OK,-128.929,241.298,-1589.63,OK,-130.122,317.571,-1587.1,,365854339,Port:3,0,1773323172,318828403,Missing,,,,,,,,,4,Missing,,,,Missing,,,,Missing,,,,Missing,,,,,365854339,Port:65535,0,1773323172,318828403,Missing,,,,,,,,,0
4,,365854342,3,Port:1,0,1773323172,368828403,50000000,Enabled,0.634725,0.524657,-0.388291,0.41363,-94.8608,110.253,-1702.41,0.25614,4,OK,-94.68,110.149,-1702.66,OK,-124.009,72.7327,-1686.23,OK,-100.113,23.3703,-1689.53,OK,-55.9529,65.765,-1711.58,,365854342,Port:2,0,1773323172,368828403,Enabled,0.930123,0.0311969,0.0357127,0.364175,-87.4074,271.242,-1592.39,0.141824,3,OK,-87.2386,271.315,-1592.4,OK,-128.934,241.299,-1589.63,OK,-130.114,317.562,-1587.07,,365854342,Port:3,0,1773323172,368828403,Missing,,,,,,,,,4,Missing,,,,Missing,,,,Missing,,,,Missing,,,,,365854342,Port:65535,0,1773323172,368828403,Missing,,,,,,,,,0
4,,365854345,3,Port:1,0,1773323172,418828403,50000000,Enabled,0.630925,0.536268,-0.378085,0.414007,-95.9354,106.562,-1699.33,0.242196,4,OK,-95.7488,106.466,-1699.55,OK,-123.906,68.2055,-1683.01,OK,-98.9265,19.4518,-1687.21,OK,-56.1645,63.1019,-1709.73,,365854345,Port:2,0,1773323172,418828403,Enabled,0.930089,0.0311569,0.0358878,0.364246,-87.4047,271.256,-1592.4,0.14322,3,OK,-87.2343,271.327,-1592.41,OK,-128.926,241.301,-1589.63,OK,-130.119,317.575,-1587.08,,365854345,Port:3,0,1773323172,418828403,Missing,,,,,,,,,4,Missing,,,,Missing,,,,Missing,,,,Missing,,,,,365854345,Port:65535,0,1773323172,418828403,Missing,,,,,,,,,0
4,,365854348,3,Port:1,0,1773323172,468828403,50000000,Enabled,0.628234,0.545113,-0.368391,0.415286,-96.3489,103.238,-1696.47,0.244173,4,OK,-96.1542,103.152,-1696.69,OK,-123.234,64.2285,-1679.9,OK,-97.3181,16.0091,-1684.75,OK,-55.8787,60.6809,-1707.72,,365854348,Port:2,0,1773323172,468828403,Enabled,0.930105,0.0309341,0.0358426,0.36423,-87.4057,271.241,-1592.37,0.140527,3,OK,-87.2382,271.311,-1592.38,OK,-128.925,241.29,-1589.59,OK,-130.12,317.563,-1587.08,,365854348,Port:3,0,1773323172,468828403,Missing,,,,,,,,,4,Missing,,,,Missing,,,,Missing,,,,Missing,,,,,365854348,Port:65535,0,1773323172,468828403,Missing,,,,,,,,,0
4,,365854351,3,Port:1,0,1773323172,518828403,50000000,Enabled,0.624929,0.553162,-0.363586,0.413862,-96.3386,100.497,-1693.96,0.255874,4,OK,-96.1583,100.407,-1694.21,OK,-122.565,60.993,-1677.47,OK,-96.1095,13.1635,-1683.21,OK,-55.4753,58.5411,-1706.14,,365854351,Port:2,0,1773323172,518828403,Enabled,0.930182,0.0306707,0.0350007,0.364136,-87.4021,271.231,-1592.31,0.139196,3,OK,-87.2336,271.298,-1592.33,OK,-128.933,241.296,-1589.61,OK,-130.116,317.563,-1587.09,,365854351,Port:3,0,1773323172,518828403,Missing,,,,,,,,,4,Missing,,,,Missing,,,,Missing,,,,Missing,,,,,365854351,Port:65535,0,1773323172,518828403,Missing,,,,,,,,,0
4,,365854354,3,Port:1,0,1773323172,568828403,50000000,Enabled,0.623342,0.557493,-0.358976,0.414467,-96.3518,98.3622,-1692.26,0.24852,4,OK,-96.1479,98.2977,-1692.49,OK,-122.037,58.5123,-1675.73,OK,-95.1573,10.9867,-1681.73,OK,-55.1679,56.8907,-1704.89,,365854354,Port:2,0,1773323172,568828403,Enabled,0.930121,0.0311189,0.0354397,0.364213,-87.4033,271.251,-1592.36,0.142875,3,OK,-87.2305,271.32,-1592.37,OK,-128.93,241.306,-1589.63,OK,-130.12,317.571,-1587.07,,365854354,Port:3,0,1773323172,568828403,Missing,,,,,,,,,4,Missing,,,,Missing,,,,Missing,,,,Missing,,,,,365854354,Port:65535,0,1773323172,568828403,Missing,,,,,,,,,0
4,,365854357,3,Port:1,0,1773323172,618828403,50000000,Enabled,0.620237,0.56399,-0.355424,0.413394,-96.3971,96.3206,-1690.43,0.269385,4,OK,-96.2084,96.2346,-1690.7,OK,-121.531,56.0952,-1674,OK,-94.2217,8.89312,-1680.79,OK,-54.9495,55.3483,-1703.76,,365854357,Port:2,0,1773323172,618828403,Enabled,0.930156,0.0310451,0.0349622,0.364176,-87.404,271.237,-1592.33,0.141933,3,OK,-87.2322,271.304,-1592.34,OK,-128.935,241.296,-1589.65,OK,-130.12,317.561,-1587.07,,365854357,Port:3,0,1773323172,618828403,Missing,,,,,,,,,4,Missing,,,,Missing,,,,Missing,,,,Missing,,,,,365854357,Port:65535,0,1773323172,618828403,Missing,,,,,,,,,0
4,,365854360,3,Port:1,0,1773323172,668828403,50000000,Enabled,0.617679,0.569679,-0.352657,0.41179,-96.4173,94.5132,-1688.75,0.259985,4,OK,-96.2299,94.4372,-1689.01,OK,-121.138,53.9539,-1672.48,OK,-93.5353,7.02306,-1679.88,OK,-54.7636,53.966,-1702.79,,365854360,Port:2,0,1773323172,668828403,Enabled,0.930113,0.0311834,0.0357935,0.364192,-87.409,271.24,-1592.39,0.144291,3,OK,-87.2351,271.311,-1592.41,OK,-128.936,241.296,-1589.63,OK,-130.12,317.56,-1587.08,,365854360,Port:3,0,1773323172,668828403,Missing,,,,,,,,,4,Missing,,,,Missing,,,,Missing,,,,Missing,,,,,365854360,Port:65535,0,1773323172,668828403,Missing,,,,,,,,,0
4,,365854363,3,Port:1,0,1773323172,718828403,50000000,Enabled,0.616654,0.575175,-0.347098,0.410409,-96.419,92.8829,-1687.12,0.280208,4,OK,-96.2125,92.8112,-1687.41,OK,-120.579,52.0098,-1670.72,OK,-92.6203,5.37759,-1678.68,OK,-54.5587,52.8105,-1701.86,,365854363,Port:2,0,1773323172,718828403,Enabled,0.930126,0.0309327,0.0356691,0.364193,-87.4029,271.247,-1592.38,0.145129,3,OK,-87.2279,271.318,-1592.39,OK,-128.932,241.303,-1589.62,OK,-130.117,317.568,-1587.09,,365854363,Port:3,0,1773323172,718828403,Missing,,,,,,,,,4,Missing,,,,Missing,,,,Missing,,,,Missing,,,,,365854363,Port:65535,0,1773323172,718828403,Missing,,,,,,,,,0
4,,365854366,3,Port:1,0,1773323172,768828403,50000000,Enabled,0.614956,0.579192,-0.346087,0.408153,-96.2339,91.7847,-1685.92,0.278869,4,OK,-96.0356,91.7239,-1686.21,OK,-120.198,50.7241,-1669.68,OK,-92.1604,4.23013,-1678.18,OK,-54.3501,51.9248,-1701.21,,365854366,Port:2,0,1773323172,768828403,Enabled,0.930144,0.030723,0.0353143,0.364199,-87.4037,271.236,-1592.32,0.13927,3,OK,-87.2365,271.303,-1592.33,OK,-128.928,241.29,-1589.59,OK,-130.121,317.565,-1587.08,,365854366,Port:3,0,1773323172,768828403,Missing,,,,,,,,,4,Missing,,,,Missing,,,,Missing,,,,Missing,,,,,365854366,Port:65535,0,1773323172,768828403,Missing,,,,,,,,,0
4,,365854369,3,Port:1,0,1773323172,818828403,50000000,Enabled,0.614603,0.580638,-0.344118,0.408295,-96.2229,91.155,-1685.37,0.288905,4,OK,-96.0209,91.0931,-1685.66,OK,-119.976,50.0077,-1669.06,OK,-91.792,3.59828,-1677.69,OK,-54.2538,51.4653,-1700.79,,365854369,Port:2,0,1773323172,818828403,Enabled,0.930167,0.0308984,0.0348139,0.364174,-87.3972,271.241,-1592.31,0.141141,3,OK,-87.226,271.309,-1592.33,OK,-128.93,241.304,-1589.64,OK,-130.114,317.564,-1587.08,,365854369,Port:3,0,1773323172,818828403,Missing,,,,,,,,,4,Missing,,,,Missing,,,,Missing,,,,Missing,,,,,365854369,Port:65535,0,1773323172,818828403,Missing,,,,,,,,,0
4,,365854372,3,Port:1,0,1773323172,868828403,50000000,Enabled,0.613781,0.581252,-0.34714,0.406095,-96.0626,91.2104,-1685.08,0.286429,4,OK,-95.8651,91.1537,-1685.38,OK,-120.041,50.0904,-1669.04,OK,-92.0838,3.60172,-1677.9,OK,-54.2841,51.3813,-1700.68,,365854372,Port:2,0,1773323172,868828403,Enabled,0.930175,0.0308735,0.034689,0.364167,-87.3993,271.243,-1592.32,0.136962,3,OK,-87.2305,271.306,-1592.33,OK,-128.929,241.314,-1589.65,OK,-130.119,317.565,-1587.09,,365854372,Port:3,0,1773323172,868828403,Missing,,,,,,,,,4,Missing,,,,Missing,,,,Missing,,,,Missing,,,,,365854372,Port:65535,0,1773323172,868828403,Missing,,,,,,,,,0
4,,365854375,3,Port:1,0,1773323172,918828407,50000004,Enabled,0.614196,0.579864,-0.349339,0.405566,-96.0676,91.7491,-1685.46,0.289911,4,OK,-95.8694,91.6866,-1685.76,OK,-120.277,50.7332,-1669.48,OK,-92.5085,4.13292,-1678.27,OK,-54.4203,51.7322,-1700.93,,365854375,Port:2,0,1773323172,918828407,Enabled,0.930157,0.0308044,0.0350147,0.364189,-87.4076,271.238,-1592.33,0.142546,3,OK,-87.2353,271.304,-1592.35,OK,-128.938,241.293,-1589.64,OK,-130.127,317.568,-1587.1,,365854375,Port:3,0,1773323172,918828407,Missing,,,,,,,,,4,Missing,,,,Missing,,,,Missing,,,,Missing,,,,,365854375,Port:65535,0,1773323172,918828407,Missing,,,,,,,,,0
4,,365854378,3,Port:1,0,1773323172,968828407,50000000,Enabled,0.615168,0.577335,-0.352834,0.404673,-95.9123,92.8627,-1686.18,0.291512,4,OK,-95.7151,92.7956,-1686.48,OK,-120.501,52.0517,-1670.28,OK,-93.0756,5.20811,-1678.9,OK,-54.4982,52.5314,-1701.43,,365854378,Port:2,0,1773323172,968828407,Enabled,0.930145,0.0311084,0.0353077,0.364164,-87.4061,271.247,-1592.38,0.14367,3,OK,-87.2313,271.315,-1592.39,OK,-128.938,241.308,-1589.66,OK,-130.12,317.57,-1587.09,,365854378,Port:3,0,1773323172,968828407,Missing,,,,,,,,,4,Missing,,,,Missing,,,,Missing,,,,Missing,,,,,365854378,Port:65535,0,1773323172,968828407,Missing,,,,,,,,,0
4,,365854381,3,Port:1,0,1773323173,18828407,50000000,Enabled,0.617278,0.571822,-0.35917,0.403714,-95.4867,94.9034,-1687.7,0.267346,4,OK,-95.289,94.8271,-1687.97,OK,-120.807,54.5017,-1671.94,OK,-93.9465,7.25755,-1680.08,OK,-54.5033,53.9282,-1702.44,,365854381,Port:2,0,1773323173,18828407,Enabled,0.930137,0.0307862,0.0352603,0.364217,-87.4,271.243,-1592.32,0.140807,3,OK,-87.2307,271.311,-1592.34,OK,-128.925,241.297,-1589.6,OK,-130.119,317.569,-1587.08,,365854381,Port:3,0,1773323173,18828407,Missing,,,,,,,,,4,Missing,,,,Missing,,,,Missing,,,,Missing,,,,,365854381,Port:65535,0,1773323173,18828407,Missing,,,,,,,,,0
4,,365854384,3,Port:1,0,1773323173,68828407,50000000,Enabled,0.620408,0.563581,-0.368699,0.401908,-94.7072,97.98,-1689.95,0.250428,4,OK,-94.508,97.8912,-1690.19,OK,-121.114,58.2103,-1674.4,OK,-95.1719,10.3643,-1681.89,OK,-54.4111,56.0627,-1703.94,,365854384,Port:2,0,1773323173,68828407,Enabled,0.930157,0.0308832,0.0354655,0.364137,-87.4066,271.239,-1592.37,0.140409,3,OK,-87.2359,271.303,-1592.38,OK,-128.934,241.3,-1589.63,OK,-130.119,317.574,-1587.1,,365854384,Port:3,0,1773323173,68828407,Missing,,,,,,,,,4,Missing,,,,Missing,,,,Missing,,,,Missing,,,,,365854384,Port:65535,0,1773323173,68828407,Missing,,,,,,,,,0
4,,365854387,3,Port:1,0,1773323173,118828407,50000000,Enabled,0.6249,0.548354,-0.38661,0.399174,-93.364,103.118,-1693.94,0.250546,4,OK,-93.1608,103.039,-1694.17,OK,-121.688,64.5085,-1678.86,OK,-97.4378,15.6332,-1685.27,OK,-54.3473,59.5837,-1706.48,,365854387,Port:2,0,1773323173,118828407,Enabled,0.930152,0.0309228,0.0351238,0.36418,-87.4056,271.247,-1592.35,0.141205,3,OK,-87.2342,271.315,-1592.37,OK,-128.935,241.308,-1589.65,OK,-130.122,317.571,-1587.1,,365854387,Port:3,0,1773323173,118828407,Missing,,,,,,,,,4,Missing,,,,Missing,,,,Missing,,,,Missing,,,,,365854387,Port:65535,0,1773323173,118828407,Missing,,,,,,,,,0
4,,365854390,3,Port:1,0,1773323173,168828407,50000000,Enabled,0.62962,0.529839,-0.405734,0.39778,-92.0247,109.071,-1699.03,0.235212,4,OK,-91.8391,108.958,-1699.25,OK,-122.385,71.8585,-1684.49,OK,-99.9551,21.9587,-1689.52,OK,-54.4281,63.818,-1709.77,,365854390,Port:2,0,1773323173,168828407,Enabled,0.930151,0.0308452,0.0352484,0.364178,-87.4063,271.243,-1592.35,0.1426,3,OK,-87.2331,271.309,-1592.36,OK,-128.936,241.301,-1589.63,OK,-130.123,317.571,-1587.09,,365854390,Port:3,0,1773323173,168828407,Missing,,,,,,,,,4,Missing,,,,Missing,,,,Missing,,,,Missing,,,,,365854390,Port:65535,0,1773323173,168828407,Missing,,,,,,,,,0
4,,365854393,3,Port:1,0,1773323173,218828407,50000000,Enabled,0.634026,0.506348,-0.430472,0.39537,-90.5004,115.901,-1705.12,0.234155,4,OK,-90.3254,115.779,-1705.33,OK,-123.345,80.5009,-1691.5,OK,-103.37,29.4551,-1694.97,OK,-54.8702,68.623,-1713.67,,365854393,Port:2,0,1773323173,218828407,Enabled,0.930111,0.0310056,0.0359576,0.364198,-87.4049,271.239,-1592.39,0.142228,3,OK,-87.2325,271.304,-1592.41,OK,-128.926,241.291,-1589.61,OK,-130.119,317.568,-1587.09,,365854393,Port:3,0,1773323173,218828407,Missing,,,,,,,,,4,Missing,,,,Missing,,,,Missing,,,,Missing,,,,,365854393,Port:65535,0,1773323173,218828407,Missing,,,,,,,,,0
4,,365854396,3,Port:1,0,1773323173,268828407,50000000,Enabled,0.637967,0.485882,-0.445889,0.397617,-89.3541,121.897,-1711.29,0.237,4,OK,-89.1798,121.78,-1711.5,OK,-123.816,87.8812,-1698.14,OK,-105.482,36.1494,-1699.95,OK,-55.076,73.2941,-1717.67,,365854396,Port:2,0,1773323173,268828407,Enabled,0.930167,0.0308834,0.035172,0.364142,-87.4049,271.24,-1592.34,0.141259,3,OK,-87.2352,271.307,-1592.35,OK,-128.935,241.297,-1589.63,OK,-130.117,317.575,-1587.08,,365854396,Port:3,0,1773323173,268828407,Missing,,,,,,,,,4,Missing,,,,Missing,,,,Missing,,,,Missing,,,,,365854396,Port:65535,0,1773323173,268828407,Missing,,,,,,,,,0
4,,365854399,3,Port:1,0,1773323173,318828407,50000000,Enabled,0.643323,0.460024,-0.467286,0.395166,-86.6425,128.871,-1717.92,0.210466,4,OK,-86.4832,128.728,-1718.08,OK,-123.303,96.9151,-1705.63,OK,-107.626,44.3182,-1705.69,OK,-54.6733,78.4682,-1722.04,,365854399,Port:2,0,1773323173,318828407,Enabled,0.930108,0.0309136,0.0359485,0.364213,-87.4072,271.247,-1592.39,0.144656,3,OK,-87.235,271.319,-1592.4,OK,-128.931,241.294,-1589.6,OK,-130.12,317.572,-1587.09,,365854399,Port:3,0,1773323173,318828407,Missing,,,,,,,,,4,Missing,,,,Missing,,,,Missing,,,,Missing,,,,,365854399,Port:65535,0,1773323173,318828407,Missing,,,,,,,,,0
4,,365854402,3,Port:1,0,1773323173,368828407,50000000,Enabled,0.646821,0.435895,-0.486804,0.393242,-83.377,135.335,-1724.36,0.197836,4,OK,-83.2202,135.18,-1724.49,OK,-121.91,105.309,-1713.05,OK,-108.682,52.05,-1711.6,OK,-53.6428,83.4672,-1726.41,,365854402,Port:2,0,1773323173,368828407,Enabled,0.930139,0.0309165,0.0357333,0.364156,-87.4052,271.23,-1592.36,0.144586,3,OK,-87.2335,271.303,-1592.37,OK,-128.935,241.284,-1589.59,OK,-130.113,317.559,-1587.08,,365854402,Port:3,0,1773323173,368828407,Missing,,,,,,,,,4,Missing,,,,Missing,,,,Missing,,,,Missing,,,,,365854402,Port:65535,0,1773323173,368828407,Missing,,,,,,,,,0
4,,365854405,3,Port:1,0,1773323173,418828407,50000000,Enabled,0.651012,0.413429,-0.502325,0.391062,-79.9193,141.07,-1730.21,0.185153,4,OK,-79.7713,140.901,-1730.3,OK,-120.013,112.877,-1719.63,OK,-109.068,59.1692,-1716.77,OK,-52.3239,87.9844,-1730.4,,365854405,Port:2,0,1773323173,418828407,Enabled,0.93012,0.0309218,0.0356686,0.36421,-87.4039,271.247,-1592.36,0.142947,3,OK,-87.2311,271.315,-1592.38,OK,-128.929,241.301,-1589.6,OK,-130.12,317.57,-1587.08,,365854405,Port:3,0,1773323173,418828407,Missing,,,,,,,,,4,Missing,,,,Missing,,,,Missing,,,,Missing,,,,,365854405,Port:65535,0,1773323173,418828407,Missing,,,,,,,,,0
4,,365854408,3,Port:1,0,1773323173,468828407,50000000,Enabled,0.653392,0.391658,-0.518011,0.389036,-76.2542,146.031,-1735.51,0.175633,4,OK,-76.1122,145.872,-1735.59,OK,-117.744,119.593,-1725.87,OK,-109.055,65.5658,-1721.79,OK,-50.8012,91.9078,-1733.96,,365854408,Port:2,0,1773323173,468828407,Enabled,0.930113,0.0311109,0.0358931,0.36419,-87.4112,271.245,-1592.4,0.145468,3,OK,-87.2359,271.317,-1592.42,OK,-128.939,241.3,-1589.63,OK,-130.122,317.565,-1587.09,,365854408,Port:3,0,1773323173,468828407,Missing,,,,,,,,,4,Missing,,,,Missing,,,,Missing,,,,Missing,,,,,365854408,Port:65535,0,1773323173,468828407,Missing,,,,,,,,,0
4,,365854411,3,Port:1,0,1773323173,518828407,50000000,Enabled,0.656681,0.369382,-0.533951,0.383697,-71.7204,150.849,-1740.52,0.18144,4,OK,-71.5816,150.679,-1740.6,OK,-114.636,126.431,-1731.82,OK,-108.544,72.1486,-1726.77,OK,-48.794,95.6741,-1737.48,,365854411,Port:2,0,1773323173,518828407,Enabled,0.930124,0.0312362,0.0355269,0.364187,-87.4067,271.238,-1592.38,0.140184,3,OK,-87.2377,271.308,-1592.39,OK,-128.932,241.298,-1589.64,OK,-130.117,317.555,-1587.07,,365854411,Port:3,0,1773323173,518828407,Missing,,,,,,,,,4,Missing,,,,Missing,,,,Missing,,,,Missing,,,,,365854411,Port:65535,0,1773323173,518828407,Missing,,,,,,,,,0
4,,365854414,3,Port:1,0,1773323173,568828407,50000000,Enabled,0.657614,0.350122,-0.547687,0.380785,-67.5564,154.657,-1744.61,0.16506,4,OK,-67.4345,154.48,-1744.65,OK,-111.549,131.885,-1736.93,OK,-107.515,77.4848,-1731.03,OK,-46.7038,98.7388,-1740.25,,365854414,Port:2,0,1773323173,568828407,Enabled,0.930121,0.0308575,0.0357049,0.364208,-87.4101,271.247,-1592.36,0.146242,3,OK,-87.2346,271.319,-1592.38,OK,-128.938,241.299,-1589.6,OK,-130.125,317.571,-1587.09,,365854414,Port:3,0,1773323173,568828407,Missing,,,,,,,,,4,Missing,,,,Missing,,,,Missing,,,,Missing,,,,,365854414,Port:65535,0,1773323173,568828407,Missing,,,,,,,,,0
4,,365854417,3,Port:1,0,1773323173,618828407,50000000,Enabled,0.660824,0.331587,-0.557446,0.377645,-63.7605,157.863,-1748.48,0.154122,4,OK,-63.6449,157.69,-1748.49,OK,-108.642,136.699,-1741.43,OK,-106.579,82.3064,-1734.55,OK,-44.9238,101.35,-1742.83,,365854417,Port:2,0,1773323173,618828407,Enabled,0.930164,0.0306896,0.0349705,0.364183,-87.4017,271.244,-1592.33,0.138069,3,OK,-87.2338,271.308,-1592.35,OK,-128.929,241.305,-1589.64,OK,-130.121,317.572,-1587.11,,365854417,Port:3,0,1773323173,618828407,Missing,,,,,,,,,4,Missing,,,,Missing,,,,Missing,,,,Missing,,,,,365854417,Port:65535,0,1773323173,618828407,Missing,,,,,,,,,0
4,,365854420,3,Port:1,0,1773323173,668828407,50000000,Enabled,0.661345,0.320017,-0.564007,0.376973,-61.2779,159.944,-1751.13,0.149455,4,OK,-61.1711,159.771,-1751.14,OK,-106.651,139.686,-1744.63,OK,-105.715,85.3367,-1737.17,OK,-43.5904,103.148,-1744.63,,365854420,Port:2,0,1773323173,668828407,Enabled,0.93014,0.0309543,0.0354831,0.364175,-87.4073,271.241,-1592.38,0.142216,3,OK,-87.2366,271.311,-1592.39,OK,-128.935,241.298,-1589.64,OK,-130.119,317.567,-1587.1,,365854420,Port:3,0,1773323173,668828407,Missing,,,,,,,,,4,Missing,,,,Missing,,,,Missing,,,,Missing,,,,,365854420,Port:65535,0,1773323173,668828407,Missing,,,,,,,,,0
4,,365854423,3,Port:1,0,1773323173,718828407,50000000,Enabled,0.664212,0.309962,-0.567575,0.374973,-58.8924,161.574,-1753.07,0.154651,4,OK,-58.7978,161.392,-1753.08,OK,-104.676,142.213,-1746.7,OK,-104.81,87.9584,-1738.71,OK,-42.2981,104.532,-1745.84,,365854423,Port:2,0,1773323173,718828407,Enabled,0.930185,0.030524,0.0345969,0.364179,-87.401,271.242,-1592.28,0.14115,3,OK,-87.2292,271.306,-1592.3,OK,-128.934,241.302,-1589.62,OK,-130.124,317.574,-1587.1,,365854423,Port:3,0,1773323173,718828407,Missing,,,,,,,,,4,Missing,,,,Missing,,,,Missing,,,,Missing,,,,,365854423,Port:65535,0,1773323173,718828407,Missing,,,,,,,,,0
4,,365854426,3,Port:1,0,1773323173,768828407,50000000,Enabled,0.666225,0.299898,-0.572623,0.371898,-56.0499,163.056,-1754.77,0.154023,4,OK,-55.9429,162.882,-1754.78,OK,-102.288,144.672,-1748.72,OK,-103.589,90.4729,-1740.34,OK,-40.6846,105.748,-1746.96,,365854426,Port:2,0,1773323173,768828407,Enabled,0.930105,0.0311383,0.0360058,0.364195,-87.4095,271.244,-1592.39,0.1414,3,OK,-87.2405,271.315,-1592.41,OK,-128.932,241.297,-1589.61,OK,-130.118,317.565,-1587.07,,365854426,Port:3,0,1773323173,768828407,Missing,,,,,,,,,4,Missing,,,,Missing,,,,Missing,,,,Missing,,,,,365854426,Port:65535,0,1773323173,768828407,Missing,,,,,,,,,0
4,,365854429,3,Port:1,0,1773323173,818828407,50000000,Enabled,0.670077,0.286417,-0.578059,0.367164,-52.12,164.904,-1756.95,0.15274,4,OK,-52.0206,164.735,-1756.96,OK,-98.9042,147.866,-1751.18,OK,-101.808,93.8434,-1742.24,OK,-38.4412,107.276,-1748.37,,365854429,Port:2,0,1773323173,818828407,Enabled,0.930158,0.0307516,0.0354153,0.364151,-87.4061,271.234,-1592.36,0.141204,3,OK,-87.2334,271.298,-1592.38,OK,-128.934,241.297,-1589.62,OK,-130.121,317.567,-1587.11,,365854429,Port:3,0,1773323173,818828407,Missing,,,,,,,,,4,Missing,,,,Missing,,,,Missing,,,,Missing,,,,,365854429,Port:65535,0,1773323173,818828407,Missing,,,,,,,,,0
4,,365854432,3,Port:1,0,1773323173,868828407,50000000,Enabled,0.672586,0.267912,-0.587213,0.361984,-47.2959,167.316,-1759.81,0.129063,4,OK,-47.201,167.177,-1759.8,OK,-94.7535,152.026,-1754.79,OK,-99.7476,98.2488,-1745.15,OK,-35.867,109.342,-1750.21,,365854432,Port:2,0,1773323173,868828407,Enabled,0.930127,0.0312007,0.0355873,0.364175,-87.4064,271.252,-1592.39,0.143624,3,OK,-87.2328,271.321,-1592.41,OK,-128.935,241.308,-1589.65,OK,-130.118,317.575,-1587.08,,365854432,Port:3,0,1773323173,868828407,Missing,,,,,,,,,4,Missing,,,,Missing,,,,Missing,,,,Missing,,,,,365854432,Port:65535,0,1773323173,868828407,Missing,,,,,,,,,0
4,,365854435,3,Port:1,0,1773323173,918828406,49999999,Enabled,0.673535,0.248827,-0.597653,0.356716,-42.3322,169.822,-1763.21,0.13787,4,OK,-42.2336,169.69,-1763.23,OK,-90.4195,156.28,-1759.11,OK,-97.5737,102.871,-1749.02,OK,-33.2174,111.606,-1752.62,,365854435,Port:2,0,1773323173,918828406,Enabled,0.930166,0.0305574,0.0348978,0.364198,-87.4022,271.24,-1592.32,0.142334,3,OK,-87.2313,271.308,-1592.34,OK,-128.933,241.293,-1589.63,OK,-130.123,317.571,-1587.12,,365854435,Port:3,0,1773323173,918828406,Missing,,,,,,,,,4,Missing,,,,Missing,,,,Missing,,,,Missing,,,,,365854435,Port:65535,0,1773323173,918828406,Missing,,,,,,,,,0
4,,365854438,3,Port:1,0,1773323173,968828406,50000000,Enabled,0.671503,0.22831,-0.611345,0.35102,-37.4147,172.079,-1766.55,0.133455,4,OK,-37.331,171.935,-1766.52,OK,-86.0834,160.391,-1763.96,OK,-95.5625,107.402,-1753.51,OK,-30.8538,113.677,-1755.15,,365854438,Port:2,0,1773323173,968828406,Enabled,0.93013,0.0306786,0.035552,0.364215,-87.4055,271.241,-1592.36,0.142665,3,OK,-87.2346,271.311,-1592.38,OK,-128.931,241.293,-1589.61,OK,-130.123,317.566,-1587.12,,365854438,Port:3,0,1773323173,968828406,Missing,,,,,,,,,4,Missing,,,,Missing,,,,Missing,,,,Missing,,,,,365854438,Port:65535,0,1773323173,968828406,Missing,,,,,,,,,0
4,,365854441,3,Port:1,0,1773323174,18828406,50000000,Enabled,0.670534,0.212519,-0.619921,0.347732,-33.6667,173.82,-1769.11,0.129149,4,OK,-33.5819,173.686,-1769.09,OK,-82.6959,163.479,-1767.49,OK,-93.8096,110.876,-1756.72,OK,-28.9415,115.373,-1756.95,,365854441,Port:2,0,1773323174,18828406,Enabled,0.930167,0.0310451,0.034609,0.36418,-87.401,271.241,-1592.31,0.142787,3,OK,-87.2273,271.31,-1592.32,OK,-128.936,241.303,-1589.66,OK,-130.12,317.563,-1587.07,,365854441,Port:3,0,1773323174,18828406,Missing,,,,,,,,,4,Missing,,,,Missing,,,,Missing,,,,Missing,,,,,365854441,Port:65535,0,1773323174,18828406,Missing,,,,,,,,,0
4,,365854444,3,Port:1,0,1773323174,68828406,50000000,Enabled,0.673407,0.200786,-0.622638,0.344282,-30.5888,175.033,-1771.1,0.124527,4,OK,-30.4991,174.911,-1771.09,OK,-79.8444,165.805,-1769.68,OK,-92.2128,113.573,-1758.46,OK,-27.256,116.627,-1758.27,,365854444,Port:2,0,1773323174,68828406,Enabled,0.93014,0.0310996,0.0355345,0.364157,-87.41,271.242,-1592.38,0.143573,3,OK,-87.2372,271.311,-1592.4,OK,-128.939,241.298,-1589.64,OK,-130.12,317.57,-1587.09,,365854444,Port:3,0,1773323174,68828406,Missing,,,,,,,,,4,Missing,,,,Missing,,,,Missing,,,,Missing,,,,,365854444,Port:65535,0,1773323174,68828406,Missing,,,,,,,,,0
4,,365854447,3,Port:1,0,1773323174,118828406,50000000,Enabled,0.673464,0.192014,-0.627551,0.34023,-27.8887,175.88,-1772.34,0.133006,4,OK,-27.813,175.738,-1772.3,OK,-77.3112,167.553,-1771.46,OK,-90.7718,115.621,-1760.15,OK,-25.7641,117.483,-1759.3,,365854447,Port:2,0,1773323174,118828406,Enabled,0.930163,0.0308046,0.035131,0.364162,-87.4007,271.236,-1592.33,0.136604,3,OK,-87.2337,271.297,-1592.35,OK,-128.925,241.299,-1589.62,OK,-130.118,317.569,-1587.09,,365854447,Port:3,0,1773323174,118828406,Missing,,,,,,,,,4,Missing,,,,Missing,,,,Missing,,,,Missing,,,,,365854447,Port:65535,0,1773323174,118828406,Missing,,,,,,,,,0
4,,365854450,3,Port:1,0,1773323174,168828406,50000000,Enabled,0.673248,0.181734,-0.632868,0.336433,-24.8614,176.63,-1773.51,0.132548,4,OK,-24.7763,176.499,-1773.45,OK,-74.4665,169.304,-1773.27,OK,-89.0655,117.694,-1761.81,OK,-24.0849,118.255,-1760.16,,365854450,Port:2,0,1773323174,168828406,Enabled,0.930123,0.0312613,0.035703,0.36417,-87.4063,271.245,-1592.39,0.143469,3,OK,-87.2336,271.315,-1592.4,OK,-128.934,241.302,-1589.64,OK,-130.115,317.568,-1587.07,,365854450,Port:3,0,1773323174,168828406,Missing,,,,,,,,,4,Missing,,,,Missing,,,,Missing,,,,Missing,,,,,365854450,Port:65535,0,1773323174,168828406,Missing,,,,,,,,,0
4,,365854453,3,Port:1,0,1773323174,218828406,50000000,Enabled,0.672364,0.17262,-0.638803,0.331752,-21.8162,177.357,-1774.55,0.138188,4,OK,-21.7307,177.222,-1774.47,OK,-71.5545,170.996,-1774.97,OK,-87.3171,119.7,-1763.59,OK,-22.3436,119.013,-1761.07,,365854453,Port:2,0,1773323174,218828406,Enabled,0.930135,0.0308428,0.0354726,0.364198,-87.4029,271.236,-1592.35,0.140473,3,OK,-87.2329,271.303,-1592.36,OK,-128.927,241.293,-1589.61,OK,-130.12,317.562,-1587.09,,365854453,Port:3,0,1773323174,218828406,Missing,,,,,,,,,4,Missing,,,,Missing,,,,Missing,,,,Missing,,,,,365854453,Port:65535,0,1773323174,218828406,Missing,,,,,,,,,0
4,,365854456,3,Port:1,0,1773323174,268828406,50000000,Enabled,0.673458,0.165137,-0.64118,0.328744,-19.3027,177.909,-1775.57,0.148585,4,OK,-19.2109,177.773,-1775.49,OK,-69.1269,172.273,-1776.25,OK,-85.7379,121.317,-1764.71,OK,-20.7956,119.664,-1761.83,,365854456,Port:2,0,1773323174,268828406,Enabled,0.930135,0.030927,0.0354266,0.364195,-87.4027,271.244,-1592.37,0.139262,3,OK,-87.2344,271.31,-1592.38,OK,-128.926,241.301,-1589.63,OK,-130.118,317.57,-1587.1,,365854456,Port:3,0,1773323174,268828406,Missing,,,,,,,,,4,Missing,,,,Missing,,,,Missing,,,,Missing,,,,,365854456,Port:65535,0,1773323174,268828406,Missing,,,,,,,,,0
4,,365854459,3,Port:1,0,1773323174,318828406,50000000,Enabled,0.67164,0.15802,-0.646176,0.326169,-17.0981,178.446,-1776.35,0.134687,4,OK,-17.0184,178.31,-1776.29,OK,-66.9846,173.476,-1777.62,OK,-84.3891,122.751,-1766.23,OK,-19.5258,120.24,-1762.46,,365854459,Port:2,0,1773323174,318828406,Enabled,0.930163,0.0310229,0.0348596,0.364169,-87.4006,271.239,-1592.32,0.141292,3,OK,-87.2281,271.303,-1592.33,OK,-128.932,241.3,-1589.64,OK,-130.119,317.567,-1587.06,,365854459,Port:3,0,1773323174,318828406,Missing,,,,,,,,,4,Missing,,,,Missing,,,,Missing,,,,Missing,,,,,365854459,Port:65535,0,1773323174,318828406,Missing,,,,,,,,,0
4,,365854462,3,Port:1,0,1773323174,368828406,50000000,Enabled,0.671924,0.150842,-0.648737,0.323891,-14.9461,178.946,-1777.47,0.136404,4,OK,-14.8633,178.816,-1777.4,OK,-64.882,174.636,-1779.11,OK,-83.0452,124.197,-1767.53,OK,-18.2539,120.849,-1763.32,,365854462,Port:2,0,1773323174,368828406,Enabled,0.930183,0.0310012,0.0347687,0.364129,-87.4036,271.236,-1592.32,0.13772,3,OK,-87.2356,271.302,-1592.33,OK,-128.936,241.306,-1589.65,OK,-130.116,317.562,-1587.07,,365854462,Port:3,0,1773323174,368828406,Missing,,,,,,,,,4,Missing,,,,Missing,,,,Missing,,,,Missing,,,,,365854462,Port:65535,0,1773323174,368828406,Missing,,,,,,,,,0
4,,365854465,3,Port:1,0,1773323174,418828406,50000000,Enabled,0.670355,0.143673,-0.652996,0.321836,-12.7286,179.439,-1778.45,0.140595,4,OK,-12.6494,179.304,-1778.38,OK,-62.7,175.741,-1780.66,OK,-81.6073,125.577,-1769.12,OK,-16.9139,121.438,-1764.13,,365854465,Port:2,0,1773323174,418828406,Enabled,0.930144,0.0311077,0.0353161,0.364166,-87.4032,271.241,-1592.36,0.138932,3,OK,-87.2356,271.309,-1592.37,OK,-128.931,241.304,-1589.64,OK,-130.114,317.561,-1587.07,,365854465,Port:3,0,1773323174,418828406,Missing,,,,,,,,,4,Missing,,,,Missing,,,,Missing,,,,Missing,,,,,365854465,Port:65535,0,1773323174,418828406,Missing,,,,,,,,,0
4,,365854468,3,Port:1,0,1773323174,468828406,50000000,Enabled,0.67018,0.13722,-0.655978,0.31894,-10.5829,179.925,-1779.33,0.141155,4,OK,-10.5069,179.787,-1779.27,OK,-60.5778,176.857,-1781.89,OK,-80.2376,127.004,-1770.38,OK,-15.625,122.034,-1764.87,,365854468,Port:2,0,1773323174,468828406,Enabled,0.930153,0.030821,0.0350348,0.364196,-87.4061,271.244,-1592.34,0.140375,3,OK,-87.237,271.312,-1592.35,OK,-128.935,241.302,-1589.64,OK,-130.124,317.568,-1587.1,,365854468,Port:3,0,1773323174,468828406,Missing,,,,,,,,,4,Missing,,,,Missing,,,,Missing,,,,Missing,,,,,365854468,Port:65535,0,1773323174,468828406,Missing,,,,,,,,,0
4,,365854471,3,Port:1,0,1773323174,518828406,50000000,Enabled,0.670282,0.13121,-0.658069,0.316939,-8.66615,180.289,-1780.25,0.134833,4,OK,-8.58907,180.154,-1780.2,OK,-58.6778,177.779,-1783.08,OK,-78.9522,128.179,-1771.5,OK,-14.4546,122.513,-1765.57,,365854471,Port:2,0,1773323174,518828406,Enabled,0.930172,0.0305928,0.034987,0.364169,-87.4037,271.236,-1592.32,0.143079,3,OK,-87.2316,271.303,-1592.34,OK,-128.935,241.291,-1589.63,OK,-130.122,317.573,-1587.11,,365854471,Port:3,0,1773323174,518828406,Missing,,,,,,,,,4,Missing,,,,Missing,,,,Missing,,,,Missing,,,,,365854471,Port:65535,0,1773323174,518828406,Missing,,,,,,,,,0
4,,365854474,3,Port:1,0,1773323174,568828406,50000000,Enabled,0.67067,0.1256,-0.659675,0.315048,-6.75975,180.543,-1781.1,0.134222,4,OK,-6.67446,180.422,-1781.03,OK,-56.7794,178.551,-1784.18,OK,-77.6488,129.208,-1772.45,OK,-13.2258,122.886,-1766.22,,365854474,Port:2,0,1773323174,568828406,Enabled,0.930159,0.0308243,0.0349414,0.364188,-87.3991,271.239,-1592.32,0.143312,3,OK,-87.2242,271.304,-1592.34,OK,-128.931,241.298,-1589.63,OK,-130.12,317.566,-1587.09,,365854474,Port:3,0,1773323174,568828406,Missing,,,,,,,,,4,Missing,,,,Missing,,,,Missing,,,,Missing,,,,,365854474,Port:65535,0,1773323174,568828406,Missing,,,,,,,,,0
4,,365854477,3,Port:1,0,1773323174,618828406,50000000,Enabled,0.671313,0.11945,-0.66102,0.313247,-4.76694,180.562,-1781.98,0.138358,4,OK,-4.6829,180.43,-1781.93,OK,-54.7969,179.105,-1785.24,OK,-76.2617,130.086,-1773.4,OK,-11.9494,123.073,-1766.82,,365854477,Port:2,0,1773323174,618828406,Enabled,0.930131,0.0311123,0.0354486,0.364187,-87.4039,271.239,-1592.35,0.140272,3,OK,-87.234,271.306,-1592.37,OK,-128.929,241.298,-1589.62,OK,-130.118,317.562,-1587.06,,365854477,Port:3,0,1773323174,618828406,Missing,,,,,,,,,4,Missing,,,,Missing,,,,Missing,,,,Missing,,,,,365854477,Port:65535,0,1773323174,618828406,Missing,,,,,,,,,0
4,,365854480,3,Port:1,0,1773323174,668828406,50000000,Enabled,0.671407,0.115025,-0.662401,0.311779,-3.02332,180.533,-1782.34,0.143059,4,OK,-2.93959,180.402,-1782.27,OK,-53.0631,179.482,-1785.82,OK,-74.9646,130.679,-1773.89,OK,-10.7287,123.139,-1767.03,,365854480,Port:2,0,1773323174,668828406,Enabled,0.930152,0.030897,0.0352424,0.364172,-87.4009,271.232,-1592.33,0.141839,3,OK,-87.2282,271.297,-1592.35,OK,-128.93,241.291,-1589.62,OK,-130.118,317.561,-1587.07,,365854480,Port:3,0,1773323174,668828406,Missing,,,,,,,,,4,Missing,,,,Missing,,,,Missing,,,,Missing,,,,,365854480,Port:65535,0,1773323174,668828406,Missing,,,,,,,,,0
4,,365854483,3,Port:1,0,1773323174,718828406,50000000,Enabled,0.672302,0.11238,-0.66253,0.310539,-2.01157,180.579,-1782.77,0.147939,4,OK,-1.93639,180.445,-1782.68,OK,-52.0519,179.823,-1786.31,OK,-74.239,131.152,-1774.23,OK,-10.0508,123.256,-1767.37,,365854483,Port:2,0,1773323174,718828406,Enabled,0.93015,0.030947,0.0352268,0.364174,-87.3993,271.239,-1592.34,0.144139,3,OK,-87.224,271.307,-1592.36,OK,-128.931,241.298,-1589.63,OK,-130.116,317.566,-1587.08,,365854483,Port:3,0,1773323174,718828406,Missing,,,,,,,,,4,Missing,,,,Missing,,,,Missing,,,,Missing,,,,,365854483,Port:65535,0,1773323174,718828406,Missing,,,,,,,,,0
4,,365854486,3,Port:1,0,1773323174,768828406,50000000,Enabled,0.671978,0.112496,-0.662809,0.310603,-2.14412,180.652,-1782.98,0.14658,4,OK,-2.06958,180.513,-1782.92,OK,-52.1782,179.85,-1786.51,OK,-74.3659,131.211,-1774.54,OK,-10.1691,123.337,-1767.59,,365854486,Port:2,0,1773323174,768828406,Enabled,0.930138,0.0308521,0.0354335,0.364193,-87.4043,271.238,-1592.35,0.144278,3,OK,-87.2311,271.308,-1592.36,OK,-128.933,241.29,-1589.61,OK,-130.12,317.567,-1587.09,,365854486,Port:3,0,1773323174,768828406,Missing,,,,,,,,,4,Missing,,,,Missing,,,,Missing,,,,Missing,,,,,365854486,Port:65535,0,1773323174,768828406,Missing,,,,,,,,,0
4,,365854489,3,Port:1,0,1773323174,818828406,50000000,Enabled,0.671691,0.113554,-0.661838,0.312902,-3.20113,180.723,-1783.15,0.151207,4,OK,-3.12076,180.602,-1783.03,OK,-53.2298,179.695,-1786.69,OK,-75.1658,130.923,-1774.47,OK,-10.9446,123.383,-1767.66,,365854489,Port:2,0,1773323174,818828406,Enabled,0.930122,0.0308525,0.0350979,0.364265,-87.4022,271.243,-1592.35,0.141449,3,OK,-87.2307,271.31,-1592.36,OK,-128.926,241.294,-1589.64,OK,-130.128,317.562,-1587.1,,365854489,Port:3,0,1773323174,818828406,Missing,,,,,,,,,4,Missing,,,,Missing,,,,Missing,,,,Missing,,,,,365854489,Port:65535,0,1773323174,818828406,Missing,,,,,,,,,0
4,,365854492,3,Port:1,0,1773323174,868828406,50000000,Enabled,0.671654,0.119314,-0.659856,0.315016,-5.28025,180.7,-1782.76,0.136804,4,OK,-5.20614,180.574,-1782.7,OK,-55.3094,179.114,-1785.95,OK,-76.6428,130.103,-1773.9,OK,-12.3067,123.235,-1767.4,,365854492,Port:2,0,1773323174,868828406,Enabled,0.930147,0.0309098,0.0353112,0.364177,-87.402,271.237,-1592.35,0.14181,3,OK,-87.2305,271.305,-1592.36,OK,-128.931,241.296,-1589.62,OK,-130.117,317.564,-1587.08,,365854492,Port:3,0,1773323174,868828406,Missing,,,,,,,,,4,Missing,,,,Missing,,,,Missing,,,,Missing,,,,,365854492,Port:65535,0,1773323174,868828406,Missing,,,,,,,,,0
4,,365854495,3,Port:1,0,1773323174,918828404,49999998,Enabled,0.672276,0.131584,-0.654017,0.320923,-9.30789,180.247,-1781.83,0.141346,4,OK,-9.2296,180.113,-1781.77,OK,-59.3217,177.42,-1784.29,OK,-79.2509,127.825,-1772.16,OK,-14.6468,122.562,-1766.67,,365854495,Port:2,0,1773323174,918828404,Enabled,0.93016,0.0309011,0.0351232,0.364162,-87.4009,271.237,-1592.33,0.140152,3,OK,-87.232,271.305,-1592.34,OK,-128.93,241.297,-1589.63,OK,-130.115,317.566,-1587.08,,365854495,Port:3,0,1773323174,918828404,Missing,,,,,,,,,4,Missing,,,,Missing,,,,Missing,,,,Missing,,,,,365854495,Port:65535,0,1773323174,918828404,Missing,,,,,,,,,0
4,,365854498,3,Port:1,0,1773323174,968828404,50000000,Enabled,0.672643,0.145024,-0.648841,0.324845,-13.6951,179.424,-1779.61,0.14586,4,OK,-13.6102,179.299,-1779.5,OK,-63.6519,175.438,-1781.4,OK,-82.2009,125.225,-1769.36,OK,-17.4416,121.483,-1764.95,,365854498,Port:2,0,1773323174,968828404,Enabled,0.930158,0.030819,0.035157,0.364171,-87.4048,271.235,-1592.33,0.139763,3,OK,-87.2336,271.297,-1592.35,OK,-128.932,241.296,-1589.62,OK,-130.123,317.565,-1587.09,,365854498,Port:3,0,1773323174,968828404,Missing,,,,,,,,,4,Missing,,,,Missing,,,,Missing,,,,Missing,,,,,365854498,Port:65535,0,1773323174,968828404,Missing,,,,,,,,,0
4,,365854501,3,Port:1,0,1773323175,18828404,50000000,Enabled,0.673463,0.161683,-0.641745,0.329347,-18.4386,178.309,-1776.98,0.133731,4,OK,-18.3586,178.174,-1776.93,OK,-68.2915,172.888,-1777.77,OK,-85.1006,122.022,-1766.07,OK,-20.1998,120.115,-1762.92,,365854501,Port:2,0,1773323175,18828404,Enabled,0.930149,0.0307944,0.0352657,0.364186,-87.4042,271.237,-1592.34,0.140705,3,OK,-87.2339,271.305,-1592.36,OK,-128.932,241.298,-1589.62,OK,-130.12,317.561,-1587.1,,365854501,Port:3,0,1773323175,18828404,Missing,,,,,,,,,4,Missing,,,,Missing,,,,Missing,,,,Missing,,,,,365854501,Port:65535,0,1773323175,18828404,Missing,,,,,,,,,0
4,,365854504,3,Port:1,0,1773323175,68828404,50000000,Enabled,0.673468,0.176212,-0.636872,0.331337,-22.3402,177.238,-1774.31,0.137934,4,OK,-22.2465,177.112,-1774.24,OK,-72.0598,170.674,-1774.43,OK,-87.533,119.284,-1763.14,OK,-22.5572,118.838,-1761.05,,365854504,Port:2,0,1773323175,68828404,Enabled,0.930162,0.0308163,0.0349866,0.364178,-87.4003,271.238,-1592.34,0.140004,3,OK,-87.2298,271.303,-1592.35,OK,-128.929,241.299,-1589.64,OK,-130.119,317.566,-1587.1,,365854504,Port:3,0,1773323175,68828404,Missing,,,,,,,,,4,Missing,,,,Missing,,,,Missing,,,,Missing,,,,,365854504,Port:65535,0,1773323175,68828404,Missing,,,,,,,,,0
4,,365854507,3,Port:1,0,1773323175,118828404,50000000,Enabled,0.673385,0.188481,-0.631196,0.335588,-25.7695,176.072,-1772.46,0.131625,4,OK,-25.6813,175.939,-1772.43,OK,-75.3107,168.346,-1771.89,OK,-89.435,116.527,-1760.85,OK,-24.4225,117.595,-1759.62,,365854507,Port:2,0,1773323175,118828404,Enabled,0.930125,0.0310195,0.0356862,0.364187,-87.4073,271.242,-1592.37,0.141433,3,OK,-87.236,271.309,-1592.39,OK,-128.932,241.298,-1589.62,OK,-130.121,317.568,-1587.08,,365854507,Port:3,0,1773323175,118828404,Missing,,,,,,,,,4,Missing,,,,Missing,,,,Missing,,,,Missing,,,,,365854507,Port:65535,0,1773323175,118828404,Missing,,,,,,,,,0
4,,365854510,3,Port:1,0,1773323175,168828404,50000000,Enabled,0.671911,0.19518,-0.630646,0.335746,-27.1042,175.315,-1771,0.134393,4,OK,-27.0144,175.179,-1770.98,OK,-76.5564,167.083,-1770.32,OK,-90.1398,115.044,-1759.73,OK,-25.1476,116.753,-1758.68,,365854510,Port:2,0,1773323175,168828404,Enabled,0.930139,0.0307527,0.0353866,0.364203,-87.4032,271.242,-1592.35,0.142303,3,OK,-87.2318,271.309,-1592.36,OK,-128.929,241.295,-1589.62,OK,-130.122,317.573,-1587.1,,365854510,Port:3,0,1773323175,168828404,Missing,,,,,,,,,4,Missing,,,,Missing,,,,Missing,,,,Missing,,,,,365854510,Port:65535,0,1773323175,168828404,Missing,,,,,,,,,0
4,,365854513,3,Port:1,0,1773323175,218828404,50000000,Enabled,0.671727,0.193382,-0.632276,0.334085,-26.3628,175.24,-1770.8,0.132786,4,OK,-26.2767,175.111,-1770.74,OK,-75.8571,167.259,-1770.31,OK,-89.7321,115.275,-1759.73,OK,-24.7348,116.648,-1758.55,,365854513,Port:2,0,1773323175,218828404,Enabled,0.930137,0.0309042,0.0353808,0.364196,-87.4005,271.24,-1592.34,0.14335,3,OK,-87.2271,271.307,-1592.35,OK,-128.928,241.294,-1589.61,OK,-130.118,317.566,-1587.07,,365854513,Port:3,0,1773323175,218828404,Missing,,,,,,,,,4,Missing,,,,Missing,,,,Missing,,,,Missing,,,,,365854513,Port:65535,0,1773323175,218828404,Missing,,,,,,,,,0
4,,365854516,3,Port:1,0,1773323175,268828404,50000000,Enabled,0.671591,0.191425,-0.633114,0.333899,-25.6561,175.44,-1771.22,0.134519,4,OK,-25.5656,175.31,-1771.18,OK,-75.1871,167.605,-1770.83,OK,-89.2327,115.688,-1760.22,OK,-24.2227,116.86,-1758.85,,365854516,Port:2,0,1773323175,268828404,Enabled,0.930166,0.0306252,0.0351591,0.364166,-87.4041,271.233,-1592.31,0.140094,3,OK,-87.2346,271.297,-1592.33,OK,-128.931,241.29,-1589.6,OK,-130.122,317.569,-1587.09,,365854516,Port:3,0,1773323175,268828404,Missing,,,,,,,,,4,Missing,,,,Missing,,,,Missing,,,,Missing,,,,,365854516,Port:65535,0,1773323175,268828404,Missing,,,,,,,,,0
4,,365854519,3,Port:1,0,1773323175,318828404,50000000,Enabled,0.671301,0.191609,-0.633489,0.333665,-25.7922,175.643,-1771.38,0.141534,4,OK,-25.6989,175.509,-1771.31,OK,-75.3155,167.804,-1771.05,OK,-89.3724,115.88,-1760.46,OK,-24.3851,117.068,-1759.08,,365854519,Port:2,0,1773323175,318828404,Enabled,0.930148,0.0309064,0.0353676,0.364167,-87.3987,271.239,-1592.36,0.144709,3,OK,-87.2217,271.305,-1592.37,OK,-128.93,241.3,-1589.63,OK,-130.115,317.565,-1587.09,,365854519,Port:3,0,1773323175,318828404,Missing,,,,,,,,,4,Missing,,,,Missing,,,,Missing,,,,Missing,,,,,365854519,Port:65535,0,1773323175,318828404,Missing,,,,,,,,,0
4,,365854522,3,Port:1,0,1773323175,368828404,50000000,Enabled,0.672434,0.195069,-0.630238,0.33553,-27.2987,175.519,-1771.2,0.13308,4,OK,-27.2046,175.39,-1771.15,OK,-76.7534,167.321,-1770.49,OK,-90.3549,115.283,-1759.8,OK,-25.3726,116.957,-1758.89,,365854522,Port:2,0,1773323175,368828404,Enabled,0.930189,0.0307775,0.0346941,0.364139,-87.401,271.231,-1592.31,0.139345,3,OK,-87.2312,271.295,-1592.32,OK,-128.934,241.296,-1589.64,OK,-130.118,317.564,-1587.09,,365854522,Port:3,0,1773323175,368828404,Missing,,,,,,,,,4,Missing,,,,Missing,,,,Missing,,,,Missing,,,,,365854522,Port:65535,0,1773323175,368828404,Missing,,,,,,,,,0
4,,365854525,3,Port:1,0,1773323175,418828404,50000000,Enabled,0.671979,0.201182,-0.627998,0.337029,-28.9862,175.043,-1770.2,0.12111,4,OK,-28.9053,174.922,-1770.18,OK,-78.3345,166.307,-1769.21,OK,-91.3193,114.069,-1758.76,OK,-26.3379,116.433,-1758.17,,365854525,Port:2,0,1773323175,418828404,Enabled,0.930122,0.0308915,0.0355794,0.364215,-87.4033,271.242,-1592.36,0.146645,3,OK,-87.2256,271.31,-1592.38,OK,-128.931,241.292,-1589.61,OK,-130.123,317.57,-1587.09,,365854525,Port:3,0,1773323175,418828404,Missing,,,,,,,,,4,Missing,,,,Missing,,,,Missing,,,,Missing,,,,,365854525,Port:65535,0,1773323175,418828404,Missing,,,,,,,,,0
4,,365854528,3,Port:1,0,1773323175,468828404,50000000,Enabled,0.672936,0.206565,-0.62408,0.339134,-30.4216,174.355,-1769.36,0.125518,4,OK,-30.3265,174.236,-1769.33,OK,-79.6793,165.107,-1767.96,OK,-92.005,112.704,-1757.43,OK,-27.0399,115.755,-1757.47,,365854528,Port:2,0,1773323175,468828404,Enabled,0.930149,0.0306344,0.0352764,0.364199,-87.4049,271.241,-1592.35,0.138872,3,OK,-87.2371,271.307,-1592.36,OK,-128.929,241.299,-1589.62,OK,-130.123,317.568,-1587.12,,365854528,Port:3,0,1773323175,468828404,Missing,,,,,,,,,4,Missing,,,,Missing,,,,Missing,,,,Missing,,,,,365854528,Port:65535,0,1773323175,468828404,Missing,,,,,,,,,0
4,,365854531,3,Port:1,0,1773323175,518828404,50000000,Enabled,0.673559,0.213642,-0.620479,0.340119,-32.0698,173.644,-1768.09,0.13616,4,OK,-31.9935,173.494,-1768.04,OK,-81.1941,163.828,-1766.24,OK,-92.8192,111.258,-1755.88,OK,-27.9192,115.039,-1756.56,,365854531,Port:2,0,1773323175,518828404,Enabled,0.930155,0.030779,0.0352796,0.364169,-87.4037,271.235,-1592.33,0.143382,3,OK,-87.2306,271.305,-1592.35,OK,-128.935,241.295,-1589.61,OK,-130.119,317.562,-1587.09,,365854531,Port:3,0,1773323175,518828404,Missing,,,,,,,,,4,Missing,,,,Missing,,,,Missing,,,,Missing,,,,,365854531,Port:65535,0,1773323175,518828404,Missing,,,,,,,,,0
4,,365854534,3,Port:1,0,1773323175,568828404,50000000,Enabled,0.675355,0.225387,-0.612171,0.344012,-35.2653,172.553,-1766.63,0.140796,4,OK,-35.1785,172.425,-1766.68,OK,-84.1027,161.635,-1763.77,OK,-94.3801,108.769,-1753.6,OK,-29.599,114.002,-1755.41,,365854534,Port:2,0,1773323175,568828404,Enabled,0.930139,0.0309894,0.0351639,0.364204,-87.4041,271.238,-1592.33,0.137179,3,OK,-87.2399,271.307,-1592.34,OK,-128.929,241.297,-1589.62,OK,-130.118,317.557,-1587.06,,365854534,Port:3,0,1773323175,568828404,Missing,,,,,,,,,4,Missing,,,,Missing,,,,Missing,,,,Missing,,,,,365854534,Port:65535,0,1773323175,568828404,Missing,,,,,,,,,0
4,,365854537,3,Port:1,0,1773323175,618828404,50000000,Enabled,0.676926,0.238464,-0.60299,0.348296,-39.0105,171.182,-1764.73,0.139604,4,OK,-38.9198,171.035,-1764.74,OK,-87.4939,159.039,-1760.93,OK,-96.2302,105.882,-1750.78,OK,-31.6542,112.751,-1753.99,,365854537,Port:2,0,1773323175,618828404,Enabled,0.930144,0.0306159,0.0351451,0.364224,-87.4014,271.243,-1592.34,0.14091,3,OK,-87.2321,271.311,-1592.35,OK,-128.927,241.296,-1589.62,OK,-130.123,317.571,-1587.12,,365854537,Port:3,0,1773323175,618828404,Missing,,,,,,,,,4,Missing,,,,Missing,,,,Missing,,,,Missing,,,,,365854537,Port:65535,0,1773323175,618828404,Missing,,,,,,,,,0
4,,365854540,3,Port:1,0,1773323175,668828404,50000000,Enabled,0.676308,0.250954,-0.595973,0.352768,-42.5747,169.588,-1762.58,0.12812,4,OK,-42.4903,169.452,-1762.58,OK,-90.6748,156.224,-1758.14,OK,-97.9328,102.787,-1748.21,OK,-33.5979,111.273,-1752.37,,365854540,Port:2,0,1773323175,668828404,Enabled,0.930163,0.030939,0.0351257,0.364151,-87.4054,271.239,-1592.35,0.140207,3,OK,-87.2351,271.303,-1592.37,OK,-128.935,241.299,-1589.65,OK,-130.12,317.571,-1587.1,,365854540,Port:3,0,1773323175,668828404,Missing,,,,,,,,,4,Missing,,,,Missing,,,,Missing,,,,Missing,,,,,365854540,Port:65535,0,1773323175,668828404,Missing,,,,,,,,,0
4,,365854543,3,Port:1,0,1773323175,718828404,50000000,Enabled,0.678142,0.265455,-0.585058,0.35688,-46.1928,167.654,-1760.19,0.132601,4,OK,-46.1095,167.512,-1760.2,OK,-93.7774,152.961,-1754.63,OK,-99.362,99.2955,-1744.88,OK,-35.3882,109.558,-1750.59,,365854543,Port:2,0,1773323175,718828404,Enabled,0.930107,0.0310476,0.0357268,0.364227,-87.4101,271.246,-1592.39,0.144211,3,OK,-87.2372,271.317,-1592.4,OK,-128.935,241.296,-1589.63,OK,-130.125,317.564,-1587.09,,365854543,Port:3,0,1773323175,718828404,Missing,,,,,,,,,4,Missing,,,,Missing,,,,Missing,,,,Missing,,,,,365854543,Port:65535,0,1773323175,718828404,Missing,,,,,,,,,0
4,,365854546,3,Port:1,0,1773323175,768828404,50000000,Enabled,0.679004,0.281627,-0.574058,0.36069,-50.0269,165.35,-1757.31,0.147178,4,OK,-49.9157,165.198,-1757.27,OK,-97.0283,149.224,-1750.74,OK,-100.785,95.3096,-1741.26,OK,-37.2728,107.533,-1748.58,,365854546,Port:2,0,1773323175,768828404,Enabled,0.930134,0.030938,0.0353496,0.364203,-87.4016,271.242,-1592.34,0.144244,3,OK,-87.2268,271.31,-1592.35,OK,-128.93,241.296,-1589.61,OK,-130.12,317.567,-1587.07,,365854546,Port:3,0,1773323175,768828404,Missing,,,,,,,,,4,Missing,,,,Missing,,,,Missing,,,,Missing,,,,,365854546,Port:65535,0,1773323175,768828404,Missing,,,,,,,,,0
4,,365854549,3,Port:1,0,1773323175,818828404,50000000,Enabled,0.679248,0.302185,-0.560715,0.36456,-54.5424,162.389,-1753.39,0.15197,4,OK,-54.4323,162.226,-1753.4,OK,-100.692,144.474,-1745.56,OK,-102.223,90.3483,-1736.82,OK,-39.4529,104.977,-1745.85,,365854549,Port:2,0,1773323175,818828404,Enabled,0.930163,0.030922,0.0350455,0.364159,-87.4047,271.232,-1592.33,0.141165,3,OK,-87.2343,271.299,-1592.34,OK,-128.936,241.291,-1589.63,OK,-130.119,317.561,-1587.07,,365854549,Port:3,0,1773323175,818828404,Missing,,,,,,,,,4,Missing,,,,Missing,,,,Missing,,,,Missing,,,,,365854549,Port:65535,0,1773323175,818828404,Missing,,,,,,,,,0
4,,365854552,3,Port:1,0,1773323175,868828404,50000000,Enabled,0.678744,0.320165,-0.548093,0.369317,-58.5945,159.113,-1749.39,0.147937,4,OK,-58.4826,158.95,-1749.4,OK,-103.871,139.545,-1740.54,OK,-103.291,85.2926,-1732.32,OK,-41.341,102.188,-1742.87,,365854552,Port:2,0,1773323175,868828404,Enabled,0.930163,0.030757,0.0350437,0.364174,-87.4022,271.236,-1592.33,0.140464,3,OK,-87.2301,271.299,-1592.34,OK,-128.931,241.299,-1589.62,OK,-130.122,317.565,-1587.09,,365854552,Port:3,0,1773323175,868828404,Missing,,,,,,,,,4,Missing,,,,Missing,,,,Missing,,,,Missing,,,,,365854552,Port:65535,0,1773323175,868828404,Missing,,,,,,,,,0
4,,365854555,3,Port:1,0,1773323175,918828407,50000003,Enabled,0.677603,0.335357,-0.538628,0.371848,-61.3995,156.113,-1745.59,0.154868,4,OK,-61.2982,155.95,-1745.65,OK,-105.919,135.236,-1735.97,OK,-103.728,80.9117,-1728.51,OK,-42.482,99.606,-1740.08,,365854555,Port:2,0,1773323175,918828407,Enabled,0.930131,0.0310163,0.0355132,0.364188,-87.4037,271.24,-1592.35,0.141407,3,OK,-87.2327,271.308,-1592.36,OK,-128.93,241.298,-1589.61,OK,-130.117,317.562,-1587.07,,365854555,Port:3,0,1773323175,918828407,Missing,,,,,,,,,4,Missing,,,,Missing,,,,Missing,,,,Missing,,,,,365854555,Port:65535,0,1773323175,918828407,Missing,,,,,,,,,0
4,,365854558,3,Port:1,0,1773323175,968828407,50000000,Enabled,0.677257,0.348785,-0.530889,0.371252,-63.3198,153.61,-1742.26,0.152963,4,OK,-63.2101,153.449,-1742.31,OK,-107.242,131.756,-1732.02,OK,-103.851,77.394,-1725.32,OK,-43.2171,97.4075,-1737.9,,365854558,Port:2,0,1773323175,968828407,Enabled,0.930133,0.0308517,0.0355105,0.364198,-87.4044,271.239,-1592.36,0.142443,3,OK,-87.2315,271.307,-1592.37,OK,-128.931,241.297,-1589.61,OK,-130.121,317.562,-1587.09,,365854558,Port:3,0,1773323175,968828407,Missing,,,,,,,,,4,Missing,,,,Missing,,,,Missing,,,,Missing,,,,,365854558,Port:65535,0,1773323175,968828407,Missing,,,,,,,,,0
4,,365854561,3,Port:1,0,1773323176,18828407,50000000,Enabled,0.676045,0.359906,-0.524463,0.37198,-65.2414,151.335,-1739.41,0.162439,4,OK,-65.1225,151.169,-1739.47,OK,-108.602,128.573,-1728.73,OK,-104.118,74.23,-1722.67,OK,-44.0706,95.4756,-1735.95,,365854561,Port:2,0,1773323176,18828407,Enabled,0.93011,0.0310222,0.0357634,0.364217,-87.4052,271.242,-1592.37,0.146759,3,OK,-87.2305,271.315,-1592.39,OK,-128.932,241.288,-1589.61,OK,-130.12,317.568,-1587.08,,365854561,Port:3,0,1773323176,18828407,Missing,,,,,,,,,4,Missing,,,,Missing,,,,Missing,,,,Missing,,,,,365854561,Port:65535,0,1773323176,18828407,Missing,,,,,,,,,0
4,,365854564,3,Port:1,0,1773323176,68828407,50000000,Enabled,0.675182,0.370496,-0.515598,0.375527,-67.5866,149.129,-1737.26,0.159354,4,OK,-67.4529,148.979,-1737.31,OK,-110.243,125.334,-1725.99,OK,-104.422,71.0568,-1720.24,OK,-45.077,93.7588,-1734.42,,365854564,Port:2,0,1773323176,68828407,Enabled,0.930181,0.0307443,0.0347854,0.364154,-87.4038,271.239,-1592.31,0.141235,3,OK,-87.2333,271.308,-1592.32,OK,-128.938,241.302,-1589.63,OK,-130.12,317.568,-1587.09,,365854564,Port:3,0,1773323176,68828407,Missing,,,,,,,,,4,Missing,,,,Missing,,,,Missing,,,,Missing,,,,,365854564,Port:65535,0,1773323176,68828407,Missing,,,,,,,,,0
4,,365854567,3,Port:1,0,1773323176,118828407,50000000,Enabled,0.674433,0.380192,-0.50769,0.377949,-69.4495,147.267,-1735.38,0.15742,4,OK,-69.3158,147.114,-1735.42,OK,-111.454,122.579,-1723.6,OK,-104.471,68.4048,-1718.21,OK,-45.8168,92.3364,-1733.19,,365854567,Port:2,0,1773323176,118828407,Enabled,0.930143,0.0308105,0.0355597,0.36417,-87.4023,271.244,-1592.37,0.142876,3,OK,-87.2295,271.31,-1592.38,OK,-128.93,241.299,-1589.62,OK,-130.117,317.576,-1587.1,,365854567,Port:3,0,1773323176,118828407,Missing,,,,,,,,,4,Missing,,,,Missing,,,,Missing,,,,Missing,,,,,365854567,Port:65535,0,1773323176,118828407,Missing,,,,,,,,,0
4,,365854570,3,Port:1,0,1773323176,168828407,50000000,Enabled,0.674395,0.389272,-0.499311,0.379931,-71.495,145.413,-1733.39,0.172738,4,OK,-71.3521,145.272,-1733.48,OK,-112.846,119.912,-1720.97,OK,-104.795,65.8494,-1715.99,OK,-46.8161,90.9216,-1731.79,,365854570,Port:2,0,1773323176,168828407,Enabled,0.930142,0.0308295,0.0355737,0.364169,-87.4044,271.237,-1592.36,0.139585,3,OK,-87.2363,271.303,-1592.37,OK,-128.928,241.293,-1589.61,OK,-130.117,317.569,-1587.09,,365854570,Port:3,0,1773323176,168828407,Missing,,,,,,,,,4,Missing,,,,Missing,,,,Missing,,,,Missing,,,,,365854570,Port:65535,0,1773323176,168828407,Missing,,,,,,,,,0
4,,365854573,3,Port:1,0,1773323176,218828407,50000000,Enabled,0.672587,0.403063,-0.487091,0.38459,-74.6513,142.54,-1730.64,0.199475,4,OK,-74.5223,142.408,-1730.8,OK,-114.897,115.703,-1717.44,OK,-105.091,61.8833,-1713.1,OK,-48.2805,88.8219,-1729.87,,365854573,Port:2,0,1773323176,218828407,Enabled,0.930173,0.030818,0.0347589,0.364171,-87.4022,271.24,-1592.32,0.140069,3,OK,-87.2305,271.303,-1592.33,OK,-128.933,241.304,-1589.64,OK,-130.123,317.568,-1587.09,,365854573,Port:3,0,1773323176,218828407,Missing,,,,,,,,,4,Missing,,,,Missing,,,,Missing,,,,Missing,,,,,365854573,Port:65535,0,1773323176,218828407,Missing,,,,,,,,,0
4,,365854576,3,Port:1,0,1773323176,268828407,50000000,Enabled,0.671546,0.41731,-0.472406,0.389502,-77.8098,139.156,-1727.63,0.190674,4,OK,-77.6764,139.016,-1727.77,OK,-116.802,110.966,-1713.54,OK,-105.092,57.4703,-1709.66,OK,-49.6717,86.3432,-1727.79,,365854576,Port:2,0,1773323176,268828407,Enabled,0.930165,0.0307958,0.0351405,0.364155,-87.4053,271.238,-1592.34,0.140099,3,OK,-87.2348,271.304,-1592.35,OK,-128.935,241.302,-1589.63,OK,-130.12,317.566,-1587.1,,365854576,Port:3,0,1773323176,268828407,Missing,,,,,,,,,4,Missing,,,,Missing,,,,Missing,,,,Missing,,,,,365854576,Port:65535,0,1773323176,268828407,Missing,,,,,,,,,0
4,,365854579,3,Port:1,0,1773323176,318828407,50000000,Enabled,0.670117,0.431595,-0.459826,0.391446,-80.093,135.737,-1724.19,0.174601,4,OK,-79.9462,135.597,-1724.29,OK,-117.939,106.356,-1709.43,OK,-104.652,53.1681,-1706.24,OK,-50.5168,83.7411,-1725.56,,365854579,Port:2,0,1773323176,318828407,Enabled,0.93015,0.0307332,0.0352413,0.36419,-87.4027,271.24,-1592.34,0.140272,3,OK,-87.2334,271.306,-1592.35,OK,-128.929,241.296,-1589.62,OK,-130.121,317.571,-1587.1,,365854579,Port:3,0,1773323176,318828407,Missing,,,,,,,,,4,Missing,,,,Missing,,,,Missing,,,,Missing,,,,,365854579,Port:65535,0,1773323176,318828407,Missing,,,,,,,,,0
4,,365854582,3,Port:1,0,1773323176,368828407,50000000,Enabled,0.669475,0.444164,-0.446926,0.393418,-81.7525,132.469,-1720.83,0.19847,4,OK,-81.5931,132.312,-1720.96,OK,-118.463,102.044,-1705.27,OK,-103.719,49.205,-1702.78,OK,-50.8894,81.2783,-1723.22,,365854582,Port:2,0,1773323176,368828407,Enabled,0.93015,0.0307995,0.035347,0.364173,-87.406,271.24,-1592.36,0.139044,3,OK,-87.2393,271.307,-1592.37,OK,-128.931,241.297,-1589.63,OK,-130.12,317.571,-1587.11,,365854582,Port:3,0,1773323176,368828407,Missing,,,,,,,,,4,Missing,,,,Missing,,,,Missing,,,,Missing,,,,,365854582,Port:65535,0,1773323176,368828407,Missing,,,,,,,,,0
4,,365854585,3,Port:1,0,1773323176,418828407,50000000,Enabled,0.667567,0.457096,-0.435709,0.39443,-83.426,129.251,-1717.5,0.2072,4,OK,-83.2684,129.099,-1717.65,OK,-119.023,97.7991,-1701.39,OK,-102.952,45.3134,-1699.77,OK,-51.3891,78.8552,-1721.06,,365854585,Port:2,0,1773323176,418828407,Enabled,0.930167,0.0307369,0.0348337,0.364186,-87.4055,271.241,-1592.32,0.138025,3,OK,-87.2363,271.302,-1592.33,OK,-128.933,241.303,-1589.64,OK,-130.127,317.57,-1587.1,,365854585,Port:3,0,1773323176,418828407,Missing,,,,,,,,,4,Missing,,,,Missing,,,,Missing,,,,Missing,,,,,365854585,Port:65535,0,1773323176,418828407,Missing,,,,,,,,,0
4,,365854588,3,Port:1,0,1773323176,468828407,50000000,Enabled,0.664462,0.469568,-0.424687,0.397036,-85.2799,125.974,-1714.35,0.201566,4,OK,-85.109,125.833,-1714.5,OK,-119.709,93.4417,-1697.87,OK,-102.203,41.3839,-1696.97,OK,-51.9801,76.5011,-1718.99,,365854588,Port:2,0,1773323176,468828407,Enabled,0.930145,0.03105,0.0352239,0.364177,-87.4022,271.237,-1592.33,0.14385,3,OK,-87.229,271.308,-1592.34,OK,-128.934,241.295,-1589.62,OK,-130.116,317.56,-1587.05,,365854588,Port:3,0,1773323176,468828407,Missing,,,,,,,,,4,Missing,,,,Missing,,,,Missing,,,,Missing,,,,,365854588,Port:65535,0,1773323176,468828407,Missing,,,,,,,,,0
4,,365854591,3,Port:1,0,1773323176,518828407,50000000,Enabled,0.661507,0.481791,-0.415535,0.39701,-86.4293,123.297,-1711.24,0.219636,4,OK,-86.2624,123.154,-1711.42,OK,-119.828,89.851,-1694.45,OK,-101.21,38.1722,-1694.58,OK,-52.1925,74.6021,-1717.09,,365854591,Port:2,0,1773323176,518828407,Enabled,0.930159,0.0309034,0.0352505,0.364151,-87.4045,271.24,-1592.36,0.142125,3,OK,-87.232,271.307,-1592.37,OK,-128.935,241.301,-1589.64,OK,-130.118,317.57,-1587.1,,365854591,Port:3,0,1773323176,518828407,Missing,,,,,,,,,4,Missing,,,,Missing,,,,Missing,,,,Missing,,,,,365854591,Port:65535,0,1773323176,518828407,Missing,,,,,,,,,0
4,,365854594,3,Port:1,0,1773323176,568828407,50000000,Enabled,0.660031,0.490811,-0.406649,0.397617,-87.3383,121.099,-1708.62,0.23231,4,OK,-87.1692,120.98,-1708.83,OK,-119.839,86.9536,-1691.44,OK,-100.305,35.6169,-1692.23,OK,-52.3304,73.0642,-1715.33,,365854594,Port:2,0,1773323176,568828407,Enabled,0.93011,0.0309659,0.035836,0.364215,-87.4099,271.251,-1592.39,0.144938,3,OK,-87.2344,271.32,-1592.4,OK,-128.935,241.303,-1589.61,OK,-130.126,317.575,-1587.09,,365854594,Port:3,0,1773323176,568828407,Missing,,,,,,,,,4,Missing,,,,Missing,,,,Missing,,,,Missing,,,,,365854594,Port:65535,0,1773323176,568828407,Missing,,,,,,,,,0
4,,365854597,3,Port:1,0,1773323176,618828407,50000000,Enabled,0.657999,0.501415,-0.396415,0.398089,-89.0634,118.181,-1706.08,0.234528,4,OK,-88.892,118.061,-1706.29,OK,-120.512,83.2302,-1688.51,OK,-99.9198,32.3431,-1690.09,OK,-53.1901,70.9421,-1713.85,,365854597,Port:2,0,1773323176,618828407,Enabled,0.930144,0.0306209,0.0354528,0.364196,-87.4057,271.245,-1592.34,0.141814,3,OK,-87.2348,271.312,-1592.36,OK,-128.931,241.299,-1589.6,OK,-130.124,317.578,-1587.11,,365854597,Port:3,0,1773323176,618828407,Missing,,,,,,,,,4,Missing,,,,Missing,,,,Missing,,,,Missing,,,,,365854597,Port:65535,0,1773323176,618828407,Missing,,,,,,,,,0
4,,365854600,3,Port:1,0,1773323176,668828407,50000000,Enabled,0.652914,0.512236,-0.387079,0.401856,-91.1208,114.347,-1704.04,0.253044,4,OK,-90.9455,114.229,-1704.27,OK,-121.37,78.4093,-1686.36,OK,-99.4477,28.108,-1688.71,OK,-54.1196,68.1669,-1712.67,,365854600,Port:2,0,1773323176,668828407,Enabled,0.930149,0.0309825,0.0351851,0.364177,-87.4034,271.238,-1592.35,0.143432,3,OK,-87.228,271.302,-1592.36,OK,-128.933,241.295,-1589.64,OK,-130.122,317.569,-1587.08,,365854600,Port:3,0,1773323176,668828407,Missing,,,,,,,,,4,Missing,,,,Missing,,,,Missing,,,,Missing,,,,,365854600,Port:65535,0,1773323176,668828407,Missing,,,,,,,,,0
4,,365854603,3,Port:1,0,1773323176,718828407,50000000,Enabled,0.648305,0.521437,-0.3831,0.401296,-91.8345,111.166,-1701.86,0.238128,4,OK,-91.6472,111.067,-1702.08,OK,-121.421,74.5619,-1684.43,OK,-98.7919,24.5935,-1687.64,OK,-54.2662,65.6475,-1711.52,,365854603,Port:2,0,1773323176,718828407,Enabled,0.930167,0.0304915,0.0352341,0.364168,-87.4059,271.239,-1592.34,0.143617,3,OK,-87.2307,271.303,-1592.35,OK,-128.936,241.298,-1589.61,OK,-130.126,317.574,-1587.13,,365854603,Port:3,0,1773323176,718828407,Missing,,,,,,,,,4,Missing,,,,Missing,,,,Missing,,,,Missing,,,,,365854603,Port:65535,0,1773323176,718828407,Missing,,,,,,,,,0
4,,365854606,3,Port:1,0,1773323176,768828407,50000000,Enabled,0.645417,0.524832,-0.385222,0.399489,-91.99,109.309,-1700.29,0.213922,4,OK,-91.805,109.199,-1700.47,OK,-121.569,72.5193,-1683.3,OK,-98.917,22.5951,-1686.96,OK,-54.4036,63.9068,-1710.44,,365854606,Port:2,0,1773323176,768828407,Enabled,0.930136,0.0311073,0.0353629,0.364181,-87.4014,271.239,-1592.34,0.14559,3,OK,-87.2243,271.308,-1592.36,OK,-128.933,241.297,-1589.62,OK,-130.117,317.561,-1587.06,,365854606,Port:3,0,1773323176,768828407,Missing,,,,,,,,,4,Missing,,,,Missing,,,,Missing,,,,Missing,,,,,365854606,Port:65535,0,1773323176,768828407,Missing,,,,,,,,,0
4,,365854609,3,Port:1,0,1773323176,818828407,50000000,Enabled,0.641208,0.529613,-0.386845,0.398389,-92.1808,107.28,-1698.84,0.236979,4,OK,-92.0051,107.165,-1699.06,OK,-121.626,70.1634,-1682.28,OK,-98.7791,20.3856,-1686.65,OK,-54.3909,62.1567,-1709.53,,365854609,Port:2,0,1773323176,818828407,Enabled,0.93012,0.0309575,0.0357193,0.364202,-87.4059,271.243,-1592.36,0.143192,3,OK,-87.2349,271.314,-1592.38,OK,-128.932,241.295,-1589.6,OK,-130.118,317.565,-1587.08,,365854609,Port:3,0,1773323176,818828407,Missing,,,,,,,,,4,Missing,,,,Missing,,,,Missing,,,,Missing,,,,,365854609,Port:65535,0,1773323176,818828407,Missing,,,,,,,,,0
4,,365854612,3,Port:1,0,1773323176,868828407,50000000,Enabled,0.638273,0.53592,-0.382263,0.399088,-92.3711,104.898,-1696.97,0.257814,4,OK,-92.1737,104.803,-1697.22,OK,-121.21,67.2629,-1680.43,OK,-97.7543,17.8371,-1685.35,OK,-54.0931,60.3574,-1708.27,,365854612,Port:2,0,1773323176,868828407,Enabled,0.930133,0.0308742,0.0356133,0.364186,-87.409,271.244,-1592.36,0.140466,3,OK,-87.2401,271.312,-1592.37,OK,-128.933,241.3,-1589.61,OK,-130.122,317.571,-1587.09,,365854612,Port:3,0,1773323176,868828407,Missing,,,,,,,,,4,Missing,,,,Missing,,,,Missing,,,,Missing,,,,,365854612,Port:65535,0,1773323176,868828407,Missing,,,,,,,,,0
4,,365854615,3,Port:1,0,1773323176,918828406,49999999,Enabled,0.63423,0.541618,-0.383456,0.396691,-92.2205,102.945,-1694.91,0.267637,4,OK,-92.0414,102.847,-1695.18,OK,-120.874,65.0014,-1678.81,OK,-97.2772,15.7168,-1684.56,OK,-53.8473,58.6771,-1706.91,,365854615,Port:2,0,1773323176,918828406,Enabled,0.930163,0.0304484,0.035161,0.364189,-87.4029,271.244,-1592.32,0.14292,3,OK,-87.2299,271.31,-1592.33,OK,-128.932,241.3,-1589.6,OK,-130.124,317.577,-1587.12,,365854615,Port:3,0,1773323176,918828406,Missing,,,,,,,,,4,Missing,,,,Missing,,,,Missing,,,,Missing,,,,,365854615,Port:65535,0,1773323176,918828406,Missing,,,,,,,,,0
4,,365854618,3,Port:1,0,1773323176,968828406,50000000,Enabled,0.63149,0.54695,-0.381885,0.395259,-91.9261,101.209,-1693.19,0.259861,4,OK,-91.7405,101.112,-1693.44,OK,-120.259,62.935,-1677.31,OK,-96.3871,13.8568,-1683.64,OK,-53.3572,57.2993,-1705.83,,365854618,Port:2,0,1773323176,968828406,Enabled,0.930136,0.0308833,0.0353833,0.364199,-87.4032,271.244,-1592.35,0.143298,3,OK,-87.2306,271.313,-1592.37,OK,-128.931,241.297,-1589.62,OK,-130.12,317.572,-1587.09,,365854618,Port:3,0,1773323176,968828406,Missing,,,,,,,,,4,Missing,,,,Missing,,,,Missing,,,,Missing,,,,,365854618,Port:65535,0,1773323176,968828406,Missing,,,,,,,,,0
4,,365854621,3,Port:1,0,1773323177,18828406,50000000,Enabled,0.629093,0.551756,-0.382378,0.391911,-91.6639,99.9212,-1691.67,0.272039,4,OK,-91.4629,99.8419,-1691.93,OK,-119.912,61.4231,-1676.08,OK,-96.0233,12.4489,-1683.1,OK,-53.1039,56.2096,-1705.03,,365854621,Port:2,0,1773323177,18828406,Enabled,0.930124,0.0313197,0.0354137,0.364191,-87.4039,271.242,-1592.36,0.139846,3,OK,-87.2337,271.308,-1592.37,OK,-128.929,241.301,-1589.63,OK,-130.118,317.562,-1587.04,,365854621,Port:3,0,1773323177,18828406,Missing,,,,,,,,,4,Missing,,,,Missing,,,,Missing,,,,Missing,,,,,365854621,Port:65535,0,1773323177,18828406,Missing,,,,,,,,,0
4,,365854624,3,Port:1,0,1773323177,68828406,50000000,Enabled,0.626195,0.555116,-0.381438,0.392724,-92.1556,98.4064,-1690.63,0.237472,4,OK,-91.9542,98.3245,-1690.85,OK,-120.12,59.6306,-1675.32,OK,-95.8942,10.8555,-1682.56,OK,-53.322,55.0395,-1704.31,,365854624,Port:2,0,1773323177,68828406,Enabled,0.930161,0.0310674,0.0350967,0.364147,-87.4073,271.242,-1592.34,0.139964,3,OK,-87.2384,271.311,-1592.36,OK,-128.938,241.305,-1589.64,OK,-130.118,317.568,-1587.07,,365854624,Port:3,0,1773323177,68828406,Missing,,,,,,,,,4,Missing,,,,Missing,,,,Missing,,,,Missing,,,,,365854624,Port:65535,0,1773323177,68828406,Missing,,,,,,,,,0
4,,365854627,3,Port:1,0,1773323177,118828406,50000000,Enabled,0.622642,0.559597,-0.380128,0.393283,-92.5565,96.8884,-1689.39,0.246886,4,OK,-92.3634,96.7991,-1689.63,OK,-120.159,57.767,-1674.32,OK,-95.5436,9.25429,-1682.05,OK,-53.3922,53.9537,-1703.48,,365854627,Port:2,0,1773323177,118828406,Enabled,0.930143,0.0308296,0.0355134,0.364173,-87.401,271.24,-1592.33,0.143066,3,OK,-87.2283,271.309,-1592.35,OK,-128.93,241.297,-1589.59,OK,-130.115,317.567,-1587.07,,365854627,Port:3,0,1773323177,118828406,Missing,,,,,,,,,4,Missing,,,,Missing,,,,Missing,,,,Missing,,,,,365854627,Port:65535,0,1773323177,118828406,Missing,,,,,,,,,0
4,,365854630,3,Port:1,0,1773323177,168828406,50000000,Enabled,0.622071,0.562992,-0.376434,0.392894,-92.3602,96.0634,-1688.51,0.262985,4,OK,-92.1633,95.9833,-1688.77,OK,-119.606,56.7161,-1673.3,OK,-94.7156,8.39115,-1681.36,OK,-52.9966,53.4283,-1702.97,,365854630,Port:2,0,1773323177,168828406,Enabled,0.930131,0.0310506,0.0353271,0.364203,-87.405,271.245,-1592.36,0.143195,3,OK,-87.2333,271.316,-1592.38,OK,-128.934,241.299,-1589.64,OK,-130.12,317.567,-1587.08,,365854630,Port:3,0,1773323177,168828406,Missing,,,,,,,,,4,Missing,,,,Missing,,,,Missing,,,,Missing,,,,,365854630,Port:65535,0,1773323177,168828406,Missing,,,,,,,,,0
4,,365854633,3,Port:1,0,1773323177,218828406,50000000,Enabled,0.623305,0.563559,-0.3751,0.391397,-91.4424,96.4412,-1688.38,0.28925,4,OK,-91.2536,96.3501,-1688.68,OK,-118.654,57.1347,-1672.98,OK,-93.8405,8.78444,-1681.2,OK,-52.1793,53.7566,-1702.97,,365854633,Port:2,0,1773323177,218828406,Enabled,0.930156,0.0309727,0.0351086,0.364168,-87.4051,271.244,-1592.36,0.138845,3,OK,-87.2365,271.309,-1592.37,OK,-128.933,241.305,-1589.66,OK,-130.12,317.572,-1587.1,,365854633,Port:3,0,1773323177,218828406,Missing,,,,,,,,,4,Missing,,,,Missing,,,,Missing,,,,Missing,,,,,365854633,Port:65535,0,1773323177,218828406,Missing,,,,,,,,,0
4,,365854636,3,Port:1,0,1773323177,268828406,50000000,Enabled,0.627392,0.558696,-0.374459,0.392452,-90.2296,98.1234,-1689.47,0.243667,4,OK,-90.037,98.0408,-1689.7,OK,-117.644,59.1332,-1673.7,OK,-93.0569,10.5592,-1681.19,OK,-51.164,55.0806,-1703.55,,365854636,Port:2,0,1773323177,268828406,Enabled,0.930098,0.0310747,0.0358485,0.364235,-87.4058,271.252,-1592.38,0.144334,3,OK,-87.2348,271.326,-1592.39,OK,-128.93,241.3,-1589.61,OK,-130.118,317.568,-1587.07,,365854636,Port:3,0,1773323177,268828406,Missing,,,,,,,,,4,Missing,,,,Missing,,,,Missing,,,,Missing,,,,,365854636,Port:65535,0,1773323177,268828406,Missing,,,,,,,,,0
4,,365854639,3,Port:1,0,1773323177,318828406,50000000,Enabled,0.631383,0.548679,-0.38847,0.386521,-87.3007,102.429,-1691.54,0.28292,4,OK,-87.1038,102.329,-1691.82,OK,-116.225,64.411,-1676.11,OK,-93.2156,15.0261,-1683.23,OK,-49.5275,58.0803,-1704.88,,365854639,Port:2,0,1773323177,318828406,Enabled,0.930149,0.0307161,0.0351084,0.364207,-87.4041,271.247,-1592.34,0.144882,3,OK,-87.2312,271.319,-1592.35,OK,-128.936,241.298,-1589.63,OK,-130.122,317.572,-1587.11,,365854639,Port:3,0,1773323177,318828406,Missing,,,,,,,,,4,Missing,,,,Missing,,,,Missing,,,,Missing,,,,,365854639,Port:65535,0,1773323177,318828406,Missing,,,,,,,,,0
4,,365854642,3,Port:1,0,1773323177,368828406,50000000,Enabled,0.640595,0.51626,-0.426777,0.375465,-82.4635,111.785,-1698.33,0.260055,4,OK,-82.2845,111.668,-1698.58,OK,-115.426,76.6995,-1684.12,OK,-96.5359,25.3828,-1689.43,OK,-48.0736,64.0743,-1709.15,,365854642,Port:2,0,1773323177,368828406,Enabled,0.930144,0.0307642,0.0353543,0.364193,-87.4059,271.24,-1592.32,0.143965,3,OK,-87.2312,271.309,-1592.34,OK,-128.936,241.298,-1589.59,OK,-130.124,317.565,-1587.07,,365854642,Port:3,0,1773323177,368828406,Missing,,,,,,,,,4,Missing,,,,Missing,,,,Missing,,,,Missing,,,,,365854642,Port:65535,0,1773323177,368828406,Missing,,,,,,,,,0
4,,365854645,3,Port:1,0,1773323177,418828406,50000000,Enabled,0.648774,0.479238,-0.45896,0.37253,-77.8718,121.385,-1707.02,0.234648,4,OK,-77.6959,121.259,-1707.22,OK,-114.138,89.2848,-1693.91,OK,-98.9235,36.5767,-1696.63,OK,-46.6186,70.9466,-1714.49,,365854645,Port:2,0,1773323177,418828406,Enabled,0.930155,0.0307959,0.0352542,0.364172,-87.4043,271.242,-1592.32,0.142839,3,OK,-87.2326,271.313,-1592.33,OK,-128.935,241.301,-1589.6,OK,-130.119,317.569,-1587.07,,365854645,Port:3,0,1773323177,418828406,Missing,,,,,,,,,4,Missing,,,,Missing,,,,Missing,,,,Missing,,,,,365854645,Port:65535,0,1773323177,418828406,Missing,,,,,,,,,0
4,,365854648,3,Port:1,0,1773323177,468828406,50000000,Enabled,0.658006,0.44402,-0.485818,0.365861,-71.8055,130.567,-1715.21,0.215761,4,OK,-71.6414,130.419,-1715.37,OK,-110.897,101.596,-1703.01,OK,-99.5431,47.8832,-1703.54,OK,-44.0692,77.7807,-1719.86,,365854648,Port:2,0,1773323177,468828406,Enabled,0.930137,0.0309576,0.035436,0.364186,-87.4041,271.245,-1592.38,0.14182,3,OK,-87.233,271.313,-1592.39,OK,-128.931,241.302,-1589.64,OK,-130.119,317.57,-1587.1,,365854648,Port:3,0,1773323177,468828406,Missing,,,,,,,,,4,Missing,,,,Missing,,,,Missing,,,,Missing,,,,,365854648,Port:65535,0,1773323177,468828406,Missing,,,,,,,,,0
4,,365854651,3,Port:1,0,1773323177,518828406,50000000,Enabled,0.666984,0.411193,-0.508096,0.357617,-64.6018,138.692,-1722.73,0.177365,4,OK,-64.464,138.51,-1722.81,OK,-106.014,112.834,-1711.38,OK,-98.4171,58.4779,-1709.96,OK,-40.4578,84.0146,-1725.02,,365854651,Port:2,0,1773323177,518828406,Enabled,0.930139,0.0310898,0.0352704,0.364186,-87.4055,271.237,-1592.34,0.141004,3,OK,-87.2366,271.307,-1592.35,OK,-128.933,241.293,-1589.63,OK,-130.118,317.561,-1587.06,,365854651,Port:3,0,1773323177,518828406,Missing,,,,,,,,,4,Missing,,,,Missing,,,,Missing,,,,Missing,,,,,365854651,Port:65535,0,1773323177,518828406,Missing,,,,,,,,,0
4,,365854654,3,Port:1,0,1773323177,568828406,50000000,Enabled,0.672064,0.369947,-0.5401,0.346065,-56.1148,146.411,-1730.69,0.156426,4,OK,-55.9802,146.265,-1730.74,OK,-100.212,124.524,-1721.23,OK,-97.5088,69.7941,-1718.14,OK,-36.7917,89.7829,-1730.36,,365854654,Port:2,0,1773323177,568828406,Enabled,0.930147,0.0310102,0.0353141,0.364166,-87.4045,271.248,-1592.37,0.144618,3,OK,-87.2298,271.317,-1592.38,OK,-128.936,241.304,-1589.65,OK,-130.119,317.577,-1587.09,,365854654,Port:3,0,1773323177,568828406,Missing,,,,,,,,,4,Missing,,,,Missing,,,,Missing,,,,Missing,,,,,365854654,Port:65535,0,1773323177,568828406,Missing,,,,,,,,,0
4,,365854657,3,Port:1,0,1773323177,618828406,50000000,Enabled,0.671036,0.342827,-0.562579,0.340125,-49.8715,151.189,-1735.87,0.148041,4,OK,-49.7488,151.039,-1735.9,OK,-95.4568,131.805,-1728.2,OK,-95.8186,77.0713,-1724.28,OK,-33.6454,93.6203,-1733.96,,365854657,Port:2,0,1773323177,618828406,Enabled,0.930153,0.0309047,0.0353602,0.364156,-87.4038,271.242,-1592.36,0.13869,3,OK,-87.236,271.309,-1592.37,OK,-128.93,241.305,-1589.63,OK,-130.116,317.569,-1587.09,,365854657,Port:3,0,1773323177,618828406,Missing,,,,,,,,,4,Missing,,,,Missing,,,,Missing,,,,Missing,,,,,365854657,Port:65535,0,1773323177,618828406,Missing,,,,,,,,,0
4,,365854660,3,Port:1,0,1773323177,668828406,50000000,Enabled,0.670669,0.313723,-0.586855,0.327691,-42.5016,155.422,-1739.36,0.14242,4,OK,-42.3802,155.283,-1739.37,OK,-89.5578,139.133,-1733.62,OK,-93.7059,84.5936,-1729.3,OK,-30.2139,96.9289,-1736.35,,365854660,Port:2,0,1773323177,668828406,Enabled,0.930149,0.0308989,0.035369,0.364167,-87.4086,271.238,-1592.34,0.140848,3,OK,-87.2385,271.306,-1592.36,OK,-128.936,241.297,-1589.61,OK,-130.122,317.566,-1587.08,,365854660,Port:3,0,1773323177,668828406,Missing,,,,,,,,,4,Missing,,,,Missing,,,,Missing,,,,Missing,,,,,365854660,Port:65535,0,1773323177,668828406,Missing,,,,,,,,,0
4,,365854663,3,Port:1,0,1773323177,718828406,50000000,Enabled,0.665946,0.289572,-0.610652,0.31586,-35.5731,158.881,-1742.42,0.147602,4,OK,-35.4626,158.727,-1742.42,OK,-83.6829,145.249,-1738.86,OK,-91.0551,91.0615,-1734.82,OK,-26.7445,99.7973,-1738.93,,365854663,Port:2,0,1773323177,718828406,Enabled,0.930144,0.0309909,0.0353985,0.364169,-87.4045,271.242,-1592.34,0.141433,3,OK,-87.2343,271.311,-1592.36,OK,-128.933,241.3,-1589.61,OK,-130.117,317.569,-1587.07,,365854663,Port:3,0,1773323177,718828406,Missing,,,,,,,,,4,Missing,,,,Missing,,,,Missing,,,,Missing,,,,,365854663,Port:65535,0,1773323177,718828406,Missing,,,,,,,,,0
4,,365854666,3,Port:1,0,1773323177,768828406,50000000,Enabled,0.666387,0.274909,-0.620413,0.308934,-30.7574,161.428,-1745.08,0.161927,4,OK,-30.6407,161.275,-1745.01,OK,-79.3507,149.402,-1742.38,OK,-88.5696,95.5194,-1738.07,OK,-23.9701,102.109,-1741.19,,365854666,Port:2,0,1773323177,768828406,Enabled,0.930157,0.0306902,0.0349225,0.364206,-87.3984,271.241,-1592.33,0.14095,3,OK,-87.2274,271.307,-1592.34,OK,-128.927,241.298,-1589.64,OK,-130.121,317.57,-1587.11,,365854666,Port:3,0,1773323177,768828406,Missing,,,,,,,,,4,Missing,,,,Missing,,,,Missing,,,,Missing,,,,,365854666,Port:65535,0,1773323177,768828406,Missing,,,,,,,,,0
4,,365854669,3,Port:1,0,1773323177,818828406,50000000,Enabled,0.666803,0.264402,-0.623735,0.310514,-28.9328,163.169,-1747.64,0.151749,4,OK,-28.8193,163.015,-1747.61,OK,-77.7037,151.816,-1745.29,OK,-87.6814,98.1148,-1740.4,OK,-22.9656,103.83,-1742.82,,365854669,Port:2,0,1773323177,818828406,Enabled,0.930148,0.0308756,0.0351579,0.364192,-87.4022,271.24,-1592.33,0.142739,3,OK,-87.2282,271.305,-1592.34,OK,-128.931,241.296,-1589.62,OK,-130.122,317.569,-1587.08,,365854669,Port:3,0,1773323177,818828406,Missing,,,,,,,,,4,Missing,,,,Missing,,,,Missing,,,,Missing,,,,,365854669,Port:65535,0,1773323177,818828406,Missing,,,,,,,,,0
4,,365854672,3,Port:1,0,1773323177,868828406,50000000,Enabled,0.66544,0.260646,-0.625949,0.312154,-29.2318,164.22,-1749.01,0.14943,4,OK,-29.1283,164.062,-1748.98,OK,-78.0576,153.018,-1746.97,OK,-88.2092,99.3798,-1741.92,OK,-23.467,104.878,-1743.84,,365854672,Port:2,0,1773323177,868828406,Enabled,0.930161,0.0305429,0.0351961,0.364182,-87.4023,271.247,-1592.34,0.140685,3,OK,-87.2328,271.313,-1592.35,OK,-128.929,241.303,-1589.62,OK,-130.121,317.581,-1587.13,,365854672,Port:3,0,1773323177,868828406,Missing,,,,,,,,,4,Missing,,,,Missing,,,,Missing,,,,Missing,,,,,365854672,Port:65535,0,1773323177,868828406,Missing,,,,,,,,,0
4,,365854675,3,Port:1,0,1773323177,918828406,50000000,Enabled,0.665334,0.261799,-0.623846,0.315607,-30.5416,164.547,-1749.6,0.147946,4,OK,-30.4275,164.403,-1749.55,OK,-79.2833,153.005,-1747.46,OK,-89.0533,99.2996,-1742.13,OK,-24.3352,105.267,-1744.21,,365854675,Port:2,0,1773323177,918828406,Enabled,0.930129,0.0310484,0.0353902,0.364202,-87.4069,271.245,-1592.36,0.142484,3,OK,-87.2341,271.312,-1592.37,OK,-128.934,241.3,-1589.63,OK,-130.124,317.569,-1587.07,,365854675,Port:3,0,1773323177,918828406,Missing,,,,,,,,,4,Missing,,,,Missing,,,,Missing,,,,Missing,,,,,365854675,Port:65535,0,1773323177,918828406,Missing,,,,,,,,,0
4,,365854678,3,Port:1,0,1773323177,968828406,50000000,Enabled,0.665584,0.264154,-0.623354,0.314088,-30.9581,164.497,-1749.17,0.165393,4,OK,-30.8489,164.34,-1749.08,OK,-79.6762,152.9,-1746.97,OK,-89.3729,99.1562,-1741.77,OK,-24.6803,105.208,-1744.1,,365854678,Port:2,0,1773323177,968828406,Enabled,0.930136,0.03089,0.0356905,0.364168,-87.4078,271.242,-1592.37,0.145825,3,OK,-87.2322,271.312,-1592.38,OK,-128.938,241.297,-1589.61,OK,-130.12,317.569,-1587.09,,365854678,Port:3,0,1773323177,968828406,Missing,,,,,,,,,4,Missing,,,,Missing,,,,Missing,,,,Missing,,,,,365854678,Port:65535,0,1773323177,968828406,Missing,,,,,,,,,0
4,,365854681,3,Port:1,0,1773323178,18828406,50000000,Enabled,0.665865,0.264433,-0.623328,0.313306,-30.5944,164.061,-1748.63,0.14659,4,OK,-30.4871,163.909,-1748.62,OK,-79.3227,152.494,-1746.32,OK,-89.0588,98.7719,-1741.32,OK,-24.3575,104.754,-1743.59,,365854681,Port:2,0,1773323178,18828406,Enabled,0.930152,0.0307842,0.0353849,0.364168,-87.3993,271.236,-1592.33,0.140564,3,OK,-87.2306,271.305,-1592.34,OK,-128.927,241.294,-1589.59,OK,-130.112,317.566,-1587.08,,365854681,Port:3,0,1773323178,18828406,Missing,,,,,,,,,4,Missing,,,,Missing,,,,Missing,,,,Missing,,,,,365854681,Port:65535,0,1773323178,18828406,Missing,,,,,,,,,0
4,,365854684,3,Port:1,0,1773323178,68828406,50000000,Enabled,0.665983,0.26446,-0.623421,0.312848,-30.359,163.595,-1748.35,0.181798,4,OK,-30.2456,163.423,-1748.24,OK,-79.1091,152.07,-1746.13,OK,-88.8592,98.3419,-1740.99,OK,-24.1616,104.291,-1743.41,,365854684,Port:2,0,1773323178,68828406,Enabled,0.930129,0.0309338,0.0354262,0.364209,-87.4043,271.238,-1592.35,0.137129,3,OK,-87.2384,271.303,-1592.36,OK,-128.925,241.295,-1589.61,OK,-130.121,317.563,-1587.08,,365854684,Port:3,0,1773323178,68828406,Missing,,,,,,,,,4,Missing,,,,Missing,,,,Missing,,,,Missing,,,,,365854684,Port:65535,0,1773323178,68828406,Missing,,,,,,,,,0
4,,365854687,3,Port:1,0,1773323178,118828406,50000000,Enabled,0.666333,0.265485,-0.622943,0.312186,-30.3191,163.367,-1748.02,0.150476,4,OK,-30.2032,163.217,-1747.98,OK,-79.0425,151.812,-1745.64,OK,-88.7934,98.0623,-1740.7,OK,-24.0881,104.055,-1743.14,,365854687,Port:2,0,1773323178,118828406,Enabled,0.930148,0.0308533,0.035408,0.36417,-87.4072,271.241,-1592.36,0.142861,3,OK,-87.2346,271.31,-1592.37,OK,-128.937,241.299,-1589.63,OK,-130.121,317.569,-1587.1,,365854687,Port:3,0,1773323178,118828406,Missing,,,,,,,,,4,Missing,,,,Missing,,,,Missing,,,,Missing,,,,,365854687,Port:65535,0,1773323178,118828406,Missing,,,,,,,,,0
4,,365854690,3,Port:1,0,1773323178,168828406,50000000,Enabled,0.666583,0.264554,-0.622843,0.312643,-30.2841,163.459,-1748.25,0.145657,4,OK,-30.1768,163.312,-1748.2,OK,-79.0179,151.947,-1745.88,OK,-88.7974,98.2123,-1740.82,OK,-24.0899,104.141,-1743.25,,365854690,Port:2,0,1773323178,168828406,Enabled,0.930127,0.0310355,0.0355379,0.364194,-87.4014,271.242,-1592.36,0.144761,3,OK,-87.2274,271.314,-1592.37,OK,-128.931,241.297,-1589.61,OK,-130.115,317.564,-1587.07,,365854690,Port:3,0,1773323178,168828406,Missing,,,,,,,,,4,Missing,,,,Missing,,,,Missing,,,,Missing,,,,,365854690,Port:65535,0,1773323178,168828406,Missing,,,,,,,,,0
4,,365854693,3,Port:1,0,1773323178,218828406,50000000,Enabled,0.665987,0.262912,-0.62363,0.313727,-30.1775,163.729,-1748.83,0.15834,4,OK,-30.0703,163.569,-1748.76,OK,-78.9273,152.257,-1746.62,OK,-88.756,98.5409,-1741.4,OK,-24.0401,104.432,-1743.67,,365854693,Port:2,0,1773323178,218828406,Enabled,0.930138,0.0309119,0.0353983,0.364191,-87.4061,271.239,-1592.34,0.142406,3,OK,-87.2338,271.307,-1592.35,OK,-128.934,241.296,-1589.61,OK,-130.122,317.564,-1587.07,,365854693,Port:3,0,1773323178,218828406,Missing,,,,,,,,,4,Missing,,,,Missing,,,,Missing,,,,Missing,,,,,365854693,Port:65535,0,1773323178,218828406,Missing,,,,,,,,,0
4,,365854696,3,Port:1,0,1773323178,268828406,50000000,Enabled,0.666147,0.261497,-0.624756,0.312327,-29.6044,163.979,-1748.98,0.17799,4,OK,-29.4914,163.826,-1748.87,OK,-78.4107,152.713,-1746.9,OK,-88.4682,99.0406,-1741.63,OK,-23.7397,104.648,-1743.88,,365854696,Port:2,0,1773323178,268828406,Enabled,0.930134,0.0310132,0.0355863,0.364175,-87.4063,271.24,-1592.38,0.144473,3,OK,-87.2319,271.309,-1592.4,OK,-128.935,241.296,-1589.63,OK,-130.119,317.566,-1587.09,,365854696,Port:3,0,1773323178,268828406,Missing,,,,,,,,,4,Missing,,,,Missing,,,,Missing,,,,Missing,,,,,365854696,Port:65535,0,1773323178,268828406,Missing,,,,,,,,,0
4,,365854699,3,Port:1,0,1773323178,318828406,50000000,Enabled,0.667095,0.260114,-0.624437,0.312094,-29.1684,164.057,-1749.2,0.150908,4,OK,-29.0668,163.904,-1749.14,OK,-77.9904,152.917,-1746.99,OK,-88.1945,99.2818,-1741.69,OK,-23.4358,104.721,-1743.93,,365854699,Port:2,0,1773323178,318828406,Enabled,0.930147,0.0308934,0.0352077,0.364188,-87.3996,271.239,-1592.34,0.140436,3,OK,-87.2293,271.305,-1592.35,OK,-128.926,241.297,-1589.62,OK,-130.117,317.567,-1587.08,,365854699,Port:3,0,1773323178,318828406,Missing,,,,,,,,,4,Missing,,,,Missing,,,,Missing,,,,Missing,,,,,365854699,Port:65535,0,1773323178,318828406,Missing,,,,,,,,,0
4,,365854702,3,Port:1,0,1773323178,368828406,50000000,Enabled,0.666607,0.259548,-0.62453,0.313419,-29.1839,163.92,-1749.25,0.151903,4,OK,-29.0713,163.777,-1749.19,OK,-77.9958,152.709,-1747.1,OK,-88.1437,99.0807,-1741.72,OK,-23.3865,104.606,-1743.84,,365854702,Port:2,0,1773323178,368828406,Enabled,0.930132,0.0307111,0.0353873,0.364225,-87.4016,271.241,-1592.32,0.143492,3,OK,-87.2282,271.309,-1592.33,OK,-128.928,241.294,-1589.59,OK,-130.122,317.564,-1587.08,,365854702,Port:3,0,1773323178,368828406,Missing,,,,,,,,,4,Missing,,,,Missing,,,,Missing,,,,Missing,,,,,365854702,Port:65535,0,1773323178,368828406,Missing,,,,,,,,,0
4,,365854705,3,Port:1,0,1773323178,418828406,50000000,Enabled,0.667866,0.259992,-0.623646,0.312129,-29.1598,163.833,-1749.09,0.152454,4,OK,-29.0505,163.686,-1749.03,OK,-77.9855,152.696,-1746.78,OK,-88.1823,99.079,-1741.4,OK,-23.429,104.5,-1743.77,,365854705,Port:2,0,1773323178,418828406,Enabled,0.930137,0.0306477,0.0354007,0.364215,-87.4006,271.236,-1592.33,0.14238,3,OK,-87.229,271.302,-1592.34,OK,-128.926,241.287,-1589.59,OK,-130.121,317.566,-1587.1,,365854705,Port:3,0,1773323178,418828406,Missing,,,,,,,,,4,Missing,,,,Missing,,,,Missing,,,,Missing,,,,,365854705,Port:65535,0,1773323178,418828406,Missing,,,,,,,,,0
4,,365854708,3,Port:1,0,1773323178,468828406,50000000,Enabled,0.667128,0.261574,-0.623512,0.312652,-29.4637,163.697,-1748.97,0.163156,4,OK,-29.3513,163.537,-1748.9,OK,-78.2508,152.391,-1746.67,OK,-88.276,98.7455,-1741.39,OK,-23.5512,104.39,-1743.75,,365854708,Port:2,0,1773323178,468828406,Enabled,0.930126,0.0310125,0.0355847,0.364196,-87.401,271.24,-1592.36,0.142448,3,OK,-87.2299,271.309,-1592.37,OK,-128.927,241.293,-1589.61,OK,-130.115,317.565,-1587.07,,365854708,Port:3,0,1773323178,468828406,Missing,,,,,,,,,4,Missing,,,,Missing,,,,Missing,,,,Missing,,,,,365854708,Port:65535,0,1773323178,468828406,Missing,,,,,,,,,0
4,,365854711,3,Port:1,0,1773323178,518828406,50000000,Enabled,0.668096,0.260534,-0.622808,0.312859,-29.3957,163.764,-1749.1,0.165366,4,OK,-29.2809,163.609,-1749.02,OK,-78.2007,152.531,-1746.73,OK,-88.2784,98.9043,-1741.26,OK,-23.5463,104.456,-1743.75,,365854711,Port:2,0,1773323178,518828406,Enabled,0.930136,0.0311134,0.0351758,0.3642,-87.4062,271.244,-1592.36,0.14353,3,OK,-87.2325,271.313,-1592.37,OK,-128.936,241.3,-1589.65,OK,-130.123,317.567,-1587.08,,365854711,Port:3,0,1773323178,518828406,Missing,,,,,,,,,4,Missing,,,,Missing,,,,Missing,,,,Missing,,,,,365854711,Port:65535,0,1773323178,518828406,Missing,,,,,,,,,0
4,,365854714,3,Port:1,0,1773323178,568828406,50000000,Enabled,0.667805,0.259185,-0.623365,0.313489,-29.0497,163.985,-1749.15,0.141091,4,OK,-28.9525,163.84,-1749.12,OK,-77.8602,152.807,-1746.82,OK,-88.0146,99.2025,-1741.35,OK,-23.259,104.667,-1743.63,,365854714,Port:2,0,1773323178,568828406,Enabled,0.930151,0.0309233,0.0352574,0.364171,-87.4051,271.245,-1592.37,0.143757,3,OK,-87.2321,271.313,-1592.39,OK,-128.935,241.298,-1589.65,OK,-130.12,317.576,-1587.11,,365854714,Port:3,0,1773323178,568828406,Missing,,,,,,,,,4,Missing,,,,Missing,,,,Missing,,,,Missing,,,,,365854714,Port:65535,0,1773323178,568828406,Missing,,,,,,,,,0
4,,365854717,3,Port:1,0,1773323178,618828406,50000000,Enabled,0.668479,0.258233,-0.623536,0.312497,-28.6671,164.188,-1749.2,0.156956,4,OK,-28.5574,164.034,-1749.13,OK,-77.518,153.157,-1746.86,OK,-87.8218,99.5825,-1741.32,OK,-23.0594,104.868,-1743.68,,365854717,Port:2,0,1773323178,618828406,Enabled,0.930159,0.0309653,0.0348126,0.364189,-87.3985,271.245,-1592.33,0.140215,3,OK,-87.2276,271.311,-1592.34,OK,-128.929,241.307,-1589.66,OK,-130.117,317.567,-1587.08,,365854717,Port:3,0,1773323178,618828406,Missing,,,,,,,,,4,Missing,,,,Missing,,,,Missing,,,,Missing,,,,,365854717,Port:65535,0,1773323178,618828406,Missing,,,,,,,,,0
4,,365854720,3,Port:1,0,1773323178,668828406,50000000,Enabled,0.668194,0.257795,-0.623245,0.314045,-28.7081,164.08,-1749.45,0.149291,4,OK,-28.6127,163.924,-1749.4,OK,-77.5351,152.968,-1747.13,OK,-87.7483,99.3912,-1741.48,OK,-22.9907,104.777,-1743.77,,365854720,Port:2,0,1773323178,668828406,Enabled,0.930149,0.0308076,0.0351642,0.364193,-87.4012,271.236,-1592.32,0.139033,3,OK,-87.2344,271.305,-1592.33,OK,-128.928,241.295,-1589.6,OK,-130.117,317.56,-1587.07,,365854720,Port:3,0,1773323178,668828406,Missing,,,,,,,,,4,Missing,,,,Missing,,,,Missing,,,,Missing,,,,,365854720,Port:65535,0,1773323178,668828406,Missing,,,,,,,,,0
4,,365854723,3,Port:1,0,1773323178,718828406,50000000,Enabled,0.66893,0.257635,-0.622295,0.314492,-28.506,164.083,-1749.8,0.166234,4,OK,-28.3998,163.927,-1749.7,OK,-77.3283,152.955,-1747.41,OK,-87.5035,99.3747,-1741.57,OK,-22.7593,104.797,-1744.05,,365854723,Port:2,0,1773323178,718828406,Enabled,0.930162,0.0309201,0.0350965,0.364158,-87.4019,271.235,-1592.33,0.139071,3,OK,-87.2304,271.296,-1592.35,OK,-128.93,241.3,-1589.63,OK,-130.12,317.565,-1587.08,,365854723,Port:3,0,1773323178,718828406,Missing,,,,,,,,,4,Missing,,,,Missing,,,,Missing,,,,Missing,,,,,365854723,Port:65535,0,1773323178,718828406,Missing,,,,,,,,,0
4,,365854726,3,Port:1,0,1773323178,768828406,50000000,Enabled,0.670706,0.255302,-0.621942,0.313309,-27.3111,164.646,-1750.5,0.171414,4,OK,-27.2104,164.475,-1750.41,OK,-76.1857,153.793,-1748,OK,-86.6437,100.284,-1741.99,OK,-21.8725,105.357,-1744.6,,365854726,Port:2,0,1773323178,768828406,Enabled,0.930149,0.0310858,0.0354015,0.364146,-87.4015,271.239,-1592.37,0.145713,3,OK,-87.2221,271.305,-1592.39,OK,-128.935,241.303,-1589.64,OK,-130.116,317.566,-1587.08,,365854726,Port:3,0,1773323178,768828406,Missing,,,,,,,,,4,Missing,,,,Missing,,,,Missing,,,,Missing,,,,,365854726,Port:65535,0,1773323178,768828406,Missing,,,,,,,,,0
4,,365854729,3,Port:1,0,1773323178,818828406,50000000,Enabled,0.670766,0.249258,-0.624349,0.313259,-26.2671,165.492,-1751.98,0.164436,4,OK,-26.165,165.342,-1751.88,OK,-75.2498,155.086,-1749.75,OK,-86.227,101.708,-1743.46,OK,-21.4006,106.184,-1745.66,,365854729,Port:2,0,1773323178,818828406,Enabled,0.930157,0.0309387,0.034941,0.364183,-87.4034,271.246,-1592.33,0.140122,3,OK,-87.2318,271.31,-1592.35,OK,-128.933,241.309,-1589.65,OK,-130.123,317.571,-1587.08,,365854729,Port:3,0,1773323178,818828406,Missing,,,,,,,,,4,Missing,,,,Missing,,,,Missing,,,,Missing,,,,,365854729,Port:65535,0,1773323178,818828406,Missing,,,,,,,,,0
4,,365854732,3,Port:1,0,1773323178,868828406,50000000,Enabled,0.668478,0.247212,-0.627062,0.314351,-26.4432,165.954,-1752.51,0.178902,4,OK,-26.3381,165.796,-1752.39,OK,-75.4582,155.604,-1750.7,OK,-86.5309,102.238,-1744.39,OK,-21.6943,106.655,-1746.09,,365854732,Port:2,0,1773323178,868828406,Enabled,0.930165,0.0306299,0.0351842,0.364167,-87.4075,271.243,-1592.35,0.140854,3,OK,-87.2366,271.308,-1592.37,OK,-128.936,241.303,-1589.63,OK,-130.125,317.575,-1587.13,,365854732,Port:3,0,1773323178,868828406,Missing,,,,,,,,,4,Missing,,,,Missing,,,,Missing,,,,Missing,,,,,365854732,Port:65535,0,1773323178,868828406,Missing,,,,,,,,,0
4,,365854735,3,Port:1,0,1773323178,918828407,50000001,Enabled,0.670512,0.247968,-0.625177,0.313176,-26.574,165.887,-1751.99,0.140421,4,OK,-26.4791,165.74,-1751.94,OK,-75.5855,155.593,-1749.81,OK,-86.6684,102.229,-1743.58,OK,-21.8384,106.562,-1745.56,,365854735,Port:2,0,1773323178,918828407,Enabled,0.930129,0.0307961,0.0352029,0.364242,-87.4038,271.252,-1592.34,0.141796,3,OK,-87.2331,271.321,-1592.35,OK,-128.929,241.303,-1589.62,OK,-130.126,317.574,-1587.09,,365854735,Port:3,0,1773323178,918828407,Missing,,,,,,,,,4,Missing,,,,Missing,,,,Missing,,,,Missing,,,,,365854735,Port:65535,0,1773323178,918828407,Missing,,,,,,,,,0
4,,365854738,3,Port:1,0,1773323178,968828407,50000000,Enabled,0.670629,0.249136,-0.625147,0.312056,-26.5441,165.332,-1751.79,0.185921,4,OK,-26.4345,165.173,-1751.66,OK,-75.5522,155.026,-1749.64,OK,-86.6443,101.651,-1743.4,OK,-21.809,106.016,-1745.6,,365854738,Port:2,0,1773323178,968828407,Enabled,0.930138,0.0309808,0.0353067,0.364193,-87.4041,271.244,-1592.35,0.140651,3,OK,-87.2338,271.312,-1592.36,OK,-128.931,241.302,-1589.63,OK,-130.12,317.568,-1587.08,,365854738,Port:3,0,1773323178,968828407,Missing,,,,,,,,,4,Missing,,,,Missing,,,,Missing,,,,Missing,,,,,365854738,Port:65535,0,1773323178,968828407,Missing,,,,,,,,,0
4,,365854741,3,Port:1,0,1773323179,18828407,50000000,Enabled,0.669541,0.24803,-0.626528,0.312504,-26.4356,165.033,-1752.2,0.154114,4,OK,-26.3429,164.873,-1752.13,OK,-75.4586,154.765,-1750.18,OK,-86.6073,101.42,-1744.07,OK,-21.7713,105.703,-1745.9,,365854741,Port:2,0,1773323179,18828407,Enabled,0.93015,0.0307897,0.0353175,0.364178,-87.4037,271.234,-1592.33,0.143347,3,OK,-87.2291,271.302,-1592.34,OK,-128.934,241.294,-1589.6,OK,-130.121,317.561,-1587.08,,365854741,Port:3,0,1773323179,18828407,Missing,,,,,,,,,4,Missing,,,,Missing,,,,Missing,,,,Missing,,,,,365854741,Port:65535,0,1773323179,18828407,Missing,,,,,,,,,0
4,,365854744,3,Port:1,0,1773323179,68828407,50000000,Enabled,0.669309,0.247344,-0.627603,0.311385,-26.3288,165.078,-1752.15,0.160616,4,OK,-26.2273,164.925,-1752.06,OK,-75.3814,154.939,-1750.24,OK,-86.6997,101.612,-1744.18,OK,-21.8366,105.732,-1745.94,,365854744,Port:2,0,1773323179,68828407,Enabled,0.930158,0.0305574,0.0352113,0.364188,-87.4028,271.244,-1592.35,0.144156,3,OK,-87.2295,271.311,-1592.36,OK,-128.933,241.296,-1589.63,OK,-130.122,317.579,-1587.13,,365854744,Port:3,0,1773323179,68828407,Missing,,,,,,,,,4,Missing,,,,Missing,,,,Missing,,,,Missing,,,,,365854744,Port:65535,0,1773323179,68828407,Missing,,,,,,,,,0
4,,365854747,3,Port:1,0,1773323179,118828407,50000000,Enabled,0.669074,0.247137,-0.627431,0.312401,-26.8035,165.237,-1752.31,0.161465,4,OK,-26.7089,165.084,-1752.22,OK,-75.8417,155.03,-1750.43,OK,-87.0896,101.713,-1744.29,OK,-22.2378,105.903,-1746.01,,365854747,Port:2,0,1773323179,118828407,Enabled,0.930142,0.0309124,0.0351619,0.364204,-87.3997,271.241,-1592.34,0.140303,3,OK,-87.2297,271.309,-1592.35,OK,-128.927,241.301,-1589.63,OK,-130.117,317.562,-1587.08,,365854747,Port:3,0,1773323179,118828407,Missing,,,,,,,,,4,Missing,,,,Missing,,,,Missing,,,,Missing,,,,,365854747,Port:65535,0,1773323179,118828407,Missing,,,,,,,,,0
4,,365854750,3,Port:1,0,1773323179,168828407,50000000,Enabled,0.669331,0.247663,-0.626445,0.313409,-27.2346,165.35,-1752.56,0.150766,4,OK,-27.1332,165.202,-1752.49,OK,-76.2456,155.032,-1750.56,OK,-87.3664,101.688,-1744.38,OK,-22.5216,106.037,-1746.16,,365854750,Port:2,0,1773323179,168828407,Enabled,0.930153,0.0309459,0.0349951,0.364189,-87.4021,271.236,-1592.31,0.143874,3,OK,-87.2285,271.305,-1592.32,OK,-128.935,241.292,-1589.62,OK,-130.12,317.56,-1587.06,,365854750,Port:3,0,1773323179,168828407,Missing,,,,,,,,,4,Missing,,,,Missing,,,,Missing,,,,Missing,,,,,365854750,Port:65535,0,1773323179,168828407,Missing,,,,,,,,,0
4,,365854753,3,Port:1,0,1773323179,218828407,50000000,Enabled,0.669285,0.247366,-0.627549,0.311528,-26.7733,165.38,-1752.3,0.159,4,OK,-26.6746,165.228,-1752.22,OK,-75.8212,155.225,-1750.39,OK,-87.1256,101.904,-1744.33,OK,-22.2673,106.035,-1746.08,,365854753,Port:2,0,1773323179,218828407,Enabled,0.930131,0.0309712,0.0352674,0.364217,-87.3998,271.241,-1592.33,0.143405,3,OK,-87.2234,271.306,-1592.34,OK,-128.928,241.301,-1589.61,OK,-130.122,317.56,-1587.06,,365854753,Port:3,0,1773323179,218828407,Missing,,,,,,,,,4,Missing,,,,Missing,,,,Missing,,,,Missing,,,,,365854753,Port:65535,0,1773323179,218828407,Missing,,,,,,,,,0
4,,365854756,3,Port:1,0,1773323179,268828407,50000000,Enabled,0.669802,0.246048,-0.627677,0.311202,-26.4421,165.159,-1752.36,0.178203,4,OK,-26.3435,165.001,-1752.23,OK,-75.5262,155.139,-1750.48,OK,-86.9419,101.844,-1744.27,OK,-22.0845,105.806,-1746.06,,365854756,Port:2,0,1773323179,268828407,Enabled,0.930163,0.030755,0.0350723,0.364172,-87.4035,271.238,-1592.34,0.14262,3,OK,-87.2306,271.305,-1592.35,OK,-128.935,241.297,-1589.64,OK,-130.121,317.568,-1587.11,,365854756,Port:3,0,1773323179,268828407,Missing,,,,,,,,,4,Missing,,,,Missing,,,,Missing,,,,Missing,,,,,365854756,Port:65535,0,1773323179,268828407,Missing,,,,,,,,,0
4,,365854759,3,Port:1,0,1773323179,318828407,50000000,Enabled,0.668343,0.246645,-0.628537,0.312131,-26.8423,164.754,-1752.43,0.141881,4,OK,-26.7404,164.608,-1752.4,OK,-75.9025,154.608,-1750.63,OK,-87.2189,101.277,-1744.66,OK,-22.3552,105.404,-1746.12,,365854759,Port:2,0,1773323179,318828407,Enabled,0.930139,0.0309598,0.0355361,0.36417,-87.4039,271.234,-1592.36,0.142301,3,OK,-87.2308,271.3,-1592.37,OK,-128.931,241.293,-1589.62,OK,-130.118,317.561,-1587.08,,365854759,Port:3,0,1773323179,318828407,Missing,,,,,,,,,4,Missing,,,,Missing,,,,Missing,,,,Missing,,,,,365854759,Port:65535,0,1773323179,318828407,Missing,,,,,,,,,0
4,,365854762,3,Port:1,0,1773323179,368828407,50000000,Enabled,0.668463,0.246934,-0.627904,0.312917,-27.2655,164.586,-1752.34,0.149,4,OK,-27.1664,164.437,-1752.27,OK,-76.3121,154.364,-1750.51,OK,-87.5331,101.022,-1744.42,OK,-22.6653,105.246,-1745.98,,365854762,Port:2,0,1773323179,368828407,Enabled,0.930157,0.0308648,0.0352285,0.364163,-87.4022,271.24,-1592.33,0.139849,3,OK,-87.2333,271.307,-1592.35,OK,-128.931,241.301,-1589.62,OK,-130.115,317.566,-1587.08,,365854762,Port:3,0,1773323179,368828407,Missing,,,,,,,,,4,Missing,,,,Missing,,,,Missing,,,,Missing,,,,,365854762,Port:65535,0,1773323179,368828407,Missing,,,,,,,,,0
4,,365854765,3,Port:1,0,1773323179,418828407,50000000,Enabled,0.668723,0.247648,-0.627566,0.312475,-27.3147,164.72,-1752.23,0.150755,4,OK,-27.2147,164.567,-1752.17,OK,-76.3531,154.476,-1750.34,OK,-87.5468,101.13,-1744.31,OK,-22.6947,105.381,-1745.95,,365854765,Port:2,0,1773323179,418828407,Enabled,0.930154,0.0308448,0.0352483,0.364171,-87.4068,271.238,-1592.33,0.140752,3,OK,-87.2379,271.308,-1592.35,OK,-128.936,241.298,-1589.62,OK,-130.12,317.563,-1587.08,,365854765,Port:3,0,1773323179,418828407,Missing,,,,,,,,,4,Missing,,,,Missing,,,,Missing,,,,Missing,,,,,365854765,Port:65535,0,1773323179,418828407,Missing,,,,,,,,,0
4,,365854768,3,Port:1,0,1773323179,468828407,50000000,Enabled,0.669036,0.246509,-0.627653,0.312532,-27.1235,164.944,-1752.49,0.158073,4,OK,-27.0226,164.781,-1752.42,OK,-76.1733,154.783,-1750.62,OK,-87.467,101.457,-1744.48,OK,-22.6013,105.624,-1746.12,,365854768,Port:2,0,1773323179,468828407,Enabled,0.930093,0.0312052,0.0358888,0.364233,-87.4041,271.246,-1592.38,0.139996,3,OK,-87.2359,271.313,-1592.39,OK,-128.922,241.296,-1589.61,OK,-130.118,317.566,-1587.06,,365854768,Port:3,0,1773323179,468828407,Missing,,,,,,,,,4,Missing,,,,Missing,,,,Missing,,,,Missing,,,,,365854768,Port:65535,0,1773323179,468828407,Missing,,,,,,,,,0
4,,365854771,3,Port:1,0,1773323179,518828407,50000000,Enabled,0.669498,0.247184,-0.627208,0.311902,-26.7636,164.996,-1752.13,0.162801,4,OK,-26.6623,164.841,-1752.04,OK,-75.8087,154.827,-1750.19,OK,-87.0965,101.507,-1744.06,OK,-22.2346,105.663,-1745.85,,365854771,Port:2,0,1773323179,518828407,Enabled,0.930133,0.0308272,0.0355032,0.3642,-87.3989,271.24,-1592.33,0.143381,3,OK,-87.2264,271.308,-1592.35,OK,-128.925,241.292,-1589.59,OK,-130.116,317.569,-1587.07,,365854771,Port:3,0,1773323179,518828407,Missing,,,,,,,,,4,Missing,,,,Missing,,,,Missing,,,,Missing,,,,,365854771,Port:65535,0,1773323179,518828407,Missing,,,,,,,,,0
4,,365854774,3,Port:1,0,1773323179,568828407,50000000,Enabled,0.669701,0.24547,-0.627681,0.311869,-26.4939,164.952,-1752.01,0.16239,4,OK,-26.3893,164.802,-1751.92,OK,-75.5735,154.917,-1750.12,OK,-86.9918,101.633,-1743.89,OK,-22.1317,105.615,-1745.6,,365854774,Port:2,0,1773323179,568828407,Enabled,0.930114,0.0308789,0.0357738,0.364218,-87.4039,271.245,-1592.37,0.143768,3,OK,-87.2292,271.312,-1592.39,OK,-128.928,241.299,-1589.6,OK,-130.122,317.567,-1587.09,,365854774,Port:3,0,1773323179,568828407,Missing,,,,,,,,,4,Missing,,,,Missing,,,,Missing,,,,Missing,,,,,365854774,Port:65535,0,1773323179,568828407,Missing,,,,,,,,,0
4,,365854777,3,Port:1,0,1773323179,618828407,50000000,Enabled,0.670029,0.246354,-0.626215,0.313409,-27.0005,164.854,-1752.44,0.155841,4,OK,-26.9028,164.703,-1752.35,OK,-76.0352,154.652,-1750.43,OK,-87.2521,101.323,-1744.09,OK,-22.3961,105.54,-1745.93,,365854777,Port:2,0,1773323179,618828407,Enabled,0.930147,0.0307922,0.0354813,0.36417,-87.4082,271.242,-1592.38,0.14202,3,OK,-87.2349,271.308,-1592.39,OK,-128.936,241.303,-1589.64,OK,-130.124,317.569,-1587.12,,365854777,Port:3,0,1773323179,618828407,Missing,,,,,,,,,4,Missing,,,,Missing,,,,Missing,,,,Missing,,,,,365854777,Port:65535,0,1773323179,618828407,Missing,,,,,,,,,0
4,,365854780,3,Port:1,0,1773323179,668828407,50000000,Enabled,0.669636,0.24699,-0.626415,0.313349,-27.221,165.007,-1752.79,0.165079,4,OK,-27.1213,164.849,-1752.7,OK,-76.2503,154.749,-1750.81,OK,-87.4176,101.423,-1744.53,OK,-22.5693,105.695,-1746.36,,365854780,Port:2,0,1773323179,668828407,Enabled,0.930141,0.0305382,0.0354586,0.364209,-87.3987,271.24,-1592.34,0.142294,3,OK,-87.2275,271.31,-1592.36,OK,-128.925,241.295,-1589.6,OK,-130.117,317.567,-1587.12,,365854780,Port:3,0,1773323179,668828407,Missing,,,,,,,,,4,Missing,,,,Missing,,,,Missing,,,,Missing,,,,,365854780,Port:65535,0,1773323179,668828407,Missing,,,,,,,,,0
4,,365854783,3,Port:1,0,1773323179,718828407,50000000,Enabled,0.669191,0.245809,-0.627595,0.312866,-26.9721,165.262,-1752.66,0.153764,4,OK,-26.8667,165.114,-1752.59,OK,-76.0355,155.121,-1750.78,OK,-87.3452,101.824,-1744.58,OK,-22.4833,105.935,-1746.19,,365854783,Port:2,0,1773323179,718828407,Enabled,0.930119,0.0309836,0.0359117,0.364182,-87.405,271.234,-1592.35,0.14162,3,OK,-87.2335,271.303,-1592.36,OK,-128.929,241.294,-1589.57,OK,-130.116,317.554,-1587.05,,365854783,Port:3,0,1773323179,718828407,Missing,,,,,,,,,4,Missing,,,,Missing,,,,Missing,,,,Missing,,,,,365854783,Port:65535,0,1773323179,718828407,Missing,,,,,,,,,0
4,,365854786,3,Port:1,0,1773323179,768828407,50000000,Enabled,0.669933,0.246488,-0.62655,0.312839,-26.8449,165.279,-1752.51,0.168559,4,OK,-26.7442,165.112,-1752.42,OK,-75.8942,155.098,-1750.52,OK,-87.1419,101.794,-1744.24,OK,-22.2804,105.968,-1746.07,,365854786,Port:2,0,1773323179,768828407,Enabled,0.930152,0.0307696,0.0353353,0.364174,-87.4024,271.238,-1592.33,0.142574,3,OK,-87.228,271.303,-1592.34,OK,-128.932,241.3,-1589.6,OK,-130.12,317.564,-1587.08,,365854786,Port:3,0,1773323179,768828407,Missing,,,,,,,,,4,Missing,,,,Missing,,,,Missing,,,,Missing,,,,,365854786,Port:65535,0,1773323179,768828407,Missing,,,,,,,,,0
4,,365854789,3,Port:1,0,1773323179,818828407,50000000,Enabled,0.670235,0.246613,-0.626631,0.311929,-26.5636,165.142,-1752.13,0.170079,4,OK,-26.4591,164.99,-1752.03,OK,-75.6244,155.017,-1750.13,OK,-86.9289,101.725,-1743.88,OK,-22.0813,105.808,-1745.78,,365854789,Port:2,0,1773323179,818828407,Enabled,0.930176,0.0307855,0.0350742,0.364134,-87.4058,271.239,-1592.34,0.142551,3,OK,-87.2306,271.301,-1592.36,OK,-128.938,241.303,-1589.64,OK,-130.123,317.575,-1587.11,,365854789,Port:3,0,1773323179,818828407,Missing,,,,,,,,,4,Missing,,,,Missing,,,,Missing,,,,Missing,,,,,365854789,Port:65535,0,1773323179,818828407,Missing,,,,,,,,,0
4,,365854792,3,Port:1,0,1773323179,868828407,50000000,Enabled,0.670201,0.247842,-0.626195,0.311906,-26.7097,164.842,-1751.79,0.164782,4,OK,-26.6055,164.691,-1751.69,OK,-75.7426,154.637,-1749.74,OK,-86.9586,101.295,-1743.55,OK,-22.1173,105.51,-1745.52,,365854792,Port:2,0,1773323179,868828407,Enabled,0.930178,0.0306461,0.0348999,0.364158,-87.4021,271.233,-1592.31,0.144102,3,OK,-87.2286,271.302,-1592.33,OK,-128.937,241.291,-1589.62,OK,-130.119,317.566,-1587.1,,365854792,Port:3,0,1773323179,868828407,Missing,,,,,,,,,4,Missing,,,,Missing,,,,Missing,,,,Missing,,,,,365854792,Port:65535,0,1773323179,868828407,Missing,,,,,,,,,0
4,,365854795,3,Port:1,0,1773323179,918828403,49999996,Enabled,0.669771,0.248478,-0.626612,0.311486,-26.6875,164.643,-1751.56,0.161958,4,OK,-26.5795,164.488,-1751.48,OK,-75.7272,154.417,-1749.53,OK,-86.9109,101.07,-1743.48,OK,-22.086,105.301,-1745.39,,365854795,Port:2,0,1773323179,918828403,Enabled,0.930154,0.0306404,0.0353472,0.364177,-87.4018,271.238,-1592.32,0.137865,3,OK,-87.2346,271.301,-1592.33,OK,-128.925,241.297,-1589.59,OK,-130.119,317.57,-1587.09,,365854795,Port:3,0,1773323179,918828403,Missing,,,,,,,,,4,Missing,,,,Missing,,,,Missing,,,,Missing,,,,,365854795,Port:65535,0,1773323179,918828403,Missing,,,,,,,,,0
4,,365854798,3,Port:1,0,1773323179,968828404,50000001,Enabled,0.668933,0.247323,-0.627673,0.312069,-26.613,164.667,-1752.02,0.148469,4,OK,-26.5115,164.518,-1751.96,OK,-75.6639,154.474,-1750.11,OK,-86.9169,101.148,-1744.09,OK,-22.0595,105.32,-1745.73,,365854798,Port:2,0,1773323179,968828404,Enabled,0.930154,0.0306997,0.0353903,0.364169,-87.4058,271.241,-1592.35,0.139804,3,OK,-87.2383,271.309,-1592.36,OK,-128.932,241.297,-1589.61,OK,-130.12,317.574,-1587.11,,365854798,Port:3,0,1773323179,968828404,Missing,,,,,,,,,4,Missing,,,,Missing,,,,Missing,,,,Missing,,,,,365854798,Port:65535,0,1773323179,968828404,Missing,,,,,,,,,0
4,,365854801,3,Port:1,0,1773323180,18828404,50000000,Enabled,0.669131,0.246539,-0.627517,0.312578,-26.5638,164.884,-1752.28,0.144695,4,OK,-26.4583,164.74,-1752.22,OK,-75.6194,154.722,-1750.37,OK,-86.8951,101.389,-1744.25,OK,-22.0338,105.546,-1745.88,,365854801,Port:2,0,1773323180,18828404,Enabled,0.930093,0.0311051,0.0360188,0.364228,-87.4047,271.242,-1592.4,0.144394,3,OK,-87.2318,271.313,-1592.42,OK,-128.927,241.289,-1589.61,OK,-130.119,317.565,-1587.08,,365854801,Port:3,0,1773323180,18828404,Missing,,,,,,,,,4,Missing,,,,Missing,,,,Missing,,,,Missing,,,,,365854801,Port:65535,0,1773323180,18828404,Missing,,,,,,,,,0
4,,365854804,3,Port:1,0,1773323180,68828404,50000000,Enabled,0.669232,0.246843,-0.628066,0.311014,-26.2947,165.08,-1752.13,0.160777,4,OK,-26.198,164.929,-1752.04,OK,-75.3666,155.007,-1750.27,OK,-86.7444,101.699,-1744.22,OK,-21.8872,105.717,-1745.92,,365854804,Port:2,0,1773323180,68828404,Enabled,0.93008,0.0312028,0.0360998,0.364244,-87.4051,271.245,-1592.4,0.143694,3,OK,-87.2346,271.32,-1592.41,OK,-128.927,241.294,-1589.6,OK,-130.116,317.556,-1587.06,,365854804,Port:3,0,1773323180,68828404,Missing,,,,,,,,,4,Missing,,,,Missing,,,,Missing,,,,Missing,,,,,365854804,Port:65535,0,1773323180,68828404,Missing,,,,,,,,,0
4,,365854807,3,Port:1,0,1773323180,118828403,49999999,Enabled,0.66906,0.2451,-0.62816,0.312569,-26.2356,165.133,-1752.78,0.166665,4,OK,-26.1375,164.977,-1752.68,OK,-75.3149,155.07,-1751,OK,-86.7045,101.789,-1744.74,OK,-21.8448,105.8,-1746.32,,365854807,Port:2,0,1773323180,118828403,Enabled,0.930118,0.0309329,0.035875,0.364193,-87.4062,271.236,-1592.36,0.143238,3,OK,-87.2322,271.303,-1592.37,OK,-128.93,241.292,-1589.58,OK,-130.121,317.562,-1587.07,,365854807,Port:3,0,1773323180,118828403,Missing,,,,,,,,,4,Missing,,,,Missing,,,,Missing,,,,Missing,,,,,365854807,Port:65535,0,1773323180,118828403,Missing,,,,,,,,,0
4,,365854810,3,Port:1,0,1773323180,168828403,50000000,Enabled,0.668756,0.24515,-0.629101,0.311286,-25.9951,165.09,-1752.58,0.177032,4,OK,-25.8922,164.93,-1752.46,OK,-75.1011,155.122,-1750.88,OK,-86.5952,101.839,-1744.73,OK,-21.7228,105.737,-1746.27,,365854810,Port:2,0,1773323180,168828403,Enabled,0.930139,0.0311607,0.0353663,0.364171,-87.407,271.238,-1592.36,0.139752,3,OK,-87.2368,271.304,-1592.37,OK,-128.933,241.299,-1589.63,OK,-130.12,317.562,-1587.06,,365854810,Port:3,0,1773323180,168828403,Missing,,,,,,,,,4,Missing,,,,Missing,,,,Missing,,,,Missing,,,,,365854810,Port:65535,0,1773323180,168828403,Missing,,,,,,,,,0
4,,365854813,3,Port:1,0,1773323180,218828404,50000001,Enabled,0.66971,0.246055,-0.628063,0.310615,-26.0689,165.035,-1752.32,0.158421,4,OK,-25.9667,164.89,-1752.23,OK,-75.1524,155.048,-1750.44,OK,-86.6379,101.763,-1744.34,OK,-21.7732,105.675,-1746.07,,365854813,Port:2,0,1773323180,218828404,Enabled,0.930127,0.0309403,0.035347,0.36422,-87.4049,271.245,-1592.36,0.145887,3,OK,-87.231,271.317,-1592.38,OK,-128.934,241.293,-1589.64,OK,-130.122,317.569,-1587.1,,365854813,Port:3,0,1773323180,218828404,Missing,,,,,,,,,4,Missing,,,,Missing,,,,Missing,,,,Missing,,,,,365854813,Port:65535,0,1773323180,218828404,Missing,,,,,,,,,0
4,,365854816,3,Port:1,0,1773323180,268828404,50000000,Enabled,0.669191,0.246059,-0.627964,0.311929,-26.2265,164.834,-1752.14,0.156696,4,OK,-26.1339,164.673,-1752.06,OK,-75.3017,154.759,-1750.29,OK,-86.665,101.451,-1744.16,OK,-21.7948,105.487,-1745.79,,365854816,Port:2,0,1773323180,268828404,Enabled,0.930115,0.0310787,0.0357111,0.364205,-87.4045,271.243,-1592.38,0.140855,3,OK,-87.2332,271.307,-1592.39,OK,-128.926,241.297,-1589.62,OK,-130.121,317.569,-1587.08,,365854816,Port:3,0,1773323180,268828404,Missing,,,,,,,,,4,Missing,,,,Missing,,,,Missing,,,,Missing,,,,,365854816,Port:65535,0,1773323180,268828404,Missing,,,,,,,,,0
4,,365854819,3,Port:1,0,1773323180,318828404,50000000,Enabled,0.670687,0.246067,-0.627619,0.309393,-25.6833,164.725,-1751.9,0.153399,4,OK,-25.5854,164.575,-1751.82,OK,-74.7789,154.845,-1749.9,OK,-86.3718,101.561,-1743.84,OK,-21.4784,105.353,-1745.7,,365854819,Port:2,0,1773323180,318828404,Enabled,0.930151,0.0308193,0.0353056,0.364174,-87.4039,271.238,-1592.34,0.14071,3,OK,-87.2327,271.303,-1592.35,OK,-128.931,241.298,-1589.61,OK,-130.121,317.568,-1587.08,,365854819,Port:3,0,1773323180,318828404,Missing,,,,,,,,,4,Missing,,,,Missing,,,,Missing,,,,Missing,,,,,365854819,Port:65535,0,1773323180,318828404,Missing,,,,,,,,,0
4,,365854822,3,Port:1,0,1773323180,368828403,49999999,Enabled,0.669018,0.245548,-0.628884,0.310847,-25.6941,164.551,-1752.2,0.170941,4,OK,-25.5832,164.394,-1752.1,OK,-74.7992,154.588,-1750.45,OK,-86.3078,101.294,-1744.35,OK,-21.4189,105.197,-1745.94,,365854822,Port:2,0,1773323180,368828403,Enabled,0.930137,0.0308985,0.0353649,0.364197,-87.4056,271.238,-1592.36,0.14095,3,OK,-87.234,271.304,-1592.37,OK,-128.932,241.297,-1589.63,OK,-130.123,317.562,-1587.09,,365854822,Port:3,0,1773323180,368828403,Missing,,,,,,,,,4,Missing,,,,Missing,,,,Missing,,,,Missing,,,,,365854822,Port:65535,0,1773323180,368828403,Missing,,,,,,,,,0
4,,365854825,3,Port:1,0,1773323180,418828403,50000000,Enabled,0.670551,0.245495,-0.627184,0.311021,-25.7439,164.598,-1752.25,0.172377,4,OK,-25.6341,164.443,-1752.15,OK,-74.8423,154.636,-1750.28,OK,-86.3265,101.358,-1744.02,OK,-21.4325,105.255,-1745.88,,365854825,Port:2,0,1773323180,418828403,Enabled,0.930161,0.0309518,0.0350117,0.364165,-87.4028,271.239,-1592.34,0.141639,3,OK,-87.2303,271.305,-1592.35,OK,-128.934,241.301,-1589.64,OK,-130.119,317.567,-1587.08,,365854825,Port:3,0,1773323180,418828403,Missing,,,,,,,,,4,Missing,,,,Missing,,,,Missing,,,,Missing,,,,,365854825,Port:65535,0,1773323180,418828403,Missing,,,,,,,,,0
4,,365854828,3,Port:1,0,1773323180,468828404,50000001,Enabled,0.670473,0.245823,-0.626819,0.311665,-25.8557,164.867,-1752.16,0.166377,4,OK,-25.755,164.721,-1752.05,OK,-74.9232,154.833,-1750.18,OK,-86.3403,101.536,-1743.87,OK,-21.46,105.528,-1745.77,,365854828,Port:2,0,1773323180,468828404,Enabled,0.93015,0.0309011,0.0350756,0.364192,-87.4004,271.239,-1592.32,0.142286,3,OK,-87.2283,271.307,-1592.33,OK,-128.93,241.296,-1589.62,OK,-130.118,317.564,-1587.07,,365854828,Port:3,0,1773323180,468828404,Missing,,,,,,,,,4,Missing,,,,Missing,,,,Missing,,,,Missing,,,,,365854828,Port:65535,0,1773323180,468828404,Missing,,,,,,,,,0
4,,365854831,3,Port:1,0,1773323180,518828404,50000000,Enabled,0.670894,0.24212,-0.627206,0.312876,-25.0143,165.655,-1753.13,0.141473,4,OK,-24.9188,165.518,-1753.06,OK,-74.1161,155.804,-1751.17,OK,-85.7333,102.588,-1744.65,OK,-20.8541,106.336,-1746.31,,365854831,Port:2,0,1773323180,518828404,Enabled,0.930158,0.0308753,0.0350676,0.364175,-87.4019,271.242,-1592.32,0.140559,3,OK,-87.2303,271.306,-1592.33,OK,-128.931,241.303,-1589.62,OK,-130.12,317.57,-1587.07,,365854831,Port:3,0,1773323180,518828404,Missing,,,,,,,,,4,Missing,,,,Missing,,,,Missing,,,,Missing,,,,,365854831,Port:65535,0,1773323180,518828404,Missing,,,,,,,,,0
4,,365854834,3,Port:1,0,1773323180,568828404,50000000,Enabled,0.670467,0.230296,-0.634301,0.308383,-22.0718,167.427,-1755.3,0.138034,4,OK,-21.9742,167.293,-1755.25,OK,-71.4261,158.757,-1754.02,OK,-84.4074,105.892,-1747.43,OK,-19.4514,108.063,-1748.08,,365854834,Port:2,0,1773323180,568828404,Enabled,0.930117,0.0310209,0.0356174,0.364215,-87.4053,271.243,-1592.37,0.143393,3,OK,-87.233,271.314,-1592.38,OK,-128.931,241.296,-1589.62,OK,-130.12,317.564,-1587.08,,365854834,Port:3,0,1773323180,568828404,Missing,,,,,,,,,4,Missing,,,,Missing,,,,Missing,,,,Missing,,,,,365854834,Port:65535,0,1773323180,568828404,Missing,,,,,,,,,0
4,,365854837,3,Port:1,0,1773323180,618828403,49999999,Enabled,0.666156,0.218425,-0.643116,0.308104,-19.9201,168.772,-1758.07,0.164863,4,OK,-19.8249,168.612,-1757.98,OK,-69.4394,160.934,-1757.97,OK,-83.4633,108.366,-1751.21,OK,-18.474,109.454,-1750.34,,365854837,Port:2,0,1773323180,618828403,Enabled,0.930117,0.0310665,0.0356816,0.364202,-87.405,271.242,-1592.37,0.141431,3,OK,-87.2332,271.309,-1592.38,OK,-128.929,241.298,-1589.62,OK,-130.12,317.565,-1587.07,,365854837,Port:3,0,1773323180,618828403,Missing,,,,,,,,,4,Missing,,,,Missing,,,,Missing,,,,Missing,,,,,365854837,Port:65535,0,1773323180,618828403,Missing,,,,,,,,,0
4,,365854840,3,Port:1,0,1773323180,668828403,50000000,Enabled,0.664959,0.213888,-0.645328,0.309246,-19.6794,169.122,-1759.09,0.143582,4,OK,-19.5765,168.988,-1759.03,OK,-69.2414,161.514,-1759.3,OK,-83.5566,109.038,-1752.41,OK,-18.5576,109.819,-1750.99,,365854840,Port:2,0,1773323180,668828403,Enabled,0.930172,0.0306691,0.0350259,0.364159,-87.3997,271.235,-1592.31,0.141111,3,OK,-87.2299,271.303,-1592.32,OK,-128.931,241.294,-1589.61,OK,-130.115,317.566,-1587.08,,365854840,Port:3,0,1773323180,668828403,Missing,,,,,,,,,4,Missing,,,,Missing,,,,Missing,,,,Missing,,,,,365854840,Port:65535,0,1773323180,668828403,Missing,,,,,,,,,0
4,,365854843,3,Port:1,0,1773323180,718828404,50000001,Enabled,0.664158,0.225433,-0.640093,0.313617,-23.1599,168.111,-1757.7,0.14776,4,OK,-23.0557,167.966,-1757.64,OK,-72.5266,159.35,-1757.41,OK,-85.5308,106.496,-1750.73,OK,-20.5623,108.809,-1750.03,,365854843,Port:2,0,1773323180,718828404,Enabled,0.930157,0.0307589,0.0351904,0.364176,-87.4075,271.245,-1592.36,0.141349,3,OK,-87.2361,271.311,-1592.37,OK,-128.936,241.304,-1589.64,OK,-130.125,317.573,-1587.12,,365854843,Port:3,0,1773323180,718828404,Missing,,,,,,,,,4,Missing,,,,Missing,,,,Missing,,,,Missing,,,,,365854843,Port:65535,0,1773323180,718828404,Missing,,,,,,,,,0
4,,365854846,3,Port:1,0,1773323180,768828404,50000000,Enabled,0.666193,0.247567,-0.625079,0.32276,-29.4913,165.687,-1754.79,0.146175,4,OK,-29.3907,165.538,-1754.74,OK,-78.3633,154.664,-1752.99,OK,-88.698,101.223,-1746.32,OK,-23.9396,106.518,-1747.69,,365854846,Port:2,0,1773323180,768828404,Enabled,0.930143,0.0309143,0.0352606,0.36419,-87.4039,271.243,-1592.35,0.141519,3,OK,-87.2335,271.312,-1592.36,OK,-128.932,241.299,-1589.63,OK,-130.12,317.568,-1587.09,,365854846,Port:3,0,1773323180,768828404,Missing,,,,,,,,,4,Missing,,,,Missing,,,,Missing,,,,Missing,,,,,365854846,Port:65535,0,1773323180,768828404,Missing,,,,,,,,,0
4,,365854849,3,Port:1,0,1773323180,818828404,50000000,Enabled,0.667391,0.271719,-0.610028,0.329581,-35.8282,162.7,-1750.9,0.14985,4,OK,-35.7193,162.543,-1750.87,OK,-84.0471,149.406,-1747.6,OK,-91.7275,95.4664,-1741.38,OK,-27.3226,103.785,-1744.81,,365854849,Port:2,0,1773323180,818828404,Enabled,0.930165,0.0310335,0.0349741,0.364152,-87.4006,271.237,-1592.33,0.139002,3,OK,-87.2328,271.305,-1592.35,OK,-128.931,241.3,-1589.65,OK,-130.113,317.562,-1587.07,,365854849,Port:3,0,1773323180,818828404,Missing,,,,,,,,,4,Missing,,,,Missing,,,,Missing,,,,Missing,,,,,365854849,Port:65535,0,1773323180,818828404,Missing,,,,,,,,,0
4,,365854852,3,Port:1,0,1773323180,868828403,49999999,Enabled,0.666751,0.298494,-0.593682,0.337471,-42.4869,159.07,-1746.6,0.146802,4,OK,-42.3746,158.914,-1746.6,OK,-89.8063,143.217,-1741.87,OK,-94.4316,88.8465,-1736.32,OK,-30.7039,100.597,-1741.77,,365854852,Port:2,0,1773323180,868828403,Enabled,0.930136,0.0307184,0.0354329,0.364209,-87.4027,271.242,-1592.34,0.138947,3,OK,-87.2352,271.309,-1592.36,OK,-128.925,241.298,-1589.6,OK,-130.12,317.569,-1587.1,,365854852,Port:3,0,1773323180,868828403,Missing,,,,,,,,,4,Missing,,,,Missing,,,,Missing,,,,Missing,,,,,365854852,Port:65535,0,1773323180,868828403,Missing,,,,,,,,,0
4,,365854855,3,Port:1,0,1773323180,918828405,50000002,Enabled,0.6655,0.331932,-0.569779,0.34969,-51.1465,153.951,-1741.55,0.14805,4,OK,-51.0232,153.8,-1741.53,OK,-96.9517,134.707,-1734.97,OK,-97.484,80.055,-1730.06,OK,-35.0358,96.42,-1738.22,,365854855,Port:2,0,1773323180,918828405,Enabled,0.930133,0.0306851,0.0354758,0.364214,-87.4046,271.244,-1592.35,0.141202,3,OK,-87.2352,271.311,-1592.36,OK,-128.928,241.295,-1589.6,OK,-130.123,317.574,-1587.1,,365854855,Port:3,0,1773323180,918828405,Missing,,,,,,,,,4,Missing,,,,Missing,,,,Missing,,,,Missing,,,,,365854855,Port:65535,0,1773323180,918828405,Missing,,,,,,,,,0
4,,365854858,3,Port:1,0,1773323180,968828405,50000000,Enabled,0.663591,0.368715,-0.540169,0.3632,-60.3433,147.165,-1735.28,0.176281,4,OK,-60.2254,147.025,-1735.4,OK,-104.011,124.201,-1726.44,OK,-99.8997,69.6142,-1722.66,OK,-39.4926,91.091,-1733.67,,365854858,Port:2,0,1773323180,968828405,Enabled,0.930098,0.0312941,0.035694,0.364231,-87.4045,271.242,-1592.38,0.141353,3,OK,-87.2355,271.312,-1592.39,OK,-128.926,241.292,-1589.63,OK,-130.118,317.56,-1587.05,,365854858,Port:3,0,1773323180,968828405,Missing,,,,,,,,,4,Missing,,,,Missing,,,,Missing,,,,Missing,,,,,365854858,Port:65535,0,1773323180,968828405,Missing,,,,,,,,,0
4,,365854861,3,Port:1,0,1773323181,18828405,50000000,Enabled,0.661901,0.398963,-0.514867,0.370981,-66.8958,140.674,-1729.07,0.180048,4,OK,-66.7518,140.528,-1729.17,OK,-108.589,114.887,-1718.54,OK,-100.874,60.6099,-1715.81,OK,-42.5225,86.0318,-1729.36,,365854861,Port:2,0,1773323181,18828405,Enabled,0.930138,0.0307288,0.0352478,0.36422,-87.406,271.242,-1592.32,0.144453,3,OK,-87.231,271.31,-1592.33,OK,-128.934,241.295,-1589.6,OK,-130.128,317.568,-1587.08,,365854861,Port:3,0,1773323181,18828405,Missing,,,,,,,,,4,Missing,,,,Missing,,,,Missing,,,,Missing,,,,,365854861,Port:65535,0,1773323181,18828405,Missing,,,,,,,,,0
4,,365854864,3,Port:1,0,1773323181,68828405,50000000,Enabled,0.658833,0.422541,-0.496395,0.375487,-70.6612,135.226,-1723.65,0.191439,4,OK,-70.5079,135.074,-1723.78,OK,-110.699,107.343,-1712.1,OK,-100.351,53.4509,-1710.52,OK,-43.7772,81.8294,-1725.68,,365854864,Port:2,0,1773323181,68828405,Enabled,0.930164,0.0309673,0.0350553,0.364153,-87.402,271.238,-1592.33,0.140452,3,OK,-87.2321,271.306,-1592.34,OK,-128.933,241.301,-1589.63,OK,-130.115,317.565,-1587.07,,365854864,Port:3,0,1773323181,68828405,Missing,,,,,,,,,4,Missing,,,,Missing,,,,Missing,,,,Missing,,,,,365854864,Port:65535,0,1773323181,68828405,Missing,,,,,,,,,0
4,,365854867,3,Port:1,0,1773323181,118828405,50000000,Enabled,0.655894,0.440062,-0.484248,0.376368,-72.7089,131.213,-1719.65,0.203941,4,OK,-72.5486,131.066,-1719.8,OK,-111.572,101.93,-1707.51,OK,-99.518,48.3499,-1707.09,OK,-44.242,78.7205,-1723.19,,365854867,Port:2,0,1773323181,118828405,Enabled,0.930104,0.0310931,0.0357289,0.36423,-87.4057,271.24,-1592.37,0.140532,3,OK,-87.2345,271.306,-1592.38,OK,-128.927,241.296,-1589.61,OK,-130.123,317.557,-1587.06,,365854867,Port:3,0,1773323181,118828405,Missing,,,,,,,,,4,Missing,,,,Missing,,,,Missing,,,,Missing,,,,,365854867,Port:65535,0,1773323181,118828405,Missing,,,,,,,,,0
4,,365854870,3,Port:1,0,1773323181,168828405,50000000,Enabled,0.651384,0.454959,-0.475817,0.377239,-74.574,127.736,-1716.36,0.200894,4,OK,-74.4042,127.592,-1716.5,OK,-112.451,97.2313,-1704.07,OK,-98.9834,44.0065,-1704.7,OK,-44.796,76.087,-1721.27,,365854870,Port:2,0,1773323181,168828405,Enabled,0.930129,0.0308947,0.0354965,0.364205,-87.4068,271.243,-1592.34,0.143617,3,OK,-87.235,271.314,-1592.35,OK,-128.934,241.295,-1589.6,OK,-130.122,317.568,-1587.07,,365854870,Port:3,0,1773323181,168828405,Missing,,,,,,,,,4,Missing,,,,Missing,,,,Missing,,,,Missing,,,,,365854870,Port:65535,0,1773323181,168828405,Missing,,,,,,,,,0
4,,365854873,3,Port:1,0,1773323181,218828405,50000000,Enabled,0.645308,0.468128,-0.470279,0.378511,-76.2757,124.666,-1713.36,0.240083,4,OK,-76.113,124.532,-1713.58,OK,-113.27,93.055,-1701.15,OK,-98.5694,40.1934,-1702.99,OK,-45.3432,73.8314,-1719.41,,365854873,Port:2,0,1773323181,218828405,Enabled,0.930146,0.0310242,0.0350815,0.364191,-87.4009,271.243,-1592.33,0.138646,3,OK,-87.2346,271.312,-1592.34,OK,-128.928,241.301,-1589.63,OK,-130.115,317.566,-1587.06,,365854873,Port:3,0,1773323181,218828405,Missing,,,,,,,,,4,Missing,,,,Missing,,,,Missing,,,,Missing,,,,,365854873,Port:65535,0,1773323181,218828405,Missing,,,,,,,,,0
4,,365854876,3,Port:1,0,1773323181,268828405,50000000,Enabled,0.642763,0.480386,-0.460146,0.379935,-77.9869,121.868,-1710.83,0.231335,4,OK,-77.8209,121.744,-1711.03,OK,-113.966,89.2413,-1698.24,OK,-97.9922,36.7718,-1700.82,OK,-45.9165,71.8757,-1717.94,,365854876,Port:2,0,1773323181,268828405,Enabled,0.930127,0.0308308,0.0356445,0.3642,-87.4016,271.243,-1592.37,0.139355,3,OK,-87.2314,271.305,-1592.38,OK,-128.922,241.299,-1589.61,OK,-130.12,317.574,-1587.1,,365854876,Port:3,0,1773323181,268828405,Missing,,,,,,,,,4,Missing,,,,Missing,,,,Missing,,,,Missing,,,,,365854876,Port:65535,0,1773323181,268828405,Missing,,,,,,,,,0
4,,365854879,3,Port:1,0,1773323181,318828405,50000000,Enabled,0.638362,0.489553,-0.457814,0.378468,-78.7475,119.893,-1708.69,0.242492,4,OK,-78.566,119.776,-1708.91,OK,-114.25,86.6379,-1696.35,OK,-97.6454,34.4068,-1699.88,OK,-46.134,70.4193,-1716.81,,365854879,Port:2,0,1773323181,318828405,Enabled,0.930125,0.0308288,0.0357261,0.364198,-87.4085,271.248,-1592.38,0.144645,3,OK,-87.2329,271.316,-1592.39,OK,-128.935,241.303,-1589.61,OK,-130.125,317.573,-1587.1,,365854879,Port:3,0,1773323181,318828405,Missing,,,,,,,,,4,Missing,,,,Missing,,,,Missing,,,,Missing,,,,,365854879,Port:65535,0,1773323181,318828405,Missing,,,,,,,,,0
4,,365854882,3,Port:1,0,1773323181,368828405,50000000,Enabled,0.635658,0.4956,-0.454305,0.379376,-79.3453,118.252,-1707.23,0.26877,4,OK,-79.1689,118.131,-1707.49,OK,-114.346,84.4789,-1694.88,OK,-97.1452,32.4932,-1698.94,OK,-46.2039,69.2346,-1715.84,,365854882,Port:2,0,1773323181,368828405,Enabled,0.930151,0.0305955,0.0352906,0.364195,-87.4016,271.238,-1592.32,0.14149,3,OK,-87.2319,271.306,-1592.33,OK,-128.928,241.292,-1589.59,OK,-130.119,317.569,-1587.1,,365854882,Port:3,0,1773323181,368828405,Missing,,,,,,,,,4,Missing,,,,Missing,,,,Missing,,,,Missing,,,,,365854882,Port:65535,0,1773323181,368828405,Missing,,,,,,,,,0
4,,365854885,3,Port:1,0,1773323181,418828405,50000000,Enabled,0.633943,0.502133,-0.448766,0.380246,-80.1374,116.527,-1705.83,0.248908,4,OK,-79.9571,116.415,-1706.06,OK,-114.565,82.218,-1693.34,OK,-96.6679,30.4804,-1697.78,OK,-46.397,68.0147,-1715.03,,365854885,Port:2,0,1773323181,418828405,Enabled,0.930136,0.0309424,0.0355361,0.36418,-87.4044,271.242,-1592.36,0.141741,3,OK,-87.2326,271.31,-1592.38,OK,-128.931,241.301,-1589.62,OK,-130.118,317.567,-1587.09,,365854885,Port:3,0,1773323181,418828405,Missing,,,,,,,,,4,Missing,,,,Missing,,,,Missing,,,,Missing,,,,,365854885,Port:65535,0,1773323181,418828405,Missing,,,,,,,,,0
4,,365854888,3,Port:1,0,1773323181,468828405,50000000,Enabled,0.632345,0.50826,-0.442356,0.382273,-81.1718,114.582,-1704.47,0.280823,4,OK,-80.9938,114.479,-1704.75,OK,-114.934,79.7038,-1691.71,OK,-96.2728,28.2633,-1696.55,OK,-46.7636,66.6295,-1714.08,,365854888,Port:2,0,1773323181,468828405,Enabled,0.930153,0.0306634,0.0350646,0.364205,-87.4017,271.245,-1592.33,0.142821,3,OK,-87.2282,271.309,-1592.34,OK,-128.929,241.298,-1589.62,OK,-130.125,317.579,-1587.11,,365854888,Port:3,0,1773323181,468828405,Missing,,,,,,,,,4,Missing,,,,Missing,,,,Missing,,,,Missing,,,,,365854888,Port:65535,0,1773323181,468828405,Missing,,,,,,,,,0
4,,365854891,3,Port:1,0,1773323181,518828405,50000000,Enabled,0.630134,0.51415,-0.437082,0.38411,-82.0975,112.617,-1703.06,0.250056,4,OK,-81.9111,112.514,-1703.3,OK,-115.247,77.1891,-1690.25,OK,-95.884,26.0571,-1695.34,OK,-47.0773,65.2203,-1713.15,,365854891,Port:2,0,1773323181,518828405,Enabled,0.930131,0.0311968,0.035397,0.364184,-87.4042,271.242,-1592.37,0.142717,3,OK,-87.2343,271.316,-1592.38,OK,-128.934,241.299,-1589.65,OK,-130.114,317.56,-1587.07,,365854891,Port:3,0,1773323181,518828405,Missing,,,,,,,,,4,Missing,,,,Missing,,,,Missing,,,,Missing,,,,,365854891,Port:65535,0,1773323181,518828405,Missing,,,,,,,,,0
4,,365854894,3,Port:1,0,1773323181,568828405,50000000,Enabled,0.628106,0.5208,-0.433815,0.382172,-82.4193,111.11,-1701.47,0.248819,4,OK,-82.225,111.008,-1701.7,OK,-115.168,75.2918,-1688.7,OK,-95.4093,24.3641,-1694.45,OK,-47.1091,64.1078,-1712.36,,365854894,Port:2,0,1773323181,568828405,Enabled,0.930149,0.0310643,0.035022,0.364184,-87.4031,271.241,-1592.34,0.139458,3,OK,-87.235,271.31,-1592.36,OK,-128.932,241.302,-1589.65,OK,-130.117,317.562,-1587.08,,365854894,Port:3,0,1773323181,568828405,Missing,,,,,,,,,4,Missing,,,,Missing,,,,Missing,,,,Missing,,,,,365854894,Port:65535,0,1773323181,568828405,Missing,,,,,,,,,0
4,,365854897,3,Port:1,0,1773323181,618828405,50000000,Enabled,0.628066,0.522949,-0.431864,0.381511,-82.2085,110.576,-1700.9,0.246072,4,OK,-82.0216,110.461,-1701.12,OK,-114.799,74.6444,-1688.03,OK,-94.8881,23.7881,-1693.98,OK,-46.7936,63.6946,-1712.04,,365854897,Port:2,0,1773323181,618828405,Enabled,0.930133,0.0310684,0.0354726,0.364184,-87.4074,271.242,-1592.37,0.13971,3,OK,-87.2385,271.31,-1592.38,OK,-128.933,241.302,-1589.63,OK,-130.12,317.565,-1587.08,,365854897,Port:3,0,1773323181,618828405,Missing,,,,,,,,,4,Missing,,,,Missing,,,,Missing,,,,Missing,,,,,365854897,Port:65535,0,1773323181,618828405,Missing,,,,,,,,,0
4,,365854900,3,Port:1,0,1773323181,668828405,50000000,Enabled,0.62847,0.522097,-0.433199,0.380498,-81.508,110.887,-1700.78,0.257948,4,OK,-81.3201,110.784,-1701.02,OK,-114.226,75.0606,-1687.94,OK,-94.5165,24.1449,-1693.92,OK,-46.2756,63.8771,-1711.89,,365854900,Port:2,0,1773323181,668828405,Enabled,0.930114,0.0309827,0.0357551,0.364211,-87.405,271.246,-1592.36,0.143642,3,OK,-87.2337,271.317,-1592.38,OK,-128.929,241.295,-1589.6,OK,-130.119,317.572,-1587.07,,365854900,Port:3,0,1773323181,668828405,Missing,,,,,,,,,4,Missing,,,,Missing,,,,Missing,,,,Missing,,,,,365854900,Port:65535,0,1773323181,668828405,Missing,,,,,,,,,0
4,,365854903,3,Port:1,0,1773323181,718828405,50000000,Enabled,0.628761,0.520903,-0.43592,0.37854,-80.9636,111.524,-1701.08,0.242355,4,OK,-80.7764,111.424,-1701.3,OK,-113.932,75.8856,-1688.41,OK,-94.5596,24.8516,-1694.39,OK,-46.0218,64.3103,-1712.22,,365854903,Port:2,0,1773323181,718828405,Enabled,0.930127,0.0308202,0.0354286,0.364224,-87.4021,271.245,-1592.35,0.13991,3,OK,-87.2332,271.311,-1592.36,OK,-128.924,241.298,-1589.62,OK,-130.122,317.571,-1587.09,,365854903,Port:3,0,1773323181,718828405,Missing,,,,,,,,,4,Missing,,,,Missing,,,,Missing,,,,Missing,,,,,365854903,Port:65535,0,1773323181,718828405,Missing,,,,,,,,,0
4,,365854906,3,Port:1,0,1773323181,768828405,50000000,Enabled,0.628119,0.519845,-0.438276,0.378342,-81.2558,111.814,-1701.63,0.255954,4,OK,-81.074,111.717,-1701.88,OK,-114.396,76.2695,-1689.11,OK,-95.1514,25.1716,-1695.14,OK,-46.4021,64.4987,-1712.68,,365854906,Port:2,0,1773323181,768828405,Enabled,0.930138,0.0308076,0.0353427,0.364204,-87.4074,271.241,-1592.35,0.144067,3,OK,-87.2338,271.31,-1592.36,OK,-128.936,241.295,-1589.62,OK,-130.126,317.568,-1587.1,,365854906,Port:3,0,1773323181,768828405,Missing,,,,,,,,,4,Missing,,,,Missing,,,,Missing,,,,Missing,,,,,365854906,Port:65535,0,1773323181,768828405,Missing,,,,,,,,,0
4,,365854909,3,Port:1,0,1773323181,818828405,50000000,Enabled,0.62657,0.520349,-0.439749,0.378508,-81.2594,111.659,-1701.53,0.25221,4,OK,-81.0757,111.555,-1701.77,OK,-114.422,76.0625,-1689.24,OK,-95.1539,24.9948,-1695.35,OK,-46.3594,64.3969,-1712.63,,365854909,Port:2,0,1773323181,818828405,Enabled,0.93013,0.0311352,0.0354279,0.36419,-87.4067,271.242,-1592.36,0.141848,3,OK,-87.2346,271.309,-1592.38,OK,-128.934,241.3,-1589.63,OK,-130.121,317.564,-1587.07,,365854909,Port:3,0,1773323181,818828405,Missing,,,,,,,,,4,Missing,,,,Missing,,,,Missing,,,,Missing,,,,,365854909,Port:65535,0,1773323181,818828405,Missing,,,,,,,,,0
4,,365854912,3,Port:1,0,1773323181,868828405,50000000,Enabled,0.628943,0.518438,-0.439966,0.376938,-80.6333,112.096,-1701.74,0.274527,4,OK,-80.4549,111.992,-1702.01,OK,-113.977,76.7327,-1689.22,OK,-95.0058,25.5316,-1695.27,OK,-46.0156,64.595,-1712.73,,365854912,Port:2,0,1773323181,868828405,Enabled,0.930167,0.030627,0.0349366,0.364184,-87.3986,271.238,-1592.33,0.141855,3,OK,-87.2268,271.306,-1592.34,OK,-128.93,241.298,-1589.64,OK,-130.118,317.565,-1587.12,,365854912,Port:3,0,1773323181,868828405,Missing,,,,,,,,,4,Missing,,,,Missing,,,,Missing,,,,Missing,,,,,365854912,Port:65535,0,1773323181,868828405,Missing,,,,,,,,,0
4,,365854915,3,Port:1,0,1773323181,918828404,49999999,Enabled,0.628583,0.517999,-0.441297,0.376586,-80.4071,112.201,-1701.8,0.250704,4,OK,-80.2211,112.085,-1702.03,OK,-113.855,76.8904,-1689.43,OK,-94.9595,25.6595,-1695.42,OK,-45.8563,64.6537,-1712.81,,365854915,Port:2,0,1773323181,918828404,Enabled,0.930155,0.0308746,0.0350073,0.364188,-87.401,271.242,-1592.34,0.142129,3,OK,-87.2287,271.309,-1592.35,OK,-128.931,241.299,-1589.64,OK,-130.12,317.569,-1587.09,,365854915,Port:3,0,1773323181,918828404,Missing,,,,,,,,,4,Missing,,,,Missing,,,,Missing,,,,Missing,,,,,365854915,Port:65535,0,1773323181,918828404,Missing,,,,,,,,,0
4,,365854918,3,Port:1,0,1773323181,968828404,50000000,Enabled,0.628639,0.518112,-0.439687,0.378216,-80.7327,111.934,-1701.68,0.263082,4,OK,-80.5506,111.822,-1701.94,OK,-114.029,76.531,-1689.19,OK,-94.9541,25.3522,-1695.1,OK,-46.0165,64.4872,-1712.57,,365854918,Port:2,0,1773323181,968828404,Enabled,0.930159,0.0310668,0.0349785,0.364164,-87.4038,271.239,-1592.34,0.137995,3,OK,-87.2355,271.304,-1592.35,OK,-128.933,241.306,-1589.65,OK,-130.118,317.559,-1587.07,,365854918,Port:3,0,1773323181,968828404,Missing,,,,,,,,,4,Missing,,,,Missing,,,,Missing,,,,Missing,,,,,365854918,Port:65535,0,1773323181,968828404,Missing,,,,,,,,,0
4,,365854921,3,Port:1,0,1773323182,18828404,50000000,Enabled,0.629303,0.518726,-0.437398,0.378925,-81.0019,111.633,-1701.34,0.238278,4,OK,-80.8199,111.528,-1701.56,OK,-114.129,76.148,-1688.7,OK,-94.9014,25.0257,-1694.49,OK,-46.191,64.2654,-1712.24,,365854921,Port:2,0,1773323182,18828404,Enabled,0.930138,0.0308166,0.0355031,0.364189,-87.4053,271.241,-1592.36,0.139003,3,OK,-87.2363,271.307,-1592.38,OK,-128.929,241.301,-1589.62,OK,-130.121,317.566,-1587.1,,365854921,Port:3,0,1773323182,18828404,Missing,,,,,,,,,4,Missing,,,,Missing,,,,Missing,,,,Missing,,,,,365854921,Port:65535,0,1773323182,18828404,Missing,,,,,,,,,0
4,,365854924,3,Port:1,0,1773323182,68828404,50000000,Enabled,0.630359,0.520687,-0.431791,0.380905,-81.5241,110.896,-1701.06,0.243705,4,OK,-81.3425,110.789,-1701.28,OK,-114.255,75.1657,-1687.99,OK,-94.5876,24.1924,-1693.71,OK,-46.3153,63.8078,-1712.01,,365854924,Port:2,0,1773323182,68828404,Enabled,0.930129,0.0308831,0.0357922,0.364176,-87.4103,271.25,-1592.4,0.143439,3,OK,-87.2363,271.317,-1592.42,OK,-128.936,241.306,-1589.63,OK,-130.124,317.58,-1587.12,,365854924,Port:3,0,1773323182,68828404,Missing,,,,,,,,,4,Missing,,,,Missing,,,,Missing,,,,Missing,,,,,365854924,Port:65535,0,1773323182,68828404,Missing,,,,,,,,,0
4,,365854927,3,Port:1,0,1773323182,118828404,50000000,Enabled,0.629115,0.521521,-0.432488,0.38103,-81.646,110.427,-1700.75,0.245364,4,OK,-81.4634,110.315,-1700.98,OK,-114.359,74.6315,-1687.83,OK,-94.6167,23.6921,-1693.66,OK,-46.3754,63.4062,-1711.78,,365854927,Port:2,0,1773323182,118828404,Enabled,0.930105,0.0310337,0.0358704,0.364217,-87.4086,271.242,-1592.38,0.142232,3,OK,-87.2384,271.311,-1592.39,OK,-128.93,241.291,-1589.6,OK,-130.122,317.566,-1587.08,,365854927,Port:3,0,1773323182,118828404,Missing,,,,,,,,,4,Missing,,,,Missing,,,,Missing,,,,Missing,,,,,365854927,Port:65535,0,1773323182,118828404,Missing,,,,,,,,,0
4,,365854930,3,Port:1,0,1773323182,168828404,50000000,Enabled,0.629352,0.522247,-0.432012,0.380184,-81.4867,110.218,-1700.5,0.260366,4,OK,-81.2986,110.11,-1700.75,OK,-114.179,74.402,-1687.52,OK,-94.465,23.4712,-1693.48,OK,-46.2363,63.2136,-1711.65,,365854930,Port:2,0,1773323182,168828404,Enabled,0.930141,0.0310565,0.035477,0.364163,-87.4075,271.243,-1592.39,0.143825,3,OK,-87.2343,271.313,-1592.41,OK,-128.938,241.3,-1589.66,OK,-130.119,317.569,-1587.1,,365854930,Port:3,0,1773323182,168828404,Missing,,,,,,,,,4,Missing,,,,Missing,,,,Missing,,,,Missing,,,,,365854930,Port:65535,0,1773323182,168828404,Missing,,,,,,,,,0
4,,365854933,3,Port:1,0,1773323182,218828404,50000000,Enabled,0.628448,0.523612,-0.432793,0.378912,-81.4855,110.051,-1700.11,0.270476,4,OK,-81.3121,109.951,-1700.38,OK,-114.178,74.2068,-1687.24,OK,-94.4936,23.2872,-1693.5,OK,-46.2781,63.0563,-1711.47,,365854933,Port:2,0,1773323182,218828404,Enabled,0.930168,0.0309437,0.0348523,0.364164,-87.4038,271.242,-1592.33,0.140183,3,OK,-87.2329,271.306,-1592.34,OK,-128.935,241.304,-1589.65,OK,-130.121,317.57,-1587.08,,365854933,Port:3,0,1773323182,218828404,Missing,,,,,,,,,4,Missing,,,,Missing,,,,Missing,,,,Missing,,,,,365854933,Port:65535,0,1773323182,218828404,Missing,,,,,,,,,0
4,,365854936,3,Port:1,0,1773323182,268828404,50000000,Enabled,0.627279,0.523555,-0.433562,0.380046,-81.6887,109.925,-1700.07,0.256633,4,OK,-81.5071,109.82,-1700.32,OK,-114.355,74.0215,-1687.37,OK,-94.5896,23.1363,-1693.54,OK,-46.4015,63.0004,-1711.36,,365854936,Port:2,0,1773323182,268828404,Enabled,0.930137,0.0308451,0.0355474,0.364183,-87.4067,271.234,-1592.34,0.143123,3,OK,-87.2335,271.303,-1592.35,OK,-128.935,241.292,-1589.59,OK,-130.121,317.559,-1587.07,,365854936,Port:3,0,1773323182,268828404,Missing,,,,,,,,,4,Missing,,,,Missing,,,,Missing,,,,Missing,,,,,365854936,Port:65535,0,1773323182,268828404,Missing,,,,,,,,,0
4,,365854939,3,Port:1,0,1773323182,318828404,50000000,Enabled,0.627265,0.523729,-0.434379,0.378895,-81.5717,110.157,-1700.21,0.253647,4,OK,-81.3842,110.054,-1700.46,OK,-114.328,74.2934,-1687.57,OK,-94.6613,23.3834,-1693.83,OK,-46.3713,63.18,-1711.61,,365854939,Port:2,0,1773323182,318828404,Enabled,0.930166,0.030953,0.0347722,0.364175,-87.4042,271.238,-1592.33,0.138315,3,OK,-87.2372,271.305,-1592.34,OK,-128.934,241.299,-1589.66,OK,-130.12,317.564,-1587.08,,365854939,Port:3,0,1773323182,318828404,Missing,,,,,,,,,4,Missing,,,,Missing,,,,Missing,,,,Missing,,,,,365854939,Port:65535,0,1773323182,318828404,Missing,,,,,,,,,0
4,,365854942,3,Port:1,0,1773323182,368828404,50000000,Enabled,0.627919,0.522596,-0.435198,0.378434,-81.3685,110.462,-1700.43,0.256666,4,OK,-81.1927,110.352,-1700.67,OK,-114.235,74.7147,-1687.76,OK,-94.7193,23.7378,-1693.97,OK,-46.2864,63.3673,-1711.74,,365854942,Port:2,0,1773323182,368828404,Enabled,0.93019,0.0309647,0.0347657,0.364114,-87.4007,271.238,-1592.32,0.141575,3,OK,-87.2302,271.307,-1592.33,OK,-128.937,241.302,-1589.65,OK,-130.111,317.57,-1587.08,,365854942,Port:3,0,1773323182,368828404,Missing,,,,,,,,,4,Missing,,,,Missing,,,,Missing,,,,Missing,,,,,365854942,Port:65535,0,1773323182,368828404,Missing,,,,,,,,,0
4,,365854945,3,Port:1,0,1773323182,418828404,50000000,Enabled,0.628087,0.522339,-0.435712,0.377919,-81.2159,110.484,-1700.33,0.248605,4,OK,-81.0356,110.381,-1700.56,OK,-114.137,74.7792,-1687.69,OK,-94.7048,23.77,-1693.89,OK,-46.2075,63.3443,-1711.66,,365854945,Port:2,0,1773323182,418828404,Enabled,0.930154,0.0309379,0.0349882,0.364188,-87.4049,271.24,-1592.35,0.13997,3,OK,-87.2339,271.303,-1592.36,OK,-128.933,241.3,-1589.66,OK,-130.125,317.568,-1587.1,,365854945,Port:3,0,1773323182,418828404,Missing,,,,,,,,,4,Missing,,,,Missing,,,,Missing,,,,Missing,,,,,365854945,Port:65535,0,1773323182,418828404,Missing,,,,,,,,,0
4,,365854948,3,Port:1,0,1773323182,468828404,50000000,Enabled,0.627448,0.522599,-0.43692,0.377227,-81.0367,110.562,-1700.37,0.24671,4,OK,-80.8568,110.45,-1700.6,OK,-114.024,74.8755,-1687.87,OK,-94.6564,23.8555,-1694.16,OK,-46.0806,63.4048,-1711.78,,365854948,Port:2,0,1773323182,468828404,Enabled,0.930127,0.0311368,0.0354518,0.364195,-87.4069,271.24,-1592.37,0.138999,3,OK,-87.2394,271.307,-1592.38,OK,-128.93,241.296,-1589.64,OK,-130.12,317.563,-1587.07,,365854948,Port:3,0,1773323182,468828404,Missing,,,,,,,,,4,Missing,,,,Missing,,,,Missing,,,,Missing,,,,,365854948,Port:65535,0,1773323182,468828404,Missing,,,,,,,,,0
4,,365854951,3,Port:1,0,1773323182,518828404,50000000,Enabled,0.62821,0.520588,-0.439177,0.376117,-80.5983,111.228,-1700.71,0.241761,4,OK,-80.4075,111.125,-1700.94,OK,-113.832,75.7429,-1688.29,OK,-94.7503,24.6096,-1694.47,OK,-45.9242,63.8473,-1712.01,,365854951,Port:2,0,1773323182,518828404,Enabled,0.930148,0.0307472,0.0355127,0.364168,-87.4005,271.239,-1592.32,0.138719,3,OK,-87.2309,271.303,-1592.34,OK,-128.925,241.303,-1589.58,OK,-130.116,317.566,-1587.07,,365854951,Port:3,0,1773323182,518828404,Missing,,,,,,,,,4,Missing,,,,Missing,,,,Missing,,,,Missing,,,,,365854951,Port:65535,0,1773323182,518828404,Missing,,,,,,,,,0
4,,365854954,3,Port:1,0,1773323182,568828404,50000000,Enabled,0.628917,0.517674,-0.441269,0.376509,-80.4043,111.932,-1701.4,0.263081,4,OK,-80.2226,111.819,-1701.66,OK,-113.857,76.652,-1688.98,OK,-95.0066,25.4,-1694.98,OK,-45.8961,64.3539,-1712.36,,365854954,Port:2,0,1773323182,568828404,Enabled,0.930114,0.0310855,0.0357712,0.3642,-87.4088,271.247,-1592.39,0.143133,3,OK,-87.2369,271.316,-1592.41,OK,-128.933,241.298,-1589.63,OK,-130.122,317.573,-1587.09,,365854954,Port:3,0,1773323182,568828404,Missing,,,,,,,,,4,Missing,,,,Missing,,,,Missing,,,,Missing,,,,,365854954,Port:65535,0,1773323182,568828404,Missing,,,,,,,,,0
4,,365854957,3,Port:1,0,1773323182,618828404,50000000,Enabled,0.628443,0.517879,-0.442,0.376161,-80.355,112.092,-1701.36,0.287414,4,OK,-80.1696,111.985,-1701.64,OK,-113.84,76.8124,-1688.98,OK,-95.0167,25.5568,-1695.11,OK,-45.8764,64.5084,-1712.34,,365854957,Port:2,0,1773323182,618828404,Enabled,0.930147,0.0307924,0.0352264,0.364193,-87.4028,271.242,-1592.34,0.141091,3,OK,-87.2326,271.309,-1592.36,OK,-128.93,241.298,-1589.63,OK,-130.121,317.57,-1587.1,,365854957,Port:3,0,1773323182,618828404,Missing,,,,,,,,,4,Missing,,,,Missing,,,,Missing,,,,Missing,,,,,365854957,Port:65535,0,1773323182,618828404,Missing,,,,,,,,,0
4,,365854960,3,Port:1,0,1773323182,668828404,50000000,Enabled,0.628919,0.518341,-0.441064,0.375827,-80.31,112.097,-1701.28,0.266175,4,OK,-80.1322,111.983,-1701.54,OK,-113.758,76.8029,-1688.85,OK,-94.9094,25.5643,-1694.96,OK,-45.804,64.5263,-1712.36,,365854960,Port:2,0,1773323182,668828404,Enabled,0.930153,0.0310195,0.0353391,0.364148,-87.4044,271.243,-1592.38,0.144305,3,OK,-87.228,271.31,-1592.4,OK,-128.937,241.306,-1589.66,OK,-130.118,317.571,-1587.11,,365854960,Port:3,0,1773323182,668828404,Missing,,,,,,,,,4,Missing,,,,Missing,,,,Missing,,,,Missing,,,,,365854960,Port:65535,0,1773323182,668828404,Missing,,,,,,,,,0
4,,365854963,3,Port:1,0,1773323182,718828404,50000000,Enabled,0.628632,0.518721,-0.441509,0.375262,-80.0401,112.013,-1701.01,0.274304,4,OK,-79.8646,111.908,-1701.29,OK,-113.499,76.7197,-1688.62,OK,-94.6942,25.4722,-1694.84,OK,-45.5711,64.4377,-1712.16,,365854963,Port:2,0,1773323182,718828404,Enabled,0.930172,0.030831,0.0349625,0.364151,-87.407,271.242,-1592.33,0.140294,3,OK,-87.2344,271.304,-1592.35,OK,-128.938,241.307,-1589.64,OK,-130.125,317.572,-1587.09,,365854963,Port:3,0,1773323182,718828404,Missing,,,,,,,,,4,Missing,,,,Missing,,,,Missing,,,,Missing,,,,,365854963,Port:65535,0,1773323182,718828404,Missing,,,,,,,,,0
4,,365854966,3,Port:1,0,1773323182,768828404,50000000,Enabled,0.629104,0.51825,-0.442141,0.374375,-79.7619,112.189,-1700.99,0.245447,4,OK,-79.5798,112.08,-1701.22,OK,-113.313,76.9769,-1688.64,OK,-94.6376,25.6824,-1694.78,OK,-45.4144,64.5366,-1712.18,,365854966,Port:2,0,1773323182,768828404,Enabled,0.930144,0.0310204,0.0353303,0.364171,-87.4086,271.239,-1592.36,0.143016,3,OK,-87.2369,271.31,-1592.37,OK,-128.939,241.296,-1589.64,OK,-130.121,317.564,-1587.08,,365854966,Port:3,0,1773323182,768828404,Missing,,,,,,,,,4,Missing,,,,Missing,,,,Missing,,,,Missing,,,,,365854966,Port:65535,0,1773323182,768828404,Missing,,,,,,,,,0
4,,365854969,3,Port:1,0,1773323182,818828404,50000000,Enabled,0.629022,0.516561,-0.443014,0.375812,-79.9607,112.379,-1701.48,0.274417,4,OK,-79.7767,112.275,-1701.75,OK,-113.571,77.2166,-1689.13,OK,-94.8954,25.9002,-1695.15,OK,-45.6161,64.6712,-1712.37,,365854969,Port:2,0,1773323182,818828404,Enabled,0.930174,0.0308696,0.0347397,0.364166,-87.4032,271.24,-1592.31,0.138916,3,OK,-87.237,271.309,-1592.32,OK,-128.934,241.3,-1589.64,OK,-130.118,317.567,-1587.07,,365854969,Port:3,0,1773323182,818828404,Missing,,,,,,,,,4,Missing,,,,Missing,,,,Missing,,,,Missing,,,,,365854969,Port:65535,0,1773323182,818828404,Missing,,,,,,,,,0
4,,365854972,3,Port:1,0,1773323182,868828404,50000000,Enabled,0.628427,0.517014,-0.443692,0.375383,-79.9301,112.446,-1701.53,0.227553,4,OK,-79.7568,112.333,-1701.74,OK,-113.574,77.2817,-1689.34,OK,-94.9043,25.9654,-1695.34,OK,-45.5725,64.7422,-1712.55,,365854972,Port:2,0,1773323182,868828404,Enabled,0.930166,0.0307738,0.0351449,0.364155,-87.4071,271.241,-1592.36,0.140855,3,OK,-87.2343,271.303,-1592.38,OK,-128.937,241.304,-1589.65,OK,-130.125,317.573,-1587.12,,365854972,Port:3,0,1773323182,868828404,Missing,,,,,,,,,4,Missing,,,,Missing,,,,Missing,,,,Missing,,,,,365854972,Port:65535,0,1773323182,868828404,Missing,,,,,,,,,0
4,,365854975,3,Port:1,0,1773323182,918828406,50000002,Enabled,0.63035,0.515504,-0.443353,0.374637,-79.5425,112.847,-1701.71,0.27037,4,OK,-79.3531,112.739,-1701.97,OK,-113.286,77.8181,-1689.28,OK,-94.8134,26.4341,-1695.22,OK,-45.3626,65.0078,-1712.6,,365854975,Port:2,0,1773323182,918828406,Enabled,0.930189,0.0309791,0.0347562,0.364116,-87.4099,271.237,-1592.32,0.138893,3,OK,-87.24,271.3,-1592.33,OK,-128.943,241.305,-1589.65,OK,-130.123,317.569,-1587.07,,365854975,Port:3,0,1773323182,918828406,Missing,,,,,,,,,4,Missing,,,,Missing,,,,Missing,,,,Missing,,,,,365854975,Port:65535,0,1773323182,918828406,Missing,,,,,,,,,0
4,,365854978,3,Port:1,0,1773323182,968828406,50000000,Enabled,0.629907,0.514305,-0.445711,0.374232,-79.2377,113.09,-1701.8,0.269937,4,OK,-79.0565,112.985,-1702.06,OK,-113.136,78.1809,-1689.53,OK,-94.8505,26.7152,-1695.46,OK,-45.2046,65.1364,-1712.59,,365854978,Port:2,0,1773323182,968828406,Enabled,0.930122,0.0310213,0.0354198,0.364219,-87.4049,271.25,-1592.38,0.140395,3,OK,-87.2355,271.319,-1592.39,OK,-128.929,241.306,-1589.65,OK,-130.121,317.569,-1587.1,,365854978,Port:3,0,1773323182,968828406,Missing,,,,,,,,,4,Missing,,,,Missing,,,,Missing,,,,Missing,,,,,365854978,Port:65535,0,1773323182,968828406,Missing,,,,,,,,,0
4,,365854981,3,Port:1,0,1773323183,18828406,50000000,Enabled,0.630431,0.513411,-0.44539,0.374957,-79.1105,113.291,-1702.04,0.263792,4,OK,-78.9175,113.175,-1702.29,OK,-113.025,78.4047,-1689.73,OK,-94.7135,26.9471,-1695.48,OK,-45.0767,65.3143,-1712.71,,365854981,Port:2,0,1773323183,18828406,Enabled,0.930148,0.0309788,0.0351816,0.364181,-87.4017,271.237,-1592.33,0.141722,3,OK,-87.2293,271.303,-1592.34,OK,-128.931,241.296,-1589.62,OK,-130.119,317.563,-1587.06,,365854981,Port:3,0,1773323183,18828406,Missing,,,,,,,,,4,Missing,,,,Missing,,,,Missing,,,,Missing,,,,,365854981,Port:65535,0,1773323183,18828406,Missing,,,,,,,,,0
4,,365854984,3,Port:1,0,1773323183,68828406,50000000,Enabled,0.630355,0.513362,-0.447167,0.373034,-78.937,113.656,-1702.19,0.26632,4,OK,-78.7577,113.546,-1702.44,OK,-113.012,78.8795,-1689.97,OK,-94.9121,27.3619,-1695.91,OK,-45.0778,65.5554,-1712.98,,365854984,Port:2,0,1773323183,68828406,Enabled,0.930129,0.0309957,0.035424,0.364204,-87.4023,271.239,-1592.34,0.138398,3,OK,-87.2336,271.304,-1592.35,OK,-128.925,241.3,-1589.61,OK,-130.119,317.559,-1587.06,,365854984,Port:3,0,1773323183,68828406,Missing,,,,,,,,,4,Missing,,,,Missing,,,,Missing,,,,Missing,,,,,365854984,Port:65535,0,1773323183,68828406,Missing,,,,,,,,,0
4,,365854987,3,Port:1,0,1773323183,118828406,50000000,Enabled,0.6307,0.510807,-0.448836,0.373953,-78.8386,114.087,-1702.54,0.279795,4,OK,-78.6541,113.988,-1702.81,OK,-113.064,79.4542,-1690.36,OK,-95.1067,27.8512,-1696.08,OK,-45.1005,65.8493,-1713.01,,365854987,Port:2,0,1773323183,118828406,Enabled,0.930142,0.0311347,0.0353881,0.364163,-87.4051,271.241,-1592.34,0.142923,3,OK,-87.2306,271.308,-1592.35,OK,-128.935,241.303,-1589.62,OK,-130.118,317.563,-1587.05,,365854987,Port:3,0,1773323183,118828406,Missing,,,,,,,,,4,Missing,,,,Missing,,,,Missing,,,,Missing,,,,,365854987,Port:65535,0,1773323183,118828406,Missing,,,,,,,,,0
4,,365854990,3,Port:1,0,1773323183,168828406,50000000,Enabled,0.631073,0.510277,-0.449797,0.372889,-78.6371,114.539,-1702.81,0.261267,4,OK,-78.4602,114.436,-1703.06,OK,-112.967,80.0093,-1690.68,OK,-95.1678,28.3553,-1696.39,OK,-45.0468,66.1988,-1713.31,,365854990,Port:2,0,1773323183,168828406,Enabled,0.930109,0.0309389,0.0358317,0.364221,-87.4056,271.248,-1592.38,0.143527,3,OK,-87.2316,271.315,-1592.4,OK,-128.928,241.3,-1589.61,OK,-130.123,317.572,-1587.09,,365854990,Port:3,0,1773323183,168828406,Missing,,,,,,,,,4,Missing,,,,Missing,,,,Missing,,,,Missing,,,,,365854990,Port:65535,0,1773323183,168828406,Missing,,,,,,,,,0
4,,365854993,3,Port:1,0,1773323183,218828406,50000000,Enabled,0.631421,0.509355,-0.450203,0.373072,-78.5291,114.756,-1703.15,0.282522,4,OK,-78.3456,114.65,-1703.42,OK,-112.928,80.2838,-1690.98,OK,-95.188,28.5955,-1696.64,OK,-44.9718,66.3696,-1713.54,,365854993,Port:2,0,1773323183,218828406,Enabled,0.930166,0.0309086,0.0350559,0.364153,-87.4057,271.242,-1592.34,0.14008,3,OK,-87.2347,271.307,-1592.35,OK,-128.936,241.306,-1589.64,OK,-130.121,317.571,-1587.09,,365854993,Port:3,0,1773323183,218828406,Missing,,,,,,,,,4,Missing,,,,Missing,,,,Missing,,,,Missing,,,,,365854993,Port:65535,0,1773323183,218828406,Missing,,,,,,,,,0
4,,365854996,3,Port:1,0,1773323183,268828406,50000000,Enabled,0.631383,0.507535,-0.451521,0.374022,-78.5103,114.891,-1703.26,0.292654,4,OK,-78.3304,114.788,-1703.55,OK,-112.997,80.5067,-1691.14,OK,-95.3353,28.7765,-1696.66,OK,-45.025,66.4169,-1713.39,,365854996,Port:2,0,1773323183,268828406,Enabled,0.930141,0.0306193,0.035413,0.364207,-87.4063,271.244,-1592.35,0.141431,3,OK,-87.2353,271.312,-1592.36,OK,-128.932,241.301,-1589.61,OK,-130.125,317.569,-1587.11,,365854996,Port:3,0,1773323183,268828406,Missing,,,,,,,,,4,Missing,,,,Missing,,,,Missing,,,,Missing,,,,,365854996,Port:65535,0,1773323183,268828406,Missing,,,,,,,,,0
4,,365854999,3,Port:1,0,1773323183,318828406,50000000,Enabled,0.631449,0.509132,-0.45025,0.373272,-78.5127,114.723,-1702.99,0.283125,4,OK,-78.3305,114.622,-1703.27,OK,-112.91,80.2583,-1690.82,OK,-95.1718,28.5621,-1696.46,OK,-44.9617,66.3275,-1713.34,,365854999,Port:2,0,1773323183,318828406,Enabled,0.930146,0.0309719,0.0353139,0.364174,-87.4011,271.239,-1592.34,0.141229,3,OK,-87.2302,271.307,-1592.36,OK,-128.929,241.298,-1589.62,OK,-130.115,317.565,-1587.07,,365854999,Port:3,0,1773323183,318828406,Missing,,,,,,,,,4,Missing,,,,Missing,,,,Missing,,,,Missing,,,,,365854999,Port:65535,0,1773323183,318828406,Missing,,,,,,,,,0
4,,365855002,3,Port:1,0,1773323183,368828406,50000000,Enabled,0.631489,0.508553,-0.450158,0.374104,-78.7139,114.697,-1703.15,0.279457,4,OK,-78.5385,114.595,-1703.43,OK,-113.102,80.2339,-1690.96,OK,-95.3192,28.5466,-1696.51,OK,-45.1277,66.2922,-1713.39,,365855002,Port:2,0,1773323183,368828406,Enabled,0.930165,0.0307858,0.0351087,0.364159,-87.4015,271.234,-1592.3,0.141683,3,OK,-87.2306,271.303,-1592.31,OK,-128.933,241.295,-1589.59,OK,-130.116,317.562,-1587.06,,365855002,Port:3,0,1773323183,368828406,Missing,,,,,,,,,4,Missing,,,,Missing,,,,Missing,,,,Missing,,,,,365855002,Port:65535,0,1773323183,368828406,Missing,,,,,,,,,0
4,,365855005,3,Port:1,0,1773323183,418828406,50000000,Enabled,0.631011,0.509965,-0.447855,0.375747,-79.1924,114.149,-1703.02,0.278244,4,OK,-79.0061,114.041,-1703.29,OK,-113.353,79.4824,-1690.74,OK,-95.2696,27.9101,-1696.25,OK,-45.334,65.9522,-1713.28,,365855005,Port:2,0,1773323183,418828406,Enabled,0.93014,0.0309122,0.0353402,0.364191,-87.4081,271.244,-1592.35,0.14147,3,OK,-87.2385,271.313,-1592.36,OK,-128.935,241.298,-1589.62,OK,-130.123,317.57,-1587.09,,365855005,Port:3,0,1773323183,418828406,Missing,,,,,,,,,4,Missing,,,,Missing,,,,Missing,,,,Missing,,,,,365855005,Port:65535,0,1773323183,418828406,Missing,,,,,,,,,0
4,,365855008,3,Port:1,0,1773323183,468828406,50000000,Enabled,0.631163,0.511499,-0.446786,0.374679,-79.0552,114.008,-1702.71,0.266643,4,OK,-78.8769,113.902,-1702.97,OK,-113.137,79.2852,-1690.39,OK,-95.0295,27.7353,-1696.04,OK,-45.17,65.8637,-1713.2,,365855008,Port:2,0,1773323183,468828406,Enabled,0.930118,0.0307675,0.0354001,0.364254,-87.4036,271.244,-1592.35,0.141691,3,OK,-87.2312,271.31,-1592.36,OK,-128.927,241.298,-1589.61,OK,-130.128,317.563,-1587.1,,365855008,Port:3,0,1773323183,468828406,Missing,,,,,,,,,4,Missing,,,,Missing,,,,Missing,,,,Missing,,,,,365855008,Port:65535,0,1773323183,468828406,Missing,,,,,,,,,0
4,,365855011,3,Port:1,0,1773323183,518828406,50000000,Enabled,0.631626,0.508454,-0.45091,0.373098,-78.0899,115.005,-1703.22,0.280285,4,OK,-77.9138,114.896,-1703.5,OK,-112.545,80.6036,-1691.08,OK,-94.8873,28.8864,-1696.68,OK,-44.6211,66.5448,-1713.52,,365855011,Port:2,0,1773323183,518828406,Enabled,0.930173,0.030692,0.0349328,0.364165,-87.404,271.237,-1592.32,0.14098,3,OK,-87.2327,271.303,-1592.33,OK,-128.935,241.298,-1589.63,OK,-130.122,317.568,-1587.1,,365855011,Port:3,0,1773323183,518828406,Missing,,,,,,,,,4,Missing,,,,Missing,,,,Missing,,,,Missing,,,,,365855011,Port:65535,0,1773323183,518828406,Missing,,,,,,,,,0
4,,365855014,3,Port:1,0,1773323183,568828406,50000000,Enabled,0.634063,0.497206,-0.463604,0.36854,-75.5741,118.347,-1705.69,0.242242,4,OK,-75.393,118.237,-1705.91,OK,-111.287,85.0489,-1694.12,OK,-95.1349,32.7993,-1699.15,OK,-43.4039,68.8598,-1715.31,,365855014,Port:2,0,1773323183,568828406,Enabled,0.930154,0.0305675,0.035437,0.364174,-87.4104,271.242,-1592.35,0.139041,3,OK,-87.2427,271.306,-1592.37,OK,-128.934,241.298,-1589.61,OK,-130.127,317.579,-1587.12,,365855014,Port:3,0,1773323183,568828406,Missing,,,,,,,,,4,Missing,,,,Missing,,,,Missing,,,,Missing,,,,,365855014,Port:65535,0,1773323183,568828406,Missing,,,,,,,,,0
4,,365855017,3,Port:1,0,1773323183,618828406,50000000,Enabled,0.640296,0.475324,-0.481917,0.363103,-72.052,123.793,-1710.18,0.257573,4,OK,-71.8752,123.66,-1710.41,OK,-109.692,92.498,-1699.12,OK,-96.0552,39.4548,-1702.96,OK,-42.1528,72.6186,-1718.13,,365855017,Port:2,0,1773323183,618828406,Enabled,0.930113,0.0309465,0.0357553,0.364215,-87.4043,271.239,-1592.36,0.142266,3,OK,-87.2339,271.309,-1592.37,OK,-128.927,241.29,-1589.59,OK,-130.119,317.564,-1587.07,,365855017,Port:3,0,1773323183,618828406,Missing,,,,,,,,,4,Missing,,,,Missing,,,,Missing,,,,Missing,,,,,365855017,Port:65535,0,1773323183,618828406,Missing,,,,,,,,,0
4,,365855020,3,Port:1,0,1773323183,668828406,50000000,Enabled,0.643193,0.454957,-0.499069,0.360897,-69.0889,128.694,-1714.7,0.205998,4,OK,-68.9133,128.558,-1714.85,OK,-108.323,99.1242,-1704.52,OK,-96.7481,45.5197,-1707.04,OK,-41.073,76.2221,-1721.05,,365855020,Port:2,0,1773323183,668828406,Enabled,0.930139,0.0309124,0.0354087,0.364187,-87.4061,271.246,-1592.38,0.144657,3,OK,-87.2304,271.313,-1592.39,OK,-128.936,241.302,-1589.65,OK,-130.123,317.574,-1587.11,,365855020,Port:3,0,1773323183,668828406,Missing,,,,,,,,,4,Missing,,,,Missing,,,,Missing,,,,Missing,,,,,365855020,Port:65535,0,1773323183,668828406,Missing,,,,,,,,,0
4,,365855023,3,Port:1,0,1773323183,718828406,50000000,Enabled,0.642891,0.426491,-0.527526,0.355685,-64.4398,134.54,-1720.08,0.223492,4,OK,-64.2741,134.403,-1720.26,OK,-105.86,107.514,-1711.67,OK,-97.4841,53.293,-1713.19,OK,-39.4021,80.392,-1724.42,,365855023,Port:2,0,1773323183,718828406,Enabled,0.930181,0.0309199,0.0346248,0.364155,-87.4015,271.244,-1592.32,0.13812,3,OK,-87.2333,271.308,-1592.34,OK,-128.933,241.308,-1589.67,OK,-130.119,317.572,-1587.09,,365855023,Port:3,0,1773323183,718828406,Missing,,,,,,,,,4,Missing,,,,Missing,,,,Missing,,,,Missing,,,,,365855023,Port:65535,0,1773323183,718828406,Missing,,,,,,,,,0
4,,365855026,3,Port:1,0,1773323183,768828406,50000000,Enabled,0.643537,0.397226,-0.555363,0.345896,-58.3399,140.733,-1725.37,0.187394,4,OK,-58.1985,140.567,-1725.48,OK,-101.838,116.652,-1718.85,OK,-97.0888,61.9878,-1719.5,OK,-36.857,84.9691,-1728.2,,365855026,Port:2,0,1773323183,768828406,Enabled,0.930129,0.0310236,0.0353496,0.36421,-87.4052,271.238,-1592.35,0.140276,3,OK,-87.2352,271.307,-1592.36,OK,-128.931,241.298,-1589.63,OK,-130.122,317.556,-1587.07,,365855026,Port:3,0,1773323183,768828406,Missing,,,,,,,,,4,Missing,,,,Missing,,,,Missing,,,,Missing,,,,,365855026,Port:65535,0,1773323183,768828406,Missing,,,,,,,,,0
4,,365855029,3,Port:1,0,1773323183,818828406,50000000,Enabled,0.646155,0.371902,-0.572371,0.341415,-53.3546,145.634,-1730.61,0.169342,4,OK,-53.2207,145.467,-1730.67,OK,-98.1656,123.824,-1725.17,OK,-96.1231,69.006,-1724.65,OK,-34.5895,88.8443,-1731.79,,365855029,Port:2,0,1773323183,818828406,Enabled,0.930137,0.0307521,0.0353768,0.364209,-87.4041,271.245,-1592.35,0.144055,3,OK,-87.2295,271.314,-1592.36,OK,-128.933,241.301,-1589.61,OK,-130.123,317.569,-1587.1,,365855029,Port:3,0,1773323183,818828406,Missing,,,,,,,,,4,Missing,,,,Missing,,,,Missing,,,,Missing,,,,,365855029,Port:65535,0,1773323183,818828406,Missing,,,,,,,,,0
4,,365855032,3,Port:1,0,1773323183,868828406,50000000,Enabled,0.643214,0.353775,-0.587949,0.339756,-50.3577,148.833,-1734.39,0.151237,4,OK,-50.2265,148.681,-1734.4,OK,-96.0104,128.532,-1730.39,OK,-95.7788,73.6775,-1729.26,OK,-33.4359,91.4465,-1734.49,,365855032,Port:2,0,1773323183,868828406,Enabled,0.930165,0.0307634,0.0348092,0.364191,-87.4011,271.242,-1592.33,0.140777,3,OK,-87.231,271.309,-1592.34,OK,-128.931,241.3,-1589.65,OK,-130.121,317.571,-1587.1,,365855032,Port:3,0,1773323183,868828406,Missing,,,,,,,,,4,Missing,,,,Missing,,,,Missing,,,,Missing,,,,,365855032,Port:65535,0,1773323183,868828406,Missing,,,,,,,,,0
4,,365855035,3,Port:1,0,1773323183,918828406,50000000,Enabled,0.642684,0.344413,-0.595986,0.33636,-48.167,150.751,-1736.2,0.155351,4,OK,-48.0357,150.602,-1736.24,OK,-94.2915,131.394,-1732.82,OK,-95.2019,76.5788,-1731.62,OK,-32.44,93.0206,-1735.92,,365855035,Port:2,0,1773323183,918828406,Enabled,0.930115,0.0310975,0.0357053,0.364204,-87.4086,271.243,-1592.38,0.141083,3,OK,-87.2374,271.312,-1592.39,OK,-128.932,241.302,-1589.62,OK,-130.122,317.561,-1587.07,,365855035,Port:3,0,1773323183,918828406,Missing,,,,,,,,,4,Missing,,,,Missing,,,,Missing,,,,Missing,,,,,365855035,Port:65535,0,1773323183,918828406,Missing,,,,,,,,,0
4,,365855038,3,Port:1,0,1773323183,968828406,50000000,Enabled,0.645543,0.338447,-0.598194,0.333006,-45.8912,151.958,-1737.08,0.149544,4,OK,-45.7664,151.812,-1737.1,OK,-92.3012,133.304,-1733.68,OK,-94.0321,78.5129,-1732.23,OK,-31.0176,93.9952,-1736.54,,365855038,Port:2,0,1773323183,968828406,Enabled,0.93015,0.0307492,0.0352973,0.364183,-87.4035,271.242,-1592.34,0.143382,3,OK,-87.231,271.311,-1592.35,OK,-128.933,241.296,-1589.61,OK,-130.12,317.573,-1587.09,,365855038,Port:3,0,1773323183,968828406,Missing,,,,,,,,,4,Missing,,,,Missing,,,,Missing,,,,Missing,,,,,365855038,Port:65535,0,1773323183,968828406,Missing,,,,,,,,,0
4,,365855041,3,Port:1,0,1773323184,18828406,50000000,Enabled,0.644724,0.331644,-0.604862,0.329372,-43.9534,152.825,-1737.72,0.156356,4,OK,-43.8203,152.687,-1737.77,OK,-90.7122,134.945,-1734.85,OK,-93.3662,80.1983,-1733.51,OK,-30.0756,94.6178,-1737.03,,365855041,Port:2,0,1773323184,18828406,Enabled,0.930117,0.0309398,0.0357792,0.364206,-87.4101,271.247,-1592.39,0.143883,3,OK,-87.2371,271.316,-1592.4,OK,-128.935,241.298,-1589.62,OK,-130.125,317.574,-1587.1,,365855041,Port:3,0,1773323184,18828406,Missing,,,,,,,,,4,Missing,,,,Missing,,,,Missing,,,,Missing,,,,,365855041,Port:65535,0,1773323184,18828406,Missing,,,,,,,,,0
4,,365855044,3,Port:1,0,1773323184,68828406,50000000,Enabled,0.644832,0.328647,-0.607252,0.327762,-43.1406,153.309,-1738.3,0.154484,4,OK,-43.0092,153.164,-1738.33,OK,-90.0352,135.775,-1735.62,OK,-93.1105,81.0451,-1734.24,OK,-29.6904,95.01,-1737.55,,365855044,Port:2,0,1773323184,68828406,Enabled,0.930145,0.0307243,0.0353283,0.364195,-87.4069,271.24,-1592.35,0.1428,3,OK,-87.2323,271.304,-1592.36,OK,-128.934,241.297,-1589.62,OK,-130.128,317.57,-1587.11,,365855044,Port:3,0,1773323184,68828406,Missing,,,,,,,,,4,Missing,,,,Missing,,,,Missing,,,,Missing,,,,,365855044,Port:65535,0,1773323184,68828406,Missing,,,,,,,,,0
4,,365855047,3,Port:1,0,1773323184,118828406,50000000,Enabled,0.645464,0.326751,-0.607189,0.32853,-43.1365,153.508,-1738.63,0.148944,4,OK,-43.0105,153.37,-1738.66,OK,-90.0628,136.063,-1735.92,OK,-93.2343,81.3473,-1734.33,OK,-29.7782,95.1797,-1737.64,,365855047,Port:2,0,1773323184,118828406,Enabled,0.93012,0.0310727,0.0353978,0.364223,-87.4014,271.247,-1592.38,0.142219,3,OK,-87.2259,271.311,-1592.4,OK,-128.927,241.307,-1589.66,OK,-130.123,317.566,-1587.1,,365855047,Port:3,0,1773323184,118828406,Missing,,,,,,,,,4,Missing,,,,Missing,,,,Missing,,,,Missing,,,,,365855047,Port:65535,0,1773323184,118828406,Missing,,,,,,,,,0
4,,365855050,3,Port:1,0,1773323184,168828406,50000000,Enabled,0.645286,0.327329,-0.607151,0.328374,-43.4185,153.528,-1738.5,0.156599,4,OK,-43.2855,153.393,-1738.55,OK,-90.3336,136.047,-1735.77,OK,-93.4605,81.3284,-1734.28,OK,-30.0363,95.2084,-1737.56,,365855050,Port:2,0,1773323184,168828406,Enabled,0.930136,0.0309383,0.0354424,0.36419,-87.4073,271.245,-1592.38,0.143833,3,OK,-87.2341,271.314,-1592.39,OK,-128.936,241.299,-1589.64,OK,-130.123,317.572,-1587.1,,365855050,Port:3,0,1773323184,168828406,Missing,,,,,,,,,4,Missing,,,,Missing,,,,Missing,,,,Missing,,,,,365855050,Port:65535,0,1773323184,168828406,Missing,,,,,,,,,0
4,,365855053,3,Port:1,0,1773323184,218828406,50000000,Enabled,0.645537,0.327409,-0.606952,0.328169,-43.4634,153.489,-1738.37,0.146452,4,OK,-43.3386,153.349,-1738.39,OK,-90.3767,136.025,-1735.65,OK,-93.5176,81.2996,-1734.09,OK,-30.087,95.1664,-1737.47,,365855053,Port:2,0,1773323184,218828406,Enabled,0.930126,0.0311154,0.0354604,0.364199,-87.4058,271.245,-1592.38,0.145133,3,OK,-87.2306,271.315,-1592.4,OK,-128.935,241.298,-1589.65,OK,-130.121,317.569,-1587.09,,365855053,Port:3,0,1773323184,218828406,Missing,,,,,,,,,4,Missing,,,,Missing,,,,Missing,,,,Missing,,,,,365855053,Port:65535,0,1773323184,218828406,Missing,,,,,,,,,0
4,,365855056,3,Port:1,0,1773323184,268828406,50000000,Enabled,0.646006,0.327068,-0.606552,0.328326,-43.3602,153.431,-1738.34,0.153618,4,OK,-43.2289,153.281,-1738.37,OK,-90.2806,135.986,-1735.55,OK,-93.4277,81.2546,-1733.94,OK,-30.0013,95.1149,-1737.37,,365855056,Port:2,0,1773323184,268828406,Enabled,0.93017,0.0305464,0.0350259,0.364174,-87.4005,271.241,-1592.33,0.141499,3,OK,-87.2276,271.304,-1592.35,OK,-128.93,241.301,-1589.63,OK,-130.122,317.577,-1587.12,,365855056,Port:3,0,1773323184,268828406,Missing,,,,,,,,,4,Missing,,,,Missing,,,,Missing,,,,Missing,,,,,365855056,Port:65535,0,1773323184,268828406,Missing,,,,,,,,,0
4,,365855059,3,Port:1,0,1773323184,318828406,50000000,Enabled,0.64728,0.327125,-0.605789,0.327165,-43.3139,153.401,-1738.16,0.152836,4,OK,-43.1838,153.256,-1738.18,OK,-90.2505,136.032,-1735.21,OK,-93.4972,81.3154,-1733.6,OK,-30.0566,95.0617,-1737.24,,365855059,Port:2,0,1773323184,318828406,Enabled,0.930163,0.030857,0.0351841,0.364153,-87.407,271.232,-1592.33,0.139459,3,OK,-87.2375,271.297,-1592.35,OK,-128.935,241.294,-1589.62,OK,-130.122,317.563,-1587.08,,365855059,Port:3,0,1773323184,318828406,Missing,,,,,,,,,4,Missing,,,,Missing,,,,Missing,,,,Missing,,,,,365855059,Port:65535,0,1773323184,318828406,Missing,,,,,,,,,0
4,,365855062,3,Port:1,0,1773323184,368828406,50000000,Enabled,0.647304,0.327922,-0.604189,0.329273,-44.0034,153.124,-1738.18,0.152337,4,OK,-43.8756,152.973,-1738.2,OK,-90.8589,135.544,-1735.15,OK,-93.8401,80.8171,-1733.37,OK,-30.4606,94.8482,-1737.14,,365855062,Port:2,0,1773323184,368828406,Enabled,0.930184,0.0305171,0.0346723,0.364176,-87.3992,271.241,-1592.31,0.139935,3,OK,-87.2275,271.303,-1592.33,OK,-128.93,241.304,-1589.64,OK,-130.123,317.575,-1587.12,,365855062,Port:3,0,1773323184,368828406,Missing,,,,,,,,,4,Missing,,,,Missing,,,,Missing,,,,Missing,,,,,365855062,Port:65535,0,1773323184,368828406,Missing,,,,,,,,,0
4,,365855065,3,Port:1,0,1773323184,418828406,50000000,Enabled,0.647182,0.330088,-0.602861,0.329781,-44.7127,152.818,-1737.83,0.150988,4,OK,-44.5905,152.676,-1737.86,OK,-91.4801,135.029,-1734.67,OK,-94.2287,80.3034,-1733,OK,-30.922,94.5906,-1736.89,,365855065,Port:2,0,1773323184,418828406,Enabled,0.930147,0.030993,0.0351464,0.364185,-87.4021,271.243,-1592.35,0.140884,3,OK,-87.231,271.309,-1592.36,OK,-128.931,241.302,-1589.64,OK,-130.119,317.567,-1587.08,,365855065,Port:3,0,1773323184,418828406,Missing,,,,,,,,,4,Missing,,,,Missing,,,,Missing,,,,Missing,,,,,365855065,Port:65535,0,1773323184,418828406,Missing,,,,,,,,,0
4,,365855068,3,Port:1,0,1773323184,468828406,50000000,Enabled,0.648069,0.330596,-0.601751,0.329558,-44.7947,152.632,-1737.63,0.161271,4,OK,-44.667,152.481,-1737.69,OK,-91.5502,134.829,-1734.31,OK,-94.2689,80.0877,-1732.65,OK,-30.9657,94.4199,-1736.7,,365855068,Port:2,0,1773323184,468828406,Enabled,0.930096,0.0311658,0.0359577,0.364221,-87.4077,271.243,-1592.41,0.143729,3,OK,-87.2339,271.311,-1592.42,OK,-128.93,241.293,-1589.63,OK,-130.123,317.566,-1587.08,,365855068,Port:3,0,1773323184,468828406,Missing,,,,,,,,,4,Missing,,,,Missing,,,,Missing,,,,Missing,,,,,365855068,Port:65535,0,1773323184,468828406,Missing,,,,,,,,,0
4,,365855071,3,Port:1,0,1773323184,518828406,50000000,Enabled,0.646277,0.330328,-0.605023,0.327349,-44.3482,152.663,-1737.34,0.156127,4,OK,-44.2241,152.517,-1737.39,OK,-91.1901,135.035,-1734.36,OK,-94.1436,80.304,-1733.01,OK,-30.771,94.3851,-1736.67,,365855071,Port:2,0,1773323184,518828406,Enabled,0.930129,0.0308716,0.0353959,0.364217,-87.4035,271.243,-1592.35,0.142497,3,OK,-87.2326,271.313,-1592.36,OK,-128.93,241.296,-1589.61,OK,-130.121,317.565,-1587.08,,365855071,Port:3,0,1773323184,518828406,Missing,,,,,,,,,4,Missing,,,,Missing,,,,Missing,,,,Missing,,,,,365855071,Port:65535,0,1773323184,518828406,Missing,,,,,,,,,0
4,,365855074,3,Port:1,0,1773323184,568828406,50000000,Enabled,0.647221,0.327992,-0.605027,0.327826,-43.9989,152.753,-1737.59,0.148459,4,OK,-43.8673,152.617,-1737.62,OK,-90.8974,135.279,-1734.58,OK,-93.9973,80.539,-1732.97,OK,-30.5952,94.4335,-1736.67,,365855074,Port:2,0,1773323184,568828406,Enabled,0.930157,0.0308323,0.0351552,0.364172,-87.4021,271.238,-1592.34,0.140006,3,OK,-87.2318,271.303,-1592.35,OK,-128.93,241.299,-1589.63,OK,-130.119,317.566,-1587.09,,365855074,Port:3,0,1773323184,568828406,Missing,,,,,,,,,4,Missing,,,,Missing,,,,Missing,,,,Missing,,,,,365855074,Port:65535,0,1773323184,568828406,Missing,,,,,,,,,0
4,,365855077,3,Port:1,0,1773323184,618828406,50000000,Enabled,0.646554,0.328085,-0.605995,0.327257,-43.9092,152.79,-1737.44,0.148066,4,OK,-43.78,152.649,-1737.47,OK,-90.8191,135.346,-1734.56,OK,-93.9736,80.6099,-1733.04,OK,-30.5607,94.4648,-1736.62,,365855077,Port:2,0,1773323184,618828406,Enabled,0.930179,0.0307099,0.0349113,0.364151,-87.406,271.234,-1592.32,0.142067,3,OK,-87.2336,271.302,-1592.33,OK,-128.94,241.298,-1589.63,OK,-130.122,317.564,-1587.1,,365855077,Port:3,0,1773323184,618828406,Missing,,,,,,,,,4,Missing,,,,Missing,,,,Missing,,,,Missing,,,,,365855077,Port:65535,0,1773323184,618828406,Missing,,,,,,,,,0
4,,365855080,3,Port:1,0,1773323184,668828406,50000000,Enabled,0.647155,0.327725,-0.605662,0.327048,-43.8765,152.876,-1737.56,0.146664,4,OK,-43.7484,152.741,-1737.58,OK,-90.7981,135.469,-1734.62,OK,-94.0029,80.7494,-1733.04,OK,-30.5754,94.5364,-1736.71,,365855080,Port:2,0,1773323184,668828406,Enabled,0.930162,0.0307741,0.0350923,0.364169,-87.4033,271.244,-1592.33,0.141324,3,OK,-87.2318,271.308,-1592.35,OK,-128.932,241.301,-1589.63,OK,-130.121,317.578,-1587.1,,365855080,Port:3,0,1773323184,668828406,Missing,,,,,,,,,4,Missing,,,,Missing,,,,Missing,,,,Missing,,,,,365855080,Port:65535,0,1773323184,668828406,Missing,,,,,,,,,0
4,,365855083,3,Port:1,0,1773323184,718828406,50000000,Enabled,0.647688,0.327105,-0.605136,0.327586,-43.9232,152.911,-1737.82,0.149705,4,OK,-43.793,152.781,-1737.87,OK,-90.8381,135.516,-1734.79,OK,-94.0617,80.7858,-1733.14,OK,-30.6226,94.5768,-1736.83,,365855083,Port:2,0,1773323184,718828406,Enabled,0.930114,0.0309723,0.0356332,0.364223,-87.4025,271.243,-1592.35,0.141262,3,OK,-87.2315,271.311,-1592.36,OK,-128.926,241.299,-1589.59,OK,-130.119,317.562,-1587.06,,365855083,Port:3,0,1773323184,718828406,Missing,,,,,,,,,4,Missing,,,,Missing,,,,Missing,,,,Missing,,,,,365855083,Port:65535,0,1773323184,718828406,Missing,,,,,,,,,0
4,,365855086,3,Port:1,0,1773323184,768828406,50000000,Enabled,0.646951,0.327424,-0.606259,0.326648,-43.8132,152.85,-1737.52,0.149906,4,OK,-43.6907,152.7,-1737.54,OK,-90.7631,135.504,-1734.63,OK,-94.0261,80.7803,-1733.1,OK,-30.5681,94.4965,-1736.69,,365855086,Port:2,0,1773323184,768828406,Enabled,0.930133,0.0312118,0.0351358,0.364203,-87.4077,271.24,-1592.35,0.14113,3,OK,-87.2376,271.31,-1592.36,OK,-128.936,241.299,-1589.65,OK,-130.122,317.556,-1587.06,,365855086,Port:3,0,1773323184,768828406,Missing,,,,,,,,,4,Missing,,,,Missing,,,,Missing,,,,Missing,,,,,365855086,Port:65535,0,1773323184,768828406,Missing,,,,,,,,,0
4,,365855089,3,Port:1,0,1773323184,818828406,50000000,Enabled,0.647815,0.327759,-0.605507,0.325991,-43.9135,152.761,-1737.39,0.14751,4,OK,-43.7851,152.621,-1737.41,OK,-90.8609,135.438,-1734.37,OK,-94.1604,80.705,-1732.84,OK,-30.6975,94.4028,-1736.6,,365855089,Port:2,0,1773323184,818828406,Enabled,0.930193,0.0306869,0.0344728,0.364157,-87.4012,271.24,-1592.32,0.139743,3,OK,-87.2284,271.301,-1592.33,OK,-128.935,241.308,-1589.67,OK,-130.124,317.571,-1587.12,,365855089,Port:3,0,1773323184,818828406,Missing,,,,,,,,,4,Missing,,,,Missing,,,,Missing,,,,Missing,,,,,365855089,Port:65535,0,1773323184,818828406,Missing,,,,,,,,,0
4,,365855092,3,Port:1,0,1773323184,868828406,50000000,Enabled,0.647377,0.328521,-0.60526,0.326552,-44.1322,152.575,-1737.23,0.151467,4,OK,-44.0069,152.431,-1737.27,OK,-91.0409,135.15,-1734.21,OK,-94.2184,80.419,-1732.73,OK,-30.8024,94.2441,-1736.45,,365855092,Port:2,0,1773323184,868828406,Enabled,0.930173,0.0306593,0.0350612,0.364154,-87.4063,271.241,-1592.34,0.142605,3,OK,-87.2334,271.307,-1592.35,OK,-128.938,241.301,-1589.63,OK,-130.123,317.575,-1587.12,,365855092,Port:3,0,1773323184,868828406,Missing,,,,,,,,,4,Missing,,,,Missing,,,,Missing,,,,Missing,,,,,365855092,Port:65535,0,1773323184,868828406,Missing,,,,,,,,,0
4,,365855095,3,Port:1,0,1773323184,918828402,49999996,Enabled,0.648985,0.327402,-0.604007,0.326806,-44.0294,152.664,-1737.47,0.147768,4,OK,-43.9014,152.531,-1737.5,OK,-90.9521,135.305,-1734.26,OK,-94.2024,80.5845,-1732.57,OK,-30.7638,94.3147,-1736.52,,365855095,Port:2,0,1773323184,918828402,Enabled,0.930154,0.0306406,0.035327,0.36418,-87.4052,271.237,-1592.34,0.14141,3,OK,-87.2339,271.303,-1592.35,OK,-128.932,241.294,-1589.61,OK,-130.123,317.568,-1587.1,,365855095,Port:3,0,1773323184,918828402,Missing,,,,,,,,,4,Missing,,,,Missing,,,,Missing,,,,Missing,,,,,365855095,Port:65535,0,1773323184,918828402,Missing,,,,,,,,,0
4,,365855098,3,Port:1,0,1773323184,968828402,50000000,Enabled,0.647777,0.327484,-0.605677,0.326028,-43.8882,152.735,-1737.38,0.147461,4,OK,-43.7576,152.597,-1737.41,OK,-90.8477,135.431,-1734.38,OK,-94.1581,80.6995,-1732.84,OK,-30.6975,94.3676,-1736.57,,365855098,Port:2,0,1773323184,968828402,Enabled,0.930141,0.0307389,0.0355191,0.364186,-87.4045,271.245,-1592.37,0.142006,3,OK,-87.2335,271.312,-1592.38,OK,-128.93,241.299,-1589.62,OK,-130.121,317.577,-1587.12,,365855098,Port:3,0,1773323184,968828402,Missing,,,,,,,,,4,Missing,,,,Missing,,,,Missing,,,,Missing,,,,,365855098,Port:65535,0,1773323184,968828402,Missing,,,,,,,,,0
4,,365855101,3,Port:1,0,1773323185,18828402,50000000,Enabled,0.648198,0.326811,-0.605534,0.326132,-43.889,152.803,-1737.43,0.151494,4,OK,-43.7613,152.661,-1737.46,OK,-90.8626,135.536,-1734.38,OK,-94.2127,80.8287,-1732.79,OK,-30.7534,94.4247,-1736.53,,365855101,Port:2,0,1773323185,18828402,Enabled,0.930122,0.0309932,0.0355001,0.364214,-87.4039,271.241,-1592.36,0.141971,3,OK,-87.2318,271.31,-1592.37,OK,-128.929,241.299,-1589.62,OK,-130.121,317.56,-1587.08,,365855101,Port:3,0,1773323185,18828402,Missing,,,,,,,,,4,Missing,,,,Missing,,,,Missing,,,,Missing,,,,,365855101,Port:65535,0,1773323185,18828402,Missing,,,,,,,,,0
4,,365855104,3,Port:1,0,1773323185,68828402,50000000,Enabled,0.647925,0.327124,-0.605681,0.326089,-44.1021,152.719,-1737.28,0.145429,4,OK,-43.9772,152.583,-1737.31,OK,-91.0631,135.436,-1734.27,OK,-94.3997,80.7141,-1732.7,OK,-30.945,94.343,-1736.43,,365855104,Port:2,0,1773323185,68828402,Enabled,0.930153,0.0307667,0.0352317,0.364181,-87.4083,271.233,-1592.34,0.140887,3,OK,-87.2381,271.3,-1592.35,OK,-128.936,241.29,-1589.62,OK,-130.125,317.562,-1587.1,,365855104,Port:3,0,1773323185,68828402,Missing,,,,,,,,,4,Missing,,,,Missing,,,,Missing,,,,Missing,,,,,365855104,Port:65535,0,1773323185,68828402,Missing,,,,,,,,,0
4,,365855107,3,Port:1,0,1773323185,118828402,50000000,Enabled,0.648985,0.327731,-0.604699,0.325192,-44.1341,152.628,-1737.14,0.1523,4,OK,-44.0081,152.476,-1737.13,OK,-91.0888,135.361,-1734.02,OK,-94.4571,80.6469,-1732.39,OK,-30.9994,94.2639,-1736.4,,365855107,Port:2,0,1773323185,118828402,Enabled,0.930145,0.0310587,0.0351644,0.364182,-87.4048,271.236,-1592.33,0.138801,3,OK,-87.2356,271.3,-1592.34,OK,-128.931,241.297,-1589.62,OK,-130.121,317.561,-1587.06,,365855107,Port:3,0,1773323185,118828402,Missing,,,,,,,,,4,Missing,,,,Missing,,,,Missing,,,,Missing,,,,,365855107,Port:65535,0,1773323185,118828402,Missing,,,,,,,,,0
