ToolCount,ToolInfo,Frame#,PortHandle,Face#,timespec_s,timespec_ns,,TransformStatus,Q0,Qx,Qy,Qz,Tx,Ty,Tz,Error,#Markers,Marker0.Status,Tx,Ty,Tz,Marker1.Status,Tx,Ty,Tz,Marker2.Status,Tx,Ty,Tz,Marker3.Status,Tx,Ty,Tz,ToolInfo,Frame#,PortHandle,Face#,timespec_s,timespec_ns,TransformStatus,Q0,Qx,Qy,Qz,Tx,Ty,Tz,Error,#Markers,Marker0.Status,Tx,Ty,Tz,Marker1.Status,Tx,Ty,Tz,Marker2.Status,Tx,Ty,Tz,ToolInfo,Frame#,PortHandle,Face#,timespec_s,timespec_ns,TransformStatus,Q0,Qx,Qy,Qz,Tx,Ty,Tz,Error,#Markers,Marker0.Status,Tx,Ty,Tz,Marker1.Status,Tx,Ty,Tz,Marker2.Status,Tx,Ty,Tz,Marker3.Status,Tx,Ty,Tz,ToolInfo,Frame#,PortHandle,Face#,timespec_s,timespec_ns,TransformStatus,Q0,Qx,Qy,Qz,Tx,Ty,Tz,Error,#Markers
4,,364673716,Port:1,0,1773303495,268824162,100000000,Enabled,0.652915,0.48725,-0.537768,0.217012,-100.999,127,-1769.1,0.185534,4,OK,-100.86,126.924,-1769.28,OK,-144.314,103.55,-1759.64,OK,-144.253,50.4855,-1773.85,OK,-85.0381,72.8769,-1789,,364673716,Port:2,0,1773303495,268824162,Enabled,0.916493,0.0219984,0.0381435,0.39762,-107.335,261.626,-1642.26,0.146792,3,OK,-107.165,261.708,-1642.27,OK,-146.58,228.769,-1639.15,OK,-153.329,304.8,-1637.79,,364673716,Port:3,0,1773303495,268824162,Missing,,,,,,,,,4,Missing,,,,Missing,,,,Missing,,,,Missing,,,,,364673716,Port:65535,0,1773303495,268824162,Missing,,,,,,,,,0
4,,364673722,Port:1,0,1773303495,368824162,50000000,Enabled,0.652668,0.486753,-0.538456,0.217166,-101.208,127.265,-1769.24,0.187784,4,OK,-101.069,127.194,-1769.42,OK,-144.565,103.858,-1759.83,OK,-144.518,50.7923,-1774.04,OK,-85.2606,73.1121,-1789.1,,364673722,Port:2,0,1773303495,368824162,Enabled,0.916495,0.0218126,0.0383326,0.397607,-107.34,261.624,-1642.27,0.142938,3,OK,-107.176,261.704,-1642.29,OK,-146.58,228.767,-1639.13,OK,-153.332,304.802,-1637.81,,364673722,Port:3,0,1773303495,368824162,Missing,,,,,,,,,4,Missing,,,,Missing,,,,Missing,,,,Missing,,,,,364673722,Port:65535,0,1773303495,368824162,Missing,,,,,,,,,0
4,,364673725,Port:1,0,1773303495,418824162,50000000,Enabled,0.652883,0.487572,-0.53762,0.216753,-101.241,127.314,-1769.24,0.178197,4,OK,-101.105,127.233,-1769.41,OK,-144.565,103.864,-1759.77,OK,-144.473,50.8017,-1774.01,OK,-85.2703,73.1936,-1789.2,,364673725,Port:2,0,1773303495,418824162,Enabled,0.916496,0.0217871,0.0382814,0.39761,-107.338,261.625,-1642.26,0.147921,3,OK,-107.165,261.705,-1642.28,OK,-146.583,228.77,-1639.13,OK,-153.335,304.802,-1637.81,,364673725,Port:3,0,1773303495,418824162,Missing,,,,,,,,,4,Missing,,,,Missing,,,,Missing,,,,Missing,,,,,364673725,Port:65535,0,1773303495,418824162,Missing,,,,,,,,,0
4,,364673728,Port:1,0,1773303495,468824162,100000000,Enabled,0.653276,0.486907,-0.537601,0.217113,-101.103,127.458,-1769.25,0.192273,4,OK,-100.96,127.366,-1769.43,OK,-144.435,104.034,-1759.74,OK,-144.368,50.9538,-1773.91,OK,-85.1588,73.3154,-1789.1,,364673728,Port:2,0,1773303495,468824162,Enabled,0.916475,0.0219722,0.0385898,0.397619,-107.339,261.624,-1642.3,0.149561,3,OK,-107.165,261.705,-1642.31,OK,-146.583,228.765,-1639.14,OK,-153.334,304.8,-1637.81,,364673728,Port:3,0,1773303495,468824162,Missing,,,,,,,,,4,Missing,,,,Missing,,,,Missing,,,,Missing,,,,,364673728,Port:65535,0,1773303495,468824162,Missing,,,,,,,,,0
4,,364673734,Port:1,0,1773303495,568824162,50000000,Enabled,0.653413,0.485334,-0.538861,0.217099,-100.805,127.753,-1769.32,0.204104,4,OK,-100.658,127.672,-1769.52,OK,-144.209,104.455,-1759.86,OK,-144.299,51.3708,-1773.96,OK,-84.9928,73.5402,-1789.03,,364673734,Port:2,0,1773303495,568824162,Enabled,0.916469,0.0222818,0.0386782,0.397607,-107.341,261.629,-1642.32,0.148196,3,OK,-107.17,261.713,-1642.33,OK,-146.584,228.771,-1639.16,OK,-153.329,304.801,-1637.79,,364673734,Port:3,0,1773303495,568824162,Missing,,,,,,,,,4,Missing,,,,Missing,,,,Missing,,,,Missing,,,,,364673734,Port:65535,0,1773303495,568824162,Missing,,,,,,,,,0
4,,364673737,Port:1,0,1773303495,618824162,50000000,Enabled,0.654048,0.485753,-0.537806,0.216864,-100.742,127.962,-1769.33,0.197049,4,OK,-100.612,127.876,-1769.52,OK,-144.107,104.647,-1759.74,OK,-144.179,51.5404,-1773.84,OK,-84.9076,73.7442,-1789.07,,364673737,Port:2,0,1773303495,618824162,Enabled,0.916491,0.0219692,0.038286,0.397614,-107.339,261.626,-1642.28,0.148685,3,OK,-107.169,261.711,-1642.3,OK,-146.585,228.767,-1639.15,OK,-153.331,304.8,-1637.81,,364673737,Port:3,0,1773303495,618824162,Missing,,,,,,,,,4,Missing,,,,Missing,,,,Missing,,,,Missing,,,,,364673737,Port:65535,0,1773303495,618824162,Missing,,,,,,,,,0
4,,364673740,Port:1,0,1773303495,668824162,50000000,Enabled,0.654639,0.484668,-0.538118,0.216735,-100.53,128.333,-1769.38,0.203078,4,OK,-100.398,128.247,-1769.59,OK,-143.939,105.109,-1759.76,OK,-144.104,51.9963,-1773.78,OK,-84.8038,74.0502,-1789.02,,364673740,Port:2,0,1773303495,668824162,Enabled,0.91645,0.0220183,0.0386124,0.397672,-107.338,261.632,-1642.3,0.144773,3,OK,-107.173,261.716,-1642.32,OK,-146.575,228.771,-1639.14,OK,-153.332,304.795,-1637.81,,364673740,Port:3,0,1773303495,668824162,Missing,,,,,,,,,4,Missing,,,,Missing,,,,Missing,,,,Missing,,,,,364673740,Port:65535,0,1773303495,668824162,Missing,,,,,,,,,0
4,,364673743,Port:1,0,1773303495,718824162,100000000,Enabled,0.655114,0.484258,-0.538254,0.215875,-100.11,128.757,-1769.45,0.181242,4,OK,-99.9705,128.675,-1769.61,OK,-143.574,105.623,-1759.81,OK,-143.825,52.501,-1773.77,OK,-84.5063,74.4342,-1789.13,,364673743,Port:2,0,1773303495,718824162,Enabled,0.916511,0.0218433,0.0382088,0.397581,-107.338,261.625,-1642.27,0.147631,3,OK,-107.165,261.704,-1642.28,OK,-146.586,228.773,-1639.14,OK,-153.332,304.804,-1637.81,,364673743,Port:3,0,1773303495,718824162,Missing,,,,,,,,,4,Missing,,,,Missing,,,,Missing,,,,Missing,,,,,364673743,Port:65535,0,1773303495,718824162,Missing,,,,,,,,,0
4,,364673749,Port:1,0,1773303495,818824162,50000000,Enabled,0.656402,0.482975,-0.537805,0.215955,-99.8905,129.66,-1769.73,0.159654,4,OK,-99.753,129.576,-1769.86,OK,-143.378,106.632,-1760,OK,-143.716,53.4426,-1773.71,OK,-84.383,75.2498,-1789.29,,364673749,Port:2,0,1773303495,818824162,Enabled,0.916456,0.0219721,0.0387829,0.397646,-107.338,261.628,-1642.3,0.149026,3,OK,-107.166,261.711,-1642.32,OK,-146.578,228.767,-1639.12,OK,-153.332,304.798,-1637.8,,364673749,Port:3,0,1773303495,818824162,Missing,,,,,,,,,4,Missing,,,,Missing,,,,Missing,,,,Missing,,,,,364673749,Port:65535,0,1773303495,818824162,Missing,,,,,,,,,0
4,,364673752,Port:1,0,1773303495,868824162,50000000,Enabled,0.657284,0.482378,-0.536822,0.217051,-100.063,130.271,-1770.04,0.197052,4,OK,-99.9266,130.183,-1770.23,OK,-143.501,107.199,-1760.13,OK,-143.805,53.9872,-1773.78,OK,-84.4908,75.8305,-1789.39,,364673752,Port:2,0,1773303495,868824162,Enabled,0.916492,0.0216437,0.0384046,0.397616,-107.336,261.627,-1642.27,0.144472,3,OK,-107.17,261.709,-1642.29,OK,-146.577,228.771,-1639.12,OK,-153.329,304.801,-1637.83,,364673752,Port:3,0,1773303495,868824162,Missing,,,,,,,,,4,Missing,,,,Missing,,,,Missing,,,,Missing,,,,,364673752,Port:65535,0,1773303495,868824162,Missing,,,,,,,,,0
4,,364673755,Port:1,0,1773303495,918824162,50000000,Enabled,0.658523,0.481396,-0.535563,0.218581,-100.246,131.236,-1770.43,0.191792,4,OK,-100.117,131.141,-1770.62,OK,-143.617,108.139,-1760.38,OK,-143.857,54.8685,-1773.77,OK,-84.6245,76.735,-1789.54,,364673755,Port:2,0,1773303495,918824162,Enabled,0.916503,0.0217919,0.0383416,0.397589,-107.34,261.625,-1642.28,0.147436,3,OK,-107.171,261.706,-1642.3,OK,-146.585,228.766,-1639.14,OK,-153.333,304.807,-1637.83,,364673755,Port:3,0,1773303495,918824162,Missing,,,,,,,,,4,Missing,,,,Missing,,,,Missing,,,,Missing,,,,,364673755,Port:65535,0,1773303495,918824162,Missing,,,,,,,,,0
4,,364673758,Port:1,0,1773303495,968824162,100000000,Enabled,0.659654,0.481013,-0.533786,0.220354,-100.681,132.266,-1771.14,0.185784,4,OK,-100.541,132.173,-1771.31,OK,-143.981,109.068,-1760.94,OK,-144.062,55.7533,-1774.06,OK,-84.9122,77.7352,-1790.07,,364673758,Port:2,0,1773303495,968824162,Enabled,0.916459,0.0220687,0.0387896,0.397632,-107.344,261.634,-1642.3,0.146691,3,OK,-107.179,261.72,-1642.31,OK,-146.583,228.77,-1639.12,OK,-153.332,304.805,-1637.79,,364673758,Port:3,0,1773303495,968824162,Missing,,,,,,,,,4,Missing,,,,Missing,,,,Missing,,,,Missing,,,,,364673758,Port:65535,0,1773303495,968824162,Missing,,,,,,,,,0
4,,364673764,Port:1,0,1773303496,68824162,50000000,Enabled,0.661996,0.480048,-0.530304,0.223813,-100.44,134.415,-1772.48,0.211866,4,OK,-100.308,134.336,-1772.7,OK,-143.542,111.045,-1761.88,OK,-143.381,57.6262,-1774.64,OK,-84.432,79.8089,-1790.94,,364673764,Port:2,0,1773303496,68824162,Enabled,0.916463,0.0217572,0.0385473,0.397664,-107.34,261.631,-1642.27,0.148044,3,OK,-107.169,261.712,-1642.28,OK,-146.58,228.769,-1639.11,OK,-153.34,304.803,-1637.8,,364673764,Port:3,0,1773303496,68824162,Missing,,,,,,,,,4,Missing,,,,Missing,,,,Missing,,,,Missing,,,,,364673764,Port:65535,0,1773303496,68824162,Missing,,,,,,,,,0
4,,364673767,Port:1,0,1773303496,118824162,50000000,Enabled,0.662418,0.481029,-0.528123,0.225608,-100.668,134.923,-1772.62,0.189039,4,OK,-100.539,134.83,-1772.8,OK,-143.64,111.366,-1761.91,OK,-143.192,57.9035,-1774.5,OK,-84.3988,80.36,-1791.03,,364673767,Port:2,0,1773303496,118824162,Enabled,0.916499,0.0218669,0.038201,0.397607,-107.333,261.629,-1642.27,0.147343,3,OK,-107.165,261.711,-1642.28,OK,-146.578,228.77,-1639.15,OK,-153.328,304.809,-1637.81,,364673767,Port:3,0,1773303496,118824162,Missing,,,,,,,,,4,Missing,,,,Missing,,,,Missing,,,,Missing,,,,,364673767,Port:65535,0,1773303496,118824162,Missing,,,,,,,,,0
4,,364673770,Port:1,0,1773303496,168824162,50000005,Enabled,0.663613,0.481137,-0.52556,0.227842,-100.525,135.182,-1772.78,0.188967,4,OK,-100.383,135.085,-1772.95,OK,-143.346,111.443,-1761.88,OK,-142.684,57.9388,-1774.18,OK,-84.0284,80.6404,-1790.99,,364673770,Port:2,0,1773303496,168824162,Enabled,0.916479,0.0217902,0.0385803,0.397621,-107.34,261.624,-1642.29,0.149126,3,OK,-107.168,261.706,-1642.3,OK,-146.583,228.764,-1639.12,OK,-153.335,304.801,-1637.82,,364673770,Port:3,0,1773303496,168824162,Missing,,,,,,,,,4,Missing,,,,Missing,,,,Missing,,,,Missing,,,,,364673770,Port:65535,0,1773303496,168824162,Missing,,,,,,,,,0
4,,364673773,Port:1,0,1773303496,218824167,100000000,Enabled,0.663879,0.481647,-0.524646,0.228094,-99.5454,135.135,-1772.77,0.185356,4,OK,-99.4167,135.042,-1772.94,OK,-142.3,111.342,-1761.79,OK,-141.575,57.8163,-1774.1,OK,-82.9941,80.6055,-1790.98,,364673773,Port:2,0,1773303496,218824167,Enabled,0.91647,0.0224281,0.0385801,0.397606,-107.341,261.631,-1642.33,0.147808,3,OK,-107.171,261.716,-1642.35,OK,-146.586,228.775,-1639.19,OK,-153.327,304.797,-1637.79,,364673773,Port:3,0,1773303496,218824167,Missing,,,,,,,,,4,Missing,,,,Missing,,,,Missing,,,,Missing,,,,,364673773,Port:65535,0,1773303496,218824167,Missing,,,,,,,,,0
4,,364673779,Port:1,0,1773303496,318824167,50000000,Enabled,0.665838,0.478432,-0.525879,0.226306,-97.5005,135.7,-1773.67,0.20824,4,OK,-97.3726,135.601,-1773.88,OK,-140.436,112.274,-1762.54,OK,-140.136,58.72,-1774.72,OK,-81.3835,80.9768,-1791.67,,364673779,Port:2,0,1773303496,318824167,Enabled,0.916471,0.0215956,0.0385351,0.397654,-107.328,261.617,-1642.28,0.145614,3,OK,-107.16,261.696,-1642.3,OK,-146.566,228.757,-1639.12,OK,-153.328,304.792,-1637.84,,364673779,Port:3,0,1773303496,318824167,Missing,,,,,,,,,4,Missing,,,,Missing,,,,Missing,,,,Missing,,,,,364673779,Port:65535,0,1773303496,318824167,Missing,,,,,,,,,0
4,,364673782,Port:1,0,1773303496,368824167,50000000,Enabled,0.665315,0.477698,-0.527903,0.224675,-97.3688,135.55,-1773.5,0.183472,4,OK,-97.2374,135.448,-1773.67,OK,-140.437,112.313,-1762.55,OK,-140.353,58.7605,-1774.77,OK,-81.4769,80.7944,-1791.62,,364673782,Port:2,0,1773303496,368824167,Enabled,0.9165,0.021895,0.0383344,0.397591,-107.332,261.606,-1642.29,0.145873,3,OK,-107.162,261.683,-1642.31,OK,-146.576,228.752,-1639.16,OK,-153.327,304.787,-1637.83,,364673782,Port:3,0,1773303496,368824167,Missing,,,,,,,,,4,Missing,,,,Missing,,,,Missing,,,,Missing,,,,,364673782,Port:65535,0,1773303496,368824167,Missing,,,,,,,,,0
4,,364673785,Port:1,0,1773303496,418824167,50000000,Enabled,0.663863,0.48099,-0.526407,0.225456,-98.6693,134.4,-1772.8,0.18972,4,OK,-98.5411,134.303,-1772.98,OK,-141.585,110.827,-1761.89,OK,-141.163,57.3457,-1774.35,OK,-82.4058,79.8209,-1791.18,,364673785,Port:2,0,1773303496,418824167,Enabled,0.916478,0.0222126,0.0385293,0.397605,-107.342,261.624,-1642.33,0.14786,3,OK,-107.169,261.705,-1642.34,OK,-146.587,228.771,-1639.18,OK,-153.334,304.794,-1637.82,,364673785,Port:3,0,1773303496,418824167,Missing,,,,,,,,,4,Missing,,,,Missing,,,,Missing,,,,Missing,,,,,364673785,Port:65535,0,1773303496,418824167,Missing,,,,,,,,,0
4,,364673788,Port:1,0,1773303496,468824167,100000000,Enabled,0.662386,0.483185,-0.525975,0.226114,-99.1447,133.36,-1771.85,0.205076,4,OK,-99.011,133.27,-1772.06,OK,-141.956,109.567,-1761.02,OK,-141.297,56.1229,-1773.72,OK,-82.663,78.9156,-1790.37,,364673788,Port:2,0,1773303496,468824167,Enabled,0.916495,0.0216589,0.0381955,0.397629,-107.336,261.619,-1642.3,0.144719,3,OK,-107.169,261.698,-1642.32,OK,-146.576,228.76,-1639.17,OK,-153.334,304.798,-1637.87,,364673788,Port:3,0,1773303496,468824167,Missing,,,,,,,,,4,Missing,,,,Missing,,,,Missing,,,,Missing,,,,,364673788,Port:65535,0,1773303496,468824167,Missing,,,,,,,,,0
4,,364673794,Port:1,0,1773303496,568824167,50000000,Enabled,0.663398,0.479701,-0.529103,0.22325,-97.6852,134.387,-1771.23,0.190018,4,OK,-97.5543,134.287,-1771.41,OK,-140.77,111.074,-1760.48,OK,-140.668,57.6197,-1773.07,OK,-81.7765,79.7471,-1789.67,,364673794,Port:2,0,1773303496,568824167,Enabled,0.916504,0.0216306,0.0382186,0.397608,-107.336,261.625,-1642.28,0.144303,3,OK,-107.17,261.704,-1642.29,OK,-146.577,228.768,-1639.14,OK,-153.332,304.808,-1637.85,,364673794,Port:3,0,1773303496,568824167,Missing,,,,,,,,,4,Missing,,,,Missing,,,,Missing,,,,Missing,,,,,364673794,Port:65535,0,1773303496,568824167,Missing,,,,,,,,,0
4,,364673797,Port:1,0,1773303496,618824167,50000000,Enabled,0.663672,0.472754,-0.534891,0.223462,-97.4937,137.214,-1771.14,0.207293,4,OK,-97.3532,137.124,-1771.34,OK,-140.999,114.517,-1760.66,OK,-141.448,60.9885,-1772.91,OK,-82.0684,82.2403,-1789.01,,364673797,Port:2,0,1773303496,618824167,Enabled,0.916566,0.0218977,0.0374642,0.397523,-107.338,261.616,-1642.25,0.141219,3,OK,-107.171,261.69,-1642.27,OK,-146.59,228.776,-1639.2,OK,-153.329,304.797,-1637.83,,364673797,Port:3,0,1773303496,618824167,Missing,,,,,,,,,4,Missing,,,,Missing,,,,Missing,,,,Missing,,,,,364673797,Port:65535,0,1773303496,618824167,Missing,,,,,,,,,0
4,,364673800,Port:1,0,1773303496,668824167,50000000,Enabled,0.66381,0.465538,-0.541493,0.222296,-97.1654,140.803,-1769.83,0.184767,4,OK,-97.028,140.701,-1770,OK,-141.113,118.854,-1759.74,OK,-142.274,65.2503,-1771.64,OK,-82.4294,85.507,-1787.26,,364673800,Port:2,0,1773303496,668824167,Enabled,0.91649,0.0220762,0.0383863,0.397599,-107.336,261.629,-1642.3,0.144896,3,OK,-107.168,261.709,-1642.31,OK,-146.579,228.776,-1639.16,OK,-153.327,304.801,-1637.81,,364673800,Port:3,0,1773303496,668824167,Missing,,,,,,,,,4,Missing,,,,Missing,,,,Missing,,,,Missing,,,,,364673800,Port:65535,0,1773303496,668824167,Missing,,,,,,,,,0
4,,364673803,Port:1,0,1773303496,718824167,100000000,Enabled,0.663504,0.459645,-0.546878,0.22229,-97.2137,144.217,-1768.38,0.166029,4,OK,-97.0803,144.111,-1768.51,OK,-141.52,122.822,-1758.66,OK,-143.152,69.1766,-1770.23,OK,-82.9099,88.658,-1785.41,,364673803,Port:2,0,1773303496,718824167,Enabled,0.916508,0.0216342,0.0378935,0.39763,-107.337,261.629,-1642.25,0.14036,3,OK,-107.175,261.704,-1642.27,OK,-146.575,228.771,-1639.15,OK,-153.336,304.811,-1637.84,,364673803,Port:3,0,1773303496,718824167,Missing,,,,,,,,,4,Missing,,,,Missing,,,,Missing,,,,Missing,,,,,364673803,Port:65535,0,1773303496,718824167,Missing,,,,,,,,,0
4,,364673809,Port:1,0,1773303496,818824167,50000000,Enabled,0.665728,0.450745,-0.552416,0.220163,-94.0181,149.803,-1764.5,0.176814,4,OK,-93.8865,149.699,-1764.65,OK,-138.765,129.307,-1754.87,OK,-141.333,75.6238,-1766.01,OK,-80.6565,93.8385,-1780.9,,364673809,Port:2,0,1773303496,818824167,Enabled,0.916496,0.0222079,0.0383856,0.397578,-107.338,261.631,-1642.3,0.14432,3,OK,-107.173,261.713,-1642.31,OK,-146.583,228.777,-1639.17,OK,-153.324,304.804,-1637.8,,364673809,Port:3,0,1773303496,818824167,Missing,,,,,,,,,4,Missing,,,,Missing,,,,Missing,,,,Missing,,,,,364673809,Port:65535,0,1773303496,818824167,Missing,,,,,,,,,0
4,,364673812,Port:1,0,1773303496,868824167,50000000,Enabled,0.66616,0.443943,-0.558067,0.218418,-92.1924,153.505,-1763.02,0.187547,4,OK,-92.067,153.401,-1763.19,OK,-137.332,133.744,-1753.64,OK,-140.611,80.0446,-1764.59,OK,-79.5285,97.2504,-1779.01,,364673812,Port:2,0,1773303496,868824167,Enabled,0.916511,0.0217862,0.0381872,0.397587,-107.34,261.627,-1642.27,0.14548,3,OK,-107.171,261.706,-1642.29,OK,-146.586,228.775,-1639.15,OK,-153.334,304.805,-1637.83,,364673812,Port:3,0,1773303496,868824167,Missing,,,,,,,,,4,Missing,,,,Missing,,,,Missing,,,,Missing,,,,,364673812,Port:65535,0,1773303496,868824167,Missing,,,,,,,,,0
4,,364673815,Port:1,0,1773303496,918824167,50000000,Enabled,0.666788,0.437879,-0.562186,0.21818,-91.3557,157.707,-1761.73,0.174835,4,OK,-91.2263,157.595,-1761.87,OK,-136.78,138.499,-1752.58,OK,-140.56,84.7837,-1763.15,OK,-79.2091,101.216,-1777.28,,364673815,Port:2,0,1773303496,918824167,Enabled,0.916526,0.0219724,0.0379902,0.397561,-107.342,261.627,-1642.26,0.144208,3,OK,-107.174,261.704,-1642.27,OK,-146.59,228.777,-1639.16,OK,-153.334,304.807,-1637.8,,364673815,Port:3,0,1773303496,918824167,Missing,,,,,,,,,4,Missing,,,,Missing,,,,Missing,,,,Missing,,,,,364673815,Port:65535,0,1773303496,918824167,Missing,,,,,,,,,0
4,,364673818,Port:1,0,1773303496,968824167,100000000,Enabled,0.666886,0.43572,-0.562993,0.220113,-91.8363,161.564,-1760.36,0.169584,4,OK,-91.7116,161.462,-1760.5,OK,-137.286,142.436,-1751.28,OK,-141.084,88.6448,-1761.61,OK,-79.6767,104.991,-1775.59,,364673818,Port:2,0,1773303496,968824167,Enabled,0.916457,0.0225187,0.0388825,0.397602,-107.343,261.635,-1642.35,0.146568,3,OK,-107.175,261.719,-1642.36,OK,-146.583,228.776,-1639.18,OK,-153.326,304.805,-1637.78,,364673818,Port:3,0,1773303496,968824167,Missing,,,,,,,,,4,Missing,,,,Missing,,,,Missing,,,,Missing,,,,,364673818,Port:65535,0,1773303496,968824167,Missing,,,,,,,,,0
4,,364673824,Port:1,0,1773303497,68824167,50000000,Enabled,0.666853,0.43317,-0.563672,0.223482,-94.1695,167.466,-1756.09,0.182183,4,OK,-94.0441,167.354,-1756.25,OK,-139.661,148.356,-1747.09,OK,-143.348,94.4925,-1757.1,OK,-81.8466,110.802,-1770.87,,364673824,Port:2,0,1773303497,68824167,Enabled,0.916474,0.0220059,0.0389686,0.397582,-107.342,261.635,-1642.3,0.147437,3,OK,-107.172,261.716,-1642.32,OK,-146.582,228.778,-1639.11,OK,-153.331,304.817,-1637.79,,364673824,Port:3,0,1773303497,68824167,Missing,,,,,,,,,4,Missing,,,,Missing,,,,Missing,,,,Missing,,,,,364673824,Port:65535,0,1773303497,68824167,Missing,,,,,,,,,0
4,,364673827,Port:1,0,1773303497,118824167,50000000,Enabled,0.661738,0.432401,-0.569751,0.224758,-96.8213,169.375,-1752.81,0.184832,4,OK,-96.7004,169.263,-1752.97,OK,-142.479,150.326,-1744.58,OK,-146.134,96.5138,-1754.92,OK,-84.3915,112.753,-1767.66,,364673827,Port:2,0,1773303497,118824167,Enabled,0.916495,0.022068,0.0384094,0.397586,-107.341,261.628,-1642.28,0.149342,3,OK,-107.167,261.709,-1642.29,OK,-146.589,228.775,-1639.14,OK,-153.334,304.804,-1637.79,,364673827,Port:3,0,1773303497,118824167,Missing,,,,,,,,,4,Missing,,,,Missing,,,,Missing,,,,Missing,,,,,364673827,Port:65535,0,1773303497,118824167,Missing,,,,,,,,,0
4,,364673830,Port:1,0,1773303497,168824167,49999997,Enabled,0.658085,0.435513,-0.570989,0.226324,-99.6222,170.01,-1747.33,0.162046,4,OK,-99.4968,169.907,-1747.45,OK,-145.198,150.616,-1739.53,OK,-148.456,96.8655,-1750.13,OK,-86.7802,113.556,-1762.47,,364673830,Port:2,0,1773303497,168824167,Enabled,0.916468,0.0221138,0.0386952,0.397617,-107.346,261.635,-1642.3,0.145757,3,OK,-107.178,261.717,-1642.32,OK,-146.586,228.779,-1639.14,OK,-153.336,304.805,-1637.79,,364673830,Port:3,0,1773303497,168824167,Missing,,,,,,,,,4,Missing,,,,Missing,,,,Missing,,,,Missing,,,,,364673830,Port:65535,0,1773303497,168824167,Missing,,,,,,,,,0
4,,364673833,Port:1,0,1773303497,218824164,100000000,Enabled,0.654961,0.442191,-0.570683,0.22319,-102.155,169.253,-1740.03,0.185386,4,OK,-102.023,169.147,-1740.18,OK,-147.632,149.505,-1732.36,OK,-150.623,95.9146,-1743.82,OK,-89.0406,113.098,-1756.03,,364673833,Port:2,0,1773303497,218824164,Enabled,0.916491,0.0219219,0.0381168,0.397631,-107.341,261.635,-1642.26,0.143262,3,OK,-107.176,261.715,-1642.27,OK,-146.582,228.779,-1639.14,OK,-153.336,304.808,-1637.8,,364673833,Port:3,0,1773303497,218824164,Missing,,,,,,,,,4,Missing,,,,Missing,,,,Missing,,,,Missing,,,,,364673833,Port:65535,0,1773303497,218824164,Missing,,,,,,,,,0
4,,364673839,Port:1,0,1773303497,318824164,50000000,Enabled,0.648964,0.464796,-0.556055,0.231546,-110.411,162.148,-1725.39,0.175339,4,OK,-110.276,162.054,-1725.54,OK,-154.662,139.905,-1717.47,OK,-155.036,86.4463,-1729.88,OK,-94.6422,107.066,-1742.67,,364673839,Port:2,0,1773303497,318824164,Enabled,0.916471,0.0220496,0.0388989,0.397595,-107.348,261.638,-1642.32,0.144715,3,OK,-107.18,261.716,-1642.33,OK,-146.585,228.782,-1639.13,OK,-153.337,304.817,-1637.81,,364673839,Port:3,0,1773303497,318824164,Missing,,,,,,,,,4,Missing,,,,Missing,,,,Missing,,,,Missing,,,,,364673839,Port:65535,0,1773303497,318824164,Missing,,,,,,,,,0
4,,364673842,Port:1,0,1773303497,368824164,49999999,Enabled,0.651276,0.481164,-0.535369,0.240211,-114.56,156.848,-1718.27,0.184543,4,OK,-114.419,156.763,-1718.44,OK,-157.446,132.543,-1709.07,OK,-155.641,79.0799,-1721.53,OK,-96.7113,102.572,-1736.01,,364673842,Port:2,0,1773303497,368824164,Enabled,0.916514,0.0220135,0.0382271,0.397564,-107.343,261.632,-1642.28,0.146147,3,OK,-107.171,261.71,-1642.3,OK,-146.591,228.784,-1639.16,OK,-153.334,304.809,-1637.81,,364673842,Port:3,0,1773303497,368824164,Missing,,,,,,,,,4,Missing,,,,Missing,,,,Missing,,,,Missing,,,,,364673842,Port:65535,0,1773303497,368824164,Missing,,,,,,,,,0
4,,364673845,Port:1,0,1773303497,418824163,50000001,Enabled,0.651438,0.503432,-0.508281,0.252658,-119.89,150.695,-1711.74,0.207722,4,OK,-119.746,150.609,-1711.94,OK,-160.762,123.588,-1701.14,OK,-155.855,70.4013,-1713.89,OK,-99.0859,97.7474,-1730.27,,364673845,Port:2,0,1773303497,418824163,Enabled,0.916471,0.0219294,0.0386407,0.397628,-107.341,261.641,-1642.3,0.147523,3,OK,-107.174,261.726,-1642.31,OK,-146.581,228.777,-1639.13,OK,-153.331,304.816,-1637.81,,364673845,Port:3,0,1773303497,418824163,Missing,,,,,,,,,4,Missing,,,,Missing,,,,Missing,,,,Missing,,,,,364673845,Port:65535,0,1773303497,418824163,Missing,,,,,,,,,0
4,,364673848,Port:1,0,1773303497,468824164,100000000,Enabled,0.648398,0.522323,-0.481102,0.274407,-125.995,144.216,-1707.28,0.214464,4,OK,-125.86,144.152,-1707.51,OK,-164.435,114.178,-1695.63,OK,-155.744,61.3825,-1708.14,OK,-101.59,92.838,-1725.81,,364673848,Port:2,0,1773303497,468824164,Enabled,0.91649,0.0218717,0.0386948,0.397581,-107.342,261.635,-1642.29,0.146692,3,OK,-107.176,261.719,-1642.3,OK,-146.585,228.777,-1639.12,OK,-153.329,304.817,-1637.81,,364673848,Port:3,0,1773303497,468824164,Missing,,,,,,,,,4,Missing,,,,Missing,,,,Missing,,,,Missing,,,,,364673848,Port:65535,0,1773303497,468824164,Missing,,,,,,,,,0
4,,364673854,Port:1,0,1773303497,568824164,50000000,Enabled,0.635219,0.557706,-0.437628,0.3065,-134.82,131.611,-1700.25,0.223945,4,OK,-134.688,131.553,-1700.49,OK,-168.753,96.8638,-1687.66,OK,-153.734,45.6659,-1700.81,OK,-104.586,83.8323,-1719.83,,364673854,Port:2,0,1773303497,568824164,Enabled,0.916526,0.0217606,0.0379266,0.397578,-107.343,261.634,-1642.22,0.14482,3,OK,-107.178,261.716,-1642.23,OK,-146.59,228.778,-1639.12,OK,-153.334,304.817,-1637.79,,364673854,Port:3,0,1773303497,568824164,Missing,,,,,,,,,4,Missing,,,,Missing,,,,Missing,,,,Missing,,,,,364673854,Port:65535,0,1773303497,568824164,Missing,,,,,,,,,0
4,,364673857,Port:1,0,1773303497,618824164,49999999,Enabled,0.62862,0.573062,-0.415121,0.322665,-138.11,125.686,-1698.19,0.211945,4,OK,-137.979,125.643,-1698.41,OK,-169.62,88.897,-1685.1,OK,-151.562,38.7086,-1698.42,OK,-105.19,79.8724,-1718.18,,364673857,Port:2,0,1773303497,618824164,Enabled,0.916475,0.0219663,0.0388211,0.397597,-107.341,261.63,-1642.27,0.146917,3,OK,-107.172,261.712,-1642.28,OK,-146.583,228.773,-1639.08,OK,-153.33,304.806,-1637.77,,364673857,Port:3,0,1773303497,618824164,Missing,,,,,,,,,4,Missing,,,,Missing,,,,Missing,,,,Missing,,,,,364673857,Port:65535,0,1773303497,618824164,Missing,,,,,,,,,0
4,,364673860,Port:1,0,1773303497,668824163,50000001,Enabled,0.620991,0.586786,-0.397082,0.335228,-140.054,120.001,-1696.41,0.275376,4,OK,-139.913,119.963,-1696.72,OK,-169.446,81.54,-1683.06,OK,-148.918,32.4332,-1696.92,OK,-104.966,76.0816,-1716.91,,364673860,Port:2,0,1773303497,668824163,Enabled,0.916507,0.0221329,0.0381118,0.397584,-107.337,261.629,-1642.24,0.145015,3,OK,-107.17,261.711,-1642.25,OK,-146.584,228.775,-1639.13,OK,-153.327,304.805,-1637.76,,364673860,Port:3,0,1773303497,668824163,Missing,,,,,,,,,4,Missing,,,,Missing,,,,Missing,,,,Missing,,,,,364673860,Port:65535,0,1773303497,668824163,Missing,,,,,,,,,0
4,,364673863,Port:1,0,1773303497,718824164,100000000,Enabled,0.613147,0.601676,-0.378604,0.344522,-140.692,114.303,-1694.11,0.263264,4,OK,-140.552,114.271,-1694.41,OK,-167.898,74.3215,-1680.65,OK,-145.141,26.4062,-1695.2,OK,-103.787,72.3575,-1715.52,,364673863,Port:2,0,1773303497,718824164,Enabled,0.916503,0.0216754,0.0383396,0.397595,-107.342,261.629,-1642.25,0.144969,3,OK,-107.175,261.706,-1642.26,OK,-146.584,228.772,-1639.11,OK,-153.338,304.814,-1637.81,,364673863,Port:3,0,1773303497,718824164,Missing,,,,,,,,,4,Missing,,,,Missing,,,,Missing,,,,Missing,,,,,364673863,Port:65535,0,1773303497,718824164,Missing,,,,,,,,,0
4,,364673869,Port:1,0,1773303497,818824164,50000000,Enabled,0.591802,0.63365,-0.33941,0.364773,-141.333,99.8673,-1689.28,0.270773,4,OK,-141.161,99.8287,-1689.58,OK,-163.53,56.8181,-1676.05,OK,-136.092,12.0771,-1692.34,OK,-100.731,62.7686,-1712.73,,364673869,Port:2,0,1773303497,818824164,Enabled,0.916478,0.021758,0.0385747,0.397627,-107.345,261.637,-1642.3,0.144786,3,OK,-107.18,261.721,-1642.31,OK,-146.585,228.78,-1639.13,OK,-153.336,304.809,-1637.83,,364673869,Port:3,0,1773303497,818824164,Missing,,,,,,,,,4,Missing,,,,Missing,,,,Missing,,,,Missing,,,,,364673869,Port:65535,0,1773303497,818824164,Missing,,,,,,,,,0
4,,364673872,Port:1,0,1773303497,868824164,49999999,Enabled,0.577598,0.651534,-0.31853,0.374729,-141.04,91.6628,-1686.67,0.327138,4,OK,-140.873,91.623,-1687.05,OK,-160.359,47.1459,-1673.79,OK,-130.53,4.42788,-1691.43,OK,-98.6657,57.4883,-1711.31,,364673872,Port:2,0,1773303497,868824164,Enabled,0.916478,0.0221406,0.0385223,0.39761,-107.342,261.636,-1642.3,0.147599,3,OK,-107.171,261.719,-1642.32,OK,-146.585,228.779,-1639.16,OK,-153.332,304.808,-1637.8,,364673872,Port:3,0,1773303497,868824164,Missing,,,,,,,,,4,Missing,,,,Missing,,,,Missing,,,,Missing,,,,,364673872,Port:65535,0,1773303497,868824164,Missing,,,,,,,,,0
4,,364673875,Port:1,0,1773303497,918824163,50000001,Enabled,0.564116,0.667078,-0.30148,0.381956,-140.226,83.4366,-1684.86,0.29646,4,OK,-140.055,83.4124,-1685.19,OK,-157.142,37.7694,-1672.57,OK,-125.396,-3.07269,-1691.32,OK,-96.489,51.9206,-1710.72,,364673875,Port:2,0,1773303497,918824163,Enabled,0.916518,0.022019,0.0379324,0.397582,-107.338,261.631,-1642.28,0.145728,3,OK,-107.168,261.71,-1642.29,OK,-146.585,228.777,-1639.18,OK,-153.332,304.811,-1637.82,,364673875,Port:3,0,1773303497,918824163,Missing,,,,,,,,,4,Missing,,,,Missing,,,,Missing,,,,Missing,,,,,364673875,Port:65535,0,1773303497,918824163,Missing,,,,,,,,,0
4,,364673878,Port:1,0,1773303497,968824164,100000000,Enabled,0.547614,0.684635,-0.279262,0.391672,-138.639,75.1297,-1683.26,0.310136,4,OK,-138.471,75.1138,-1683.62,OK,-152.403,28.2798,-1671.6,OK,-118.423,-10.1099,-1691.66,OK,-93.4413,46.9306,-1710.35,,364673878,Port:2,0,1773303497,968824164,Enabled,0.916491,0.0221714,0.0383915,0.397592,-107.343,261.625,-1642.27,0.14221,3,OK,-107.178,261.704,-1642.28,OK,-146.584,228.775,-1639.14,OK,-153.332,304.798,-1637.77,,364673878,Port:3,0,1773303497,968824164,Missing,,,,,,,,,4,Missing,,,,Missing,,,,Missing,,,,Missing,,,,,364673878,Port:65535,0,1773303497,968824164,Missing,,,,,,,,,0
4,,364673884,Port:1,0,1773303498,68824164,50000000,Enabled,0.530539,0.713125,-0.234009,0.393982,-131.415,63.4692,-1679.27,0.298754,4,OK,-131.246,63.4864,-1679.61,OK,-140.096,15.3318,-1667.8,OK,-103.879,-19.367,-1690.56,OK,-85.4628,40.0944,-1709.58,,364673884,Port:2,0,1773303498,68824164,Enabled,0.916455,0.0220511,0.0386913,0.397653,-107.341,261.635,-1642.31,0.148756,3,OK,-107.17,261.72,-1642.32,OK,-146.582,228.775,-1639.14,OK,-153.334,304.801,-1637.8,,364673884,Port:3,0,1773303498,68824164,Missing,,,,,,,,,4,Missing,,,,Missing,,,,Missing,,,,Missing,,,,,364673884,Port:65535,0,1773303498,68824164,Missing,,,,,,,,,0
4,,364673887,Port:1,0,1773303498,118824164,49999999,Enabled,0.522617,0.720268,-0.221638,0.398701,-129.789,59.2994,-1678.47,0.30626,4,OK,-129.621,59.3223,-1678.83,OK,-136.784,10.8474,-1667.28,OK,-99.6967,-22.531,-1690.58,OK,-83.401,37.6145,-1709.28,,364673887,Port:2,0,1773303498,118824164,Enabled,0.916488,0.0218954,0.0386162,0.397592,-107.34,261.624,-1642.27,0.14933,3,OK,-107.167,261.706,-1642.28,OK,-146.585,228.767,-1639.11,OK,-153.331,304.801,-1637.79,,364673887,Port:3,0,1773303498,118824164,Missing,,,,,,,,,4,Missing,,,,Missing,,,,Missing,,,,Missing,,,,,364673887,Port:65535,0,1773303498,118824164,Missing,,,,,,,,,0
4,,364673890,Port:1,0,1773303498,168824163,50000004,Enabled,0.516741,0.725357,-0.217605,0.399353,-128.815,55.8929,-1677.85,0.302296,4,OK,-128.643,55.9235,-1678.2,OK,-135.115,7.23886,-1667.13,OK,-97.6791,-25.3956,-1690.93,OK,-82.2934,35.1481,-1709.1,,364673890,Port:2,0,1773303498,168824163,Enabled,0.91648,0.0217623,0.0387377,0.397607,-107.342,261.627,-1642.27,0.145561,3,OK,-107.173,261.706,-1642.29,OK,-146.581,228.772,-1639.09,OK,-153.335,304.804,-1637.8,,364673890,Port:3,0,1773303498,168824163,Missing,,,,,,,,,4,Missing,,,,Missing,,,,Missing,,,,Missing,,,,,364673890,Port:65535,0,1773303498,168824163,Missing,,,,,,,,,0
4,,364673893,Port:1,0,1773303498,218824167,100000001,Enabled,0.510971,0.728589,-0.209434,0.40522,-128.341,52.7215,-1677.7,0.269672,4,OK,-128.178,52.7443,-1678.01,OK,-133.481,3.92314,-1667.14,OK,-95.2628,-27.7706,-1690.97,OK,-81.3292,33.1773,-1709.03,,364673893,Port:2,0,1773303498,218824167,Enabled,0.91649,0.0219963,0.0382912,0.397614,-107.341,261.635,-1642.28,0.14542,3,OK,-107.176,261.719,-1642.3,OK,-146.584,228.775,-1639.15,OK,-153.331,304.809,-1637.81,,364673893,Port:3,0,1773303498,218824167,Missing,,,,,,,,,4,Missing,,,,Missing,,,,Missing,,,,Missing,,,,,364673893,Port:65535,0,1773303498,218824167,Missing,,,,,,,,,0
4,,364673899,Port:1,0,1773303498,318824168,49999999,Enabled,0.493198,0.748948,-0.177686,0.40529,-122.674,43.1594,-1674.42,0.307822,4,OK,-122.503,43.1931,-1674.78,OK,-124.012,-6.09811,-1664.71,OK,-84.7347,-34.5535,-1690.84,OK,-75.7906,27.574,-1708.05,,364673899,Port:2,0,1773303498,318824168,Enabled,0.916463,0.0219103,0.0387759,0.397633,-107.342,261.629,-1642.29,0.146475,3,OK,-107.175,261.714,-1642.3,OK,-146.58,228.767,-1639.11,OK,-153.333,304.803,-1637.8,,364673899,Port:3,0,1773303498,318824168,Missing,,,,,,,,,4,Missing,,,,Missing,,,,Missing,,,,Missing,,,,,364673899,Port:65535,0,1773303498,318824168,Missing,,,,,,,,,0
4,,364673902,Port:1,0,1773303498,368824167,50000000,Enabled,0.481756,0.767853,-0.148178,0.395418,-116.576,36.9377,-1670.77,0.295949,4,OK,-116.431,36.9882,-1671.12,OK,-114.932,-12.4492,-1661.83,OK,-75.7505,-38.5121,-1690.54,OK,-70.904,24.2221,-1707.19,,364673902,Port:2,0,1773303498,368824167,Enabled,0.916453,0.0219341,0.0389262,0.397641,-107.34,261.638,-1642.32,0.147541,3,OK,-107.169,261.718,-1642.34,OK,-146.577,228.778,-1639.13,OK,-153.335,304.811,-1637.82,,364673902,Port:3,0,1773303498,368824167,Missing,,,,,,,,,4,Missing,,,,Missing,,,,Missing,,,,Missing,,,,,364673902,Port:65535,0,1773303498,368824167,Missing,,,,,,,,,0
4,,364673905,Port:1,0,1773303498,418824167,50000000,Enabled,0.470198,0.784928,-0.116022,0.386446,-109.632,30.8467,-1667.04,0.313837,4,OK,-109.503,30.9252,-1667.42,OK,-104.829,-18.4445,-1658.82,OK,-65.8636,-42.0504,-1690.02,OK,-65.4307,21.0179,-1706.03,,364673905,Port:2,0,1773303498,418824167,Enabled,0.91647,0.0218084,0.0385362,0.397646,-107.335,261.629,-1642.29,0.150028,3,OK,-107.166,261.714,-1642.31,OK,-146.576,228.76,-1639.13,OK,-153.329,304.806,-1637.83,,364673905,Port:3,0,1773303498,418824167,Missing,,,,,,,,,4,Missing,,,,Missing,,,,Missing,,,,Missing,,,,,364673905,Port:65535,0,1773303498,418824167,Missing,,,,,,,,,0
4,,364673908,Port:1,0,1773303498,468824167,100000001,Enabled,0.459308,0.798957,-0.0885104,0.377982,-102.877,25.2936,-1663.87,0.259944,4,OK,-102.772,25.37,-1664.17,OK,-95.4321,-23.7894,-1656.52,OK,-56.8849,-45.2325,-1689.72,OK,-60.1559,17.9538,-1705.09,,364673908,Port:2,0,1773303498,468824167,Enabled,0.916491,0.0222021,0.0380846,0.397619,-107.341,261.63,-1642.27,0.145305,3,OK,-107.176,261.715,-1642.29,OK,-146.586,228.772,-1639.17,OK,-153.331,304.799,-1637.78,,364673908,Port:3,0,1773303498,468824167,Missing,,,,,,,,,4,Missing,,,,Missing,,,,Missing,,,,Missing,,,,,364673908,Port:65535,0,1773303498,468824167,Missing,,,,,,,,,0
4,,364673914,Port:1,0,1773303498,568824168,49999999,Enabled,0.440496,0.816775,-0.0584078,0.368008,-93.6884,15.8387,-1660.21,0.253813,4,OK,-93.5886,15.9498,-1660.51,OK,-83.1237,-32.8987,-1654.65,OK,-45.3138,-51.3257,-1690.33,OK,-52.9686,11.9165,-1703.8,,364673914,Port:2,0,1773303498,568824168,Enabled,0.916419,0.0221932,0.0390558,0.397691,-107.342,261.637,-1642.34,0.150461,3,OK,-107.172,261.725,-1642.36,OK,-146.578,228.766,-1639.14,OK,-153.335,304.802,-1637.81,,364673914,Port:3,0,1773303498,568824168,Missing,,,,,,,,,4,Missing,,,,Missing,,,,Missing,,,,Missing,,,,,364673914,Port:65535,0,1773303498,568824168,Missing,,,,,,,,,0
4,,364673917,Port:1,0,1773303498,618824167,50000000,Enabled,0.436334,0.821395,-0.0539498,0.363334,-91.2181,12.9754,-1659.36,0.282595,4,OK,-91.1183,13.0952,-1659.7,OK,-80.2275,-35.7156,-1654.35,OK,-42.8368,-53.6252,-1690.75,OK,-51.1333,9.67538,-1703.51,,364673917,Port:2,0,1773303498,618824167,Enabled,0.91651,0.0220329,0.0379346,0.397599,-107.339,261.625,-1642.26,0.144667,3,OK,-107.171,261.704,-1642.27,OK,-146.584,228.77,-1639.16,OK,-153.332,304.802,-1637.79,,364673917,Port:3,0,1773303498,618824167,Missing,,,,,,,,,4,Missing,,,,Missing,,,,Missing,,,,Missing,,,,,364673917,Port:65535,0,1773303498,618824167,Missing,,,,,,,,,0
4,,364673920,Port:1,0,1773303498,668824167,50000000,Enabled,0.432385,0.822633,-0.0523163,0.365488,-91.2591,11.2919,-1659.25,0.262015,4,OK,-91.1622,11.4149,-1659.56,OK,-79.9078,-37.3337,-1654.55,OK,-42.3183,-54.7551,-1690.94,OK,-51.0831,8.56393,-1703.36,,364673920,Port:2,0,1773303498,668824167,Enabled,0.916461,0.0218904,0.038788,0.397637,-107.339,261.632,-1642.31,0.147688,3,OK,-107.171,261.716,-1642.32,OK,-146.579,228.77,-1639.12,OK,-153.331,304.804,-1637.82,,364673920,Port:3,0,1773303498,668824167,Missing,,,,,,,,,4,Missing,,,,Missing,,,,Missing,,,,Missing,,,,,364673920,Port:65535,0,1773303498,668824167,Missing,,,,,,,,,0
4,,364673923,Port:1,0,1773303498,718824167,100000001,Enabled,0.434702,0.820868,-0.0598775,0.365548,-92.7381,11.7306,-1659.66,0.240171,4,OK,-92.6626,11.8524,-1659.93,OK,-82.1465,-37.0463,-1654.86,OK,-44.4802,-55.0039,-1691.01,OK,-52.2353,8.42898,-1703.5,,364673923,Port:2,0,1773303498,718824167,Enabled,0.916476,0.0222317,0.0383407,0.397626,-107.334,261.624,-1642.28,0.14781,3,OK,-107.164,261.707,-1642.29,OK,-146.578,228.764,-1639.15,OK,-153.327,304.795,-1637.77,,364673923,Port:3,0,1773303498,718824167,Missing,,,,,,,,,4,Missing,,,,Missing,,,,Missing,,,,Missing,,,,,364673923,Port:65535,0,1773303498,718824167,Missing,,,,,,,,,0
4,,364673929,Port:1,0,1773303498,818824168,49999999,Enabled,0.445909,0.81037,-0.0821109,0.371111,-98.8839,17.0507,-1662.2,0.271614,4,OK,-98.7729,17.1446,-1662.52,OK,-90.5011,-32.0909,-1656.43,OK,-52.3943,-51.9717,-1691.1,OK,-57.046,11.5787,-1704.57,,364673929,Port:2,0,1773303498,818824168,Enabled,0.916483,0.0221316,0.0383548,0.397615,-107.338,261.635,-1642.3,0.149513,3,OK,-107.167,261.721,-1642.32,OK,-146.584,228.773,-1639.17,OK,-153.328,304.808,-1637.81,,364673929,Port:3,0,1773303498,818824168,Missing,,,,,,,,,4,Missing,,,,Missing,,,,Missing,,,,Missing,,,,,364673929,Port:65535,0,1773303498,818824168,Missing,,,,,,,,,0
4,,364673932,Port:1,0,1773303498,868824167,50000000,Enabled,0.455336,0.802846,-0.0946807,0.373019,-102.493,21.5804,-1663.76,0.281623,4,OK,-102.381,21.6593,-1664.09,OK,-95.5336,-27.6763,-1657.19,OK,-57.3779,-49.0281,-1690.92,OK,-60.0539,14.4171,-1705.24,,364673932,Port:2,0,1773303498,868824167,Enabled,0.916501,0.0220626,0.0381189,0.397599,-107.34,261.627,-1642.28,0.144744,3,OK,-107.17,261.704,-1642.3,OK,-146.584,228.775,-1639.17,OK,-153.335,304.803,-1637.81,,364673932,Port:3,0,1773303498,868824167,Missing,,,,,,,,,4,Missing,,,,Missing,,,,Missing,,,,Missing,,,,,364673932,Port:65535,0,1773303498,868824167,Missing,,,,,,,,,0
4,,364673935,Port:1,0,1773303498,918824167,50000000,Enabled,0.465555,0.791461,-0.115146,0.378932,-107.242,26.8535,-1666.5,0.255487,4,OK,-107.122,26.9108,-1666.79,OK,-102.369,-22.541,-1659.12,OK,-63.9037,-45.7266,-1691.2,OK,-63.6757,17.5875,-1706.43,,364673935,Port:2,0,1773303498,918824167,Enabled,0.916519,0.0218904,0.0378208,0.397596,-107.343,261.631,-1642.25,0.146582,3,OK,-107.174,261.714,-1642.27,OK,-146.594,228.779,-1639.17,OK,-153.336,304.803,-1637.81,,364673935,Port:3,0,1773303498,918824167,Missing,,,,,,,,,4,Missing,,,,Missing,,,,Missing,,,,Missing,,,,,364673935,Port:65535,0,1773303498,918824167,Missing,,,,,,,,,0
4,,364673938,Port:1,0,1773303498,968824167,100000001,Enabled,0.475726,0.780101,-0.133895,0.383667,-111.502,32.5289,-1669.21,0.252891,4,OK,-111.369,32.5761,-1669.51,OK,-108.596,-16.9006,-1661.07,OK,-70.0674,-41.8697,-1691.58,OK,-67.0914,21.1588,-1707.61,,364673938,Port:2,0,1773303498,968824167,Enabled,0.916483,0.0221231,0.0387058,0.397582,-107.34,261.626,-1642.32,0.149074,3,OK,-107.171,261.712,-1642.33,OK,-146.585,228.766,-1639.15,OK,-153.326,304.804,-1637.81,,364673938,Port:3,0,1773303498,968824167,Missing,,,,,,,,,4,Missing,,,,Missing,,,,Missing,,,,Missing,,,,,364673938,Port:65535,0,1773303498,968824167,Missing,,,,,,,,,0
4,,364673944,Port:1,0,1773303499,68824168,49999999,Enabled,0.494819,0.758368,-0.170636,0.388479,-118.579,43.4316,-1674.93,0.299295,4,OK,-118.434,43.461,-1675.28,OK,-119.756,-5.87323,-1665.51,OK,-81.6351,-34.3036,-1693.42,OK,-73.1377,27.8967,-1710.55,,364673944,Port:2,0,1773303499,68824168,Enabled,0.916482,0.0220678,0.0385472,0.397604,-107.34,261.635,-1642.3,0.146778,3,OK,-107.169,261.714,-1642.31,OK,-146.582,228.779,-1639.15,OK,-153.333,304.811,-1637.8,,364673944,Port:3,0,1773303499,68824168,Missing,,,,,,,,,4,Missing,,,,Missing,,,,Missing,,,,Missing,,,,,364673944,Port:65535,0,1773303499,68824168,Missing,,,,,,,,,0
4,,364673947,Port:1,0,1773303499,118824167,50000000,Enabled,0.504803,0.746837,-0.19077,0.388607,-121.541,49.258,-1677.91,0.299003,4,OK,-121.388,49.2753,-1678.26,OK,-125.028,0.162422,-1668.01,OK,-87.4567,-30.162,-1694.64,OK,-75.9088,31.4152,-1712.17,,364673947,Port:2,0,1773303499,118824167,Enabled,0.916492,0.0219527,0.0383408,0.397606,-107.34,261.628,-1642.28,0.145593,3,OK,-107.174,261.712,-1642.29,OK,-146.584,228.772,-1639.14,OK,-153.33,304.801,-1637.8,,364673947,Port:3,0,1773303499,118824167,Missing,,,,,,,,,4,Missing,,,,Missing,,,,Missing,,,,Missing,,,,,364673947,Port:65535,0,1773303499,118824167,Missing,,,,,,,,,0
4,,364673950,Port:1,0,1773303499,168824167,49999999,Enabled,0.516543,0.731779,-0.220614,0.386021,-124.123,56.5148,-1681.58,0.326124,4,OK,-123.967,56.5133,-1681.96,OK,-130.973,7.81664,-1671.39,OK,-94.5232,-25.0149,-1696.57,OK,-78.5555,35.5665,-1714.13,,364673950,Port:2,0,1773303499,168824167,Enabled,0.916479,0.02202,0.0382425,0.397642,-107.335,261.628,-1642.27,0.146152,3,OK,-107.164,261.707,-1642.29,OK,-146.577,228.77,-1639.15,OK,-153.333,304.799,-1637.8,,364673950,Port:3,0,1773303499,168824167,Missing,,,,,,,,,4,Missing,,,,Missing,,,,Missing,,,,Missing,,,,,364673950,Port:65535,0,1773303499,168824167,Missing,,,,,,,,,0
4,,364673953,Port:1,0,1773303499,218824166,99999999,Enabled,0.532962,0.715382,-0.254556,0.373339,-124.82,65.4592,-1684.73,0.292553,4,OK,-124.655,65.4505,-1685.07,OK,-135.861,17.5953,-1674.36,OK,-101.755,-18.3799,-1698.35,OK,-80.4798,40.4868,-1716.09,,364673953,Port:2,0,1773303499,218824166,Enabled,0.916491,0.0221032,0.0384461,0.39759,-107.342,261.632,-1642.3,0.146746,3,OK,-107.173,261.713,-1642.31,OK,-146.587,228.777,-1639.15,OK,-153.333,304.807,-1637.8,,364673953,Port:3,0,1773303499,218824166,Missing,,,,,,,,,4,Missing,,,,Missing,,,,Missing,,,,Missing,,,,,364673953,Port:65535,0,1773303499,218824166,Missing,,,,,,,,,0
4,,364673959,Port:1,0,1773303499,318824165,50000001,Enabled,0.554192,0.685586,-0.299118,0.365202,-127.606,79.8816,-1692.11,0.300875,4,OK,-127.445,79.8414,-1692.46,OK,-144.021,33.7089,-1681.21,OK,-112.779,-6.21646,-1702.75,OK,-84.6829,49.6414,-1720.72,,364673959,Port:2,0,1773303499,318824165,Enabled,0.916504,0.021788,0.0379845,0.397621,-107.332,261.623,-1642.22,0.144566,3,OK,-107.163,261.7,-1642.24,OK,-146.576,228.768,-1639.12,OK,-153.33,304.799,-1637.79,,364673959,Port:3,0,1773303499,318824165,Missing,,,,,,,,,4,Missing,,,,Missing,,,,Missing,,,,Missing,,,,,364673959,Port:65535,0,1773303499,318824165,Missing,,,,,,,,,0
4,,364673962,Port:1,0,1773303499,368824166,50000000,Enabled,0.561436,0.670588,-0.317714,0.366277,-129.617,86.154,-1696.49,0.305682,4,OK,-129.442,86.112,-1696.84,OK,-148.083,40.7734,-1685.48,OK,-117.862,-0.574729,-1705.56,OK,-87.119,53.892,-1723.43,,364673962,Port:2,0,1773303499,368824166,Enabled,0.916506,0.0219439,0.038344,0.397573,-107.339,261.627,-1642.28,0.145953,3,OK,-107.171,261.708,-1642.3,OK,-146.585,228.774,-1639.15,OK,-153.328,304.805,-1637.81,,364673962,Port:3,0,1773303499,368824166,Missing,,,,,,,,,4,Missing,,,,Missing,,,,Missing,,,,Missing,,,,,364673962,Port:65535,0,1773303499,368824166,Missing,,,,,,,,,0
4,,364673965,Port:1,0,1773303499,418824166,50000000,Enabled,0.569392,0.656647,-0.333236,0.36546,-130.605,92.2749,-1700.28,0.279997,4,OK,-130.434,92.2185,-1700.59,OK,-150.957,47.7717,-1689.06,OK,-121.838,5.04783,-1707.85,OK,-88.7322,58.0948,-1725.87,,364673965,Port:2,0,1773303499,418824166,Enabled,0.916469,0.0218264,0.0387832,0.397622,-107.34,261.628,-1642.3,0.146634,3,OK,-107.171,261.709,-1642.31,OK,-146.578,228.769,-1639.11,OK,-153.333,304.806,-1637.81,,364673965,Port:3,0,1773303499,418824166,Missing,,,,,,,,,4,Missing,,,,Missing,,,,Missing,,,,Missing,,,,,364673965,Port:65535,0,1773303499,418824166,Missing,,,,,,,,,0
4,,364673968,Port:1,0,1773303499,468824166,99999999,Enabled,0.576297,0.645922,-0.344649,0.363158,-130.71,97.3966,-1703.18,0.259312,4,OK,-130.541,97.3335,-1703.46,OK,-152.521,53.6496,-1691.76,OK,-124.462,9.86025,-1709.62,OK,-89.5432,61.6973,-1727.84,,364673968,Port:2,0,1773303499,468824166,Enabled,0.916501,0.0219869,0.0384038,0.397577,-107.341,261.624,-1642.27,0.147681,3,OK,-107.17,261.705,-1642.29,OK,-146.588,228.77,-1639.13,OK,-153.332,304.802,-1637.79,,364673968,Port:3,0,1773303499,468824166,Missing,,,,,,,,,4,Missing,,,,Missing,,,,Missing,,,,Missing,,,,,364673968,Port:65535,0,1773303499,468824166,Missing,,,,,,,,,0
4,,364673974,Port:1,0,1773303499,568824165,50000001,Enabled,0.586511,0.626294,-0.365219,0.361077,-130.931,105.623,-1708.68,0.304514,4,OK,-130.767,105.563,-1709.02,OK,-155.203,63.2458,-1697.01,OK,-128.905,17.7761,-1713.37,OK,-90.9447,67.4201,-1731.42,,364673974,Port:2,0,1773303499,568824165,Enabled,0.916492,0.0219508,0.0386539,0.397576,-107.342,261.622,-1642.29,0.145048,3,OK,-107.175,261.703,-1642.31,OK,-146.584,228.769,-1639.13,OK,-153.329,304.799,-1637.81,,364673974,Port:3,0,1773303499,568824165,Missing,,,,,,,,,4,Missing,,,,Missing,,,,Missing,,,,Missing,,,,,364673974,Port:65535,0,1773303499,568824165,Missing,,,,,,,,,0
4,,364673977,Port:1,0,1773303499,618824166,50000000,Enabled,0.590675,0.616163,-0.377454,0.359131,-131.139,109.445,-1711.48,0.273557,4,OK,-130.974,109.372,-1711.78,OK,-156.766,67.8515,-1699.97,OK,-131.507,21.5446,-1715.52,OK,-91.8857,69.9822,-1733.34,,364673977,Port:2,0,1773303499,618824166,Enabled,0.916472,0.0220487,0.0386303,0.397619,-107.342,261.629,-1642.31,0.147103,3,OK,-107.174,261.713,-1642.32,OK,-146.584,228.771,-1639.15,OK,-153.333,304.801,-1637.81,,364673977,Port:3,0,1773303499,618824166,Missing,,,,,,,,,4,Missing,,,,Missing,,,,Missing,,,,Missing,,,,,364673977,Port:65535,0,1773303499,618824166,Missing,,,,,,,,,0
4,,364673980,Port:1,0,1773303499,668824166,50000000,Enabled,0.59602,0.603178,-0.391026,0.35782,-131.156,113.762,-1714.73,0.289087,4,OK,-130.988,113.678,-1715.04,OK,-158.307,73.1273,-1703.27,OK,-134.272,25.8834,-1717.83,OK,-92.7667,72.83,-1735.36,,364673980,Port:2,0,1773303499,668824166,Enabled,0.91648,0.0220921,0.0386811,0.397594,-107.341,261.629,-1642.29,0.151294,3,OK,-107.165,261.712,-1642.31,OK,-146.589,228.773,-1639.13,OK,-153.332,304.802,-1637.79,,364673980,Port:3,0,1773303499,668824166,Missing,,,,,,,,,4,Missing,,,,Missing,,,,Missing,,,,Missing,,,,,364673980,Port:65535,0,1773303499,668824166,Missing,,,,,,,,,0
4,,364673983,Port:1,0,1773303499,718824166,99999999,Enabled,0.600696,0.584852,-0.412446,0.356371,-131.14,119.159,-1718.83,0.272389,4,OK,-130.99,119.079,-1719.12,OK,-160.439,79.9289,-1707.88,OK,-138.138,31.4845,-1721.13,OK,-93.9999,76.2751,-1737.74,,364673983,Port:2,0,1773303499,718824166,Enabled,0.916482,0.0223099,0.038562,0.397587,-107.341,261.624,-1642.3,0.14192,3,OK,-107.177,261.705,-1642.32,OK,-146.582,228.774,-1639.16,OK,-153.326,304.794,-1637.78,,364673983,Port:3,0,1773303499,718824166,Missing,,,,,,,,,4,Missing,,,,Missing,,,,Missing,,,,Missing,,,,,364673983,Port:65535,0,1773303499,718824166,Missing,,,,,,,,,0
4,,364673989,Port:1,0,1773303499,818824165,50000001,Enabled,0.609129,0.548491,-0.450752,0.353471,-130.238,129.937,-1728.11,0.272781,4,OK,-130.096,129.836,-1728.39,OK,-163.36,93.5944,-1718.17,OK,-144.511,43.1264,-1728.98,OK,-95.7824,83.6119,-1743.74,,364673989,Port:2,0,1773303499,818824165,Enabled,0.916473,0.0219236,0.0386403,0.397623,-107.341,261.63,-1642.3,0.145695,3,OK,-107.174,261.714,-1642.32,OK,-146.581,228.774,-1639.14,OK,-153.332,304.802,-1637.82,,364673989,Port:3,0,1773303499,818824165,Missing,,,,,,,,,4,Missing,,,,Missing,,,,Missing,,,,Missing,,,,,364673989,Port:65535,0,1773303499,818824165,Missing,,,,,,,,,0
4,,364673992,Port:1,0,1773303499,868824166,50000000,Enabled,0.613059,0.536566,-0.459718,0.353433,-129.181,134.126,-1731.8,0.255056,4,OK,-129.034,134.018,-1732.06,OK,-163.306,98.6929,-1721.97,OK,-145.477,47.6686,-1731.81,OK,-95.578,86.819,-1746.33,,364673992,Port:2,0,1773303499,868824166,Enabled,0.916522,0.0217981,0.0378942,0.397587,-107.336,261.623,-1642.27,0.145702,3,OK,-107.165,261.701,-1642.29,OK,-146.584,228.772,-1639.18,OK,-153.332,304.802,-1637.84,,364673992,Port:3,0,1773303499,868824166,Missing,,,,,,,,,4,Missing,,,,Missing,,,,Missing,,,,Missing,,,,,364673992,Port:65535,0,1773303499,868824166,Missing,,,,,,,,,0
4,,364673995,Port:1,0,1773303499,918824166,50000000,Enabled,0.616336,0.524799,-0.469779,0.352171,-127.854,138.157,-1735.16,0.255053,4,OK,-127.703,138.046,-1735.42,OK,-163.019,103.689,-1725.57,OK,-146.356,52.1492,-1734.62,OK,-95.2478,89.8741,-1748.69,,364673995,Port:2,0,1773303499,918824166,Enabled,0.916457,0.021861,0.0389507,0.397633,-107.338,261.624,-1642.3,0.150526,3,OK,-107.163,261.706,-1642.31,OK,-146.579,228.764,-1639.1,OK,-153.333,304.797,-1637.8,,364673995,Port:3,0,1773303499,918824166,Missing,,,,,,,,,4,Missing,,,,Missing,,,,Missing,,,,Missing,,,,,364673995,Port:65535,0,1773303499,918824166,Missing,,,,,,,,,0
4,,364673998,Port:1,0,1773303499,968824166,99999999,Enabled,0.618884,0.509944,-0.484593,0.349441,-126.602,142.361,-1739.04,0.213256,4,OK,-126.458,142.244,-1739.23,OK,-163.171,109.222,-1730.07,OK,-148.089,57.0503,-1738.24,OK,-95.3663,92.8573,-1751.48,,364673998,Port:2,0,1773303499,968824166,Enabled,0.916501,0.0219001,0.0381649,0.397605,-107.338,261.625,-1642.29,0.147469,3,OK,-107.167,261.704,-1642.3,OK,-146.584,228.767,-1639.17,OK,-153.335,304.804,-1637.83,,364673998,Port:3,0,1773303499,968824166,Missing,,,,,,,,,4,Missing,,,,Missing,,,,Missing,,,,Missing,,,,,364673998,Port:65535,0,1773303499,968824166,Missing,,,,,,,,,0
4,,364674004,Port:1,0,1773303500,68824165,50000001,Enabled,0.622214,0.487421,-0.504486,0.34751,-123.691,148.314,-1745.41,0.220183,4,OK,-123.564,148.191,-1745.61,OK,-162.051,117.061,-1737.24,OK,-149.177,64.1355,-1744.14,OK,-94.415,97.1955,-1755.98,,364674004,Port:2,0,1773303500,68824165,Enabled,0.916471,0.0217004,0.0386316,0.397639,-107.338,261.622,-1642.29,0.146449,3,OK,-107.168,261.7,-1642.3,OK,-146.575,228.761,-1639.12,OK,-153.336,304.801,-1637.83,,364674004,Port:3,0,1773303500,68824165,Missing,,,,,,,,,4,Missing,,,,Missing,,,,Missing,,,,Missing,,,,,364674004,Port:65535,0,1773303500,68824165,Missing,,,,,,,,,0
4,,364674007,Port:1,0,1773303500,118824166,50000000,Enabled,0.624427,0.478074,-0.511464,0.346325,-121.299,150.065,-1747.61,0.213332,4,OK,-121.157,149.94,-1747.8,OK,-160.343,119.612,-1739.68,OK,-148.422,66.3946,-1745.99,OK,-92.9076,98.3295,-1757.45,,364674007,Port:2,0,1773303500,118824166,Enabled,0.916474,0.0222008,0.0386389,0.397605,-107.339,261.621,-1642.31,0.145965,3,OK,-107.171,261.704,-1642.33,OK,-146.581,228.765,-1639.15,OK,-153.328,304.794,-1637.79,,364674007,Port:3,0,1773303500,118824166,Missing,,,,,,,,,4,Missing,,,,Missing,,,,Missing,,,,Missing,,,,,364674007,Port:65535,0,1773303500,118824166,Missing,,,,,,,,,0
4,,364674010,Port:1,0,1773303500,168824166,49999999,Enabled,0.627488,0.47106,-0.518062,0.340547,-119.084,151.137,-1748.74,0.208267,4,OK,-118.958,151,-1748.93,OK,-158.844,121.597,-1740.96,OK,-148.121,68.1163,-1747.14,OK,-91.8243,98.7512,-1758.41,,364674010,Port:2,0,1773303500,168824166,Enabled,0.916448,0.0220033,0.0387991,0.39766,-107.337,261.617,-1642.29,0.147272,3,OK,-107.17,261.703,-1642.31,OK,-146.574,228.753,-1639.12,OK,-153.328,304.786,-1637.79,,364674010,Port:3,0,1773303500,168824166,Missing,,,,,,,,,4,Missing,,,,Missing,,,,Missing,,,,Missing,,,,,364674010,Port:65535,0,1773303500,168824166,Missing,,,,,,,,,0
4,,364674013,Port:1,0,1773303500,218824165,100000000,Enabled,0.626683,0.464631,-0.525045,0.340168,-118.06,151.135,-1749.99,0.215122,4,OK,-117.927,151.004,-1750.18,OK,-158.31,122.129,-1742.67,OK,-148.208,68.5082,-1748.62,OK,-91.3683,98.3726,-1759.16,,364674013,Port:2,0,1773303500,218824165,Enabled,0.916503,0.0217263,0.0380135,0.397624,-107.335,261.613,-1642.26,0.144106,3,OK,-107.166,261.689,-1642.28,OK,-146.577,228.758,-1639.15,OK,-153.335,304.792,-1637.83,,364674013,Port:3,0,1773303500,218824165,Missing,,,,,,,,,4,Missing,,,,Missing,,,,Missing,,,,Missing,,,,,364674013,Port:65535,0,1773303500,218824165,Missing,,,,,,,,,0
4,,364674019,Port:1,0,1773303500,318824165,50000000,Enabled,0.628987,0.449844,-0.536659,0.337656,-115.98,152.734,-1753.13,0.214806,4,OK,-115.854,152.596,-1753.32,OK,-157.244,125.069,-1746.33,OK,-148.704,71.1002,-1751.56,OK,-90.7691,99.0751,-1761.25,,364674019,Port:2,0,1773303500,318824165,Enabled,0.916455,0.0218705,0.0387092,0.397661,-107.336,261.619,-1642.29,0.148426,3,OK,-107.167,261.704,-1642.31,OK,-146.575,228.754,-1639.12,OK,-153.331,304.791,-1637.81,,364674019,Port:3,0,1773303500,318824165,Missing,,,,,,,,,4,Missing,,,,Missing,,,,Missing,,,,Missing,,,,,364674019,Port:65535,0,1773303500,318824165,Missing,,,,,,,,,0
4,,364674022,Port:1,0,1773303500,368824165,50000000,Enabled,0.627832,0.432083,-0.552246,0.337869,-114.228,155.188,-1757.11,0.176492,4,OK,-114.1,155.057,-1757.24,OK,-156.551,128.924,-1751.46,OK,-149.595,74.6597,-1755.73,OK,-90.5189,100.658,-1763.86,,364674022,Port:2,0,1773303500,368824165,Enabled,0.91651,0.0217601,0.0379896,0.397609,-107.332,261.617,-1642.24,0.141782,3,OK,-107.165,261.692,-1642.25,OK,-146.574,228.769,-1639.13,OK,-153.33,304.793,-1637.81,,364674022,Port:3,0,1773303500,368824165,Missing,,,,,,,,,4,Missing,,,,Missing,,,,Missing,,,,Missing,,,,,364674022,Port:65535,0,1773303500,368824165,Missing,,,,,,,,,0
4,,364674025,Port:1,0,1773303500,418824165,50000000,Enabled,0.629576,0.414338,-0.564737,0.336201,-111.302,158.215,-1761,0.15643,4,OK,-111.187,158.07,-1761.09,OK,-154.611,133.469,-1756.09,OK,-149.386,78.956,-1759.4,OK,-89.2978,102.826,-1766.48,,364674025,Port:2,0,1773303500,418824165,Enabled,0.916528,0.0220275,0.0378262,0.397568,-107.333,261.616,-1642.27,0.146062,3,OK,-107.16,261.692,-1642.28,OK,-146.583,228.768,-1639.18,OK,-153.328,304.796,-1637.81,,364674025,Port:3,0,1773303500,418824165,Missing,,,,,,,,,4,Missing,,,,Missing,,,,Missing,,,,Missing,,,,,364674025,Port:65535,0,1773303500,418824165,Missing,,,,,,,,,0
4,,364674028,Port:1,0,1773303500,468824165,100000000,Enabled,0.633076,0.402396,-0.571356,0.332932,-108.53,160.697,-1764.13,0.152108,4,OK,-108.41,160.549,-1764.19,OK,-152.514,137.107,-1759.42,OK,-148.633,82.4498,-1762.11,OK,-87.8913,104.713,-1768.87,,364674028,Port:2,0,1773303500,468824165,Enabled,0.916498,0.02184,0.0381779,0.397615,-107.335,261.617,-1642.28,0.144065,3,OK,-107.171,261.7,-1642.29,OK,-146.578,228.76,-1639.16,OK,-153.327,304.792,-1637.83,,364674028,Port:3,0,1773303500,468824165,Missing,,,,,,,,,4,Missing,,,,Missing,,,,Missing,,,,Missing,,,,,364674028,Port:65535,0,1773303500,468824165,Missing,,,,,,,,,0
4,,364674034,Port:1,0,1773303500,568824165,50000000,Enabled,0.634032,0.383896,-0.58252,0.333613,-106.626,163.614,-1770.07,0.144657,4,OK,-106.513,163.473,-1770.13,OK,-151.385,141.421,-1766.12,OK,-149.114,86.633,-1767.76,OK,-87.5759,106.969,-1773.31,,364674034,Port:2,0,1773303500,568824165,Enabled,0.916508,0.0219326,0.0377874,0.397624,-107.333,261.621,-1642.27,0.148882,3,OK,-107.16,261.704,-1642.29,OK,-146.583,228.765,-1639.19,OK,-153.33,304.791,-1637.83,,364674034,Port:3,0,1773303500,568824165,Missing,,,,,,,,,4,Missing,,,,Missing,,,,Missing,,,,Missing,,,,,364674034,Port:65535,0,1773303500,568824165,Missing,,,,,,,,,0
4,,364674037,Port:1,0,1773303500,618824165,50000000,Enabled,0.634433,0.379995,-0.583739,0.335184,-106.415,163.358,-1771.99,0.153602,4,OK,-106.297,163.216,-1772.06,OK,-151.291,141.353,-1768.1,OK,-149.2,86.5616,-1769.42,OK,-87.5584,106.618,-1774.77,,364674037,Port:2,0,1773303500,618824165,Enabled,0.916477,0.0216938,0.0385399,0.397635,-107.334,261.618,-1642.28,0.148869,3,OK,-107.162,261.7,-1642.29,OK,-146.576,228.759,-1639.11,OK,-153.331,304.794,-1637.82,,364674037,Port:3,0,1773303500,618824165,Missing,,,,,,,,,4,Missing,,,,Missing,,,,Missing,,,,Missing,,,,,364674037,Port:65535,0,1773303500,618824165,Missing,,,,,,,,,0
4,,364674040,Port:1,0,1773303500,668824165,50000000,Enabled,0.633609,0.375018,-0.588237,0.334483,-105.331,162.721,-1773.33,0.150967,4,OK,-105.219,162.572,-1773.39,OK,-150.453,141.161,-1769.83,OK,-148.867,86.3447,-1771.02,OK,-86.9904,105.796,-1775.83,,364674040,Port:2,0,1773303500,668824165,Enabled,0.91651,0.0217477,0.0380588,0.397602,-107.337,261.619,-1642.27,0.145639,3,OK,-107.169,261.699,-1642.29,OK,-146.583,228.764,-1639.16,OK,-153.332,304.797,-1637.84,,364674040,Port:3,0,1773303500,668824165,Missing,,,,,,,,,4,Missing,,,,Missing,,,,Missing,,,,Missing,,,,,364674040,Port:65535,0,1773303500,668824165,Missing,,,,,,,,,0
4,,364674043,Port:1,0,1773303500,718824165,100000000,Enabled,0.634233,0.364949,-0.596048,0.330587,-103.27,162.533,-1775.6,0.155232,4,OK,-103.157,162.388,-1775.67,OK,-148.912,142.015,-1772.61,OK,-148.577,87.1962,-1773.62,OK,-86.2323,105.191,-1777.67,,364674043,Port:2,0,1773303500,718824165,Enabled,0.916505,0.0219421,0.0379856,0.397611,-107.33,261.615,-1642.27,0.146786,3,OK,-107.158,261.693,-1642.28,OK,-146.577,228.762,-1639.17,OK,-153.328,304.79,-1637.81,,364674043,Port:3,0,1773303500,718824165,Missing,,,,,,,,,4,Missing,,,,Missing,,,,Missing,,,,Missing,,,,,364674043,Port:65535,0,1773303500,718824165,Missing,,,,,,,,,0
4,,364674049,Port:1,0,1773303500,818824165,50000000,Enabled,0.63042,0.339005,-0.614547,0.331629,-99.2648,162.331,-1783.6,0.140129,4,OK,-99.1619,162.182,-1783.61,OK,-145.795,143.73,-1782.4,OK,-147.663,88.9293,-1782.3,OK,-84.5163,104.317,-1783.87,,364674049,Port:2,0,1773303500,818824165,Enabled,0.91649,0.0221756,0.038337,0.3976,-107.336,261.621,-1642.29,0.146441,3,OK,-107.168,261.705,-1642.31,OK,-146.581,228.765,-1639.17,OK,-153.324,304.793,-1637.79,,364674049,Port:3,0,1773303500,818824165,Missing,,,,,,,,,4,Missing,,,,Missing,,,,Missing,,,,Missing,,,,,364674049,Port:65535,0,1773303500,818824165,Missing,,,,,,,,,0
4,,364674052,Port:1,0,1773303500,868824165,50000000,Enabled,0.631539,0.325467,-0.622551,0.328115,-96.2109,163.266,-1787.7,0.138296,4,OK,-96.1039,163.125,-1787.72,OK,-143.253,145.947,-1787.08,OK,-146.616,91.2143,-1786.57,OK,-83.0411,104.866,-1787.28,,364674052,Port:2,0,1773303500,868824165,Enabled,0.916479,0.0220336,0.0384825,0.397617,-107.337,261.623,-1642.3,0.145316,3,OK,-107.169,261.702,-1642.31,OK,-146.577,228.765,-1639.15,OK,-153.331,304.801,-1637.81,,364674052,Port:3,0,1773303500,868824165,Missing,,,,,,,,,4,Missing,,,,Missing,,,,Missing,,,,Missing,,,,,364674052,Port:65535,0,1773303500,868824165,Missing,,,,,,,,,0
4,,364674055,Port:1,0,1773303500,918824165,50000000,Enabled,0.63072,0.308021,-0.633039,0.32646,-93.4282,164.53,-1793.2,0.138892,4,OK,-93.3292,164.389,-1793.17,OK,-140.971,148.627,-1793.58,OK,-145.993,94.0508,-1792.41,OK,-82.0532,105.766,-1791.77,,364674055,Port:2,0,1773303500,918824165,Enabled,0.916468,0.0215833,0.0387855,0.397639,-107.342,261.62,-1642.28,0.14686,3,OK,-107.175,261.702,-1642.3,OK,-146.579,228.756,-1639.09,OK,-153.337,304.799,-1637.83,,364674055,Port:3,0,1773303500,918824165,Missing,,,,,,,,,4,Missing,,,,Missing,,,,Missing,,,,Missing,,,,,364674055,Port:65535,0,1773303500,918824165,Missing,,,,,,,,,0
4,,364674058,Port:1,0,1773303500,968824165,100000000,Enabled,0.628936,0.289612,-0.643113,0.327063,-90.6717,165.741,-1799.41,0.137205,4,OK,-90.5724,165.614,-1799.37,OK,-138.605,151.125,-1800.85,OK,-145.18,96.7512,-1798.94,OK,-80.9871,106.716,-1796.73,,364674058,Port:2,0,1773303500,968824165,Enabled,0.916436,0.0221872,0.038969,0.39766,-107.34,261.632,-1642.35,0.151468,3,OK,-107.167,261.72,-1642.37,OK,-146.581,228.767,-1639.16,OK,-153.331,304.797,-1637.82,,364674058,Port:3,0,1773303500,968824165,Missing,,,,,,,,,4,Missing,,,,Missing,,,,Missing,,,,Missing,,,,,364674058,Port:65535,0,1773303500,968824165,Missing,,,,,,,,,0
4,,364674064,Port:1,0,1773303501,68824165,50000000,Enabled,0.625379,0.243864,-0.666643,0.324065,-81.9321,167.893,-1811.37,0.144157,4,OK,-81.8287,167.784,-1811.29,OK,-130.657,156.75,-1815.39,OK,-141.366,103.114,-1812,OK,-76.9065,108.456,-1806.1,,364674064,Port:2,0,1773303501,68824165,Enabled,0.916529,0.0217127,0.0378451,0.397581,-107.332,261.616,-1642.25,0.143404,3,OK,-107.167,261.694,-1642.26,OK,-146.578,228.763,-1639.16,OK,-153.327,304.799,-1637.83,,364674064,Port:3,0,1773303501,68824165,Missing,,,,,,,,,4,Missing,,,,Missing,,,,Missing,,,,Missing,,,,,364674064,Port:65535,0,1773303501,68824165,Missing,,,,,,,,,0
4,,364674067,Port:1,0,1773303501,118824165,50000000,Enabled,0.621652,0.219268,-0.680204,0.320614,-76.6057,168.815,-1816.54,0.147634,4,OK,-76.4957,168.708,-1816.46,OK,-125.581,159.598,-1822.15,OK,-138.622,106.53,-1818.39,OK,-74.2549,109.323,-1810.2,,364674067,Port:2,0,1773303501,118824165,Enabled,0.916493,0.0220865,0.0381391,0.397615,-107.338,261.618,-1642.27,0.144529,3,OK,-107.17,261.699,-1642.29,OK,-146.583,228.767,-1639.16,OK,-153.331,304.786,-1637.79,,364674067,Port:3,0,1773303501,118824165,Missing,,,,,,,,,4,Missing,,,,Missing,,,,Missing,,,,Missing,,,,,364674067,Port:65535,0,1773303501,118824165,Missing,,,,,,,,,0
4,,364674070,Port:1,0,1773303501,168824165,49999999,Enabled,0.621462,0.199703,-0.688255,0.316559,-71.494,169.522,-1820.75,0.135864,4,OK,-71.3915,169.416,-1820.73,OK,-120.646,161.946,-1827.22,OK,-135.622,109.428,-1823.15,OK,-71.3491,110.064,-1813.54,,364674070,Port:2,0,1773303501,168824165,Enabled,0.916459,0.0218974,0.0389131,0.39763,-107.339,261.621,-1642.29,0.146488,3,OK,-107.172,261.706,-1642.31,OK,-146.577,228.762,-1639.1,OK,-153.328,304.792,-1637.8,,364674070,Port:3,0,1773303501,168824165,Missing,,,,,,,,,4,Missing,,,,Missing,,,,Missing,,,,Missing,,,,,364674070,Port:65535,0,1773303501,168824165,Missing,,,,,,,,,0
4,,364674073,Port:1,0,1773303501,218824164,100000000,Enabled,0.622237,0.183543,-0.693334,0.313722,-67.2025,170.084,-1824.69,0.128595,4,OK,-67.1143,169.976,-1824.66,OK,-116.44,163.818,-1831.8,OK,-132.959,111.787,-1827.23,OK,-68.8604,110.746,-1816.72,,364674073,Port:2,0,1773303501,218824164,Enabled,0.916505,0.0218916,0.0380485,0.397607,-107.339,261.623,-1642.28,0.146005,3,OK,-107.169,261.703,-1642.29,OK,-146.586,228.77,-1639.17,OK,-153.334,304.796,-1637.83,,364674073,Port:3,0,1773303501,218824164,Missing,,,,,,,,,4,Missing,,,,Missing,,,,Missing,,,,Missing,,,,,364674073,Port:65535,0,1773303501,218824164,Missing,,,,,,,,,0
4,,364674079,Port:1,0,1773303501,318824164,50000000,Enabled,0.620128,0.155321,-0.703897,0.309588,-60.6521,171.064,-1831.7,0.15937,4,OK,-60.56,170.964,-1831.58,OK,-109.892,166.934,-1840.37,OK,-128.979,115.845,-1835.08,OK,-65.3492,112.051,-1822.58,,364674079,Port:2,0,1773303501,318824164,Enabled,0.916463,0.0219233,0.0387383,0.397635,-107.34,261.622,-1642.3,0.145462,3,OK,-107.173,261.704,-1642.32,OK,-146.577,228.763,-1639.13,OK,-153.333,304.795,-1637.81,,364674079,Port:3,0,1773303501,318824164,Missing,,,,,,,,,4,Missing,,,,Missing,,,,Missing,,,,Missing,,,,,364674079,Port:65535,0,1773303501,318824164,Missing,,,,,,,,,0
4,,364674082,Port:1,0,1773303501,368824164,50000000,Enabled,0.618686,0.143891,-0.707769,0.309171,-58.1491,170.955,-1834.75,0.197055,4,OK,-58.0617,170.85,-1834.57,OK,-107.328,167.565,-1844.12,OK,-127.342,116.857,-1838.44,OK,-63.9826,112.137,-1825.11,,364674082,Port:2,0,1773303501,368824164,Enabled,0.916508,0.0217946,0.0378521,0.397625,-107.336,261.625,-1642.26,0.148234,3,OK,-107.165,261.705,-1642.27,OK,-146.583,228.764,-1639.17,OK,-153.336,304.806,-1637.83,,364674082,Port:3,0,1773303501,368824164,Missing,,,,,,,,,4,Missing,,,,Missing,,,,Missing,,,,Missing,,,,,364674082,Port:65535,0,1773303501,368824164,Missing,,,,,,,,,0
4,,364674085,Port:1,0,1773303501,418824164,50000000,Enabled,0.616939,0.133917,-0.712158,0.307057,-55.4026,170.408,-1837.24,0.178002,4,OK,-55.3207,170.311,-1837.08,OK,-104.506,167.787,-1847.23,OK,-125.445,117.47,-1841.56,OK,-62.3578,111.743,-1827.31,,364674085,Port:2,0,1773303501,418824164,Enabled,0.916478,0.0220036,0.0386229,0.397607,-107.338,261.62,-1642.3,0.148703,3,OK,-107.164,261.701,-1642.32,OK,-146.582,228.766,-1639.14,OK,-153.331,304.794,-1637.81,,364674085,Port:3,0,1773303501,418824164,Missing,,,,,,,,,4,Missing,,,,Missing,,,,Missing,,,,Missing,,,,,364674085,Port:65535,0,1773303501,418824164,Missing,,,,,,,,,0
4,,364674088,Port:1,0,1773303501,468824164,100000000,Enabled,0.613091,0.121268,-0.71852,0.305192,-52.2537,169.737,-1839.54,0.175627,4,OK,-52.166,169.628,-1839.41,OK,-101.218,168.006,-1850.51,OK,-123.227,118.16,-1844.93,OK,-60.5408,111.291,-1829.28,,364674088,Port:2,0,1773303501,468824164,Enabled,0.916471,0.0220717,0.0387623,0.397606,-107.338,261.623,-1642.3,0.14782,3,OK,-107.167,261.706,-1642.31,OK,-146.581,228.767,-1639.13,OK,-153.328,304.796,-1637.79,,364674088,Port:3,0,1773303501,468824164,Missing,,,,,,,,,4,Missing,,,,Missing,,,,Missing,,,,Missing,,,,,364674088,Port:65535,0,1773303501,468824164,Missing,,,,,,,,,0
4,,364674094,Port:1,0,1773303501,568824164,50000000,Enabled,0.609928,0.103196,-0.725418,0.301839,-47.1071,168.251,-1843.44,0.173894,4,OK,-47.0299,168.148,-1843.3,OK,-95.8377,167.858,-1855.54,OK,-119.446,118.73,-1849.86,OK,-57.3758,110.191,-1832.67,,364674094,Port:2,0,1773303501,568824164,Enabled,0.916454,0.0221984,0.038881,0.397628,-107.342,261.625,-1642.33,0.149258,3,OK,-107.172,261.711,-1642.34,OK,-146.583,228.763,-1639.15,OK,-153.331,304.795,-1637.8,,364674094,Port:3,0,1773303501,568824164,Missing,,,,,,,,,4,Missing,,,,Missing,,,,Missing,,,,Missing,,,,,364674094,Port:65535,0,1773303501,568824164,Missing,,,,,,,,,0
4,,364674097,Port:1,0,1773303501,618824164,50000000,Enabled,0.608597,0.0958901,-0.728645,0.299151,-45.0186,167.469,-1845.16,0.187587,4,OK,-44.9462,167.366,-1845,OK,-93.6103,167.687,-1857.75,OK,-117.949,118.922,-1852.12,OK,-56.2234,109.613,-1834.37,,364674097,Port:2,0,1773303501,618824164,Enabled,0.916467,0.0219566,0.0389417,0.397606,-107.342,261.624,-1642.31,0.148262,3,OK,-107.174,261.709,-1642.32,OK,-146.582,228.76,-1639.12,OK,-153.329,304.802,-1637.81,,364674097,Port:3,0,1773303501,618824164,Missing,,,,,,,,,4,Missing,,,,Missing,,,,Missing,,,,Missing,,,,,364674097,Port:65535,0,1773303501,618824164,Missing,,,,,,,,,0
4,,364674100,Port:1,0,1773303501,668824164,50000000,Enabled,0.603626,0.0828522,-0.733858,0.300372,-42.4764,166.844,-1848.06,0.162146,4,OK,-42.4073,166.745,-1847.93,OK,-90.7976,167.657,-1861.66,OK,-116.004,119.343,-1855.99,OK,-54.7873,109.29,-1836.68,,364674100,Port:2,0,1773303501,668824164,Enabled,0.916493,0.022082,0.0384031,0.39759,-107.339,261.624,-1642.29,0.144572,3,OK,-107.175,261.706,-1642.3,OK,-146.582,228.766,-1639.15,OK,-153.327,304.801,-1637.8,,364674100,Port:3,0,1773303501,668824164,Missing,,,,,,,,,4,Missing,,,,Missing,,,,Missing,,,,Missing,,,,,364674100,Port:65535,0,1773303501,668824164,Missing,,,,,,,,,0
4,,364674103,Port:1,0,1773303501,718824164,100000000,Enabled,0.598104,0.0664194,-0.740578,0.299005,-38.6707,166.898,-1850.9,0.184202,4,OK,-38.6068,166.802,-1850.75,OK,-86.6187,168.675,-1865.8,OK,-113.063,121.046,-1860.13,OK,-52.6208,109.774,-1839.13,,364674103,Port:2,0,1773303501,718824164,Enabled,0.916483,0.0218537,0.0382062,0.397646,-107.335,261.627,-1642.26,0.148845,3,OK,-107.163,261.708,-1642.28,OK,-146.579,228.765,-1639.14,OK,-153.334,304.801,-1637.81,,364674103,Port:3,0,1773303501,718824164,Missing,,,,,,,,,4,Missing,,,,Missing,,,,Missing,,,,Missing,,,,,364674103,Port:65535,0,1773303501,718824164,Missing,,,,,,,,,0
4,,364674109,Port:1,0,1773303501,818824164,50000000,Enabled,0.595188,0.0473328,-0.746164,0.294532,-34.006,167.565,-1854.12,0.184682,4,OK,-33.9435,167.473,-1853.97,OK,-81.5341,170.712,-1870.1,OK,-109.629,124.026,-1864.42,OK,-50.092,111.082,-1841.98,,364674109,Port:2,0,1773303501,818824164,Enabled,0.916444,0.0222452,0.0391391,0.397623,-107.34,261.625,-1642.33,0.147268,3,OK,-107.172,261.711,-1642.35,OK,-146.578,228.767,-1639.13,OK,-153.325,304.792,-1637.79,,364674109,Port:3,0,1773303501,818824164,Missing,,,,,,,,,4,Missing,,,,Missing,,,,Missing,,,,Missing,,,,,364674109,Port:65535,0,1773303501,818824164,Missing,,,,,,,,,0
4,,364674112,Port:1,0,1773303501,868824164,50000000,Enabled,0.59526,0.0484854,-0.745482,0.295925,-34.7443,167.552,-1854.4,0.170841,4,OK,-34.687,167.453,-1854.27,OK,-82.307,170.496,-1870.27,OK,-110.238,123.763,-1864.57,OK,-50.6101,111.043,-1842.15,,364674112,Port:2,0,1773303501,868824164,Enabled,0.916521,0.0215523,0.0380794,0.397586,-107.335,261.621,-1642.27,0.145866,3,OK,-107.167,261.701,-1642.28,OK,-146.582,228.766,-1639.15,OK,-153.33,304.804,-1637.86,,364674112,Port:3,0,1773303501,868824164,Missing,,,,,,,,,4,Missing,,,,Missing,,,,Missing,,,,Missing,,,,,364674112,Port:65535,0,1773303501,868824164,Missing,,,,,,,,,0
4,,364674115,Port:1,0,1773303501,918824164,50000000,Enabled,0.596025,0.0518396,-0.743904,0.297781,-35.9041,167.318,-1853.95,0.167785,4,OK,-35.8398,167.22,-1853.83,OK,-83.568,169.96,-1869.58,OK,-111.15,123,-1863.77,OK,-51.31,110.683,-1841.62,,364674115,Port:2,0,1773303501,918824164,Enabled,0.916463,0.0217052,0.0388096,0.397641,-107.342,261.63,-1642.32,0.150011,3,OK,-107.169,261.715,-1642.33,OK,-146.583,228.769,-1639.13,OK,-153.337,304.803,-1637.85,,364674115,Port:3,0,1773303501,918824164,Missing,,,,,,,,,4,Missing,,,,Missing,,,,Missing,,,,Missing,,,,,364674115,Port:65535,0,1773303501,918824164,Missing,,,,,,,,,0
4,,364674118,Port:1,0,1773303501,968824164,100000000,Enabled,0.596205,0.053593,-0.74372,0.297571,-36.1584,167.194,-1853.35,0.164218,4,OK,-36.1004,167.097,-1853.24,OK,-83.8473,169.772,-1868.91,OK,-111.314,122.722,-1863.15,OK,-51.4208,110.489,-1841.13,,364674118,Port:2,0,1773303501,968824164,Enabled,0.916515,0.0218055,0.0380779,0.397585,-107.338,261.627,-1642.29,0.147776,3,OK,-107.168,261.709,-1642.3,OK,-146.587,228.772,-1639.18,OK,-153.332,304.807,-1637.85,,364674118,Port:3,0,1773303501,968824164,Missing,,,,,,,,,4,Missing,,,,Missing,,,,Missing,,,,Missing,,,,,364674118,Port:65535,0,1773303501,968824164,Missing,,,,,,,,,0
4,,364674124,Port:1,0,1773303502,68824164,50000000,Enabled,0.595592,0.050258,-0.744823,0.296618,-35.0639,167.666,-1853.89,0.167746,4,OK,-35.009,167.573,-1853.76,OK,-82.6581,170.459,-1869.65,OK,-110.432,123.623,-1863.9,OK,-50.7258,111.101,-1841.65,,364674124,Port:2,0,1773303502,68824164,Enabled,0.916496,0.0220161,0.038329,0.397594,-107.34,261.626,-1642.3,0.147333,3,OK,-107.17,261.709,-1642.32,OK,-146.587,228.772,-1639.17,OK,-153.33,304.799,-1637.82,,364674124,Port:3,0,1773303502,68824164,Missing,,,,,,,,,4,Missing,,,,Missing,,,,Missing,,,,Missing,,,,,364674124,Port:65535,0,1773303502,68824164,Missing,,,,,,,,,0
4,,364674127,Port:1,0,1773303502,118824164,50000000,Enabled,0.593813,0.0472602,-0.745535,0.298882,-35.1098,168.054,-1854.8,0.163306,4,OK,-35.0491,167.968,-1854.69,OK,-82.6328,170.802,-1870.83,OK,-110.47,124.013,-1864.97,OK,-50.8596,111.549,-1842.26,,364674127,Port:2,0,1773303502,118824164,Enabled,0.916487,0.0217126,0.0384322,0.397622,-107.339,261.626,-1642.28,0.147099,3,OK,-107.169,261.707,-1642.29,OK,-146.582,228.769,-1639.13,OK,-153.335,304.8,-1637.83,,364674127,Port:3,0,1773303502,118824164,Missing,,,,,,,,,4,Missing,,,,Missing,,,,Missing,,,,Missing,,,,,364674127,Port:65535,0,1773303502,118824164,Missing,,,,,,,,,0
4,,364674130,Port:1,0,1773303502,168824164,49999997,Enabled,0.594899,0.0487213,-0.743738,0.300958,-35.8899,168.463,-1855.01,0.198748,4,OK,-35.8302,168.37,-1854.85,OK,-83.4982,171.001,-1870.91,OK,-111.099,124.068,-1864.69,OK,-51.3536,111.915,-1842.3,,364674130,Port:2,0,1773303502,168824164,Enabled,0.916508,0.022071,0.0380324,0.397591,-107.34,261.629,-1642.29,0.146815,3,OK,-107.171,261.712,-1642.3,OK,-146.589,228.776,-1639.19,OK,-153.331,304.801,-1637.82,,364674130,Port:3,0,1773303502,168824164,Missing,,,,,,,,,4,Missing,,,,Missing,,,,Missing,,,,Missing,,,,,364674130,Port:65535,0,1773303502,168824164,Missing,,,,,,,,,0
4,,364674133,Port:1,0,1773303502,218824161,100000000,Enabled,0.594671,0.0516651,-0.743228,0.302176,-36.9774,168.604,-1854.57,0.168395,4,OK,-36.9152,168.508,-1854.45,OK,-84.6277,170.855,-1870.31,OK,-111.942,123.78,-1864.21,OK,-52.0755,111.965,-1841.88,,364674133,Port:2,0,1773303502,218824161,Enabled,0.916448,0.0219225,0.038961,0.397649,-107.342,261.632,-1642.33,0.146603,3,OK,-107.178,261.717,-1642.34,OK,-146.578,228.765,-1639.13,OK,-153.333,304.806,-1637.83,,364674133,Port:3,0,1773303502,218824161,Missing,,,,,,,,,4,Missing,,,,Missing,,,,Missing,,,,Missing,,,,,364674133,Port:65535,0,1773303502,218824161,Missing,,,,,,,,,0
4,,364674139,Port:1,0,1773303502,318824161,50000000,Enabled,0.597382,0.0593452,-0.740043,0.303233,-38.988,168.909,-1852.84,0.192567,4,OK,-38.9347,168.812,-1852.66,OK,-86.8221,170.699,-1868.03,OK,-113.541,123.265,-1861.73,OK,-53.3154,112.057,-1840.32,,364674139,Port:2,0,1773303502,318824161,Enabled,0.916485,0.0219609,0.0385074,0.397605,-107.344,261.631,-1642.31,0.146936,3,OK,-107.175,261.711,-1642.33,OK,-146.586,228.771,-1639.16,OK,-153.337,304.81,-1637.83,,364674139,Port:3,0,1773303502,318824161,Missing,,,,,,,,,4,Missing,,,,Missing,,,,Missing,,,,Missing,,,,,364674139,Port:65535,0,1773303502,318824161,Missing,,,,,,,,,0
4,,364674142,Port:1,0,1773303502,368824161,50000000,Enabled,0.597619,0.0634081,-0.739575,0.303083,-40.1455,169.105,-1851.62,0.187245,4,OK,-40.0726,169.006,-1851.46,OK,-88.0672,170.685,-1866.62,OK,-114.476,123.089,-1860.51,OK,-54.0851,112.108,-1839.3,,364674142,Port:2,0,1773303502,368824161,Enabled,0.916499,0.021925,0.0383368,0.397591,-107.34,261.627,-1642.28,0.147284,3,OK,-107.169,261.709,-1642.29,OK,-146.586,228.774,-1639.14,OK,-153.332,304.803,-1637.81,,364674142,Port:3,0,1773303502,368824161,Missing,,,,,,,,,4,Missing,,,,Missing,,,,Missing,,,,Missing,,,,,364674142,Port:65535,0,1773303502,368824161,Missing,,,,,,,,,0
4,,364674145,Port:1,0,1773303502,418824161,50000000,Enabled,0.597744,0.066827,-0.738643,0.304373,-41.577,169.343,-1850.67,0.176217,4,OK,-41.5176,169.262,-1850.53,OK,-89.5457,170.637,-1865.52,OK,-115.625,122.85,-1859.4,OK,-55.0982,112.205,-1838.39,,364674145,Port:2,0,1773303502,418824161,Enabled,0.916479,0.0221762,0.0384453,0.397614,-107.34,261.626,-1642.31,0.145812,3,OK,-107.171,261.708,-1642.33,OK,-146.582,228.77,-1639.17,OK,-153.331,304.798,-1637.81,,364674145,Port:3,0,1773303502,418824161,Missing,,,,,,,,,4,Missing,,,,Missing,,,,Missing,,,,Missing,,,,,364674145,Port:65535,0,1773303502,418824161,Missing,,,,,,,,,0
4,,364674148,Port:1,0,1773303502,468824161,100000000,Enabled,0.596614,0.0699199,-0.738696,0.305763,-43.1109,169.785,-1849.83,0.171474,4,OK,-43.0392,169.695,-1849.69,OK,-91.0922,170.773,-1864.66,OK,-116.857,122.795,-1858.66,OK,-56.2215,112.55,-1837.64,,364674148,Port:2,0,1773303502,468824161,Enabled,0.916502,0.0220799,0.0381569,0.397593,-107.345,261.629,-1642.29,0.147418,3,OK,-107.173,261.71,-1642.3,OK,-146.593,228.775,-1639.17,OK,-153.338,304.804,-1637.81,,364674148,Port:3,0,1773303502,468824161,Missing,,,,,,,,,4,Missing,,,,Missing,,,,Missing,,,,Missing,,,,,364674148,Port:65535,0,1773303502,468824161,Missing,,,,,,,,,0
4,,364674154,Port:1,0,1773303502,568824161,50000000,Enabled,0.595698,0.0765927,-0.738532,0.306346,-46.2612,171.004,-1847.69,0.195662,4,OK,-46.19,170.9,-1847.52,OK,-94.2852,171.553,-1862.42,OK,-119.5,123.254,-1856.62,OK,-58.7104,113.566,-1835.92,,364674154,Port:2,0,1773303502,568824161,Enabled,0.91651,0.0219169,0.0381206,0.397587,-107.337,261.629,-1642.27,0.144876,3,OK,-107.17,261.71,-1642.28,OK,-146.584,228.777,-1639.16,OK,-153.329,304.805,-1637.81,,364674154,Port:3,0,1773303502,568824161,Missing,,,,,,,,,4,Missing,,,,Missing,,,,Missing,,,,Missing,,,,,364674154,Port:65535,0,1773303502,568824161,Missing,,,,,,,,,0
4,,364674157,Port:1,0,1773303502,618824161,50000000,Enabled,0.593887,0.0785211,-0.739066,0.308083,-47.7923,171.443,-1846.53,0.194614,4,OK,-47.7169,171.349,-1846.37,OK,-95.8086,171.722,-1861.36,OK,-120.718,123.278,-1855.66,OK,-59.9128,113.894,-1834.77,,364674157,Port:2,0,1773303502,618824161,Enabled,0.916479,0.0217092,0.038686,0.397615,-107.342,261.631,-1642.3,0.150447,3,OK,-107.168,261.714,-1642.31,OK,-146.587,228.772,-1639.12,OK,-153.337,304.808,-1637.83,,364674157,Port:3,0,1773303502,618824161,Missing,,,,,,,,,4,Missing,,,,Missing,,,,Missing,,,,Missing,,,,,364674157,Port:65535,0,1773303502,618824161,Missing,,,,,,,,,0
4,,364674160,Port:1,0,1773303502,668824161,50000000,Enabled,0.594064,0.0840652,-0.738638,0.307304,-49.2582,171.677,-1844.93,0.174623,4,OK,-49.1804,171.576,-1844.79,OK,-97.3242,171.701,-1859.51,OK,-121.892,123.05,-1854.14,OK,-60.9099,113.982,-1833.54,,364674160,Port:2,0,1773303502,668824161,Enabled,0.916475,0.0220691,0.0387713,0.397596,-107.342,261.632,-1642.31,0.146992,3,OK,-107.171,261.711,-1642.33,OK,-146.583,228.776,-1639.14,OK,-153.333,304.809,-1637.8,,364674160,Port:3,0,1773303502,668824161,Missing,,,,,,,,,4,Missing,,,,Missing,,,,Missing,,,,Missing,,,,,364674160,Port:65535,0,1773303502,668824161,Missing,,,,,,,,,0
4,,364674163,Port:1,0,1773303502,718824161,100000000,Enabled,0.594808,0.0888894,-0.73713,0.308126,-50.6036,171.649,-1843.65,0.165317,4,OK,-50.5278,171.557,-1843.52,OK,-98.7326,171.343,-1857.96,OK,-122.887,122.466,-1852.61,OK,-61.7654,113.831,-1832.41,,364674163,Port:2,0,1773303502,718824161,Enabled,0.91648,0.0218412,0.0384082,0.397634,-107.341,261.629,-1642.28,0.148052,3,OK,-107.173,261.713,-1642.3,OK,-146.584,228.766,-1639.14,OK,-153.335,304.803,-1637.82,,364674163,Port:3,0,1773303502,718824161,Missing,,,,,,,,,4,Missing,,,,Missing,,,,Missing,,,,Missing,,,,,364674163,Port:65535,0,1773303502,718824161,Missing,,,,,,,,,0
4,,364674169,Port:1,0,1773303502,818824161,50000000,Enabled,0.597339,0.103313,-0.732437,0.309917,-54.1478,171.024,-1840.11,0.176244,4,OK,-54.074,170.924,-1839.97,OK,-102.508,169.779,-1853.58,OK,-125.445,120.315,-1848.33,OK,-63.7984,112.851,-1829.35,,364674169,Port:2,0,1773303502,818824161,Enabled,0.916461,0.0223234,0.0389741,0.397596,-107.342,261.63,-1642.31,0.148879,3,OK,-107.171,261.714,-1642.32,OK,-146.585,228.772,-1639.12,OK,-153.328,304.801,-1637.76,,364674169,Port:3,0,1773303502,818824161,Missing,,,,,,,,,4,Missing,,,,Missing,,,,Missing,,,,Missing,,,,,364674169,Port:65535,0,1773303502,818824161,Missing,,,,,,,,,0
4,,364674172,Port:1,0,1773303502,868824161,50000000,Enabled,0.598432,0.113504,-0.729476,0.311224,-56.713,170.498,-1837.97,0.197586,4,OK,-56.6383,170.393,-1837.79,OK,-105.185,168.563,-1850.95,OK,-127.266,118.685,-1845.78,OK,-65.2874,112.103,-1827.61,,364674172,Port:2,0,1773303502,868824161,Enabled,0.916486,0.0216372,0.0386329,0.397609,-107.344,261.635,-1642.31,0.14645,3,OK,-107.179,261.718,-1642.32,OK,-146.585,228.774,-1639.13,OK,-153.336,304.815,-1637.86,,364674172,Port:3,0,1773303502,868824161,Missing,,,,,,,,,4,Missing,,,,Missing,,,,Missing,,,,Missing,,,,,364674172,Port:65535,0,1773303502,868824161,Missing,,,,,,,,,0
4,,364674175,Port:1,0,1773303502,918824161,50000000,Enabled,0.600348,0.123767,-0.725597,0.312688,-59.3334,170.021,-1835.75,0.167483,4,OK,-59.2535,169.922,-1835.61,OK,-107.93,167.381,-1848.05,OK,-129.149,117.105,-1843.04,OK,-66.7987,111.419,-1825.68,,364674175,Port:2,0,1773303502,918824161,Enabled,0.916475,0.0218552,0.0385919,0.397627,-107.337,261.631,-1642.28,0.151238,3,OK,-107.164,261.718,-1642.3,OK,-146.582,228.768,-1639.12,OK,-153.329,304.806,-1637.81,,364674175,Port:3,0,1773303502,918824161,Missing,,,,,,,,,4,Missing,,,,Missing,,,,Missing,,,,Missing,,,,,364674175,Port:65535,0,1773303502,918824161,Missing,,,,,,,,,0
4,,364674178,Port:1,0,1773303502,968824161,100000000,Enabled,0.602251,0.13464,-0.721682,0.313594,-62.061,169.542,-1833.53,0.153194,4,OK,-61.9756,169.442,-1833.42,OK,-110.78,166.196,-1845.13,OK,-131.083,115.534,-1840.33,OK,-68.4103,110.737,-1823.85,,364674178,Port:2,0,1773303502,968824161,Enabled,0.916509,0.0218703,0.0381016,0.397594,-107.339,261.635,-1642.27,0.146728,3,OK,-107.171,261.717,-1642.29,OK,-146.587,228.78,-1639.16,OK,-153.332,304.812,-1637.82,,364674178,Port:3,0,1773303502,968824161,Missing,,,,,,,,,4,Missing,,,,Missing,,,,Missing,,,,Missing,,,,,364674178,Port:65535,0,1773303502,968824161,Missing,,,,,,,,,0
4,,364674184,Port:1,0,1773303503,68824161,50000000,Enabled,0.605066,0.153805,-0.714033,0.316854,-66.9565,168.382,-1830.03,0.15779,4,OK,-66.8773,168.285,-1829.91,OK,-115.796,163.614,-1840.52,OK,-134.369,112.279,-1835.86,OK,-71.2142,109.295,-1821.01,,364674184,Port:2,0,1773303503,68824161,Enabled,0.916481,0.0222477,0.0386708,0.397583,-107.343,261.633,-1642.34,0.14827,3,OK,-107.169,261.713,-1642.36,OK,-146.588,228.78,-1639.19,OK,-153.332,304.808,-1637.82,,364674184,Port:3,0,1773303503,68824161,Missing,,,,,,,,,4,Missing,,,,Missing,,,,Missing,,,,Missing,,,,,364674184,Port:65535,0,1773303503,68824161,Missing,,,,,,,,,0
4,,364674187,Port:1,0,1773303503,118824161,50000000,Enabled,0.607779,0.163168,-0.709783,0.316526,-68.6663,167.902,-1827.98,0.142635,4,OK,-68.5703,167.807,-1827.9,OK,-117.598,162.589,-1837.72,OK,-135.455,111.004,-1833.3,OK,-72.0563,108.708,-1819.36,,364674187,Port:2,0,1773303503,118824161,Enabled,0.916513,0.0217586,0.0382901,0.397574,-107.34,261.638,-1642.29,0.144956,3,OK,-107.175,261.719,-1642.31,OK,-146.585,228.782,-1639.16,OK,-153.33,304.82,-1637.84,,364674187,Port:3,0,1773303503,118824161,Missing,,,,,,,,,4,Missing,,,,Missing,,,,Missing,,,,Missing,,,,,364674187,Port:65535,0,1773303503,118824161,Missing,,,,,,,,,0
4,,364674190,Port:1,0,1773303503,168824161,100000006,Enabled,0.608668,0.170076,-0.707087,0.317215,-70.215,167.483,-1826.13,0.152276,4,OK,-70.1109,167.385,-1826.04,OK,-119.183,161.693,-1835.49,OK,-136.43,109.884,-1831.17,OK,-72.8653,108.206,-1817.81,,364674190,Port:2,0,1773303503,168824161,Enabled,0.916469,0.0216849,0.0387425,0.397635,-107.342,261.633,-1642.32,0.149485,3,OK,-107.173,261.718,-1642.34,OK,-146.582,228.767,-1639.14,OK,-153.336,304.813,-1637.86,,364674190,Port:3,0,1773303503,168824161,Missing,,,,,,,,,4,Missing,,,,Missing,,,,Missing,,,,Missing,,,,,364674190,Port:65535,0,1773303503,168824161,Missing,,,,,,,,,0
4,,364674196,Port:1,0,1773303503,268824167,50000000,Enabled,0.611699,0.18155,-0.701834,0.31669,-72.81,166.938,-1822.43,0.133737,4,OK,-72.7107,166.848,-1822.37,OK,-121.827,160.481,-1830.93,OK,-138.207,108.364,-1826.9,OK,-74.4166,107.546,-1814.67,,364674196,Port:2,0,1773303503,268824167,Enabled,0.916501,0.0218567,0.0383152,0.397593,-107.339,261.636,-1642.27,0.145878,3,OK,-107.17,261.715,-1642.29,OK,-146.584,228.783,-1639.14,OK,-153.333,304.814,-1637.81,,364674196,Port:3,0,1773303503,268824167,Missing,,,,,,,,,4,Missing,,,,Missing,,,,Missing,,,,Missing,,,,,364674196,Port:65535,0,1773303503,268824167,Missing,,,,,,,,,0
4,,364674199,Port:1,0,1773303503,318824167,50000000,Enabled,0.614836,0.190462,-0.697593,0.314747,-74.2587,166.592,-1820.08,0.149589,4,OK,-74.1602,166.5,-1819.98,OK,-123.315,159.732,-1827.92,OK,-139.154,107.416,-1824.05,OK,-75.192,107.138,-1812.92,,364674199,Port:2,0,1773303503,318824167,Enabled,0.916478,0.0219291,0.0383246,0.397642,-107.341,261.634,-1642.29,0.149573,3,OK,-107.166,261.715,-1642.31,OK,-146.585,228.774,-1639.16,OK,-153.34,304.808,-1637.82,,364674199,Port:3,0,1773303503,318824167,Missing,,,,,,,,,4,Missing,,,,Missing,,,,Missing,,,,Missing,,,,,364674199,Port:65535,0,1773303503,318824167,Missing,,,,,,,,,0
4,,364674202,Port:1,0,1773303503,368824167,100000000,Enabled,0.615413,0.198028,-0.69492,0.314861,-75.9283,166.086,-1817.51,0.139532,4,OK,-75.8205,165.981,-1817.46,OK,-124.986,158.719,-1824.9,OK,-140.19,106.214,-1821.39,OK,-76.11,106.584,-1810.73,,364674202,Port:2,0,1773303503,368824167,Enabled,0.916486,0.0219981,0.0385178,0.397599,-107.345,261.637,-1642.31,0.146526,3,OK,-107.177,261.719,-1642.32,OK,-146.588,228.779,-1639.16,OK,-153.335,304.815,-1637.82,,364674202,Port:3,0,1773303503,368824167,Missing,,,,,,,,,4,Missing,,,,Missing,,,,Missing,,,,Missing,,,,,364674202,Port:65535,0,1773303503,368824167,Missing,,,,,,,,,0
4,,364674208,Port:1,0,1773303503,468824167,50000000,Enabled,0.620234,0.22067,-0.683207,0.315978,-80.2872,163.791,-1811.24,0.145305,4,OK,-80.176,163.697,-1811.15,OK,-129.3,154.864,-1817.1,OK,-142.565,101.788,-1813.91,OK,-78.1914,104.199,-1805.54,,364674208,Port:2,0,1773303503,468824167,Enabled,0.91647,0.0219592,0.038778,0.397615,-107.345,261.637,-1642.32,0.145656,3,OK,-107.176,261.719,-1642.33,OK,-146.584,228.782,-1639.14,OK,-153.336,304.81,-1637.82,,364674208,Port:3,0,1773303503,468824167,Missing,,,,,,,,,4,Missing,,,,Missing,,,,Missing,,,,Missing,,,,,364674208,Port:65535,0,1773303503,468824167,Missing,,,,,,,,,0
4,,364674211,Port:1,0,1773303503,518824167,50000000,Enabled,0.621614,0.23332,-0.677369,0.316747,-82.4352,162.154,-1807.79,0.164332,4,OK,-82.324,162.056,-1807.67,OK,-131.353,152.308,-1812.97,OK,-143.505,98.9492,-1810.04,OK,-79.0584,102.563,-1802.78,,364674211,Port:2,0,1773303503,518824167,Enabled,0.916464,0.0222199,0.0384339,0.397646,-107.344,261.64,-1642.3,0.14982,3,OK,-107.171,261.725,-1642.31,OK,-146.589,228.781,-1639.16,OK,-153.338,304.804,-1637.79,,364674211,Port:3,0,1773303503,518824167,Missing,,,,,,,,,4,Missing,,,,Missing,,,,Missing,,,,Missing,,,,,364674211,Port:65535,0,1773303503,518824167,Missing,,,,,,,,,0
4,,364674214,Port:1,0,1773303503,568824167,50000000,Enabled,0.624125,0.246109,-0.670431,0.316892,-84.338,160.426,-1804.16,0.133102,4,OK,-84.2298,160.327,-1804.12,OK,-133.146,149.686,-1808.37,OK,-144.226,96.0888,-1805.91,OK,-79.7267,100.866,-1799.77,,364674214,Port:2,0,1773303503,568824167,Enabled,0.916499,0.0220411,0.0385226,0.397566,-107.342,261.639,-1642.31,0.145723,3,OK,-107.171,261.717,-1642.32,OK,-146.587,228.791,-1639.16,OK,-153.332,304.815,-1637.81,,364674214,Port:3,0,1773303503,568824167,Missing,,,,,,,,,4,Missing,,,,Missing,,,,Missing,,,,Missing,,,,,364674214,Port:65535,0,1773303503,568824167,Missing,,,,,,,,,0
4,,364674217,Port:1,0,1773303503,618824167,50000000,Enabled,0.625922,0.258299,-0.664001,0.317184,-86.2988,158.65,-1800.73,0.130682,4,OK,-86.192,158.545,-1800.7,OK,-134.96,147.039,-1804.17,OK,-145.001,93.2124,-1802.06,OK,-80.4993,99.1553,-1797.02,,364674217,Port:2,0,1773303503,618824167,Enabled,0.916448,0.0223554,0.0387319,0.397648,-107.344,261.641,-1642.33,0.151639,3,OK,-107.171,261.731,-1642.34,OK,-146.589,228.778,-1639.16,OK,-153.332,304.802,-1637.79,,364674217,Port:3,0,1773303503,618824167,Missing,,,,,,,,,4,Missing,,,,Missing,,,,Missing,,,,Missing,,,,,364674217,Port:65535,0,1773303503,618824167,Missing,,,,,,,,,0
4,,364674220,Port:1,0,1773303503,668824167,100000000,Enabled,0.627962,0.273475,-0.654936,0.319272,-88.9393,156.427,-1797.23,0.152905,4,OK,-88.8221,156.326,-1797.14,OK,-137.359,143.587,-1799.77,OK,-145.94,89.4745,-1797.82,OK,-81.4973,97.0694,-1794.28,,364674220,Port:2,0,1773303503,668824167,Enabled,0.9165,0.0214973,0.0384994,0.397597,-107.342,261.637,-1642.28,0.147931,3,OK,-107.174,261.719,-1642.3,OK,-146.585,228.776,-1639.12,OK,-153.336,304.822,-1637.86,,364674220,Port:3,0,1773303503,668824167,Missing,,,,,,,,,4,Missing,,,,Missing,,,,Missing,,,,Missing,,,,,364674220,Port:65535,0,1773303503,668824167,Missing,,,,,,,,,0
4,,364674226,Port:1,0,1773303503,768824167,50000000,Enabled,0.629591,0.302634,-0.638949,0.322137,-93.9284,151.585,-1790.19,0.133216,4,OK,-93.814,151.489,-1790.22,OK,-141.707,136.388,-1791.01,OK,-147.569,81.9063,-1790.2,OK,-83.4641,92.6277,-1788.79,,364674226,Port:2,0,1773303503,768824167,Enabled,0.916518,0.0216378,0.0382222,0.397575,-107.34,261.626,-1642.24,0.150508,3,OK,-107.167,261.711,-1642.26,OK,-146.591,228.77,-1639.11,OK,-153.333,304.807,-1637.81,,364674226,Port:3,0,1773303503,768824167,Missing,,,,,,,,,4,Missing,,,,Missing,,,,Missing,,,,Missing,,,,,364674226,Port:65535,0,1773303503,768824167,Missing,,,,,,,,,0
4,,364674229,Port:1,0,1773303503,818824167,50000000,Enabled,0.630614,0.316065,-0.63069,0.32351,-95.8714,149.103,-1786.71,0.136818,4,OK,-95.7449,149.004,-1786.67,OK,-143.303,132.814,-1786.83,OK,-147.877,78.1834,-1786.27,OK,-84.0195,90.4022,-1786.13,,364674229,Port:2,0,1773303503,818824167,Enabled,0.916478,0.0221332,0.0386953,0.397595,-107.344,261.639,-1642.32,0.143051,3,OK,-107.181,261.722,-1642.33,OK,-146.584,228.785,-1639.15,OK,-153.33,304.812,-1637.8,,364674229,Port:3,0,1773303503,818824167,Missing,,,,,,,,,4,Missing,,,,Missing,,,,Missing,,,,Missing,,,,,364674229,Port:65535,0,1773303503,818824167,Missing,,,,,,,,,0
4,,364674232,Port:1,0,1773303503,868824167,50000000,Enabled,0.631683,0.32732,-0.623453,0.32426,-97.4293,146.848,-1783.77,0.132786,4,OK,-97.3093,146.752,-1783.79,OK,-144.522,129.644,-1783.14,OK,-148.063,74.9594,-1783.05,OK,-84.4678,88.3848,-1783.83,,364674232,Port:2,0,1773303503,868824167,Enabled,0.916478,0.0219189,0.0388543,0.39759,-107.346,261.64,-1642.32,0.147471,3,OK,-107.178,261.724,-1642.33,OK,-146.588,228.781,-1639.13,OK,-153.333,304.818,-1637.82,,364674232,Port:3,0,1773303503,868824167,Missing,,,,,,,,,4,Missing,,,,Missing,,,,Missing,,,,Missing,,,,,364674232,Port:65535,0,1773303503,868824167,Missing,,,,,,,,,0
4,,364674235,Port:1,0,1773303503,918824167,100000000,Enabled,0.632433,0.338399,-0.616354,0.324995,-98.8992,144.73,-1780.89,0.129508,4,OK,-98.78,144.631,-1780.92,OK,-145.65,126.652,-1779.62,OK,-148.157,71.8785,-1779.93,OK,-84.8261,86.5238,-1781.64,,364674235,Port:2,0,1773303503,918824167,Enabled,0.916509,0.0219895,0.0381096,0.397588,-107.344,261.632,-1642.27,0.145997,3,OK,-107.176,261.715,-1642.28,OK,-146.591,228.777,-1639.16,OK,-153.334,304.808,-1637.8,,364674235,Port:3,0,1773303503,918824167,Missing,,,,,,,,,4,Missing,,,,Missing,,,,Missing,,,,Missing,,,,,364674235,Port:65535,0,1773303503,918824167,Missing,,,,,,,,,0
4,,364674241,Port:1,0,1773303504,18824167,50000000,Enabled,0.634425,0.356027,-0.60439,0.324749,-101.04,141.772,-1776.35,0.131729,4,OK,-100.927,141.67,-1776.4,OK,-147.195,122.356,-1773.96,OK,-148.195,67.5446,-1774.98,OK,-85.3677,84.0124,-1778.3,,364674241,Port:2,0,1773303504,18824167,Enabled,0.916504,0.0220722,0.038064,0.397599,-107.344,261.638,-1642.27,0.139728,3,OK,-107.181,261.712,-1642.29,OK,-146.583,228.787,-1639.17,OK,-153.338,304.816,-1637.8,,364674241,Port:3,0,1773303504,18824167,Missing,,,,,,,,,4,Missing,,,,Missing,,,,Missing,,,,Missing,,,,,364674241,Port:65535,0,1773303504,18824167,Missing,,,,,,,,,0
4,,364674244,Port:1,0,1773303504,68824167,50000000,Enabled,0.635388,0.361845,-0.599739,0.325059,-101.64,140.73,-1774.35,0.128858,4,OK,-101.518,140.628,-1774.38,OK,-147.578,120.848,-1771.55,OK,-148.022,66.0142,-1772.71,OK,-85.408,83.1377,-1776.67,,364674244,Port:2,0,1773303504,68824167,Enabled,0.916534,0.0218184,0.0379134,0.397559,-107.341,261.627,-1642.27,0.143202,3,OK,-107.176,261.707,-1642.28,OK,-146.588,228.776,-1639.17,OK,-153.33,304.808,-1637.83,,364674244,Port:3,0,1773303504,68824167,Missing,,,,,,,,,4,Missing,,,,Missing,,,,Missing,,,,Missing,,,,,364674244,Port:65535,0,1773303504,68824167,Missing,,,,,,,,,0
4,,364674247,Port:1,0,1773303504,118824167,50000000,Enabled,0.637086,0.367918,-0.594341,0.324831,-102.184,139.64,-1772.7,0.137054,4,OK,-102.066,139.552,-1772.77,OK,-147.876,119.293,-1769.32,OK,-147.819,64.4667,-1770.74,OK,-85.4167,82.2135,-1775.39,,364674247,Port:2,0,1773303504,118824167,Enabled,0.916521,0.0222916,0.0378862,0.397564,-107.341,261.635,-1642.28,0.142103,3,OK,-107.174,261.711,-1642.3,OK,-146.588,228.788,-1639.2,OK,-153.332,304.81,-1637.79,,364674247,Port:3,0,1773303504,118824167,Missing,,,,,,,,,4,Missing,,,,Missing,,,,Missing,,,,Missing,,,,,364674247,Port:65535,0,1773303504,118824167,Missing,,,,,,,,,0
4,,364674250,Port:1,0,1773303504,168824167,99999999,Enabled,0.638539,0.375312,-0.587908,0.325226,-102.909,138.206,-1770.86,0.138034,4,OK,-102.775,138.116,-1770.92,OK,-148.296,117.253,-1766.93,OK,-147.519,62.4302,-1768.52,OK,-85.4392,81.0191,-1774.03,,364674250,Port:2,0,1773303504,168824167,Enabled,0.916526,0.0216156,0.0381311,0.397566,-107.342,261.635,-1642.28,0.145421,3,OK,-107.174,261.713,-1642.29,OK,-146.588,228.78,-1639.15,OK,-153.335,304.822,-1637.85,,364674250,Port:3,0,1773303504,168824167,Missing,,,,,,,,,4,Missing,,,,Missing,,,,Missing,,,,Missing,,,,,364674250,Port:65535,0,1773303504,168824167,Missing,,,,,,,,,0
4,,364674256,Port:1,0,1773303504,268824166,50000000,Enabled,0.638976,0.391672,-0.576394,0.325689,-104.447,134.482,-1766.46,0.15281,4,OK,-104.322,134.386,-1766.56,OK,-149.098,112.204,-1761.6,OK,-146.841,57.4535,-1764,OK,-85.473,77.8619,-1770.78,,364674256,Port:2,0,1773303504,268824166,Enabled,0.916462,0.0221109,0.038856,0.397617,-107.349,261.644,-1642.32,0.143756,3,OK,-107.183,261.724,-1642.33,OK,-146.586,228.789,-1639.14,OK,-153.338,304.814,-1637.8,,364674256,Port:3,0,1773303504,268824166,Missing,,,,,,,,,4,Missing,,,,Missing,,,,Missing,,,,Missing,,,,,364674256,Port:65535,0,1773303504,268824166,Missing,,,,,,,,,0
4,,364674259,Port:1,0,1773303504,318824166,50000000,Enabled,0.639152,0.398022,-0.571782,0.325773,-104.789,132.574,-1764.59,0.144889,4,OK,-104.668,132.476,-1764.67,OK,-149.15,109.793,-1759.41,OK,-146.323,55.0738,-1762.06,OK,-85.2237,76.1855,-1769.39,,364674259,Port:2,0,1773303504,318824166,Enabled,0.916535,0.0219642,0.0375842,0.397578,-107.335,261.636,-1642.24,0.143596,3,OK,-107.166,261.712,-1642.26,OK,-146.585,228.789,-1639.18,OK,-153.331,304.813,-1637.81,,364674259,Port:3,0,1773303504,318824166,Missing,,,,,,,,,4,Missing,,,,Missing,,,,Missing,,,,Missing,,,,,364674259,Port:65535,0,1773303504,318824166,Missing,,,,,,,,,0
4,,364674262,Port:1,0,1773303504,368824166,50000000,Enabled,0.639309,0.403672,-0.56764,0.325758,-105.002,130.737,-1762.76,0.140131,4,OK,-104.867,130.648,-1762.83,OK,-149.096,107.504,-1757.3,OK,-145.759,52.8202,-1760.18,OK,-84.9554,74.567,-1768,,364674262,Port:2,0,1773303504,368824166,Enabled,0.916476,0.0217449,0.038724,0.397616,-107.339,261.631,-1642.29,0.150311,3,OK,-107.167,261.715,-1642.3,OK,-146.583,228.77,-1639.11,OK,-153.333,304.808,-1637.82,,364674262,Port:3,0,1773303504,368824166,Missing,,,,,,,,,4,Missing,,,,Missing,,,,Missing,,,,Missing,,,,,364674262,Port:65535,0,1773303504,368824166,Missing,,,,,,,,,0
4,,364674265,Port:1,0,1773303504,418824166,100000000,Enabled,0.640218,0.4125,-0.559821,0.326443,-105.718,128.65,-1760.63,0.171458,4,OK,-105.586,128.568,-1760.77,OK,-149.315,104.661,-1754.49,OK,-145.14,50.0467,-1757.82,OK,-84.8272,72.8487,-1766.42,,364674265,Port:2,0,1773303504,418824166,Enabled,0.916495,0.0219077,0.0383128,0.397604,-107.341,261.637,-1642.26,0.146739,3,OK,-107.171,261.718,-1642.27,OK,-146.586,228.783,-1639.12,OK,-153.334,304.811,-1637.79,,364674265,Port:3,0,1773303504,418824166,Missing,,,,,,,,,4,Missing,,,,Missing,,,,Missing,,,,Missing,,,,,364674265,Port:65535,0,1773303504,418824166,Missing,,,,,,,,,0
4,,364674271,Port:1,0,1773303504,518824166,50000000,Enabled,0.639724,0.429581,-0.546215,0.328425,-107.532,124.16,-1756.59,0.163008,4,OK,-107.404,124.072,-1756.72,OK,-150.139,98.6767,-1749.61,OK,-144.249,44.2549,-1753.65,OK,-84.9607,69.1564,-1763.59,,364674271,Port:2,0,1773303504,518824166,Enabled,0.916508,0.0218946,0.0381999,0.397586,-107.339,261.634,-1642.27,0.148635,3,OK,-107.166,261.719,-1642.28,OK,-146.589,228.783,-1639.15,OK,-153.33,304.806,-1637.81,,364674271,Port:3,0,1773303504,518824166,Missing,,,,,,,,,4,Missing,,,,Missing,,,,Missing,,,,Missing,,,,,364674271,Port:65535,0,1773303504,518824166,Missing,,,,,,,,,0
4,,364674274,Port:1,0,1773303504,568824166,50000000,Enabled,0.639436,0.435641,-0.541898,0.328155,-107.727,122.271,-1754.88,0.21049,4,OK,-107.599,122.197,-1755.08,OK,-150.009,96.3118,-1747.56,OK,-143.601,41.9841,-1752.1,OK,-84.6631,67.5295,-1762.34,,364674274,Port:2,0,1773303504,568824166,Enabled,0.916503,0.0219026,0.0380729,0.397609,-107.341,261.637,-1642.26,0.144015,3,OK,-107.174,261.715,-1642.28,OK,-146.584,228.783,-1639.15,OK,-153.337,304.815,-1637.81,,364674274,Port:3,0,1773303504,568824166,Missing,,,,,,,,,4,Missing,,,,Missing,,,,Missing,,,,Missing,,,,,364674274,Port:65535,0,1773303504,568824166,Missing,,,,,,,,,0
4,,364674277,Port:1,0,1773303504,618824166,50000000,Enabled,0.639647,0.44157,-0.536851,0.328114,-107.782,120.409,-1753.28,0.186965,4,OK,-107.651,120.322,-1753.44,OK,-149.701,93.9626,-1745.67,OK,-142.777,39.7418,-1750.42,OK,-84.224,65.9659,-1761.24,,364674277,Port:2,0,1773303504,618824166,Enabled,0.916483,0.0219274,0.0384633,0.397617,-107.344,261.641,-1642.31,0.144758,3,OK,-107.178,261.723,-1642.33,OK,-146.586,228.785,-1639.17,OK,-153.335,304.812,-1637.84,,364674277,Port:3,0,1773303504,618824166,Missing,,,,,,,,,4,Missing,,,,Missing,,,,Missing,,,,Missing,,,,,364674277,Port:65535,0,1773303504,618824166,Missing,,,,,,,,,0
4,,364674280,Port:1,0,1773303504,668824166,100000000,Enabled,0.639773,0.450417,-0.528974,0.328636,-108.377,118.05,-1751.1,0.185011,4,OK,-108.241,117.963,-1751.26,OK,-149.734,90.8645,-1742.99,OK,-141.935,36.7759,-1748.15,OK,-84.0223,64.0552,-1759.74,,364674280,Port:2,0,1773303504,668824166,Enabled,0.916502,0.0216376,0.0382261,0.39761,-107.336,261.631,-1642.24,0.142885,3,OK,-107.169,261.708,-1642.26,OK,-146.576,228.778,-1639.11,OK,-153.332,304.81,-1637.81,,364674280,Port:3,0,1773303504,668824166,Missing,,,,,,,,,4,Missing,,,,Missing,,,,Missing,,,,Missing,,,,,364674280,Port:65535,0,1773303504,668824166,Missing,,,,,,,,,0
4,,364674286,Port:1,0,1773303504,768824166,50000000,Enabled,0.63811,0.476903,-0.504882,0.332375,-110.466,110.833,-1745.16,0.203536,4,OK,-110.344,110.762,-1745.36,OK,-149.863,81.2713,-1735.71,OK,-139.335,27.7692,-1742.17,OK,-83.5444,58.4092,-1755.71,,364674286,Port:2,0,1773303504,768824166,Enabled,0.916504,0.021655,0.0383724,0.397591,-107.343,261.637,-1642.3,0.146774,3,OK,-107.173,261.717,-1642.31,OK,-146.586,228.78,-1639.15,OK,-153.337,304.821,-1637.86,,364674286,Port:3,0,1773303504,768824166,Missing,,,,,,,,,4,Missing,,,,Missing,,,,Missing,,,,Missing,,,,,364674286,Port:65535,0,1773303504,768824166,Missing,,,,,,,,,0
4,,364674289,Port:1,0,1773303504,818824166,50000000,Enabled,0.637296,0.491087,-0.491434,0.333437,-110.839,106.476,-1741.42,0.203195,4,OK,-110.708,106.407,-1741.61,OK,-149.115,75.6878,-1731.29,OK,-137.212,22.5852,-1738.48,OK,-82.6945,54.9631,-1753.12,,364674289,Port:2,0,1773303504,818824166,Enabled,0.916464,0.0220417,0.0385939,0.39764,-107.341,261.634,-1642.3,0.150262,3,OK,-107.168,261.72,-1642.31,OK,-146.584,228.772,-1639.14,OK,-153.334,304.805,-1637.8,,364674289,Port:3,0,1773303504,818824166,Missing,,,,,,,,,4,Missing,,,,Missing,,,,Missing,,,,Missing,,,,,364674289,Port:65535,0,1773303504,818824166,Missing,,,,,,,,,0
4,,364674292,Port:1,0,1773303504,868824166,50000000,Enabled,0.636278,0.504336,-0.479299,0.333268,-110.753,102.294,-1737.86,0.212417,4,OK,-110.615,102.223,-1738.07,OK,-148.003,70.4499,-1727.14,OK,-134.928,17.7191,-1735.16,OK,-81.589,51.6465,-1750.74,,364674292,Port:2,0,1773303504,868824166,Enabled,0.916481,0.0221601,0.0386253,0.397593,-107.343,261.635,-1642.3,0.149215,3,OK,-107.171,261.72,-1642.31,OK,-146.59,228.78,-1639.14,OK,-153.332,304.807,-1637.79,,364674292,Port:3,0,1773303504,868824166,Missing,,,,,,,,,4,Missing,,,,Missing,,,,Missing,,,,Missing,,,,,364674292,Port:65535,0,1773303504,868824166,Missing,,,,,,,,,0
4,,364674295,Port:1,0,1773303504,918824166,100000000,Enabled,0.635477,0.516319,-0.467572,0.333107,-110.327,98.5108,-1734.56,0.23008,4,OK,-110.19,98.4461,-1734.8,OK,-146.574,65.706,-1723.27,OK,-132.426,13.3724,-1732.09,OK,-80.2764,48.6665,-1748.51,,364674295,Port:2,0,1773303504,918824166,Enabled,0.916475,0.0222872,0.0386584,0.397596,-107.342,261.637,-1642.3,0.147283,3,OK,-107.173,261.722,-1642.31,OK,-146.586,228.78,-1639.14,OK,-153.327,304.808,-1637.77,,364674295,Port:3,0,1773303504,918824166,Missing,,,,,,,,,4,Missing,,,,Missing,,,,Missing,,,,Missing,,,,,364674295,Port:65535,0,1773303504,918824166,Missing,,,,,,,,,0
4,,364674301,Port:1,0,1773303505,18824166,50000000,Enabled,0.633508,0.539197,-0.443833,0.333086,-109.504,91.6078,-1728.87,0.21097,4,OK,-109.356,91.546,-1729.08,OK,-143.663,56.9625,-1716.6,OK,-127.457,5.48065,-1726.8,OK,-77.8011,43.4646,-1744.94,,364674301,Port:2,0,1773303505,18824166,Enabled,0.916509,0.0218531,0.0381028,0.397595,-107.34,261.636,-1642.26,0.14542,3,OK,-107.172,261.715,-1642.27,OK,-146.586,228.782,-1639.15,OK,-153.334,304.813,-1637.81,,364674301,Port:3,0,1773303505,18824166,Missing,,,,,,,,,4,Missing,,,,Missing,,,,Missing,,,,Missing,,,,,364674301,Port:65535,0,1773303505,18824166,Missing,,,,,,,,,0
4,,364674304,Port:1,0,1773303505,68824166,50000000,Enabled,0.632777,0.547351,-0.435206,0.332559,-109.003,89.1302,-1726.8,0.20941,4,OK,-108.866,89.0739,-1727.01,OK,-142.395,53.8701,-1714.17,OK,-125.512,2.70518,-1724.95,OK,-76.7682,41.5984,-1743.67,,364674304,Port:2,0,1773303505,68824166,Enabled,0.916475,0.0220941,0.0385366,0.397619,-107.34,261.629,-1642.28,0.149804,3,OK,-107.165,261.71,-1642.29,OK,-146.585,228.772,-1639.13,OK,-153.335,304.802,-1637.78,,364674304,Port:3,0,1773303505,68824166,Missing,,,,,,,,,4,Missing,,,,Missing,,,,Missing,,,,Missing,,,,,364674304,Port:65535,0,1773303505,68824166,Missing,,,,,,,,,0
4,,364674307,Port:1,0,1773303505,118824166,50000000,Enabled,0.632339,0.556107,-0.425829,0.331,-108.283,86.5774,-1724.35,0.239457,4,OK,-108.156,86.5166,-1724.61,OK,-140.833,50.6981,-1711.29,OK,-123.349,-0.102325,-1722.83,OK,-75.6351,39.6818,-1742.11,,364674307,Port:2,0,1773303505,118824166,Enabled,0.916483,0.0217604,0.0384535,0.397626,-107.341,261.63,-1642.28,0.147262,3,OK,-107.171,261.712,-1642.29,OK,-146.583,228.772,-1639.13,OK,-153.336,304.806,-1637.82,,364674307,Port:3,0,1773303505,118824166,Missing,,,,,,,,,4,Missing,,,,Missing,,,,Missing,,,,Missing,,,,,364674307,Port:65535,0,1773303505,118824166,Missing,,,,,,,,,0
4,,364674310,Port:1,0,1773303505,168824166,100000001,Enabled,0.630494,0.564592,-0.416667,0.331818,-108.248,83.8146,-1722.5,0.206802,4,OK,-108.112,83.7604,-1722.71,OK,-139.92,47.2308,-1709.23,OK,-121.583,-3.16562,-1721.24,OK,-74.9398,37.6811,-1741.07,,364674310,Port:2,0,1773303505,168824166,Enabled,0.916518,0.0216943,0.0381123,0.397582,-107.34,261.632,-1642.26,0.144721,3,OK,-107.171,261.707,-1642.27,OK,-146.584,228.778,-1639.14,OK,-153.337,304.819,-1637.83,,364674310,Port:3,0,1773303505,168824166,Missing,,,,,,,,,4,Missing,,,,Missing,,,,Missing,,,,Missing,,,,,364674310,Port:65535,0,1773303505,168824166,Missing,,,,,,,,,0
4,,364674316,Port:1,0,1773303505,268824167,50000000,Enabled,0.629009,0.576763,-0.402832,0.330784,-107.288,79.5191,-1719.13,0.220894,4,OK,-107.142,79.4698,-1719.36,OK,-137.689,42.0277,-1705.38,OK,-118.38,-7.79389,-1718.33,OK,-73.3053,34.4226,-1738.95,,364674316,Port:2,0,1773303505,268824167,Enabled,0.916471,0.0219608,0.038682,0.397622,-107.339,261.631,-1642.29,0.145992,3,OK,-107.17,261.712,-1642.3,OK,-146.579,228.774,-1639.12,OK,-153.331,304.803,-1637.79,,364674316,Port:3,0,1773303505,268824167,Missing,,,,,,,,,4,Missing,,,,Missing,,,,Missing,,,,Missing,,,,,364674316,Port:65535,0,1773303505,268824167,Missing,,,,,,,,,0
4,,364674319,Port:1,0,1773303505,318824167,50000000,Enabled,0.628157,0.581879,-0.395977,0.331719,-106.794,77.5485,-1717.65,0.269488,4,OK,-106.628,77.5038,-1717.94,OK,-136.514,39.5959,-1703.63,OK,-116.678,-9.91355,-1716.97,OK,-72.4363,32.9841,-1737.86,,364674319,Port:2,0,1773303505,318824167,Enabled,0.916475,0.0218067,0.0385881,0.397629,-107.339,261.635,-1642.29,0.14627,3,OK,-107.171,261.716,-1642.31,OK,-146.579,228.776,-1639.13,OK,-153.334,304.811,-1637.82,,364674319,Port:3,0,1773303505,318824167,Missing,,,,,,,,,4,Missing,,,,Missing,,,,Missing,,,,Missing,,,,,364674319,Port:65535,0,1773303505,318824167,Missing,,,,,,,,,0
4,,364674322,Port:1,0,1773303505,368824167,50000000,Enabled,0.626039,0.590847,-0.385837,0.33182,-106.414,74.9657,-1715.55,0.260494,4,OK,-106.265,74.9246,-1715.84,OK,-135.109,36.3293,-1701.3,OK,-114.494,-12.6788,-1715.33,OK,-71.5008,31.2387,-1736.66,,364674322,Port:2,0,1773303505,368824167,Enabled,0.916504,0.0221947,0.038036,0.397595,-107.347,261.634,-1642.28,0.14574,3,OK,-107.179,261.716,-1642.29,OK,-146.595,228.781,-1639.18,OK,-153.337,304.805,-1637.79,,364674322,Port:3,0,1773303505,368824167,Missing,,,,,,,,,4,Missing,,,,Missing,,,,Missing,,,,Missing,,,,,364674322,Port:65535,0,1773303505,368824167,Missing,,,,,,,,,0
4,,364674325,Port:1,0,1773303505,418824167,100000000,Enabled,0.624839,0.597612,-0.377525,0.331528,-105.924,72.595,-1713.69,0.262925,4,OK,-105.776,72.5363,-1713.98,OK,-133.83,33.4699,-1699.21,OK,-112.64,-15.1628,-1713.77,OK,-70.6363,29.5143,-1735.5,,364674325,Port:2,0,1773303505,418824167,Enabled,0.916488,0.0221234,0.038417,0.397598,-107.343,261.631,-1642.31,0.146692,3,OK,-107.175,261.715,-1642.32,OK,-146.588,228.775,-1639.17,OK,-153.332,304.805,-1637.81,,364674325,Port:3,0,1773303505,418824167,Missing,,,,,,,,,4,Missing,,,,Missing,,,,Missing,,,,Missing,,,,,364674325,Port:65535,0,1773303505,418824167,Missing,,,,,,,,,0
4,,364674331,Port:1,0,1773303505,518824167,50000000,Enabled,0.621523,0.615314,-0.353122,0.332269,-104.375,66.6955,-1709.37,0.255551,4,OK,-104.224,66.6448,-1709.65,OK,-129.902,26.2068,-1694.23,OK,-107.087,-21.2711,-1710.07,OK,-68.0456,25.4662,-1732.98,,364674331,Port:2,0,1773303505,518824167,Enabled,0.916487,0.0218826,0.0385413,0.397603,-107.342,261.627,-1642.28,0.147181,3,OK,-107.175,261.711,-1642.29,OK,-146.584,228.765,-1639.12,OK,-153.331,304.806,-1637.8,,364674331,Port:3,0,1773303505,518824167,Missing,,,,,,,,,4,Missing,,,,Missing,,,,Missing,,,,Missing,,,,,364674331,Port:65535,0,1773303505,518824167,Missing,,,,,,,,,0
4,,364674334,Port:1,0,1773303505,568824167,50000000,Enabled,0.6196,0.625484,-0.338435,0.332157,-103.217,63.3661,-1706.86,0.268176,4,OK,-103.068,63.3046,-1707.16,OK,-127.337,22.1602,-1691.32,OK,-103.619,-24.6454,-1708.01,OK,-66.3663,23.2363,-1731.57,,364674334,Port:2,0,1773303505,568824167,Enabled,0.91653,0.0219657,0.0378094,0.397568,-107.343,261.629,-1642.28,0.144908,3,OK,-107.175,261.709,-1642.29,OK,-146.592,228.777,-1639.19,OK,-153.334,304.809,-1637.83,,364674334,Port:3,0,1773303505,568824167,Missing,,,,,,,,,4,Missing,,,,Missing,,,,Missing,,,,Missing,,,,,364674334,Port:65535,0,1773303505,568824167,Missing,,,,,,,,,0
4,,364674337,Port:1,0,1773303505,618824167,50000000,Enabled,0.617673,0.633186,-0.328162,0.331458,-102.039,60.4995,-1704.67,0.284062,4,OK,-101.888,60.4302,-1704.99,OK,-125.132,18.7663,-1688.93,OK,-100.844,-27.4925,-1706.32,OK,-64.8837,21.206,-1730.24,,364674337,Port:2,0,1773303505,618824167,Enabled,0.916486,0.0218677,0.0383229,0.397626,-107.336,261.63,-1642.26,0.143091,3,OK,-107.169,261.709,-1642.27,OK,-146.576,228.777,-1639.12,OK,-153.331,304.803,-1637.8,,364674337,Port:3,0,1773303505,618824167,Missing,,,,,,,,,4,Missing,,,,Missing,,,,Missing,,,,Missing,,,,,364674337,Port:65535,0,1773303505,618824167,Missing,,,,,,,,,0
4,,364674340,Port:1,0,1773303505,668824167,100000000,Enabled,0.61567,0.637942,-0.322329,0.331791,-101.117,58.4339,-1703.22,0.27864,4,OK,-100.964,58.3682,-1703.54,OK,-123.534,16.361,-1687.49,OK,-98.8526,-29.5326,-1705.28,OK,-63.7413,19.7046,-1729.26,,364674340,Port:2,0,1773303505,668824167,Enabled,0.916493,0.0222019,0.0385032,0.397575,-107.346,261.633,-1642.3,0.147778,3,OK,-107.175,261.715,-1642.32,OK,-146.593,228.78,-1639.16,OK,-153.334,304.807,-1637.79,,364674340,Port:3,0,1773303505,668824167,Missing,,,,,,,,,4,Missing,,,,Missing,,,,Missing,,,,Missing,,,,,364674340,Port:65535,0,1773303505,668824167,Missing,,,,,,,,,0
4,,364674346,Port:1,0,1773303505,768824167,50000000,Enabled,0.614647,0.649148,-0.302136,0.330954,-99.0677,55.0308,-1700.4,0.301188,4,OK,-98.9166,54.9844,-1700.74,OK,-119.629,12.2112,-1684.01,OK,-94.0028,-32.8197,-1702.78,OK,-61.2795,17.5925,-1727.78,,364674346,Port:2,0,1773303505,768824167,Enabled,0.916508,0.0220108,0.0382484,0.397574,-107.336,261.631,-1642.27,0.147538,3,OK,-107.164,261.712,-1642.28,OK,-146.586,228.781,-1639.15,OK,-153.327,304.805,-1637.79,,364674346,Port:3,0,1773303505,768824167,Missing,,,,,,,,,4,Missing,,,,Missing,,,,Missing,,,,Missing,,,,,364674346,Port:65535,0,1773303505,768824167,Missing,,,,,,,,,0
4,,364674349,Port:1,0,1773303505,818824167,50000000,Enabled,0.613089,0.655838,-0.290156,0.331371,-97.9144,52.9089,-1698.63,0.275801,4,OK,-97.7495,52.8618,-1698.94,OK,-117.244,9.63838,-1682.04,OK,-91.0312,-34.8191,-1701.26,OK,-59.8889,16.3384,-1726.74,,364674349,Port:2,0,1773303505,818824167,Enabled,0.916538,0.0216479,0.0378044,0.397569,-107.337,261.625,-1642.21,0.142472,3,OK,-107.17,261.7,-1642.23,OK,-146.583,228.777,-1639.12,OK,-153.333,304.808,-1637.8,,364674349,Port:3,0,1773303505,818824167,Missing,,,,,,,,,4,Missing,,,,Missing,,,,Missing,,,,Missing,,,,,364674349,Port:65535,0,1773303505,818824167,Missing,,,,,,,,,0
4,,364674352,Port:1,0,1773303505,868824167,50000000,Enabled,0.611379,0.660912,-0.281747,0.331707,-96.8975,51.0823,-1697.37,0.273258,4,OK,-96.7493,51.0404,-1697.68,OK,-115.369,7.479,-1680.65,OK,-88.6898,-36.5253,-1700.34,OK,-58.6222,15.1773,-1726.08,,364674352,Port:2,0,1773303505,868824167,Enabled,0.916482,0.0219078,0.0385148,0.397615,-107.344,261.632,-1642.29,0.144413,3,OK,-107.177,261.713,-1642.3,OK,-146.584,228.777,-1639.13,OK,-153.336,304.807,-1637.81,,364674352,Port:3,0,1773303505,868824167,Missing,,,,,,,,,4,Missing,,,,Missing,,,,Missing,,,,Missing,,,,,364674352,Port:65535,0,1773303505,868824167,Missing,,,,,,,,,0
4,,364674355,Port:1,0,1773303505,918824167,100000000,Enabled,0.611092,0.665714,-0.274083,0.329044,-95.2834,49.7291,-1695.93,0.26886,4,OK,-95.1444,49.696,-1696.24,OK,-113.069,5.91591,-1679.04,OK,-86.2553,-37.7875,-1699.28,OK,-57.1231,14.258,-1725.34,,364674355,Port:2,0,1773303505,918824167,Enabled,0.916494,0.0218443,0.038209,0.39762,-107.337,261.634,-1642.27,0.147982,3,OK,-107.166,261.715,-1642.28,OK,-146.582,228.775,-1639.14,OK,-153.333,304.81,-1637.81,,364674355,Port:3,0,1773303505,918824167,Missing,,,,,,,,,4,Missing,,,,Missing,,,,Missing,,,,Missing,,,,,364674355,Port:65535,0,1773303505,918824167,Missing,,,,,,,,,0
4,,364674361,Port:1,0,1773303506,18824167,50000000,Enabled,0.610591,0.672288,-0.258886,0.328915,-93.0366,47.5701,-1693.88,0.246106,4,OK,-92.8746,47.5303,-1694.16,OK,-109.352,3.35272,-1676.61,OK,-81.9912,-39.7017,-1697.3,OK,-54.7635,12.9977,-1724.11,,364674361,Port:2,0,1773303506,18824167,Enabled,0.916495,0.0221444,0.0381917,0.397602,-107.343,261.631,-1642.27,0.146324,3,OK,-107.172,261.712,-1642.28,OK,-146.589,228.78,-1639.15,OK,-153.335,304.801,-1637.78,,364674361,Port:3,0,1773303506,18824167,Missing,,,,,,,,,4,Missing,,,,Missing,,,,Missing,,,,Missing,,,,,364674361,Port:65535,0,1773303506,18824167,Missing,,,,,,,,,0
4,,364674364,Port:1,0,1773303506,68824167,50000000,Enabled,0.609048,0.67729,-0.248205,0.329747,-92.0142,46.1454,-1692.71,0.274137,4,OK,-91.8553,46.1254,-1693.03,OK,-107.239,1.62237,-1675.21,OK,-79.3516,-40.9099,-1696.4,OK,-53.5439,12.3119,-1723.48,,364674364,Port:2,0,1773303506,68824167,Enabled,0.91653,0.0216173,0.0380674,0.397563,-107.338,261.627,-1642.26,0.150242,3,OK,-107.162,261.704,-1642.27,OK,-146.588,228.772,-1639.14,OK,-153.335,304.816,-1637.84,,364674364,Port:3,0,1773303506,68824167,Missing,,,,,,,,,4,Missing,,,,Missing,,,,Missing,,,,Missing,,,,,364674364,Port:65535,0,1773303506,68824167,Missing,,,,,,,,,0
4,,364674367,Port:1,0,1773303506,118824167,50000000,Enabled,0.608843,0.680378,-0.241829,0.328503,-90.6049,45.212,-1691.74,0.275994,4,OK,-90.453,45.1927,-1692.06,OK,-105.249,0.550346,-1674.07,OK,-77.2226,-41.7307,-1695.62,OK,-52.1759,11.7343,-1722.97,,364674367,Port:2,0,1773303506,118824167,Enabled,0.916474,0.0219819,0.0387918,0.397601,-107.343,261.63,-1642.29,0.14666,3,OK,-107.176,261.713,-1642.3,OK,-146.584,228.772,-1639.11,OK,-153.332,304.808,-1637.79,,364674367,Port:3,0,1773303506,118824167,Missing,,,,,,,,,4,Missing,,,,Missing,,,,Missing,,,,Missing,,,,,364674367,Port:65535,0,1773303506,118824167,Missing,,,,,,,,,0
4,,364674370,Port:1,0,1773303506,168824167,100000001,Enabled,0.608278,0.685344,-0.230354,0.327474,-88.9471,43.651,-1690.41,0.317378,4,OK,-88.7992,43.6284,-1690.78,OK,-102.501,-1.24393,-1672.41,OK,-74.15,-43.0547,-1694.58,OK,-50.5278,10.8295,-1722.31,,364674370,Port:2,0,1773303506,168824167,Enabled,0.91648,0.0219483,0.0387953,0.39759,-107.343,261.632,-1642.3,0.148465,3,OK,-107.173,261.715,-1642.31,OK,-146.586,228.773,-1639.12,OK,-153.331,304.81,-1637.8,,364674370,Port:3,0,1773303506,168824167,Missing,,,,,,,,,4,Missing,,,,Missing,,,,Missing,,,,Missing,,,,,364674370,Port:65535,0,1773303506,168824167,Missing,,,,,,,,,0
4,,364674376,Port:1,0,1773303506,268824168,50000000,Enabled,0.605975,0.69425,-0.211579,0.325646,-85.6574,40.7777,-1687.87,0.286091,4,OK,-85.5141,40.752,-1688.21,OK,-97.3624,-4.5168,-1669.65,OK,-68.4645,-45.4515,-1692.71,OK,-47.2879,9.15188,-1721.03,,364674376,Port:2,0,1773303506,268824168,Enabled,0.916513,0.0219514,0.0384421,0.397548,-107.341,261.63,-1642.28,0.142878,3,OK,-107.176,261.709,-1642.29,OK,-146.585,228.781,-1639.13,OK,-153.327,304.811,-1637.8,,364674376,Port:3,0,1773303506,268824168,Missing,,,,,,,,,4,Missing,,,,Missing,,,,Missing,,,,Missing,,,,,364674376,Port:65535,0,1773303506,268824168,Missing,,,,,,,,,0
4,,364674379,Port:1,0,1773303506,318824168,50000000,Enabled,0.60592,0.696338,-0.205555,0.325148,-84.3264,40.149,-1687.14,0.271162,4,OK,-84.1855,40.1239,-1687.46,OK,-95.4834,-5.22477,-1668.78,OK,-66.4297,-45.9401,-1692.04,OK,-45.9801,8.82677,-1720.67,,364674379,Port:2,0,1773303506,318824168,Enabled,0.916461,0.0219182,0.0387706,0.397638,-107.343,261.635,-1642.31,0.148934,3,OK,-107.174,261.72,-1642.32,OK,-146.583,228.771,-1639.13,OK,-153.335,304.809,-1637.82,,364674379,Port:3,0,1773303506,318824168,Missing,,,,,,,,,4,Missing,,,,Missing,,,,Missing,,,,Missing,,,,,364674379,Port:65535,0,1773303506,318824168,Missing,,,,,,,,,0
4,,364674382,Port:1,0,1773303506,368824168,50000000,Enabled,0.605739,0.69924,-0.199241,0.323183,-82.8825,39.6058,-1686.33,0.28667,4,OK,-82.7533,39.5898,-1686.68,OK,-93.436,-5.84817,-1667.85,OK,-64.3795,-46.3444,-1691.52,OK,-44.7309,8.57863,-1720.29,,364674382,Port:2,0,1773303506,368824168,Enabled,0.916482,0.0218739,0.038548,0.397613,-107.338,261.632,-1642.27,0.149345,3,OK,-107.167,261.718,-1642.29,OK,-146.584,228.775,-1639.11,OK,-153.329,304.804,-1637.8,,364674382,Port:3,0,1773303506,368824168,Missing,,,,,,,,,4,Missing,,,,Missing,,,,Missing,,,,Missing,,,,,364674382,Port:65535,0,1773303506,368824168,Missing,,,,,,,,,0
4,,364674385,Port:1,0,1773303506,418824168,100000000,Enabled,0.604288,0.702175,-0.193241,0.323178,-82.1544,38.6457,-1685.68,0.252747,4,OK,-82.0256,38.6277,-1685.98,OK,-92.0938,-6.9374,-1667.23,OK,-62.7843,-47.0995,-1691.15,OK,-43.9656,8.07419,-1720.06,,364674385,Port:2,0,1773303506,418824168,Enabled,0.916477,0.0218102,0.0386844,0.397616,-107.346,261.631,-1642.29,0.143696,3,OK,-107.18,261.711,-1642.3,OK,-146.583,228.774,-1639.12,OK,-153.338,304.809,-1637.82,,364674385,Port:3,0,1773303506,418824168,Missing,,,,,,,,,4,Missing,,,,Missing,,,,Missing,,,,Missing,,,,,364674385,Port:65535,0,1773303506,418824168,Missing,,,,,,,,,0
4,,364674391,Port:1,0,1773303506,518824168,50000000,Enabled,0.599414,0.710808,-0.178867,0.321656,-80.2861,35.4258,-1683.63,0.265722,4,OK,-80.1624,35.4212,-1683.94,OK,-88.6856,-10.5584,-1665.33,OK,-58.9393,-49.7772,-1690.3,OK,-42.1374,6.12568,-1719.18,,364674391,Port:2,0,1773303506,518824168,Enabled,0.916478,0.0220938,0.0383834,0.397627,-107.342,261.638,-1642.29,0.147516,3,OK,-107.174,261.724,-1642.31,OK,-146.587,228.779,-1639.16,OK,-153.333,304.807,-1637.8,,364674391,Port:3,0,1773303506,518824168,Missing,,,,,,,,,4,Missing,,,,Missing,,,,Missing,,,,Missing,,,,,364674391,Port:65535,0,1773303506,518824168,Missing,,,,,,,,,0
4,,364674394,Port:1,0,1773303506,568824168,50000000,Enabled,0.598732,0.712273,-0.176779,0.320837,-79.3835,34.2773,-1682.96,0.286225,4,OK,-79.2429,34.2725,-1683.3,OK,-87.5509,-11.7851,-1664.69,OK,-57.8297,-50.849,-1689.85,OK,-41.3245,5.1714,-1718.7,,364674394,Port:2,0,1773303506,568824168,Enabled,0.916519,0.0219961,0.0380746,0.397566,-107.339,261.631,-1642.27,0.146662,3,OK,-107.169,261.712,-1642.28,OK,-146.589,228.779,-1639.16,OK,-153.33,304.811,-1637.8,,364674394,Port:3,0,1773303506,568824168,Missing,,,,,,,,,4,Missing,,,,Missing,,,,Missing,,,,Missing,,,,,364674394,Port:65535,0,1773303506,568824168,Missing,,,,,,,,,0
4,,364674397,Port:1,0,1773303506,618824168,50000000,Enabled,0.596775,0.715115,-0.174981,0.319143,-78.6764,33.2833,-1682.22,0.28553,4,OK,-78.5502,33.2899,-1682.57,OK,-86.6141,-12.8845,-1664.16,OK,-56.9113,-51.7475,-1689.75,OK,-40.7412,4.46323,-1718.33,,364674397,Port:2,0,1773303506,618824168,Enabled,0.916511,0.02168,0.0381115,0.397599,-107.339,261.631,-1642.25,0.146444,3,OK,-107.17,261.711,-1642.27,OK,-146.585,228.776,-1639.13,OK,-153.335,304.81,-1637.82,,364674397,Port:3,0,1773303506,618824168,Missing,,,,,,,,,4,Missing,,,,Missing,,,,Missing,,,,Missing,,,,,364674397,Port:65535,0,1773303506,618824168,Missing,,,,,,,,,0
4,,364674400,Port:1,0,1773303506,668824168,100000000,Enabled,0.596138,0.716545,-0.171564,0.318982,-78.324,32.8297,-1681.86,0.301624,4,OK,-78.2016,32.8228,-1682.22,OK,-85.909,-13.3777,-1663.76,OK,-56.1222,-52.0734,-1689.56,OK,-40.4091,4.24083,-1718.15,,364674400,Port:2,0,1773303506,668824168,Enabled,0.91653,0.0217088,0.0378863,0.397576,-107.341,261.626,-1642.24,0.147053,3,OK,-107.171,261.707,-1642.25,OK,-146.592,228.775,-1639.14,OK,-153.336,304.807,-1637.82,,364674400,Port:3,0,1773303506,668824168,Missing,,,,,,,,,4,Missing,,,,Missing,,,,Missing,,,,Missing,,,,,364674400,Port:65535,0,1773303506,668824168,Missing,,,,,,,,,0
4,,364674406,Port:1,0,1773303506,768824168,50000000,Enabled,0.596703,0.716373,-0.170591,0.318833,-77.8768,32.955,-1681.69,0.263346,4,OK,-77.7497,32.9588,-1682.01,OK,-85.3801,-13.2343,-1663.58,OK,-55.619,-51.9472,-1689.24,OK,-40.0151,4.33707,-1718,,364674406,Port:2,0,1773303506,768824168,Enabled,0.916481,0.0221611,0.0385742,0.397597,-107.343,261.634,-1642.31,0.145687,3,OK,-107.176,261.716,-1642.32,OK,-146.585,228.778,-1639.16,OK,-153.332,304.809,-1637.8,,364674406,Port:3,0,1773303506,768824168,Missing,,,,,,,,,4,Missing,,,,Missing,,,,Missing,,,,Missing,,,,,364674406,Port:65535,0,1773303506,768824168,Missing,,,,,,,,,0
4,,364674409,Port:1,0,1773303506,818824168,50000000,Enabled,0.597008,0.717151,-0.166732,0.318553,-77.0735,32.9395,-1681.4,0.255067,4,OK,-76.9375,32.9419,-1681.71,OK,-84.228,-13.2557,-1663.2,OK,-54.4068,-51.8514,-1688.9,OK,-39.2841,4.44827,-1717.87,,364674409,Port:2,0,1773303506,818824168,Enabled,0.916502,0.0216583,0.0382129,0.397611,-107.342,261.63,-1642.27,0.142321,3,OK,-107.178,261.707,-1642.28,OK,-146.581,228.773,-1639.13,OK,-153.338,304.812,-1637.83,,364674409,Port:3,0,1773303506,818824168,Missing,,,,,,,,,4,Missing,,,,Missing,,,,Missing,,,,Missing,,,,,364674409,Port:65535,0,1773303506,818824168,Missing,,,,,,,,,0
4,,364674412,Port:1,0,1773303506,868824168,50000000,Enabled,0.596442,0.719441,-0.161333,0.317226,-76.2104,32.6187,-1680.9,0.297945,4,OK,-76.0981,32.6284,-1681.26,OK,-82.8706,-13.6248,-1662.56,OK,-52.992,-52.0036,-1688.74,OK,-38.5368,4.4068,-1717.73,,364674412,Port:2,0,1773303506,868824168,Enabled,0.916452,0.0220126,0.0390494,0.397626,-107.347,261.636,-1642.32,0.145727,3,OK,-107.181,261.72,-1642.34,OK,-146.584,228.778,-1639.12,OK,-153.336,304.807,-1637.81,,364674412,Port:3,0,1773303506,868824168,Missing,,,,,,,,,4,Missing,,,,Missing,,,,Missing,,,,Missing,,,,,364674412,Port:65535,0,1773303506,868824168,Missing,,,,,,,,,0
4,,364674415,Port:1,0,1773303506,918824168,100000000,Enabled,0.597428,0.718033,-0.164143,0.317121,-76.247,32.6694,-1681.04,0.285942,4,OK,-76.108,32.6737,-1681.39,OK,-83.2137,-13.5581,-1662.71,OK,-53.4695,-52.0813,-1688.62,OK,-38.5885,4.2581,-1717.72,,364674415,Port:2,0,1773303506,918824168,Enabled,0.916489,0.0217978,0.0384488,0.39761,-107.339,261.633,-1642.26,0.146708,3,OK,-107.167,261.71,-1642.27,OK,-146.58,228.776,-1639.11,OK,-153.336,304.813,-1637.79,,364674415,Port:3,0,1773303506,918824168,Missing,,,,,,,,,4,Missing,,,,Missing,,,,Missing,,,,Missing,,,,,364674415,Port:65535,0,1773303506,918824168,Missing,,,,,,,,,0
4,,364674421,Port:1,0,1773303507,18824168,50000000,Enabled,0.597028,0.718196,-0.166065,0.316504,-76.6523,32.9026,-1681.18,0.271121,4,OK,-76.5247,32.9032,-1681.5,OK,-83.8095,-13.3137,-1662.95,OK,-54.1157,-51.9061,-1688.92,OK,-39.0218,4.42935,-1717.88,,364674421,Port:2,0,1773303507,18824168,Enabled,0.916471,0.0220776,0.0387461,0.397609,-107.343,261.63,-1642.31,0.14518,3,OK,-107.178,261.713,-1642.32,OK,-146.581,228.77,-1639.14,OK,-153.33,304.806,-1637.8,,364674421,Port:3,0,1773303507,18824168,Missing,,,,,,,,,4,Missing,,,,Missing,,,,Missing,,,,Missing,,,,,364674421,Port:65535,0,1773303507,18824168,Missing,,,,,,,,,0
4,,364674424,Port:1,0,1773303507,68824168,50000000,Enabled,0.598145,0.716441,-0.169246,0.316686,-77.0522,33.5561,-1681.53,0.31731,4,OK,-76.9137,33.5627,-1681.92,OK,-84.5183,-12.5933,-1663.24,OK,-54.9659,-51.3943,-1689.06,OK,-39.4483,4.80797,-1717.91,,364674424,Port:2,0,1773303507,68824168,Enabled,0.916501,0.022021,0.0382801,0.397588,-107.342,261.631,-1642.28,0.144851,3,OK,-107.175,261.712,-1642.29,OK,-146.587,228.779,-1639.15,OK,-153.332,304.805,-1637.8,,364674424,Port:3,0,1773303507,68824168,Missing,,,,,,,,,4,Missing,,,,Missing,,,,Missing,,,,Missing,,,,,364674424,Port:65535,0,1773303507,68824168,Missing,,,,,,,,,0
4,,364674427,Port:1,0,1773303507,118824168,50000000,Enabled,0.598579,0.715291,-0.173517,0.316155,-77.6301,34.1097,-1681.97,0.312025,4,OK,-77.5026,34.1168,-1682.35,OK,-85.5359,-11.989,-1663.74,OK,-56.132,-50.9919,-1689.48,OK,-40.0463,5.10006,-1718.2,,364674427,Port:2,0,1773303507,118824168,Enabled,0.916472,0.0220548,0.0386465,0.397616,-107.346,261.634,-1642.3,0.14454,3,OK,-107.183,261.716,-1642.32,OK,-146.585,228.772,-1639.14,OK,-153.335,304.81,-1637.8,,364674427,Port:3,0,1773303507,118824168,Missing,,,,,,,,,4,Missing,,,,Missing,,,,Missing,,,,Missing,,,,,364674427,Port:65535,0,1773303507,118824168,Missing,,,,,,,,,0
4,,364674430,Port:1,0,1773303507,168824168,99999997,Enabled,0.59988,0.713189,-0.179515,0.315088,-78.3443,34.9025,-1682.46,0.276944,4,OK,-78.2193,34.9067,-1682.8,OK,-86.8908,-11.1002,-1664.33,OK,-57.7791,-50.4503,-1689.77,OK,-40.8475,5.46961,-1718.49,,364674430,Port:2,0,1773303507,168824168,Enabled,0.916502,0.0221105,0.0382941,0.397578,-107.342,261.626,-1642.28,0.145257,3,OK,-107.174,261.706,-1642.29,OK,-146.586,228.77,-1639.15,OK,-153.331,304.807,-1637.79,,364674430,Port:3,0,1773303507,168824168,Missing,,,,,,,,,4,Missing,,,,Missing,,,,Missing,,,,Missing,,,,,364674430,Port:65535,0,1773303507,168824168,Missing,,,,,,,,,0
4,,364674436,Port:1,0,1773303507,268824165,50000000,Enabled,0.60606,0.702001,-0.204556,0.313118,-81.0787,39.1539,-1685.24,0.245519,4,OK,-80.9515,39.1376,-1685.52,OK,-92.3625,-6.28725,-1667.15,OK,-64.2334,-47.0733,-1691.44,OK,-43.797,7.78395,-1719.97,,364674436,Port:2,0,1773303507,268824165,Enabled,0.916461,0.0220468,0.0387286,0.397634,-107.343,261.632,-1642.29,0.146035,3,OK,-107.176,261.717,-1642.3,OK,-146.583,228.774,-1639.12,OK,-153.332,304.798,-1637.79,,364674436,Port:3,0,1773303507,268824165,Missing,,,,,,,,,4,Missing,,,,Missing,,,,Missing,,,,Missing,,,,,364674436,Port:65535,0,1773303507,268824165,Missing,,,,,,,,,0
4,,364674439,Port:1,0,1773303507,318824165,50000000,Enabled,0.611818,0.692645,-0.22022,0.312128,-82.5309,43.0057,-1687.5,0.269937,4,OK,-82.3878,42.984,-1687.81,OK,-95.5669,-1.9109,-1669.23,OK,-68.2222,-43.7404,-1692.58,OK,-45.5304,10.1866,-1721.11,,364674439,Port:2,0,1773303507,318824165,Enabled,0.916456,0.0218318,0.039085,0.397624,-107.347,261.637,-1642.31,0.144863,3,OK,-107.183,261.719,-1642.33,OK,-146.582,228.775,-1639.1,OK,-153.336,304.814,-1637.82,,364674439,Port:3,0,1773303507,318824165,Missing,,,,,,,,,4,Missing,,,,Missing,,,,Missing,,,,Missing,,,,,364674439,Port:65535,0,1773303507,318824165,Missing,,,,,,,,,0
4,,364674442,Port:1,0,1773303507,368824165,50000000,Enabled,0.618263,0.68326,-0.233041,0.310803,-83.7618,47.1985,-1689.68,0.245116,4,OK,-83.627,47.1694,-1689.97,OK,-98.3154,2.88859,-1671.16,OK,-71.7807,-39.9707,-1693.5,OK,-47.1272,12.9734,-1722.29,,364674442,Port:2,0,1773303507,368824165,Enabled,0.91648,0.0219697,0.0389314,0.397576,-107.341,261.631,-1642.3,0.149069,3,OK,-107.171,261.715,-1642.32,OK,-146.585,228.773,-1639.11,OK,-153.328,304.811,-1637.8,,364674442,Port:3,0,1773303507,368824165,Missing,,,,,,,,,4,Missing,,,,Missing,,,,Missing,,,,Missing,,,,,364674442,Port:65535,0,1773303507,368824165,Missing,,,,,,,,,0
4,,364674445,Port:1,0,1773303507,418824165,100000000,Enabled,0.622808,0.676932,-0.239705,0.310507,-84.8466,50.3313,-1691.37,0.276363,4,OK,-84.7182,50.2973,-1691.69,OK,-100.277,6.41495,-1672.49,OK,-74.1748,-37.0275,-1694.26,OK,-48.3849,15.2357,-1723.3,,364674445,Port:2,0,1773303507,418824165,Enabled,0.916468,0.0219927,0.0388353,0.397611,-107.341,261.629,-1642.3,0.147495,3,OK,-107.172,261.712,-1642.31,OK,-146.581,228.77,-1639.12,OK,-153.331,304.805,-1637.8,,364674445,Port:3,0,1773303507,418824165,Missing,,,,,,,,,4,Missing,,,,Missing,,,,Missing,,,,Missing,,,,,364674445,Port:65535,0,1773303507,418824165,Missing,,,,,,,,,0
4,,364674451,Port:1,0,1773303507,518824165,50000000,Enabled,0.630231,0.661448,-0.264139,0.309074,-86.8815,56.2654,-1695.12,0.244294,4,OK,-86.7469,56.2201,-1695.39,OK,-104.989,13.4021,-1676.28,OK,-80.2317,-31.5198,-1696.5,OK,-51.0646,19.0361,-1725.31,,364674451,Port:2,0,1773303507,518824165,Enabled,0.916508,0.0220648,0.0381487,0.39758,-107.339,261.631,-1642.28,0.146114,3,OK,-107.169,261.71,-1642.29,OK,-146.587,228.78,-1639.17,OK,-153.332,304.807,-1637.8,,364674451,Port:3,0,1773303507,518824165,Missing,,,,,,,,,4,Missing,,,,Missing,,,,Missing,,,,Missing,,,,,364674451,Port:65535,0,1773303507,518824165,Missing,,,,,,,,,0
4,,364674454,Port:1,0,1773303507,568824165,50000000,Enabled,0.632367,0.655639,-0.272443,0.309878,-87.7386,58.2874,-1696.65,0.273021,4,OK,-87.604,58.2318,-1696.97,OK,-106.702,15.7814,-1677.81,OK,-82.3531,-29.5849,-1697.5,OK,-52.043,20.395,-1726.11,,364674454,Port:2,0,1773303507,568824165,Enabled,0.916478,0.0220332,0.0387507,0.397595,-107.342,261.632,-1642.31,0.147153,3,OK,-107.175,261.717,-1642.32,OK,-146.585,228.775,-1639.13,OK,-153.329,304.806,-1637.8,,364674454,Port:3,0,1773303507,568824165,Missing,,,,,,,,,4,Missing,,,,Missing,,,,Missing,,,,Missing,,,,,364674454,Port:65535,0,1773303507,568824165,Missing,,,,,,,,,0
4,,364674457,Port:1,0,1773303507,618824165,50000000,Enabled,0.635418,0.648942,-0.281699,0.309458,-88.593,60.5638,-1698.2,0.265431,4,OK,-88.4495,60.511,-1698.5,OK,-108.599,18.5246,-1679.36,OK,-84.8081,-27.4045,-1698.39,OK,-53.1816,21.847,-1726.95,,364674457,Port:2,0,1773303507,618824165,Enabled,0.916466,0.0218915,0.0389496,0.397611,-107.343,261.631,-1642.3,0.147112,3,OK,-107.175,261.713,-1642.32,OK,-146.582,228.771,-1639.1,OK,-153.334,304.809,-1637.8,,364674457,Port:3,0,1773303507,618824165,Missing,,,,,,,,,4,Missing,,,,Missing,,,,Missing,,,,Missing,,,,,364674457,Port:65535,0,1773303507,618824165,Missing,,,,,,,,,0
4,,364674460,Port:1,0,1773303507,668824165,100000000,Enabled,0.637889,0.642379,-0.291657,0.308842,-89.3739,62.9114,-1699.87,0.24881,4,OK,-89.2311,62.8532,-1700.15,OK,-110.441,21.3472,-1681.14,OK,-87.2639,-25.1031,-1699.55,OK,-54.2814,23.3847,-1727.94,,364674460,Port:2,0,1773303507,668824165,Enabled,0.916505,0.0220725,0.0380244,0.397599,-107.341,261.626,-1642.26,0.141899,3,OK,-107.176,261.704,-1642.27,OK,-146.584,228.774,-1639.16,OK,-153.333,304.8,-1637.79,,364674460,Port:3,0,1773303507,668824165,Missing,,,,,,,,,4,Missing,,,,Missing,,,,Missing,,,,Missing,,,,,364674460,Port:65535,0,1773303507,668824165,Missing,,,,,,,,,0
4,,364674466,Port:1,0,1773303507,768824165,50000000,Enabled,0.643354,0.629425,-0.308228,0.308082,-90.2063,67.9172,-1703.04,0.254733,4,OK,-90.0668,67.844,-1703.33,OK,-113.064,27.3417,-1684.33,OK,-91.0223,-20.0962,-1701.61,OK,-55.8193,26.862,-1729.66,,364674466,Port:2,0,1773303507,768824165,Enabled,0.916493,0.0220127,0.0383572,0.397599,-107.342,261.632,-1642.29,0.148139,3,OK,-107.171,261.716,-1642.31,OK,-146.588,228.776,-1639.16,OK,-153.333,304.806,-1637.81,,364674466,Port:3,0,1773303507,768824165,Missing,,,,,,,,,4,Missing,,,,Missing,,,,Missing,,,,Missing,,,,,364674466,Port:65535,0,1773303507,768824165,Missing,,,,,,,,,0
4,,364674469,Port:1,0,1773303507,818824165,50000000,Enabled,0.64764,0.622239,-0.314662,0.307197,-90.0014,70.5639,-1704.65,0.242074,4,OK,-89.8626,70.4705,-1704.92,OK,-113.676,30.5555,-1685.76,OK,-92.2808,-17.3996,-1702.32,OK,-56.0514,28.6976,-1730.55,,364674469,Port:2,0,1773303507,818824165,Enabled,0.916503,0.0217266,0.0383767,0.39759,-107.338,261.629,-1642.28,0.145369,3,OK,-107.168,261.706,-1642.29,OK,-146.582,228.777,-1639.14,OK,-153.333,304.81,-1637.83,,364674469,Port:3,0,1773303507,818824165,Missing,,,,,,,,,4,Missing,,,,Missing,,,,Missing,,,,Missing,,,,,364674469,Port:65535,0,1773303507,818824165,Missing,,,,,,,,,0
4,,364674472,Port:1,0,1773303507,868824165,50000000,Enabled,0.650036,0.616519,-0.322119,0.305935,-90.1091,72.7092,-1706.06,0.252262,4,OK,-89.9728,72.6013,-1706.34,OK,-114.631,33.1846,-1687.19,OK,-93.8208,-15.1852,-1703.32,OK,-56.5485,30.1731,-1731.42,,364674472,Port:2,0,1773303507,868824165,Enabled,0.916484,0.0221186,0.0385375,0.397596,-107.343,261.631,-1642.31,0.147437,3,OK,-107.174,261.715,-1642.33,OK,-146.587,228.773,-1639.16,OK,-153.331,304.806,-1637.81,,364674472,Port:3,0,1773303507,868824165,Missing,,,,,,,,,4,Missing,,,,Missing,,,,Missing,,,,Missing,,,,,364674472,Port:65535,0,1773303507,868824165,Missing,,,,,,,,,0
4,,364674475,Port:1,0,1773303507,918824165,100000000,Enabled,0.652103,0.610755,-0.328586,0.306221,-90.3874,74.4045,-1707.36,0.255104,4,OK,-90.2425,74.3081,-1707.64,OK,-115.588,35.284,-1688.53,OK,-95.2496,-13.4136,-1704.11,OK,-57.1088,31.2995,-1732.07,,364674475,Port:2,0,1773303507,918824165,Enabled,0.916489,0.0219058,0.0384602,0.397604,-107.345,261.631,-1642.3,0.146729,3,OK,-107.177,261.713,-1642.31,OK,-146.587,228.772,-1639.15,OK,-153.337,304.81,-1637.82,,364674475,Port:3,0,1773303507,918824165,Missing,,,,,,,,,4,Missing,,,,Missing,,,,Missing,,,,Missing,,,,,364674475,Port:65535,0,1773303507,918824165,Missing,,,,,,,,,0
4,,364674481,Port:1,0,1773303508,18824165,50000000,Enabled,0.655308,0.6002,-0.342507,0.304992,-90.6584,77.7544,-1709.86,0.212873,4,OK,-90.506,77.6517,-1710.07,OK,-117.344,39.5066,-1691.31,OK,-98.0061,-9.86904,-1705.95,OK,-58.052,33.5409,-1733.58,,364674481,Port:2,0,1773303508,18824165,Enabled,0.916501,0.021979,0.0380524,0.39761,-107.34,261.627,-1642.27,0.146133,3,OK,-107.171,261.708,-1642.28,OK,-146.585,228.769,-1639.16,OK,-153.335,304.804,-1637.8,,364674481,Port:3,0,1773303508,18824165,Missing,,,,,,,,,4,Missing,,,,Missing,,,,Missing,,,,Missing,,,,,364674481,Port:65535,0,1773303508,18824165,Missing,,,,,,,,,0
4,,364674484,Port:1,0,1773303508,68824165,50000000,Enabled,0.657018,0.594117,-0.349354,0.305457,-90.5997,79.5596,-1711.11,0.237885,4,OK,-90.4529,79.4616,-1711.37,OK,-117.958,41.7707,-1692.62,OK,-99.1214,-7.94101,-1706.8,OK,-58.311,34.7841,-1734.11,,364674484,Port:2,0,1773303508,68824165,Enabled,0.916496,0.0219484,0.0385991,0.397571,-107.343,261.628,-1642.29,0.143742,3,OK,-107.18,261.711,-1642.31,OK,-146.586,228.774,-1639.13,OK,-153.328,304.805,-1637.81,,364674484,Port:3,0,1773303508,68824165,Missing,,,,,,,,,4,Missing,,,,Missing,,,,Missing,,,,Missing,,,,,364674484,Port:65535,0,1773303508,68824165,Missing,,,,,,,,,0
4,,364674487,Port:1,0,1773303508,118824165,50000000,Enabled,0.658686,0.58915,-0.355047,0.30492,-90.2535,81.1548,-1712.39,0.227833,4,OK,-90.1116,81.0484,-1712.63,OK,-118.233,43.7921,-1693.97,OK,-99.8596,-6.21715,-1707.74,OK,-58.2884,35.8857,-1734.91,,364674487,Port:2,0,1773303508,118824165,Enabled,0.916466,0.0219381,0.0385604,0.397645,-107.339,261.633,-1642.28,0.144841,3,OK,-107.173,261.715,-1642.29,OK,-146.578,228.774,-1639.12,OK,-153.333,304.803,-1637.8,,364674487,Port:3,0,1773303508,118824165,Missing,,,,,,,,,4,Missing,,,,Missing,,,,Missing,,,,Missing,,,,,364674487,Port:65535,0,1773303508,118824165,Missing,,,,,,,,,0
4,,364674490,Port:1,0,1773303508,168824165,99999999,Enabled,0.660571,0.584185,-0.360685,0.303777,-89.8033,82.3608,-1713.44,0.201611,4,OK,-89.6567,82.2554,-1713.64,OK,-118.408,45.4393,-1695.12,OK,-100.564,-4.8558,-1708.44,OK,-58.2495,36.5815,-1735.55,,364674490,Port:2,0,1773303508,168824165,Enabled,0.916482,0.0219697,0.0386228,0.3976,-107.34,261.63,-1642.29,0.147748,3,OK,-107.171,261.714,-1642.3,OK,-146.584,228.773,-1639.13,OK,-153.329,304.805,-1637.8,,364674490,Port:3,0,1773303508,168824165,Missing,,,,,,,,,4,Missing,,,,Missing,,,,Missing,,,,Missing,,,,,364674490,Port:65535,0,1773303508,168824165,Missing,,,,,,,,,0
4,,364674496,Port:1,0,1773303508,268824164,50000000,Enabled,0.661778,0.576979,-0.370197,0.303478,-89.6721,84.3666,-1715.27,0.238897,4,OK,-89.5361,84.2514,-1715.53,OK,-119.194,48.0478,-1697.16,OK,-102.026,-2.61038,-1710.09,OK,-58.5825,37.9212,-1736.61,,364674496,Port:2,0,1773303508,268824164,Enabled,0.91645,0.0220786,0.0390532,0.397626,-107.34,261.626,-1642.31,0.148481,3,OK,-107.167,261.708,-1642.33,OK,-146.579,228.768,-1639.11,OK,-153.332,304.797,-1637.79,,364674496,Port:3,0,1773303508,268824164,Missing,,,,,,,,,4,Missing,,,,Missing,,,,Missing,,,,Missing,,,,,364674496,Port:65535,0,1773303508,268824164,Missing,,,,,,,,,0
4,,364674499,Port:1,0,1773303508,318824164,50000000,Enabled,0.663435,0.569903,-0.378321,0.303212,-89.6982,86.416,-1716.9,0.193874,4,OK,-89.5602,86.2983,-1717.09,OK,-120.029,50.6827,-1699.05,OK,-103.516,-0.322021,-1711.3,OK,-59.0775,39.3539,-1737.58,,364674499,Port:2,0,1773303508,318824164,Enabled,0.916518,0.0217879,0.0380315,0.397585,-107.342,261.631,-1642.27,0.140157,3,OK,-107.179,261.706,-1642.29,OK,-146.583,228.78,-1639.16,OK,-153.336,304.814,-1637.83,,364674499,Port:3,0,1773303508,318824164,Missing,,,,,,,,,4,Missing,,,,Missing,,,,Missing,,,,Missing,,,,,364674499,Port:65535,0,1773303508,318824164,Missing,,,,,,,,,0
4,,364674502,Port:1,0,1773303508,368824164,50000000,Enabled,0.665187,0.560402,-0.388378,0.304367,-90.0227,88.8933,-1719.1,0.202749,4,OK,-89.8864,88.7742,-1719.3,OK,-121.307,53.871,-1701.5,OK,-105.536,2.48379,-1712.99,OK,-59.8953,41.0955,-1738.73,,364674502,Port:2,0,1773303508,368824164,Enabled,0.916488,0.0215654,0.0383578,0.397634,-107.339,261.628,-1642.28,0.147615,3,OK,-107.169,261.708,-1642.29,OK,-146.58,228.766,-1639.13,OK,-153.338,304.809,-1637.85,,364674502,Port:3,0,1773303508,368824164,Missing,,,,,,,,,4,Missing,,,,Missing,,,,Missing,,,,Missing,,,,,364674502,Port:65535,0,1773303508,368824164,Missing,,,,,,,,,0
4,,364674505,Port:1,0,1773303508,418824164,100000000,Enabled,0.666926,0.551028,-0.39908,0.303831,-90.2631,91.4996,-1721.52,0.237184,4,OK,-90.1256,91.3768,-1721.77,OK,-122.597,57.2709,-1704.18,OK,-107.713,5.4875,-1715.09,OK,-60.7897,42.9335,-1740.23,,364674505,Port:2,0,1773303508,418824164,Enabled,0.916515,0.0220848,0.0378963,0.397588,-107.336,261.619,-1642.25,0.146547,3,OK,-107.164,261.698,-1642.26,OK,-146.586,228.769,-1639.16,OK,-153.33,304.792,-1637.78,,364674505,Port:3,0,1773303508,418824164,Missing,,,,,,,,,4,Missing,,,,Missing,,,,Missing,,,,Missing,,,,,364674505,Port:65535,0,1773303508,418824164,Missing,,,,,,,,,0
4,,364674511,Port:1,0,1773303508,518824164,50000000,Enabled,0.670142,0.532743,-0.418051,0.303856,-90.482,96.6009,-1726.33,0.217931,4,OK,-90.3451,96.4706,-1726.53,OK,-124.654,63.8918,-1709.58,OK,-111.378,11.4228,-1719.11,OK,-62.2268,46.661,-1743.27,,364674511,Port:2,0,1773303508,518824164,Enabled,0.916503,0.0218613,0.0381092,0.397607,-107.338,261.622,-1642.24,0.146368,3,OK,-107.17,261.701,-1642.26,OK,-146.582,228.762,-1639.13,OK,-153.334,304.804,-1637.79,,364674511,Port:3,0,1773303508,518824164,Missing,,,,,,,,,4,Missing,,,,Missing,,,,Missing,,,,Missing,,,,,364674511,Port:65535,0,1773303508,518824164,Missing,,,,,,,,,0
4,,364674514,Port:1,0,1773303508,568824164,50000000,Enabled,0.671091,0.52394,-0.427729,0.303598,-90.4053,98.9711,-1728.53,0.205159,4,OK,-90.2749,98.8281,-1728.72,OK,-125.457,67.0316,-1712.18,OK,-112.993,14.2477,-1721.11,OK,-62.8134,48.3937,-1744.66,,364674514,Port:2,0,1773303508,568824164,Enabled,0.916461,0.0222325,0.0386772,0.397629,-107.345,261.629,-1642.31,0.14778,3,OK,-107.176,261.713,-1642.33,OK,-146.587,228.769,-1639.15,OK,-153.336,304.799,-1637.79,,364674514,Port:3,0,1773303508,568824164,Missing,,,,,,,,,4,Missing,,,,Missing,,,,Missing,,,,Missing,,,,,364674514,Port:65535,0,1773303508,568824164,Missing,,,,,,,,,0
4,,364674517,Port:1,0,1773303508,618824164,50000000,Enabled,0.671545,0.514408,-0.438039,0.304194,-90.3279,101.317,-1730.85,0.202799,4,OK,-90.2014,101.176,-1731.04,OK,-126.257,70.1502,-1714.97,OK,-114.617,17.0824,-1723.27,OK,-63.386,50.118,-1746.04,,364674517,Port:2,0,1773303508,618824164,Enabled,0.9165,0.0220075,0.0382412,0.397595,-107.341,261.623,-1642.27,0.144338,3,OK,-107.175,261.705,-1642.28,OK,-146.585,228.769,-1639.14,OK,-153.331,304.798,-1637.79,,364674517,Port:3,0,1773303508,618824164,Missing,,,,,,,,,4,Missing,,,,Missing,,,,Missing,,,,Missing,,,,,364674517,Port:65535,0,1773303508,618824164,Missing,,,,,,,,,0
4,,364674520,Port:1,0,1773303508,668824164,100000000,Enabled,0.67302,0.504729,-0.447437,0.303467,-90.0683,103.743,-1733.27,0.219393,4,OK,-89.9414,103.601,-1733.48,OK,-126.867,73.4238,-1717.72,OK,-116.176,20.0762,-1725.44,OK,-63.9096,51.8968,-1747.59,,364674520,Port:2,0,1773303508,668824164,Enabled,0.916467,0.0215953,0.0387156,0.397646,-107.342,261.624,-1642.27,0.145438,3,OK,-107.173,261.701,-1642.28,OK,-146.578,228.765,-1639.08,OK,-153.342,304.802,-1637.81,,364674520,Port:3,0,1773303508,668824164,Missing,,,,,,,,,4,Missing,,,,Missing,,,,Missing,,,,Missing,,,,,364674520,Port:65535,0,1773303508,668824164,Missing,,,,,,,,,0
4,,364674526,Port:1,0,1773303508,768824164,50000000,Enabled,0.672914,0.48766,-0.466673,0.30264,-89.7082,107.782,-1737.69,0.202128,4,OK,-89.5871,107.638,-1737.87,OK,-128.098,78.9561,-1723.19,OK,-119.075,25.1954,-1729.95,OK,-64.9208,54.876,-1750.58,,364674526,Port:2,0,1773303508,768824164,Enabled,0.916484,0.0220859,0.0386887,0.397584,-107.341,261.623,-1642.29,0.147256,3,OK,-107.17,261.705,-1642.31,OK,-146.585,228.769,-1639.13,OK,-153.329,304.798,-1637.79,,364674526,Port:3,0,1773303508,768824164,Missing,,,,,,,,,4,Missing,,,,Missing,,,,Missing,,,,Missing,,,,,364674526,Port:65535,0,1773303508,768824164,Missing,,,,,,,,,0
4,,364674529,Port:1,0,1773303508,818824164,50000000,Enabled,0.671727,0.479736,-0.477091,0.301697,-89.5208,109.438,-1739.82,0.193969,4,OK,-89.4026,109.289,-1739.99,OK,-128.692,81.349,-1726.01,OK,-120.509,27.4234,-1732.46,OK,-65.4689,56.0537,-1752.13,,364674529,Port:2,0,1773303508,818824164,Enabled,0.916482,0.0218883,0.0385139,0.397615,-107.342,261.622,-1642.28,0.145779,3,OK,-107.174,261.704,-1642.3,OK,-146.583,228.766,-1639.13,OK,-153.334,304.797,-1637.81,,364674529,Port:3,0,1773303508,818824164,Missing,,,,,,,,,4,Missing,,,,Missing,,,,Missing,,,,Missing,,,,,364674529,Port:65535,0,1773303508,818824164,Missing,,,,,,,,,0
4,,364674532,Port:1,0,1773303508,868824164,50000000,Enabled,0.670448,0.472067,-0.486841,0.301061,-89.025,110.951,-1741.89,0.182561,4,OK,-88.9064,110.798,-1742.03,OK,-128.93,83.5683,-1728.75,OK,-121.522,29.484,-1734.87,OK,-65.6214,57.1346,-1753.65,,364674532,Port:2,0,1773303508,868824164,Enabled,0.91648,0.0220374,0.0386973,0.397595,-107.336,261.62,-1642.28,0.149509,3,OK,-107.163,261.703,-1642.29,OK,-146.582,228.765,-1639.11,OK,-153.326,304.793,-1637.78,,364674532,Port:3,0,1773303508,868824164,Missing,,,,,,,,,4,Missing,,,,Missing,,,,Missing,,,,Missing,,,,,364674532,Port:65535,0,1773303508,868824164,Missing,,,,,,,,,0
4,,364674535,Port:1,0,1773303508,918824164,100000000,Enabled,0.670194,0.466537,-0.494432,0.29786,-87.9161,112.469,-1743.01,0.185426,4,OK,-87.8104,112.313,-1743.16,OK,-128.391,85.7565,-1730.29,OK,-121.834,31.5526,-1736.41,OK,-65.3049,58.2702,-1754.53,,364674535,Port:2,0,1773303508,918824164,Enabled,0.916501,0.0222794,0.0382376,0.397577,-107.342,261.624,-1642.27,0.14289,3,OK,-107.177,261.703,-1642.28,OK,-146.586,228.771,-1639.15,OK,-153.33,304.8,-1637.76,,364674535,Port:3,0,1773303508,918824164,Missing,,,,,,,,,4,Missing,,,,Missing,,,,Missing,,,,Missing,,,,,364674535,Port:65535,0,1773303508,918824164,Missing,,,,,,,,,0
4,,364674541,Port:1,0,1773303509,18824164,50000000,Enabled,0.669264,0.4517,-0.509307,0.297755,-86.3789,115.096,-1746.44,0.182754,4,OK,-86.2652,114.95,-1746.58,OK,-127.939,89.6293,-1734.69,OK,-122.767,35.2425,-1740.06,OK,-64.9836,60.176,-1756.76,,364674541,Port:2,0,1773303509,18824164,Enabled,0.916492,0.0220627,0.0386153,0.397573,-107.345,261.622,-1642.29,0.14412,3,OK,-107.176,261.697,-1642.31,OK,-146.586,228.771,-1639.13,OK,-153.336,304.804,-1637.79,,364674541,Port:3,0,1773303509,18824164,Missing,,,,,,,,,4,Missing,,,,Missing,,,,Missing,,,,Missing,,,,,364674541,Port:65535,0,1773303509,18824164,Missing,,,,,,,,,0
4,,364674544,Port:1,0,1773303509,68824164,50000000,Enabled,0.66889,0.443519,-0.517263,0.29718,-85.1986,116.23,-1748.46,0.195495,4,OK,-85.0844,116.085,-1748.63,OK,-127.333,91.5016,-1737.2,OK,-122.959,36.9971,-1742.26,OK,-64.5439,60.9202,-1758.15,,364674544,Port:2,0,1773303509,68824164,Enabled,0.916504,0.0217278,0.038246,0.3976,-107.341,261.622,-1642.28,0.143497,3,OK,-107.176,261.701,-1642.29,OK,-146.583,228.767,-1639.14,OK,-153.335,304.802,-1637.83,,364674544,Port:3,0,1773303509,68824164,Missing,,,,,,,,,4,Missing,,,,Missing,,,,Missing,,,,Missing,,,,,364674544,Port:65535,0,1773303509,68824164,Missing,,,,,,,,,0
4,,364674547,Port:1,0,1773303509,118824164,50000000,Enabled,0.668997,0.43549,-0.524615,0.295923,-83.7177,117.207,-1750.36,0.197,4,OK,-83.606,117.062,-1750.53,OK,-126.395,93.2389,-1739.54,OK,-122.87,38.6385,-1744.27,OK,-63.8607,61.5144,-1759.49,,364674547,Port:2,0,1773303509,118824164,Enabled,0.916467,0.0220387,0.0388579,0.397608,-107.34,261.622,-1642.31,0.146696,3,OK,-107.173,261.705,-1642.32,OK,-146.58,228.761,-1639.12,OK,-153.328,304.797,-1637.8,,364674547,Port:3,0,1773303509,118824164,Missing,,,,,,,,,4,Missing,,,,Missing,,,,Missing,,,,Missing,,,,,364674547,Port:65535,0,1773303509,118824164,Missing,,,,,,,,,0
4,,364674550,Port:1,0,1773303509,168824164,99999999,Enabled,0.668609,0.428487,-0.53157,0.294607,-82.6423,118.119,-1752.16,0.183666,4,OK,-82.525,117.96,-1752.3,OK,-125.824,94.8343,-1741.83,OK,-123.029,40.172,-1746.27,OK,-63.5057,62.1039,-1760.86,,364674550,Port:2,0,1773303509,168824164,Enabled,0.916509,0.0221807,0.0380081,0.397587,-107.336,261.618,-1642.27,0.146716,3,OK,-107.162,261.697,-1642.28,OK,-146.585,228.77,-1639.17,OK,-153.329,304.79,-1637.79,,364674550,Port:3,0,1773303509,168824164,Missing,,,,,,,,,4,Missing,,,,Missing,,,,Missing,,,,Missing,,,,,364674550,Port:65535,0,1773303509,168824164,Missing,,,,,,,,,0
4,,364674556,Port:1,0,1773303509,268824163,50000000,Enabled,0.665796,0.415961,-0.544774,0.294811,-81.7069,119.866,-1756.03,0.165511,4,OK,-81.5945,119.72,-1756.14,OK,-125.675,97.6304,-1746.8,OK,-124.011,42.8974,-1750.77,OK,-63.6149,63.3599,-1763.84,,364674556,Port:2,0,1773303509,268824163,Enabled,0.916461,0.022309,0.0389737,0.397595,-107.344,261.616,-1642.32,0.14699,3,OK,-107.174,261.7,-1642.33,OK,-146.585,228.763,-1639.13,OK,-153.329,304.785,-1637.77,,364674556,Port:3,0,1773303509,268824163,Missing,,,,,,,,,4,Missing,,,,Missing,,,,Missing,,,,Missing,,,,,364674556,Port:65535,0,1773303509,268824163,Missing,,,,,,,,,0
4,,364674559,Port:1,0,1773303509,318824163,50000000,Enabled,0.665491,0.4081,-0.551459,0.294057,-80.7441,121.079,-1758.12,0.185153,4,OK,-80.6352,120.924,-1758.26,OK,-125.156,99.5561,-1749.31,OK,-124.261,44.7814,-1753.04,OK,-63.401,64.2694,-1765.36,,364674559,Port:2,0,1773303509,318824163,Enabled,0.91651,0.021592,0.0381749,0.397599,-107.337,261.615,-1642.25,0.147013,3,OK,-107.164,261.691,-1642.27,OK,-146.582,228.76,-1639.12,OK,-153.336,304.798,-1637.83,,364674559,Port:3,0,1773303509,318824163,Missing,,,,,,,,,4,Missing,,,,Missing,,,,Missing,,,,Missing,,,,,364674559,Port:65535,0,1773303509,318824163,Missing,,,,,,,,,0
4,,364674562,Port:1,0,1773303509,368824163,50000000,Enabled,0.66421,0.399924,-0.559157,0.293647,-79.825,122.513,-1760.48,0.173247,4,OK,-79.7214,122.362,-1760.6,OK,-124.702,101.704,-1752.3,OK,-124.562,46.9168,-1755.72,OK,-63.221,65.3979,-1767.18,,364674562,Port:2,0,1773303509,368824163,Enabled,0.916463,0.0221627,0.0386787,0.397629,-107.343,261.625,-1642.3,0.147227,3,OK,-107.176,261.71,-1642.32,OK,-146.583,228.762,-1639.14,OK,-153.333,304.798,-1637.79,,364674562,Port:3,0,1773303509,368824163,Missing,,,,,,,,,4,Missing,,,,Missing,,,,Missing,,,,Missing,,,,,364674562,Port:65535,0,1773303509,368824163,Missing,,,,,,,,,0
4,,364674565,Port:1,0,1773303509,418824163,100000000,Enabled,0.663009,0.389457,-0.568098,0.293268,-78.8698,124.109,-1762.95,0.165505,4,OK,-78.7622,123.954,-1763.05,OK,-124.269,104.185,-1755.51,OK,-125.09,49.403,-1758.5,OK,-63.2314,66.6545,-1768.94,,364674565,Port:2,0,1773303509,418824163,Enabled,0.916494,0.0220504,0.0380781,0.397621,-107.337,261.613,-1642.25,0.142771,3,OK,-107.172,261.692,-1642.26,OK,-146.578,228.757,-1639.14,OK,-153.331,304.787,-1637.78,,364674565,Port:3,0,1773303509,418824163,Missing,,,,,,,,,4,Missing,,,,Missing,,,,Missing,,,,Missing,,,,,364674565,Port:65535,0,1773303509,418824163,Missing,,,,,,,,,0
4,,364674571,Port:1,0,1773303509,518824163,50000000,Enabled,0.660987,0.371727,-0.581399,0.294772,-77.2539,126.737,-1767.49,0.144973,4,OK,-77.149,126.588,-1767.55,OK,-123.393,108.177,-1761.23,OK,-125.625,53.3872,-1763.33,OK,-63.0341,68.7804,-1772.12,,364674571,Port:2,0,1773303509,518824163,Enabled,0.916478,0.0219027,0.0385339,0.397623,-107.335,261.621,-1642.27,0.146452,3,OK,-107.169,261.705,-1642.28,OK,-146.577,228.761,-1639.11,OK,-153.326,304.795,-1637.79,,364674571,Port:3,0,1773303509,518824163,Missing,,,,,,,,,4,Missing,,,,Missing,,,,Missing,,,,Missing,,,,,364674571,Port:65535,0,1773303509,518824163,Missing,,,,,,,,,0
4,,364674574,Port:1,0,1773303509,568824163,50000000,Enabled,0.65965,0.360729,-0.59008,0.29418,-75.9678,128.324,-1769.74,0.1447,4,OK,-75.8753,128.164,-1769.79,OK,-122.57,110.706,-1764.23,OK,-125.813,55.9594,-1765.95,OK,-62.7748,70.0653,-1773.66,,364674574,Port:2,0,1773303509,568824163,Enabled,0.916489,0.0220927,0.038378,0.397602,-107.341,261.618,-1642.3,0.144281,3,OK,-107.176,261.701,-1642.32,OK,-146.584,228.762,-1639.17,OK,-153.33,304.791,-1637.81,,364674574,Port:3,0,1773303509,568824163,Missing,,,,,,,,,4,Missing,,,,Missing,,,,Missing,,,,Missing,,,,,364674574,Port:65535,0,1773303509,568824163,Missing,,,,,,,,,0
4,,364674577,Port:1,0,1773303509,618824163,50000000,Enabled,0.659257,0.350547,-0.596313,0.294802,-74.6574,130.034,-1772.13,0.151676,4,OK,-74.5607,129.885,-1772.21,OK,-121.597,113.18,-1767.12,OK,-125.67,58.4858,-1768.39,OK,-62.33,71.5417,-1775.24,,364674577,Port:2,0,1773303509,618824163,Enabled,0.916466,0.0220624,0.0386353,0.397631,-107.341,261.62,-1642.3,0.142545,3,OK,-107.182,261.704,-1642.32,OK,-146.577,228.758,-1639.14,OK,-153.329,304.792,-1637.8,,364674577,Port:3,0,1773303509,618824163,Missing,,,,,,,,,4,Missing,,,,Missing,,,,Missing,,,,Missing,,,,,364674577,Port:65535,0,1773303509,618824163,Missing,,,,,,,,,0
4,,364674580,Port:1,0,1773303509,668824163,100000000,Enabled,0.657755,0.333291,-0.60862,0.293013,-72.27,132.688,-1775.49,0.141668,4,OK,-72.1727,132.538,-1775.54,OK,-119.819,117.332,-1771.6,OK,-125.548,62.7833,-1772.26,OK,-61.68,73.818,-1777.6,,364674580,Port:2,0,1773303509,668824163,Enabled,0.916498,0.0219629,0.0382126,0.397604,-107.333,261.616,-1642.26,0.149391,3,OK,-107.164,261.701,-1642.28,OK,-146.58,228.753,-1639.14,OK,-153.325,304.795,-1637.79,,364674580,Port:3,0,1773303509,668824163,Missing,,,,,,,,,4,Missing,,,,Missing,,,,Missing,,,,Missing,,,,,364674580,Port:65535,0,1773303509,668824163,Missing,,,,,,,,,0
4,,364674586,Port:1,0,1773303509,768824163,50000000,Enabled,0.656194,0.3003,-0.628308,0.290616,-67.4908,138.985,-1782.77,0.13859,4,OK,-67.3907,138.846,-1782.8,OK,-115.958,126.367,-1780.67,OK,-124.701,72.2343,-1780.15,OK,-60.1409,79.5785,-1782.82,,364674586,Port:2,0,1773303509,768824163,Enabled,0.916493,0.0219454,0.038332,0.397605,-107.335,261.612,-1642.27,0.146604,3,OK,-107.165,261.692,-1642.28,OK,-146.579,228.755,-1639.14,OK,-153.329,304.79,-1637.8,,364674586,Port:3,0,1773303509,768824163,Missing,,,,,,,,,4,Missing,,,,Missing,,,,Missing,,,,Missing,,,,,364674586,Port:65535,0,1773303509,768824163,Missing,,,,,,,,,0
4,,364674589,Port:1,0,1773303509,818824163,50000000,Enabled,0.654794,0.282558,-0.638115,0.290198,-65.1474,142.633,-1786.88,0.13341,4,OK,-65.0403,142.512,-1786.88,OK,-113.999,131.388,-1785.82,OK,-124.244,77.5544,-1784.6,OK,-59.4841,83.0351,-1785.82,,364674589,Port:2,0,1773303509,818824163,Enabled,0.916458,0.0221707,0.038843,0.397623,-107.338,261.622,-1642.34,0.147914,3,OK,-107.168,261.705,-1642.35,OK,-146.578,228.762,-1639.16,OK,-153.328,304.794,-1637.81,,364674589,Port:3,0,1773303509,818824163,Missing,,,,,,,,,4,Missing,,,,Missing,,,,Missing,,,,Missing,,,,,364674589,Port:65535,0,1773303509,818824163,Missing,,,,,,,,,0
4,,364674592,Port:1,0,1773303509,868824163,50000000,Enabled,0.654066,0.263119,-0.647311,0.28975,-62.5415,146.417,-1791.36,0.138487,4,OK,-62.4396,146.3,-1791.31,OK,-111.725,136.659,-1791.33,OK,-123.627,83.1969,-1789.25,OK,-58.7155,86.6981,-1789.08,,364674592,Port:2,0,1773303509,868824163,Enabled,0.916472,0.0215637,0.0385741,0.397652,-107.334,261.62,-1642.26,0.147677,3,OK,-107.165,261.702,-1642.27,OK,-146.573,228.757,-1639.09,OK,-153.332,304.797,-1637.82,,364674592,Port:3,0,1773303509,868824163,Missing,,,,,,,,,4,Missing,,,,Missing,,,,Missing,,,,Missing,,,,,364674592,Port:65535,0,1773303509,868824163,Missing,,,,,,,,,0
4,,364674595,Port:1,0,1773303509,918824163,100000000,Enabled,0.653046,0.246963,-0.655134,0.288686,-60.1213,149.852,-1795.55,0.134501,4,OK,-60.026,149.723,-1795.52,OK,-109.525,141.36,-1796.35,OK,-122.859,88.2583,-1793.81,OK,-57.9,90.1096,-1792.31,,364674595,Port:2,0,1773303509,918824163,Enabled,0.916467,0.0216651,0.0388427,0.397631,-107.338,261.62,-1642.31,0.1492,3,OK,-107.166,261.699,-1642.33,OK,-146.576,228.755,-1639.12,OK,-153.335,304.804,-1637.84,,364674595,Port:3,0,1773303509,918824163,Missing,,,,,,,,,4,Missing,,,,Missing,,,,Missing,,,,Missing,,,,,364674595,Port:65535,0,1773303509,918824163,Missing,,,,,,,,,0
4,,364674601,Port:1,0,1773303510,18824163,50000000,Enabled,0.651397,0.215952,-0.667273,0.289472,-55.4137,155.312,-1803.22,0.140146,4,OK,-55.3204,155.192,-1803.16,OK,-105.104,148.974,-1805.61,OK,-120.887,96.6468,-1801.77,OK,-56.0135,95.66,-1797.95,,364674601,Port:2,0,1773303510,18824163,Enabled,0.916493,0.0221183,0.0384537,0.397584,-107.337,261.618,-1642.28,0.148033,3,OK,-107.165,261.698,-1642.3,OK,-146.583,228.763,-1639.14,OK,-153.328,304.795,-1637.78,,364674601,Port:3,0,1773303510,18824163,Missing,,,,,,,,,4,Missing,,,,Missing,,,,Missing,,,,Missing,,,,,364674601,Port:65535,0,1773303510,18824163,Missing,,,,,,,,,0
4,,364674604,Port:1,0,1773303510,68824163,50000000,Enabled,0.649616,0.198636,-0.675035,0.287873,-52.0678,157.885,-1806.63,0.149526,4,OK,-51.9721,157.762,-1806.54,OK,-101.862,152.891,-1810.04,OK,-119.15,101.051,-1805.72,OK,-54.4338,98.3562,-1800.5,,364674604,Port:2,0,1773303510,68824163,Enabled,0.916492,0.0219535,0.0383742,0.397604,-107.338,261.617,-1642.28,0.145965,3,OK,-107.169,261.699,-1642.3,OK,-146.582,228.763,-1639.15,OK,-153.329,304.791,-1637.81,,364674604,Port:3,0,1773303510,68824163,Missing,,,,,,,,,4,Missing,,,,Missing,,,,Missing,,,,Missing,,,,,364674604,Port:65535,0,1773303510,68824163,Missing,,,,,,,,,0
4,,364674607,Port:1,0,1773303510,118824163,50000000,Enabled,0.649446,0.183466,-0.680457,0.285549,-48.5879,160.322,-1810.16,0.153779,4,OK,-48.5042,160.202,-1810.06,OK,-98.4206,156.536,-1814.29,OK,-117.106,105.233,-1809.52,OK,-52.587,100.967,-1803.31,,364674607,Port:2,0,1773303510,118824163,Enabled,0.916458,0.0217218,0.0390172,0.397632,-107.34,261.625,-1642.33,0.149608,3,OK,-107.166,261.706,-1642.34,OK,-146.579,228.765,-1639.12,OK,-153.335,304.801,-1637.85,,364674607,Port:3,0,1773303510,118824163,Missing,,,,,,,,,4,Missing,,,,Missing,,,,Missing,,,,Missing,,,,,364674607,Port:65535,0,1773303510,118824163,Missing,,,,,,,,,0
4,,364674610,Port:1,0,1773303510,168824163,100000004,Enabled,0.648906,0.165511,-0.686493,0.283294,-44.6419,162.748,-1813.99,0.130805,4,OK,-44.5543,162.634,-1813.95,OK,-94.4901,160.341,-1818.88,OK,-114.763,109.698,-1813.75,OK,-50.4973,103.656,-1806.18,,364674610,Port:2,0,1773303510,168824163,Enabled,0.916483,0.0217972,0.0385974,0.397611,-107.34,261.621,-1642.31,0.147607,3,OK,-107.17,261.701,-1642.32,OK,-146.582,228.762,-1639.14,OK,-153.334,304.799,-1637.84,,364674610,Port:3,0,1773303510,168824163,Missing,,,,,,,,,4,Missing,,,,Missing,,,,Missing,,,,Missing,,,,,364674610,Port:65535,0,1773303510,168824163,Missing,,,,,,,,,0
4,,364674616,Port:1,0,1773303510,268824167,50000000,Enabled,0.645914,0.129794,-0.697636,0.281519,-37.3439,167.245,-1822,0.154727,4,OK,-37.2599,167.143,-1821.89,OK,-87.0557,167.307,-1828.84,OK,-110.18,118.006,-1822.56,OK,-46.6564,108.836,-1812.38,,364674616,Port:2,0,1773303510,268824167,Enabled,0.916474,0.0216657,0.0385817,0.397639,-107.341,261.627,-1642.31,0.14451,3,OK,-107.174,261.707,-1642.32,OK,-146.578,228.769,-1639.14,OK,-153.337,304.804,-1637.86,,364674616,Port:3,0,1773303510,268824167,Missing,,,,,,,,,4,Missing,,,,Missing,,,,Missing,,,,Missing,,,,,364674616,Port:65535,0,1773303510,268824167,Missing,,,,,,,,,0
4,,364674619,Port:1,0,1773303510,318824167,50000000,Enabled,0.6435,0.110747,-0.703479,0.280642,-33.4384,169.183,-1826.39,0.164356,4,OK,-33.3627,169.067,-1826.26,OK,-82.9763,170.475,-1834.31,OK,-107.594,121.983,-1827.58,OK,-44.5883,111.27,-1815.86,,364674619,Port:2,0,1773303510,318824167,Enabled,0.916475,0.0220602,0.0385459,0.39762,-107.337,261.622,-1642.31,0.145529,3,OK,-107.168,261.703,-1642.32,OK,-146.578,228.766,-1639.15,OK,-153.329,304.795,-1637.81,,364674619,Port:3,0,1773303510,318824167,Missing,,,,,,,,,4,Missing,,,,Missing,,,,Missing,,,,Missing,,,,,364674619,Port:65535,0,1773303510,318824167,Missing,,,,,,,,,0
4,,364674622,Port:1,0,1773303510,368824167,50000000,Enabled,0.64012,0.0915043,-0.709691,0.279665,-29.7886,170.83,-1830.52,0.172061,4,OK,-29.7195,170.723,-1830.38,OK,-79.0821,173.339,-1839.65,OK,-105.176,125.682,-1832.56,OK,-42.8038,113.446,-1819.18,,364674622,Port:2,0,1773303510,368824167,Enabled,0.916491,0.0218671,0.0385476,0.397592,-107.337,261.616,-1642.29,0.146353,3,OK,-107.165,261.692,-1642.31,OK,-146.579,228.764,-1639.14,OK,-153.332,304.796,-1637.82,,364674622,Port:3,0,1773303510,368824167,Missing,,,,,,,,,4,Missing,,,,Missing,,,,Missing,,,,Missing,,,,,364674622,Port:65535,0,1773303510,368824167,Missing,,,,,,,,,0
4,,364674625,Port:1,0,1773303510,418824167,100000000,Enabled,0.637843,0.0755873,-0.71378,0.279213,-26.7647,171.991,-1834.28,0.202894,4,OK,-26.697,171.879,-1834.09,OK,-75.8156,175.442,-1844.35,OK,-103.128,128.516,-1836.84,OK,-41.2776,115.139,-1822.24,,364674625,Port:2,0,1773303510,418824167,Enabled,0.916496,0.0219767,0.0382719,0.397603,-107.337,261.618,-1642.29,0.148042,3,OK,-107.17,261.704,-1642.3,OK,-146.583,228.757,-1639.16,OK,-153.327,304.795,-1637.81,,364674625,Port:3,0,1773303510,418824167,Missing,,,,,,,,,4,Missing,,,,Missing,,,,Missing,,,,Missing,,,,,364674625,Port:65535,0,1773303510,418824167,Missing,,,,,,,,,0
4,,364674631,Port:1,0,1773303510,518824167,50000000,Enabled,0.630843,0.0469748,-0.72188,0.280569,-21.4363,173.143,-1840.57,0.17322,4,OK,-21.3777,173.043,-1840.43,OK,-69.9619,178.056,-1852.53,OK,-99.1895,132.367,-1844.6,OK,-38.465,117.228,-1827.2,,364674631,Port:2,0,1773303510,518824167,Enabled,0.916488,0.0217928,0.0384527,0.397612,-107.334,261.613,-1642.29,0.147178,3,OK,-107.166,261.694,-1642.3,OK,-146.575,228.75,-1639.13,OK,-153.328,304.795,-1637.82,,364674631,Port:3,0,1773303510,518824167,Missing,,,,,,,,,4,Missing,,,,Missing,,,,Missing,,,,Missing,,,,,364674631,Port:65535,0,1773303510,518824167,Missing,,,,,,,,,0
4,,364674634,Port:1,0,1773303510,568824167,50000000,Enabled,0.628863,0.0358843,-0.724397,0.280165,-19.3463,173.551,-1843.05,0.192061,4,OK,-19.2802,173.46,-1842.88,OK,-67.6453,179.072,-1855.69,OK,-97.6798,133.948,-1847.53,OK,-37.4147,118.068,-1829.25,,364674634,Port:2,0,1773303510,568824167,Enabled,0.916494,0.0219065,0.0385552,0.397583,-107.338,261.618,-1642.29,0.14595,3,OK,-107.173,261.704,-1642.3,OK,-146.583,228.763,-1639.13,OK,-153.324,304.793,-1637.81,,364674634,Port:3,0,1773303510,568824167,Missing,,,,,,,,,4,Missing,,,,Missing,,,,Missing,,,,Missing,,,,,364674634,Port:65535,0,1773303510,568824167,Missing,,,,,,,,,0
4,,364674637,Port:1,0,1773303510,618824167,50000000,Enabled,0.62982,0.030814,-0.72301,0.282195,-18.5184,173.784,-1845.01,0.211316,4,OK,-18.4531,173.693,-1844.82,OK,-66.7985,179.443,-1857.73,OK,-97.0477,134.545,-1849.06,OK,-36.8766,118.527,-1830.66,,364674637,Port:2,0,1773303510,618824167,Enabled,0.916449,0.0222002,0.0390666,0.397621,-107.336,261.617,-1642.32,0.151244,3,OK,-107.163,261.704,-1642.34,OK,-146.579,228.756,-1639.12,OK,-153.324,304.786,-1637.79,,364674637,Port:3,0,1773303510,618824167,Missing,,,,,,,,,4,Missing,,,,Missing,,,,Missing,,,,Missing,,,,,364674637,Port:65535,0,1773303510,618824167,Missing,,,,,,,,,0
4,,364674640,Port:1,0,1773303510,668824167,100000000,Enabled,0.629762,0.0273207,-0.722974,0.282776,-17.9722,173.972,-1845.8,0.184752,4,OK,-17.9053,173.883,-1845.66,OK,-66.2178,179.773,-1858.6,OK,-96.667,135.065,-1849.86,OK,-36.576,118.853,-1831.15,,364674640,Port:2,0,1773303510,668824167,Enabled,0.916449,0.0220567,0.0391031,0.397625,-107.337,261.616,-1642.32,0.147375,3,OK,-107.171,261.703,-1642.34,OK,-146.575,228.753,-1639.12,OK,-153.323,304.787,-1637.8,,364674640,Port:3,0,1773303510,668824167,Missing,,,,,,,,,4,Missing,,,,Missing,,,,Missing,,,,Missing,,,,,364674640,Port:65535,0,1773303510,668824167,Missing,,,,,,,,,0
4,,364674646,Port:1,0,1773303510,768824167,50000000,Enabled,0.632245,0.0311298,-0.721028,0.281808,-18.2366,173.512,-1845.32,0.19251,4,OK,-18.162,173.41,-1845.16,OK,-66.5993,179.223,-1857.7,OK,-96.8616,134.384,-1848.91,OK,-36.5498,118.291,-1830.81,,364674646,Port:2,0,1773303510,768824167,Enabled,0.916487,0.0217574,0.038499,0.397612,-107.337,261.616,-1642.3,0.148273,3,OK,-107.165,261.696,-1642.31,OK,-146.579,228.757,-1639.14,OK,-153.333,304.797,-1637.84,,364674646,Port:3,0,1773303510,768824167,Missing,,,,,,,,,4,Missing,,,,Missing,,,,Missing,,,,Missing,,,,,364674646,Port:65535,0,1773303510,768824167,Missing,,,,,,,,,0
4,,364674649,Port:1,0,1773303510,818824167,50000000,Enabled,0.63235,0.0336362,-0.720989,0.281383,-18.692,173.303,-1845.11,0.186032,4,OK,-18.6243,173.201,-1844.95,OK,-67.0823,178.888,-1857.37,OK,-97.2084,133.961,-1848.72,OK,-36.8131,117.986,-1830.77,,364674649,Port:2,0,1773303510,818824167,Enabled,0.916484,0.0218963,0.0384893,0.397614,-107.334,261.616,-1642.3,0.148512,3,OK,-107.166,261.701,-1642.31,OK,-146.578,228.753,-1639.15,OK,-153.326,304.794,-1637.82,,364674649,Port:3,0,1773303510,818824167,Missing,,,,,,,,,4,Missing,,,,Missing,,,,Missing,,,,Missing,,,,,364674649,Port:65535,0,1773303510,818824167,Missing,,,,,,,,,0
4,,364674652,Port:1,0,1773303510,868824167,50000000,Enabled,0.631856,0.0345098,-0.720856,0.282726,-19.2891,173.353,-1845.1,0.193528,4,OK,-19.2241,173.249,-1844.93,OK,-67.6967,178.781,-1857.39,OK,-97.6713,133.75,-1848.68,OK,-37.2341,117.984,-1830.73,,364674652,Port:2,0,1773303510,868824167,Enabled,0.916456,0.0223082,0.0388876,0.397616,-107.335,261.617,-1642.32,0.148645,3,OK,-107.164,261.703,-1642.33,OK,-146.578,228.761,-1639.14,OK,-153.322,304.782,-1637.78,,364674652,Port:3,0,1773303510,868824167,Missing,,,,,,,,,4,Missing,,,,Missing,,,,Missing,,,,Missing,,,,,364674652,Port:65535,0,1773303510,868824167,Missing,,,,,,,,,0
4,,364674655,Port:1,0,1773303510,918824167,100000000,Enabled,0.632406,0.0363932,-0.719519,0.28466,-20.1328,173.509,-1845.11,0.21211,4,OK,-20.0711,173.411,-1844.92,OK,-68.612,178.696,-1857.28,OK,-98.3296,133.518,-1848.36,OK,-37.7471,118.051,-1830.63,,364674655,Port:2,0,1773303510,918824167,Enabled,0.916492,0.0219456,0.0385147,0.39759,-107.339,261.615,-1642.29,0.146602,3,OK,-107.172,261.698,-1642.31,OK,-146.583,228.757,-1639.14,OK,-153.328,304.794,-1637.81,,364674655,Port:3,0,1773303510,918824167,Missing,,,,,,,,,4,Missing,,,,Missing,,,,Missing,,,,Missing,,,,,364674655,Port:65535,0,1773303510,918824167,Missing,,,,,,,,,0
4,,364674661,Port:1,0,1773303511,18824167,50000000,Enabled,0.63702,0.0473426,-0.714496,0.285413,-21.9192,174.01,-1843.42,0.172388,4,OK,-21.8471,173.928,-1843.27,OK,-70.6581,178.586,-1854.56,OK,-99.5807,132.894,-1845.58,OK,-38.4949,118.194,-1829.14,,364674661,Port:2,0,1773303511,18824167,Enabled,0.916491,0.0218652,0.0382512,0.397621,-107.333,261.617,-1642.26,0.147079,3,OK,-107.165,261.7,-1642.27,OK,-146.577,228.756,-1639.13,OK,-153.326,304.792,-1637.8,,364674661,Port:3,0,1773303511,18824167,Missing,,,,,,,,,4,Missing,,,,Missing,,,,Missing,,,,Missing,,,,,364674661,Port:65535,0,1773303511,18824167,Missing,,,,,,,,,0
4,,364674664,Port:1,0,1773303511,68824167,50000000,Enabled,0.637592,0.0507523,-0.713849,0.285167,-22.3813,174.439,-1842.65,0.201182,4,OK,-22.3108,174.339,-1842.46,OK,-71.178,178.832,-1853.62,OK,-99.8809,133.008,-1844.68,OK,-38.657,118.523,-1828.57,,364674664,Port:2,0,1773303511,68824167,Enabled,0.916505,0.0222778,0.0379975,0.397592,-107.333,261.617,-1642.27,0.143687,3,OK,-107.165,261.695,-1642.29,OK,-146.579,228.766,-1639.18,OK,-153.326,304.789,-1637.78,,364674664,Port:3,0,1773303511,68824167,Missing,,,,,,,,,4,Missing,,,,Missing,,,,Missing,,,,Missing,,,,,364674664,Port:65535,0,1773303511,68824167,Missing,,,,,,,,,0
4,,364674667,Port:1,0,1773303511,118824167,50000000,Enabled,0.638833,0.0535903,-0.712525,0.285183,-22.7723,174.804,-1841.68,0.175965,4,OK,-22.6968,174.7,-1841.52,OK,-71.6355,179.064,-1852.36,OK,-100.141,133.096,-1843.46,OK,-38.7833,118.798,-1827.65,,364674667,Port:2,0,1773303511,118824167,Enabled,0.916498,0.0217596,0.0385034,0.397586,-107.338,261.612,-1642.28,0.145118,3,OK,-107.17,261.692,-1642.3,OK,-146.58,228.757,-1639.13,OK,-153.329,304.793,-1637.82,,364674667,Port:3,0,1773303511,118824167,Missing,,,,,,,,,4,Missing,,,,Missing,,,,Missing,,,,Missing,,,,,364674667,Port:65535,0,1773303511,118824167,Missing,,,,,,,,,0
4,,364674670,Port:1,0,1773303511,168824167,99999995,Enabled,0.638828,0.0586011,-0.712306,0.284754,-23.973,174.999,-1840.31,0.137981,4,OK,-23.906,174.908,-1840.21,OK,-72.8898,179.002,-1850.74,OK,-101.072,132.802,-1842.18,OK,-39.5639,118.778,-1826.57,,364674670,Port:2,0,1773303511,168824167,Enabled,0.916457,0.0222158,0.0387526,0.397632,-107.336,261.621,-1642.3,0.147629,3,OK,-107.167,261.704,-1642.31,OK,-146.576,228.76,-1639.13,OK,-153.327,304.793,-1637.77,,364674670,Port:3,0,1773303511,168824167,Missing,,,,,,,,,4,Missing,,,,Missing,,,,Missing,,,,Missing,,,,,364674670,Port:65535,0,1773303511,168824167,Missing,,,,,,,,,0
4,,364674676,Port:1,0,1773303511,268824162,50000000,Enabled,0.639485,0.0777985,-0.708626,0.287848,-29.4622,174.292,-1836.48,0.15266,4,OK,-29.389,174.195,-1836.36,OK,-78.6515,176.95,-1846.08,OK,-105.224,129.721,-1837.87,OK,-43.0611,117.371,-1823.54,,364674676,Port:2,0,1773303511,268824162,Enabled,0.916503,0.0220704,0.0380643,0.397601,-107.336,261.611,-1642.26,0.142172,3,OK,-107.171,261.691,-1642.28,OK,-146.579,228.759,-1639.16,OK,-153.328,304.784,-1637.79,,364674676,Port:3,0,1773303511,268824162,Missing,,,,,,,,,4,Missing,,,,Missing,,,,Missing,,,,Missing,,,,,364674676,Port:65535,0,1773303511,268824162,Missing,,,,,,,,,0
4,,364674679,Port:1,0,1773303511,318824162,50000001,Enabled,0.640309,0.0896667,-0.706252,0.288398,-32.0291,173.461,-1834.08,0.144177,4,OK,-31.9496,173.365,-1833.99,OK,-81.3603,175.346,-1843.07,OK,-107.019,127.611,-1835.26,OK,-44.4955,116.165,-1821.71,,364674679,Port:2,0,1773303511,318824162,Enabled,0.916521,0.02174,0.0377516,0.397606,-107.335,261.613,-1642.24,0.142651,3,OK,-107.171,261.691,-1642.25,OK,-146.58,228.758,-1639.16,OK,-153.332,304.792,-1637.82,,364674679,Port:3,0,1773303511,318824162,Missing,,,,,,,,,4,Missing,,,,Missing,,,,Missing,,,,Missing,,,,,364674679,Port:65535,0,1773303511,318824162,Missing,,,,,,,,,0
4,,364674682,Port:1,0,1773303511,368824163,49999999,Enabled,0.641181,0.0988678,-0.704631,0.287416,-33.437,172.663,-1831.81,0.156799,4,OK,-33.3625,172.562,-1831.69,OK,-82.8473,174.091,-1840.39,OK,-107.905,125.952,-1832.85,OK,-45.1437,115.096,-1820.06,,364674682,Port:2,0,1773303511,368824163,Enabled,0.916502,0.0218348,0.0383935,0.397583,-107.333,261.615,-1642.28,0.145576,3,OK,-107.165,261.695,-1642.29,OK,-146.578,228.761,-1639.14,OK,-153.325,304.794,-1637.82,,364674682,Port:3,0,1773303511,368824163,Missing,,,,,,,,,4,Missing,,,,Missing,,,,Missing,,,,Missing,,,,,364674682,Port:65535,0,1773303511,368824163,Missing,,,,,,,,,0
4,,364674685,Port:1,0,1773303511,418824162,100000000,Enabled,0.642622,0.105985,-0.703654,0.284036,-34.0874,172.108,-1829.33,0.140861,4,OK,-34.0239,171.999,-1829.24,OK,-83.5762,173.406,-1837.46,OK,-108.322,125.041,-1830.42,OK,-45.3986,114.323,-1818.22,,364674685,Port:2,0,1773303511,418824162,Enabled,0.916507,0.0220801,0.0379275,0.397604,-107.335,261.612,-1642.25,0.145922,3,OK,-107.166,261.693,-1642.26,OK,-146.584,228.76,-1639.16,OK,-153.329,304.782,-1637.78,,364674685,Port:3,0,1773303511,418824162,Missing,,,,,,,,,4,Missing,,,,Missing,,,,Missing,,,,Missing,,,,,364674685,Port:65535,0,1773303511,418824162,Missing,,,,,,,,,0
4,,364674691,Port:1,0,1773303511,518824162,50000000,Enabled,0.643092,0.118745,-0.701062,0.284331,-36.8095,170.992,-1826.04,0.181427,4,OK,-36.7327,170.876,-1825.9,OK,-86.4225,171.486,-1833.68,OK,-110.171,122.57,-1826.94,OK,-46.9069,112.847,-1815.68,,364674691,Port:2,0,1773303511,518824162,Enabled,0.916504,0.0216763,0.0380721,0.39762,-107.332,261.614,-1642.25,0.144757,3,OK,-107.168,261.697,-1642.26,OK,-146.576,228.754,-1639.13,OK,-153.326,304.791,-1637.82,,364674691,Port:3,0,1773303511,518824162,Missing,,,,,,,,,4,Missing,,,,Missing,,,,Missing,,,,Missing,,,,,364674691,Port:65535,0,1773303511,518824162,Missing,,,,,,,,,0
4,,364674694,Port:1,0,1773303511,568824162,50000001,Enabled,0.645068,0.127756,-0.69783,0.283899,-38.615,170.372,-1824.25,0.143933,4,OK,-38.5318,170.275,-1824.15,OK,-88.2796,170.34,-1831.23,OK,-111.417,121.074,-1824.78,OK,-47.9451,112.036,-1814.33,,364674694,Port:2,0,1773303511,568824162,Enabled,0.916479,0.0218447,0.0385254,0.397624,-107.342,261.612,-1642.27,0.150282,3,OK,-107.171,261.699,-1642.29,OK,-146.587,228.751,-1639.11,OK,-153.334,304.785,-1637.8,,364674694,Port:3,0,1773303511,568824162,Missing,,,,,,,,,4,Missing,,,,Missing,,,,Missing,,,,Missing,,,,,364674694,Port:65535,0,1773303511,568824162,Missing,,,,,,,,,0
4,,364674697,Port:1,0,1773303511,618824163,49999999,Enabled,0.646781,0.135654,-0.693842,0.286105,-40.3338,169.549,-1822.61,0.140473,4,OK,-40.2475,169.449,-1822.51,OK,-90.0708,168.858,-1829.01,OK,-112.45,119.241,-1822.53,OK,-48.7336,111.048,-1812.84,,364674697,Port:2,0,1773303511,618824163,Enabled,0.916492,0.022277,0.0382447,0.397598,-107.335,261.622,-1642.29,0.147081,3,OK,-107.163,261.703,-1642.31,OK,-146.583,228.77,-1639.18,OK,-153.327,304.791,-1637.79,,364674697,Port:3,0,1773303511,618824163,Missing,,,,,,,,,4,Missing,,,,Missing,,,,Missing,,,,Missing,,,,,364674697,Port:65535,0,1773303511,618824163,Missing,,,,,,,,,0
4,,364674700,Port:1,0,1773303511,668824162,100000000,Enabled,0.64943,0.144208,-0.689298,0.286902,-42.1199,168.697,-1820.71,0.136224,4,OK,-42.0347,168.611,-1820.61,OK,-91.9318,167.425,-1826.42,OK,-113.593,117.482,-1819.94,OK,-49.6349,110.01,-1811.21,,364674700,Port:2,0,1773303511,668824162,Enabled,0.916481,0.0218341,0.0382644,0.397646,-107.336,261.617,-1642.27,0.143751,3,OK,-107.17,261.697,-1642.28,OK,-146.576,228.76,-1639.14,OK,-153.333,304.789,-1637.81,,364674700,Port:3,0,1773303511,668824162,Missing,,,,,,,,,4,Missing,,,,Missing,,,,Missing,,,,Missing,,,,,364674700,Port:65535,0,1773303511,668824162,Missing,,,,,,,,,0
4,,364674706,Port:1,0,1773303511,768824162,50000000,Enabled,0.652211,0.164987,-0.680389,0.29064,-46.9848,166.663,-1816.86,0.150276,4,OK,-46.8965,166.547,-1816.76,OK,-96.8497,163.732,-1821.28,OK,-116.612,113.003,-1815.07,OK,-52.2397,107.658,-1808.14,,364674706,Port:2,0,1773303511,768824162,Enabled,0.916475,0.0220022,0.0385038,0.397628,-107.338,261.618,-1642.28,0.146042,3,OK,-107.17,261.7,-1642.3,OK,-146.579,228.761,-1639.13,OK,-153.332,304.791,-1637.8,,364674706,Port:3,0,1773303511,768824162,Missing,,,,,,,,,4,Missing,,,,Missing,,,,Missing,,,,Missing,,,,,364674706,Port:65535,0,1773303511,768824162,Missing,,,,,,,,,0
4,,364674709,Port:1,0,1773303511,818824162,50000001,Enabled,0.653327,0.174833,-0.676741,0.290894,-49.0371,165.568,-1814.44,0.148297,4,OK,-48.9507,165.441,-1814.37,OK,-98.9059,161.962,-1818.28,OK,-117.876,110.908,-1812.4,OK,-53.3339,106.418,-1806.24,,364674709,Port:2,0,1773303511,818824162,Enabled,0.916492,0.0217,0.0381041,0.397642,-107.337,261.619,-1642.25,0.146007,3,OK,-107.168,261.7,-1642.26,OK,-146.579,228.76,-1639.13,OK,-153.335,304.794,-1637.82,,364674709,Port:3,0,1773303511,818824162,Missing,,,,,,,,,4,Missing,,,,Missing,,,,Missing,,,,Missing,,,,,364674709,Port:65535,0,1773303511,818824162,Missing,,,,,,,,,0
4,,364674712,Port:1,0,1773303511,868824163,49999999,Enabled,0.655439,0.186879,-0.670732,0.292566,-51.4121,164.102,-1811.89,0.13192,4,OK,-51.3161,163.994,-1811.85,OK,-101.258,159.568,-1814.88,OK,-119.129,108.086,-1809.21,OK,-54.4448,104.795,-1804.16,,364674712,Port:2,0,1773303511,868824163,Enabled,0.91649,0.0221565,0.0382499,0.397609,-107.335,261.619,-1642.3,0.147807,3,OK,-107.164,261.702,-1642.31,OK,-146.581,228.763,-1639.18,OK,-153.327,304.791,-1637.8,,364674712,Port:3,0,1773303511,868824163,Missing,,,,,,,,,4,Missing,,,,Missing,,,,Missing,,,,Missing,,,,,364674712,Port:65535,0,1773303511,868824163,Missing,,,,,,,,,0
4,,364674715,Port:1,0,1773303511,918824162,100000000,Enabled,0.657496,0.200891,-0.663897,0.294249,-54.0952,162.281,-1808.76,0.137963,4,OK,-54.0064,162.163,-1808.69,OK,-103.872,156.67,-1810.89,OK,-120.493,104.731,-1805.4,OK,-55.6427,102.841,-1801.68,,364674715,Port:2,0,1773303511,918824162,Enabled,0.916459,0.0222168,0.0386461,0.397639,-107.343,261.625,-1642.32,0.148752,3,OK,-107.171,261.706,-1642.33,OK,-146.585,228.764,-1639.16,OK,-153.338,304.795,-1637.8,,364674715,Port:3,0,1773303511,918824162,Missing,,,,,,,,,4,Missing,,,,Missing,,,,Missing,,,,Missing,,,,,364674715,Port:65535,0,1773303511,918824162,Missing,,,,,,,,,0
4,,364674721,Port:1,0,1773303512,18824162,50000000,Enabled,0.660703,0.233244,-0.648548,0.297413,-59.8179,157.208,-1800.91,0.136805,4,OK,-59.728,157.088,-1800.84,OK,-109.29,149.089,-1801.13,OK,-123.013,96.2154,-1796.47,OK,-58.0216,97.5962,-1795.5,,364674721,Port:2,0,1773303512,18824162,Enabled,0.916467,0.0220561,0.0386524,0.397627,-107.336,261.618,-1642.29,0.149352,3,OK,-107.164,261.703,-1642.31,OK,-146.579,228.757,-1639.13,OK,-153.328,304.79,-1637.79,,364674721,Port:3,0,1773303512,18824162,Missing,,,,,,,,,4,Missing,,,,Missing,,,,Missing,,,,Missing,,,,,364674721,Port:65535,0,1773303512,18824162,Missing,,,,,,,,,0
4,,364674724,Port:1,0,1773303512,68824162,50000001,Enabled,0.662473,0.247541,-0.642116,0.29587,-61.5547,154.639,-1796.77,0.131422,4,OK,-61.4582,154.522,-1796.72,OK,-110.859,145.601,-1796.12,OK,-123.534,92.4122,-1792.09,OK,-58.557,94.9973,-1792.36,,364674724,Port:2,0,1773303512,68824162,Enabled,0.916487,0.021779,0.038552,0.397606,-107.338,261.622,-1642.27,0.147888,3,OK,-107.168,261.702,-1642.28,OK,-146.58,228.761,-1639.11,OK,-153.332,304.804,-1637.8,,364674724,Port:3,0,1773303512,68824162,Missing,,,,,,,,,4,Missing,,,,Missing,,,,Missing,,,,Missing,,,,,364674724,Port:65535,0,1773303512,68824162,Missing,,,,,,,,,0
4,,364674727,Port:1,0,1773303512,118824163,49999999,Enabled,0.66375,0.257696,-0.637036,0.295318,-62.6674,152.514,-1793.61,0.130158,4,OK,-62.5687,152.396,-1793.57,OK,-111.823,142.775,-1792.33,OK,-123.697,89.3682,-1788.7,OK,-58.7712,92.8822,-1789.87,,364674727,Port:2,0,1773303512,118824163,Enabled,0.916477,0.0216696,0.0382838,0.397661,-107.337,261.615,-1642.27,0.144262,3,OK,-107.172,261.695,-1642.28,OK,-146.574,228.752,-1639.13,OK,-153.337,304.793,-1637.83,,364674727,Port:3,0,1773303512,118824163,Missing,,,,,,,,,4,Missing,,,,Missing,,,,Missing,,,,Missing,,,,,364674727,Port:65535,0,1773303512,118824163,Missing,,,,,,,,,0
4,,364674730,Port:1,0,1773303512,168824162,100000004,Enabled,0.66394,0.266211,-0.633988,0.293897,-63.6401,150.874,-1791.17,0.134889,4,OK,-63.5432,150.75,-1791.12,OK,-112.676,140.61,-1789.53,OK,-123.955,87.0418,-1786.34,OK,-59.0898,91.2507,-1788.16,,364674730,Port:2,0,1773303512,168824162,Enabled,0.91645,0.0222376,0.0389973,0.397624,-107.342,261.62,-1642.3,0.148058,3,OK,-107.175,261.709,-1642.32,OK,-146.582,228.757,-1639.11,OK,-153.325,304.787,-1637.76,,364674730,Port:3,0,1773303512,168824162,Missing,,,,,,,,,4,Missing,,,,Missing,,,,Missing,,,,Missing,,,,,364674730,Port:65535,0,1773303512,168824162,Missing,,,,,,,,,0
4,,364674736,Port:1,0,1773303512,268824166,50000000,Enabled,0.664,0.274409,-0.630678,0.293341,-64.7826,148.996,-1788.2,0.133838,4,OK,-64.6826,148.868,-1788.17,OK,-113.691,138.163,-1786.18,OK,-124.315,84.4381,-1783.44,OK,-59.5237,89.3989,-1785.8,,364674736,Port:2,0,1773303512,268824166,Enabled,0.916457,0.021908,0.0388229,0.397642,-107.341,261.619,-1642.31,0.148097,3,OK,-107.171,261.702,-1642.32,OK,-146.58,228.759,-1639.12,OK,-153.335,304.79,-1637.81,,364674736,Port:3,0,1773303512,268824166,Missing,,,,,,,,,4,Missing,,,,Missing,,,,Missing,,,,Missing,,,,,364674736,Port:65535,0,1773303512,268824166,Missing,,,,,,,,,0
4,,364674739,Port:1,0,1773303512,318824166,50000000,Enabled,0.664595,0.278676,-0.628503,0.292639,-65.267,148.182,-1786.59,0.139858,4,OK,-65.1617,148.05,-1786.55,OK,-114.097,137.074,-1784.32,OK,-124.43,83.2811,-1781.75,OK,-59.6848,88.6167,-1784.53,,364674739,Port:2,0,1773303512,318824166,Enabled,0.916459,0.0221491,0.0389195,0.397615,-107.342,261.617,-1642.3,0.148207,3,OK,-107.171,261.701,-1642.32,OK,-146.582,228.759,-1639.12,OK,-153.331,304.789,-1637.78,,364674739,Port:3,0,1773303512,318824166,Missing,,,,,,,,,4,Missing,,,,Missing,,,,Missing,,,,Missing,,,,,364674739,Port:65535,0,1773303512,318824166,Missing,,,,,,,,,0
4,,364674742,Port:1,0,1773303512,368824166,50000000,Enabled,0.665613,0.287477,-0.623236,0.293074,-66.6011,146.671,-1784.47,0.128524,4,OK,-66.4996,146.554,-1784.44,OK,-115.231,134.862,-1781.62,OK,-124.789,80.9128,-1779.35,OK,-60.1582,87.1635,-1782.92,,364674742,Port:2,0,1773303512,368824166,Enabled,0.916457,0.0219633,0.0386859,0.397652,-107.342,261.628,-1642.32,0.150229,3,OK,-107.17,261.712,-1642.34,OK,-146.583,228.763,-1639.16,OK,-153.338,304.8,-1637.83,,364674742,Port:3,0,1773303512,368824166,Missing,,,,,,,,,4,Missing,,,,Missing,,,,Missing,,,,Missing,,,,,364674742,Port:65535,0,1773303512,368824166,Missing,,,,,,,,,0
4,,364674745,Port:1,0,1773303512,418824166,100000000,Enabled,0.665344,0.297824,-0.61826,0.293892,-68.2546,144.758,-1781.79,0.130482,4,OK,-68.1561,144.64,-1781.74,OK,-116.632,132.105,-1778.52,OK,-125.257,77.9575,-1776.63,OK,-60.7872,85.3575,-1780.94,,364674745,Port:2,0,1773303512,418824166,Enabled,0.916474,0.0217235,0.0387633,0.39762,-107.342,261.615,-1642.29,0.149386,3,OK,-107.17,261.696,-1642.31,OK,-146.583,228.753,-1639.11,OK,-153.337,304.795,-1637.83,,364674745,Port:3,0,1773303512,418824166,Missing,,,,,,,,,4,Missing,,,,Missing,,,,Missing,,,,Missing,,,,,364674745,Port:65535,0,1773303512,418824166,Missing,,,,,,,,,0
4,,364674751,Port:1,0,1773303512,518824166,50000000,Enabled,0.667421,0.322763,-0.602177,0.296236,-72.1684,140.79,-1775.7,0.125914,4,OK,-72.0721,140.666,-1775.71,OK,-119.813,126.025,-1770.85,OK,-126.097,71.5414,-1769.86,OK,-62.1719,81.7618,-1776.3,,364674751,Port:2,0,1773303512,518824166,Enabled,0.916495,0.022187,0.0382897,0.397592,-107.34,261.621,-1642.28,0.146694,3,OK,-107.171,261.704,-1642.29,OK,-146.587,228.767,-1639.15,OK,-153.329,304.791,-1637.78,,364674751,Port:3,0,1773303512,518824166,Missing,,,,,,,,,4,Missing,,,,Missing,,,,Missing,,,,Missing,,,,,364674751,Port:65535,0,1773303512,518824166,Missing,,,,,,,,,0
4,,364674754,Port:1,0,1773303512,568824166,50000000,Enabled,0.668209,0.336623,-0.591983,0.299564,-74.7609,138.227,-1772.49,0.127384,4,OK,-74.6574,138.111,-1772.54,OK,-121.874,122.139,-1766.75,OK,-126.663,67.4696,-1766.14,OK,-63.1776,79.4994,-1773.76,,364674754,Port:2,0,1773303512,568824166,Enabled,0.916494,0.0220031,0.0381552,0.397617,-107.337,261.623,-1642.28,0.145426,3,OK,-107.167,261.701,-1642.29,OK,-146.581,228.77,-1639.16,OK,-153.334,304.797,-1637.81,,364674754,Port:3,0,1773303512,568824166,Missing,,,,,,,,,4,Missing,,,,Missing,,,,Missing,,,,Missing,,,,,364674754,Port:65535,0,1773303512,568824166,Missing,,,,,,,,,0
4,,364674757,Port:1,0,1773303512,618824166,50000000,Enabled,0.667992,0.351679,-0.581928,0.302437,-77.3998,135.25,-1769.19,0.141305,4,OK,-77.2917,135.14,-1769.27,OK,-123.919,117.749,-1762.65,OK,-127.136,62.9822,-1762.6,OK,-64.1624,76.8936,-1771.32,,364674757,Port:2,0,1773303512,618824166,Enabled,0.916505,0.0219177,0.0382219,0.397589,-107.34,261.616,-1642.25,0.143433,3,OK,-107.174,261.694,-1642.27,OK,-146.583,228.763,-1639.13,OK,-153.332,304.795,-1637.79,,364674757,Port:3,0,1773303512,618824166,Missing,,,,,,,,,4,Missing,,,,Missing,,,,Missing,,,,Missing,,,,,364674757,Port:65535,0,1773303512,618824166,Missing,,,,,,,,,0
4,,364674760,Port:1,0,1773303512,668824166,100000000,Enabled,0.667789,0.366425,-0.572456,0.303453,-79.3435,132.153,-1765.13,0.137568,4,OK,-79.2356,132.035,-1765.2,OK,-125.262,113.407,-1757.88,OK,-127.091,58.5581,-1758.48,OK,-64.6932,74.1878,-1768.31,,364674760,Port:2,0,1773303512,668824166,Enabled,0.91649,0.0215967,0.0381903,0.397644,-107.338,261.628,-1642.26,0.147472,3,OK,-107.169,261.71,-1642.27,OK,-146.581,228.767,-1639.13,OK,-153.338,304.806,-1637.83,,364674760,Port:3,0,1773303512,668824166,Missing,,,,,,,,,4,Missing,,,,Missing,,,,Missing,,,,Missing,,,,,364674760,Port:65535,0,1773303512,668824166,Missing,,,,,,,,,0
4,,364674766,Port:1,0,1773303512,768824166,50000000,Enabled,0.667515,0.3951,-0.551771,0.306382,-82.6311,125.756,-1757.67,0.15753,4,OK,-82.5228,125.646,-1757.79,OK,-127.165,104.475,-1748.9,OK,-126.204,49.624,-1750.79,OK,-65.1481,68.725,-1762.81,,364674766,Port:2,0,1773303512,768824166,Enabled,0.916477,0.0218657,0.0384778,0.397632,-107.344,261.629,-1642.29,0.146018,3,OK,-107.175,261.71,-1642.31,OK,-146.584,228.771,-1639.14,OK,-153.339,304.803,-1637.82,,364674766,Port:3,0,1773303512,768824166,Missing,,,,,,,,,4,Missing,,,,Missing,,,,Missing,,,,Missing,,,,,364674766,Port:65535,0,1773303512,768824166,Missing,,,,,,,,,0
4,,364674769,Port:1,0,1773303512,818824166,50000000,Enabled,0.667393,0.40884,-0.541138,0.307581,-84.0815,122.549,-1754.04,0.144321,4,OK,-83.9669,122.448,-1754.14,OK,-127.879,100.057,-1744.59,OK,-125.569,45.2678,-1747.04,OK,-65.2788,66.0302,-1760.2,,364674769,Port:2,0,1773303512,818824166,Enabled,0.916506,0.0220552,0.0377607,0.397624,-107.338,261.624,-1642.24,0.142876,3,OK,-107.171,261.701,-1642.25,OK,-146.582,228.77,-1639.16,OK,-153.335,304.796,-1637.78,,364674769,Port:3,0,1773303512,818824166,Missing,,,,,,,,,4,Missing,,,,Missing,,,,Missing,,,,Missing,,,,,364674769,Port:65535,0,1773303512,818824166,Missing,,,,,,,,,0
4,,364674772,Port:1,0,1773303512,868824166,50000000,Enabled,0.665978,0.424614,-0.52885,0.310634,-86.0096,118.737,-1750.27,0.149107,4,OK,-85.8885,118.637,-1750.37,OK,-128.838,94.7501,-1740.11,OK,-124.842,40.0748,-1743.26,OK,-65.5662,62.9354,-1757.48,,364674772,Port:2,0,1773303512,868824166,Enabled,0.91649,0.0221349,0.0381642,0.397616,-107.339,261.617,-1642.25,0.145169,3,OK,-107.171,261.699,-1642.26,OK,-146.583,228.762,-1639.14,OK,-153.331,304.788,-1637.76,,364674772,Port:3,0,1773303512,868824166,Missing,,,,,,,,,4,Missing,,,,Missing,,,,Missing,,,,Missing,,,,,364674772,Port:65535,0,1773303512,868824166,Missing,,,,,,,,,0
4,,364674775,Port:1,0,1773303512,918824166,100000000,Enabled,0.66568,0.440647,-0.514703,0.312701,-87.6453,114.758,-1746.7,0.200937,4,OK,-87.5216,114.664,-1746.89,OK,-129.41,89.3036,-1735.58,OK,-123.764,34.8287,-1739.61,OK,-65.629,59.7161,-1755.02,,364674775,Port:2,0,1773303512,918824166,Enabled,0.916498,0.0217441,0.0385327,0.397584,-107.343,261.623,-1642.27,0.147679,3,OK,-107.174,261.705,-1642.29,OK,-146.588,228.765,-1639.11,OK,-153.334,304.804,-1637.81,,364674775,Port:3,0,1773303512,918824166,Missing,,,,,,,,,4,Missing,,,,Missing,,,,Missing,,,,Missing,,,,,364674775,Port:65535,0,1773303512,918824166,Missing,,,,,,,,,0
4,,364674781,Port:1,0,1773303513,18824166,50000000,Enabled,0.664168,0.470445,-0.488406,0.314677,-89.1313,106.702,-1738.9,0.191909,4,OK,-89.0161,106.597,-1739.08,OK,-128.755,78.6524,-1726.35,OK,-120.223,24.6913,-1731.93,OK,-64.4976,53.2202,-1749.62,,364674781,Port:2,0,1773303513,18824166,Enabled,0.9165,0.0219581,0.0382185,0.397598,-107.337,261.613,-1642.25,0.145556,3,OK,-107.169,261.695,-1642.27,OK,-146.582,228.76,-1639.13,OK,-153.329,304.787,-1637.79,,364674781,Port:3,0,1773303513,18824166,Missing,,,,,,,,,4,Missing,,,,Missing,,,,Missing,,,,Missing,,,,,364674781,Port:65535,0,1773303513,18824166,Missing,,,,,,,,,0
4,,364674784,Port:1,0,1773303513,68824166,50000000,Enabled,0.662318,0.486168,-0.474408,0.316089,-90.0759,102.281,-1735.09,0.187422,4,OK,-89.9574,102.195,-1735.26,OK,-128.498,72.8499,-1721.91,OK,-118.401,19.2313,-1728.38,OK,-64.0178,49.733,-1747.13,,364674784,Port:2,0,1773303513,68824166,Enabled,0.916501,0.0218701,0.0381015,0.397614,-107.342,261.625,-1642.28,0.147762,3,OK,-107.171,261.706,-1642.29,OK,-146.589,228.768,-1639.16,OK,-153.339,304.801,-1637.83,,364674784,Port:3,0,1773303513,68824166,Missing,,,,,,,,,4,Missing,,,,Missing,,,,Missing,,,,Missing,,,,,364674784,Port:65535,0,1773303513,68824166,Missing,,,,,,,,,0
4,,364674787,Port:1,0,1773303513,118824166,50000000,Enabled,0.659863,0.500508,-0.460948,0.318747,-90.7849,97.904,-1731.37,0.188922,4,OK,-90.6597,97.8212,-1731.56,OK,-127.931,67.1312,-1717.68,OK,-116.299,13.9247,-1724.95,OK,-63.395,46.3467,-1744.53,,364674787,Port:2,0,1773303513,118824166,Enabled,0.916515,0.0221423,0.0378861,0.397585,-107.342,261.627,-1642.27,0.14355,3,OK,-107.177,261.709,-1642.29,OK,-146.589,228.776,-1639.19,OK,-153.331,304.8,-1637.8,,364674787,Port:3,0,1773303513,118824166,Missing,,,,,,,,,4,Missing,,,,Missing,,,,Missing,,,,Missing,,,,,364674787,Port:65535,0,1773303513,118824166,Missing,,,,,,,,,0
4,,364674790,Port:1,0,1773303513,168824166,100000001,Enabled,0.657663,0.513366,-0.448869,0.320082,-91.0718,93.8874,-1728.09,0.166626,4,OK,-90.9515,93.8099,-1728.24,OK,-127.086,61.9828,-1713.99,OK,-114.165,9.19101,-1722,OK,-62.5744,43.2197,-1742.37,,364674790,Port:2,0,1773303513,168824166,Enabled,0.916482,0.0222564,0.038649,0.397583,-107.343,261.617,-1642.29,0.148799,3,OK,-107.172,261.703,-1642.3,OK,-146.59,228.764,-1639.13,OK,-153.328,304.785,-1637.77,,364674790,Port:3,0,1773303513,168824166,Missing,,,,,,,,,4,Missing,,,,Missing,,,,Missing,,,,Missing,,,,,364674790,Port:65535,0,1773303513,168824166,Missing,,,,,,,,,0
4,,364674796,Port:1,0,1773303513,268824167,50000000,Enabled,0.655256,0.534224,-0.42607,0.322038,-90.9299,87.2153,-1722.89,0.187501,4,OK,-90.796,87.1484,-1723.06,OK,-124.883,53.4802,-1707.84,OK,-109.866,1.46294,-1717.13,OK,-60.6911,38.1276,-1739,,364674796,Port:2,0,1773303513,268824167,Enabled,0.916504,0.0219526,0.0380091,0.39761,-107.337,261.622,-1642.24,0.142762,3,OK,-107.173,261.702,-1642.26,OK,-146.579,228.766,-1639.14,OK,-153.33,304.798,-1637.79,,364674796,Port:3,0,1773303513,268824167,Missing,,,,,,,,,4,Missing,,,,Missing,,,,Missing,,,,Missing,,,,,364674796,Port:65535,0,1773303513,268824167,Missing,,,,,,,,,0
4,,364674799,Port:1,0,1773303513,318824167,50000000,Enabled,0.65129,0.546999,-0.413438,0.325089,-91.4988,83.2801,-1720.14,0.207602,4,OK,-91.3789,83.2266,-1720.36,OK,-124.099,48.3827,-1704.8,OK,-107.658,-3.08704,-1714.99,OK,-60.0783,35.3021,-1737.27,,364674799,Port:2,0,1773303513,318824167,Enabled,0.916476,0.0218278,0.0386568,0.397619,-107.339,261.617,-1642.27,0.149153,3,OK,-107.165,261.698,-1642.29,OK,-146.582,228.76,-1639.1,OK,-153.334,304.791,-1637.8,,364674799,Port:3,0,1773303513,318824167,Missing,,,,,,,,,4,Missing,,,,Missing,,,,Missing,,,,Missing,,,,,364674799,Port:65535,0,1773303513,318824167,Missing,,,,,,,,,0
4,,364674802,Port:1,0,1773303513,368824167,50000000,Enabled,0.647643,0.560589,-0.397839,0.328667,-92.2069,78.7933,-1717.07,0.204919,4,OK,-92.0592,78.7305,-1717.27,OK,-123.224,42.6315,-1701.35,OK,-105.199,-8.14236,-1712.31,OK,-59.5142,32.1338,-1735.34,,364674802,Port:2,0,1773303513,368824167,Enabled,0.916463,0.0218823,0.0387935,0.397633,-107.344,261.63,-1642.31,0.147645,3,OK,-107.173,261.711,-1642.32,OK,-146.583,228.77,-1639.13,OK,-153.338,304.803,-1637.82,,364674802,Port:3,0,1773303513,368824167,Missing,,,,,,,,,4,Missing,,,,Missing,,,,Missing,,,,Missing,,,,,364674802,Port:65535,0,1773303513,368824167,Missing,,,,,,,,,0
4,,364674805,Port:1,0,1773303513,418824167,100000000,Enabled,0.641656,0.579797,-0.374931,0.333976,-92.7813,72.7574,-1713.09,0.196193,4,OK,-92.6297,72.6982,-1713.29,OK,-121.389,34.8476,-1696.9,OK,-101.105,-14.7638,-1709.05,OK,-58.3305,28.0652,-1732.99,,364674805,Port:2,0,1773303513,418824167,Enabled,0.916457,0.0218305,0.0388529,0.397645,-107.338,261.628,-1642.29,0.150135,3,OK,-107.167,261.713,-1642.31,OK,-146.578,228.763,-1639.11,OK,-153.332,304.803,-1637.81,,364674805,Port:3,0,1773303513,418824167,Missing,,,,,,,,,4,Missing,,,,Missing,,,,Missing,,,,Missing,,,,,364674805,Port:65535,0,1773303513,418824167,Missing,,,,,,,,,0
4,,364674811,Port:1,0,1773303513,518824167,50000000,Enabled,0.629876,0.611919,-0.335943,0.340521,-91.6912,60.7288,-1705.73,0.266417,4,OK,-91.5363,60.6737,-1706.03,OK,-116.045,20.1713,-1688.92,OK,-92.3244,-27.2716,-1703.63,OK,-54.7397,19.628,-1728.57,,364674811,Port:2,0,1773303513,518824167,Enabled,0.916465,0.0220885,0.0386993,0.397626,-107.341,261.627,-1642.3,0.147897,3,OK,-107.172,261.71,-1642.32,OK,-146.583,228.766,-1639.14,OK,-153.333,304.799,-1637.8,,364674811,Port:3,0,1773303513,518824167,Missing,,,,,,,,,4,Missing,,,,Missing,,,,Missing,,,,Missing,,,,,364674811,Port:65535,0,1773303513,518824167,Missing,,,,,,,,,0
4,,364674814,Port:1,0,1773303513,568824167,50000000,Enabled,0.626271,0.62104,-0.324993,0.341283,-90.5305,56.8865,-1703.3,0.287462,4,OK,-90.3713,56.8098,-1703.62,OK,-113.673,15.655,-1686.39,OK,-89.1136,-31.1051,-1701.92,OK,-53.0379,16.8338,-1727.07,,364674814,Port:2,0,1773303513,568824167,Enabled,0.916487,0.0219227,0.0383879,0.397615,-107.336,261.62,-1642.27,0.147561,3,OK,-107.167,261.706,-1642.28,OK,-146.581,228.763,-1639.13,OK,-153.327,304.792,-1637.8,,364674814,Port:3,0,1773303513,568824167,Missing,,,,,,,,,4,Missing,,,,Missing,,,,Missing,,,,Missing,,,,,364674814,Port:65535,0,1773303513,568824167,Missing,,,,,,,,,0
4,,364674817,Port:1,0,1773303513,618824167,50000000,Enabled,0.624668,0.62601,-0.317071,0.342589,-89.8942,54.5546,-1702,0.27592,4,OK,-89.7247,54.4776,-1702.31,OK,-112.208,12.9241,-1684.96,OK,-87.0749,-33.4076,-1700.79,OK,-52.0341,15.156,-1726.27,,364674817,Port:2,0,1773303513,618824167,Enabled,0.916425,0.0219228,0.039341,0.397664,-107.34,261.624,-1642.31,0.14599,3,OK,-107.174,261.708,-1642.32,OK,-146.571,228.759,-1639.07,OK,-153.33,304.795,-1637.79,,364674817,Port:3,0,1773303513,618824167,Missing,,,,,,,,,4,Missing,,,,Missing,,,,Missing,,,,Missing,,,,,364674817,Port:65535,0,1773303513,618824167,Missing,,,,,,,,,0
4,,364674820,Port:1,0,1773303513,668824167,100000000,Enabled,0.621597,0.634136,-0.304325,0.344782,-89.669,52.01,-1700.39,0.260603,4,OK,-89.5162,51.9405,-1700.68,OK,-110.625,9.76166,-1683.15,OK,-84.5396,-35.8428,-1699.59,OK,-51.193,13.6755,-1725.47,,364674820,Port:2,0,1773303513,668824167,Enabled,0.916527,0.0215561,0.0378082,0.397597,-107.338,261.624,-1642.23,0.143321,3,OK,-107.173,261.702,-1642.24,OK,-146.583,228.769,-1639.13,OK,-153.336,304.807,-1637.83,,364674820,Port:3,0,1773303513,668824167,Missing,,,,,,,,,4,Missing,,,,Missing,,,,Missing,,,,Missing,,,,,364674820,Port:65535,0,1773303513,668824167,Missing,,,,,,,,,0
4,,364674826,Port:1,0,1773303513,768824167,50000000,Enabled,0.615314,0.648013,-0.279607,0.351124,-88.7961,47.0078,-1697.65,0.268936,4,OK,-88.6406,46.9565,-1697.95,OK,-107.032,3.67646,-1680.03,OK,-79.0781,-40.4849,-1697.44,OK,-49.1296,10.8205,-1723.99,,364674826,Port:2,0,1773303513,768824167,Enabled,0.916484,0.0217837,0.0383634,0.397631,-107.34,261.623,-1642.29,0.143098,3,OK,-107.177,261.704,-1642.3,OK,-146.579,228.764,-1639.14,OK,-153.335,304.799,-1637.83,,364674826,Port:3,0,1773303513,768824167,Missing,,,,,,,,,4,Missing,,,,Missing,,,,Missing,,,,Missing,,,,,364674826,Port:65535,0,1773303513,768824167,Missing,,,,,,,,,0
4,,364674829,Port:1,0,1773303513,818824167,50000000,Enabled,0.61207,0.657812,-0.259267,0.354166,-87.4439,44.0533,-1695.6,0.264438,4,OK,-87.2884,44.0148,-1695.9,OK,-103.557,0.0756989,-1677.56,OK,-74.4097,-43.0266,-1695.71,OK,-47.1574,9.38939,-1722.99,,364674829,Port:2,0,1773303513,818824167,Enabled,0.916481,0.0222175,0.0385623,0.397595,-107.345,261.62,-1642.28,0.144118,3,OK,-107.181,261.704,-1642.29,OK,-146.587,228.765,-1639.13,OK,-153.331,304.791,-1637.76,,364674829,Port:3,0,1773303513,818824167,Missing,,,,,,,,,4,Missing,,,,Missing,,,,Missing,,,,Missing,,,,,364674829,Port:65535,0,1773303513,818824167,Missing,,,,,,,,,0
4,,364674832,Port:1,0,1773303513,868824167,50000000,Enabled,0.609038,0.663376,-0.246657,0.358002,-86.9281,41.7848,-1694.46,0.325911,4,OK,-86.775,41.7535,-1694.84,OK,-101.648,-2.61485,-1676.13,OK,-71.621,-44.9129,-1694.8,OK,-46.0835,8.19141,-1722.32,,364674832,Port:2,0,1773303513,868824167,Enabled,0.916508,0.0219551,0.0382831,0.397574,-107.335,261.621,-1642.26,0.147941,3,OK,-107.161,261.7,-1642.28,OK,-146.584,228.771,-1639.14,OK,-153.328,304.798,-1637.79,,364674832,Port:3,0,1773303513,868824167,Missing,,,,,,,,,4,Missing,,,,Missing,,,,Missing,,,,Missing,,,,,364674832,Port:65535,0,1773303513,868824167,Missing,,,,,,,,,0
4,,364674835,Port:1,0,1773303513,918824167,100000000,Enabled,0.608123,0.664904,-0.243962,0.35857,-86.7697,41.0781,-1694.1,0.290047,4,OK,-86.6234,41.0369,-1694.44,OK,-101.191,-3.4082,-1675.8,OK,-70.9656,-45.5226,-1694.54,OK,-45.812,7.73193,-1722.15,,364674835,Port:2,0,1773303513,918824167,Enabled,0.916483,0.0220351,0.0383588,0.397621,-107.338,261.619,-1642.27,0.148478,3,OK,-107.167,261.7,-1642.29,OK,-146.583,228.76,-1639.14,OK,-153.333,304.792,-1637.79,,364674835,Port:3,0,1773303513,918824167,Missing,,,,,,,,,4,Missing,,,,Missing,,,,Missing,,,,Missing,,,,,364674835,Port:65535,0,1773303513,918824167,Missing,,,,,,,,,0
4,,364674841,Port:1,0,1773303514,18824167,50000000,Enabled,0.610835,0.662435,-0.244483,0.358173,-86.6578,42.5373,-1694.64,0.313549,4,OK,-86.5122,42.4982,-1695.01,OK,-101.281,-1.77593,-1676.05,OK,-71.228,-44.1353,-1694.57,OK,-45.8298,8.84524,-1722.45,,364674841,Port:2,0,1773303514,18824167,Enabled,0.916516,0.0218128,0.0381733,0.397573,-107.337,261.621,-1642.26,0.145294,3,OK,-107.168,261.698,-1642.27,OK,-146.583,228.769,-1639.13,OK,-153.331,304.805,-1637.81,,364674841,Port:3,0,1773303514,18824167,Missing,,,,,,,,,4,Missing,,,,Missing,,,,Missing,,,,Missing,,,,,364674841,Port:65535,0,1773303514,18824167,Missing,,,,,,,,,0
4,,364674844,Port:1,0,1773303514,68824167,50000000,Enabled,0.611534,0.661353,-0.243963,0.359333,-86.9362,43.1142,-1694.95,0.318476,4,OK,-86.7754,43.0724,-1695.32,OK,-101.521,-1.15563,-1676.25,OK,-71.4152,-43.5542,-1694.58,OK,-46.064,9.39278,-1722.58,,364674844,Port:2,0,1773303514,68824167,Enabled,0.916467,0.021847,0.0387175,0.397632,-107.338,261.624,-1642.29,0.14519,3,OK,-107.17,261.705,-1642.3,OK,-146.576,228.767,-1639.12,OK,-153.331,304.796,-1637.81,,364674844,Port:3,0,1773303514,68824167,Missing,,,,,,,,,4,Missing,,,,Missing,,,,Missing,,,,Missing,,,,,364674844,Port:65535,0,1773303514,68824167,Missing,,,,,,,,,0
4,,364674847,Port:1,0,1773303514,118824167,50000000,Enabled,0.611699,0.661102,-0.244165,0.359379,-87.2204,43.3909,-1695.2,0.300236,4,OK,-87.0711,43.3547,-1695.55,OK,-101.847,-0.876137,-1676.49,OK,-71.7456,-43.2736,-1694.77,OK,-46.3191,9.63494,-1722.84,,364674847,Port:2,0,1773303514,118824167,Enabled,0.916486,0.0220211,0.0386091,0.39759,-107.342,261.624,-1642.29,0.148076,3,OK,-107.168,261.706,-1642.31,OK,-146.588,228.775,-1639.13,OK,-153.332,304.794,-1637.8,,364674847,Port:3,0,1773303514,118824167,Missing,,,,,,,,,4,Missing,,,,Missing,,,,Missing,,,,Missing,,,,,364674847,Port:65535,0,1773303514,118824167,Missing,,,,,,,,,0
4,,364674850,Port:1,0,1773303514,168824167,99999995,Enabled,0.611922,0.660639,-0.245738,0.358775,-87.0763,43.7455,-1695.28,0.257696,4,OK,-86.9288,43.7095,-1695.58,OK,-101.865,-0.464837,-1676.68,OK,-71.8602,-42.9675,-1694.85,OK,-46.2688,9.85252,-1722.89,,364674850,Port:2,0,1773303514,168824167,Enabled,0.916469,0.0219674,0.0386236,0.39763,-107.339,261.626,-1642.28,0.147524,3,OK,-107.171,261.71,-1642.3,OK,-146.58,228.764,-1639.12,OK,-153.331,304.799,-1637.79,,364674850,Port:3,0,1773303514,168824167,Missing,,,,,,,,,4,Missing,,,,Missing,,,,Missing,,,,Missing,,,,,364674850,Port:65535,0,1773303514,168824167,Missing,,,,,,,,,0
4,,364674856,Port:1,0,1773303514,268824162,50000000,Enabled,0.614615,0.652487,-0.261066,0.358264,-88.4068,46.5266,-1697.44,0.291531,4,OK,-88.2598,46.4852,-1697.78,OK,-104.78,2.77034,-1679.05,OK,-75.5522,-40.5642,-1696.52,OK,-47.9019,11.491,-1724.03,,364674856,Port:2,0,1773303514,268824162,Enabled,0.916475,0.0218302,0.0387678,0.397611,-107.339,261.621,-1642.29,0.143515,3,OK,-107.174,261.702,-1642.3,OK,-146.576,228.764,-1639.11,OK,-153.328,304.797,-1637.81,,364674856,Port:3,0,1773303514,268824162,Missing,,,,,,,,,4,Missing,,,,Missing,,,,Missing,,,,Missing,,,,,364674856,Port:65535,0,1773303514,268824162,Missing,,,,,,,,,0
4,,364674859,Port:1,0,1773303514,318824162,50000000,Enabled,0.617966,0.643247,-0.273416,0.359993,-90.1198,49.7614,-1699.97,0.281326,4,OK,-89.9633,49.703,-1700.29,OK,-107.816,6.51272,-1681.64,OK,-79.1433,-37.5572,-1698.1,OK,-49.8061,13.6598,-1725.37,,364674859,Port:2,0,1773303514,318824162,Enabled,0.916475,0.0221341,0.0387023,0.3976,-107.342,261.621,-1642.3,0.148325,3,OK,-107.172,261.706,-1642.32,OK,-146.586,228.763,-1639.14,OK,-153.33,304.794,-1637.79,,364674859,Port:3,0,1773303514,318824162,Missing,,,,,,,,,4,Missing,,,,Missing,,,,Missing,,,,Missing,,,,,364674859,Port:65535,0,1773303514,318824162,Missing,,,,,,,,,0
4,,364674862,Port:1,0,1773303514,368824162,50000000,Enabled,0.62249,0.635014,-0.280967,0.361,-91.5021,53.5403,-1702.47,0.274004,4,OK,-91.3521,53.4801,-1702.79,OK,-110.142,10.7908,-1683.93,OK,-81.98,-33.9109,-1699.49,OK,-51.433,16.499,-1726.9,,364674862,Port:2,0,1773303514,368824162,Enabled,0.916495,0.0218169,0.038405,0.3976,-107.34,261.622,-1642.27,0.144317,3,OK,-107.175,261.705,-1642.28,OK,-146.583,228.769,-1639.12,OK,-153.331,304.796,-1637.8,,364674862,Port:3,0,1773303514,368824162,Missing,,,,,,,,,4,Missing,,,,Missing,,,,Missing,,,,Missing,,,,,364674862,Port:65535,0,1773303514,368824162,Missing,,,,,,,,,0
4,,364674865,Port:1,0,1773303514,418824162,100000000,Enabled,0.626811,0.62615,-0.28961,0.362175,-92.8301,57.5724,-1705.16,0.269498,4,OK,-92.6829,57.5045,-1705.46,OK,-112.516,15.3598,-1686.46,OK,-84.9183,-29.9914,-1701.07,OK,-53.0206,19.5704,-1728.54,,364674865,Port:2,0,1773303514,418824162,Enabled,0.916474,0.0218649,0.0385172,0.397635,-107.334,261.623,-1642.28,0.146649,3,OK,-107.162,261.701,-1642.29,OK,-146.574,228.767,-1639.12,OK,-153.332,304.796,-1637.81,,364674865,Port:3,0,1773303514,418824162,Missing,,,,,,,,,4,Missing,,,,Missing,,,,Missing,,,,Missing,,,,,364674865,Port:65535,0,1773303514,418824162,Missing,,,,,,,,,0
4,,364674871,Port:1,0,1773303514,518824162,50000000,Enabled,0.635012,0.605777,-0.310007,0.365636,-95.6646,65.1121,-1710.95,0.244999,4,OK,-95.4944,65.0299,-1711.21,OK,-117.726,24.1202,-1692.17,OK,-91.3961,-22.5679,-1704.54,OK,-56.4794,25.0861,-1731.9,,364674871,Port:2,0,1773303514,518824162,Enabled,0.916468,0.022177,0.038713,0.397614,-107.344,261.624,-1642.32,0.147199,3,OK,-107.175,261.706,-1642.34,OK,-146.585,228.764,-1639.16,OK,-153.334,304.798,-1637.8,,364674871,Port:3,0,1773303514,518824162,Missing,,,,,,,,,4,Missing,,,,Missing,,,,Missing,,,,Missing,,,,,364674871,Port:65535,0,1773303514,518824162,Missing,,,,,,,,,0
4,,364674874,Port:1,0,1773303514,568824162,50000000,Enabled,0.637173,0.59556,-0.32126,0.368931,-96.8795,68.4726,-1713.86,0.2426,4,OK,-96.7297,68.3812,-1714.12,OK,-120.074,28.0742,-1695.25,OK,-94.2906,-19.1983,-1706.57,OK,-57.9179,27.5526,-1733.44,,364674874,Port:2,0,1773303514,568824162,Enabled,0.91646,0.0221626,0.038812,0.397623,-107.339,261.628,-1642.3,0.145688,3,OK,-107.171,261.708,-1642.32,OK,-146.577,228.77,-1639.13,OK,-153.331,304.801,-1637.78,,364674874,Port:3,0,1773303514,568824162,Missing,,,,,,,,,4,Missing,,,,Missing,,,,Missing,,,,Missing,,,,,364674874,Port:65535,0,1773303514,568824162,Missing,,,,,,,,,0
4,,364674877,Port:1,0,1773303514,618824162,50000000,Enabled,0.641509,0.586769,-0.329895,0.367883,-97.2208,71.9471,-1716.31,0.237122,4,OK,-97.0638,71.8423,-1716.55,OK,-121.5,32.1919,-1697.65,OK,-96.5435,-15.6721,-1708.16,OK,-58.827,30.0682,-1735.01,,364674877,Port:2,0,1773303514,618824162,Enabled,0.916488,0.022158,0.0384629,0.397592,-107.34,261.621,-1642.28,0.145985,3,OK,-107.173,261.703,-1642.3,OK,-146.584,228.765,-1639.14,OK,-153.329,304.796,-1637.78,,364674877,Port:3,0,1773303514,618824162,Missing,,,,,,,,,4,Missing,,,,Missing,,,,Missing,,,,Missing,,,,,364674877,Port:65535,0,1773303514,618824162,Missing,,,,,,,,,0
4,,364674880,Port:1,0,1773303514,668824162,100000000,Enabled,0.644445,0.577267,-0.340013,0.368571,-97.8772,75.3202,-1718.95,0.233049,4,OK,-97.73,75.2205,-1719.19,OK,-123.241,36.2069,-1700.42,OK,-99.0566,-12.2122,-1710.06,OK,-59.9879,32.5259,-1736.54,,364674880,Port:2,0,1773303514,668824162,Enabled,0.916515,0.0220537,0.0379329,0.397587,-107.338,261.621,-1642.27,0.150294,3,OK,-107.163,261.704,-1642.28,OK,-146.59,228.765,-1639.18,OK,-153.331,304.797,-1637.8,,364674880,Port:3,0,1773303514,668824162,Missing,,,,,,,,,4,Missing,,,,Missing,,,,Missing,,,,Missing,,,,,364674880,Port:65535,0,1773303514,668824162,Missing,,,,,,,,,0
4,,364674886,Port:1,0,1773303514,768824162,50000000,Enabled,0.647696,0.557026,-0.36579,0.369337,-99.7215,81.8762,-1724.99,0.212632,4,OK,-99.5751,81.7498,-1725.19,OK,-127.678,44.1654,-1707.3,OK,-105.284,-5.38847,-1715.23,OK,-62.9849,37.2261,-1740.39,,364674886,Port:2,0,1773303514,768824162,Enabled,0.916485,0.0218126,0.0385211,0.397611,-107.336,261.621,-1642.28,0.146662,3,OK,-107.166,261.7,-1642.29,OK,-146.578,228.764,-1639.12,OK,-153.33,304.799,-1637.81,,364674886,Port:3,0,1773303514,768824162,Missing,,,,,,,,,4,Missing,,,,Missing,,,,Missing,,,,Missing,,,,,364674886,Port:65535,0,1773303514,768824162,Missing,,,,,,,,,0
4,,364674889,Port:1,0,1773303514,818824162,50000000,Enabled,0.64982,0.544799,-0.379524,0.369985,-100.551,85.4692,-1728.29,0.219996,4,OK,-100.411,85.3528,-1728.51,OK,-129.885,48.6233,-1711.01,OK,-108.552,-1.54673,-1717.98,OK,-64.5581,39.7762,-1742.34,,364674889,Port:2,0,1773303514,818824162,Enabled,0.91646,0.0220895,0.0386567,0.397643,-107.335,261.624,-1642.3,0.146117,3,OK,-107.166,261.705,-1642.31,OK,-146.574,228.766,-1639.13,OK,-153.33,304.795,-1637.79,,364674889,Port:3,0,1773303514,818824162,Missing,,,,,,,,,4,Missing,,,,Missing,,,,Missing,,,,Missing,,,,,364674889,Port:65535,0,1773303514,818824162,Missing,,,,,,,,,0
4,,364674892,Port:1,0,1773303514,868824162,50000000,Enabled,0.652846,0.536027,-0.385866,0.37091,-100.988,88.7857,-1731.18,0.200011,4,OK,-100.847,88.6616,-1731.35,OK,-131.084,52.5548,-1713.94,OK,-110.408,2.01462,-1720.02,OK,-65.4821,42.4297,-1744.28,,364674892,Port:2,0,1773303514,868824162,Enabled,0.916457,0.0224589,0.0389288,0.397601,-107.344,261.627,-1642.33,0.147637,3,OK,-107.177,261.714,-1642.34,OK,-146.585,228.767,-1639.15,OK,-153.326,304.796,-1637.77,,364674892,Port:3,0,1773303514,868824162,Missing,,,,,,,,,4,Missing,,,,Missing,,,,Missing,,,,Missing,,,,,364674892,Port:65535,0,1773303514,868824162,Missing,,,,,,,,,0
4,,364674895,Port:1,0,1773303514,918824162,100000000,Enabled,0.655777,0.526538,-0.39442,0.370334,-101.346,92.1923,-1734.1,0.203058,4,OK,-101.197,92.054,-1734.26,OK,-132.424,56.7015,-1717.03,OK,-112.637,5.72141,-1722.33,OK,-66.5287,45.0577,-1746.28,,364674895,Port:2,0,1773303514,918824162,Enabled,0.916496,0.0219741,0.0383713,0.397592,-107.339,261.622,-1642.29,0.143487,3,OK,-107.173,261.702,-1642.3,OK,-146.582,228.771,-1639.15,OK,-153.33,304.796,-1637.81,,364674895,Port:3,0,1773303514,918824162,Missing,,,,,,,,,4,Missing,,,,Missing,,,,Missing,,,,Missing,,,,,364674895,Port:65535,0,1773303514,918824162,Missing,,,,,,,,,0
4,,364674901,Port:1,0,1773303515,18824162,50000000,Enabled,0.659778,0.507385,-0.411603,0.371263,-101.772,98.3442,-1739.91,0.197613,4,OK,-101.639,98.2054,-1740.08,OK,-134.624,64.2681,-1723.33,OK,-116.484,12.5504,-1727.12,OK,-68.2639,49.7998,-1750.05,,364674901,Port:2,0,1773303515,18824162,Enabled,0.916493,0.021837,0.0384206,0.397601,-107.338,261.621,-1642.27,0.148972,3,OK,-107.166,261.703,-1642.29,OK,-146.584,228.764,-1639.13,OK,-153.332,304.799,-1637.81,,364674901,Port:3,0,1773303515,18824162,Missing,,,,,,,,,4,Missing,,,,Missing,,,,Missing,,,,Missing,,,,,364674901,Port:65535,0,1773303515,18824162,Missing,,,,,,,,,0
4,,364674904,Port:1,0,1773303515,68824162,50000000,Enabled,0.661025,0.498277,-0.420751,0.371127,-101.775,101.159,-1742.5,0.194378,4,OK,-101.653,101.008,-1742.66,OK,-135.489,67.7887,-1726.3,OK,-118.252,15.7239,-1729.43,OK,-68.9808,51.9663,-1751.73,,364674904,Port:2,0,1773303515,68824162,Enabled,0.916511,0.0218341,0.0382902,0.397573,-107.337,261.622,-1642.28,0.14562,3,OK,-107.168,261.701,-1642.29,OK,-146.584,228.772,-1639.14,OK,-153.329,304.8,-1637.82,,364674904,Port:3,0,1773303515,68824162,Missing,,,,,,,,,4,Missing,,,,Missing,,,,Missing,,,,Missing,,,,,364674904,Port:65535,0,1773303515,68824162,Missing,,,,,,,,,0
4,,364674907,Port:1,0,1773303515,118824162,50000000,Enabled,0.663329,0.488978,-0.428394,0.370639,-101.629,104.178,-1745.03,0.216159,4,OK,-101.504,104.03,-1745.22,OK,-136.165,71.5484,-1729.01,OK,-119.824,19.1555,-1731.52,OK,-69.586,54.3383,-1753.35,,364674907,Port:2,0,1773303515,118824162,Enabled,0.916482,0.0220678,0.0383926,0.397617,-107.335,261.626,-1642.28,0.144041,3,OK,-107.169,261.706,-1642.3,OK,-146.575,228.768,-1639.15,OK,-153.328,304.802,-1637.8,,364674907,Port:3,0,1773303515,118824162,Missing,,,,,,,,,4,Missing,,,,Missing,,,,Missing,,,,Missing,,,,,364674907,Port:65535,0,1773303515,118824162,Missing,,,,,,,,,0
4,,364674910,Port:1,0,1773303515,168824162,100000002,Enabled,0.665156,0.47978,-0.436816,0.369554,-101.321,107.315,-1747.75,0.197443,4,OK,-101.2,107.16,-1747.91,OK,-136.712,75.4507,-1732.08,OK,-121.323,22.7632,-1733.93,OK,-70.1042,56.8146,-1755.26,,364674910,Port:2,0,1773303515,168824162,Enabled,0.916496,0.0220202,0.0383702,0.397589,-107.339,261.618,-1642.27,0.144806,3,OK,-107.173,261.7,-1642.29,OK,-146.583,228.762,-1639.14,OK,-153.328,304.794,-1637.79,,364674910,Port:3,0,1773303515,168824162,Missing,,,,,,,,,4,Missing,,,,Missing,,,,Missing,,,,Missing,,,,,364674910,Port:65535,0,1773303515,168824162,Missing,,,,,,,,,0
4,,364674916,Port:1,0,1773303515,268824164,50000000,Enabled,0.667558,0.457995,-0.456401,0.369196,-100.707,113.364,-1754.03,0.158753,4,OK,-100.599,113.196,-1754.11,OK,-137.934,83.21,-1739.37,OK,-124.631,29.9339,-1739.64,OK,-71.288,61.5334,-1759.54,,364674916,Port:2,0,1773303515,268824164,Enabled,0.916497,0.0222146,0.0378795,0.397624,-107.336,261.624,-1642.28,0.147048,3,OK,-107.163,261.704,-1642.29,OK,-146.584,228.772,-1639.2,OK,-153.333,304.792,-1637.8,,364674916,Port:3,0,1773303515,268824164,Missing,,,,,,,,,4,Missing,,,,Missing,,,,Missing,,,,Missing,,,,,364674916,Port:65535,0,1773303515,268824164,Missing,,,,,,,,,0
4,,364674919,Port:1,0,1773303515,318824164,50000000,Enabled,0.668709,0.447449,-0.46527,0.368974,-100.254,116.109,-1757.12,0.172593,4,OK,-100.146,115.961,-1757.25,OK,-138.303,86.7753,-1742.86,OK,-126.021,33.2666,-1742.53,OK,-71.733,63.6828,-1761.63,,364674919,Port:2,0,1773303515,318824164,Enabled,0.916476,0.0219666,0.0384558,0.397632,-107.34,261.622,-1642.29,0.147154,3,OK,-107.172,261.707,-1642.3,OK,-146.583,228.762,-1639.14,OK,-153.332,304.792,-1637.81,,364674919,Port:3,0,1773303515,318824164,Missing,,,,,,,,,4,Missing,,,,Missing,,,,Missing,,,,Missing,,,,,364674919,Port:65535,0,1773303515,318824164,Missing,,,,,,,,,0
4,,364674922,Port:1,0,1773303515,368824164,50000000,Enabled,0.670065,0.438912,-0.472334,0.36779,-99.8217,118.408,-1759.69,0.160816,4,OK,-99.712,118.256,-1759.79,OK,-138.556,89.8105,-1745.79,OK,-127.184,36.1052,-1744.91,OK,-72.1174,65.4855,-1763.52,,364674922,Port:2,0,1773303515,368824164,Enabled,0.91649,0.0216708,0.0383874,0.397621,-107.332,261.62,-1642.27,0.147977,3,OK,-107.16,261.701,-1642.29,OK,-146.576,228.763,-1639.13,OK,-153.328,304.795,-1637.83,,364674922,Port:3,0,1773303515,368824164,Missing,,,,,,,,,4,Missing,,,,Missing,,,,Missing,,,,Missing,,,,,364674922,Port:65535,0,1773303515,368824164,Missing,,,,,,,,,0
4,,364674925,Port:1,0,1773303515,418824164,100000000,Enabled,0.67002,0.429454,-0.481809,0.366747,-99.1074,120.649,-1762.25,0.167996,4,OK,-98.9971,120.487,-1762.35,OK,-138.628,92.8409,-1748.94,OK,-128.262,38.9543,-1747.63,OK,-72.3369,67.2,-1765.31,,364674925,Port:2,0,1773303515,418824164,Enabled,0.916492,0.0219458,0.0384968,0.397592,-107.339,261.623,-1642.3,0.144213,3,OK,-107.173,261.703,-1642.31,OK,-146.581,228.769,-1639.15,OK,-153.33,304.8,-1637.82,,364674925,Port:3,0,1773303515,418824164,Missing,,,,,,,,,4,Missing,,,,Missing,,,,Missing,,,,Missing,,,,,364674925,Port:65535,0,1773303515,418824164,Missing,,,,,,,,,0
4,,364674931,Port:1,0,1773303515,518824164,50000000,Enabled,0.671098,0.407918,-0.500692,0.364057,-96.8436,125.941,-1767.92,0.156455,4,OK,-96.7502,125.775,-1768.01,OK,-137.933,99.9799,-1755.79,OK,-129.894,45.72,-1753.39,OK,-72.2396,71.3964,-1769.28,,364674931,Port:2,0,1773303515,518824164,Enabled,0.916466,0.0219691,0.038412,0.397658,-107.337,261.626,-1642.29,0.149055,3,OK,-107.166,261.708,-1642.3,OK,-146.579,228.762,-1639.15,OK,-153.335,304.798,-1637.81,,364674931,Port:3,0,1773303515,518824164,Missing,,,,,,,,,4,Missing,,,,Missing,,,,Missing,,,,Missing,,,,,364674931,Port:65535,0,1773303515,518824164,Missing,,,,,,,,,0
4,,364674934,Port:1,0,1773303515,568824164,50000000,Enabled,0.67274,0.394916,-0.511164,0.360797,-95.4333,129.258,-1771.35,0.169127,4,OK,-95.3394,129.086,-1771.44,OK,-137.448,104.506,-1759.79,OK,-130.935,50.095,-1756.85,OK,-72.2853,74.0605,-1771.81,,364674934,Port:2,0,1773303515,568824164,Enabled,0.916465,0.0219611,0.038728,0.39763,-107.341,261.626,-1642.3,0.148833,3,OK,-107.171,261.711,-1642.31,OK,-146.583,228.766,-1639.13,OK,-153.333,304.796,-1637.81,,364674934,Port:3,0,1773303515,568824164,Missing,,,,,,,,,4,Missing,,,,Missing,,,,Missing,,,,Missing,,,,,364674934,Port:65535,0,1773303515,568824164,Missing,,,,,,,,,0
4,,364674937,Port:1,0,1773303515,618824164,50000000,Enabled,0.67294,0.382082,-0.521256,0.359803,-94.1631,132.366,-1774.87,0.159981,4,OK,-94.0721,132.188,-1774.95,OK,-136.964,108.675,-1764.04,OK,-131.748,54.1608,-1760.45,OK,-72.2821,76.6608,-1774.35,,364674937,Port:2,0,1773303515,618824164,Enabled,0.916497,0.0220605,0.0383766,0.397585,-107.34,261.619,-1642.29,0.149645,3,OK,-107.166,261.701,-1642.31,OK,-146.589,228.766,-1639.16,OK,-153.331,304.792,-1637.81,,364674937,Port:3,0,1773303515,618824164,Missing,,,,,,,,,4,Missing,,,,Missing,,,,Missing,,,,Missing,,,,,364674937,Port:65535,0,1773303515,618824164,Missing,,,,,,,,,0
4,,364674940,Port:1,0,1773303515,668824164,100000000,Enabled,0.67356,0.368637,-0.531279,0.358003,-92.6848,135.375,-1778.34,0.15671,4,OK,-92.5826,135.198,-1778.39,OK,-136.276,112.835,-1768.24,OK,-132.489,58.2464,-1763.97,OK,-72.2015,79.1713,-1776.86,,364674940,Port:2,0,1773303515,668824164,Enabled,0.916457,0.0222958,0.0386251,0.39764,-107.337,261.624,-1642.3,0.148419,3,OK,-107.166,261.708,-1642.31,OK,-146.579,228.765,-1639.15,OK,-153.329,304.79,-1637.77,,364674940,Port:3,0,1773303515,668824164,Missing,,,,,,,,,4,Missing,,,,Missing,,,,Missing,,,,Missing,,,,,364674940,Port:65535,0,1773303515,668824164,Missing,,,,,,,,,0
4,,364674946,Port:1,0,1773303515,768824164,50000000,Enabled,0.674243,0.343929,-0.549063,0.354455,-89.2165,140.693,-1784.78,0.148859,4,OK,-89.1246,140.512,-1784.75,OK,-134.135,120.293,-1776.07,OK,-132.951,65.6866,-1770.63,OK,-71.3527,83.6618,-1781.63,,364674946,Port:2,0,1773303515,768824164,Enabled,0.916491,0.0219181,0.0383968,0.397604,-107.346,261.621,-1642.3,0.147405,3,OK,-107.175,261.703,-1642.31,OK,-146.591,228.766,-1639.16,OK,-153.339,304.796,-1637.83,,364674946,Port:3,0,1773303515,768824164,Missing,,,,,,,,,4,Missing,,,,Missing,,,,Missing,,,,Missing,,,,,364674946,Port:65535,0,1773303515,768824164,Missing,,,,,,,,,0
4,,364674949,Port:1,0,1773303515,818824164,50000000,Enabled,0.674817,0.33255,-0.557288,0.351374,-87.3318,143.206,-1787.65,0.151491,4,OK,-87.2504,143.02,-1787.63,OK,-132.833,123.874,-1779.54,OK,-132.995,69.3218,-1773.77,OK,-70.8181,85.8089,-1783.84,,364674949,Port:2,0,1773303515,818824164,Enabled,0.916471,0.021728,0.0386309,0.397639,-107.335,261.621,-1642.29,0.146266,3,OK,-107.165,261.701,-1642.31,OK,-146.574,228.763,-1639.12,OK,-153.331,304.794,-1637.83,,364674949,Port:3,0,1773303515,818824164,Missing,,,,,,,,,4,Missing,,,,Missing,,,,Missing,,,,Missing,,,,,364674949,Port:65535,0,1773303515,818824164,Missing,,,,,,,,,0
4,,364674952,Port:1,0,1773303515,868824164,50000000,Enabled,0.674392,0.320668,-0.565353,0.350348,-85.5633,145.439,-1790.54,0.141085,4,OK,-85.479,145.27,-1790.54,OK,-131.587,127.081,-1783.12,OK,-132.926,72.5849,-1776.9,OK,-70.2735,87.7553,-1785.9,,364674952,Port:2,0,1773303515,868824164,Enabled,0.916485,0.0220481,0.0382692,0.397624,-107.337,261.62,-1642.28,0.146903,3,OK,-107.166,261.7,-1642.29,OK,-146.581,228.763,-1639.16,OK,-153.332,304.793,-1637.8,,364674952,Port:3,0,1773303515,868824164,Missing,,,,,,,,,4,Missing,,,,Missing,,,,Missing,,,,Missing,,,,,364674952,Port:65535,0,1773303515,868824164,Missing,,,,,,,,,0
4,,364674955,Port:1,0,1773303515,918824164,100000000,Enabled,0.674692,0.310144,-0.572214,0.348098,-83.7088,147.353,-1793.01,0.147943,4,OK,-83.626,147.177,-1792.97,OK,-130.19,129.943,-1786.18,OK,-132.681,75.5442,-1779.55,OK,-69.6282,89.4224,-1787.76,,364674955,Port:2,0,1773303515,918824164,Enabled,0.916469,0.02197,0.0385601,0.397637,-107.334,261.616,-1642.28,0.146333,3,OK,-107.165,261.698,-1642.29,OK,-146.574,228.758,-1639.12,OK,-153.327,304.786,-1637.79,,364674955,Port:3,0,1773303515,918824164,Missing,,,,,,,,,4,Missing,,,,Missing,,,,Missing,,,,Missing,,,,,364674955,Port:65535,0,1773303515,918824164,Missing,,,,,,,,,0
4,,364674961,Port:1,0,1773303516,18824164,50000000,Enabled,0.674825,0.292953,-0.583542,0.343901,-80.0012,150.192,-1796.68,0.135154,4,OK,-79.915,150.046,-1796.69,OK,-127.184,134.356,-1790.77,OK,-131.598,80.1565,-1783.74,OK,-67.9526,91.8758,-1790.47,,364674961,Port:2,0,1773303516,18824164,Enabled,0.916482,0.0221134,0.0385581,0.397599,-107.338,261.621,-1642.31,0.148758,3,OK,-107.166,261.703,-1642.32,OK,-146.582,228.763,-1639.16,OK,-153.328,304.797,-1637.81,,364674961,Port:3,0,1773303516,18824164,Missing,,,,,,,,,4,Missing,,,,Missing,,,,Missing,,,,Missing,,,,,364674961,Port:65535,0,1773303516,18824164,Missing,,,,,,,,,0
4,,364674964,Port:1,0,1773303516,68824164,50000000,Enabled,0.674226,0.282165,-0.591065,0.34124,-77.8431,152.003,-1799.03,0.132529,4,OK,-77.7673,151.849,-1799.02,OK,-125.426,137.167,-1793.84,OK,-131.05,83.0977,-1786.54,OK,-67.0804,93.4945,-1792.29,,364674964,Port:2,0,1773303516,68824164,Enabled,0.916533,0.0217326,0.0379769,0.397559,-107.333,261.609,-1642.25,0.146565,3,OK,-107.164,261.69,-1642.26,OK,-146.584,228.758,-1639.14,OK,-153.325,304.79,-1637.82,,364674964,Port:3,0,1773303516,68824164,Missing,,,,,,,,,4,Missing,,,,Missing,,,,Missing,,,,Missing,,,,,364674964,Port:65535,0,1773303516,68824164,Missing,,,,,,,,,0
4,,364674967,Port:1,0,1773303516,118824164,50000000,Enabled,0.674218,0.268914,-0.598439,0.339097,-75.2457,154.174,-1802.02,0.132817,4,OK,-75.1681,154.021,-1802.01,OK,-123.238,140.466,-1797.52,OK,-130.215,86.6249,-1789.79,OK,-65.9536,95.5121,-1794.49,,364674967,Port:2,0,1773303516,118824164,Enabled,0.916514,0.0218977,0.0379387,0.397597,-107.337,261.616,-1642.25,0.143915,3,OK,-107.17,261.694,-1642.26,OK,-146.582,228.763,-1639.15,OK,-153.333,304.794,-1637.8,,364674967,Port:3,0,1773303516,118824164,Missing,,,,,,,,,4,Missing,,,,Missing,,,,Missing,,,,Missing,,,,,364674967,Port:65535,0,1773303516,118824164,Missing,,,,,,,,,0
4,,364674970,Port:1,0,1773303516,168824164,100000000,Enabled,0.673816,0.25445,-0.60726,0.335355,-72.3392,156.452,-1805.03,0.130686,4,OK,-72.2543,156.323,-1804.97,OK,-120.766,144.068,-1801.45,OK,-129.343,90.5037,-1793.3,OK,-64.7894,97.6222,-1796.85,,364674970,Port:2,0,1773303516,168824164,Enabled,0.916445,0.0222299,0.038864,0.397648,-107.332,261.617,-1642.32,0.148792,3,OK,-107.158,261.699,-1642.34,OK,-146.572,228.759,-1639.14,OK,-153.325,304.784,-1637.79,,364674970,Port:3,0,1773303516,168824164,Missing,,,,,,,,,4,Missing,,,,Missing,,,,Missing,,,,Missing,,,,,364674970,Port:65535,0,1773303516,168824164,Missing,,,,,,,,,0
4,,364674976,Port:1,0,1773303516,268824164,50000000,Enabled,0.670999,0.23142,-0.621125,0.332277,-68.1463,159.906,-1810.33,0.125321,4,OK,-68.0557,159.788,-1810.29,OK,-117.118,149.379,-1808.27,OK,-127.966,96.328,-1799.65,OK,-63.1089,100.975,-1800.92,,364674976,Port:2,0,1773303516,268824164,Enabled,0.916456,0.0219791,0.0389917,0.397624,-107.338,261.622,-1642.32,0.149714,3,OK,-107.167,261.705,-1642.34,OK,-146.577,228.758,-1639.12,OK,-153.329,304.799,-1637.81,,364674976,Port:3,0,1773303516,268824164,Missing,,,,,,,,,4,Missing,,,,Missing,,,,Missing,,,,Missing,,,,,364674976,Port:65535,0,1773303516,268824164,Missing,,,,,,,,,0
4,,364674979,Port:1,0,1773303516,318824164,49999999,Enabled,0.670469,0.221158,-0.627128,0.329045,-65.7614,161.414,-1812.47,0.130217,4,OK,-65.6739,161.288,-1812.43,OK,-114.946,151.846,-1811.05,OK,-126.964,99.0743,-1802.29,OK,-62.0076,102.463,-1802.68,,364674979,Port:2,0,1773303516,318824164,Enabled,0.916498,0.0222299,0.0382921,0.397583,-107.334,261.611,-1642.27,0.145578,3,OK,-107.165,261.692,-1642.28,OK,-146.581,228.761,-1639.15,OK,-153.323,304.782,-1637.77,,364674979,Port:3,0,1773303516,318824164,Missing,,,,,,,,,4,Missing,,,,Missing,,,,Missing,,,,Missing,,,,,364674979,Port:65535,0,1773303516,318824164,Missing,,,,,,,,,0
4,,364674982,Port:1,0,1773303516,368824163,50000000,Enabled,0.669103,0.20958,-0.634072,0.326082,-63.1421,162.728,-1814.57,0.132976,4,OK,-63.0519,162.615,-1814.5,OK,-112.524,154.175,-1813.98,OK,-125.789,101.731,-1805.03,OK,-60.7947,103.779,-1804.35,,364674982,Port:2,0,1773303516,368824163,Enabled,0.916457,0.0218191,0.0388818,0.397642,-107.333,261.617,-1642.29,0.144902,3,OK,-107.167,261.698,-1642.3,OK,-146.569,228.757,-1639.1,OK,-153.327,304.791,-1637.8,,364674982,Port:3,0,1773303516,368824163,Missing,,,,,,,,,4,Missing,,,,Missing,,,,Missing,,,,Missing,,,,,364674982,Port:65535,0,1773303516,368824163,Missing,,,,,,,,,0
4,,364674985,Port:1,0,1773303516,418824163,100000001,Enabled,0.666531,0.196601,-0.642687,0.322547,-60.1014,164.13,-1816.83,0.131029,4,OK,-60.0173,164.009,-1816.78,OK,-109.682,156.722,-1817.23,OK,-124.33,104.668,-1808.32,OK,-59.3361,105.204,-1806.19,,364674985,Port:2,0,1773303516,418824163,Enabled,0.916475,0.0219819,0.038791,0.397601,-107.336,261.615,-1642.3,0.148254,3,OK,-107.167,261.7,-1642.31,OK,-146.579,228.757,-1639.12,OK,-153.324,304.79,-1637.8,,364674985,Port:3,0,1773303516,418824163,Missing,,,,,,,,,4,Missing,,,,Missing,,,,Missing,,,,Missing,,,,,364674985,Port:65535,0,1773303516,418824163,Missing,,,,,,,,,0
4,,364674991,Port:1,0,1773303516,518824164,50000000,Enabled,0.661157,0.159792,-0.662266,0.314232,-52.1255,168.244,-1823.84,0.137388,4,OK,-52.0338,168.131,-1823.77,OK,-102.007,163.921,-1826.8,OK,-120.333,113.106,-1817.51,OK,-55.6525,109.656,-1811.91,,364674991,Port:2,0,1773303516,518824164,Enabled,0.916461,0.0221088,0.0387327,0.397632,-107.336,261.613,-1642.29,0.149381,3,OK,-107.164,261.698,-1642.3,OK,-146.578,228.753,-1639.12,OK,-153.327,304.782,-1637.78,,364674991,Port:3,0,1773303516,518824164,Missing,,,,,,,,,4,Missing,,,,Missing,,,,Missing,,,,Missing,,,,,364674991,Port:65535,0,1773303516,518824164,Missing,,,,,,,,,0
4,,364674994,Port:1,0,1773303516,568824164,49999999,Enabled,0.658687,0.143024,-0.669475,0.312216,-48.8496,170.118,-1827.69,0.142596,4,OK,-48.7644,170.004,-1827.62,OK,-98.7581,167.015,-1831.73,OK,-118.582,116.849,-1822.16,OK,-54.1407,111.807,-1815.03,,364674994,Port:2,0,1773303516,568824164,Enabled,0.9165,0.0219445,0.0382605,0.397597,-107.331,261.61,-1642.27,0.145648,3,OK,-107.163,261.692,-1642.29,OK,-146.576,228.757,-1639.15,OK,-153.322,304.784,-1637.81,,364674994,Port:3,0,1773303516,568824164,Missing,,,,,,,,,4,Missing,,,,Missing,,,,Missing,,,,Missing,,,,,364674994,Port:65535,0,1773303516,568824164,Missing,,,,,,,,,0
4,,364674997,Port:1,0,1773303516,618824163,50000000,Enabled,0.655778,0.130978,-0.675877,0.309824,-46.4789,171.346,-1830.29,0.136452,4,OK,-46.3939,171.236,-1830.22,OK,-96.3397,169.175,-1835.27,OK,-117.321,119.457,-1825.69,OK,-53.1558,113.259,-1817.29,,364674997,Port:2,0,1773303516,618824163,Enabled,0.916456,0.0220478,0.0390139,0.397619,-107.34,261.619,-1642.3,0.146518,3,OK,-107.174,261.703,-1642.32,OK,-146.578,228.758,-1639.1,OK,-153.327,304.792,-1637.78,,364674997,Port:3,0,1773303516,618824163,Missing,,,,,,,,,4,Missing,,,,Missing,,,,Missing,,,,Missing,,,,,364674997,Port:65535,0,1773303516,618824163,Missing,,,,,,,,,0
4,,364675000,Port:1,0,1773303516,668824163,100000001,Enabled,0.654726,0.12298,-0.678921,0.308669,-44.5633,171.934,-1831.87,0.145069,4,OK,-44.4739,171.821,-1831.77,OK,-94.401,170.357,-1837.36,OK,-116.094,120.956,-1827.62,OK,-52.0944,114.024,-1818.56,,364675000,Port:2,0,1773303516,668824163,Enabled,0.916487,0.0221688,0.0386005,0.39758,-107.334,261.61,-1642.28,0.144884,3,OK,-107.168,261.693,-1642.3,OK,-146.577,228.756,-1639.13,OK,-153.319,304.784,-1637.77,,364675000,Port:3,0,1773303516,668824163,Missing,,,,,,,,,4,Missing,,,,Missing,,,,Missing,,,,Missing,,,,,364675000,Port:65535,0,1773303516,668824163,Missing,,,,,,,,,0
4,,364675006,Port:1,0,1773303516,768824164,50000000,Enabled,0.648711,0.10124,-0.690867,0.302701,-38.9322,172.957,-1835.37,0.141396,4,OK,-38.8597,172.841,-1835.28,OK,-88.5771,173.122,-1842.61,OK,-112.386,124.686,-1833.16,OK,-49.0443,115.512,-1821.69,,364675006,Port:2,0,1773303516,768824164,Enabled,0.916505,0.0219931,0.0382804,0.39758,-107.335,261.611,-1642.28,0.149303,3,OK,-107.164,261.697,-1642.3,OK,-146.584,228.754,-1639.15,OK,-153.323,304.789,-1637.81,,364675006,Port:3,0,1773303516,768824164,Missing,,,,,,,,,4,Missing,,,,Missing,,,,Missing,,,,Missing,,,,,364675006,Port:65535,0,1773303516,768824164,Missing,,,,,,,,,0
4,,364675009,Port:1,0,1773303516,818824164,49999999,Enabled,0.646516,0.0849155,-0.697099,0.298093,-34.8088,174.1,-1838.24,0.140858,4,OK,-34.7435,173.997,-1838.15,OK,-84.2783,175.602,-1846.5,OK,-109.627,127.959,-1837.01,OK,-46.8366,117.094,-1824.18,,364675009,Port:2,0,1773303516,818824164,Enabled,0.916478,0.0221295,0.0385863,0.397605,-107.331,261.611,-1642.3,0.147596,3,OK,-107.161,261.694,-1642.32,OK,-146.575,228.756,-1639.15,OK,-153.321,304.782,-1637.8,,364675009,Port:3,0,1773303516,818824164,Missing,,,,,,,,,4,Missing,,,,Missing,,,,Missing,,,,Missing,,,,,364675009,Port:65535,0,1773303516,818824164,Missing,,,,,,,,,0
4,,364675012,Port:1,0,1773303516,868824163,50000000,Enabled,0.644208,0.0734119,-0.700978,0.297047,-32.36,175.061,-1840.8,0.17129,4,OK,-32.2927,174.955,-1840.65,OK,-81.6864,177.317,-1849.87,OK,-107.968,130.184,-1840.16,OK,-45.5193,118.397,-1826.34,,364675012,Port:2,0,1773303516,868824163,Enabled,0.916438,0.0220564,0.038854,0.397675,-107.333,261.616,-1642.32,0.148364,3,OK,-107.162,261.699,-1642.33,OK,-146.57,228.752,-1639.14,OK,-153.328,304.783,-1637.81,,364675012,Port:3,0,1773303516,868824163,Missing,,,,,,,,,4,Missing,,,,Missing,,,,Missing,,,,Missing,,,,,364675012,Port:65535,0,1773303516,868824163,Missing,,,,,,,,,0
4,,364675015,Port:1,0,1773303516,918824163,100000001,Enabled,0.640745,0.0661744,-0.704911,0.296929,-31.2414,175.703,-1842.81,0.170476,4,OK,-31.1741,175.593,-1842.67,OK,-80.4112,178.314,-1852.59,OK,-107.235,131.501,-1842.98,OK,-45.1209,119.272,-1828.19,,364675015,Port:2,0,1773303516,918824163,Enabled,0.916496,0.0219014,0.0382354,0.397611,-107.331,261.614,-1642.26,0.144576,3,OK,-107.163,261.694,-1642.27,OK,-146.575,228.761,-1639.13,OK,-153.325,304.787,-1637.8,,364675015,Port:3,0,1773303516,918824163,Missing,,,,,,,,,4,Missing,,,,Missing,,,,Missing,,,,Missing,,,,,364675015,Port:65535,0,1773303516,918824163,Missing,,,,,,,,,0
4,,364675021,Port:1,0,1773303517,18824164,50000000,Enabled,0.637087,0.0526864,-0.710011,0.295345,-28.152,176.386,-1845.58,0.162051,4,OK,-28.0836,176.28,-1845.45,OK,-77.0692,179.849,-1856.34,OK,-104.987,133.668,-1846.75,OK,-43.4128,120.398,-1830.58,,364675021,Port:2,0,1773303517,18824164,Enabled,0.91648,0.0221489,0.0384337,0.397613,-107.336,261.615,-1642.3,0.147366,3,OK,-107.166,261.698,-1642.32,OK,-146.579,228.756,-1639.17,OK,-153.327,304.789,-1637.8,,364675021,Port:3,0,1773303517,18824164,Missing,,,,,,,,,4,Missing,,,,Missing,,,,Missing,,,,Missing,,,,,364675021,Port:65535,0,1773303517,18824164,Missing,,,,,,,,,0
4,,364675024,Port:1,0,1773303517,68824164,49999999,Enabled,0.637654,0.0509623,-0.710398,0.293489,-27.3569,176.41,-1845.87,0.166325,4,OK,-27.2985,176.311,-1845.73,OK,-76.2457,180.137,-1856.67,OK,-104.4,134.093,-1847.09,OK,-42.9236,120.481,-1830.92,,364675024,Port:2,0,1773303517,68824164,Enabled,0.916475,0.021991,0.0388477,0.397594,-107.335,261.61,-1642.31,0.146713,3,OK,-107.166,261.69,-1642.32,OK,-146.575,228.752,-1639.13,OK,-153.325,304.789,-1637.81,,364675024,Port:3,0,1773303517,68824164,Missing,,,,,,,,,4,Missing,,,,Missing,,,,Missing,,,,Missing,,,,,364675024,Port:65535,0,1773303517,68824164,Missing,,,,,,,,,0
4,,364675027,Port:1,0,1773303517,118824163,50000000,Enabled,0.638032,0.0518967,-0.708999,0.295873,-27.9096,176.231,-1846.12,0.145114,4,OK,-27.8396,176.145,-1846.02,OK,-76.8468,179.71,-1856.76,OK,-104.766,133.58,-1847.04,OK,-43.2098,120.275,-1830.93,,364675027,Port:2,0,1773303517,118824163,Enabled,0.916487,0.0218825,0.0383676,0.397619,-107.333,261.612,-1642.3,0.145731,3,OK,-107.165,261.692,-1642.31,OK,-146.575,228.755,-1639.16,OK,-153.328,304.788,-1637.83,,364675027,Port:3,0,1773303517,118824163,Missing,,,,,,,,,4,Missing,,,,Missing,,,,Missing,,,,Missing,,,,,364675027,Port:65535,0,1773303517,118824163,Missing,,,,,,,,,0
4,,364675030,Port:1,0,1773303517,168824163,100000004,Enabled,0.637557,0.0543491,-0.709279,0.295788,-28.5184,176.266,-1845.69,0.167133,4,OK,-28.4467,176.16,-1845.57,OK,-77.4904,179.613,-1856.32,OK,-105.24,133.351,-1846.72,OK,-43.573,120.203,-1830.7,,364675030,Port:2,0,1773303517,168824163,Enabled,0.916453,0.0218815,0.038687,0.397667,-107.329,261.615,-1642.29,0.148359,3,OK,-107.158,261.695,-1642.3,OK,-146.567,228.749,-1639.12,OK,-153.328,304.789,-1637.81,,364675030,Port:3,0,1773303517,168824163,Missing,,,,,,,,,4,Missing,,,,Missing,,,,Missing,,,,Missing,,,,,364675030,Port:65535,0,1773303517,168824163,Missing,,,,,,,,,0
4,,364675036,Port:1,0,1773303517,268824167,50000000,Enabled,0.637677,0.0520787,-0.709743,0.294824,-27.5436,176.616,-1845.88,0.177696,4,OK,-27.4779,176.509,-1845.72,OK,-76.4675,180.172,-1856.62,OK,-104.438,134.038,-1846.94,OK,-42.909,120.658,-1830.87,,364675036,Port:2,0,1773303517,268824167,Enabled,0.916466,0.0224533,0.0382531,0.397647,-107.33,261.615,-1642.29,0.147337,3,OK,-107.158,261.699,-1642.31,OK,-146.575,228.76,-1639.18,OK,-153.322,304.773,-1637.77,,364675036,Port:3,0,1773303517,268824167,Missing,,,,,,,,,4,Missing,,,,Missing,,,,Missing,,,,Missing,,,,,364675036,Port:65535,0,1773303517,268824167,Missing,,,,,,,,,0
4,,364675039,Port:1,0,1773303517,318824167,50000000,Enabled,0.637286,0.04771,-0.710643,0.29424,-26.5161,176.818,-1846.5,0.171284,4,OK,-26.45,176.731,-1846.35,OK,-75.3584,180.664,-1857.48,OK,-103.699,134.753,-1847.71,OK,-42.3327,121.014,-1831.33,,364675039,Port:2,0,1773303517,318824167,Enabled,0.916458,0.0222338,0.0386775,0.397636,-107.336,261.621,-1642.33,0.145464,3,OK,-107.167,261.703,-1642.34,OK,-146.576,228.766,-1639.17,OK,-153.327,304.786,-1637.81,,364675039,Port:3,0,1773303517,318824167,Missing,,,,,,,,,4,Missing,,,,Missing,,,,Missing,,,,Missing,,,,,364675039,Port:65535,0,1773303517,318824167,Missing,,,,,,,,,0
4,,364675042,Port:1,0,1773303517,368824167,50000000,Enabled,0.637774,0.0478513,-0.710214,0.294196,-26.4138,176.944,-1846.82,0.18973,4,OK,-26.3409,176.843,-1846.65,OK,-75.2802,180.798,-1857.75,OK,-103.611,134.887,-1847.91,OK,-42.2048,121.153,-1831.64,,364675042,Port:2,0,1773303517,368824167,Enabled,0.916462,0.0218259,0.0385179,0.397665,-107.328,261.617,-1642.29,0.148368,3,OK,-107.157,261.698,-1642.31,OK,-146.567,228.752,-1639.13,OK,-153.327,304.79,-1637.82,,364675042,Port:3,0,1773303517,368824167,Missing,,,,,,,,,4,Missing,,,,Missing,,,,Missing,,,,Missing,,,,,364675042,Port:65535,0,1773303517,368824167,Missing,,,,,,,,,0
4,,364675045,Port:1,0,1773303517,418824167,100000000,Enabled,0.637793,0.0478745,-0.709769,0.295221,-26.6447,176.815,-1846.88,0.15797,4,OK,-26.5695,176.72,-1846.77,OK,-75.5297,180.586,-1857.73,OK,-103.78,134.654,-1847.91,OK,-42.3495,121.013,-1831.55,,364675045,Port:2,0,1773303517,418824167,Enabled,0.916483,0.0219456,0.0382099,0.39764,-107.333,261.615,-1642.29,0.147832,3,OK,-107.165,261.702,-1642.31,OK,-146.577,228.753,-1639.17,OK,-153.326,304.785,-1637.83,,364675045,Port:3,0,1773303517,418824167,Missing,,,,,,,,,4,Missing,,,,Missing,,,,Missing,,,,Missing,,,,,364675045,Port:65535,0,1773303517,418824167,Missing,,,,,,,,,0
4,,364675051,Port:1,0,1773303517,518824167,50000000,Enabled,0.63921,0.0515494,-0.708642,0.294244,-27.0477,176.435,-1846.1,0.17743,4,OK,-26.9756,176.33,-1845.94,OK,-75.9924,180.088,-1856.69,OK,-104.059,134.027,-1846.88,OK,-42.4868,120.528,-1831.01,,364675051,Port:2,0,1773303517,518824167,Enabled,0.916494,0.0217984,0.0383141,0.397611,-107.326,261.608,-1642.25,0.147813,3,OK,-107.157,261.689,-1642.27,OK,-146.569,228.745,-1639.12,OK,-153.321,304.79,-1637.8,,364675051,Port:3,0,1773303517,518824167,Missing,,,,,,,,,4,Missing,,,,Missing,,,,Missing,,,,Missing,,,,,364675051,Port:65535,0,1773303517,518824167,Missing,,,,,,,,,0
4,,364675054,Port:1,0,1773303517,568824167,50000000,Enabled,0.638926,0.0513228,-0.708629,0.294931,-27.0973,176.352,-1846.14,0.165109,4,OK,-27.0336,176.248,-1846,OK,-76.0415,179.963,-1856.74,OK,-104.065,133.892,-1846.93,OK,-42.5048,120.441,-1830.97,,364675054,Port:2,0,1773303517,568824167,Enabled,0.91643,0.0220578,0.0389211,0.397687,-107.337,261.614,-1642.32,0.1452,3,OK,-107.171,261.696,-1642.33,OK,-146.569,228.747,-1639.13,OK,-153.332,304.782,-1637.8,,364675054,Port:3,0,1773303517,568824167,Missing,,,,,,,,,4,Missing,,,,Missing,,,,Missing,,,,Missing,,,,,364675054,Port:65535,0,1773303517,568824167,Missing,,,,,,,,,0
4,,364675057,Port:1,0,1773303517,618824167,50000000,Enabled,0.640429,0.053018,-0.707203,0.294793,-27.3558,176.483,-1846.03,0.171546,4,OK,-27.2971,176.386,-1845.87,OK,-76.3324,180.019,-1856.4,OK,-104.26,133.902,-1846.47,OK,-42.6276,120.549,-1830.89,,364675057,Port:2,0,1773303517,618824167,Enabled,0.916481,0.0221253,0.0385487,0.397601,-107.336,261.614,-1642.3,0.150121,3,OK,-107.164,261.701,-1642.31,OK,-146.583,228.756,-1639.15,OK,-153.324,304.786,-1637.79,,364675057,Port:3,0,1773303517,618824167,Missing,,,,,,,,,4,Missing,,,,Missing,,,,Missing,,,,Missing,,,,,364675057,Port:65535,0,1773303517,618824167,Missing,,,,,,,,,0
4,,364675060,Port:1,0,1773303517,668824167,100000000,Enabled,0.640014,0.0540037,-0.707092,0.295783,-27.8594,176.554,-1845.75,0.163183,4,OK,-27.785,176.459,-1845.61,OK,-76.8699,179.959,-1856.1,OK,-104.653,133.753,-1846.2,OK,-42.9457,120.558,-1830.57,,364675060,Port:2,0,1773303517,668824167,Enabled,0.916498,0.0220263,0.0381264,0.397609,-107.334,261.614,-1642.28,0.143882,3,OK,-107.165,261.691,-1642.29,OK,-146.578,228.763,-1639.17,OK,-153.33,304.787,-1637.81,,364675060,Port:3,0,1773303517,668824167,Missing,,,,,,,,,4,Missing,,,,Missing,,,,Missing,,,,Missing,,,,,364675060,Port:65535,0,1773303517,668824167,Missing,,,,,,,,,0
4,,364675066,Port:1,0,1773303517,768824167,50000000,Enabled,0.642653,0.0658602,-0.702649,0.298237,-30.7654,175.961,-1843.97,0.176149,4,OK,-30.6974,175.847,-1843.82,OK,-79.9858,178.511,-1853.51,OK,-106.738,131.729,-1843.56,OK,-44.5486,119.589,-1829.07,,364675066,Port:2,0,1773303517,768824167,Enabled,0.916455,0.0219865,0.0387699,0.397648,-107.332,261.613,-1642.3,0.149033,3,OK,-107.159,261.695,-1642.31,OK,-146.573,228.755,-1639.12,OK,-153.328,304.781,-1637.8,,364675066,Port:3,0,1773303517,768824167,Missing,,,,,,,,,4,Missing,,,,Missing,,,,Missing,,,,Missing,,,,,364675066,Port:65535,0,1773303517,768824167,Missing,,,,,,,,,0
4,,364675069,Port:1,0,1773303517,818824167,50000000,Enabled,0.642782,0.0701269,-0.70132,0.300106,-32.2082,175.902,-1843.3,0.151271,4,OK,-32.1443,175.794,-1843.18,OK,-81.4744,178.058,-1852.59,OK,-107.803,131.017,-1842.69,OK,-45.4547,119.383,-1828.44,,364675069,Port:2,0,1773303517,818824167,Enabled,0.916457,0.0220011,0.038636,0.397655,-107.334,261.619,-1642.29,0.146483,3,OK,-107.17,261.704,-1642.3,OK,-146.572,228.752,-1639.13,OK,-153.326,304.792,-1637.8,,364675069,Port:3,0,1773303517,818824167,Missing,,,,,,,,,4,Missing,,,,Missing,,,,Missing,,,,Missing,,,,,364675069,Port:65535,0,1773303517,818824167,Missing,,,,,,,,,0
4,,364675072,Port:1,0,1773303517,868824167,50000000,Enabled,0.645033,0.0760489,-0.697421,0.302908,-33.9792,176.024,-1842.61,0.155636,4,OK,-33.9072,175.927,-1842.49,OK,-83.3816,177.649,-1851.35,OK,-109.054,130.304,-1841.19,OK,-46.426,119.324,-1827.66,,364675072,Port:2,0,1773303517,868824167,Enabled,0.916492,0.0220062,0.038268,0.397611,-107.331,261.613,-1642.27,0.14592,3,OK,-107.163,261.696,-1642.28,OK,-146.576,228.758,-1639.14,OK,-153.322,304.784,-1637.79,,364675072,Port:3,0,1773303517,868824167,Missing,,,,,,,,,4,Missing,,,,Missing,,,,Missing,,,,Missing,,,,,364675072,Port:65535,0,1773303517,868824167,Missing,,,,,,,,,0
4,,364675075,Port:1,0,1773303517,918824167,100000000,Enabled,0.646785,0.0826778,-0.69367,0.306031,-36.001,175.817,-1841.74,0.130153,4,OK,-35.9322,175.728,-1841.67,OK,-85.5052,176.83,-1849.89,OK,-110.474,129.137,-1839.63,OK,-47.5525,118.93,-1826.71,,364675075,Port:2,0,1773303517,918824167,Enabled,0.916458,0.0220245,0.0388656,0.397629,-107.338,261.609,-1642.31,0.150293,3,OK,-107.165,261.694,-1642.32,OK,-146.58,228.748,-1639.13,OK,-153.33,304.782,-1637.8,,364675075,Port:3,0,1773303517,918824167,Missing,,,,,,,,,4,Missing,,,,Missing,,,,Missing,,,,Missing,,,,,364675075,Port:65535,0,1773303517,918824167,Missing,,,,,,,,,0
4,,364675081,Port:1,0,1773303518,18824167,50000000,Enabled,0.651287,0.0977998,-0.685646,0.31008,-39.7357,175.176,-1839.24,0.143649,4,OK,-39.6596,175.083,-1839.14,OK,-89.4391,175.024,-1846.18,OK,-112.941,126.633,-1835.63,OK,-49.5158,117.911,-1824.45,,364675081,Port:2,0,1773303518,18824167,Enabled,0.916466,0.0221777,0.0385384,0.397634,-107.329,261.617,-1642.29,0.143066,3,OK,-107.164,261.697,-1642.31,OK,-146.567,228.761,-1639.15,OK,-153.321,304.785,-1637.78,,364675081,Port:3,0,1773303518,18824167,Missing,,,,,,,,,4,Missing,,,,Missing,,,,Missing,,,,Missing,,,,,364675081,Port:65535,0,1773303518,18824167,Missing,,,,,,,,,0
4,,364675084,Port:1,0,1773303518,68824167,50000000,Enabled,0.65331,0.107891,-0.681003,0.312699,-42.2931,174.7,-1837.49,0.137143,4,OK,-42.2141,174.596,-1837.42,OK,-92.0863,173.742,-1843.66,OK,-114.637,124.91,-1833.16,OK,-50.8581,117.196,-1822.89,,364675084,Port:2,0,1773303518,68824167,Enabled,0.916478,0.0221943,0.03845,0.397615,-107.333,261.613,-1642.28,0.14263,3,OK,-107.168,261.692,-1642.3,OK,-146.572,228.759,-1639.15,OK,-153.323,304.783,-1637.78,,364675084,Port:3,0,1773303518,68824167,Missing,,,,,,,,,4,Missing,,,,Missing,,,,Missing,,,,Missing,,,,,364675084,Port:65535,0,1773303518,68824167,Missing,,,,,,,,,0
4,,364675087,Port:1,0,1773303518,118824167,50000000,Enabled,0.656274,0.120063,-0.674663,0.315783,-45.2868,173.926,-1835.67,0.156859,4,OK,-45.1942,173.817,-1835.55,OK,-95.1499,171.992,-1840.94,OK,-116.522,122.647,-1830.27,OK,-52.4329,116.192,-1821.38,,364675087,Port:2,0,1773303518,118824167,Enabled,0.916438,0.0219567,0.0391542,0.397652,-107.341,261.62,-1642.32,0.146757,3,OK,-107.174,261.703,-1642.34,OK,-146.574,228.755,-1639.11,OK,-153.332,304.793,-1637.81,,364675087,Port:3,0,1773303518,118824167,Missing,,,,,,,,,4,Missing,,,,Missing,,,,Missing,,,,Missing,,,,,364675087,Port:65535,0,1773303518,118824167,Missing,,,,,,,,,0
4,,364675090,Port:1,0,1773303518,168824167,99999998,Enabled,0.658627,0.132284,-0.668867,0.318322,-48.0642,172.985,-1833.41,0.152798,4,OK,-47.9777,172.871,-1833.3,OK,-97.9609,170.108,-1837.8,OK,-118.165,120.266,-1827.18,OK,-53.8157,115.006,-1819.48,,364675090,Port:2,0,1773303518,168824167,Enabled,0.916487,0.0219565,0.0383739,0.397614,-107.332,261.619,-1642.28,0.147565,3,OK,-107.161,261.701,-1642.29,OK,-146.576,228.762,-1639.14,OK,-153.325,304.792,-1637.8,,364675090,Port:3,0,1773303518,168824167,Missing,,,,,,,,,4,Missing,,,,Missing,,,,Missing,,,,Missing,,,,,364675090,Port:65535,0,1773303518,168824167,Missing,,,,,,,,,0
4,,364675096,Port:1,0,1773303518,268824165,50000000,Enabled,0.664502,0.156927,-0.656062,0.321549,-52.738,170.425,-1828.12,0.130066,4,OK,-52.66,170.317,-1828.05,OK,-102.605,165.765,-1830.57,OK,-120.572,115.031,-1820.2,OK,-55.8136,112.041,-1815.08,,364675096,Port:2,0,1773303518,268824165,Enabled,0.916496,0.0217552,0.0383025,0.397612,-107.335,261.616,-1642.27,0.148176,3,OK,-107.164,261.697,-1642.29,OK,-146.58,228.758,-1639.14,OK,-153.331,304.795,-1637.82,,364675096,Port:3,0,1773303518,268824165,Missing,,,,,,,,,4,Missing,,,,Missing,,,,Missing,,,,Missing,,,,,364675096,Port:65535,0,1773303518,268824165,Missing,,,,,,,,,0
4,,364675099,Port:1,0,1773303518,318824165,49999999,Enabled,0.66764,0.169929,-0.648678,0.323417,-55.324,169.124,-1825.35,0.139463,4,OK,-55.2482,169.01,-1825.27,OK,-105.142,163.498,-1826.78,OK,-121.863,112.329,-1816.46,OK,-56.9445,110.567,-1812.79,,364675099,Port:2,0,1773303518,318824165,Enabled,0.916469,0.0220113,0.0386457,0.397625,-107.335,261.619,-1642.3,0.140854,3,OK,-107.171,261.696,-1642.31,OK,-146.57,228.766,-1639.13,OK,-153.328,304.791,-1637.8,,364675099,Port:3,0,1773303518,318824165,Missing,,,,,,,,,4,Missing,,,,Missing,,,,Missing,,,,Missing,,,,,364675099,Port:65535,0,1773303518,318824165,Missing,,,,,,,,,0
4,,364675102,Port:1,0,1773303518,368824164,50000000,Enabled,0.670801,0.186176,-0.638833,0.327501,-58.9432,167.336,-1822.31,0.128221,4,OK,-58.8539,167.228,-1822.25,OK,-108.594,160.335,-1822.47,OK,-123.626,108.611,-1812.22,OK,-58.6263,108.664,-1810.25,,364675102,Port:2,0,1773303518,368824164,Enabled,0.916503,0.0218003,0.038328,0.397589,-107.337,261.609,-1642.26,0.145603,3,OK,-107.17,261.691,-1642.28,OK,-146.581,228.753,-1639.13,OK,-153.327,304.788,-1637.81,,364675102,Port:3,0,1773303518,368824164,Missing,,,,,,,,,4,Missing,,,,Missing,,,,Missing,,,,Missing,,,,,364675102,Port:65535,0,1773303518,368824164,Missing,,,,,,,,,0
4,,364675105,Port:1,0,1773303518,418824164,100000001,Enabled,0.673639,0.206039,-0.628288,0.330172,-62.9014,165.077,-1818.23,0.136494,4,OK,-62.8218,164.956,-1818.16,OK,-112.283,156.518,-1817.04,OK,-125.421,104.231,-1807.16,OK,-60.4053,106.285,-1807.12,,364675105,Port:2,0,1773303518,418824164,Enabled,0.916514,0.0219901,0.0378539,0.3976,-107.337,261.617,-1642.26,0.145073,3,OK,-107.167,261.695,-1642.27,OK,-146.585,228.766,-1639.17,OK,-153.333,304.792,-1637.81,,364675105,Port:3,0,1773303518,418824164,Missing,,,,,,,,,4,Missing,,,,Missing,,,,Missing,,,,Missing,,,,,364675105,Port:65535,0,1773303518,418824164,Missing,,,,,,,,,0
4,,364675111,Port:1,0,1773303518,518824165,50000000,Enabled,0.678663,0.248655,-0.603437,0.336826,-70.5179,158.477,-1808.22,0.127424,4,OK,-70.4363,158.349,-1808.2,OK,-119.003,146.446,-1804.1,OK,-127.86,93.0892,-1795.2,OK,-63.2792,99.7198,-1799.2,,364675111,Port:2,0,1773303518,518824165,Enabled,0.916446,0.0219179,0.0389458,0.397656,-107.337,261.619,-1642.31,0.146755,3,OK,-107.167,261.701,-1642.33,OK,-146.573,228.761,-1639.12,OK,-153.331,304.787,-1637.81,,364675111,Port:3,0,1773303518,518824165,Missing,,,,,,,,,4,Missing,,,,Missing,,,,Missing,,,,Missing,,,,,364675111,Port:65535,0,1773303518,518824165,Missing,,,,,,,,,0
4,,364675114,Port:1,0,1773303518,568824165,49999999,Enabled,0.680287,0.268148,-0.592312,0.338339,-73.4059,154.926,-1802.97,0.117954,4,OK,-73.3288,154.806,-1802.96,OK,-121.355,141.384,-1797.63,OK,-128.377,87.62,-1789.38,OK,-64.1482,96.2765,-1795.14,,364675114,Port:2,0,1773303518,568824165,Enabled,0.916469,0.0223736,0.0386568,0.397604,-107.336,261.62,-1642.3,0.148003,3,OK,-107.165,261.704,-1642.31,OK,-146.58,228.765,-1639.14,OK,-153.324,304.789,-1637.76,,364675114,Port:3,0,1773303518,568824165,Missing,,,,,,,,,4,Missing,,,,Missing,,,,Missing,,,,Missing,,,,,364675114,Port:65535,0,1773303518,568824165,Missing,,,,,,,,,0
4,,364675117,Port:1,0,1773303518,618824164,50000000,Enabled,0.680906,0.285215,-0.582925,0.339439,-75.7458,151.691,-1798.45,0.129137,4,OK,-75.6573,151.565,-1798.42,OK,-123.184,136.796,-1792.2,OK,-128.591,82.7608,-1784.56,OK,-64.7667,93.2073,-1791.79,,364675117,Port:2,0,1773303518,618824164,Enabled,0.916453,0.021952,0.0389526,0.397638,-107.341,261.625,-1642.32,0.148241,3,OK,-107.171,261.708,-1642.33,OK,-146.579,228.764,-1639.13,OK,-153.334,304.798,-1637.82,,364675117,Port:3,0,1773303518,618824164,Missing,,,,,,,,,4,Missing,,,,Missing,,,,Missing,,,,Missing,,,,,364675117,Port:65535,0,1773303518,618824164,Missing,,,,,,,,,0
4,,364675120,Port:1,0,1773303518,668824164,100000001,Enabled,0.680491,0.297522,-0.576708,0.340324,-77.299,149.251,-1794.81,0.133222,4,OK,-77.2183,149.106,-1794.83,OK,-124.328,133.373,-1787.94,OK,-128.576,79.1482,-1780.96,OK,-65.0861,90.9293,-1788.98,,364675120,Port:2,0,1773303518,668824164,Enabled,0.916475,0.0222073,0.0385451,0.397611,-107.335,261.616,-1642.29,0.144415,3,OK,-107.169,261.697,-1642.31,OK,-146.576,228.759,-1639.15,OK,-153.324,304.788,-1637.78,,364675120,Port:3,0,1773303518,668824164,Missing,,,,,,,,,4,Missing,,,,Missing,,,,Missing,,,,Missing,,,,,364675120,Port:65535,0,1773303518,668824164,Missing,,,,,,,,,0
4,,364675126,Port:1,0,1773303518,768824165,50000000,Enabled,0.68134,0.315756,-0.56373,0.343922,-80.368,145.637,-1789.94,0.119485,4,OK,-80.282,145.517,-1789.96,OK,-126.633,128.148,-1781.91,OK,-128.887,73.7039,-1775.44,OK,-66.0751,87.6759,-1785.15,,364675126,Port:2,0,1773303518,768824165,Enabled,0.916493,0.0218897,0.0383253,0.397608,-107.336,261.621,-1642.26,0.145403,3,OK,-107.167,261.7,-1642.28,OK,-146.58,228.768,-1639.13,OK,-153.331,304.794,-1637.8,,364675126,Port:3,0,1773303518,768824165,Missing,,,,,,,,,4,Missing,,,,Missing,,,,Missing,,,,Missing,,,,,364675126,Port:65535,0,1773303518,768824165,Missing,,,,,,,,,0
4,,364675129,Port:1,0,1773303518,818824165,49999999,Enabled,0.681681,0.327478,-0.555959,0.344934,-82.1988,143.493,-1787.32,0.132263,4,OK,-82.1104,143.363,-1787.27,OK,-127.964,125.038,-1778.7,OK,-129.062,70.508,-1772.56,OK,-66.7017,85.7897,-1783.4,,364675129,Port:2,0,1773303518,818824165,Enabled,0.916475,0.022055,0.038743,0.397601,-107.335,261.611,-1642.29,0.148751,3,OK,-107.164,261.695,-1642.3,OK,-146.578,228.752,-1639.11,OK,-153.323,304.786,-1637.78,,364675129,Port:3,0,1773303518,818824165,Missing,,,,,,,,,4,Missing,,,,Missing,,,,Missing,,,,Missing,,,,,364675129,Port:65535,0,1773303518,818824165,Missing,,,,,,,,,0
4,,364675132,Port:1,0,1773303518,868824164,50000000,Enabled,0.682164,0.33858,-0.547,0.347573,-83.8871,140.901,-1784.39,0.11763,4,OK,-83.7926,140.788,-1784.38,OK,-129.077,121.422,-1774.99,OK,-128.891,66.8321,-1769.21,OK,-67.0883,83.5141,-1781.07,,364675132,Port:2,0,1773303518,868824164,Enabled,0.916481,0.0219191,0.0384778,0.39762,-107.336,261.619,-1642.29,0.14502,3,OK,-107.17,261.699,-1642.3,OK,-146.576,228.76,-1639.14,OK,-153.33,304.796,-1637.81,,364675132,Port:3,0,1773303518,868824164,Missing,,,,,,,,,4,Missing,,,,Missing,,,,Missing,,,,Missing,,,,,364675132,Port:65535,0,1773303518,868824164,Missing,,,,,,,,,0
4,,364675135,Port:1,0,1773303518,918824164,100000001,Enabled,0.681765,0.350299,-0.539819,0.34797,-85.0981,138.231,-1781.06,0.124457,4,OK,-85.016,138.099,-1781.1,OK,-129.738,117.823,-1771.03,OK,-128.452,63.1887,-1765.97,OK,-67.1995,81.1417,-1778.61,,364675135,Port:2,0,1773303518,918824164,Enabled,0.916486,0.0217434,0.0385236,0.397614,-107.332,261.619,-1642.27,0.145139,3,OK,-107.165,261.7,-1642.28,OK,-146.572,228.762,-1639.11,OK,-153.325,304.796,-1637.81,,364675135,Port:3,0,1773303518,918824164,Missing,,,,,,,,,4,Missing,,,,Missing,,,,Missing,,,,Missing,,,,,364675135,Port:65535,0,1773303518,918824164,Missing,,,,,,,,,0
4,,364675141,Port:1,0,1773303519,18824165,50000000,Enabled,0.681284,0.375946,-0.520897,0.350973,-88.0723,132.03,-1773.67,0.129769,4,OK,-87.9729,131.905,-1773.7,OK,-131.301,109.424,-1762.26,OK,-127.37,54.8063,-1758.31,OK,-67.5224,75.801,-1773.1,,364675141,Port:2,0,1773303519,18824165,Enabled,0.916472,0.0219625,0.0384977,0.397635,-107.337,261.622,-1642.3,0.146162,3,OK,-107.165,261.7,-1642.32,OK,-146.577,228.767,-1639.15,OK,-153.334,304.793,-1637.82,,364675141,Port:3,0,1773303519,18824165,Missing,,,,,,,,,4,Missing,,,,Missing,,,,Missing,,,,Missing,,,,,364675141,Port:65535,0,1773303519,18824165,Missing,,,,,,,,,0
4,,364675144,Port:1,0,1773303519,68824165,49999999,Enabled,0.680842,0.389932,-0.510339,0.35208,-89.5724,128.47,-1769.86,0.157556,4,OK,-89.4774,128.36,-1769.99,OK,-131.964,104.694,-1757.64,OK,-126.62,50.1532,-1754.55,OK,-67.6624,72.742,-1770.33,,364675144,Port:2,0,1773303519,68824165,Enabled,0.916485,0.0217737,0.0382744,0.397639,-107.33,261.62,-1642.26,0.145268,3,OK,-107.161,261.698,-1642.28,OK,-146.571,228.762,-1639.13,OK,-153.329,304.795,-1637.81,,364675144,Port:3,0,1773303519,68824165,Missing,,,,,,,,,4,Missing,,,,Missing,,,,Missing,,,,Missing,,,,,364675144,Port:65535,0,1773303519,68824165,Missing,,,,,,,,,0
4,,364675147,Port:1,0,1773303519,118824164,50000000,Enabled,0.679289,0.402869,-0.501157,0.353702,-90.9469,124.985,-1766.22,0.128946,4,OK,-90.8441,124.868,-1766.28,OK,-132.54,100.092,-1753.54,OK,-125.842,45.6449,-1751.01,OK,-67.7395,69.8089,-1767.76,,364675147,Port:2,0,1773303519,118824164,Enabled,0.916496,0.0218186,0.0382448,0.397613,-107.339,261.62,-1642.28,0.143647,3,OK,-107.172,261.697,-1642.29,OK,-146.58,228.765,-1639.15,OK,-153.335,304.797,-1637.83,,364675147,Port:3,0,1773303519,118824164,Missing,,,,,,,,,4,Missing,,,,Missing,,,,Missing,,,,Missing,,,,,364675147,Port:65535,0,1773303519,118824164,Missing,,,,,,,,,0
4,,364675150,Port:1,0,1773303519,168824164,100000000,Enabled,0.678923,0.414874,-0.49134,0.354301,-91.8128,121.875,-1762.83,0.130416,4,OK,-91.7069,121.759,-1762.88,OK,-132.609,95.9996,-1749.53,OK,-124.715,41.6872,-1747.62,OK,-67.4833,67.2172,-1765.37,,364675150,Port:2,0,1773303519,168824164,Enabled,0.916492,0.0221203,0.0384815,0.397584,-107.336,261.62,-1642.29,0.14739,3,OK,-107.166,261.703,-1642.3,OK,-146.583,228.767,-1639.15,OK,-153.325,304.793,-1637.79,,364675150,Port:3,0,1773303519,168824164,Missing,,,,,,,,,4,Missing,,,,Missing,,,,Missing,,,,Missing,,,,,364675150,Port:65535,0,1773303519,168824164,Missing,,,,,,,,,0
4,,364675156,Port:1,0,1773303519,268824164,50000000,Enabled,0.677831,0.435837,-0.471601,0.358026,-93.6445,116.178,-1757.15,0.143986,4,OK,-93.5391,116.067,-1757.24,OK,-132.771,88.4209,-1742.63,OK,-122.516,34.4952,-1741.76,OK,-67.1092,62.6495,-1761.26,,364675156,Port:2,0,1773303519,268824164,Enabled,0.916496,0.0222274,0.0383117,0.397585,-107.338,261.619,-1642.3,0.146948,3,OK,-107.168,261.698,-1642.31,OK,-146.583,228.761,-1639.17,OK,-153.329,304.798,-1637.79,,364675156,Port:3,0,1773303519,268824164,Missing,,,,,,,,,4,Missing,,,,Missing,,,,Missing,,,,Missing,,,,,364675156,Port:65535,0,1773303519,268824164,Missing,,,,,,,,,0
4,,364675159,Port:1,0,1773303519,318824164,50000000,Enabled,0.677891,0.447787,-0.457344,0.361645,-94.8309,113,-1754.18,0.131053,4,OK,-94.7121,112.9,-1754.22,OK,-132.779,84.1096,-1738.83,OK,-120.968,30.4702,-1738.26,OK,-66.9024,60.2684,-1759.13,,364675159,Port:2,0,1773303519,318824164,Enabled,0.916514,0.0215123,0.0382026,0.397593,-107.329,261.618,-1642.23,0.147175,3,OK,-107.157,261.697,-1642.25,OK,-146.575,228.765,-1639.1,OK,-153.327,304.799,-1637.82,,364675159,Port:3,0,1773303519,318824164,Missing,,,,,,,,,4,Missing,,,,Missing,,,,Missing,,,,Missing,,,,,364675159,Port:65535,0,1773303519,318824164,Missing,,,,,,,,,0
4,,364675162,Port:1,0,1773303519,368824164,49999999,Enabled,0.676417,0.461179,-0.443868,0.364355,-95.9563,109.522,-1750.98,0.194629,4,OK,-95.8318,109.422,-1751.16,OK,-132.676,79.4349,-1734.79,OK,-119.302,26.1552,-1735.18,OK,-66.6328,57.6671,-1756.92,,364675162,Port:2,0,1773303519,368824164,Enabled,0.916458,0.0220003,0.0386315,0.397654,-107.333,261.623,-1642.3,0.150044,3,OK,-107.162,261.71,-1642.32,OK,-146.576,228.76,-1639.14,OK,-153.326,304.79,-1637.81,,364675162,Port:3,0,1773303519,368824164,Missing,,,,,,,,,4,Missing,,,,Missing,,,,Missing,,,,Missing,,,,,364675162,Port:65535,0,1773303519,368824164,Missing,,,,,,,,,0
4,,364675165,Port:1,0,1773303519,418824163,100000001,Enabled,0.674871,0.473643,-0.431017,0.366655,-96.557,105.95,-1747.64,0.168406,4,OK,-96.446,105.848,-1747.79,OK,-132.058,74.7742,-1730.86,OK,-117.25,21.8903,-1731.89,OK,-65.9967,54.9372,-1754.63,,364675165,Port:2,0,1773303519,418824163,Enabled,0.916462,0.0219778,0.0386932,0.397641,-107.335,261.623,-1642.31,0.149011,3,OK,-107.164,261.705,-1642.32,OK,-146.576,228.76,-1639.14,OK,-153.33,304.797,-1637.81,,364675165,Port:3,0,1773303519,418824163,Missing,,,,,,,,,4,Missing,,,,Missing,,,,Missing,,,,Missing,,,,,364675165,Port:65535,0,1773303519,418824163,Missing,,,,,,,,,0
4,,364675171,Port:1,0,1773303519,518824164,50000000,Enabled,0.67035,0.503122,-0.398668,0.372241,-97.6168,97.3695,-1739.87,0.203138,4,OK,-97.4951,97.2831,-1740.07,OK,-129.979,63.653,-1721.64,OK,-111.757,11.887,-1724.5,OK,-64.1795,48.6352,-1749.4,,364675171,Port:2,0,1773303519,518824164,Enabled,0.916463,0.0223773,0.0385913,0.397625,-107.339,261.628,-1642.33,0.148084,3,OK,-107.166,261.712,-1642.35,OK,-146.582,228.773,-1639.19,OK,-153.329,304.793,-1637.8,,364675171,Port:3,0,1773303519,518824164,Missing,,,,,,,,,4,Missing,,,,Missing,,,,Missing,,,,Missing,,,,,364675171,Port:65535,0,1773303519,518824164,Missing,,,,,,,,,0
4,,364675174,Port:1,0,1773303519,568824164,50000000,Enabled,0.66734,0.518876,-0.379642,0.375895,-98.1587,92.5828,-1735.71,0.152319,4,OK,-98.0357,92.485,-1735.83,OK,-128.611,57.5194,-1716.85,OK,-108.487,6.52363,-1720.49,OK,-63.1754,45.2561,-1746.72,,364675174,Port:2,0,1773303519,568824164,Enabled,0.916476,0.0219678,0.0385592,0.39762,-107.338,261.624,-1642.29,0.14624,3,OK,-107.17,261.706,-1642.3,OK,-146.579,228.765,-1639.13,OK,-153.33,304.799,-1637.8,,364675174,Port:3,0,1773303519,568824164,Missing,,,,,,,,,4,Missing,,,,Missing,,,,Missing,,,,Missing,,,,,364675174,Port:65535,0,1773303519,568824164,Missing,,,,,,,,,0
4,,364675177,Port:1,0,1773303519,618824164,49999999,Enabled,0.663007,0.536385,-0.357851,0.380335,-98.4633,87.1588,-1731.28,0.197422,4,OK,-98.3329,87.0578,-1731.47,OK,-126.638,50.6257,-1711.62,OK,-104.373,0.607254,-1716.54,OK,-61.8077,41.5495,-1743.83,,364675177,Port:2,0,1773303519,618824164,Enabled,0.916479,0.0215893,0.0387759,0.397613,-107.337,261.626,-1642.3,0.144548,3,OK,-107.171,261.706,-1642.31,OK,-146.574,228.769,-1639.11,OK,-153.33,304.807,-1637.84,,364675177,Port:3,0,1773303519,618824164,Missing,,,,,,,,,4,Missing,,,,Missing,,,,Missing,,,,Missing,,,,,364675177,Port:65535,0,1773303519,618824164,Missing,,,,,,,,,0
4,,364675180,Port:1,0,1773303519,668824163,100000001,Enabled,0.659186,0.549886,-0.341042,0.383132,-98.2945,82.3992,-1727.67,0.209972,4,OK,-98.1542,82.3023,-1727.88,OK,-124.669,44.7793,-1707.54,OK,-100.852,-4.41204,-1713.44,OK,-60.4482,38.1825,-1741.55,,364675180,Port:2,0,1773303519,668824163,Enabled,0.916477,0.0219147,0.0384485,0.397632,-107.339,261.627,-1642.3,0.145811,3,OK,-107.172,261.708,-1642.32,OK,-146.579,228.766,-1639.16,OK,-153.333,304.802,-1637.83,,364675180,Port:3,0,1773303519,668824163,Missing,,,,,,,,,4,Missing,,,,Missing,,,,Missing,,,,Missing,,,,,364675180,Port:65535,0,1773303519,668824163,Missing,,,,,,,,,0
4,,364675186,Port:1,0,1773303519,768824164,50000000,Enabled,0.655311,0.570022,-0.307483,0.388711,-96.7089,75.5892,-1721.87,0.197997,4,OK,-96.5491,75.4973,-1722.06,OK,-119.689,36.4427,-1700.58,OK,-93.2308,-11.2249,-1707.75,OK,-57.0342,33.7681,-1737.79,,364675186,Port:2,0,1773303519,768824164,Enabled,0.916484,0.0218201,0.0385075,0.397617,-107.337,261.625,-1642.29,0.146193,3,OK,-107.168,261.706,-1642.3,OK,-146.578,228.768,-1639.13,OK,-153.33,304.801,-1637.82,,364675186,Port:3,0,1773303519,768824164,Missing,,,,,,,,,4,Missing,,,,Missing,,,,Missing,,,,Missing,,,,,364675186,Port:65535,0,1773303519,768824164,Missing,,,,,,,,,0
4,,364675189,Port:1,0,1773303519,818824164,50000000,Enabled,0.653463,0.580735,-0.291589,0.388213,-95.9869,72.4926,-1718.8,0.195666,4,OK,-95.8442,72.3813,-1718.99,OK,-117.38,32.7175,-1697.01,OK,-89.8886,-14.2401,-1705.19,OK,-55.695,31.7415,-1736.05,,364675189,Port:2,0,1773303519,818824164,Enabled,0.916474,0.0221418,0.0387522,0.397597,-107.341,261.62,-1642.3,0.147895,3,OK,-107.17,261.703,-1642.31,OK,-146.585,228.766,-1639.13,OK,-153.329,304.79,-1637.78,,364675189,Port:3,0,1773303519,818824164,Missing,,,,,,,,,4,Missing,,,,Missing,,,,Missing,,,,Missing,,,,,364675189,Port:65535,0,1773303519,818824164,Missing,,,,,,,,,0
4,,364675192,Port:1,0,1773303519,868824164,49999999,Enabled,0.64705,0.594696,-0.269556,0.393705,-95.7235,67.614,-1715.4,0.2412,4,OK,-95.5754,67.524,-1715.66,OK,-114.607,26.7803,-1693.17,OK,-85.27,-18.8214,-1702.55,OK,-54.1436,28.8522,-1734.03,,364675192,Port:2,0,1773303519,868824164,Enabled,0.916498,0.0218454,0.0382157,0.397609,-107.338,261.625,-1642.26,0.143754,3,OK,-107.172,261.704,-1642.27,OK,-146.579,228.769,-1639.13,OK,-153.332,304.804,-1637.8,,364675192,Port:3,0,1773303519,868824164,Missing,,,,,,,,,4,Missing,,,,Missing,,,,Missing,,,,Missing,,,,,364675192,Port:65535,0,1773303519,868824164,Missing,,,,,,,,,0
4,,364675195,Port:1,0,1773303519,918824163,100000001,Enabled,0.643944,0.604237,-0.255401,0.393706,-94.4131,64.096,-1712.54,0.224749,4,OK,-94.2614,64.0128,-1712.77,OK,-111.765,22.7069,-1690.09,OK,-81.5424,-22.1124,-1700.36,OK,-52.365,26.4482,-1732.38,,364675195,Port:2,0,1773303519,918824163,Enabled,0.916456,0.0221373,0.0391544,0.397598,-107.34,261.618,-1642.32,0.149578,3,OK,-107.172,261.707,-1642.33,OK,-146.582,228.758,-1639.11,OK,-153.323,304.79,-1637.78,,364675195,Port:3,0,1773303519,918824163,Missing,,,,,,,,,4,Missing,,,,Missing,,,,Missing,,,,Missing,,,,,364675195,Port:65535,0,1773303519,918824163,Missing,,,,,,,,,0
4,,364675201,Port:1,0,1773303520,18824164,50000000,Enabled,0.639227,0.620499,-0.224871,0.394718,-91.0881,58.5804,-1707.59,0.248198,4,OK,-90.9389,58.5114,-1707.87,OK,-105.191,16.3816,-1684.49,OK,-73.3075,-26.9007,-1696.38,OK,-48.2942,23.0918,-1729.49,,364675201,Port:2,0,1773303520,18824164,Enabled,0.916483,0.0217395,0.0384747,0.397626,-107.338,261.625,-1642.3,0.146711,3,OK,-107.168,261.704,-1642.31,OK,-146.579,228.768,-1639.14,OK,-153.336,304.803,-1637.84,,364675201,Port:3,0,1773303520,18824164,Missing,,,,,,,,,4,Missing,,,,Missing,,,,Missing,,,,Missing,,,,,364675201,Port:65535,0,1773303520,18824164,Missing,,,,,,,,,0
4,,364675204,Port:1,0,1773303520,68824164,50000000,Enabled,0.634493,0.629899,-0.20951,0.395918,-90.0415,55.1548,-1705.22,0.234858,4,OK,-89.8844,55.0803,-1705.48,OK,-102.444,12.4531,-1682.02,OK,-69.5744,-29.8454,-1694.87,OK,-46.7369,21.0375,-1728.38,,364675204,Port:2,0,1773303520,68824164,Enabled,0.91648,0.0219133,0.0386543,0.397605,-107.336,261.62,-1642.29,0.147932,3,OK,-107.167,261.704,-1642.3,OK,-146.579,228.76,-1639.12,OK,-153.326,304.795,-1637.8,,364675204,Port:3,0,1773303520,68824164,Missing,,,,,,,,,4,Missing,,,,Missing,,,,Missing,,,,Missing,,,,,364675204,Port:65535,0,1773303520,68824164,Missing,,,,,,,,,0
4,,364675207,Port:1,0,1773303520,118824164,49999999,Enabled,0.63018,0.637971,-0.195797,0.3969,-88.4618,51.8574,-1702.64,0.244012,4,OK,-88.3175,51.7997,-1702.92,OK,-99.2546,8.76958,-1679.4,OK,-65.6303,-32.6261,-1693.15,OK,-44.8441,18.9109,-1726.78,,364675207,Port:2,0,1773303520,118824164,Enabled,0.916467,0.022217,0.0387271,0.397611,-107.335,261.623,-1642.3,0.147334,3,OK,-107.166,261.706,-1642.31,OK,-146.576,228.763,-1639.13,OK,-153.323,304.797,-1637.77,,364675207,Port:3,0,1773303520,118824164,Missing,,,,,,,,,4,Missing,,,,Missing,,,,Missing,,,,Missing,,,,,364675207,Port:65535,0,1773303520,118824164,Missing,,,,,,,,,0
4,,364675210,Port:1,0,1773303520,168824163,100000000,Enabled,0.625009,0.647444,-0.180389,0.397038,-86.6002,48.4071,-1699.96,0.229088,4,OK,-86.4472,48.3494,-1700.22,OK,-95.6454,4.89168,-1676.76,OK,-61.2252,-35.4837,-1691.55,OK,-42.6876,16.8574,-1725.44,,364675210,Port:2,0,1773303520,168824163,Enabled,0.916513,0.0217044,0.0382256,0.397583,-107.342,261.621,-1642.27,0.144353,3,OK,-107.174,261.697,-1642.29,OK,-146.586,228.768,-1639.14,OK,-153.338,304.805,-1637.83,,364675210,Port:3,0,1773303520,168824163,Missing,,,,,,,,,4,Missing,,,,Missing,,,,Missing,,,,Missing,,,,,364675210,Port:65535,0,1773303520,168824163,Missing,,,,,,,,,0
4,,364675216,Port:1,0,1773303520,268824163,50000000,Enabled,0.623386,0.653332,-0.168938,0.394977,-84.2575,46.5134,-1697.89,0.24191,4,OK,-84.1132,46.4547,-1698.17,OK,-92.1279,2.84956,-1674.53,OK,-57.3941,-36.9678,-1690.15,OK,-40.4075,15.6645,-1724.3,,364675216,Port:2,0,1773303520,268824163,Enabled,0.916498,0.0218105,0.0382699,0.397607,-107.339,261.618,-1642.25,0.146922,3,OK,-107.167,261.695,-1642.26,OK,-146.584,228.763,-1639.12,OK,-153.337,304.796,-1637.79,,364675216,Port:3,0,1773303520,268824163,Missing,,,,,,,,,4,Missing,,,,Missing,,,,Missing,,,,Missing,,,,,364675216,Port:65535,0,1773303520,268824163,Missing,,,,,,,,,0
4,,364675219,Port:1,0,1773303520,318824163,100000000,Enabled,0.624128,0.652643,-0.167862,0.395402,-84.2939,46.7084,-1697.96,0.278051,4,OK,-84.1535,46.6585,-1698.28,OK,-92.0936,3.09763,-1674.43,OK,-57.336,-36.7253,-1690.03,OK,-40.4264,15.8336,-1724.26,,364675219,Port:2,0,1773303520,318824163,Enabled,0.916516,0.0217489,0.0382046,0.397574,-107.338,261.619,-1642.25,0.144283,3,OK,-107.173,261.7,-1642.26,OK,-146.583,228.766,-1639.12,OK,-153.328,304.801,-1637.8,,364675219,Port:3,0,1773303520,318824163,Missing,,,,,,,,,4,Missing,,,,Missing,,,,Missing,,,,Missing,,,,,364675219,Port:65535,0,1773303520,318824163,Missing,,,,,,,,,0
4,,364675225,Port:1,0,1773303520,418824163,50000000,Enabled,0.620606,0.658043,-0.158666,0.395794,-83.7904,44.861,-1696.64,0.253534,4,OK,-83.6407,44.8174,-1696.93,OK,-90.5364,1.01274,-1673.2,OK,-55.3117,-38.1401,-1689.38,OK,-39.7587,14.872,-1723.74,,364675225,Port:2,0,1773303520,418824163,Enabled,0.916465,0.0221305,0.03891,0.397604,-107.341,261.627,-1642.31,0.150439,3,OK,-107.168,261.711,-1642.33,OK,-146.585,228.767,-1639.13,OK,-153.331,304.801,-1637.79,,364675225,Port:3,0,1773303520,418824163,Missing,,,,,,,,,4,Missing,,,,Missing,,,,Missing,,,,Missing,,,,,364675225,Port:65535,0,1773303520,418824163,Missing,,,,,,,,,0
4,,364675228,Port:1,0,1773303520,468824163,100000000,Enabled,0.619923,0.659348,-0.155255,0.396046,-83.2523,44.2583,-1696.13,0.216768,4,OK,-83.0952,44.2148,-1696.36,OK,-89.6201,0.386948,-1672.73,OK,-54.2562,-38.5848,-1688.93,OK,-39.2066,14.517,-1723.45,,364675228,Port:2,0,1773303520,468824163,Enabled,0.916505,0.0217058,0.0384571,0.397578,-107.34,261.619,-1642.27,0.143286,3,OK,-107.173,261.695,-1642.28,OK,-146.581,228.768,-1639.11,OK,-153.333,304.801,-1637.82,,364675228,Port:3,0,1773303520,468824163,Missing,,,,,,,,,4,Missing,,,,Missing,,,,Missing,,,,Missing,,,,,364675228,Port:65535,0,1773303520,468824163,Missing,,,,,,,,,0
4,,364675234,Port:1,0,1773303520,568824163,50000000,Enabled,0.619704,0.660238,-0.151721,0.396274,-82.9839,44.0215,-1695.76,0.237034,4,OK,-82.8309,43.9804,-1696.03,OK,-88.9926,0.149468,-1672.25,OK,-53.5092,-38.6398,-1688.61,OK,-38.9149,14.4639,-1723.21,,364675234,Port:2,0,1773303520,568824163,Enabled,0.916484,0.0218619,0.0387714,0.397588,-107.339,261.628,-1642.31,0.148289,3,OK,-107.167,261.71,-1642.33,OK,-146.582,228.772,-1639.13,OK,-153.329,304.808,-1637.83,,364675234,Port:3,0,1773303520,568824163,Missing,,,,,,,,,4,Missing,,,,Missing,,,,Missing,,,,Missing,,,,,364675234,Port:65535,0,1773303520,568824163,Missing,,,,,,,,,0
4,,364675237,Port:1,0,1773303520,618824163,50000000,Enabled,0.620054,0.659815,-0.15162,0.396471,-82.9871,44.12,-1695.83,0.260829,4,OK,-82.8213,44.0832,-1696.13,OK,-89.016,0.250054,-1672.23,OK,-53.5292,-38.5426,-1688.58,OK,-38.8993,14.5587,-1723.24,,364675237,Port:2,0,1773303520,618824163,Enabled,0.916502,0.0214546,0.0384618,0.397598,-107.338,261.622,-1642.27,0.145658,3,OK,-107.168,261.7,-1642.29,OK,-146.58,228.769,-1639.11,OK,-153.335,304.804,-1637.85,,364675237,Port:3,0,1773303520,618824163,Missing,,,,,,,,,4,Missing,,,,Missing,,,,Missing,,,,Missing,,,,,364675237,Port:65535,0,1773303520,618824163,Missing,,,,,,,,,0
4,,364675240,Port:1,0,1773303520,668824163,50000000,Enabled,0.619575,0.661011,-0.148961,0.396234,-82.6879,43.8637,-1695.51,0.255759,4,OK,-82.527,43.8145,-1695.81,OK,-88.4356,-0.0100556,-1671.9,OK,-52.8627,-38.6727,-1688.41,OK,-38.6134,14.4615,-1723.1,,364675240,Port:2,0,1773303520,668824163,Enabled,0.916467,0.0219665,0.0386483,0.397634,-107.335,261.629,-1642.3,0.149028,3,OK,-107.165,261.716,-1642.32,OK,-146.578,228.769,-1639.14,OK,-153.326,304.798,-1637.81,,364675240,Port:3,0,1773303520,668824163,Missing,,,,,,,,,4,Missing,,,,Missing,,,,Missing,,,,Missing,,,,,364675240,Port:65535,0,1773303520,668824163,Missing,,,,,,,,,0
4,,364675243,Port:1,0,1773303520,718824163,100000000,Enabled,0.618953,0.661258,-0.150646,0.396158,-82.636,43.5234,-1695.42,0.254528,4,OK,-82.4678,43.4815,-1695.72,OK,-88.4977,-0.397683,-1671.96,OK,-52.9633,-39.0882,-1688.46,OK,-38.5815,14.1098,-1722.99,,364675243,Port:2,0,1773303520,718824163,Enabled,0.916471,0.0221211,0.0386238,0.397618,-107.343,261.63,-1642.32,0.146107,3,OK,-107.175,261.713,-1642.34,OK,-146.584,228.772,-1639.17,OK,-153.332,304.802,-1637.82,,364675243,Port:3,0,1773303520,718824163,Missing,,,,,,,,,4,Missing,,,,Missing,,,,Missing,,,,Missing,,,,,364675243,Port:65535,0,1773303520,718824163,Missing,,,,,,,,,0
4,,364675249,Port:1,0,1773303520,818824163,50000000,Enabled,0.618764,0.661833,-0.149925,0.395765,-82.7063,43.5775,-1695.4,0.240778,4,OK,-82.5565,43.5353,-1695.68,OK,-88.5077,-0.350129,-1671.93,OK,-52.9496,-39.0045,-1688.55,OK,-38.65,14.1937,-1723.08,,364675249,Port:2,0,1773303520,818824163,Enabled,0.916467,0.0221357,0.0387899,0.397611,-107.338,261.623,-1642.32,0.151176,3,OK,-107.163,261.708,-1642.33,OK,-146.584,228.767,-1639.14,OK,-153.328,304.791,-1637.8,,364675249,Port:3,0,1773303520,818824163,Missing,,,,,,,,,4,Missing,,,,Missing,,,,Missing,,,,Missing,,,,,364675249,Port:65535,0,1773303520,818824163,Missing,,,,,,,,,0
4,,364675252,Port:1,0,1773303520,868824163,50000000,Enabled,0.619964,0.660491,-0.151544,0.395514,-82.886,44.1001,-1695.7,0.243484,4,OK,-82.7369,44.0562,-1695.98,OK,-88.9041,0.23761,-1672.16,OK,-53.466,-38.5856,-1688.62,OK,-38.8754,14.5032,-1723.21,,364675252,Port:2,0,1773303520,868824163,Enabled,0.916468,0.0219784,0.0385482,0.39764,-107.338,261.627,-1642.29,0.148191,3,OK,-107.166,261.708,-1642.3,OK,-146.579,228.766,-1639.14,OK,-153.335,304.802,-1637.8,,364675252,Port:3,0,1773303520,868824163,Missing,,,,,,,,,4,Missing,,,,Missing,,,,Missing,,,,Missing,,,,,364675252,Port:65535,0,1773303520,868824163,Missing,,,,,,,,,0
4,,364675255,Port:1,0,1773303520,918824163,50000000,Enabled,0.61952,0.660855,-0.149631,0.396328,-83.0122,43.8682,-1695.59,0.228182,4,OK,-82.8535,43.8293,-1695.85,OK,-88.8279,-0.0160599,-1672.04,OK,-53.2582,-38.7068,-1688.45,OK,-38.9199,14.4507,-1723.19,,364675255,Port:2,0,1773303520,918824163,Enabled,0.916519,0.0218718,0.0380134,0.39758,-107.343,261.623,-1642.27,0.14892,3,OK,-107.171,261.706,-1642.28,OK,-146.594,228.769,-1639.16,OK,-153.335,304.8,-1637.82,,364675255,Port:3,0,1773303520,918824163,Missing,,,,,,,,,4,Missing,,,,Missing,,,,Missing,,,,Missing,,,,,364675255,Port:65535,0,1773303520,918824163,Missing,,,,,,,,,0
4,,364675258,Port:1,0,1773303520,968824163,100000000,Enabled,0.619244,0.661309,-0.150497,0.395673,-82.962,43.7815,-1695.52,0.248145,4,OK,-82.8144,43.7329,-1695.8,OK,-88.8477,-0.118248,-1672,OK,-53.3338,-38.8418,-1688.58,OK,-38.9122,14.3236,-1723.13,,364675258,Port:2,0,1773303520,968824163,Enabled,0.916505,0.021646,0.0379773,0.397629,-107.334,261.624,-1642.25,0.145745,3,OK,-107.165,261.701,-1642.26,OK,-146.576,228.765,-1639.14,OK,-153.335,304.806,-1637.83,,364675258,Port:3,0,1773303520,968824163,Missing,,,,,,,,,4,Missing,,,,Missing,,,,Missing,,,,Missing,,,,,364675258,Port:65535,0,1773303520,968824163,Missing,,,,,,,,,0
4,,364675264,Port:1,0,1773303521,68824163,50000000,Enabled,0.618476,0.662066,-0.149096,0.396139,-83.0525,43.516,-1695.39,0.255521,4,OK,-82.8997,43.4777,-1695.69,OK,-88.7424,-0.422181,-1671.91,OK,-53.1388,-39.007,-1688.56,OK,-38.9763,14.2072,-1723.06,,364675264,Port:2,0,1773303521,68824163,Enabled,0.916498,0.0219469,0.0379809,0.397626,-107.335,261.63,-1642.27,0.147904,3,OK,-107.163,261.712,-1642.28,OK,-146.583,228.776,-1639.17,OK,-153.333,304.8,-1637.81,,364675264,Port:3,0,1773303521,68824163,Missing,,,,,,,,,4,Missing,,,,Missing,,,,Missing,,,,Missing,,,,,364675264,Port:65535,0,1773303521,68824163,Missing,,,,,,,,,0
4,,364675267,Port:1,0,1773303521,118824163,50000000,Enabled,0.618777,0.661353,-0.149808,0.396592,-83.1783,43.6398,-1695.59,0.260732,4,OK,-83.0079,43.5952,-1695.89,OK,-88.9499,-0.288903,-1672.08,OK,-53.3594,-38.911,-1688.6,OK,-39.0779,14.3008,-1723.16,,364675267,Port:2,0,1773303521,118824163,Enabled,0.91647,0.0217883,0.0386739,0.397634,-107.339,261.621,-1642.27,0.145856,3,OK,-107.174,261.704,-1642.29,OK,-146.578,228.758,-1639.1,OK,-153.331,304.796,-1637.8,,364675267,Port:3,0,1773303521,118824163,Missing,,,,,,,,,4,Missing,,,,Missing,,,,Missing,,,,Missing,,,,,364675267,Port:65535,0,1773303521,118824163,Missing,,,,,,,,,0
4,,364675270,Port:1,0,1773303521,168824163,50000003,Enabled,0.618497,0.661975,-0.148563,0.396458,-83.1091,43.5754,-1695.43,0.241579,4,OK,-82.9533,43.5335,-1695.71,OK,-88.7488,-0.349114,-1671.95,OK,-53.1081,-38.9256,-1688.53,OK,-39.0087,14.3085,-1723.11,,364675270,Port:2,0,1773303521,168824163,Enabled,0.916474,0.0221762,0.0385726,0.397614,-107.338,261.627,-1642.31,0.14809,3,OK,-107.165,261.708,-1642.32,OK,-146.582,228.773,-1639.16,OK,-153.331,304.798,-1637.8,,364675270,Port:3,0,1773303521,168824163,Missing,,,,,,,,,4,Missing,,,,Missing,,,,Missing,,,,Missing,,,,,364675270,Port:65535,0,1773303521,168824163,Missing,,,,,,,,,0
4,,364675273,Port:1,0,1773303521,218824166,100000000,Enabled,0.618266,0.662184,-0.149114,0.396262,-83.2458,43.4199,-1695.35,0.283266,4,OK,-83.0767,43.3859,-1695.69,OK,-88.9264,-0.555108,-1671.86,OK,-53.3228,-39.1172,-1688.55,OK,-39.1536,14.1794,-1723.04,,364675273,Port:2,0,1773303521,218824166,Enabled,0.916481,0.0222133,0.0386154,0.397591,-107.34,261.632,-1642.32,0.14517,3,OK,-107.174,261.714,-1642.33,OK,-146.582,228.775,-1639.16,OK,-153.327,304.807,-1637.8,,364675273,Port:3,0,1773303521,218824166,Missing,,,,,,,,,4,Missing,,,,Missing,,,,Missing,,,,Missing,,,,,364675273,Port:65535,0,1773303521,218824166,Missing,,,,,,,,,0
4,,364675279,Port:1,0,1773303521,318824166,50000000,Enabled,0.618445,0.662363,-0.149533,0.395527,-83.1718,43.583,-1695.31,0.23069,4,OK,-83.0117,43.5343,-1695.58,OK,-88.9156,-0.380593,-1671.9,OK,-53.3671,-38.9838,-1688.53,OK,-39.1297,14.2681,-1723.08,,364675279,Port:2,0,1773303521,318824166,Enabled,0.916472,0.0223834,0.0387413,0.397588,-107.343,261.624,-1642.32,0.148743,3,OK,-107.174,261.712,-1642.33,OK,-146.589,228.767,-1639.16,OK,-153.325,304.792,-1637.78,,364675279,Port:3,0,1773303521,318824166,Missing,,,,,,,,,4,Missing,,,,Missing,,,,Missing,,,,Missing,,,,,364675279,Port:65535,0,1773303521,318824166,Missing,,,,,,,,,0
4,,364675282,Port:1,0,1773303521,368824166,50000000,Enabled,0.618353,0.66204,-0.150839,0.395715,-83.3975,43.7086,-1695.53,0.268069,4,OK,-83.2423,43.6695,-1695.84,OK,-89.2572,-0.253746,-1672.1,OK,-53.7236,-38.9218,-1688.79,OK,-39.3456,14.3411,-1723.18,,364675282,Port:2,0,1773303521,368824166,Enabled,0.916512,0.0219386,0.0380672,0.397586,-107.338,261.626,-1642.27,0.148249,3,OK,-107.166,261.708,-1642.28,OK,-146.587,228.771,-1639.16,OK,-153.331,304.804,-1637.81,,364675282,Port:3,0,1773303521,368824166,Missing,,,,,,,,,4,Missing,,,,Missing,,,,Missing,,,,Missing,,,,,364675282,Port:65535,0,1773303521,368824166,Missing,,,,,,,,,0
4,,364675285,Port:1,0,1773303521,418824166,50000000,Enabled,0.619193,0.660372,-0.153659,0.396103,-83.8103,44.3194,-1695.86,0.267723,4,OK,-83.6486,44.2744,-1696.17,OK,-89.963,0.412476,-1672.44,OK,-54.5386,-38.4305,-1688.88,OK,-39.7727,14.7253,-1723.24,,364675285,Port:2,0,1773303521,418824166,Enabled,0.916494,0.0218738,0.0384992,0.397589,-107.342,261.627,-1642.28,0.149231,3,OK,-107.168,261.708,-1642.3,OK,-146.589,228.773,-1639.13,OK,-153.335,304.803,-1637.81,,364675285,Port:3,0,1773303521,418824166,Missing,,,,,,,,,4,Missing,,,,Missing,,,,Missing,,,,Missing,,,,,364675285,Port:65535,0,1773303521,418824166,Missing,,,,,,,,,0
4,,364675288,Port:1,0,1773303521,468824166,100000000,Enabled,0.620576,0.658837,-0.156883,0.39523,-84.2656,45.2439,-1696.33,0.221446,4,OK,-84.1136,45.2053,-1696.58,OK,-90.8356,1.39034,-1672.92,OK,-55.5935,-37.6952,-1689.12,OK,-40.2927,15.3205,-1723.59,,364675288,Port:2,0,1773303521,468824166,Enabled,0.916459,0.0221733,0.0388185,0.397624,-107.341,261.629,-1642.32,0.15014,3,OK,-107.167,261.713,-1642.34,OK,-146.585,228.772,-1639.14,OK,-153.332,304.796,-1637.8,,364675288,Port:3,0,1773303521,468824166,Missing,,,,,,,,,4,Missing,,,,Missing,,,,Missing,,,,Missing,,,,,364675288,Port:65535,0,1773303521,468824166,Missing,,,,,,,,,0
4,,364675294,Port:1,0,1773303521,568824166,50000000,Enabled,0.626436,0.648892,-0.174532,0.395038,-86.6091,49.4804,-1699.14,0.246055,4,OK,-86.4644,49.4126,-1699.41,OK,-95.1697,6.04737,-1675.66,OK,-60.7436,-34.2486,-1690.73,OK,-42.8847,17.992,-1724.94,,364675294,Port:2,0,1773303521,568824166,Enabled,0.916489,0.0219701,0.038271,0.397618,-107.34,261.631,-1642.28,0.148775,3,OK,-107.167,261.713,-1642.3,OK,-146.587,228.774,-1639.15,OK,-153.335,304.803,-1637.81,,364675294,Port:3,0,1773303521,568824166,Missing,,,,,,,,,4,Missing,,,,Missing,,,,Missing,,,,Missing,,,,,364675294,Port:65535,0,1773303521,568824166,Missing,,,,,,,,,0
4,,364675297,Port:1,0,1773303521,618824166,50000000,Enabled,0.630665,0.642331,-0.183304,0.39506,-88.1572,52.3179,-1701.14,0.224163,4,OK,-88.0067,52.2493,-1701.39,OK,-97.825,9.17321,-1677.5,OK,-63.8666,-31.7809,-1691.76,OK,-44.5616,19.9424,-1726.14,,364675297,Port:2,0,1773303521,618824166,Enabled,0.916495,0.0215494,0.0382377,0.39763,-107.338,261.628,-1642.25,0.14552,3,OK,-107.17,261.707,-1642.26,OK,-146.58,228.77,-1639.11,OK,-153.337,304.806,-1637.83,,364675297,Port:3,0,1773303521,618824166,Missing,,,,,,,,,4,Missing,,,,Missing,,,,Missing,,,,Missing,,,,,364675297,Port:65535,0,1773303521,618824166,Missing,,,,,,,,,0
4,,364675300,Port:1,0,1773303521,668824166,50000000,Enabled,0.636098,0.633014,-0.195521,0.39553,-89.9469,55.8536,-1703.83,0.227234,4,OK,-89.792,55.776,-1704.08,OK,-101.094,13.1593,-1680.01,OK,-67.8055,-28.6831,-1693.16,OK,-46.579,22.2713,-1727.6,,364675300,Port:2,0,1773303521,668824166,Enabled,0.916473,0.0220364,0.0386601,0.397614,-107.343,261.625,-1642.3,0.150094,3,OK,-107.171,261.71,-1642.31,OK,-146.587,228.763,-1639.14,OK,-153.333,304.801,-1637.8,,364675300,Port:3,0,1773303521,668824166,Missing,,,,,,,,,4,Missing,,,,Missing,,,,Missing,,,,Missing,,,,,364675300,Port:65535,0,1773303521,668824166,Missing,,,,,,,,,0
4,,364675303,Port:1,0,1773303521,718824166,100000000,Enabled,0.63985,0.624835,-0.208477,0.395868,-91.6743,59.3648,-1706.4,0.228103,4,OK,-91.5286,59.2773,-1706.65,OK,-104.272,17.0766,-1682.64,OK,-71.6343,-25.5664,-1694.88,OK,-48.57,24.6738,-1729.02,,364675303,Port:2,0,1773303521,718824166,Enabled,0.916483,0.0219331,0.0385603,0.397607,-107.339,261.625,-1642.27,0.144334,3,OK,-107.174,261.706,-1642.29,OK,-146.579,228.767,-1639.12,OK,-153.33,304.803,-1637.79,,364675303,Port:3,0,1773303521,718824166,Missing,,,,,,,,,4,Missing,,,,Missing,,,,Missing,,,,Missing,,,,,364675303,Port:65535,0,1773303521,718824166,Missing,,,,,,,,,0
4,,364675309,Port:1,0,1773303521,818824166,50000000,Enabled,0.652206,0.601465,-0.238739,0.394806,-94.7743,68.0694,-1713.15,0.218001,4,OK,-94.6254,67.9746,-1713.38,OK,-111.026,27.0996,-1689.25,OK,-80.4309,-17.6035,-1698.94,OK,-52.686,30.4555,-1732.88,,364675309,Port:2,0,1773303521,818824166,Enabled,0.916482,0.0221583,0.0385961,0.397592,-107.342,261.623,-1642.29,0.144349,3,OK,-107.174,261.702,-1642.3,OK,-146.583,228.77,-1639.14,OK,-153.331,304.797,-1637.78,,364675309,Port:3,0,1773303521,818824166,Missing,,,,,,,,,4,Missing,,,,Missing,,,,Missing,,,,Missing,,,,,364675309,Port:65535,0,1773303521,818824166,Missing,,,,,,,,,0
4,,364675312,Port:1,0,1773303521,868824166,50000000,Enabled,0.657288,0.590093,-0.252799,0.394785,-96.2019,72.4624,-1716.65,0.204044,4,OK,-96.064,72.3385,-1716.86,OK,-114.113,32.1969,-1692.79,OK,-84.4817,-13.3815,-1701.28,OK,-54.6517,33.5354,-1734.97,,364675312,Port:2,0,1773303521,868824166,Enabled,0.916457,0.0221963,0.0384841,0.39766,-107.338,261.632,-1642.3,0.145006,3,OK,-107.172,261.715,-1642.31,OK,-146.576,228.772,-1639.15,OK,-153.331,304.797,-1637.79,,364675312,Port:3,0,1773303521,868824166,Missing,,,,,,,,,4,Missing,,,,Missing,,,,Missing,,,,Missing,,,,,364675312,Port:65535,0,1773303521,868824166,Missing,,,,,,,,,0
4,,364675315,Port:1,0,1773303521,918824166,50000000,Enabled,0.66233,0.579217,-0.267267,0.392932,-97.2807,76.5785,-1719.93,0.176633,4,OK,-97.1306,76.4512,-1720.08,OK,-116.916,37.0361,-1696.24,OK,-88.4264,-9.45601,-1703.58,OK,-56.4509,36.3414,-1737.06,,364675315,Port:2,0,1773303521,918824166,Enabled,0.916503,0.0219605,0.038146,0.397599,-107.336,261.623,-1642.26,0.142628,3,OK,-107.169,261.702,-1642.28,OK,-146.58,228.776,-1639.15,OK,-153.329,304.795,-1637.8,,364675315,Port:3,0,1773303521,918824166,Missing,,,,,,,,,4,Missing,,,,Missing,,,,Missing,,,,Missing,,,,,364675315,Port:65535,0,1773303521,918824166,Missing,,,,,,,,,0
4,,364675318,Port:1,0,1773303521,968824166,100000000,Enabled,0.667122,0.567802,-0.282543,0.390793,-97.9998,80.5798,-1723.26,0.183968,4,OK,-97.852,80.4656,-1723.42,OK,-119.403,41.8199,-1699.74,OK,-92.1794,-5.55171,-1706.09,OK,-57.9944,38.9904,-1739.11,,364675318,Port:2,0,1773303521,968824166,Enabled,0.916491,0.0220194,0.0383482,0.397605,-107.339,261.624,-1642.29,0.146286,3,OK,-107.172,261.708,-1642.3,OK,-146.584,228.767,-1639.15,OK,-153.329,304.798,-1637.81,,364675318,Port:3,0,1773303521,968824166,Missing,,,,,,,,,4,Missing,,,,Missing,,,,Missing,,,,Missing,,,,,364675318,Port:65535,0,1773303521,968824166,Missing,,,,,,,,,0
4,,364675324,Port:1,0,1773303522,68824166,50000000,Enabled,0.675709,0.545513,-0.310996,0.386154,-98.33,88.4673,-1729.33,0.188242,4,OK,-98.1842,88.3403,-1729.49,OK,-122.958,51.3824,-1706.29,OK,-98.2965,2.42746,-1710.78,OK,-60.1624,44.4023,-1742.75,,364675324,Port:2,0,1773303522,68824166,Enabled,0.916501,0.0219616,0.0380937,0.397608,-107.343,261.621,-1642.27,0.146574,3,OK,-107.172,261.701,-1642.28,OK,-146.589,228.767,-1639.16,OK,-153.339,304.797,-1637.81,,364675324,Port:3,0,1773303522,68824166,Missing,,,,,,,,,4,Missing,,,,Missing,,,,Missing,,,,Missing,,,,,364675324,Port:65535,0,1773303522,68824166,Missing,,,,,,,,,0
4,,364675327,Port:1,0,1773303522,118824166,50000000,Enabled,0.678976,0.53374,-0.326225,0.384305,-98.5288,92.4607,-1732.64,0.157989,4,OK,-98.4081,92.3094,-1732.75,OK,-124.789,56.2829,-1710.07,OK,-101.464,6.60088,-1713.54,OK,-61.3192,47.2045,-1744.83,,364675327,Port:2,0,1773303522,118824166,Enabled,0.916503,0.022143,0.0383402,0.397571,-107.337,261.616,-1642.26,0.143711,3,OK,-107.171,261.698,-1642.27,OK,-146.582,228.767,-1639.13,OK,-153.323,304.788,-1637.76,,364675327,Port:3,0,1773303522,118824166,Missing,,,,,,,,,4,Missing,,,,Missing,,,,Missing,,,,Missing,,,,,364675327,Port:65535,0,1773303522,118824166,Missing,,,,,,,,,0
4,,364675330,Port:1,0,1773303522,168824166,49999999,Enabled,0.683444,0.522028,-0.339204,0.381223,-98.4286,96.6393,-1735.93,0.161584,4,OK,-98.3077,96.4802,-1736.04,OK,-126.206,61.4292,-1713.59,OK,-104.26,11.0999,-1716.18,OK,-62.2963,50.2082,-1746.98,,364675330,Port:2,0,1773303522,168824166,Enabled,0.916468,0.0218373,0.0387065,0.397631,-107.342,261.622,-1642.26,0.149428,3,OK,-107.172,261.709,-1642.28,OK,-146.583,228.758,-1639.09,OK,-153.333,304.797,-1637.79,,364675330,Port:3,0,1773303522,168824166,Missing,,,,,,,,,4,Missing,,,,Missing,,,,Missing,,,,Missing,,,,,364675330,Port:65535,0,1773303522,168824166,Missing,,,,,,,,,0
4,,364675333,Port:1,0,1773303522,218824165,100000000,Enabled,0.686959,0.508656,-0.353659,0.379844,-98.3502,100.644,-1739.51,0.16415,4,OK,-98.2354,100.492,-1739.63,OK,-127.678,66.4694,-1717.55,OK,-107.164,15.5089,-1719.1,OK,-63.3137,53.0895,-1749.14,,364675333,Port:2,0,1773303522,218824165,Enabled,0.916497,0.0216584,0.038421,0.397602,-107.338,261.614,-1642.26,0.145394,3,OK,-107.172,261.696,-1642.27,OK,-146.58,228.756,-1639.11,OK,-153.33,304.795,-1637.82,,364675333,Port:3,0,1773303522,218824165,Missing,,,,,,,,,4,Missing,,,,Missing,,,,Missing,,,,Missing,,,,,364675333,Port:65535,0,1773303522,218824165,Missing,,,,,,,,,0
4,,364675339,Port:1,0,1773303522,318824165,50000001,Enabled,0.693251,0.486305,-0.376022,0.376189,-98.0469,107.671,-1746.01,0.178341,4,OK,-97.9201,107.524,-1746.13,OK,-129.865,75.343,-1724.66,OK,-111.812,23.4296,-1724.55,OK,-64.9806,58.3378,-1753.46,,364675339,Port:2,0,1773303522,318824165,Enabled,0.916497,0.0219093,0.0385176,0.397581,-107.337,261.621,-1642.27,0.146524,3,OK,-107.17,261.704,-1642.29,OK,-146.581,228.764,-1639.12,OK,-153.326,304.8,-1637.79,,364675339,Port:3,0,1773303522,318824165,Missing,,,,,,,,,4,Missing,,,,Missing,,,,Missing,,,,Missing,,,,,364675339,Port:65535,0,1773303522,318824165,Missing,,,,,,,,,0
4,,364675342,Port:1,0,1773303522,368824166,50000000,Enabled,0.695839,0.474668,-0.387735,0.37438,-97.6965,111.057,-1749.12,0.184077,4,OK,-97.5757,110.898,-1749.24,OK,-130.738,79.7132,-1728.18,OK,-113.994,27.3622,-1727.27,OK,-65.7075,60.8725,-1755.45,,364675342,Port:2,0,1773303522,368824166,Enabled,0.91651,0.0220047,0.0382244,0.397572,-107.334,261.611,-1642.24,0.146256,3,OK,-107.162,261.687,-1642.26,OK,-146.581,228.762,-1639.12,OK,-153.328,304.789,-1637.77,,364675342,Port:3,0,1773303522,368824166,Missing,,,,,,,,,4,Missing,,,,Missing,,,,Missing,,,,Missing,,,,,364675342,Port:65535,0,1773303522,368824166,Missing,,,,,,,,,0
4,,364675345,Port:1,0,1773303522,418824166,49999999,Enabled,0.697463,0.464294,-0.398204,0.373377,-97.2745,114.343,-1752.16,0.169238,4,OK,-97.1728,114.158,-1752.26,OK,-131.349,83.8468,-1731.7,OK,-115.714,31.1982,-1730.05,OK,-66.2301,63.4531,-1757.49,,364675345,Port:2,0,1773303522,418824166,Enabled,0.916483,0.0217664,0.0386333,0.39761,-107.342,261.626,-1642.27,0.14672,3,OK,-107.174,261.708,-1642.28,OK,-146.584,228.768,-1639.1,OK,-153.335,304.802,-1637.8,,364675345,Port:3,0,1773303522,418824166,Missing,,,,,,,,,4,Missing,,,,Missing,,,,Missing,,,,Missing,,,,,364675345,Port:65535,0,1773303522,418824166,Missing,,,,,,,,,0
4,,364675348,Port:1,0,1773303522,468824165,100000000,Enabled,0.700089,0.453363,-0.407704,0.371639,-96.7047,117.511,-1755.2,0.160624,4,OK,-96.6016,117.338,-1755.28,OK,-131.803,87.9555,-1735.09,OK,-117.357,34.9961,-1732.66,OK,-66.6933,65.9034,-1759.52,,364675348,Port:2,0,1773303522,468824165,Enabled,0.916523,0.0220142,0.0379358,0.39757,-107.335,261.618,-1642.25,0.142684,3,OK,-107.168,261.696,-1642.26,OK,-146.583,228.773,-1639.16,OK,-153.327,304.793,-1637.79,,364675348,Port:3,0,1773303522,468824165,Missing,,,,,,,,,4,Missing,,,,Missing,,,,Missing,,,,Missing,,,,,364675348,Port:65535,0,1773303522,468824165,Missing,,,,,,,,,0
4,,364675354,Port:1,0,1773303522,568824165,50000001,Enabled,0.70315,0.431906,-0.427466,0.369201,-95.5419,122.847,-1761.15,0.165419,4,OK,-95.4386,122.678,-1761.24,OK,-132.565,95.0906,-1741.97,OK,-120.458,41.6129,-1738.17,OK,-67.5589,70.0071,-1763.49,,364675354,Port:2,0,1773303522,568824165,Enabled,0.916526,0.0218328,0.0379104,0.397575,-107.338,261.621,-1642.25,0.145644,3,OK,-107.17,261.701,-1642.27,OK,-146.587,228.768,-1639.16,OK,-153.331,304.801,-1637.82,,364675354,Port:3,0,1773303522,568824165,Missing,,,,,,,,,4,Missing,,,,Missing,,,,Missing,,,,Missing,,,,,364675354,Port:65535,0,1773303522,568824165,Missing,,,,,,,,,0
4,,364675357,Port:1,0,1773303522,618824166,50000000,Enabled,0.704033,0.421977,-0.437925,0.366736,-94.6787,125.393,-1763.88,0.163483,4,OK,-94.5807,125.201,-1763.94,OK,-132.663,98.5367,-1745.32,OK,-121.779,44.8603,-1740.99,OK,-67.8032,71.9494,-1765.46,,364675357,Port:2,0,1773303522,618824166,Enabled,0.916498,0.0221355,0.0382854,0.397587,-107.341,261.629,-1642.31,0.144425,3,OK,-107.173,261.709,-1642.33,OK,-146.585,228.777,-1639.19,OK,-153.331,304.804,-1637.82,,364675357,Port:3,0,1773303522,618824166,Missing,,,,,,,,,4,Missing,,,,Missing,,,,Missing,,,,Missing,,,,,364675357,Port:65535,0,1773303522,618824166,Missing,,,,,,,,,0
4,,364675360,Port:1,0,1773303522,668824166,49999999,Enabled,0.704825,0.410135,-0.449716,0.364371,-93.5645,128.184,-1766.84,0.146298,4,OK,-93.4855,127.994,-1766.88,OK,-132.591,102.389,-1748.99,OK,-123.097,48.5009,-1744.07,OK,-67.9848,74.0723,-1767.46,,364675360,Port:2,0,1773303522,668824166,Enabled,0.91651,0.0219335,0.0379309,0.397604,-107.332,261.622,-1642.23,0.148352,3,OK,-107.157,261.701,-1642.25,OK,-146.582,228.772,-1639.14,OK,-153.33,304.794,-1637.78,,364675360,Port:3,0,1773303522,668824166,Missing,,,,,,,,,4,Missing,,,,Missing,,,,Missing,,,,Missing,,,,,364675360,Port:65535,0,1773303522,668824166,Missing,,,,,,,,,0
4,,364675363,Port:1,0,1773303522,718824165,100000000,Enabled,0.706166,0.397767,-0.460531,0.361969,-92.2924,131.022,-1770.01,0.147206,4,OK,-92.2077,130.834,-1770.03,OK,-132.314,106.321,-1752.8,OK,-124.243,52.2919,-1747.19,OK,-68.0267,76.3041,-1769.67,,364675363,Port:2,0,1773303522,718824165,Enabled,0.916486,0.0218456,0.0383979,0.397619,-107.337,261.625,-1642.3,0.14656,3,OK,-107.168,261.705,-1642.31,OK,-146.579,228.767,-1639.15,OK,-153.333,304.803,-1637.83,,364675363,Port:3,0,1773303522,718824165,Missing,,,,,,,,,4,Missing,,,,Missing,,,,Missing,,,,Missing,,,,,364675363,Port:65535,0,1773303522,718824165,Missing,,,,,,,,,0
4,,364675369,Port:1,0,1773303522,818824165,50000001,Enabled,0.708526,0.370405,-0.484141,0.355525,-88.4371,136.992,-1776.65,0.173051,4,OK,-88.3672,136.801,-1776.74,OK,-130.485,114.822,-1760.81,OK,-125.697,60.5571,-1754.13,OK,-67.2647,81.0598,-1774.23,,364675369,Port:2,0,1773303522,818824165,Enabled,0.916481,0.0216187,0.0383378,0.397649,-107.341,261.625,-1642.29,0.144132,3,OK,-107.177,261.705,-1642.3,OK,-146.578,228.762,-1639.14,OK,-153.339,304.805,-1637.85,,364675369,Port:3,0,1773303522,818824165,Missing,,,,,,,,,4,Missing,,,,Missing,,,,Missing,,,,Missing,,,,,364675369,Port:65535,0,1773303522,818824165,Missing,,,,,,,,,0
4,,364675372,Port:1,0,1773303522,868824166,50000000,Enabled,0.708925,0.355861,-0.497115,0.351661,-86.2824,140.004,-1779.8,0.148993,4,OK,-86.2178,139.812,-1779.82,OK,-129.361,119.21,-1764.94,OK,-126.335,64.8922,-1757.61,OK,-66.839,83.4864,-1776.46,,364675372,Port:2,0,1773303522,868824166,Enabled,0.916444,0.0218093,0.0390819,0.397651,-107.338,261.631,-1642.33,0.154424,3,OK,-107.164,261.719,-1642.34,OK,-146.578,228.758,-1639.11,OK,-153.331,304.81,-1637.83,,364675372,Port:3,0,1773303522,868824166,Missing,,,,,,,,,4,Missing,,,,Missing,,,,Missing,,,,Missing,,,,,364675372,Port:65535,0,1773303522,868824166,Missing,,,,,,,,,0
4,,364675375,Port:1,0,1773303522,918824166,49999999,Enabled,0.709405,0.34312,-0.507177,0.348977,-84.3867,142.675,-1782.82,0.136031,4,OK,-84.3245,142.49,-1782.81,OK,-128.252,123.053,-1768.75,OK,-126.667,68.7383,-1760.81,OK,-66.4034,85.7308,-1778.63,,364675375,Port:2,0,1773303522,918824166,Enabled,0.916499,0.0219244,0.0381155,0.397614,-107.341,261.624,-1642.28,0.144809,3,OK,-107.177,261.707,-1642.29,OK,-146.584,228.763,-1639.17,OK,-153.332,304.8,-1637.82,,364675375,Port:3,0,1773303522,918824166,Missing,,,,,,,,,4,Missing,,,,Missing,,,,Missing,,,,Missing,,,,,364675375,Port:65535,0,1773303522,918824166,Missing,,,,,,,,,0
4,,364675378,Port:1,0,1773303522,968824165,100000000,Enabled,0.709962,0.332055,-0.515437,0.346436,-82.6333,144.853,-1785.46,0.150488,4,OK,-82.5701,144.664,-1785.5,OK,-127.126,126.25,-1771.93,OK,-126.837,71.9869,-1763.67,OK,-65.919,87.5973,-1780.49,,364675378,Port:2,0,1773303522,968824165,Enabled,0.916502,0.0219028,0.0381403,0.397605,-107.34,261.624,-1642.27,0.146745,3,OK,-107.169,261.704,-1642.28,OK,-146.586,228.77,-1639.15,OK,-153.335,304.799,-1637.81,,364675378,Port:3,0,1773303522,968824165,Missing,,,,,,,,,4,Missing,,,,Missing,,,,Missing,,,,Missing,,,,,364675378,Port:65535,0,1773303522,968824165,Missing,,,,,,,,,0
4,,364675384,Port:1,0,1773303523,68824165,50000001,Enabled,0.709889,0.314466,-0.529559,0.341667,-79.6695,147.958,-1789.28,0.143652,4,OK,-79.6134,147.764,-1789.26,OK,-125.158,131.029,-1776.94,OK,-126.956,76.888,-1768.04,OK,-65.0816,90.2157,-1783.3,,364675384,Port:2,0,1773303523,68824165,Enabled,0.916487,0.0220109,0.0383337,0.397615,-107.337,261.629,-1642.31,0.144291,3,OK,-107.171,261.71,-1642.32,OK,-146.578,228.771,-1639.18,OK,-153.328,304.804,-1637.83,,364675384,Port:3,0,1773303523,68824165,Missing,,,,,,,,,4,Missing,,,,Missing,,,,Missing,,,,Missing,,,,,364675384,Port:65535,0,1773303523,68824165,Missing,,,,,,,,,0
4,,364675387,Port:1,0,1773303523,118824166,50000000,Enabled,0.708906,0.307323,-0.536364,0.339586,-78.4204,148.953,-1790.79,0.147134,4,OK,-78.3667,148.757,-1790.75,OK,-124.321,132.697,-1779.08,OK,-127.001,78.6257,-1770.04,OK,-64.737,91.0246,-1784.48,,364675387,Port:2,0,1773303523,118824166,Enabled,0.916465,0.0218757,0.0389198,0.397616,-107.337,261.623,-1642.3,0.14589,3,OK,-107.168,261.702,-1642.31,OK,-146.575,228.766,-1639.1,OK,-153.33,304.8,-1637.8,,364675387,Port:3,0,1773303523,118824166,Missing,,,,,,,,,4,Missing,,,,Missing,,,,Missing,,,,Missing,,,,,364675387,Port:65535,0,1773303523,118824166,Missing,,,,,,,,,0
4,,364675390,Port:1,0,1773303523,168824166,49999995,Enabled,0.708767,0.300694,-0.541887,0.337033,-77.0659,150.03,-1791.83,0.130231,4,OK,-77.0134,149.857,-1791.82,OK,-123.306,134.458,-1780.55,OK,-126.856,80.4324,-1771.43,OK,-64.2742,91.9239,-1785.18,,364675390,Port:2,0,1773303523,168824166,Enabled,0.916471,0.0220647,0.0388352,0.3976,-107.339,261.628,-1642.32,0.149845,3,OK,-107.168,261.714,-1642.34,OK,-146.583,228.769,-1639.14,OK,-153.326,304.801,-1637.81,,364675390,Port:3,0,1773303523,168824166,Missing,,,,,,,,,4,Missing,,,,Missing,,,,Missing,,,,Missing,,,,,364675390,Port:65535,0,1773303523,168824166,Missing,,,,,,,,,0
4,,364675393,Port:1,0,1773303523,218824161,100000001,Enabled,0.708335,0.291428,-0.548581,0.335247,-75.4486,151.222,-1793.44,0.137794,4,OK,-75.3757,151.06,-1793.43,OK,-122.107,136.458,-1782.78,OK,-126.699,82.5718,-1773.35,OK,-63.7026,92.9734,-1786.25,,364675393,Port:2,0,1773303523,218824161,Enabled,0.916524,0.0218682,0.0379959,0.39757,-107.333,261.622,-1642.27,0.146007,3,OK,-107.163,261.701,-1642.28,OK,-146.581,228.77,-1639.16,OK,-153.326,304.803,-1637.82,,364675393,Port:3,0,1773303523,218824161,Missing,,,,,,,,,4,Missing,,,,Missing,,,,Missing,,,,Missing,,,,,364675393,Port:65535,0,1773303523,218824161,Missing,,,,,,,,,0
4,,364675399,Port:1,0,1773303523,318824162,50000000,Enabled,0.705328,0.26498,-0.573266,0.321968,-69.1824,154.593,-1797.46,0.145798,4,OK,-69.1185,154.437,-1797.38,OK,-117.116,142.715,-1789.09,OK,-125.354,89.2815,-1779.6,OK,-61.3484,95.7719,-1789.56,,364675399,Port:2,0,1773303523,318824162,Enabled,0.916477,0.0219312,0.0385638,0.397621,-107.338,261.624,-1642.28,0.147126,3,OK,-107.172,261.708,-1642.29,OK,-146.579,228.76,-1639.12,OK,-153.329,304.801,-1637.8,,364675399,Port:3,0,1773303523,318824162,Missing,,,,,,,,,4,Missing,,,,Missing,,,,Missing,,,,Missing,,,,,364675399,Port:65535,0,1773303523,318824162,Missing,,,,,,,,,0
4,,364675402,Port:1,0,1773303523,368824162,50000000,Enabled,0.702082,0.253163,-0.584536,0.318288,-67.2855,156.159,-1799.9,0.136073,4,OK,-67.2145,156.012,-1799.85,OK,-115.679,145.376,-1792.66,OK,-125.35,92.2106,-1783.29,OK,-60.9991,97.2063,-1791.59,,364675402,Port:2,0,1773303523,368824162,Enabled,0.916467,0.0221665,0.0388151,0.397606,-107.335,261.626,-1642.31,0.146752,3,OK,-107.167,261.711,-1642.32,OK,-146.577,228.769,-1639.13,OK,-153.321,304.796,-1637.79,,364675402,Port:3,0,1773303523,368824162,Missing,,,,,,,,,4,Missing,,,,Missing,,,,Missing,,,,Missing,,,,,364675402,Port:65535,0,1773303523,368824162,Missing,,,,,,,,,0
4,,364675405,Port:1,0,1773303523,418824162,49999999,Enabled,0.700468,0.240298,-0.593826,0.314598,-64.8841,157.937,-1802.21,0.125806,4,OK,-64.8166,157.795,-1802.17,OK,-113.668,148.389,-1795.94,OK,-124.798,95.4942,-1786.42,OK,-60.1932,98.9023,-1793.37,,364675405,Port:2,0,1773303523,418824162,Enabled,0.916515,0.0216665,0.0381258,0.39759,-107.334,261.618,-1642.24,0.142856,3,OK,-107.168,261.696,-1642.26,OK,-146.578,228.768,-1639.12,OK,-153.328,304.796,-1637.81,,364675405,Port:3,0,1773303523,418824162,Missing,,,,,,,,,4,Missing,,,,Missing,,,,Missing,,,,Missing,,,,,364675405,Port:65535,0,1773303523,418824162,Missing,,,,,,,,,0
4,,364675408,Port:1,0,1773303523,468824161,100000001,Enabled,0.697989,0.22377,-0.607483,0.306108,-60.8545,159.872,-1804.73,0.126479,4,OK,-60.7853,159.741,-1804.67,OK,-110.109,152.113,-1799.83,OK,-123.43,99.7208,-1790.47,OK,-58.5949,100.742,-1795.6,,364675408,Port:2,0,1773303523,468824161,Enabled,0.916461,0.0221352,0.0385331,0.397649,-107.338,261.63,-1642.28,0.143277,3,OK,-107.174,261.712,-1642.3,OK,-146.576,228.774,-1639.13,OK,-153.331,304.795,-1637.78,,364675408,Port:3,0,1773303523,468824161,Missing,,,,,,,,,4,Missing,,,,Missing,,,,Missing,,,,Missing,,,,,364675408,Port:65535,0,1773303523,468824161,Missing,,,,,,,,,0
4,,364675414,Port:1,0,1773303523,568824162,50000000,Enabled,0.690005,0.188323,-0.633202,0.295775,-54.1014,162.889,-1810.91,0.129051,4,OK,-54.0284,162.766,-1810.85,OK,-103.985,158.36,-1809.01,OK,-121.178,107.133,-1799.7,OK,-56.2501,103.913,-1800.74,,364675414,Port:2,0,1773303523,568824162,Enabled,0.916477,0.0220291,0.0383271,0.397638,-107.336,261.625,-1642.28,0.144062,3,OK,-107.167,261.701,-1642.29,OK,-146.576,228.77,-1639.14,OK,-153.334,304.797,-1637.79,,364675414,Port:3,0,1773303523,568824162,Missing,,,,,,,,,4,Missing,,,,Missing,,,,Missing,,,,Missing,,,,,364675414,Port:65535,0,1773303523,568824162,Missing,,,,,,,,,0
4,,364675417,Port:1,0,1773303523,618824162,50000000,Enabled,0.687917,0.183143,-0.637684,0.294258,-53.4634,163.613,-1812.24,0.12584,4,OK,-53.39,163.487,-1812.19,OK,-103.405,159.548,-1810.88,OK,-121.176,108.484,-1801.7,OK,-56.2582,104.679,-1801.98,,364675417,Port:2,0,1773303523,618824162,Enabled,0.916507,0.022068,0.0380539,0.397592,-107.339,261.622,-1642.27,0.14673,3,OK,-107.17,261.706,-1642.28,OK,-146.588,228.769,-1639.17,OK,-153.33,304.794,-1637.8,,364675417,Port:3,0,1773303523,618824162,Missing,,,,,,,,,4,Missing,,,,Missing,,,,Missing,,,,Missing,,,,,364675417,Port:65535,0,1773303523,618824162,Missing,,,,,,,,,0
4,,364675420,Port:1,0,1773303523,668824162,49999999,Enabled,0.684076,0.178765,-0.642654,0.295092,-53.1603,164.009,-1812.76,0.130747,4,OK,-53.093,163.88,-1812.72,OK,-103.136,160.13,-1812.11,OK,-121.238,109.199,-1803.07,OK,-56.3358,105.117,-1802.38,,364675420,Port:2,0,1773303523,668824162,Enabled,0.916472,0.0219879,0.038469,0.397637,-107.335,261.627,-1642.27,0.147163,3,OK,-107.164,261.71,-1642.28,OK,-146.578,228.771,-1639.12,OK,-153.329,304.795,-1637.78,,364675420,Port:3,0,1773303523,668824162,Missing,,,,,,,,,4,Missing,,,,Missing,,,,Missing,,,,Missing,,,,,364675420,Port:65535,0,1773303523,668824162,Missing,,,,,,,,,0
4,,364675423,Port:1,0,1773303523,718824161,100000001,Enabled,0.682925,0.175146,-0.646509,0.291487,-52.1609,164.396,-1812.53,0.122584,4,OK,-52.0923,164.271,-1812.51,OK,-102.175,161.039,-1812.23,OK,-120.867,110.256,-1803.51,OK,-56.0285,105.513,-1802.29,,364675423,Port:2,0,1773303523,718824161,Enabled,0.916495,0.0219623,0.0382087,0.397612,-107.339,261.62,-1642.24,0.143339,3,OK,-107.174,261.701,-1642.25,OK,-146.581,228.765,-1639.12,OK,-153.331,304.794,-1637.77,,364675423,Port:3,0,1773303523,718824161,Missing,,,,,,,,,4,Missing,,,,Missing,,,,Missing,,,,Missing,,,,,364675423,Port:65535,0,1773303523,718824161,Missing,,,,,,,,,0
4,,364675429,Port:1,0,1773303523,818824162,50000000,Enabled,0.67404,0.170601,-0.656839,0.291768,-52.5638,163.478,-1812.14,0.130279,4,OK,-52.4932,163.349,-1812.09,OK,-102.594,160.321,-1813.3,OK,-121.693,109.596,-1805.19,OK,-56.9529,104.58,-1802.18,,364675429,Port:2,0,1773303523,818824162,Enabled,0.916479,0.0214816,0.0388262,0.397614,-107.339,261.626,-1642.28,0.149924,3,OK,-107.166,261.709,-1642.29,OK,-146.58,228.766,-1639.08,OK,-153.334,304.808,-1637.83,,364675429,Port:3,0,1773303523,818824162,Missing,,,,,,,,,4,Missing,,,,Missing,,,,Missing,,,,Missing,,,,,364675429,Port:65535,0,1773303523,818824162,Missing,,,,,,,,,0
4,,364675432,Port:1,0,1773303523,868824162,50000000,Enabled,0.674343,0.185512,-0.648474,0.300547,-57.3442,162.047,-1810.59,0.133787,4,OK,-57.2635,161.923,-1810.52,OK,-107.25,157.19,-1810.92,OK,-124.474,105.81,-1802.63,OK,-59.5476,103.001,-1800.8,,364675432,Port:2,0,1773303523,868824162,Enabled,0.916464,0.0219176,0.0386827,0.39764,-107.342,261.63,-1642.29,0.144463,3,OK,-107.178,261.714,-1642.31,OK,-146.579,228.769,-1639.12,OK,-153.333,304.802,-1637.81,,364675432,Port:3,0,1773303523,868824162,Missing,,,,,,,,,4,Missing,,,,Missing,,,,Missing,,,,Missing,,,,,364675432,Port:65535,0,1773303523,868824162,Missing,,,,,,,,,0
4,,364675435,Port:1,0,1773303523,918824162,49999999,Enabled,0.677777,0.211714,-0.631916,0.310609,-63.9858,159.69,-1807.35,0.150585,4,OK,-63.9019,159.555,-1807.26,OK,-113.543,152.257,-1805.86,OK,-127.793,99.9701,-1797.47,OK,-62.7513,100.529,-1798.23,,364675435,Port:2,0,1773303523,918824162,Enabled,0.916487,0.0216935,0.0383517,0.39763,-107.337,261.63,-1642.29,0.148933,3,OK,-107.166,261.712,-1642.3,OK,-146.58,228.767,-1639.15,OK,-153.334,304.811,-1637.84,,364675435,Port:3,0,1773303523,918824162,Missing,,,,,,,,,4,Missing,,,,Missing,,,,Missing,,,,Missing,,,,,364675435,Port:65535,0,1773303523,918824162,Missing,,,,,,,,,0
4,,364675438,Port:1,0,1773303523,968824161,100000001,Enabled,0.682428,0.235174,-0.611243,0.324603,-70.3749,156.622,-1804.58,0.136073,4,OK,-70.2885,156.491,-1804.53,OK,-119.335,146.504,-1800.94,OK,-130.365,93.5363,-1792.05,OK,-65.528,97.635,-1795.52,,364675438,Port:2,0,1773303523,968824161,Enabled,0.916502,0.0218725,0.0384656,0.397574,-107.335,261.621,-1642.26,0.146971,3,OK,-107.168,261.706,-1642.27,OK,-146.581,228.764,-1639.11,OK,-153.322,304.801,-1637.79,,364675438,Port:3,0,1773303523,968824161,Missing,,,,,,,,,4,Missing,,,,Missing,,,,Missing,,,,Missing,,,,,364675438,Port:65535,0,1773303523,968824161,Missing,,,,,,,,,0
4,,364675444,Port:1,0,1773303524,68824162,50000000,Enabled,0.692754,0.291429,-0.561089,0.346901,-81.7705,148.155,-1794.99,0.121069,4,OK,-81.6916,148.023,-1794.97,OK,-128.535,132.415,-1786.34,OK,-132.421,78.4229,-1777.35,OK,-69.2097,90.0867,-1787.55,,364675444,Port:2,0,1773303524,68824162,Enabled,0.916502,0.0220222,0.0383516,0.397577,-107.335,261.627,-1642.27,0.148083,3,OK,-107.163,261.71,-1642.29,OK,-146.584,228.774,-1639.14,OK,-153.324,304.801,-1637.79,,364675444,Port:3,0,1773303524,68824162,Missing,,,,,,,,,4,Missing,,,,Missing,,,,Missing,,,,Missing,,,,,364675444,Port:65535,0,1773303524,68824162,Missing,,,,,,,,,0
4,,364675447,Port:1,0,1773303524,118824162,50000000,Enabled,0.693822,0.322376,-0.537274,0.354994,-86.9412,142.54,-1788.35,0.132162,4,OK,-86.8636,142.394,-1788.36,OK,-132.197,123.918,-1777.61,OK,-132.454,69.6734,-1769.47,OK,-70.6109,85.2225,-1782.6,,364675447,Port:2,0,1773303524,118824162,Enabled,0.916533,0.0219833,0.0379526,0.397547,-107.337,261.624,-1642.27,0.149274,3,OK,-107.163,261.707,-1642.28,OK,-146.592,228.776,-1639.17,OK,-153.327,304.802,-1637.81,,364675447,Port:3,0,1773303524,118824162,Missing,,,,,,,,,4,Missing,,,,Missing,,,,Missing,,,,Missing,,,,,364675447,Port:65535,0,1773303524,118824162,Missing,,,,,,,,,0
4,,364675450,Port:1,0,1773303524,168824162,50000003,Enabled,0.694418,0.34848,-0.517394,0.358677,-90.3763,137.122,-1781.52,0.132926,4,OK,-90.2911,136.983,-1781.56,OK,-134.226,116.282,-1769.13,OK,-131.666,61.9185,-1762.04,OK,-71.227,80.5234,-1777.55,,364675450,Port:2,0,1773303524,168824162,Enabled,0.9165,0.0217654,0.0384968,0.397583,-107.343,261.631,-1642.28,0.147772,3,OK,-107.176,261.715,-1642.29,OK,-146.588,228.77,-1639.12,OK,-153.332,304.813,-1637.82,,364675450,Port:3,0,1773303524,168824162,Missing,,,,,,,,,4,Missing,,,,Missing,,,,Missing,,,,Missing,,,,,364675450,Port:65535,0,1773303524,168824162,Missing,,,,,,,,,0
4,,364675453,Port:1,0,1773303524,218824165,100000000,Enabled,0.69393,0.374963,-0.49582,0.363353,-93.3027,131.355,-1774.63,0.127701,4,OK,-93.2109,131.229,-1774.63,OK,-135.46,108.169,-1760.71,OK,-129.952,53.885,-1754.62,OK,-71.2457,75.7303,-1772.57,,364675453,Port:2,0,1773303524,218824165,Enabled,0.916456,0.0219191,0.0388684,0.397639,-107.337,261.629,-1642.3,0.145242,3,OK,-107.172,261.713,-1642.31,OK,-146.574,228.77,-1639.11,OK,-153.328,304.799,-1637.8,,364675453,Port:3,0,1773303524,218824165,Missing,,,,,,,,,4,Missing,,,,Missing,,,,Missing,,,,Missing,,,,,364675453,Port:65535,0,1773303524,218824165,Missing,,,,,,,,,0
4,,364675459,Port:1,0,1773303524,318824165,50000000,Enabled,0.690307,0.42682,-0.451348,0.370925,-98.0905,119.062,-1760.76,0.141663,4,OK,-97.9897,118.946,-1760.84,OK,-136.377,91.3975,-1744.02,OK,-125.14,37.7635,-1740.71,OK,-70.6822,65.8614,-1762.79,,364675459,Port:2,0,1773303524,318824165,Enabled,0.916457,0.0221238,0.0388989,0.397624,-107.341,261.627,-1642.31,0.148399,3,OK,-107.172,261.713,-1642.32,OK,-146.582,228.767,-1639.12,OK,-153.33,304.797,-1637.79,,364675459,Port:3,0,1773303524,318824165,Missing,,,,,,,,,4,Missing,,,,Missing,,,,Missing,,,,Missing,,,,,364675459,Port:65535,0,1773303524,318824165,Missing,,,,,,,,,0
4,,364675462,Port:1,0,1773303524,368824165,50000000,Enabled,0.687298,0.447378,-0.433643,0.3734,-99.2964,113.705,-1755.05,0.158454,4,OK,-99.1964,113.578,-1755.16,OK,-135.865,84.3119,-1737.42,OK,-122.424,31.1116,-1735.43,OK,-69.9208,61.6697,-1758.87,,364675462,Port:2,0,1773303524,368824165,Enabled,0.916517,0.0219386,0.0382687,0.397555,-107.343,261.628,-1642.28,0.145366,3,OK,-107.173,261.708,-1642.3,OK,-146.59,228.78,-1639.15,OK,-153.332,304.807,-1637.81,,364675462,Port:3,0,1773303524,368824165,Missing,,,,,,,,,4,Missing,,,,Missing,,,,Missing,,,,Missing,,,,,364675462,Port:65535,0,1773303524,368824165,Missing,,,,,,,,,0
4,,364675465,Port:1,0,1773303524,418824165,50000000,Enabled,0.685849,0.461481,-0.419656,0.374881,-99.5825,109.716,-1751.02,0.160478,4,OK,-99.4721,109.6,-1751.14,OK,-134.832,79.1648,-1732.69,OK,-119.868,26.3254,-1731.55,OK,-68.8937,58.565,-1756.12,,364675465,Port:2,0,1773303524,418824165,Enabled,0.916513,0.0217669,0.0380594,0.397595,-107.336,261.632,-1642.26,0.145418,3,OK,-107.169,261.715,-1642.28,OK,-146.582,228.777,-1639.15,OK,-153.328,304.81,-1637.83,,364675465,Port:3,0,1773303524,418824165,Missing,,,,,,,,,4,Missing,,,,Missing,,,,Missing,,,,Missing,,,,,364675465,Port:65535,0,1773303524,418824165,Missing,,,,,,,,,0
4,,364675468,Port:1,0,1773303524,468824165,100000000,Enabled,0.684485,0.469516,-0.412465,0.375376,-99.6318,107.21,-1748.73,0.164713,4,OK,-99.5038,107.102,-1748.85,OK,-134.173,76.0032,-1730.1,OK,-118.39,23.3934,-1729.5,OK,-68.2401,56.5733,-1754.62,,364675468,Port:2,0,1773303524,468824165,Enabled,0.916495,0.0221355,0.0382444,0.397599,-107.343,261.624,-1642.29,0.146251,3,OK,-107.174,261.706,-1642.31,OK,-146.588,228.768,-1639.17,OK,-153.334,304.799,-1637.8,,364675468,Port:3,0,1773303524,468824165,Missing,,,,,,,,,4,Missing,,,,Missing,,,,Missing,,,,Missing,,,,,364675468,Port:65535,0,1773303524,468824165,Missing,,,,,,,,,0
4,,364675474,Port:1,0,1773303524,568824165,50000000,Enabled,0.683289,0.473434,-0.411395,0.373807,-99.6397,106.569,-1747.4,0.178606,4,OK,-99.5232,106.454,-1747.55,OK,-133.998,75.1428,-1728.79,OK,-118.052,22.5657,-1728.7,OK,-68.1159,56.0629,-1753.78,,364675474,Port:2,0,1773303524,568824165,Enabled,0.916484,0.0218421,0.0384658,0.397618,-107.34,261.628,-1642.29,0.149877,3,OK,-107.169,261.712,-1642.3,OK,-146.584,228.764,-1639.13,OK,-153.333,304.806,-1637.82,,364675474,Port:3,0,1773303524,568824165,Missing,,,,,,,,,4,Missing,,,,Missing,,,,Missing,,,,Missing,,,,,364675474,Port:65535,0,1773303524,568824165,Missing,,,,,,,,,0
4,,364675477,Port:1,0,1773303524,618824165,50000000,Enabled,0.683778,0.471488,-0.4128,0.373823,-99.7586,107.398,-1748.04,0.14664,4,OK,-99.6434,107.287,-1748.13,OK,-134.27,76.1197,-1729.53,OK,-118.497,23.5012,-1729.17,OK,-68.3907,56.7707,-1754.26,,364675477,Port:2,0,1773303524,618824165,Enabled,0.916445,0.0219673,0.0389933,0.39765,-107.339,261.632,-1642.31,0.146256,3,OK,-107.173,261.716,-1642.32,OK,-146.574,228.768,-1639.11,OK,-153.331,304.804,-1637.8,,364675477,Port:3,0,1773303524,618824165,Missing,,,,,,,,,4,Missing,,,,Missing,,,,Missing,,,,Missing,,,,,364675477,Port:65535,0,1773303524,618824165,Missing,,,,,,,,,0
4,,364675480,Port:1,0,1773303524,668824165,50000000,Enabled,0.684271,0.469828,-0.413643,0.374078,-99.8033,107.992,-1748.7,0.161247,4,OK,-99.6834,107.89,-1748.81,OK,-134.414,76.8239,-1730.16,OK,-118.775,24.1688,-1729.69,OK,-68.5388,57.2896,-1754.7,,364675480,Port:2,0,1773303524,668824165,Enabled,0.916502,0.0217682,0.03824,0.397603,-107.334,261.631,-1642.29,0.148959,3,OK,-107.16,261.71,-1642.3,OK,-146.581,228.776,-1639.16,OK,-153.332,304.81,-1637.84,,364675480,Port:3,0,1773303524,668824165,Missing,,,,,,,,,4,Missing,,,,Missing,,,,Missing,,,,Missing,,,,,364675480,Port:65535,0,1773303524,668824165,Missing,,,,,,,,,0
4,,364675483,Port:1,0,1773303524,718824165,100000000,Enabled,0.684476,0.469781,-0.413697,0.373701,-99.8678,108.042,-1748.72,0.156911,4,OK,-99.7437,107.925,-1748.82,OK,-134.506,76.9025,-1730.2,OK,-118.889,24.2403,-1729.71,OK,-68.6437,57.3192,-1754.76,,364675483,Port:2,0,1773303524,718824165,Enabled,0.916456,0.0220473,0.0389234,0.397628,-107.342,261.628,-1642.32,0.147766,3,OK,-107.17,261.709,-1642.33,OK,-146.581,228.771,-1639.13,OK,-153.334,304.799,-1637.8,,364675483,Port:3,0,1773303524,718824165,Missing,,,,,,,,,4,Missing,,,,Missing,,,,Missing,,,,Missing,,,,,364675483,Port:65535,0,1773303524,718824165,Missing,,,,,,,,,0
4,,364675489,Port:1,0,1773303524,818824165,50000000,Enabled,0.683344,0.471773,-0.413894,0.373045,-99.9597,107.272,-1748.23,0.155098,4,OK,-99.8363,107.16,-1748.33,OK,-134.54,76.0039,-1729.82,OK,-118.851,23.3497,-1729.57,OK,-68.6611,56.6208,-1754.54,,364675489,Port:2,0,1773303524,818824165,Enabled,0.916518,0.0219897,0.0380432,0.397573,-107.338,261.625,-1642.26,0.146448,3,OK,-107.168,261.704,-1642.27,OK,-146.586,228.772,-1639.16,OK,-153.331,304.806,-1637.8,,364675489,Port:3,0,1773303524,818824165,Missing,,,,,,,,,4,Missing,,,,Missing,,,,Missing,,,,Missing,,,,,364675489,Port:65535,0,1773303524,818824165,Missing,,,,,,,,,0
4,,364675492,Port:1,0,1773303524,868824165,50000000,Enabled,0.68338,0.471912,-0.414165,0.372502,-99.853,107.35,-1748.11,0.158448,4,OK,-99.7343,107.238,-1748.22,OK,-134.465,76.1059,-1729.69,OK,-118.805,23.4358,-1729.53,OK,-68.6004,56.6638,-1754.45,,364675492,Port:2,0,1773303524,868824165,Enabled,0.916504,0.0219868,0.0382278,0.397588,-107.339,261.63,-1642.26,0.142274,3,OK,-107.174,261.709,-1642.28,OK,-146.582,228.778,-1639.14,OK,-153.329,304.805,-1637.79,,364675492,Port:3,0,1773303524,868824165,Missing,,,,,,,,,4,Missing,,,,Missing,,,,Missing,,,,Missing,,,,,364675492,Port:65535,0,1773303524,868824165,Missing,,,,,,,,,0
4,,364675495,Port:1,0,1773303524,918824165,50000000,Enabled,0.683329,0.470555,-0.415166,0.373198,-99.9587,107.638,-1748.49,0.176131,4,OK,-99.8417,107.541,-1748.64,OK,-134.643,76.4453,-1730.08,OK,-119.064,23.777,-1729.86,OK,-68.7511,56.9062,-1754.61,,364675495,Port:2,0,1773303524,918824165,Enabled,0.916491,0.0218669,0.0386467,0.397583,-107.342,261.624,-1642.27,0.145129,3,OK,-107.175,261.704,-1642.28,OK,-146.583,228.769,-1639.1,OK,-153.331,304.804,-1637.79,,364675495,Port:3,0,1773303524,918824165,Missing,,,,,,,,,4,Missing,,,,Missing,,,,Missing,,,,Missing,,,,,364675495,Port:65535,0,1773303524,918824165,Missing,,,,,,,,,0
4,,364675498,Port:1,0,1773303524,968824165,100000000,Enabled,0.683363,0.470533,-0.416029,0.372201,-99.994,107.868,-1748.64,0.168841,4,OK,-99.8859,107.757,-1748.78,OK,-134.749,76.7382,-1730.3,OK,-119.283,24.03,-1730.14,OK,-68.8981,57.0726,-1754.83,,364675498,Port:2,0,1773303524,968824165,Enabled,0.916487,0.0220411,0.0383679,0.397611,-107.339,261.619,-1642.26,0.141014,3,OK,-107.176,261.699,-1642.28,OK,-146.578,228.768,-1639.13,OK,-153.329,304.79,-1637.78,,364675498,Port:3,0,1773303524,968824165,Missing,,,,,,,,,4,Missing,,,,Missing,,,,Missing,,,,Missing,,,,,364675498,Port:65535,0,1773303524,968824165,Missing,,,,,,,,,0
4,,364675504,Port:1,0,1773303525,68824165,50000000,Enabled,0.683445,0.469464,-0.417272,0.372009,-100.19,108.009,-1748.92,0.18492,4,OK,-100.057,107.902,-1749.08,OK,-135.067,76.9576,-1730.63,OK,-119.726,24.2145,-1730.42,OK,-69.2134,57.1577,-1755.02,,364675504,Port:2,0,1773303525,68824165,Enabled,0.916483,0.0216759,0.0388026,0.397598,-107.344,261.619,-1642.28,0.143824,3,OK,-107.181,261.701,-1642.29,OK,-146.58,228.76,-1639.09,OK,-153.333,304.802,-1637.82,,364675504,Port:3,0,1773303525,68824165,Missing,,,,,,,,,4,Missing,,,,Missing,,,,Missing,,,,Missing,,,,,364675504,Port:65535,0,1773303525,68824165,Missing,,,,,,,,,0
4,,364675507,Port:1,0,1773303525,118824165,50000000,Enabled,0.682711,0.469721,-0.417636,0.372624,-100.418,107.874,-1749.04,0.151757,4,OK,-100.299,107.776,-1749.14,OK,-135.278,76.7749,-1730.88,OK,-119.877,24.0318,-1730.59,OK,-69.3597,57.0552,-1755.16,,364675507,Port:2,0,1773303525,118824165,Enabled,0.916529,0.0218057,0.0378482,0.397577,-107.336,261.629,-1642.24,0.142708,3,OK,-107.172,261.708,-1642.25,OK,-146.583,228.778,-1639.15,OK,-153.329,304.808,-1637.8,,364675507,Port:3,0,1773303525,118824165,Missing,,,,,,,,,4,Missing,,,,Missing,,,,Missing,,,,Missing,,,,,364675507,Port:65535,0,1773303525,118824165,Missing,,,,,,,,,0
4,,364675510,Port:1,0,1773303525,168824165,49999998,Enabled,0.683031,0.470233,-0.417563,0.371471,-100.28,107.947,-1748.93,0.192319,4,OK,-100.161,107.844,-1749.09,OK,-135.15,76.8578,-1730.67,OK,-119.829,24.1173,-1730.61,OK,-69.2858,57.1012,-1755.13,,364675510,Port:2,0,1773303525,168824165,Enabled,0.916488,0.0220271,0.03855,0.397591,-107.34,261.627,-1642.27,0.144532,3,OK,-107.173,261.707,-1642.29,OK,-146.582,228.773,-1639.12,OK,-153.329,304.803,-1637.78,,364675510,Port:3,0,1773303525,168824165,Missing,,,,,,,,,4,Missing,,,,Missing,,,,Missing,,,,Missing,,,,,364675510,Port:65535,0,1773303525,168824165,Missing,,,,,,,,,0
4,,364675513,Port:1,0,1773303525,218824163,100000000,Enabled,0.682747,0.46933,-0.418913,0.371615,-100.229,108.055,-1749.05,0.171475,4,OK,-100.12,107.949,-1749.2,OK,-135.176,77.0309,-1730.92,OK,-119.948,24.2628,-1730.77,OK,-69.3287,57.1489,-1755.16,,364675513,Port:2,0,1773303525,218824163,Enabled,0.91651,0.0218412,0.0381272,0.39759,-107.338,261.625,-1642.26,0.143644,3,OK,-107.171,261.702,-1642.27,OK,-146.582,228.772,-1639.14,OK,-153.332,304.805,-1637.81,,364675513,Port:3,0,1773303525,218824163,Missing,,,,,,,,,4,Missing,,,,Missing,,,,Missing,,,,Missing,,,,,364675513,Port:65535,0,1773303525,218824163,Missing,,,,,,,,,0
4,,364675519,Port:1,0,1773303525,318824163,50000000,Enabled,0.682631,0.469868,-0.419257,0.370759,-100.334,108.122,-1749.07,0.201071,4,OK,-100.218,108.004,-1749.25,OK,-135.326,77.0971,-1730.93,OK,-120.137,24.3191,-1730.95,OK,-69.4531,57.2088,-1755.29,,364675519,Port:2,0,1773303525,318824163,Enabled,0.916507,0.0219133,0.0379027,0.397615,-107.339,261.631,-1642.27,0.144466,3,OK,-107.171,261.709,-1642.28,OK,-146.583,228.777,-1639.18,OK,-153.337,304.808,-1637.82,,364675519,Port:3,0,1773303525,318824163,Missing,,,,,,,,,4,Missing,,,,Missing,,,,Missing,,,,Missing,,,,,364675519,Port:65535,0,1773303525,318824163,Missing,,,,,,,,,0
4,,364675522,Port:1,0,1773303525,368824163,50000000,Enabled,0.682821,0.468992,-0.42,0.370677,-100.319,108.352,-1749.2,0.182034,4,OK,-100.201,108.241,-1749.35,OK,-135.389,77.405,-1731.11,OK,-120.279,24.5894,-1731.03,OK,-69.5268,57.377,-1755.34,,364675522,Port:2,0,1773303525,368824163,Enabled,0.91647,0.0218293,0.0388923,0.39761,-107.347,261.628,-1642.32,0.147718,3,OK,-107.178,261.707,-1642.33,OK,-146.584,228.765,-1639.13,OK,-153.34,304.812,-1637.83,,364675522,Port:3,0,1773303525,368824163,Missing,,,,,,,,,4,Missing,,,,Missing,,,,Missing,,,,Missing,,,,,364675522,Port:65535,0,1773303525,368824163,Missing,,,,,,,,,0
4,,364675525,Port:1,0,1773303525,418824163,50000000,Enabled,0.682248,0.468635,-0.421243,0.370774,-100.348,108.451,-1749.33,0.192525,4,OK,-100.236,108.343,-1749.5,OK,-135.473,77.5188,-1731.34,OK,-120.419,24.6947,-1731.31,OK,-69.6109,57.4461,-1755.41,,364675525,Port:2,0,1773303525,418824163,Enabled,0.916489,0.0219332,0.0383273,0.397615,-107.339,261.631,-1642.26,0.149113,3,OK,-107.167,261.714,-1642.28,OK,-146.585,228.772,-1639.13,OK,-153.333,304.807,-1637.79,,364675525,Port:3,0,1773303525,418824163,Missing,,,,,,,,,4,Missing,,,,Missing,,,,Missing,,,,Missing,,,,,364675525,Port:65535,0,1773303525,418824163,Missing,,,,,,,,,0
4,,364675528,Port:1,0,1773303525,468824163,100000000,Enabled,0.682542,0.468366,-0.421872,0.369856,-100.161,108.656,-1749.32,0.161353,4,OK,-100.045,108.551,-1749.44,OK,-135.354,77.792,-1731.4,OK,-120.425,24.9307,-1731.3,OK,-69.5439,57.5891,-1755.47,,364675528,Port:2,0,1773303525,468824163,Enabled,0.916525,0.0218216,0.0379039,0.397579,-107.336,261.622,-1642.25,0.14522,3,OK,-107.168,261.701,-1642.26,OK,-146.583,228.768,-1639.15,OK,-153.33,304.805,-1637.81,,364675528,Port:3,0,1773303525,468824163,Missing,,,,,,,,,4,Missing,,,,Missing,,,,Missing,,,,Missing,,,,,364675528,Port:65535,0,1773303525,468824163,Missing,,,,,,,,,0
4,,364675534,Port:1,0,1773303525,568824163,50000000,Enabled,0.682162,0.468404,-0.422631,0.369643,-100.488,108.673,-1749.56,0.161928,4,OK,-100.369,108.565,-1749.68,OK,-135.741,77.808,-1731.73,OK,-120.845,24.9423,-1731.65,OK,-69.8688,57.5974,-1755.76,,364675534,Port:2,0,1773303525,568824163,Enabled,0.916467,0.022311,0.0385351,0.397624,-107.344,261.63,-1642.28,0.14775,3,OK,-107.176,261.716,-1642.29,OK,-146.587,228.77,-1639.13,OK,-153.333,304.799,-1637.75,,364675534,Port:3,0,1773303525,568824163,Missing,,,,,,,,,4,Missing,,,,Missing,,,,Missing,,,,Missing,,,,,364675534,Port:65535,0,1773303525,568824163,Missing,,,,,,,,,0
4,,364675537,Port:1,0,1773303525,618824163,50000000,Enabled,0.682308,0.46859,-0.422514,0.369272,-100.423,108.784,-1749.58,0.147125,4,OK,-100.302,108.67,-1749.66,OK,-135.673,77.9232,-1731.77,OK,-120.783,25.0669,-1731.66,OK,-69.8383,57.6949,-1755.84,,364675537,Port:2,0,1773303525,618824163,Enabled,0.916496,0.0219759,0.0382055,0.397608,-107.338,261.632,-1642.29,0.145399,3,OK,-107.171,261.714,-1642.31,OK,-146.582,228.775,-1639.17,OK,-153.33,304.808,-1637.82,,364675537,Port:3,0,1773303525,618824163,Missing,,,,,,,,,4,Missing,,,,Missing,,,,Missing,,,,Missing,,,,,364675537,Port:65535,0,1773303525,618824163,Missing,,,,,,,,,0
4,,364675540,Port:1,0,1773303525,668824163,50000000,Enabled,0.682217,0.467979,-0.423083,0.369563,-100.399,108.922,-1749.75,0.179236,4,OK,-100.285,108.813,-1749.91,OK,-135.689,78.1056,-1731.9,OK,-120.836,25.2109,-1731.88,OK,-69.8356,57.8095,-1755.88,,364675540,Port:2,0,1773303525,668824163,Enabled,0.916512,0.0222185,0.0380119,0.397577,-107.343,261.625,-1642.27,0.143143,3,OK,-107.176,261.705,-1642.28,OK,-146.59,228.779,-1639.18,OK,-153.332,304.796,-1637.78,,364675540,Port:3,0,1773303525,668824163,Missing,,,,,,,,,4,Missing,,,,Missing,,,,Missing,,,,Missing,,,,,364675540,Port:65535,0,1773303525,668824163,Missing,,,,,,,,,0
4,,364675543,Port:1,0,1773303525,718824163,50000000,Enabled,0.682602,0.468635,-0.4228,0.368343,-100.415,108.977,-1749.73,0.175386,4,OK,-100.296,108.867,-1749.87,OK,-135.713,78.1662,-1731.85,OK,-120.912,25.2738,-1731.9,OK,-69.9073,57.84,-1756.02,,364675543,Port:2,0,1773303525,718824163,Enabled,0.916492,0.0221794,0.0382086,0.397605,-107.34,261.63,-1642.28,0.148293,3,OK,-107.168,261.712,-1642.29,OK,-146.587,228.775,-1639.16,OK,-153.334,304.803,-1637.79,,364675543,Port:3,0,1773303525,718824163,Missing,,,,,,,,,4,Missing,,,,Missing,,,,Missing,,,,Missing,,,,,364675543,Port:65535,0,1773303525,718824163,Missing,,,,,,,,,0
4,,364675546,Port:1,0,1773303525,768824163,100000000,Enabled,0.682573,0.46867,-0.422442,0.368762,-100.473,108.906,-1749.7,0.155953,4,OK,-100.36,108.8,-1749.81,OK,-135.733,78.0783,-1731.84,OK,-120.89,25.1836,-1731.8,OK,-69.9154,57.793,-1755.99,,364675546,Port:2,0,1773303525,768824163,Enabled,0.916484,0.0217847,0.0386459,0.397604,-107.341,261.627,-1642.29,0.147861,3,OK,-107.174,261.713,-1642.3,OK,-146.584,228.766,-1639.12,OK,-153.33,304.804,-1637.82,,364675546,Port:3,0,1773303525,768824163,Missing,,,,,,,,,4,Missing,,,,Missing,,,,Missing,,,,Missing,,,,,364675546,Port:65535,0,1773303525,768824163,Missing,,,,,,,,,0
4,,364675552,Port:1,0,1773303525,868824163,50000000,Enabled,0.682259,0.4695,-0.422587,0.368121,-100.567,108.776,-1749.63,0.156176,4,OK,-100.443,108.663,-1749.73,OK,-135.821,77.9068,-1731.82,OK,-120.973,25.0235,-1731.88,OK,-70.0293,57.6806,-1756.05,,364675552,Port:2,0,1773303525,868824163,Enabled,0.91649,0.0219541,0.038551,0.397591,-107.343,261.626,-1642.28,0.145182,3,OK,-107.173,261.705,-1642.29,OK,-146.585,228.775,-1639.12,OK,-153.334,304.801,-1637.79,,364675552,Port:3,0,1773303525,868824163,Missing,,,,,,,,,4,Missing,,,,Missing,,,,Missing,,,,Missing,,,,,364675552,Port:65535,0,1773303525,868824163,Missing,,,,,,,,,0
4,,364675555,Port:1,0,1773303525,918824163,50000000,Enabled,0.681978,0.470516,-0.421858,0.368179,-100.875,108.662,-1749.56,0.174374,4,OK,-100.764,108.542,-1749.7,OK,-136.044,77.7166,-1731.68,OK,-121.099,24.8654,-1731.91,OK,-70.2441,57.6218,-1756.05,,364675555,Port:2,0,1773303525,918824163,Enabled,0.916492,0.0217342,0.0386046,0.397592,-107.342,261.626,-1642.29,0.152494,3,OK,-107.168,261.711,-1642.31,OK,-146.59,228.764,-1639.13,OK,-153.334,304.807,-1637.83,,364675555,Port:3,0,1773303525,918824163,Missing,,,,,,,,,4,Missing,,,,Missing,,,,Missing,,,,Missing,,,,,364675555,Port:65535,0,1773303525,918824163,Missing,,,,,,,,,0
4,,364675558,Port:1,0,1773303525,968824163,-1.7733E+18,Enabled,0.682132,0.469725,-0.421624,0.369171,-101.146,108.778,-1749.85,0.171123,4,OK,-101.023,108.676,-1749.98,OK,-136.306,77.8309,-1731.95,OK,-121.338,24.9858,-1732.01,OK,-70.4714,57.7591,-1756.2,,364675558,Port:2,0,1773303525,968824163,Enabled,0.916493,0.0219425,0.0383321,0.397605,-107.344,261.632,-1642.29,0.143702,3,OK,-107.181,261.714,-1642.3,OK,-146.585,228.774,-1639.15,OK,-153.335,304.809,-1637.81,,364675558,Port:3,0,1773303525,968824163,Missing,,,,,,,,,4,Missing,,,,Missing,,,,Missing,,,,Missing,,,,,364675558,Port:65535,0,1773303525,968824163,Missing,,,,,,,,,0
