ToolCount,ToolInfo,Frame#,PortHandle,Face#,timespec_s,timespec_ns,,TransformStatus,Q0,Qx,Qy,Qz,Tx,Ty,Tz,Error,#Markers,Marker0.Status,Tx,Ty,Tz,Marker1.Status,Tx,Ty,Tz,Marker2.Status,Tx,Ty,Tz,Marker3.Status,Tx,Ty,Tz,ToolInfo,Frame#,PortHandle,Face#,timespec_s,timespec_ns,TransformStatus,Q0,Qx,Qy,Qz,Tx,Ty,Tz,Error,#Markers,Marker0.Status,Tx,Ty,Tz,Marker1.Status,Tx,Ty,Tz,Marker2.Status,Tx,Ty,Tz,ToolInfo,Frame#,PortHandle,Face#,timespec_s,timespec_ns,TransformStatus,Q0,Qx,Qy,Qz,Tx,Ty,Tz,Error,#Markers,Marker0.Status,Tx,Ty,Tz,Marker1.Status,Tx,Ty,Tz,Marker2.Status,Tx,Ty,Tz,Marker3.Status,Tx,Ty,Tz,ToolInfo,Frame#,PortHandle,Face#,timespec_s,timespec_ns,TransformStatus,Q0,Qx,Qy,Qz,Tx,Ty,Tz,Error,#Markers,Marker0.Status,Tx,Ty,Tz,Marker1.Status,Tx,Ty,Tz,Marker2.Status,Tx,Ty,Tz,,,,,,,,,,,,,,,,,,,,
4,,365942425,Port:1,0,1773324640,418826765,,Enabled,0.494404,0.448045,-0.740197,0.0832357,-101.913,115.884,-1724.84,0.157072,4,OK,-101.804,115.81,-1724.79,OK,-150.384,109.393,-1736.22,OK,-159.67,66.0873,-1768.49,OK,-95.4617,67.0849,-1759.19,,365942425,Port:2,0,1773324640,418826765,Enabled,0.930168,0.0308496,0.0351194,0.364146,-87.4884,271.277,-1592.29,0.141895,3,OK,-87.3179,271.345,-1592.31,OK,-129.02,241.334,-1589.59,OK,-130.202,317.611,-1587.05,,365942425,Port:3,0,1773324640,418826765,Missing,,,,,,,,,4,Missing,,,,Missing,,,,Missing,,,,Missing,,,,,365942425,Port:65535,0,1773324640,418826765,Missing,,,,,,,,,3,OK,-40.9376,206.209,-2041.46,OK,-43.4728,201.772,-2245.75,OK,-63.8319,219.272,-2295.18,,,,,,,,,,,,,,,,,,,,
4,,365942428,Port:1,0,1773324640,468826765,50000000,Enabled,0.494002,0.448138,-0.740439,0.0829708,-101.755,115.797,-1724.8,0.163649,4,OK,-101.646,115.732,-1724.71,OK,-150.218,109.339,-1736.22,OK,-159.504,66.0422,-1768.51,OK,-95.2997,67.0208,-1759.2,,365942428,Port:2,0,1773324640,468826765,Enabled,0.930121,0.0309808,0.0357557,0.364194,-87.4896,271.281,-1592.33,0.143405,3,OK,-87.3187,271.351,-1592.34,OK,-129.015,241.33,-1589.56,OK,-130.202,317.608,-1587.04,,365942428,Port:3,0,1773324640,468826765,Missing,,,,,,,,,4,Missing,,,,Missing,,,,Missing,,,,Missing,,,,,365942428,Port:65535,0,1773324640,468826765,Missing,,,,,,,,,3,OK,-40.9312,206.212,-2041.62,OK,-43.4713,201.775,-2245.93,OK,-63.8457,219.274,-2295.2,,,,,,,,,,,,,,,,,,,,
4,,365942431,Port:1,0,1773324640,518826765,50000000,Enabled,0.49413,0.447662,-0.740708,0.0823769,-101.412,115.821,-1724.75,0.169071,4,OK,-101.322,115.734,-1724.69,OK,-149.897,109.446,-1736.16,OK,-159.234,66.1897,-1768.44,OK,-95.0394,67.045,-1759.18,,365942431,Port:2,0,1773324640,518826765,Enabled,0.930155,0.0309272,0.0353215,0.364152,-87.4863,271.278,-1592.3,0.142731,3,OK,-87.313,271.345,-1592.31,OK,-129.017,241.339,-1589.58,OK,-130.199,317.606,-1587.03,,365942431,Port:3,0,1773324640,518826765,Missing,,,,,,,,,4,Missing,,,,Missing,,,,Missing,,,,Missing,,,,,365942431,Port:65535,0,1773324640,518826765,Missing,,,,,,,,,3,OK,-40.943,206.217,-2041.53,OK,-43.4713,201.779,-2245.87,OK,-63.8382,219.272,-2295.1,,,,,,,,,,,,,,,,,,,,
4,,365942434,Port:1,0,1773324640,568826765,50000000,Enabled,0.493657,0.445751,-0.742271,0.0814987,-101.022,116.018,-1724.76,0.169096,4,OK,-100.918,115.938,-1724.68,OK,-149.509,109.871,-1736.26,OK,-159.036,66.6788,-1768.55,OK,-94.8349,67.228,-1759.17,,365942434,Port:2,0,1773324640,568826765,Enabled,0.930135,0.0308506,0.0354993,0.364194,-87.4854,271.279,-1592.32,0.14536,3,OK,-87.3101,271.349,-1592.33,OK,-129.015,241.333,-1589.58,OK,-130.202,317.606,-1587.05,,365942434,Port:3,0,1773324640,568826765,Missing,,,,,,,,,4,Missing,,,,Missing,,,,Missing,,,,Missing,,,,,365942434,Port:65535,0,1773324640,568826765,Missing,,,,,,,,,3,OK,-40.9473,206.187,-2041.45,OK,-43.4735,201.749,-2245.72,OK,-63.833,219.262,-2295.13,,,,,,,,,,,,,,,,,,,,
4,,365942437,Port:1,0,1773324640,618826765,50000000,Enabled,0.493408,0.446235,-0.741961,0.0831694,-101.425,116.173,-1724.99,0.164689,4,OK,-101.304,116.081,-1724.93,OK,-149.886,109.865,-1736.54,OK,-159.256,66.5999,-1768.8,OK,-95.05,67.3564,-1759.27,,365942437,Port:2,0,1773324640,618826765,Enabled,0.930115,0.0312539,0.0356414,0.364195,-87.4875,271.277,-1592.33,0.143338,3,OK,-87.3148,271.348,-1592.34,OK,-129.015,241.333,-1589.58,OK,-130.199,317.595,-1587.01,,365942437,Port:3,0,1773324640,618826765,Missing,,,,,,,,,4,Missing,,,,Missing,,,,Missing,,,,Missing,,,,,365942437,Port:65535,0,1773324640,618826765,Missing,,,,,,,,,3,OK,-40.933,206.208,-2041.47,OK,-43.4661,201.77,-2245.82,OK,-63.8354,219.271,-2295.13,,,,,,,,,,,,,,,,,,,,
4,,365942440,Port:1,0,1773324640,668826765,50000000,Enabled,0.490995,0.447332,-0.742992,0.0823492,-101.936,116.09,-1724.87,0.160721,4,OK,-101.819,116.013,-1724.8,OK,-150.344,109.824,-1736.63,OK,-159.587,66.6957,-1769.12,OK,-95.4285,67.4222,-1759.37,,365942440,Port:2,0,1773324640,668826765,Enabled,0.930117,0.0310365,0.0358045,0.364193,-87.4911,271.286,-1592.34,0.144353,3,OK,-87.3173,271.355,-1592.36,OK,-129.017,241.338,-1589.58,OK,-130.204,317.613,-1587.04,,365942440,Port:3,0,1773324640,668826765,Missing,,,,,,,,,4,Missing,,,,Missing,,,,Missing,,,,Missing,,,,,365942440,Port:65535,0,1773324640,668826765,Missing,,,,,,,,,3,OK,-40.9273,206.208,-2041.51,OK,-43.4723,201.772,-2245.78,OK,-63.8225,219.263,-2295.12,,,,,,,,,,,,,,,,,,,,
4,,365942443,Port:1,0,1773324640,718826765,50000000,Enabled,0.491766,0.44965,-0.740905,0.0839091,-102.713,116.216,-1725.01,0.145881,4,OK,-102.59,116.137,-1724.97,OK,-151.096,109.605,-1736.63,OK,-160.135,66.3867,-1769.11,OK,-95.9551,67.5678,-1759.44,,365942443,Port:2,0,1773324640,718826765,Enabled,0.930149,0.0307007,0.0356092,0.364159,-87.493,271.278,-1592.31,0.142948,3,OK,-87.321,271.347,-1592.32,OK,-129.021,241.335,-1589.55,OK,-130.205,317.61,-1587.05,,365942443,Port:3,0,1773324640,718826765,Missing,,,,,,,,,4,Missing,,,,Missing,,,,Missing,,,,Missing,,,,,365942443,Port:65535,0,1773324640,718826765,Missing,,,,,,,,,3,OK,-40.9468,206.205,-2041.39,OK,-43.476,201.765,-2245.8,OK,-63.8342,219.273,-2295.15,,,,,,,,,,,,,,,,,,,,
4,,365942446,Port:1,0,1773324640,768826765,50000000,Enabled,0.493839,0.454587,-0.735981,0.088349,-103.965,116.565,-1725.48,0.138805,4,OK,-103.851,116.492,-1725.44,OK,-152.288,109.147,-1736.83,OK,-160.801,65.6401,-1769.08,OK,-96.5995,67.8677,-1759.73,,365942446,Port:2,0,1773324640,768826765,Enabled,0.930158,0.030976,0.0352533,0.364148,-87.4829,271.278,-1592.29,0.146301,3,OK,-87.3054,271.348,-1592.31,OK,-129.018,241.338,-1589.58,OK,-130.196,317.607,-1587.03,,365942446,Port:3,0,1773324640,768826765,Missing,,,,,,,,,4,Missing,,,,Missing,,,,Missing,,,,Missing,,,,,365942446,Port:65535,0,1773324640,768826765,Missing,,,,,,,,,3,OK,-40.9259,206.197,-2041.38,OK,-43.4619,201.757,-2245.75,OK,-63.8436,219.267,-2295.18,,,,,,,,,,,,,,,,,,,,
4,,365942449,Port:1,0,1773324640,818826765,50000000,Enabled,0.492996,0.459188,-0.733254,0.0918765,-104.8,117.107,-1725.86,0.177007,4,OK,-104.687,117.016,-1725.78,OK,-153.025,109.062,-1737.32,OK,-160.925,65.452,-1769.44,OK,-96.7688,68.5038,-1760.12,,365942449,Port:2,0,1773324640,818826765,Enabled,0.930105,0.0311072,0.0357567,0.364222,-87.4829,271.277,-1592.32,0.148121,3,OK,-87.3048,271.35,-1592.33,OK,-129.012,241.327,-1589.55,OK,-130.198,317.596,-1587.01,,365942449,Port:3,0,1773324640,818826765,Missing,,,,,,,,,4,Missing,,,,Missing,,,,Missing,,,,Missing,,,,,365942449,Port:65535,0,1773324640,818826765,Missing,,,,,,,,,3,OK,-40.9258,206.211,-2041.45,OK,-43.46,201.773,-2245.75,OK,-63.8331,219.268,-2295.15,,,,,,,,,,,,,,,,,,,,
4,,365942452,Port:1,0,1773324640,868826765,50000000,Enabled,0.491933,0.465549,-0.729893,0.0923204,-104.816,117.818,-1726.14,0.158241,4,OK,-104.695,117.754,-1726.06,OK,-152.951,109.224,-1737.51,OK,-160.376,65.6718,-1769.93,OK,-96.2534,69.5168,-1760.71,,365942452,Port:2,0,1773324640,868826765,Enabled,0.93012,0.0308877,0.0359729,0.364183,-87.4907,271.277,-1592.34,0.145305,3,OK,-87.3149,271.345,-1592.35,OK,-129.017,241.33,-1589.55,OK,-130.204,317.606,-1587.05,,365942452,Port:3,0,1773324640,868826765,Missing,,,,,,,,,4,Missing,,,,Missing,,,,Missing,,,,Missing,,,,,365942452,Port:65535,0,1773324640,868826765,Missing,,,,,,,,,3,OK,-40.947,206.205,-2041.43,OK,-43.4737,201.767,-2245.72,OK,-63.8611,219.278,-2295.29,,,,,,,,,,,,,,,,,,,,
4,,365942455,Port:1,0,1773324640,918826765,50000000,Enabled,0.49501,0.470394,-0.724026,0.0973665,-105.033,118.902,-1727.12,0.166624,4,OK,-104.906,118.828,-1727.06,OK,-153.105,109.415,-1738.12,OK,-159.979,65.5503,-1770.2,OK,-95.863,70.5296,-1761.43,,365942455,Port:2,0,1773324640,918826765,Enabled,0.930165,0.0309027,0.0352214,0.36414,-87.485,271.274,-1592.31,0.142758,3,OK,-87.3117,271.341,-1592.32,OK,-129.018,241.337,-1589.59,OK,-130.198,317.603,-1587.05,,365942455,Port:3,0,1773324640,918826765,Missing,,,,,,,,,4,Missing,,,,Missing,,,,Missing,,,,Missing,,,,,365942455,Port:65535,0,1773324640,918826765,Missing,,,,,,,,,3,OK,-40.9293,206.21,-2041.49,OK,-43.484,201.773,-2245.81,OK,-63.8164,219.267,-2294.97,,,,,,,,,,,,,,,,,,,,
4,,365942458,Port:1,0,1773324640,968826765,50000000,Enabled,0.492291,0.474759,-0.722843,0.0987454,-105.983,118.674,-1726.79,0.190615,4,OK,-105.886,118.571,-1726.72,OK,-153.929,108.79,-1738.01,OK,-160.257,65.0447,-1770.24,OK,-96.2568,70.5502,-1761.31,,365942458,Port:2,0,1773324640,968826765,Enabled,0.93017,0.0309174,0.0353502,0.364114,-87.4848,271.279,-1592.32,0.144397,3,OK,-87.3115,271.349,-1592.33,OK,-129.02,241.339,-1589.59,OK,-130.193,317.612,-1587.06,,365942458,Port:3,0,1773324640,968826765,Missing,,,,,,,,,4,Missing,,,,Missing,,,,Missing,,,,Missing,,,,,365942458,Port:65535,0,1773324640,968826765,Missing,,,,,,,,,3,OK,-40.9228,206.207,-2041.52,OK,-43.4676,201.77,-2245.81,OK,-63.8277,219.272,-2295.2,,,,,,,,,,,,,,,,,,,,
4,,365942461,Port:1,0,1773324641,18826767,50000002,Enabled,0.492514,0.481247,-0.718224,0.0999233,-107.281,117.743,-1725.94,0.156551,4,OK,-107.168,117.675,-1725.88,OK,-155.129,107.206,-1736.91,OK,-160.994,63.4261,-1769.37,OK,-97.0065,69.873,-1760.67,,365942461,Port:2,0,1773324641,18826767,Enabled,0.930183,0.0307962,0.0351541,0.36411,-87.488,271.271,-1592.28,0.14342,3,OK,-87.314,271.339,-1592.29,OK,-129.024,241.336,-1589.57,OK,-130.199,317.604,-1587.04,,365942461,Port:3,0,1773324641,18826767,Missing,,,,,,,,,4,Missing,,,,Missing,,,,Missing,,,,Missing,,,,,365942461,Port:65535,0,1773324641,18826767,Missing,,,,,,,,,3,OK,-40.9203,206.212,-2041.48,OK,-43.4707,201.775,-2245.81,OK,-63.8361,219.259,-2295.1,,,,,,,,,,,,,,,,,,,,
4,,365942464,Port:1,0,1773324641,68826767,50000000,Enabled,0.497365,0.487033,-0.710368,0.103939,-108.136,117.534,-1726.2,0.142695,4,OK,-108.025,117.466,-1726.17,OK,-155.902,106.022,-1736.49,OK,-161.333,61.946,-1768.66,OK,-97.3664,69.6454,-1760.73,,365942464,Port:2,0,1773324641,68826767,Enabled,0.93017,0.0307169,0.0351218,0.364153,-87.4866,271.274,-1592.28,0.141536,3,OK,-87.3175,271.342,-1592.29,OK,-129.017,241.329,-1589.57,OK,-130.201,317.612,-1587.05,,365942464,Port:3,0,1773324641,68826767,Missing,,,,,,,,,4,Missing,,,,Missing,,,,Missing,,,,Missing,,,,,365942464,Port:65535,0,1773324641,68826767,Missing,,,,,,,,,3,OK,-40.9205,206.206,-2041.48,OK,-43.4699,201.768,-2245.79,OK,-63.8503,219.267,-2295.04,,,,,,,,,,,,,,,,,,,,
4,,365942467,Port:1,0,1773324641,118826767,50000000,Enabled,0.495023,0.488066,-0.711037,0.105695,-108.673,118.124,-1726.83,0.150797,4,OK,-108.541,118.075,-1726.76,OK,-156.345,106.476,-1737.42,OK,-161.483,62.3946,-1769.64,OK,-97.5742,70.3062,-1761.36,,365942467,Port:2,0,1773324641,118826767,Enabled,0.930147,0.0311481,0.0350977,0.364176,-87.4874,271.278,-1592.3,0.141836,3,OK,-87.3166,271.348,-1592.32,OK,-129.018,241.337,-1589.61,OK,-130.201,317.601,-1587.02,,365942467,Port:3,0,1773324641,118826767,Missing,,,,,,,,,4,Missing,,,,Missing,,,,Missing,,,,Missing,,,,,365942467,Port:65535,0,1773324641,118826767,Missing,,,,,,,,,3,OK,-40.9183,206.215,-2041.56,OK,-43.4747,201.781,-2245.76,OK,-63.841,219.269,-2295.18,,,,,,,,,,,,,,,,,,,,
4,,365942470,Port:1,0,1773324641,168826766,49999999,Enabled,0.49286,0.489326,-0.711168,0.109037,-109.123,119.214,-1727.73,0.167405,4,OK,-109.022,119.14,-1727.66,OK,-156.663,107.309,-1738.63,OK,-161.328,63.1571,-1770.75,OK,-97.5564,71.4032,-1762.15,,365942470,Port:2,0,1773324641,168826766,Enabled,0.930174,0.0309762,0.0351902,0.364114,-87.4864,271.27,-1592.31,0.141399,3,OK,-87.3151,271.336,-1592.32,OK,-129.019,241.333,-1589.6,OK,-130.196,317.604,-1587.04,,365942470,Port:3,0,1773324641,168826766,Missing,,,,,,,,,4,Missing,,,,Missing,,,,Missing,,,,Missing,,,,,365942470,Port:65535,0,1773324641,168826766,Missing,,,,,,,,,3,OK,-40.9542,206.194,-2041.39,OK,-43.4709,201.754,-2245.74,OK,-63.85,219.265,-2295.12,,,,,,,,,,,,,,,,,,,,
4,,365942473,Port:1,0,1773324641,218826767,50000001,Enabled,0.493364,0.488373,-0.711044,0.111805,-108.507,120.465,-1728.29,0.197963,4,OK,-108.399,120.382,-1728.19,OK,-156.024,108.429,-1739.26,OK,-160.534,64.1172,-1771.07,OK,-96.803,72.488,-1762.45,,365942473,Port:2,0,1773324641,218826767,Enabled,0.930146,0.030958,0.0354444,0.364161,-87.4852,271.28,-1592.31,0.139582,3,OK,-87.3174,271.348,-1592.32,OK,-129.012,241.339,-1589.57,OK,-130.196,317.606,-1587.03,,365942473,Port:3,0,1773324641,218826767,Missing,,,,,,,,,4,Missing,,,,Missing,,,,Missing,,,,Missing,,,,,365942473,Port:65535,0,1773324641,218826767,Missing,,,,,,,,,3,OK,-40.9487,206.212,-2041.52,OK,-43.4793,201.775,-2245.84,OK,-63.8542,219.281,-2295.16,,,,,,,,,,,,,,,,,,,,
4,,365942476,Port:1,0,1773324641,268826767,50000000,Enabled,0.49566,0.486995,-0.710175,0.113175,-106.986,121.599,-1728.45,0.154736,4,OK,-106.867,121.526,-1728.41,OK,-154.524,109.498,-1739.17,OK,-159.161,65.0165,-1770.84,OK,-95.3745,73.435,-1762.3,,365942476,Port:2,0,1773324641,268826767,Enabled,0.930134,0.0311606,0.035597,0.36416,-87.4892,271.277,-1592.33,0.143433,3,OK,-87.3177,271.348,-1592.35,OK,-129.018,241.333,-1589.59,OK,-130.197,317.603,-1587.03,,365942476,Port:3,0,1773324641,268826767,Missing,,,,,,,,,4,Missing,,,,Missing,,,,Missing,,,,Missing,,,,,365942476,Port:65535,0,1773324641,268826767,Missing,,,,,,,,,3,OK,-40.938,206.203,-2041.46,OK,-43.4738,201.766,-2245.74,OK,-63.8296,219.257,-2294.98,,,,,,,,,,,,,,,,,,,,
4,,365942479,Port:1,0,1773324641,318826767,50000000,Enabled,0.499769,0.488054,-0.706352,0.114459,-105.293,122.726,-1728.97,0.154916,4,OK,-105.176,122.668,-1728.91,OK,-152.85,110.304,-1739.21,OK,-157.515,65.6101,-1770.59,OK,-93.7019,74.4236,-1762.66,,365942479,Port:2,0,1773324641,318826767,Enabled,0.930096,0.0312374,0.036082,0.364203,-87.4908,271.28,-1592.37,0.145578,3,OK,-87.3157,271.351,-1592.38,OK,-129.015,241.331,-1589.57,OK,-130.202,317.601,-1587.03,,365942479,Port:3,0,1773324641,318826767,Missing,,,,,,,,,4,Missing,,,,Missing,,,,Missing,,,,Missing,,,,,365942479,Port:65535,0,1773324641,318826767,Missing,,,,,,,,,3,OK,-40.9367,206.207,-2041.43,OK,-43.4693,201.769,-2245.74,OK,-63.8464,219.261,-2295.12,,,,,,,,,,,,,,,,,,,,
4,,365942482,Port:1,0,1773324641,368826767,50000000,Enabled,0.500629,0.487433,-0.705927,0.115961,-103.943,123.742,-1729.93,0.158634,4,OK,-103.825,123.684,-1729.88,OK,-151.5,111.253,-1740.13,OK,-156.111,66.4254,-1771.34,OK,-92.312,75.3195,-1763.46,,365942482,Port:2,0,1773324641,368826767,Enabled,0.930138,0.0309982,0.0356247,0.36416,-87.4876,271.278,-1592.34,0.144989,3,OK,-87.3137,271.349,-1592.35,OK,-129.018,241.333,-1589.58,OK,-130.198,317.605,-1587.05,,365942482,Port:3,0,1773324641,368826767,Missing,,,,,,,,,4,Missing,,,,Missing,,,,Missing,,,,Missing,,,,,365942482,Port:65535,0,1773324641,368826767,Missing,,,,,,,,,3,OK,-40.9351,206.206,-2041.5,OK,-43.4615,201.768,-2245.78,OK,-63.8433,219.268,-2295.16,,,,,,,,,,,,,,,,,,,,
4,,365942485,Port:1,0,1773324641,418826766,49999999,Enabled,0.498728,0.487611,-0.706806,0.118028,-104.112,124.008,-1731.68,0.184848,4,OK,-103.996,123.935,-1731.59,OK,-151.588,111.416,-1742.17,OK,-155.932,66.574,-1773.3,OK,-92.2085,75.5938,-1765.13,,365942485,Port:2,0,1773324641,418826766,Enabled,0.930149,0.0308928,0.0353833,0.364166,-87.4863,271.27,-1592.31,0.143396,3,OK,-87.3147,271.341,-1592.32,OK,-129.017,241.327,-1589.58,OK,-130.198,317.595,-1587.04,,365942485,Port:3,0,1773324641,418826766,Missing,,,,,,,,,4,Missing,,,,Missing,,,,Missing,,,,Missing,,,,,365942485,Port:65535,0,1773324641,418826766,Missing,,,,,,,,,3,OK,-40.9314,206.186,-2041.49,OK,-43.4702,201.748,-2245.73,OK,-63.8427,219.259,-2295.13,,,,,,,,,,,,,,,,,,,,
4,,365942488,Port:1,0,1773324641,468826767,50000001,Enabled,0.497957,0.494286,-0.700711,0.129322,-105.029,123.874,-1734.24,0.14579,4,OK,-104.898,123.837,-1734.18,OK,-152.087,109.92,-1744.76,OK,-155.122,64.6199,-1775.57,OK,-91.6847,75.4642,-1767.12,,365942488,Port:2,0,1773324641,468826767,Enabled,0.930161,0.030845,0.0352315,0.364155,-87.4832,271.271,-1592.31,0.14279,3,OK,-87.3119,271.341,-1592.33,OK,-129.015,241.329,-1589.6,OK,-130.195,317.599,-1587.06,,365942488,Port:3,0,1773324641,468826767,Missing,,,,,,,,,4,Missing,,,,Missing,,,,Missing,,,,Missing,,,,,365942488,Port:65535,0,1773324641,468826767,Missing,,,,,,,,,3,OK,-40.9356,206.192,-2041.46,OK,-43.477,201.756,-2245.62,OK,-63.8524,219.266,-2295.16,,,,,,,,,,,,,,,,,,,,
4,,365942491,Port:1,0,1773324641,518826767,50000000,Enabled,0.49515,0.49659,-0.700527,0.132238,-103.436,123.876,-1735.77,0.171173,4,OK,-103.317,123.824,-1735.67,OK,-150.34,109.602,-1746.61,OK,-152.843,64.3297,-1777.41,OK,-89.5491,75.5874,-1768.64,,365942491,Port:2,0,1773324641,518826767,Enabled,0.930143,0.0310152,0.0353823,0.364171,-87.4838,271.269,-1592.32,0.142431,3,OK,-87.3118,271.337,-1592.34,OK,-129.013,241.327,-1589.6,OK,-130.197,317.594,-1587.04,,365942491,Port:3,0,1773324641,518826767,Missing,,,,,,,,,4,Missing,,,,Missing,,,,Missing,,,,Missing,,,,,365942491,Port:65535,0,1773324641,518826767,Missing,,,,,,,,,3,OK,-40.9378,206.213,-2041.62,OK,-43.4716,201.778,-2245.84,OK,-63.8598,219.257,-2295.01,,,,,,,,,,,,,,,,,,,,
4,,365942494,Port:1,0,1773324641,568826767,50000000,Enabled,0.498109,0.490982,-0.703281,0.127357,-99.3162,124.651,-1736.77,0.163574,4,OK,-99.192,124.588,-1736.7,OK,-146.488,111.12,-1747.38,OK,-149.88,65.8777,-1778.13,OK,-86.3858,76.1311,-1769.64,,365942494,Port:2,0,1773324641,568826767,Enabled,0.930151,0.0307359,0.0355022,0.364162,-87.4855,271.273,-1592.34,0.143771,3,OK,-87.311,271.339,-1592.35,OK,-129.015,241.33,-1589.59,OK,-130.201,317.606,-1587.08,,365942494,Port:3,0,1773324641,568826767,Missing,,,,,,,,,4,Missing,,,,Missing,,,,Missing,,,,Missing,,,,,365942494,Port:65535,0,1773324641,568826767,Missing,,,,,,,,,3,OK,-40.9251,206.19,-2041.42,OK,-43.4502,201.75,-2245.73,OK,-63.8489,219.276,-2295.14,,,,,,,,,,,,,,,,,,,,
4,,365942497,Port:1,0,1773324641,618826767,50000000,Enabled,0.503066,0.482998,-0.705971,0.123461,-97.2548,125.957,-1738.15,0.169015,4,OK,-97.1262,125.876,-1738.1,OK,-144.752,113.244,-1748.38,OK,-149.189,67.9023,-1778.8,OK,-85.4335,76.9962,-1770.76,,365942497,Port:2,0,1773324641,618826767,Enabled,0.930128,0.0309284,0.0356316,0.364193,-87.4855,271.271,-1592.32,0.14333,3,OK,-87.3116,271.338,-1592.33,OK,-129.011,241.326,-1589.57,OK,-130.202,317.599,-1587.04,,365942497,Port:3,0,1773324641,618826767,Missing,,,,,,,,,4,Missing,,,,Missing,,,,Missing,,,,Missing,,,,,365942497,Port:65535,0,1773324641,618826767,Missing,,,,,,,,,3,OK,-40.9489,206.205,-2041.47,OK,-43.4732,201.769,-2245.7,OK,-63.8548,219.265,-2295.14,,,,,,,,,,,,,,,,,,,,
4,,365942500,Port:1,0,1773324641,668826766,49999999,Enabled,0.504409,0.484006,-0.703391,0.128648,-99.0752,127.103,-1740.31,0.173458,4,OK,-98.9434,127.023,-1740.24,OK,-146.448,113.883,-1750.46,OK,-150.49,68.2579,-1780.48,OK,-86.8181,77.989,-1772.51,,365942500,Port:2,0,1773324641,668826766,Enabled,0.930123,0.0312186,0.0355269,0.36419,-87.4855,271.274,-1592.34,0.14315,3,OK,-87.3134,271.343,-1592.36,OK,-129.012,241.326,-1589.61,OK,-130.198,317.599,-1587.04,,365942500,Port:3,0,1773324641,668826766,Missing,,,,,,,,,4,Missing,,,,Missing,,,,Missing,,,,Missing,,,,,365942500,Port:65535,0,1773324641,668826766,Missing,,,,,,,,,3,OK,-40.9342,206.207,-2041.56,OK,-43.4699,201.772,-2245.76,OK,-63.8304,219.257,-2295.11,,,,,,,,,,,,,,,,,,,,
4,,365942503,Port:1,0,1773324641,718826767,50000001,Enabled,0.500869,0.481352,-0.70602,0.137718,-102.493,128.569,-1743.19,0.176485,4,OK,-102.358,128.506,-1743.1,OK,-149.625,115.054,-1754.01,OK,-152.994,69.0598,-1783.56,OK,-89.5225,79.1383,-1774.63,,365942503,Port:2,0,1773324641,718826767,Enabled,0.930126,0.0309894,0.0357985,0.364175,-87.4874,271.268,-1592.34,0.141414,3,OK,-87.3178,271.338,-1592.35,OK,-129.013,241.325,-1589.57,OK,-130.197,317.59,-1587.04,,365942503,Port:3,0,1773324641,718826767,Missing,,,,,,,,,4,Missing,,,,Missing,,,,Missing,,,,Missing,,,,,365942503,Port:65535,0,1773324641,718826767,Missing,,,,,,,,,3,OK,-40.9437,206.224,-2041.7,OK,-43.4944,201.792,-2245.9,OK,-63.8457,219.259,-2295.23,,,,,,,,,,,,,,,,,,,,
4,,365942506,Port:1,0,1773324641,768826767,50000000,Enabled,0.491564,0.481913,-0.711152,0.142785,-105.328,128.562,-1744.91,0.165319,4,OK,-105.2,128.482,-1744.86,OK,-152.152,114.914,-1756.83,OK,-154.658,69.0579,-1786.67,OK,-91.4759,79.3041,-1776.2,,365942506,Port:2,0,1773324641,768826767,Enabled,0.930168,0.0310501,0.0351353,0.364127,-87.484,271.264,-1592.3,0.141729,3,OK,-87.3122,271.332,-1592.31,OK,-129.017,241.328,-1589.6,OK,-130.194,317.592,-1587.03,,365942506,Port:3,0,1773324641,768826767,Missing,,,,,,,,,4,Missing,,,,Missing,,,,Missing,,,,Missing,,,,,365942506,Port:65535,0,1773324641,768826767,Missing,,,,,,,,,3,OK,-40.9529,206.202,-2041.47,OK,-43.4759,201.763,-2245.78,OK,-63.8462,219.26,-2295.16,,,,,,,,,,,,,,,,,,,,
4,,365942509,Port:1,0,1773324641,818826767,50000000,Enabled,0.492927,0.484063,-0.707537,0.148653,-105.852,128.276,-1745.94,0.156348,4,OK,-105.735,128.206,-1745.89,OK,-152.518,113.977,-1757.7,OK,-154.488,67.8332,-1787.17,OK,-91.4079,78.9029,-1776.81,,365942509,Port:2,0,1773324641,818826767,Enabled,0.930154,0.0307889,0.0351861,0.364181,-87.4746,271.261,-1592.29,0.141781,3,OK,-87.3038,271.327,-1592.31,OK,-129.003,241.315,-1589.58,OK,-130.192,317.594,-1587.05,,365942509,Port:3,0,1773324641,818826767,Missing,,,,,,,,,4,Missing,,,,Missing,,,,Missing,,,,Missing,,,,,365942509,Port:65535,0,1773324641,818826767,Missing,,,,,,,,,3,OK,-40.9414,206.216,-2041.48,OK,-43.4794,201.777,-2245.91,OK,-63.8448,219.274,-2295.16,,,,,,,,,,,,,,,,,,,,
4,,365942512,Port:1,0,1773324641,868826767,50000000,Enabled,0.496767,0.482171,-0.706966,0.144681,-103.483,128.155,-1745.83,0.145552,4,OK,-103.364,128.081,-1745.82,OK,-150.363,114.195,-1757.13,OK,-152.927,68.059,-1786.62,OK,-89.6807,78.6759,-1776.81,,365942512,Port:2,0,1773324641,868826767,Enabled,0.930162,0.0308387,0.0351173,0.364164,-87.4759,271.249,-1592.27,0.142171,3,OK,-87.3029,271.315,-1592.28,OK,-129.007,241.309,-1589.56,OK,-130.193,317.578,-1587.02,,365942512,Port:3,0,1773324641,868826767,Missing,,,,,,,,,4,Missing,,,,Missing,,,,Missing,,,,Missing,,,,,365942512,Port:65535,0,1773324641,868826767,Missing,,,,,,,,,3,OK,-40.9285,206.188,-2041.43,OK,-43.4778,201.748,-2245.74,OK,-63.8378,219.248,-2295.09,,,,,,,,,,,,,,,,,,,,
4,,365942515,Port:1,0,1773324641,918826766,49999999,Enabled,0.499151,0.476002,-0.710682,0.138572,-100.821,128.556,-1745.71,0.141798,4,OK,-100.678,128.506,-1745.68,OK,-147.996,115.492,-1756.85,OK,-151.585,69.4485,-1786.4,OK,-88.0832,78.8715,-1776.79,,365942515,Port:2,0,1773324641,918826766,Enabled,0.930146,0.0309824,0.0353323,0.364169,-87.4785,271.254,-1592.32,0.140225,3,OK,-87.3079,271.319,-1592.34,OK,-129.005,241.313,-1589.6,OK,-130.194,317.584,-1587.05,,365942515,Port:3,0,1773324641,918826766,Missing,,,,,,,,,4,Missing,,,,Missing,,,,Missing,,,,Missing,,,,,365942515,Port:65535,0,1773324641,918826766,Missing,,,,,,,,,3,OK,-40.9583,206.201,-2041.51,OK,-43.4818,201.763,-2245.8,OK,-63.8507,219.257,-2295.21,,,,,,,,,,,,,,,,,,,,
4,,365942518,Port:1,0,1773324641,968826767,50000001,Enabled,0.500036,0.473352,-0.712151,0.136906,-99.368,128.51,-1745.59,0.167966,4,OK,-99.252,128.437,-1745.53,OK,-146.639,115.783,-1756.75,OK,-150.546,69.7506,-1786.15,OK,-87.008,78.7065,-1776.7,,365942518,Port:2,0,1773324641,968826767,Enabled,0.930156,0.0307977,0.03511,0.364183,-87.4743,271.249,-1592.28,0.140783,3,OK,-87.3032,271.313,-1592.3,OK,-129.002,241.306,-1589.58,OK,-130.193,317.58,-1587.04,,365942518,Port:3,0,1773324641,968826767,Missing,,,,,,,,,4,Missing,,,,Missing,,,,Missing,,,,Missing,,,,,365942518,Port:65535,0,1773324641,968826767,Missing,,,,,,,,,3,OK,-40.9473,206.196,-2041.46,OK,-43.4803,201.757,-2245.8,OK,-63.8563,219.266,-2295.15,,,,,,,,,,,,,,,,,,,,
4,,365942521,Port:1,0,1773324642,18826769,50000002,Enabled,0.50021,0.473226,-0.712699,0.13382,-98.4117,128.283,-1745.29,0.170724,4,OK,-98.3016,128.197,-1745.22,OK,-145.762,115.797,-1756.37,OK,-149.916,69.8914,-1785.96,OK,-86.3188,78.5701,-1776.64,,365942521,Port:2,0,1773324642,18826769,Enabled,0.930119,0.0311734,0.0356441,0.364193,-87.4764,271.25,-1592.34,0.143389,3,OK,-87.304,271.321,-1592.35,OK,-129.003,241.305,-1589.59,OK,-130.188,317.572,-1587.03,,365942521,Port:3,0,1773324642,18826769,Missing,,,,,,,,,4,Missing,,,,Missing,,,,Missing,,,,Missing,,,,,365942521,Port:65535,0,1773324642,18826769,Missing,,,,,,,,,3,OK,-40.924,206.189,-2041.54,OK,-43.4742,201.75,-2245.82,OK,-63.8542,219.25,-2295.15,,,,,,,,,,,,,,,,,,,,
4,,365942524,Port:1,0,1773324642,68826769,50000000,Enabled,0.502245,0.472062,-0.712163,0.133159,-97.7003,127.99,-1745.37,0.162352,4,OK,-97.5706,127.92,-1745.3,OK,-145.116,115.583,-1756.25,OK,-149.52,69.6087,-1785.73,OK,-85.8411,78.1852,-1776.64,,365942524,Port:2,0,1773324642,68826769,Enabled,0.930101,0.0310088,0.0359375,0.364225,-87.4798,271.247,-1592.34,0.146413,3,OK,-87.305,271.319,-1592.35,OK,-129.005,241.293,-1589.56,OK,-130.194,317.57,-1587.04,,365942524,Port:3,0,1773324642,68826769,Missing,,,,,,,,,4,Missing,,,,Missing,,,,Missing,,,,Missing,,,,,365942524,Port:65535,0,1773324642,68826769,Missing,,,,,,,,,3,OK,-40.9302,206.196,-2041.62,OK,-43.4772,201.761,-2245.76,OK,-63.8618,219.273,-2295.29,,,,,,,,,,,,,,,,,,,,
4,,365942527,Port:1,0,1773324642,118826769,50000000,Enabled,0.498868,0.473278,-0.714392,0.129551,-97.3817,126.363,-1744.62,0.155712,4,OK,-97.2556,126.305,-1744.55,OK,-144.802,114.222,-1755.76,OK,-149.235,68.5516,-1785.76,OK,-85.5762,76.8231,-1776.36,,365942527,Port:2,0,1773324642,118826769,Enabled,0.930118,0.0310781,0.0357038,0.364197,-87.4739,271.247,-1592.35,0.145708,3,OK,-87.2967,271.314,-1592.36,OK,-129.001,241.3,-1589.59,OK,-130.19,317.575,-1587.04,,365942527,Port:3,0,1773324642,118826769,Missing,,,,,,,,,4,Missing,,,,Missing,,,,Missing,,,,Missing,,,,,365942527,Port:65535,0,1773324642,118826769,Missing,,,,,,,,,3,OK,-40.9234,206.185,-2041.46,OK,-43.4735,201.745,-2245.81,OK,-63.8357,219.25,-2295.11,,,,,,,,,,,,,,,,,,,,
4,,365942530,Port:1,0,1773324642,168826769,50000000,Enabled,0.498758,0.476065,-0.71316,0.126512,-96.8068,124.339,-1743.61,0.146294,4,OK,-96.6885,124.293,-1743.56,OK,-144.263,112.183,-1754.58,OK,-148.722,66.7027,-1784.92,OK,-85.0328,75.0221,-1775.74,,365942530,Port:2,0,1773324642,168826769,Enabled,0.930145,0.0310939,0.035108,0.364186,-87.4756,271.243,-1592.32,0.143679,3,OK,-87.3029,271.313,-1592.33,OK,-129.007,241.298,-1589.62,OK,-130.191,317.567,-1587.04,,365942530,Port:3,0,1773324642,168826769,Missing,,,,,,,,,4,Missing,,,,Missing,,,,Missing,,,,Missing,,,,,365942530,Port:65535,0,1773324642,168826769,Missing,,,,,,,,,3,OK,-40.9416,206.174,-2041.53,OK,-43.4728,201.735,-2245.75,OK,-63.8485,219.242,-2295.01,,,,,,,,,,,,,,,,,,,,
4,,365942533,Port:1,0,1773324642,218826769,50000000,Enabled,0.500753,0.478467,-0.710944,0.121963,-95.0537,122.558,-1742.51,0.161034,4,OK,-94.9419,122.512,-1742.43,OK,-142.614,110.457,-1753.12,OK,-147.35,65.1593,-1783.65,OK,-83.5722,73.4462,-1775.11,,365942533,Port:2,0,1773324642,218826769,Enabled,0.930125,0.030902,0.0356124,0.364204,-87.4749,271.241,-1592.31,0.142626,3,OK,-87.3009,271.307,-1592.33,OK,-129,241.297,-1589.56,OK,-130.193,317.567,-1587.04,,365942533,Port:3,0,1773324642,218826769,Missing,,,,,,,,,4,Missing,,,,Missing,,,,Missing,,,,Missing,,,,,365942533,Port:65535,0,1773324642,218826769,Missing,,,,,,,,,3,OK,-40.9336,206.178,-2041.55,OK,-43.4668,201.739,-2245.83,OK,-63.8271,219.236,-2294.96,,,,,,,,,,,,,,,,,,,,
4,,365942536,Port:1,0,1773324642,268826769,50000000,Enabled,0.50663,0.470101,-0.713734,0.113644,-92.3942,121.766,-1742.27,0.164406,4,OK,-92.2672,121.708,-1742.19,OK,-140.355,110.803,-1752.32,OK,-146.561,65.5968,-1782.71,OK,-82.48,72.3673,-1774.9,,365942536,Port:2,0,1773324642,268826769,Enabled,0.93015,0.0308429,0.03531,0.364173,-87.4695,271.242,-1592.32,0.144512,3,OK,-87.2941,271.311,-1592.34,OK,-129.001,241.302,-1589.6,OK,-130.185,317.568,-1587.07,,365942536,Port:3,0,1773324642,268826769,Missing,,,,,,,,,4,Missing,,,,Missing,,,,Missing,,,,Missing,,,,,365942536,Port:65535,0,1773324642,268826769,Missing,,,,,,,,,3,OK,-40.9394,206.196,-2041.44,OK,-43.4763,201.753,-2245.92,OK,-63.8591,219.25,-2295.21,,,,,,,,,,,,,,,,,,,,
4,,365942539,Port:1,0,1773324642,318826769,50000000,Enabled,0.514326,0.461139,-0.715017,0.107562,-89.8169,121.102,-1742.57,0.141657,4,OK,-89.6805,121.04,-1742.53,OK,-138.131,111.116,-1751.85,OK,-145.754,65.8408,-1781.9,OK,-81.4217,71.2784,-1774.92,,365942539,Port:2,0,1773324642,318826769,Enabled,0.930134,0.0309088,0.0356505,0.364176,-87.4705,271.236,-1592.33,0.142882,3,OK,-87.2991,271.305,-1592.34,OK,-128.997,241.29,-1589.57,OK,-130.182,317.564,-1587.05,,365942539,Port:3,0,1773324642,318826769,Missing,,,,,,,,,4,Missing,,,,Missing,,,,Missing,,,,Missing,,,,,365942539,Port:65535,0,1773324642,318826769,Missing,,,,,,,,,3,OK,-40.9412,206.184,-2041.38,OK,-43.478,201.741,-2245.77,OK,-63.8317,219.247,-2295.14,,,,,,,,,,,,,,,,,,,,
4,,365942542,Port:1,0,1773324642,368826769,50000000,Enabled,0.514998,0.461858,-0.714178,0.106835,-88.21,119.128,-1742.34,0.185668,4,OK,-88.063,119.056,-1742.25,OK,-136.551,109.089,-1751.6,OK,-144.202,63.8704,-1781.52,OK,-79.8534,69.3562,-1774.8,,365942542,Port:2,0,1773324642,368826769,Enabled,0.930128,0.0309243,0.0354688,0.364209,-87.4736,271.239,-1592.33,0.143303,3,OK,-87.3002,271.304,-1592.34,OK,-128.999,241.289,-1589.59,OK,-130.193,317.569,-1587.05,,365942542,Port:3,0,1773324642,368826769,Missing,,,,,,,,,4,Missing,,,,Missing,,,,Missing,,,,Missing,,,,,365942542,Port:65535,0,1773324642,368826769,Missing,,,,,,,,,3,OK,-40.9491,206.169,-2041.55,OK,-43.4792,201.731,-2245.71,OK,-63.8463,219.244,-2295.12,,,,,,,,,,,,,,,,,,,,
4,,365942545,Port:1,0,1773324642,418826769,50000000,Enabled,0.512863,0.463529,-0.714558,0.107327,-87.1522,116.763,-1741.62,0.16136,4,OK,-87.0254,116.694,-1741.56,OK,-135.427,106.614,-1751.03,OK,-142.836,61.468,-1781.18,OK,-78.5183,67.1005,-1774.19,,365942545,Port:2,0,1773324642,418826769,Enabled,0.930178,0.0308464,0.0348971,0.364142,-87.4744,271.245,-1592.3,0.141269,3,OK,-87.3029,271.311,-1592.32,OK,-129.008,241.308,-1589.62,OK,-130.189,317.575,-1587.07,,365942545,Port:3,0,1773324642,418826769,Missing,,,,,,,,,4,Missing,,,,Missing,,,,Missing,,,,Missing,,,,,365942545,Port:65535,0,1773324642,418826769,Missing,,,,,,,,,3,OK,-40.9367,206.196,-2041.52,OK,-43.4833,201.76,-2245.74,OK,-63.8452,219.255,-2295.11,,,,,,,,,,,,,,,,,,,,
4,,365942548,Port:1,0,1773324642,468826769,50000000,Enabled,0.511929,0.468808,-0.712525,0.102252,-85.4888,113.834,-1740.44,0.161363,4,OK,-85.3756,113.758,-1740.38,OK,-133.78,103.601,-1749.66,OK,-141.177,58.8184,-1780.35,OK,-76.8524,64.6323,-1773.71,,365942548,Port:2,0,1773324642,468826769,Enabled,0.930123,0.0309341,0.0356649,0.364202,-87.4806,271.247,-1592.33,0.145103,3,OK,-87.3072,271.317,-1592.34,OK,-129.007,241.295,-1589.57,OK,-130.195,317.576,-1587.04,,365942548,Port:3,0,1773324642,468826769,Missing,,,,,,,,,4,Missing,,,,Missing,,,,Missing,,,,Missing,,,,,365942548,Port:65535,0,1773324642,468826769,Missing,,,,,,,,,3,OK,-40.9438,206.183,-2041.52,OK,-43.4867,201.745,-2245.73,OK,-63.8461,219.252,-2295.26,,,,,,,,,,,,,,,,,,,,
4,,365942551,Port:1,0,1773324642,518826769,50000000,Enabled,0.508128,0.477323,-0.711343,0.0892217,-83.036,110.312,-1738.61,0.179857,4,OK,-82.9011,110.23,-1738.55,OK,-131.416,100.303,-1747.71,OK,-139.096,56.5052,-1779.63,OK,-74.6992,62.1787,-1773.46,,365942551,Port:2,0,1773324642,518826769,Enabled,0.930129,0.0307815,0.0354913,0.364215,-87.476,271.249,-1592.32,0.144347,3,OK,-87.3036,271.319,-1592.34,OK,-129.003,241.298,-1589.58,OK,-130.193,317.576,-1587.07,,365942551,Port:3,0,1773324642,518826769,Missing,,,,,,,,,4,Missing,,,,Missing,,,,Missing,,,,Missing,,,,,365942551,Port:65535,0,1773324642,518826769,Missing,,,,,,,,,3,OK,-40.9277,206.193,-2041.56,OK,-43.4728,201.756,-2245.77,OK,-63.8523,219.245,-2295.23,,,,,,,,,,,,,,,,,,,,
4,,365942554,Port:1,0,1773324642,568826769,50000000,Enabled,0.51172,0.479535,-0.708268,0.0808989,-79.8259,107.972,-1737.96,0.17332,4,OK,-79.687,107.916,-1737.87,OK,-128.388,98.2437,-1746.32,OK,-136.735,54.7067,-1778.6,OK,-72.2014,60.1396,-1773.45,,365942554,Port:2,0,1773324642,568826769,Enabled,0.930158,0.030609,0.0351602,0.364188,-87.4771,271.255,-1592.31,0.1433,3,OK,-87.3047,271.322,-1592.32,OK,-129.007,241.308,-1589.59,OK,-130.196,317.588,-1587.08,,365942554,Port:3,0,1773324642,568826769,Missing,,,,,,,,,4,Missing,,,,Missing,,,,Missing,,,,Missing,,,,,365942554,Port:65535,0,1773324642,568826769,Missing,,,,,,,,,3,OK,-40.9339,206.203,-2041.48,OK,-43.4684,201.763,-2245.85,OK,-63.8542,219.254,-2295.14,,,,,,,,,,,,,,,,,,,,
4,,365942557,Port:1,0,1773324642,618826769,50000000,Enabled,0.518588,0.476209,-0.705642,0.0797569,-77.2562,106.929,-1738.28,0.156125,4,OK,-77.1066,106.883,-1738.22,OK,-125.966,97.3359,-1745.89,OK,-134.937,53.5685,-1777.74,OK,-70.2997,58.7537,-1773.41,,365942557,Port:2,0,1773324642,618826769,Enabled,0.930144,0.0310812,0.0351722,0.364183,-87.4796,271.256,-1592.31,0.142415,3,OK,-87.3077,271.324,-1592.32,OK,-129.009,241.312,-1589.6,OK,-130.195,317.582,-1587.03,,365942557,Port:3,0,1773324642,618826769,Missing,,,,,,,,,4,Missing,,,,Missing,,,,Missing,,,,Missing,,,,,365942557,Port:65535,0,1773324642,618826769,Missing,,,,,,,,,3,OK,-40.9444,206.199,-2041.49,OK,-43.4811,201.761,-2245.79,OK,-63.8608,219.254,-2295.09,,,,,,,,,,,,,,,,,,,,
4,,365942560,Port:1,0,1773324642,668826769,50000000,Enabled,0.514959,0.473392,-0.710782,0.0742012,-76.0614,105.14,-1737.62,0.174259,4,OK,-75.9118,105.066,-1737.55,OK,-124.856,96.2908,-1745.64,OK,-134.268,52.9721,-1777.86,OK,-69.5754,57.2211,-1773.17,,365942560,Port:2,0,1773324642,668826769,Enabled,0.930141,0.0308641,0.0351421,0.364212,-87.4792,271.257,-1592.3,0.140205,3,OK,-87.3103,271.324,-1592.31,OK,-129.005,241.311,-1589.59,OK,-130.198,317.582,-1587.05,,365942560,Port:3,0,1773324642,668826769,Missing,,,,,,,,,4,Missing,,,,Missing,,,,Missing,,,,Missing,,,,,365942560,Port:65535,0,1773324642,668826769,Missing,,,,,,,,,3,OK,-40.9468,206.187,-2041.44,OK,-43.4839,201.747,-2245.75,OK,-63.8596,219.253,-2295.06,,,,,,,,,,,,,,,,,,,,
4,,365942563,Port:1,0,1773324642,718826769,50000000,Enabled,0.503839,0.47529,-0.717936,0.0693804,-77.3813,103.183,-1736.37,0.169363,4,OK,-77.2452,103.099,-1736.33,OK,-126.091,94.8653,-1745.44,OK,-135.183,52.3059,-1778.73,OK,-70.5978,55.9422,-1772.75,,365942563,Port:2,0,1773324642,718826769,Enabled,0.930126,0.0310829,0.0356614,0.364182,-87.4802,271.266,-1592.35,0.143646,3,OK,-87.3043,271.331,-1592.37,OK,-129.006,241.323,-1589.6,OK,-130.196,317.593,-1587.05,,365942563,Port:3,0,1773324642,718826769,Missing,,,,,,,,,4,Missing,,,,Missing,,,,Missing,,,,Missing,,,,,365942563,Port:65535,0,1773324642,718826769,Missing,,,,,,,,,3,OK,-40.9316,206.197,-2041.51,OK,-43.4796,201.76,-2245.77,OK,-63.8466,219.269,-2295.16,,,,,,,,,,,,,,,,,,,,
4,,365942566,Port:1,0,1773324642,768826769,50000000,Enabled,0.502581,0.476987,-0.717079,0.075453,-79.8814,102.603,-1735.94,0.189217,4,OK,-79.7452,102.536,-1735.84,OK,-128.445,93.7893,-1745.31,OK,-136.909,50.9028,-1778.34,OK,-72.4242,55.1998,-1772.04,,365942566,Port:2,0,1773324642,768826769,Enabled,0.930107,0.0312049,0.0357309,0.364213,-87.4831,271.263,-1592.35,0.144177,3,OK,-87.3099,271.333,-1592.36,OK,-129.008,241.313,-1589.59,OK,-130.197,317.583,-1587.03,,365942566,Port:3,0,1773324642,768826769,Missing,,,,,,,,,4,Missing,,,,Missing,,,,Missing,,,,Missing,,,,,365942566,Port:65535,0,1773324642,768826769,Missing,,,,,,,,,3,OK,-40.9325,206.201,-2041.46,OK,-43.4841,201.762,-2245.82,OK,-63.8448,219.26,-2295.22,,,,,,,,,,,,,,,,,,,,
4,,365942569,Port:1,0,1773324642,818826769,50000000,Enabled,0.50912,0.47922,-0.709098,0.09124,-82.1018,102.403,-1735.81,0.16521,4,OK,-81.9734,102.341,-1735.75,OK,-130.442,92.0863,-1744.74,OK,-137.881,48.1031,-1776.62,OK,-73.5017,54.215,-1770.58,,365942569,Port:2,0,1773324642,818826769,Enabled,0.930148,0.0312645,0.0352202,0.364152,-87.4821,271.259,-1592.33,0.140614,3,OK,-87.3116,271.326,-1592.35,OK,-129.012,241.32,-1589.63,OK,-130.193,317.585,-1587.03,,365942569,Port:3,0,1773324642,818826769,Missing,,,,,,,,,4,Missing,,,,Missing,,,,Missing,,,,Missing,,,,,365942569,Port:65535,0,1773324642,818826769,Missing,,,,,,,,,3,OK,-40.9519,206.198,-2041.53,OK,-43.4812,201.759,-2245.83,OK,-63.8406,219.248,-2294.89,,,,,,,,,,,,,,,,,,,,
4,,365942572,Port:1,0,1773324642,868826769,50000000,Enabled,0.507311,0.48816,-0.703172,0.0994167,-83.2512,100.63,-1734.44,0.182779,4,OK,-83.137,100.553,-1734.36,OK,-131.276,88.9942,-1743.5,OK,-137.416,44.7903,-1775.25,OK,-73.25,52.6278,-1769.11,,365942572,Port:2,0,1773324642,868826769,Enabled,0.930117,0.0310635,0.0354663,0.364224,-87.4747,271.255,-1592.33,0.142716,3,OK,-87.3021,271.323,-1592.34,OK,-129,241.308,-1589.59,OK,-130.193,317.576,-1587.04,,365942572,Port:3,0,1773324642,868826769,Missing,,,,,,,,,4,Missing,,,,Missing,,,,Missing,,,,Missing,,,,,365942572,Port:65535,0,1773324642,868826769,Missing,,,,,,,,,3,OK,-40.935,206.187,-2041.52,OK,-43.4841,201.749,-2245.75,OK,-63.842,219.261,-2295.19,,,,,,,,,,,,,,,,,,,,
4,,365942575,Port:1,0,1773324642,918826769,50000000,Enabled,0.50941,0.497482,-0.69438,0.104161,-83.0517,99.1125,-1733.35,0.154985,4,OK,-82.9171,99.0786,-1733.28,OK,-130.821,86.2272,-1741.92,OK,-136.129,41.7924,-1773.67,OK,-72.1302,51.3396,-1768.05,,365942575,Port:2,0,1773324642,918826769,Enabled,0.930126,0.0309236,0.0353716,0.364224,-87.4765,271.251,-1592.33,0.146587,3,OK,-87.2996,271.319,-1592.34,OK,-129.005,241.298,-1589.6,OK,-130.198,317.581,-1587.06,,365942575,Port:3,0,1773324642,918826769,Missing,,,,,,,,,4,Missing,,,,Missing,,,,Missing,,,,Missing,,,,,365942575,Port:65535,0,1773324642,918826769,Missing,,,,,,,,,3,OK,-40.9425,206.205,-2041.47,OK,-43.4728,201.766,-2245.82,OK,-63.8529,219.252,-2295.17,,,,,,,,,,,,,,,,,,,,
4,,365942578,Port:1,0,1773324642,968826769,50000000,Enabled,0.523439,0.495928,-0.682952,0.116806,-82.4089,98.6582,-1733.96,0.155754,4,OK,-82.2893,98.6105,-1733.91,OK,-130.074,84.5776,-1741.17,OK,-135.06,38.97,-1771.24,OK,-71.1652,49.8882,-1767.14,,365942578,Port:2,0,1773324642,968826769,Enabled,0.930156,0.0309537,0.0353726,0.364143,-87.4796,271.246,-1592.34,0.144997,3,OK,-87.3051,271.316,-1592.35,OK,-129.013,241.303,-1589.61,OK,-130.191,317.577,-1587.07,,365942578,Port:3,0,1773324642,968826769,Missing,,,,,,,,,4,Missing,,,,Missing,,,,Missing,,,,Missing,,,,,365942578,Port:65535,0,1773324642,968826769,Missing,,,,,,,,,3,OK,-40.9339,206.204,-2041.43,OK,-43.4714,201.764,-2245.84,OK,-63.8613,219.261,-2295.15,,,,,,,,,,,,,,,,,,,,
4,,365942581,Port:1,0,1773324643,18826766,49999997,Enabled,0.538218,0.495755,-0.669988,0.125156,-80.4226,97.5558,-1734,0.151577,4,OK,-80.2995,97.5056,-1733.99,OK,-127.999,82.4328,-1739.54,OK,-132.908,35.8852,-1768.19,OK,-69.1068,48.0357,-1766.01,,365942581,Port:2,0,1773324643,18826766,Enabled,0.930138,0.0307948,0.0355093,0.364189,-87.476,271.244,-1592.33,0.143945,3,OK,-87.3032,271.313,-1592.35,OK,-129.003,241.296,-1589.59,OK,-130.192,317.576,-1587.08,,365942581,Port:3,0,1773324643,18826766,Missing,,,,,,,,,4,Missing,,,,Missing,,,,Missing,,,,Missing,,,,,365942581,Port:65535,0,1773324643,18826766,Missing,,,,,,,,,3,OK,-40.949,206.198,-2041.5,OK,-43.4844,201.757,-2245.88,OK,-63.8685,219.25,-2295.11,,,,,,,,,,,,,,,,,,,,
4,,365942584,Port:1,0,1773324643,68826766,50000000,Enabled,0.548252,0.51285,-0.646697,0.134862,-78.1956,98.1028,-1735.04,0.14306,4,OK,-78.0533,98.0629,-1735.06,OK,-125.029,80.3766,-1738.81,OK,-128.402,33.2973,-1766.9,OK,-65.2683,48.9303,-1766.9,,365942584,Port:2,0,1773324643,68826766,Enabled,0.930154,0.0307356,0.0349932,0.364203,-87.4731,271.234,-1592.3,0.143009,3,OK,-87.2994,271.301,-1592.31,OK,-129.004,241.291,-1589.6,OK,-130.195,317.559,-1587.07,,365942584,Port:3,0,1773324643,68826766,Missing,,,,,,,,,4,Missing,,,,Missing,,,,Missing,,,,Missing,,,,,365942584,Port:65535,0,1773324643,68826766,Missing,,,,,,,,,3,OK,-40.9277,206.193,-2041.44,OK,-43.4627,201.753,-2245.77,OK,-63.852,219.251,-2294.98,,,,,,,,,,,,,,,,,,,,
4,,365942587,Port:1,0,1773324643,118826766,50000000,Enabled,0.56372,0.514637,-0.630214,0.142124,-75.4474,103.468,-1739.4,0.15894,4,OK,-75.3025,103.403,-1739.42,OK,-121.959,84.5774,-1741.24,OK,-125.091,36.694,-1767.85,OK,-62.3353,53.7454,-1770.3,,365942587,Port:2,0,1773324643,118826766,Enabled,0.930111,0.0306606,0.0358258,0.36424,-87.4737,271.238,-1592.33,0.143823,3,OK,-87.3011,271.306,-1592.35,OK,-128.995,241.284,-1589.55,OK,-130.194,317.565,-1587.08,,365942587,Port:3,0,1773324643,118826766,Missing,,,,,,,,,4,Missing,,,,Missing,,,,Missing,,,,Missing,,,,,365942587,Port:65535,0,1773324643,118826766,Missing,,,,,,,,,3,OK,-40.9532,206.204,-2041.55,OK,-43.4784,201.766,-2245.83,OK,-63.8412,219.24,-2295.13,,,,,,,,,,,,,,,,,,,,
4,,365942590,Port:1,0,1773324643,168826766,50000000,Enabled,0.566025,0.496426,-0.641523,0.147056,-75.3737,110.813,-1746.01,0.153593,4,OK,-75.2252,110.741,-1746.08,OK,-122.359,93.2248,-1748.3,OK,-126.421,44.8196,-1773.79,OK,-63.1833,59.9549,-1775.31,,365942590,Port:2,0,1773324643,168826766,Enabled,0.93012,0.0307848,0.0357372,0.364215,-87.4743,271.242,-1592.31,0.144431,3,OK,-87.3015,271.312,-1592.32,OK,-128.999,241.29,-1589.54,OK,-130.191,317.571,-1587.04,,365942590,Port:3,0,1773324643,168826766,Missing,,,,,,,,,4,Missing,,,,Missing,,,,Missing,,,,Missing,,,,,365942590,Port:65535,0,1773324643,168826766,Missing,,,,,,,,,3,OK,-40.9492,206.189,-2041.5,OK,-43.4726,201.751,-2245.74,OK,-63.8535,219.258,-2295.16,,,,,,,,,,,,,,,,,,,,
4,,365942593,Port:1,0,1773324643,218826766,50000000,Enabled,0.570066,0.476869,-0.650404,0.156826,-76.848,117.516,-1753.33,0.157984,4,OK,-76.6857,117.428,-1753.41,OK,-124.176,100.959,-1755.96,OK,-128.931,51.7778,-1779.79,OK,-65.3518,65.3863,-1780.51,,365942593,Port:2,0,1773324643,218826766,Enabled,0.930118,0.0307002,0.035795,0.364222,-87.4744,271.241,-1592.34,0.143119,3,OK,-87.3035,271.311,-1592.36,OK,-128.997,241.289,-1589.57,OK,-130.191,317.571,-1587.08,,365942593,Port:3,0,1773324643,218826766,Missing,,,,,,,,,4,Missing,,,,Missing,,,,Missing,,,,Missing,,,,,365942593,Port:65535,0,1773324643,218826766,Missing,,,,,,,,,3,OK,-40.9459,206.182,-2041.47,OK,-43.4606,201.741,-2245.79,OK,-63.8425,219.244,-2295.1,,,,,,,,,,,,,,,,,,,,
4,,365942596,Port:1,0,1773324643,268826766,50000000,Enabled,0.581566,0.454265,-0.654927,0.162774,-76.8144,122.27,-1758.18,0.170652,4,OK,-76.6577,122.166,-1758.28,OK,-124.602,107.038,-1760.23,OK,-130.829,57.0863,-1781.99,OK,-66.8655,68.7115,-1783,,365942596,Port:2,0,1773324643,268826766,Enabled,0.930116,0.0308246,0.0358339,0.364211,-87.4722,271.241,-1592.33,0.145147,3,OK,-87.2991,271.312,-1592.34,OK,-128.997,241.289,-1589.55,OK,-130.187,317.569,-1587.05,,365942596,Port:3,0,1773324643,268826766,Missing,,,,,,,,,4,Missing,,,,Missing,,,,Missing,,,,Missing,,,,,365942596,Port:65535,0,1773324643,268826766,Missing,,,,,,,,,3,OK,-40.9373,206.175,-2041.31,OK,-43.4794,201.733,-2245.7,OK,-63.848,219.268,-2295.2,,,,,,,,,,,,,,,,,,,,
4,,365942599,Port:1,0,1773324643,318826766,50000000,Enabled,0.601953,0.423222,-0.656367,0.166486,-74.3284,124.946,-1760.9,0.171922,4,OK,-74.1606,124.829,-1760.98,OK,-122.749,111.745,-1761.61,OK,-131.474,60.9419,-1780.24,OK,-67.0724,69.6597,-1782.63,,365942599,Port:2,0,1773324643,318826766,Enabled,0.930146,0.0308502,0.0353317,0.364182,-87.4778,271.239,-1592.31,0.144396,3,OK,-87.3043,271.308,-1592.32,OK,-129.008,241.292,-1589.58,OK,-130.194,317.57,-1587.05,,365942599,Port:3,0,1773324643,318826766,Missing,,,,,,,,,4,Missing,,,,Missing,,,,Missing,,,,Missing,,,,,365942599,Port:65535,0,1773324643,318826766,Missing,,,,,,,,,3,OK,-40.944,206.203,-2041.53,OK,-43.4713,201.765,-2245.85,OK,-63.8572,219.246,-2295.11,,,,,,,,,,,,,,,,,,,,
4,,365942602,Port:1,0,1773324643,368826766,50000000,Enabled,0.631928,0.403492,-0.640101,0.167728,-71.0176,125.469,-1762.3,0.179574,4,OK,-70.863,125.336,-1762.41,OK,-119.644,113.332,-1759.76,OK,-130.32,61.7516,-1775.09,OK,-65.945,68.9206,-1781.17,,365942602,Port:2,0,1773324643,368826766,Enabled,0.930116,0.0310531,0.035409,0.364233,-87.4679,271.239,-1592.32,0.145935,3,OK,-87.2936,271.312,-1592.33,OK,-128.997,241.288,-1589.59,OK,-130.185,317.557,-1587.03,,365942602,Port:3,0,1773324643,368826766,Missing,,,,,,,,,4,Missing,,,,Missing,,,,Missing,,,,Missing,,,,,365942602,Port:65535,0,1773324643,368826766,Missing,,,,,,,,,3,OK,-40.9296,206.181,-2041.42,OK,-43.4705,201.744,-2245.6,OK,-63.8432,219.239,-2295.04,,,,,,,,,,,,,,,,,,,,
4,,365942605,Port:1,0,1773324643,418826766,50000000,Enabled,0.614665,0.4239,-0.651863,0.132557,-71.8726,120.465,-1754.51,0.173976,4,OK,-71.7143,120.331,-1754.56,OK,-120.787,109.234,-1753.17,OK,-132.506,59.4655,-1772.87,OK,-67.9869,65.7047,-1778.37,,365942605,Port:2,0,1773324643,418826766,Enabled,0.93012,0.030854,0.0357525,0.364206,-87.4725,271.247,-1592.35,0.144465,3,OK,-87.2965,271.313,-1592.36,OK,-128.998,241.3,-1589.58,OK,-130.191,317.574,-1587.07,,365942605,Port:3,0,1773324643,418826766,Missing,,,,,,,,,4,Missing,,,,Missing,,,,Missing,,,,Missing,,,,,365942605,Port:65535,0,1773324643,418826766,Missing,,,,,,,,,3,OK,-40.9352,206.194,-2041.45,OK,-43.4822,201.754,-2245.79,OK,-63.8366,219.269,-2295.21,,,,,,,,,,,,,,,,,,,,
4,,365942608,Port:1,0,1773324643,468826766,50000000,Enabled,0.596742,0.44722,-0.656803,0.111817,-75.6657,116.332,-1748.52,0.161994,4,OK,-75.5105,116.232,-1748.58,OK,-124.544,104.801,-1748.25,OK,-135.852,56.4943,-1771.61,OK,-71.3124,63.41,-1776.27,,365942608,Port:2,0,1773324643,468826766,Enabled,0.93016,0.0307966,0.0350633,0.364177,-87.4758,271.252,-1592.29,0.144172,3,OK,-87.2998,271.317,-1592.31,OK,-129.007,241.309,-1589.59,OK,-130.196,317.584,-1587.05,,365942608,Port:3,0,1773324643,468826766,Missing,,,,,,,,,4,Missing,,,,Missing,,,,Missing,,,,Missing,,,,,365942608,Port:65535,0,1773324643,468826766,Missing,,,,,,,,,3,OK,-40.9304,206.194,-2041.54,OK,-43.4678,201.757,-2245.75,OK,-63.8431,219.24,-2295.07,,,,,,,,,,,,,,,,,,,,
4,,365942611,Port:1,0,1773324643,518826766,50000000,Enabled,0.626853,0.43369,-0.637101,0.11433,-72.2772,120.044,-1749.41,0.174858,4,OK,-72.13,119.919,-1749.52,OK,-121.053,108.783,-1745.71,OK,-133.865,59.4333,-1765.95,OK,-69.67,65.8083,-1774.58,,365942611,Port:2,0,1773324643,518826766,Enabled,0.930145,0.0308251,0.035617,0.364158,-87.4843,271.271,-1592.29,0.147128,3,OK,-87.3063,271.341,-1592.3,OK,-129.017,241.328,-1589.53,OK,-130.197,317.599,-1587.02,,365942611,Port:3,0,1773324643,518826766,Missing,,,,,,,,,4,Missing,,,,Missing,,,,Missing,,,,Missing,,,,,365942611,Port:65535,0,1773324643,518826766,Missing,,,,,,,,,3,OK,-40.9408,206.185,-2041.44,OK,-43.4767,201.745,-2245.78,OK,-63.8418,219.241,-2295.02,,,,,,,,,,,,,,,,,,,,
4,,365942614,Port:1,0,1773324643,568826766,50000000,Enabled,0.621492,0.414657,-0.659777,0.0806343,-64.5678,122.095,-1746.16,0.179387,4,OK,-64.4043,121.965,-1746.19,OK,-114.192,114.927,-1743.33,OK,-130.869,67.4288,-1764.96,OK,-66.2703,68.5646,-1772.95,,365942614,Port:2,0,1773324643,568826766,Enabled,0.930139,0.0307845,0.035545,0.364183,-87.4823,271.29,-1592.28,0.145247,3,OK,-87.3071,271.361,-1592.29,OK,-129.013,241.347,-1589.53,OK,-130.197,317.616,-1587.02,,365942614,Port:3,0,1773324643,568826766,Missing,,,,,,,,,4,Missing,,,,Missing,,,,Missing,,,,Missing,,,,,365942614,Port:65535,0,1773324643,568826766,Missing,,,,,,,,,3,OK,-40.9322,206.203,-2041.51,OK,-43.4641,201.767,-2245.75,OK,-63.8293,219.269,-2295.11,,,,,,,,,,,,,,,,,,,,
4,,365942617,Port:1,0,1773324643,618826766,50000000,Enabled,0.575554,0.410261,-0.705323,0.0542428,-66.4115,120.883,-1740.93,0.17982,4,OK,-66.2511,120.772,-1740.89,OK,-116.447,117.167,-1743.34,OK,-133.924,72.6273,-1770,OK,-68.9882,69.6234,-1771.91,,365942617,Port:2,0,1773324643,618826766,Enabled,0.930112,0.0310357,0.035786,0.364209,-87.4846,271.288,-1592.33,0.144978,3,OK,-87.3102,271.359,-1592.34,OK,-129.011,241.34,-1589.56,OK,-130.199,317.61,-1587.03,,365942617,Port:3,0,1773324643,618826766,Missing,,,,,,,,,4,Missing,,,,Missing,,,,Missing,,,,Missing,,,,,365942617,Port:65535,0,1773324643,618826766,Missing,,,,,,,,,3,OK,-40.9253,206.191,-2041.41,OK,-43.4617,201.751,-2245.68,OK,-63.8382,219.259,-2295.2,,,,,,,,,,,,,,,,,,,,
4,,365942620,Port:1,0,1773324643,668826766,50000000,Enabled,0.543103,0.412554,-0.730457,0.035649,-69.3007,118.731,-1736.03,0.163803,4,OK,-69.1472,118.631,-1736,OK,-119.196,117.014,-1741.53,OK,-136.51,74.7381,-1771.8,OK,-71.7373,69.4364,-1770.09,,365942620,Port:2,0,1773324643,668826766,Enabled,0.930151,0.0310641,0.0352342,0.36416,-87.4826,271.277,-1592.29,0.140172,3,OK,-87.3122,271.343,-1592.3,OK,-129.011,241.339,-1589.58,OK,-130.196,317.604,-1587.01,,365942620,Port:3,0,1773324643,668826766,Missing,,,,,,,,,4,Missing,,,,Missing,,,,Missing,,,,Missing,,,,,365942620,Port:65535,0,1773324643,668826766,Missing,,,,,,,,,3,OK,-40.9086,206.127,-2041.24,OK,-43.4688,201.678,-2245.66,OK,-63.8424,219.261,-2295.23,,,,,,,,,,,,,,,,,,,,
4,,365942623,Port:1,0,1773324643,718826766,50000000,Enabled,0.559173,0.420873,-0.713767,0.0269773,-69.4324,118.198,-1730.81,0.170977,4,OK,-69.277,118.1,-1730.78,OK,-119.518,115.75,-1733.86,OK,-137.659,73.419,-1763.55,OK,-72.7793,69.0948,-1765.09,,365942623,Port:2,0,1773324643,718826766,Enabled,0.930156,0.0309824,0.0350301,0.364173,-87.4823,271.281,-1592.28,0.143322,3,OK,-87.3081,271.348,-1592.29,OK,-129.014,241.339,-1589.59,OK,-130.2,317.608,-1587.02,,365942623,Port:3,0,1773324643,718826766,Missing,,,,,,,,,4,Missing,,,,Missing,,,,Missing,,,,Missing,,,,,365942623,Port:65535,0,1773324643,718826766,Missing,,,,,,,,,3,OK,-40.9389,206.059,-2040.85,OK,-43.4941,201.587,-2245.99,OK,-63.8586,219.239,-2295.12,,,,,,,,,,,,,,,,,,,,
4,,365942626,Port:1,0,1773324643,768826766,50000000,Enabled,0.582246,0.428637,-0.689995,0.0341684,-69.1693,117.483,-1729.15,0.175193,4,OK,-69.0115,117.374,-1729.14,OK,-119.21,113.09,-1729.43,OK,-137.289,69.4472,-1757.17,OK,-72.44,67.5269,-1762.14,,365942626,Port:2,0,1773324643,768826766,Enabled,0.930115,0.031313,0.0359504,0.36416,-87.4861,271.277,-1592.36,0.147245,3,OK,-87.3073,271.348,-1592.37,OK,-129.017,241.335,-1589.58,OK,-130.195,317.598,-1587.02,,365942626,Port:3,0,1773324643,768826766,Missing,,,,,,,,,4,Missing,,,,Missing,,,,Missing,,,,Missing,,,,,365942626,Port:65535,0,1773324643,768826766,Missing,,,,,,,,,3,OK,-40.9251,206.068,-2040.81,OK,-43.4841,201.595,-2246.04,OK,-63.8697,219.274,-2295.31,,,,,,,,,,,,,,,,,,,,
4,,365942629,Port:1,0,1773324643,818826766,50000000,Enabled,0.56294,0.430011,-0.705593,0.018077,-68.7,116.521,-1725.32,0.163297,4,OK,-68.5391,116.425,-1725.34,OK,-118.819,113.634,-1727.24,OK,-137.234,71.6989,-1757.42,OK,-72.3377,68.0539,-1760.43,,365942629,Port:2,0,1773324643,818826766,Enabled,0.930135,0.0308979,0.0355287,0.364187,-87.4845,271.27,-1592.3,0.144979,3,OK,-87.3085,271.337,-1592.32,OK,-129.013,241.324,-1589.56,OK,-130.201,317.598,-1587.03,,365942629,Port:3,0,1773324643,818826766,Missing,,,,,,,,,4,Missing,,,,Missing,,,,Missing,,,,Missing,,,,,365942629,Port:65535,0,1773324643,818826766,Missing,,,,,,,,,3,OK,-40.9233,206.068,-2040.93,OK,-43.4771,201.597,-2246.05,OK,-63.85,219.239,-2295.15,,,,,,,,,,,,,,,,,,,,
4,,365942632,Port:1,0,1773324643,868826766,50000000,Enabled,0.512388,0.414501,-0.751926,-0.0159687,-68.1869,114.448,-1721.64,0.184399,4,OK,-68.0446,114.325,-1721.61,OK,-117.925,116.8,-1728.4,OK,-137.126,79.2124,-1763.26,OK,-72.9327,69.2226,-1760.75,,365942632,Port:2,0,1773324643,868826766,Enabled,0.930126,0.0309709,0.0357061,0.364187,-87.4866,271.275,-1592.32,0.146933,3,OK,-87.3099,271.346,-1592.34,OK,-129.016,241.326,-1589.56,OK,-130.2,317.602,-1587.03,,365942632,Port:3,0,1773324643,868826766,Missing,,,,,,,,,4,Missing,,,,Missing,,,,Missing,,,,Missing,,,,,365942632,Port:65535,0,1773324643,868826766,Missing,,,,,,,,,3,OK,-40.9182,206.072,-2040.81,OK,-43.4838,201.603,-2245.9,OK,-63.8571,219.252,-2295.28,,,,,,,,,,,,,,,,,,,,
4,,365942635,Port:1,0,1773324643,918826766,50000000,Enabled,0.439357,0.400752,-0.802912,-0.0411707,-72.0079,110.182,-1719.6,0.178086,4,OK,-71.8556,110.054,-1719.55,OK,-119.854,117.801,-1732.86,OK,-137,85.0211,-1773.22,OK,-74.9269,68.7537,-1762.83,,365942635,Port:2,0,1773324643,918826766,Enabled,0.930188,0.0308265,0.0347458,0.364133,-87.4813,271.264,-1592.27,0.139699,3,OK,-87.3111,271.329,-1592.28,OK,-129.015,241.33,-1589.6,OK,-130.197,317.595,-1587.04,,365942635,Port:3,0,1773324643,918826766,Missing,,,,,,,,,4,Missing,,,,Missing,,,,Missing,,,,Missing,,,,,365942635,Port:65535,0,1773324643,918826766,Missing,,,,,,,,,3,OK,-40.9143,206.047,-2040.73,OK,-43.4755,201.573,-2245.88,OK,-63.8509,219.257,-2295.37,,,,,,,,,,,,,,,,,,,,
4,,365942638,Port:1,0,1773324643,968826766,50000000,Enabled,0.389399,0.393825,-0.830323,-0.0619165,-75.4174,103.969,-1717.9,0.205724,4,OK,-75.1946,103.829,-1717.8,OK,-121.429,115.15,-1734.65,OK,-136.691,86.013,-1778.5,OK,-76.6782,65.5999,-1763.87,,365942638,Port:2,0,1773324643,968826766,Enabled,0.930177,0.0308421,0.0350778,0.364128,-87.4837,271.264,-1592.28,0.142937,3,OK,-87.3097,271.33,-1592.3,OK,-129.018,241.327,-1589.58,OK,-130.198,317.599,-1587.04,,365942638,Port:3,0,1773324643,968826766,Missing,,,,,,,,,4,Missing,,,,Missing,,,,Missing,,,,Missing,,,,,365942638,Port:65535,0,1773324643,968826766,Missing,,,,,,,,,3,OK,-40.9267,206.055,-2040.79,OK,-43.4848,201.582,-2245.94,OK,-63.8497,219.248,-2295.36,,,,,,,,,,,,,,,,,,,,
4,,365942641,Port:1,0,1773324644,18826768,50000002,Enabled,0.402978,0.402219,-0.819694,-0.0626987,-76.0974,100.63,-1716.03,0.212164,4,OK,-75.8666,100.474,-1715.99,OK,-122.85,110.682,-1731.37,OK,-138.749,81.1489,-1774.72,OK,-77.8518,62.1789,-1761.84,,365942641,Port:2,0,1773324644,18826768,Enabled,0.930164,0.0310356,0.0351762,0.364136,-87.4848,271.266,-1592.3,0.145868,3,OK,-87.308,271.335,-1592.31,OK,-129.021,241.326,-1589.59,OK,-130.197,317.596,-1587.03,,365942641,Port:3,0,1773324644,18826768,Missing,,,,,,,,,4,Missing,,,,Missing,,,,Missing,,,,Missing,,,,,365942641,Port:65535,0,1773324644,18826768,Missing,,,,,,,,,3,OK,-40.926,206.063,-2040.99,OK,-43.4837,201.594,-2246.02,OK,-63.8586,219.267,-2295.33,,,,,,,,,,,,,,,,,,,,
4,,365942644,Port:1,0,1773324644,68826768,50000000,Enabled,0.414937,0.414844,-0.807942,-0.0544251,-78.5578,97.9456,-1715.34,0.169351,4,OK,-78.3353,97.8515,-1715.28,OK,-125.954,106.066,-1729.71,OK,-141.603,75.3515,-1772.55,OK,-79.7848,58.8515,-1760.71,,365942644,Port:2,0,1773324644,68826768,Enabled,0.930124,0.0309135,0.0358269,0.364183,-87.4866,271.271,-1592.32,0.142308,3,OK,-87.318,271.343,-1592.34,OK,-129.011,241.322,-1589.55,OK,-130.196,317.598,-1587.04,,365942644,Port:3,0,1773324644,68826768,Missing,,,,,,,,,4,Missing,,,,Missing,,,,Missing,,,,Missing,,,,,365942644,Port:65535,0,1773324644,68826768,Missing,,,,,,,,,3,OK,-40.9278,206.047,-2040.74,OK,-43.4866,201.574,-2245.86,OK,-63.8499,219.244,-2295.2,,,,,,,,,,,,,,,,,,,,
4,,365942647,Port:1,0,1773324644,118826768,50000000,Enabled,0.40231,0.421618,-0.810614,-0.0573533,-81.4494,95.8985,-1714.74,0.177675,4,OK,-81.2679,95.7859,-1714.66,OK,-128.594,104.09,-1730.02,OK,-143.12,74.2152,-1773.6,OK,-81.5202,57.7353,-1760.98,,365942647,Port:2,0,1773324644,118826768,Enabled,0.930169,0.0309772,0.0348923,0.364156,-87.4811,271.265,-1592.29,0.142967,3,OK,-87.3072,271.332,-1592.3,OK,-129.015,241.326,-1589.61,OK,-130.197,317.594,-1587.04,,365942647,Port:3,0,1773324644,118826768,Missing,,,,,,,,,4,Missing,,,,Missing,,,,Missing,,,,Missing,,,,,365942647,Port:65535,0,1773324644,118826768,Missing,,,,,,,,,3,OK,-40.9332,206.057,-2040.94,OK,-43.4819,201.587,-2246.03,OK,-63.8611,219.232,-2295.15,,,,,,,,,,,,,,,,,,,,
4,,365942650,Port:1,0,1773324644,168826768,50000000,Enabled,0.418747,0.424282,-0.801672,-0.0442403,-83.1452,100.252,-1716.54,0.179507,4,OK,-82.9417,100.144,-1716.47,OK,-130.791,106.813,-1730.98,OK,-145.585,75.2053,-1773.29,OK,-83.2888,60.6432,-1761.51,,365942650,Port:2,0,1773324644,168826768,Enabled,0.930164,0.0307988,0.0351265,0.364161,-87.4851,271.275,-1592.31,0.14362,3,OK,-87.3117,271.342,-1592.33,OK,-129.017,241.331,-1589.6,OK,-130.202,317.609,-1587.07,,365942650,Port:3,0,1773324644,168826768,Missing,,,,,,,,,4,Missing,,,,Missing,,,,Missing,,,,Missing,,,,,365942650,Port:65535,0,1773324644,168826768,Missing,,,,,,,,,3,OK,-40.9207,206.061,-2040.88,OK,-43.4851,201.589,-2246,OK,-63.8622,219.251,-2295.24,,,,,,,,,,,,,,,,,,,,
4,,365942653,Port:1,0,1773324644,218826768,50000000,Enabled,0.450652,0.420555,-0.787295,-0.0145818,-86.3785,111.007,-1720.8,0.168378,4,OK,-86.2278,110.9,-1720.74,OK,-134.734,114.909,-1733.8,OK,-149.884,79.6704,-1772.91,OK,-86.7922,68.0428,-1762.63,,365942653,Port:2,0,1773324644,218826768,Enabled,0.930126,0.0307795,0.0356114,0.364213,-87.4868,271.281,-1592.31,0.142554,3,OK,-87.3161,271.35,-1592.32,OK,-129.011,241.332,-1589.55,OK,-130.203,317.607,-1587.04,,365942653,Port:3,0,1773324644,218826768,Missing,,,,,,,,,4,Missing,,,,Missing,,,,Missing,,,,Missing,,,,,365942653,Port:65535,0,1773324644,218826768,Missing,,,,,,,,,3,OK,-40.9276,206.061,-2040.85,OK,-43.4761,201.587,-2246.04,OK,-63.8708,219.279,-2295.4,,,,,,,,,,,,,,,,,,,,
4,,365942656,Port:1,0,1773324644,268826768,50000000,Enabled,0.455328,0.409033,-0.790704,0.0124532,-93.0175,121.647,-1723.54,0.182544,4,OK,-92.8913,121.541,-1723.43,OK,-141.126,124.622,-1737.63,OK,-155.442,87.1314,-1774.88,OK,-92.5601,76.3671,-1762.89,,365942656,Port:2,0,1773324644,268826768,Enabled,0.930168,0.030702,0.0353545,0.364135,-87.4869,271.278,-1592.3,0.143364,3,OK,-87.315,271.347,-1592.32,OK,-129.018,241.335,-1589.57,OK,-130.199,317.616,-1587.06,,365942656,Port:3,0,1773324644,268826768,Missing,,,,,,,,,4,Missing,,,,Missing,,,,Missing,,,,Missing,,,,,365942656,Port:65535,0,1773324644,268826768,Missing,,,,,,,,,3,OK,-40.9227,206.06,-2040.72,OK,-43.4893,201.584,-2245.97,OK,-63.8511,219.258,-2295.34,,,,,,,,,,,,,,,,,,,,
4,,365942659,Port:1,0,1773324644,318826768,50000000,Enabled,0.460819,0.386323,-0.797542,0.0482322,-100.681,133.103,-1726.26,0.166878,4,OK,-100.559,133.026,-1726.15,OK,-148.345,135.31,-1741.85,OK,-162.02,94.9861,-1776.36,OK,-99.6582,84.7512,-1761.78,,365942659,Port:2,0,1773324644,318826768,Enabled,0.930163,0.0310955,0.0352243,0.364129,-87.4915,271.279,-1592.31,0.141003,3,OK,-87.3217,271.347,-1592.32,OK,-129.023,241.34,-1589.6,OK,-130.2,317.609,-1587.03,,365942659,Port:3,0,1773324644,318826768,Missing,,,,,,,,,4,Missing,,,,Missing,,,,Missing,,,,Missing,,,,,365942659,Port:65535,0,1773324644,318826768,Missing,,,,,,,,,3,OK,-40.9382,206.055,-2040.71,OK,-43.4933,201.58,-2245.97,OK,-63.8634,219.253,-2295.29,,,,,,,,,,,,,,,,,,,,
4,,365942662,Port:1,0,1773324644,368826768,50000000,Enabled,0.473816,0.361871,-0.799995,0.0674928,-104.579,141.153,-1723.88,0.1773,4,OK,-104.485,141.063,-1723.78,OK,-152.204,143.516,-1739.57,OK,-166.896,101.493,-1771.41,OK,-104.814,90.6567,-1756.28,,365942662,Port:2,0,1773324644,368826768,Enabled,0.930135,0.0309384,0.0355064,0.364185,-87.4862,271.28,-1592.32,0.142388,3,OK,-87.3154,271.348,-1592.33,OK,-129.013,241.333,-1589.57,OK,-130.2,317.61,-1587.04,,365942662,Port:3,0,1773324644,368826768,Missing,,,,,,,,,4,Missing,,,,Missing,,,,Missing,,,,Missing,,,,,365942662,Port:65535,0,1773324644,368826768,Missing,,,,,,,,,3,OK,-40.9358,206.064,-2040.87,OK,-43.4901,201.593,-2245.98,OK,-63.8596,219.249,-2295.24,,,,,,,,,,,,,,,,,,,,
4,,365942665,Port:1,0,1773324644,418826768,50000000,Enabled,0.486902,0.343775,-0.799971,0.0692227,-108.579,144.984,-1715.27,0.172472,4,OK,-108.45,144.902,-1715.16,OK,-156.385,148.277,-1730.21,OK,-172.876,105.78,-1760.57,OK,-110.846,93.6116,-1746.14,,365942665,Port:2,0,1773324644,418826768,Enabled,0.930172,0.030987,0.0349888,0.364136,-87.4882,271.276,-1592.3,0.141893,3,OK,-87.316,271.342,-1592.32,OK,-129.021,241.338,-1589.61,OK,-130.202,317.609,-1587.05,,365942665,Port:3,0,1773324644,418826768,Missing,,,,,,,,,4,Missing,,,,Missing,,,,Missing,,,,Missing,,,,,365942665,Port:65535,0,1773324644,418826768,Missing,,,,,,,,,3,OK,-40.93,206.022,-2040.7,OK,-43.5011,201.543,-2245.95,OK,-63.8558,219.241,-2295.28,,,,,,,,,,,,,,,,,,,,
4,,365942668,Port:1,0,1773324644,468826768,50000000,Enabled,0.521257,0.332489,-0.781258,0.0858943,-115.625,147.5,-1706.97,0.189428,4,OK,-115.484,147.39,-1706.87,OK,-164.285,149.603,-1719.2,OK,-182.203,105.221,-1745.72,OK,-119.297,94.2787,-1734.3,,365942668,Port:2,0,1773324644,468826768,Enabled,0.930185,0.0309984,0.0348544,0.364116,-87.4889,271.281,-1592.28,0.142884,3,OK,-87.3137,271.344,-1592.29,OK,-129.024,241.345,-1589.6,OK,-130.204,317.618,-1587.03,,365942668,Port:3,0,1773324644,468826768,Missing,,,,,,,,,4,Missing,,,,Missing,,,,Missing,,,,Missing,,,,,365942668,Port:65535,0,1773324644,468826768,Missing,,,,,,,,,3,OK,-40.9447,206.032,-2040.59,OK,-43.4937,201.551,-2246,OK,-63.8384,219.242,-2295.3,,,,,,,,,,,,,,,,,,,,
4,,365942671,Port:1,0,1773324644,518826768,50000000,Enabled,0.511021,0.388322,-0.762094,0.0852985,-127.648,139.471,-1691.14,0.160226,4,OK,-127.504,139.408,-1691.05,OK,-176.464,137.405,-1702.65,OK,-190.299,93.1185,-1731.79,OK,-126.417,87.9028,-1721.74,,365942671,Port:2,0,1773324644,518826768,Enabled,0.930133,0.0308629,0.035619,0.364187,-87.4906,271.291,-1592.3,0.143726,3,OK,-87.3167,271.359,-1592.31,OK,-129.018,241.347,-1589.54,OK,-130.206,317.617,-1587.02,,365942671,Port:3,0,1773324644,518826768,Missing,,,,,,,,,4,Missing,,,,Missing,,,,Missing,,,,Missing,,,,,365942671,Port:65535,0,1773324644,518826768,Missing,,,,,,,,,3,OK,-40.9296,206.02,-2040.58,OK,-43.4845,201.539,-2245.88,OK,-63.8651,219.237,-2295.2,,,,,,,,,,,,,,,,,,,,
4,,365942674,Port:1,0,1773324644,568826768,50000000,Enabled,0.515762,0.460357,-0.719397,0.067303,-129.806,127.804,-1677.75,0.172643,4,OK,-129.681,127.732,-1677.68,OK,-178.836,120.584,-1685.91,OK,-189.583,77.5276,-1718.01,OK,-124.872,79.5671,-1713.14,,365942674,Port:2,0,1773324644,568826768,Enabled,0.930188,0.0308989,0.0348008,0.36412,-87.4877,271.273,-1592.27,0.13922,3,OK,-87.3188,271.338,-1592.29,OK,-129.021,241.338,-1589.6,OK,-130.201,317.608,-1587.04,,365942674,Port:3,0,1773324644,568826768,Missing,,,,,,,,,4,Missing,,,,Missing,,,,Missing,,,,Missing,,,,,365942674,Port:65535,0,1773324644,568826768,Missing,,,,,,,,,3,OK,-40.9295,206.013,-2040.65,OK,-43.4851,201.532,-2245.91,OK,-63.8565,219.237,-2295.16,,,,,,,,,,,,,,,,,,,,
4,,365942677,Port:1,0,1773324644,618826768,50000000,Enabled,0.549233,0.515544,-0.652708,0.0808096,-124.631,122.509,-1676.65,0.157964,4,OK,-124.49,122.458,-1676.67,OK,-172.652,107.97,-1679.22,OK,-180.369,63.4264,-1710.35,OK,-116.416,75.1691,-1712.63,,365942677,Port:2,0,1773324644,618826768,Enabled,0.930188,0.0309519,0.0347383,0.364124,-87.4808,271.273,-1592.27,0.141384,3,OK,-87.3062,271.336,-1592.28,OK,-129.016,241.343,-1589.6,OK,-130.197,317.603,-1587.03,,365942677,Port:3,0,1773324644,618826768,Missing,,,,,,,,,4,Missing,,,,Missing,,,,Missing,,,,Missing,,,,,365942677,Port:65535,0,1773324644,618826768,Missing,,,,,,,,,3,OK,-40.9303,206.027,-2040.75,OK,-43.4858,201.548,-2246.06,OK,-63.8384,219.245,-2295.2,,,,,,,,,,,,,,,,,,,,
4,,365942680,Port:1,0,1773324644,668826768,50000000,Enabled,0.5654,0.541025,-0.613947,0.103362,-115.069,121.329,-1683.46,0.160999,4,OK,-114.921,121.297,-1683.48,OK,-161.546,102.256,-1683.5,OK,-166.32,56.3424,-1713.26,OK,-103.9,74.0458,-1718.72,,365942680,Port:2,0,1773324644,668826768,Enabled,0.930136,0.0310057,0.0354733,0.36418,-87.4797,271.26,-1592.33,0.144249,3,OK,-87.3068,271.33,-1592.35,OK,-129.009,241.313,-1589.6,OK,-130.193,317.587,-1587.05,,365942680,Port:3,0,1773324644,668826768,Missing,,,,,,,,,4,Missing,,,,Missing,,,,Missing,,,,Missing,,,,,365942680,Port:65535,0,1773324644,668826768,Missing,,,,,,,,,3,OK,-40.9204,206.014,-2040.65,OK,-43.4713,201.534,-2245.91,OK,-63.8401,219.251,-2295.25,,,,,,,,,,,,,,,,,,,,
4,,365942683,Port:1,0,1773324644,718826768,50000000,Enabled,0.566831,0.53922,-0.614493,0.101693,-102.844,121.124,-1690.41,0.165112,4,OK,-102.691,121.066,-1690.45,OK,-149.411,102.258,-1690.32,OK,-154.497,56.3729,-1719.97,OK,-92.0113,73.766,-1725.6,,365942683,Port:2,0,1773324644,718826768,Enabled,0.930159,0.0308456,0.0352048,0.364162,-87.4729,271.248,-1592.32,0.143934,3,OK,-87.2982,271.314,-1592.33,OK,-129.004,241.305,-1589.6,OK,-130.189,317.581,-1587.07,,365942683,Port:3,0,1773324644,718826768,Missing,,,,,,,,,4,Missing,,,,Missing,,,,Missing,,,,Missing,,,,,365942683,Port:65535,0,1773324644,718826768,Missing,,,,,,,,,3,OK,-40.9071,206.019,-2040.49,OK,-43.4754,201.534,-2245.95,OK,-63.8252,219.235,-2295.36,,,,,,,,,,,,,,,,,,,,
4,,365942686,Port:1,0,1773324644,768826768,50000000,Enabled,0.566436,0.54605,-0.607801,0.107505,-96.672,118.893,-1695.73,0.160919,4,OK,-96.5085,118.854,-1695.78,OK,-142.801,98.9938,-1695.52,OK,-146.94,52.9836,-1725.18,OK,-84.8749,71.774,-1730.92,,365942686,Port:2,0,1773324644,768826768,Enabled,0.930168,0.030779,0.034719,0.36419,-87.4699,271.248,-1592.28,0.141174,3,OK,-87.299,271.314,-1592.29,OK,-129.001,241.305,-1589.61,OK,-130.191,317.577,-1587.06,,365942686,Port:3,0,1773324644,768826768,Missing,,,,,,,,,4,Missing,,,,Missing,,,,Missing,,,,Missing,,,,,365942686,Port:65535,0,1773324644,768826768,Missing,,,,,,,,,3,OK,-40.9067,206.012,-2040.65,OK,-43.4771,201.53,-2245.98,OK,-63.8506,219.227,-2295.33,,,,,,,,,,,,,,,,,,,,
4,,365942689,Port:1,0,1773324644,818826768,50000000,Enabled,0.568903,0.562397,-0.587076,0.1241,-96.2596,115.221,-1698.89,0.167592,4,OK,-96.1019,115.193,-1698.96,OK,-141.099,92.5718,-1697.92,OK,-142.775,46.1106,-1727.19,OK,-82.001,68.5759,-1733.82,,365942689,Port:2,0,1773324644,818826768,Enabled,0.930138,0.0305895,0.0353393,0.364225,-87.4725,271.244,-1592.3,0.140794,3,OK,-87.3031,271.312,-1592.32,OK,-128.997,241.297,-1589.57,OK,-130.193,317.57,-1587.08,,365942689,Port:3,0,1773324644,818826768,Missing,,,,,,,,,4,Missing,,,,Missing,,,,Missing,,,,Missing,,,,,365942689,Port:65535,0,1773324644,818826768,Missing,,,,,,,,,3,OK,-40.9123,206.002,-2040.54,OK,-43.4612,201.519,-2245.89,OK,-63.8379,219.238,-2295.27,,,,,,,,,,,,,,,,,,,,
4,,365942692,Port:1,0,1773324644,868826768,50000000,Enabled,0.571989,0.571959,-0.570309,0.142962,-99.3707,112.337,-1699.84,0.164829,4,OK,-99.214,112.322,-1699.93,OK,-142.984,87.4625,-1698.22,OK,-142.409,40.4282,-1726.66,OK,-82.8916,65.8181,-1733.93,,365942692,Port:2,0,1773324644,868826768,Enabled,0.930105,0.0311507,0.0356368,0.364231,-87.4773,271.252,-1592.32,0.145051,3,OK,-87.3033,271.322,-1592.33,OK,-129.002,241.299,-1589.57,OK,-130.194,317.575,-1587.01,,365942692,Port:3,0,1773324644,868826768,Missing,,,,,,,,,4,Missing,,,,Missing,,,,Missing,,,,Missing,,,,,365942692,Port:65535,0,1773324644,868826768,Missing,,,,,,,,,3,OK,-40.901,205.998,-2040.58,OK,-43.4624,201.515,-2245.85,OK,-63.8479,219.219,-2295.28,,,,,,,,,,,,,,,,,,,,
4,,365942695,Port:1,0,1773324644,918826768,50000000,Enabled,0.5742,0.580203,-0.554709,0.161111,-104.196,109.651,-1700.26,0.179112,4,OK,-104.031,109.618,-1700.38,OK,-146.575,82.7568,-1698.07,OK,-143.828,35.3209,-1725.67,OK,-85.5865,63.3758,-1733.5,,365942695,Port:2,0,1773324644,918826768,Enabled,0.930158,0.0310857,0.0352846,0.364135,-87.4806,271.253,-1592.32,0.14154,3,OK,-87.3098,271.322,-1592.33,OK,-129.012,241.316,-1589.6,OK,-130.189,317.579,-1587.04,,365942695,Port:3,0,1773324644,918826768,Missing,,,,,,,,,4,Missing,,,,Missing,,,,Missing,,,,Missing,,,,,365942695,Port:65535,0,1773324644,918826768,Missing,,,,,,,,,3,OK,-40.921,206.017,-2040.62,OK,-43.479,201.537,-2245.91,OK,-63.8451,219.235,-2295.27,,,,,,,,,,,,,,,,,,,,
4,,365942698,Port:1,0,1773324644,968826768,50000000,Enabled,0.580816,0.579213,-0.551222,0.152709,-104.157,108.643,-1698.92,0.17194,4,OK,-104.001,108.605,-1699.03,OK,-146.714,82.1382,-1695.84,OK,-144.966,34.6429,-1723.44,OK,-86.6455,62.188,-1732.52,,365942698,Port:2,0,1773324644,968826768,Enabled,0.930144,0.0309428,0.0354223,0.364171,-87.4824,271.257,-1592.35,0.145767,3,OK,-87.3051,271.324,-1592.36,OK,-129.014,241.313,-1589.61,OK,-130.199,317.587,-1587.07,,365942698,Port:3,0,1773324644,968826768,Missing,,,,,,,,,4,Missing,,,,Missing,,,,Missing,,,,Missing,,,,,365942698,Port:65535,0,1773324644,968826768,Missing,,,,,,,,,3,OK,-40.9235,206.01,-2040.66,OK,-43.4707,201.531,-2245.86,OK,-63.8257,219.227,-2295.13,,,,,,,,,,,,,,,,,,,,
4,,365942701,Port:1,0,1773324645,18826766,49999998,Enabled,0.599997,0.586297,-0.517895,0.167463,-104.311,107.249,-1698.25,0.184178,4,OK,-104.158,107.204,-1698.4,OK,-145.058,78.5204,-1692.16,OK,-141.765,30.0894,-1717.97,OK,-85.5912,60.5206,-1730.76,,365942701,Port:2,0,1773324645,18826766,Enabled,0.930159,0.0306791,0.0351454,0.36418,-87.4802,271.256,-1592.31,0.144039,3,OK,-87.3063,271.323,-1592.32,OK,-129.011,241.31,-1589.59,OK,-130.199,317.59,-1587.08,,365942701,Port:3,0,1773324645,18826766,Missing,,,,,,,,,4,Missing,,,,Missing,,,,Missing,,,,Missing,,,,,365942701,Port:65535,0,1773324645,18826766,Missing,,,,,,,,,3,OK,-40.92,206.022,-2040.7,OK,-43.4732,201.544,-2245.93,OK,-63.8238,219.226,-2295.3,,,,,,,,,,,,,,,,,,,,
4,,365942704,Port:1,0,1773324645,68826766,50000000,Enabled,0.605093,0.59141,-0.498586,0.188437,-105.283,105.153,-1698.09,0.201398,4,OK,-105.131,105.106,-1698.28,OK,-144.454,74.535,-1690.93,OK,-138.818,25.6685,-1715.44,OK,-84.3468,58.558,-1729.37,,365942704,Port:2,0,1773324645,68826766,Enabled,0.930109,0.0308549,0.0356746,0.364241,-87.478,271.262,-1592.35,0.14653,3,OK,-87.3045,271.336,-1592.36,OK,-129.004,241.305,-1589.59,OK,-130.195,317.587,-1587.07,,365942704,Port:3,0,1773324645,68826766,Missing,,,,,,,,,4,Missing,,,,Missing,,,,Missing,,,,Missing,,,,,365942704,Port:65535,0,1773324645,68826766,Missing,,,,,,,,,3,OK,-40.8934,206.028,-2040.7,OK,-43.4589,201.548,-2246.02,OK,-63.8472,219.229,-2295.28,,,,,,,,,,,,,,,,,,,,
4,,365942707,Port:1,0,1773324645,118826766,50000000,Enabled,0.586755,0.594012,-0.507918,0.211868,-108.502,102.447,-1699.4,0.213156,4,OK,-108.34,102.406,-1699.61,OK,-147.167,70.7453,-1694.56,OK,-138.855,22.2066,-1718.96,OK,-84.5981,56.606,-1729.62,,365942707,Port:2,0,1773324645,118826766,Enabled,0.930148,0.0308967,0.0351183,0.364193,-87.4755,271.258,-1592.31,0.141536,3,OK,-87.303,271.323,-1592.32,OK,-129.004,241.316,-1589.6,OK,-130.195,317.585,-1587.05,,365942707,Port:3,0,1773324645,118826766,Missing,,,,,,,,,4,Missing,,,,Missing,,,,Missing,,,,Missing,,,,,365942707,Port:65535,0,1773324645,118826766,Missing,,,,,,,,,3,OK,-40.905,206.009,-2040.57,OK,-43.4627,201.527,-2245.87,OK,-63.8312,219.226,-2295.11,,,,,,,,,,,,,,,,,,,,
4,,365942710,Port:1,0,1773324645,168826766,50000000,Enabled,0.560829,0.592219,-0.532781,0.225592,-112.349,100.147,-1701.61,0.184976,4,OK,-112.184,100.131,-1701.76,OK,-151.367,68.5609,-1700.41,OK,-141.454,20.5605,-1725.35,OK,-86.4768,54.9305,-1731.2,,365942710,Port:2,0,1773324645,168826766,Enabled,0.930146,0.0310594,0.0351094,0.364185,-87.4764,271.257,-1592.3,0.140864,3,OK,-87.3066,271.326,-1592.31,OK,-129.006,241.317,-1589.6,OK,-130.191,317.578,-1587.03,,365942710,Port:3,0,1773324645,168826766,Missing,,,,,,,,,4,Missing,,,,Missing,,,,Missing,,,,Missing,,,,,365942710,Port:65535,0,1773324645,168826766,Missing,,,,,,,,,3,OK,-40.9041,206.009,-2040.56,OK,-43.4687,201.526,-2245.95,OK,-63.833,219.237,-2295.31,,,,,,,,,,,,,,,,,,,,
4,,365942713,Port:1,0,1773324645,218826766,50000000,Enabled,0.536441,0.590158,-0.556206,0.233623,-116.355,98.1738,-1704.39,0.158353,4,OK,-116.193,98.1408,-1704.48,OK,-155.643,66.9847,-1706.6,OK,-144.614,19.6408,-1732.13,OK,-89.099,53.5268,-1733.63,,365942713,Port:2,0,1773324645,218826766,Enabled,0.930154,0.030963,0.0352465,0.364161,-87.478,271.253,-1592.31,0.142321,3,OK,-87.3061,271.321,-1592.32,OK,-129.008,241.312,-1589.59,OK,-130.192,317.582,-1587.04,,365942713,Port:3,0,1773324645,218826766,Missing,,,,,,,,,4,Missing,,,,Missing,,,,Missing,,,,Missing,,,,,365942713,Port:65535,0,1773324645,218826766,Missing,,,,,,,,,3,OK,-40.9142,206.01,-2040.63,OK,-43.4794,201.529,-2245.9,OK,-63.8407,219.227,-2295.27,,,,,,,,,,,,,,,,,,,,
4,,365942716,Port:1,0,1773324645,268826766,50000000,Enabled,0.538768,0.587095,-0.55694,0.234237,-117.231,98.6285,-1706.22,0.175365,4,OK,-117.066,98.5766,-1706.34,OK,-156.671,67.6014,-1708.23,OK,-145.852,20.0713,-1733.48,OK,-90.1697,53.6784,-1735.15,,365942716,Port:2,0,1773324645,268826766,Enabled,0.930139,0.0308295,0.0354586,0.36419,-87.4768,271.258,-1592.32,0.142684,3,OK,-87.3039,271.325,-1592.33,OK,-129.004,241.314,-1589.58,OK,-130.193,317.584,-1587.06,,365942716,Port:3,0,1773324645,268826766,Missing,,,,,,,,,4,Missing,,,,Missing,,,,Missing,,,,Missing,,,,,365942716,Port:65535,0,1773324645,268826766,Missing,,,,,,,,,3,OK,-40.9075,206.016,-2040.68,OK,-43.4703,201.536,-2245.96,OK,-63.8439,219.256,-2295.48,,,,,,,,,,,,,,,,,,,,
4,,365942719,Port:1,0,1773324645,318826766,50000000,Enabled,0.554033,0.580283,-0.549987,0.232019,-116.338,101.618,-1707.81,0.194373,4,OK,-116.177,101.572,-1707.99,OK,-156.062,70.9092,-1708.03,OK,-146.302,22.6354,-1732.37,OK,-90.37,55.6918,-1736.15,,365942719,Port:2,0,1773324645,318826766,Enabled,0.930161,0.0306665,0.0350681,0.364185,-87.4799,271.253,-1592.29,0.14159,3,OK,-87.3105,271.322,-1592.31,OK,-129.009,241.307,-1589.59,OK,-130.197,317.584,-1587.07,,365942719,Port:3,0,1773324645,318826766,Missing,,,,,,,,,4,Missing,,,,Missing,,,,Missing,,,,Missing,,,,,365942719,Port:65535,0,1773324645,318826766,Missing,,,,,,,,,3,OK,-40.8845,206.013,-2040.61,OK,-43.4689,201.532,-2245.96,OK,-63.8393,219.222,-2295.27,,,,,,,,,,,,,,,,,,,,
4,,365942722,Port:1,0,1773324645,368826766,50000000,Enabled,0.555752,0.564489,-0.563163,0.235243,-116.5,105.512,-1711.67,0.19273,4,OK,-116.337,105.452,-1711.83,OK,-157.108,75.9876,-1712.34,OK,-148.243,27.0525,-1735.61,OK,-91.2718,58.3568,-1738.61,,365942722,Port:2,0,1773324645,368826766,Enabled,0.930149,0.0309019,0.0352612,0.364178,-87.4773,271.252,-1592.32,0.143021,3,OK,-87.3049,271.322,-1592.33,OK,-129.008,241.31,-1589.6,OK,-130.192,317.577,-1587.06,,365942722,Port:3,0,1773324645,368826766,Missing,,,,,,,,,4,Missing,,,,Missing,,,,Missing,,,,Missing,,,,,365942722,Port:65535,0,1773324645,368826766,Missing,,,,,,,,,3,OK,-40.9065,206.003,-2040.61,OK,-43.4734,201.52,-2245.96,OK,-63.8335,219.228,-2295.29,,,,,,,,,,,,,,,,,,,,
4,,365942725,Port:1,0,1773324645,418826766,50000000,Enabled,0.552348,0.550503,-0.581834,0.230926,-115.029,109.084,-1714.7,0.164401,4,OK,-114.866,109.011,-1714.8,OK,-156.746,81.2085,-1716.59,OK,-149.228,32.0047,-1739.6,OK,-91.0238,60.9916,-1741.14,,365942725,Port:2,0,1773324645,418826766,Enabled,0.930134,0.0308366,0.035535,0.364194,-87.4747,271.258,-1592.33,0.14176,3,OK,-87.3031,271.324,-1592.35,OK,-129,241.314,-1589.59,OK,-130.191,317.584,-1587.07,,365942725,Port:3,0,1773324645,418826766,Missing,,,,,,,,,4,Missing,,,,Missing,,,,Missing,,,,Missing,,,,,365942725,Port:65535,0,1773324645,418826766,Missing,,,,,,,,,3,OK,-40.8985,206.021,-2040.66,OK,-43.4656,201.541,-2245.98,OK,-63.8194,219.225,-2295.16,,,,,,,,,,,,,,,,,,,,
4,,365942728,Port:1,0,1773324645,468826766,50000000,Enabled,0.556769,0.542956,-0.583397,0.23421,-113.24,111.714,-1717,0.16896,4,OK,-113.079,111.659,-1717.13,OK,-155.192,84.1847,-1718.55,OK,-148.038,34.5334,-1740.81,OK,-89.5769,62.9752,-1742.54,,365942728,Port:2,0,1773324645,468826766,Enabled,0.930111,0.0311611,0.0356854,0.36421,-87.4817,271.259,-1592.34,0.141046,3,OK,-87.3096,271.325,-1592.35,OK,-129.005,241.317,-1589.59,OK,-130.198,317.578,-1587.03,,365942728,Port:3,0,1773324645,468826766,Missing,,,,,,,,,4,Missing,,,,Missing,,,,Missing,,,,Missing,,,,,365942728,Port:65535,0,1773324645,468826766,Missing,,,,,,,,,3,OK,-40.9014,206.023,-2040.67,OK,-43.4761,201.544,-2245.95,OK,-63.827,219.223,-2295.24,,,,,,,,,,,,,,,,,,,,
4,,365942731,Port:1,0,1773324645,518826766,50000000,Enabled,0.564116,0.539889,-0.578616,0.235576,-110.219,113.921,-1717.23,0.209663,4,OK,-110.049,113.849,-1717.42,OK,-152.172,86.3704,-1717.84,OK,-145.315,36.4008,-1739.52,OK,-86.8547,64.8233,-1742.21,,365942731,Port:2,0,1773324645,518826766,Enabled,0.930134,0.03073,0.0354989,0.364206,-87.4766,271.255,-1592.32,0.143038,3,OK,-87.3033,271.322,-1592.34,OK,-129.003,241.31,-1589.58,OK,-130.196,317.583,-1587.07,,365942731,Port:3,0,1773324645,518826766,Missing,,,,,,,,,4,Missing,,,,Missing,,,,Missing,,,,Missing,,,,,365942731,Port:65535,0,1773324645,518826766,Missing,,,,,,,,,3,OK,-40.9154,206.002,-2040.52,OK,-43.4799,201.518,-2245.87,OK,-63.8356,219.217,-2295.2,,,,,,,,,,,,,,,,,,,,
4,,365942734,Port:1,0,1773324645,568826766,50000000,Enabled,0.561429,0.534957,-0.585399,0.236488,-108.78,115.665,-1718.02,0.174641,4,OK,-108.615,115.593,-1718.15,OK,-151.025,88.5795,-1719.27,OK,-144.37,38.5143,-1740.73,OK,-85.5968,66.2844,-1742.7,,365942734,Port:2,0,1773324645,568826766,Enabled,0.930148,0.0307108,0.0353142,0.364191,-87.4742,271.259,-1592.29,0.144688,3,OK,-87.2991,271.327,-1592.31,OK,-129.004,241.314,-1589.57,OK,-130.193,317.588,-1587.05,,365942734,Port:3,0,1773324645,568826766,Missing,,,,,,,,,4,Missing,,,,Missing,,,,Missing,,,,Missing,,,,,365942734,Port:65535,0,1773324645,568826766,Missing,,,,,,,,,3,OK,-40.9172,206.022,-2040.75,OK,-43.4696,201.544,-2245.94,OK,-63.8425,219.231,-2295.17,,,,,,,,,,,,,,,,,,,,
4,,365942737,Port:1,0,1773324645,618826766,50000000,Enabled,0.562596,0.531293,-0.587602,0.236511,-107.906,117.436,-1718.93,0.197005,4,OK,-107.743,117.375,-1719.11,OK,-150.339,90.6462,-1720.13,OK,-143.995,40.439,-1741.45,OK,-84.995,67.7793,-1743.3,,365942737,Port:2,0,1773324645,618826766,Enabled,0.930118,0.0310739,0.0356453,0.364205,-87.4823,271.269,-1592.33,0.144985,3,OK,-87.3075,271.339,-1592.34,OK,-129.01,241.322,-1589.58,OK,-130.197,317.591,-1587.03,,365942737,Port:3,0,1773324645,618826766,Missing,,,,,,,,,4,Missing,,,,Missing,,,,Missing,,,,Missing,,,,,365942737,Port:65535,0,1773324645,618826766,Missing,,,,,,,,,3,OK,-40.9013,206.028,-2040.76,OK,-43.478,201.551,-2245.94,OK,-63.8448,219.229,-2295.29,,,,,,,,,,,,,,,,,,,,
4,,365942740,Port:1,0,1773324645,668826766,50000000,Enabled,0.566465,0.526375,-0.587404,0.238755,-107.262,119.618,-1721.08,0.221724,4,OK,-107.091,119.554,-1721.29,OK,-149.809,93.0147,-1721.91,OK,-143.729,42.5206,-1742.67,OK,-84.6209,69.5672,-1744.8,,365942740,Port:2,0,1773324645,668826766,Enabled,0.930121,0.0308997,0.035683,0.364206,-87.4767,271.26,-1592.3,0.144587,3,OK,-87.3021,271.326,-1592.32,OK,-129.002,241.309,-1589.54,OK,-130.194,317.59,-1587.02,,365942740,Port:3,0,1773324645,668826766,Missing,,,,,,,,,4,Missing,,,,Missing,,,,Missing,,,,Missing,,,,,365942740,Port:65535,0,1773324645,668826766,Missing,,,,,,,,,3,OK,-40.9162,206.017,-2040.79,OK,-43.4792,201.541,-2245.92,OK,-63.8474,219.224,-2295.13,,,,,,,,,,,,,,,,,,,,
4,,365942743,Port:1,0,1773324645,718826766,50000000,Enabled,0.572712,0.517308,-0.588533,0.240878,-106.856,122.987,-1723.84,0.209105,4,OK,-106.685,122.895,-1724.03,OK,-149.714,96.8862,-1724.25,OK,-144.273,45.9726,-1743.97,OK,-84.8418,72.2416,-1746.62,,365942743,Port:2,0,1773324645,718826766,Enabled,0.930153,0.0309655,0.0351812,0.364169,-87.4784,271.268,-1592.3,0.143628,3,OK,-87.3032,271.336,-1592.31,OK,-129.011,241.33,-1589.59,OK,-130.194,317.591,-1587.04,,365942743,Port:3,0,1773324645,718826766,Missing,,,,,,,,,4,Missing,,,,Missing,,,,Missing,,,,Missing,,,,,365942743,Port:65535,0,1773324645,718826766,Missing,,,,,,,,,3,OK,-40.9003,206.019,-2040.7,OK,-43.4719,201.542,-2245.91,OK,-63.8259,219.245,-2295.29,,,,,,,,,,,,,,,,,,,,
4,,365942746,Port:1,0,1773324645,768826766,50000000,Enabled,0.571501,0.50537,-0.598543,0.244405,-107.652,126.083,-1726.19,0.21542,4,OK,-107.475,125.99,-1726.38,OK,-150.997,100.816,-1727.25,OK,-146.141,49.5878,-1746.27,OK,-86.159,74.6488,-1747.87,,365942746,Port:2,0,1773324645,768826766,Enabled,0.930144,0.0311888,0.0352694,0.364163,-87.4855,271.272,-1592.31,0.143114,3,OK,-87.3109,271.338,-1592.33,OK,-129.016,241.331,-1589.6,OK,-130.2,317.598,-1587.02,,365942746,Port:3,0,1773324645,768826766,Missing,,,,,,,,,4,Missing,,,,Missing,,,,Missing,,,,Missing,,,,,365942746,Port:65535,0,1773324645,768826766,Missing,,,,,,,,,3,OK,-40.923,206.023,-2040.65,OK,-43.4805,201.542,-2245.98,OK,-63.8515,219.242,-2295.27,,,,,,,,,,,,,,,,,,,,
4,,365942749,Port:1,0,1773324645,818826766,50000000,Enabled,0.571099,0.499623,-0.602691,0.246954,-108.821,127.102,-1727.47,0.198721,4,OK,-108.647,127.016,-1727.63,OK,-152.358,102.175,-1728.83,OK,-147.7,50.7713,-1747.39,OK,-87.5115,75.3279,-1748.57,,365942749,Port:2,0,1773324645,818826766,Enabled,0.930148,0.0307336,0.0352895,0.364191,-87.4861,271.268,-1592.32,0.144724,3,OK,-87.3126,271.337,-1592.33,OK,-129.016,241.319,-1589.59,OK,-130.204,317.601,-1587.08,,365942749,Port:3,0,1773324645,818826766,Missing,,,,,,,,,4,Missing,,,,Missing,,,,Missing,,,,Missing,,,,,365942749,Port:65535,0,1773324645,818826766,Missing,,,,,,,,,3,OK,-40.923,206.01,-2040.6,OK,-43.4616,201.529,-2245.86,OK,-63.8437,219.225,-2295.17,,,,,,,,,,,,,,,,,,,,
4,,365942752,Port:1,0,1773324645,868826766,50000000,Enabled,0.569102,0.501561,-0.60219,0.248852,-110.505,125.693,-1727.6,0.19699,4,OK,-110.343,125.606,-1727.77,OK,-153.884,100.509,-1729.12,OK,-148.873,49.1739,-1747.76,OK,-88.817,74.0776,-1748.73,,365942752,Port:2,0,1773324645,868826766,Enabled,0.930157,0.0306534,0.0352443,0.36418,-87.4787,271.267,-1592.3,0.14455,3,OK,-87.3041,271.335,-1592.31,OK,-129.009,241.321,-1589.57,OK,-130.197,317.601,-1587.07,,365942752,Port:3,0,1773324645,868826766,Missing,,,,,,,,,4,Missing,,,,Missing,,,,Missing,,,,Missing,,,,,365942752,Port:65535,0,1773324645,868826766,Missing,,,,,,,,,3,OK,-40.8978,206.015,-2040.51,OK,-43.4689,201.533,-2245.89,OK,-63.8383,219.24,-2295.31,,,,,,,,,,,,,,,,,,,,
4,,365942755,Port:1,0,1773324645,918826766,50000000,Enabled,0.569915,0.501294,-0.600209,0.252291,-111.723,124.731,-1727.04,0.221774,4,OK,-111.554,124.642,-1727.24,OK,-154.967,99.308,-1728.37,OK,-149.696,47.885,-1746.76,OK,-89.76,73.1095,-1747.8,,365942755,Port:2,0,1773324645,918826766,Enabled,0.930132,0.0310501,0.0351833,0.364216,-87.4853,271.27,-1592.3,0.142295,3,OK,-87.313,271.338,-1592.31,OK,-129.013,241.326,-1589.59,OK,-130.204,317.589,-1587.02,,365942755,Port:3,0,1773324645,918826766,Missing,,,,,,,,,4,Missing,,,,Missing,,,,Missing,,,,Missing,,,,,365942755,Port:65535,0,1773324645,918826766,Missing,,,,,,,,,3,OK,-40.9088,206.031,-2040.67,OK,-43.4774,201.553,-2245.92,OK,-63.8279,219.217,-2295.15,,,,,,,,,,,,,,,,,,,,
4,,365942758,Port:1,0,1773324645,968826766,50000000,Enabled,0.571666,0.494078,-0.60538,0.250201,-110.342,124.928,-1725.91,0.199166,4,OK,-110.171,124.835,-1726.07,OK,-154,100.241,-1727.4,OK,-149.516,48.6437,-1745.43,OK,-89.1695,72.8394,-1746.34,,365942758,Port:2,0,1773324645,968826766,Enabled,0.930157,0.0309945,0.0353382,0.36414,-87.4848,271.264,-1592.32,0.144057,3,OK,-87.3115,271.334,-1592.33,OK,-129.017,241.322,-1589.59,OK,-130.195,317.595,-1587.04,,365942758,Port:3,0,1773324645,968826766,Missing,,,,,,,,,4,Missing,,,,Missing,,,,Missing,,,,Missing,,,,,365942758,Port:65535,0,1773324645,968826766,Missing,,,,,,,,,3,OK,-40.914,206.02,-2040.59,OK,-43.4822,201.539,-2245.92,OK,-63.8471,219.226,-2295.27,,,,,,,,,,,,,,,,,,,,
4,,365942761,Port:1,0,1773324646,18826768,50000002,Enabled,0.571604,0.48439,-0.616124,0.242955,-106.767,125.296,-1725.05,0.20202,4,OK,-106.6,125.198,-1725.21,OK,-151.146,101.956,-1727.06,OK,-148.05,50.3188,-1745.22,OK,-86.9919,72.6386,-1745.43,,365942761,Port:2,0,1773324646,18826768,Enabled,0.930147,0.0307939,0.0351876,0.364199,-87.479,271.274,-1592.29,0.143289,3,OK,-87.3063,271.341,-1592.3,OK,-129.008,241.326,-1589.58,OK,-130.198,317.604,-1587.05,,365942761,Port:3,0,1773324646,18826768,Missing,,,,,,,,,4,Missing,,,,Missing,,,,Missing,,,,Missing,,,,,365942761,Port:65535,0,1773324646,18826768,Missing,,,,,,,,,3,OK,-40.9086,206.023,-2040.69,OK,-43.4728,201.542,-2246.01,OK,-63.8316,219.222,-2295.22,,,,,,,,,,,,,,,,,,,,
4,,365942764,Port:1,0,1773324646,68826768,50000000,Enabled,0.568884,0.479431,-0.624267,0.238341,-104.366,124.658,-1724.62,0.202782,4,OK,-104.194,124.557,-1724.79,OK,-149.126,102.137,-1727.26,OK,-146.769,50.5572,-1745.73,OK,-85.3317,71.7967,-1745.15,,365942764,Port:2,0,1773324646,68826768,Enabled,0.930137,0.0311247,0.0354285,0.364172,-87.485,271.27,-1592.32,0.144241,3,OK,-87.3111,271.34,-1592.33,OK,-129.016,241.327,-1589.59,OK,-130.197,317.595,-1587.03,,365942764,Port:3,0,1773324646,68826768,Missing,,,,,,,,,4,Missing,,,,Missing,,,,Missing,,,,Missing,,,,,365942764,Port:65535,0,1773324646,68826768,Missing,,,,,,,,,3,OK,-40.9173,206.02,-2040.56,OK,-43.4685,201.536,-2246.01,OK,-63.8451,219.257,-2295.31,,,,,,,,,,,,,,,,,,,,
4,,365942767,Port:1,0,1773324646,118826768,50000000,Enabled,0.57135,0.483494,-0.618831,0.238414,-104.326,123.258,-1723.88,0.191292,4,OK,-104.161,123.153,-1724.02,OK,-148.919,100.33,-1726.03,OK,-146.27,48.7726,-1744.46,OK,-85.0259,70.5524,-1744.62,,365942767,Port:2,0,1773324646,118826768,Enabled,0.930139,0.030968,0.0352106,0.364201,-87.482,271.267,-1592.3,0.141848,3,OK,-87.3103,271.333,-1592.31,OK,-129.009,241.322,-1589.59,OK,-130.2,317.592,-1587.03,,365942767,Port:3,0,1773324646,118826768,Missing,,,,,,,,,4,Missing,,,,Missing,,,,Missing,,,,Missing,,,,,365942767,Port:65535,0,1773324646,118826768,Missing,,,,,,,,,3,OK,-40.9176,206.022,-2040.72,OK,-43.4741,201.542,-2246.03,OK,-63.8456,219.225,-2295.25,,,,,,,,,,,,,,,,,,,,
4,,365942770,Port:1,0,1773324646,168826768,50000000,Enabled,0.566724,0.487884,-0.619532,0.238689,-105.925,121.518,-1722.91,0.173668,4,OK,-105.76,121.439,-1723.03,OK,-150.349,98.3036,-1725.49,OK,-147.223,46.9136,-1744.39,OK,-86.1348,69.1298,-1744.07,,365942770,Port:2,0,1773324646,168826768,Enabled,0.93015,0.0307402,0.0355368,0.36416,-87.4823,271.277,-1592.3,0.142205,3,OK,-87.3112,271.346,-1592.32,OK,-129.011,241.335,-1589.55,OK,-130.195,317.607,-1587.05,,365942770,Port:3,0,1773324646,168826768,Missing,,,,,,,,,4,Missing,,,,Missing,,,,Missing,,,,Missing,,,,,365942770,Port:65535,0,1773324646,168826768,Missing,,,,,,,,,3,OK,-40.9244,206.019,-2040.73,OK,-43.4857,201.544,-2245.8,OK,-63.8584,219.248,-2295.29,,,,,,,,,,,,,,,,,,,,
4,,365942773,Port:1,0,1773324646,218826768,50000000,Enabled,0.564279,0.492151,-0.618824,0.237559,-106.45,119.349,-1721.27,0.188812,4,OK,-106.287,119.281,-1721.43,OK,-150.721,95.8923,-1723.96,OK,-147.34,44.6758,-1743.36,OK,-86.3804,67.2599,-1742.85,,365942773,Port:2,0,1773324646,218826768,Enabled,0.930181,0.0308739,0.0349852,0.364124,-87.4798,271.269,-1592.28,0.142571,3,OK,-87.3075,271.336,-1592.29,OK,-129.015,241.33,-1589.59,OK,-130.192,317.602,-1587.04,,365942773,Port:3,0,1773324646,218826768,Missing,,,,,,,,,4,Missing,,,,Missing,,,,Missing,,,,Missing,,,,,365942773,Port:65535,0,1773324646,218826768,Missing,,,,,,,,,3,OK,-40.9109,206.01,-2040.56,OK,-43.4728,201.53,-2245.84,OK,-63.836,219.236,-2295.22,,,,,,,,,,,,,,,,,,,,
4,,365942776,Port:1,0,1773324646,268826768,50000000,Enabled,0.566859,0.502984,-0.607526,0.237888,-106.316,116.453,-1718.92,0.189641,4,OK,-106.147,116.37,-1719.08,OK,-150.083,91.969,-1720.81,OK,-145.88,40.9141,-1740.46,OK,-85.4678,64.945,-1741.14,,365942776,Port:2,0,1773324646,268826768,Enabled,0.93015,0.0309359,0.0355652,0.364141,-87.488,271.268,-1592.3,0.145373,3,OK,-87.3139,271.339,-1592.32,OK,-129.02,241.324,-1589.55,OK,-130.197,317.6,-1587.02,,365942776,Port:3,0,1773324646,268826768,Missing,,,,,,,,,4,Missing,,,,Missing,,,,Missing,,,,Missing,,,,,365942776,Port:65535,0,1773324646,268826768,Missing,,,,,,,,,3,OK,-40.9092,206.011,-2040.54,OK,-43.4786,201.528,-2245.93,OK,-63.8546,219.241,-2295.3,,,,,,,,,,,,,,,,,,,,
4,,365942779,Port:1,0,1773324646,318826768,50000000,Enabled,0.574146,0.507971,-0.598322,0.233093,-103.713,115.773,-1716.87,0.20669,4,OK,-103.547,115.695,-1717.06,OK,-147.362,91.0115,-1717.56,OK,-143.355,39.9697,-1737.37,OK,-83.1189,64.3914,-1739.61,,365942779,Port:2,0,1773324646,318826768,Enabled,0.93015,0.0310181,0.0351355,0.364176,-87.483,271.275,-1592.29,0.143823,3,OK,-87.3081,271.341,-1592.3,OK,-129.014,241.332,-1589.58,OK,-130.2,317.602,-1587.02,,365942779,Port:3,0,1773324646,318826768,Missing,,,,,,,,,4,Missing,,,,Missing,,,,Missing,,,,Missing,,,,,365942779,Port:65535,0,1773324646,318826768,Missing,,,,,,,,,3,OK,-40.9067,206.022,-2040.53,OK,-43.4833,201.539,-2245.96,OK,-63.8439,219.247,-2295.22,,,,,,,,,,,,,,,,,,,,
4,,365942782,Port:1,0,1773324646,368826768,50000000,Enabled,0.575208,0.498441,-0.607785,0.226472,-100.453,117.997,-1717.4,0.185661,4,OK,-100.285,117.91,-1717.54,OK,-144.803,94.5071,-1718.47,OK,-142.128,43.3959,-1738.18,OK,-81.2009,66.0422,-1740.04,,365942782,Port:2,0,1773324646,368826768,Enabled,0.930107,0.0308129,0.0359526,0.364224,-87.4803,271.27,-1592.32,0.143608,3,OK,-87.3067,271.337,-1592.33,OK,-129.002,241.32,-1589.53,OK,-130.198,317.595,-1587.04,,365942782,Port:3,0,1773324646,368826768,Missing,,,,,,,,,4,Missing,,,,Missing,,,,Missing,,,,Missing,,,,,365942782,Port:65535,0,1773324646,368826768,Missing,,,,,,,,,3,OK,-40.9141,206.008,-2040.59,OK,-43.4685,201.525,-2245.93,OK,-63.8465,219.256,-2295.31,,,,,,,,,,,,,,,,,,,,
4,,365942785,Port:1,0,1773324646,418826768,50000000,Enabled,0.573188,0.49002,-0.616954,0.225176,-100.025,120.088,-1719.33,0.179419,4,OK,-99.8594,119.991,-1719.45,OK,-144.819,97.487,-1721.07,OK,-142.85,46.2955,-1740.6,OK,-81.4615,67.7108,-1741.59,,365942785,Port:2,0,1773324646,418826768,Enabled,0.930121,0.030785,0.0355739,0.364229,-87.4839,271.273,-1592.32,0.145882,3,OK,-87.3061,271.34,-1592.33,OK,-129.01,241.325,-1589.57,OK,-130.206,317.599,-1587.06,,365942785,Port:3,0,1773324646,418826768,Missing,,,,,,,,,4,Missing,,,,Missing,,,,Missing,,,,Missing,,,,,365942785,Port:65535,0,1773324646,418826768,Missing,,,,,,,,,3,OK,-40.9266,206.013,-2040.67,OK,-43.4815,201.532,-2246.01,OK,-63.8407,219.24,-2295.26,,,,,,,,,,,,,,,,,,,,
4,,365942788,Port:1,0,1773324646,468826768,50000000,Enabled,0.572244,0.490179,-0.615508,0.23111,-102.949,120.569,-1721.32,0.185037,4,OK,-102.784,120.477,-1721.46,OK,-147.53,97.5752,-1723.1,OK,-145.004,46.2414,-1742.33,OK,-83.8122,68.2026,-1743.1,,365942788,Port:2,0,1773324646,468826768,Enabled,0.930145,0.0309407,0.0355422,0.364156,-87.4848,271.274,-1592.31,0.147237,3,OK,-87.3074,271.345,-1592.32,OK,-129.018,241.33,-1589.57,OK,-130.197,317.603,-1587.03,,365942788,Port:3,0,1773324646,468826768,Missing,,,,,,,,,4,Missing,,,,Missing,,,,Missing,,,,Missing,,,,,365942788,Port:65535,0,1773324646,468826768,Missing,,,,,,,,,3,OK,-40.901,206.024,-2040.67,OK,-43.4668,201.542,-2246.06,OK,-63.8469,219.261,-2295.36,,,,,,,,,,,,,,,,,,,,
4,,365942791,Port:1,0,1773324646,518826768,50000000,Enabled,0.568172,0.491936,-0.616722,0.234167,-105.24,119.892,-1722.01,0.185444,4,OK,-105.068,119.82,-1722.16,OK,-149.627,96.6032,-1724.24,OK,-146.654,45.3487,-1743.6,OK,-85.6033,67.7197,-1743.76,,365942791,Port:2,0,1773324646,518826768,Enabled,0.93013,0.0310365,0.0355582,0.364184,-87.4809,271.268,-1592.31,0.146611,3,OK,-87.3027,271.337,-1592.32,OK,-129.012,241.325,-1589.56,OK,-130.196,317.59,-1587.02,,365942791,Port:3,0,1773324646,518826768,Missing,,,,,,,,,4,Missing,,,,Missing,,,,Missing,,,,Missing,,,,,365942791,Port:65535,0,1773324646,518826768,Missing,,,,,,,,,3,OK,-40.9163,206.007,-2040.55,OK,-43.4765,201.525,-2245.89,OK,-63.8309,219.226,-2295.26,,,,,,,,,,,,,,,,,,,,
4,,365942794,Port:1,0,1773324646,568826768,50000000,Enabled,0.569065,0.491049,-0.618425,0.229316,-104.132,120.328,-1721.98,0.171472,4,OK,-103.969,120.242,-1722.1,OK,-148.755,97.4523,-1724.2,OK,-146.259,46.2662,-1743.75,OK,-85.0024,68.0816,-1744.09,,365942794,Port:2,0,1773324646,568826768,Enabled,0.930139,0.0309533,0.0354826,0.364175,-87.482,271.275,-1592.33,0.142783,3,OK,-87.3096,271.342,-1592.34,OK,-129.01,241.33,-1589.59,OK,-130.196,317.605,-1587.05,,365942794,Port:3,0,1773324646,568826768,Missing,,,,,,,,,4,Missing,,,,Missing,,,,Missing,,,,Missing,,,,,365942794,Port:65535,0,1773324646,568826768,Missing,,,,,,,,,3,OK,-40.9115,206.019,-2040.63,OK,-43.4663,201.538,-2245.98,OK,-63.8429,219.242,-2295.24,,,,,,,,,,,,,,,,,,,,
4,,365942797,Port:1,0,1773324646,618826768,50000000,Enabled,0.567295,0.485166,-0.624369,0.230117,-103.456,121.205,-1723.58,0.193943,4,OK,-103.281,121.116,-1723.73,OK,-148.29,98.8126,-1726.25,OK,-146.156,47.5569,-1745.68,OK,-84.6706,68.6912,-1745.25,,365942797,Port:2,0,1773324646,618826768,Enabled,0.930139,0.0313382,0.0354259,0.364148,-87.4875,271.272,-1592.32,0.141401,3,OK,-87.315,271.339,-1592.33,OK,-129.017,241.337,-1589.6,OK,-130.197,317.593,-1587,,365942797,Port:3,0,1773324646,618826768,Missing,,,,,,,,,4,Missing,,,,Missing,,,,Missing,,,,Missing,,,,,365942797,Port:65535,0,1773324646,618826768,Missing,,,,,,,,,3,OK,-40.9027,206.016,-2040.54,OK,-43.4637,201.535,-2245.83,OK,-63.8453,219.23,-2295.24,,,,,,,,,,,,,,,,,,,,
4,,365942800,Port:1,0,1773324646,668826768,50000000,Enabled,0.564877,0.4808,-0.630736,0.227855,-102.863,121.847,-1724.25,0.189223,4,OK,-102.689,121.75,-1724.39,OK,-147.958,100.045,-1727.47,OK,-146.295,48.8433,-1746.99,OK,-84.5469,69.1592,-1745.91,,365942800,Port:2,0,1773324646,668826768,Enabled,0.930118,0.0313092,0.0355128,0.364195,-87.4865,271.273,-1592.34,0.145485,3,OK,-87.3128,271.347,-1592.35,OK,-129.017,241.325,-1589.6,OK,-130.197,317.592,-1587.02,,365942800,Port:3,0,1773324646,668826768,Missing,,,,,,,,,4,Missing,,,,Missing,,,,Missing,,,,Missing,,,,,365942800,Port:65535,0,1773324646,668826768,Missing,,,,,,,,,3,OK,-40.9163,206.016,-2040.62,OK,-43.4849,201.533,-2246.01,OK,-63.8311,219.209,-2295.07,,,,,,,,,,,,,,,,,,,,
4,,365942803,Port:1,0,1773324646,718826768,50000000,Enabled,0.564491,0.482235,-0.630134,0.227441,-103.296,121.704,-1724.04,0.174805,4,OK,-103.134,121.609,-1724.16,OK,-148.348,99.826,-1727.27,OK,-146.605,48.6589,-1746.88,OK,-84.8854,69.0948,-1745.86,,365942803,Port:2,0,1773324646,718826768,Enabled,0.930176,0.0310301,0.0349374,0.364128,-87.4819,271.268,-1592.3,0.143133,3,OK,-87.3068,271.335,-1592.31,OK,-129.018,241.335,-1589.61,OK,-130.196,317.597,-1587.04,,365942803,Port:3,0,1773324646,718826768,Missing,,,,,,,,,4,Missing,,,,Missing,,,,Missing,,,,Missing,,,,,365942803,Port:65535,0,1773324646,718826768,Missing,,,,,,,,,3,OK,-40.9039,206.012,-2040.69,OK,-43.4684,201.535,-2245.8,OK,-63.8371,219.24,-2295.36,,,,,,,,,,,,,,,,,,,,
4,,365942806,Port:1,0,1773324646,768826768,50000000,Enabled,0.564021,0.482372,-0.630209,0.228109,-103.915,121.639,-1724.09,0.180616,4,OK,-103.753,121.538,-1724.21,OK,-148.934,99.7006,-1727.37,OK,-147.112,48.556,-1746.96,OK,-85.4309,69.0497,-1745.87,,365942806,Port:2,0,1773324646,768826768,Enabled,0.930138,0.0307833,0.0353559,0.364206,-87.486,271.277,-1592.3,0.141046,3,OK,-87.317,271.345,-1592.32,OK,-129.011,241.329,-1589.57,OK,-130.203,317.604,-1587.05,,365942806,Port:3,0,1773324646,768826768,Missing,,,,,,,,,4,Missing,,,,Missing,,,,Missing,,,,Missing,,,,,365942806,Port:65535,0,1773324646,768826768,Missing,,,,,,,,,3,OK,-40.9059,206.017,-2040.69,OK,-43.4821,201.54,-2245.89,OK,-63.8449,219.247,-2295.22,,,,,,,,,,,,,,,,,,,,
4,,365942809,Port:1,0,1773324646,818826768,50000000,Enabled,0.562167,0.481223,-0.632492,0.228794,-104.232,121.792,-1724.72,0.179447,4,OK,-104.066,121.699,-1724.85,OK,-149.28,99.958,-1728.27,OK,-147.432,48.7996,-1747.92,OK,-85.7262,69.1728,-1746.42,,365942809,Port:2,0,1773324646,818826768,Enabled,0.930159,0.0309785,0.0352018,0.364151,-87.4808,271.26,-1592.27,0.146712,3,OK,-87.3042,271.332,-1592.28,OK,-129.017,241.318,-1589.55,OK,-130.193,317.589,-1587,,365942809,Port:3,0,1773324646,818826768,Missing,,,,,,,,,4,Missing,,,,Missing,,,,Missing,,,,Missing,,,,,365942809,Port:65535,0,1773324646,818826768,Missing,,,,,,,,,3,OK,-40.9073,206.012,-2040.7,OK,-43.4654,201.534,-2245.93,OK,-63.8366,219.235,-2295.18,,,,,,,,,,,,,,,,,,,,
4,,365942812,Port:1,0,1773324646,868826768,50000000,Enabled,0.559143,0.480025,-0.63713,0.225831,-103.625,121.597,-1724.42,0.179811,4,OK,-103.458,121.505,-1724.55,OK,-148.816,100.144,-1728.44,OK,-147.24,49.1255,-1748.45,OK,-85.3965,68.9945,-1746.39,,365942812,Port:2,0,1773324646,868826768,Enabled,0.930137,0.030868,0.0352357,0.364212,-87.4797,271.275,-1592.3,0.142971,3,OK,-87.3064,271.343,-1592.31,OK,-129.008,241.331,-1589.58,OK,-130.2,317.599,-1587.05,,365942812,Port:3,0,1773324646,868826768,Missing,,,,,,,,,4,Missing,,,,Missing,,,,Missing,,,,Missing,,,,,365942812,Port:65535,0,1773324646,868826768,Missing,,,,,,,,,3,OK,-40.8977,206.011,-2040.53,OK,-43.4714,201.528,-2245.88,OK,-63.8287,219.245,-2295.4,,,,,,,,,,,,,,,,,,,,
4,,365942815,Port:1,0,1773324646,918826768,50000000,Enabled,0.560827,0.480144,-0.635448,0.226141,-103.249,121.813,-1724.49,0.175682,4,OK,-103.076,121.719,-1724.59,OK,-148.43,100.287,-1728.31,OK,-146.858,49.2193,-1748.14,OK,-85.0306,69.1824,-1746.4,,365942815,Port:2,0,1773324646,918826768,Enabled,0.93013,0.0311369,0.0353868,0.364194,-87.4821,271.272,-1592.31,0.145109,3,OK,-87.308,271.344,-1592.33,OK,-129.013,241.326,-1589.59,OK,-130.196,317.592,-1587.02,,365942815,Port:3,0,1773324646,918826768,Missing,,,,,,,,,4,Missing,,,,Missing,,,,Missing,,,,Missing,,,,,365942815,Port:65535,0,1773324646,918826768,Missing,,,,,,,,,3,OK,-40.9162,206.009,-2040.56,OK,-43.4714,201.528,-2245.86,OK,-63.8381,219.221,-2295.18,,,,,,,,,,,,,,,,,,,,
4,,365942818,Port:1,0,1773324646,968826768,50000000,Enabled,0.558977,0.477658,-0.638713,0.226791,-103.169,122.339,-1725.36,0.176996,4,OK,-103.004,122.235,-1725.47,OK,-148.416,101.029,-1729.51,OK,-146.934,49.9477,-1749.33,OK,-85.0289,69.6149,-1747.1,,365942818,Port:2,0,1773324646,968826768,Enabled,0.930152,0.0309316,0.0354483,0.364149,-87.4823,271.265,-1592.3,0.142801,3,OK,-87.3105,271.334,-1592.32,OK,-129.012,241.323,-1589.57,OK,-130.193,317.595,-1587.03,,365942818,Port:3,0,1773324646,968826768,Missing,,,,,,,,,4,Missing,,,,Missing,,,,Missing,,,,Missing,,,,,365942818,Port:65535,0,1773324646,968826768,Missing,,,,,,,,,3,OK,-40.9035,206.03,-2040.7,OK,-43.4796,201.551,-2246.03,OK,-63.8365,219.224,-2295.09,,,,,,,,,,,,,,,,,,,,
4,,365942821,Port:1,0,1773324647,18826770,50000002,Enabled,0.559264,0.474523,-0.640955,0.226337,-102.158,123.102,-1725.61,0.183664,4,OK,-101.995,122.983,-1725.72,OK,-147.54,102.081,-1729.87,OK,-146.332,50.9758,-1749.55,OK,-84.3098,70.2129,-1747.19,,365942821,Port:2,0,1773324647,18826770,Enabled,0.93016,0.0308473,0.0353245,0.364147,-87.4797,271.269,-1592.31,0.141364,3,OK,-87.3079,271.332,-1592.33,OK,-129.008,241.327,-1589.59,OK,-130.194,317.605,-1587.06,,365942821,Port:3,0,1773324647,18826770,Missing,,,,,,,,,4,Missing,,,,Missing,,,,Missing,,,,Missing,,,,,365942821,Port:65535,0,1773324647,18826770,Missing,,,,,,,,,3,OK,-40.9141,206.021,-2040.65,OK,-43.4851,201.542,-2245.94,OK,-63.8466,219.239,-2295.3,,,,,,,,,,,,,,,,,,,,
4,,365942824,Port:1,0,1773324647,68826770,50000000,Enabled,0.559319,0.473797,-0.642278,0.223959,-101.189,123.234,-1725.29,0.171634,4,OK,-101.027,123.139,-1725.39,OK,-146.679,102.461,-1729.57,OK,-145.721,51.374,-1749.41,OK,-83.6089,70.2988,-1747.03,,365942824,Port:2,0,1773324647,68826770,Enabled,0.930126,0.0310088,0.0355311,0.3642,-87.4819,271.277,-1592.34,0.144593,3,OK,-87.3086,271.348,-1592.35,OK,-129.01,241.328,-1589.59,OK,-130.197,317.603,-1587.05,,365942824,Port:3,0,1773324647,68826770,Missing,,,,,,,,,4,Missing,,,,Missing,,,,Missing,,,,Missing,,,,,365942824,Port:65535,0,1773324647,68826770,Missing,,,,,,,,,3,OK,-40.8907,206.015,-2040.5,OK,-43.4706,201.532,-2245.88,OK,-63.8435,219.244,-2295.27,,,,,,,,,,,,,,,,,,,,
4,,365942827,Port:1,0,1773324647,118826770,50000000,Enabled,0.559441,0.4753,-0.641156,0.223685,-101.346,122.693,-1725.01,0.172888,4,OK,-101.187,122.587,-1725.12,OK,-146.792,101.809,-1729.22,OK,-145.746,50.752,-1749.13,OK,-83.672,69.8387,-1746.87,,365942827,Port:2,0,1773324647,118826770,Enabled,0.930165,0.0308855,0.0348802,0.364175,-87.4816,271.271,-1592.28,0.140792,3,OK,-87.3114,271.338,-1592.3,OK,-129.012,241.33,-1589.6,OK,-130.199,317.6,-1587.04,,365942827,Port:3,0,1773324647,118826770,Missing,,,,,,,,,4,Missing,,,,Missing,,,,Missing,,,,Missing,,,,,365942827,Port:65535,0,1773324647,118826770,Missing,,,,,,,,,3,OK,-40.9112,206.02,-2040.55,OK,-43.4754,201.537,-2245.93,OK,-63.8366,219.215,-2295.15,,,,,,,,,,,,,,,,,,,,
4,,365942830,Port:1,0,1773324647,168826770,50000000,Enabled,0.558419,0.47665,-0.641275,0.223021,-101.933,122.215,-1724.68,0.17622,4,OK,-101.766,122.107,-1724.77,OK,-147.349,101.273,-1728.99,OK,-146.244,50.2992,-1749.04,OK,-84.1842,69.4719,-1746.71,,365942830,Port:2,0,1773324647,168826770,Enabled,0.930169,0.0308717,0.03511,0.364142,-87.4844,271.27,-1592.3,0.142355,3,OK,-87.3128,271.339,-1592.31,OK,-129.017,241.331,-1589.59,OK,-130.197,317.601,-1587.05,,365942830,Port:3,0,1773324647,168826770,Missing,,,,,,,,,4,Missing,,,,Missing,,,,Missing,,,,Missing,,,,,365942830,Port:65535,0,1773324647,168826770,Missing,,,,,,,,,3,OK,-40.912,206.01,-2040.68,OK,-43.4738,201.533,-2245.84,OK,-63.8489,219.224,-2295.22,,,,,,,,,,,,,,,,,,,,
4,,365942833,Port:1,0,1773324647,218826770,50000000,Enabled,0.558548,0.476652,-0.641022,0.223422,-102.285,122.524,-1725.08,0.166711,4,OK,-102.116,122.441,-1725.18,OK,-147.686,101.565,-1729.34,OK,-146.554,50.5368,-1749.4,OK,-84.5039,69.7615,-1747.07,,365942833,Port:2,0,1773324647,218826770,Enabled,0.930133,0.030989,0.035621,0.364175,-87.4815,271.273,-1592.32,0.14231,3,OK,-87.3093,271.341,-1592.33,OK,-129.008,241.331,-1589.57,OK,-130.194,317.599,-1587.03,,365942833,Port:3,0,1773324647,218826770,Missing,,,,,,,,,4,Missing,,,,Missing,,,,Missing,,,,Missing,,,,,365942833,Port:65535,0,1773324647,218826770,Missing,,,,,,,,,3,OK,-40.9069,206.01,-2040.64,OK,-43.4723,201.528,-2245.96,OK,-63.8444,219.239,-2295.25,,,,,,,,,,,,,,,,,,,,
4,,365942836,Port:1,0,1773324647,268826770,50000000,Enabled,0.559396,0.473698,-0.641554,0.226042,-102.431,123.399,-1726.13,0.171007,4,OK,-102.254,123.302,-1726.2,OK,-147.861,102.48,-1730.44,OK,-146.739,51.3254,-1750.05,OK,-84.6805,70.4599,-1747.7,,365942836,Port:2,0,1773324647,268826770,Enabled,0.930109,0.0310177,0.0356358,0.364232,-87.4856,271.275,-1592.34,0.144911,3,OK,-87.3117,271.347,-1592.35,OK,-129.012,241.325,-1589.59,OK,-130.202,317.594,-1587.05,,365942836,Port:3,0,1773324647,268826770,Missing,,,,,,,,,4,Missing,,,,Missing,,,,Missing,,,,Missing,,,,,365942836,Port:65535,0,1773324647,268826770,Missing,,,,,,,,,3,OK,-40.9178,206.002,-2040.56,OK,-43.4828,201.52,-2245.8,OK,-63.8491,219.223,-2295.17,,,,,,,,,,,,,,,,,,,,
4,,365942839,Port:1,0,1773324647,318826770,50000000,Enabled,0.560706,0.471104,-0.641649,0.227939,-102.224,124.031,-1726.77,0.18843,4,OK,-102.055,123.916,-1726.89,OK,-147.678,103.158,-1730.95,OK,-146.639,51.9054,-1750.31,OK,-84.539,70.9294,-1747.93,,365942839,Port:2,0,1773324647,318826770,Enabled,0.930118,0.0312324,0.0358351,0.364171,-87.4876,271.275,-1592.36,0.144102,3,OK,-87.3152,271.347,-1592.37,OK,-129.015,241.329,-1589.59,OK,-130.195,317.598,-1587.04,,365942839,Port:3,0,1773324647,318826770,Missing,,,,,,,,,4,Missing,,,,Missing,,,,Missing,,,,Missing,,,,,365942839,Port:65535,0,1773324647,318826770,Missing,,,,,,,,,3,OK,-40.9059,206.018,-2040.68,OK,-43.4725,201.54,-2245.92,OK,-63.8385,219.238,-2295.24,,,,,,,,,,,,,,,,,,,,
4,,365942842,Port:1,0,1773324647,368826770,50000000,Enabled,0.561865,0.472888,-0.639297,0.227998,-102.357,123.681,-1726.39,0.166271,4,OK,-102.19,123.589,-1726.48,OK,-147.753,102.643,-1730.37,OK,-146.59,51.349,-1749.68,OK,-84.5573,70.6233,-1747.65,,365942842,Port:2,0,1773324647,368826770,Enabled,0.930152,0.0309075,0.0349741,0.364197,-87.4816,271.272,-1592.26,0.138975,3,OK,-87.3133,271.337,-1592.28,OK,-129.008,241.329,-1589.57,OK,-130.201,317.599,-1587.02,,365942842,Port:3,0,1773324647,368826770,Missing,,,,,,,,,4,Missing,,,,Missing,,,,Missing,,,,Missing,,,,,365942842,Port:65535,0,1773324647,368826770,Missing,,,,,,,,,3,OK,-40.9203,206.018,-2040.61,OK,-43.4786,201.536,-2245.97,OK,-63.8316,219.231,-2295.26,,,,,,,,,,,,,,,,,,,,
4,,365942845,Port:1,0,1773324647,418826770,50000000,Enabled,0.563635,0.477436,-0.634313,0.228073,-102.863,122.313,-1725.11,0.200081,4,OK,-102.711,122.214,-1725.29,OK,-148.072,100.827,-1728.58,OK,-146.613,49.5888,-1748.12,OK,-84.754,69.455,-1746.55,,365942845,Port:2,0,1773324647,418826770,Enabled,0.930108,0.0310296,0.0360075,0.364198,-87.4891,271.277,-1592.35,0.146472,3,OK,-87.3131,271.348,-1592.37,OK,-129.015,241.326,-1589.56,OK,-130.202,317.604,-1587.04,,365942845,Port:3,0,1773324647,418826770,Missing,,,,,,,,,4,Missing,,,,Missing,,,,Missing,,,,Missing,,,,,365942845,Port:65535,0,1773324647,418826770,Missing,,,,,,,,,3,OK,-40.9166,206.011,-2040.55,OK,-43.4702,201.529,-2245.85,OK,-63.8414,219.228,-2295.1,,,,,,,,,,,,,,,,,,,,
4,,365942848,Port:1,0,1773324647,468826770,50000000,Enabled,0.562032,0.480979,-0.633393,0.22714,-103.577,120.984,-1724.28,0.167559,4,OK,-103.409,120.885,-1724.37,OK,-148.693,99.3031,-1727.91,OK,-147.002,48.165,-1747.6,OK,-85.2328,68.3666,-1746.13,,365942848,Port:2,0,1773324647,468826770,Enabled,0.930122,0.0310754,0.0356268,0.364194,-87.4835,271.275,-1592.32,0.144105,3,OK,-87.3082,271.343,-1592.33,OK,-129.011,241.332,-1589.57,OK,-130.199,317.597,-1587.02,,365942848,Port:3,0,1773324647,468826770,Missing,,,,,,,,,4,Missing,,,,Missing,,,,Missing,,,,Missing,,,,,365942848,Port:65535,0,1773324647,468826770,Missing,,,,,,,,,3,OK,-40.9025,206.014,-2040.61,OK,-43.4762,201.532,-2245.95,OK,-63.8393,219.231,-2295.21,,,,,,,,,,,,,,,,,,,,
4,,365942851,Port:1,0,1773324647,518826770,50000000,Enabled,0.560831,0.479481,-0.635999,0.225991,-103.309,121.094,-1724.64,0.18211,4,OK,-103.15,120.984,-1724.77,OK,-148.518,99.641,-1728.46,OK,-147.01,48.5729,-1748.32,OK,-85.1435,68.4274,-1746.51,,365942851,Port:2,0,1773324647,518826770,Enabled,0.930128,0.0310373,0.0355666,0.36419,-87.4841,271.271,-1592.32,0.141575,3,OK,-87.3132,271.338,-1592.34,OK,-129.009,241.326,-1589.58,OK,-130.198,317.597,-1587.03,,365942851,Port:3,0,1773324647,518826770,Missing,,,,,,,,,4,Missing,,,,Missing,,,,Missing,,,,Missing,,,,,365942851,Port:65535,0,1773324647,518826770,Missing,,,,,,,,,3,OK,-40.9292,206.024,-2040.62,OK,-43.4823,201.543,-2245.99,OK,-63.8395,219.239,-2295.23,,,,,,,,,,,,,,,,,,,,
4,,365942854,Port:1,0,1773324647,568826770,50000000,Enabled,0.560148,0.47489,-0.640376,0.225017,-102.497,122.215,-1725.7,0.19536,4,OK,-102.334,122.111,-1725.85,OK,-147.911,101.248,-1729.77,OK,-146.811,50.134,-1749.61,OK,-84.763,69.3229,-1747.35,,365942854,Port:2,0,1773324647,568826770,Enabled,0.930146,0.0310004,0.0352379,0.364177,-87.4799,271.271,-1592.31,0.142714,3,OK,-87.3051,271.336,-1592.32,OK,-129.009,241.331,-1589.6,OK,-130.198,317.6,-1587.04,,365942854,Port:3,0,1773324647,568826770,Missing,,,,,,,,,4,Missing,,,,Missing,,,,Missing,,,,Missing,,,,,365942854,Port:65535,0,1773324647,568826770,Missing,,,,,,,,,3,OK,-40.9273,206.018,-2040.61,OK,-43.487,201.537,-2245.95,OK,-63.8346,219.238,-2295.21,,,,,,,,,,,,,,,,,,,,
4,,365942857,Port:1,0,1773324647,618826770,50000000,Enabled,0.560088,0.471698,-0.642364,0.226208,-102.262,122.978,-1726.59,0.175983,4,OK,-102.107,122.865,-1726.7,OK,-147.749,102.204,-1730.85,OK,-146.783,51.0134,-1750.38,OK,-84.6689,69.9117,-1747.97,,365942857,Port:2,0,1773324647,618826770,Enabled,0.930175,0.0306291,0.0349723,0.364161,-87.4803,271.269,-1592.29,0.142953,3,OK,-87.3076,271.336,-1592.3,OK,-129.013,241.326,-1589.59,OK,-130.198,317.604,-1587.07,,365942857,Port:3,0,1773324647,618826770,Missing,,,,,,,,,4,Missing,,,,Missing,,,,Missing,,,,Missing,,,,,365942857,Port:65535,0,1773324647,618826770,Missing,,,,,,,,,3,OK,-40.9212,206.033,-2040.67,OK,-43.4727,201.555,-2245.94,OK,-63.8298,219.232,-2295.16,,,,,,,,,,,,,,,,,,,,
4,,365942860,Port:1,0,1773324647,668826770,50000000,Enabled,0.559861,0.471751,-0.642534,0.226179,-102.187,123.009,-1726.49,0.170018,4,OK,-102.029,122.903,-1726.58,OK,-147.679,102.236,-1730.81,OK,-146.704,51.0528,-1750.31,OK,-84.5791,69.9469,-1747.91,,365942860,Port:2,0,1773324647,668826770,Enabled,0.930145,0.0307538,0.0354964,0.364175,-87.4813,271.273,-1592.33,0.143052,3,OK,-87.3088,271.339,-1592.34,OK,-129.008,241.326,-1589.58,OK,-130.197,317.607,-1587.07,,365942860,Port:3,0,1773324647,668826770,Missing,,,,,,,,,4,Missing,,,,Missing,,,,Missing,,,,Missing,,,,,365942860,Port:65535,0,1773324647,668826770,Missing,,,,,,,,,3,OK,-40.9163,206.024,-2040.59,OK,-43.4683,201.541,-2246,OK,-63.8398,219.237,-2295.28,,,,,,,,,,,,,,,,,,,,
4,,365942863,Port:1,0,1773324647,718826770,50000000,Enabled,0.560106,0.47365,-0.641196,0.225401,-102.155,122.554,-1725.86,0.170969,4,OK,-101.987,122.459,-1725.94,OK,-147.605,101.664,-1730.06,OK,-146.568,50.5218,-1749.7,OK,-84.4754,69.5949,-1747.45,,365942863,Port:2,0,1773324647,718826770,Enabled,0.930149,0.0310646,0.0352381,0.364165,-87.4837,271.27,-1592.3,0.142538,3,OK,-87.3122,271.34,-1592.31,OK,-129.015,241.329,-1589.59,OK,-130.196,317.594,-1587.02,,365942863,Port:3,0,1773324647,718826770,Missing,,,,,,,,,4,Missing,,,,Missing,,,,Missing,,,,Missing,,,,,365942863,Port:65535,0,1773324647,718826770,Missing,,,,,,,,,3,OK,-40.9118,206.004,-2040.61,OK,-43.4814,201.522,-2245.93,OK,-63.842,219.225,-2295.28,,,,,,,,,,,,,,,,,,,,
4,,365942866,Port:1,0,1773324647,768826770,50000000,Enabled,0.560482,0.473601,-0.641029,0.22504,-101.887,122.663,-1725.88,0.172321,4,OK,-101.723,122.557,-1725.96,OK,-147.357,101.797,-1730.04,OK,-146.355,50.6588,-1749.66,OK,-84.2482,69.6948,-1747.49,,365942866,Port:2,0,1773324647,768826770,Enabled,0.930139,0.0309388,0.0354323,0.364182,-87.4855,271.271,-1592.31,0.141833,3,OK,-87.3159,271.342,-1592.32,OK,-129.013,241.327,-1589.57,OK,-130.198,317.596,-1587.03,,365942866,Port:3,0,1773324647,768826770,Missing,,,,,,,,,4,Missing,,,,Missing,,,,Missing,,,,Missing,,,,,365942866,Port:65535,0,1773324647,768826770,Missing,,,,,,,,,3,OK,-40.9089,206.014,-2040.75,OK,-43.4763,201.536,-2245.94,OK,-63.8457,219.243,-2295.2,,,,,,,,,,,,,,,,,,,,
4,,365942869,Port:1,0,1773324647,818826770,50000000,Enabled,0.561084,0.471073,-0.642731,0.22399,-101.063,123.294,-1726.22,0.16566,4,OK,-100.901,123.187,-1726.29,OK,-146.651,102.719,-1730.43,OK,-145.949,51.5308,-1749.96,OK,-83.7384,70.1881,-1747.75,,365942869,Port:2,0,1773324647,818826770,Enabled,0.930163,0.0307184,0.0351623,0.364166,-87.4818,271.265,-1592.26,0.139872,3,OK,-87.3109,271.328,-1592.27,OK,-129.01,241.326,-1589.55,OK,-130.2,317.596,-1587.03,,365942869,Port:3,0,1773324647,818826770,Missing,,,,,,,,,4,Missing,,,,Missing,,,,Missing,,,,Missing,,,,,365942869,Port:65535,0,1773324647,818826770,Missing,,,,,,,,,3,OK,-40.9192,206.017,-2040.56,OK,-43.4688,201.536,-2245.9,OK,-63.8227,219.231,-2295.23,,,,,,,,,,,,,,,,,,,,
4,,365942872,Port:1,0,1773324647,868826770,50000000,Enabled,0.561223,0.470173,-0.643457,0.223448,-100.472,123.456,-1726.2,0.16934,4,OK,-100.317,123.358,-1726.3,OK,-146.113,102.99,-1730.39,OK,-145.523,51.8126,-1749.98,OK,-83.2619,70.2884,-1747.69,,365942872,Port:2,0,1773324647,868826770,Enabled,0.930132,0.0309655,0.0354754,0.364193,-87.4819,271.271,-1592.31,0.144409,3,OK,-87.3074,271.34,-1592.32,OK,-129.011,241.326,-1589.57,OK,-130.198,317.596,-1587.03,,365942872,Port:3,0,1773324647,868826770,Missing,,,,,,,,,4,Missing,,,,Missing,,,,Missing,,,,Missing,,,,,365942872,Port:65535,0,1773324647,868826770,Missing,,,,,,,,,3,OK,-40.9275,206.018,-2040.59,OK,-43.4781,201.536,-2245.99,OK,-63.8399,219.235,-2295.21,,,,,,,,,,,,,,,,,,,,
4,,365942875,Port:1,0,1773324647,918826770,50000000,Enabled,0.562102,0.471824,-0.64175,0.222667,-100.069,122.737,-1725.39,0.16485,4,OK,-99.9035,122.64,-1725.46,OK,-145.673,102.166,-1729.43,OK,-145.057,50.998,-1749.04,OK,-82.8343,69.6525,-1747.04,,365942875,Port:2,0,1773324647,918826770,Enabled,0.930149,0.0310466,0.0353272,0.364158,-87.4825,271.268,-1592.31,0.142092,3,OK,-87.3105,271.336,-1592.32,OK,-129.012,241.328,-1589.59,OK,-130.195,317.595,-1587.03,,365942875,Port:3,0,1773324647,918826770,Missing,,,,,,,,,4,Missing,,,,Missing,,,,Missing,,,,Missing,,,,,365942875,Port:65535,0,1773324647,918826770,Missing,,,,,,,,,3,OK,-40.9357,206.02,-2040.61,OK,-43.4863,201.537,-2246.01,OK,-63.8469,219.246,-2295.35,,,,,,,,,,,,,,,,,,,,
4,,365942878,Port:1,0,1773324647,968826770,50000000,Enabled,0.561866,0.475749,-0.639142,0.222412,-100.491,121.614,-1724.37,0.17608,4,OK,-100.331,121.52,-1724.49,OK,-145.962,100.716,-1728.23,OK,-145.067,49.6496,-1748.12,OK,-82.9581,68.735,-1746.28,,365942878,Port:2,0,1773324647,968826770,Enabled,0.930156,0.0311377,0.0350881,0.364154,-87.4841,271.272,-1592.31,0.139618,3,OK,-87.3139,271.337,-1592.32,OK,-129.014,241.336,-1589.61,OK,-130.197,317.597,-1587.03,,365942878,Port:3,0,1773324647,968826770,Missing,,,,,,,,,4,Missing,,,,Missing,,,,Missing,,,,Missing,,,,,365942878,Port:65535,0,1773324647,968826770,Missing,,,,,,,,,3,OK,-40.9022,206.015,-2040.54,OK,-43.4693,201.532,-2245.92,OK,-63.8402,219.239,-2295.32,,,,,,,,,,,,,,,,,,,,
4,,365942881,Port:1,0,1773324648,18826770,50000000,Enabled,0.561246,0.478461,-0.638011,0.221404,-100.877,121.069,-1723.62,0.163809,4,OK,-100.718,120.982,-1723.72,OK,-146.284,100.035,-1727.48,OK,-145.242,49.036,-1747.56,OK,-83.2138,68.3438,-1745.83,,365942881,Port:2,0,1773324648,18826770,Enabled,0.930157,0.031028,0.0350326,0.364167,-87.4844,271.275,-1592.29,0.140476,3,OK,-87.3138,271.341,-1592.3,OK,-129.014,241.336,-1589.6,OK,-130.2,317.601,-1587.03,,365942881,Port:3,0,1773324648,18826770,Missing,,,,,,,,,4,Missing,,,,Missing,,,,Missing,,,,Missing,,,,,365942881,Port:65535,0,1773324648,18826770,Missing,,,,,,,,,3,OK,-40.898,206.019,-2040.51,OK,-43.4613,201.538,-2245.84,OK,-63.8509,219.224,-2295.24,,,,,,,,,,,,,,,,,,,,
4,,365942884,Port:1,0,1773324648,68826770,50000000,Enabled,0.560359,0.477674,-0.639768,0.22028,-100.846,121.56,-1723.87,0.177321,4,OK,-100.688,121.467,-1724,OK,-146.318,100.694,-1727.84,OK,-145.412,49.74,-1748.1,OK,-83.3142,68.8249,-1746.12,,365942884,Port:2,0,1773324648,68826770,Enabled,0.930121,0.0308982,0.0357577,0.3642,-87.4845,271.272,-1592.31,0.142832,3,OK,-87.3122,271.34,-1592.33,OK,-129.009,241.325,-1589.54,OK,-130.199,317.598,-1587.03,,365942884,Port:3,0,1773324648,68826770,Missing,,,,,,,,,4,Missing,,,,Missing,,,,Missing,,,,Missing,,,,,365942884,Port:65535,0,1773324648,68826770,Missing,,,,,,,,,3,OK,-40.9067,206.024,-2040.72,OK,-43.4742,201.544,-2246.04,OK,-63.8333,219.229,-2295.19,,,,,,,,,,,,,,,,,,,,
4,,365942887,Port:1,0,1773324648,118826770,50000000,Enabled,0.562537,0.473896,-0.641084,0.219058,-99.7616,122.844,-1724.42,0.181177,4,OK,-99.5948,122.731,-1724.54,OK,-145.413,102.341,-1728.3,OK,-144.952,51.3041,-1748.29,OK,-82.6994,69.8918,-1746.48,,365942887,Port:2,0,1773324648,118826770,Enabled,0.930149,0.0307274,0.0354595,0.364173,-87.4827,271.271,-1592.31,0.140531,3,OK,-87.3113,271.334,-1592.32,OK,-129.008,241.33,-1589.56,OK,-130.2,317.605,-1587.06,,365942887,Port:3,0,1773324648,118826770,Missing,,,,,,,,,4,Missing,,,,Missing,,,,Missing,,,,Missing,,,,,365942887,Port:65535,0,1773324648,118826770,Missing,,,,,,,,,3,OK,-40.931,206.022,-2040.64,OK,-43.4764,201.542,-2245.99,OK,-63.8513,219.23,-2295.23,,,,,,,,,,,,,,,,,,,,
4,,365942890,Port:1,0,1773324648,168826770,50000000,Enabled,0.563975,0.469171,-0.643324,0.218962,-98.5453,124.329,-1725.46,0.173211,4,OK,-98.3779,124.237,-1725.56,OK,-144.359,104.207,-1729.34,OK,-144.314,53.0543,-1749.06,OK,-81.9043,71.0941,-1747.17,,365942890,Port:2,0,1773324648,168826770,Enabled,0.93013,0.0310005,0.0354467,0.364198,-87.481,271.276,-1592.32,0.143702,3,OK,-87.3075,271.345,-1592.34,OK,-129.009,241.33,-1589.59,OK,-130.197,317.601,-1587.04,,365942890,Port:3,0,1773324648,168826770,Missing,,,,,,,,,4,Missing,,,,Missing,,,,Missing,,,,Missing,,,,,365942890,Port:65535,0,1773324648,168826770,Missing,,,,,,,,,3,OK,-40.9196,206.016,-2040.53,OK,-43.4819,201.537,-2245.8,OK,-63.8328,219.22,-2295.12,,,,,,,,,,,,,,,,,,,,
4,,365942893,Port:1,0,1773324648,218826770,50000000,Enabled,0.565443,0.459078,-0.649301,0.218931,-96.8986,126.901,-1727.31,0.167893,4,OK,-96.7333,126.808,-1727.41,OK,-143.052,107.624,-1731.44,OK,-143.82,56.2803,-1750.62,OK,-81.0906,73.1361,-1748.35,,365942893,Port:2,0,1773324648,218826770,Enabled,0.93015,0.0310364,0.0352095,0.364169,-87.4806,271.264,-1592.29,0.137666,3,OK,-87.3131,271.328,-1592.3,OK,-129.006,241.326,-1589.58,OK,-130.195,317.589,-1587.02,,365942893,Port:3,0,1773324648,218826770,Missing,,,,,,,,,4,Missing,,,,Missing,,,,Missing,,,,Missing,,,,,365942893,Port:65535,0,1773324648,218826770,Missing,,,,,,,,,3,OK,-40.9115,206.015,-2040.69,OK,-43.4715,201.534,-2245.98,OK,-63.8407,219.234,-2295.3,,,,,,,,,,,,,,,,,,,,
4,,365942896,Port:1,0,1773324648,268826770,50000000,Enabled,0.567385,0.466342,-0.641464,0.221639,-98.3224,125.581,-1726.11,0.170334,4,OK,-98.1595,125.485,-1726.2,OK,-144.161,105.435,-1729.67,OK,-144.182,54.0859,-1748.81,OK,-81.7464,72.1062,-1747.32,,365942896,Port:2,0,1773324648,268826770,Enabled,0.930144,0.0309049,0.0351757,0.364197,-87.4833,271.274,-1592.28,0.142687,3,OK,-87.3111,271.343,-1592.3,OK,-129.013,241.331,-1589.57,OK,-130.201,317.598,-1587.03,,365942896,Port:3,0,1773324648,268826770,Missing,,,,,,,,,4,Missing,,,,Missing,,,,Missing,,,,Missing,,,,,365942896,Port:65535,0,1773324648,268826770,Missing,,,,,,,,,3,OK,-40.9189,206.016,-2040.57,OK,-43.481,201.535,-2245.86,OK,-63.8412,219.243,-2295.25,,,,,,,,,,,,,,,,,,,,
4,,365942899,Port:1,0,1773324648,318826770,50000000,Enabled,0.570458,0.504907,-0.612365,0.21132,-100.938,115.132,-1715.97,0.189926,4,OK,-100.774,115.054,-1716.13,OK,-145.585,92.2312,-1717.46,OK,-143.648,41.744,-1738.88,OK,-82.4621,63.709,-1740.42,,365942899,Port:2,0,1773324648,318826770,Enabled,0.930161,0.0309205,0.0350672,0.364164,-87.4809,271.277,-1592.3,0.145465,3,OK,-87.3064,271.348,-1592.31,OK,-129.016,241.332,-1589.6,OK,-130.195,317.606,-1587.05,,365942899,Port:3,0,1773324648,318826770,Missing,,,,,,,,,4,Missing,,,,Missing,,,,Missing,,,,Missing,,,,,365942899,Port:65535,0,1773324648,318826770,Missing,,,,,,,,,3,OK,-40.917,206.025,-2040.71,OK,-43.4787,201.545,-2245.98,OK,-63.8361,219.221,-2295.22,,,,,,,,,,,,,,,,,,,,
4,,365942902,Port:1,0,1773324648,368826770,50000000,Enabled,0.565223,0.516411,-0.617288,0.181102,-96.0748,108.357,-1707.43,0.158091,4,OK,-95.9359,108.246,-1707.5,OK,-141.312,86.6532,-1709.25,OK,-141.003,37.3801,-1733.39,OK,-79.3592,58.0174,-1735.31,,365942902,Port:2,0,1773324648,368826770,Enabled,0.930121,0.0309249,0.0357696,0.364196,-87.4846,271.272,-1592.32,0.142774,3,OK,-87.3116,271.338,-1592.34,OK,-129.009,241.326,-1589.55,OK,-130.2,317.599,-1587.04,,365942902,Port:3,0,1773324648,368826770,Missing,,,,,,,,,4,Missing,,,,Missing,,,,Missing,,,,Missing,,,,,365942902,Port:65535,0,1773324648,368826770,Missing,,,,,,,,,3,OK,-40.9258,206.035,-2040.81,OK,-43.4862,201.558,-2246.06,OK,-63.8331,219.216,-2295.07,,,,,,,,,,,,,,,,,,,,
4,,365942905,Port:1,0,1773324648,418826770,50000000,Enabled,0.55602,0.463675,-0.670143,0.163571,-85.0049,117.856,-1713.07,0.154675,4,OK,-84.8673,117.754,-1713.15,OK,-132.511,102.417,-1718.05,OK,-137.192,53.2713,-1741.93,OK,-73.4,65.3216,-1739.42,,365942905,Port:2,0,1773324648,418826770,Enabled,0.930136,0.0311151,0.0353518,0.364182,-87.4818,271.273,-1592.31,0.142637,3,OK,-87.3098,271.344,-1592.32,OK,-129.012,241.333,-1589.59,OK,-130.194,317.592,-1587.02,,365942905,Port:3,0,1773324648,418826770,Missing,,,,,,,,,4,Missing,,,,Missing,,,,Missing,,,,Missing,,,,,365942905,Port:65535,0,1773324648,418826770,Missing,,,,,,,,,3,OK,-40.9098,206.019,-2040.61,OK,-43.4688,201.538,-2245.91,OK,-63.8378,219.227,-2295.29,,,,,,,,,,,,,,,,,,,,
4,,365942908,Port:1,0,1773324648,468826770,50000000,Enabled,0.551469,0.420165,-0.699194,0.174558,-79.1147,129.889,-1724.93,0.160506,4,OK,-78.9664,129.786,-1724.98,OK,-127.219,117.53,-1732.26,OK,-134.026,67.7241,-1754,OK,-69.8083,75.3962,-1747.98,,365942908,Port:2,0,1773324648,468826770,Enabled,0.930121,0.0309225,0.0356653,0.364207,-87.4793,271.267,-1592.32,0.144232,3,OK,-87.3069,271.34,-1592.33,OK,-129.006,241.32,-1589.56,OK,-130.193,317.589,-1587.04,,365942908,Port:3,0,1773324648,468826770,Missing,,,,,,,,,4,Missing,,,,Missing,,,,Missing,,,,Missing,,,,,365942908,Port:65535,0,1773324648,468826770,Missing,,,,,,,,,3,OK,-40.9186,206.02,-2040.75,OK,-43.4749,201.542,-2245.95,OK,-63.8323,219.233,-2295.23,,,,,,,,,,,,,,,,,,,,
4,,365942911,Port:1,0,1773324648,518826770,50000000,Enabled,0.559741,0.443295,-0.674404,0.188042,-85.7657,129.292,-1725.47,0.155621,4,OK,-85.604,129.21,-1725.52,OK,-133.183,113.762,-1730.99,OK,-137.512,63.3836,-1752.08,OK,-73.7415,75.2942,-1748.43,,365942911,Port:2,0,1773324648,518826770,Enabled,0.930128,0.0309901,0.0356217,0.364187,-87.4829,271.271,-1592.33,0.14342,3,OK,-87.3093,271.34,-1592.34,OK,-129.011,241.328,-1589.58,OK,-130.197,317.593,-1587.04,,365942911,Port:3,0,1773324648,518826770,Missing,,,,,,,,,4,Missing,,,,Missing,,,,Missing,,,,Missing,,,,,365942911,Port:65535,0,1773324648,518826770,Missing,,,,,,,,,4,OK,-40.9248,206.012,-2040.55,OK,-43.4779,201.531,-2245.83,OK,-63.8389,219.222,-2295.33,OK,-149.187,97.0902,-1939.65,,,,,,,,,,,,,,,,
4,,365942914,Port:1,0,1773324648,568826770,50000000,Enabled,0.566992,0.480293,-0.642857,0.185941,-92.8824,121.308,-1717.53,0.175975,4,OK,-92.7215,121.22,-1717.65,OK,-139.331,102.485,-1720.55,OK,-141.308,52.4263,-1742.88,OK,-78.4105,68.9021,-1742.62,,365942914,Port:2,0,1773324648,568826770,Enabled,0.93016,0.0306095,0.035359,0.364162,-87.4844,271.271,-1592.29,0.141164,3,OK,-87.3153,271.338,-1592.3,OK,-129.012,241.327,-1589.55,OK,-130.199,317.606,-1587.06,,365942914,Port:3,0,1773324648,568826770,Missing,,,,,,,,,4,Missing,,,,Missing,,,,Missing,,,,Missing,,,,,365942914,Port:65535,0,1773324648,568826770,Missing,,,,,,,,,3,OK,-40.918,206.025,-2040.61,OK,-43.4712,201.545,-2245.93,OK,-63.8369,219.245,-2295.34,,,,,,,,,,,,,,,,,,,,
4,,365942917,Port:1,0,1773324648,618826770,50000000,Enabled,0.548645,0.462002,-0.675352,0.171589,-89.459,121.948,-1717.09,0.150441,4,OK,-89.3297,121.826,-1717.16,OK,-136.749,106.289,-1723.15,OK,-140.686,57.018,-1746.9,OK,-77.0113,69.379,-1742.95,,365942917,Port:2,0,1773324648,618826770,Enabled,0.930158,0.0310247,0.0352236,0.364146,-87.4856,271.279,-1592.32,0.143502,3,OK,-87.3128,271.348,-1592.33,OK,-129.019,241.338,-1589.61,OK,-130.197,317.608,-1587.05,,365942917,Port:3,0,1773324648,618826770,Missing,,,,,,,,,4,Missing,,,,Missing,,,,Missing,,,,Missing,,,,,365942917,Port:65535,0,1773324648,618826770,Missing,,,,,,,,,5,OK,-40.9126,206.034,-2040.65,OK,-43.493,201.555,-2246.01,OK,-63.8435,219.211,-2295.07,OK,-152.606,88.9635,-1927.83,OK,-127.354,76.0027,-1577.47,,,,,,,,,,,,
4,,365942920,Port:1,0,1773324648,668826770,50000000,Enabled,0.548406,0.401734,-0.715482,0.161079,-75.0969,134.506,-1726.55,0.161744,4,OK,-74.9588,134.388,-1726.6,OK,-123.646,124.77,-1734.81,OK,-132.709,75.5439,-1757.01,OK,-68.3108,79.7487,-1749.84,,365942920,Port:2,0,1773324648,668826770,Enabled,0.9301,0.0312412,0.035764,0.364223,-87.484,271.276,-1592.36,0.14671,3,OK,-87.3067,271.346,-1592.37,OK,-129.011,241.326,-1589.6,OK,-130.2,317.595,-1587.04,,365942920,Port:3,0,1773324648,668826770,Missing,,,,,,,,,4,Missing,,,,Missing,,,,Missing,,,,Missing,,,,,365942920,Port:65535,0,1773324648,668826770,Missing,,,,,,,,,3,OK,-40.918,206.014,-2040.65,OK,-43.4775,201.533,-2245.95,OK,-63.8407,219.22,-2295.31,,,,,,,,,,,,,,,,,,,,
4,,365942923,Port:1,0,1773324648,718826770,50000000,Enabled,0.554409,0.376986,-0.724763,0.158841,-67.7631,141.889,-1733.56,0.15803,4,OK,-67.603,141.789,-1733.61,OK,-116.651,134.235,-1741.95,OK,-127.912,84.9138,-1763.01,OK,-63.4149,86.2945,-1755.36,,365942923,Port:2,0,1773324648,718826770,Enabled,0.930148,0.0308491,0.0353785,0.364173,-87.4819,271.264,-1592.3,0.144888,3,OK,-87.3077,271.334,-1592.32,OK,-129.013,241.319,-1589.57,OK,-130.196,317.594,-1587.04,,365942923,Port:3,0,1773324648,718826770,Missing,,,,,,,,,4,Missing,,,,Missing,,,,Missing,,,,Missing,,,,,365942923,Port:65535,0,1773324648,718826770,Missing,,,,,,,,,3,OK,-40.9066,206.007,-2040.64,OK,-43.4676,201.524,-2246,OK,-63.7057,219.233,-2295.09,,,,,,,,,,,,,,,,,,,,
4,,365942926,Port:1,0,1773324648,768826770,50000000,Enabled,0.57211,0.412443,-0.69046,0.160764,-74.2182,137.365,-1728.62,0.168583,4,OK,-74.0511,137.254,-1728.69,OK,-122.91,126.191,-1733.54,OK,-132.062,76.3726,-1754.45,OK,-67.4115,82.4754,-1751.51,,365942926,Port:2,0,1773324648,768826770,Enabled,0.930152,0.0308448,0.0353578,0.364165,-87.485,271.272,-1592.32,0.143178,3,OK,-87.3132,271.341,-1592.33,OK,-129.015,241.327,-1589.59,OK,-130.199,317.605,-1587.06,,365942926,Port:3,0,1773324648,768826770,Missing,,,,,,,,,4,Missing,,,,Missing,,,,Missing,,,,Missing,,,,,365942926,Port:65535,0,1773324648,768826770,Missing,,,,,,,,,3,OK,-40.923,206.018,-2040.54,OK,-43.4785,201.535,-2245.96,OK,-63.8438,219.239,-2295.27,,,,,,,,,,,,,,,,,,,,
4,,365942929,Port:1,0,1773324648,818826770,50000000,Enabled,0.569717,0.460166,-0.661758,0.160453,-83.8125,125.966,-1718.56,0.165116,4,OK,-83.6541,125.857,-1718.65,OK,-131.5,110.671,-1721.92,OK,-137.161,61.2073,-1744.9,OK,-73.2388,73.0222,-1744.42,,365942929,Port:2,0,1773324648,818826770,Enabled,0.93011,0.0311283,0.0358472,0.364199,-87.4871,271.275,-1592.35,0.146275,3,OK,-87.3117,271.346,-1592.36,OK,-129.014,241.324,-1589.57,OK,-130.2,317.601,-1587.03,,365942929,Port:3,0,1773324648,818826770,Missing,,,,,,,,,4,Missing,,,,Missing,,,,Missing,,,,Missing,,,,,365942929,Port:65535,0,1773324648,818826770,Missing,,,,,,,,,3,OK,-40.925,206.011,-2040.63,OK,-43.4703,201.532,-2245.86,OK,-63.8473,219.229,-2295.27,,,,,,,,,,,,,,,,,,,,
4,,365942932,Port:1,0,1773324648,868826770,50000000,Enabled,0.549538,0.446734,-0.690593,0.146691,-81.3388,124.043,-1716.59,0.158865,4,OK,-81.2004,123.92,-1716.6,OK,-129.531,111.493,-1722.91,OK,-136.567,63.0704,-1747.57,OK,-72.2332,71.3698,-1743.64,,365942932,Port:2,0,1773324648,868826770,Enabled,0.930139,0.0309787,0.0354496,0.364178,-87.4853,271.28,-1592.33,0.145824,3,OK,-87.3091,271.349,-1592.34,OK,-129.016,241.334,-1589.59,OK,-130.201,317.609,-1587.05,,365942932,Port:3,0,1773324648,868826770,Missing,,,,,,,,,4,Missing,,,,Missing,,,,Missing,,,,Missing,,,,,365942932,Port:65535,0,1773324648,868826770,Missing,,,,,,,,,3,OK,-40.9173,206.012,-2040.59,OK,-43.4851,201.53,-2245.91,OK,-63.8553,219.241,-2295.24,,,,,,,,,,,,,,,,,,,,
4,,365942935,Port:1,0,1773324648,918826770,50000000,Enabled,0.547687,0.390593,-0.726607,0.139708,-67.8769,134.231,-1724.6,0.151922,4,OK,-67.7259,134.137,-1724.61,OK,-116.837,127.045,-1733.05,OK,-128.259,78.7773,-1756.33,OK,-63.736,79.7336,-1749.15,,365942935,Port:2,0,1773324648,918826770,Enabled,0.930131,0.0308586,0.0355566,0.364197,-87.4806,271.274,-1592.32,0.140972,3,OK,-87.3111,271.342,-1592.33,OK,-129.005,241.328,-1589.57,OK,-130.196,317.601,-1587.05,,365942935,Port:3,0,1773324648,918826770,Missing,,,,,,,,,4,Missing,,,,Missing,,,,Missing,,,,Missing,,,,,365942935,Port:65535,0,1773324648,918826770,Missing,,,,,,,,,3,OK,-40.9021,206.021,-2040.7,OK,-43.4699,201.543,-2245.94,OK,-63.7704,219.226,-2295.11,,,,,,,,,,,,,,,,,,,,
4,,365942938,Port:1,0,1773324648,968826770,50000000,Enabled,0.554324,0.374354,-0.72939,0.143437,-62.2921,140.188,-1731.09,0.151062,4,OK,-62.1537,140.081,-1731.13,OK,-111.398,133.915,-1739.36,OK,-123.957,85.3291,-1761.36,OK,-59.4082,84.9582,-1754.09,,365942938,Port:2,0,1773324648,968826770,Enabled,0.930166,0.0307541,0.0348987,0.36418,-87.4784,271.257,-1592.25,0.139153,3,OK,-87.3097,271.322,-1592.27,OK,-129.007,241.317,-1589.57,OK,-130.197,317.586,-1587.03,,365942938,Port:3,0,1773324648,968826770,Missing,,,,,,,,,4,Missing,,,,Missing,,,,Missing,,,,Missing,,,,,365942938,Port:65535,0,1773324648,968826770,Missing,,,,,,,,,3,OK,-40.9196,206.008,-2040.58,OK,-43.4742,201.526,-2245.92,OK,-63.3236,219.216,-2294.76,,,,,,,,,,,,,,,,,,,,
4,,365942941,Port:1,0,1773324649,18826766,49999996,Enabled,0.570283,0.418524,-0.691631,0.145811,-70.5257,134.513,-1725.26,0.167376,4,OK,-70.3646,134.413,-1725.25,OK,-119.379,123.942,-1730.07,OK,-129.175,74.8284,-1752.19,OK,-64.4641,80.2393,-1749.89,,365942941,Port:2,0,1773324649,18826766,Enabled,0.930162,0.0306421,0.0353411,0.364159,-87.4833,271.271,-1592.3,0.144956,3,OK,-87.3083,271.341,-1592.31,OK,-129.016,241.331,-1589.56,OK,-130.198,317.6,-1587.06,,365942941,Port:3,0,1773324649,18826766,Missing,,,,,,,,,4,Missing,,,,Missing,,,,Missing,,,,Missing,,,,,365942941,Port:65535,0,1773324649,18826766,Missing,,,,,,,,,3,OK,-40.9253,206.018,-2040.71,OK,-43.4821,201.539,-2245.96,OK,-63.8422,219.232,-2295.19,,,,,,,,,,,,,,,,,,,,
4,,365942944,Port:1,0,1773324649,68826766,50000000,Enabled,0.57127,0.470712,-0.657429,0.140955,-79.7775,122.288,-1713.97,0.165654,4,OK,-79.6164,122.197,-1714.06,OK,-127.645,107.333,-1716.49,OK,-134.197,58.7189,-1741.03,OK,-70.1902,70.2183,-1741.96,,365942944,Port:2,0,1773324649,68826766,Enabled,0.930145,0.0312754,0.035098,0.364171,-87.4829,271.274,-1592.29,0.142268,3,OK,-87.3123,271.345,-1592.3,OK,-129.015,241.332,-1589.59,OK,-130.194,317.595,-1586.99,,365942944,Port:3,0,1773324649,68826766,Missing,,,,,,,,,4,Missing,,,,Missing,,,,Missing,,,,Missing,,,,,365942944,Port:65535,0,1773324649,68826766,Missing,,,,,,,,,3,OK,-40.9193,206.024,-2040.71,OK,-43.4991,201.545,-2246,OK,-63.8493,219.246,-2295.26,,,,,,,,,,,,,,,,,,,,
4,,365942947,Port:1,0,1773324649,118826766,50000000,Enabled,0.552624,0.464803,-0.681061,0.121332,-76.884,119.015,-1710.6,0.155934,4,OK,-76.7583,118.884,-1710.65,OK,-125.272,106.539,-1715.43,OK,-133.16,59.3247,-1742.2,OK,-68.7294,67.7744,-1740.56,,365942947,Port:2,0,1773324649,118826766,Enabled,0.930139,0.0309858,0.0353226,0.36419,-87.4809,271.266,-1592.29,0.142635,3,OK,-87.3092,271.336,-1592.3,OK,-129.009,241.322,-1589.57,OK,-130.196,317.591,-1587.02,,365942947,Port:3,0,1773324649,118826766,Missing,,,,,,,,,4,Missing,,,,Missing,,,,Missing,,,,Missing,,,,,365942947,Port:65535,0,1773324649,118826766,Missing,,,,,,,,,3,OK,-40.903,206.01,-2040.51,OK,-43.4774,201.527,-2245.88,OK,-63.8346,219.229,-2295.25,,,,,,,,,,,,,,,,,,,,
4,,365942950,Port:1,0,1773324649,168826766,50000000,Enabled,0.548421,0.399804,-0.724042,0.123107,-64.307,131.445,-1721.61,0.176215,4,OK,-64.1499,131.342,-1721.57,OK,-113.46,124.681,-1729.41,OK,-125.474,77.2281,-1753.91,OK,-60.8164,77.7774,-1748.05,,365942950,Port:2,0,1773324649,168826766,Enabled,0.930139,0.0311737,0.0354647,0.36416,-87.4797,271.265,-1592.31,0.142424,3,OK,-87.3082,271.335,-1592.32,OK,-129.009,241.323,-1589.57,OK,-130.189,317.589,-1587,,365942950,Port:3,0,1773324649,168826766,Missing,,,,,,,,,4,Missing,,,,Missing,,,,Missing,,,,Missing,,,,,365942950,Port:65535,0,1773324649,168826766,Missing,,,,,,,,,3,OK,-40.9247,206.017,-2040.65,OK,-43.4833,201.536,-2245.97,OK,-63.6328,219.225,-2295.07,,,,,,,,,,,,,,,,,,,,
4,,365942953,Port:1,0,1773324649,218826766,50000000,Enabled,0.552132,0.366195,-0.73595,0.139388,-58.3096,142.106,-1733.45,0.153855,4,OK,-58.1578,142.004,-1733.44,OK,-107.45,136.855,-1742.24,OK,-120.802,88.5258,-1764.32,OK,-56.3543,86.8416,-1756.47,,365942953,Port:2,0,1773324649,218826766,Enabled,0.930124,0.0309568,0.0357046,0.364193,-87.4838,271.266,-1592.32,0.145446,3,OK,-87.3092,271.338,-1592.33,OK,-129.013,241.32,-1589.56,OK,-130.197,317.589,-1587.03,,365942953,Port:3,0,1773324649,218826766,Missing,,,,,,,,,4,Missing,,,,Missing,,,,Missing,,,,Missing,,,,,365942953,Port:65535,0,1773324649,218826766,Missing,,,,,,,,,2,OK,-40.932,206.029,-2040.64,OK,-43.473,201.548,-2246.02,,,,,,,,,,,,,,,,,,,,,,,,
4,,365942956,Port:1,0,1773324649,268826766,50000000,Enabled,0.574078,0.397251,-0.700709,0.147081,-63.9793,141.285,-1731.6,0.165501,4,OK,-63.8205,141.172,-1731.65,OK,-113.116,132.36,-1736.7,OK,-124.468,83.0868,-1757.76,OK,-59.6378,86.2068,-1754.66,,365942956,Port:2,0,1773324649,268826766,Enabled,0.930147,0.0307406,0.0355131,0.36417,-87.4826,271.266,-1592.31,0.141825,3,OK,-87.3107,271.33,-1592.32,OK,-129.008,241.321,-1589.56,OK,-130.199,317.601,-1587.06,,365942956,Port:3,0,1773324649,268826766,Missing,,,,,,,,,4,Missing,,,,Missing,,,,Missing,,,,Missing,,,,,365942956,Port:65535,0,1773324649,268826766,Missing,,,,,,,,,3,OK,-40.9291,206.023,-2040.66,OK,-43.4779,201.542,-2245.98,OK,-63.601,219.231,-2294.85,,,,,,,,,,,,,,,,,,,,
4,,365942959,Port:1,0,1773324649,318826766,50000000,Enabled,0.59361,0.448428,-0.653774,0.138273,-70.1831,131.598,-1719.85,0.166252,4,OK,-70.0178,131.503,-1719.91,OK,-118.587,118.249,-1720.37,OK,-127.574,68.9128,-1742.43,OK,-63.2701,78.0629,-1745.78,,365942959,Port:2,0,1773324649,318826766,Enabled,0.930185,0.0307112,0.0348859,0.364138,-87.4819,271.27,-1592.27,0.138627,3,OK,-87.3132,271.333,-1592.28,OK,-129.012,241.333,-1589.58,OK,-130.198,317.608,-1587.05,,365942959,Port:3,0,1773324649,318826766,Missing,,,,,,,,,4,Missing,,,,Missing,,,,Missing,,,,Missing,,,,,365942959,Port:65535,0,1773324649,318826766,Missing,,,,,,,,,3,OK,-40.9066,206.013,-2040.62,OK,-43.4824,201.533,-2245.94,OK,-63.8438,219.232,-2295.35,,,,,,,,,,,,,,,,,,,,
4,,365942962,Port:1,0,1773324649,368826766,50000000,Enabled,0.576447,0.448057,-0.672863,0.119201,-67.2372,126.187,-1714.26,0.165532,4,OK,-67.1013,126.047,-1714.34,OK,-116.046,114.677,-1716.69,OK,-126.081,66.6782,-1741.24,OK,-61.4363,73.6505,-1742.42,,365942962,Port:2,0,1773324649,368826766,Enabled,0.93015,0.0309252,0.0351603,0.364183,-87.4823,271.275,-1592.3,0.142441,3,OK,-87.3126,271.346,-1592.31,OK,-129.012,241.329,-1589.59,OK,-130.196,317.602,-1587.04,,365942962,Port:3,0,1773324649,368826766,Missing,,,,,,,,,4,Missing,,,,Missing,,,,Missing,,,,Missing,,,,,365942962,Port:65535,0,1773324649,368826766,Missing,,,,,,,,,3,OK,-40.9349,206.014,-2040.62,OK,-43.4878,201.535,-2245.82,OK,-63.836,219.241,-2295.2,,,,,,,,,,,,,,,,,,,,
4,,365942965,Port:1,0,1773324649,418826766,50000000,Enabled,0.560702,0.384186,-0.725709,0.106587,-53.9563,133.993,-1721.49,0.158759,4,OK,-53.8049,133.888,-1721.48,OK,-103.532,129.432,-1727.99,OK,-118.33,82.5206,-1752.09,OK,-53.5445,80.1736,-1747.82,,365942965,Port:2,0,1773324649,418826766,Enabled,0.930129,0.0310048,0.035737,0.364171,-87.4825,271.269,-1592.34,0.144603,3,OK,-87.3087,271.338,-1592.36,OK,-129.01,241.322,-1589.58,OK,-130.194,317.6,-1587.05,,365942965,Port:3,0,1773324649,418826766,Missing,,,,,,,,,4,Missing,,,,Missing,,,,Missing,,,,Missing,,,,,365942965,Port:65535,0,1773324649,418826766,Missing,,,,,,,,,6,OK,-40.917,206.014,-2040.68,OK,-43.4677,201.535,-2245.9,OK,-61.1829,221.698,-2112.7,OK,-68.3743,216.889,-2467.6,OK,-58.4828,118.337,-1948.71,OK,-49.8304,98.3639,-1563.24,,,,,,,,
4,,365942968,Port:1,0,1773324649,468826766,50000000,Enabled,0.556609,0.364906,-0.737999,0.111298,-49.6059,139.412,-1728.26,0.175975,4,OK,-49.4502,139.292,-1728.23,OK,-99.1133,136.228,-1736.06,OK,-114.703,89.2672,-1759.46,OK,-50.1995,85.0266,-1753.37,,365942968,Port:2,0,1773324649,468826766,Enabled,0.930132,0.031244,0.0353584,0.364181,-87.4842,271.267,-1592.33,0.142085,3,OK,-87.3129,271.336,-1592.35,OK,-129.013,241.324,-1589.61,OK,-130.196,317.588,-1587.03,,365942968,Port:3,0,1773324649,468826766,Missing,,,,,,,,,4,Missing,,,,Missing,,,,Missing,,,,Missing,,,,,365942968,Port:65535,0,1773324649,468826766,Missing,,,,,,,,,8,OK,-43.35,201.551,-2246.04,OK,-64.0724,219.259,-2293.97,OK,-58.017,221.972,-2092.79,OK,-40.8681,206.028,-2040.81,OK,-54.1857,124.356,-1958.07,OK,-65.3776,217.245,-2441.4,OK,-49.9211,92.3623,-1676.45,OK,-46.3396,102.788,-1567.24
4,,365942971,Port:1,0,1773324649,518826766,50000000,Enabled,0.570475,0.411963,-0.701608,0.112209,-59.5887,133.729,-1721.94,0.162754,4,OK,-59.4287,133.616,-1721.97,OK,-109.015,126.097,-1726.36,OK,-121.885,78.5682,-1750.39,OK,-56.9117,80.2999,-1748.86,,365942971,Port:2,0,1773324649,518826766,Enabled,0.930113,0.0308499,0.0358195,0.364219,-87.4853,271.275,-1592.33,0.145302,3,OK,-87.3113,271.345,-1592.34,OK,-129.01,241.323,-1589.55,OK,-130.201,317.601,-1587.05,,365942971,Port:3,0,1773324649,518826766,Missing,,,,,,,,,4,Missing,,,,Missing,,,,Missing,,,,Missing,,,,,365942971,Port:65535,0,1773324649,518826766,Missing,,,,,,,,,2,OK,-43.4909,201.54,-2246.01,OK,-40.9224,206.02,-2040.69,,,,,,,,,,,,,,,,,,,,,,,,
4,,365942974,Port:1,0,1773324649,568826766,50000000,Enabled,0.56754,0.461867,-0.673466,0.104981,-70.7696,121.734,-1710.61,0.158603,4,OK,-70.6122,121.651,-1710.63,OK,-119.567,110.156,-1713.41,OK,-129.49,63.2075,-1739.92,OK,-64.8645,70.4383,-1741.08,,365942974,Port:2,0,1773324649,568826766,Enabled,0.930106,0.0312656,0.0360179,0.364181,-87.4895,271.275,-1592.35,0.142121,3,OK,-87.3193,271.348,-1592.36,OK,-129.014,241.332,-1589.56,OK,-130.196,317.593,-1587.01,,365942974,Port:3,0,1773324649,568826766,Missing,,,,,,,,,4,Missing,,,,Missing,,,,Missing,,,,Missing,,,,,365942974,Port:65535,0,1773324649,568826766,Missing,,,,,,,,,3,OK,-40.9156,206.009,-2040.56,OK,-43.4824,201.53,-2245.79,OK,-63.8364,219.243,-2295.31,,,,,,,,,,,,,,,,,,,,
4,,365942977,Port:1,0,1773324649,618826766,50000000,Enabled,0.5357,0.433419,-0.718635,0.0934725,-69.896,121.363,-1710.8,0.16508,4,OK,-69.7858,121.23,-1710.8,OK,-119.042,114.171,-1718.22,OK,-130.453,68.7301,-1746.65,OK,-65.6809,70.3135,-1741.98,,365942977,Port:2,0,1773324649,618826766,Enabled,0.930139,0.0310713,0.0355885,0.364156,-87.4876,271.278,-1592.33,0.145238,3,OK,-87.3115,271.347,-1592.34,OK,-129.019,241.337,-1589.58,OK,-130.199,317.602,-1587.03,,365942977,Port:3,0,1773324649,618826766,Missing,,,,,,,,,4,Missing,,,,Missing,,,,Missing,,,,Missing,,,,,365942977,Port:65535,0,1773324649,618826766,Missing,,,,,,,,,3,OK,-40.9001,206.019,-2040.6,OK,-43.4704,201.538,-2245.98,OK,-63.8563,219.247,-2295.25,,,,,,,,,,,,,,,,,,,,
4,,365942980,Port:1,0,1773324649,668826766,50000000,Enabled,0.533629,0.374713,-0.752293,0.0942635,-57.116,133.349,-1721.44,0.14844,4,OK,-56.9845,133.24,-1721.44,OK,-106.334,131.16,-1731.07,OK,-121.497,85.7259,-1757.69,OK,-57.291,80.4301,-1749.55,,365942980,Port:2,0,1773324649,668826766,Enabled,0.930123,0.0309245,0.0355954,0.364209,-87.4838,271.274,-1592.32,0.145533,3,OK,-87.3099,271.345,-1592.33,OK,-129.011,241.322,-1589.57,OK,-130.199,317.6,-1587.04,,365942980,Port:3,0,1773324649,668826766,Missing,,,,,,,,,4,Missing,,,,Missing,,,,Missing,,,,Missing,,,,,365942980,Port:65535,0,1773324649,668826766,Missing,,,,,,,,,4,OK,-40.9124,206.027,-2040.49,OK,-43.4601,201.543,-2245.95,OK,-62.2911,117.773,-1946.19,OK,-53,98.4532,-1566.21,,,,,,,,,,,,,,,,
4,,365942983,Port:1,0,1773324649,718826766,50000000,Enabled,0.544723,0.378128,-0.74069,0.108049,-56.7949,137.446,-1727.12,0.153015,4,OK,-56.6395,137.344,-1727.14,OK,-106.109,133.678,-1735.7,OK,-120.575,87.1623,-1760.81,OK,-56.0975,83.7987,-1753.74,,365942983,Port:2,0,1773324649,718826766,Enabled,0.930157,0.0307777,0.0350766,0.364186,-87.4797,271.264,-1592.3,0.143897,3,OK,-87.3032,271.329,-1592.31,OK,-129.011,241.324,-1589.59,OK,-130.201,317.591,-1587.06,,365942983,Port:3,0,1773324649,718826766,Missing,,,,,,,,,4,Missing,,,,Missing,,,,Missing,,,,Missing,,,,,365942983,Port:65535,0,1773324649,718826766,Missing,,,,,,,,,4,OK,-43.4689,201.532,-2245.89,OK,-40.9112,206.013,-2040.54,OK,-61.4878,122.279,-1954.76,OK,-52.2752,101.58,-1568.73,,,,,,,,,,,,,,,,
4,,365942986,Port:1,0,1773324649,768826766,50000000,Enabled,0.562358,0.445714,-0.68762,0.110775,-70.9599,126.475,-1716.85,0.169329,4,OK,-70.806,126.375,-1716.84,OK,-119.941,116.154,-1721.04,OK,-130.296,69.0162,-1746.94,OK,-65.524,74.4893,-1746.2,,365942986,Port:2,0,1773324649,768826766,Enabled,0.930169,0.0308162,0.0347876,0.364178,-87.4797,271.271,-1592.27,0.139782,3,OK,-87.3121,271.338,-1592.28,OK,-129.009,241.326,-1589.6,OK,-130.198,317.604,-1587.04,,365942986,Port:3,0,1773324649,768826766,Missing,,,,,,,,,4,Missing,,,,Missing,,,,Missing,,,,Missing,,,,,365942986,Port:65535,0,1773324649,768826766,Missing,,,,,,,,,3,OK,-40.925,206.027,-2040.6,OK,-43.4718,201.543,-2246.09,OK,-63.8279,219.237,-2295.24,,,,,,,,,,,,,,,,,,,,
4,,365942989,Port:1,0,1773324649,818826766,50000000,Enabled,0.563255,0.511616,-0.638414,0.115851,-84.6923,109.769,-1704.65,0.161274,4,OK,-84.5456,109.679,-1704.65,OK,-131.968,92.9041,-1706.34,OK,-137.531,46.0666,-1734.36,OK,-74.1857,60.6126,-1737.36,,365942989,Port:2,0,1773324649,818826766,Enabled,0.930122,0.031034,0.0356049,0.364201,-87.4845,271.279,-1592.32,0.142635,3,OK,-87.3125,271.348,-1592.33,OK,-129.01,241.333,-1589.57,OK,-130.199,317.603,-1587.03,,365942989,Port:3,0,1773324649,818826766,Missing,,,,,,,,,4,Missing,,,,Missing,,,,Missing,,,,Missing,,,,,365942989,Port:65535,0,1773324649,818826766,Missing,,,,,,,,,3,OK,-40.9257,206.013,-2040.55,OK,-43.4818,201.532,-2245.88,OK,-63.8361,219.235,-2295.26,,,,,,,,,,,,,,,,,,,,
4,,365942992,Port:1,0,1773324649,868826766,50000000,Enabled,0.542707,0.493666,-0.670046,0.113148,-84.6366,109.089,-1705.41,0.154883,4,OK,-84.5554,108.973,-1705.42,OK,-132.528,94.8325,-1710.28,OK,-138.743,48.6594,-1739.22,OK,-74.7013,59.7283,-1738.06,,365942992,Port:2,0,1773324649,868826766,Enabled,0.930154,0.0309145,0.0351814,0.364172,-87.4849,271.271,-1592.29,0.141217,3,OK,-87.3141,271.339,-1592.3,OK,-129.015,241.331,-1589.58,OK,-130.2,317.596,-1587.03,,365942992,Port:3,0,1773324649,868826766,Missing,,,,,,,,,4,Missing,,,,Missing,,,,Missing,,,,Missing,,,,,365942992,Port:65535,0,1773324649,868826766,Missing,,,,,,,,,3,OK,-40.9129,206.019,-2040.7,OK,-43.4799,201.541,-2245.91,OK,-63.8484,219.248,-2295.3,,,,,,,,,,,,,,,,,,,,
4,,365942995,Port:1,0,1773324649,918826766,50000000,Enabled,0.555193,0.407089,-0.716469,0.11274,-66.3352,129.102,-1719.72,0.156756,4,OK,-66.1766,129.005,-1719.73,OK,-115.66,122.27,-1726.17,OK,-128.231,75.1653,-1751.18,OK,-63.3959,75.8691,-1747.05,,365942995,Port:2,0,1773324649,918826766,Enabled,0.930165,0.0310248,0.034917,0.364158,-87.479,271.272,-1592.28,0.143122,3,OK,-87.3046,271.337,-1592.3,OK,-129.012,241.33,-1589.6,OK,-130.196,317.604,-1587.02,,365942995,Port:3,0,1773324649,918826766,Missing,,,,,,,,,4,Missing,,,,Missing,,,,Missing,,,,Missing,,,,,365942995,Port:65535,0,1773324649,918826766,Missing,,,,,,,,,3,OK,-40.9039,206.017,-2040.63,OK,-43.4682,201.536,-2245.95,OK,-63.7774,219.245,-2295.18,,,,,,,,,,,,,,,,,,,,
4,,365942998,Port:1,0,1773324649,968826766,50000000,Enabled,0.544354,0.333088,-0.761039,0.116405,-52.5122,145.717,-1736.21,0.16307,4,OK,-52.3611,145.609,-1736.18,OK,-101.622,144.997,-1746.62,OK,-118.553,98.2671,-1769.6,OK,-54.8172,90.7,-1759.81,,365942998,Port:2,0,1773324649,968826766,Enabled,0.930121,0.0309985,0.0357362,0.364194,-87.4838,271.27,-1592.34,0.147516,3,OK,-87.3095,271.345,-1592.35,OK,-129.013,241.316,-1589.57,OK,-130.195,317.597,-1587.04,,365942998,Port:3,0,1773324649,968826766,Missing,,,,,,,,,4,Missing,,,,Missing,,,,Missing,,,,Missing,,,,,365942998,Port:65535,0,1773324649,968826766,Missing,,,,,,,,,2,OK,-40.9176,206.014,-2040.64,OK,-43.4785,201.533,-2245.94,,,,,,,,,,,,,,,,,,,,,,,,
4,,365943001,Port:1,0,1773324650,18826767,50000001,Enabled,0.551533,0.356707,-0.742806,0.129653,-60.5321,147.151,-1737.95,0.158792,4,OK,-60.3732,147.043,-1738,OK,-109.774,143.395,-1746.92,OK,-124.466,95.6393,-1769.44,OK,-60.1121,92.0035,-1761.27,,365943001,Port:2,0,1773324650,18826767,Enabled,0.930153,0.0308282,0.0350871,0.36419,-87.4822,271.269,-1592.3,0.142053,3,OK,-87.3097,271.335,-1592.31,OK,-129.012,241.327,-1589.6,OK,-130.201,317.596,-1587.06,,365943001,Port:3,0,1773324650,18826767,Missing,,,,,,,,,4,Missing,,,,Missing,,,,Missing,,,,Missing,,,,,365943001,Port:65535,0,1773324650,18826767,Missing,,,,,,,,,4,OK,-40.9165,206.016,-2040.7,OK,-55.6544,109.121,-1573.11,OK,-66.0107,133.021,-1971.29,OK,-43.487,201.538,-2245.89,,,,,,,,,,,,,,,,
4,,365943004,Port:1,0,1773324650,68826767,50000000,Enabled,0.573304,0.428407,-0.685197,0.135257,-76.2455,135.852,-1726.31,0.160631,4,OK,-76.0806,135.757,-1726.35,OK,-125.142,125.082,-1730.16,OK,-135.177,76.3782,-1753.2,OK,-70.4138,82.1535,-1752.21,,365943004,Port:2,0,1773324650,68826767,Enabled,0.930121,0.0309676,0.0356466,0.364204,-87.4819,271.281,-1592.32,0.145872,3,OK,-87.3054,271.349,-1592.33,OK,-129.009,241.331,-1589.56,OK,-130.199,317.609,-1587.03,,365943004,Port:3,0,1773324650,68826767,Missing,,,,,,,,,4,Missing,,,,Missing,,,,Missing,,,,Missing,,,,,365943004,Port:65535,0,1773324650,68826767,Missing,,,,,,,,,3,OK,-40.9089,206.025,-2040.61,OK,-43.4861,201.544,-2245.98,OK,-63.8514,219.247,-2295.35,,,,,,,,,,,,,,,,,,,,
4,,365943007,Port:1,0,1773324650,118826767,50000000,Enabled,0.566547,0.462752,-0.67046,0.123969,-81.3727,124.487,-1716.03,0.171496,4,OK,-81.242,124.335,-1716.1,OK,-129.783,111.577,-1719.25,OK,-138.1,63.7963,-1744.77,OK,-73.6971,72.6989,-1745.09,,365943007,Port:2,0,1773324650,118826767,Enabled,0.93019,0.0307605,0.0348295,0.364126,-87.4826,271.27,-1592.27,0.142713,3,OK,-87.3089,271.334,-1592.28,OK,-129.018,241.332,-1589.59,OK,-130.199,317.607,-1587.04,,365943007,Port:3,0,1773324650,118826767,Missing,,,,,,,,,4,Missing,,,,Missing,,,,Missing,,,,Missing,,,,,365943007,Port:65535,0,1773324650,118826767,Missing,,,,,,,,,3,OK,-40.9163,206.024,-2040.63,OK,-43.4803,201.542,-2246.02,OK,-63.8583,219.248,-2295.34,,,,,,,,,,,,,,,,,,,,
4,,365943010,Port:1,0,1773324650,168826767,50000000,Enabled,0.566797,0.429723,-0.695364,0.102702,-68.679,127.776,-1716.73,0.175662,4,OK,-68.5402,127.641,-1716.73,OK,-118.017,119.321,-1720.79,OK,-130.243,72.4121,-1746.23,OK,-65.3126,75.3823,-1745.59,,365943010,Port:2,0,1773324650,168826767,Enabled,0.930121,0.0308495,0.0358843,0.364193,-87.4881,271.278,-1592.35,0.147395,3,OK,-87.3123,271.349,-1592.37,OK,-129.016,241.324,-1589.57,OK,-130.202,317.61,-1587.07,,365943010,Port:3,0,1773324650,168826767,Missing,,,,,,,,,4,Missing,,,,Missing,,,,Missing,,,,Missing,,,,,365943010,Port:65535,0,1773324650,168826767,Missing,,,,,,,,,3,OK,-40.9246,206.014,-2040.62,OK,-43.4673,201.533,-2245.96,OK,-63.8384,219.25,-2295.26,,,,,,,,,,,,,,,,,,,,
4,,365943013,Port:1,0,1773324650,218826767,50000000,Enabled,0.570988,0.370403,-0.726965,0.0910913,-51.5958,138.318,-1725.96,0.170056,4,OK,-51.4386,138.194,-1725.97,OK,-101.46,135.755,-1731.33,OK,-118.681,89.5039,-1755.05,OK,-53.9503,84.5384,-1752.21,,365943013,Port:2,0,1773324650,218826767,Enabled,0.930124,0.0309936,0.0355974,0.364199,-87.4811,271.266,-1592.32,0.142539,3,OK,-87.3105,271.335,-1592.33,OK,-129.006,241.317,-1589.57,OK,-130.195,317.592,-1587.03,,365943013,Port:3,0,1773324650,218826767,Missing,,,,,,,,,4,Missing,,,,Missing,,,,Missing,,,,Missing,,,,,365943013,Port:65535,0,1773324650,218826767,Missing,,,,,,,,,2,OK,-40.903,206.023,-2040.57,OK,-43.4613,201.543,-2245.88,,,,,,,,,,,,,,,,,,,,,,,,
4,,365943016,Port:1,0,1773324650,268826767,50000000,Enabled,0.561015,0.362594,-0.737556,0.0989898,-52.5026,141.76,-1730.38,0.167567,4,OK,-52.3267,141.647,-1730.38,OK,-102.168,139.54,-1737.39,OK,-118.995,93.154,-1761.21,OK,-54.4403,87.7208,-1756.09,,365943016,Port:2,0,1773324650,268826767,Enabled,0.930151,0.0310423,0.0353327,0.364153,-87.4816,271.262,-1592.31,0.142464,3,OK,-87.3094,271.329,-1592.32,OK,-129.012,241.32,-1589.59,OK,-130.194,317.592,-1587.03,,365943016,Port:3,0,1773324650,268826767,Missing,,,,,,,,,4,Missing,,,,Missing,,,,Missing,,,,Missing,,,,,365943016,Port:65535,0,1773324650,268826767,Missing,,,,,,,,,6,OK,-59.5361,222.113,-2083.58,OK,-67.9818,217.457,-2426.97,OK,-58.1638,127.082,-1959.65,OK,-40.9103,206.006,-2040.63,OK,-43.479,201.526,-2245.86,OK,-49.5494,105.146,-1570.15,,,,,,,,
4,,365943019,Port:1,0,1773324650,318826767,50000000,Enabled,0.577336,0.414185,-0.694797,0.111318,-65.5641,135.68,-1724.23,0.165598,4,OK,-65.4014,135.567,-1724.3,OK,-115.025,127.734,-1727.66,OK,-128.023,80.0414,-1751.37,OK,-63.0646,82.1727,-1750.99,,365943019,Port:2,0,1773324650,318826767,Enabled,0.930162,0.0309063,0.0351211,0.364156,-87.4854,271.274,-1592.29,0.141541,3,OK,-87.315,271.342,-1592.3,OK,-129.016,241.333,-1589.58,OK,-130.199,317.603,-1587.04,,365943019,Port:3,0,1773324650,318826767,Missing,,,,,,,,,4,Missing,,,,Missing,,,,Missing,,,,Missing,,,,,365943019,Port:65535,0,1773324650,318826767,Missing,,,,,,,,,3,OK,-40.918,206.013,-2040.58,OK,-43.483,201.532,-2245.9,OK,-63.779,219.246,-2295.29,,,,,,,,,,,,,,,,,,,,
4,,365943022,Port:1,0,1773324650,368826767,50000000,Enabled,0.582252,0.448433,-0.668398,0.114609,-72.9433,127.97,-1717.22,0.166232,4,OK,-72.8059,127.83,-1717.3,OK,-121.804,116.565,-1718.81,OK,-132.393,68.5907,-1743.21,OK,-67.7289,75.4421,-1745.48,,365943022,Port:2,0,1773324650,368826767,Enabled,0.930142,0.0310168,0.0352543,0.364184,-87.4848,271.283,-1592.31,0.142324,3,OK,-87.315,271.354,-1592.32,OK,-129.014,241.338,-1589.59,OK,-130.197,317.606,-1587.04,,365943022,Port:3,0,1773324650,368826767,Missing,,,,,,,,,4,Missing,,,,Missing,,,,Missing,,,,Missing,,,,,365943022,Port:65535,0,1773324650,368826767,Missing,,,,,,,,,3,OK,-40.9253,206.021,-2040.59,OK,-43.4769,201.541,-2245.88,OK,-63.8466,219.237,-2295.23,,,,,,,,,,,,,,,,,,,,
4,,365943025,Port:1,0,1773324650,418826767,50000000,Enabled,0.578264,0.419911,-0.691715,0.103997,-65.2144,131.212,-1719.31,0.185427,4,OK,-65.0844,131.056,-1719.32,OK,-114.707,123.234,-1722.35,OK,-127.886,75.8992,-1746.45,OK,-62.9231,78.1343,-1746.98,,365943025,Port:2,0,1773324650,418826767,Enabled,0.930117,0.0308607,0.0355918,0.364229,-87.4832,271.274,-1592.31,0.143913,3,OK,-87.3098,271.343,-1592.32,OK,-129.008,241.324,-1589.55,OK,-130.202,317.597,-1587.04,,365943025,Port:3,0,1773324650,418826767,Missing,,,,,,,,,4,Missing,,,,Missing,,,,Missing,,,,Missing,,,,,365943025,Port:65535,0,1773324650,418826767,Missing,,,,,,,,,3,OK,-40.909,206.01,-2040.68,OK,-43.4712,201.532,-2245.86,OK,-63.7986,219.237,-2295.19,,,,,,,,,,,,,,,,,,,,
4,,365943028,Port:1,0,1773324650,468826767,50000000,Enabled,0.57593,0.362399,-0.725979,0.099631,-51.385,141.184,-1729.05,0.151389,4,OK,-51.2281,141.077,-1729.07,OK,-101.234,138.596,-1734.29,OK,-118.602,91.7632,-1756.89,OK,-53.8707,86.7574,-1753.91,,365943028,Port:2,0,1773324650,468826767,Enabled,0.930165,0.0308228,0.035074,0.36416,-87.4832,271.262,-1592.29,0.142107,3,OK,-87.3105,271.327,-1592.3,OK,-129.014,241.321,-1589.59,OK,-130.2,317.595,-1587.05,,365943028,Port:3,0,1773324650,468826767,Missing,,,,,,,,,4,Missing,,,,Missing,,,,Missing,,,,Missing,,,,,365943028,Port:65535,0,1773324650,468826767,Missing,,,,,,,,,2,OK,-40.9254,206.018,-2040.64,OK,-43.4819,201.535,-2246.04,,,,,,,,,,,,,,,,,,,,,,,,
4,,365943031,Port:1,0,1773324650,518826767,50000000,Enabled,0.563866,0.35502,-0.73791,0.107262,-51.6925,144.379,-1733.68,0.159999,4,OK,-51.525,144.276,-1733.65,OK,-101.334,142.156,-1740.84,OK,-118.194,95.2476,-1763.63,OK,-53.6931,89.755,-1758.2,,365943031,Port:2,0,1773324650,518826767,Enabled,0.930159,0.0309754,0.0352352,0.364146,-87.479,271.262,-1592.3,0.141816,3,OK,-87.306,271.326,-1592.31,OK,-129.009,241.323,-1589.59,OK,-130.193,317.593,-1587.03,,365943031,Port:3,0,1773324650,518826767,Missing,,,,,,,,,4,Missing,,,,Missing,,,,Missing,,,,Missing,,,,,365943031,Port:65535,0,1773324650,518826767,Missing,,,,,,,,,6,OK,-43.4764,201.552,-2246.03,OK,-58.8134,222.233,-2074.17,OK,-40.9149,206.031,-2040.72,OK,-67.1926,217.599,-2416.11,OK,-57.3395,129.956,-1965.09,OK,-48.8235,107.053,-1571.03,,,,,,,,
4,,365943034,Port:1,0,1773324650,568826767,50000000,Enabled,0.583006,0.412119,-0.688612,0.126793,-66.2662,137.451,-1727.35,0.165251,4,OK,-66.093,137.346,-1727.4,OK,-115.562,128.461,-1730.45,OK,-127.712,79.8524,-1752.67,OK,-62.8064,83.2322,-1752.5,,365943034,Port:2,0,1773324650,568826767,Enabled,0.930171,0.0309284,0.0350554,0.364137,-87.4839,271.269,-1592.29,0.145107,3,OK,-87.3098,271.339,-1592.3,OK,-129.02,241.326,-1589.59,OK,-130.196,317.602,-1587.04,,365943034,Port:3,0,1773324650,568826767,Missing,,,,,,,,,4,Missing,,,,Missing,,,,Missing,,,,Missing,,,,,365943034,Port:65535,0,1773324650,568826767,Missing,,,,,,,,,3,OK,-40.9149,206.014,-2040.62,OK,-43.4766,201.535,-2245.87,OK,-63.788,219.232,-2295.18,,,,,,,,,,,,,,,,,,,,
4,,365943037,Port:1,0,1773324650,618826767,50000000,Enabled,0.58488,0.464305,-0.651939,0.131576,-77.2127,125.81,-1717.62,0.170941,4,OK,-77.0729,125.672,-1717.71,OK,-125.398,111.724,-1718.52,OK,-133.564,62.9822,-1742.33,OK,-69.4054,73.3413,-1745.4,,365943037,Port:2,0,1773324650,618826767,Enabled,0.930184,0.0308977,0.0348633,0.364126,-87.4799,271.27,-1592.26,0.140396,3,OK,-87.3099,271.336,-1592.28,OK,-129.013,241.333,-1589.59,OK,-130.193,317.605,-1587.02,,365943037,Port:3,0,1773324650,618826767,Missing,,,,,,,,,4,Missing,,,,Missing,,,,Missing,,,,Missing,,,,,365943037,Port:65535,0,1773324650,618826767,Missing,,,,,,,,,3,OK,-40.9175,206.015,-2040.57,OK,-43.478,201.534,-2245.84,OK,-63.8402,219.24,-2295.31,,,,,,,,,,,,,,,,,,,,
4,,365943040,Port:1,0,1773324650,668826767,50000000,Enabled,0.5723,0.448754,-0.676968,0.11317,-71.2567,124.964,-1715.68,0.169235,4,OK,-71.1482,124.803,-1715.71,OK,-120.152,113.938,-1718.55,OK,-130.477,66.3499,-1743.69,OK,-65.7568,72.7607,-1744.57,,365943040,Port:2,0,1773324650,668826767,Enabled,0.930126,0.0309872,0.0358757,0.364168,-87.4864,271.276,-1592.32,0.143182,3,OK,-87.3152,271.348,-1592.34,OK,-129.013,241.332,-1589.55,OK,-130.194,317.6,-1587.03,,365943040,Port:3,0,1773324650,668826767,Missing,,,,,,,,,4,Missing,,,,Missing,,,,Missing,,,,Missing,,,,,365943040,Port:65535,0,1773324650,668826767,Missing,,,,,,,,,3,OK,-40.9185,206.02,-2040.61,OK,-43.4743,201.54,-2245.91,OK,-63.8406,219.237,-2295.19,,,,,,,,,,,,,,,,,,,,
4,,365943043,Port:1,0,1773324650,718826767,50000000,Enabled,0.571356,0.357836,-0.732031,0.0981631,-50.9015,139.467,-1727.52,0.168952,4,OK,-50.7516,139.336,-1727.55,OK,-100.723,137.46,-1733.45,OK,-118.291,90.9077,-1756.32,OK,-53.6911,85.1134,-1752.5,,365943043,Port:2,0,1773324650,718826767,Enabled,0.930172,0.0307575,0.0350676,0.36415,-87.4792,271.259,-1592.28,0.142509,3,OK,-87.3073,271.329,-1592.3,OK,-129.013,241.321,-1589.58,OK,-130.193,317.587,-1587.05,,365943043,Port:3,0,1773324650,718826767,Missing,,,,,,,,,4,Missing,,,,Missing,,,,Missing,,,,Missing,,,,,365943043,Port:65535,0,1773324650,718826767,Missing,,,,,,,,,6,OK,-40.9105,206.01,-2040.64,OK,-43.4654,201.529,-2245.94,OK,-58.7865,221.986,-2091.84,OK,-67.787,217.271,-2439.82,OK,-56.8722,124.424,-1956.95,OK,-48.4879,102.844,-1566.64,,,,,,,,
4,,365943046,Port:1,0,1773324650,768826767,50000000,Enabled,0.543244,0.308133,-0.774367,0.101469,-43.3574,149.395,-1738.96,0.158124,4,OK,-43.2028,149.28,-1738.93,OK,-92.2871,151.759,-1749.94,OK,-111.853,106.143,-1773.15,OK,-48.8304,94.6104,-1762.55,,365943046,Port:2,0,1773324650,768826767,Enabled,0.930151,0.0308353,0.0353508,0.364168,-87.4773,271.263,-1592.31,0.142497,3,OK,-87.3057,271.332,-1592.33,OK,-129.007,241.32,-1589.58,OK,-130.191,317.592,-1587.06,,365943046,Port:3,0,1773324650,768826767,Missing,,,,,,,,,4,Missing,,,,Missing,,,,Missing,,,,Missing,,,,,365943046,Port:65535,0,1773324650,768826767,Missing,,,,,,,,,1,OK,-43.0368,201.526,-2246.06,,,,,,,,,,,,,,,,,,,,,,,,,,,,
4,,365943049,Port:1,0,1773324650,818826767,50000000,Enabled,0.561229,0.350599,-0.740576,0.116829,-55.546,147.461,-1736.88,0.166948,4,OK,-55.3645,147.35,-1736.9,OK,-105.075,144.941,-1744.68,OK,-121.481,97.6482,-1767.02,OK,-57.0234,92.4536,-1760.46,,365943049,Port:2,0,1773324650,818826767,Enabled,0.930164,0.0309797,0.0349002,0.364168,-87.4831,271.278,-1592.3,0.141944,3,OK,-87.3109,271.345,-1592.31,OK,-129.016,241.338,-1589.61,OK,-130.2,317.604,-1587.04,,365943049,Port:3,0,1773324650,818826767,Missing,,,,,,,,,4,Missing,,,,Missing,,,,Missing,,,,Missing,,,,,365943049,Port:65535,0,1773324650,818826767,Missing,,,,,,,,,4,OK,-40.9107,206.011,-2040.55,OK,-52.0191,109.506,-1572.55,OK,-61.4251,133.391,-1969.74,OK,-43.4808,201.528,-2245.92,,,,,,,,,,,,,,,,
4,,365943052,Port:1,0,1773324650,868826767,50000000,Enabled,0.575622,0.410588,-0.696364,0.1231,-70.5912,136.697,-1726.55,0.167229,4,OK,-70.4343,136.58,-1726.6,OK,-119.932,128.287,-1730.58,OK,-132.219,80.0895,-1753.53,OK,-67.286,82.7209,-1752.28,,365943052,Port:2,0,1773324650,868826767,Enabled,0.930157,0.0311518,0.035122,0.364149,-87.4837,271.271,-1592.31,0.147681,3,OK,-87.3041,271.34,-1592.32,OK,-129.021,241.331,-1589.61,OK,-130.197,317.596,-1587.02,,365943052,Port:3,0,1773324650,868826767,Missing,,,,,,,,,4,Missing,,,,Missing,,,,Missing,,,,Missing,,,,,365943052,Port:65535,0,1773324650,868826767,Missing,,,,,,,,,3,OK,-40.9167,206.014,-2040.61,OK,-43.4944,201.532,-2245.97,OK,-63.847,219.236,-2295.31,,,,,,,,,,,,,,,,,,,,
4,,365943055,Port:1,0,1773324650,918826767,50000000,Enabled,0.552216,0.416477,-0.713445,0.112252,-72.2765,130.963,-1721.79,0.166536,4,OK,-72.1609,130.813,-1721.83,OK,-121.489,123.432,-1728.26,OK,-133.342,76.4761,-1753.82,OK,-68.5049,78.1585,-1749.8,,365943055,Port:2,0,1773324650,918826767,Enabled,0.930135,0.0309965,0.0356417,0.364166,-87.4854,271.273,-1592.31,0.140915,3,OK,-87.3161,271.341,-1592.32,OK,-129.011,241.33,-1589.56,OK,-130.196,317.6,-1587.02,,365943055,Port:3,0,1773324650,918826767,Missing,,,,,,,,,4,Missing,,,,Missing,,,,Missing,,,,Missing,,,,,365943055,Port:65535,0,1773324650,918826767,Missing,,,,,,,,,3,OK,-40.9221,206.025,-2040.57,OK,-43.4719,201.544,-2245.93,OK,-63.8468,219.246,-2295.36,,,,,,,,,,,,,,,,,,,,
4,,365943058,Port:1,0,1773324650,968826767,50000000,Enabled,0.557036,0.354683,-0.74475,0.0962186,-54.4364,140.057,-1728.57,0.160676,4,OK,-54.2915,139.937,-1728.58,OK,-104.033,138.785,-1736.25,OK,-121.403,92.738,-1760.27,OK,-57.0642,86.0341,-1754.3,,365943058,Port:2,0,1773324650,968826767,Enabled,0.930155,0.0311723,0.0352464,0.36414,-87.4836,271.268,-1592.31,0.144614,3,OK,-87.3094,271.336,-1592.32,OK,-129.017,241.324,-1589.6,OK,-130.194,317.598,-1587.02,,365943058,Port:3,0,1773324650,968826767,Missing,,,,,,,,,4,Missing,,,,Missing,,,,Missing,,,,Missing,,,,,365943058,Port:65535,0,1773324650,968826767,Missing,,,,,,,,,5,OK,-40.9136,206.01,-2040.59,OK,-43.4778,201.528,-2245.96,OK,-60.88,222.001,-2090,OK,-51.6067,103.629,-1568.64,OK,-60.7474,125.153,-1957.41,,,,,,,,,,,,
4,,365943061,Port:1,0,1773324651,18826764,49999997,Enabled,0.537842,0.307757,-0.779406,0.0923969,-43.4245,147.482,-1736.81,0.147176,4,OK,-43.2837,147.375,-1736.79,OK,-92.2143,150.653,-1748.14,OK,-112.152,105.713,-1772.35,OK,-49.3825,93.1947,-1761.44,,365943061,Port:2,0,1773324651,18826764,Enabled,0.930162,0.0309963,0.0351619,0.364145,-87.4813,271.254,-1592.29,0.138431,3,OK,-87.3105,271.314,-1592.31,OK,-129.008,241.32,-1589.59,OK,-130.197,317.585,-1587.03,,365943061,Port:3,0,1773324651,18826764,Missing,,,,,,,,,4,Missing,,,,Missing,,,,Missing,,,,Missing,,,,,365943061,Port:65535,0,1773324651,18826764,Missing,,,,,,,,,1,OK,-43.1212,201.52,-2246.09,,,,,,,,,,,,,,,,,,,,,,,,,,,,
4,,365943064,Port:1,0,1773324651,68826764,50000000,Enabled,0.515822,0.345331,-0.778767,0.0905306,-55.529,141.967,-1731.04,0.145415,4,OK,-55.3796,141.876,-1731.02,OK,-104.144,142.855,-1743.49,OK,-120.67,98.2332,-1770.72,OK,-57.5505,88.9116,-1758.83,,365943064,Port:2,0,1773324651,68826764,Enabled,0.930143,0.0309851,0.035402,0.364172,-87.4815,271.265,-1592.3,0.142136,3,OK,-87.311,271.334,-1592.31,OK,-129.01,241.321,-1589.57,OK,-130.194,317.592,-1587.02,,365943064,Port:3,0,1773324651,68826764,Missing,,,,,,,,,4,Missing,,,,Missing,,,,Missing,,,,Missing,,,,,365943064,Port:65535,0,1773324651,68826764,Missing,,,,,,,,,4,OK,-52.3706,106.085,-1573.93,OK,-61.5524,127.493,-1957.96,OK,-40.9025,206.019,-2040.59,OK,-43.4765,201.539,-2245.91,,,,,,,,,,,,,,,,
4,,365943067,Port:1,0,1773324651,118826771,50000007,Enabled,0.538234,0.42026,-0.723371,0.102076,-73.7216,128.648,-1719.76,0.164516,4,OK,-73.5677,128.577,-1719.69,OK,-122.866,121.916,-1727.58,OK,-134.658,75.8702,-1754.84,OK,-69.9264,76.6879,-1749.48,,365943067,Port:2,0,1773324651,118826771,Enabled,0.930142,0.0306903,0.0354965,0.364189,-87.4869,271.277,-1592.32,0.142223,3,OK,-87.3176,271.346,-1592.33,OK,-129.013,241.327,-1589.57,OK,-130.202,317.61,-1587.07,,365943067,Port:3,0,1773324651,118826771,Missing,,,,,,,,,4,Missing,,,,Missing,,,,Missing,,,,Missing,,,,,365943067,Port:65535,0,1773324651,118826771,Missing,,,,,,,,,3,OK,-40.9041,206.012,-2040.58,OK,-43.4768,201.531,-2245.89,OK,-63.8303,219.227,-2295.21,,,,,,,,,,,,,,,,,,,,
4,,365943070,Port:1,0,1773324651,168826771,50000000,Enabled,0.543992,0.452819,-0.698252,0.107107,-79.1501,120.268,-1714.15,0.14438,4,OK,-79.0459,120.143,-1714.17,OK,-127.939,110.148,-1720.19,OK,-137.412,63.7966,-1747.97,OK,-72.7284,69.2261,-1744.93,,365943070,Port:2,0,1773324651,168826771,Enabled,0.930175,0.0306976,0.0351009,0.364143,-87.4831,271.272,-1592.28,0.140371,3,OK,-87.3121,271.336,-1592.29,OK,-129.013,241.335,-1589.57,OK,-130.199,317.606,-1587.05,,365943070,Port:3,0,1773324651,168826771,Missing,,,,,,,,,4,Missing,,,,Missing,,,,Missing,,,,Missing,,,,,365943070,Port:65535,0,1773324651,168826771,Missing,,,,,,,,,3,OK,-40.9311,206.007,-2040.63,OK,-43.4797,201.526,-2245.85,OK,-63.8345,219.221,-2295.17,,,,,,,,,,,,,,,,,,,,
4,,365943073,Port:1,0,1773324651,218826764,49999993,Enabled,0.569518,0.410805,-0.705551,0.0953208,-62.7873,129.054,-1718.64,0.162582,4,OK,-62.6301,128.942,-1718.65,OK,-112.43,122.729,-1722.84,OK,-126.583,76.0924,-1747.89,OK,-61.6019,76.222,-1746.87,,365943073,Port:2,0,1773324651,218826764,Enabled,0.930166,0.0309935,0.0348647,0.364164,-87.4803,271.268,-1592.26,0.1432,3,OK,-87.3041,271.334,-1592.27,OK,-129.015,241.334,-1589.58,OK,-130.199,317.591,-1587.01,,365943073,Port:3,0,1773324651,218826764,Missing,,,,,,,,,4,Missing,,,,Missing,,,,Missing,,,,Missing,,,,,365943073,Port:65535,0,1773324651,218826764,Missing,,,,,,,,,5,OK,-40.9197,206.022,-2040.5,OK,-43.4749,201.538,-2245.98,OK,-63.6618,219.243,-2295.15,OK,-57.5021,94.6536,-1564.17,OK,-67.8698,112.947,-1942.39,,,,,,,,,,,,
4,,365943076,Port:1,0,1773324651,268826764,50000000,Enabled,0.587911,0.33492,-0.731309,0.0858874,-42.8232,142.621,-1730.88,0.254848,4,OK,-42.6715,142.422,-1731.09,OK,-92.8738,142.984,-1735.18,OK,-113.379,97.0231,-1756.82,OK,-49.05,88.0572,-1754.49,,365943076,Port:2,0,1773324651,268826764,Enabled,0.930129,0.0310999,0.0356434,0.364174,-87.4825,271.264,-1592.33,0.144483,3,OK,-87.3073,271.331,-1592.34,OK,-129.011,241.319,-1589.58,OK,-130.196,317.592,-1587.03,,365943076,Port:3,0,1773324651,268826764,Missing,,,,,,,,,4,Missing,,,,Missing,,,,Missing,,,,Missing,,,,,365943076,Port:65535,0,1773324651,268826764,Missing,,,,,,,,,2,OK,-43.2545,201.527,-2246,OK,-63.8276,219.272,-2293,,,,,,,,,,,,,,,,,,,,,,,,
4,,365943079,Port:1,0,1773324651,318826764,50000000,Enabled,0.571805,0.340763,-0.740577,0.0920071,-47.6485,143.732,-1732.51,0.165167,4,OK,-47.4979,143.602,-1732.52,OK,-97.4597,143.583,-1738.83,OK,-116.622,97.5038,-1761.42,OK,-52.3223,89.2904,-1757.02,,365943079,Port:2,0,1773324651,318826764,Enabled,0.930142,0.0311879,0.0350129,0.364195,-87.4802,271.265,-1592.32,0.142029,3,OK,-87.3064,271.332,-1592.34,OK,-129.011,241.329,-1589.64,OK,-130.198,317.582,-1587.04,,365943079,Port:3,0,1773324651,318826764,Missing,,,,,,,,,4,Missing,,,,Missing,,,,Missing,,,,Missing,,,,,365943079,Port:65535,0,1773324651,318826764,Missing,,,,,,,,,5,OK,-40.7777,206.012,-2040.87,OK,-64.0647,219.285,-2291.87,OK,-66.2958,217.579,-2417.66,OK,-51.2221,95.5,-1690.08,OK,-43.432,201.537,-2245.97,,,,,,,,,,,,
4,,365943082,Port:1,0,1773324651,368826771,50000007,Enabled,0.588286,0.413235,-0.68529,0.116339,-67.8649,133.237,-1723.51,0.165247,4,OK,-67.7,133.134,-1723.58,OK,-117.3,124.731,-1725.7,OK,-130.341,76.4848,-1748.2,OK,-65.405,79.2475,-1749.29,,365943082,Port:2,0,1773324651,368826771,Enabled,0.930115,0.0308551,0.0359424,0.3642,-87.4871,271.278,-1592.31,0.145528,3,OK,-87.3141,271.35,-1592.33,OK,-129.012,241.325,-1589.53,OK,-130.2,317.608,-1587.03,,365943082,Port:3,0,1773324651,368826771,Missing,,,,,,,,,4,Missing,,,,Missing,,,,Missing,,,,Missing,,,,,365943082,Port:65535,0,1773324651,368826771,Missing,,,,,,,,,3,OK,-43.4727,201.534,-2245.88,OK,-63.854,219.235,-2295.26,OK,-40.9189,206.013,-2040.65,,,,,,,,,,,,,,,,,,,,
4,,365943085,Port:1,0,1773324651,418826771,50000000,Enabled,0.592122,0.468055,-0.643296,0.128399,-79.405,120.029,-1713.75,0.169009,4,OK,-79.2919,119.876,-1713.85,OK,-127.478,105.585,-1713.52,OK,-135.856,56.799,-1737.1,OK,-71.8658,67.6057,-1741.7,,365943085,Port:2,0,1773324651,418826771,Enabled,0.930104,0.0310619,0.035896,0.364217,-87.4901,271.282,-1592.36,0.144412,3,OK,-87.3164,271.35,-1592.37,OK,-129.013,241.33,-1589.58,OK,-130.205,317.607,-1587.05,,365943085,Port:3,0,1773324651,418826771,Missing,,,,,,,,,4,Missing,,,,Missing,,,,Missing,,,,Missing,,,,,365943085,Port:65535,0,1773324651,418826771,Missing,,,,,,,,,3,OK,-40.9178,206.019,-2040.68,OK,-43.4997,201.54,-2245.96,OK,-63.849,219.239,-2295.26,,,,,,,,,,,,,,,,,,,,
4,,365943088,Port:1,0,1773324651,468826764,49999993,Enabled,0.61336,0.474044,-0.619788,0.122207,-71.4384,117.687,-1710.42,0.176813,4,OK,-71.3317,117.525,-1710.54,OK,-119.148,102.466,-1707.02,OK,-128.162,53.2549,-1729.55,OK,-64.7246,65.091,-1738.23,,365943088,Port:2,0,1773324651,468826764,Enabled,0.930122,0.0310788,0.0356736,0.364191,-87.4839,271.277,-1592.35,0.145369,3,OK,-87.3106,271.349,-1592.36,OK,-129.012,241.327,-1589.6,OK,-130.196,317.603,-1587.05,,365943088,Port:3,0,1773324651,468826764,Missing,,,,,,,,,4,Missing,,,,Missing,,,,Missing,,,,Missing,,,,,365943088,Port:65535,0,1773324651,468826764,Missing,,,,,,,,,3,OK,-40.9294,206.019,-2040.59,OK,-43.4826,201.537,-2245.96,OK,-63.8306,219.226,-2295.11,,,,,,,,,,,,,,,,,,,,
4,,365943091,Port:1,0,1773324651,518826764,50000000,Enabled,0.662497,0.432936,-0.603172,0.0992387,-50.1585,127.001,-1715.73,0.174637,4,OK,-50.0275,126.865,-1715.86,OK,-98.2759,115.816,-1706.9,OK,-112.962,66.0257,-1724.75,OK,-49.9634,72.2706,-1739.93,,365943091,Port:2,0,1773324651,518826764,Enabled,0.930166,0.0309141,0.0350296,0.364154,-87.4799,271.264,-1592.29,0.142942,3,OK,-87.3057,271.33,-1592.31,OK,-129.012,241.324,-1589.6,OK,-130.196,317.596,-1587.04,,365943091,Port:3,0,1773324651,518826764,Missing,,,,,,,,,4,Missing,,,,Missing,,,,Missing,,,,Missing,,,,,365943091,Port:65535,0,1773324651,518826764,Missing,,,,,,,,,6,OK,-40.8998,206.02,-2040.6,OK,-43.4731,201.539,-2245.92,OK,-59.569,221.295,-2142.96,OK,-66.8509,216.268,-2513.07,OK,-54.3611,110.26,-1943.91,OK,-46.5129,91.3899,-1555.4,,,,,,,,
4,,365943094,Port:1,0,1773324651,568826764,50000000,Enabled,0.690549,0.394347,-0.597719,0.101806,-41.5554,135.236,-1725,0.217043,4,OK,-41.3693,135.102,-1725.17,OK,-89.8019,126.922,-1713.87,OK,-107.21,76.6227,-1727.28,OK,-44.5052,78.8624,-1744.69,,365943094,Port:2,0,1773324651,568826764,Enabled,0.930137,0.0308576,0.0356056,0.364178,-87.4813,271.262,-1592.32,0.144747,3,OK,-87.3054,271.328,-1592.34,OK,-129.009,241.317,-1589.57,OK,-130.198,317.593,-1587.05,,365943094,Port:3,0,1773324651,568826764,Missing,,,,,,,,,4,Missing,,,,Missing,,,,Missing,,,,Missing,,,,,365943094,Port:65535,0,1773324651,568826764,Missing,,,,,,,,,2,OK,-43.28,201.531,-2246.05,OK,-64.0396,219.223,-2294.91,,,,,,,,,,,,,,,,,,,,,,,,
4,,365943097,Port:1,0,1773324651,618826771,50000007,Enabled,0.694406,0.407807,-0.576132,0.139876,-54.4735,135.873,-1728.37,0.174704,4,OK,-54.3587,135.737,-1728.51,OK,-101.718,123.922,-1716.55,OK,-114.895,71.8796,-1728.09,OK,-52.7402,78.7739,-1746.1,,365943097,Port:2,0,1773324651,618826771,Enabled,0.930153,0.0308547,0.0351394,0.364183,-87.4804,271.269,-1592.29,0.14363,3,OK,-87.3066,271.336,-1592.31,OK,-129.011,241.324,-1589.59,OK,-130.199,317.599,-1587.04,,365943097,Port:3,0,1773324651,618826771,Missing,,,,,,,,,4,Missing,,,,Missing,,,,Missing,,,,Missing,,,,,365943097,Port:65535,0,1773324651,618826771,Missing,,,,,,,,,6,OK,-43.4739,201.532,-2245.83,OK,-61.415,221.723,-2111.33,OK,-40.923,206.012,-2040.57,OK,-67.9662,216.797,-2475.15,OK,-58.5688,119.964,-1963.59,OK,-49.5848,97.4653,-1558.15,,,,,,,,
4,,365943100,Port:1,0,1773324651,668826771,50000000,Enabled,0.670887,0.453251,-0.555713,0.188834,-75.6744,127.835,-1725.64,0.196633,4,OK,-75.5295,127.726,-1725.82,OK,-121.021,108.998,-1715.29,OK,-126.285,55.8795,-1728.2,OK,-65.307,71.9596,-1744.34,,365943100,Port:2,0,1773324651,668826771,Enabled,0.930072,0.0312806,0.0362806,0.364241,-87.4876,271.279,-1592.35,0.150408,3,OK,-87.3093,271.356,-1592.36,OK,-129.014,241.321,-1589.54,OK,-130.199,317.595,-1587,,365943100,Port:3,0,1773324651,668826771,Missing,,,,,,,,,4,Missing,,,,Missing,,,,Missing,,,,Missing,,,,,365943100,Port:65535,0,1773324651,668826771,Missing,,,,,,,,,3,OK,-40.903,206.025,-2040.68,OK,-43.4826,201.543,-2246.11,OK,-63.8416,219.238,-2295.36,,,,,,,,,,,,,,,,,,,,
4,,365943103,Port:1,0,1773324651,718826764,49999993,Enabled,0.638749,0.492595,-0.555121,0.202955,-85.0873,118.195,-1720.32,0.222599,4,OK,-84.9644,118.012,-1720.53,OK,-129.136,95.4018,-1712.82,OK,-129.942,43.0616,-1729.32,OK,-69.923,64.6712,-1742.21,,365943103,Port:2,0,1773324651,718826764,Enabled,0.930122,0.0310407,0.0356485,0.364196,-87.4855,271.276,-1592.33,0.149274,3,OK,-87.3056,271.348,-1592.34,OK,-129.017,241.326,-1589.57,OK,-130.201,317.602,-1587.03,,365943103,Port:3,0,1773324651,718826764,Missing,,,,,,,,,4,Missing,,,,Missing,,,,Missing,,,,Missing,,,,,365943103,Port:65535,0,1773324651,718826764,Missing,,,,,,,,,3,OK,-40.9185,206.017,-2040.59,OK,-43.4882,201.537,-2245.87,OK,-63.8497,219.256,-2295.31,,,,,,,,,,,,,,,,,,,,
4,,365943106,Port:1,0,1773324651,768826764,50000000,Enabled,0.635952,0.477262,-0.578123,0.183195,-75.0107,121.91,-1721.32,0.199841,4,OK,-74.9083,121.721,-1721.49,OK,-120.564,101.889,-1715.02,OK,-124.361,49.9319,-1732.26,OK,-62.8442,67.8185,-1743.75,,365943106,Port:2,0,1773324651,768826764,Enabled,0.93015,0.0308361,0.0351563,0.36419,-87.4831,271.268,-1592.28,0.144968,3,OK,-87.3093,271.338,-1592.29,OK,-129.014,241.32,-1589.57,OK,-130.201,317.598,-1587.03,,365943106,Port:3,0,1773324651,768826764,Missing,,,,,,,,,4,Missing,,,,Missing,,,,Missing,,,,Missing,,,,,365943106,Port:65535,0,1773324651,768826764,Missing,,,,,,,,,4,OK,-40.9161,206.008,-2040.54,OK,-43.4789,201.526,-2245.87,OK,-63.8454,219.252,-2295.35,OK,-135.163,83.4724,-1925.09,,,,,,,,,,,,,,,,
4,,365943109,Port:1,0,1773324651,818826764,50000000,Enabled,0.684176,0.392709,-0.596972,0.145967,-48.6615,139.13,-1733.54,0.190918,4,OK,-48.5343,138.992,-1733.7,OK,-96.7231,128.427,-1723.91,OK,-110.509,76.5437,-1735.45,OK,-47.3685,81.7489,-1750.39,,365943109,Port:2,0,1773324651,818826764,Enabled,0.930133,0.0309295,0.0357099,0.364171,-87.4837,271.265,-1592.32,0.14339,3,OK,-87.311,271.334,-1592.34,OK,-129.011,241.321,-1589.56,OK,-130.196,317.593,-1587.04,,365943109,Port:3,0,1773324651,818826764,Missing,,,,,,,,,4,Missing,,,,Missing,,,,Missing,,,,Missing,,,,,365943109,Port:65535,0,1773324651,818826764,Missing,,,,,,,,,4,OK,-40.8633,206.004,-2040.74,OK,-43.4622,201.527,-2245.84,OK,-52.2623,123.63,-1970.1,OK,-44.5491,100.144,-1561.7,,,,,,,,,,,,,,,,
4,,365943112,Port:1,0,1773324651,868826771,50000007,Enabled,0.694939,0.322112,-0.629884,0.128643,-34.4266,149.363,-1745.34,0.149098,4,OK,-34.3345,149.204,-1745.4,OK,-83.7813,146.015,-1737.19,OK,-104.186,95.7481,-1745.43,OK,-40.5288,91.2024,-1758,,365943112,Port:2,0,1773324651,868826771,Enabled,0.930164,0.0307659,0.0348464,0.36419,-87.4749,271.272,-1592.3,0.142581,3,OK,-87.3012,271.337,-1592.31,OK,-129.006,241.33,-1589.62,OK,-130.197,317.6,-1587.07,,365943112,Port:3,0,1773324651,868826771,Missing,,,,,,,,,4,Missing,,,,Missing,,,,Missing,,,,Missing,,,,,365943112,Port:65535,0,1773324651,868826771,Missing,,,,,,,,,0,,,,,,,,,,,,,,,,,,,,,,,,,,,,,,,,
4,,365943115,Port:1,0,1773324651,918826771,50000000,Enabled,0.682872,0.357062,-0.619049,0.151564,-48.7346,146.141,-1742.15,0.176315,4,OK,-48.6135,146.004,-1742.28,OK,-97.6505,138.349,-1734.36,OK,-113.642,86.7512,-1744.09,OK,-49.7601,88.0175,-1756.22,,365943115,Port:2,0,1773324651,918826771,Enabled,0.930097,0.0312435,0.0359767,0.36421,-87.4823,271.27,-1592.33,0.141339,3,OK,-87.313,271.339,-1592.35,OK,-129.003,241.321,-1589.55,OK,-130.193,317.59,-1587,,365943115,Port:3,0,1773324651,918826771,Missing,,,,,,,,,4,Missing,,,,Missing,,,,Missing,,,,Missing,,,,,365943115,Port:65535,0,1773324651,918826771,Missing,,,,,,,,,4,OK,-40.8942,206.016,-2040.62,OK,-45.6149,105.771,-1566.42,OK,-53.7125,131.543,-1981.12,OK,-43.4689,201.532,-2246.07,,,,,,,,,,,,,,,,
4,,365943118,Port:1,0,1773324651,968826764,49999993,Enabled,0.663654,0.434356,-0.580819,0.183162,-71.439,132.174,-1730.22,0.195087,4,OK,-71.2924,132.065,-1730.39,OK,-118.033,115.579,-1721.84,OK,-125.327,62.7556,-1734.86,OK,-63.0266,75.7955,-1748.34,,365943118,Port:2,0,1773324651,968826764,Enabled,0.930175,0.03078,0.0349975,0.364147,-87.4855,271.273,-1592.29,0.139872,3,OK,-87.3171,271.341,-1592.3,OK,-129.017,241.335,-1589.59,OK,-130.199,317.603,-1587.05,,365943118,Port:3,0,1773324651,968826764,Missing,,,,,,,,,4,Missing,,,,Missing,,,,Missing,,,,Missing,,,,,365943118,Port:65535,0,1773324651,968826764,Missing,,,,,,,,,3,OK,-40.9208,206.024,-2040.6,OK,-43.476,201.543,-2246,OK,-63.8322,219.23,-2295.22,,,,,,,,,,,,,,,,,,,,
4,,365943121,Port:1,0,1773324652,18826765,50000001,Enabled,0.642438,0.494136,-0.550919,0.198974,-81.3156,118.103,-1720.66,0.244971,4,OK,-81.2058,117.926,-1720.91,OK,-125.264,95.3422,-1712.51,OK,-126.347,43.0077,-1729.15,OK,-66.4967,64.5811,-1742.78,,365943121,Port:2,0,1773324652,18826765,Enabled,0.930126,0.0311198,0.0356788,0.364177,-87.4899,271.272,-1592.32,0.14333,3,OK,-87.3162,271.34,-1592.34,OK,-129.017,241.33,-1589.57,OK,-130.202,317.595,-1587.02,,365943121,Port:3,0,1773324652,18826765,Missing,,,,,,,,,4,Missing,,,,Missing,,,,Missing,,,,Missing,,,,,365943121,Port:65535,0,1773324652,18826765,Missing,,,,,,,,,3,OK,-40.9227,206.02,-2040.77,OK,-43.4796,201.542,-2246.02,OK,-63.8446,219.225,-2295.22,,,,,,,,,,,,,,,,,,,,
4,,365943124,Port:1,0,1773324652,68826765,50000000,Enabled,0.660561,0.500983,-0.525814,0.190251,-69.8206,119.184,-1719.52,0.200972,4,OK,-69.7553,118.997,-1719.72,OK,-112.836,95.9531,-1708.43,OK,-114.224,43.3915,-1724.41,OK,-55.6452,65.6289,-1742.11,,365943124,Port:2,0,1773324652,68826765,Enabled,0.930122,0.0311607,0.0355086,0.3642,-87.4826,271.274,-1592.31,0.142953,3,OK,-87.3101,271.343,-1592.32,OK,-129.009,241.328,-1589.57,OK,-130.197,317.596,-1587.01,,365943124,Port:3,0,1773324652,68826765,Missing,,,,,,,,,4,Missing,,,,Missing,,,,Missing,,,,Missing,,,,,365943124,Port:65535,0,1773324652,68826765,Missing,,,,,,,,,5,OK,-40.9076,206.03,-2040.56,OK,-43.4779,201.55,-2245.91,OK,-63.8445,219.255,-2295.4,OK,-104.039,64.25,-1552.8,OK,-125.286,76.6776,-1919.11,,,,,,,,,,,,
4,,365943127,Port:1,0,1773324652,118826765,50000000,Enabled,0.732666,0.432045,-0.509085,0.131796,-37.184,135.753,-1729.77,0.175232,4,OK,-37.077,135.621,-1729.91,OK,-81.3213,121.151,-1710.98,OK,-92.9066,68.2374,-1720.22,OK,-34.595,78.6599,-1747.47,,365943127,Port:2,0,1773324652,118826765,Enabled,0.930159,0.030695,0.0354327,0.364152,-87.4784,271.261,-1592.31,0.142851,3,OK,-87.3064,271.328,-1592.32,OK,-129.008,241.317,-1589.57,OK,-130.192,317.596,-1587.06,,365943127,Port:3,0,1773324652,118826765,Missing,,,,,,,,,4,Missing,,,,Missing,,,,Missing,,,,Missing,,,,,365943127,Port:65535,0,1773324652,118826765,Missing,,,,,,,,,2,OK,-40.8832,205.952,-2043.37,OK,-63.7446,219.233,-2294.33,,,,,,,,,,,,,,,,,,,,,,,,
4,,365943130,Port:1,0,1773324652,168826765,50000000,Missing,,,,,,,,,4,OK,-16.6335,148.001,-1742.32,OK,-62.7156,144.747,-1725.29,OK,-84.383,94.2692,-1727.26,OK,-25.7772,89.5652,-1755.36,,365943130,Port:2,0,1773324652,168826765,Enabled,0.93014,0.0309774,0.0352209,0.364197,-87.4809,271.27,-1592.33,0.143108,3,OK,-87.3108,271.341,-1592.35,OK,-129.01,241.32,-1589.62,OK,-130.195,317.596,-1587.07,,365943130,Port:3,0,1773324652,168826765,Missing,,,,,,,,,4,Missing,,,,Missing,,,,Missing,,,,Missing,,,,,365943130,Port:65535,0,1773324652,168826765,Missing,,,,,,,,,6,OK,-40.9033,206.004,-2040.6,OK,-64.0354,219.233,-2295.97,OK,-16.6335,148.001,-1742.32,OK,-25.7772,89.5652,-1755.36,OK,-62.7156,144.747,-1725.29,OK,-84.383,94.2692,-1727.26,,,,,,,,
4,,365943133,Port:1,0,1773324652,218826765,50000000,Enabled,0.749964,0.346111,-0.547046,0.136018,-34.617,147.927,-1746.1,0.152631,4,OK,-34.563,147.771,-1746.21,OK,-81.1444,141.182,-1728.79,OK,-98.6003,89.1678,-1731.88,OK,-38.0933,89.0106,-1755.93,,365943133,Port:2,0,1773324652,218826765,Enabled,0.930117,0.0312146,0.0357432,0.364183,-87.489,271.276,-1592.35,0.144204,3,OK,-87.3166,271.347,-1592.37,OK,-129.016,241.328,-1589.6,OK,-130.199,317.599,-1587.04,,365943133,Port:3,0,1773324652,218826765,Missing,,,,,,,,,4,Missing,,,,Missing,,,,Missing,,,,Missing,,,,,365943133,Port:65535,0,1773324652,218826765,Missing,,,,,,,,,1,OK,-44.9079,199.772,-2326.43,,,,,,,,,,,,,,,,,,,,,,,,,,,,
4,,365943136,Port:1,0,1773324652,268826765,50000000,Enabled,0.724955,0.411976,-0.517587,0.191886,-61.7635,138.666,-1738.59,0.145803,4,OK,-61.6733,138.534,-1738.7,OK,-106.293,122.76,-1721.99,OK,-113.938,68.6318,-1727.63,OK,-54.4503,80.616,-1751.17,,365943136,Port:2,0,1773324652,268826765,Enabled,0.930116,0.0308536,0.0360336,0.36419,-87.4865,271.278,-1592.34,0.145595,3,OK,-87.3109,271.348,-1592.35,OK,-129.012,241.331,-1589.54,OK,-130.2,317.606,-1587.05,,365943136,Port:3,0,1773324652,268826765,Missing,,,,,,,,,4,Missing,,,,Missing,,,,Missing,,,,Missing,,,,,365943136,Port:65535,0,1773324652,268826765,Missing,,,,,,,,,5,OK,-40.9228,206.022,-2040.68,OK,-43.4747,201.542,-2245.96,OK,-63.6672,219.239,-2294.96,OK,-68.9847,216.877,-2468.98,OK,-51.3573,89.3222,-1662.37,,,,,,,,,,,,
4,,365943139,Port:1,0,1773324652,318826765,50000000,Enabled,0.684263,0.457459,-0.522256,0.223079,-76.779,127.887,-1732.01,0.210102,4,OK,-76.7146,127.689,-1732.2,OK,-120.194,106.382,-1719.13,OK,-121.749,52.354,-1728.93,OK,-62.676,71.9562,-1747.87,,365943139,Port:2,0,1773324652,318826765,Enabled,0.930187,0.0308334,0.0348244,0.364127,-87.4832,271.268,-1592.28,0.137614,3,OK,-87.3147,271.331,-1592.29,OK,-129.014,241.337,-1589.6,OK,-130.198,317.6,-1587.05,,365943139,Port:3,0,1773324652,318826765,Missing,,,,,,,,,4,Missing,,,,Missing,,,,Missing,,,,Missing,,,,,365943139,Port:65535,0,1773324652,318826765,Missing,,,,,,,,,3,OK,-40.9054,206.011,-2040.59,OK,-43.4773,201.529,-2245.93,OK,-63.8514,219.237,-2295.27,,,,,,,,,,,,,,,,,,,,
4,,365943142,Port:1,0,1773324652,368826765,50000000,Enabled,0.679397,0.46898,-0.524444,0.208411,-70.0029,126.298,-1728.82,0.219384,4,OK,-69.9252,126.092,-1729.02,OK,-113.462,104.671,-1716.28,OK,-115.57,51.0365,-1728,OK,-56.4997,70.9097,-1746.86,,365943142,Port:2,0,1773324652,368826765,Enabled,0.930152,0.0308248,0.0355622,0.364146,-87.4872,271.272,-1592.31,0.14358,3,OK,-87.3136,271.339,-1592.32,OK,-129.017,241.329,-1589.56,OK,-130.199,317.605,-1587.04,,365943142,Port:3,0,1773324652,368826765,Missing,,,,,,,,,4,Missing,,,,Missing,,,,Missing,,,,Missing,,,,,365943142,Port:65535,0,1773324652,368826765,Missing,,,,,,,,,5,OK,-40.9047,206.015,-2040.59,OK,-43.4787,201.534,-2245.9,OK,-63.8485,219.24,-2295.26,OK,-126.631,86.3361,-1929.66,OK,-104.772,71.2094,-1555.3,,,,,,,,,,,,
4,,365943145,Port:1,0,1773324652,418826765,50000000,Enabled,0.731828,0.423272,-0.513305,0.147606,-43.4607,136.891,-1733.29,0.226654,4,OK,-43.2046,136.784,-1733.42,OK,-87.956,122.295,-1715.15,OK,-98.6553,68.982,-1723.15,OK,-39.9402,79.4218,-1749.37,,365943145,Port:2,0,1773324652,418826765,Enabled,0.930136,0.0310188,0.0351747,0.364208,-87.4799,271.271,-1592.32,0.141655,3,OK,-87.309,271.337,-1592.33,OK,-129.006,241.322,-1589.62,OK,-130.199,317.599,-1587.05,,365943145,Port:3,0,1773324652,418826765,Missing,,,,,,,,,4,Missing,,,,Missing,,,,Missing,,,,Missing,,,,,365943145,Port:65535,0,1773324652,418826765,Missing,,,,,,,,,3,OK,-43.2737,201.543,-2245.87,OK,-64.0807,219.227,-2295.02,OK,-46.8962,198.633,-2378.97,,,,,,,,,,,,,,,,,,,,
4,,365943148,Port:1,0,1773324652,468826765,50000000,Enabled,0.758958,0.340051,-0.544508,0.1089,-25.2431,146.805,-1744.73,0.135971,4,OK,-25.1852,146.656,-1744.78,OK,-71.5039,142.049,-1726.13,OK,-91.527,90.9619,-1729.22,OK,-31.8491,88.2626,-1755.25,,365943148,Port:2,0,1773324652,468826765,Enabled,0.930169,0.0308813,0.034905,0.364162,-87.4808,271.263,-1592.28,0.142239,3,OK,-87.3089,271.331,-1592.29,OK,-129.014,241.323,-1589.6,OK,-130.196,317.59,-1587.04,,365943148,Port:3,0,1773324652,468826765,Missing,,,,,,,,,4,Missing,,,,Missing,,,,Missing,,,,Missing,,,,,365943148,Port:65535,0,1773324652,468826765,Missing,,,,,,,,,1,OK,-41.2073,206.011,-2040.29,,,,,,,,,,,,,,,,,,,,,,,,,,,,
4,,365943151,Port:1,0,1773324652,518826765,50000000,Enabled,0.73618,0.348028,-0.563098,0.140839,-38.1346,146.985,-1746.09,0.298432,4,OK,-38.0239,146.798,-1746.39,OK,-85.3665,139.92,-1730.63,OK,-102.555,87.9602,-1735.37,OK,-41.0571,88.2444,-1756.59,,365943151,Port:2,0,1773324652,518826765,Enabled,0.930134,0.0310679,0.035376,0.364188,-87.486,271.269,-1592.32,0.144901,3,OK,-87.3111,271.338,-1592.33,OK,-129.016,241.323,-1589.59,OK,-130.201,317.595,-1587.03,,365943151,Port:3,0,1773324652,518826765,Missing,,,,,,,,,4,Missing,,,,Missing,,,,Missing,,,,Missing,,,,,365943151,Port:65535,0,1773324652,518826765,Missing,,,,,,,,,5,OK,-40.8721,206.721,-2008.41,OK,-42.7926,132.485,-1985.07,OK,-63.7372,219.274,-2293.86,OK,-42.8796,201.535,-2245.87,OK,-39.448,136.234,-1922.52,,,,,,,,,,,,
4,,365943154,Port:1,0,1773324652,568826765,50000000,Enabled,0.716092,0.40583,-0.537685,0.182781,-59.8884,139.534,-1739.2,0.155669,4,OK,-59.791,139.401,-1739.32,OK,-105.443,124.839,-1724.33,OK,-114.659,71.1089,-1731.09,OK,-54.0382,81.4797,-1752.46,,365943154,Port:2,0,1773324652,568826765,Enabled,0.930115,0.0309431,0.0359034,0.364196,-87.4858,271.272,-1592.33,0.146358,3,OK,-87.3108,271.342,-1592.34,OK,-129.011,241.319,-1589.55,OK,-130.2,317.605,-1587.03,,365943154,Port:3,0,1773324652,568826765,Missing,,,,,,,,,4,Missing,,,,Missing,,,,Missing,,,,Missing,,,,,365943154,Port:65535,0,1773324652,568826765,Missing,,,,,,,,,3,OK,-40.9215,206.026,-2040.59,OK,-43.4677,201.545,-2245.94,OK,-63.6366,219.243,-2295.01,,,,,,,,,,,,,,,,,,,,
4,,365943157,Port:1,0,1773324652,618826765,50000000,Enabled,0.691868,0.447237,-0.528038,0.206091,-70.2611,130.998,-1732.63,0.207534,4,OK,-70.1913,130.786,-1732.8,OK,-114.399,111.352,-1719.29,OK,-118.39,57.4411,-1728.96,OK,-58.7341,74.5472,-1748.6,,365943157,Port:2,0,1773324652,618826765,Enabled,0.930136,0.0311935,0.0355322,0.36416,-87.4852,271.272,-1592.31,0.14115,3,OK,-87.3134,271.337,-1592.33,OK,-129.012,241.331,-1589.58,OK,-130.197,317.599,-1587.01,,365943157,Port:3,0,1773324652,618826765,Missing,,,,,,,,,4,Missing,,,,Missing,,,,Missing,,,,Missing,,,,,365943157,Port:65535,0,1773324652,618826765,Missing,,,,,,,,,3,OK,-40.9315,206.016,-2040.58,OK,-43.4775,201.536,-2245.84,OK,-63.8371,219.24,-2295.34,,,,,,,,,,,,,,,,,,,,
4,,365943160,Port:1,0,1773324652,668826765,50000000,Enabled,0.704451,0.448793,-0.516797,0.187761,-59.1656,132.068,-1731.17,0.212405,4,OK,-59.1141,131.857,-1731.36,OK,-103.007,113.195,-1715.9,OK,-108.452,59.389,-1725.7,OK,-49.4645,75.4998,-1747.93,,365943160,Port:2,0,1773324652,668826765,Enabled,0.930148,0.0307516,0.0354861,0.364169,-87.4854,271.278,-1592.32,0.140903,3,OK,-87.3173,271.348,-1592.33,OK,-129.012,241.334,-1589.57,OK,-130.197,317.609,-1587.06,,365943160,Port:3,0,1773324652,668826765,Missing,,,,,,,,,4,Missing,,,,Missing,,,,Missing,,,,Missing,,,,,365943160,Port:65535,0,1773324652,668826765,Missing,,,,,,,,,4,OK,-40.9165,206.028,-2040.64,OK,-43.4758,201.55,-2245.92,OK,-63.5249,219.252,-2294.3,OK,-48.5881,85.8934,-1645.25,,,,,,,,,,,,,,,,
4,,365943163,Port:1,0,1773324652,718826765,50000000,Enabled,0.753017,0.386497,-0.516616,0.129204,-32.3987,142.617,-1739.01,0.154526,4,OK,-32.3224,142.474,-1739.12,OK,-77.2655,132.314,-1719.25,OK,-92.1552,79.6498,-1724.27,OK,-33.4381,84.2545,-1752.08,,365943163,Port:2,0,1773324652,718826765,Enabled,0.93014,0.0309889,0.0353266,0.364187,-87.4758,271.267,-1592.31,0.142819,3,OK,-87.3039,271.338,-1592.33,OK,-129.005,241.325,-1589.59,OK,-130.19,317.589,-1587.04,,365943163,Port:3,0,1773324652,718826765,Missing,,,,,,,,,4,Missing,,,,Missing,,,,Missing,,,,Missing,,,,,365943163,Port:65535,0,1773324652,718826765,Missing,,,,,,,,,2,OK,-35.2318,127.517,-1977.61,OK,-31.0237,102.417,-1562.77,,,,,,,,,,,,,,,,,,,,,,,,
4,,365943166,Port:1,0,1773324652,768826765,50000000,Enabled,0.764128,0.319337,-0.54949,0.110422,-20.6296,149.651,-1749.38,0.139881,4,OK,-20.5844,149.493,-1749.36,OK,-67.1219,146.715,-1731.06,OK,-88.3769,96.0406,-1732.39,OK,-28.6233,90.9474,-1757.92,,365943166,Port:2,0,1773324652,768826765,Enabled,0.930141,0.0309385,0.0355009,0.364171,-87.4822,271.267,-1592.32,0.142005,3,OK,-87.3104,271.335,-1592.33,OK,-129.01,241.325,-1589.58,OK,-130.195,317.594,-1587.04,,365943166,Port:3,0,1773324652,768826765,Missing,,,,,,,,,4,Missing,,,,Missing,,,,Missing,,,,Missing,,,,,365943166,Port:65535,0,1773324652,768826765,Missing,,,,,,,,,2,OK,-40.9385,206.021,-2040.6,OK,-64.198,219.22,-2296.72,,,,,,,,,,,,,,,,,,,,,,,,
4,,365943169,Port:1,0,1773324652,818826765,50000000,Enabled,0.746476,0.352153,-0.545166,0.146822,-38.0833,147.533,-1746.87,0.324905,4,OK,-37.961,147.341,-1747.2,OK,-84.588,139.596,-1729.64,OK,-100.73,87.2005,-1733.16,OK,-39.9742,88.6138,-1756.52,,365943169,Port:2,0,1773324652,818826765,Enabled,0.930137,0.0308954,0.0352653,0.364207,-87.4803,271.273,-1592.32,0.142943,3,OK,-87.3081,271.341,-1592.33,OK,-129.008,241.326,-1589.6,OK,-130.198,317.598,-1587.06,,365943169,Port:3,0,1773324652,818826765,Missing,,,,,,,,,4,Missing,,,,Missing,,,,Missing,,,,Missing,,,,,365943169,Port:65535,0,1773324652,818826765,Missing,,,,,,,,,7,OK,-46.2032,199.697,-2329.54,OK,-40.8102,206.75,-2006.73,OK,-42.1571,133.105,-1986.04,OK,-36.4523,106.221,-1567.53,OK,-63.6655,219.262,-2293.62,OK,-42.7297,201.521,-2246.08,OK,-39.309,136.726,-1925.2,,,,
4,,365943172,Port:1,0,1773324652,868826765,50000000,Enabled,0.720722,0.413011,-0.525051,0.185213,-59.3379,138.37,-1737.5,0.174934,4,OK,-59.2473,138.237,-1737.66,OK,-104.219,122.798,-1721.5,OK,-112.528,68.8794,-1728.11,OK,-52.6689,80.4283,-1750.83,,365943172,Port:2,0,1773324652,868826765,Enabled,0.930145,0.0308661,0.035394,0.364176,-87.485,271.276,-1592.31,0.14385,3,OK,-87.3133,271.347,-1592.32,OK,-129.015,241.329,-1589.58,OK,-130.198,317.605,-1587.05,,365943172,Port:3,0,1773324652,868826765,Missing,,,,,,,,,4,Missing,,,,Missing,,,,Missing,,,,Missing,,,,,365943172,Port:65535,0,1773324652,868826765,Missing,,,,,,,,,3,OK,-40.9175,206.017,-2040.55,OK,-43.4822,201.534,-2245.96,OK,-63.6078,219.252,-2294.91,,,,,,,,,,,,,,,,,,,,
4,,365943175,Port:1,0,1773324652,918826765,50000000,Enabled,0.704095,0.44335,-0.518576,0.196901,-64.2429,131.69,-1731.88,0.180649,4,OK,-64.2121,131.473,-1732.01,OK,-108.168,112.81,-1716.93,OK,-113.184,58.8372,-1725.84,OK,-53.9816,74.9009,-1747.64,,365943175,Port:2,0,1773324652,918826765,Enabled,0.930119,0.0314486,0.035525,0.36418,-87.4868,271.283,-1592.35,0.141604,3,OK,-87.3151,271.351,-1592.36,OK,-129.014,241.342,-1589.61,OK,-130.197,317.602,-1587.01,,365943175,Port:3,0,1773324652,918826765,Missing,,,,,,,,,4,Missing,,,,Missing,,,,Missing,,,,Missing,,,,,365943175,Port:65535,0,1773324652,918826765,Missing,,,,,,,,,5,OK,-40.9117,206.017,-2040.71,OK,-43.4809,201.537,-2245.97,OK,-63.7966,219.245,-2295.2,OK,-69.4769,216.405,-2504.73,OK,-50.8615,85.4572,-1643.73,,,,,,,,,,,,
4,,365943178,Port:1,0,1773324652,968826765,50000000,Enabled,0.733848,0.418078,-0.511244,0.159084,-44.9454,136.847,-1734.04,0.275617,4,OK,-44.6053,136.745,-1734.12,OK,-89.449,122.072,-1715.91,OK,-99.3415,68.4691,-1722.69,OK,-40.6078,79.1104,-1748.89,,365943178,Port:2,0,1773324652,968826765,Enabled,0.930128,0.0312205,0.0355567,0.364174,-87.485,271.276,-1592.35,0.14359,3,OK,-87.3126,271.346,-1592.36,OK,-129.013,241.33,-1589.61,OK,-130.196,317.601,-1587.04,,365943178,Port:3,0,1773324652,968826765,Missing,,,,,,,,,4,Missing,,,,Missing,,,,Missing,,,,Missing,,,,,365943178,Port:65535,0,1773324652,968826765,Missing,,,,,,,,,2,OK,-43.3214,201.531,-2245.79,OK,-64.1751,219.234,-2294.87,,,,,,,,,,,,,,,,,,,,,,,,
4,,365943181,Port:1,0,1773324653,18826765,50000000,Enabled,0.768429,0.337644,-0.532497,0.109366,-20.2831,146.606,-1745.48,0.129355,4,OK,-20.2424,146.46,-1745.55,OK,-65.9784,141.912,-1725.52,OK,-85.8561,90.7136,-1727.44,OK,-26.9289,87.8946,-1755.03,,365943181,Port:2,0,1773324653,18826765,Enabled,0.930137,0.0309283,0.0354833,0.364185,-87.4799,271.264,-1592.31,0.146189,3,OK,-87.3054,271.337,-1592.33,OK,-129.011,241.316,-1589.57,OK,-130.193,317.59,-1587.04,,365943181,Port:3,0,1773324653,18826765,Missing,,,,,,,,,4,Missing,,,,Missing,,,,Missing,,,,Missing,,,,,365943181,Port:65535,0,1773324653,18826765,Missing,,,,,,,,,2,OK,-64.3896,219.206,-2297.48,OK,-40.938,206.022,-2040.61,,,,,,,,,,,,,,,,,,,,,,,,
4,,365943184,Port:1,0,1773324653,68826765,50000000,Enabled,0.756634,0.316757,-0.55946,0.119055,-21.829,149.647,-1750.26,0.130332,4,OK,-21.7899,149.486,-1750.28,OK,-68.8196,146.547,-1733.25,OK,-89.7411,95.7645,-1734.96,OK,-29.2498,90.8513,-1758.6,,365943184,Port:2,0,1773324653,68826765,Enabled,0.930148,0.0312397,0.0353379,0.364142,-87.4862,271.261,-1592.34,0.14335,3,OK,-87.3127,271.329,-1592.35,OK,-129.018,241.321,-1589.62,OK,-130.196,317.587,-1587.04,,365943184,Port:3,0,1773324653,68826765,Missing,,,,,,,,,4,Missing,,,,Missing,,,,Missing,,,,Missing,,,,,365943184,Port:65535,0,1773324653,68826765,Missing,,,,,,,,,2,OK,-40.9757,206.025,-2040.49,OK,-64.3228,219.201,-2297.55,,,,,,,,,,,,,,,,,,,,,,,,
4,,365943187,Port:1,0,1773324653,118826765,50000000,Missing,,,,,,,,,4,OK,-41.0499,145.311,-1746.51,OK,-87.1521,135.724,-1726.71,OK,-101.328,82.7578,-1730.25,OK,-41.1663,86.7066,-1754.93,,365943187,Port:2,0,1773324653,118826765,Enabled,0.93016,0.0310034,0.0352909,0.364137,-87.4841,271.271,-1592.31,0.145663,3,OK,-87.3069,271.339,-1592.32,OK,-129.019,241.332,-1589.59,OK,-130.197,317.6,-1587.04,,365943187,Port:3,0,1773324653,118826765,Missing,,,,,,,,,4,Missing,,,,Missing,,,,Missing,,,,Missing,,,,,365943187,Port:65535,0,1773324653,118826765,Missing,,,,,,,,,4,OK,-43.2234,201.53,-2245.9,OK,-63.8888,219.257,-2293.99,OK,-44.6909,130.879,-1983.88,OK,-38.2864,104.433,-1567.09,,,,,,,,,,,,,,,,
4,,365943190,Port:1,0,1773324653,168826765,50000000,Enabled,0.723264,0.41905,-0.51676,0.185055,-57.1802,137.685,-1737.04,0.188571,4,OK,-57.1017,137.502,-1737.19,OK,-101.618,121.538,-1720.34,OK,-109.378,67.5392,-1726.99,OK,-49.9966,79.8938,-1750.74,,365943190,Port:2,0,1773324653,168826765,Enabled,0.93013,0.0307997,0.0355815,0.364203,-87.4884,271.278,-1592.32,0.144621,3,OK,-87.3144,271.349,-1592.33,OK,-129.016,241.332,-1589.57,OK,-130.205,317.603,-1587.06,,365943190,Port:3,0,1773324653,168826765,Missing,,,,,,,,,4,Missing,,,,Missing,,,,Missing,,,,Missing,,,,,365943190,Port:65535,0,1773324653,168826765,Missing,,,,,,,,,2,OK,-40.927,206.018,-2040.65,OK,-43.472,201.537,-2245.98,,,,,,,,,,,,,,,,,,,,,,,,
4,,365943193,Port:1,0,1773324653,218826765,50000000,Enabled,0.715283,0.426855,-0.523697,0.178623,-53.7844,135.107,-1734.15,0.181887,4,OK,-53.7605,134.888,-1734.28,OK,-98.3888,118.705,-1718.38,OK,-106.346,64.9481,-1726.52,OK,-46.7121,77.7,-1749.33,,365943193,Port:2,0,1773324653,218826765,Enabled,0.930134,0.0311926,0.0354126,0.364175,-87.4858,271.277,-1592.32,0.143807,3,OK,-87.3122,271.347,-1592.33,OK,-129.016,241.335,-1589.59,OK,-130.198,317.597,-1587.02,,365943193,Port:3,0,1773324653,218826765,Missing,,,,,,,,,4,Missing,,,,Missing,,,,Missing,,,,Missing,,,,,365943193,Port:65535,0,1773324653,218826765,Missing,,,,,,,,,3,OK,-40.9344,206.014,-2040.58,OK,-43.4796,201.533,-2245.92,OK,-61.2065,221.577,-2122.4,,,,,,,,,,,,,,,,,,,,
4,,365943196,Port:1,0,1773324653,268826765,50000000,Enabled,0.750127,0.37479,-0.531354,0.120437,-28.5788,141.941,-1738.97,0.144875,4,OK,-28.5141,141.789,-1739.06,OK,-74.2063,133.328,-1720.17,OK,-90.8512,81.2085,-1725.37,OK,-31.4324,83.6044,-1751.96,,365943196,Port:2,0,1773324653,268826765,Enabled,0.930129,0.0307092,0.0356479,0.364206,-87.4823,271.27,-1592.31,0.142993,3,OK,-87.3099,271.338,-1592.32,OK,-129.008,241.324,-1589.55,OK,-130.199,317.596,-1587.05,,365943196,Port:3,0,1773324653,268826765,Missing,,,,,,,,,4,Missing,,,,Missing,,,,Missing,,,,Missing,,,,,365943196,Port:65535,0,1773324653,268826765,Missing,,,,,,,,,2,OK,-44.1452,201.588,-2243.81,OK,-31.9226,126.748,-1977.28,,,,,,,,,,,,,,,,,,,,,,,,
4,,365943199,Port:1,0,1773324653,318826765,50000000,Missing,,,,,,,,,4,OK,-12.3549,148.321,-1746.23,OK,-58.7563,147.202,-1730.09,OK,-82.0329,97.4345,-1731.22,OK,-22.8594,89.954,-1757.44,,365943199,Port:2,0,1773324653,318826765,Enabled,0.930132,0.0310374,0.0354894,0.364186,-87.4834,271.263,-1592.34,0.142011,3,OK,-87.3132,271.333,-1592.35,OK,-129.01,241.317,-1589.6,OK,-130.196,317.59,-1587.05,,365943199,Port:3,0,1773324653,318826765,Missing,,,,,,,,,4,Missing,,,,Missing,,,,Missing,,,,Missing,,,,,365943199,Port:65535,0,1773324653,318826765,Missing,,,,,,,,,6,OK,-40.918,206.02,-2040.61,OK,-63.8675,219.232,-2295.5,OK,-12.3549,148.321,-1746.23,OK,-22.8594,89.954,-1757.44,OK,-58.7563,147.202,-1730.09,OK,-82.0329,97.4345,-1731.22,,,,,,,,
4,,365943202,Port:1,0,1773324653,368826765,50000000,Enabled,0.753143,0.338024,-0.550002,0.126541,-27.4431,147.288,-1747.17,0.137394,4,OK,-27.3916,147.134,-1747.24,OK,-74.0724,141.816,-1729.71,OK,-92.8833,90.2499,-1732.51,OK,-32.4794,88.4432,-1756.82,,365943202,Port:2,0,1773324653,368826765,Enabled,0.930147,0.0309064,0.0349753,0.364208,-87.4776,271.266,-1592.28,0.141437,3,OK,-87.3066,271.333,-1592.29,OK,-129.006,241.321,-1589.59,OK,-130.198,317.592,-1587.03,,365943202,Port:3,0,1773324653,368826765,Missing,,,,,,,,,4,Missing,,,,Missing,,,,Missing,,,,Missing,,,,,365943202,Port:65535,0,1773324653,368826765,Missing,,,,,,,,,0,,,,,,,,,,,,,,,,,,,,,,,,,,,,,,,,
4,,365943205,Port:1,0,1773324653,418826765,50000000,Enabled,0.734906,0.400683,-0.52171,0.164877,-49.5225,139.464,-1738.03,0.157516,4,OK,-49.4365,139.323,-1738.15,OK,-94.5226,126.063,-1720.5,OK,-105.443,72.5103,-1726.2,OK,-45.8603,81.1735,-1751.02,,365943205,Port:2,0,1773324653,418826765,Enabled,0.930134,0.0311197,0.0355114,0.364171,-87.4879,271.273,-1592.32,0.142365,3,OK,-87.3149,271.34,-1592.33,OK,-129.015,241.331,-1589.58,OK,-130.201,317.601,-1587.02,,365943205,Port:3,0,1773324653,418826765,Missing,,,,,,,,,4,Missing,,,,Missing,,,,Missing,,,,Missing,,,,,365943205,Port:65535,0,1773324653,418826765,Missing,,,,,,,,,2,OK,-43.4797,201.528,-2245.92,OK,-40.8695,206.009,-2040.65,,,,,,,,,,,,,,,,,,,,,,,,
4,,365943208,Port:1,0,1773324653,468826765,50000000,Enabled,0.713063,0.433693,-0.522944,0.173149,-56.5136,132.593,-1731.23,0.189219,4,OK,-56.4776,132.368,-1731.36,OK,-101.038,115.883,-1715.48,OK,-108.984,62.2793,-1724.48,OK,-49.4715,75.4652,-1747.45,,365943208,Port:2,0,1773324653,468826765,Enabled,0.930152,0.0310552,0.0353154,0.36415,-87.4864,271.277,-1592.33,0.143901,3,OK,-87.3119,271.345,-1592.35,OK,-129.018,241.336,-1589.61,OK,-130.199,317.608,-1587.05,,365943208,Port:3,0,1773324653,468826765,Missing,,,,,,,,,4,Missing,,,,Missing,,,,Missing,,,,Missing,,,,,365943208,Port:65535,0,1773324653,468826765,Missing,,,,,,,,,2,OK,-40.926,206.016,-2040.66,OK,-43.4827,201.537,-2245.93,,,,,,,,,,,,,,,,,,,,,,,,
4,,365943211,Port:1,0,1773324653,518826765,50000000,Enabled,0.736055,0.407242,-0.522109,0.14064,-39.8999,136.741,-1733.59,0.153503,4,OK,-39.7971,136.592,-1733.66,OK,-84.9174,124.059,-1715.57,OK,-97.515,71.0754,-1722.71,OK,-38.2663,78.8619,-1748.67,,365943211,Port:2,0,1773324653,518826765,Enabled,0.930155,0.0308507,0.0354744,0.364144,-87.4863,271.269,-1592.31,0.142965,3,OK,-87.3132,271.336,-1592.32,OK,-129.016,241.328,-1589.57,OK,-130.199,317.601,-1587.05,,365943211,Port:3,0,1773324653,518826765,Missing,,,,,,,,,4,Missing,,,,Missing,,,,Missing,,,,Missing,,,,,365943211,Port:65535,0,1773324653,518826765,Missing,,,,,,,,,6,OK,-42.9186,201.533,-2245.56,OK,-36.4519,86.2087,-1674.62,OK,-36.5381,97.5957,-1559.93,OK,-63.9362,219.249,-2295.03,OK,-45.7938,198.564,-2381.72,OK,-42.1985,120.856,-1970.69,,,,,,,,
4,,365943214,Port:1,0,1773324653,568826765,50000000,Enabled,0.764288,0.337099,-0.540017,0.103005,-18.5498,144.981,-1743.98,0.124796,4,OK,-18.5035,144.837,-1744.03,OK,-64.523,140.737,-1724.65,OK,-85.1227,89.8511,-1727.28,OK,-25.9675,86.4997,-1754.21,,365943214,Port:2,0,1773324653,568826765,Enabled,0.930141,0.0310093,0.0355979,0.364155,-87.4831,271.26,-1592.33,0.143841,3,OK,-87.308,271.329,-1592.34,OK,-129.014,241.323,-1589.58,OK,-130.194,317.584,-1587.04,,365943214,Port:3,0,1773324653,568826765,Missing,,,,,,,,,4,Missing,,,,Missing,,,,Missing,,,,Missing,,,,,365943214,Port:65535,0,1773324653,568826765,Missing,,,,,,,,,2,OK,-64.275,219.233,-2296.98,OK,-40.9161,206.031,-2040.68,,,,,,,,,,,,,,,,,,,,,,,,
4,,365943217,Port:1,0,1773324653,618826765,50000000,Enabled,0.758031,0.322807,-0.555907,0.110236,-19.954,147.608,-1747.83,0.132537,4,OK,-19.9179,147.454,-1747.91,OK,-66.7197,144.429,-1730.17,OK,-87.8949,93.7815,-1732.57,OK,-27.7753,88.9905,-1757.05,,365943217,Port:2,0,1773324653,618826765,Enabled,0.930113,0.0311108,0.0358527,0.364192,-87.4808,271.265,-1592.35,0.144747,3,OK,-87.3049,271.333,-1592.36,OK,-129.007,241.32,-1589.58,OK,-130.195,317.589,-1587.04,,365943217,Port:3,0,1773324653,618826765,Missing,,,,,,,,,4,Missing,,,,Missing,,,,Missing,,,,Missing,,,,,365943217,Port:65535,0,1773324653,618826765,Missing,,,,,,,,,2,OK,-40.9036,206.012,-2040.55,OK,-64.2588,219.204,-2297.11,,,,,,,,,,,,,,,,,,,,,,,,
4,,365943220,Port:1,0,1773324653,668826765,50000000,Enabled,0.74831,0.369807,-0.532373,0.140904,-38.1059,142.999,-1741.5,0.24849,4,OK,-37.9808,142.823,-1741.73,OK,-83.9226,133.726,-1723.22,OK,-99.1653,81.099,-1727.52,OK,-39.2097,84.3262,-1752.82,,365943220,Port:2,0,1773324653,668826765,Enabled,0.930144,0.0310537,0.0353017,0.364174,-87.4833,271.274,-1592.3,0.142749,3,OK,-87.3115,271.346,-1592.32,OK,-129.014,241.335,-1589.58,OK,-130.195,317.594,-1587.02,,365943220,Port:3,0,1773324653,668826765,Missing,,,,,,,,,4,Missing,,,,Missing,,,,Missing,,,,Missing,,,,,365943220,Port:65535,0,1773324653,668826765,Missing,,,,,,,,,7,OK,-63.7222,219.256,-2294.05,OK,-42.7234,201.524,-2245.92,OK,-39.1096,132.637,-1904.8,OK,-41.046,206.419,-2021.88,OK,-46.0128,199.214,-2351.85,OK,-41.7304,127.937,-1980.22,OK,-36.1231,102.442,-1563.84,,,,
4,,365943223,Port:1,0,1773324653,718826765,50000000,Enabled,0.724976,0.407545,-0.53095,0.162506,-50.3441,136.333,-1734.68,0.194568,4,OK,-50.3133,136.116,-1734.83,OK,-95.6582,122.567,-1718.32,OK,-106.472,69.1926,-1725.58,OK,-46.4384,78.3928,-1748.92,,365943223,Port:2,0,1773324653,718826765,Enabled,0.930163,0.0307678,0.0351141,0.364166,-87.4832,271.277,-1592.3,0.14139,3,OK,-87.3111,271.34,-1592.31,OK,-129.012,241.335,-1589.59,OK,-130.201,317.611,-1587.06,,365943223,Port:3,0,1773324653,718826765,Missing,,,,,,,,,4,Missing,,,,Missing,,,,Missing,,,,Missing,,,,,365943223,Port:65535,0,1773324653,718826765,Missing,,,,,,,,,2,OK,-40.9044,206.024,-2040.64,OK,-43.4831,201.543,-2246.01,,,,,,,,,,,,,,,,,,,,,,,,
4,,365943226,Port:1,0,1773324653,768826765,50000000,Enabled,0.734644,0.396123,-0.528666,0.154589,-43.0325,138.067,-1736.64,0.216512,4,OK,-42.8525,137.887,-1736.78,OK,-88.5194,125.697,-1719.37,OK,-100.679,72.4603,-1725.43,OK,-40.8009,79.8482,-1750.02,,365943226,Port:2,0,1773324653,768826765,Enabled,0.930103,0.0311733,0.0358519,0.364214,-87.4832,271.28,-1592.34,0.145815,3,OK,-87.3072,271.35,-1592.35,OK,-129.009,241.332,-1589.57,OK,-130.197,317.599,-1587.02,,365943226,Port:3,0,1773324653,768826765,Missing,,,,,,,,,4,Missing,,,,Missing,,,,Missing,,,,Missing,,,,,365943226,Port:65535,0,1773324653,768826765,Missing,,,,,,,,,3,OK,-43.2819,201.535,-2245.8,OK,-64.0877,219.24,-2294.94,OK,-38.9342,98.4504,-1561.36,,,,,,,,,,,,,,,,,,,,
4,,365943229,Port:1,0,1773324653,818826765,50000000,Enabled,0.764189,0.341705,-0.533943,0.118988,-23.4042,145.988,-1745.51,0.137702,4,OK,-23.3491,145.838,-1745.57,OK,-69.2428,140.434,-1726.14,OK,-88.1389,88.858,-1728.2,OK,-28.8033,87.1708,-1755.1,,365943229,Port:2,0,1773324653,818826765,Enabled,0.930144,0.03103,0.0353163,0.364174,-87.4804,271.265,-1592.31,0.142921,3,OK,-87.3061,271.33,-1592.32,OK,-129.009,241.323,-1589.59,OK,-130.197,317.594,-1587.03,,365943229,Port:3,0,1773324653,818826765,Missing,,,,,,,,,4,Missing,,,,Missing,,,,Missing,,,,Missing,,,,,365943229,Port:65535,0,1773324653,818826765,Missing,,,,,,,,,2,OK,-43.5784,201.634,-2241.8,OK,-41.1052,206.029,-2040.41,,,,,,,,,,,,,,,,,,,,,,,,
4,,365943232,Port:1,0,1773324653,868826765,50000000,Enabled,0.759151,0.313363,-0.559402,0.112083,-19.1417,149.352,-1750.39,0.132909,4,OK,-19.0956,149.196,-1750.38,OK,-66.0727,146.947,-1733.12,OK,-87.746,96.4642,-1734.68,OK,-27.4945,90.6713,-1758.78,,365943232,Port:2,0,1773324653,868826765,Enabled,0.930129,0.0308574,0.035494,0.364209,-87.4827,271.265,-1592.33,0.14416,3,OK,-87.309,271.334,-1592.35,OK,-129.01,241.318,-1589.59,OK,-130.2,317.589,-1587.07,,365943232,Port:3,0,1773324653,868826765,Missing,,,,,,,,,4,Missing,,,,Missing,,,,Missing,,,,Missing,,,,,365943232,Port:65535,0,1773324653,868826765,Missing,,,,,,,,,2,OK,-40.9089,205.996,-2040.58,OK,-64.0971,219.201,-2296.35,,,,,,,,,,,,,,,,,,,,,,,,
4,,365943235,Port:1,0,1773324653,918826765,50000000,Enabled,0.749578,0.356046,-0.540474,0.138747,-35.4195,145.445,-1744.57,0.185255,4,OK,-35.3406,145.273,-1744.71,OK,-81.6546,137.604,-1726.82,OK,-98.1068,85.2995,-1730.32,OK,-37.8202,86.5915,-1754.96,,365943235,Port:2,0,1773324653,918826765,Enabled,0.930126,0.031242,0.0356041,0.364173,-87.487,271.276,-1592.33,0.146743,3,OK,-87.31,271.348,-1592.35,OK,-129.019,241.333,-1589.59,OK,-130.197,317.595,-1587.02,,365943235,Port:3,0,1773324653,918826765,Missing,,,,,,,,,4,Missing,,,,Missing,,,,Missing,,,,Missing,,,,,365943235,Port:65535,0,1773324653,918826765,Missing,,,,,,,,,5,OK,-39.4054,206.612,-2013.65,OK,-63.5341,219.284,-2292.53,OK,-39.4373,130.715,-1983.75,OK,-44.9149,199.492,-2340.37,OK,-34.3249,104.459,-1565.7,,,,,,,,,,,,
4,,365943238,Port:1,0,1773324653,968826765,50000000,Enabled,0.731256,0.39556,-0.530904,0.164129,-49.3135,138.77,-1737.85,0.182718,4,OK,-49.26,138.567,-1737.99,OK,-94.7856,125.965,-1721.13,OK,-106.264,72.5593,-1727.03,OK,-46.142,80.4548,-1750.72,,365943238,Port:2,0,1773324653,968826765,Enabled,0.930155,0.0308333,0.0352757,0.364166,-87.484,271.271,-1592.3,0.141856,3,OK,-87.3143,271.34,-1592.31,OK,-129.013,241.326,-1589.58,OK,-130.198,317.604,-1587.05,,365943238,Port:3,0,1773324653,968826765,Missing,,,,,,,,,4,Missing,,,,Missing,,,,Missing,,,,Missing,,,,,365943238,Port:65535,0,1773324653,968826765,Missing,,,,,,,,,2,OK,-40.8814,206.008,-2040.61,OK,-43.4895,201.528,-2245.86,,,,,,,,,,,,,,,,,,,,,,,,
4,,365943241,Port:1,0,1773324654,18826768,50000003,Enabled,0.738103,0.388961,-0.526816,0.162416,-44.8381,139.324,-1738.96,0.337755,4,OK,-44.5024,139.156,-1739.22,OK,-90.3839,127.091,-1721.4,OK,-102.258,73.674,-1726.48,OK,-42.3734,80.926,-1750.95,,365943241,Port:2,0,1773324654,18826768,Enabled,0.930142,0.0308322,0.0357451,0.364152,-87.4831,271.27,-1592.32,0.144358,3,OK,-87.3094,271.339,-1592.34,OK,-129.012,241.325,-1589.55,OK,-130.194,317.603,-1587.05,,365943241,Port:3,0,1773324654,18826768,Missing,,,,,,,,,4,Missing,,,,Missing,,,,Missing,,,,Missing,,,,,365943241,Port:65535,0,1773324654,18826768,Missing,,,,,,,,,3,OK,-43.3463,201.522,-2245.93,OK,-64.2075,219.256,-2295.11,OK,-40.2573,99.3707,-1562.6,,,,,,,,,,,,,,,,,,,,
4,,365943244,Port:1,0,1773324654,68826768,50000000,Enabled,0.760415,0.345454,-0.533478,0.133533,-28.9476,145.734,-1746.18,0.155815,4,OK,-28.8825,145.573,-1746.23,OK,-74.8919,139.072,-1727.31,OK,-92.3176,86.9898,-1729.22,OK,-32.5671,86.7051,-1755.41,,365943244,Port:2,0,1773324654,68826768,Enabled,0.930146,0.0310434,0.0351683,0.364182,-87.4831,271.267,-1592.31,0.140723,3,OK,-87.3128,271.335,-1592.32,OK,-129.012,241.327,-1589.6,OK,-130.198,317.589,-1587.03,,365943244,Port:3,0,1773324654,68826768,Missing,,,,,,,,,4,Missing,,,,Missing,,,,Missing,,,,Missing,,,,,365943244,Port:65535,0,1773324654,68826768,Missing,,,,,,,,,0,,,,,,,,,,,,,,,,,,,,,,,,,,,,,,,,
4,,365943247,Port:1,0,1773324654,118826768,50000000,Enabled,0.757237,0.324528,-0.550864,0.133497,-26.5571,148.017,-1750.12,0.138243,4,OK,-26.5138,147.853,-1750.18,OK,-73.303,143.352,-1732.74,OK,-92.4016,91.8512,-1734.06,OK,-31.9052,88.9381,-1758,,365943247,Port:2,0,1773324654,118826768,Enabled,0.930144,0.0310234,0.0351587,0.364188,-87.4798,271.266,-1592.31,0.140136,3,OK,-87.312,271.334,-1592.32,OK,-129.007,241.321,-1589.6,OK,-130.194,317.591,-1587.04,,365943247,Port:3,0,1773324654,118826768,Missing,,,,,,,,,4,Missing,,,,Missing,,,,Missing,,,,Missing,,,,,365943247,Port:65535,0,1773324654,118826768,Missing,,,,,,,,,1,OK,-41.2967,206.023,-2040.22,,,,,,,,,,,,,,,,,,,,,,,,,,,,
4,,365943250,Port:1,0,1773324654,168826767,49999999,Enabled,0.751336,0.360897,-0.52966,0.157185,-39.9869,143.978,-1745.21,0.331885,4,OK,-39.814,143.804,-1745.55,OK,-85.8053,134.554,-1726.84,OK,-100.195,81.599,-1729.65,OK,-40.0589,84.9761,-1754.49,,365943250,Port:2,0,1773324654,168826767,Enabled,0.930162,0.0311148,0.0348367,0.364165,-87.4817,271.269,-1592.26,0.141304,3,OK,-87.3096,271.336,-1592.28,OK,-129.015,241.333,-1589.59,OK,-130.197,317.591,-1587,,365943250,Port:3,0,1773324654,168826767,Missing,,,,,,,,,4,Missing,,,,Missing,,,,Missing,,,,Missing,,,,,365943250,Port:65535,0,1773324654,168826767,Missing,,,,,,,,,6,OK,-43.0369,201.521,-2245.76,OK,-63.8361,219.282,-2294.32,OK,-42.0415,206.418,-2021.29,OK,-46.5375,199.246,-2349.69,OK,-43.2959,129.077,-1984.2,OK,-37.293,102.979,-1565.77,,,,,,,,
4,,365943253,Port:1,0,1773324654,218826767,50000000,Enabled,0.732411,0.397729,-0.523267,0.177699,-51.3814,137.537,-1738.43,0.171088,4,OK,-51.2964,137.355,-1738.53,OK,-96.4505,123.71,-1721.45,OK,-106.466,69.9184,-1726.46,OK,-46.6136,79.1551,-1750.48,,365943253,Port:2,0,1773324654,218826767,Enabled,0.930157,0.0309261,0.03498,0.364181,-87.4788,271.27,-1592.26,0.140649,3,OK,-87.3075,271.335,-1592.27,OK,-129.008,241.329,-1589.57,OK,-130.198,317.599,-1587.01,,365943253,Port:3,0,1773324654,218826767,Missing,,,,,,,,,4,Missing,,,,Missing,,,,Missing,,,,Missing,,,,,365943253,Port:65535,0,1773324654,218826767,Missing,,,,,,,,,2,OK,-40.9003,206.017,-2040.66,OK,-43.4651,201.539,-2245.88,,,,,,,,,,,,,,,,,,,,,,,,
4,,365943256,Port:1,0,1773324654,268826768,50000001,Enabled,0.728946,0.395418,-0.531432,0.172808,-47.4694,137.283,-1737.98,0.190581,4,OK,-47.4011,137.079,-1738.12,OK,-92.94,124.004,-1721.62,OK,-103.683,70.4198,-1727.24,OK,-43.4195,78.9362,-1750.38,,365943256,Port:2,0,1773324654,268826768,Enabled,0.930114,0.0310738,0.035747,0.364204,-87.4855,271.272,-1592.33,0.143085,3,OK,-87.3125,271.339,-1592.35,OK,-129.009,241.323,-1589.57,OK,-130.201,317.598,-1587.03,,365943256,Port:3,0,1773324654,268826768,Missing,,,,,,,,,4,Missing,,,,Missing,,,,Missing,,,,Missing,,,,,365943256,Port:65535,0,1773324654,268826768,Missing,,,,,,,,,3,OK,-42.1075,205.986,-2041.74,OK,-43.4271,201.531,-2245.97,OK,-64.4767,219.239,-2295.34,,,,,,,,,,,,,,,,,,,,
4,,365943259,Port:1,0,1773324654,318826768,50000000,Enabled,0.747154,0.350091,-0.548867,0.133952,-30.2134,143.684,-1743.52,0.140971,4,OK,-30.1533,143.52,-1743.58,OK,-76.8031,136.73,-1726.5,OK,-94.1915,84.7246,-1730.09,OK,-33.6127,84.8756,-1754.03,,365943259,Port:2,0,1773324654,318826768,Enabled,0.930142,0.0310521,0.0352676,0.364181,-87.4783,271.268,-1592.31,0.145145,3,OK,-87.3028,271.338,-1592.33,OK,-129.01,241.324,-1589.6,OK,-130.194,317.594,-1587.04,,365943259,Port:3,0,1773324654,318826768,Missing,,,,,,,,,4,Missing,,,,Missing,,,,Missing,,,,Missing,,,,,365943259,Port:65535,0,1773324654,318826768,Missing,,,,,,,,,0,,,,,,,,,,,,,,,,,,,,,,,,,,,,,,,,
4,,365943262,Port:1,0,1773324654,368826767,49999999,Enabled,0.741427,0.309335,-0.585227,0.110031,-21.1383,147.873,-1748.28,0.14226,4,OK,-21.0949,147.712,-1748.37,OK,-69.051,146.188,-1733.69,OK,-91.5434,96.2051,-1737.42,OK,-30.1332,89.4871,-1757.86,,365943262,Port:2,0,1773324654,368826767,Enabled,0.930148,0.0306785,0.0353672,0.364189,-87.4793,271.264,-1592.3,0.143427,3,OK,-87.3074,271.334,-1592.32,OK,-129.008,241.318,-1589.57,OK,-130.196,317.594,-1587.07,,365943262,Port:3,0,1773324654,368826767,Missing,,,,,,,,,4,Missing,,,,Missing,,,,Missing,,,,Missing,,,,,365943262,Port:65535,0,1773324654,368826767,Missing,,,,,,,,,2,OK,-40.9132,206.03,-2040.69,OK,-64.366,219.19,-2297.53,,,,,,,,,,,,,,,,,,,,,,,,
4,,365943265,Port:1,0,1773324654,418826767,50000000,Enabled,0.73519,0.32822,-0.578487,0.130844,-31.444,147.543,-1747.57,0.130979,4,OK,-31.3809,147.392,-1747.62,OK,-79.2521,142.968,-1733.35,OK,-98.786,91.7671,-1737.41,OK,-36.9516,88.8009,-1757.58,,365943265,Port:2,0,1773324654,418826767,Enabled,0.930132,0.0311585,0.0354052,0.364183,-87.4806,271.273,-1592.32,0.145304,3,OK,-87.3027,271.341,-1592.33,OK,-129.012,241.333,-1589.59,OK,-130.197,317.594,-1587.02,,365943265,Port:3,0,1773324654,418826767,Missing,,,,,,,,,4,Missing,,,,Missing,,,,Missing,,,,Missing,,,,,365943265,Port:65535,0,1773324654,418826767,Missing,,,,,,,,,1,OK,-44.174,199.699,-2329.67,,,,,,,,,,,,,,,,,,,,,,,,,,,,
4,,365943268,Port:1,0,1773324654,468826767,50000000,Missing,,,,,,,,,4,OK,-43.2923,143.334,-1744.99,OK,-90.9202,134.669,-1728.87,OK,-106.141,82.1767,-1734.35,OK,-44.3928,84.9291,-1754.75,,365943268,Port:2,0,1773324654,468826767,Enabled,0.930133,0.0310927,0.0354403,0.364183,-87.4875,271.272,-1592.32,0.140562,3,OK,-87.3197,271.342,-1592.34,OK,-129.013,241.326,-1589.59,OK,-130.199,317.598,-1587.03,,365943268,Port:3,0,1773324654,468826767,Missing,,,,,,,,,4,Missing,,,,Missing,,,,Missing,,,,Missing,,,,,365943268,Port:65535,0,1773324654,468826767,Missing,,,,,,,,,8,OK,-43.3366,201.533,-2245.92,OK,-64.1321,219.246,-2294.86,OK,-44.3928,84.9291,-1754.75,OK,-40.6596,102.874,-1566.65,OK,-47.8787,128.617,-1982.39,OK,-43.2923,143.334,-1744.99,OK,-90.9202,134.669,-1728.87,OK,-106.141,82.1767,-1734.35
4,,365943271,Port:1,0,1773324654,518826768,50000001,Enabled,0.719377,0.379343,-0.559544,0.159703,-46.3857,140.515,-1740.46,0.313137,4,OK,-46.0927,140.363,-1740.71,OK,-93.3907,129.613,-1726.23,OK,-106.676,76.7317,-1732.96,OK,-44.9889,82.1691,-1753.12,,365943271,Port:2,0,1773324654,518826768,Enabled,0.930168,0.0307655,0.0351971,0.364146,-87.481,271.268,-1592.29,0.142786,3,OK,-87.3074,271.332,-1592.3,OK,-129.012,241.326,-1589.58,OK,-130.197,317.606,-1587.05,,365943271,Port:3,0,1773324654,518826768,Missing,,,,,,,,,4,Missing,,,,Missing,,,,Missing,,,,Missing,,,,,365943271,Port:65535,0,1773324654,518826768,Missing,,,,,,,,,2,OK,-43.4201,201.537,-2245.85,OK,-64.3586,219.257,-2295.05,,,,,,,,,,,,,,,,,,,,,,,,
4,,365943274,Port:1,0,1773324654,568826768,50000000,Enabled,0.728749,0.366686,-0.560246,0.143492,-38.5983,141.519,-1740.83,0.2256,4,OK,-38.4808,141.347,-1741.03,OK,-85.6156,132.661,-1725.74,OK,-101.272,80.3592,-1731.81,OK,-39.8199,83.0354,-1753.1,,365943274,Port:2,0,1773324654,568826768,Enabled,0.930115,0.0310317,0.0357112,0.364208,-87.4827,271.268,-1592.33,0.145548,3,OK,-87.306,271.336,-1592.34,OK,-129.009,241.32,-1589.57,OK,-130.2,317.593,-1587.03,,365943274,Port:3,0,1773324654,568826768,Missing,,,,,,,,,4,Missing,,,,Missing,,,,Missing,,,,Missing,,,,,365943274,Port:65535,0,1773324654,568826768,Missing,,,,,,,,,1,OK,-63.7512,219.255,-2294.27,,,,,,,,,,,,,,,,,,,,,,,,,,,,
4,,365943277,Port:1,0,1773324654,618826767,49999999,Enabled,0.728757,0.345288,-0.577735,0.126141,-32.273,143.417,-1742.49,0.15918,4,OK,-32.1993,143.244,-1742.59,OK,-80.0102,137.619,-1728.36,OK,-98.7486,86.339,-1734.23,OK,-36.9072,84.9986,-1754.5,,365943277,Port:2,0,1773324654,618826767,Enabled,0.930134,0.0310329,0.0355051,0.364181,-87.4841,271.27,-1592.31,0.141605,3,OK,-87.314,271.339,-1592.32,OK,-129.01,241.325,-1589.57,OK,-130.197,317.598,-1587.02,,365943277,Port:3,0,1773324654,618826767,Missing,,,,,,,,,4,Missing,,,,Missing,,,,Missing,,,,Missing,,,,,365943277,Port:65535,0,1773324654,618826767,Missing,,,,,,,,,0,,,,,,,,,,,,,,,,,,,,,,,,,,,,,,,,
4,,365943280,Port:1,0,1773324654,668826767,50000000,Enabled,0.729481,0.345912,-0.575239,0.131537,-34.2582,144.726,-1744.06,0.164032,4,OK,-34.1831,144.557,-1744.17,OK,-81.9221,138.542,-1729.81,OK,-100.154,87.0291,-1735.37,OK,-38.3016,86.1807,-1755.67,,365943280,Port:2,0,1773324654,668826767,Enabled,0.93013,0.0312325,0.0355738,0.364167,-87.4842,271.27,-1592.34,0.143871,3,OK,-87.3096,271.338,-1592.35,OK,-129.013,241.328,-1589.6,OK,-130.196,317.594,-1587.03,,365943280,Port:3,0,1773324654,668826767,Missing,,,,,,,,,4,Missing,,,,Missing,,,,Missing,,,,Missing,,,,,365943280,Port:65535,0,1773324654,668826767,Missing,,,,,,,,,1,OK,-63.4346,219.282,-2292.19,,,,,,,,,,,,,,,,,,,,,,,,,,,,
4,,365943283,Port:1,0,1773324654,718826767,50000000,Enabled,0.733184,0.348772,-0.566228,0.142074,-38.9227,145.508,-1746,0.381041,4,OK,-38.7662,145.291,-1746.39,OK,-86.3237,138.326,-1730.87,OK,-103.389,86.3784,-1736.04,OK,-41.638,86.8311,-1756.64,,365943283,Port:2,0,1773324654,718826767,Enabled,0.930135,0.0310148,0.0353674,0.364191,-87.4843,271.276,-1592.33,0.142104,3,OK,-87.3124,271.344,-1592.34,OK,-129.012,241.332,-1589.6,OK,-130.2,317.6,-1587.05,,365943283,Port:3,0,1773324654,718826767,Missing,,,,,,,,,4,Missing,,,,Missing,,,,Missing,,,,Missing,,,,,365943283,Port:65535,0,1773324654,718826767,Missing,,,,,,,,,2,OK,-43.0061,201.538,-2245.96,OK,-63.7686,219.261,-2294.04,,,,,,,,,,,,,,,,,,,,,,,,
4,,365943286,Port:1,0,1773324654,768826768,50000001,Missing,,,,,,,,,4,OK,-42.5804,145.548,-1749.35,OK,-90.238,137.761,-1732.26,OK,-106.229,85.4254,-1737.13,OK,-44.4992,87.0627,-1757.74,,365943286,Port:2,0,1773324654,768826768,Enabled,0.930139,0.0309766,0.0354657,0.364176,-87.4816,271.271,-1592.31,0.142853,3,OK,-87.3077,271.339,-1592.32,OK,-129.011,241.333,-1589.57,OK,-130.196,317.593,-1587.03,,365943286,Port:3,0,1773324654,768826768,Missing,,,,,,,,,4,Missing,,,,Missing,,,,Missing,,,,Missing,,,,,365943286,Port:65535,0,1773324654,768826768,Missing,,,,,,,,,8,OK,-43.3282,201.517,-2245.83,OK,-64.0816,219.255,-2294.39,OK,-44.4992,87.0627,-1757.74,OK,-40.4057,104.717,-1569.91,OK,-47.5115,131.182,-1986.56,OK,-42.5804,145.548,-1749.35,OK,-90.238,137.761,-1732.26,OK,-106.229,85.4254,-1737.13
4,,365943289,Port:1,0,1773324654,818826768,50000000,Enabled,0.732009,0.355701,-0.559656,0.156284,-45.2357,146.061,-1747.86,0.200387,4,OK,-45.1139,145.89,-1748.02,OK,-92.3295,137.442,-1732.91,OK,-107.639,84.8481,-1737.29,OK,-46.012,87.1855,-1758.25,,365943289,Port:2,0,1773324654,818826768,Enabled,0.930157,0.0307073,0.035263,0.364172,-87.4827,271.269,-1592.29,0.139407,3,OK,-87.3129,271.333,-1592.31,OK,-129.009,241.33,-1589.57,OK,-130.2,317.6,-1587.06,,365943289,Port:3,0,1773324654,818826768,Missing,,,,,,,,,4,Missing,,,,Missing,,,,Missing,,,,Missing,,,,,365943289,Port:65535,0,1773324654,818826768,Missing,,,,,,,,,2,OK,-43.4381,201.537,-2245.97,OK,-64.2877,219.236,-2294.54,,,,,,,,,,,,,,,,,,,,,,,,
4,,365943292,Port:1,0,1773324654,868826767,49999999,Enabled,0.731527,0.360089,-0.555923,0.161722,-47.5602,145.683,-1747.51,0.177999,4,OK,-47.4826,145.514,-1747.65,OK,-94.4534,136.353,-1732.43,OK,-108.944,83.5184,-1736.77,OK,-47.4407,86.7664,-1757.86,,365943292,Port:2,0,1773324654,868826767,Enabled,0.930152,0.030935,0.0352302,0.36417,-87.4791,271.267,-1592.3,0.147184,3,OK,-87.3009,271.336,-1592.32,OK,-129.014,241.322,-1589.59,OK,-130.196,317.596,-1587.04,,365943292,Port:3,0,1773324654,868826767,Missing,,,,,,,,,4,Missing,,,,Missing,,,,Missing,,,,Missing,,,,,365943292,Port:65535,0,1773324654,868826767,Missing,,,,,,,,,2,OK,-40.877,206.016,-2040.85,OK,-43.4805,201.539,-2246.01,,,,,,,,,,,,,,,,,,,,,,,,
4,,365943295,Port:1,0,1773324654,918826767,50000000,Enabled,0.731572,0.371271,-0.545494,0.171455,-51.2823,144.305,-1746.07,0.157561,4,OK,-51.2081,144.15,-1746.18,OK,-97.6406,133.342,-1730.49,OK,-110.371,80.0663,-1734.72,OK,-49.2767,85.4338,-1756.58,,365943295,Port:2,0,1773324654,918826767,Enabled,0.930129,0.0314245,0.0355058,0.36416,-87.4879,271.273,-1592.34,0.141923,3,OK,-87.3154,271.34,-1592.35,OK,-129.016,241.333,-1589.61,OK,-130.197,317.594,-1587.01,,365943295,Port:3,0,1773324654,918826767,Missing,,,,,,,,,4,Missing,,,,Missing,,,,Missing,,,,Missing,,,,,365943295,Port:65535,0,1773324654,918826767,Missing,,,,,,,,,2,OK,-40.9255,206.021,-2040.55,OK,-43.4817,201.539,-2245.95,,,,,,,,,,,,,,,,,,,,,,,,
4,,365943298,Port:1,0,1773324654,968826767,50000000,Enabled,0.730811,0.383482,-0.533318,0.18555,-55.8293,142.87,-1745.13,0.166179,4,OK,-55.7408,142.718,-1745.26,OK,-101.503,129.929,-1729.03,OK,-111.959,76.1483,-1733.11,OK,-51.4007,84.1346,-1755.6,,365943298,Port:2,0,1773324654,968826767,Enabled,0.930133,0.0310804,0.035591,0.364171,-87.4842,271.273,-1592.32,0.144689,3,OK,-87.3104,271.343,-1592.33,OK,-129.014,241.327,-1589.57,OK,-130.195,317.599,-1587.02,,365943298,Port:3,0,1773324654,968826767,Missing,,,,,,,,,4,Missing,,,,Missing,,,,Missing,,,,Missing,,,,,365943298,Port:65535,0,1773324654,968826767,Missing,,,,,,,,,2,OK,-40.9064,206.016,-2040.52,OK,-43.482,201.535,-2245.82,,,,,,,,,,,,,,,,,,,,,,,,
4,,365943301,Port:1,0,1773324655,18826768,50000001,Enabled,0.731125,0.391468,-0.522829,0.197128,-59.8467,142.558,-1745.31,0.157594,4,OK,-59.7703,142.403,-1745.42,OK,-104.914,128.204,-1728.71,OK,-113.597,74.0679,-1732.42,OK,-53.5383,83.9313,-1755.57,,365943301,Port:2,0,1773324655,18826768,Enabled,0.930148,0.0310334,0.0354852,0.364146,-87.4898,271.273,-1592.34,0.142126,3,OK,-87.3168,271.339,-1592.35,OK,-129.019,241.334,-1589.6,OK,-130.201,317.602,-1587.05,,365943301,Port:3,0,1773324655,18826768,Missing,,,,,,,,,4,Missing,,,,Missing,,,,Missing,,,,Missing,,,,,365943301,Port:65535,0,1773324655,18826768,Missing,,,,,,,,,3,OK,-40.9055,206.006,-2040.68,OK,-43.4778,201.527,-2245.92,OK,-63.625,219.248,-2294.96,,,,,,,,,,,,,,,,,,,,
4,,365943304,Port:1,0,1773324655,68826768,50000000,Enabled,0.732029,0.395248,-0.513387,0.210586,-63.4718,142.558,-1746.05,0.15937,4,OK,-63.3674,142.4,-1746.14,OK,-107.994,127.037,-1729.03,OK,-115.023,72.6202,-1731.93,OK,-55.4366,84.0441,-1755.6,,365943304,Port:2,0,1773324655,68826768,Enabled,0.930128,0.0313303,0.0354635,0.364173,-87.4886,271.274,-1592.32,0.144348,3,OK,-87.3143,271.343,-1592.33,OK,-129.019,241.329,-1589.59,OK,-130.2,317.596,-1587,,365943304,Port:3,0,1773324655,68826768,Missing,,,,,,,,,4,Missing,,,,Missing,,,,Missing,,,,Missing,,,,,365943304,Port:65535,0,1773324655,68826768,Missing,,,,,,,,,3,OK,-40.9327,206.024,-2040.52,OK,-43.4778,201.541,-2245.97,OK,-63.7161,219.242,-2295.08,,,,,,,,,,,,,,,,,,,,
4,,365943307,Port:1,0,1773324655,118826768,50000000,Enabled,0.730401,0.398018,-0.510803,0.217202,-66.356,141.998,-1745.97,0.181806,4,OK,-66.2585,141.842,-1746.12,OK,-110.652,125.836,-1728.94,OK,-116.867,71.3179,-1731.83,OK,-57.4136,83.5938,-1755.31,,365943307,Port:2,0,1773324655,118826768,Enabled,0.930141,0.0307864,0.0355474,0.36418,-87.4864,271.275,-1592.3,0.142211,3,OK,-87.3142,271.341,-1592.32,OK,-129.012,241.33,-1589.55,OK,-130.202,317.606,-1587.04,,365943307,Port:3,0,1773324655,118826768,Missing,,,,,,,,,4,Missing,,,,Missing,,,,Missing,,,,Missing,,,,,365943307,Port:65535,0,1773324655,118826768,Missing,,,,,,,,,3,OK,-40.914,206.019,-2040.65,OK,-43.4878,201.54,-2245.95,OK,-63.8453,219.23,-2295.15,,,,,,,,,,,,,,,,,,,,
4,,365943310,Port:1,0,1773324655,168826768,50000000,Enabled,0.727513,0.40427,-0.504402,0.229934,-70.3467,140.491,-1745.96,0.164433,4,OK,-70.2422,140.347,-1746.08,OK,-114.129,123.017,-1728.94,OK,-118.649,68.3214,-1731.52,OK,-59.5589,82.3563,-1755.07,,365943310,Port:2,0,1773324655,168826768,Enabled,0.930158,0.0306937,0.0353104,0.364166,-87.4815,271.271,-1592.29,0.141967,3,OK,-87.3087,271.337,-1592.31,OK,-129.01,241.332,-1589.56,OK,-130.199,317.603,-1587.05,,365943310,Port:3,0,1773324655,168826768,Missing,,,,,,,,,4,Missing,,,,Missing,,,,Missing,,,,Missing,,,,,365943310,Port:65535,0,1773324655,168826768,Missing,,,,,,,,,3,OK,-40.9189,206.019,-2040.62,OK,-43.4893,201.538,-2245.95,OK,-63.8541,219.232,-2295.23,,,,,,,,,,,,,,,,,,,,
4,,365943313,Port:1,0,1773324655,218826768,50000000,Enabled,0.724654,0.410981,-0.497076,0.242665,-73.7268,139.035,-1745.86,0.161286,4,OK,-73.6264,138.891,-1745.98,OK,-116.918,120.228,-1728.74,OK,-119.638,65.4021,-1731.1,OK,-61.052,81.2305,-1754.74,,365943313,Port:2,0,1773324655,218826768,Enabled,0.930135,0.031114,0.0353026,0.36419,-87.4864,271.281,-1592.31,0.143629,3,OK,-87.3134,271.351,-1592.32,OK,-129.016,241.336,-1589.59,OK,-130.201,317.602,-1587.02,,365943313,Port:3,0,1773324655,218826768,Missing,,,,,,,,,4,Missing,,,,Missing,,,,Missing,,,,Missing,,,,,365943313,Port:65535,0,1773324655,218826768,Missing,,,,,,,,,3,OK,-40.9294,206.021,-2040.69,OK,-43.4836,201.542,-2245.99,OK,-63.8545,219.242,-2295.2,,,,,,,,,,,,,,,,,,,,
4,,365943316,Port:1,0,1773324655,268826768,50000000,Enabled,0.726375,0.415573,-0.484259,0.255286,-76.0319,137.936,-1745.69,0.16289,4,OK,-75.9211,137.789,-1745.79,OK,-118.374,117.971,-1727.8,OK,-119.345,63.0506,-1729.37,OK,-61.5872,80.4731,-1753.96,,365943316,Port:2,0,1773324655,268826768,Enabled,0.930129,0.0311474,0.0354876,0.364184,-87.487,271.276,-1592.31,0.141464,3,OK,-87.3167,271.345,-1592.33,OK,-129.014,241.333,-1589.58,OK,-130.199,317.597,-1587.01,,365943316,Port:3,0,1773324655,268826768,Missing,,,,,,,,,4,Missing,,,,Missing,,,,Missing,,,,Missing,,,,,365943316,Port:65535,0,1773324655,268826768,Missing,,,,,,,,,3,OK,-40.9154,206.039,-2040.73,OK,-43.475,201.561,-2246.04,OK,-63.8484,219.256,-2295.29,,,,,,,,,,,,,,,,,,,,
4,,365943319,Port:1,0,1773324655,318826768,50000000,Enabled,0.73077,0.421653,-0.467874,0.263206,-75.9903,136.776,-1744.38,0.167407,4,OK,-75.8778,136.636,-1744.5,OK,-117.304,115.813,-1725.21,OK,-116.711,60.8728,-1726.22,OK,-60.0815,79.6482,-1752.4,,365943319,Port:2,0,1773324655,318826768,Enabled,0.930159,0.0306716,0.0352522,0.364171,-87.483,271.275,-1592.27,0.143563,3,OK,-87.3095,271.342,-1592.29,OK,-129.013,241.331,-1589.55,OK,-130.2,317.608,-1587.04,,365943319,Port:3,0,1773324655,318826768,Missing,,,,,,,,,4,Missing,,,,Missing,,,,Missing,,,,Missing,,,,,365943319,Port:65535,0,1773324655,318826768,Missing,,,,,,,,,3,OK,-40.9056,206.019,-2040.68,OK,-43.4594,201.541,-2245.9,OK,-63.8506,219.222,-2295.24,,,,,,,,,,,,,,,,,,,,
4,,365943322,Port:1,0,1773324655,368826768,50000000,Enabled,0.74132,0.419858,-0.454376,0.260203,-71.3625,137.339,-1742.65,0.155351,4,OK,-71.2566,137.2,-1742.74,OK,-112.044,116.7,-1721.91,OK,-111.498,61.7454,-1722,OK,-55.7209,80.0885,-1750.27,,365943322,Port:2,0,1773324655,368826768,Enabled,0.930126,0.0308909,0.0356256,0.364202,-87.4895,271.286,-1592.33,0.144202,3,OK,-87.3171,271.358,-1592.35,OK,-129.017,241.338,-1589.58,OK,-130.203,317.61,-1587.06,,365943322,Port:3,0,1773324655,368826768,Missing,,,,,,,,,4,Missing,,,,Missing,,,,Missing,,,,Missing,,,,,365943322,Port:65535,0,1773324655,368826768,Missing,,,,,,,,,3,OK,-40.908,206.031,-2040.6,OK,-43.4695,201.55,-2246.01,OK,-63.8371,219.236,-2295.16,,,,,,,,,,,,,,,,,,,,
4,,365943325,Port:1,0,1773324655,418826768,50000000,Enabled,0.761339,0.412555,-0.441182,0.235627,-60.9007,139.754,-1740.78,0.156618,4,OK,-60.8285,139.591,-1740.89,OK,-101.207,121.124,-1717.56,OK,-102.967,66.1807,-1717.01,OK,-48.1279,81.7967,-1748.44,,365943325,Port:2,0,1773324655,418826768,Enabled,0.930152,0.0308155,0.0355177,0.364152,-87.4893,271.277,-1592.31,0.138519,3,OK,-87.3212,271.338,-1592.33,OK,-129.012,241.334,-1589.57,OK,-130.203,317.615,-1587.05,,365943325,Port:3,0,1773324655,418826768,Missing,,,,,,,,,4,Missing,,,,Missing,,,,Missing,,,,Missing,,,,,365943325,Port:65535,0,1773324655,418826768,Missing,,,,,,,,,3,OK,-40.9201,206.012,-2040.6,OK,-43.4826,201.531,-2245.89,OK,-63.6027,219.26,-2294.62,,,,,,,,,,,,,,,,,,,,
4,,365943328,Port:1,0,1773324655,468826768,50000000,Enabled,0.774466,0.395596,-0.447349,0.208772,-51.2605,142.172,-1740.94,0.158016,4,OK,-51.1797,142.007,-1741.02,OK,-92.3371,126.509,-1716.93,OK,-97.7861,71.7985,-1715.67,OK,-42.5204,83.4399,-1748.23,,365943328,Port:2,0,1773324655,468826768,Enabled,0.930134,0.0309443,0.0354193,0.364197,-87.4879,271.274,-1592.3,0.144747,3,OK,-87.3135,271.344,-1592.31,OK,-129.017,241.327,-1589.57,OK,-130.204,317.6,-1587.03,,365943328,Port:3,0,1773324655,468826768,Missing,,,,,,,,,4,Missing,,,,Missing,,,,Missing,,,,Missing,,,,,365943328,Port:65535,0,1773324655,468826768,Missing,,,,,,,,,2,OK,-40.9113,206.01,-2040.46,OK,-43.4795,201.527,-2245.84,,,,,,,,,,,,,,,,,,,,,,,,
4,,365943331,Port:1,0,1773324655,518826768,50000000,Enabled,0.764119,0.385348,-0.471676,0.212489,-55.1119,142.004,-1742.1,0.15428,4,OK,-55.034,141.842,-1742.17,OK,-97.7201,127.126,-1720.34,OK,-104.218,72.5436,-1719.37,OK,-47.0553,83.0939,-1748.9,,365943331,Port:2,0,1773324655,518826768,Enabled,0.93011,0.031134,0.0357709,0.364206,-87.486,271.283,-1592.32,0.149228,3,OK,-87.3068,271.356,-1592.34,OK,-129.017,241.333,-1589.56,OK,-130.199,317.602,-1587.01,,365943331,Port:3,0,1773324655,518826768,Missing,,,,,,,,,4,Missing,,,,Missing,,,,Missing,,,,Missing,,,,,365943331,Port:65535,0,1773324655,518826768,Missing,,,,,,,,,2,OK,-43.4929,201.545,-2246.03,OK,-40.9258,206.025,-2040.7,,,,,,,,,,,,,,,,,,,,,,,,
4,,365943334,Port:1,0,1773324655,568826768,50000000,Enabled,0.717264,0.418379,-0.477236,0.287642,-84.378,132.479,-1742.29,0.164268,4,OK,-84.2779,132.342,-1742.41,OK,-125.876,110.404,-1724.88,OK,-123.513,55.5126,-1725.23,OK,-66.304,75.796,-1748.82,,365943334,Port:2,0,1773324655,568826768,Enabled,0.93014,0.030983,0.0354076,0.364179,-87.4851,271.274,-1592.29,0.14406,3,OK,-87.3129,271.346,-1592.3,OK,-129.016,241.329,-1589.55,OK,-130.197,317.599,-1587.01,,365943334,Port:3,0,1773324655,568826768,Missing,,,,,,,,,4,Missing,,,,Missing,,,,Missing,,,,Missing,,,,,365943334,Port:65535,0,1773324655,568826768,Missing,,,,,,,,,4,OK,-40.9146,206.013,-2040.54,OK,-43.4722,201.53,-2245.91,OK,-63.8469,219.244,-2295.26,OK,-113.822,74.866,-1555.91,,,,,,,,,,,,,,,,
4,,365943337,Port:1,0,1773324655,618826768,50000000,Enabled,0.656842,0.47296,-0.463805,0.360211,-114.799,115.378,-1739,0.227477,4,OK,-114.655,115.229,-1739.2,OK,-151.961,84.4928,-1725.56,OK,-138.501,31.3199,-1728.34,OK,-85.2469,63.94,-1746.66,,365943337,Port:2,0,1773324655,618826768,Enabled,0.930174,0.0307691,0.0350523,0.364145,-87.4849,271.278,-1592.28,0.140881,3,OK,-87.3138,271.344,-1592.29,OK,-129.016,241.341,-1589.57,OK,-130.2,317.61,-1587.04,,365943337,Port:3,0,1773324655,618826768,Missing,,,,,,,,,4,Missing,,,,Missing,,,,Missing,,,,Missing,,,,,365943337,Port:65535,0,1773324655,618826768,Missing,,,,,,,,,3,OK,-40.9172,206.01,-2040.64,OK,-43.4801,201.53,-2245.87,OK,-63.8385,219.232,-2295.22,,,,,,,,,,,,,,,,,,,,
4,,365943340,Port:1,0,1773324655,668826768,50000000,Enabled,0.627478,0.516557,-0.438228,0.383923,-127.401,102.923,-1732.57,0.258611,4,OK,-127.262,102.756,-1732.81,OK,-160.463,67.3514,-1720.03,OK,-140.972,16.3133,-1725.48,OK,-92.1906,55.6863,-1742.92,,365943340,Port:2,0,1773324655,668826768,Enabled,0.930155,0.0307608,0.0354096,0.364158,-87.4889,271.286,-1592.29,0.140614,3,OK,-87.3214,271.355,-1592.3,OK,-129.016,241.341,-1589.55,OK,-130.2,317.62,-1587.04,,365943340,Port:3,0,1773324655,668826768,Missing,,,,,,,,,4,Missing,,,,Missing,,,,Missing,,,,Missing,,,,,365943340,Port:65535,0,1773324655,668826768,Missing,,,,,,,,,3,OK,-40.9104,206.019,-2040.6,OK,-43.4854,201.538,-2245.92,OK,-63.8563,219.262,-2295.35,,,,,,,,,,,,,,,,,,,,
4,,365943343,Port:1,0,1773324655,718826768,50000000,Enabled,0.639294,0.531912,-0.419295,0.364094,-119.796,104.206,-1727.21,0.259884,4,OK,-119.67,104.042,-1727.46,OK,-152.007,68.5502,-1712.85,OK,-132.965,17.521,-1720.09,OK,-85.4161,57.0519,-1740.33,,365943343,Port:2,0,1773324655,718826768,Enabled,0.930174,0.0309169,0.0353826,0.3641,-87.4947,271.281,-1592.31,0.143231,3,OK,-87.3222,271.35,-1592.32,OK,-129.029,241.344,-1589.57,OK,-130.201,317.617,-1587.04,,365943343,Port:3,0,1773324655,718826768,Missing,,,,,,,,,4,Missing,,,,Missing,,,,Missing,,,,Missing,,,,,365943343,Port:65535,0,1773324655,718826768,Missing,,,,,,,,,3,OK,-40.9279,206.027,-2040.62,OK,-43.497,201.548,-2245.94,OK,-63.8445,219.25,-2295.24,,,,,,,,,,,,,,,,,,,,
4,,365943346,Port:1,0,1773324655,768826768,50000000,Enabled,0.683648,0.501252,-0.428819,0.312229,-96.0502,119.321,-1729.56,0.224233,4,OK,-95.9234,119.154,-1729.76,OK,-131.838,88.8042,-1712.1,OK,-120.181,35.4726,-1718.23,OK,-69.0991,67.5669,-1742.73,,365943346,Port:2,0,1773324655,768826768,Enabled,0.930149,0.0307833,0.0353828,0.364175,-87.4879,271.277,-1592.28,0.141947,3,OK,-87.3182,271.347,-1592.3,OK,-129.016,241.332,-1589.55,OK,-130.201,317.607,-1587.03,,365943346,Port:3,0,1773324655,768826768,Missing,,,,,,,,,4,Missing,,,,Missing,,,,Missing,,,,Missing,,,,,365943346,Port:65535,0,1773324655,768826768,Missing,,,,,,,,,3,OK,-40.9208,206.026,-2040.57,OK,-43.4762,201.546,-2245.9,OK,-63.8444,219.233,-2295.23,,,,,,,,,,,,,,,,,,,,
4,,365943349,Port:1,0,1773324655,818826768,50000000,Enabled,0.744931,0.416923,-0.457285,0.249287,-68.07,138.254,-1741.88,0.160045,4,OK,-67.9778,138.108,-1741.99,OK,-109.066,118.48,-1720.93,OK,-109.805,63.5261,-1721.29,OK,-53.8227,80.6915,-1749.8,,365943349,Port:2,0,1773324655,818826768,Enabled,0.930125,0.031068,0.0354805,0.364202,-87.4826,271.278,-1592.31,0.145079,3,OK,-87.3055,271.345,-1592.32,OK,-129.011,241.334,-1589.57,OK,-130.201,317.6,-1587.02,,365943349,Port:3,0,1773324655,818826768,Missing,,,,,,,,,4,Missing,,,,Missing,,,,Missing,,,,Missing,,,,,365943349,Port:65535,0,1773324655,818826768,Missing,,,,,,,,,3,OK,-40.9164,206.006,-2040.53,OK,-43.4832,201.523,-2245.87,OK,-63.8416,219.245,-2295.23,,,,,,,,,,,,,,,,,,,,
4,,365943352,Port:1,0,1773324655,868826768,50000000,Enabled,0.752397,0.370083,-0.489943,0.238522,-63.1551,144.24,-1751.6,0.141065,4,OK,-63.0777,144.097,-1751.68,OK,-106.844,129.289,-1732.19,OK,-112.568,74.6635,-1729.96,OK,-53.8052,85.2904,-1755.96,,365943352,Port:2,0,1773324655,868826768,Enabled,0.930138,0.0306846,0.0355366,0.364196,-87.4869,271.271,-1592.3,0.141847,3,OK,-87.3171,271.339,-1592.31,OK,-129.012,241.323,-1589.54,OK,-130.203,317.601,-1587.05,,365943352,Port:3,0,1773324655,868826768,Missing,,,,,,,,,4,Missing,,,,Missing,,,,Missing,,,,Missing,,,,,365943352,Port:65535,0,1773324655,868826768,Missing,,,,,,,,,4,OK,-63.6788,219.233,-2294.95,OK,-67.8915,217.224,-2443.13,OK,-40.9322,206.011,-2040.62,OK,-43.4964,201.53,-2245.89,,,,,,,,,,,,,,,,
4,,365943355,Port:1,0,1773324655,918826768,50000000,Enabled,0.714098,0.417933,-0.475573,0.298708,-87.0688,134.112,-1748.86,0.154463,4,OK,-86.9667,133.984,-1748.97,OK,-128.298,111.421,-1731.67,OK,-124.926,56.5872,-1731.45,OK,-67.9129,77.7227,-1754.65,,365943355,Port:2,0,1773324655,918826768,Enabled,0.930171,0.0310486,0.0351086,0.364124,-87.4914,271.276,-1592.31,0.146542,3,OK,-87.3134,271.345,-1592.32,OK,-129.029,241.337,-1589.61,OK,-130.204,317.608,-1587.04,,365943355,Port:3,0,1773324655,918826768,Missing,,,,,,,,,4,Missing,,,,Missing,,,,Missing,,,,Missing,,,,,365943355,Port:65535,0,1773324655,918826768,Missing,,,,,,,,,3,OK,-40.9229,206.014,-2040.58,OK,-43.4807,201.534,-2245.88,OK,-63.8486,219.226,-2295.29,,,,,,,,,,,,,,,,,,,,
4,,365943358,Port:1,0,1773324655,968826768,50000000,Enabled,0.674883,0.480254,-0.444648,0.340847,-107.211,119.173,-1739.9,0.211464,4,OK,-107.1,118.979,-1740.07,OK,-143.821,88.8629,-1723.99,OK,-131.296,35.4807,-1727.37,OK,-78.9023,67.3274,-1749.32,,365943358,Port:2,0,1773324655,968826768,Enabled,0.930131,0.0310739,0.0357676,0.364159,-87.4907,271.282,-1592.33,0.144145,3,OK,-87.3184,271.353,-1592.34,OK,-129.019,241.336,-1589.57,OK,-130.199,317.608,-1587.03,,365943358,Port:3,0,1773324655,968826768,Missing,,,,,,,,,4,Missing,,,,Missing,,,,Missing,,,,Missing,,,,,365943358,Port:65535,0,1773324655,968826768,Missing,,,,,,,,,3,OK,-40.9243,206.025,-2040.6,OK,-43.4916,201.544,-2245.99,OK,-63.8476,219.244,-2295.19,,,,,,,,,,,,,,,,,,,,
4,,365943361,Port:1,0,1773324656,18826768,50000000,Enabled,0.664221,0.511129,-0.430821,0.334591,-107.973,113.717,-1731.65,0.230292,4,OK,-107.854,113.535,-1731.86,OK,-142.767,81.2242,-1715.91,OK,-128.311,28.6329,-1722.4,OK,-78.0646,63.5571,-1744.55,,365943361,Port:2,0,1773324656,18826768,Enabled,0.93014,0.0308647,0.0357703,0.364154,-87.4896,271.283,-1592.3,0.143776,3,OK,-87.3161,271.351,-1592.31,OK,-129.017,241.339,-1589.53,OK,-130.201,317.614,-1587.02,,365943361,Port:3,0,1773324656,18826768,Missing,,,,,,,,,4,Missing,,,,Missing,,,,Missing,,,,Missing,,,,,365943361,Port:65535,0,1773324656,18826768,Missing,,,,,,,,,3,OK,-40.9122,206.019,-2040.72,OK,-43.4831,201.542,-2245.88,OK,-63.8539,219.235,-2295.17,,,,,,,,,,,,,,,,,,,,
4,,365943364,Port:1,0,1773324656,68826768,50000000,Enabled,0.700773,0.485719,-0.427992,0.299695,-94.4232,122.112,-1731.95,0.196271,4,OK,-94.2956,121.96,-1732.12,OK,-131.052,93.5759,-1713.03,OK,-121.658,39.6286,-1717.77,OK,-69.8577,68.9591,-1744.14,,365943364,Port:2,0,1773324656,68826768,Enabled,0.930148,0.0310239,0.0354814,0.364147,-87.4915,271.281,-1592.3,0.143213,3,OK,-87.3211,271.353,-1592.32,OK,-129.022,241.336,-1589.57,OK,-130.199,317.609,-1587.02,,365943364,Port:3,0,1773324656,68826768,Missing,,,,,,,,,4,Missing,,,,Missing,,,,Missing,,,,Missing,,,,,365943364,Port:65535,0,1773324656,68826768,Missing,,,,,,,,,3,OK,-40.9279,206.012,-2040.55,OK,-43.489,201.53,-2245.84,OK,-63.8616,219.241,-2295.25,,,,,,,,,,,,,,,,,,,,
4,,365943367,Port:1,0,1773324656,118826768,50000000,Enabled,0.72932,0.421386,-0.467514,0.268247,-79.691,133.404,-1740.26,0.167462,4,OK,-79.5819,133.244,-1740.36,OK,-120.924,112.186,-1721.24,OK,-119.88,57.2463,-1721.99,OK,-63.2813,76.389,-1747.96,,365943367,Port:2,0,1773324656,118826768,Enabled,0.930147,0.0309375,0.0354059,0.364164,-87.4858,271.283,-1592.3,0.145294,3,OK,-87.3096,271.351,-1592.31,OK,-129.018,241.34,-1589.56,OK,-130.2,317.611,-1587.03,,365943367,Port:3,0,1773324656,118826768,Missing,,,,,,,,,4,Missing,,,,Missing,,,,Missing,,,,Missing,,,,,365943367,Port:65535,0,1773324656,118826768,Missing,,,,,,,,,3,OK,-40.922,206.026,-2040.64,OK,-43.4793,201.547,-2245.91,OK,-63.863,219.249,-2295.23,,,,,,,,,,,,,,,,,,,,
4,,365943370,Port:1,0,1773324656,168826768,50000000,Enabled,0.738036,0.378891,-0.492835,0.262408,-75.3711,138.369,-1747.36,0.158185,4,OK,-75.2699,138.218,-1747.45,OK,-118.878,121.218,-1729.37,OK,-121.971,66.3957,-1727.38,OK,-62.982,79.9821,-1751.49,,365943370,Port:2,0,1773324656,168826768,Enabled,0.93012,0.0311162,0.0357224,0.364187,-87.4884,271.281,-1592.32,0.143477,3,OK,-87.3143,271.349,-1592.33,OK,-129.015,241.337,-1589.56,OK,-130.202,317.604,-1587.01,,365943370,Port:3,0,1773324656,168826768,Missing,,,,,,,,,4,Missing,,,,Missing,,,,Missing,,,,Missing,,,,,365943370,Port:65535,0,1773324656,168826768,Missing,,,,,,,,,3,OK,-40.9186,206.021,-2040.68,OK,-43.4995,201.543,-2245.91,OK,-63.8616,219.267,-2295.52,,,,,,,,,,,,,,,,,,,,
4,,365943373,Port:1,0,1773324656,218826768,50000000,Enabled,0.733071,0.389417,-0.487029,0.271595,-82.4156,136.753,-1746.99,0.14994,4,OK,-82.3237,136.6,-1747.08,OK,-125.322,118.146,-1729.03,OK,-126.698,63.2383,-1727.45,OK,-68.2514,78.799,-1751.56,,365943373,Port:2,0,1773324656,218826768,Enabled,0.930162,0.030951,0.0353933,0.364126,-87.491,271.273,-1592.29,0.1424,3,OK,-87.3173,271.339,-1592.3,OK,-129.023,241.337,-1589.56,OK,-130.202,317.603,-1587.02,,365943373,Port:3,0,1773324656,218826768,Missing,,,,,,,,,4,Missing,,,,Missing,,,,Missing,,,,Missing,,,,,365943373,Port:65535,0,1773324656,218826768,Missing,,,,,,,,,3,OK,-40.9279,206.014,-2040.73,OK,-43.4918,201.535,-2245.99,OK,-63.8502,219.222,-2295.11,,,,,,,,,,,,,,,,,,,,
4,,365943376,Port:1,0,1773324656,268826768,50000000,Enabled,0.732041,0.405846,-0.467973,0.28356,-91.702,133.948,-1745.25,0.152775,4,OK,-91.5992,133.787,-1745.31,OK,-133.175,113.216,-1726.26,OK,-131.811,58.3233,-1724.77,OK,-74.8243,76.771,-1750.44,,365943376,Port:2,0,1773324656,268826768,Enabled,0.930145,0.0309837,0.0354733,0.36416,-87.4912,271.282,-1592.31,0.144898,3,OK,-87.3174,271.352,-1592.33,OK,-129.022,241.336,-1589.58,OK,-130.203,317.612,-1587.04,,365943376,Port:3,0,1773324656,268826768,Missing,,,,,,,,,4,Missing,,,,Missing,,,,Missing,,,,Missing,,,,,365943376,Port:65535,0,1773324656,268826768,Missing,,,,,,,,,3,OK,-40.9192,206.013,-2040.5,OK,-43.4889,201.532,-2245.78,OK,-63.8486,219.252,-2295.27,,,,,,,,,,,,,,,,,,,,
4,,365943379,Port:1,0,1773324656,318826768,50000000,Enabled,0.731647,0.40701,-0.469182,0.280899,-96.028,133.286,-1744.09,0.172025,4,OK,-95.9302,133.125,-1744.21,OK,-137.551,112.61,-1725.11,OK,-136.399,57.689,-1724.03,OK,-79.3582,76.0819,-1749.53,,365943379,Port:2,0,1773324656,318826768,Enabled,0.930179,0.0309302,0.0348609,0.364136,-87.4848,271.277,-1592.29,0.1423,3,OK,-87.3114,271.341,-1592.3,OK,-129.019,241.339,-1589.61,OK,-130.201,317.61,-1587.04,,365943379,Port:3,0,1773324656,318826768,Missing,,,,,,,,,4,Missing,,,,Missing,,,,Missing,,,,Missing,,,,,365943379,Port:65535,0,1773324656,318826768,Missing,,,,,,,,,3,OK,-40.9207,206.017,-2040.56,OK,-43.4966,201.537,-2245.85,OK,-63.8478,219.231,-2295.39,,,,,,,,,,,,,,,,,,,,
4,,365943382,Port:1,0,1773324656,368826768,50000000,Enabled,0.734643,0.393108,-0.484186,0.267076,-95.9248,134.632,-1743.68,0.152807,4,OK,-95.8307,134.463,-1743.74,OK,-138.672,115.966,-1725.39,OK,-140.113,61.0647,-1724.13,OK,-81.8995,76.6954,-1748.83,,365943382,Port:2,0,1773324656,368826768,Enabled,0.930145,0.0310146,0.035502,0.364154,-87.4939,271.279,-1592.31,0.148185,3,OK,-87.3155,271.352,-1592.32,OK,-129.03,241.337,-1589.57,OK,-130.204,317.603,-1587.02,,365943382,Port:3,0,1773324656,368826768,Missing,,,,,,,,,4,Missing,,,,Missing,,,,Missing,,,,Missing,,,,,365943382,Port:65535,0,1773324656,368826768,Missing,,,,,,,,,3,OK,-40.9206,206,-2040.5,OK,-43.4912,201.517,-2245.84,OK,-63.8484,219.221,-2295.08,,,,,,,,,,,,,,,,,,,,
4,,365943385,Port:1,0,1773324656,418826768,50000000,Enabled,0.739966,0.38816,-0.483162,0.261413,-95.8908,135.629,-1743.73,0.159477,4,OK,-95.7987,135.468,-1743.82,OK,-138.748,117.736,-1724.93,OK,-141.029,62.8521,-1723.35,OK,-82.7895,77.4573,-1748.6,,365943385,Port:2,0,1773324656,418826768,Enabled,0.930168,0.0307072,0.0352359,0.364147,-87.4849,271.281,-1592.28,0.141696,3,OK,-87.3123,271.346,-1592.29,OK,-129.015,241.344,-1589.56,OK,-130.2,317.614,-1587.05,,365943385,Port:3,0,1773324656,418826768,Missing,,,,,,,,,4,Missing,,,,Missing,,,,Missing,,,,Missing,,,,,365943385,Port:65535,0,1773324656,418826768,Missing,,,,,,,,,3,OK,-40.9288,206.024,-2040.61,OK,-43.4817,201.544,-2245.9,OK,-63.8529,219.24,-2295.23,,,,,,,,,,,,,,,,,,,,
4,,365943388,Port:1,0,1773324656,468826768,50000000,Enabled,0.746543,0.388144,-0.466267,0.273155,-96.9801,136.416,-1745.5,0.157043,4,OK,-96.9014,136.23,-1745.55,OK,-138.921,117.871,-1725.33,OK,-139.654,63.0319,-1722.27,OK,-82.3809,78.5045,-1749.25,,365943388,Port:2,0,1773324656,468826768,Enabled,0.930141,0.0310562,0.0355085,0.36416,-87.4895,271.279,-1592.32,0.144471,3,OK,-87.3132,271.347,-1592.34,OK,-129.02,241.34,-1589.58,OK,-130.203,317.605,-1587.03,,365943388,Port:3,0,1773324656,468826768,Missing,,,,,,,,,4,Missing,,,,Missing,,,,Missing,,,,Missing,,,,,365943388,Port:65535,0,1773324656,468826768,Missing,,,,,,,,,3,OK,-40.9217,206.021,-2040.59,OK,-43.4791,201.539,-2245.98,OK,-63.8433,219.232,-2295.22,,,,,,,,,,,,,,,,,,,,
4,,365943391,Port:1,0,1773324656,518826768,50000000,Enabled,0.743345,0.395008,-0.462023,0.27918,-95.1993,136.213,-1745.77,0.153358,4,OK,-95.107,136.052,-1745.85,OK,-136.695,116.719,-1725.57,OK,-136.307,61.8421,-1722.81,OK,-79.4474,78.6305,-1749.8,,365943391,Port:2,0,1773324656,518826768,Enabled,0.930131,0.0312812,0.0356803,0.364149,-87.4907,271.282,-1592.31,0.146896,3,OK,-87.3114,271.35,-1592.33,OK,-129.023,241.342,-1589.56,OK,-130.201,317.607,-1586.99,,365943391,Port:3,0,1773324656,518826768,Missing,,,,,,,,,4,Missing,,,,Missing,,,,Missing,,,,Missing,,,,,365943391,Port:65535,0,1773324656,518826768,Missing,,,,,,,,,3,OK,-40.9263,206.005,-2040.57,OK,-43.4836,201.525,-2245.76,OK,-63.8497,219.248,-2295.19,,,,,,,,,,,,,,,,,,,,
4,,365943394,Port:1,0,1773324656,568826768,50000000,Enabled,0.751635,0.395757,-0.45433,0.268338,-88.8799,137.41,-1746.79,0.14862,4,OK,-88.7939,137.243,-1746.85,OK,-130.053,118.491,-1725.46,OK,-130.357,63.6047,-1722.68,OK,-74.065,79.6192,-1751.28,,365943394,Port:2,0,1773324656,568826768,Enabled,0.930131,0.0309391,0.0356811,0.364179,-87.49,271.282,-1592.32,0.145794,3,OK,-87.315,271.354,-1592.33,OK,-129.02,241.336,-1589.56,OK,-130.202,317.608,-1587.03,,365943394,Port:3,0,1773324656,568826768,Missing,,,,,,,,,4,Missing,,,,Missing,,,,Missing,,,,Missing,,,,,365943394,Port:65535,0,1773324656,568826768,Missing,,,,,,,,,3,OK,-40.9409,206.024,-2040.67,OK,-43.4918,201.545,-2245.94,OK,-63.8637,219.236,-2295.27,,,,,,,,,,,,,,,,,,,,
4,,365943397,Port:1,0,1773324656,618826768,50000000,Enabled,0.763492,0.384756,-0.452518,0.253515,-79.4437,141.393,-1751.1,0.152231,4,OK,-79.3666,141.214,-1751.14,OK,-120.877,124.314,-1728.73,OK,-123.154,69.5112,-1725.17,OK,-66.8517,83.0324,-1755.09,,365943397,Port:2,0,1773324656,618826768,Enabled,0.930168,0.030771,0.0351602,0.364148,-87.4863,271.27,-1592.27,0.144677,3,OK,-87.3102,271.336,-1592.29,OK,-129.019,241.329,-1589.56,OK,-130.203,317.606,-1587.03,,365943397,Port:3,0,1773324656,618826768,Missing,,,,,,,,,4,Missing,,,,Missing,,,,Missing,,,,Missing,,,,,365943397,Port:65535,0,1773324656,618826768,Missing,,,,,,,,,3,OK,-40.9151,206.023,-2040.75,OK,-43.4832,201.545,-2245.98,OK,-63.8434,219.247,-2295.33,,,,,,,,,,,,,,,,,,,,
4,,365943400,Port:1,0,1773324656,668826768,50000000,Enabled,0.776445,0.352545,-0.465705,0.236566,-70.79,147.297,-1758.42,0.138776,4,OK,-70.7304,147.135,-1758.49,OK,-113.548,134.071,-1735.97,OK,-119.811,79.7312,-1730.48,OK,-62.4176,88.0709,-1760.07,,365943400,Port:2,0,1773324656,668826768,Enabled,0.930153,0.0309074,0.0352531,0.364166,-87.4835,271.273,-1592.29,0.142663,3,OK,-87.3105,271.34,-1592.3,OK,-129.014,241.332,-1589.57,OK,-130.199,317.603,-1587.03,,365943400,Port:3,0,1773324656,668826768,Missing,,,,,,,,,4,Missing,,,,Missing,,,,Missing,,,,Missing,,,,,365943400,Port:65535,0,1773324656,668826768,Missing,,,,,,,,,3,OK,-40.9214,206.021,-2040.56,OK,-43.4763,201.542,-2245.82,OK,-63.8497,219.232,-2295.28,,,,,,,,,,,,,,,,,,,,
4,,365943403,Port:1,0,1773324656,718826768,50000000,Enabled,0.769999,0.346238,-0.47957,0.239235,-73.4508,148.211,-1761.81,0.137274,4,OK,-73.3892,148.05,-1761.85,OK,-117.036,135.358,-1740.76,OK,-123.927,81.1202,-1735.37,OK,-65.5157,88.907,-1763.15,,365943403,Port:2,0,1773324656,718826768,Enabled,0.930129,0.0308448,0.0357187,0.364189,-87.4891,271.273,-1592.32,0.14287,3,OK,-87.3158,271.34,-1592.33,OK,-129.014,241.329,-1589.55,OK,-130.204,317.6,-1587.04,,365943403,Port:3,0,1773324656,718826768,Missing,,,,,,,,,4,Missing,,,,Missing,,,,Missing,,,,Missing,,,,,365943403,Port:65535,0,1773324656,718826768,Missing,,,,,,,,,3,OK,-40.9376,206.017,-2040.58,OK,-43.4967,201.535,-2245.95,OK,-63.8537,219.236,-2295.24,,,,,,,,,,,,,,,,,,,,
4,,365943406,Port:1,0,1773324656,768826768,50000000,Enabled,0.744618,0.384718,-0.476973,0.264638,-88.3234,141.398,-1756.49,0.143238,4,OK,-88.253,141.225,-1756.55,OK,-130.927,123.637,-1737.05,OK,-132.963,68.7874,-1734.59,OK,-75.0503,83.1959,-1760.62,,365943406,Port:2,0,1773324656,768826768,Enabled,0.930107,0.0311653,0.0358925,0.3642,-87.4901,271.276,-1592.35,0.142357,3,OK,-87.3182,271.344,-1592.37,OK,-129.013,241.33,-1589.58,OK,-130.202,317.598,-1587.03,,365943406,Port:3,0,1773324656,768826768,Missing,,,,,,,,,4,Missing,,,,Missing,,,,Missing,,,,Missing,,,,,365943406,Port:65535,0,1773324656,768826768,Missing,,,,,,,,,5,OK,-40.9219,206.033,-2040.71,OK,-43.4808,201.555,-2246.01,OK,-63.8408,219.229,-2295.14,OK,-146.348,108.105,-1947.45,OK,-120.392,86.6459,-1566.06,,,,,,,,,,,,
4,,365943409,Port:1,0,1773324656,818826768,50000000,Enabled,0.724526,0.424695,-0.464527,0.280911,-102.511,132.299,-1748.32,0.162043,4,OK,-102.409,132.139,-1748.42,OK,-143.336,110.082,-1729.56,OK,-140.806,55.188,-1730.07,OK,-84.5214,75.6911,-1755.6,,365943409,Port:2,0,1773324656,818826768,Enabled,0.930157,0.0308916,0.035383,0.364146,-87.4901,271.276,-1592.3,0.143807,3,OK,-87.315,271.341,-1592.32,OK,-129.021,241.335,-1589.57,OK,-130.204,317.608,-1587.04,,365943409,Port:3,0,1773324656,818826768,Missing,,,,,,,,,4,Missing,,,,Missing,,,,Missing,,,,Missing,,,,,365943409,Port:65535,0,1773324656,818826768,Missing,,,,,,,,,3,OK,-40.9338,206.019,-2040.73,OK,-43.4885,201.542,-2245.9,OK,-63.8506,219.229,-2295.29,,,,,,,,,,,,,,,,,,,,
4,,365943412,Port:1,0,1773324656,868826768,50000000,Enabled,0.710781,0.455365,-0.447137,0.295808,-110.342,125.13,-1741.38,0.196314,4,OK,-110.236,124.966,-1741.55,OK,-149.109,99.4137,-1722.66,OK,-142.643,44.8995,-1725.13,OK,-88.4243,70.2527,-1750.79,,365943412,Port:2,0,1773324656,868826768,Enabled,0.930145,0.0309245,0.0352833,0.364182,-87.4922,271.282,-1592.3,0.141551,3,OK,-87.3195,271.347,-1592.32,OK,-129.019,241.34,-1589.59,OK,-130.21,317.611,-1587.04,,365943412,Port:3,0,1773324656,868826768,Missing,,,,,,,,,4,Missing,,,,Missing,,,,Missing,,,,Missing,,,,,365943412,Port:65535,0,1773324656,868826768,Missing,,,,,,,,,3,OK,-40.9308,206.029,-2040.55,OK,-43.4815,201.546,-2245.97,OK,-63.8607,219.235,-2295.22,,,,,,,,,,,,,,,,,,,,
4,,365943415,Port:1,0,1773324656,918826768,50000000,Enabled,0.714405,0.473027,-0.424373,0.292879,-103.549,124.926,-1737.63,0.188293,4,OK,-103.47,124.72,-1737.76,OK,-140.554,97.8824,-1717.38,OK,-132.588,43.5952,-1720.76,OK,-80.4886,70.8477,-1748.74,,365943415,Port:2,0,1773324656,918826768,Enabled,0.930131,0.0309416,0.0354836,0.364197,-87.4871,271.279,-1592.3,0.146212,3,OK,-87.3118,271.35,-1592.31,OK,-129.018,241.33,-1589.56,OK,-130.202,317.603,-1587.02,,365943415,Port:3,0,1773324656,918826768,Missing,,,,,,,,,4,Missing,,,,Missing,,,,Missing,,,,Missing,,,,,365943415,Port:65535,0,1773324656,918826768,Missing,,,,,,,,,3,OK,-40.9219,206.014,-2040.59,OK,-43.4846,201.533,-2245.89,OK,-63.8549,219.218,-2295.17,,,,,,,,,,,,,,,,,,,,
4,,365943418,Port:1,0,1773324656,968826768,50000000,Enabled,0.755511,0.451993,-0.414446,0.230522,-77.4691,135.694,-1738.92,0.164137,4,OK,-77.3633,135.524,-1738.97,OK,-115.35,113.687,-1714.66,OK,-114.311,58.7546,-1717.04,OK,-62.2913,79.0531,-1750.72,,365943418,Port:2,0,1773324656,968826768,Enabled,0.930134,0.0309893,0.0356769,0.364166,-87.4884,271.284,-1592.34,0.144985,3,OK,-87.3136,271.355,-1592.36,OK,-129.018,241.342,-1589.59,OK,-130.199,317.609,-1587.06,,365943418,Port:3,0,1773324656,968826768,Missing,,,,,,,,,4,Missing,,,,Missing,,,,Missing,,,,Missing,,,,,365943418,Port:65535,0,1773324656,968826768,Missing,,,,,,,,,5,OK,-40.9235,206.015,-2040.65,OK,-43.4812,201.537,-2245.84,OK,-63.8417,219.233,-2295.2,OK,-104.919,77.9405,-1547.23,OK,-127.207,96.6087,-1926.38,,,,,,,,,,,,
4,,365943421,Port:1,0,1773324657,18826767,49999999,Enabled,0.803347,0.368611,-0.443736,0.147846,-48.413,146.769,-1747.36,0.144704,4,OK,-48.3493,146.628,-1747.43,OK,-89.3773,136.649,-1720.42,OK,-101.655,83.0828,-1717.88,OK,-47.7397,87.3453,-1754.29,,365943421,Port:2,0,1773324657,18826767,Enabled,0.93014,0.0310224,0.0356548,0.364152,-87.4902,271.276,-1592.33,0.141761,3,OK,-87.3196,271.344,-1592.34,OK,-129.017,241.333,-1589.58,OK,-130.199,317.604,-1587.04,,365943421,Port:3,0,1773324657,18826767,Missing,,,,,,,,,4,Missing,,,,Missing,,,,Missing,,,,Missing,,,,,365943421,Port:65535,0,1773324657,18826767,Missing,,,,,,,,,2,OK,-40.8884,206.01,-2040.8,OK,-43.4833,201.533,-2245.95,,,,,,,,,,,,,,,,,,,,,,,,
4,,365943427,Port:1,0,1773324657,118826767,100000000,Enabled,0.753094,0.403517,-0.477643,0.204649,-66.5384,135.885,-1738.75,0.143709,4,OK,-66.4625,135.736,-1738.83,OK,-109.174,119.796,-1717.95,OK,-115.378,65.1992,-1719.55,OK,-58.1576,77.3905,-1748.19,,365943427,Port:2,0,1773324657,118826767,Enabled,0.930132,0.0308292,0.0358372,0.36417,-87.4896,271.279,-1592.33,0.144673,3,OK,-87.3164,271.348,-1592.35,OK,-129.016,241.33,-1589.56,OK,-130.201,317.612,-1587.06,,365943427,Port:3,0,1773324657,118826767,Missing,,,,,,,,,4,Missing,,,,Missing,,,,Missing,,,,Missing,,,,,365943427,Port:65535,0,1773324657,118826767,Missing,,,,,,,,,3,OK,-43.4899,201.548,-2245.98,OK,-63.8486,219.248,-2295.14,OK,-40.918,206.029,-2040.61,,,,,,,,,,,,,,,,,,,,
4,,365943430,Port:1,0,1773324657,168826766,49999999,Enabled,0.7203,0.462522,-0.455353,0.244735,-83.9688,123.551,-1728.67,0.204333,4,OK,-83.8608,123.367,-1728.84,OK,-123.792,99.9674,-1709.39,OK,-121.847,45.3094,-1714.86,OK,-67.0067,67.7552,-1741.89,,365943430,Port:2,0,1773324657,168826766,Enabled,0.930142,0.0309282,0.0353405,0.364185,-87.4852,271.279,-1592.3,0.143254,3,OK,-87.3102,271.345,-1592.31,OK,-129.014,241.338,-1589.58,OK,-130.203,317.605,-1587.03,,365943430,Port:3,0,1773324657,168826766,Missing,,,,,,,,,4,Missing,,,,Missing,,,,Missing,,,,Missing,,,,,365943430,Port:65535,0,1773324657,168826766,Missing,,,,,,,,,3,OK,-40.915,206.023,-2040.66,OK,-43.479,201.542,-2246.01,OK,-63.8515,219.26,-2295.34,,,,,,,,,,,,,,,,,,,,
4,,365943433,Port:1,0,1773324657,218826767,50000001,Enabled,0.709114,0.488956,-0.438735,0.256107,-88.2576,119.119,-1724.56,0.20621,4,OK,-88.1615,118.925,-1724.73,OK,-126.252,92.5988,-1705.38,OK,-121.046,38.3359,-1712.56,OK,-68.1133,64.8676,-1739.74,,365943433,Port:2,0,1773324657,218826767,Enabled,0.930139,0.0306387,0.0355514,0.364197,-87.4879,271.278,-1592.31,0.145899,3,OK,-87.3142,271.349,-1592.32,OK,-129.016,241.326,-1589.56,OK,-130.205,317.612,-1587.07,,365943433,Port:3,0,1773324657,218826767,Missing,,,,,,,,,4,Missing,,,,Missing,,,,Missing,,,,Missing,,,,,365943433,Port:65535,0,1773324657,218826767,Missing,,,,,,,,,3,OK,-40.9302,206.019,-2040.64,OK,-43.4895,201.54,-2245.88,OK,-63.8494,219.239,-2295.28,,,,,,,,,,,,,,,,,,,,
4,,365943436,Port:1,0,1773324657,268826767,50000000,Enabled,0.736386,0.472431,-0.417625,0.245223,-78.4822,127.025,-1729.58,0.186132,4,OK,-78.3861,126.844,-1729.73,OK,-115.893,102.45,-1707.01,OK,-112.284,47.7731,-1711.59,OK,-60.4465,71.5931,-1743.02,,365943436,Port:2,0,1773324657,268826767,Enabled,0.930143,0.0310455,0.0353465,0.364171,-87.4904,271.279,-1592.31,0.142883,3,OK,-87.3183,271.349,-1592.32,OK,-129.021,241.337,-1589.58,OK,-130.202,317.601,-1587.02,,365943436,Port:3,0,1773324657,268826767,Missing,,,,,,,,,4,Missing,,,,Missing,,,,Missing,,,,Missing,,,,,365943436,Port:65535,0,1773324657,268826767,Missing,,,,,,,,,3,OK,-40.922,206.027,-2040.6,OK,-43.4793,201.547,-2245.95,OK,-63.8496,219.224,-2295.22,,,,,,,,,,,,,,,,,,,,
4,,365943439,Port:1,0,1773324657,318826767,50000000,Enabled,0.777536,0.409607,-0.418701,0.228798,-65.4144,141.137,-1743.77,0.161444,4,OK,-65.3143,140.989,-1743.87,OK,-104.465,123.131,-1718.09,OK,-106.3,68.1836,-1716.14,OK,-53.1657,83.0207,-1750.81,,365943439,Port:2,0,1773324657,318826767,Enabled,0.930164,0.0310292,0.0350798,0.364145,-87.4808,271.27,-1592.29,0.13985,3,OK,-87.3101,271.334,-1592.31,OK,-129.011,241.334,-1589.6,OK,-130.195,317.599,-1587.03,,365943439,Port:3,0,1773324657,318826767,Missing,,,,,,,,,4,Missing,,,,Missing,,,,Missing,,,,Missing,,,,,365943439,Port:65535,0,1773324657,318826767,Missing,,,,,,,,,3,OK,-40.9307,206.021,-2040.65,OK,-43.4846,201.541,-2245.96,OK,-63.8171,219.259,-2295.22,,,,,,,,,,,,,,,,,,,,
4,,365943442,Port:1,0,1773324657,368826767,50000000,Enabled,0.78408,0.354988,-0.450378,0.237408,-63.2833,149.929,-1757.05,0.141251,4,OK,-63.2171,149.762,-1757.09,OK,-105.175,136.47,-1733.17,OK,-110.669,82.122,-1726.9,OK,-54.3112,90.7892,-1758.43,,365943442,Port:2,0,1773324657,368826767,Enabled,0.930139,0.0307799,0.0354398,0.364196,-87.4827,271.272,-1592.31,0.141084,3,OK,-87.3137,271.34,-1592.32,OK,-129.008,241.324,-1589.57,OK,-130.199,317.602,-1587.06,,365943442,Port:3,0,1773324657,368826767,Missing,,,,,,,,,4,Missing,,,,Missing,,,,Missing,,,,Missing,,,,,365943442,Port:65535,0,1773324657,368826767,Missing,,,,,,,,,3,OK,-40.9227,206.018,-2040.58,OK,-43.4802,201.535,-2246.03,OK,-63.7087,219.237,-2295.02,,,,,,,,,,,,,,,,,,,,
4,,365943445,Port:1,0,1773324657,418826766,49999999,Enabled,0.767605,0.364993,-0.455189,0.265265,-74.2562,150.725,-1759.07,0.133075,4,OK,-74.2089,150.545,-1759.09,OK,-116.151,134.773,-1736.83,OK,-118.75,80.1788,-1730.98,OK,-61.8935,92.1927,-1760.3,,365943445,Port:2,0,1773324657,418826766,Enabled,0.930146,0.0310215,0.0352361,0.364177,-87.4868,271.275,-1592.3,0.143348,3,OK,-87.313,271.343,-1592.32,OK,-129.017,241.333,-1589.59,OK,-130.203,317.602,-1587.03,,365943445,Port:3,0,1773324657,418826766,Missing,,,,,,,,,4,Missing,,,,Missing,,,,Missing,,,,Missing,,,,,365943445,Port:65535,0,1773324657,418826766,Missing,,,,,,,,,3,OK,-40.9292,206.018,-2040.73,OK,-43.4856,201.539,-2245.94,OK,-63.846,219.247,-2295.26,,,,,,,,,,,,,,,,,,,,
4,,365943448,Port:1,0,1773324657,468826767,50000001,Enabled,0.750906,0.39705,-0.44091,0.289982,-86.7404,147.743,-1755.8,0.148317,4,OK,-86.6602,147.582,-1755.89,OK,-126.963,127.541,-1733.82,OK,-124.799,72.7679,-1729.79,OK,-69.3742,90.565,-1758.9,,365943448,Port:2,0,1773324657,468826767,Enabled,0.930161,0.0306251,0.0352739,0.364167,-87.4838,271.272,-1592.28,0.144025,3,OK,-87.3087,271.337,-1592.3,OK,-129.014,241.329,-1589.56,OK,-130.203,317.609,-1587.06,,365943448,Port:3,0,1773324657,468826767,Missing,,,,,,,,,4,Missing,,,,Missing,,,,Missing,,,,Missing,,,,,365943448,Port:65535,0,1773324657,468826767,Missing,,,,,,,,,3,OK,-40.9208,206.019,-2040.62,OK,-43.4886,201.54,-2245.86,OK,-63.847,219.225,-2295.15,,,,,,,,,,,,,,,,,,,,
4,,365943451,Port:1,0,1773324657,518826767,50000000,Enabled,0.739446,0.418148,-0.436265,0.296722,-91.0206,146.394,-1753.09,0.154887,4,OK,-90.9274,146.207,-1753.14,OK,-130.348,123.953,-1731.69,OK,-126.01,69.1981,-1729.36,OK,-71.4421,90.0855,-1758.12,,365943451,Port:2,0,1773324657,518826767,Enabled,0.930137,0.030957,0.035534,0.364177,-87.4875,271.276,-1592.3,0.145657,3,OK,-87.3104,271.344,-1592.31,OK,-129.018,241.333,-1589.56,OK,-130.203,317.603,-1587.02,,365943451,Port:3,0,1773324657,518826767,Missing,,,,,,,,,4,Missing,,,,Missing,,,,Missing,,,,Missing,,,,,365943451,Port:65535,0,1773324657,518826767,Missing,,,,,,,,,3,OK,-40.9179,206.011,-2040.66,OK,-43.4813,201.532,-2245.89,OK,-63.8461,219.232,-2295.23,,,,,,,,,,,,,,,,,,,,
4,,365943454,Port:1,0,1773324657,568826767,50000000,Enabled,0.74954,0.408496,-0.434821,0.286797,-86.1364,149.847,-1754.61,0.173247,4,OK,-86.042,149.659,-1754.7,OK,-125.778,128.817,-1732.31,OK,-122.957,74.0166,-1729.26,OK,-68.175,92.9563,-1759.04,,365943454,Port:2,0,1773324657,568826767,Enabled,0.930134,0.0311551,0.0354015,0.364178,-87.4826,271.277,-1592.33,0.144077,3,OK,-87.3083,271.347,-1592.34,OK,-129.013,241.334,-1589.6,OK,-130.196,317.6,-1587.03,,365943454,Port:3,0,1773324657,568826767,Missing,,,,,,,,,4,Missing,,,,Missing,,,,Missing,,,,Missing,,,,,365943454,Port:65535,0,1773324657,568826767,Missing,,,,,,,,,3,OK,-40.9212,206.019,-2040.54,OK,-43.4865,201.537,-2245.86,OK,-63.8489,219.247,-2295.23,,,,,,,,,,,,,,,,,,,,
4,,365943457,Port:1,0,1773324657,618826767,50000000,Enabled,0.762717,0.387461,-0.442283,0.269299,-79.1009,154.062,-1758.14,0.152586,4,OK,-79.0242,153.881,-1758.19,OK,-119.806,135.885,-1735.34,OK,-120.177,81.0885,-1730.97,OK,-64.514,96.132,-1761.31,,365943457,Port:2,0,1773324657,618826767,Enabled,0.930135,0.031031,0.0354773,0.364179,-87.4889,271.276,-1592.33,0.141685,3,OK,-87.3188,271.345,-1592.34,OK,-129.016,241.331,-1589.59,OK,-130.201,317.602,-1587.04,,365943457,Port:3,0,1773324657,618826767,Missing,,,,,,,,,4,Missing,,,,Missing,,,,Missing,,,,Missing,,,,,365943457,Port:65535,0,1773324657,618826767,Missing,,,,,,,,,3,OK,-40.9197,206.009,-2040.63,OK,-43.489,201.53,-2245.87,OK,-63.8602,219.237,-2295.17,,,,,,,,,,,,,,,,,,,,
4,,365943460,Port:1,0,1773324657,668826766,49999999,Enabled,0.760301,0.388914,-0.445557,0.268638,-80.6282,154.209,-1758.68,0.159941,4,OK,-80.5365,154.044,-1758.77,OK,-121.496,135.916,-1736.19,OK,-121.935,81.1024,-1732.25,OK,-66.0752,96.2828,-1762.12,,365943460,Port:2,0,1773324657,668826766,Enabled,0.930127,0.0312863,0.0355605,0.364172,-87.4888,271.277,-1592.33,0.142646,3,OK,-87.3172,271.346,-1592.35,OK,-129.017,241.333,-1589.59,OK,-130.199,317.601,-1587.01,,365943460,Port:3,0,1773324657,668826766,Missing,,,,,,,,,4,Missing,,,,Missing,,,,Missing,,,,Missing,,,,,365943460,Port:65535,0,1773324657,668826766,Missing,,,,,,,,,3,OK,-40.9164,206.022,-2040.69,OK,-43.4823,201.544,-2245.95,OK,-63.8456,219.227,-2295.32,,,,,,,,,,,,,,,,,,,,
4,,365943463,Port:1,0,1773324657,718826767,50000001,Enabled,0.745547,0.412616,-0.438145,0.286246,-88.5724,150.964,-1755.77,0.156254,4,OK,-88.4744,150.809,-1755.86,OK,-128.291,129.577,-1733.96,OK,-125.35,74.7476,-1731.53,OK,-70.459,94.1497,-1760.78,,365943463,Port:2,0,1773324657,718826767,Enabled,0.930144,0.0310105,0.0353969,0.364167,-87.4909,271.279,-1592.3,0.142898,3,OK,-87.3185,271.348,-1592.32,OK,-129.02,241.336,-1589.57,OK,-130.204,317.607,-1587.02,,365943463,Port:3,0,1773324657,718826767,Missing,,,,,,,,,4,Missing,,,,Missing,,,,Missing,,,,Missing,,,,,365943463,Port:65535,0,1773324657,718826767,Missing,,,,,,,,,3,OK,-40.9127,206.011,-2040.66,OK,-43.4794,201.53,-2246,OK,-63.8551,219.249,-2295.33,,,,,,,,,,,,,,,,,,,,
4,,365943466,Port:1,0,1773324657,768826767,50000000,Enabled,0.736643,0.430548,-0.431156,0.293412,-92.9971,149.648,-1752.98,0.174608,4,OK,-92.8979,149.477,-1753.1,OK,-131.724,126.281,-1731.4,OK,-126.737,71.5691,-1730.36,OK,-72.8223,93.698,-1759.44,,365943466,Port:2,0,1773324657,768826767,Enabled,0.930165,0.0307525,0.0350233,0.36417,-87.4865,271.286,-1592.26,0.13968,3,OK,-87.318,271.352,-1592.27,OK,-129.015,241.344,-1589.56,OK,-130.203,317.619,-1587.03,,365943466,Port:3,0,1773324657,768826767,Missing,,,,,,,,,4,Missing,,,,Missing,,,,Missing,,,,Missing,,,,,365943466,Port:65535,0,1773324657,768826767,Missing,,,,,,,,,3,OK,-40.9451,206.003,-2040.58,OK,-43.4896,201.52,-2245.89,OK,-63.8433,219.208,-2295.05,,,,,,,,,,,,,,,,,,,,
4,,365943469,Port:1,0,1773324657,818826767,50000000,Enabled,0.742747,0.424266,-0.432639,0.284866,-91.6764,152.254,-1753.88,0.159061,4,OK,-91.5784,152.08,-1753.93,OK,-130.799,129.921,-1731.95,OK,-127.037,75.1111,-1730.48,OK,-72.8118,95.8095,-1760.17,,365943469,Port:2,0,1773324657,818826767,Enabled,0.930139,0.0309713,0.0354356,0.364179,-87.491,271.297,-1592.3,0.144603,3,OK,-87.3152,271.365,-1592.31,OK,-129.021,241.355,-1589.56,OK,-130.206,317.621,-1587.02,,365943469,Port:3,0,1773324657,818826767,Missing,,,,,,,,,4,Missing,,,,Missing,,,,Missing,,,,Missing,,,,,365943469,Port:65535,0,1773324657,818826767,Missing,,,,,,,,,3,OK,-40.9352,205.949,-2040.29,OK,-43.4997,201.452,-2245.98,OK,-63.8538,219.246,-2295.17,,,,,,,,,,,,,,,,,,,,
4,,365943472,Port:1,0,1773324657,868826767,50000000,Enabled,0.745278,0.407372,-0.445761,0.282677,-90.2637,154.845,-1757.24,0.162643,4,OK,-90.1836,154.681,-1757.36,OK,-130.536,134.1,-1735.87,OK,-128.517,79.2405,-1733.47,OK,-73.0484,97.7503,-1761.99,,365943472,Port:2,0,1773324657,868826767,Enabled,0.930158,0.0311779,0.0352212,0.364133,-87.4902,271.294,-1592.29,0.145382,3,OK,-87.3132,271.364,-1592.31,OK,-129.027,241.359,-1589.58,OK,-130.201,317.618,-1587,,365943472,Port:3,0,1773324657,868826767,Missing,,,,,,,,,4,Missing,,,,Missing,,,,Missing,,,,Missing,,,,,365943472,Port:65535,0,1773324657,868826767,Missing,,,,,,,,,3,OK,-40.9306,205.907,-2040.12,OK,-43.4992,201.403,-2246,OK,-63.849,219.229,-2295.18,,,,,,,,,,,,,,,,,,,,
4,,365943475,Port:1,0,1773324657,918826766,49999999,Enabled,0.744478,0.405612,-0.446764,0.285715,-91.0008,154.945,-1758.83,0.154712,4,OK,-90.909,154.778,-1758.91,OK,-131.368,134.188,-1737.64,OK,-129.214,79.3368,-1734.92,OK,-73.5738,97.879,-1763.3,,365943475,Port:2,0,1773324657,918826766,Enabled,0.930161,0.0309968,0.0353427,0.364129,-87.4877,271.288,-1592.28,0.141345,3,OK,-87.3182,271.357,-1592.29,OK,-129.019,241.349,-1589.55,OK,-130.195,317.617,-1587,,365943475,Port:3,0,1773324657,918826766,Missing,,,,,,,,,4,Missing,,,,Missing,,,,Missing,,,,Missing,,,,,365943475,Port:65535,0,1773324657,918826766,Missing,,,,,,,,,3,OK,-40.9281,205.801,-2039.42,OK,-43.5304,201.263,-2246.23,OK,-63.8548,219.202,-2295.23,,,,,,,,,,,,,,,,,,,,
4,,365943478,Port:1,0,1773324657,968826767,50000001,Enabled,0.743589,0.411475,-0.442229,0.2867,-92.3396,153.586,-1758.1,0.1643,4,OK,-92.249,153.418,-1758.21,OK,-132.3,132.264,-1736.66,OK,-129.52,77.431,-1734.35,OK,-74.3285,96.7369,-1763.04,,365943478,Port:2,0,1773324657,968826767,Enabled,0.930203,0.0307143,0.0346158,0.364117,-87.4871,271.291,-1592.23,0.144958,3,OK,-87.3132,271.361,-1592.24,OK,-129.028,241.351,-1589.57,OK,-130.201,317.626,-1587.02,,365943478,Port:3,0,1773324657,968826767,Missing,,,,,,,,,4,Missing,,,,Missing,,,,Missing,,,,Missing,,,,,365943478,Port:65535,0,1773324657,968826767,Missing,,,,,,,,,3,OK,-40.917,205.789,-2039.35,OK,-43.5167,201.246,-2246.3,OK,-63.8618,219.207,-2295.21,,,,,,,,,,,,,,,,,,,,
4,,365943481,Port:1,0,1773324658,18826765,49999998,Enabled,0.740603,0.415967,-0.442182,0.288016,-93.9542,151.535,-1756.54,0.163573,4,OK,-93.853,151.37,-1756.62,OK,-133.786,129.735,-1735.33,OK,-130.587,74.9061,-1733.41,OK,-75.4836,94.8701,-1761.94,,365943481,Port:2,0,1773324658,18826765,Enabled,0.93013,0.0309616,0.0356807,0.364179,-87.4913,271.297,-1592.3,0.143599,3,OK,-87.3186,271.368,-1592.31,OK,-129.019,241.354,-1589.54,OK,-130.203,317.621,-1587.01,,365943481,Port:3,0,1773324658,18826765,Missing,,,,,,,,,4,Missing,,,,Missing,,,,Missing,,,,Missing,,,,,365943481,Port:65535,0,1773324658,18826765,Missing,,,,,,,,,3,OK,-40.9135,205.787,-2039.47,OK,-43.5049,201.249,-2246.23,OK,-63.8384,219.206,-2295.28,,,,,,,,,,,,,,,,,,,,
4,,365943484,Port:1,0,1773324658,68826765,50000000,Enabled,0.737994,0.42187,-0.442394,0.285793,-94.0849,149.447,-1754.08,0.173129,4,OK,-93.9808,149.286,-1754.2,OK,-133.774,127.237,-1733.03,OK,-130.409,72.395,-1731.87,OK,-75.463,92.9282,-1760.23,,365943484,Port:2,0,1773324658,68826765,Enabled,0.930129,0.0312748,0.0357326,0.364149,-87.4886,271.293,-1592.31,0.146065,3,OK,-87.3135,271.364,-1592.32,OK,-129.02,241.347,-1589.55,OK,-130.196,317.62,-1586.98,,365943484,Port:3,0,1773324658,68826765,Missing,,,,,,,,,4,Missing,,,,Missing,,,,Missing,,,,Missing,,,,,365943484,Port:65535,0,1773324658,68826765,Missing,,,,,,,,,3,OK,-40.9148,205.706,-2039.14,OK,-43.5228,201.152,-2246.18,OK,-63.8676,219.204,-2295.35,,,,,,,,,,,,,,,,,,,,
4,,365943487,Port:1,0,1773324658,118826765,50000000,Enabled,0.738075,0.424483,-0.442814,0.281026,-92.559,148.426,-1752.55,0.164746,4,OK,-92.4709,148.26,-1752.66,OK,-132.244,126.252,-1731.48,OK,-129.145,71.3925,-1730.81,OK,-74.2797,91.8545,-1759.24,,365943487,Port:2,0,1773324658,118826765,Enabled,0.930145,0.0310124,0.0356978,0.364134,-87.4892,271.289,-1592.31,0.146146,3,OK,-87.3144,271.362,-1592.32,OK,-129.022,241.347,-1589.55,OK,-130.196,317.617,-1587.02,,365943487,Port:3,0,1773324658,118826765,Missing,,,,,,,,,4,Missing,,,,Missing,,,,Missing,,,,Missing,,,,,365943487,Port:65535,0,1773324658,118826765,Missing,,,,,,,,,3,OK,-40.9189,205.662,-2038.76,OK,-43.5379,201.093,-2246.22,OK,-63.8522,219.185,-2295.35,,,,,,,,,,,,,,,,,,,,
4,,365943490,Port:1,0,1773324658,168826765,50000000,Enabled,0.74018,0.421511,-0.445362,0.275889,-90.0684,148.608,-1752.79,0.16587,4,OK,-89.9714,148.433,-1752.87,OK,-130.051,126.975,-1731.71,OK,-127.696,72.0809,-1730.96,OK,-72.5401,91.8059,-1759.52,,365943490,Port:2,0,1773324658,168826765,Enabled,0.930177,0.0308052,0.0350562,0.364133,-87.4863,271.287,-1592.26,0.145685,3,OK,-87.3114,271.358,-1592.28,OK,-129.024,241.346,-1589.56,OK,-130.198,317.619,-1587.02,,365943490,Port:3,0,1773324658,168826765,Missing,,,,,,,,,4,Missing,,,,Missing,,,,Missing,,,,Missing,,,,,365943490,Port:65535,0,1773324658,168826765,Missing,,,,,,,,,3,OK,-40.9084,205.625,-2038.62,OK,-43.5177,201.046,-2246.36,OK,-63.8577,219.185,-2295.4,,,,,,,,,,,,,,,,,,,,
4,,365943493,Port:1,0,1773324658,218826765,50000000,Enabled,0.74212,0.417208,-0.449078,0.271155,-88.6873,149.012,-1753.37,0.161082,4,OK,-88.5925,148.835,-1753.46,OK,-129.04,128.025,-1732.35,OK,-127.49,73.0996,-1731.51,OK,-72.0172,91.9316,-1759.96,,365943493,Port:2,0,1773324658,218826765,Enabled,0.930134,0.0308732,0.035748,0.364171,-87.4914,271.289,-1592.32,0.14111,3,OK,-87.3238,271.359,-1592.33,OK,-129.016,241.341,-1589.55,OK,-130.201,317.62,-1587.04,,365943493,Port:3,0,1773324658,218826765,Missing,,,,,,,,,4,Missing,,,,Missing,,,,Missing,,,,Missing,,,,,365943493,Port:65535,0,1773324658,218826765,Missing,,,,,,,,,3,OK,-40.8936,205.625,-2038.73,OK,-43.5135,201.049,-2246.35,OK,-63.8657,219.185,-2295.35,,,,,,,,,,,,,,,,,,,,
4,,365943496,Port:1,0,1773324658,268826765,50000000,Enabled,0.740416,0.417533,-0.450155,0.273515,-89.5715,148.489,-1753.68,0.161674,4,OK,-89.4785,148.304,-1753.75,OK,-129.946,127.343,-1732.87,OK,-128.192,72.424,-1732.03,OK,-72.6476,91.4786,-1760.21,,365943496,Port:2,0,1773324658,268826765,Enabled,0.93016,0.0308046,0.035413,0.364143,-87.488,271.289,-1592.28,0.143431,3,OK,-87.3128,271.353,-1592.29,OK,-129.019,241.35,-1589.54,OK,-130.203,317.622,-1587.02,,365943496,Port:3,0,1773324658,268826765,Missing,,,,,,,,,4,Missing,,,,Missing,,,,Missing,,,,Missing,,,,,365943496,Port:65535,0,1773324658,268826765,Missing,,,,,,,,,3,OK,-40.895,205.63,-2038.76,OK,-43.519,201.056,-2246.34,OK,-63.872,219.188,-2295.27,,,,,,,,,,,,,,,,,,,,
4,,365943499,Port:1,0,1773324658,318826765,50000000,Enabled,0.739808,0.420357,-0.447581,0.275054,-90.6392,148.038,-1753.46,0.151034,4,OK,-90.5552,147.863,-1753.53,OK,-130.769,126.561,-1732.56,OK,-128.626,71.6482,-1731.82,OK,-73.329,91.159,-1760.17,,365943499,Port:2,0,1773324658,318826765,Enabled,0.930177,0.0308177,0.0350952,0.364129,-87.4871,271.287,-1592.27,0.142698,3,OK,-87.3148,271.355,-1592.29,OK,-129.021,241.348,-1589.57,OK,-130.199,317.622,-1587.03,,365943499,Port:3,0,1773324658,318826765,Missing,,,,,,,,,4,Missing,,,,Missing,,,,Missing,,,,Missing,,,,,365943499,Port:65535,0,1773324658,318826765,Missing,,,,,,,,,3,OK,-40.9122,205.607,-2038.55,OK,-43.5293,201.028,-2246.24,OK,-63.8605,219.192,-2295.42,,,,,,,,,,,,,,,,,,,,
4,,365943502,Port:1,0,1773324658,368826765,50000000,Enabled,0.740108,0.419871,-0.446899,0.276097,-91.0974,148.127,-1753.82,0.155695,4,OK,-91.0072,147.955,-1753.9,OK,-131.191,126.628,-1732.86,OK,-128.972,71.7283,-1732,OK,-73.7008,91.266,-1760.39,,365943502,Port:2,0,1773324658,368826765,Enabled,0.930179,0.0307357,0.0348577,0.364153,-87.4866,271.286,-1592.27,0.139766,3,OK,-87.317,271.349,-1592.28,OK,-129.017,241.345,-1589.59,OK,-130.205,317.623,-1587.05,,365943502,Port:3,0,1773324658,368826765,Missing,,,,,,,,,4,Missing,,,,Missing,,,,Missing,,,,Missing,,,,,365943502,Port:65535,0,1773324658,368826765,Missing,,,,,,,,,3,OK,-40.9169,205.596,-2038.52,OK,-43.5147,201.012,-2246.32,OK,-63.8603,219.177,-2295.35,,,,,,,,,,,,,,,,,,,,
4,,365943505,Port:1,0,1773324658,418826765,50000000,Enabled,0.740767,0.418767,-0.44592,0.277586,-91.3235,148.286,-1754.1,0.148136,4,OK,-91.2404,148.114,-1754.16,OK,-131.365,126.805,-1733.06,OK,-129.06,71.914,-1731.95,OK,-73.8445,91.4248,-1760.44,,365943505,Port:2,0,1773324658,418826765,Enabled,0.930113,0.0312446,0.0358793,0.364178,-87.4932,271.287,-1592.31,0.143089,3,OK,-87.3201,271.357,-1592.33,OK,-129.019,241.345,-1589.54,OK,-130.202,317.607,-1586.98,,365943505,Port:3,0,1773324658,418826765,Missing,,,,,,,,,4,Missing,,,,Missing,,,,Missing,,,,Missing,,,,,365943505,Port:65535,0,1773324658,418826765,Missing,,,,,,,,,3,OK,-40.8982,205.439,-2037.79,OK,-43.5516,200.818,-2246.5,OK,-63.8591,219.164,-2295.43,,,,,,,,,,,,,,,,,,,,
4,,365943508,Port:1,0,1773324658,468826765,50000000,Enabled,0.740858,0.420126,-0.444508,0.277554,-91.6685,147.899,-1753.86,0.170038,4,OK,-91.5726,147.722,-1753.97,OK,-131.624,126.309,-1732.67,OK,-129.17,71.4102,-1731.72,OK,-74.0594,91.0898,-1760.3,,365943508,Port:2,0,1773324658,468826765,Enabled,0.93014,0.0310476,0.0355048,0.364163,-87.4857,271.289,-1592.3,0.145412,3,OK,-87.3099,271.359,-1592.31,OK,-129.018,241.347,-1589.56,OK,-130.198,317.613,-1587.01,,365943508,Port:3,0,1773324658,468826765,Missing,,,,,,,,,4,Missing,,,,Missing,,,,Missing,,,,Missing,,,,,365943508,Port:65535,0,1773324658,468826765,Missing,,,,,,,,,3,OK,-40.8823,205.278,-2036.96,OK,-43.5542,200.621,-2246.48,OK,-63.8826,219.13,-2295.59,,,,,,,,,,,,,,,,,,,,
4,,365943511,Port:1,0,1773324658,518826765,50000000,Enabled,0.739645,0.423009,-0.442535,0.279556,-92.7139,146.979,-1753.23,0.164665,4,OK,-92.6182,146.804,-1753.33,OK,-132.46,125.022,-1732.05,OK,-129.576,70.1464,-1731.2,OK,-74.6672,90.3237,-1759.86,,365943511,Port:2,0,1773324658,518826765,Enabled,0.930144,0.0312489,0.0353894,0.364146,-87.4899,271.287,-1592.31,0.143774,3,OK,-87.3152,271.354,-1592.33,OK,-129.021,241.346,-1589.59,OK,-130.201,317.614,-1587.01,,365943511,Port:3,0,1773324658,518826765,Missing,,,,,,,,,4,Missing,,,,Missing,,,,Missing,,,,Missing,,,,,365943511,Port:65535,0,1773324658,518826765,Missing,,,,,,,,,3,OK,-40.8973,205.255,-2036.86,OK,-43.5489,200.593,-2246.46,OK,-63.8727,219.138,-2295.47,,,,,,,,,,,,,,,,,,,,
4,,365943514,Port:1,0,1773324658,568826765,50000000,Enabled,0.738824,0.426077,-0.439999,0.281066,-94.1787,145.831,-1752.57,0.16695,4,OK,-94.0878,145.66,-1752.68,OK,-133.677,123.518,-1731.29,OK,-130.384,68.6733,-1730.62,OK,-75.7284,89.3273,-1759.39,,365943514,Port:2,0,1773324658,568826765,Enabled,0.930129,0.0307751,0.0357118,0.364194,-87.4891,271.288,-1592.31,0.142615,3,OK,-87.3177,271.356,-1592.32,OK,-129.014,241.341,-1589.54,OK,-130.204,317.616,-1587.04,,365943514,Port:3,0,1773324658,568826765,Missing,,,,,,,,,4,Missing,,,,Missing,,,,Missing,,,,Missing,,,,,365943514,Port:65535,0,1773324658,568826765,Missing,,,,,,,,,3,OK,-40.9059,205.26,-2036.87,OK,-43.568,200.598,-2246.45,OK,-63.879,219.133,-2295.44,,,,,,,,,,,,,,,,,,,,
4,,365943517,Port:1,0,1773324658,618826765,50000000,Enabled,0.73652,0.430235,-0.437461,0.284717,-96.0288,144.473,-1752.24,0.173262,4,OK,-95.9357,144.308,-1752.36,OK,-135.232,121.599,-1730.97,OK,-131.243,66.7908,-1730.54,OK,-76.8734,88.2209,-1759.26,,365943517,Port:2,0,1773324658,618826765,Enabled,0.930166,0.0309766,0.0349741,0.364155,-87.4874,271.288,-1592.27,0.14331,3,OK,-87.312,271.354,-1592.28,OK,-129.021,241.351,-1589.58,OK,-130.204,317.616,-1587.01,,365943517,Port:3,0,1773324658,618826765,Missing,,,,,,,,,4,Missing,,,,Missing,,,,Missing,,,,Missing,,,,,365943517,Port:65535,0,1773324658,618826765,Missing,,,,,,,,,3,OK,-40.8952,205.242,-2036.88,OK,-43.5476,200.578,-2246.5,OK,-63.8664,219.117,-2295.28,,,,,,,,,,,,,,,,,,,,
4,,365943520,Port:1,0,1773324658,668826765,50000000,Enabled,0.736741,0.431375,-0.433969,0.287748,-97.3452,143.73,-1752.63,0.16293,4,OK,-97.2445,143.563,-1752.73,OK,-136.274,120.592,-1731.2,OK,-131.836,65.8193,-1730.54,OK,-77.7626,87.6318,-1759.55,,365943520,Port:2,0,1773324658,668826765,Enabled,0.930116,0.0310569,0.0358712,0.364188,-87.4882,271.285,-1592.32,0.145529,3,OK,-87.312,271.354,-1592.33,OK,-129.015,241.339,-1589.54,OK,-130.201,317.608,-1587.01,,365943520,Port:3,0,1773324658,668826765,Missing,,,,,,,,,4,Missing,,,,Missing,,,,Missing,,,,Missing,,,,,365943520,Port:65535,0,1773324658,668826765,Missing,,,,,,,,,3,OK,-40.9053,205.195,-2036.55,OK,-43.5648,200.517,-2246.49,OK,-63.8717,219.119,-2295.39,,,,,,,,,,,,,,,,,,,,
4,,365943523,Port:1,0,1773324658,718826765,50000000,Enabled,0.736127,0.431518,-0.433022,0.290519,-98.1164,143.379,-1753.36,0.153394,4,OK,-98.0214,143.201,-1753.42,OK,-136.968,120.095,-1731.97,OK,-132.213,65.3397,-1731.12,OK,-78.2058,87.3593,-1760.17,,365943523,Port:2,0,1773324658,718826765,Enabled,0.930136,0.0309147,0.035587,0.364178,-87.4904,271.284,-1592.3,0.145296,3,OK,-87.3142,271.353,-1592.31,OK,-129.02,241.341,-1589.55,OK,-130.205,317.612,-1587.02,,365943523,Port:3,0,1773324658,718826765,Missing,,,,,,,,,4,Missing,,,,Missing,,,,Missing,,,,Missing,,,,,365943523,Port:65535,0,1773324658,718826765,Missing,,,,,,,,,3,OK,-40.8954,205.148,-2036.28,OK,-43.5794,200.454,-2246.76,OK,-63.8721,219.11,-2295.45,,,,,,,,,,,,,,,,,,,,
4,,365943526,Port:1,0,1773324658,768826765,50000000,Enabled,0.737138,0.431932,-0.431093,0.29021,-98.5931,143.413,-1753.56,0.160676,4,OK,-98.4993,143.239,-1753.65,OK,-137.32,120.11,-1731.95,OK,-132.523,65.3616,-1731.12,OK,-78.6618,87.4105,-1760.36,,365943526,Port:2,0,1773324658,768826765,Enabled,0.93015,0.0308848,0.0355588,0.364147,-87.4859,271.287,-1592.3,0.145324,3,OK,-87.3103,271.354,-1592.32,OK,-129.016,241.342,-1589.55,OK,-130.199,317.624,-1587.03,,365943526,Port:3,0,1773324658,768826765,Missing,,,,,,,,,4,Missing,,,,Missing,,,,Missing,,,,Missing,,,,,365943526,Port:65535,0,1773324658,768826765,Missing,,,,,,,,,3,OK,-40.8903,204.928,-2035.27,OK,-43.601,200.183,-2246.84,OK,-63.8947,219.098,-2295.48,,,,,,,,,,,,,,,,,,,,
4,,365943529,Port:1,0,1773324658,818826765,50000000,Enabled,0.735793,0.433168,-0.429824,0.29364,-100.863,143.001,-1754.03,0.160029,4,OK,-100.764,142.83,-1754.12,OK,-139.441,119.403,-1732.46,OK,-134.201,64.6968,-1731.58,OK,-80.4719,87.1531,-1760.77,,365943529,Port:2,0,1773324658,818826765,Enabled,0.930122,0.0311219,0.0356023,0.364193,-87.4909,271.29,-1592.32,0.14497,3,OK,-87.317,271.362,-1592.33,OK,-129.019,241.343,-1589.57,OK,-130.203,317.613,-1587.02,,365943529,Port:3,0,1773324658,818826765,Missing,,,,,,,,,4,Missing,,,,Missing,,,,Missing,,,,Missing,,,,,365943529,Port:65535,0,1773324658,818826765,Missing,,,,,,,,,3,OK,-40.8864,204.836,-2034.83,OK,-43.5977,200.07,-2246.92,OK,-63.8941,219.053,-2295.55,,,,,,,,,,,,,,,,,,,,
4,,365943532,Port:1,0,1773324658,868826765,50000000,Enabled,0.733598,0.43577,-0.426903,0.299486,-103.584,142.401,-1754.71,0.162885,4,OK,-103.486,142.236,-1754.8,OK,-141.828,118.263,-1733.15,OK,-135.809,63.6298,-1732.21,OK,-82.3614,86.8561,-1761.36,,365943532,Port:2,0,1773324658,868826765,Enabled,0.930146,0.0312368,0.0355585,0.364128,-87.4936,271.285,-1592.3,0.143729,3,OK,-87.3207,271.356,-1592.31,OK,-129.026,241.345,-1589.56,OK,-130.2,317.613,-1586.99,,365943532,Port:3,0,1773324658,868826765,Missing,,,,,,,,,4,Missing,,,,Missing,,,,Missing,,,,Missing,,,,,365943532,Port:65535,0,1773324658,868826765,Missing,,,,,,,,,3,OK,-40.871,204.833,-2034.84,OK,-43.6035,200.067,-2246.9,OK,-63.8967,219.058,-2295.54,,,,,,,,,,,,,,,,,,,,
4,,365943535,Port:1,0,1773324658,918826765,50000000,Enabled,0.733387,0.43613,-0.42484,0.302399,-104.649,142.409,-1755.35,0.170908,4,OK,-104.533,142.246,-1755.45,OK,-142.75,118.084,-1733.69,OK,-136.346,63.4998,-1732.6,OK,-83.0632,86.9827,-1761.85,,365943535,Port:2,0,1773324658,918826765,Enabled,0.93013,0.0310925,0.0357604,0.364161,-87.4907,271.293,-1592.32,0.141527,3,OK,-87.3222,271.364,-1592.33,OK,-129.017,241.349,-1589.56,OK,-130.197,317.618,-1587.01,,365943535,Port:3,0,1773324658,918826765,Missing,,,,,,,,,4,Missing,,,,Missing,,,,Missing,,,,Missing,,,,,365943535,Port:65535,0,1773324658,918826765,Missing,,,,,,,,,3,OK,-40.8782,204.85,-2034.91,OK,-43.6099,200.088,-2246.87,OK,-63.88,219.067,-2295.53,,,,,,,,,,,,,,,,,,,,
4,,365943538,Port:1,0,1773324658,968826765,50000000,Enabled,0.734114,0.434154,-0.427496,0.299723,-103.315,143.236,-1755.23,0.156359,4,OK,-103.21,143.07,-1755.31,OK,-141.645,119.22,-1733.69,OK,-135.709,64.5937,-1732.57,OK,-82.1989,87.6299,-1761.71,,365943538,Port:2,0,1773324658,968826765,Enabled,0.930151,0.0310198,0.0353837,0.364148,-87.4935,271.285,-1592.3,0.144027,3,OK,-87.3189,271.354,-1592.31,OK,-129.026,241.346,-1589.57,OK,-130.205,317.612,-1587.02,,365943538,Port:3,0,1773324658,968826765,Missing,,,,,,,,,4,Missing,,,,Missing,,,,Missing,,,,Missing,,,,,365943538,Port:65535,0,1773324658,968826765,Missing,,,,,,,,,3,OK,-40.8786,204.847,-2034.84,OK,-43.5963,200.082,-2246.92,OK,-63.8922,219.062,-2295.6,,,,,,,,,,,,,,,,,,,,
4,,365943541,Port:1,0,1773324659,18826764,49999999,Enabled,0.735736,0.431866,-0.430887,0.294143,-102.009,144.024,-1754.84,0.154022,4,OK,-101.914,143.86,-1754.92,OK,-140.674,120.507,-1733.35,OK,-135.514,65.8027,-1732.35,OK,-81.6652,88.1333,-1761.43,,365943541,Port:2,0,1773324659,18826764,Enabled,0.930142,0.0308322,0.035478,0.364179,-87.4899,271.291,-1592.27,0.143641,3,OK,-87.3159,271.359,-1592.28,OK,-129.019,241.349,-1589.52,OK,-130.205,317.618,-1587,,365943541,Port:3,0,1773324659,18826764,Missing,,,,,,,,,4,Missing,,,,Missing,,,,Missing,,,,Missing,,,,,365943541,Port:65535,0,1773324659,18826764,Missing,,,,,,,,,3,OK,-40.8871,204.86,-2034.86,OK,-43.6152,200.095,-2247,OK,-63.8908,219.067,-2295.51,,,,,,,,,,,,,,,,,,,,
4,,365943544,Port:1,0,1773324659,68826764,50000000,Enabled,0.733904,0.431985,-0.432083,0.29678,-102.656,143.465,-1754.78,0.169364,4,OK,-102.55,143.308,-1754.9,OK,-141.343,119.779,-1733.48,OK,-135.984,65.0944,-1732.51,OK,-82.0512,87.6712,-1761.25,,365943544,Port:2,0,1773324659,68826764,Enabled,0.930178,0.030916,0.0348946,0.364138,-87.4864,271.291,-1592.24,0.144133,3,OK,-87.3111,271.358,-1592.26,OK,-129.023,241.353,-1589.56,OK,-130.201,317.621,-1587,,365943544,Port:3,0,1773324659,68826764,Missing,,,,,,,,,4,Missing,,,,Missing,,,,Missing,,,,Missing,,,,,365943544,Port:65535,0,1773324659,68826764,Missing,,,,,,,,,3,OK,-40.8772,204.833,-2034.78,OK,-43.602,200.064,-2246.94,OK,-63.8848,219.046,-2295.46,,,,,,,,,,,,,,,,,,,,
4,,365943547,Port:1,0,1773324659,118826771,50000007,Enabled,0.732972,0.434858,-0.430847,0.296685,-102.93,142.605,-1753.89,0.186494,4,OK,-102.824,142.436,-1754.02,OK,-141.482,118.673,-1732.55,OK,-135.892,64.0186,-1731.87,OK,-82.0936,86.9208,-1760.66,,365943547,Port:2,0,1773324659,118826771,Enabled,0.930155,0.0308384,0.0353416,0.364159,-87.4896,271.288,-1592.28,0.139573,3,OK,-87.3189,271.351,-1592.3,OK,-129.016,241.35,-1589.56,OK,-130.205,317.62,-1587.03,,365943547,Port:3,0,1773324659,118826771,Missing,,,,,,,,,4,Missing,,,,Missing,,,,Missing,,,,Missing,,,,,365943547,Port:65535,0,1773324659,118826771,Missing,,,,,,,,,3,OK,-40.8745,204.835,-2034.83,OK,-43.6057,200.07,-2246.83,OK,-63.8967,219.059,-2295.54,,,,,,,,,,,,,,,,,,,,
4,,365943550,Port:1,0,1773324659,168826771,50000000,Enabled,0.732264,0.436507,-0.431142,0.295579,-102.535,142.012,-1752.65,0.17055,4,OK,-102.425,141.838,-1752.74,OK,-141.063,117.998,-1731.43,OK,-135.473,63.33,-1730.89,OK,-81.7229,86.3648,-1759.7,,365943550,Port:2,0,1773324659,168826771,Enabled,0.93014,0.0313893,0.0352278,0.364162,-87.4897,271.295,-1592.3,0.145505,3,OK,-87.3106,271.361,-1592.31,OK,-129.024,241.358,-1589.59,OK,-130.204,317.615,-1586.98,,365943550,Port:3,0,1773324659,168826771,Missing,,,,,,,,,4,Missing,,,,Missing,,,,Missing,,,,Missing,,,,,365943550,Port:65535,0,1773324659,168826771,Missing,,,,,,,,,3,OK,-40.8921,204.846,-2034.98,OK,-43.597,200.083,-2247,OK,-63.8868,219.06,-2295.5,,,,,,,,,,,,,,,,,,,,
4,,365943553,Port:1,0,1773324659,218826764,49999993,Enabled,0.731901,0.435748,-0.433389,0.294309,-101.914,141.999,-1752.14,0.163609,4,OK,-101.798,141.841,-1752.23,OK,-140.609,118.117,-1731.08,OK,-135.242,63.4119,-1730.61,OK,-81.3341,86.267,-1759.21,,365943553,Port:2,0,1773324659,218826764,Enabled,0.930116,0.0313457,0.0356234,0.364188,-87.492,271.294,-1592.32,0.143282,3,OK,-87.3191,271.365,-1592.33,OK,-129.02,241.352,-1589.58,OK,-130.202,317.611,-1586.99,,365943553,Port:3,0,1773324659,218826764,Missing,,,,,,,,,4,Missing,,,,Missing,,,,Missing,,,,Missing,,,,,365943553,Port:65535,0,1773324659,218826764,Missing,,,,,,,,,3,OK,-40.8986,204.845,-2034.92,OK,-43.6218,200.081,-2246.95,OK,-63.8977,219.07,-2295.52,,,,,,,,,,,,,,,,,,,,
4,,365943556,Port:1,0,1773324659,268826764,50000000,Enabled,0.732372,0.43377,-0.435515,0.29292,-101.666,142.673,-1752.46,0.166853,4,OK,-101.566,142.499,-1752.55,OK,-140.557,119.041,-1731.46,OK,-135.509,64.3209,-1730.97,OK,-81.381,86.8071,-1759.42,,365943556,Port:2,0,1773324659,268826764,Enabled,0.930128,0.0310552,0.0356215,0.364182,-87.4877,271.284,-1592.3,0.143141,3,OK,-87.3139,271.351,-1592.31,OK,-129.014,241.341,-1589.55,OK,-130.202,317.61,-1587.01,,365943556,Port:3,0,1773324659,268826764,Missing,,,,,,,,,4,Missing,,,,Missing,,,,Missing,,,,Missing,,,,,365943556,Port:65535,0,1773324659,268826764,Missing,,,,,,,,,3,OK,-40.8808,204.838,-2034.9,OK,-43.6094,200.073,-2246.93,OK,-63.8896,219.038,-2295.53,,,,,,,,,,,,,,,,,,,,
4,,365943559,Port:1,0,1773324659,318826764,50000000,Enabled,0.731698,0.432528,-0.436843,0.294457,-102.215,143.07,-1752.89,0.160698,4,OK,-102.107,142.908,-1752.98,OK,-141.178,119.456,-1732.05,OK,-136.123,64.725,-1731.41,OK,-81.8987,87.2079,-1759.65,,365943559,Port:2,0,1773324659,318826764,Enabled,0.930164,0.0309807,0.0350077,0.364157,-87.4868,271.294,-1592.28,0.141562,3,OK,-87.3147,271.361,-1592.29,OK,-129.019,241.357,-1589.59,OK,-130.201,317.62,-1587.02,,365943559,Port:3,0,1773324659,318826764,Missing,,,,,,,,,4,Missing,,,,Missing,,,,Missing,,,,Missing,,,,,365943559,Port:65535,0,1773324659,318826764,Missing,,,,,,,,,3,OK,-40.8911,204.793,-2034.75,OK,-43.6079,200.017,-2247.04,OK,-63.8769,219.06,-2295.66,,,,,,,,,,,,,,,,,,,,
4,,365943562,Port:1,0,1773324659,368826771,50000007,Enabled,0.730711,0.430967,-0.440154,0.294266,-102.736,143.58,-1752.93,0.155526,4,OK,-102.65,143.399,-1753,OK,-141.932,120.117,-1732.36,OK,-137.083,65.3772,-1731.72,OK,-82.5758,87.6269,-1759.62,,365943562,Port:2,0,1773324659,368826771,Enabled,0.930148,0.0310401,0.0352726,0.364167,-87.4888,271.296,-1592.28,0.140312,3,OK,-87.3173,271.361,-1592.29,OK,-129.017,241.36,-1589.56,OK,-130.203,317.619,-1587,,365943562,Port:3,0,1773324659,368826771,Missing,,,,,,,,,4,Missing,,,,Missing,,,,Missing,,,,Missing,,,,,365943562,Port:65535,0,1773324659,368826771,Missing,,,,,,,,,3,OK,-40.8799,204.721,-2034.21,OK,-43.6262,199.924,-2247.05,OK,-63.8935,219.033,-2295.53,,,,,,,,,,,,,,,,,,,,
4,,365943565,Port:1,0,1773324659,418826771,50000000,Enabled,0.730221,0.42888,-0.442417,0.295138,-103.2,143.734,-1752.51,0.167928,4,OK,-103.105,143.569,-1752.63,OK,-142.553,120.394,-1732.07,OK,-137.841,65.6388,-1731.38,OK,-83.1455,87.7271,-1758.93,,365943565,Port:2,0,1773324659,418826771,Enabled,0.930172,0.0312599,0.0350686,0.364105,-87.4938,271.289,-1592.3,0.144423,3,OK,-87.3201,271.36,-1592.31,OK,-129.032,241.352,-1589.61,OK,-130.2,317.615,-1587.01,,365943565,Port:3,0,1773324659,418826771,Missing,,,,,,,,,4,Missing,,,,Missing,,,,Missing,,,,Missing,,,,,365943565,Port:65535,0,1773324659,418826771,Missing,,,,,,,,,3,OK,-40.8942,204.688,-2034.32,OK,-43.6388,199.89,-2247.04,OK,-63.9194,219.048,-2295.6,,,,,,,,,,,,,,,,,,,,
4,,365943568,Port:1,0,1773324659,468826764,49999993,Enabled,0.729713,0.4295,-0.443707,0.293551,-103.888,143.567,-1751.35,0.170515,4,OK,-103.791,143.397,-1751.46,OK,-143.326,120.254,-1731.01,OK,-138.746,65.4946,-1730.5,OK,-83.9645,87.5314,-1757.95,,365943568,Port:2,0,1773324659,468826764,Enabled,0.930124,0.0309251,0.035914,0.364176,-87.4915,271.299,-1592.32,0.14467,3,OK,-87.3161,271.366,-1592.34,OK,-129.018,241.353,-1589.54,OK,-130.205,317.628,-1587.03,,365943568,Port:3,0,1773324659,468826764,Missing,,,,,,,,,4,Missing,,,,Missing,,,,Missing,,,,Missing,,,,,365943568,Port:65535,0,1773324659,468826764,Missing,,,,,,,,,3,OK,-40.8808,204.71,-2034.23,OK,-43.6302,199.914,-2247.03,OK,-63.9104,219.055,-2295.61,,,,,,,,,,,,,,,,,,,,
4,,365943571,Port:1,0,1773324659,518826764,50000000,Enabled,0.727337,0.430293,-0.445664,0.295318,-104.905,142.703,-1750.08,0.165863,4,OK,-104.803,142.546,-1750.2,OK,-144.38,119.22,-1730.06,OK,-139.643,64.4509,-1729.67,OK,-84.7992,86.746,-1756.71,,365943571,Port:2,0,1773324659,518826764,Enabled,0.930153,0.0311593,0.0352502,0.364145,-87.4909,271.295,-1592.31,0.144538,3,OK,-87.3153,271.364,-1592.32,OK,-129.025,241.357,-1589.6,OK,-130.202,317.62,-1587.02,,365943571,Port:3,0,1773324659,518826764,Missing,,,,,,,,,4,Missing,,,,Missing,,,,Missing,,,,Missing,,,,,365943571,Port:65535,0,1773324659,518826764,Missing,,,,,,,,,3,OK,-40.8684,204.704,-2034.18,OK,-43.6324,199.906,-2246.97,OK,-63.9078,219.056,-2295.53,,,,,,,,,,,,,,,,,,,,
4,,365943574,Port:1,0,1773324659,568826764,50000000,Enabled,0.726319,0.432406,-0.446176,0.29396,-104.77,141.727,-1748.51,0.171123,4,OK,-104.67,141.565,-1748.63,OK,-144.237,118.12,-1728.57,OK,-139.495,63.3826,-1728.49,OK,-84.6481,85.8086,-1755.46,,365943574,Port:2,0,1773324659,568826764,Enabled,0.930147,0.0309423,0.0353212,0.364173,-87.4925,271.291,-1592.3,0.144426,3,OK,-87.3187,271.361,-1592.31,OK,-129.024,241.347,-1589.57,OK,-130.207,317.618,-1587.03,,365943574,Port:3,0,1773324659,568826764,Missing,,,,,,,,,4,Missing,,,,Missing,,,,Missing,,,,Missing,,,,,365943574,Port:65535,0,1773324659,568826764,Missing,,,,,,,,,3,OK,-40.8906,204.709,-2034.18,OK,-43.6179,199.909,-2247.12,OK,-63.9071,219.043,-2295.6,,,,,,,,,,,,,,,,,,,,
4,,365943577,Port:1,0,1773324659,618826771,50000007,Enabled,0.725822,0.433057,-0.448954,0.289971,-103.439,140.862,-1746.96,0.176094,4,OK,-103.33,140.699,-1747.09,OK,-143.107,117.411,-1727.2,OK,-138.749,62.6487,-1727.48,OK,-83.7153,84.8441,-1754.28,,365943577,Port:2,0,1773324659,618826771,Enabled,0.930163,0.0308804,0.0353723,0.364132,-87.4926,271.297,-1592.27,0.143059,3,OK,-87.3194,271.364,-1592.29,OK,-129.024,241.358,-1589.54,OK,-130.204,317.631,-1587.01,,365943577,Port:3,0,1773324659,618826771,Missing,,,,,,,,,4,Missing,,,,Missing,,,,Missing,,,,Missing,,,,,365943577,Port:65535,0,1773324659,618826771,Missing,,,,,,,,,3,OK,-40.8626,204.719,-2034.2,OK,-43.613,199.919,-2247.13,OK,-63.8925,219.053,-2295.62,,,,,,,,,,,,,,,,,,,,
4,,365943580,Port:1,0,1773324659,668826771,50000000,Enabled,0.726133,0.433945,-0.450348,0.285676,-101.669,140.008,-1745.48,0.175392,4,OK,-101.564,139.848,-1745.61,OK,-141.44,116.711,-1725.76,OK,-137.474,61.9259,-1726.35,OK,-82.3429,83.9028,-1753.16,,365943580,Port:2,0,1773324659,668826771,Enabled,0.930166,0.0310109,0.0348754,0.364161,-87.4906,271.298,-1592.29,0.141472,3,OK,-87.3181,271.364,-1592.3,OK,-129.023,241.361,-1589.61,OK,-130.207,317.625,-1587.03,,365943580,Port:3,0,1773324659,668826771,Missing,,,,,,,,,4,Missing,,,,Missing,,,,Missing,,,,Missing,,,,,365943580,Port:65535,0,1773324659,668826771,Missing,,,,,,,,,3,OK,-40.8726,204.714,-2034.24,OK,-43.6178,199.916,-2247.11,OK,-63.8924,219.046,-2295.63,,,,,,,,,,,,,,,,,,,,
4,,365943583,Port:1,0,1773324659,718826764,49999993,Enabled,0.726392,0.434465,-0.450913,0.283323,-100.41,139.349,-1744.72,0.176341,4,OK,-100.296,139.191,-1744.84,OK,-140.244,116.146,-1725,OK,-136.471,61.322,-1725.74,OK,-81.2845,83.2013,-1752.62,,365943583,Port:2,0,1773324659,718826764,Enabled,0.930122,0.0311373,0.0358873,0.364163,-87.4969,271.288,-1592.32,0.144129,3,OK,-87.3225,271.358,-1592.34,OK,-129.025,241.348,-1589.55,OK,-130.205,317.609,-1587.01,,365943583,Port:3,0,1773324659,718826764,Missing,,,,,,,,,4,Missing,,,,Missing,,,,Missing,,,,Missing,,,,,365943583,Port:65535,0,1773324659,718826764,Missing,,,,,,,,,3,OK,-40.9123,204.705,-2034.26,OK,-43.6491,199.907,-2247.09,OK,-63.9092,219.054,-2295.6,,,,,,,,,,,,,,,,,,,,
4,,365943586,Port:1,0,1773324659,768826764,50000000,Enabled,0.725968,0.433911,-0.451946,0.283614,-99.8281,139.295,-1744.88,0.175799,4,OK,-99.7347,139.128,-1745.01,OK,-139.7,116.126,-1725.25,OK,-135.979,61.3082,-1726.02,OK,-80.7473,83.1296,-1752.7,,365943586,Port:2,0,1773324659,768826764,Enabled,0.930138,0.0311313,0.0354153,0.364171,-87.49,271.294,-1592.28,0.14482,3,OK,-87.3158,271.366,-1592.3,OK,-129.022,241.352,-1589.56,OK,-130.201,317.614,-1586.99,,365943586,Port:3,0,1773324659,768826764,Missing,,,,,,,,,4,Missing,,,,Missing,,,,Missing,,,,Missing,,,,,365943586,Port:65535,0,1773324659,768826764,Missing,,,,,,,,,3,OK,-40.8735,204.7,-2034.24,OK,-43.6289,199.903,-2246.99,OK,-63.8907,219.052,-2295.6,,,,,,,,,,,,,,,,,,,,
4,,365943589,Port:1,0,1773324659,818826764,50000000,Enabled,0.727076,0.432082,-0.452286,0.283024,-98.9745,140.051,-1745.46,0.175413,4,OK,-98.8739,139.889,-1745.59,OK,-138.931,117.076,-1725.77,OK,-135.397,62.2358,-1726.36,OK,-80.0839,83.8012,-1753.13,,365943589,Port:2,0,1773324659,818826764,Enabled,0.930165,0.0309272,0.0352733,0.364132,-87.4869,271.291,-1592.29,0.14233,3,OK,-87.3147,271.358,-1592.3,OK,-129.018,241.351,-1589.57,OK,-130.198,317.626,-1587.02,,365943589,Port:3,0,1773324659,818826764,Missing,,,,,,,,,4,Missing,,,,Missing,,,,Missing,,,,Missing,,,,,365943589,Port:65535,0,1773324659,818826764,Missing,,,,,,,,,3,OK,-40.8836,204.719,-2034.11,OK,-43.6143,199.918,-2247.1,OK,-63.9028,219.051,-2295.72,,,,,,,,,,,,,,,,,,,,
4,,365943592,Port:1,0,1773324659,868826771,50000007,Enabled,0.728848,0.427941,-0.454658,0.280951,-98.2081,141.281,-1746.27,0.159563,4,OK,-98.0962,141.132,-1746.35,OK,-138.445,118.77,-1726.63,OK,-135.453,63.9082,-1726.87,OK,-79.8415,84.8174,-1753.69,,365943592,Port:2,0,1773324659,868826771,Enabled,0.930147,0.0312325,0.0352802,0.36415,-87.4918,271.295,-1592.31,0.14309,3,OK,-87.3178,271.363,-1592.33,OK,-129.024,241.356,-1589.6,OK,-130.203,317.619,-1587.01,,365943592,Port:3,0,1773324659,868826771,Missing,,,,,,,,,4,Missing,,,,Missing,,,,Missing,,,,Missing,,,,,365943592,Port:65535,0,1773324659,868826771,Missing,,,,,,,,,3,OK,-40.9004,204.699,-2034.29,OK,-43.6335,199.902,-2247.04,OK,-63.8957,219.056,-2295.67,,,,,,,,,,,,,,,,,,,,
4,,365943595,Port:1,0,1773324659,918826771,50000000,Enabled,0.727986,0.426196,-0.456938,0.282136,-98.5989,141.823,-1746.99,0.161204,4,OK,-98.5116,141.656,-1747.1,OK,-138.954,119.414,-1727.53,OK,-136.04,64.5344,-1727.74,OK,-80.2916,85.3206,-1754.17,,365943595,Port:2,0,1773324659,918826771,Enabled,0.930162,0.0307676,0.0352188,0.364158,-87.4888,271.297,-1592.27,0.140456,3,OK,-87.3187,271.363,-1592.29,OK,-129.018,241.357,-1589.56,OK,-130.204,317.628,-1587.03,,365943595,Port:3,0,1773324659,918826771,Missing,,,,,,,,,4,Missing,,,,Missing,,,,Missing,,,,Missing,,,,,365943595,Port:65535,0,1773324659,918826771,Missing,,,,,,,,,3,OK,-40.8953,204.716,-2034.3,OK,-43.615,199.921,-2247.09,OK,-63.8929,219.026,-2295.57,,,,,,,,,,,,,,,,,,,,
4,,365943598,Port:1,0,1773324659,968826764,49999993,Enabled,0.727846,0.425572,-0.457544,0.282456,-98.9976,141.85,-1747.4,0.16047,4,OK,-98.8947,141.688,-1747.5,OK,-139.414,119.469,-1728,OK,-136.514,64.596,-1728.14,OK,-80.7052,85.3331,-1754.52,,365943598,Port:2,0,1773324659,968826764,Enabled,0.930147,0.031216,0.0350904,0.364172,-87.4845,271.293,-1592.28,0.142743,3,OK,-87.3117,271.361,-1592.29,OK,-129.016,241.351,-1589.58,OK,-130.199,317.617,-1586.99,,365943598,Port:3,0,1773324659,968826764,Missing,,,,,,,,,4,Missing,,,,Missing,,,,Missing,,,,Missing,,,,,365943598,Port:65535,0,1773324659,968826764,Missing,,,,,,,,,3,OK,-40.8783,204.72,-2034.2,OK,-43.6281,199.923,-2247.07,OK,-63.8992,219.048,-2295.6,,,,,,,,,,,,,,,,,,,,
4,,365943601,Port:1,0,1773324660,18826767,50000003,Enabled,0.727189,0.426246,-0.458363,0.281805,-99.0525,141.536,-1747.3,0.167767,4,OK,-98.9518,141.377,-1747.41,OK,-139.503,119.131,-1727.96,OK,-136.64,64.2597,-1728.28,OK,-80.7825,85.0222,-1754.53,,365943601,Port:2,0,1773324660,18826767,Enabled,0.930136,0.0308981,0.0358335,0.364155,-87.4921,271.291,-1592.32,0.143209,3,OK,-87.3227,271.365,-1592.33,OK,-129.02,241.346,-1589.54,OK,-130.198,317.619,-1587.03,,365943601,Port:3,0,1773324660,18826767,Missing,,,,,,,,,4,Missing,,,,Missing,,,,Missing,,,,Missing,,,,,365943601,Port:65535,0,1773324660,18826767,Missing,,,,,,,,,3,OK,-40.8961,204.685,-2034.17,OK,-43.6294,199.884,-2247.02,OK,-63.8965,219.033,-2295.65,,,,,,,,,,,,,,,,,,,,
4,,365943604,Port:1,0,1773324660,68826767,50000000,Enabled,0.727524,0.426439,-0.458918,0.279737,-98.666,141.508,-1747.25,0.155694,4,OK,-98.5778,141.336,-1747.33,OK,-139.17,119.207,-1727.95,OK,-136.497,64.3323,-1728.33,OK,-80.5909,84.9409,-1754.67,,365943604,Port:2,0,1773324660,68826767,Enabled,0.930122,0.0309139,0.0357247,0.3642,-87.4901,271.303,-1592.3,0.14559,3,OK,-87.3147,271.372,-1592.32,OK,-129.017,241.354,-1589.54,OK,-130.206,317.63,-1587.02,,365943604,Port:3,0,1773324660,68826767,Missing,,,,,,,,,4,Missing,,,,Missing,,,,Missing,,,,Missing,,,,,365943604,Port:65535,0,1773324660,68826767,Missing,,,,,,,,,3,OK,-40.8834,204.73,-2034.23,OK,-43.6201,199.932,-2247.14,OK,-63.9159,219.053,-2295.61,,,,,,,,,,,,,,,,,,,,
4,,365943607,Port:1,0,1773324660,118826767,50000000,Enabled,0.727339,0.425825,-0.459281,0.280556,-98.8194,141.503,-1747.52,0.165055,4,OK,-98.7367,141.331,-1747.63,OK,-139.349,119.215,-1728.22,OK,-136.649,64.3372,-1728.6,OK,-80.7023,84.9285,-1754.81,,365943607,Port:2,0,1773324660,118826767,Enabled,0.930159,0.0309984,0.0350228,0.364167,-87.4903,271.29,-1592.26,0.14348,3,OK,-87.3169,271.359,-1592.28,OK,-129.023,241.348,-1589.57,OK,-130.206,317.617,-1587,,365943607,Port:3,0,1773324660,118826767,Missing,,,,,,,,,4,Missing,,,,Missing,,,,Missing,,,,Missing,,,,,365943607,Port:65535,0,1773324660,118826767,Missing,,,,,,,,,3,OK,-40.8809,204.7,-2034.24,OK,-43.6252,199.903,-2246.97,OK,-63.8983,219.041,-2295.58,,,,,,,,,,,,,,,,,,,,
4,,365943610,Port:1,0,1773324660,168826767,50000000,Enabled,0.728146,0.425284,-0.458693,0.280246,-98.6602,141.619,-1747.55,0.169845,4,OK,-98.5608,141.461,-1747.67,OK,-139.176,119.383,-1728.16,OK,-136.55,64.5001,-1728.44,OK,-80.6051,85.0342,-1754.79,,365943610,Port:2,0,1773324660,168826767,Enabled,0.93017,0.0310993,0.0350947,0.364123,-87.489,271.289,-1592.27,0.141417,3,OK,-87.3172,271.357,-1592.29,OK,-129.023,241.355,-1589.58,OK,-130.199,317.617,-1587,,365943610,Port:3,0,1773324660,168826767,Missing,,,,,,,,,4,Missing,,,,Missing,,,,Missing,,,,Missing,,,,,365943610,Port:65535,0,1773324660,168826767,Missing,,,,,,,,,3,OK,-40.8844,204.709,-2034.24,OK,-43.6195,199.913,-2247,OK,-63.8868,219.04,-2295.55,,,,,,,,,,,,,,,,,,,,
4,,365943613,Port:1,0,1773324660,218826767,50000000,Enabled,0.727904,0.424771,-0.459228,0.280775,-98.6674,141.829,-1747.78,0.161597,4,OK,-98.5684,141.659,-1747.86,OK,-139.228,119.618,-1728.46,OK,-136.576,64.7316,-1728.66,OK,-80.6065,85.2344,-1754.96,,365943613,Port:2,0,1773324660,218826767,Enabled,0.930151,0.031059,0.0353462,0.36415,-87.49,271.294,-1592.28,0.141315,3,OK,-87.3167,271.358,-1592.29,OK,-129.019,241.357,-1589.56,OK,-130.204,317.622,-1587,,365943613,Port:3,0,1773324660,218826767,Missing,,,,,,,,,4,Missing,,,,Missing,,,,Missing,,,,Missing,,,,,365943613,Port:65535,0,1773324660,218826767,Missing,,,,,,,,,3,OK,-40.88,204.72,-2034.2,OK,-43.6017,199.922,-2247.11,OK,-63.8913,219.031,-2295.51,,,,,,,,,,,,,,,,,,,,
4,,365943616,Port:1,0,1773324660,268826767,50000000,Enabled,0.727709,0.423405,-0.460299,0.281589,-98.4844,141.991,-1747.79,0.200425,4,OK,-98.3988,141.834,-1747.97,OK,-139.096,119.844,-1728.46,OK,-136.518,64.9643,-1728.73,OK,-80.4684,85.3596,-1754.72,,365943616,Port:2,0,1773324660,268826767,Enabled,0.930183,0.0311238,0.0345817,0.364136,-87.4897,271.294,-1592.28,0.140195,3,OK,-87.3195,271.361,-1592.29,OK,-129.025,241.361,-1589.64,OK,-130.203,317.619,-1587.03,,365943616,Port:3,0,1773324660,268826767,Missing,,,,,,,,,4,Missing,,,,Missing,,,,Missing,,,,Missing,,,,,365943616,Port:65535,0,1773324660,268826767,Missing,,,,,,,,,3,OK,-40.8901,204.702,-2034.26,OK,-43.615,199.904,-2247.08,OK,-63.8884,219.027,-2295.55,,,,,,,,,,,,,,,,,,,,
4,,365943619,Port:1,0,1773324660,318826767,50000000,Enabled,0.727417,0.422838,-0.460783,0.282403,-99.3879,141.889,-1747.75,0.176186,4,OK,-99.289,141.713,-1747.87,OK,-140.056,119.752,-1728.54,OK,-137.426,64.8699,-1728.63,OK,-81.3222,85.267,-1754.64,,365943619,Port:2,0,1773324660,318826767,Enabled,0.930135,0.0310855,0.0358309,0.364141,-87.4951,271.289,-1592.31,0.148801,3,OK,-87.3154,271.362,-1592.33,OK,-129.029,241.347,-1589.54,OK,-130.203,317.615,-1587.01,,365943619,Port:3,0,1773324660,318826767,Missing,,,,,,,,,4,Missing,,,,Missing,,,,Missing,,,,Missing,,,,,365943619,Port:65535,0,1773324660,318826767,Missing,,,,,,,,,3,OK,-40.891,204.699,-2034.32,OK,-43.6238,199.902,-2247.11,OK,-63.9076,219.047,-2295.64,,,,,,,,,,,,,,,,,,,,
4,,365943622,Port:1,0,1773324660,368826767,50000000,Enabled,0.72463,0.423236,-0.461796,0.287275,-101.599,141.328,-1747.36,0.171949,4,OK,-101.504,141.159,-1747.48,OK,-142.222,118.879,-1728.45,OK,-139.158,64.0132,-1728.46,OK,-83.0253,84.848,-1754.04,,365943622,Port:2,0,1773324660,368826767,Enabled,0.93013,0.0311137,0.0356753,0.364167,-87.493,271.301,-1592.31,0.144522,3,OK,-87.3207,271.373,-1592.32,OK,-129.022,241.354,-1589.56,OK,-130.201,317.627,-1587.01,,365943622,Port:3,0,1773324660,368826767,Missing,,,,,,,,,4,Missing,,,,Missing,,,,Missing,,,,Missing,,,,,365943622,Port:65535,0,1773324660,368826767,Missing,,,,,,,,,3,OK,-40.895,204.696,-2034.15,OK,-43.6357,199.897,-2247,OK,-63.8851,219.064,-2295.68,,,,,,,,,,,,,,,,,,,,
4,,365943625,Port:1,0,1773324660,418826767,50000000,Enabled,0.722642,0.423231,-0.464346,0.288177,-102.569,140.848,-1746.56,0.197972,4,OK,-102.456,140.691,-1746.72,OK,-143.312,118.328,-1727.92,OK,-140.246,63.4718,-1728.1,OK,-83.9244,84.4014,-1753.23,,365943625,Port:2,0,1773324660,418826767,Enabled,0.930152,0.0309368,0.0355883,0.364134,-87.4904,271.291,-1592.31,0.147655,3,OK,-87.3117,271.36,-1592.32,OK,-129.024,241.347,-1589.56,OK,-130.202,317.625,-1587.03,,365943625,Port:3,0,1773324660,418826767,Missing,,,,,,,,,4,Missing,,,,Missing,,,,Missing,,,,Missing,,,,,365943625,Port:65535,0,1773324660,418826767,Missing,,,,,,,,,3,OK,-40.8978,204.709,-2034.24,OK,-43.6289,199.912,-2247.07,OK,-63.9049,219.045,-2295.56,,,,,,,,,,,,,,,,,,,,
4,,365943628,Port:1,0,1773324660,468826767,50000000,Enabled,0.722758,0.424233,-0.46314,0.288356,-102.359,140.626,-1745.94,0.178887,4,OK,-102.249,140.47,-1746.07,OK,-143.001,118.01,-1727.25,OK,-139.814,63.1632,-1727.41,OK,-83.6266,84.2189,-1752.69,,365943628,Port:2,0,1773324660,468826767,Enabled,0.930154,0.0307981,0.0354889,0.36415,-87.4925,271.291,-1592.28,0.144648,3,OK,-87.3173,271.359,-1592.3,OK,-129.024,241.35,-1589.54,OK,-130.206,317.622,-1587.02,,365943628,Port:3,0,1773324660,468826767,Missing,,,,,,,,,4,Missing,,,,Missing,,,,Missing,,,,Missing,,,,,365943628,Port:65535,0,1773324660,468826767,Missing,,,,,,,,,3,OK,-40.8823,204.697,-2034.19,OK,-43.6121,199.896,-2247.03,OK,-63.8978,219.05,-2295.59,,,,,,,,,,,,,,,,,,,,
4,,365943631,Port:1,0,1773324660,518826767,50000000,Enabled,0.723481,0.424256,-0.46257,0.287422,-101.222,140.885,-1746.39,0.158852,4,OK,-101.124,140.705,-1746.45,OK,-141.87,118.333,-1727.67,OK,-138.723,63.4923,-1727.71,OK,-82.555,84.4436,-1753.24,,365943631,Port:2,0,1773324660,518826767,Enabled,0.930132,0.0312737,0.0356277,0.364153,-87.4902,271.299,-1592.31,0.144528,3,OK,-87.3155,271.369,-1592.33,OK,-129.021,241.357,-1589.57,OK,-130.199,317.623,-1586.99,,365943631,Port:3,0,1773324660,518826767,Missing,,,,,,,,,4,Missing,,,,Missing,,,,Missing,,,,Missing,,,,,365943631,Port:65535,0,1773324660,518826767,Missing,,,,,,,,,3,OK,-40.8782,204.719,-2034.18,OK,-43.6276,199.92,-2247.12,OK,-63.9049,219.03,-2295.56,,,,,,,,,,,,,,,,,,,,
4,,365943634,Port:1,0,1773324660,568826767,50000000,Enabled,0.725191,0.421374,-0.461911,0.28841,-100.175,141.569,-1747.37,0.169184,4,OK,-100.077,141.4,-1747.49,OK,-140.826,119.212,-1728.45,OK,-137.796,64.3496,-1728.21,OK,-81.6415,85.06,-1753.78,,365943634,Port:2,0,1773324660,568826767,Enabled,0.930113,0.0312888,0.0357224,0.364192,-87.4909,271.293,-1592.32,0.145451,3,OK,-87.3165,271.365,-1592.34,OK,-129.019,241.345,-1589.57,OK,-130.201,317.614,-1587,,365943634,Port:3,0,1773324660,568826767,Missing,,,,,,,,,4,Missing,,,,Missing,,,,Missing,,,,Missing,,,,,365943634,Port:65535,0,1773324660,568826767,Missing,,,,,,,,,3,OK,-40.8818,204.708,-2034.2,OK,-43.6232,199.908,-2247.11,OK,-63.8855,219.043,-2295.57,,,,,,,,,,,,,,,,,,,,
4,,365943637,Port:1,0,1773324660,618826767,50000000,Enabled,0.726171,0.420892,-0.461276,0.287664,-100.138,142.351,-1748.18,0.164605,4,OK,-100.046,142.175,-1748.27,OK,-140.808,120.085,-1729.15,OK,-137.846,65.2272,-1728.83,OK,-81.6699,85.7934,-1754.58,,365943637,Port:2,0,1773324660,618826767,Enabled,0.930113,0.0309701,0.0360509,0.364186,-87.497,271.298,-1592.34,0.140486,3,OK,-87.3276,271.365,-1592.35,OK,-129.017,241.353,-1589.55,OK,-130.208,317.625,-1587.04,,365943637,Port:3,0,1773324660,618826767,Missing,,,,,,,,,4,Missing,,,,Missing,,,,Missing,,,,Missing,,,,,365943637,Port:65535,0,1773324660,618826767,Missing,,,,,,,,,3,OK,-40.8867,204.708,-2034.32,OK,-43.6237,199.911,-2247.13,OK,-63.9004,219.05,-2295.6,,,,,,,,,,,,,,,,,,,,
4,,365943640,Port:1,0,1773324660,668826767,50000000,Enabled,0.726237,0.419337,-0.460657,0.290742,-101.094,142.78,-1749.13,0.158671,4,OK,-100.989,142.626,-1749.23,OK,-141.725,120.474,-1730.1,OK,-138.59,65.6062,-1729.44,OK,-82.4221,86.2591,-1755.19,,365943640,Port:2,0,1773324660,668826767,Enabled,0.930169,0.0307423,0.0353276,0.364132,-87.49,271.291,-1592.28,0.141446,3,OK,-87.3197,271.359,-1592.29,OK,-129.021,241.352,-1589.55,OK,-130.201,317.624,-1587.03,,365943640,Port:3,0,1773324660,668826767,Missing,,,,,,,,,4,Missing,,,,Missing,,,,Missing,,,,Missing,,,,,365943640,Port:65535,0,1773324660,668826767,Missing,,,,,,,,,3,OK,-40.8834,204.707,-2034.34,OK,-43.6142,199.912,-2247.05,OK,-63.8837,219.038,-2295.42,,,,,,,,,,,,,,,,,,,,
4,,365943643,Port:1,0,1773324660,718826767,50000000,Enabled,0.726013,0.41986,-0.460351,0.291032,-101.637,142.881,-1749.35,0.16096,4,OK,-101.539,142.708,-1749.43,OK,-142.231,120.515,-1730.33,OK,-139.022,65.6601,-1729.68,OK,-82.8919,86.3922,-1755.44,,365943643,Port:2,0,1773324660,718826767,Enabled,0.930136,0.0308428,0.0357685,0.364165,-87.4939,271.291,-1592.3,0.145224,3,OK,-87.322,271.364,-1592.32,OK,-129.023,241.341,-1589.53,OK,-130.203,317.623,-1587.03,,365943643,Port:3,0,1773324660,718826767,Missing,,,,,,,,,4,Missing,,,,Missing,,,,Missing,,,,Missing,,,,,365943643,Port:65535,0,1773324660,718826767,Missing,,,,,,,,,3,OK,-40.8797,204.702,-2034.13,OK,-43.6151,199.9,-2247.14,OK,-63.9066,219.063,-2295.65,,,,,,,,,,,,,,,,,,,,
4,,365943646,Port:1,0,1773324660,768826767,50000000,Enabled,0.725485,0.419358,-0.462875,0.289064,-101.379,142.783,-1749.37,0.155798,4,OK,-101.289,142.613,-1749.46,OK,-142.137,120.568,-1730.52,OK,-139.203,65.7072,-1730.05,OK,-82.9144,86.2054,-1755.57,,365943646,Port:2,0,1773324660,768826767,Enabled,0.930149,0.0309545,0.0353004,0.364169,-87.4903,271.293,-1592.27,0.145684,3,OK,-87.3136,271.361,-1592.29,OK,-129.023,241.35,-1589.55,OK,-130.206,317.62,-1587,,365943646,Port:3,0,1773324660,768826767,Missing,,,,,,,,,4,Missing,,,,Missing,,,,Missing,,,,Missing,,,,,365943646,Port:65535,0,1773324660,768826767,Missing,,,,,,,,,3,OK,-40.8992,204.707,-2034.26,OK,-43.635,199.912,-2246.94,OK,-63.9045,219.045,-2295.67,,,,,,,,,,,,,,,,,,,,
4,,365943649,Port:1,0,1773324660,818826767,50000000,Enabled,0.725791,0.419366,-0.463122,0.287886,-101.324,142.487,-1749.27,0.167748,4,OK,-101.221,142.314,-1749.36,OK,-142.127,120.34,-1730.4,OK,-139.311,65.4612,-1729.98,OK,-82.9617,85.8914,-1755.56,,365943649,Port:2,0,1773324660,818826767,Enabled,0.930169,0.0308147,0.0353567,0.364123,-87.4942,271.291,-1592.28,0.142024,3,OK,-87.325,271.361,-1592.3,OK,-129.026,241.349,-1589.55,OK,-130.202,317.627,-1587.03,,365943649,Port:3,0,1773324660,818826767,Missing,,,,,,,,,4,Missing,,,,Missing,,,,Missing,,,,Missing,,,,,365943649,Port:65535,0,1773324660,818826767,Missing,,,,,,,,,3,OK,-40.889,204.709,-2034.24,OK,-43.6154,199.911,-2247.12,OK,-63.9003,219.028,-2295.46,,,,,,,,,,,,,,,,,,,,
4,,365943652,Port:1,0,1773324660,868826767,50000000,Enabled,0.725116,0.421005,-0.462333,0.288459,-101.965,141.836,-1748.82,0.161544,4,OK,-101.858,141.667,-1748.9,OK,-142.671,119.512,-1729.96,OK,-139.66,64.6423,-1729.64,OK,-83.4326,85.3128,-1755.23,,365943652,Port:2,0,1773324660,868826767,Enabled,0.930182,0.0307839,0.0349955,0.364127,-87.4914,271.285,-1592.25,0.143148,3,OK,-87.3167,271.352,-1592.26,OK,-129.027,241.351,-1589.55,OK,-130.205,317.615,-1587.02,,365943652,Port:3,0,1773324660,868826767,Missing,,,,,,,,,4,Missing,,,,Missing,,,,Missing,,,,Missing,,,,,365943652,Port:65535,0,1773324660,868826767,Missing,,,,,,,,,3,OK,-40.8746,204.695,-2034.23,OK,-43.6233,199.897,-2246.99,OK,-63.9085,219.049,-2295.6,,,,,,,,,,,,,,,,,,,,
4,,365943655,Port:1,0,1773324660,918826767,50000000,Enabled,0.723874,0.42327,-0.461584,0.289462,-102.424,141.244,-1748.27,0.169037,4,OK,-102.327,141.066,-1748.36,OK,-143.02,118.669,-1729.44,OK,-139.738,63.8223,-1729.32,OK,-83.5958,84.825,-1754.85,,365943655,Port:2,0,1773324660,918826767,Enabled,0.930138,0.0312405,0.0356062,0.364143,-87.4962,271.301,-1592.32,0.144482,3,OK,-87.3218,271.371,-1592.33,OK,-129.027,241.36,-1589.58,OK,-130.204,317.628,-1587.01,,365943655,Port:3,0,1773324660,918826767,Missing,,,,,,,,,4,Missing,,,,Missing,,,,Missing,,,,Missing,,,,,365943655,Port:65535,0,1773324660,918826767,Missing,,,,,,,,,3,OK,-40.8869,204.715,-2034.21,OK,-43.6354,199.917,-2247.08,OK,-63.9106,219.05,-2295.6,,,,,,,,,,,,,,,,,,,,
4,,365943658,Port:1,0,1773324660,968826767,50000000,Enabled,0.725161,0.422047,-0.460813,0.289256,-102.128,141.732,-1748.25,0.168717,4,OK,-102.029,141.568,-1748.36,OK,-142.706,119.27,-1729.27,OK,-139.519,64.4166,-1729.01,OK,-83.4262,85.2668,-1754.66,,365943658,Port:2,0,1773324660,968826767,Enabled,0.930162,0.0309757,0.0353859,0.364124,-87.4948,271.294,-1592.29,0.145078,3,OK,-87.3219,271.366,-1592.3,OK,-129.03,241.351,-1589.56,OK,-130.202,317.625,-1587.01,,365943658,Port:3,0,1773324660,968826767,Missing,,,,,,,,,4,Missing,,,,Missing,,,,Missing,,,,Missing,,,,,365943658,Port:65535,0,1773324660,968826767,Missing,,,,,,,,,3,OK,-40.884,204.699,-2034.25,OK,-43.6237,199.901,-2247,OK,-63.905,219.062,-2295.57,,,,,,,,,,,,,,,,,,,,
4,,365943661,Port:1,0,1773324661,18826769,50000002,Enabled,0.72551,0.42013,-0.461159,0.290617,-102.099,142.572,-1748.89,0.160595,4,OK,-102.001,142.412,-1748.99,OK,-142.737,120.207,-1729.92,OK,-139.554,65.3468,-1729.41,OK,-83.3924,86.0638,-1755.03,,365943661,Port:2,0,1773324661,18826769,Enabled,0.930164,0.0311127,0.0352769,0.36412,-87.4921,271.289,-1592.3,0.145362,3,OK,-87.3158,271.357,-1592.31,OK,-129.028,241.349,-1589.58,OK,-130.202,317.62,-1587.01,,365943661,Port:3,0,1773324661,18826769,Missing,,,,,,,,,4,Missing,,,,Missing,,,,Missing,,,,Missing,,,,,365943661,Port:65535,0,1773324661,18826769,Missing,,,,,,,,,3,OK,-40.8928,204.71,-2034.16,OK,-43.626,199.909,-2247.15,OK,-63.9018,219.042,-2295.57,,,,,,,,,,,,,,,,,,,,
4,,365943664,Port:1,0,1773324661,68826769,50000000,Enabled,0.727219,0.420412,-0.457977,0.29097,-102.016,143.197,-1749.04,0.172568,4,OK,-101.914,143.029,-1749.15,OK,-142.495,120.789,-1729.74,OK,-139.175,65.952,-1729.09,OK,-83.1888,86.7237,-1755.12,,365943664,Port:2,0,1773324661,68826769,Enabled,0.930183,0.030728,0.0348829,0.364141,-87.486,271.288,-1592.24,0.142042,3,OK,-87.3127,271.353,-1592.25,OK,-129.02,241.352,-1589.55,OK,-130.203,317.621,-1587.01,,365943664,Port:3,0,1773324661,68826769,Missing,,,,,,,,,4,Missing,,,,Missing,,,,Missing,,,,Missing,,,,,365943664,Port:65535,0,1773324661,68826769,Missing,,,,,,,,,3,OK,-40.8917,204.703,-2034.23,OK,-43.6286,199.904,-2247.08,OK,-63.9072,219.054,-2295.52,,,,,,,,,,,,,,,,,,,,
4,,365943667,Port:1,0,1773324661,118826769,50000000,Enabled,0.727195,0.420742,-0.457159,0.291836,-102.199,143.014,-1748.69,0.172721,4,OK,-102.089,142.85,-1748.8,OK,-142.615,120.533,-1729.36,OK,-139.176,65.6837,-1728.66,OK,-83.2485,86.5848,-1754.75,,365943667,Port:2,0,1773324661,118826769,Enabled,0.930149,0.0310827,0.035365,0.364151,-87.4919,271.295,-1592.3,0.142121,3,OK,-87.32,271.362,-1592.31,OK,-129.022,241.354,-1589.57,OK,-130.203,317.623,-1587.01,,365943667,Port:3,0,1773324661,118826769,Missing,,,,,,,,,4,Missing,,,,Missing,,,,Missing,,,,Missing,,,,,365943667,Port:65535,0,1773324661,118826769,Missing,,,,,,,,,3,OK,-40.8925,204.713,-2034.29,OK,-43.6273,199.916,-2247.1,OK,-63.8877,219.059,-2295.62,,,,,,,,,,,,,,,,,,,,
4,,365943670,Port:1,0,1773324661,168826769,50000000,Enabled,0.726435,0.423187,-0.455527,0.292747,-102.282,142.374,-1747.64,0.167915,4,OK,-102.182,142.214,-1747.75,OK,-142.512,119.631,-1728.26,OK,-138.78,64.802,-1727.72,OK,-83.0663,86.0557,-1753.85,,365943670,Port:2,0,1773324661,168826769,Enabled,0.930136,0.0308989,0.0356927,0.364168,-87.4953,271.293,-1592.3,0.144806,3,OK,-87.3224,271.365,-1592.31,OK,-129.025,241.348,-1589.54,OK,-130.205,317.619,-1587.02,,365943670,Port:3,0,1773324661,168826769,Missing,,,,,,,,,4,Missing,,,,Missing,,,,Missing,,,,Missing,,,,,365943670,Port:65535,0,1773324661,168826769,Missing,,,,,,,,,3,OK,-40.8929,204.708,-2034.19,OK,-43.6392,199.91,-2247.03,OK,-63.9123,219.045,-2295.48,,,,,,,,,,,,,,,,,,,,
4,,365943673,Port:1,0,1773324661,218826769,50000000,Enabled,0.728084,0.426881,-0.448896,0.293527,-102.762,141.464,-1746,0.169073,4,OK,-102.653,141.294,-1746.1,OK,-142.559,118.361,-1726.12,OK,-138.298,63.5881,-1725.55,OK,-83.0946,85.3221,-1752.45,,365943673,Port:2,0,1773324661,218826769,Enabled,0.930117,0.0311629,0.0358367,0.364181,-87.4917,271.301,-1592.31,0.145152,3,OK,-87.3173,271.371,-1592.33,OK,-129.019,241.353,-1589.55,OK,-130.202,317.627,-1587,,365943673,Port:3,0,1773324661,218826769,Missing,,,,,,,,,4,Missing,,,,Missing,,,,Missing,,,,Missing,,,,,365943673,Port:65535,0,1773324661,218826769,Missing,,,,,,,,,3,OK,-40.8912,204.713,-2034.21,OK,-43.6352,199.915,-2247.06,OK,-63.8754,219.049,-2295.56,,,,,,,,,,,,,,,,,,,,
4,,365943676,Port:1,0,1773324661,268826769,50000000,Enabled,0.724876,0.431798,-0.447028,0.297104,-104.319,139.378,-1742.81,0.17246,4,OK,-104.209,139.218,-1742.93,OK,-143.793,115.637,-1723.06,OK,-138.84,60.9225,-1722.83,OK,-83.9342,83.543,-1749.55,,365943676,Port:2,0,1773324661,268826769,Enabled,0.930158,0.0310641,0.0352437,0.364142,-87.4937,271.301,-1592.29,0.140783,3,OK,-87.3233,271.368,-1592.3,OK,-129.024,241.363,-1589.58,OK,-130.204,317.629,-1587.01,,365943676,Port:3,0,1773324661,268826769,Missing,,,,,,,,,4,Missing,,,,Missing,,,,Missing,,,,Missing,,,,,365943676,Port:65535,0,1773324661,268826769,Missing,,,,,,,,,3,OK,-40.8908,204.726,-2034.4,OK,-43.6285,199.932,-2247.11,OK,-63.8883,219.04,-2295.46,,,,,,,,,,,,,,,,,,,,
4,,365943679,Port:1,0,1773324661,318826769,50000000,Enabled,0.720107,0.429107,-0.458727,0.294758,-103.842,138.367,-1738.9,0.173722,4,OK,-103.737,138.203,-1739.02,OK,-144.037,114.981,-1720.19,OK,-139.785,60.1969,-1720.39,OK,-84.0326,82.3217,-1745.74,,365943679,Port:2,0,1773324661,318826769,Enabled,0.930149,0.030934,0.0355615,0.364145,-87.4957,271.289,-1592.3,0.144171,3,OK,-87.3204,271.355,-1592.31,OK,-129.026,241.348,-1589.55,OK,-130.208,317.621,-1587.02,,365943679,Port:3,0,1773324661,318826769,Missing,,,,,,,,,4,Missing,,,,Missing,,,,Missing,,,,Missing,,,,,365943679,Port:65535,0,1773324661,318826769,Missing,,,,,,,,,3,OK,-40.8893,204.704,-2034.33,OK,-43.635,199.906,-2247.14,OK,-63.9064,219.044,-2295.6,,,,,,,,,,,,,,,,,,,,
4,,365943682,Port:1,0,1773324661,368826769,50000000,Enabled,0.721276,0.417468,-0.472132,0.287355,-101.892,139.326,-1735.41,0.184022,4,OK,-101.789,139.166,-1735.56,OK,-143.181,117.352,-1717.37,OK,-140.782,62.4667,-1717.38,OK,-83.8563,82.6295,-1741.71,,365943682,Port:2,0,1773324661,368826769,Enabled,0.93017,0.0309991,0.035114,0.364129,-87.4906,271.3,-1592.27,0.1435,3,OK,-87.318,271.369,-1592.29,OK,-129.025,241.359,-1589.57,OK,-130.201,317.633,-1587.01,,365943682,Port:3,0,1773324661,368826769,Missing,,,,,,,,,4,Missing,,,,Missing,,,,Missing,,,,Missing,,,,,365943682,Port:65535,0,1773324661,368826769,Missing,,,,,,,,,3,OK,-40.8855,204.711,-2034.26,OK,-43.6169,199.913,-2247.14,OK,-63.8907,219.049,-2295.62,,,,,,,,,,,,,,,,,,,,
4,,365943685,Port:1,0,1773324661,418826769,50000000,Enabled,0.720397,0.412591,-0.477625,0.287524,-103.17,139.728,-1732.26,0.16539,4,OK,-103.061,139.553,-1732.33,OK,-144.874,118.157,-1714.7,OK,-142.915,63.2779,-1714.37,OK,-85.5286,82.8601,-1738.22,,365943685,Port:2,0,1773324661,418826769,Enabled,0.93016,0.0308744,0.0352127,0.364155,-87.4923,271.298,-1592.27,0.144049,3,OK,-87.3168,271.366,-1592.28,OK,-129.025,241.361,-1589.56,OK,-130.208,317.626,-1587.02,,365943685,Port:3,0,1773324661,418826769,Missing,,,,,,,,,4,Missing,,,,Missing,,,,Missing,,,,Missing,,,,,365943685,Port:65535,0,1773324661,418826769,Missing,,,,,,,,,3,OK,-40.8908,204.71,-2034.22,OK,-43.631,199.912,-2247.07,OK,-63.9007,219.054,-2295.63,,,,,,,,,,,,,,,,,,,,
4,,365943688,Port:1,0,1773324661,468826769,50000000,Enabled,0.718055,0.409171,-0.478821,0.296152,-107.627,140.014,-1729.51,0.165953,4,OK,-107.516,139.839,-1729.59,OK,-149.333,118.236,-1712.26,OK,-146.876,63.3618,-1711.34,OK,-89.391,83.2698,-1734.61,,365943688,Port:2,0,1773324661,468826769,Enabled,0.93018,0.0307575,0.0350363,0.364132,-87.4956,271.289,-1592.27,0.144749,3,OK,-87.322,271.36,-1592.28,OK,-129.032,241.348,-1589.56,OK,-130.208,317.623,-1587.03,,365943688,Port:3,0,1773324661,468826769,Missing,,,,,,,,,4,Missing,,,,Missing,,,,Missing,,,,Missing,,,,,365943688,Port:65535,0,1773324661,468826769,Missing,,,,,,,,,3,OK,-40.9041,204.625,-2033.89,OK,-43.6444,199.807,-2247.12,OK,-63.9139,219.006,-2295.58,,,,,,,,,,,,,,,,,,,,
4,,365943691,Port:1,0,1773324661,518826769,50000000,Enabled,0.715513,0.404464,-0.485627,0.297683,-110.969,141.43,-1726.24,0.165851,4,OK,-110.858,141.273,-1726.34,OK,-153.08,119.946,-1709.61,OK,-151.001,65.0647,-1708.57,OK,-93.0215,84.5519,-1730.91,,365943691,Port:2,0,1773324661,518826769,Enabled,0.930197,0.0309375,0.0348033,0.364095,-87.4895,271.296,-1592.25,0.14006,3,OK,-87.3187,271.361,-1592.26,OK,-129.025,241.365,-1589.57,OK,-130.2,317.629,-1587,,365943691,Port:3,0,1773324661,518826769,Missing,,,,,,,,,4,Missing,,,,Missing,,,,Missing,,,,Missing,,,,,365943691,Port:65535,0,1773324661,518826769,Missing,,,,,,,,,3,OK,-40.8768,204.311,-2032.34,OK,-43.6782,199.418,-2247.32,OK,-63.9183,218.99,-2295.64,,,,,,,,,,,,,,,,,,,,
4,,365943694,Port:1,0,1773324661,568826769,50000000,Enabled,0.716241,0.400256,-0.489707,0.294924,-113.692,143.815,-1723.17,0.161255,4,OK,-113.573,143.655,-1723.22,OK,-156.156,122.841,-1706.78,OK,-154.721,67.9658,-1705.56,OK,-96.3772,86.7267,-1727.7,,365943694,Port:2,0,1773324661,568826769,Enabled,0.930148,0.0310601,0.035381,0.364155,-87.4925,271.299,-1592.3,0.143339,3,OK,-87.3202,271.369,-1592.31,OK,-129.024,241.357,-1589.57,OK,-130.203,317.626,-1587.02,,365943694,Port:3,0,1773324661,568826769,Missing,,,,,,,,,4,Missing,,,,Missing,,,,Missing,,,,Missing,,,,,365943694,Port:65535,0,1773324661,568826769,Missing,,,,,,,,,3,OK,-40.8593,204.061,-2031.28,OK,-43.6972,199.11,-2247.42,OK,-63.925,218.967,-2295.75,,,,,,,,,,,,,,,,,,,,
4,,365943697,Port:1,0,1773324661,618826769,50000000,Enabled,0.716243,0.397576,-0.493012,0.293033,-115.655,146.484,-1720.36,0.16748,4,OK,-115.56,146.319,-1720.46,OK,-158.36,125.866,-1704.11,OK,-157.37,70.9716,-1702.99,OK,-98.7574,89.2402,-1724.77,,365943697,Port:2,0,1773324661,618826769,Enabled,0.930158,0.0308555,0.0352765,0.364156,-87.4959,271.294,-1592.29,0.145016,3,OK,-87.32,271.363,-1592.31,OK,-129.029,241.354,-1589.57,OK,-130.211,317.622,-1587.04,,365943697,Port:3,0,1773324661,618826769,Missing,,,,,,,,,4,Missing,,,,Missing,,,,Missing,,,,Missing,,,,,365943697,Port:65535,0,1773324661,618826769,Missing,,,,,,,,,3,OK,-40.8659,203.871,-2030.32,OK,-43.7132,198.874,-2247.49,OK,-63.9268,218.922,-2295.78,,,,,,,,,,,,,,,,,,,,
4,,365943700,Port:1,0,1773324661,668826769,50000000,Enabled,0.715651,0.396308,-0.494776,0.293225,-116.569,149.169,-1718.49,0.169426,4,OK,-116.453,149.011,-1718.58,OK,-159.38,128.629,-1702.42,OK,-158.514,73.741,-1701.24,OK,-99.7856,91.9061,-1722.81,,365943700,Port:2,0,1773324661,668826769,Enabled,0.930176,0.0307336,0.035206,0.364128,-87.4921,271.297,-1592.28,0.144756,3,OK,-87.3178,271.366,-1592.29,OK,-129.027,241.356,-1589.56,OK,-130.204,317.632,-1587.04,,365943700,Port:3,0,1773324661,668826769,Missing,,,,,,,,,4,Missing,,,,Missing,,,,Missing,,,,Missing,,,,,365943700,Port:65535,0,1773324661,668826769,Missing,,,,,,,,,3,OK,-40.8326,203.646,-2029.21,OK,-43.7346,198.59,-2247.82,OK,-63.9188,218.873,-2295.67,,,,,,,,,,,,,,,,,,,,
4,,365943703,Port:1,0,1773324661,718826769,50000000,Enabled,0.715346,0.395233,-0.497378,0.291009,-114.634,152.199,-1717.6,0.158285,4,OK,-114.534,152.029,-1717.68,OK,-157.61,131.899,-1701.72,OK,-157.067,76.9922,-1700.65,OK,-98.2024,94.8358,-1722.01,,365943703,Port:2,0,1773324661,718826769,Enabled,0.930151,0.0309868,0.0357073,0.364121,-87.4962,271.29,-1592.29,0.145781,3,OK,-87.3212,271.362,-1592.31,OK,-129.03,241.35,-1589.53,OK,-130.202,317.618,-1587,,365943703,Port:3,0,1773324661,718826769,Missing,,,,,,,,,4,Missing,,,,Missing,,,,Missing,,,,Missing,,,,,365943703,Port:65535,0,1773324661,718826769,Missing,,,,,,,,,3,OK,-40.829,203.449,-2028.27,OK,-43.7579,198.349,-2247.75,OK,-63.9294,218.862,-2295.85,,,,,,,,,,,,,,,,,,,,
4,,365943706,Port:1,0,1773324661,768826769,50000000,Enabled,0.717425,0.392328,-0.498015,0.288723,-110.779,155.062,-1718.56,0.159447,4,OK,-110.678,154.901,-1718.64,OK,-153.885,135.154,-1702.55,OK,-153.793,80.2318,-1701.32,OK,-94.8005,97.5615,-1722.81,,365943706,Port:2,0,1773324661,768826769,Enabled,0.930141,0.0311408,0.0355368,0.36415,-87.4938,271.291,-1592.31,0.144707,3,OK,-87.3186,271.361,-1592.33,OK,-129.025,241.35,-1589.57,OK,-130.204,317.618,-1587.01,,365943706,Port:3,0,1773324661,768826769,Missing,,,,,,,,,4,Missing,,,,Missing,,,,Missing,,,,Missing,,,,,365943706,Port:65535,0,1773324661,768826769,Missing,,,,,,,,,3,OK,-40.8386,203.267,-2027.41,OK,-43.768,198.119,-2248.03,OK,-63.9359,218.83,-2295.95,,,,,,,,,,,,,,,,,,,,
4,,365943709,Port:1,0,1773324661,818826769,50000000,Enabled,0.718015,0.393761,-0.495484,0.289658,-106.815,157.214,-1720.78,0.160416,4,OK,-106.705,157.044,-1720.85,OK,-149.784,137.127,-1704.59,OK,-149.418,82.2167,-1703.28,OK,-90.5965,99.7817,-1725.07,,365943709,Port:2,0,1773324661,818826769,Enabled,0.930139,0.0310195,0.0356064,0.36416,-87.483,271.278,-1592.3,0.142605,3,OK,-87.3107,271.346,-1592.31,OK,-129.011,241.336,-1589.55,OK,-130.194,317.606,-1587.01,,365943709,Port:3,0,1773324661,818826769,Missing,,,,,,,,,4,Missing,,,,Missing,,,,Missing,,,,Missing,,,,,365943709,Port:65535,0,1773324661,818826769,Missing,,,,,,,,,3,OK,-40.814,203.027,-2026.33,OK,-43.7894,197.82,-2248.18,OK,-63.9423,218.802,-2295.97,,,,,,,,,,,,,,,,,,,,
4,,365943712,Port:1,0,1773324661,868826769,50000000,Enabled,0.716178,0.396172,-0.495361,0.291125,-103.701,158.446,-1723.09,0.178732,4,OK,-103.595,158.28,-1723.21,OK,-146.57,138.053,-1706.97,OK,-145.91,83.1569,-1705.95,OK,-87.1476,101.121,-1727.51,,365943712,Port:2,0,1773324661,868826769,Enabled,0.930157,0.030883,0.0354487,0.364139,-87.4875,271.282,-1592.31,0.142207,3,OK,-87.3144,271.348,-1592.32,OK,-129.018,241.345,-1589.57,OK,-130.199,317.612,-1587.04,,365943712,Port:3,0,1773324661,868826769,Missing,,,,,,,,,4,Missing,,,,Missing,,,,Missing,,,,Missing,,,,,365943712,Port:65535,0,1773324661,868826769,Missing,,,,,,,,,3,OK,-40.8292,203.013,-2026.36,OK,-43.7379,197.825,-2247.36,OK,-63.8648,218.827,-2295.41,,,,,,,,,,,,,,,,,,,,
4,,365943715,Port:1,0,1773324661,918826769,50000000,Enabled,0.714173,0.398905,-0.496023,0.291193,-100.954,158.622,-1724.37,0.164423,4,OK,-100.843,158.462,-1724.46,OK,-143.77,137.985,-1708.47,OK,-142.921,83.0872,-1707.71,OK,-84.2123,101.384,-1729.13,,365943715,Port:2,0,1773324661,918826769,Enabled,0.93013,0.031032,0.0358364,0.364157,-87.4936,271.279,-1592.33,0.144613,3,OK,-87.3173,271.346,-1592.35,OK,-129.022,241.338,-1589.56,OK,-130.205,317.607,-1587.03,,365943715,Port:3,0,1773324661,918826769,Missing,,,,,,,,,4,Missing,,,,Missing,,,,Missing,,,,Missing,,,,,365943715,Port:65535,0,1773324661,918826769,Missing,,,,,,,,,3,OK,-40.8202,203.031,-2026.44,OK,-43.7401,197.858,-2246.87,OK,-63.8546,218.799,-2294.76,,,,,,,,,,,,,,,,,,,,
4,,365943718,Port:1,0,1773324661,968826769,50000000,Enabled,0.714682,0.404129,-0.492625,0.288496,-99.9785,158.312,-1724.87,0.188427,4,OK,-99.8731,158.15,-1725.02,OK,-142.547,137.395,-1708.62,OK,-141.492,82.4901,-1708.4,OK,-83.0659,101.175,-1730.21,,365943718,Port:2,0,1773324661,968826769,Enabled,0.930164,0.0307483,0.0352107,0.364155,-87.483,271.272,-1592.28,0.142699,3,OK,-87.3119,271.34,-1592.3,OK,-129.014,241.328,-1589.57,OK,-130.197,317.605,-1587.04,,365943718,Port:3,0,1773324661,968826769,Missing,,,,,,,,,4,Missing,,,,Missing,,,,Missing,,,,Missing,,,,,365943718,Port:65535,0,1773324661,968826769,Missing,,,,,,,,,3,OK,-40.8179,203.004,-2026.25,OK,-43.7469,197.828,-2246.64,OK,-63.8562,218.811,-2294.76,,,,,,,,,,,,,,,,,,,,
4,,365943721,Port:1,0,1773324662,18826768,49999999,Enabled,0.715217,0.411217,-0.482248,0.294621,-102.063,157.709,-1726.43,0.168397,4,OK,-101.954,157.548,-1726.53,OK,-143.885,135.833,-1709.56,OK,-141.513,80.9573,-1709.15,OK,-83.8736,100.978,-1731.92,,365943721,Port:2,0,1773324662,18826768,Enabled,0.930137,0.0312107,0.0353312,0.364175,-87.4855,271.286,-1592.33,0.145861,3,OK,-87.3096,271.358,-1592.34,OK,-129.018,241.342,-1589.61,OK,-130.198,317.609,-1587.03,,365943721,Port:3,0,1773324662,18826768,Missing,,,,,,,,,4,Missing,,,,Missing,,,,Missing,,,,Missing,,,,,365943721,Port:65535,0,1773324662,18826768,Missing,,,,,,,,,3,OK,-40.819,203.006,-2026.27,OK,-43.7354,197.828,-2246.78,OK,-63.856,218.823,-2294.85,,,,,,,,,,,,,,,,,,,,
4,,365943724,Port:1,0,1773324662,68826768,50000000,Enabled,0.711841,0.413429,-0.483871,0.297031,-103.388,156.817,-1727.93,0.170717,4,OK,-103.283,156.658,-1728.04,OK,-145.181,134.604,-1711.42,OK,-142.472,79.7472,-1711.26,OK,-84.7938,100.22,-1733.57,,365943724,Port:2,0,1773324662,68826768,Enabled,0.930148,0.0309813,0.0354127,0.364157,-87.4897,271.275,-1592.32,0.144335,3,OK,-87.3154,271.343,-1592.34,OK,-129.021,241.331,-1589.59,OK,-130.202,317.605,-1587.05,,365943724,Port:3,0,1773324662,68826768,Missing,,,,,,,,,4,Missing,,,,Missing,,,,Missing,,,,Missing,,,,,365943724,Port:65535,0,1773324662,68826768,Missing,,,,,,,,,3,OK,-40.816,203.015,-2026.26,OK,-43.7514,197.828,-2247.16,OK,-63.8717,218.824,-2295.05,,,,,,,,,,,,,,,,,,,,
4,,365943727,Port:1,0,1773324662,118826769,50000001,Enabled,0.710791,0.413029,-0.487457,0.294227,-102.265,155.982,-1728.77,0.18123,4,OK,-102.157,155.826,-1728.9,OK,-144.275,133.973,-1712.51,OK,-141.927,79.0831,-1712.67,OK,-84.0345,99.2885,-1734.6,,365943727,Port:2,0,1773324662,118826769,Enabled,0.9302,0.0306455,0.0348166,0.36411,-87.4825,271.266,-1592.28,0.141276,3,OK,-87.3126,271.334,-1592.29,OK,-129.019,241.329,-1589.59,OK,-130.194,317.602,-1587.07,,365943727,Port:3,0,1773324662,118826769,Missing,,,,,,,,,4,Missing,,,,Missing,,,,Missing,,,,Missing,,,,,365943727,Port:65535,0,1773324662,118826769,Missing,,,,,,,,,3,OK,-40.8162,203.008,-2026.36,OK,-43.7483,197.816,-2247.48,OK,-63.8802,218.809,-2295.22,,,,,,,,,,,,,,,,,,,,
4,,365943730,Port:1,0,1773324662,168826769,50000000,Enabled,0.712023,0.415179,-0.486037,0.290546,-100.671,154.967,-1728.61,0.172882,4,OK,-100.571,154.796,-1728.72,OK,-142.612,132.998,-1712.16,OK,-140.408,78.1069,-1712.57,OK,-82.6461,98.257,-1734.86,,365943730,Port:2,0,1773324662,168826769,Enabled,0.930151,0.0309329,0.0350644,0.364189,-87.4857,271.277,-1592.31,0.143709,3,OK,-87.3105,271.341,-1592.32,OK,-129.016,241.332,-1589.61,OK,-130.206,317.607,-1587.06,,365943730,Port:3,0,1773324662,168826769,Missing,,,,,,,,,4,Missing,,,,Missing,,,,Missing,,,,Missing,,,,,365943730,Port:65535,0,1773324662,168826769,Missing,,,,,,,,,3,OK,-40.836,203.021,-2026.34,OK,-43.7812,197.824,-2247.75,OK,-63.9167,218.795,-2295.35,,,,,,,,,,,,,,,,,,,,
4,,365943733,Port:1,0,1773324662,218826769,50000000,Enabled,0.71116,0.415313,-0.486913,0.291001,-100.227,153.624,-1728.92,0.172243,4,OK,-100.116,153.461,-1729.04,OK,-142.196,131.604,-1712.6,OK,-139.96,76.723,-1713.05,OK,-82.1679,96.9348,-1735.19,,365943733,Port:2,0,1773324662,218826769,Enabled,0.93017,0.0310425,0.0350118,0.364136,-87.4861,271.269,-1592.3,0.140242,3,OK,-87.3153,271.334,-1592.31,OK,-129.017,241.332,-1589.61,OK,-130.199,317.6,-1587.03,,365943733,Port:3,0,1773324662,218826769,Missing,,,,,,,,,4,Missing,,,,Missing,,,,Missing,,,,Missing,,,,,365943733,Port:65535,0,1773324662,218826769,Missing,,,,,,,,,3,OK,-40.828,203.013,-2026.27,OK,-43.801,197.805,-2248.08,OK,-63.9434,218.81,-2295.72,,,,,,,,,,,,,,,,,,,,
4,,365943736,Port:1,0,1773324662,268826768,49999999,Enabled,0.710739,0.417916,-0.485798,0.290167,-100.11,152.464,-1728.81,0.181108,4,OK,-99.9933,152.297,-1728.93,OK,-141.98,130.266,-1712.43,OK,-139.607,75.4023,-1713.12,OK,-81.9096,95.8521,-1735.38,,365943736,Port:2,0,1773324662,268826768,Enabled,0.930148,0.0307723,0.0354993,0.364166,-87.4894,271.264,-1592.29,0.144058,3,OK,-87.3135,271.329,-1592.31,OK,-129.019,241.322,-1589.55,OK,-130.206,317.596,-1587.04,,365943736,Port:3,0,1773324662,268826768,Missing,,,,,,,,,4,Missing,,,,Missing,,,,Missing,,,,Missing,,,,,365943736,Port:65535,0,1773324662,268826768,Missing,,,,,,,,,3,OK,-40.8087,203.008,-2026.2,OK,-43.7892,197.794,-2248.22,OK,-63.9484,218.805,-2296.15,,,,,,,,,,,,,,,,,,,,
4,,365943739,Port:1,0,1773324662,318826768,50000000,Enabled,0.710876,0.419577,-0.483128,0.291886,-99.987,151.618,-1729,0.173891,4,OK,-99.8711,151.446,-1729.1,OK,-141.659,129.187,-1712.48,OK,-138.945,74.3199,-1713.09,OK,-81.465,95.1174,-1735.59,,365943739,Port:2,0,1773324662,318826768,Enabled,0.930139,0.0309158,0.035607,0.364166,-87.4791,271.276,-1592.32,0.143088,3,OK,-87.3043,271.342,-1592.33,OK,-129.007,241.336,-1589.56,OK,-130.194,317.605,-1587.04,,365943739,Port:3,0,1773324662,318826768,Missing,,,,,,,,,4,Missing,,,,Missing,,,,Missing,,,,Missing,,,,,365943739,Port:65535,0,1773324662,318826768,Missing,,,,,,,,,3,OK,-40.8262,203.015,-2026.2,OK,-43.787,197.805,-2248.11,OK,-63.932,218.805,-2295.96,,,,,,,,,,,,,,,,,,,,
4,,365943742,Port:1,0,1773324662,368826769,50000001,Enabled,0.710745,0.418915,-0.483098,0.293202,-99.385,151.255,-1728.98,0.179626,4,OK,-99.2814,151.091,-1729.11,OK,-141.027,128.793,-1712.44,OK,-138.255,73.9481,-1713,OK,-80.8017,94.7583,-1735.38,,365943742,Port:2,0,1773324662,368826769,Enabled,0.930152,0.0310133,0.0354823,0.364138,-87.4925,271.267,-1592.34,0.143546,3,OK,-87.3204,271.337,-1592.35,OK,-129.023,241.324,-1589.6,OK,-130.201,317.599,-1587.05,,365943742,Port:3,0,1773324662,368826769,Missing,,,,,,,,,4,Missing,,,,Missing,,,,Missing,,,,Missing,,,,,365943742,Port:65535,0,1773324662,368826769,Missing,,,,,,,,,3,OK,-40.8135,202.996,-2026.26,OK,-43.7817,197.784,-2248.16,OK,-63.9165,218.782,-2296,,,,,,,,,,,,,,,,,,,,
4,,365943745,Port:1,0,1773324662,418826769,50000000,Enabled,0.711562,0.421771,-0.477809,0.295783,-99.5065,150.098,-1728.38,0.173533,4,OK,-99.3998,149.939,-1728.5,OK,-140.804,127.263,-1711.48,OK,-137.46,72.4082,-1711.91,OK,-80.3545,93.7759,-1734.83,,365943745,Port:2,0,1773324662,418826769,Enabled,0.930142,0.0309418,0.035275,0.364189,-87.4832,271.271,-1592.31,0.141625,3,OK,-87.3118,271.336,-1592.32,OK,-129.01,241.325,-1589.59,OK,-130.201,317.603,-1587.04,,365943745,Port:3,0,1773324662,418826769,Missing,,,,,,,,,4,Missing,,,,Missing,,,,Missing,,,,Missing,,,,,365943745,Port:65535,0,1773324662,418826769,Missing,,,,,,,,,3,OK,-40.8285,203.012,-2026.36,OK,-43.7733,197.801,-2248.31,OK,-63.9427,218.78,-2295.88,,,,,,,,,,,,,,,,,,,,
4,,365943748,Port:1,0,1773324662,468826769,50000000,Enabled,0.709902,0.424941,-0.475638,0.298717,-99.7871,148.049,-1726.82,0.164767,4,OK,-99.6696,147.908,-1726.93,OK,-140.835,124.752,-1709.95,OK,-136.948,69.958,-1710.44,OK,-80.0865,91.9345,-1733.4,,365943748,Port:2,0,1773324662,468826769,Enabled,0.930137,0.0308903,0.0355977,0.364175,-87.4828,271.271,-1592.31,0.143024,3,OK,-87.3107,271.34,-1592.32,OK,-129.01,241.327,-1589.56,OK,-130.196,317.598,-1587.03,,365943748,Port:3,0,1773324662,468826769,Missing,,,,,,,,,4,Missing,,,,Missing,,,,Missing,,,,Missing,,,,,365943748,Port:65535,0,1773324662,468826769,Missing,,,,,,,,,3,OK,-40.8296,203.007,-2026.24,OK,-43.7854,197.795,-2248.16,OK,-63.9209,218.815,-2296.05,,,,,,,,,,,,,,,,,,,,
4,,365943751,Port:1,0,1773324662,518826768,49999999,Enabled,0.707652,0.435267,-0.465924,0.304445,-100.988,144.786,-1724.52,0.175248,4,OK,-100.874,144.63,-1724.65,OK,-141.148,120.278,-1707.22,OK,-135.748,65.6322,-1708.12,OK,-79.8614,89.2704,-1731.63,,365943751,Port:2,0,1773324662,518826768,Enabled,0.930162,0.0308295,0.0350907,0.364166,-87.4878,271.27,-1592.3,0.142019,3,OK,-87.3162,271.337,-1592.32,OK,-129.019,241.328,-1589.6,OK,-130.204,317.601,-1587.06,,365943751,Port:3,0,1773324662,518826768,Missing,,,,,,,,,4,Missing,,,,Missing,,,,Missing,,,,Missing,,,,,365943751,Port:65535,0,1773324662,518826768,Missing,,,,,,,,,3,OK,-40.8193,203.013,-2026.4,OK,-43.7847,197.802,-2248.35,OK,-63.9479,218.798,-2295.99,,,,,,,,,,,,,,,,,,,,
4,,365943754,Port:1,0,1773324662,568826768,50000000,Enabled,0.705612,0.444145,-0.456934,0.309932,-102.474,142.125,-1722.86,0.181497,4,OK,-102.372,141.965,-1723,OK,-141.814,116.567,-1705.17,OK,-135.047,62.0724,-1706.39,OK,-80.0207,87.1708,-1730.42,,365943754,Port:2,0,1773324662,568826768,Enabled,0.930132,0.0309454,0.0357766,0.364167,-87.4883,271.268,-1592.32,0.145154,3,OK,-87.3162,271.343,-1592.33,OK,-129.018,241.322,-1589.55,OK,-130.196,317.593,-1587.03,,365943754,Port:3,0,1773324662,568826768,Missing,,,,,,,,,4,Missing,,,,Missing,,,,Missing,,,,Missing,,,,,365943754,Port:65535,0,1773324662,568826768,Missing,,,,,,,,,3,OK,-40.8085,203.019,-2026.44,OK,-43.7892,197.813,-2248.22,OK,-63.9523,218.799,-2295.95,,,,,,,,,,,,,,,,,,,,
4,,365943757,Port:1,0,1773324662,618826769,50000001,Enabled,0.704534,0.444846,-0.456791,0.311587,-102.247,141.081,-1722.7,0.186247,4,OK,-102.12,140.939,-1722.85,OK,-141.533,115.352,-1705.1,OK,-134.566,60.8855,-1706.31,OK,-79.5683,86.23,-1730.25,,365943757,Port:2,0,1773324662,618826769,Enabled,0.930167,0.0308886,0.0350764,0.364151,-87.4822,271.274,-1592.31,0.142922,3,OK,-87.3075,271.338,-1592.32,OK,-129.014,241.334,-1589.61,OK,-130.199,317.608,-1587.06,,365943757,Port:3,0,1773324662,618826769,Missing,,,,,,,,,4,Missing,,,,Missing,,,,Missing,,,,Missing,,,,,365943757,Port:65535,0,1773324662,618826769,Missing,,,,,,,,,3,OK,-40.8181,203.022,-2026.39,OK,-43.7728,197.815,-2248.25,OK,-63.9382,218.805,-2296.07,,,,,,,,,,,,,,,,,,,,
4,,365943760,Port:1,0,1773324662,668826769,50000000,Enabled,0.705581,0.442559,-0.458134,0.310499,-101.486,141.541,-1723.66,0.172927,4,OK,-101.384,141.386,-1723.79,OK,-140.922,116.088,-1706.06,OK,-134.254,61.5657,-1707.12,OK,-79.1013,86.5362,-1731.05,,365943760,Port:2,0,1773324662,668826769,Enabled,0.930164,0.0309372,0.0350059,0.36416,-87.4884,271.258,-1592.28,0.143753,3,OK,-87.3157,271.33,-1592.29,OK,-129.023,241.318,-1589.59,OK,-130.202,317.583,-1587.03,,365943760,Port:3,0,1773324662,668826769,Missing,,,,,,,,,4,Missing,,,,Missing,,,,Missing,,,,Missing,,,,,365943760,Port:65535,0,1773324662,668826769,Missing,,,,,,,,,3,OK,-40.8116,203.009,-2026.29,OK,-43.7997,197.797,-2248.29,OK,-63.9376,218.785,-2296,,,,,,,,,,,,,,,,,,,,
4,,365943763,Port:1,0,1773324662,718826769,50000000,Enabled,0.705355,0.440502,-0.459956,0.311245,-101.079,142.646,-1725.66,0.191142,4,OK,-100.968,142.492,-1725.82,OK,-140.653,117.312,-1708.18,OK,-134.109,62.785,-1709.13,OK,-78.797,87.5806,-1732.81,,365943763,Port:2,0,1773324662,718826769,Enabled,0.930122,0.0310552,0.0355881,0.3642,-87.4845,271.269,-1592.33,0.146964,3,OK,-87.308,271.341,-1592.34,OK,-129.015,241.321,-1589.58,OK,-130.199,317.593,-1587.04,,365943763,Port:3,0,1773324662,718826769,Missing,,,,,,,,,4,Missing,,,,Missing,,,,Missing,,,,Missing,,,,,365943763,Port:65535,0,1773324662,718826769,Missing,,,,,,,,,3,OK,-40.8112,203.004,-2026.3,OK,-43.7933,197.791,-2248.24,OK,-63.9477,218.796,-2295.93,,,,,,,,,,,,,,,,,,,,
4,,365943766,Port:1,0,1773324662,768826768,49999999,Enabled,0.708125,0.43479,-0.460567,0.31208,-100.097,145.31,-1728.54,0.161897,4,OK,-99.9936,145.156,-1728.64,OK,-139.872,120.428,-1710.93,OK,-133.68,65.8375,-1711.18,OK,-78.1398,90.0277,-1735.06,,365943766,Port:2,0,1773324662,768826768,Enabled,0.930132,0.0307652,0.0355958,0.364199,-87.4808,271.269,-1592.32,0.140693,3,OK,-87.3112,271.335,-1592.33,OK,-129.004,241.322,-1589.56,OK,-130.197,317.6,-1587.06,,365943766,Port:3,0,1773324662,768826768,Missing,,,,,,,,,4,Missing,,,,Missing,,,,Missing,,,,Missing,,,,,365943766,Port:65535,0,1773324662,768826768,Missing,,,,,,,,,3,OK,-40.8052,202.995,-2026.15,OK,-43.7821,197.78,-2248.15,OK,-63.9329,218.807,-2295.97,,,,,,,,,,,,,,,,,,,,
4,,365943769,Port:1,0,1773324662,818826768,50000000,Enabled,0.711423,0.426241,-0.462701,0.313215,-98.8711,148.723,-1732.37,0.183089,4,OK,-98.7603,148.557,-1732.5,OK,-139.012,124.503,-1714.63,OK,-133.384,69.856,-1714.08,OK,-77.4346,93.1462,-1737.93,,365943769,Port:2,0,1773324662,818826768,Enabled,0.930134,0.0310284,0.0354859,0.364181,-87.4822,271.263,-1592.31,0.144059,3,OK,-87.3095,271.335,-1592.33,OK,-129.012,241.319,-1589.58,OK,-130.194,317.587,-1587.03,,365943769,Port:3,0,1773324662,818826768,Missing,,,,,,,,,4,Missing,,,,Missing,,,,Missing,,,,Missing,,,,,365943769,Port:65535,0,1773324662,818826768,Missing,,,,,,,,,3,OK,-40.8082,203.003,-2026.2,OK,-43.7782,197.788,-2248.24,OK,-63.9413,218.809,-2296.13,,,,,,,,,,,,,,,,,,,,
4,,365943772,Port:1,0,1773324662,868826769,50000001,Enabled,0.714305,0.423849,-0.456411,0.319076,-99.4524,151.22,-1735.68,0.184009,4,OK,-99.3419,151.063,-1735.82,OK,-139.261,126.886,-1717.36,OK,-133.104,72.3099,-1716.02,OK,-77.5089,95.771,-1740.49,,365943772,Port:2,0,1773324662,868826769,Enabled,0.930155,0.0307478,0.03528,0.364173,-87.4854,271.263,-1592.3,0.143757,3,OK,-87.311,271.331,-1592.31,OK,-129.017,241.322,-1589.57,OK,-130.202,317.591,-1587.05,,365943772,Port:3,0,1773324662,868826769,Missing,,,,,,,,,4,Missing,,,,Missing,,,,Missing,,,,Missing,,,,,365943772,Port:65535,0,1773324662,868826769,Missing,,,,,,,,,3,OK,-40.8252,203.014,-2026.3,OK,-43.7777,197.805,-2248.16,OK,-63.9387,218.791,-2295.78,,,,,,,,,,,,,,,,,,,,
4,,365943775,Port:1,0,1773324662,918826769,50000000,Enabled,0.713968,0.422521,-0.449383,0.331332,-101.595,152.793,-1738.61,0.176059,4,OK,-101.47,152.638,-1738.73,OK,-140.894,127.894,-1719.95,OK,-133.499,73.4901,-1717.61,OK,-78.3976,97.7768,-1742.46,,365943775,Port:2,0,1773324662,918826769,Enabled,0.930132,0.0310871,0.035322,0.364197,-87.4826,271.273,-1592.32,0.14254,3,OK,-87.3127,271.345,-1592.34,OK,-129.011,241.326,-1589.6,OK,-130.196,317.596,-1587.04,,365943775,Port:3,0,1773324662,918826769,Missing,,,,,,,,,4,Missing,,,,Missing,,,,Missing,,,,Missing,,,,,365943775,Port:65535,0,1773324662,918826769,Missing,,,,,,,,,3,OK,-40.8251,203,-2026.27,OK,-43.7937,197.81,-2247.27,OK,-63.9177,218.809,-2295.19,,,,,,,,,,,,,,,,,,,,
4,,365943778,Port:1,0,1773324662,968826769,50000000,Enabled,0.71383,0.422555,-0.447392,0.334267,-101.773,153.998,-1739.82,0.160064,4,OK,-101.665,153.839,-1739.91,OK,-140.902,128.937,-1721.08,OK,-133.196,74.594,-1718.5,OK,-78.2458,99.1014,-1743.48,,365943778,Port:2,0,1773324662,968826769,Enabled,0.930127,0.0309598,0.035485,0.364207,-87.4794,271.265,-1592.32,0.143395,3,OK,-87.3075,271.336,-1592.33,OK,-129.007,241.319,-1589.58,OK,-130.194,317.585,-1587.04,,365943778,Port:3,0,1773324662,968826769,Missing,,,,,,,,,4,Missing,,,,Missing,,,,Missing,,,,Missing,,,,,365943778,Port:65535,0,1773324662,968826769,Missing,,,,,,,,,3,OK,-40.8343,203.002,-2026.36,OK,-43.7928,197.826,-2246.76,OK,-63.9255,218.819,-2294.81,,,,,,,,,,,,,,,,,,,,
4,,365943781,Port:1,0,1773324663,18826770,50000001,Enabled,0.715816,0.425012,-0.438189,0.339063,-102.223,154.735,-1740.83,0.179878,4,OK,-102.104,154.58,-1740.95,OK,-140.72,129.224,-1721.36,OK,-132.157,75.0391,-1718.45,OK,-77.8852,100.193,-1744.3,,365943781,Port:2,0,1773324663,18826770,Enabled,0.93015,0.0310957,0.0350523,0.364177,-87.482,271.271,-1592.31,0.141213,3,OK,-87.3108,271.335,-1592.33,OK,-129.011,241.326,-1589.62,OK,-130.199,317.601,-1587.04,,365943781,Port:3,0,1773324663,18826770,Missing,,,,,,,,,4,Missing,,,,Missing,,,,Missing,,,,Missing,,,,,365943781,Port:65535,0,1773324663,18826770,Missing,,,,,,,,,3,OK,-40.8221,203.021,-2026.26,OK,-43.7589,197.858,-2246.17,OK,-63.9262,218.824,-2294.51,,,,,,,,,,,,,,,,,,,,
4,,365943784,Port:1,0,1773324663,68826770,50000000,Enabled,0.717836,0.423328,-0.432541,0.344113,-101.753,156.061,-1742.7,0.16686,4,OK,-101.64,155.903,-1742.8,OK,-139.919,130.451,-1722.77,OK,-130.844,76.3754,-1719.19,OK,-76.9431,101.702,-1745.62,,365943784,Port:2,0,1773324663,68826770,Enabled,0.930122,0.0310476,0.0357338,0.364186,-87.4815,271.272,-1592.32,0.14111,3,OK,-87.3128,271.342,-1592.33,OK,-129.006,241.326,-1589.56,OK,-130.192,317.596,-1587.02,,365943784,Port:3,0,1773324663,68826770,Missing,,,,,,,,,4,Missing,,,,Missing,,,,Missing,,,,Missing,,,,,365943784,Port:65535,0,1773324663,68826770,Missing,,,,,,,,,3,OK,-40.8261,203.021,-2026.32,OK,-43.7219,197.893,-2244.76,OK,-63.9354,218.825,-2293.94,,,,,,,,,,,,,,,,,,,,
4,,365943787,Port:1,0,1773324663,118826770,50000000,Enabled,0.720445,0.418284,-0.43409,0.342876,-100.368,157.704,-1744.67,0.152264,4,OK,-100.258,157.543,-1744.72,OK,-138.82,132.597,-1724.68,OK,-130.238,78.4733,-1720.62,OK,-76.06,103.09,-1747.15,,365943787,Port:2,0,1773324663,118826770,Enabled,0.930159,0.0308589,0.0353066,0.36415,-87.4803,271.257,-1592.29,0.139617,3,OK,-87.3114,271.322,-1592.31,OK,-129.008,241.316,-1589.57,OK,-130.193,317.59,-1587.04,,365943787,Port:3,0,1773324663,118826770,Missing,,,,,,,,,4,Missing,,,,Missing,,,,Missing,,,,Missing,,,,,365943787,Port:65535,0,1773324663,118826770,Missing,,,,,,,,,3,OK,-43.6986,197.921,-2244.13,OK,-40.8242,203.032,-2026.38,OK,-63.9698,218.835,-2292.88,,,,,,,,,,,,,,,,,,,,
4,,365943790,Port:1,0,1773324663,168826770,50000000,Enabled,0.720332,0.416842,-0.435714,0.342809,-99.0542,158.65,-1745.86,0.158862,4,OK,-98.947,158.496,-1745.95,OK,-137.616,133.656,-1725.94,OK,-129.206,79.512,-1721.88,OK,-74.9112,103.973,-1748.17,,365943790,Port:2,0,1773324663,168826770,Enabled,0.930118,0.0309827,0.0358832,0.364189,-87.4855,271.267,-1592.33,0.145064,3,OK,-87.3126,271.339,-1592.34,OK,-129.012,241.317,-1589.55,OK,-130.196,317.595,-1587.03,,365943790,Port:3,0,1773324663,168826770,Missing,,,,,,,,,4,Missing,,,,Missing,,,,Missing,,,,Missing,,,,,365943790,Port:65535,0,1773324663,168826770,Missing,,,,,,,,,3,OK,-43.7232,197.935,-2243.95,OK,-40.8097,203.041,-2026.36,OK,-64.0035,218.862,-2292.49,,,,,,,,,,,,,,,,,,,,
4,,365943793,Port:1,0,1773324663,218826770,50000000,Enabled,0.724124,0.408778,-0.439899,0.339166,-96.7361,160.651,-1748.08,0.175533,4,OK,-96.6307,160.472,-1748.18,OK,-135.885,136.547,-1728.12,OK,-128.468,82.3126,-1723.59,OK,-73.5517,105.519,-1749.79,,365943793,Port:2,0,1773324663,218826770,Enabled,0.930112,0.0310563,0.0359331,0.364191,-87.4841,271.263,-1592.33,0.146183,3,OK,-87.3106,271.338,-1592.34,OK,-129.012,241.314,-1589.55,OK,-130.193,317.585,-1587.02,,365943793,Port:3,0,1773324663,218826770,Missing,,,,,,,,,4,Missing,,,,Missing,,,,Missing,,,,Missing,,,,,365943793,Port:65535,0,1773324663,218826770,Missing,,,,,,,,,2,OK,-40.7971,203.006,-2026.21,OK,-64.0529,218.851,-2291.94,,,,,,,,,,,,,,,,,,,,,,,,
4,,365943796,Port:1,0,1773324663,268826770,50000000,Enabled,0.726003,0.396118,-0.452901,0.333002,-93.2803,163.072,-1750.53,0.156015,4,OK,-93.1861,162.883,-1750.54,OK,-133.582,140.356,-1731.36,OK,-128.001,85.935,-1726.22,OK,-71.8399,107.218,-1751.53,,365943796,Port:2,0,1773324663,268826770,Enabled,0.930158,0.0308267,0.0353611,0.36415,-87.4814,271.256,-1592.32,0.144663,3,OK,-87.3062,271.325,-1592.33,OK,-129.014,241.316,-1589.59,OK,-130.195,317.587,-1587.06,,365943796,Port:3,0,1773324663,268826770,Missing,,,,,,,,,4,Missing,,,,Missing,,,,Missing,,,,Missing,,,,,365943796,Port:65535,0,1773324663,268826770,Missing,,,,,,,,,2,OK,-40.8292,203.014,-2026.39,OK,-64.1068,218.847,-2292.84,,,,,,,,,,,,,,,,,,,,,,,,
4,,365943799,Port:1,0,1773324663,318826770,50000000,Enabled,0.727351,0.39037,-0.457409,0.330678,-90.6231,164.238,-1752.48,0.16204,4,OK,-90.5272,164.064,-1752.55,OK,-131.346,142.127,-1733.44,OK,-126.536,87.6522,-1728.14,OK,-69.9107,108.108,-1753.04,,365943799,Port:2,0,1773324663,318826770,Enabled,0.930127,0.0309498,0.0357363,0.364182,-87.481,271.266,-1592.31,0.144208,3,OK,-87.3099,271.339,-1592.32,OK,-129.009,241.318,-1589.55,OK,-130.191,317.591,-1587.02,,365943799,Port:3,0,1773324663,318826770,Missing,,,,,,,,,4,Missing,,,,Missing,,,,Missing,,,,Missing,,,,,365943799,Port:65535,0,1773324663,318826770,Missing,,,,,,,,,2,OK,-40.823,203.012,-2026.28,OK,-64.0837,218.83,-2293.88,,,,,,,,,,,,,,,,,,,,,,,,
4,,365943802,Port:1,0,1773324663,368826770,50000000,Enabled,0.730473,0.388521,-0.45801,0.325095,-87.6441,166.101,-1753.47,0.15971,4,OK,-87.5541,165.923,-1753.54,OK,-128.538,144.487,-1734.24,OK,-124.371,89.9609,-1728.98,OK,-67.6312,109.718,-1754.16,,365943802,Port:2,0,1773324663,368826770,Enabled,0.930111,0.0309312,0.0361011,0.364188,-87.4857,271.261,-1592.35,0.144061,3,OK,-87.3134,271.333,-1592.36,OK,-129.01,241.315,-1589.54,OK,-130.195,317.584,-1587.04,,365943802,Port:3,0,1773324663,368826770,Missing,,,,,,,,,4,Missing,,,,Missing,,,,Missing,,,,Missing,,,,,365943802,Port:65535,0,1773324663,368826770,Missing,,,,,,,,,2,OK,-40.8049,203.023,-2026.27,OK,-64.0631,218.829,-2293.66,,,,,,,,,,,,,,,,,,,,,,,,
4,,365943805,Port:1,0,1773324663,418826770,50000000,Enabled,0.732994,0.379161,-0.463897,0.322113,-85.5584,167.336,-1755.78,0.164583,4,OK,-85.4551,167.168,-1755.86,OK,-127.066,146.673,-1736.76,OK,-123.986,92.1381,-1730.98,OK,-66.6196,110.574,-1755.76,,365943805,Port:2,0,1773324663,418826770,Enabled,0.930132,0.0308611,0.0359235,0.364159,-87.4858,271.26,-1592.34,0.146246,3,OK,-87.3122,271.334,-1592.35,OK,-129.015,241.312,-1589.55,OK,-130.193,317.591,-1587.05,,365943805,Port:3,0,1773324663,418826770,Missing,,,,,,,,,4,Missing,,,,Missing,,,,Missing,,,,Missing,,,,,365943805,Port:65535,0,1773324663,418826770,Missing,,,,,,,,,2,OK,-40.7985,203.001,-2026.28,OK,-64.0164,218.828,-2293.63,,,,,,,,,,,,,,,,,,,,,,,,
4,,365943808,Port:1,0,1773324663,468826770,50000000,Enabled,0.731561,0.376834,-0.46656,0.324248,-85.9149,166.308,-1757.12,0.145779,4,OK,-85.8379,166.131,-1757.17,OK,-127.564,145.719,-1738.43,OK,-124.539,91.1842,-1732.45,OK,-66.9973,109.532,-1756.81,,365943808,Port:2,0,1773324663,468826770,Enabled,0.930134,0.0310187,0.0353119,0.364201,-87.4798,271.259,-1592.31,0.141286,3,OK,-87.3073,271.323,-1592.32,OK,-129.005,241.315,-1589.59,OK,-130.199,317.585,-1587.03,,365943808,Port:3,0,1773324663,468826770,Missing,,,,,,,,,4,Missing,,,,Missing,,,,Missing,,,,Missing,,,,,365943808,Port:65535,0,1773324663,468826770,Missing,,,,,,,,,2,OK,-40.8084,203.011,-2026.28,OK,-64.0092,218.813,-2294.49,,,,,,,,,,,,,,,,,,,,,,,,
4,,365943811,Port:1,0,1773324663,518826770,50000000,Enabled,0.730019,0.381224,-0.464421,0.32566,-86.0672,165.478,-1756.84,0.151437,4,OK,-85.977,165.304,-1756.89,OK,-127.481,144.432,-1738.09,OK,-123.952,89.8919,-1732.39,OK,-66.643,108.873,-1756.87,,365943811,Port:2,0,1773324663,518826770,Enabled,0.930125,0.0310735,0.0355686,0.364192,-87.4825,271.262,-1592.34,0.141432,3,OK,-87.3106,271.327,-1592.35,OK,-129.007,241.317,-1589.59,OK,-130.198,317.59,-1587.04,,365943811,Port:3,0,1773324663,518826770,Missing,,,,,,,,,4,Missing,,,,Missing,,,,Missing,,,,Missing,,,,,365943811,Port:65535,0,1773324663,518826770,Missing,,,,,,,,,2,OK,-40.8177,203.012,-2026.24,OK,-64.0213,218.826,-2294.87,,,,,,,,,,,,,,,,,,,,,,,,
4,,365943814,Port:1,0,1773324663,568826770,50000000,Enabled,0.733075,0.374769,-0.467225,0.322256,-85.2534,166.208,-1757.2,0.176106,4,OK,-85.1671,166.029,-1757.31,OK,-127.023,145.905,-1738.38,OK,-124.359,91.3725,-1732.4,OK,-66.6801,109.329,-1756.76,,365943814,Port:2,0,1773324663,568826770,Enabled,0.930138,0.031088,0.0354105,0.364174,-87.48,271.255,-1592.32,0.143764,3,OK,-87.3064,271.323,-1592.33,OK,-129.01,241.311,-1589.59,OK,-130.193,317.581,-1587.03,,365943814,Port:3,0,1773324663,568826770,Missing,,,,,,,,,4,Missing,,,,Missing,,,,Missing,,,,Missing,,,,,365943814,Port:65535,0,1773324663,568826770,Missing,,,,,,,,,2,OK,-40.8168,203.009,-2026.24,OK,-64.0235,218.821,-2294.77,,,,,,,,,,,,,,,,,,,,,,,,
4,,365943817,Port:1,0,1773324663,618826770,50000000,Enabled,0.727993,0.369366,-0.477162,0.32544,-87.2265,165.541,-1758.01,0.161654,4,OK,-87.1237,165.36,-1758.04,OK,-129.564,145.44,-1740.31,OK,-127.288,90.8991,-1734.09,OK,-68.9271,108.585,-1757.12,,365943817,Port:2,0,1773324663,618826770,Enabled,0.930127,0.0311597,0.0354952,0.364187,-87.4799,271.268,-1592.31,0.143418,3,OK,-87.3066,271.338,-1592.32,OK,-129.008,241.325,-1589.57,OK,-130.193,317.59,-1587,,365943817,Port:3,0,1773324663,618826770,Missing,,,,,,,,,4,Missing,,,,Missing,,,,Missing,,,,Missing,,,,,365943817,Port:65535,0,1773324663,618826770,Missing,,,,,,,,,2,OK,-40.8324,203.01,-2026.23,OK,-64.0338,218.829,-2294.77,,,,,,,,,,,,,,,,,,,,,,,,
4,,365943820,Port:1,0,1773324663,668826770,50000000,Enabled,0.726509,0.375127,-0.472137,0.329471,-89.1948,164.513,-1757.63,0.164425,4,OK,-89.0996,164.339,-1757.71,OK,-131.078,143.698,-1739.64,OK,-127.885,89.1847,-1733.66,OK,-69.9829,107.844,-1756.95,,365943820,Port:2,0,1773324663,668826770,Enabled,0.930147,0.0309425,0.0350637,0.364196,-87.4788,271.26,-1592.3,0.138967,3,OK,-87.3103,271.325,-1592.31,OK,-129.004,241.317,-1589.6,OK,-130.197,317.588,-1587.04,,365943820,Port:3,0,1773324663,668826770,Missing,,,,,,,,,4,Missing,,,,Missing,,,,Missing,,,,Missing,,,,,365943820,Port:65535,0,1773324663,668826770,Missing,,,,,,,,,2,OK,-40.829,202.998,-2026.4,OK,-64.0229,218.831,-2294.62,,,,,,,,,,,,,,,,,,,,,,,,
4,,365943823,Port:1,0,1773324663,718826770,50000000,Enabled,0.727272,0.373466,-0.471973,0.329909,-88.4282,164.843,-1758.32,0.154798,4,OK,-88.3401,164.66,-1758.37,OK,-130.335,144.149,-1740.31,OK,-127.219,89.6535,-1734.09,OK,-69.3069,108.156,-1757.45,,365943823,Port:2,0,1773324663,718826770,Enabled,0.93012,0.0310387,0.0356658,0.3642,-87.483,271.26,-1592.34,0.143885,3,OK,-87.3098,271.33,-1592.35,OK,-129.009,241.313,-1589.58,OK,-130.197,317.584,-1587.04,,365943823,Port:3,0,1773324663,718826770,Missing,,,,,,,,,4,Missing,,,,Missing,,,,Missing,,,,Missing,,,,,365943823,Port:65535,0,1773324663,718826770,Missing,,,,,,,,,2,OK,-40.8388,202.993,-2026.31,OK,-64.0159,218.803,-2294.57,,,,,,,,,,,,,,,,,,,,,,,,
4,,365943826,Port:1,0,1773324663,768826770,50000000,Enabled,0.73043,0.369913,-0.471639,0.327403,-86.365,165.825,-1759.19,0.15411,4,OK,-86.2764,165.639,-1759.23,OK,-128.403,145.602,-1740.97,OK,-125.743,91.1116,-1734.43,OK,-67.7403,108.978,-1758.09,,365943826,Port:2,0,1773324663,768826770,Enabled,0.930127,0.0309942,0.0353557,0.364217,-87.4799,271.263,-1592.31,0.142018,3,OK,-87.3087,271.332,-1592.32,OK,-129.006,241.317,-1589.58,OK,-130.197,317.585,-1587.03,,365943826,Port:3,0,1773324663,768826770,Missing,,,,,,,,,4,Missing,,,,Missing,,,,Missing,,,,Missing,,,,,365943826,Port:65535,0,1773324663,768826770,Missing,,,,,,,,,2,OK,-40.8207,203.017,-2026.26,OK,-64.0151,218.819,-2294.72,,,,,,,,,,,,,,,,,,,,,,,,
4,,365943829,Port:1,0,1773324663,818826770,50000000,Enabled,0.731127,0.370999,-0.469494,0.327703,-85.4385,165.9,-1759,0.161149,4,OK,-85.3524,165.727,-1759.08,OK,-127.345,145.574,-1740.53,OK,-124.525,91.1015,-1734.06,OK,-66.6514,109.093,-1757.91,,365943829,Port:2,0,1773324663,818826770,Enabled,0.930125,0.0307774,0.035318,0.364242,-87.4785,271.257,-1592.3,0.145226,3,OK,-87.3042,271.327,-1592.31,OK,-129.006,241.304,-1589.57,OK,-130.201,317.582,-1587.05,,365943829,Port:3,0,1773324663,818826770,Missing,,,,,,,,,4,Missing,,,,Missing,,,,Missing,,,,Missing,,,,,365943829,Port:65535,0,1773324663,818826770,Missing,,,,,,,,,2,OK,-40.8074,203.007,-2026.28,OK,-64.007,218.824,-2294.96,,,,,,,,,,,,,,,,,,,,,,,,
4,,365943832,Port:1,0,1773324663,868826770,50000000,Enabled,0.732544,0.372385,-0.46711,0.32637,-84.3866,165.298,-1758.16,0.155483,4,OK,-84.3031,165.128,-1758.24,OK,-126.153,144.954,-1739.44,OK,-123.287,90.4664,-1733.01,OK,-65.5943,108.495,-1757.23,,365943832,Port:2,0,1773324663,868826770,Enabled,0.930141,0.030754,0.0356401,0.364173,-87.4795,271.253,-1592.31,0.139481,3,OK,-87.3104,271.317,-1592.32,OK,-129.002,241.311,-1589.55,OK,-130.194,317.586,-1587.05,,365943832,Port:3,0,1773324663,868826770,Missing,,,,,,,,,4,Missing,,,,Missing,,,,Missing,,,,Missing,,,,,365943832,Port:65535,0,1773324663,868826770,Missing,,,,,,,,,2,OK,-40.8249,203.004,-2026.26,OK,-63.9739,218.812,-2295.41,,,,,,,,,,,,,,,,,,,,,,,,
4,,365943835,Port:1,0,1773324663,918826770,50000000,Enabled,0.731361,0.37527,-0.467398,0.325305,-83.5111,164.078,-1756.84,0.155149,4,OK,-83.4152,163.903,-1756.9,OK,-125.235,143.557,-1738.23,OK,-122.259,89.0105,-1732.08,OK,-64.617,107.312,-1756.32,,365943835,Port:2,0,1773324663,918826770,Enabled,0.930105,0.0310174,0.0360972,0.364196,-87.4837,271.262,-1592.36,0.141324,3,OK,-87.3149,271.332,-1592.37,OK,-129.005,241.314,-1589.56,OK,-130.193,317.586,-1587.04,,365943835,Port:3,0,1773324663,918826770,Missing,,,,,,,,,4,Missing,,,,Missing,,,,Missing,,,,Missing,,,,,365943835,Port:65535,0,1773324663,918826770,Missing,,,,,,,,,2,OK,-40.8231,203.016,-2026.31,OK,-63.9252,218.812,-2295.8,,,,,,,,,,,,,,,,,,,,,,,,
4,,365943838,Port:1,0,1773324663,968826770,50000000,Enabled,0.73121,0.376458,-0.468062,0.32331,-82.0921,163.233,-1755.79,0.151736,4,OK,-82.0172,163.053,-1755.85,OK,-123.829,142.719,-1737.2,OK,-120.971,88.1735,-1731.31,OK,-63.3199,106.411,-1755.51,,365943838,Port:2,0,1773324663,968826770,Enabled,0.930136,0.0313297,0.0352797,0.36417,-87.4804,271.258,-1592.31,0.141566,3,OK,-87.3114,271.33,-1592.32,OK,-129.01,241.316,-1589.6,OK,-130.189,317.576,-1587,,365943838,Port:3,0,1773324663,968826770,Missing,,,,,,,,,4,Missing,,,,Missing,,,,Missing,,,,Missing,,,,,365943838,Port:65535,0,1773324663,968826770,Missing,,,,,,,,,2,OK,-40.8199,203.006,-2026.25,OK,-63.8916,218.806,-2296.04,,,,,,,,,,,,,,,,,,,,,,,,
4,,365943841,Port:1,0,1773324664,18826765,49999995,Enabled,0.731618,0.375209,-0.471207,0.319244,-79.6848,163.207,-1755.13,0.163306,4,OK,-79.6202,163.01,-1755.2,OK,-121.658,143.037,-1736.68,OK,-119.347,88.4491,-1731.03,OK,-61.4523,106.207,-1755.02,,365943841,Port:2,0,1773324664,18826765,Enabled,0.930175,0.0308233,0.0350874,0.364132,-87.4794,271.254,-1592.29,0.142226,3,OK,-87.3065,271.321,-1592.31,OK,-129.013,241.318,-1589.59,OK,-130.193,317.585,-1587.05,,365943841,Port:3,0,1773324664,18826765,Missing,,,,,,,,,4,Missing,,,,Missing,,,,Missing,,,,Missing,,,,,365943841,Port:65535,0,1773324664,18826765,Missing,,,,,,,,,1,OK,-40.8143,203.005,-2026.18,,,,,,,,,,,,,,,,,,,,,,,,,,,,
4,,365943844,Port:1,0,1773324664,68826765,50000000,Enabled,0.728998,0.367521,-0.476354,0.326461,-78.2144,163.592,-1755.14,0.448498,4,OK,-78.3189,163.381,-1755.49,OK,-120.513,143.689,-1736.92,OK,-118.529,89.1004,-1731.1,OK,-59.536,106.553,-1753.81,,365943844,Port:2,0,1773324664,68826765,Enabled,0.930135,0.0309828,0.0353474,0.364197,-87.4784,271.264,-1592.31,0.14323,3,OK,-87.3072,271.335,-1592.32,OK,-129.007,241.317,-1589.59,OK,-130.193,317.588,-1587.04,,365943844,Port:3,0,1773324664,68826765,Missing,,,,,,,,,4,Missing,,,,Missing,,,,Missing,,,,Missing,,,,,365943844,Port:65535,0,1773324664,68826765,Missing,,,,,,,,,1,OK,-40.8167,203.01,-2026.26,,,,,,,,,,,,,,,,,,,,,,,,,,,,
4,,365943847,Port:1,0,1773324664,118826765,50000000,Enabled,0.729969,0.368953,-0.476645,0.322224,-77.2014,163.835,-1754.86,0.371818,4,OK,-77.2785,163.605,-1755.13,OK,-119.536,144.052,-1736.65,OK,-117.771,89.4534,-1731,OK,-58.9214,106.707,-1753.98,,365943847,Port:2,0,1773324664,118826765,Enabled,0.930128,0.0307299,0.0355726,0.364216,-87.4824,271.253,-1592.3,0.143343,3,OK,-87.3095,271.321,-1592.32,OK,-129.008,241.305,-1589.55,OK,-130.201,317.58,-1587.05,,365943847,Port:3,0,1773324664,118826765,Missing,,,,,,,,,4,Missing,,,,Missing,,,,Missing,,,,Missing,,,,,365943847,Port:65535,0,1773324664,118826765,Missing,,,,,,,,,1,OK,-40.83,203.018,-2026.37,,,,,,,,,,,,,,,,,,,,,,,,,,,,
4,,365943850,Port:1,0,1773324664,168826765,50000000,Enabled,0.731657,0.369021,-0.474336,0.321725,-76.7221,164.372,-1755.89,0.284521,4,OK,-76.7635,164.156,-1756.05,OK,-118.994,144.622,-1737.54,OK,-117.121,90.0473,-1731.56,OK,-58.4869,107.235,-1755.05,,365943850,Port:2,0,1773324664,168826765,Enabled,0.93011,0.0312016,0.0358133,0.364198,-87.484,271.261,-1592.32,0.143237,3,OK,-87.3115,271.331,-1592.34,OK,-129.009,241.315,-1589.56,OK,-130.196,317.582,-1587,,365943850,Port:3,0,1773324664,168826765,Missing,,,,,,,,,4,Missing,,,,Missing,,,,Missing,,,,Missing,,,,,365943850,Port:65535,0,1773324664,168826765,Missing,,,,,,,,,1,OK,-40.809,203.022,-2026.18,,,,,,,,,,,,,,,,,,,,,,,,,,,,
4,,365943853,Port:1,0,1773324664,218826765,50000000,Enabled,0.735994,0.366141,-0.473737,0.315954,-74.6484,165.593,-1757.31,0.198421,4,OK,-74.6027,165.406,-1757.39,OK,-117.065,146.419,-1738.71,OK,-115.804,91.8507,-1732.43,OK,-57.3171,108.256,-1756.51,,365943853,Port:2,0,1773324664,218826765,Enabled,0.930134,0.0308441,0.0353153,0.364215,-87.478,271.258,-1592.31,0.141238,3,OK,-87.3091,271.329,-1592.32,OK,-129.004,241.312,-1589.58,OK,-130.194,317.579,-1587.05,,365943853,Port:3,0,1773324664,218826765,Missing,,,,,,,,,4,Missing,,,,Missing,,,,Missing,,,,Missing,,,,,365943853,Port:65535,0,1773324664,218826765,Missing,,,,,,,,,1,OK,-40.8375,203.01,-2026.32,,,,,,,,,,,,,,,,,,,,,,,,,,,,
4,,365943856,Port:1,0,1773324664,268826765,50000000,Enabled,0.737794,0.362953,-0.473816,0.315315,-73.222,167.01,-1758.49,0.175367,4,OK,-73.1423,166.82,-1758.48,OK,-115.761,148.15,-1739.89,OK,-114.709,93.6164,-1733.14,OK,-56.2435,109.597,-1757.43,,365943856,Port:2,0,1773324664,268826765,Enabled,0.930129,0.0310226,0.0354986,0.364193,-87.4801,271.254,-1592.31,0.143113,3,OK,-87.3083,271.323,-1592.32,OK,-129.007,241.306,-1589.57,OK,-130.195,317.582,-1587.03,,365943856,Port:3,0,1773324664,268826765,Missing,,,,,,,,,4,Missing,,,,Missing,,,,Missing,,,,Missing,,,,,365943856,Port:65535,0,1773324664,268826765,Missing,,,,,,,,,1,OK,-40.8093,203.016,-2026.31,,,,,,,,,,,,,,,,,,,,,,,,,,,,
4,,365943859,Port:1,0,1773324664,318826765,50000000,Enabled,0.739382,0.361635,-0.47495,0.311379,-71.409,168.238,-1758.53,0.159414,4,OK,-71.329,168.049,-1758.53,OK,-114.047,149.723,-1739.88,OK,-113.478,95.1708,-1733.21,OK,-54.9939,110.692,-1757.56,,365943859,Port:2,0,1773324664,318826765,Enabled,0.930189,0.0306784,0.0349388,0.364124,-87.4763,271.257,-1592.26,0.143064,3,OK,-87.3029,271.322,-1592.27,OK,-129.011,241.317,-1589.56,OK,-130.192,317.599,-1587.04,,365943859,Port:3,0,1773324664,318826765,Missing,,,,,,,,,4,Missing,,,,Missing,,,,Missing,,,,Missing,,,,,365943859,Port:65535,0,1773324664,318826765,Missing,,,,,,,,,1,OK,-40.8229,203.023,-2026.37,,,,,,,,,,,,,,,,,,,,,,,,,,,,
4,,365943862,Port:1,0,1773324664,368826765,50000000,Enabled,0.739577,0.359483,-0.474049,0.314762,-71.5399,169.426,-1760.16,0.15754,4,OK,-71.4665,169.226,-1760.17,OK,-114.149,150.898,-1741.47,OK,-113.4,96.3993,-1734.44,OK,-54.9389,111.947,-1758.73,,365943862,Port:2,0,1773324664,368826765,Enabled,0.930125,0.030634,0.0356154,0.364225,-87.4777,271.255,-1592.3,0.143435,3,OK,-87.3073,271.326,-1592.31,OK,-129.002,241.303,-1589.54,OK,-130.195,317.583,-1587.06,,365943862,Port:3,0,1773324664,368826765,Missing,,,,,,,,,4,Missing,,,,Missing,,,,Missing,,,,Missing,,,,,365943862,Port:65535,0,1773324664,368826765,Missing,,,,,,,,,1,OK,-40.8093,203.01,-2026.2,,,,,,,,,,,,,,,,,,,,,,,,,,,,
4,,365943865,Port:1,0,1773324664,418826765,50000000,Enabled,0.738844,0.358412,-0.473379,0.31869,-72.4267,170.083,-1761.56,0.154917,4,OK,-72.3528,169.895,-1761.59,OK,-114.986,151.404,-1742.89,OK,-113.957,96.9483,-1735.61,OK,-55.4964,112.703,-1759.77,,365943865,Port:2,0,1773324664,418826765,Enabled,0.930151,0.030682,0.0352092,0.364196,-87.4798,271.254,-1592.29,0.141982,3,OK,-87.3105,271.324,-1592.3,OK,-129.008,241.306,-1589.57,OK,-130.197,317.584,-1587.06,,365943865,Port:3,0,1773324664,418826765,Missing,,,,,,,,,4,Missing,,,,Missing,,,,Missing,,,,Missing,,,,,365943865,Port:65535,0,1773324664,418826765,Missing,,,,,,,,,1,OK,-40.8354,203.014,-2026.37,,,,,,,,,,,,,,,,,,,,,,,,,,,,
4,,365943868,Port:1,0,1773324664,468826765,50000000,Enabled,0.735184,0.363222,-0.47174,0.324091,-73.6945,169.705,-1761.5,0.168377,4,OK,-73.604,169.52,-1761.49,OK,-116.015,150.269,-1743.01,OK,-114.108,95.8332,-1735.85,OK,-55.8152,112.593,-1759.92,,365943868,Port:2,0,1773324664,468826765,Enabled,0.930129,0.0307815,0.0354903,0.364216,-87.4791,271.262,-1592.31,0.139189,3,OK,-87.3141,271.332,-1592.32,OK,-129.001,241.313,-1589.56,OK,-130.194,317.588,-1587.05,,365943868,Port:3,0,1773324664,468826765,Missing,,,,,,,,,4,Missing,,,,Missing,,,,Missing,,,,Missing,,,,,365943868,Port:65535,0,1773324664,468826765,Missing,,,,,,,,,1,OK,-40.8204,203.018,-2026.38,,,,,,,,,,,,,,,,,,,,,,,,,,,,
4,,365943871,Port:1,0,1773324664,518826765,50000000,Enabled,0.734328,0.366482,-0.471065,0.323345,-73.1416,169.15,-1761.06,0.166613,4,OK,-73.0438,168.972,-1761.11,OK,-115.332,149.481,-1742.5,OK,-113.261,94.992,-1735.75,OK,-55.1087,112.099,-1759.81,,365943871,Port:2,0,1773324664,518826765,Enabled,0.93017,0.0307024,0.0351519,0.36415,-87.4769,271.249,-1592.29,0.143534,3,OK,-87.3025,271.315,-1592.3,OK,-129.009,241.309,-1589.57,OK,-130.193,317.583,-1587.05,,365943871,Port:3,0,1773324664,518826765,Missing,,,,,,,,,4,Missing,,,,Missing,,,,Missing,,,,Missing,,,,,365943871,Port:65535,0,1773324664,518826765,Missing,,,,,,,,,1,OK,-40.8218,203.015,-2026.34,,,,,,,,,,,,,,,,,,,,,,,,,,,,
4,,365943874,Port:1,0,1773324664,568826765,50000000,Enabled,0.729803,0.369492,-0.472159,0.328526,-74.9914,167.789,-1761.43,0.173207,4,OK,-74.9061,167.599,-1761.45,OK,-117.09,147.532,-1743.29,OK,-114.377,93.0617,-1736.68,OK,-56.2104,110.951,-1760.27,,365943874,Port:2,0,1773324664,568826765,Enabled,0.930139,0.0312648,0.0354608,0.364152,-87.4845,271.252,-1592.33,0.1429,3,OK,-87.3109,271.322,-1592.34,OK,-129.016,241.316,-1589.6,OK,-130.194,317.572,-1587.02,,365943874,Port:3,0,1773324664,568826765,Missing,,,,,,,,,4,Missing,,,,Missing,,,,Missing,,,,Missing,,,,,365943874,Port:65535,0,1773324664,568826765,Missing,,,,,,,,,1,OK,-40.8141,203.011,-2026.37,,,,,,,,,,,,,,,,,,,,,,,,,,,,
4,,365943877,Port:1,0,1773324664,618826765,50000000,Enabled,0.718983,0.378093,-0.472077,0.342422,-79.5509,164.809,-1759.92,0.289489,4,OK,-79.5254,164.619,-1760.03,OK,-121.205,142.966,-1742.42,OK,-116.754,88.5482,-1736.33,OK,-58.5184,108.631,-1758.89,,365943877,Port:2,0,1773324664,618826765,Enabled,0.930121,0.0308895,0.035856,0.364192,-87.483,271.255,-1592.33,0.143285,3,OK,-87.3125,271.326,-1592.34,OK,-129.007,241.304,-1589.55,OK,-130.195,317.585,-1587.04,,365943877,Port:3,0,1773324664,618826765,Missing,,,,,,,,,4,Missing,,,,Missing,,,,Missing,,,,Missing,,,,,365943877,Port:65535,0,1773324664,618826765,Missing,,,,,,,,,1,OK,-40.8215,203.012,-2026.3,,,,,,,,,,,,,,,,,,,,,,,,,,,,
4,,365943880,Port:1,0,1773324664,668826765,50000000,Enabled,0.701161,0.392808,-0.473788,0.359999,-82.5379,160.076,-1754.27,0.536183,4,OK,-82.6206,159.882,-1754.8,OK,-123.184,135.897,-1737.7,OK,-116.322,81.5553,-1733.37,OK,-58.8958,105.009,-1753.42,,365943880,Port:2,0,1773324664,668826765,Enabled,0.930144,0.0310913,0.0351391,0.364186,-87.4791,271.252,-1592.3,0.141155,3,OK,-87.3083,271.319,-1592.31,OK,-129.008,241.31,-1589.59,OK,-130.195,317.576,-1587.02,,365943880,Port:3,0,1773324664,668826765,Missing,,,,,,,,,4,Missing,,,,Missing,,,,Missing,,,,Missing,,,,,365943880,Port:65535,0,1773324664,668826765,Missing,,,,,,,,,1,OK,-40.8115,203.005,-2026.25,,,,,,,,,,,,,,,,,,,,,,,,,,,,
4,,365943883,Port:1,0,1773324664,718826765,50000000,Enabled,0.695675,0.422153,-0.464967,0.348753,-83.5118,154.87,-1748.97,0.23945,4,OK,-83.4064,154.719,-1749.2,OK,-123.087,128.863,-1732.55,OK,-114.599,74.6474,-1730.54,OK,-58.8806,100.451,-1751.96,,365943883,Port:2,0,1773324664,718826765,Enabled,0.93015,0.0306469,0.0351953,0.364201,-87.4822,271.247,-1592.3,0.142027,3,OK,-87.3119,271.315,-1592.31,OK,-129.01,241.299,-1589.58,OK,-130.201,317.577,-1587.07,,365943883,Port:3,0,1773324664,718826765,Missing,,,,,,,,,4,Missing,,,,Missing,,,,Missing,,,,Missing,,,,,365943883,Port:65535,0,1773324664,718826765,Missing,,,,,,,,,2,OK,-40.8121,203.014,-2026.37,OK,-65.9501,218.547,-2313.64,,,,,,,,,,,,,,,,,,,,,,,,
4,,365943886,Port:1,0,1773324664,768826765,50000000,Enabled,0.674985,0.450383,-0.472393,0.344086,-84.5861,148.067,-1742.09,0.177227,4,OK,-84.4524,147.933,-1742.22,OK,-123.544,119.946,-1727.8,OK,-113.482,65.9737,-1729.13,OK,-58.4138,94.6625,-1748.58,,365943886,Port:2,0,1773324664,768826765,Enabled,0.930119,0.0311575,0.0355861,0.364199,-87.478,271.254,-1592.35,0.146243,3,OK,-87.3035,271.328,-1592.36,OK,-129.008,241.305,-1589.6,OK,-130.19,317.575,-1587.04,,365943886,Port:3,0,1773324664,768826765,Missing,,,,,,,,,4,Missing,,,,Missing,,,,Missing,,,,Missing,,,,,365943886,Port:65535,0,1773324664,768826765,Missing,,,,,,,,,3,OK,-44.1266,197.926,-2243.31,OK,-40.8024,203.02,-2026.32,OK,-63.9275,218.798,-2295.84,,,,,,,,,,,,,,,,,,,,
4,,365943889,Port:1,0,1773324664,818826765,50000000,Enabled,0.658202,0.479447,-0.467159,0.344475,-86.4553,139.895,-1734.75,0.213272,4,OK,-86.2995,139.784,-1734.94,OK,-123.985,109.378,-1721.46,OK,-111.572,56.0382,-1725.71,OK,-58.0255,88.1117,-1744.16,,365943889,Port:2,0,1773324664,818826765,Enabled,0.930133,0.0307802,0.0354288,0.364212,-87.4746,271.249,-1592.32,0.14349,3,OK,-87.3005,271.315,-1592.33,OK,-129.001,241.302,-1589.58,OK,-130.195,317.576,-1587.07,,365943889,Port:3,0,1773324664,818826765,Missing,,,,,,,,,4,Missing,,,,Missing,,,,Missing,,,,Missing,,,,,365943889,Port:65535,0,1773324664,818826765,Missing,,,,,,,,,3,OK,-40.8035,203,-2026.29,OK,-43.8436,197.822,-2246.81,OK,-63.9311,218.788,-2296.05,,,,,,,,,,,,,,,,,,,,
4,,365943892,Port:1,0,1773324664,868826765,50000000,Enabled,0.636792,0.506268,-0.463443,0.351298,-89.3543,131.496,-1728.77,0.24907,4,OK,-89.1957,131.401,-1729.02,OK,-125.263,98.4637,-1717.04,OK,-110.06,46.1226,-1723.82,OK,-58.2251,81.761,-1740.43,,365943892,Port:2,0,1773324664,868826765,Enabled,0.930121,0.0309817,0.0357635,0.364194,-87.4792,271.253,-1592.33,0.14569,3,OK,-87.3034,271.323,-1592.34,OK,-129.007,241.306,-1589.56,OK,-130.193,317.576,-1587.04,,365943892,Port:3,0,1773324664,868826765,Missing,,,,,,,,,4,Missing,,,,Missing,,,,Missing,,,,Missing,,,,,365943892,Port:65535,0,1773324664,868826765,Missing,,,,,,,,,3,OK,-40.806,202.995,-2026.28,OK,-43.7796,197.79,-2247.87,OK,-63.9332,218.799,-2296.1,,,,,,,,,,,,,,,,,,,,
4,,365943895,Port:1,0,1773324664,918826765,50000000,Enabled,0.618771,0.519471,-0.465492,0.36137,-92.3982,125.553,-1726.31,0.267521,4,OK,-92.2211,125.461,-1726.57,OK,-127.327,90.9659,-1716.19,OK,-110.116,39.3883,-1724.09,OK,-59.2869,77.3017,-1738.63,,365943895,Port:2,0,1773324664,918826765,Enabled,0.930171,0.0307551,0.0350367,0.364155,-87.4741,271.245,-1592.3,0.144758,3,OK,-87.3,271.313,-1592.31,OK,-129.008,241.3,-1589.6,OK,-130.19,317.579,-1587.07,,365943895,Port:3,0,1773324664,918826765,Missing,,,,,,,,,4,Missing,,,,Missing,,,,Missing,,,,Missing,,,,,365943895,Port:65535,0,1773324664,918826765,Missing,,,,,,,,,3,OK,-40.8261,203.021,-2026.39,OK,-43.7768,197.809,-2248.44,OK,-63.9389,218.801,-2296.13,,,,,,,,,,,,,,,,,,,,
4,,365943898,Port:1,0,1773324664,968826765,50000000,Enabled,0.608981,0.521768,-0.471186,0.367265,-94.0384,123.135,-1725.75,0.246218,4,OK,-93.8605,123.043,-1725.99,OK,-128.786,88.0657,-1716.79,OK,-110.873,36.7782,-1724.87,OK,-60.169,75.379,-1737.96,,365943898,Port:2,0,1773324664,968826765,Enabled,0.93011,0.0309177,0.0358609,0.364218,-87.48,271.253,-1592.34,0.143263,3,OK,-87.3091,271.324,-1592.35,OK,-129.004,241.303,-1589.56,OK,-130.193,317.575,-1587.05,,365943898,Port:3,0,1773324664,968826765,Missing,,,,,,,,,4,Missing,,,,Missing,,,,Missing,,,,Missing,,,,,365943898,Port:65535,0,1773324664,968826765,Missing,,,,,,,,,3,OK,-40.8031,203.006,-2026.34,OK,-43.7662,197.793,-2248.32,OK,-63.9463,218.801,-2296.12,,,,,,,,,,,,,,,,,,,,
4,,365943901,Port:1,0,1773324665,18826770,50000005,Enabled,0.606679,0.524686,-0.469549,0.36901,-95.5222,122.603,-1725.54,0.262649,4,OK,-95.3413,122.517,-1725.8,OK,-129.979,87.2155,-1716.66,OK,-111.644,36.1089,-1724.95,OK,-61.2594,75.1682,-1737.89,,365943901,Port:2,0,1773324665,18826770,Enabled,0.930111,0.0310112,0.0357588,0.364216,-87.4759,271.249,-1592.33,0.143683,3,OK,-87.3034,271.319,-1592.34,OK,-129,241.3,-1589.56,OK,-130.191,317.572,-1587.03,,365943901,Port:3,0,1773324665,18826770,Missing,,,,,,,,,4,Missing,,,,Missing,,,,Missing,,,,Missing,,,,,365943901,Port:65535,0,1773324665,18826770,Missing,,,,,,,,,3,OK,-40.8069,203.003,-2026.38,OK,-43.7725,197.794,-2248.25,OK,-63.9259,218.79,-2295.96,,,,,,,,,,,,,,,,,,,,
4,,365943904,Port:1,0,1773324665,68826770,50000000,Enabled,0.607217,0.517767,-0.474033,0.372152,-96.9991,124.218,-1727.42,0.264432,4,OK,-96.8188,124.135,-1727.68,OK,-131.841,89.1668,-1718.7,OK,-113.812,37.8638,-1726.31,OK,-62.9456,76.4124,-1738.91,,365943904,Port:2,0,1773324665,68826770,Enabled,0.930139,0.0307861,0.0351803,0.364219,-87.474,271.252,-1592.29,0.14127,3,OK,-87.3041,271.319,-1592.3,OK,-129,241.304,-1589.58,OK,-130.194,317.579,-1587.05,,365943904,Port:3,0,1773324665,68826770,Missing,,,,,,,,,4,Missing,,,,Missing,,,,Missing,,,,Missing,,,,,365943904,Port:65535,0,1773324665,68826770,Missing,,,,,,,,,3,OK,-40.807,203.015,-2026.35,OK,-43.786,197.805,-2248.29,OK,-63.9271,218.795,-2296.12,,,,,,,,,,,,,,,,,,,,
4,,365943907,Port:1,0,1773324665,118826770,50000000,Enabled,0.609996,0.504412,-0.481149,0.376788,-98.3935,126.976,-1730.89,0.26211,4,OK,-98.2158,126.883,-1731.14,OK,-133.979,92.657,-1722.26,OK,-116.674,40.9462,-1728.56,OK,-64.9001,78.424,-1740.8,,365943907,Port:2,0,1773324665,118826770,Enabled,0.930112,0.0308078,0.035874,0.364218,-87.4792,271.25,-1592.33,0.140266,3,OK,-87.3097,271.317,-1592.35,OK,-128.999,241.305,-1589.55,OK,-130.195,317.574,-1587.06,,365943907,Port:3,0,1773324665,118826770,Missing,,,,,,,,,4,Missing,,,,Missing,,,,Missing,,,,Missing,,,,,365943907,Port:65535,0,1773324665,118826770,Missing,,,,,,,,,3,OK,-40.8148,203.011,-2026.42,OK,-43.7675,197.801,-2248.31,OK,-63.9427,218.807,-2296.2,,,,,,,,,,,,,,,,,,,,
4,,365943910,Port:1,0,1773324665,168826770,50000000,Enabled,0.61553,0.497359,-0.480425,0.378086,-99.1985,129.116,-1732.64,0.276725,4,OK,-99.0256,129.022,-1732.91,OK,-135.08,95.2602,-1723.45,OK,-118.216,43.2854,-1728.97,OK,-66.1279,80.1181,-1741.73,,365943910,Port:2,0,1773324665,168826770,Enabled,0.930134,0.0309333,0.0352766,0.364212,-87.4753,271.247,-1592.31,0.142688,3,OK,-87.3025,271.315,-1592.33,OK,-129.003,241.302,-1589.59,OK,-130.194,317.571,-1587.05,,365943910,Port:3,0,1773324665,168826770,Missing,,,,,,,,,4,Missing,,,,Missing,,,,Missing,,,,Missing,,,,,365943910,Port:65535,0,1773324665,168826770,Missing,,,,,,,,,3,OK,-40.7989,203.017,-2026.28,OK,-43.7733,197.812,-2248.03,OK,-63.9272,218.799,-2296.09,,,,,,,,,,,,,,,,,,,,
4,,365943913,Port:1,0,1773324665,218826770,50000000,Enabled,0.623805,0.49641,-0.476976,0.370051,-97.8966,130.795,-1731.81,0.230908,4,OK,-97.7309,130.693,-1732.02,OK,-134.065,97.4813,-1721.85,OK,-117.989,45.2537,-1727.35,OK,-65.6765,81.3019,-1741.38,,365943913,Port:2,0,1773324665,218826770,Enabled,0.930125,0.0310021,0.0353715,0.36422,-87.4765,271.254,-1592.3,0.141187,3,OK,-87.3083,271.324,-1592.32,OK,-129.001,241.304,-1589.58,OK,-130.192,317.577,-1587.03,,365943913,Port:3,0,1773324665,218826770,Missing,,,,,,,,,4,Missing,,,,Missing,,,,Missing,,,,Missing,,,,,365943913,Port:65535,0,1773324665,218826770,Missing,,,,,,,,,3,OK,-40.8074,203.003,-2026.26,OK,-43.7712,197.805,-2247.6,OK,-63.9257,218.775,-2295.9,,,,,,,,,,,,,,,,,,,,
4,,365943916,Port:1,0,1773324665,268826770,50000000,Enabled,0.637162,0.497429,-0.46762,0.357659,-94.9713,131.844,-1729.19,0.227405,4,OK,-94.8081,131.733,-1729.4,OK,-131.246,99.1469,-1717.65,OK,-116.166,46.6513,-1723.34,OK,-63.8644,81.8098,-1739.61,,365943916,Port:2,0,1773324665,268826770,Enabled,0.930142,0.0310571,0.0352867,0.36418,-87.477,271.244,-1592.3,0.142981,3,OK,-87.3057,271.315,-1592.31,OK,-129.007,241.3,-1589.58,OK,-130.19,317.568,-1587.02,,365943916,Port:3,0,1773324665,268826770,Missing,,,,,,,,,4,Missing,,,,Missing,,,,Missing,,,,Missing,,,,,365943916,Port:65535,0,1773324665,268826770,Missing,,,,,,,,,3,OK,-40.8171,202.994,-2026.36,OK,-43.8338,197.82,-2246.64,OK,-63.9222,218.788,-2295.97,,,,,,,,,,,,,,,,,,,,
4,,365943919,Port:1,0,1773324665,318826770,50000000,Enabled,0.646919,0.494219,-0.468178,0.343588,-91.5789,132.726,-1726.58,0.236082,4,OK,-91.4182,132.604,-1726.8,OK,-128.525,101.087,-1714.28,OK,-115.06,48.1578,-1720.26,OK,-62.1418,81.835,-1737.58,,365943919,Port:2,0,1773324665,318826770,Enabled,0.930138,0.0311017,0.0351714,0.364196,-87.4756,271.247,-1592.32,0.143349,3,OK,-87.3015,271.315,-1592.33,OK,-129.006,241.305,-1589.61,OK,-130.193,317.569,-1587.04,,365943919,Port:3,0,1773324665,318826770,Missing,,,,,,,,,4,Missing,,,,Missing,,,,Missing,,,,Missing,,,,,365943919,Port:65535,0,1773324665,318826770,Missing,,,,,,,,,3,OK,-44.1995,197.893,-2243.58,OK,-40.8205,203,-2026.14,OK,-63.9358,218.779,-2295.91,,,,,,,,,,,,,,,,,,,,
4,,365943922,Port:1,0,1773324665,368826770,50000000,Enabled,0.650869,0.501409,-0.469826,0.322836,-87.4973,132.319,-1721.68,0.273912,4,OK,-87.3464,132.206,-1721.96,OK,-124.888,101.268,-1709.13,OK,-112.892,48.2062,-1716.94,OK,-59.622,81.0314,-1734.74,,365943922,Port:2,0,1773324665,368826770,Enabled,0.930135,0.0309339,0.0353204,0.364205,-87.4744,271.252,-1592.32,0.145254,3,OK,-87.2981,271.321,-1592.33,OK,-129.004,241.307,-1589.6,OK,-130.193,317.577,-1587.05,,365943922,Port:3,0,1773324665,368826770,Missing,,,,,,,,,4,Missing,,,,Missing,,,,Missing,,,,Missing,,,,,365943922,Port:65535,0,1773324665,368826770,Missing,,,,,,,,,2,OK,-40.801,203.02,-2026.34,OK,-63.9214,218.804,-2296.01,,,,,,,,,,,,,,,,,,,,,,,,
4,,365943925,Port:1,0,1773324665,418826770,50000000,Enabled,0.661344,0.513056,-0.458519,0.298594,-81.4938,131.827,-1714.89,0.266125,4,OK,-81.3398,131.717,-1715.16,OK,-118.649,101.103,-1700.88,OK,-107.98,48.0264,-1710.36,OK,-55.2487,80.4105,-1730.54,,365943925,Port:2,0,1773324665,418826770,Enabled,0.930136,0.030658,0.0351003,0.364245,-87.4713,271.249,-1592.28,0.142623,3,OK,-87.3006,271.317,-1592.29,OK,-128.997,241.297,-1589.57,OK,-130.195,317.575,-1587.06,,365943925,Port:3,0,1773324665,418826770,Missing,,,,,,,,,4,Missing,,,,Missing,,,,Missing,,,,Missing,,,,,365943925,Port:65535,0,1773324665,418826770,Missing,,,,,,,,,3,OK,-44.2911,197.863,-2245.65,OK,-40.8254,203.013,-2026.31,OK,-63.9352,218.788,-2295.96,,,,,,,,,,,,,,,,,,,,
4,,365943928,Port:1,0,1773324665,468826770,50000000,Enabled,0.676451,0.52686,-0.438822,0.268826,-73.8877,131.818,-1706.89,0.236941,4,OK,-73.7364,131.704,-1707.13,OK,-110.348,101.407,-1690.59,OK,-101.277,48.3249,-1701.73,OK,-49.8011,80.3312,-1725.5,,365943928,Port:2,0,1773324665,468826770,Enabled,0.930127,0.030972,0.0357096,0.364183,-87.4744,271.248,-1592.33,0.143042,3,OK,-87.3017,271.315,-1592.35,OK,-129,241.301,-1589.57,OK,-130.188,317.577,-1587.05,,365943928,Port:3,0,1773324665,468826770,Missing,,,,,,,,,4,Missing,,,,Missing,,,,Missing,,,,Missing,,,,,365943928,Port:65535,0,1773324665,468826770,Missing,,,,,,,,,3,OK,-40.8048,203.005,-2026.25,OK,-43.9584,197.808,-2247.55,OK,-63.8685,218.8,-2295.72,,,,,,,,,,,,,,,,,,,,
4,,365943931,Port:1,0,1773324665,518826770,50000000,Enabled,0.686099,0.530211,-0.427605,0.255536,-68.9036,132.315,-1704.22,0.196528,4,OK,-68.7612,132.204,-1704.41,OK,-104.945,102.212,-1686.56,OK,-96.7517,49.0585,-1697.92,OK,-46.0238,80.6213,-1723.78,,365943931,Port:2,0,1773324665,518826770,Enabled,0.930133,0.0312943,0.0354299,0.364167,-87.4756,271.248,-1592.32,0.147271,3,OK,-87.2977,271.318,-1592.34,OK,-129.009,241.302,-1589.6,OK,-130.188,317.573,-1587.01,,365943931,Port:3,0,1773324665,518826770,Missing,,,,,,,,,4,Missing,,,,Missing,,,,Missing,,,,Missing,,,,,365943931,Port:65535,0,1773324665,518826770,Missing,,,,,,,,,3,OK,-40.8219,203.006,-2026.35,OK,-43.7986,197.802,-2247.94,OK,-63.7328,218.798,-2295.38,,,,,,,,,,,,,,,,,,,,
4,,365943934,Port:1,0,1773324665,568826770,50000000,Enabled,0.68958,0.520569,-0.431705,0.259073,-68.1704,133.99,-1707.63,0.202034,4,OK,-68.0088,133.873,-1707.81,OK,-104.688,104.531,-1689.87,OK,-96.8981,51.1164,-1700.15,OK,-45.5854,81.7672,-1726.01,,365943934,Port:2,0,1773324665,568826770,Enabled,0.930131,0.0306592,0.0355769,0.364212,-87.4776,271.243,-1592.3,0.145461,3,OK,-87.3028,271.312,-1592.31,OK,-129.005,241.293,-1589.54,OK,-130.197,317.572,-1587.05,,365943934,Port:3,0,1773324665,568826770,Missing,,,,,,,,,4,Missing,,,,Missing,,,,Missing,,,,Missing,,,,,365943934,Port:65535,0,1773324665,568826770,Missing,,,,,,,,,3,OK,-40.8027,203.009,-2026.36,OK,-43.7686,197.797,-2248.31,OK,-63.6921,218.802,-2295.01,,,,,,,,,,,,,,,,,,,,
4,,365943937,Port:1,0,1773324665,618826770,50000000,Enabled,0.688579,0.513836,-0.437929,0.26467,-69.3728,135.375,-1711.61,0.216234,4,OK,-69.2294,135.249,-1711.82,OK,-106.345,106.248,-1694.2,OK,-98.5788,52.7093,-1703.9,OK,-46.6367,82.864,-1729.03,,365943937,Port:2,0,1773324665,618826770,Enabled,0.930128,0.0308675,0.0355502,0.364204,-87.4746,271.25,-1592.32,0.141988,3,OK,-87.3018,271.315,-1592.34,OK,-128.999,241.306,-1589.57,OK,-130.193,317.576,-1587.05,,365943937,Port:3,0,1773324665,618826770,Missing,,,,,,,,,4,Missing,,,,Missing,,,,Missing,,,,Missing,,,,,365943937,Port:65535,0,1773324665,618826770,Missing,,,,,,,,,3,OK,-40.8231,203.008,-2026.28,OK,-43.7761,197.795,-2248.29,OK,-63.7223,218.805,-2295.15,,,,,,,,,,,,,,,,,,,,
4,,365943940,Port:1,0,1773324665,668826770,50000000,Enabled,0.693675,0.508871,-0.433544,0.26815,-68.7494,137.743,-1713.81,0.207545,4,OK,-68.6259,137.6,-1714.01,OK,-105.56,108.866,-1695.74,OK,-97.7225,55.1567,-1704.54,OK,-45.9797,84.9831,-1730.4,,365943940,Port:2,0,1773324665,668826770,Enabled,0.93013,0.0310576,0.0351456,0.364223,-87.47,271.251,-1592.28,0.141736,3,OK,-87.297,271.317,-1592.29,OK,-128.997,241.308,-1589.58,OK,-130.191,317.571,-1587.01,,365943940,Port:3,0,1773324665,668826770,Missing,,,,,,,,,4,Missing,,,,Missing,,,,Missing,,,,Missing,,,,,365943940,Port:65535,0,1773324665,668826770,Missing,,,,,,,,,3,OK,-40.8231,203.002,-2026.26,OK,-43.7541,197.792,-2248.1,OK,-63.5867,218.797,-2294.35,,,,,,,,,,,,,,,,,,,,
4,,365943943,Port:1,0,1773324665,718826770,50000000,Missing,,,,,,,,,4,OK,-64.8578,140.813,-1714.41,OK,-101.487,112.351,-1695.1,OK,-93.8517,58.5253,-1703.2,OK,-41.7987,88.4793,-1724.98,,365943943,Port:2,0,1773324665,718826770,Enabled,0.930113,0.0313688,0.0353892,0.364217,-87.4805,271.247,-1592.3,0.144759,3,OK,-87.3059,271.317,-1592.32,OK,-129.009,241.298,-1589.59,OK,-130.196,317.566,-1586.98,,365943943,Port:3,0,1773324665,718826770,Missing,,,,,,,,,4,Missing,,,,Missing,,,,Missing,,,,Missing,,,,,365943943,Port:65535,0,1773324665,718826770,Missing,,,,,,,,,5,OK,-40.7951,202.708,-2024.94,OK,-41.7987,88.4793,-1724.98,OK,-64.8578,140.813,-1714.41,OK,-93.8517,58.5253,-1703.2,OK,-101.487,112.351,-1695.1,,,,,,,,,,,,
4,,365943946,Port:1,0,1773324665,768826770,50000000,Enabled,0.706299,0.502466,-0.422995,0.264091,-60.8507,144.056,-1714.97,0.266402,4,OK,-60.7086,143.917,-1715.24,OK,-97.2924,115.857,-1695.24,OK,-90.1426,61.9042,-1703.02,OK,-38.9902,90.8014,-1730.79,,365943946,Port:2,0,1773324665,768826770,Enabled,0.930134,0.0309281,0.0351403,0.364225,-87.4735,271.254,-1592.31,0.141658,3,OK,-87.3028,271.32,-1592.32,OK,-128.999,241.304,-1589.61,OK,-130.195,317.582,-1587.05,,365943946,Port:3,0,1773324665,768826770,Missing,,,,,,,,,4,Missing,,,,Missing,,,,Missing,,,,Missing,,,,,365943946,Port:65535,0,1773324665,768826770,Missing,,,,,,,,,1,OK,-40.8027,202.27,-2022.78,,,,,,,,,,,,,,,,,,,,,,,,,,,,
4,,365943949,Port:1,0,1773324665,818826770,50000000,Enabled,0.705701,0.50172,-0.427799,0.259328,-59.1738,145.576,-1715.93,0.194286,4,OK,-59.0278,145.458,-1716.1,OK,-96.0878,117.694,-1696.54,OK,-89.4851,63.7265,-1704.47,OK,-37.8106,92.121,-1732.13,,365943949,Port:2,0,1773324665,818826770,Enabled,0.930117,0.0310736,0.0356941,0.364201,-87.4753,271.251,-1592.34,0.141766,3,OK,-87.3038,271.318,-1592.35,OK,-128.999,241.306,-1589.58,OK,-130.19,317.575,-1587.04,,365943949,Port:3,0,1773324665,818826770,Missing,,,,,,,,,4,Missing,,,,Missing,,,,Missing,,,,Missing,,,,,365943949,Port:65535,0,1773324665,818826770,Missing,,,,,,,,,1,OK,-40.7829,202.149,-2022.27,,,,,,,,,,,,,,,,,,,,,,,,,,,,
4,,365943952,Port:1,0,1773324665,868826770,50000000,Enabled,0.705636,0.504809,-0.422571,0.262067,-59.297,145.528,-1715.72,0.208122,4,OK,-59.1602,145.406,-1715.92,OK,-95.7611,117.243,-1696.04,OK,-88.5582,63.3348,-1704.06,OK,-37.4056,92.3063,-1732,,365943952,Port:2,0,1773324665,868826770,Enabled,0.930151,0.0306784,0.0351078,0.364205,-87.4765,271.238,-1592.26,0.139728,3,OK,-87.3081,271.304,-1592.28,OK,-129.002,241.293,-1589.55,OK,-130.197,317.568,-1587.04,,365943952,Port:3,0,1773324665,868826770,Missing,,,,,,,,,4,Missing,,,,Missing,,,,Missing,,,,Missing,,,,,365943952,Port:65535,0,1773324665,868826770,Missing,,,,,,,,,1,OK,-40.7972,201.909,-2021.21,,,,,,,,,,,,,,,,,,,,,,,,,,,,
4,,365943955,Port:1,0,1773324665,918826770,50000000,Enabled,0.706194,0.505421,-0.418578,0.265768,-58.5576,146.101,-1716.17,0.191847,4,OK,-58.4089,145.971,-1716.33,OK,-94.7048,117.57,-1696.31,OK,-87.0161,63.6822,-1703.98,OK,-36.2022,93.0288,-1732.29,,365943955,Port:2,0,1773324665,918826770,Enabled,0.930118,0.0309025,0.0357606,0.364206,-87.4755,271.258,-1592.34,0.147353,3,OK,-87.2988,271.328,-1592.35,OK,-129.003,241.304,-1589.57,OK,-130.192,317.588,-1587.05,,365943955,Port:3,0,1773324665,918826770,Missing,,,,,,,,,4,Missing,,,,Missing,,,,Missing,,,,Missing,,,,,365943955,Port:65535,0,1773324665,918826770,Missing,,,,,,,,,1,OK,-40.7604,201.709,-2020.18,,,,,,,,,,,,,,,,,,,,,,,,,,,,
4,,365943958,Port:1,0,1773324665,968826770,50000000,Enabled,0.705737,0.50545,-0.416312,0.270444,-58.094,147.047,-1717.09,0.20248,4,OK,-57.9476,146.923,-1717.28,OK,-94.0065,118.271,-1697.14,OK,-85.8213,64.431,-1704.6,OK,-35.2272,94.1065,-1732.9,,365943958,Port:2,0,1773324665,968826770,Enabled,0.930114,0.0308032,0.0357986,0.364223,-87.4738,271.251,-1592.33,0.146483,3,OK,-87.2985,271.323,-1592.35,OK,-129.001,241.3,-1589.56,OK,-130.19,317.573,-1587.06,,365943958,Port:3,0,1773324665,968826770,Missing,,,,,,,,,4,Missing,,,,Missing,,,,Missing,,,,Missing,,,,,365943958,Port:65535,0,1773324665,968826770,Missing,,,,,,,,,1,OK,-40.7802,201.573,-2019.61,,,,,,,,,,,,,,,,,,,,,,,,,,,,
4,,365943961,Port:1,0,1773324666,18826767,49999997,Enabled,0.698333,0.51025,-0.41704,0.279382,-59.8392,146.113,-1716.99,0.220667,4,OK,-59.6902,146.003,-1717.21,OK,-95.4491,116.484,-1697.7,OK,-86.0852,62.8738,-1705.49,OK,-35.6926,93.7427,-1732.84,,365943961,Port:2,0,1773324666,18826767,Enabled,0.930112,0.0309805,0.0357179,0.364221,-87.4742,271.244,-1592.32,0.145339,3,OK,-87.298,271.312,-1592.33,OK,-129,241.294,-1589.56,OK,-130.193,317.568,-1587.03,,365943961,Port:3,0,1773324666,18826767,Missing,,,,,,,,,4,Missing,,,,Missing,,,,Missing,,,,Missing,,,,,365943961,Port:65535,0,1773324666,18826767,Missing,,,,,,,,,1,OK,-40.7684,201.38,-2018.72,,,,,,,,,,,,,,,,,,,,,,,,,,,,
4,,365943964,Port:1,0,1773324666,68826767,50000000,Enabled,0.69004,0.515708,-0.413587,0.294679,-62.5422,143.152,-1716,0.190646,4,OK,-62.4004,143.035,-1716.18,OK,-97.3761,112.308,-1697.31,OK,-86.0782,59.0615,-1704.97,OK,-36.4296,91.6504,-1731.56,,365943964,Port:2,0,1773324666,68826767,Enabled,0.93013,0.0308717,0.0354514,0.364209,-87.4711,271.249,-1592.31,0.142443,3,OK,-87.3002,271.319,-1592.32,OK,-128.997,241.302,-1589.57,OK,-130.188,317.574,-1587.04,,365943964,Port:3,0,1773324666,68826767,Missing,,,,,,,,,4,Missing,,,,Missing,,,,Missing,,,,Missing,,,,,365943964,Port:65535,0,1773324666,68826767,Missing,,,,,,,,,1,OK,-40.7618,201.216,-2017.8,,,,,,,,,,,,,,,,,,,,,,,,,,,,
4,,365943967,Port:1,0,1773324666,118826767,50000000,Enabled,0.678857,0.526853,-0.406904,0.309854,-63.9552,138.041,-1713.7,0.338779,4,OK,-63.7759,137.917,-1714.04,OK,-97.4525,105.483,-1695.55,OK,-83.8821,52.869,-1703.87,OK,-35.6427,87.9618,-1729.34,,365943967,Port:2,0,1773324666,118826767,Enabled,0.930152,0.0308948,0.0352936,0.364165,-87.4717,271.244,-1592.31,0.141134,3,OK,-87.3001,271.309,-1592.32,OK,-129,241.303,-1589.59,OK,-130.187,317.574,-1587.05,,365943967,Port:3,0,1773324666,118826767,Missing,,,,,,,,,4,Missing,,,,Missing,,,,Missing,,,,Missing,,,,,365943967,Port:65535,0,1773324666,118826767,Missing,,,,,,,,,1,OK,-40.7521,201.059,-2017.24,,,,,,,,,,,,,,,,,,,,,,,,,,,,
4,,365943970,Port:1,0,1773324666,168826767,50000000,Missing,,,,,,,,,4,OK,-65.8931,134.055,-1713.98,OK,-97.1481,100.082,-1693.98,OK,-80.2364,48.2293,-1701.02,OK,-34.7571,85.7678,-1726.04,,365943970,Port:2,0,1773324666,168826767,Enabled,0.930162,0.0306109,0.0351066,0.364182,-87.4699,271.232,-1592.28,0.144687,3,OK,-87.2951,271.297,-1592.3,OK,-129.001,241.284,-1589.57,OK,-130.191,317.569,-1587.06,,365943970,Port:3,0,1773324666,168826767,Missing,,,,,,,,,4,Missing,,,,Missing,,,,Missing,,,,Missing,,,,,365943970,Port:65535,0,1773324666,168826767,Missing,,,,,,,,,6,OK,-40.7508,201.049,-2017.16,OK,-33.9435,100.727,-1571.03,OK,-34.7571,85.7678,-1726.04,OK,-65.8931,134.055,-1713.98,OK,-80.2364,48.2293,-1701.02,OK,-97.1481,100.082,-1693.98,,,,,,,,
4,,365943973,Port:1,0,1773324666,218826767,50000000,Missing,,,,,,,,,4,OK,-69.0552,131.929,-1715.53,OK,-98.8993,97.1495,-1694.88,OK,-79.4589,45.9982,-1699.96,OK,-35.4455,84.9301,-1723.92,,365943973,Port:2,0,1773324666,218826767,Enabled,0.930091,0.0307779,0.0359374,0.364268,-87.474,271.256,-1592.33,0.145651,3,OK,-87.3017,271.329,-1592.34,OK,-128.995,241.297,-1589.54,OK,-130.193,317.578,-1587.05,,365943973,Port:3,0,1773324666,218826767,Missing,,,,,,,,,4,Missing,,,,Missing,,,,Missing,,,,Missing,,,,,365943973,Port:65535,0,1773324666,218826767,Missing,,,,,,,,,7,OK,-40.7456,200.83,-2016.15,OK,-43.2622,194.227,-2283.2,OK,-34.2101,100.068,-1568.07,OK,-35.4455,84.9301,-1723.92,OK,-69.0552,131.929,-1715.53,OK,-79.4589,45.9982,-1699.96,OK,-98.8993,97.1495,-1694.88,,,,
4,,365943976,Port:1,0,1773324666,268826767,50000000,Missing,,,,,,,,,4,OK,-69.7175,132.166,-1716.28,OK,-99.753,97.2849,-1696.07,OK,-79.839,46.2387,-1700.39,OK,-35.5168,85.2685,-1724.44,,365943976,Port:2,0,1773324666,268826767,Enabled,0.930124,0.0308579,0.0355646,0.364215,-87.4737,271.248,-1592.31,0.144054,3,OK,-87.2998,271.318,-1592.33,OK,-129,241.302,-1589.56,OK,-130.191,317.57,-1587.04,,365943976,Port:3,0,1773324666,268826767,Missing,,,,,,,,,4,Missing,,,,Missing,,,,Missing,,,,Missing,,,,,365943976,Port:65535,0,1773324666,268826767,Missing,,,,,,,,,7,OK,-40.7439,200.784,-2015.98,OK,-43.2675,194.212,-2281.52,OK,-34.2654,100.314,-1569.18,OK,-35.5168,85.2685,-1724.44,OK,-69.7175,132.166,-1716.28,OK,-79.839,46.2387,-1700.39,OK,-99.753,97.2849,-1696.07,,,,
4,,365943979,Port:1,0,1773324666,318826767,50000000,Enabled,0.674899,0.515198,-0.371432,0.375661,-69.3615,134.276,-1716.6,0.410113,4,OK,-69.2063,134.143,-1717.01,OK,-99.35,99.5946,-1696.45,OK,-79.4272,48.4883,-1699.89,OK,-34.8329,86.795,-1726.88,,365943979,Port:2,0,1773324666,318826767,Enabled,0.930144,0.0309979,0.0351047,0.364195,-87.4746,271.241,-1592.28,0.142112,3,OK,-87.3012,271.306,-1592.3,OK,-129.003,241.299,-1589.58,OK,-130.194,317.566,-1587.02,,365943979,Port:3,0,1773324666,318826767,Missing,,,,,,,,,4,Missing,,,,Missing,,,,Missing,,,,Missing,,,,,365943979,Port:65535,0,1773324666,318826767,Missing,,,,,,,,,1,OK,-40.7565,200.444,-2014.43,,,,,,,,,,,,,,,,,,,,,,,,,,,,
4,,365943982,Port:1,0,1773324666,368826767,50000000,Enabled,0.677643,0.511649,-0.369424,0.377546,-69.5389,135.719,-1717.53,0.253892,4,OK,-69.3803,135.587,-1717.77,OK,-99.677,101.24,-1697.1,OK,-79.6509,50.1343,-1699.75,OK,-34.8283,88.116,-1727.51,,365943982,Port:2,0,1773324666,368826767,Enabled,0.930169,0.0307945,0.03507,0.364152,-87.4741,271.253,-1592.29,0.141553,3,OK,-87.3027,271.318,-1592.3,OK,-129.005,241.311,-1589.59,OK,-130.19,317.588,-1587.05,,365943982,Port:3,0,1773324666,368826767,Missing,,,,,,,,,4,Missing,,,,Missing,,,,Missing,,,,Missing,,,,,365943982,Port:65535,0,1773324666,368826767,Missing,,,,,,,,,1,OK,-40.7278,200.405,-2014.26,,,,,,,,,,,,,,,,,,,,,,,,,,,,
4,,365943985,Port:1,0,1773324666,418826767,50000000,Enabled,0.679117,0.5068,-0.373363,0.377564,-68.2753,136.949,-1717.84,0.207998,4,OK,-68.1182,136.819,-1718.03,OK,-98.9318,102.839,-1697.53,OK,-79.2778,51.5606,-1699.67,OK,-33.8386,88.9765,-1727.38,,365943985,Port:2,0,1773324666,418826767,Enabled,0.930099,0.0314256,0.0358825,0.364199,-87.4784,271.253,-1592.36,0.147037,3,OK,-87.3018,271.326,-1592.37,OK,-129.007,241.305,-1589.59,OK,-130.188,317.568,-1587.01,,365943985,Port:3,0,1773324666,418826767,Missing,,,,,,,,,4,Missing,,,,Missing,,,,Missing,,,,Missing,,,,,365943985,Port:65535,0,1773324666,418826767,Missing,,,,,,,,,1,OK,-40.7378,200.356,-2014.04,,,,,,,,,,,,,,,,,,,,,,,,,,,,
4,,365943988,Port:1,0,1773324666,468826767,50000000,Enabled,0.679878,0.504785,-0.37594,0.376333,-65.744,137.314,-1716.84,0.179912,4,OK,-65.5937,137.184,-1716.98,OK,-96.6706,103.416,-1696.65,OK,-77.3518,52.0043,-1698.6,OK,-31.5839,89.1185,-1726.27,,365943988,Port:2,0,1773324666,468826767,Enabled,0.93012,0.0310195,0.0353992,0.364228,-87.4775,271.244,-1592.3,0.142348,3,OK,-87.3079,271.316,-1592.31,OK,-129.003,241.295,-1589.57,OK,-130.193,317.563,-1587.02,,365943988,Port:3,0,1773324666,468826767,Missing,,,,,,,,,4,Missing,,,,Missing,,,,Missing,,,,Missing,,,,,365943988,Port:65535,0,1773324666,468826767,Missing,,,,,,,,,2,OK,-40.7312,200.045,-2012.76,OK,-64.4297,218.382,-2297.75,,,,,,,,,,,,,,,,,,,,,,,,
4,,365943991,Port:1,0,1773324666,518826767,50000000,Enabled,0.67972,0.509244,-0.37054,0.375968,-64.7958,135.384,-1714.61,0.199682,4,OK,-64.6403,135.272,-1714.79,OK,-95.2179,101.17,-1694.13,OK,-75.484,49.9327,-1696.49,OK,-30.3382,87.4975,-1724.51,,365943991,Port:2,0,1773324666,518826767,Enabled,0.930157,0.0304671,0.0351844,0.364201,-87.4665,271.251,-1592.27,0.145492,3,OK,-87.2913,271.32,-1592.29,OK,-128.997,241.304,-1589.55,OK,-130.188,317.584,-1587.07,,365943991,Port:3,0,1773324666,518826767,Missing,,,,,,,,,4,Missing,,,,Missing,,,,Missing,,,,Missing,,,,,365943991,Port:65535,0,1773324666,518826767,Missing,,,,,,,,,2,OK,-40.7091,199.876,-2011.84,OK,-64.4395,218.371,-2298.81,,,,,,,,,,,,,,,,,,,,,,,,
4,,365943994,Port:1,0,1773324666,568826767,50000000,Enabled,0.674173,0.514267,-0.367595,0.38196,-67.2807,131.889,-1712.51,0.256273,4,OK,-67.1141,131.773,-1712.77,OK,-97.0433,96.9821,-1692.25,OK,-76.3754,46.1332,-1694.98,OK,-31.9608,84.7436,-1722.52,,365943994,Port:2,0,1773324666,568826767,Enabled,0.930142,0.0306289,0.0355544,0.36419,-87.4705,271.243,-1592.31,0.14432,3,OK,-87.2965,271.311,-1592.33,OK,-128.998,241.296,-1589.56,OK,-130.188,317.575,-1587.07,,365943994,Port:3,0,1773324666,568826767,Missing,,,,,,,,,4,Missing,,,,Missing,,,,Missing,,,,Missing,,,,,365943994,Port:65535,0,1773324666,568826767,Missing,,,,,,,,,1,OK,-40.715,199.792,-2011.51,,,,,,,,,,,,,,,,,,,,,,,,,,,,
4,,365943997,Port:1,0,1773324666,618826767,50000000,Missing,,,,,,,,,4,OK,-69.643,128.156,-1710.44,OK,-99.0793,92.7447,-1690.51,OK,-77.6556,42.232,-1693.67,OK,-33.9644,82.1211,-1717.56,,365943997,Port:2,0,1773324666,618826767,Enabled,0.930112,0.0308939,0.0358619,0.364214,-87.4795,271.252,-1592.33,0.141092,3,OK,-87.3097,271.321,-1592.34,OK,-129.001,241.306,-1589.55,OK,-130.194,317.574,-1587.04,,365943997,Port:3,0,1773324666,618826767,Missing,,,,,,,,,4,Missing,,,,Missing,,,,Missing,,,,Missing,,,,,365943997,Port:65535,0,1773324666,618826767,Missing,,,,,,,,,5,OK,-40.7231,199.783,-2011.5,OK,-33.9644,82.1211,-1717.56,OK,-69.643,128.156,-1710.44,OK,-77.6556,42.232,-1693.67,OK,-99.0793,92.7447,-1690.51,,,,,,,,,,,,
4,,365944000,Port:1,0,1773324666,668826767,50000000,Enabled,0.666606,0.521683,-0.36429,0.388299,-70.4036,126.788,-1709.05,0.307737,4,OK,-70.2491,126.658,-1709.36,OK,-99.3117,91.0092,-1689.19,OK,-77.5266,40.6609,-1692.5,OK,-34.0538,80.5873,-1719.41,,365944000,Port:2,0,1773324666,668826767,Enabled,0.930153,0.0307192,0.0350827,0.364198,-87.4733,271.256,-1592.27,0.140737,3,OK,-87.3037,271.322,-1592.29,OK,-129.001,241.311,-1589.57,OK,-130.193,317.584,-1587.04,,365944000,Port:3,0,1773324666,668826767,Missing,,,,,,,,,4,Missing,,,,Missing,,,,Missing,,,,Missing,,,,,365944000,Port:65535,0,1773324666,668826767,Missing,,,,,,,,,1,OK,-40.7131,199.77,-2011.41,,,,,,,,,,,,,,,,,,,,,,,,,,,,
4,,365944003,Port:1,0,1773324666,718826767,50000000,Missing,,,,,,,,,4,OK,-69.8666,127.387,-1709.29,OK,-99.0574,91.9008,-1689.06,OK,-77.5333,41.4378,-1692.38,OK,-34.1307,81.4953,-1715.67,,365944003,Port:2,0,1773324666,718826767,Enabled,0.930124,0.0312781,0.0354089,0.364194,-87.4773,271.247,-1592.32,0.1447,3,OK,-87.3021,271.317,-1592.34,OK,-129.007,241.303,-1589.6,OK,-130.192,317.567,-1587.01,,365944003,Port:3,0,1773324666,718826767,Missing,,,,,,,,,4,Missing,,,,Missing,,,,Missing,,,,Missing,,,,,365944003,Port:65535,0,1773324666,718826767,Missing,,,,,,,,,5,OK,-40.7075,199.755,-2011.43,OK,-34.1307,81.4953,-1715.67,OK,-69.8666,127.387,-1709.29,OK,-77.5333,41.4378,-1692.38,OK,-99.0574,91.9008,-1689.06,,,,,,,,,,,,
4,,365944006,Port:1,0,1773324666,768826767,50000000,Missing,,,,,,,,,4,OK,-71.8631,128.42,-1710.12,OK,-101.387,93.0726,-1690.02,OK,-79.9502,42.5641,-1692.97,OK,-36.0093,82.3886,-1716.02,,365944006,Port:2,0,1773324666,768826767,Enabled,0.930153,0.0307588,0.0353968,0.364166,-87.4775,271.248,-1592.29,0.14396,3,OK,-87.3036,271.314,-1592.31,OK,-129.007,241.303,-1589.56,OK,-130.193,317.583,-1587.04,,365944006,Port:3,0,1773324666,768826767,Missing,,,,,,,,,4,Missing,,,,Missing,,,,Missing,,,,Missing,,,,,365944006,Port:65535,0,1773324666,768826767,Missing,,,,,,,,,7,OK,-40.7134,199.754,-2011.41,OK,-43.7139,192.877,-2283.13,OK,-34.4069,97.971,-1558.77,OK,-36.0093,82.3886,-1716.02,OK,-71.8631,128.42,-1710.12,OK,-79.9502,42.5641,-1692.97,OK,-101.387,93.0726,-1690.02,,,,
4,,365944009,Port:1,0,1773324666,818826767,50000000,Missing,,,,,,,,,4,OK,-73.9646,129.89,-1710.05,OK,-103.965,94.6982,-1690.37,OK,-82.9027,44.0324,-1693.32,OK,-38.1793,83.4874,-1716.97,,365944009,Port:2,0,1773324666,818826767,Enabled,0.930128,0.03112,0.0354838,0.364189,-87.481,271.268,-1592.33,0.143033,3,OK,-87.3081,271.337,-1592.34,OK,-129.009,241.326,-1589.59,OK,-130.194,317.587,-1587.03,,365944009,Port:3,0,1773324666,818826767,Missing,,,,,,,,,4,Missing,,,,Missing,,,,Missing,,,,Missing,,,,,365944009,Port:65535,0,1773324666,818826767,Missing,,,,,,,,,7,OK,-40.7204,199.768,-2011.28,OK,-44.9602,193.032,-2277.74,OK,-35.5172,98.7336,-1561.99,OK,-38.1793,83.4874,-1716.97,OK,-73.9646,129.89,-1710.05,OK,-82.9027,44.0324,-1693.32,OK,-103.965,94.6982,-1690.37,,,,
4,,365944012,Port:1,0,1773324666,868826767,50000000,Enabled,0.665737,0.508067,-0.378128,0.394566,-76.4673,132.179,-1709.53,0.429867,4,OK,-76.3621,132.023,-1709.97,OK,-106.547,97.0847,-1690.19,OK,-85.5533,46.365,-1692.46,OK,-40.4762,85.32,-1717.94,,365944012,Port:2,0,1773324666,868826767,Enabled,0.930109,0.0310001,0.0358306,0.364214,-87.4822,271.259,-1592.33,0.142904,3,OK,-87.3115,271.329,-1592.35,OK,-129.005,241.307,-1589.56,OK,-130.196,317.585,-1587.04,,365944012,Port:3,0,1773324666,868826767,Missing,,,,,,,,,4,Missing,,,,Missing,,,,Missing,,,,Missing,,,,,365944012,Port:65535,0,1773324666,868826767,Missing,,,,,,,,,1,OK,-40.7251,199.753,-2011.5,,,,,,,,,,,,,,,,,,,,,,,,,,,,
4,,365944015,Port:1,0,1773324666,918826767,50000000,Enabled,0.667162,0.500852,-0.389923,0.389874,-78.8916,135.569,-1708.99,0.266201,4,OK,-78.8419,135.439,-1709.21,OK,-110.334,101.199,-1690.32,OK,-90.4881,49.9859,-1692.01,OK,-43.5629,87.8141,-1717.23,,365944015,Port:2,0,1773324666,918826767,Enabled,0.930088,0.0314924,0.036099,0.364199,-87.4881,271.275,-1592.35,0.146035,3,OK,-87.3131,271.349,-1592.36,OK,-129.014,241.328,-1589.56,OK,-130.195,317.589,-1586.98,,365944015,Port:3,0,1773324666,918826767,Missing,,,,,,,,,4,Missing,,,,Missing,,,,Missing,,,,Missing,,,,,365944015,Port:65535,0,1773324666,918826767,Missing,,,,,,,,,2,OK,-40.7211,199.775,-2011.47,OK,-63.6082,218.444,-2293.83,,,,,,,,,,,,,,,,,,,,,,,,
4,,365944018,Port:1,0,1773324666,968826767,50000000,Enabled,0.668713,0.494012,-0.401254,0.384409,-81.5884,139.573,-1705.45,0.22954,4,OK,-81.4338,139.445,-1705.66,OK,-114.059,105.939,-1687.4,OK,-95.4502,54.2607,-1688.85,OK,-47.6678,90.994,-1713.26,,365944018,Port:2,0,1773324666,968826767,Enabled,0.930135,0.0311198,0.0355277,0.364167,-87.4892,271.282,-1592.32,0.148926,3,OK,-87.3101,271.354,-1592.33,OK,-129.023,241.334,-1589.58,OK,-130.202,317.61,-1587.02,,365944018,Port:3,0,1773324666,968826767,Missing,,,,,,,,,4,Missing,,,,Missing,,,,Missing,,,,Missing,,,,,365944018,Port:65535,0,1773324666,968826767,Missing,,,,,,,,,1,OK,-40.7225,199.751,-2011.3,,,,,,,,,,,,,,,,,,,,,,,,,,,,
4,,365944021,Port:1,0,1773324667,18826768,50000001,Enabled,0.667942,0.486011,-0.412319,0.384239,-86.999,143.347,-1699.59,0.279958,4,OK,-86.8578,143.205,-1699.86,OK,-120.393,110.296,-1682.12,OK,-102.668,58.3178,-1683.26,OK,-53.7495,94.1888,-1706.55,,365944021,Port:2,0,1773324667,18826768,Enabled,0.930136,0.0312439,0.0354847,0.364158,-87.4914,271.279,-1592.33,0.144563,3,OK,-87.3178,271.352,-1592.35,OK,-129.024,241.338,-1589.6,OK,-130.199,317.598,-1587.02,,365944021,Port:3,0,1773324667,18826768,Missing,,,,,,,,,4,Missing,,,,Missing,,,,Missing,,,,Missing,,,,,365944021,Port:65535,0,1773324667,18826768,Missing,,,,,,,,,1,OK,-40.7373,199.565,-2010.44,,,,,,,,,,,,,,,,,,,,,,,,,,,,
4,,365944024,Port:1,0,1773324667,68826768,50000000,Enabled,0.665523,0.485593,-0.421023,0.379498,-94.9547,144.741,-1690.15,0.174548,4,OK,-94.8179,144.618,-1690.29,OK,-129.016,111.928,-1673.54,OK,-111.891,59.7523,-1674.91,OK,-62.227,95.1926,-1697.54,,365944024,Port:2,0,1773324667,68826768,Enabled,0.930138,0.0311375,0.0355829,0.364154,-87.4892,271.283,-1592.33,0.143408,3,OK,-87.316,271.353,-1592.34,OK,-129.019,241.342,-1589.59,OK,-130.199,317.609,-1587.03,,365944024,Port:3,0,1773324667,68826768,Missing,,,,,,,,,4,Missing,,,,Missing,,,,Missing,,,,Missing,,,,,365944024,Port:65535,0,1773324667,68826768,Missing,,,,,,,,,2,OK,-40.7206,199.503,-2010.08,OK,-63.9143,218.406,-2295.35,,,,,,,,,,,,,,,,,,,,,,,,
4,,365944027,Port:1,0,1773324667,118826768,50000000,Enabled,0.658094,0.488378,-0.430651,0.378074,-102.472,143.22,-1678.8,0.172813,4,OK,-102.323,143.087,-1678.91,OK,-136.911,110.207,-1663.38,OK,-119.919,58.0086,-1665.46,OK,-69.7672,93.7287,-1686.67,,365944027,Port:2,0,1773324667,118826768,Enabled,0.930152,0.0308813,0.0352606,0.364171,-87.492,271.282,-1592.29,0.141443,3,OK,-87.3223,271.352,-1592.3,OK,-129.021,241.34,-1589.57,OK,-130.205,317.608,-1587.03,,365944027,Port:3,0,1773324667,118826768,Missing,,,,,,,,,4,Missing,,,,Missing,,,,Missing,,,,Missing,,,,,365944027,Port:65535,0,1773324667,118826768,Missing,,,,,,,,,2,OK,-40.7119,199.292,-2009.15,OK,-64.292,218.385,-2294.53,,,,,,,,,,,,,,,,,,,,,,,,
4,,365944030,Port:1,0,1773324667,168826768,50000000,Enabled,0.656987,0.489187,-0.432939,0.376334,-107.115,142.151,-1669.06,0.192935,4,OK,-106.963,142.026,-1669.22,OK,-141.669,109.146,-1653.84,OK,-124.838,56.9287,-1656.24,OK,-74.5569,92.6036,-1677.11,,365944030,Port:2,0,1773324667,168826768,Enabled,0.930149,0.0308844,0.0353632,0.364168,-87.4913,271.278,-1592.29,0.142993,3,OK,-87.3187,271.346,-1592.31,OK,-129.021,241.336,-1589.56,OK,-130.205,317.606,-1587.03,,365944030,Port:3,0,1773324667,168826768,Missing,,,,,,,,,4,Missing,,,,Missing,,,,Missing,,,,Missing,,,,,365944030,Port:65535,0,1773324667,168826768,Missing,,,,,,,,,1,OK,-40.7077,199.046,-2008.16,,,,,,,,,,,,,,,,,,,,,,,,,,,,
4,,365944033,Port:1,0,1773324667,218826767,49999999,Enabled,0.650977,0.496017,-0.42982,0.381381,-107.189,140.457,-1665.04,0.216553,4,OK,-107.031,140.338,-1665.23,OK,-141.069,106.645,-1650.08,OK,-123.206,54.7783,-1652.95,OK,-73.6499,91.6516,-1673.42,,365944033,Port:2,0,1773324667,218826767,Enabled,0.930165,0.0308963,0.0351191,0.364149,-87.4916,271.284,-1592.29,0.142705,3,OK,-87.3188,271.35,-1592.3,OK,-129.023,241.342,-1589.58,OK,-130.206,317.617,-1587.03,,365944033,Port:3,0,1773324667,218826767,Missing,,,,,,,,,4,Missing,,,,Missing,,,,Missing,,,,Missing,,,,,365944033,Port:65535,0,1773324667,218826767,Missing,,,,,,,,,1,OK,-40.7016,198.89,-2007.42,,,,,,,,,,,,,,,,,,,,,,,,,,,,
4,,365944036,Port:1,0,1773324667,268826768,50000001,Enabled,0.655619,0.502048,-0.409342,0.388008,-100.037,141.206,-1666.98,0.193351,4,OK,-99.8771,141.081,-1667.13,OK,-132.448,106.668,-1650.49,OK,-113.054,55.3236,-1652.89,OK,-65.2363,93.2922,-1675.52,,365944036,Port:2,0,1773324667,268826768,Enabled,0.930143,0.0310441,0.0355145,0.364155,-87.4879,271.267,-1592.29,0.14409,3,OK,-87.3159,271.34,-1592.3,OK,-129.019,241.324,-1589.55,OK,-130.196,317.593,-1587,,365944036,Port:3,0,1773324667,268826768,Missing,,,,,,,,,4,Missing,,,,Missing,,,,Missing,,,,Missing,,,,,365944036,Port:65535,0,1773324667,268826768,Missing,,,,,,,,,1,OK,-40.6944,198.805,-2007.14,,,,,,,,,,,,,,,,,,,,,,,,,,,,
4,,365944039,Port:1,0,1773324667,318826768,50000000,Enabled,0.66686,0.494844,-0.39687,0.391053,-86.7191,145.716,-1674.34,0.212904,4,OK,-86.568,145.568,-1674.52,OK,-118.756,111.701,-1656.15,OK,-99.2986,60.3276,-1657.26,OK,-51.9853,97.6028,-1681.85,,365944039,Port:2,0,1773324667,318826768,Enabled,0.930128,0.0308158,0.0354754,0.364216,-87.4814,271.255,-1592.3,0.143406,3,OK,-87.3079,271.321,-1592.32,OK,-129.006,241.305,-1589.56,OK,-130.202,317.585,-1587.04,,365944039,Port:3,0,1773324667,318826768,Missing,,,,,,,,,4,Missing,,,,Missing,,,,Missing,,,,Missing,,,,,365944039,Port:65535,0,1773324667,318826768,Missing,,,,,,,,,2,OK,-44.906,192.425,-2254.05,OK,-40.6959,198.802,-2007.11,,,,,,,,,,,,,,,,,,,,,,,,
4,,365944042,Port:1,0,1773324667,368826768,50000000,Enabled,0.68206,0.481529,-0.4105,0.366624,-72.7084,152.773,-1680.89,0.183718,4,OK,-72.5752,152.618,-1681.02,OK,-106.879,121.075,-1662.4,OK,-90.9818,68.4997,-1663.41,OK,-41.3746,102.365,-1688.56,,365944042,Port:2,0,1773324667,368826768,Enabled,0.930131,0.0310084,0.0354094,0.3642,-87.4768,271.252,-1592.33,0.142481,3,OK,-87.3051,271.321,-1592.34,OK,-129.004,241.307,-1589.6,OK,-130.192,317.575,-1587.05,,365944042,Port:3,0,1773324667,368826768,Missing,,,,,,,,,4,Missing,,,,Missing,,,,Missing,,,,Missing,,,,,365944042,Port:65535,0,1773324667,368826768,Missing,,,,,,,,,2,OK,-40.7032,198.799,-2007.01,OK,-44.2925,192.479,-2251.75,,,,,,,,,,,,,,,,,,,,,,,,
4,,365944045,Port:1,0,1773324667,418826768,50000000,Enabled,0.681529,0.480802,-0.405502,0.374053,-72.0426,152.801,-1686.84,0.182116,4,OK,-71.9068,152.649,-1686.97,OK,-105.75,120.798,-1668.07,OK,-89.0833,68.444,-1668.53,OK,-39.9896,102.783,-1693.94,,365944045,Port:2,0,1773324667,418826768,Enabled,0.930125,0.0310453,0.0353687,0.364216,-87.4719,271.251,-1592.31,0.143333,3,OK,-87.2989,271.32,-1592.33,OK,-128.999,241.304,-1589.59,OK,-130.189,317.572,-1587.03,,365944045,Port:3,0,1773324667,418826768,Missing,,,,,,,,,4,Missing,,,,Missing,,,,Missing,,,,Missing,,,,,365944045,Port:65535,0,1773324667,418826768,Missing,,,,,,,,,2,OK,-40.7124,198.784,-2007,OK,-44.299,192.462,-2251.72,,,,,,,,,,,,,,,,,,,,,,,,
4,,365944048,Port:1,0,1773324667,468826767,49999999,Enabled,0.679257,0.481176,-0.39733,0.386276,-75.4387,151.995,-1690.51,0.189201,4,OK,-75.2997,151.835,-1690.65,OK,-108.323,119.363,-1671.37,OK,-90.2784,67.4712,-1671.12,OK,-42.0626,102.758,-1696.87,,365944048,Port:2,0,1773324667,468826767,Enabled,0.930141,0.030723,0.0353946,0.364198,-87.475,271.246,-1592.32,0.143225,3,OK,-87.3029,271.315,-1592.33,OK,-129.003,241.299,-1589.58,OK,-130.192,317.574,-1587.07,,365944048,Port:3,0,1773324667,468826767,Missing,,,,,,,,,4,Missing,,,,Missing,,,,Missing,,,,Missing,,,,,365944048,Port:65535,0,1773324667,468826767,Missing,,,,,,,,,2,OK,-40.7028,198.783,-2007.09,OK,-44.312,192.455,-2252.04,,,,,,,,,,,,,,,,,,,,,,,,
4,,365944051,Port:1,0,1773324667,518826768,50000001,Enabled,0.68187,0.470996,-0.40948,0.381501,-74.9969,155.019,-1692.48,0.176111,4,OK,-74.8586,154.865,-1692.6,OK,-109.122,123.395,-1673.86,OK,-92.5609,71.0087,-1673.09,OK,-42.9283,104.835,-1698.12,,365944051,Port:2,0,1773324667,518826768,Enabled,0.930128,0.0307285,0.035657,0.364208,-87.4764,271.255,-1592.32,0.142473,3,OK,-87.3044,271.323,-1592.33,OK,-129.001,241.31,-1589.56,OK,-130.194,317.581,-1587.06,,365944051,Port:3,0,1773324667,518826768,Missing,,,,,,,,,4,Missing,,,,Missing,,,,Missing,,,,Missing,,,,,365944051,Port:65535,0,1773324667,518826768,Missing,,,,,,,,,2,OK,-40.6854,198.802,-2007.08,OK,-44.2928,192.485,-2251.74,,,,,,,,,,,,,,,,,,,,,,,,
4,,365944054,Port:1,0,1773324667,568826768,50000000,Enabled,0.685234,0.459331,-0.423785,0.373998,-72.3342,157.495,-1695.13,0.183759,4,OK,-72.1851,157.347,-1695.25,OK,-107.931,127.146,-1677.09,OK,-93.2806,74.1992,-1675.91,OK,-41.9532,106.196,-1700.1,,365944054,Port:2,0,1773324667,568826768,Enabled,0.930129,0.0310616,0.0353997,0.364201,-87.4762,271.24,-1592.31,0.142503,3,OK,-87.3034,271.307,-1592.32,OK,-129.003,241.295,-1589.58,OK,-130.193,317.565,-1587.02,,365944054,Port:3,0,1773324667,568826768,Missing,,,,,,,,,4,Missing,,,,Missing,,,,Missing,,,,Missing,,,,,365944054,Port:65535,0,1773324667,568826768,Missing,,,,,,,,,2,OK,-40.6954,198.795,-2007.08,OK,-44.2767,192.477,-2251.69,,,,,,,,,,,,,,,,,,,,,,,,
4,,365944057,Port:1,0,1773324667,618826768,50000000,Enabled,0.686889,0.456693,-0.424199,0.373725,-70.1629,156.158,-1696.86,0.195196,4,OK,-70.0141,156.012,-1697,OK,-105.899,126.032,-1678.68,OK,-91.4865,73.0432,-1677.29,OK,-39.991,104.711,-1701.55,,365944057,Port:2,0,1773324667,618826768,Enabled,0.930155,0.0309566,0.0350291,0.364179,-87.4745,271.238,-1592.31,0.142341,3,OK,-87.3026,271.305,-1592.32,OK,-129.005,241.294,-1589.62,OK,-130.192,317.567,-1587.05,,365944057,Port:3,0,1773324667,618826768,Missing,,,,,,,,,4,Missing,,,,Missing,,,,Missing,,,,Missing,,,,,365944057,Port:65535,0,1773324667,618826768,Missing,,,,,,,,,2,OK,-40.6851,198.785,-2007.06,OK,-44.2812,192.466,-2251.7,,,,,,,,,,,,,,,,,,,,,,,,
4,,365944060,Port:1,0,1773324667,668826768,50000000,Enabled,0.685873,0.459841,-0.426088,0.369559,-68.0806,152.964,-1696.27,0.191882,4,OK,-67.9418,152.822,-1696.42,OK,-103.883,122.805,-1678.3,OK,-89.6811,69.7396,-1677.51,OK,-38.1322,101.438,-1701.56,,365944060,Port:2,0,1773324667,668826768,Enabled,0.93015,0.0306353,0.0352939,0.364194,-87.4726,271.243,-1592.31,0.142153,3,OK,-87.3017,271.311,-1592.33,OK,-129,241.297,-1589.59,OK,-130.191,317.573,-1587.08,,365944060,Port:3,0,1773324667,668826768,Missing,,,,,,,,,4,Missing,,,,Missing,,,,Missing,,,,Missing,,,,,365944060,Port:65535,0,1773324667,668826768,Missing,,,,,,,,,2,OK,-40.701,198.794,-2007,OK,-44.3205,192.454,-2252.43,,,,,,,,,,,,,,,,,,,,,,,,
4,,365944063,Port:1,0,1773324667,718826767,49999999,Enabled,0.688079,0.459779,-0.427492,0.363869,-65.57,150.687,-1695.85,0.184821,4,OK,-65.4406,150.537,-1695.99,OK,-101.585,120.852,-1677.83,OK,-87.9599,67.6328,-1677.29,OK,-36.2282,98.8606,-1701.49,,365944063,Port:2,0,1773324667,718826767,Enabled,0.930106,0.0306884,0.0359752,0.364234,-87.4775,271.239,-1592.34,0.146705,3,OK,-87.3032,271.311,-1592.36,OK,-129.002,241.283,-1589.55,OK,-130.194,317.565,-1587.08,,365944063,Port:3,0,1773324667,718826767,Missing,,,,,,,,,4,Missing,,,,Missing,,,,Missing,,,,Missing,,,,,365944063,Port:65535,0,1773324667,718826767,Missing,,,,,,,,,2,OK,-40.6936,198.777,-2007,OK,-44.3113,192.394,-2254,,,,,,,,,,,,,,,,,,,,,,,,
4,,365944066,Port:1,0,1773324667,768826768,50000001,Enabled,0.691502,0.445144,-0.444787,0.354735,-63.1741,152.809,-1699.29,0.174402,4,OK,-63.0481,152.639,-1699.4,OK,-100.869,124.632,-1682.07,OK,-89.5788,70.8754,-1681.03,OK,-35.981,99.7423,-1704.15,,365944066,Port:2,0,1773324667,768826768,Enabled,0.930146,0.0304425,0.0352824,0.364221,-87.4702,271.232,-1592.29,0.140821,3,OK,-87.3004,271.297,-1592.3,OK,-128.994,241.283,-1589.55,OK,-130.193,317.564,-1587.08,,365944066,Port:3,0,1773324667,768826768,Missing,,,,,,,,,4,Missing,,,,Missing,,,,Missing,,,,Missing,,,,,365944066,Port:65535,0,1773324667,768826768,Missing,,,,,,,,,2,OK,-40.6891,198.777,-2007.02,OK,-44.3201,192.402,-2253.75,,,,,,,,,,,,,,,,,,,,,,,,
4,,365944069,Port:1,0,1773324667,818826768,50000000,Enabled,0.690851,0.409523,-0.48169,0.3507,-61.6505,158.787,-1708.31,0.170247,4,OK,-61.535,158.602,-1708.39,OK,-102.383,133.645,-1693.47,OK,-94.9971,79.2903,-1690.7,OK,-37.9715,103.876,-1710.28,,365944069,Port:2,0,1773324667,818826768,Enabled,0.930096,0.0311127,0.0357702,0.364245,-87.4725,271.236,-1592.33,0.143606,3,OK,-87.3007,271.305,-1592.35,OK,-128.993,241.28,-1589.57,OK,-130.19,317.562,-1587.03,,365944069,Port:3,0,1773324667,818826768,Missing,,,,,,,,,4,Missing,,,,Missing,,,,Missing,,,,Missing,,,,,365944069,Port:65535,0,1773324667,818826768,Missing,,,,,,,,,2,OK,-40.692,198.803,-2007.09,OK,-44.3029,192.474,-2252.18,,,,,,,,,,,,,,,,,,,,,,,,
4,,365944072,Port:1,0,1773324667,868826768,50000000,Enabled,0.684628,0.372196,-0.5235,0.344533,-58.5635,165.869,-1718.14,0.16686,4,OK,-58.4449,165.691,-1718.2,OK,-102.17,143.99,-1706.63,OK,-99.1236,89.3234,-1702.79,OK,-38.9785,109.336,-1717.66,,365944072,Port:2,0,1773324667,868826768,Enabled,0.930128,0.0309835,0.035115,0.364237,-87.4683,271.234,-1592.31,0.144621,3,OK,-87.2964,271.308,-1592.33,OK,-128.998,241.283,-1589.61,OK,-130.187,317.552,-1587.05,,365944072,Port:3,0,1773324667,868826768,Missing,,,,,,,,,4,Missing,,,,Missing,,,,Missing,,,,Missing,,,,,365944072,Port:65535,0,1773324667,868826768,Missing,,,,,,,,,2,OK,-40.679,198.799,-2007.11,OK,-44.2746,192.48,-2251.8,,,,,,,,,,,,,,,,,,,,,,,,
4,,365944075,Port:1,0,1773324667,918826768,50000000,Enabled,0.681473,0.344836,-0.548483,0.340366,-53.6049,172.358,-1725.85,0.160478,4,OK,-53.5004,172.174,-1725.9,OK,-98.8067,152.877,-1716.44,OK,-98.7607,98.1948,-1711.77,OK,-37.0103,114.918,-1723.63,,365944075,Port:2,0,1773324667,918826768,Enabled,0.930155,0.0308541,0.0350956,0.364181,-87.4723,271.235,-1592.29,0.141638,3,OK,-87.3021,271.304,-1592.3,OK,-129.002,241.292,-1589.59,OK,-130.188,317.562,-1587.04,,365944075,Port:3,0,1773324667,918826768,Missing,,,,,,,,,4,Missing,,,,Missing,,,,Missing,,,,Missing,,,,,365944075,Port:65535,0,1773324667,918826768,Missing,,,,,,,,,3,OK,-40.4807,198.798,-2006.49,OK,-44.2806,192.463,-2251.76,OK,-64.0964,218.205,-2302.12,,,,,,,,,,,,,,,,,,,,
4,,365944078,Port:1,0,1773324667,968826767,49999999,Enabled,0.689067,0.333291,-0.549959,0.334139,-48.1617,176.915,-1729.83,0.145313,4,OK,-48.0616,176.746,-1729.84,OK,-93.8438,158.802,-1720.09,OK,-95.296,104.193,-1714.62,OK,-33.1332,119.071,-1726.92,,365944078,Port:2,0,1773324667,968826767,Enabled,0.930117,0.0311794,0.035721,0.36419,-87.4694,271.238,-1592.34,0.144512,3,OK,-87.2949,271.306,-1592.35,OK,-128.996,241.29,-1589.58,OK,-130.183,317.564,-1587.02,,365944078,Port:3,0,1773324667,968826767,Missing,,,,,,,,,4,Missing,,,,Missing,,,,Missing,,,,Missing,,,,,365944078,Port:65535,0,1773324667,968826767,Missing,,,,,,,,,2,OK,-44.2757,192.482,-2251.76,OK,-64.0471,218.232,-2299,,,,,,,,,,,,,,,,,,,,,,,,
4,,365944081,Port:1,0,1773324668,18826768,50000001,Enabled,0.700349,0.329264,-0.540715,0.329732,-44.5715,179.373,-1731.31,0.154733,4,OK,-44.4819,179.18,-1731.32,OK,-90.1993,161.957,-1720.13,OK,-92.1433,107.461,-1713.86,OK,-30.1502,121.408,-1727.93,,365944081,Port:2,0,1773324668,18826768,Enabled,0.930128,0.0309173,0.0352569,0.36423,-87.4688,271.233,-1592.31,0.140511,3,OK,-87.3011,271.302,-1592.32,OK,-128.993,241.282,-1589.59,OK,-130.187,317.557,-1587.04,,365944081,Port:3,0,1773324668,18826768,Missing,,,,,,,,,4,Missing,,,,Missing,,,,Missing,,,,Missing,,,,,365944081,Port:65535,0,1773324668,18826768,Missing,,,,,,,,,2,OK,-44.2746,192.448,-2251.64,OK,-64.0748,218.231,-2297.98,,,,,,,,,,,,,,,,,,,,,,,,
4,,365944084,Port:1,0,1773324668,68826768,50000000,Enabled,0.700581,0.325487,-0.541994,0.330887,-43.4137,179.884,-1732.18,0.158584,4,OK,-43.3162,179.695,-1732.2,OK,-89.1592,162.682,-1721.12,OK,-91.3297,108.24,-1714.55,OK,-29.2022,121.894,-1728.4,,365944084,Port:2,0,1773324668,68826768,Enabled,0.930131,0.0310713,0.0351799,0.364217,-87.4671,271.236,-1592.32,0.139854,3,OK,-87.2983,271.304,-1592.34,OK,-128.992,241.292,-1589.62,OK,-130.185,317.558,-1587.05,,365944084,Port:3,0,1773324668,68826768,Missing,,,,,,,,,4,Missing,,,,Missing,,,,Missing,,,,Missing,,,,,365944084,Port:65535,0,1773324668,68826768,Missing,,,,,,,,,2,OK,-44.2663,192.475,-2251.72,OK,-64.0568,218.25,-2297.71,,,,,,,,,,,,,,,,,,,,,,,,
4,,365944087,Port:1,0,1773324668,118826768,50000000,Enabled,0.696199,0.32439,-0.549935,0.328099,-42.0768,180.165,-1731.84,0.15412,4,OK,-41.9832,179.984,-1731.88,OK,-88.1021,163.204,-1721.61,OK,-90.7677,108.708,-1715.62,OK,-28.3499,122.03,-1728.4,,365944087,Port:2,0,1773324668,118826768,Enabled,0.930114,0.0308083,0.0355858,0.364241,-87.4685,271.24,-1592.31,0.140152,3,OK,-87.3007,271.308,-1592.32,OK,-128.989,241.29,-1589.56,OK,-130.187,317.562,-1587.05,,365944087,Port:3,0,1773324668,118826768,Missing,,,,,,,,,4,Missing,,,,Missing,,,,Missing,,,,Missing,,,,,365944087,Port:65535,0,1773324668,118826768,Missing,,,,,,,,,2,OK,-44.2741,192.47,-2251.65,OK,-64.0508,218.251,-2297.73,,,,,,,,,,,,,,,,,,,,,,,,
4,,365944090,Port:1,0,1773324668,168826768,50000000,Enabled,0.697245,0.325108,-0.547608,0.329059,-40.9067,180.036,-1731.63,0.153994,4,OK,-40.8129,179.856,-1731.66,OK,-86.8396,162.962,-1721.17,OK,-89.3206,108.475,-1715.04,OK,-26.988,121.949,-1728.11,,365944090,Port:2,0,1773324668,168826768,Enabled,0.930129,0.0309818,0.0352762,0.36422,-87.4695,271.229,-1592.31,0.141724,3,OK,-87.2973,271.295,-1592.33,OK,-128.995,241.284,-1589.59,OK,-130.19,317.552,-1587.04,,365944090,Port:3,0,1773324668,168826768,Missing,,,,,,,,,4,Missing,,,,Missing,,,,Missing,,,,Missing,,,,,365944090,Port:65535,0,1773324668,168826768,Missing,,,,,,,,,2,OK,-44.2845,192.451,-2251.6,OK,-64.0573,218.23,-2297.76,,,,,,,,,,,,,,,,,,,,,,,,
4,,365944093,Port:1,0,1773324668,218826767,49999999,Enabled,0.697478,0.32916,-0.544722,0.329325,-40.1897,179.423,-1730.69,0.149194,4,OK,-40.086,179.251,-1730.68,OK,-85.9459,162.016,-1720.02,OK,-88.0207,107.485,-1713.97,OK,-25.8719,121.413,-1727.49,,365944093,Port:2,0,1773324668,218826767,Enabled,0.930131,0.0305555,0.0356578,0.364212,-87.4714,271.241,-1592.32,0.144578,3,OK,-87.2988,271.31,-1592.33,OK,-128.996,241.288,-1589.55,OK,-130.19,317.575,-1587.08,,365944093,Port:3,0,1773324668,218826767,Missing,,,,,,,,,4,Missing,,,,Missing,,,,Missing,,,,Missing,,,,,365944093,Port:65535,0,1773324668,218826767,Missing,,,,,,,,,2,OK,-44.2865,192.422,-2251.7,OK,-64.0623,218.231,-2298.05,,,,,,,,,,,,,,,,,,,,,,,,
4,,365944096,Port:1,0,1773324668,268826768,50000001,Enabled,0.698845,0.333752,-0.540192,0.329268,-39.3062,178.357,-1729.06,0.153379,4,OK,-39.205,178.187,-1729.1,OK,-84.8117,160.601,-1717.88,OK,-86.4492,106.04,-1712.05,OK,-24.554,120.443,-1726.12,,365944096,Port:2,0,1773324668,268826768,Enabled,0.930164,0.0310096,0.0349596,0.364158,-87.4701,271.235,-1592.31,0.139368,3,OK,-87.2998,271.298,-1592.32,OK,-128.999,241.297,-1589.62,OK,-130.187,317.565,-1587.05,,365944096,Port:3,0,1773324668,268826768,Missing,,,,,,,,,4,Missing,,,,Missing,,,,Missing,,,,Missing,,,,,365944096,Port:65535,0,1773324668,268826768,Missing,,,,,,,,,3,OK,-40.9334,198.685,-2006.08,OK,-44.2852,192.318,-2251.9,OK,-64.0844,218.204,-2298.66,,,,,,,,,,,,,,,,,,,,
4,,365944099,Port:1,0,1773324668,318826768,50000000,Enabled,0.701343,0.339647,-0.535008,0.326381,-38.0993,177.378,-1727.14,0.150498,4,OK,-37.9932,177.212,-1727.17,OK,-83.3489,159.362,-1715.38,OK,-84.6829,104.751,-1709.83,OK,-23.0597,119.515,-1724.83,,365944099,Port:2,0,1773324668,318826768,Enabled,0.930137,0.0310079,0.0352019,0.364205,-87.468,271.229,-1592.32,0.139647,3,OK,-87.2977,271.293,-1592.34,OK,-128.993,241.286,-1589.61,OK,-130.188,317.555,-1587.05,,365944099,Port:3,0,1773324668,318826768,Missing,,,,,,,,,4,Missing,,,,Missing,,,,Missing,,,,Missing,,,,,365944099,Port:65535,0,1773324668,318826768,Missing,,,,,,,,,3,OK,-40.818,198.626,-2005.67,OK,-44.2934,192.239,-2251.94,OK,-64.0902,218.191,-2299.18,,,,,,,,,,,,,,,,,,,,
4,,365944102,Port:1,0,1773324668,368826768,50000000,Enabled,0.70193,0.34183,-0.532114,0.32757,-37.851,176.779,-1726.86,0.153177,4,OK,-37.7459,176.608,-1726.9,OK,-82.9449,158.523,-1714.84,OK,-83.9259,103.907,-1709.28,OK,-22.4756,118.997,-1724.59,,365944102,Port:2,0,1773324668,368826768,Enabled,0.930142,0.0308344,0.0353454,0.364191,-87.4672,271.241,-1592.31,0.145609,3,OK,-87.2924,271.312,-1592.33,OK,-128.998,241.293,-1589.58,OK,-130.184,317.569,-1587.06,,365944102,Port:3,0,1773324668,368826768,Missing,,,,,,,,,4,Missing,,,,Missing,,,,Missing,,,,Missing,,,,,365944102,Port:65535,0,1773324668,368826768,Missing,,,,,,,,,3,OK,-40.8402,198.598,-2005.51,OK,-44.3074,192.202,-2252,OK,-64.0707,218.216,-2299.44,,,,,,,,,,,,,,,,,,,,
4,,365944105,Port:1,0,1773324668,418826768,50000000,Enabled,0.700607,0.339967,-0.534193,0.328952,-37.3123,176.643,-1727.25,0.152268,4,OK,-37.2146,176.46,-1727.23,OK,-82.49,158.442,-1715.56,OK,-83.54,103.832,-1709.79,OK,-21.9876,118.859,-1724.82,,365944105,Port:2,0,1773324668,418826768,Enabled,0.930126,0.030696,0.0354633,0.364234,-87.4677,271.232,-1592.3,0.14348,3,OK,-87.2959,271.302,-1592.31,OK,-128.993,241.281,-1589.55,OK,-130.188,317.557,-1587.05,,365944105,Port:3,0,1773324668,418826768,Missing,,,,,,,,,4,Missing,,,,Missing,,,,Missing,,,,Missing,,,,,365944105,Port:65535,0,1773324668,418826768,Missing,,,,,,,,,3,OK,-40.7995,198.554,-2005.29,OK,-44.3005,192.143,-2252.07,OK,-64.0731,218.187,-2299.4,,,,,,,,,,,,,,,,,,,,
4,,365944108,Port:1,0,1773324668,468826767,49999999,Enabled,0.700152,0.340212,-0.536054,0.326632,-35.9883,177.03,-1726.98,0.151101,4,OK,-35.8896,176.86,-1727.03,OK,-81.2418,158.943,-1715.36,OK,-82.5276,104.328,-1709.96,OK,-20.9084,119.175,-1724.73,,365944108,Port:2,0,1773324668,468826767,Enabled,0.930162,0.0306375,0.0349943,0.364191,-87.4693,271.229,-1592.28,0.139359,3,OK,-87.299,271.291,-1592.29,OK,-128.996,241.288,-1589.58,OK,-130.192,317.562,-1587.06,,365944108,Port:3,0,1773324668,468826767,Missing,,,,,,,,,4,Missing,,,,Missing,,,,Missing,,,,Missing,,,,,365944108,Port:65535,0,1773324668,468826767,Missing,,,,,,,,,3,OK,-40.7115,198.566,-2004.79,OK,-44.3058,192.143,-2252.08,OK,-64.0797,218.196,-2299.43,,,,,,,,,,,,,,,,,,,,
4,,365944111,Port:1,0,1773324668,518826768,50000001,Enabled,0.701996,0.340728,-0.532472,0.327995,-36.066,177.248,-1727.24,0.164794,4,OK,-35.9635,177.067,-1727.3,OK,-81.1887,159.04,-1715.24,OK,-82.2394,104.46,-1709.61,OK,-20.7353,119.468,-1724.84,,365944111,Port:2,0,1773324668,518826768,Enabled,0.93016,0.0305827,0.0350186,0.364198,-87.4649,271.235,-1592.27,0.143524,3,OK,-87.2899,271.299,-1592.29,OK,-128.995,241.291,-1589.57,OK,-130.189,317.567,-1587.06,,365944111,Port:3,0,1773324668,518826768,Missing,,,,,,,,,4,Missing,,,,Missing,,,,Missing,,,,Missing,,,,,365944111,Port:65535,0,1773324668,518826768,Missing,,,,,,,,,3,OK,-40.7093,198.438,-2004.26,OK,-44.3174,191.985,-2252.06,OK,-64.0532,218.189,-2299.41,,,,,,,,,,,,,,,,,,,,
4,,365944114,Port:1,0,1773324668,568826768,50000000,Enabled,0.700815,0.343339,-0.529487,0.332596,-37.8157,176.614,-1726.98,0.145897,4,OK,-37.7115,176.452,-1727,OK,-82.6918,157.899,-1714.91,OK,-83.0769,103.304,-1709.07,OK,-21.7971,119.017,-1724.48,,365944114,Port:2,0,1773324668,568826768,Enabled,0.930098,0.0311076,0.0358738,0.364231,-87.4697,271.235,-1592.35,0.145422,3,OK,-87.2953,271.306,-1592.36,OK,-128.994,241.282,-1589.57,OK,-130.185,317.557,-1587.03,,365944114,Port:3,0,1773324668,568826768,Missing,,,,,,,,,4,Missing,,,,Missing,,,,Missing,,,,Missing,,,,,365944114,Port:65535,0,1773324668,568826768,Missing,,,,,,,,,3,OK,-40.8067,198.349,-2004.49,OK,-44.3298,191.889,-2252.1,OK,-64.0854,218.18,-2299.66,,,,,,,,,,,,,,,,,,,,
4,,365944117,Port:1,0,1773324668,618826768,50000000,Enabled,0.700692,0.349297,-0.523977,0.335366,-39.3936,175.641,-1725.96,0.152669,4,OK,-39.2978,175.463,-1726.01,OK,-83.8823,156.287,-1713.45,OK,-83.4306,101.675,-1707.79,OK,-22.5496,118.27,-1723.7,,365944117,Port:2,0,1773324668,618826768,Enabled,0.930157,0.0308667,0.0351302,0.364172,-87.4735,271.236,-1592.31,0.143727,3,OK,-87.3005,271.304,-1592.32,OK,-129.005,241.29,-1589.61,OK,-130.19,317.569,-1587.06,,365944117,Port:3,0,1773324668,618826768,Missing,,,,,,,,,4,Missing,,,,Missing,,,,Missing,,,,Missing,,,,,365944117,Port:65535,0,1773324668,618826768,Missing,,,,,,,,,3,OK,-40.9144,198.282,-2004.81,OK,-44.3556,191.815,-2252.36,OK,-64.1094,218.181,-2300.04,,,,,,,,,,,,,,,,,,,,
4,,365944120,Port:1,0,1773324668,668826768,50000000,Enabled,0.701575,0.353376,-0.519283,0.336545,-40.5439,174.97,-1725.35,0.154809,4,OK,-40.4519,174.787,-1725.4,OK,-84.7522,155.224,-1712.44,OK,-83.7761,100.626,-1706.82,OK,-23.1667,117.741,-1723.3,,365944120,Port:2,0,1773324668,668826768,Enabled,0.930114,0.0309364,0.0357335,0.364218,-87.4741,271.247,-1592.35,0.145951,3,OK,-87.3006,271.321,-1592.37,OK,-129.001,241.295,-1589.59,OK,-130.188,317.57,-1587.07,,365944120,Port:3,0,1773324668,668826768,Missing,,,,,,,,,4,Missing,,,,Missing,,,,Missing,,,,Missing,,,,,365944120,Port:65535,0,1773324668,668826768,Missing,,,,,,,,,3,OK,-41.048,198.185,-2004.87,OK,-44.3715,191.705,-2252.46,OK,-64.1111,218.129,-2300.67,,,,,,,,,,,,,,,,,,,,
4,,365944123,Port:1,0,1773324668,718826767,49999999,Enabled,0.698396,0.353855,-0.522394,0.337837,-41.7597,174.356,-1725.25,0.163583,4,OK,-41.6567,174.186,-1725.33,OK,-86.0281,154.461,-1712.74,OK,-84.9759,99.8372,-1707.37,OK,-24.2797,117.16,-1723.24,,365944123,Port:2,0,1773324668,718826767,Enabled,0.930127,0.0308718,0.035252,0.364235,-87.4682,271.235,-1592.32,0.144142,3,OK,-87.2958,271.304,-1592.34,OK,-128.995,241.281,-1589.6,OK,-130.189,317.562,-1587.07,,365944123,Port:3,0,1773324668,718826767,Missing,,,,,,,,,4,Missing,,,,Missing,,,,Missing,,,,Missing,,,,,365944123,Port:65535,0,1773324668,718826767,Missing,,,,,,,,,2,OK,-44.3784,191.68,-2252.36,OK,-64.1104,218.108,-2301.98,,,,,,,,,,,,,,,,,,,,,,,,
4,,365944126,Port:1,0,1773324668,768826768,50000001,Enabled,0.697103,0.356233,-0.522406,0.337991,-42.6424,173.552,-1724.59,0.164371,4,OK,-42.538,173.378,-1724.66,OK,-86.8429,153.447,-1712.17,OK,-85.5969,98.8108,-1707.01,OK,-24.9473,116.415,-1722.83,,365944126,Port:2,0,1773324668,768826768,Enabled,0.930144,0.0307317,0.0353844,0.364191,-87.4698,271.236,-1592.3,0.142914,3,OK,-87.2942,271.3,-1592.31,OK,-128.997,241.296,-1589.56,OK,-130.191,317.565,-1587.05,,365944126,Port:3,0,1773324668,768826768,Missing,,,,,,,,,4,Missing,,,,Missing,,,,Missing,,,,Missing,,,,,365944126,Port:65535,0,1773324668,768826768,Missing,,,,,,,,,2,OK,-44.3685,191.698,-2252.31,OK,-64.0895,218.087,-2303.51,,,,,,,,,,,,,,,,,,,,,,,,
4,,365944129,Port:1,0,1773324668,818826768,50000000,Enabled,0.696373,0.360081,-0.519128,0.340459,-43.6396,172.482,-1723.93,0.153124,4,OK,-43.5478,172.301,-1723.98,OK,-87.56,151.914,-1711.35,OK,-85.7306,97.2899,-1706.22,OK,-25.3578,115.524,-1722.33,,365944129,Port:2,0,1773324668,818826768,Enabled,0.930122,0.0306752,0.0357047,0.364221,-87.4712,271.239,-1592.32,0.146946,3,OK,-87.2934,271.309,-1592.33,OK,-128.999,241.29,-1589.55,OK,-130.191,317.564,-1587.06,,365944129,Port:3,0,1773324668,818826768,Missing,,,,,,,,,4,Missing,,,,Missing,,,,Missing,,,,Missing,,,,,365944129,Port:65535,0,1773324668,818826768,Missing,,,,,,,,,1,OK,-44.3624,191.684,-2252.37,,,,,,,,,,,,,,,,,,,,,,,,,,,,
4,,365944132,Port:1,0,1773324668,868826768,50000000,Enabled,0.696255,0.362331,-0.516766,0.341903,-43.9934,171.575,-1723.09,0.163991,4,OK,-43.8816,171.418,-1723.17,OK,-87.741,150.726,-1710.32,OK,-85.5771,96.1047,-1705.25,OK,-25.3567,114.737,-1721.54,,365944132,Port:2,0,1773324668,868826768,Enabled,0.930128,0.0312978,0.0352316,0.364198,-87.4734,271.236,-1592.32,0.144735,3,OK,-87.2977,271.304,-1592.33,OK,-129.003,241.29,-1589.61,OK,-130.191,317.56,-1587.01,,365944132,Port:3,0,1773324668,868826768,Missing,,,,,,,,,4,Missing,,,,Missing,,,,Missing,,,,Missing,,,,,365944132,Port:65535,0,1773324668,868826768,Missing,,,,,,,,,1,OK,-44.366,191.686,-2252.41,,,,,,,,,,,,,,,,,,,,,,,,,,,,
4,,365944135,Port:1,0,1773324668,918826768,50000000,Enabled,0.69547,0.364679,-0.516617,0.341229,-43.8033,170.961,-1722.26,0.160903,4,OK,-43.6992,170.781,-1722.31,OK,-87.489,149.967,-1709.54,OK,-85.1891,95.3392,-1704.67,OK,-25.0435,114.163,-1721,,365944135,Port:2,0,1773324668,918826768,Enabled,0.930149,0.0308472,0.0351073,0.364196,-87.4696,271.241,-1592.29,0.138188,3,OK,-87.303,271.308,-1592.31,OK,-128.995,241.3,-1589.59,OK,-130.186,317.564,-1587.05,,365944135,Port:3,0,1773324668,918826768,Missing,,,,,,,,,4,Missing,,,,Missing,,,,Missing,,,,Missing,,,,,365944135,Port:65535,0,1773324668,918826768,Missing,,,,,,,,,1,OK,-44.3801,191.701,-2252.42,,,,,,,,,,,,,,,,,,,,,,,,,,,,
4,,365944138,Port:1,0,1773324668,968826767,49999999,Enabled,0.696188,0.365468,-0.513629,0.343426,-43.5798,170.611,-1721.95,0.150675,4,OK,-43.4793,170.447,-1722.01,OK,-87.0933,149.426,-1708.99,OK,-84.4732,94.8187,-1703.93,OK,-24.5045,113.91,-1720.56,,365944138,Port:2,0,1773324668,968826767,Enabled,0.930136,0.0310271,0.0351086,0.364214,-87.4672,271.243,-1592.32,0.145543,3,OK,-87.292,271.315,-1592.33,OK,-129,241.298,-1589.62,OK,-130.185,317.562,-1587.05,,365944138,Port:3,0,1773324668,968826767,Missing,,,,,,,,,4,Missing,,,,Missing,,,,Missing,,,,Missing,,,,,365944138,Port:65535,0,1773324668,968826767,Missing,,,,,,,,,1,OK,-44.3712,191.696,-2252.36,,,,,,,,,,,,,,,,,,,,,,,,,,,,
4,,365944141,Port:1,0,1773324669,18826764,49999997,Enabled,0.696796,0.367794,-0.511207,0.343322,-43.6321,170.5,-1721.91,0.153632,4,OK,-43.54,170.323,-1721.97,OK,-86.9946,149.145,-1708.74,OK,-84.1529,94.5475,-1703.75,OK,-24.3341,113.868,-1720.7,,365944141,Port:2,0,1773324669,18826764,Enabled,0.93014,0.031196,0.0351231,0.364187,-87.4686,271.235,-1592.31,0.141379,3,OK,-87.2988,271.305,-1592.32,OK,-128.998,241.291,-1589.61,OK,-130.182,317.557,-1587.02,,365944141,Port:3,0,1773324669,18826764,Missing,,,,,,,,,4,Missing,,,,Missing,,,,Missing,,,,Missing,,,,,365944141,Port:65535,0,1773324669,18826764,Missing,,,,,,,,,1,OK,-44.3691,191.671,-2252.42,,,,,,,,,,,,,,,,,,,,,,,,,,,,
4,,365944144,Port:1,0,1773324669,68826765,50000001,Enabled,0.696058,0.367344,-0.511148,0.345382,-44.3009,170.596,-1722.63,0.156909,4,OK,-44.2006,170.421,-1722.68,OK,-87.6345,149.136,-1709.51,OK,-84.6468,94.5621,-1704.39,OK,-24.8397,114.03,-1721.24,,365944144,Port:2,0,1773324669,68826765,Enabled,0.930106,0.0310582,0.0356157,0.36424,-87.4734,271.24,-1592.34,0.143921,3,OK,-87.3012,271.31,-1592.35,OK,-128.997,241.286,-1589.59,OK,-130.191,317.562,-1587.05,,365944144,Port:3,0,1773324669,68826765,Missing,,,,,,,,,4,Missing,,,,Missing,,,,Missing,,,,Missing,,,,,365944144,Port:65535,0,1773324669,68826765,Missing,,,,,,,,,1,OK,-44.3709,191.638,-2252.43,,,,,,,,,,,,,,,,,,,,,,,,,,,,
4,,365944147,Port:1,0,1773324669,118826765,50000000,Enabled,0.695764,0.366834,-0.510184,0.347935,-45.0384,170.756,-1723.42,0.157973,4,OK,-44.9335,170.583,-1723.48,OK,-88.3073,149.177,-1710.26,OK,-85.0965,94.6318,-1704.95,OK,-25.3649,114.27,-1721.79,,365944147,Port:2,0,1773324669,118826765,Enabled,0.930109,0.0309205,0.0356166,0.364242,-87.4714,271.239,-1592.33,0.14059,3,OK,-87.3017,271.306,-1592.34,OK,-128.992,241.291,-1589.57,OK,-130.191,317.562,-1587.05,,365944147,Port:3,0,1773324669,118826765,Missing,,,,,,,,,4,Missing,,,,Missing,,,,Missing,,,,Missing,,,,,365944147,Port:65535,0,1773324669,118826765,Missing,,,,,,,,,1,OK,-44.3615,191.662,-2252.49,,,,,,,,,,,,,,,,,,,,,,,,,,,,
4,,365944150,Port:1,0,1773324669,168826765,50000000,Enabled,0.696328,0.36557,-0.511108,0.346777,-44.7894,171.099,-1723.8,0.153168,4,OK,-44.6886,170.924,-1723.85,OK,-88.148,149.694,-1710.69,OK,-85.1652,95.1433,-1705.33,OK,-25.3415,114.537,-1722.15,,365944150,Port:2,0,1773324669,168826765,Enabled,0.930172,0.0307538,0.0349986,0.364155,-87.4701,271.23,-1592.3,0.137643,3,OK,-87.304,271.293,-1592.31,OK,-128.997,241.289,-1589.61,OK,-130.186,317.566,-1587.07,,365944150,Port:3,0,1773324669,168826765,Missing,,,,,,,,,4,Missing,,,,Missing,,,,Missing,,,,Missing,,,,,365944150,Port:65535,0,1773324669,168826765,Missing,,,,,,,,,1,OK,-44.3745,191.647,-2252.44,,,,,,,,,,,,,,,,,,,,,,,,,,,,
4,,365944153,Port:1,0,1773324669,218826764,49999999,Enabled,0.695275,0.363926,-0.514155,0.346114,-44.6437,171.148,-1724.37,0.165624,4,OK,-44.5345,170.981,-1724.45,OK,-88.1692,149.899,-1711.51,OK,-85.4552,95.3264,-1706.25,OK,-25.4299,114.51,-1722.65,,365944153,Port:2,0,1773324669,218826764,Enabled,0.930118,0.0311092,0.0354842,0.364216,-87.4705,271.242,-1592.34,0.142509,3,OK,-87.2997,271.312,-1592.35,OK,-128.996,241.293,-1589.6,OK,-130.185,317.563,-1587.04,,365944153,Port:3,0,1773324669,218826764,Missing,,,,,,,,,4,Missing,,,,Missing,,,,Missing,,,,Missing,,,,,365944153,Port:65535,0,1773324669,218826764,Missing,,,,,,,,,1,OK,-44.3743,191.651,-2252.4,,,,,,,,,,,,,,,,,,,,,,,,,,,,
4,,365944156,Port:1,0,1773324669,268826764,50000000,Enabled,0.694678,0.364283,-0.51516,0.345444,-44.8541,170.629,-1724.09,0.165377,4,OK,-44.75,170.465,-1724.18,OK,-88.4133,149.396,-1711.32,OK,-85.7454,94.8029,-1706.22,OK,-25.699,113.963,-1722.47,,365944156,Port:2,0,1773324669,268826764,Enabled,0.930148,0.0309397,0.0350752,0.364193,-87.4698,271.241,-1592.3,0.140458,3,OK,-87.3015,271.309,-1592.32,OK,-128.998,241.296,-1589.6,OK,-130.186,317.566,-1587.05,,365944156,Port:3,0,1773324669,268826764,Missing,,,,,,,,,4,Missing,,,,Missing,,,,Missing,,,,Missing,,,,,365944156,Port:65535,0,1773324669,268826764,Missing,,,,,,,,,1,OK,-44.3795,191.638,-2252.33,,,,,,,,,,,,,,,,,,,,,,,,,,,,
4,,365944159,Port:1,0,1773324669,318826765,50000001,Enabled,0.694742,0.367326,-0.511917,0.346909,-45.7804,169.44,-1723.57,0.159608,4,OK,-45.6703,169.263,-1723.62,OK,-89.1116,147.873,-1710.62,OK,-86.0068,93.3046,-1705.46,OK,-26.1884,112.931,-1722.12,,365944159,Port:2,0,1773324669,318826765,Enabled,0.930131,0.0308738,0.0352845,0.364222,-87.4699,271.236,-1592.31,0.141208,3,OK,-87.2996,271.302,-1592.32,OK,-128.994,241.288,-1589.59,OK,-130.19,317.562,-1587.05,,365944159,Port:3,0,1773324669,318826765,Missing,,,,,,,,,4,Missing,,,,Missing,,,,Missing,,,,Missing,,,,,365944159,Port:65535,0,1773324669,318826765,Missing,,,,,,,,,1,OK,-44.3591,191.66,-2252.57,,,,,,,,,,,,,,,,,,,,,,,,,,,,
4,,365944162,Port:1,0,1773324669,368826765,50000000,Enabled,0.694966,0.368765,-0.511329,0.3458,-45.8203,168.758,-1723.02,0.160186,4,OK,-45.7094,168.581,-1723.06,OK,-89.1099,147.148,-1710,OK,-85.9813,92.5683,-1704.99,OK,-26.2112,112.251,-1721.77,,365944162,Port:2,0,1773324669,368826765,Enabled,0.930122,0.0307154,0.0356612,0.364222,-87.4704,271.244,-1592.34,0.14354,3,OK,-87.2961,271.311,-1592.36,OK,-128.995,241.297,-1589.58,OK,-130.191,317.57,-1587.09,,365944162,Port:3,0,1773324669,368826765,Missing,,,,,,,,,4,Missing,,,,Missing,,,,Missing,,,,Missing,,,,,365944162,Port:65535,0,1773324669,368826765,Missing,,,,,,,,,1,OK,-44.3628,191.643,-2252.43,,,,,,,,,,,,,,,,,,,,,,,,,,,,
4,,365944165,Port:1,0,1773324669,418826765,50000000,Enabled,0.693749,0.367905,-0.51413,0.345005,-45.5123,168.588,-1723.06,0.15062,4,OK,-45.4087,168.416,-1723.09,OK,-88.9333,147.088,-1710.32,OK,-85.9966,92.4873,-1705.42,OK,-26.1008,112.004,-1721.85,,365944165,Port:2,0,1773324669,418826765,Enabled,0.930137,0.0308488,0.0352995,0.364207,-87.4713,271.238,-1592.32,0.143354,3,OK,-87.2983,271.306,-1592.33,OK,-128.999,241.29,-1589.59,OK,-130.19,317.565,-1587.06,,365944165,Port:3,0,1773324669,418826765,Missing,,,,,,,,,4,Missing,,,,Missing,,,,Missing,,,,Missing,,,,,365944165,Port:65535,0,1773324669,418826765,Missing,,,,,,,,,1,OK,-44.3667,191.639,-2252.44,,,,,,,,,,,,,,,,,,,,,,,,,,,,
4,,365944168,Port:1,0,1773324669,468826764,49999999,Enabled,0.693172,0.367442,-0.515002,0.34536,-45.2951,168.439,-1723.24,0.160361,4,OK,-45.1965,168.265,-1723.31,OK,-88.7498,146.949,-1710.57,OK,-85.8409,92.3504,-1705.73,OK,-25.8938,111.849,-1721.96,,365944168,Port:2,0,1773324669,468826764,Enabled,0.930133,0.0309317,0.035441,0.364196,-87.4706,271.233,-1592.31,0.144047,3,OK,-87.2954,271.3,-1592.32,OK,-128.999,241.289,-1589.57,OK,-130.188,317.558,-1587.03,,365944168,Port:3,0,1773324669,468826764,Missing,,,,,,,,,4,Missing,,,,Missing,,,,Missing,,,,Missing,,,,,365944168,Port:65535,0,1773324669,468826764,Missing,,,,,,,,,1,OK,-44.3811,191.63,-2252.36,,,,,,,,,,,,,,,,,,,,,,,,,,,,
4,,365944171,Port:1,0,1773324669,518826764,50000000,Enabled,0.694837,0.366502,-0.513885,0.344673,-44.6081,168.642,-1723.43,0.162932,4,OK,-44.5042,168.464,-1723.49,OK,-88.0755,147.284,-1710.57,OK,-85.2738,92.687,-1705.59,OK,-25.3274,112.019,-1722.07,,365944171,Port:2,0,1773324669,518826764,Enabled,0.930143,0.0306823,0.0353405,0.364203,-87.4662,271.236,-1592.31,0.14307,3,OK,-87.294,271.303,-1592.32,OK,-128.993,241.288,-1589.58,OK,-130.185,317.566,-1587.07,,365944171,Port:3,0,1773324669,518826764,Missing,,,,,,,,,4,Missing,,,,Missing,,,,Missing,,,,Missing,,,,,365944171,Port:65535,0,1773324669,518826764,Missing,,,,,,,,,1,OK,-44.3693,191.641,-2252.41,,,,,,,,,,,,,,,,,,,,,,,,,,,,
4,,365944174,Port:1,0,1773324669,568826765,50000001,Enabled,0.695278,0.3654,-0.514035,0.344732,-44.3072,168.969,-1723.98,0.154226,4,OK,-44.2026,168.797,-1724.03,OK,-87.8126,147.704,-1711.13,OK,-85.0942,93.0958,-1706.01,OK,-25.1113,112.317,-1722.52,,365944174,Port:2,0,1773324669,568826765,Enabled,0.930088,0.0309316,0.0359862,0.364259,-87.472,271.242,-1592.34,0.145432,3,OK,-87.2978,271.313,-1592.35,OK,-128.994,241.287,-1589.55,OK,-130.19,317.562,-1587.04,,365944174,Port:3,0,1773324669,568826765,Missing,,,,,,,,,4,Missing,,,,Missing,,,,Missing,,,,Missing,,,,,365944174,Port:65535,0,1773324669,568826765,Missing,,,,,,,,,1,OK,-44.3738,191.637,-2252.44,,,,,,,,,,,,,,,,,,,,,,,,,,,,
4,,365944177,Port:1,0,1773324669,618826765,50000000,Enabled,0.695085,0.365358,-0.514242,0.344855,-44.4167,169.212,-1724.33,0.163347,4,OK,-44.3117,169.032,-1724.39,OK,-87.9257,147.932,-1711.5,OK,-85.2119,93.3429,-1706.4,OK,-25.2122,112.571,-1722.86,,365944177,Port:2,0,1773324669,618826765,Enabled,0.9301,0.0309713,0.0357509,0.364249,-87.4762,271.238,-1592.34,0.141912,3,OK,-87.3053,271.306,-1592.35,OK,-128.997,241.287,-1589.57,OK,-130.195,317.558,-1587.05,,365944177,Port:3,0,1773324669,618826765,Missing,,,,,,,,,4,Missing,,,,Missing,,,,Missing,,,,Missing,,,,,365944177,Port:65535,0,1773324669,618826765,Missing,,,,,,,,,1,OK,-44.3676,191.571,-2252.48,,,,,,,,,,,,,,,,,,,,,,,,,,,,
4,,365944180,Port:1,0,1773324669,668826765,50000000,Enabled,0.695448,0.36476,-0.512508,0.347329,-44.7249,169.239,-1724.51,0.162342,4,OK,-44.6187,169.062,-1724.57,OK,-88.1421,147.859,-1711.53,OK,-85.207,93.2962,-1706.19,OK,-25.3165,112.676,-1722.76,,365944180,Port:2,0,1773324669,668826765,Enabled,0.930157,0.0307089,0.0349901,0.364198,-87.4666,271.24,-1592.3,0.143827,3,OK,-87.2925,271.306,-1592.31,OK,-128.997,241.293,-1589.6,OK,-130.189,317.573,-1587.07,,365944180,Port:3,0,1773324669,668826765,Missing,,,,,,,,,4,Missing,,,,Missing,,,,Missing,,,,Missing,,,,,365944180,Port:65535,0,1773324669,668826765,Missing,,,,,,,,,1,OK,-44.3697,191.515,-2252.42,,,,,,,,,,,,,,,,,,,,,,,,,,,,
4,,365944183,Port:1,0,1773324669,718826764,49999999,Enabled,0.69523,0.365099,-0.512705,0.347118,-44.4351,169.233,-1724.21,0.160549,4,OK,-44.3432,169.053,-1724.28,OK,-87.8481,147.844,-1711.25,OK,-84.9112,93.2766,-1705.99,OK,-25.0168,112.66,-1722.51,,365944183,Port:2,0,1773324669,718826764,Enabled,0.93014,0.0306444,0.0352261,0.364226,-87.4734,271.246,-1592.31,0.142756,3,OK,-87.301,271.312,-1592.32,OK,-128.999,241.296,-1589.59,OK,-130.197,317.576,-1587.08,,365944183,Port:3,0,1773324669,718826764,Missing,,,,,,,,,4,Missing,,,,Missing,,,,Missing,,,,Missing,,,,,365944183,Port:65535,0,1773324669,718826764,Missing,,,,,,,,,1,OK,-44.387,191.523,-2252.5,,,,,,,,,,,,,,,,,,,,,,,,,,,,
4,,365944186,Port:1,0,1773324669,768826764,50000000,Enabled,0.69517,0.364493,-0.514019,0.34593,-43.6955,169.18,-1723.95,0.160576,4,OK,-43.5846,169.011,-1724.02,OK,-87.2022,147.903,-1711.1,OK,-84.4501,93.3158,-1705.87,OK,-24.4622,112.551,-1722.31,,365944186,Port:2,0,1773324669,768826764,Enabled,0.930147,0.0309277,0.0349971,0.364204,-87.4684,271.232,-1592.29,0.138387,3,OK,-87.3018,271.298,-1592.3,OK,-128.994,241.287,-1589.6,OK,-130.187,317.559,-1587.04,,365944186,Port:3,0,1773324669,768826764,Missing,,,,,,,,,4,Missing,,,,Missing,,,,Missing,,,,Missing,,,,,365944186,Port:65535,0,1773324669,768826764,Missing,,,,,,,,,1,OK,-44.3881,191.483,-2252.7,,,,,,,,,,,,,,,,,,,,,,,,,,,,
4,,365944189,Port:1,0,1773324669,818826765,50000001,Enabled,0.695664,0.364292,-0.514935,0.343781,-43.0175,168.997,-1723.56,0.164443,4,OK,-42.9192,168.824,-1723.63,OK,-86.606,147.873,-1710.71,OK,-84.0832,93.2799,-1705.63,OK,-24.004,112.277,-1722.04,,365944189,Port:2,0,1773324669,818826765,Enabled,0.930145,0.0311217,0.0351815,0.364176,-87.469,271.243,-1592.33,0.141816,3,OK,-87.2985,271.312,-1592.34,OK,-128.999,241.3,-1589.62,OK,-130.182,317.568,-1587.05,,365944189,Port:3,0,1773324669,818826765,Missing,,,,,,,,,4,Missing,,,,Missing,,,,Missing,,,,Missing,,,,,365944189,Port:65535,0,1773324669,818826765,Missing,,,,,,,,,1,OK,-44.3872,191.465,-2252.72,,,,,,,,,,,,,,,,,,,,,,,,,,,,
4,,365944192,Port:1,0,1773324669,868826765,50000000,Enabled,0.695658,0.36559,-0.513901,0.343963,-43.4147,168.468,-1723.22,0.156413,4,OK,-43.3095,168.29,-1723.25,OK,-86.9232,147.235,-1710.34,OK,-84.2622,92.6278,-1705.23,OK,-24.2747,111.803,-1721.83,,365944192,Port:2,0,1773324669,868826765,Enabled,0.930127,0.0308039,0.0355872,0.36421,-87.4714,271.242,-1592.34,0.144641,3,OK,-87.2987,271.314,-1592.35,OK,-128.999,241.293,-1589.58,OK,-130.187,317.566,-1587.07,,365944192,Port:3,0,1773324669,868826765,Missing,,,,,,,,,4,Missing,,,,Missing,,,,Missing,,,,Missing,,,,,365944192,Port:65535,0,1773324669,868826765,Missing,,,,,,,,,1,OK,-44.4038,191.481,-2252.78,,,,,,,,,,,,,,,,,,,,,,,,,,,,
4,,365944195,Port:1,0,1773324669,918826765,50000000,Enabled,0.697679,0.365025,-0.507755,0.349551,-45.001,167.837,-1723.77,0.156716,4,OK,-44.893,167.656,-1723.79,OK,-88.2166,146.324,-1710.38,OK,-84.9526,91.8072,-1704.6,OK,-25.2612,111.392,-1721.82,,365944195,Port:2,0,1773324669,918826765,Enabled,0.930137,0.0308229,0.035457,0.364194,-87.4762,271.232,-1592.32,0.143896,3,OK,-87.303,271.3,-1592.34,OK,-129.004,241.284,-1589.58,OK,-130.193,317.563,-1587.06,,365944195,Port:3,0,1773324669,918826765,Missing,,,,,,,,,4,Missing,,,,Missing,,,,Missing,,,,Missing,,,,,365944195,Port:65535,0,1773324669,918826765,Missing,,,,,,,,,1,OK,-44.4028,191.473,-2252.79,,,,,,,,,,,,,,,,,,,,,,,,,,,,
4,,365944198,Port:1,0,1773324669,968826764,49999999,Enabled,0.697842,0.367596,-0.504285,0.351549,-46.0999,167.259,-1723.46,0.159868,4,OK,-45.9921,167.088,-1723.52,OK,-89.0666,145.411,-1709.78,OK,-85.3559,90.9444,-1704.03,OK,-25.9116,110.969,-1721.54,,365944198,Port:2,0,1773324669,968826764,Enabled,0.930125,0.0309309,0.0354502,0.364216,-87.4696,271.244,-1592.32,0.141567,3,OK,-87.2985,271.312,-1592.33,OK,-128.994,241.298,-1589.58,OK,-130.187,317.567,-1587.05,,365944198,Port:3,0,1773324669,968826764,Missing,,,,,,,,,4,Missing,,,,Missing,,,,Missing,,,,Missing,,,,,365944198,Port:65535,0,1773324669,968826764,Missing,,,,,,,,,1,OK,-44.3953,191.405,-2252.72,,,,,,,,,,,,,,,,,,,,,,,,,,,,
4,,365944201,Port:1,0,1773324670,18826767,50000003,Enabled,0.69938,0.36834,-0.500145,0.353622,-46.635,167.042,-1723.4,0.158668,4,OK,-46.5296,166.866,-1723.45,OK,-89.3886,145.035,-1709.34,OK,-85.3336,90.6019,-1703.33,OK,-26.1225,110.877,-1721.32,,365944201,Port:2,0,1773324670,18826767,Enabled,0.930143,0.0308388,0.0351779,0.364204,-87.4676,271.244,-1592.31,0.140427,3,OK,-87.2971,271.308,-1592.32,OK,-128.993,241.298,-1589.6,OK,-130.188,317.574,-1587.06,,365944201,Port:3,0,1773324670,18826767,Missing,,,,,,,,,4,Missing,,,,Missing,,,,Missing,,,,Missing,,,,,365944201,Port:65535,0,1773324670,18826767,Missing,,,,,,,,,1,OK,-44.3955,191.303,-2252.77,,,,,,,,,,,,,,,,,,,,,,,,,,,,
4,,365944204,Port:1,0,1773324670,68826767,50000000,Enabled,0.699707,0.368619,-0.497171,0.356863,-47.7017,166.505,-1723.6,0.160212,4,OK,-47.6081,166.313,-1723.65,OK,-90.2701,144.286,-1709.33,OK,-85.8282,89.9258,-1703.06,OK,-26.8015,110.49,-1721.28,,365944204,Port:2,0,1773324670,68826767,Enabled,0.93014,0.0307123,0.0350276,0.364238,-87.4696,271.237,-1592.28,0.140988,3,OK,-87.3,271.304,-1592.29,OK,-128.995,241.288,-1589.58,OK,-130.193,317.562,-1587.05,,365944204,Port:3,0,1773324670,68826767,Missing,,,,,,,,,4,Missing,,,,Missing,,,,Missing,,,,Missing,,,,,365944204,Port:65535,0,1773324670,68826767,Missing,,,,,,,,,1,OK,-44.4072,191.282,-2252.72,,,,,,,,,,,,,,,,,,,,,,,,,,,,
4,,365944207,Port:1,0,1773324670,118826767,50000000,Enabled,0.697488,0.375061,-0.493321,0.359825,-50.2839,164.525,-1722.06,0.155582,4,OK,-50.1755,164.349,-1722.1,OK,-92.4391,141.598,-1707.67,OK,-87.1424,87.2726,-1701.67,OK,-28.5444,108.817,-1720.13,,365944207,Port:2,0,1773324670,118826767,Enabled,0.930135,0.0310219,0.0351831,0.364209,-87.4726,271.248,-1592.31,0.141745,3,OK,-87.3034,271.32,-1592.33,OK,-129.001,241.302,-1589.61,OK,-130.188,317.567,-1587.04,,365944207,Port:3,0,1773324670,118826767,Missing,,,,,,,,,4,Missing,,,,Missing,,,,Missing,,,,Missing,,,,,365944207,Port:65535,0,1773324670,118826767,Missing,,,,,,,,,1,OK,-44.4041,191.268,-2252.58,,,,,,,,,,,,,,,,,,,,,,,,,,,,
4,,365944210,Port:1,0,1773324670,168826767,50000000,Enabled,0.695716,0.391034,-0.478024,0.36683,-54.69,159.87,-1718.56,0.156987,4,OK,-54.5789,159.687,-1718.6,OK,-95.5508,135.282,-1703.23,OK,-88.0281,81.148,-1697.7,OK,-30.7951,105.032,-1717.54,,365944210,Port:2,0,1773324670,168826767,Enabled,0.93013,0.0310257,0.035786,0.364163,-87.4745,271.24,-1592.34,0.146079,3,OK,-87.298,271.31,-1592.35,OK,-129.005,241.296,-1589.57,OK,-130.185,317.566,-1587.04,,365944210,Port:3,0,1773324670,168826767,Missing,,,,,,,,,4,Missing,,,,Missing,,,,Missing,,,,Missing,,,,,365944210,Port:65535,0,1773324670,168826767,Missing,,,,,,,,,3,OK,-40.551,197.873,-2002.55,OK,-44.3967,191.27,-2253.12,OK,-64.3188,218.14,-2297.63,,,,,,,,,,,,,,,,,,,,
4,,365944213,Port:1,0,1773324670,218826767,50000000,Enabled,0.693471,0.40452,-0.465967,0.371936,-57.49,154.739,-1715.22,0.163754,4,OK,-57.3699,154.566,-1715.29,OK,-97.251,128.782,-1699.22,OK,-87.9419,74.8893,-1694.27,OK,-31.8805,100.666,-1715.07,,365944213,Port:2,0,1773324670,218826767,Enabled,0.93013,0.0311202,0.0353141,0.364201,-87.4773,271.241,-1592.33,0.141657,3,OK,-87.3065,271.308,-1592.34,OK,-129.003,241.293,-1589.61,OK,-130.193,317.567,-1587.04,,365944213,Port:3,0,1773324670,218826767,Missing,,,,,,,,,4,Missing,,,,Missing,,,,Missing,,,,Missing,,,,,365944213,Port:65535,0,1773324670,218826767,Missing,,,,,,,,,2,OK,-40.6577,197.874,-2003.11,OK,-44.3649,191.235,-2255.12,,,,,,,,,,,,,,,,,,,,,,,,
4,,365944216,Port:1,0,1773324670,268826767,50000000,Enabled,0.689586,0.410988,-0.467601,0.370013,-57.8544,151.555,-1712.32,0.157568,4,OK,-57.7389,151.393,-1712.4,OK,-97.467,125.172,-1696.69,OK,-87.8887,71.2395,-1692.57,OK,-31.9986,97.6038,-1712.98,,365944216,Port:2,0,1773324670,268826767,Enabled,0.930171,0.0307046,0.0349084,0.364171,-87.4672,271.24,-1592.26,0.141295,3,OK,-87.2962,271.307,-1592.27,OK,-128.999,241.3,-1589.57,OK,-130.185,317.57,-1587.04,,365944216,Port:3,0,1773324670,268826767,Missing,,,,,,,,,4,Missing,,,,Missing,,,,Missing,,,,Missing,,,,,365944216,Port:65535,0,1773324670,268826767,Missing,,,,,,,,,2,OK,-40.6756,197.86,-2002.93,OK,-44.2918,191.104,-2259.27,,,,,,,,,,,,,,,,,,,,,,,,
4,,365944219,Port:1,0,1773324670,318826767,50000000,Enabled,0.685718,0.420574,-0.467138,0.367002,-58.4152,148.816,-1709.09,0.177955,4,OK,-58.2817,148.655,-1709.19,OK,-97.7333,121.811,-1693.68,OK,-87.6949,67.9009,-1690.68,OK,-32.1078,95.1132,-1710.94,,365944219,Port:2,0,1773324670,318826767,Enabled,0.930139,0.0306621,0.035416,0.364207,-87.4705,271.237,-1592.3,0.142626,3,OK,-87.2998,271.304,-1592.32,OK,-128.996,241.286,-1589.56,OK,-130.189,317.571,-1587.06,,365944219,Port:3,0,1773324670,318826767,Missing,,,,,,,,,4,Missing,,,,Missing,,,,Missing,,,,Missing,,,,,365944219,Port:65535,0,1773324670,318826767,Missing,,,,,,,,,1,OK,-40.6719,197.864,-2003.05,,,,,,,,,,,,,,,,,,,,,,,,,,,,
4,,365944222,Port:1,0,1773324670,368826767,50000000,Enabled,0.685326,0.428563,-0.456861,0.371402,-60.4803,145.948,-1706.86,0.186503,4,OK,-60.3426,145.794,-1706.99,OK,-98.9373,118.077,-1690.8,OK,-87.6406,64.4039,-1687.99,OK,-33.0064,92.8454,-1709.1,,365944222,Port:2,0,1773324670,368826767,Enabled,0.93012,0.0309297,0.0354912,0.364225,-87.4766,271.243,-1592.33,0.146067,3,OK,-87.3004,271.313,-1592.34,OK,-129.005,241.294,-1589.59,OK,-130.196,317.565,-1587.06,,365944222,Port:3,0,1773324670,368826767,Missing,,,,,,,,,4,Missing,,,,Missing,,,,Missing,,,,Missing,,,,,365944222,Port:65535,0,1773324670,368826767,Missing,,,,,,,,,1,OK,-40.676,197.875,-2003.12,,,,,,,,,,,,,,,,,,,,,,,,,,,,
4,,365944225,Port:1,0,1773324670,418826767,50000000,Enabled,0.682693,0.436902,-0.449382,0.375636,-62.3211,143.199,-1704.83,0.178794,4,OK,-62.1833,143.052,-1704.95,OK,-99.9862,114.437,-1688.5,OK,-87.4939,60.9954,-1686.03,OK,-33.7343,90.715,-1707.59,,365944225,Port:2,0,1773324670,418826767,Enabled,0.930119,0.0307812,0.0356253,0.364227,-87.4725,271.249,-1592.32,0.142987,3,OK,-87.3005,271.318,-1592.33,OK,-128.996,241.3,-1589.56,OK,-130.191,317.574,-1587.06,,365944225,Port:3,0,1773324670,418826767,Missing,,,,,,,,,4,Missing,,,,Missing,,,,Missing,,,,Missing,,,,,365944225,Port:65535,0,1773324670,418826767,Missing,,,,,,,,,1,OK,-40.667,197.862,-2002.93,,,,,,,,,,,,,,,,,,,,,,,,,,,,
4,,365944228,Port:1,0,1773324670,468826767,50000000,Enabled,0.682685,0.442302,-0.442466,0.377537,-63.2737,141.491,-1703.78,0.186521,4,OK,-63.13,141.339,-1703.91,OK,-100.361,112.206,-1687.02,OK,-87.1173,58.9595,-1684.73,OK,-34.0045,89.4037,-1706.92,,365944228,Port:2,0,1773324670,468826767,Enabled,0.930125,0.0311467,0.0354294,0.364201,-87.4695,271.239,-1592.33,0.142478,3,OK,-87.2976,271.307,-1592.34,OK,-128.996,241.292,-1589.6,OK,-130.185,317.565,-1587.03,,365944228,Port:3,0,1773324670,468826767,Missing,,,,,,,,,4,Missing,,,,Missing,,,,Missing,,,,Missing,,,,,365944228,Port:65535,0,1773324670,468826767,Missing,,,,,,,,,2,OK,-40.6635,197.845,-2002.93,OK,-64.2808,218.174,-2295.44,,,,,,,,,,,,,,,,,,,,,,,,
4,,365944231,Port:1,0,1773324670,518826767,50000000,Enabled,0.681436,0.442015,-0.444889,0.377284,-63.0845,141.057,-1703.66,0.196133,4,OK,-62.9422,140.908,-1703.81,OK,-100.289,111.8,-1687.12,OK,-87.162,58.5052,-1684.96,OK,-33.9006,88.9307,-1706.79,,365944231,Port:2,0,1773324670,518826767,Enabled,0.930131,0.0307933,0.0355729,0.364202,-87.4762,271.241,-1592.33,0.143396,3,OK,-87.3046,271.311,-1592.35,OK,-129.003,241.293,-1589.58,OK,-130.192,317.568,-1587.07,,365944231,Port:3,0,1773324670,518826767,Missing,,,,,,,,,4,Missing,,,,Missing,,,,Missing,,,,Missing,,,,,365944231,Port:65535,0,1773324670,518826767,Missing,,,,,,,,,2,OK,-40.6685,197.846,-2002.88,OK,-64.2755,218.163,-2295.95,,,,,,,,,,,,,,,,,,,,,,,,
4,,365944234,Port:1,0,1773324670,568826767,50000000,Enabled,0.680597,0.443013,-0.445213,0.377243,-63.0984,140.781,-1703.23,0.189645,4,OK,-62.9639,140.63,-1703.36,OK,-100.269,111.439,-1686.78,OK,-87.0849,58.1641,-1684.73,OK,-33.8509,88.6902,-1706.47,,365944234,Port:2,0,1773324670,568826767,Enabled,0.930148,0.0306027,0.0350817,0.364223,-87.4705,271.25,-1592.3,0.143432,3,OK,-87.2983,271.318,-1592.31,OK,-128.999,241.3,-1589.59,OK,-130.193,317.578,-1587.08,,365944234,Port:3,0,1773324670,568826767,Missing,,,,,,,,,4,Missing,,,,Missing,,,,Missing,,,,Missing,,,,,365944234,Port:65535,0,1773324670,568826767,Missing,,,,,,,,,2,OK,-40.6781,197.866,-2003.06,OK,-64.3128,218.172,-2296.11,,,,,,,,,,,,,,,,,,,,,,,,
4,,365944237,Port:1,0,1773324670,618826767,50000000,Enabled,0.680667,0.445473,-0.441709,0.378338,-63.5785,139.97,-1702.71,0.181308,4,OK,-63.4413,139.817,-1702.83,OK,-100.464,110.384,-1686.05,OK,-86.8887,57.2107,-1684.04,OK,-34.0078,88.0689,-1706.11,,365944237,Port:2,0,1773324670,618826767,Enabled,0.930131,0.030769,0.0355636,0.364205,-87.4698,271.238,-1592.32,0.145061,3,OK,-87.2935,271.305,-1592.33,OK,-128.997,241.292,-1589.57,OK,-130.189,317.566,-1587.06,,365944237,Port:3,0,1773324670,618826767,Missing,,,,,,,,,4,Missing,,,,Missing,,,,Missing,,,,Missing,,,,,365944237,Port:65535,0,1773324670,618826767,Missing,,,,,,,,,2,OK,-40.6936,197.863,-2003.02,OK,-64.3209,218.174,-2296.92,,,,,,,,,,,,,,,,,,,,,,,,
4,,365944240,Port:1,0,1773324670,668826767,50000000,Enabled,0.67911,0.447295,-0.441661,0.37904,-64.6019,138.576,-1702.36,0.180422,4,OK,-64.4523,138.427,-1702.46,OK,-101.39,108.789,-1685.84,OK,-87.6276,55.6594,-1683.94,OK,-34.8197,86.8156,-1705.93,,365944240,Port:2,0,1773324670,668826767,Enabled,0.930126,0.0307818,0.0355779,0.364215,-87.4721,271.238,-1592.3,0.143879,3,OK,-87.2982,271.305,-1592.32,OK,-128.997,241.288,-1589.55,OK,-130.192,317.568,-1587.04,,365944240,Port:3,0,1773324670,668826767,Missing,,,,,,,,,4,Missing,,,,Missing,,,,Missing,,,,Missing,,,,,365944240,Port:65535,0,1773324670,668826767,Missing,,,,,,,,,2,OK,-40.674,197.859,-2003.07,OK,-64.2946,218.171,-2296.35,,,,,,,,,,,,,,,,,,,,,,,,
4,,365944243,Port:1,0,1773324670,718826767,50000000,Enabled,0.675246,0.450876,-0.442141,0.381136,-65.9129,136.533,-1701,0.178417,4,OK,-65.7691,136.391,-1701.12,OK,-102.479,106.333,-1684.8,OK,-88.2788,53.2885,-1683.23,OK,-35.703,85.0484,-1704.81,,365944243,Port:2,0,1773324670,718826767,Enabled,0.930129,0.0308491,0.0355322,0.364205,-87.4715,271.252,-1592.32,0.142646,3,OK,-87.2988,271.319,-1592.33,OK,-128.997,241.307,-1589.57,OK,-130.189,317.578,-1587.05,,365944243,Port:3,0,1773324670,718826767,Missing,,,,,,,,,4,Missing,,,,Missing,,,,Missing,,,,Missing,,,,,365944243,Port:65535,0,1773324670,718826767,Missing,,,,,,,,,2,OK,-40.6816,197.851,-2002.93,OK,-64.5883,218.16,-2298.04,,,,,,,,,,,,,,,,,,,,,,,,
4,,365944246,Port:1,0,1773324670,768826767,50000000,Enabled,0.676029,0.45493,-0.436987,0.380875,-65.7781,134.978,-1699.27,0.187783,4,OK,-65.6221,134.844,-1699.39,OK,-101.968,104.485,-1682.68,OK,-87.3521,51.554,-1681.35,OK,-35.2151,83.7219,-1703.47,,365944246,Port:2,0,1773324670,768826767,Enabled,0.930141,0.0308886,0.0352535,0.3642,-87.4753,271.239,-1592.31,0.145155,3,OK,-87.3011,271.309,-1592.32,OK,-129.006,241.291,-1589.59,OK,-130.193,317.566,-1587.05,,365944246,Port:3,0,1773324670,768826767,Missing,,,,,,,,,4,Missing,,,,Missing,,,,Missing,,,,Missing,,,,,365944246,Port:65535,0,1773324670,768826767,Missing,,,,,,,,,2,OK,-40.6656,197.837,-2003,OK,-64.6794,218.118,-2299.33,,,,,,,,,,,,,,,,,,,,,,,,
4,,365944249,Port:1,0,1773324670,818826767,50000000,Enabled,0.67652,0.456842,-0.43666,0.37808,-64.6312,134.846,-1698.09,0.1804,4,OK,-64.4846,134.7,-1698.21,OK,-100.8,104.369,-1681.48,OK,-86.2929,51.3978,-1680.43,OK,-34.2078,83.5388,-1702.67,,365944249,Port:2,0,1773324670,818826767,Enabled,0.93014,0.031093,0.0353743,0.364171,-87.472,271.244,-1592.33,0.142195,3,OK,-87.3004,271.312,-1592.34,OK,-129,241.3,-1589.61,OK,-130.185,317.572,-1587.04,,365944249,Port:3,0,1773324670,818826767,Missing,,,,,,,,,4,Missing,,,,Missing,,,,Missing,,,,Missing,,,,,365944249,Port:65535,0,1773324670,818826767,Missing,,,,,,,,,2,OK,-40.6648,197.842,-2002.85,OK,-64.4741,218.143,-2298.25,,,,,,,,,,,,,,,,,,,,,,,,
4,,365944252,Port:1,0,1773324670,868826767,50000000,Enabled,0.677294,0.45454,-0.440433,0.375079,-64.0741,135.827,-1698.63,0.179538,4,OK,-63.929,135.672,-1698.73,OK,-100.613,105.685,-1682.2,OK,-86.6469,52.5825,-1681.16,OK,-34.1391,84.2265,-1703.21,,365944252,Port:2,0,1773324670,868826767,Enabled,0.930169,0.0305977,0.0348311,0.364192,-87.4672,271.243,-1592.28,0.142076,3,OK,-87.2954,271.308,-1592.29,OK,-128.997,241.297,-1589.6,OK,-130.19,317.578,-1587.07,,365944252,Port:3,0,1773324670,868826767,Missing,,,,,,,,,4,Missing,,,,Missing,,,,Missing,,,,Missing,,,,,365944252,Port:65535,0,1773324670,868826767,Missing,,,,,,,,,2,OK,-40.6809,197.875,-2003.07,OK,-64.3851,218.178,-2297.26,,,,,,,,,,,,,,,,,,,,,,,,
4,,365944255,Port:1,0,1773324670,918826767,50000000,Enabled,0.677489,0.450492,-0.442658,0.376987,-64.4005,136.936,-1700.04,0.19068,4,OK,-64.251,136.803,-1700.18,OK,-101.154,106.995,-1683.68,OK,-87.3691,53.8521,-1682.31,OK,-34.6038,85.2109,-1704.07,,365944255,Port:2,0,1773324670,918826767,Enabled,0.930137,0.0308635,0.0353989,0.364197,-87.4723,271.24,-1592.31,0.141962,3,OK,-87.3009,271.306,-1592.32,OK,-128.998,241.293,-1589.58,OK,-130.19,317.571,-1587.05,,365944255,Port:3,0,1773324670,918826767,Missing,,,,,,,,,4,Missing,,,,Missing,,,,Missing,,,,Missing,,,,,365944255,Port:65535,0,1773324670,918826767,Missing,,,,,,,,,2,OK,-40.6687,197.859,-2003.08,OK,-64.3684,218.16,-2296.83,,,,,,,,,,,,,,,,,,,,,,,,
4,,365944258,Port:1,0,1773324670,968826767,50000000,Enabled,0.678763,0.448277,-0.442778,0.377196,-64.8187,138.184,-1701.23,0.168682,4,OK,-64.6791,138.035,-1701.32,OK,-101.662,108.428,-1684.83,OK,-88.0197,55.2455,-1683.14,OK,-35.1703,86.358,-1705.04,,365944258,Port:2,0,1773324670,968826767,Enabled,0.930155,0.0309248,0.035189,0.364166,-87.4701,271.241,-1592.3,0.145945,3,OK,-87.2933,271.311,-1592.32,OK,-129.005,241.299,-1589.59,OK,-130.186,317.568,-1587.04,,365944258,Port:3,0,1773324670,968826767,Missing,,,,,,,,,4,Missing,,,,Missing,,,,Missing,,,,Missing,,,,,365944258,Port:65535,0,1773324670,968826767,Missing,,,,,,,,,2,OK,-40.6586,197.841,-2003.01,OK,-64.3734,218.168,-2296.65,,,,,,,,,,,,,,,,,,,,,,,,
4,,365944261,Port:1,0,1773324671,18826769,50000002,Enabled,0.679292,0.447687,-0.440921,0.379114,-65.8029,138.564,-1702.15,0.193784,4,OK,-65.6484,138.434,-1702.29,OK,-102.534,108.733,-1685.54,OK,-88.7312,55.6228,-1683.7,OK,-35.977,86.8328,-1705.73,,365944261,Port:2,0,1773324671,18826769,Enabled,0.930155,0.0308883,0.0354131,0.364147,-87.4721,271.244,-1592.3,0.144761,3,OK,-87.2956,271.31,-1592.32,OK,-129.004,241.304,-1589.57,OK,-130.186,317.575,-1587.04,,365944261,Port:3,0,1773324671,18826769,Missing,,,,,,,,,4,Missing,,,,Missing,,,,Missing,,,,Missing,,,,,365944261,Port:65535,0,1773324671,18826769,Missing,,,,,,,,,1,OK,-40.6723,197.855,-2002.96,,,,,,,,,,,,,,,,,,,,,,,,,,,,
4,,365944264,Port:1,0,1773324671,68826769,50000000,Enabled,0.679659,0.451085,-0.435341,0.380873,-66.6969,137.606,-1701.79,0.179783,4,OK,-66.5468,137.458,-1701.89,OK,-102.981,107.444,-1684.85,OK,-88.6092,54.4741,-1682.99,OK,-36.3841,86.1709,-1705.59,,365944264,Port:2,0,1773324671,68826769,Enabled,0.930161,0.0308524,0.0350373,0.364172,-87.4695,271.239,-1592.28,0.142011,3,OK,-87.299,271.308,-1592.3,OK,-129,241.295,-1589.59,OK,-130.185,317.569,-1587.04,,365944264,Port:3,0,1773324671,68826769,Missing,,,,,,,,,4,Missing,,,,Missing,,,,Missing,,,,Missing,,,,,365944264,Port:65535,0,1773324671,68826769,Missing,,,,,,,,,1,OK,-40.6687,197.843,-2003,,,,,,,,,,,,,,,,,,,,,,,,,,,,
4,,365944267,Port:1,0,1773324671,118826769,50000000,Enabled,0.678347,0.454193,-0.432648,0.382583,-67.1641,135.96,-1700.84,0.199312,4,OK,-67.0241,135.817,-1701,OK,-103.125,105.472,-1683.78,OK,-88.299,52.6071,-1682.18,OK,-36.4394,84.7784,-1704.79,,365944267,Port:2,0,1773324671,118826769,Enabled,0.930134,0.0309145,0.0353362,0.364208,-87.4703,271.247,-1592.32,0.142873,3,OK,-87.2988,271.316,-1592.33,OK,-128.998,241.3,-1589.59,OK,-130.187,317.571,-1587.05,,365944267,Port:3,0,1773324671,118826769,Missing,,,,,,,,,4,Missing,,,,Missing,,,,Missing,,,,Missing,,,,,365944267,Port:65535,0,1773324671,118826769,Missing,,,,,,,,,1,OK,-40.6757,197.852,-2002.94,,,,,,,,,,,,,,,,,,,,,,,,,,,,
4,,365944270,Port:1,0,1773324671,168826769,50000000,Enabled,0.676718,0.45828,-0.433148,0.380021,-66.8217,134.037,-1699.13,0.191004,4,OK,-66.6795,133.886,-1699.27,OK,-102.709,103.352,-1682.26,OK,-87.8182,50.504,-1681.19,OK,-36.0665,82.9213,-1703.69,,365944270,Port:2,0,1773324671,168826769,Enabled,0.930115,0.0312214,0.035623,0.364201,-87.4749,271.25,-1592.32,0.143297,3,OK,-87.3027,271.32,-1592.33,OK,-129.001,241.303,-1589.57,OK,-130.188,317.572,-1587,,365944270,Port:3,0,1773324671,168826769,Missing,,,,,,,,,4,Missing,,,,Missing,,,,Missing,,,,Missing,,,,,365944270,Port:65535,0,1773324671,168826769,Missing,,,,,,,,,1,OK,-40.6772,197.834,-2002.9,,,,,,,,,,,,,,,,,,,,,,,,,,,,
4,,365944273,Port:1,0,1773324671,218826769,50000000,Enabled,0.676027,0.461461,-0.43219,0.378489,-66.299,131.627,-1697.27,0.192358,4,OK,-66.1674,131.481,-1697.43,OK,-102.029,100.785,-1680.4,OK,-87.0309,47.9469,-1679.72,OK,-35.4751,80.5936,-1702.24,,365944273,Port:2,0,1773324671,218826769,Enabled,0.930123,0.0308284,0.0355487,0.364222,-87.47,271.239,-1592.29,0.145334,3,OK,-87.2931,271.306,-1592.3,OK,-128.997,241.292,-1589.54,OK,-130.191,317.563,-1587.02,,365944273,Port:3,0,1773324671,218826769,Missing,,,,,,,,,4,Missing,,,,Missing,,,,Missing,,,,Missing,,,,,365944273,Port:65535,0,1773324671,218826769,Missing,,,,,,,,,1,OK,-40.6767,197.47,-2001.44,,,,,,,,,,,,,,,,,,,,,,,,,,,,
4,,365944276,Port:1,0,1773324671,268826769,50000000,Enabled,0.673937,0.463378,-0.4354,0.376186,-65.7461,129.295,-1695.52,0.230397,4,OK,-65.6021,129.136,-1695.72,OK,-101.581,98.3905,-1678.97,OK,-86.7555,45.5276,-1678.8,OK,-35.0956,78.2414,-1700.82,,365944276,Port:2,0,1773324671,268826769,Enabled,0.930147,0.0308561,0.0354125,0.36417,-87.4652,271.248,-1592.31,0.147251,3,OK,-87.2876,271.319,-1592.32,OK,-128.999,241.304,-1589.57,OK,-130.179,317.574,-1587.05,,365944276,Port:3,0,1773324671,268826769,Missing,,,,,,,,,4,Missing,,,,Missing,,,,Missing,,,,Missing,,,,,365944276,Port:65535,0,1773324671,268826769,Missing,,,,,,,,,1,OK,-40.6326,197,-1999.43,,,,,,,,,,,,,,,,,,,,,,,,,,,,
4,,365944279,Port:1,0,1773324671,318826769,50000000,Enabled,0.673614,0.463916,-0.438644,0.372314,-65.2098,127.318,-1694,0.299373,4,OK,-65.0784,127.147,-1694.28,OK,-101.228,96.5788,-1677.62,OK,-86.8377,43.5974,-1677.95,OK,-35.0095,76.0792,-1699.54,,365944279,Port:2,0,1773324671,318826769,Enabled,0.930148,0.0307491,0.0353125,0.364187,-87.4747,271.246,-1592.28,0.139939,3,OK,-87.3075,271.314,-1592.3,OK,-129,241.3,-1589.56,OK,-130.19,317.578,-1587.04,,365944279,Port:3,0,1773324671,318826769,Missing,,,,,,,,,4,Missing,,,,Missing,,,,Missing,,,,Missing,,,,,365944279,Port:65535,0,1773324671,318826769,Missing,,,,,,,,,1,OK,-40.6483,196.638,-1997.76,,,,,,,,,,,,,,,,,,,,,,,,,,,,
4,,365944282,Port:1,0,1773324671,368826769,50000000,Missing,,,,,,,,,4,OK,-66.0791,124.437,-1694.78,OK,-102.361,93.8431,-1678.38,OK,-88.0354,40.8174,-1678.69,OK,-36.0539,73.6824,-1696.7,,365944282,Port:2,0,1773324671,368826769,Enabled,0.93014,0.0307916,0.0353829,0.364198,-87.4723,271.241,-1592.3,0.140607,3,OK,-87.3026,271.308,-1592.31,OK,-128.998,241.297,-1589.57,OK,-130.189,317.568,-1587.05,,365944282,Port:3,0,1773324671,368826769,Missing,,,,,,,,,4,Missing,,,,Missing,,,,Missing,,,,Missing,,,,,365944282,Port:65535,0,1773324671,368826769,Missing,,,,,,,,,7,OK,-40.6547,196.293,-1996.34,OK,-44.239,188.195,-2293.49,OK,-34.1351,91.3185,-1529.44,OK,-36.0539,73.6824,-1696.7,OK,-66.0791,124.437,-1694.78,OK,-88.0354,40.8174,-1678.69,OK,-102.361,93.8431,-1678.38,,,,
4,,365944285,Port:1,0,1773324671,418826769,50000000,Enabled,0.671734,0.466067,-0.443148,0.367661,-66.674,121.73,-1695.18,0.240406,4,OK,-66.526,121.591,-1695.4,OK,-103.02,91.0519,-1679.28,OK,-88.9666,37.9562,-1680.11,OK,-36.7326,70.3417,-1701.37,,365944285,Port:2,0,1773324671,418826769,Enabled,0.930146,0.0308999,0.0351534,0.364194,-87.4707,271.246,-1592.31,0.139638,3,OK,-87.3021,271.313,-1592.32,OK,-128.998,241.304,-1589.6,OK,-130.187,317.569,-1587.05,,365944285,Port:3,0,1773324671,418826769,Missing,,,,,,,,,4,Missing,,,,Missing,,,,Missing,,,,Missing,,,,,365944285,Port:65535,0,1773324671,418826769,Missing,,,,,,,,,2,OK,-40.6579,195.798,-1994.38,OK,-44.6853,188.254,-2268.6,,,,,,,,,,,,,,,,,,,,,,,,
4,,365944288,Port:1,0,1773324671,468826769,50000000,Enabled,0.672614,0.470666,-0.441049,0.362684,-65.3207,119.561,-1695.47,0.223751,4,OK,-65.1662,119.43,-1695.67,OK,-101.556,88.7923,-1679.42,OK,-87.5648,35.6935,-1680.8,OK,-35.4814,68.1879,-1702.47,,365944288,Port:2,0,1773324671,468826769,Enabled,0.93014,0.0309126,0.0352919,0.364195,-87.4719,271.245,-1592.29,0.141496,3,OK,-87.3,271.31,-1592.31,OK,-128.998,241.301,-1589.57,OK,-130.19,317.573,-1587.03,,365944288,Port:3,0,1773324671,468826769,Missing,,,,,,,,,4,Missing,,,,Missing,,,,Missing,,,,Missing,,,,,365944288,Port:65535,0,1773324671,468826769,Missing,,,,,,,,,2,OK,-40.6475,195.805,-1994.27,OK,-44.528,188.666,-2253.78,,,,,,,,,,,,,,,,,,,,,,,,
4,,365944291,Port:1,0,1773324671,518826769,50000000,Enabled,0.675748,0.470896,-0.439691,0.358181,-63.8866,118.534,-1695.12,0.210314,4,OK,-63.7412,118.396,-1695.3,OK,-100.178,88.0154,-1678.78,OK,-86.5614,34.8198,-1680.27,OK,-34.4756,66.955,-1702.41,,365944291,Port:2,0,1773324671,518826769,Enabled,0.930103,0.0311526,0.0358976,0.364211,-87.4797,271.243,-1592.35,0.146256,3,OK,-87.304,271.315,-1592.37,OK,-129.006,241.294,-1589.58,OK,-130.192,317.563,-1587.04,,365944291,Port:3,0,1773324671,518826769,Missing,,,,,,,,,4,Missing,,,,Missing,,,,Missing,,,,Missing,,,,,365944291,Port:65535,0,1773324671,518826769,Missing,,,,,,,,,2,OK,-40.6376,195.786,-1994.41,OK,-44.5225,188.645,-2253.94,,,,,,,,,,,,,,,,,,,,,,,,
4,,365944294,Port:1,0,1773324671,568826769,50000000,Enabled,0.671284,0.472727,-0.449185,0.352335,-64.1998,116.764,-1693.92,0.216722,4,OK,-64.042,116.627,-1694.1,OK,-101.025,86.3878,-1678.5,OK,-88.026,33.0599,-1680.85,OK,-35.3328,64.9874,-1701.88,,365944294,Port:2,0,1773324671,568826769,Enabled,0.930145,0.0304597,0.0353912,0.364211,-87.4778,271.249,-1592.31,0.14541,3,OK,-87.3035,271.317,-1592.32,OK,-129.006,241.297,-1589.57,OK,-130.199,317.582,-1587.09,,365944294,Port:3,0,1773324671,568826769,Missing,,,,,,,,,4,Missing,,,,Missing,,,,Missing,,,,Missing,,,,,365944294,Port:65535,0,1773324671,568826769,Missing,,,,,,,,,3,OK,-40.6544,195.813,-1994.44,OK,-63.6103,217.976,-2294.99,OK,-44.5547,188.667,-2254.27,,,,,,,,,,,,,,,,,,,,
4,,365944297,Port:1,0,1773324671,618826769,50000000,Enabled,0.672075,0.476101,-0.443351,0.353671,-63.2277,115.256,-1692.44,0.203465,4,OK,-63.0748,115.115,-1692.61,OK,-99.5947,84.5536,-1676.65,OK,-86.0947,31.3462,-1679,OK,-33.9488,63.7486,-1700.61,,365944297,Port:2,0,1773324671,618826769,Enabled,0.930143,0.0312074,0.0352706,0.364165,-87.4828,271.253,-1592.33,0.140761,3,OK,-87.3127,271.32,-1592.34,OK,-129.011,241.312,-1589.61,OK,-130.194,317.577,-1587.03,,365944297,Port:3,0,1773324671,618826769,Missing,,,,,,,,,4,Missing,,,,Missing,,,,Missing,,,,Missing,,,,,365944297,Port:65535,0,1773324671,618826769,Missing,,,,,,,,,2,OK,-40.6346,195.818,-1994.35,OK,-44.5367,188.673,-2254.15,,,,,,,,,,,,,,,,,,,,,,,,
4,,365944300,Port:1,0,1773324671,668826769,50000000,Enabled,0.679011,0.479075,-0.43656,0.344741,-60.0991,115.084,-1690.52,0.193828,4,OK,-59.9617,114.94,-1690.67,OK,-96.3084,84.6633,-1673.8,OK,-83.2696,31.3571,-1676.52,OK,-31.4063,63.3397,-1699.49,,365944300,Port:2,0,1773324671,668826769,Enabled,0.93014,0.0309482,0.0352222,0.3642,-87.4759,271.241,-1592.33,0.140762,3,OK,-87.306,271.309,-1592.34,OK,-129.003,241.298,-1589.61,OK,-130.193,317.564,-1587.06,,365944300,Port:3,0,1773324671,668826769,Missing,,,,,,,,,4,Missing,,,,Missing,,,,Missing,,,,Missing,,,,,365944300,Port:65535,0,1773324671,668826769,Missing,,,,,,,,,2,OK,-44.4758,188.657,-2253.58,OK,-40.6241,195.79,-1994.32,,,,,,,,,,,,,,,,,,,,,,,,
4,,365944303,Port:1,0,1773324671,718826769,50000000,Enabled,0.676981,0.475129,-0.447242,0.340475,-58.9515,114.464,-1690.16,0.199203,4,OK,-58.8061,114.323,-1690.33,OK,-95.9394,84.5711,-1674.22,OK,-83.8307,31.0633,-1677.17,OK,-31.0855,62.2829,-1699.1,,365944303,Port:2,0,1773324671,718826769,Enabled,0.930106,0.0311528,0.0355605,0.364235,-87.4774,271.253,-1592.35,0.141886,3,OK,-87.307,271.322,-1592.36,OK,-129,241.303,-1589.61,OK,-130.194,317.572,-1587.05,,365944303,Port:3,0,1773324671,718826769,Missing,,,,,,,,,4,Missing,,,,Missing,,,,Missing,,,,Missing,,,,,365944303,Port:65535,0,1773324671,718826769,Missing,,,,,,,,,2,OK,-44.4685,188.679,-2253.61,OK,-40.641,195.809,-1994.4,,,,,,,,,,,,,,,,,,,,,,,,
4,,365944306,Port:1,0,1773324671,768826769,50000000,Enabled,0.674167,0.476697,-0.44933,0.341119,-59.5335,112.362,-1689.08,0.200487,4,OK,-59.3838,112.229,-1689.25,OK,-96.5117,82.2856,-1673.5,OK,-84.2921,28.8345,-1676.68,OK,-31.5305,60.3001,-1698.16,,365944306,Port:2,0,1773324671,768826769,Enabled,0.930125,0.0309153,0.035621,0.364202,-87.4771,271.251,-1592.34,0.143965,3,OK,-87.3045,271.321,-1592.35,OK,-129.004,241.302,-1589.59,OK,-130.192,317.577,-1587.06,,365944306,Port:3,0,1773324671,768826769,Missing,,,,,,,,,4,Missing,,,,Missing,,,,Missing,,,,Missing,,,,,365944306,Port:65535,0,1773324671,768826769,Missing,,,,,,,,,2,OK,-40.6469,195.814,-1994.49,OK,-44.5261,188.671,-2254.17,,,,,,,,,,,,,,,,,,,,,,,,
4,,365944309,Port:1,0,1773324671,818826769,50000000,Enabled,0.673434,0.483327,-0.439566,0.345925,-60.2392,109.528,-1687.41,0.205346,4,OK,-60.0904,109.391,-1687.58,OK,-96.3606,78.6675,-1671.32,OK,-82.98,25.4907,-1674.6,OK,-31.1764,58.0865,-1696.78,,365944309,Port:2,0,1773324671,818826769,Enabled,0.930102,0.031067,0.0359978,0.364211,-87.481,271.242,-1592.35,0.142456,3,OK,-87.31,271.311,-1592.36,OK,-129.002,241.292,-1589.56,OK,-130.194,317.568,-1587.04,,365944309,Port:3,0,1773324671,818826769,Missing,,,,,,,,,4,Missing,,,,Missing,,,,Missing,,,,Missing,,,,,365944309,Port:65535,0,1773324671,818826769,Missing,,,,,,,,,2,OK,-40.6482,195.803,-1994.27,OK,-44.5478,188.652,-2254.2,,,,,,,,,,,,,,,,,,,,,,,,
4,,365944312,Port:1,0,1773324671,868826769,50000000,Enabled,0.675009,0.486439,-0.431838,0.348218,-58.5727,108.477,-1685.75,0.195233,4,OK,-58.4255,108.339,-1685.91,OK,-94.1088,77.2532,-1669.11,OK,-80.1194,24.2414,-1672.29,OK,-29.0207,57.3458,-1695.23,,365944312,Port:2,0,1773324671,868826769,Enabled,0.930137,0.0312274,0.0352969,0.364177,-87.4763,271.251,-1592.34,0.142387,3,OK,-87.3033,271.317,-1592.35,OK,-129.005,241.308,-1589.62,OK,-130.191,317.576,-1587.04,,365944312,Port:3,0,1773324671,868826769,Missing,,,,,,,,,4,Missing,,,,Missing,,,,Missing,,,,Missing,,,,,365944312,Port:65535,0,1773324671,868826769,Missing,,,,,,,,,2,OK,-40.6408,195.814,-1994.35,OK,-44.527,188.671,-2254.06,,,,,,,,,,,,,,,,,,,,,,,,
4,,365944315,Port:1,0,1773324671,918826769,50000000,Enabled,0.677854,0.48585,-0.43306,0.34194,-56.5795,109.67,-1685.46,0.205095,4,OK,-56.4421,109.526,-1685.64,OK,-92.3946,78.8467,-1668.65,OK,-79.0588,25.6652,-1672.1,OK,-27.6989,58.2019,-1695.26,,365944315,Port:2,0,1773324671,918826769,Enabled,0.9301,0.031251,0.0356981,0.364229,-87.4758,271.243,-1592.33,0.145233,3,OK,-87.2999,271.313,-1592.34,OK,-129.002,241.295,-1589.58,OK,-130.192,317.56,-1587.01,,365944315,Port:3,0,1773324671,918826769,Missing,,,,,,,,,4,Missing,,,,Missing,,,,Missing,,,,Missing,,,,,365944315,Port:65535,0,1773324671,918826769,Missing,,,,,,,,,2,OK,-44.3668,188.687,-2252.91,OK,-40.653,195.8,-1994.33,,,,,,,,,,,,,,,,,,,,,,,,
4,,365944318,Port:1,0,1773324671,968826769,50000000,Enabled,0.675984,0.480469,-0.441161,0.342887,-56.9364,110.784,-1687.04,0.193593,4,OK,-56.8035,110.63,-1687.2,OK,-93.3302,80.3339,-1670.85,OK,-80.4706,27.0282,-1674.01,OK,-28.4197,59.0193,-1696.31,,365944318,Port:2,0,1773324671,968826769,Enabled,0.930139,0.0307107,0.03523,0.364222,-87.476,271.246,-1592.32,0.141633,3,OK,-87.3039,271.31,-1592.33,OK,-129,241.298,-1589.6,OK,-130.2,317.578,-1587.08,,365944318,Port:3,0,1773324671,968826769,Missing,,,,,,,,,4,Missing,,,,Missing,,,,Missing,,,,Missing,,,,,365944318,Port:65535,0,1773324671,968826769,Missing,,,,,,,,,2,OK,-44.3591,188.682,-2252.83,OK,-40.6285,195.795,-1994.37,,,,,,,,,,,,,,,,,,,,,,,,
4,,365944321,Port:1,0,1773324672,18826767,49999998,Enabled,0.676898,0.481125,-0.435983,0.346767,-57.7296,111.47,-1687.97,0.224121,4,OK,-57.5871,111.336,-1688.18,OK,-93.7478,80.7615,-1671.35,OK,-80.3631,27.5554,-1674.28,OK,-28.7153,59.9376,-1696.99,,365944321,Port:2,0,1773324672,18826767,Enabled,0.930159,0.0307853,0.0352864,0.364158,-87.4779,271.246,-1592.32,0.142609,3,OK,-87.3038,271.31,-1592.33,OK,-129.008,241.306,-1589.59,OK,-130.195,317.578,-1587.07,,365944321,Port:3,0,1773324672,18826767,Missing,,,,,,,,,4,Missing,,,,Missing,,,,Missing,,,,Missing,,,,,365944321,Port:65535,0,1773324672,18826767,Missing,,,,,,,,,2,OK,-44.3831,188.701,-2253.04,OK,-40.6378,195.816,-1994.35,,,,,,,,,,,,,,,,,,,,,,,,
4,,365944324,Port:1,0,1773324672,68826767,50000000,Enabled,0.681953,0.478188,-0.429276,0.349282,-56.983,113.442,-1689.55,0.184184,4,OK,-56.8438,113.3,-1689.69,OK,-92.7288,82.8649,-1672.19,OK,-79.1692,29.671,-1674.28,OK,-27.8512,61.8846,-1698.06,,365944324,Port:2,0,1773324672,68826767,Enabled,0.930137,0.0307993,0.0352044,0.364222,-87.4716,271.243,-1592.3,0.142273,3,OK,-87.2981,271.307,-1592.32,OK,-128.997,241.297,-1589.59,OK,-130.195,317.571,-1587.06,,365944324,Port:3,0,1773324672,68826767,Missing,,,,,,,,,4,Missing,,,,Missing,,,,Missing,,,,Missing,,,,,365944324,Port:65535,0,1773324672,68826767,Missing,,,,,,,,,1,OK,-40.6447,195.782,-1994.32,,,,,,,,,,,,,,,,,,,,,,,,,,,,
4,,365944327,Port:1,0,1773324672,118826767,50000000,Enabled,0.682617,0.472541,-0.435984,0.347357,-56.0036,116.052,-1691.56,0.196424,4,OK,-55.8606,115.909,-1691.72,OK,-92.3706,86.0277,-1674.5,OK,-79.5536,32.6332,-1676.38,OK,-27.5266,64.0681,-1699.65,,365944327,Port:2,0,1773324672,118826767,Enabled,0.930162,0.0305331,0.0349786,0.364201,-87.4712,271.242,-1592.28,0.144166,3,OK,-87.2975,271.31,-1592.3,OK,-129.003,241.295,-1589.58,OK,-130.193,317.573,-1587.08,,365944327,Port:3,0,1773324672,118826767,Missing,,,,,,,,,4,Missing,,,,Missing,,,,Missing,,,,Missing,,,,,365944327,Port:65535,0,1773324672,118826767,Missing,,,,,,,,,1,OK,-40.6338,195.809,-1994.25,,,,,,,,,,,,,,,,,,,,,,,,,,,,
4,,365944330,Port:1,0,1773324672,168826767,50000000,Enabled,0.683636,0.469207,-0.438826,0.346292,-55.4359,117.706,-1692.71,0.185396,4,OK,-55.2863,117.574,-1692.85,OK,-92.105,88.005,-1675.76,OK,-79.7039,34.5009,-1677.4,OK,-27.332,65.4879,-1700.56,,365944330,Port:2,0,1773324672,168826767,Enabled,0.930162,0.0309279,0.0349378,0.364171,-87.4707,271.241,-1592.29,0.143723,3,OK,-87.2953,271.307,-1592.3,OK,-129.004,241.302,-1589.6,OK,-130.189,317.567,-1587.04,,365944330,Port:3,0,1773324672,168826767,Missing,,,,,,,,,4,Missing,,,,Missing,,,,Missing,,,,Missing,,,,,365944330,Port:65535,0,1773324672,168826767,Missing,,,,,,,,,1,OK,-40.625,195.801,-1994.28,,,,,,,,,,,,,,,,,,,,,,,,,,,,
4,,365944333,Port:1,0,1773324672,218826767,50000000,Enabled,0.68496,0.469277,-0.433702,0.350016,-55.8223,117.905,-1692.87,0.193082,4,OK,-55.6795,117.771,-1693.03,OK,-92.133,88.0033,-1675.5,OK,-79.2689,34.6179,-1676.8,OK,-27.2785,65.8791,-1700.43,,365944333,Port:2,0,1773324672,218826767,Enabled,0.930147,0.0308572,0.03528,0.364183,-87.475,271.24,-1592.32,0.144963,3,OK,-87.3011,271.309,-1592.33,OK,-129.006,241.292,-1589.59,OK,-130.191,317.57,-1587.06,,365944333,Port:3,0,1773324672,218826767,Missing,,,,,,,,,4,Missing,,,,Missing,,,,Missing,,,,Missing,,,,,365944333,Port:65535,0,1773324672,218826767,Missing,,,,,,,,,1,OK,-40.6227,195.806,-1994.34,,,,,,,,,,,,,,,,,,,,,,,,,,,,
4,,365944336,Port:1,0,1773324672,268826767,50000000,Enabled,0.685988,0.470744,-0.430854,0.34955,-55.2794,117.967,-1692.9,0.189847,4,OK,-55.1262,117.824,-1693.04,OK,-91.4143,87.9899,-1675.31,OK,-78.4062,34.618,-1676.62,OK,-26.6518,66.0218,-1700.63,,365944336,Port:2,0,1773324672,268826767,Enabled,0.930144,0.0309349,0.0352175,0.364192,-87.4706,271.235,-1592.29,0.143086,3,OK,-87.2993,271.305,-1592.3,OK,-129,241.288,-1589.58,OK,-130.186,317.562,-1587.03,,365944336,Port:3,0,1773324672,268826767,Missing,,,,,,,,,4,Missing,,,,Missing,,,,Missing,,,,Missing,,,,,365944336,Port:65535,0,1773324672,268826767,Missing,,,,,,,,,1,OK,-40.6317,195.813,-1994.34,,,,,,,,,,,,,,,,,,,,,,,,,,,,
4,,365944339,Port:1,0,1773324672,318826767,50000000,Enabled,0.685318,0.468612,-0.433584,0.350354,-55.27,118.204,-1693.87,0.189745,4,OK,-55.1389,118.048,-1694.01,OK,-91.6001,88.3607,-1676.45,OK,-78.7306,34.957,-1677.67,OK,-26.731,66.1521,-1701.33,,365944339,Port:2,0,1773324672,318826767,Enabled,0.930143,0.0306396,0.03526,0.364215,-87.4723,271.24,-1592.29,0.138307,3,OK,-87.3054,271.305,-1592.3,OK,-128.994,241.294,-1589.56,OK,-130.193,317.57,-1587.06,,365944339,Port:3,0,1773324672,318826767,Missing,,,,,,,,,4,Missing,,,,Missing,,,,Missing,,,,Missing,,,,,365944339,Port:65535,0,1773324672,318826767,Missing,,,,,,,,,1,OK,-40.6284,195.809,-1994.39,,,,,,,,,,,,,,,,,,,,,,,,,,,,
4,,365944342,Port:1,0,1773324672,368826767,50000000,Enabled,0.685458,0.46768,-0.434942,0.34964,-55.0504,118.241,-1694.29,0.180261,4,OK,-54.9137,118.1,-1694.42,OK,-91.4995,88.4977,-1676.96,OK,-78.8111,35.0583,-1678.13,OK,-26.6645,66.1041,-1701.72,,365944342,Port:2,0,1773324672,368826767,Enabled,0.930061,0.0310745,0.036161,0.364299,-87.478,271.252,-1592.39,0.145029,3,OK,-87.305,271.324,-1592.4,OK,-128.995,241.292,-1589.58,OK,-130.198,317.566,-1587.06,,365944342,Port:3,0,1773324672,368826767,Missing,,,,,,,,,4,Missing,,,,Missing,,,,Missing,,,,Missing,,,,,365944342,Port:65535,0,1773324672,368826767,Missing,,,,,,,,,1,OK,-40.6252,195.797,-1994.33,,,,,,,,,,,,,,,,,,,,,,,,,,,,
4,,365944345,Port:1,0,1773324672,418826767,50000000,Enabled,0.685618,0.467716,-0.433494,0.351074,-55.2162,117.68,-1694.74,0.185855,4,OK,-55.0843,117.536,-1694.89,OK,-91.5625,87.8645,-1677.3,OK,-78.6879,34.4676,-1678.38,OK,-26.6607,65.6083,-1702.07,,365944345,Port:2,0,1773324672,418826767,Enabled,0.930134,0.0309732,0.0352411,0.36421,-87.4708,271.242,-1592.31,0.141628,3,OK,-87.3004,271.31,-1592.33,OK,-128.997,241.295,-1589.6,OK,-130.188,317.566,-1587.05,,365944345,Port:3,0,1773324672,418826767,Missing,,,,,,,,,4,Missing,,,,Missing,,,,Missing,,,,Missing,,,,,365944345,Port:65535,0,1773324672,418826767,Missing,,,,,,,,,1,OK,-40.6384,195.799,-1994.3,,,,,,,,,,,,,,,,,,,,,,,,,,,,
4,,365944348,Port:1,0,1773324672,468826767,50000000,Enabled,0.684121,0.467761,-0.436939,0.349661,-54.6613,117.055,-1694.36,0.192226,4,OK,-54.5226,116.908,-1694.51,OK,-91.2061,87.302,-1677.24,OK,-78.5526,33.8455,-1678.53,OK,-26.2881,64.9193,-1701.82,,365944348,Port:2,0,1773324672,468826767,Enabled,0.93017,0.0303476,0.0352295,0.364173,-87.4763,271.242,-1592.3,0.139563,3,OK,-87.308,271.305,-1592.31,OK,-129.002,241.297,-1589.57,OK,-130.196,317.582,-1587.1,,365944348,Port:3,0,1773324672,468826767,Missing,,,,,,,,,4,Missing,,,,Missing,,,,Missing,,,,Missing,,,,,365944348,Port:65535,0,1773324672,468826767,Missing,,,,,,,,,1,OK,-40.6222,195.809,-1994.32,,,,,,,,,,,,,,,,,,,,,,,,,,,,
4,,365944351,Port:1,0,1773324672,518826767,50000000,Enabled,0.684833,0.468672,-0.436648,0.347404,-53.6526,116.603,-1693.43,0.188724,4,OK,-53.5113,116.457,-1693.58,OK,-90.205,86.8956,-1676.25,OK,-77.6843,33.4242,-1677.71,OK,-25.455,64.4108,-1701.12,,365944351,Port:2,0,1773324672,518826767,Enabled,0.930167,0.0309443,0.0347586,0.364176,-87.4693,271.238,-1592.28,0.143258,3,OK,-87.2948,271.304,-1592.3,OK,-129.003,241.297,-1589.62,OK,-130.189,317.565,-1587.04,,365944351,Port:3,0,1773324672,518826767,Missing,,,,,,,,,4,Missing,,,,Missing,,,,Missing,,,,Missing,,,,,365944351,Port:65535,0,1773324672,518826767,Missing,,,,,,,,,2,OK,-40.6245,195.787,-1994.4,OK,-64.8336,217.886,-2301.59,,,,,,,,,,,,,,,,,,,,,,,,
4,,365944354,Port:1,0,1773324672,568826767,50000000,Enabled,0.684655,0.469803,-0.435552,0.347601,-53.7728,116.068,-1693.11,0.182217,4,OK,-53.6429,115.916,-1693.24,OK,-90.2238,86.2681,-1675.88,OK,-77.5742,32.8233,-1677.4,OK,-25.4482,63.9418,-1700.9,,365944354,Port:2,0,1773324672,568826767,Enabled,0.930138,0.0306548,0.035663,0.364187,-87.4757,271.234,-1592.31,0.14567,3,OK,-87.3008,271.304,-1592.32,OK,-129.004,241.285,-1589.55,OK,-130.192,317.566,-1587.06,,365944354,Port:3,0,1773324672,568826767,Missing,,,,,,,,,4,Missing,,,,Missing,,,,Missing,,,,Missing,,,,,365944354,Port:65535,0,1773324672,568826767,Missing,,,,,,,,,1,OK,-40.6281,195.808,-1994.3,,,,,,,,,,,,,,,,,,,,,,,,,,,,
4,,365944357,Port:1,0,1773324672,618826767,50000000,Enabled,0.683636,0.469567,-0.438001,0.346848,-53.917,116.027,-1693.23,0.170478,4,OK,-53.7784,115.886,-1693.34,OK,-90.5111,86.2669,-1676.26,OK,-78.0126,32.8027,-1677.84,OK,-25.7231,63.848,-1701.09,,365944357,Port:2,0,1773324672,618826767,Enabled,0.930158,0.0307825,0.0350384,0.364185,-87.4708,271.247,-1592.29,0.142307,3,OK,-87.298,271.313,-1592.31,OK,-129.001,241.305,-1589.59,OK,-130.19,317.575,-1587.06,,365944357,Port:3,0,1773324672,618826767,Missing,,,,,,,,,4,Missing,,,,Missing,,,,Missing,,,,Missing,,,,,365944357,Port:65535,0,1773324672,618826767,Missing,,,,,,,,,1,OK,-40.6398,195.81,-1994.24,,,,,,,,,,,,,,,,,,,,,,,,,,,,
4,,365944360,Port:1,0,1773324672,668826767,50000000,Enabled,0.684208,0.468032,-0.438713,0.346894,-54.0191,116.53,-1693.8,0.188414,4,OK,-53.8858,116.39,-1693.95,OK,-90.7134,86.8981,-1676.77,OK,-78.3342,33.3949,-1678.3,OK,-25.9271,64.2611,-1701.47,,365944360,Port:2,0,1773324672,668826767,Enabled,0.930137,0.0309535,0.0352135,0.364207,-87.4718,271.236,-1592.29,0.143444,3,OK,-87.299,271.306,-1592.3,OK,-129.001,241.291,-1589.58,OK,-130.189,317.557,-1587.03,,365944360,Port:3,0,1773324672,668826767,Missing,,,,,,,,,4,Missing,,,,Missing,,,,Missing,,,,Missing,,,,,365944360,Port:65535,0,1773324672,668826767,Missing,,,,,,,,,1,OK,-40.6317,195.808,-1994.41,,,,,,,,,,,,,,,,,,,,,,,,,,,,
4,,365944363,Port:1,0,1773324672,718826767,50000000,Enabled,0.683741,0.46553,-0.442146,0.346824,-54.2592,117.094,-1694.22,0.197614,4,OK,-54.1262,116.944,-1694.39,OK,-91.2074,87.6638,-1677.43,OK,-79.1123,34.0914,-1678.85,OK,-26.3969,64.6884,-1701.67,,365944363,Port:2,0,1773324672,718826767,Enabled,0.930115,0.0308652,0.0355206,0.364242,-87.4714,271.239,-1592.3,0.144632,3,OK,-87.2986,271.311,-1592.32,OK,-128.998,241.288,-1589.56,OK,-130.19,317.558,-1587.04,,365944363,Port:3,0,1773324672,718826767,Missing,,,,,,,,,4,Missing,,,,Missing,,,,Missing,,,,Missing,,,,,365944363,Port:65535,0,1773324672,718826767,Missing,,,,,,,,,1,OK,-40.6432,195.802,-1994.32,,,,,,,,,,,,,,,,,,,,,,,,,,,,
4,,365944366,Port:1,0,1773324672,768826767,50000000,Enabled,0.683298,0.464848,-0.4442,0.345987,-54.3847,117.22,-1694.01,0.181372,4,OK,-54.2497,117.074,-1694.15,OK,-91.4911,87.8874,-1677.4,OK,-79.5533,34.2789,-1678.83,OK,-26.6742,64.7245,-1701.48,,365944366,Port:2,0,1773324672,768826767,Enabled,0.930151,0.0306947,0.0352495,0.36419,-87.4718,271.248,-1592.31,0.144996,3,OK,-87.2954,271.314,-1592.33,OK,-129.002,241.303,-1589.59,OK,-130.193,317.578,-1587.08,,365944366,Port:3,0,1773324672,768826767,Missing,,,,,,,,,4,Missing,,,,Missing,,,,Missing,,,,Missing,,,,,365944366,Port:65535,0,1773324672,768826767,Missing,,,,,,,,,1,OK,-40.6368,195.795,-1994.33,,,,,,,,,,,,,,,,,,,,,,,,,,,,
4,,365944369,Port:1,0,1773324672,818826767,50000000,Enabled,0.683909,0.465777,-0.441341,0.347185,-54.7239,116.509,-1693.98,0.18999,4,OK,-54.5866,116.356,-1694.12,OK,-91.6389,87.0416,-1677.13,OK,-79.4528,33.4893,-1678.5,OK,-26.7747,64.1335,-1701.44,,365944369,Port:2,0,1773324672,818826767,Enabled,0.930187,0.0305013,0.0346766,0.36417,-87.469,271.231,-1592.26,0.141488,3,OK,-87.2961,271.294,-1592.28,OK,-129.001,241.292,-1589.59,OK,-130.193,317.567,-1587.08,,365944369,Port:3,0,1773324672,818826767,Missing,,,,,,,,,4,Missing,,,,Missing,,,,Missing,,,,Missing,,,,,365944369,Port:65535,0,1773324672,818826767,Missing,,,,,,,,,1,OK,-40.6219,195.795,-1994.48,,,,,,,,,,,,,,,,,,,,,,,,,,,,
4,,365944372,Port:1,0,1773324672,868826767,50000000,Enabled,0.682716,0.466891,-0.443105,0.345788,-54.4973,115.639,-1693.53,0.181391,4,OK,-54.3661,115.489,-1693.67,OK,-91.4825,86.1549,-1676.9,OK,-79.3847,32.5862,-1678.51,OK,-26.6347,63.2447,-1701.22,,365944372,Port:2,0,1773324672,868826767,Enabled,0.930167,0.0308319,0.0349579,0.364167,-87.4742,271.238,-1592.3,0.143744,3,OK,-87.2993,271.304,-1592.32,OK,-129.007,241.297,-1589.61,OK,-130.193,317.569,-1587.07,,365944372,Port:3,0,1773324672,868826767,Missing,,,,,,,,,4,Missing,,,,Missing,,,,Missing,,,,Missing,,,,,365944372,Port:65535,0,1773324672,868826767,Missing,,,,,,,,,1,OK,-40.6361,195.794,-1994.29,,,,,,,,,,,,,,,,,,,,,,,,,,,,
4,,365944375,Port:1,0,1773324672,918826767,50000000,Enabled,0.682028,0.467499,-0.444118,0.345025,-54.353,114.588,-1693.14,0.192191,4,OK,-54.2151,114.447,-1693.3,OK,-91.3843,85.0799,-1676.61,OK,-79.3439,31.5162,-1678.39,OK,-26.5284,62.1924,-1700.95,,365944375,Port:2,0,1773324672,918826767,Enabled,0.930161,0.0308168,0.035053,0.364174,-87.4711,271.242,-1592.29,0.141105,3,OK,-87.2993,271.306,-1592.3,OK,-129,241.301,-1589.59,OK,-130.19,317.573,-1587.05,,365944375,Port:3,0,1773324672,918826767,Missing,,,,,,,,,4,Missing,,,,Missing,,,,Missing,,,,Missing,,,,,365944375,Port:65535,0,1773324672,918826767,Missing,,,,,,,,,1,OK,-40.6349,195.81,-1994.33,,,,,,,,,,,,,,,,,,,,,,,,,,,,
4,,365944378,Port:1,0,1773324672,968826767,50000000,Enabled,0.68139,0.468974,-0.444233,0.344133,-54.0107,113.416,-1692.43,0.18963,4,OK,-53.873,113.272,-1692.59,OK,-91.0083,83.8409,-1675.96,OK,-78.9357,30.2834,-1677.95,OK,-26.1891,61.0551,-1700.45,,365944378,Port:2,0,1773324672,968826767,Enabled,0.930121,0.0310647,0.0355966,0.364201,-87.4754,271.236,-1592.33,0.142004,3,OK,-87.305,271.305,-1592.35,OK,-129,241.289,-1589.59,OK,-130.189,317.559,-1587.04,,365944378,Port:3,0,1773324672,968826767,Missing,,,,,,,,,4,Missing,,,,Missing,,,,Missing,,,,Missing,,,,,365944378,Port:65535,0,1773324672,968826767,Missing,,,,,,,,,1,OK,-40.6246,195.818,-1994.47,,,,,,,,,,,,,,,,,,,,,,,,,,,,
4,,365944381,Port:1,0,1773324673,18826768,50000001,Enabled,0.680487,0.470249,-0.443507,0.345115,-54.0455,112.259,-1692.07,0.190002,4,OK,-53.9082,112.111,-1692.22,OK,-90.9208,82.5315,-1675.63,OK,-78.6487,29.012,-1677.68,OK,-26.0407,60.0172,-1700.15,,365944381,Port:2,0,1773324673,18826768,Enabled,0.930165,0.031028,0.0350999,0.364141,-87.4717,271.234,-1592.3,0.143239,3,OK,-87.2963,271.299,-1592.31,OK,-129.005,241.297,-1589.6,OK,-130.187,317.564,-1587.03,,365944381,Port:3,0,1773324673,18826768,Missing,,,,,,,,,4,Missing,,,,Missing,,,,Missing,,,,Missing,,,,,365944381,Port:65535,0,1773324673,18826768,Missing,,,,,,,,,1,OK,-40.6384,195.807,-1994.31,,,,,,,,,,,,,,,,,,,,,,,,,,,,
4,,365944384,Port:1,0,1773324673,68826768,50000000,Enabled,0.680875,0.471042,-0.442905,0.344041,-53.5643,111.718,-1691.71,0.212417,4,OK,-53.4276,111.578,-1691.9,OK,-90.4094,81.9763,-1675.17,OK,-78.1825,28.4636,-1677.39,OK,-25.5886,59.4758,-1699.91,,365944384,Port:2,0,1773324673,68826768,Enabled,0.930095,0.0311277,0.0359694,0.364227,-87.4799,271.254,-1592.37,0.140473,3,OK,-87.3136,271.326,-1592.38,OK,-128.999,241.303,-1589.59,OK,-130.19,317.572,-1587.05,,365944384,Port:3,0,1773324673,68826768,Missing,,,,,,,,,4,Missing,,,,Missing,,,,Missing,,,,Missing,,,,,365944384,Port:65535,0,1773324673,68826768,Missing,,,,,,,,,1,OK,-40.64,195.802,-1994.38,,,,,,,,,,,,,,,,,,,,,,,,,,,,
4,,365944387,Port:1,0,1773324673,118826768,50000000,Enabled,0.680959,0.470903,-0.443305,0.343549,-52.9908,111.691,-1691.79,0.210276,4,OK,-52.8548,111.546,-1691.97,OK,-89.8786,81.9869,-1675.26,OK,-77.7079,28.4701,-1677.5,OK,-25.0783,59.4159,-1700.01,,365944387,Port:2,0,1773324673,118826768,Enabled,0.930128,0.0310362,0.0354109,0.364203,-87.4712,271.241,-1592.33,0.14456,3,OK,-87.296,271.311,-1592.34,OK,-129.001,241.298,-1589.6,OK,-130.188,317.561,-1587.05,,365944387,Port:3,0,1773324673,118826768,Missing,,,,,,,,,4,Missing,,,,Missing,,,,Missing,,,,Missing,,,,,365944387,Port:65535,0,1773324673,118826768,Missing,,,,,,,,,1,OK,-40.6356,195.807,-1994.38,,,,,,,,,,,,,,,,,,,,,,,,,,,,
4,,365944390,Port:1,0,1773324673,168826768,50000000,Enabled,0.681633,0.469309,-0.443974,0.343529,-52.6507,112.129,-1692.21,0.188429,4,OK,-52.5062,111.996,-1692.35,OK,-89.6317,82.5519,-1675.71,OK,-77.6109,28.9861,-1677.72,OK,-24.8604,59.7749,-1700.3,,365944390,Port:2,0,1773324673,168826768,Enabled,0.930134,0.0308574,0.0351423,0.36423,-87.473,271.237,-1592.3,0.140847,3,OK,-87.3009,271.301,-1592.31,OK,-128.998,241.292,-1589.59,OK,-130.197,317.562,-1587.05,,365944390,Port:3,0,1773324673,168826768,Missing,,,,,,,,,4,Missing,,,,Missing,,,,Missing,,,,Missing,,,,,365944390,Port:65535,0,1773324673,168826768,Missing,,,,,,,,,1,OK,-40.6341,195.8,-1994.36,,,,,,,,,,,,,,,,,,,,,,,,,,,,
4,,365944393,Port:1,0,1773324673,218826768,50000000,Enabled,0.68153,0.468945,-0.44499,0.342917,-52.4214,112.558,-1692.3,0.201186,4,OK,-52.2937,112.412,-1692.47,OK,-89.4804,83.0513,-1675.84,OK,-77.5448,29.479,-1677.95,OK,-24.7361,60.1327,-1700.38,,365944393,Port:2,0,1773324673,218826768,Enabled,0.930161,0.030582,0.035241,0.364174,-87.4715,271.245,-1592.31,0.146552,3,OK,-87.2938,271.312,-1592.32,OK,-129.004,241.3,-1589.58,OK,-130.191,317.58,-1587.09,,365944393,Port:3,0,1773324673,218826768,Missing,,,,,,,,,4,Missing,,,,Missing,,,,Missing,,,,Missing,,,,,365944393,Port:65535,0,1773324673,218826768,Missing,,,,,,,,,1,OK,-40.6263,195.816,-1994.34,,,,,,,,,,,,,,,,,,,,,,,,,,,,
4,,365944396,Port:1,0,1773324673,268826768,50000000,Enabled,0.681526,0.46841,-0.445766,0.342646,-52.3504,112.875,-1692.25,0.200013,4,OK,-52.2167,112.743,-1692.42,OK,-89.4585,83.4189,-1675.84,OK,-77.6354,29.8135,-1677.92,OK,-24.7465,60.4192,-1700.29,,365944396,Port:2,0,1773324673,268826768,Enabled,0.930148,0.0308417,0.0352588,0.364185,-87.4723,271.242,-1592.3,0.145466,3,OK,-87.2966,271.31,-1592.31,OK,-129.003,241.295,-1589.58,OK,-130.19,317.573,-1587.04,,365944396,Port:3,0,1773324673,268826768,Missing,,,,,,,,,4,Missing,,,,Missing,,,,Missing,,,,Missing,,,,,365944396,Port:65535,0,1773324673,268826768,Missing,,,,,,,,,1,OK,-40.6375,195.802,-1994.37,,,,,,,,,,,,,,,,,,,,,,,,,,,,
4,,365944399,Port:1,0,1773324673,318826768,50000000,Enabled,0.681406,0.468087,-0.445571,0.343581,-52.6467,112.972,-1692.55,0.190534,4,OK,-52.5132,112.831,-1692.71,OK,-89.7456,83.5069,-1676.15,OK,-77.8272,29.8977,-1678.13,OK,-24.971,60.535,-1700.51,,365944399,Port:2,0,1773324673,318826768,Enabled,0.930128,0.0309331,0.0353632,0.364217,-87.4744,271.242,-1592.32,0.144479,3,OK,-87.3009,271.312,-1592.33,OK,-129.003,241.293,-1589.59,OK,-130.192,317.565,-1587.05,,365944399,Port:3,0,1773324673,318826768,Missing,,,,,,,,,4,Missing,,,,Missing,,,,Missing,,,,Missing,,,,,365944399,Port:65535,0,1773324673,318826768,Missing,,,,,,,,,1,OK,-40.6165,195.802,-1994.37,,,,,,,,,,,,,,,,,,,,,,,,,,,,
4,,365944402,Port:1,0,1773324673,368826768,50000000,Enabled,0.681304,0.468174,-0.446151,0.342911,-52.5783,113.117,-1692.57,0.192712,4,OK,-52.4516,112.961,-1692.72,OK,-89.719,83.6784,-1676.21,OK,-77.8784,30.0694,-1678.25,OK,-24.9545,60.6573,-1700.59,,365944402,Port:2,0,1773324673,368826768,Enabled,0.930141,0.0307061,0.035259,0.364214,-87.4695,271.239,-1592.26,0.143444,3,OK,-87.2974,271.309,-1592.28,OK,-128.998,241.292,-1589.54,OK,-130.188,317.563,-1587.03,,365944402,Port:3,0,1773324673,368826768,Missing,,,,,,,,,4,Missing,,,,Missing,,,,Missing,,,,Missing,,,,,365944402,Port:65535,0,1773324673,368826768,Missing,,,,,,,,,1,OK,-40.6302,195.796,-1994.37,,,,,,,,,,,,,,,,,,,,,,,,,,,,
4,,365944405,Port:1,0,1773324673,418826768,50000000,Enabled,0.68137,0.467556,-0.446402,0.343297,-52.6971,113.188,-1692.75,0.209096,4,OK,-52.5642,113.032,-1692.92,OK,-89.8682,83.7721,-1676.37,OK,-78.0346,30.1708,-1678.39,OK,-25.0863,60.7131,-1700.67,,365944405,Port:2,0,1773324673,418826768,Enabled,0.930134,0.030654,0.0354634,0.364216,-87.4764,271.242,-1592.31,0.140857,3,OK,-87.3047,271.305,-1592.32,OK,-128.999,241.296,-1589.56,OK,-130.199,317.574,-1587.07,,365944405,Port:3,0,1773324673,418826768,Missing,,,,,,,,,4,Missing,,,,Missing,,,,Missing,,,,Missing,,,,,365944405,Port:65535,0,1773324673,418826768,Missing,,,,,,,,,1,OK,-40.6248,195.799,-1994.36,,,,,,,,,,,,,,,,,,,,,,,,,,,,
4,,365944408,Port:1,0,1773324673,468826768,50000000,Enabled,0.68125,0.467753,-0.446129,0.34362,-52.9574,113.017,-1692.83,0.201644,4,OK,-52.8227,112.875,-1693,OK,-90.0921,83.5672,-1676.46,OK,-78.2199,29.9595,-1678.45,OK,-25.3002,60.5679,-1700.75,,365944408,Port:2,0,1773324673,468826768,Enabled,0.930109,0.0312116,0.0357392,0.364207,-87.4739,271.243,-1592.34,0.144819,3,OK,-87.3004,271.315,-1592.35,OK,-129,241.294,-1589.58,OK,-130.186,317.564,-1587.02,,365944408,Port:3,0,1773324673,468826768,Missing,,,,,,,,,4,Missing,,,,Missing,,,,Missing,,,,Missing,,,,,365944408,Port:65535,0,1773324673,468826768,Missing,,,,,,,,,1,OK,-40.6303,195.79,-1994.31,,,,,,,,,,,,,,,,,,,,,,,,,,,,
4,,365944411,Port:1,0,1773324673,518826768,50000000,Enabled,0.680828,0.468331,-0.44552,0.344459,-53.511,112.721,-1692.95,0.202458,4,OK,-53.3673,112.57,-1693.11,OK,-90.5861,83.1678,-1676.58,OK,-78.5738,29.6104,-1678.55,OK,-25.7051,60.3526,-1700.89,,365944411,Port:2,0,1773324673,518826768,Enabled,0.930139,0.030738,0.0354582,0.364196,-87.4733,271.246,-1592.34,0.146423,3,OK,-87.298,271.315,-1592.35,OK,-129.003,241.293,-1589.6,OK,-130.191,317.58,-1587.09,,365944411,Port:3,0,1773324673,518826768,Missing,,,,,,,,,4,Missing,,,,Missing,,,,Missing,,,,Missing,,,,,365944411,Port:65535,0,1773324673,518826768,Missing,,,,,,,,,1,OK,-40.6405,195.814,-1994.32,,,,,,,,,,,,,,,,,,,,,,,,,,,,
4,,365944414,Port:1,0,1773324673,568826768,50000000,Enabled,0.68051,0.468464,-0.444834,0.34579,-53.7478,112.449,-1692.91,0.20316,4,OK,-53.6079,112.311,-1693.09,OK,-90.7419,82.8164,-1676.52,OK,-78.5763,29.2805,-1678.45,OK,-25.8032,60.1377,-1700.77,,365944414,Port:2,0,1773324673,568826768,Enabled,0.930163,0.0308832,0.0343893,0.364225,-87.4691,271.235,-1592.25,0.136723,3,OK,-87.303,271.299,-1592.26,OK,-128.996,241.294,-1589.62,OK,-130.194,317.557,-1587.03,,365944414,Port:3,0,1773324673,568826768,Missing,,,,,,,,,4,Missing,,,,Missing,,,,Missing,,,,Missing,,,,,365944414,Port:65535,0,1773324673,568826768,Missing,,,,,,,,,1,OK,-40.6324,195.803,-1994.45,,,,,,,,,,,,,,,,,,,,,,,,,,,,
4,,365944417,Port:1,0,1773324673,618826768,50000000,Enabled,0.680268,0.469616,-0.445137,0.344311,-53.6491,112.315,-1692.69,0.176286,4,OK,-53.5165,112.159,-1692.81,OK,-90.6594,82.685,-1676.39,OK,-78.5355,29.1325,-1678.42,OK,-25.7702,59.9934,-1700.79,,365944417,Port:2,0,1773324673,618826768,Enabled,0.930132,0.0308458,0.0354287,0.364208,-87.4773,271.247,-1592.34,0.143607,3,OK,-87.3053,271.317,-1592.35,OK,-129.005,241.299,-1589.6,OK,-130.194,317.572,-1587.08,,365944417,Port:3,0,1773324673,618826768,Missing,,,,,,,,,4,Missing,,,,Missing,,,,Missing,,,,Missing,,,,,365944417,Port:65535,0,1773324673,618826768,Missing,,,,,,,,,1,OK,-40.6376,195.808,-1994.32,,,,,,,,,,,,,,,,,,,,,,,,,,,,
4,,365944420,Port:1,0,1773324673,668826768,50000000,Enabled,0.679473,0.469257,-0.4467,0.344345,-53.7718,112.159,-1692.61,0.199756,4,OK,-53.6285,112.01,-1692.77,OK,-90.8597,82.5396,-1676.42,OK,-78.8077,28.9811,-1678.56,OK,-25.9432,59.8256,-1700.67,,365944420,Port:2,0,1773324673,668826768,Enabled,0.930112,0.0311502,0.0356354,0.364214,-87.4737,271.245,-1592.33,0.140961,3,OK,-87.3026,271.312,-1592.34,OK,-128.997,241.301,-1589.58,OK,-130.189,317.565,-1587.02,,365944420,Port:3,0,1773324673,668826768,Missing,,,,,,,,,4,Missing,,,,Missing,,,,Missing,,,,Missing,,,,,365944420,Port:65535,0,1773324673,668826768,Missing,,,,,,,,,1,OK,-40.6169,195.789,-1994.25,,,,,,,,,,,,,,,,,,,,,,,,,,,,
4,,365944423,Port:1,0,1773324673,718826768,50000000,Enabled,0.67965,0.469372,-0.445272,0.345686,-54.049,111.952,-1692.75,0.195031,4,OK,-53.9116,111.808,-1692.91,OK,-91.0235,82.2488,-1676.47,OK,-78.8137,28.7301,-1678.49,OK,-26.059,59.6843,-1700.72,,365944423,Port:2,0,1773324673,718826768,Enabled,0.930112,0.0310328,0.0354722,0.36424,-87.4706,271.244,-1592.33,0.145759,3,OK,-87.2944,271.314,-1592.35,OK,-128.998,241.295,-1589.6,OK,-130.191,317.563,-1587.05,,365944423,Port:3,0,1773324673,718826768,Missing,,,,,,,,,4,Missing,,,,Missing,,,,Missing,,,,Missing,,,,,365944423,Port:65535,0,1773324673,718826768,Missing,,,,,,,,,1,OK,-40.626,195.79,-1994.27,,,,,,,,,,,,,,,,,,,,,,,,,,,,
4,,365944426,Port:1,0,1773324673,768826768,50000000,Enabled,0.679903,0.470235,-0.445214,0.344086,-53.8952,111.97,-1692.55,0.198157,4,OK,-53.7622,111.823,-1692.71,OK,-90.8874,82.29,-1676.24,OK,-78.7627,28.7518,-1678.42,OK,-25.9793,59.6773,-1700.71,,365944426,Port:2,0,1773324673,768826768,Enabled,0.930104,0.0307096,0.035573,0.364276,-87.474,271.242,-1592.32,0.14317,3,OK,-87.2998,271.308,-1592.34,OK,-128.995,241.29,-1589.57,OK,-130.201,317.566,-1587.07,,365944426,Port:3,0,1773324673,768826768,Missing,,,,,,,,,4,Missing,,,,Missing,,,,Missing,,,,Missing,,,,,365944426,Port:65535,0,1773324673,768826768,Missing,,,,,,,,,1,OK,-40.6369,195.803,-1994.23,,,,,,,,,,,,,,,,,,,,,,,,,,,,
4,,365944429,Port:1,0,1773324673,818826768,50000000,Enabled,0.679132,0.46926,-0.446885,0.344773,-53.9918,111.986,-1692.78,0.20514,4,OK,-53.8596,111.835,-1692.96,OK,-91.0627,82.3415,-1676.62,OK,-78.9818,28.8017,-1678.78,OK,-26.1296,59.6638,-1700.8,,365944429,Port:2,0,1773324673,818826768,Enabled,0.930135,0.0308493,0.0355021,0.364192,-87.4757,271.248,-1592.33,0.145068,3,OK,-87.3005,271.316,-1592.34,OK,-129.004,241.301,-1589.59,OK,-130.193,317.577,-1587.07,,365944429,Port:3,0,1773324673,818826768,Missing,,,,,,,,,4,Missing,,,,Missing,,,,Missing,,,,Missing,,,,,365944429,Port:65535,0,1773324673,818826768,Missing,,,,,,,,,1,OK,-40.634,195.812,-1994.39,,,,,,,,,,,,,,,,,,,,,,,,,,,,
4,,365944432,Port:1,0,1773324673,868826768,50000000,Enabled,0.679663,0.469029,-0.446383,0.344693,-54.0535,111.889,-1692.79,0.211923,4,OK,-53.9068,111.751,-1692.97,OK,-91.1173,82.2576,-1676.55,OK,-79.0653,28.71,-1678.66,OK,-26.2018,59.5678,-1700.78,,365944432,Port:2,0,1773324673,868826768,Enabled,0.930109,0.030939,0.0356544,0.364238,-87.4733,271.242,-1592.33,0.143161,3,OK,-87.3015,271.311,-1592.34,OK,-128.996,241.29,-1589.57,OK,-130.192,317.565,-1587.04,,365944432,Port:3,0,1773324673,868826768,Missing,,,,,,,,,4,Missing,,,,Missing,,,,Missing,,,,Missing,,,,,365944432,Port:65535,0,1773324673,868826768,Missing,,,,,,,,,1,OK,-40.6201,195.796,-1994.33,,,,,,,,,,,,,,,,,,,,,,,,,,,,
4,,365944435,Port:1,0,1773324673,918826768,50000000,Enabled,0.678701,0.470031,-0.447359,0.343957,-53.878,111.589,-1692.54,0.199629,4,OK,-53.7402,111.439,-1692.7,OK,-90.9726,81.9264,-1676.45,OK,-78.9149,28.3805,-1678.73,OK,-26.0383,59.2748,-1700.71,,365944435,Port:2,0,1773324673,918826768,Enabled,0.930166,0.0305906,0.034953,0.36419,-87.4721,271.242,-1592.27,0.14123,3,OK,-87.3028,271.311,-1592.29,OK,-129.002,241.298,-1589.58,OK,-130.191,317.572,-1587.07,,365944435,Port:3,0,1773324673,918826768,Missing,,,,,,,,,4,Missing,,,,Missing,,,,Missing,,,,Missing,,,,,365944435,Port:65535,0,1773324673,918826768,Missing,,,,,,,,,1,OK,-40.6304,195.81,-1994.36,,,,,,,,,,,,,,,,,,,,,,,,,,,,
4,,365944438,Port:1,0,1773324673,968826768,50000000,Enabled,0.678721,0.470513,-0.446532,0.344333,-53.888,111.147,-1692.39,0.198837,4,OK,-53.7586,110.996,-1692.56,OK,-90.9015,81.431,-1676.26,OK,-78.7609,27.9009,-1678.54,OK,-25.979,58.8731,-1700.57,,365944438,Port:2,0,1773324673,968826768,Enabled,0.930142,0.0307471,0.0352052,0.364213,-87.4737,271.244,-1592.31,0.143316,3,OK,-87.2998,271.31,-1592.33,OK,-129.001,241.297,-1589.6,OK,-130.196,317.573,-1587.07,,365944438,Port:3,0,1773324673,968826768,Missing,,,,,,,,,4,Missing,,,,Missing,,,,Missing,,,,Missing,,,,,365944438,Port:65535,0,1773324673,968826768,Missing,,,,,,,,,1,OK,-40.6369,195.8,-1994.35,,,,,,,,,,,,,,,,,,,,,,,,,,,,
4,,365944441,Port:1,0,1773324674,18826768,50000000,Enabled,0.678561,0.471538,-0.44503,0.345188,-54.1945,110.653,-1692.22,0.212845,4,OK,-54.0582,110.509,-1692.41,OK,-91.0771,80.7991,-1675.99,OK,-78.7601,27.3136,-1678.31,OK,-26.0961,58.487,-1700.43,,365944441,Port:2,0,1773324674,18826768,Enabled,0.93017,0.0307696,0.0348692,0.364171,-87.4727,271.241,-1592.29,0.143483,3,OK,-87.2991,271.309,-1592.3,OK,-129.006,241.299,-1589.6,OK,-130.191,317.571,-1587.06,,365944441,Port:3,0,1773324674,18826768,Missing,,,,,,,,,4,Missing,,,,Missing,,,,Missing,,,,Missing,,,,,365944441,Port:65535,0,1773324674,18826768,Missing,,,,,,,,,1,OK,-40.6368,195.797,-1994.31,,,,,,,,,,,,,,,,,,,,,,,,,,,,
4,,365944444,Port:1,0,1773324674,68826768,50000000,Enabled,0.678673,0.472029,-0.444334,0.345193,-54.1422,110.552,-1692.13,0.199504,4,OK,-54.0042,110.404,-1692.3,OK,-90.9709,80.6609,-1675.88,OK,-78.6016,27.1836,-1678.18,OK,-26.006,58.418,-1700.4,,365944444,Port:2,0,1773324674,68826768,Enabled,0.930132,0.0308961,0.0356305,0.364183,-87.4757,271.244,-1592.33,0.149041,3,OK,-87.2947,271.313,-1592.35,OK,-129.008,241.297,-1589.58,OK,-130.193,317.574,-1587.06,,365944444,Port:3,0,1773324674,68826768,Missing,,,,,,,,,4,Missing,,,,Missing,,,,Missing,,,,Missing,,,,,365944444,Port:65535,0,1773324674,68826768,Missing,,,,,,,,,1,OK,-40.6302,195.802,-1994.32,,,,,,,,,,,,,,,,,,,,,,,,,,,,
